
============================================================
EXP006-v2  |  ETH  |  WALK-FORWARD
Strategy   : EXP002-v2 (unchanged)
Windows    : 2 × 3-month evaluation periods
============================================================

[OPEN]  SHORT | ts=2025-09-26 04:30:00+00:00 | entry=3943.93 | sl=3962.27 | tp=3907.25 | pct_to_tp=0.93% | pct_to_sl=0.47%
[CLOSE] SHORT | entry=3943.93 | exit=3962.27 | reason=SL | net=-100.00 USD | equity=9900.00 USD
[OPEN]  SHORT | ts=2025-09-26 05:30:00+00:00 | entry=3944.51 | sl=3958.01 | tp=3917.51 | pct_to_tp=0.68% | pct_to_sl=0.34%
[CLOSE] SHORT | entry=3944.51 | exit=3917.51 | reason=TP | net=+198.00 USD | equity=10098.00 USD
[OPEN]  SHORT | ts=2025-09-26 06:45:00+00:00 | entry=3921.14 | sl=3944.23 | tp=3874.96 | pct_to_tp=1.18% | pct_to_sl=0.59%
[CLOSE] SHORT | entry=3921.14 | exit=3944.23 | reason=SL | net=-100.98 USD | equity=9997.02 USD
[OPEN]  SHORT | ts=2025-09-26 07:30:00+00:00 | entry=3908.91 | sl=3930.78 | tp=3865.17 | pct_to_tp=1.12% | pct_to_sl=0.56%
[CLOSE] SHORT | entry=3908.91 | exit=3930.78 | reason=SL | net=-99.97 USD | equity=9897.05 USD
[OPEN]  SHORT | ts=2025-09-26 09:15:00+00:00 | entry=3927.25 | sl=3936.36 | tp=3909.03 | pct_to_tp=0.46% | pct_to_sl=0.23%
[CLOSE] SHORT | entry=3927.25 | exit=3909.03 | reason=TP | net=+197.94 USD | equity=10094.99 USD
[OPEN]  SHORT | ts=2025-09-26 10:00:00+00:00 | entry=3886.97 | sl=3916.27 | tp=3828.37 | pct_to_tp=1.51% | pct_to_sl=0.75%
[CLOSE] SHORT | entry=3886.97 | exit=3916.27 | reason=SL | net=-100.95 USD | equity=9994.04 USD
[OPEN]  SHORT | ts=2025-09-26 13:15:00+00:00 | entry=3915.45 | sl=3930.87 | tp=3884.61 | pct_to_tp=0.79% | pct_to_sl=0.39%
[CLOSE] SHORT | entry=3915.45 | exit=3930.87 | reason=SL | net=-99.94 USD | equity=9894.10 USD
[OPEN]  SHORT | ts=2025-09-26 15:30:00+00:00 | entry=3951.83 | sl=3961.98 | tp=3931.53 | pct_to_tp=0.51% | pct_to_sl=0.26%
[CLOSE] SHORT | entry=3951.83 | exit=3961.98 | reason=SL | net=-98.94 USD | equity=9795.16 USD
[OPEN]  LONG | ts=2025-09-26 17:15:00+00:00 | entry=4025.82 | sl=3990.79 | tp=4095.88 | pct_to_tp=1.74% | pct_to_sl=0.87%
[CLOSE] LONG | entry=4025.82 | exit=3990.79 | reason=SL | net=-97.95 USD | equity=9697.21 USD
[OPEN]  LONG | ts=2025-09-29 08:15:00+00:00 | entry=4121.30 | sl=4108.32 | tp=4147.26 | pct_to_tp=0.63% | pct_to_sl=0.31%
[CLOSE] LONG | entry=4121.30 | exit=4108.32 | reason=SL | net=-96.97 USD | equity=9600.24 USD
[OPEN]  LONG | ts=2025-09-29 12:00:00+00:00 | entry=4110.84 | sl=4098.97 | tp=4134.58 | pct_to_tp=0.58% | pct_to_sl=0.29%
[CLOSE] LONG | entry=4110.84 | exit=4098.97 | reason=SL | net=-96.00 USD | equity=9504.23 USD
[OPEN]  LONG | ts=2025-09-29 13:30:00+00:00 | entry=4147.76 | sl=4105.08 | tp=4233.12 | pct_to_tp=2.06% | pct_to_sl=1.03%
[CLOSE] LONG | entry=4147.76 | exit=4233.12 | reason=TP | net=+190.08 USD | equity=9694.32 USD
[OPEN]  LONG | ts=2025-09-30 09:15:00+00:00 | entry=4170.15 | sl=4153.01 | tp=4204.43 | pct_to_tp=0.82% | pct_to_sl=0.41%
[CLOSE] LONG | entry=4170.15 | exit=4153.01 | reason=SL | net=-96.94 USD | equity=9597.37 USD
[OPEN]  SHORT | ts=2025-09-30 12:45:00+00:00 | entry=4158.42 | sl=4170.40 | tp=4134.46 | pct_to_tp=0.58% | pct_to_sl=0.29%
[CLOSE] SHORT | entry=4158.42 | exit=4170.40 | reason=SL | net=-95.97 USD | equity=9501.40 USD
[OPEN]  LONG | ts=2025-10-01 01:45:00+00:00 | entry=4171.33 | sl=4164.01 | tp=4185.97 | pct_to_tp=0.35% | pct_to_sl=0.18%
[CLOSE] LONG | entry=4171.33 | exit=4164.01 | reason=SL | net=-95.01 USD | equity=9406.39 USD
[OPEN]  LONG | ts=2025-10-02 15:45:00+00:00 | entry=4437.09 | sl=4408.23 | tp=4494.81 | pct_to_tp=1.30% | pct_to_sl=0.65%
[CLOSE] LONG | entry=4437.09 | exit=4494.81 | reason=TP | net=+188.13 USD | equity=9594.51 USD
[OPEN]  LONG | ts=2025-10-03 08:45:00+00:00 | entry=4466.23 | sl=4455.53 | tp=4487.63 | pct_to_tp=0.48% | pct_to_sl=0.24%
[CLOSE] LONG | entry=4466.23 | exit=4487.63 | reason=TP | net=+191.89 USD | equity=9786.41 USD
[OPEN]  LONG | ts=2025-10-03 13:15:00+00:00 | entry=4491.48 | sl=4465.21 | tp=4544.02 | pct_to_tp=1.17% | pct_to_sl=0.58%
[CLOSE] LONG | entry=4491.48 | exit=4465.21 | reason=SL | net=-97.86 USD | equity=9688.54 USD
[OPEN]  LONG | ts=2025-10-03 14:45:00+00:00 | entry=4482.84 | sl=4471.90 | tp=4504.72 | pct_to_tp=0.49% | pct_to_sl=0.24%
[CLOSE] LONG | entry=4482.84 | exit=4471.90 | reason=SL | net=-96.89 USD | equity=9591.66 USD
[OPEN]  LONG | ts=2025-10-03 15:30:00+00:00 | entry=4501.37 | sl=4478.46 | tp=4547.19 | pct_to_tp=1.02% | pct_to_sl=0.51%
[CLOSE] LONG | entry=4501.37 | exit=4547.19 | reason=TP | net=+191.83 USD | equity=9783.49 USD
[OPEN]  LONG | ts=2025-10-03 16:30:00+00:00 | entry=4581.03 | sl=4543.91 | tp=4655.27 | pct_to_tp=1.62% | pct_to_sl=0.81%
[CLOSE] LONG | entry=4581.03 | exit=4543.91 | reason=SL | net=-97.83 USD | equity=9685.65 USD
[OPEN]  LONG | ts=2025-10-03 18:15:00+00:00 | entry=4502.11 | sl=4480.41 | tp=4545.51 | pct_to_tp=0.96% | pct_to_sl=0.48%
[CLOSE] LONG | entry=4502.11 | exit=4480.41 | reason=SL | net=-96.86 USD | equity=9588.80 USD
[OPEN]  LONG | ts=2025-10-04 03:15:00+00:00 | entry=4482.61 | sl=4472.90 | tp=4502.03 | pct_to_tp=0.43% | pct_to_sl=0.22%
[CLOSE] LONG | entry=4482.61 | exit=4502.03 | reason=TP | net=+191.78 USD | equity=9780.57 USD
[OPEN]  SHORT | ts=2025-10-04 05:30:00+00:00 | entry=4496.99 | sl=4501.94 | tp=4487.09 | pct_to_tp=0.22% | pct_to_sl=0.11%
[CLOSE] SHORT | entry=4496.99 | exit=4501.94 | reason=SL | net=-97.81 USD | equity=9682.77 USD
[OPEN]  SHORT | ts=2025-10-04 07:15:00+00:00 | entry=4500.01 | sl=4506.41 | tp=4487.21 | pct_to_tp=0.28% | pct_to_sl=0.14%
[CLOSE] SHORT | entry=4500.01 | exit=4487.21 | reason=TP | net=+193.66 USD | equity=9876.42 USD
[OPEN]  LONG | ts=2025-10-04 10:15:00+00:00 | entry=4502.24 | sl=4494.00 | tp=4518.72 | pct_to_tp=0.37% | pct_to_sl=0.18%
[CLOSE] LONG | entry=4502.24 | exit=4494.00 | reason=SL | net=-98.76 USD | equity=9777.66 USD
[OPEN]  LONG | ts=2025-10-05 00:15:00+00:00 | entry=4492.74 | sl=4482.21 | tp=4513.80 | pct_to_tp=0.47% | pct_to_sl=0.23%
[CLOSE] LONG | entry=4492.74 | exit=4482.21 | reason=SL | net=-97.78 USD | equity=9679.88 USD
[OPEN]  LONG | ts=2025-10-05 02:15:00+00:00 | entry=4492.00 | sl=4480.00 | tp=4516.00 | pct_to_tp=0.53% | pct_to_sl=0.27%
[CLOSE] LONG | entry=4492.00 | exit=4516.00 | reason=TP | net=+193.60 USD | equity=9873.48 USD
[OPEN]  LONG | ts=2025-10-05 02:45:00+00:00 | entry=4548.90 | sl=4518.66 | tp=4609.38 | pct_to_tp=1.33% | pct_to_sl=0.66%
[CLOSE] LONG | entry=4548.90 | exit=4609.38 | reason=TP | net=+197.47 USD | equity=10070.95 USD
[OPEN]  LONG | ts=2025-10-05 11:15:00+00:00 | entry=4548.45 | sl=4537.00 | tp=4571.35 | pct_to_tp=0.50% | pct_to_sl=0.25%
[CLOSE] LONG | entry=4548.45 | exit=4537.00 | reason=SL | net=-100.71 USD | equity=9970.24 USD
[OPEN]  LONG | ts=2025-10-05 14:00:00+00:00 | entry=4548.17 | sl=4538.60 | tp=4567.31 | pct_to_tp=0.42% | pct_to_sl=0.21%
[CLOSE] LONG | entry=4548.17 | exit=4538.60 | reason=SL | net=-99.70 USD | equity=9870.54 USD
[OPEN]  SHORT | ts=2025-10-06 03:30:00+00:00 | entry=4531.34 | sl=4540.12 | tp=4513.78 | pct_to_tp=0.39% | pct_to_sl=0.19%
[CLOSE] SHORT | entry=4531.34 | exit=4540.12 | reason=SL | net=-98.71 USD | equity=9771.83 USD
[OPEN]  LONG | ts=2025-10-06 04:15:00+00:00 | entry=4539.93 | sl=4533.07 | tp=4553.65 | pct_to_tp=0.30% | pct_to_sl=0.15%
[CLOSE] LONG | entry=4539.93 | exit=4533.07 | reason=SL | net=-97.72 USD | equity=9674.11 USD
[OPEN]  LONG | ts=2025-10-06 06:00:00+00:00 | entry=4548.07 | sl=4527.57 | tp=4589.07 | pct_to_tp=0.90% | pct_to_sl=0.45%
[CLOSE] LONG | entry=4548.07 | exit=4589.07 | reason=TP | net=+193.48 USD | equity=9867.60 USD
[OPEN]  LONG | ts=2025-10-07 08:30:00+00:00 | entry=4671.37 | sl=4638.92 | tp=4736.27 | pct_to_tp=1.39% | pct_to_sl=0.69%
[CLOSE] LONG | entry=4671.37 | exit=4736.27 | reason=TP | net=+197.35 USD | equity=10064.95 USD
[OPEN]  SHORT | ts=2025-10-08 11:15:00+00:00 | entry=4493.30 | sl=4504.54 | tp=4470.82 | pct_to_tp=0.50% | pct_to_sl=0.25%
[CLOSE] SHORT | entry=4493.30 | exit=4470.82 | reason=TP | net=+201.30 USD | equity=10266.25 USD
[OPEN]  SHORT | ts=2025-10-08 13:30:00+00:00 | entry=4456.21 | sl=4481.59 | tp=4405.45 | pct_to_tp=1.14% | pct_to_sl=0.57%
[CLOSE] SHORT | entry=4456.21 | exit=4481.59 | reason=SL | net=-102.66 USD | equity=10163.58 USD
[OPEN]  SHORT | ts=2025-10-09 23:00:00+00:00 | entry=4367.65 | sl=4379.24 | tp=4344.47 | pct_to_tp=0.53% | pct_to_sl=0.27%
[CLOSE] SHORT | entry=4367.65 | exit=4379.24 | reason=SL | net=-101.64 USD | equity=10061.95 USD
[OPEN]  SHORT | ts=2025-10-10 00:30:00+00:00 | entry=4377.68 | sl=4384.20 | tp=4364.64 | pct_to_tp=0.30% | pct_to_sl=0.15%
[CLOSE] SHORT | entry=4377.68 | exit=4384.20 | reason=SL | net=-100.62 USD | equity=9961.33 USD
[OPEN]  SHORT | ts=2025-10-10 01:30:00+00:00 | entry=4373.70 | sl=4392.74 | tp=4335.62 | pct_to_tp=0.87% | pct_to_sl=0.44%
[CLOSE] SHORT | entry=4373.70 | exit=4335.62 | reason=TP | net=+199.23 USD | equity=10160.56 USD
[OPEN]  SHORT | ts=2025-10-10 06:15:00+00:00 | entry=4351.61 | sl=4372.20 | tp=4310.43 | pct_to_tp=0.95% | pct_to_sl=0.47%
[CLOSE] SHORT | entry=4351.61 | exit=4372.20 | reason=SL | net=-101.61 USD | equity=10058.95 USD
[OPEN]  SHORT | ts=2025-10-10 13:45:00+00:00 | entry=4356.10 | sl=4378.37 | tp=4311.56 | pct_to_tp=1.02% | pct_to_sl=0.51%
[CLOSE] SHORT | entry=4356.10 | exit=4311.56 | reason=TP | net=+201.18 USD | equity=10260.13 USD
[OPEN]  SHORT | ts=2025-10-10 15:15:00+00:00 | entry=4162.01 | sl=4268.21 | tp=3949.61 | pct_to_tp=5.10% | pct_to_sl=2.55%
[CLOSE] SHORT | entry=4162.01 | exit=3949.61 | reason=TP | net=+205.20 USD | equity=10465.33 USD
[OPEN]  SHORT | ts=2025-10-10 23:45:00+00:00 | entry=3829.72 | sl=3901.14 | tp=3686.88 | pct_to_tp=3.73% | pct_to_sl=1.86%
[CLOSE] SHORT | entry=3829.72 | exit=3686.88 | reason=TP | net=+209.31 USD | equity=10674.64 USD
[OPEN]  LONG | ts=2025-10-12 12:00:00+00:00 | entry=3838.60 | sl=3818.72 | tp=3878.36 | pct_to_tp=1.04% | pct_to_sl=0.52%
[CLOSE] LONG | entry=3838.60 | exit=3818.72 | reason=SL | net=-106.75 USD | equity=10567.89 USD
[OPEN]  LONG | ts=2025-10-12 14:00:00+00:00 | entry=3824.08 | sl=3808.63 | tp=3854.98 | pct_to_tp=0.81% | pct_to_sl=0.40%
[CLOSE] LONG | entry=3824.08 | exit=3854.98 | reason=TP | net=+211.36 USD | equity=10779.25 USD
[OPEN]  LONG | ts=2025-10-12 15:00:00+00:00 | entry=4032.70 | sl=3965.77 | tp=4166.56 | pct_to_tp=3.32% | pct_to_sl=1.66%
[CLOSE] LONG | entry=4032.70 | exit=4166.56 | reason=TP | net=+215.58 USD | equity=10994.83 USD
[OPEN]  LONG | ts=2025-10-13 16:45:00+00:00 | entry=4165.01 | sl=4139.69 | tp=4215.65 | pct_to_tp=1.22% | pct_to_sl=0.61%
[CLOSE] LONG | entry=4165.01 | exit=4215.65 | reason=TP | net=+219.90 USD | equity=11214.73 USD
[OPEN]  LONG | ts=2025-10-14 03:30:00+00:00 | entry=4154.05 | sl=4138.53 | tp=4185.09 | pct_to_tp=0.75% | pct_to_sl=0.37%
[CLOSE] LONG | entry=4154.05 | exit=4138.53 | reason=SL | net=-112.15 USD | equity=11102.58 USD
[OPEN]  LONG | ts=2025-10-14 20:15:00+00:00 | entry=4107.20 | sl=4085.40 | tp=4150.80 | pct_to_tp=1.06% | pct_to_sl=0.53%
[CLOSE] LONG | entry=4107.20 | exit=4085.40 | reason=SL | net=-111.03 USD | equity=10991.56 USD
[OPEN]  LONG | ts=2025-10-15 01:45:00+00:00 | entry=4113.41 | sl=4092.10 | tp=4156.03 | pct_to_tp=1.04% | pct_to_sl=0.52%
[CLOSE] LONG | entry=4113.41 | exit=4092.10 | reason=SL | net=-109.92 USD | equity=10881.64 USD
[OPEN]  LONG | ts=2025-10-15 06:30:00+00:00 | entry=4110.43 | sl=4077.00 | tp=4177.29 | pct_to_tp=1.63% | pct_to_sl=0.81%
[CLOSE] LONG | entry=4110.43 | exit=4177.29 | reason=TP | net=+217.63 USD | equity=11099.28 USD
[OPEN]  SHORT | ts=2025-10-16 03:45:00+00:00 | entry=4014.85 | sl=4028.00 | tp=3988.55 | pct_to_tp=0.66% | pct_to_sl=0.33%
[CLOSE] SHORT | entry=4014.85 | exit=4028.00 | reason=SL | net=-110.99 USD | equity=10988.28 USD
[OPEN]  SHORT | ts=2025-10-16 04:30:00+00:00 | entry=4008.30 | sl=4028.11 | tp=3968.68 | pct_to_tp=0.99% | pct_to_sl=0.49%
[CLOSE] SHORT | entry=4008.30 | exit=4028.11 | reason=SL | net=-109.88 USD | equity=10878.40 USD
[OPEN]  SHORT | ts=2025-10-16 08:15:00+00:00 | entry=3996.02 | sl=4007.13 | tp=3973.80 | pct_to_tp=0.56% | pct_to_sl=0.28%
[CLOSE] SHORT | entry=3996.02 | exit=4007.13 | reason=SL | net=-108.78 USD | equity=10769.62 USD
[OPEN]  SHORT | ts=2025-10-17 02:15:00+00:00 | entry=3902.70 | sl=3915.17 | tp=3877.76 | pct_to_tp=0.64% | pct_to_sl=0.32%
[CLOSE] SHORT | entry=3902.70 | exit=3915.17 | reason=SL | net=-107.70 USD | equity=10661.92 USD
[OPEN]  SHORT | ts=2025-10-17 04:15:00+00:00 | entry=3921.00 | sl=3930.98 | tp=3901.04 | pct_to_tp=0.51% | pct_to_sl=0.25%
[CLOSE] SHORT | entry=3921.00 | exit=3901.04 | reason=TP | net=+213.24 USD | equity=10875.16 USD
[OPEN]  SHORT | ts=2025-10-17 19:30:00+00:00 | entry=3822.00 | sl=3832.93 | tp=3800.14 | pct_to_tp=0.57% | pct_to_sl=0.29%
[CLOSE] SHORT | entry=3822.00 | exit=3832.93 | reason=SL | net=-108.75 USD | equity=10766.41 USD
[OPEN]  LONG | ts=2025-10-18 00:15:00+00:00 | entry=3840.11 | sl=3819.07 | tp=3882.19 | pct_to_tp=1.10% | pct_to_sl=0.55%
[CLOSE] LONG | entry=3840.11 | exit=3882.19 | reason=TP | net=+215.33 USD | equity=10981.73 USD
[OPEN]  LONG | ts=2025-10-18 03:00:00+00:00 | entry=3860.99 | sl=3849.59 | tp=3883.79 | pct_to_tp=0.59% | pct_to_sl=0.30%
[CLOSE] LONG | entry=3860.99 | exit=3849.59 | reason=SL | net=-109.82 USD | equity=10871.92 USD
[OPEN]  LONG | ts=2025-10-18 05:00:00+00:00 | entry=3855.27 | sl=3843.16 | tp=3879.49 | pct_to_tp=0.63% | pct_to_sl=0.31%
[CLOSE] LONG | entry=3855.27 | exit=3879.49 | reason=TP | net=+217.44 USD | equity=11089.36 USD
[OPEN]  LONG | ts=2025-10-20 02:15:00+00:00 | entry=3946.70 | sl=3926.13 | tp=3987.84 | pct_to_tp=1.04% | pct_to_sl=0.52%
[CLOSE] LONG | entry=3946.70 | exit=3987.84 | reason=TP | net=+221.79 USD | equity=11311.14 USD
[OPEN]  LONG | ts=2025-10-20 04:30:00+00:00 | entry=4041.01 | sl=4031.00 | tp=4061.03 | pct_to_tp=0.50% | pct_to_sl=0.25%
[CLOSE] LONG | entry=4041.01 | exit=4061.03 | reason=TP | net=+226.22 USD | equity=11537.37 USD
[OPEN]  LONG | ts=2025-10-20 12:45:00+00:00 | entry=4037.64 | sl=4026.54 | tp=4059.84 | pct_to_tp=0.55% | pct_to_sl=0.27%
[CLOSE] LONG | entry=4037.64 | exit=4026.54 | reason=SL | net=-115.37 USD | equity=11421.99 USD
[OPEN]  SHORT | ts=2025-10-22 14:00:00+00:00 | entry=3841.42 | sl=3874.08 | tp=3776.10 | pct_to_tp=1.70% | pct_to_sl=0.85%
[CLOSE] SHORT | entry=3841.42 | exit=3776.10 | reason=TP | net=+228.44 USD | equity=11650.43 USD
[OPEN]  SHORT | ts=2025-10-23 03:30:00+00:00 | entry=3825.76 | sl=3834.74 | tp=3807.80 | pct_to_tp=0.47% | pct_to_sl=0.23%
[CLOSE] SHORT | entry=3825.76 | exit=3834.74 | reason=SL | net=-116.50 USD | equity=11533.93 USD
[OPEN]  SHORT | ts=2025-10-23 04:45:00+00:00 | entry=3835.92 | sl=3846.48 | tp=3814.80 | pct_to_tp=0.55% | pct_to_sl=0.28%
[CLOSE] SHORT | entry=3835.92 | exit=3846.48 | reason=SL | net=-115.34 USD | equity=11418.59 USD
[OPEN]  LONG | ts=2025-10-24 22:15:00+00:00 | entry=3941.49 | sl=3935.09 | tp=3954.29 | pct_to_tp=0.32% | pct_to_sl=0.16%
[CLOSE] LONG | entry=3941.49 | exit=3935.09 | reason=SL | net=-114.19 USD | equity=11304.40 USD
[OPEN]  LONG | ts=2025-10-25 01:15:00+00:00 | entry=3932.39 | sl=3918.54 | tp=3960.09 | pct_to_tp=0.70% | pct_to_sl=0.35%
[CLOSE] LONG | entry=3932.39 | exit=3960.09 | reason=TP | net=+226.09 USD | equity=11530.49 USD
[OPEN]  LONG | ts=2025-10-25 08:00:00+00:00 | entry=3934.11 | sl=3927.70 | tp=3946.93 | pct_to_tp=0.33% | pct_to_sl=0.16%
[CLOSE] LONG | entry=3934.11 | exit=3946.93 | reason=TP | net=+230.61 USD | equity=11761.10 USD
[OPEN]  LONG | ts=2025-10-25 11:15:00+00:00 | entry=3943.86 | sl=3939.51 | tp=3952.56 | pct_to_tp=0.22% | pct_to_sl=0.11%
[CLOSE] LONG | entry=3943.86 | exit=3952.56 | reason=TP | net=+235.22 USD | equity=11996.32 USD
[OPEN]  LONG | ts=2025-10-25 14:00:00+00:00 | entry=3945.47 | sl=3941.42 | tp=3953.57 | pct_to_tp=0.21% | pct_to_sl=0.10%
[CLOSE] LONG | entry=3945.47 | exit=3941.42 | reason=SL | net=-119.96 USD | equity=11876.36 USD
[OPEN]  LONG | ts=2025-10-25 18:15:00+00:00 | entry=3945.56 | sl=3936.40 | tp=3963.88 | pct_to_tp=0.46% | pct_to_sl=0.23%
[CLOSE] LONG | entry=3945.56 | exit=3963.88 | reason=TP | net=+237.53 USD | equity=12113.89 USD
[OPEN]  LONG | ts=2025-10-25 19:15:00+00:00 | entry=3958.00 | sl=3952.89 | tp=3968.22 | pct_to_tp=0.26% | pct_to_sl=0.13%
[CLOSE] LONG | entry=3958.00 | exit=3952.89 | reason=SL | net=-121.14 USD | equity=11992.75 USD
[OPEN]  LONG | ts=2025-10-25 22:15:00+00:00 | entry=3954.22 | sl=3948.50 | tp=3965.66 | pct_to_tp=0.29% | pct_to_sl=0.14%
[CLOSE] LONG | entry=3954.22 | exit=3948.50 | reason=SL | net=-119.93 USD | equity=11872.82 USD
[OPEN]  LONG | ts=2025-10-26 08:00:00+00:00 | entry=3955.69 | sl=3951.54 | tp=3963.99 | pct_to_tp=0.21% | pct_to_sl=0.10%
[CLOSE] LONG | entry=3955.69 | exit=3951.54 | reason=SL | net=-118.73 USD | equity=11754.09 USD
[OPEN]  LONG | ts=2025-10-26 09:15:00+00:00 | entry=4003.15 | sl=3958.65 | tp=4092.15 | pct_to_tp=2.22% | pct_to_sl=1.11%
[CLOSE] LONG | entry=4003.15 | exit=4092.15 | reason=TP | net=+235.08 USD | equity=11989.17 USD
[OPEN]  LONG | ts=2025-10-27 13:00:00+00:00 | entry=4161.31 | sl=4143.52 | tp=4196.89 | pct_to_tp=0.86% | pct_to_sl=0.43%
[CLOSE] LONG | entry=4161.31 | exit=4143.52 | reason=SL | net=-119.89 USD | equity=11869.28 USD
[OPEN]  LONG | ts=2025-10-27 13:45:00+00:00 | entry=4178.02 | sl=4142.50 | tp=4249.06 | pct_to_tp=1.70% | pct_to_sl=0.85%
[CLOSE] LONG | entry=4178.02 | exit=4142.50 | reason=SL | net=-118.69 USD | equity=11750.59 USD
[OPEN]  LONG | ts=2025-10-27 15:00:00+00:00 | entry=4169.69 | sl=4147.56 | tp=4213.95 | pct_to_tp=1.06% | pct_to_sl=0.53%
[CLOSE] LONG | entry=4169.69 | exit=4213.95 | reason=TP | net=+235.01 USD | equity=11985.60 USD
[OPEN]  LONG | ts=2025-10-27 16:45:00+00:00 | entry=4214.55 | sl=4204.34 | tp=4234.97 | pct_to_tp=0.48% | pct_to_sl=0.24%
[CLOSE] LONG | entry=4214.55 | exit=4204.34 | reason=SL | net=-119.86 USD | equity=11865.74 USD
[OPEN]  SHORT | ts=2025-10-28 03:00:00+00:00 | entry=4073.22 | sl=4100.80 | tp=4018.06 | pct_to_tp=1.35% | pct_to_sl=0.68%
[CLOSE] SHORT | entry=4073.22 | exit=4100.80 | reason=SL | net=-118.66 USD | equity=11747.09 USD
[OPEN]  LONG | ts=2025-10-28 15:00:00+00:00 | entry=4137.40 | sl=4116.80 | tp=4178.60 | pct_to_tp=1.00% | pct_to_sl=0.50%
[CLOSE] LONG | entry=4137.40 | exit=4116.80 | reason=SL | net=-117.47 USD | equity=11629.62 USD
[OPEN]  SHORT | ts=2025-10-28 19:15:00+00:00 | entry=4055.68 | sl=4103.81 | tp=3959.42 | pct_to_tp=2.37% | pct_to_sl=1.19%
[CLOSE] SHORT | entry=4055.68 | exit=3959.42 | reason=TP | net=+232.59 USD | equity=11862.21 USD
[OPEN]  SHORT | ts=2025-10-29 07:00:00+00:00 | entry=4020.98 | sl=4024.68 | tp=4013.58 | pct_to_tp=0.18% | pct_to_sl=0.09%
[CLOSE] SHORT | entry=4020.98 | exit=4024.68 | reason=SL | net=-118.62 USD | equity=11743.59 USD
[OPEN]  SHORT | ts=2025-10-29 07:30:00+00:00 | entry=4015.78 | sl=4030.45 | tp=3986.44 | pct_to_tp=0.73% | pct_to_sl=0.37%
[CLOSE] SHORT | entry=4015.78 | exit=3986.44 | reason=TP | net=+234.87 USD | equity=11978.46 USD
[OPEN]  SHORT | ts=2025-10-29 14:15:00+00:00 | entry=3977.02 | sl=3991.65 | tp=3947.76 | pct_to_tp=0.74% | pct_to_sl=0.37%
[CLOSE] SHORT | entry=3977.02 | exit=3991.65 | reason=SL | net=-119.78 USD | equity=11858.67 USD
[OPEN]  SHORT | ts=2025-10-29 18:00:00+00:00 | entry=3983.13 | sl=4018.46 | tp=3912.47 | pct_to_tp=1.77% | pct_to_sl=0.89%
[CLOSE] SHORT | entry=3983.13 | exit=3912.47 | reason=TP | net=+237.17 USD | equity=12095.85 USD
[OPEN]  SHORT | ts=2025-10-29 19:15:00+00:00 | entry=3929.00 | sl=3953.28 | tp=3880.44 | pct_to_tp=1.24% | pct_to_sl=0.62%
[CLOSE] SHORT | entry=3929.00 | exit=3953.28 | reason=SL | net=-120.96 USD | equity=11974.89 USD
[OPEN]  SHORT | ts=2025-10-30 08:00:00+00:00 | entry=3928.58 | sl=3940.43 | tp=3904.88 | pct_to_tp=0.60% | pct_to_sl=0.30%
[CLOSE] SHORT | entry=3928.58 | exit=3904.88 | reason=TP | net=+239.50 USD | equity=12214.39 USD
[OPEN]  SHORT | ts=2025-10-31 01:30:00+00:00 | entry=3838.22 | sl=3849.18 | tp=3816.30 | pct_to_tp=0.57% | pct_to_sl=0.29%
[CLOSE] SHORT | entry=3838.22 | exit=3849.18 | reason=SL | net=-122.14 USD | equity=12092.24 USD
[OPEN]  LONG | ts=2025-10-31 04:00:00+00:00 | entry=3863.89 | sl=3826.91 | tp=3937.85 | pct_to_tp=1.91% | pct_to_sl=0.96%
[CLOSE] LONG | entry=3863.89 | exit=3826.91 | reason=SL | net=-120.92 USD | equity=11971.32 USD
[OPEN]  LONG | ts=2025-10-31 08:15:00+00:00 | entry=3838.84 | sl=3819.63 | tp=3877.26 | pct_to_tp=1.00% | pct_to_sl=0.50%
[CLOSE] LONG | entry=3838.84 | exit=3877.26 | reason=TP | net=+239.43 USD | equity=12210.75 USD
[OPEN]  LONG | ts=2025-10-31 13:00:00+00:00 | entry=3852.00 | sl=3836.18 | tp=3883.64 | pct_to_tp=0.82% | pct_to_sl=0.41%
[CLOSE] LONG | entry=3852.00 | exit=3836.18 | reason=SL | net=-122.11 USD | equity=12088.64 USD
[OPEN]  LONG | ts=2025-11-01 02:15:00+00:00 | entry=3847.30 | sl=3839.28 | tp=3863.34 | pct_to_tp=0.42% | pct_to_sl=0.21%
[CLOSE] LONG | entry=3847.30 | exit=3839.28 | reason=SL | net=-120.89 USD | equity=11967.75 USD
[OPEN]  LONG | ts=2025-11-01 16:30:00+00:00 | entry=3898.31 | sl=3886.21 | tp=3922.51 | pct_to_tp=0.62% | pct_to_sl=0.31%
[CLOSE] LONG | entry=3898.31 | exit=3886.21 | reason=SL | net=-119.68 USD | equity=11848.08 USD
[OPEN]  LONG | ts=2025-11-02 09:00:00+00:00 | entry=3899.44 | sl=3894.72 | tp=3908.88 | pct_to_tp=0.24% | pct_to_sl=0.12%
[CLOSE] LONG | entry=3899.44 | exit=3894.72 | reason=SL | net=-118.48 USD | equity=11729.59 USD
[OPEN]  SHORT | ts=2025-11-02 19:15:00+00:00 | entry=3850.37 | sl=3861.76 | tp=3827.59 | pct_to_tp=0.59% | pct_to_sl=0.30%
[CLOSE] SHORT | entry=3850.37 | exit=3861.76 | reason=SL | net=-117.30 USD | equity=11612.30 USD
[OPEN]  SHORT | ts=2025-11-02 22:30:00+00:00 | entry=3849.87 | sl=3860.38 | tp=3828.85 | pct_to_tp=0.55% | pct_to_sl=0.27%
[CLOSE] SHORT | entry=3849.87 | exit=3860.38 | reason=SL | net=-116.12 USD | equity=11496.18 USD
[OPEN]  SHORT | ts=2025-11-04 15:30:00+00:00 | entry=3550.36 | sl=3564.02 | tp=3523.04 | pct_to_tp=0.77% | pct_to_sl=0.38%
[CLOSE] SHORT | entry=3550.36 | exit=3523.04 | reason=TP | net=+229.92 USD | equity=11726.10 USD
[OPEN]  SHORT | ts=2025-11-04 16:45:00+00:00 | entry=3429.62 | sl=3466.60 | tp=3355.66 | pct_to_tp=2.16% | pct_to_sl=1.08%
[CLOSE] SHORT | entry=3429.62 | exit=3355.66 | reason=TP | net=+234.52 USD | equity=11960.62 USD
[OPEN]  SHORT | ts=2025-11-05 06:00:00+00:00 | entry=3316.37 | sl=3326.29 | tp=3296.53 | pct_to_tp=0.60% | pct_to_sl=0.30%
[CLOSE] SHORT | entry=3316.37 | exit=3326.29 | reason=SL | net=-119.61 USD | equity=11841.02 USD
[OPEN]  SHORT | ts=2025-11-05 13:00:00+00:00 | entry=3335.06 | sl=3348.83 | tp=3307.52 | pct_to_tp=0.83% | pct_to_sl=0.41%
[CLOSE] SHORT | entry=3335.06 | exit=3348.83 | reason=SL | net=-118.41 USD | equity=11722.60 USD
[OPEN]  LONG | ts=2025-11-05 16:30:00+00:00 | entry=3405.05 | sl=3387.58 | tp=3439.99 | pct_to_tp=1.03% | pct_to_sl=0.51%
[CLOSE] LONG | entry=3405.05 | exit=3439.99 | reason=TP | net=+234.45 USD | equity=11957.06 USD
[OPEN]  LONG | ts=2025-11-06 01:30:00+00:00 | entry=3398.16 | sl=3381.30 | tp=3431.88 | pct_to_tp=0.99% | pct_to_sl=0.50%
[CLOSE] LONG | entry=3398.16 | exit=3431.88 | reason=TP | net=+239.14 USD | equity=12196.20 USD
[OPEN]  SHORT | ts=2025-11-06 09:15:00+00:00 | entry=3386.28 | sl=3394.43 | tp=3369.98 | pct_to_tp=0.48% | pct_to_sl=0.24%
[CLOSE] SHORT | entry=3386.28 | exit=3369.98 | reason=TP | net=+243.92 USD | equity=12440.12 USD
[OPEN]  SHORT | ts=2025-11-06 12:00:00+00:00 | entry=3389.21 | sl=3404.78 | tp=3358.07 | pct_to_tp=0.92% | pct_to_sl=0.46%
[CLOSE] SHORT | entry=3389.21 | exit=3358.07 | reason=TP | net=+248.80 USD | equity=12688.92 USD
[OPEN]  SHORT | ts=2025-11-06 14:30:00+00:00 | entry=3337.84 | sl=3362.89 | tp=3287.74 | pct_to_tp=1.50% | pct_to_sl=0.75%
[CLOSE] SHORT | entry=3337.84 | exit=3362.89 | reason=SL | net=-126.89 USD | equity=12562.04 USD
[OPEN]  SHORT | ts=2025-11-06 15:30:00+00:00 | entry=3299.96 | sl=3344.75 | tp=3210.38 | pct_to_tp=2.71% | pct_to_sl=1.36%
[CLOSE] SHORT | entry=3299.96 | exit=3344.75 | reason=SL | net=-125.62 USD | equity=12436.42 USD
[OPEN]  SHORT | ts=2025-11-07 03:30:00+00:00 | entry=3352.53 | sl=3362.29 | tp=3333.01 | pct_to_tp=0.58% | pct_to_sl=0.29%
[CLOSE] SHORT | entry=3352.53 | exit=3333.01 | reason=TP | net=+248.73 USD | equity=12685.14 USD
[OPEN]  LONG | ts=2025-11-07 07:45:00+00:00 | entry=3358.42 | sl=3347.12 | tp=3381.02 | pct_to_tp=0.67% | pct_to_sl=0.34%
[CLOSE] LONG | entry=3358.42 | exit=3347.12 | reason=SL | net=-126.85 USD | equity=12558.29 USD
[OPEN]  LONG | ts=2025-11-07 08:45:00+00:00 | entry=3342.04 | sl=3334.91 | tp=3356.30 | pct_to_tp=0.43% | pct_to_sl=0.21%
[CLOSE] LONG | entry=3342.04 | exit=3334.91 | reason=SL | net=-125.58 USD | equity=12432.71 USD
[OPEN]  LONG | ts=2025-11-07 09:45:00+00:00 | entry=3301.48 | sl=3290.82 | tp=3322.80 | pct_to_tp=0.65% | pct_to_sl=0.32%
[CLOSE] LONG | entry=3301.48 | exit=3290.82 | reason=SL | net=-124.33 USD | equity=12308.38 USD
[OPEN]  SHORT | ts=2025-11-07 16:00:00+00:00 | entry=3277.15 | sl=3304.55 | tp=3222.35 | pct_to_tp=1.67% | pct_to_sl=0.84%
[CLOSE] SHORT | entry=3277.15 | exit=3304.55 | reason=SL | net=-123.08 USD | equity=12185.30 USD
[OPEN]  LONG | ts=2025-11-09 11:00:00+00:00 | entry=3423.80 | sl=3401.59 | tp=3468.22 | pct_to_tp=1.30% | pct_to_sl=0.65%
[CLOSE] LONG | entry=3423.80 | exit=3468.22 | reason=TP | net=+243.71 USD | equity=12429.00 USD
[OPEN]  SHORT | ts=2025-11-10 20:15:00+00:00 | entry=3566.08 | sl=3577.17 | tp=3543.90 | pct_to_tp=0.62% | pct_to_sl=0.31%
[CLOSE] SHORT | entry=3566.08 | exit=3577.17 | reason=SL | net=-124.29 USD | equity=12304.71 USD
[OPEN]  SHORT | ts=2025-11-10 21:00:00+00:00 | entry=3547.55 | sl=3572.54 | tp=3497.57 | pct_to_tp=1.41% | pct_to_sl=0.70%
[CLOSE] SHORT | entry=3547.55 | exit=3572.54 | reason=SL | net=-123.05 USD | equity=12181.67 USD
[OPEN]  LONG | ts=2025-11-11 02:30:00+00:00 | entry=3630.32 | sl=3592.24 | tp=3706.48 | pct_to_tp=2.10% | pct_to_sl=1.05%
[CLOSE] LONG | entry=3630.32 | exit=3592.24 | reason=SL | net=-121.82 USD | equity=12059.85 USD
[OPEN]  SHORT | ts=2025-11-11 12:15:00+00:00 | entry=3566.04 | sl=3583.92 | tp=3530.28 | pct_to_tp=1.00% | pct_to_sl=0.50%
[CLOSE] SHORT | entry=3566.04 | exit=3530.28 | reason=TP | net=+241.20 USD | equity=12301.05 USD
[OPEN]  SHORT | ts=2025-11-13 03:00:00+00:00 | entry=3401.82 | sl=3435.89 | tp=3333.68 | pct_to_tp=2.00% | pct_to_sl=1.00%
[CLOSE] SHORT | entry=3401.82 | exit=3435.89 | reason=SL | net=-123.01 USD | equity=12178.04 USD
[OPEN]  SHORT | ts=2025-11-14 15:00:00+00:00 | entry=3169.41 | sl=3199.49 | tp=3109.25 | pct_to_tp=1.90% | pct_to_sl=0.95%
[CLOSE] SHORT | entry=3169.41 | exit=3199.49 | reason=SL | net=-121.78 USD | equity=12056.26 USD
[OPEN]  SHORT | ts=2025-11-14 18:30:00+00:00 | entry=3164.92 | sl=3202.51 | tp=3089.74 | pct_to_tp=2.38% | pct_to_sl=1.19%
[CLOSE] SHORT | entry=3164.92 | exit=3202.51 | reason=SL | net=-120.56 USD | equity=11935.69 USD
[OPEN]  SHORT | ts=2025-11-14 19:30:00+00:00 | entry=3190.01 | sl=3210.99 | tp=3148.05 | pct_to_tp=1.32% | pct_to_sl=0.66%
[CLOSE] SHORT | entry=3190.01 | exit=3210.99 | reason=SL | net=-119.36 USD | equity=11816.34 USD
[OPEN]  SHORT | ts=2025-11-14 20:00:00+00:00 | entry=3189.70 | sl=3213.22 | tp=3142.66 | pct_to_tp=1.47% | pct_to_sl=0.74%
[CLOSE] SHORT | entry=3189.70 | exit=3142.66 | reason=TP | net=+236.33 USD | equity=12052.66 USD
[OPEN]  SHORT | ts=2025-11-15 02:00:00+00:00 | entry=3167.17 | sl=3173.54 | tp=3154.43 | pct_to_tp=0.40% | pct_to_sl=0.20%
[CLOSE] SHORT | entry=3167.17 | exit=3173.54 | reason=SL | net=-120.53 USD | equity=11932.14 USD
[OPEN]  SHORT | ts=2025-11-15 04:30:00+00:00 | entry=3163.00 | sl=3173.67 | tp=3141.66 | pct_to_tp=0.67% | pct_to_sl=0.34%
[CLOSE] SHORT | entry=3163.00 | exit=3173.67 | reason=SL | net=-119.32 USD | equity=11812.82 USD
[OPEN]  SHORT | ts=2025-11-15 05:00:00+00:00 | entry=3162.88 | sl=3176.44 | tp=3135.76 | pct_to_tp=0.86% | pct_to_sl=0.43%
[CLOSE] SHORT | entry=3162.88 | exit=3176.44 | reason=SL | net=-118.13 USD | equity=11694.69 USD
[OPEN]  SHORT | ts=2025-11-15 07:30:00+00:00 | entry=3173.34 | sl=3182.42 | tp=3155.18 | pct_to_tp=0.57% | pct_to_sl=0.29%
[CLOSE] SHORT | entry=3173.34 | exit=3155.18 | reason=TP | net=+233.89 USD | equity=11928.58 USD
[OPEN]  SHORT | ts=2025-11-15 11:30:00+00:00 | entry=3159.15 | sl=3166.69 | tp=3144.07 | pct_to_tp=0.48% | pct_to_sl=0.24%
[CLOSE] SHORT | entry=3159.15 | exit=3166.69 | reason=SL | net=-119.29 USD | equity=11809.30 USD
[OPEN]  SHORT | ts=2025-11-15 12:30:00+00:00 | entry=3157.11 | sl=3167.39 | tp=3136.55 | pct_to_tp=0.65% | pct_to_sl=0.33%
[CLOSE] SHORT | entry=3157.11 | exit=3167.39 | reason=SL | net=-118.09 USD | equity=11691.20 USD
[OPEN]  LONG | ts=2025-11-15 16:30:00+00:00 | entry=3179.92 | sl=3167.56 | tp=3204.64 | pct_to_tp=0.78% | pct_to_sl=0.39%
[CLOSE] LONG | entry=3179.92 | exit=3204.64 | reason=TP | net=+233.82 USD | equity=11925.03 USD
[OPEN]  SHORT | ts=2025-11-16 00:15:00+00:00 | entry=3150.06 | sl=3160.22 | tp=3129.74 | pct_to_tp=0.65% | pct_to_sl=0.32%
[CLOSE] SHORT | entry=3150.06 | exit=3160.22 | reason=SL | net=-119.25 USD | equity=11805.78 USD
[OPEN]  SHORT | ts=2025-11-16 00:45:00+00:00 | entry=3152.59 | sl=3163.91 | tp=3129.95 | pct_to_tp=0.72% | pct_to_sl=0.36%
[CLOSE] SHORT | entry=3152.59 | exit=3163.91 | reason=SL | net=-118.06 USD | equity=11687.72 USD
[OPEN]  SHORT | ts=2025-11-16 16:15:00+00:00 | entry=3078.24 | sl=3100.50 | tp=3033.72 | pct_to_tp=1.45% | pct_to_sl=0.72%
[CLOSE] SHORT | entry=3078.24 | exit=3033.72 | reason=TP | net=+233.75 USD | equity=11921.47 USD
[OPEN]  SHORT | ts=2025-11-17 01:30:00+00:00 | entry=3130.07 | sl=3142.50 | tp=3105.21 | pct_to_tp=0.79% | pct_to_sl=0.40%
[CLOSE] SHORT | entry=3130.07 | exit=3142.50 | reason=SL | net=-119.21 USD | equity=11802.26 USD
[OPEN]  SHORT | ts=2025-11-17 16:00:00+00:00 | entry=3079.63 | sl=3122.72 | tp=2993.45 | pct_to_tp=2.80% | pct_to_sl=1.40%
[CLOSE] SHORT | entry=3079.63 | exit=3122.72 | reason=SL | net=-118.02 USD | equity=11684.24 USD
[OPEN]  LONG | ts=2025-11-18 12:30:00+00:00 | entry=3064.38 | sl=3046.53 | tp=3100.08 | pct_to_tp=1.16% | pct_to_sl=0.58%
[CLOSE] LONG | entry=3064.38 | exit=3046.53 | reason=SL | net=-116.84 USD | equity=11567.39 USD
[OPEN]  LONG | ts=2025-11-18 13:45:00+00:00 | entry=3048.34 | sl=3038.46 | tp=3068.10 | pct_to_tp=0.65% | pct_to_sl=0.32%
[CLOSE] LONG | entry=3048.34 | exit=3038.46 | reason=SL | net=-115.67 USD | equity=11451.72 USD
[OPEN]  LONG | ts=2025-11-18 14:15:00+00:00 | entry=3058.18 | sl=3036.61 | tp=3101.32 | pct_to_tp=1.41% | pct_to_sl=0.71%
[CLOSE] LONG | entry=3058.18 | exit=3036.61 | reason=SL | net=-114.52 USD | equity=11337.20 USD
[OPEN]  LONG | ts=2025-11-18 15:15:00+00:00 | entry=3109.23 | sl=3074.00 | tp=3179.69 | pct_to_tp=2.27% | pct_to_sl=1.13%
[CLOSE] LONG | entry=3109.23 | exit=3074.00 | reason=SL | net=-113.37 USD | equity=11223.83 USD
[OPEN]  SHORT | ts=2025-11-19 16:15:00+00:00 | entry=2960.91 | sl=2986.19 | tp=2910.35 | pct_to_tp=1.71% | pct_to_sl=0.85%
[CLOSE] SHORT | entry=2960.91 | exit=2910.35 | reason=TP | net=+224.48 USD | equity=11448.31 USD
[OPEN]  LONG | ts=2025-11-20 10:15:00+00:00 | entry=3017.49 | sl=2999.01 | tp=3054.45 | pct_to_tp=1.22% | pct_to_sl=0.61%
[CLOSE] LONG | entry=3017.49 | exit=2999.01 | reason=SL | net=-114.48 USD | equity=11333.82 USD
[OPEN]  SHORT | ts=2025-11-20 14:00:00+00:00 | entry=2969.54 | sl=3001.00 | tp=2906.62 | pct_to_tp=2.12% | pct_to_sl=1.06%
[CLOSE] SHORT | entry=2969.54 | exit=3001.00 | reason=SL | net=-113.34 USD | equity=11220.49 USD
[OPEN]  SHORT | ts=2025-11-20 15:00:00+00:00 | entry=2973.07 | sl=3003.48 | tp=2912.25 | pct_to_tp=2.05% | pct_to_sl=1.02%
[CLOSE] SHORT | entry=2973.07 | exit=2912.25 | reason=TP | net=+224.41 USD | equity=11444.89 USD
[OPEN]  SHORT | ts=2025-11-21 18:00:00+00:00 | entry=2730.29 | sl=2783.15 | tp=2624.57 | pct_to_tp=3.87% | pct_to_sl=1.94%
[CLOSE] SHORT | entry=2730.29 | exit=2783.15 | reason=SL | net=-114.45 USD | equity=11330.45 USD
[OPEN]  SHORT | ts=2025-11-21 19:30:00+00:00 | entry=2755.93 | sl=2782.20 | tp=2703.39 | pct_to_tp=1.91% | pct_to_sl=0.95%
[CLOSE] SHORT | entry=2755.93 | exit=2782.20 | reason=SL | net=-113.30 USD | equity=11217.14 USD
[OPEN]  SHORT | ts=2025-11-22 02:00:00+00:00 | entry=2761.33 | sl=2777.49 | tp=2729.01 | pct_to_tp=1.17% | pct_to_sl=0.59%
[CLOSE] SHORT | entry=2761.33 | exit=2729.01 | reason=TP | net=+224.34 USD | equity=11441.48 USD
[OPEN]  SHORT | ts=2025-11-22 08:00:00+00:00 | entry=2746.78 | sl=2756.36 | tp=2727.62 | pct_to_tp=0.70% | pct_to_sl=0.35%
[CLOSE] SHORT | entry=2746.78 | exit=2727.62 | reason=TP | net=+228.83 USD | equity=11670.31 USD
[OPEN]  SHORT | ts=2025-11-22 09:15:00+00:00 | entry=2726.93 | sl=2736.75 | tp=2707.29 | pct_to_tp=0.72% | pct_to_sl=0.36%
[CLOSE] SHORT | entry=2726.93 | exit=2736.75 | reason=SL | net=-116.70 USD | equity=11553.61 USD
[OPEN]  SHORT | ts=2025-11-22 15:30:00+00:00 | entry=2730.14 | sl=2748.33 | tp=2693.76 | pct_to_tp=1.33% | pct_to_sl=0.67%
[CLOSE] SHORT | entry=2730.14 | exit=2748.33 | reason=SL | net=-115.54 USD | equity=11438.07 USD
[OPEN]  SHORT | ts=2025-11-22 17:30:00+00:00 | entry=2749.21 | sl=2757.31 | tp=2733.01 | pct_to_tp=0.59% | pct_to_sl=0.29%
[CLOSE] SHORT | entry=2749.21 | exit=2757.31 | reason=SL | net=-114.38 USD | equity=11323.69 USD
[OPEN]  LONG | ts=2025-11-22 20:00:00+00:00 | entry=2755.80 | sl=2750.09 | tp=2767.22 | pct_to_tp=0.41% | pct_to_sl=0.21%
[CLOSE] LONG | entry=2755.80 | exit=2750.09 | reason=SL | net=-113.24 USD | equity=11210.46 USD
[OPEN]  LONG | ts=2025-11-22 21:15:00+00:00 | entry=2746.12 | sl=2739.49 | tp=2759.38 | pct_to_tp=0.48% | pct_to_sl=0.24%
[CLOSE] LONG | entry=2746.12 | exit=2759.38 | reason=TP | net=+224.21 USD | equity=11434.67 USD
[OPEN]  LONG | ts=2025-11-22 22:30:00+00:00 | entry=2768.48 | sl=2757.47 | tp=2790.50 | pct_to_tp=0.80% | pct_to_sl=0.40%
[CLOSE] LONG | entry=2768.48 | exit=2790.50 | reason=TP | net=+228.69 USD | equity=11663.36 USD
[OPEN]  LONG | ts=2025-11-23 08:45:00+00:00 | entry=2811.53 | sl=2803.64 | tp=2827.31 | pct_to_tp=0.56% | pct_to_sl=0.28%
[CLOSE] LONG | entry=2811.53 | exit=2803.64 | reason=SL | net=-116.63 USD | equity=11546.73 USD
[OPEN]  LONG | ts=2025-11-23 20:00:00+00:00 | entry=2830.49 | sl=2821.42 | tp=2848.63 | pct_to_tp=0.64% | pct_to_sl=0.32%
[CLOSE] LONG | entry=2830.49 | exit=2821.42 | reason=SL | net=-115.47 USD | equity=11431.26 USD
[OPEN]  LONG | ts=2025-11-23 22:45:00+00:00 | entry=2838.70 | sl=2830.79 | tp=2854.52 | pct_to_tp=0.56% | pct_to_sl=0.28%
[CLOSE] LONG | entry=2838.70 | exit=2830.79 | reason=SL | net=-114.31 USD | equity=11316.95 USD
[OPEN]  LONG | ts=2025-11-24 02:00:00+00:00 | entry=2859.09 | sl=2804.35 | tp=2968.57 | pct_to_tp=3.83% | pct_to_sl=1.91%
[CLOSE] LONG | entry=2859.09 | exit=2804.35 | reason=SL | net=-113.17 USD | equity=11203.78 USD
[OPEN]  LONG | ts=2025-11-24 05:00:00+00:00 | entry=2879.61 | sl=2822.72 | tp=2993.39 | pct_to_tp=3.95% | pct_to_sl=1.98%
[CLOSE] LONG | entry=2879.61 | exit=2822.72 | reason=SL | net=-112.04 USD | equity=11091.74 USD
[OPEN]  LONG | ts=2025-11-24 16:30:00+00:00 | entry=2864.40 | sl=2846.07 | tp=2901.06 | pct_to_tp=1.28% | pct_to_sl=0.64%
[CLOSE] LONG | entry=2864.40 | exit=2901.06 | reason=TP | net=+221.83 USD | equity=11313.57 USD
[OPEN]  LONG | ts=2025-11-25 04:00:00+00:00 | entry=2924.32 | sl=2910.01 | tp=2952.94 | pct_to_tp=0.98% | pct_to_sl=0.49%
[CLOSE] LONG | entry=2924.32 | exit=2910.01 | reason=SL | net=-113.14 USD | equity=11200.44 USD
[OPEN]  LONG | ts=2025-11-25 21:15:00+00:00 | entry=2937.21 | sl=2928.96 | tp=2953.71 | pct_to_tp=0.56% | pct_to_sl=0.28%
[CLOSE] LONG | entry=2937.21 | exit=2928.96 | reason=SL | net=-112.00 USD | equity=11088.43 USD
[OPEN]  LONG | ts=2025-11-26 04:15:00+00:00 | entry=2935.07 | sl=2923.07 | tp=2959.07 | pct_to_tp=0.82% | pct_to_sl=0.41%
[CLOSE] LONG | entry=2935.07 | exit=2923.07 | reason=SL | net=-110.88 USD | equity=10977.55 USD
[OPEN]  LONG | ts=2025-11-26 18:45:00+00:00 | entry=3034.22 | sl=3015.27 | tp=3072.12 | pct_to_tp=1.25% | pct_to_sl=0.62%
[CLOSE] LONG | entry=3034.22 | exit=3015.27 | reason=SL | net=-109.78 USD | equity=10867.77 USD
[OPEN]  LONG | ts=2025-11-27 23:00:00+00:00 | entry=3019.84 | sl=3010.32 | tp=3038.88 | pct_to_tp=0.63% | pct_to_sl=0.32%
[CLOSE] LONG | entry=3019.84 | exit=3010.32 | reason=SL | net=-108.68 USD | equity=10759.10 USD
[OPEN]  SHORT | ts=2025-11-28 06:00:00+00:00 | entry=3019.25 | sl=3024.47 | tp=3008.81 | pct_to_tp=0.35% | pct_to_sl=0.17%
[CLOSE] SHORT | entry=3019.25 | exit=3008.81 | reason=TP | net=+215.18 USD | equity=10974.28 USD
[OPEN]  LONG | ts=2025-11-28 13:15:00+00:00 | entry=3035.75 | sl=3028.68 | tp=3049.89 | pct_to_tp=0.47% | pct_to_sl=0.23%
[CLOSE] LONG | entry=3035.75 | exit=3049.89 | reason=TP | net=+219.49 USD | equity=11193.76 USD
[OPEN]  LONG | ts=2025-11-28 14:15:00+00:00 | entry=3092.36 | sl=3070.25 | tp=3136.58 | pct_to_tp=1.43% | pct_to_sl=0.71%
[CLOSE] LONG | entry=3092.36 | exit=3070.25 | reason=SL | net=-111.94 USD | equity=11081.83 USD
[OPEN]  LONG | ts=2025-11-28 14:45:00+00:00 | entry=3067.38 | sl=3052.06 | tp=3098.02 | pct_to_tp=1.00% | pct_to_sl=0.50%
[CLOSE] LONG | entry=3067.38 | exit=3052.06 | reason=SL | net=-110.82 USD | equity=10971.01 USD
[OPEN]  LONG | ts=2025-11-28 20:15:00+00:00 | entry=3053.76 | sl=3041.09 | tp=3079.10 | pct_to_tp=0.83% | pct_to_sl=0.41%
[CLOSE] LONG | entry=3053.76 | exit=3041.09 | reason=SL | net=-109.71 USD | equity=10861.30 USD
[OPEN]  LONG | ts=2025-11-28 22:30:00+00:00 | entry=3037.16 | sl=3030.25 | tp=3050.98 | pct_to_tp=0.46% | pct_to_sl=0.23%
[CLOSE] LONG | entry=3037.16 | exit=3030.25 | reason=SL | net=-108.61 USD | equity=10752.68 USD
[OPEN]  SHORT | ts=2025-11-29 01:15:00+00:00 | entry=3039.17 | sl=3052.64 | tp=3012.23 | pct_to_tp=0.89% | pct_to_sl=0.44%
[CLOSE] SHORT | entry=3039.17 | exit=3012.23 | reason=TP | net=+215.05 USD | equity=10967.74 USD
[OPEN]  SHORT | ts=2025-11-29 17:45:00+00:00 | entry=2969.98 | sl=2987.94 | tp=2934.06 | pct_to_tp=1.21% | pct_to_sl=0.60%
[CLOSE] SHORT | entry=2969.98 | exit=2987.94 | reason=SL | net=-109.68 USD | equity=10858.06 USD
[OPEN]  SHORT | ts=2025-11-29 21:00:00+00:00 | entry=2988.37 | sl=2999.17 | tp=2966.77 | pct_to_tp=0.72% | pct_to_sl=0.36%
[CLOSE] SHORT | entry=2988.37 | exit=2999.17 | reason=SL | net=-108.58 USD | equity=10749.48 USD
[OPEN]  SHORT | ts=2025-11-30 02:45:00+00:00 | entry=2990.96 | sl=2998.58 | tp=2975.72 | pct_to_tp=0.51% | pct_to_sl=0.25%
[CLOSE] SHORT | entry=2990.96 | exit=2975.72 | reason=TP | net=+214.99 USD | equity=10964.47 USD
[OPEN]  SHORT | ts=2025-11-30 05:15:00+00:00 | entry=2986.03 | sl=2998.51 | tp=2961.07 | pct_to_tp=0.84% | pct_to_sl=0.42%
[CLOSE] SHORT | entry=2986.03 | exit=2998.51 | reason=SL | net=-109.64 USD | equity=10854.83 USD
[OPEN]  LONG | ts=2025-11-30 22:00:00+00:00 | entry=3031.61 | sl=3022.35 | tp=3050.13 | pct_to_tp=0.61% | pct_to_sl=0.31%
[CLOSE] LONG | entry=3031.61 | exit=3022.35 | reason=SL | net=-108.55 USD | equity=10746.28 USD
[OPEN]  SHORT | ts=2025-12-01 23:45:00+00:00 | entry=2799.07 | sl=2807.47 | tp=2782.27 | pct_to_tp=0.60% | pct_to_sl=0.30%
[CLOSE] SHORT | entry=2799.07 | exit=2807.47 | reason=SL | net=-107.46 USD | equity=10638.81 USD
[OPEN]  SHORT | ts=2025-12-02 01:30:00+00:00 | entry=2797.17 | sl=2807.66 | tp=2776.19 | pct_to_tp=0.75% | pct_to_sl=0.38%
[CLOSE] SHORT | entry=2797.17 | exit=2807.66 | reason=SL | net=-106.39 USD | equity=10532.43 USD
[OPEN]  SHORT | ts=2025-12-02 02:45:00+00:00 | entry=2801.14 | sl=2814.00 | tp=2775.42 | pct_to_tp=0.92% | pct_to_sl=0.46%
[CLOSE] SHORT | entry=2801.14 | exit=2814.00 | reason=SL | net=-105.32 USD | equity=10427.10 USD
[OPEN]  SHORT | ts=2025-12-02 07:15:00+00:00 | entry=2804.74 | sl=2809.88 | tp=2794.46 | pct_to_tp=0.37% | pct_to_sl=0.18%
[CLOSE] SHORT | entry=2804.74 | exit=2794.46 | reason=TP | net=+208.54 USD | equity=10635.64 USD
[OPEN]  SHORT | ts=2025-12-02 08:15:00+00:00 | entry=2788.45 | sl=2796.28 | tp=2772.79 | pct_to_tp=0.56% | pct_to_sl=0.28%
[CLOSE] SHORT | entry=2788.45 | exit=2796.28 | reason=SL | net=-106.36 USD | equity=10529.29 USD
[OPEN]  SHORT | ts=2025-12-02 09:30:00+00:00 | entry=2797.39 | sl=2806.42 | tp=2779.33 | pct_to_tp=0.65% | pct_to_sl=0.32%
[CLOSE] SHORT | entry=2797.39 | exit=2806.42 | reason=SL | net=-105.29 USD | equity=10423.99 USD
[OPEN]  LONG | ts=2025-12-02 11:15:00+00:00 | entry=2829.46 | sl=2816.97 | tp=2854.44 | pct_to_tp=0.88% | pct_to_sl=0.44%
[CLOSE] LONG | entry=2829.46 | exit=2816.97 | reason=SL | net=-104.24 USD | equity=10319.75 USD
[OPEN]  LONG | ts=2025-12-04 13:15:00+00:00 | entry=3185.64 | sl=3164.13 | tp=3228.66 | pct_to_tp=1.35% | pct_to_sl=0.68%
[CLOSE] LONG | entry=3185.64 | exit=3164.13 | reason=SL | net=-103.20 USD | equity=10216.56 USD
[OPEN]  SHORT | ts=2025-12-04 19:00:00+00:00 | entry=3089.81 | sl=3142.25 | tp=2984.93 | pct_to_tp=3.39% | pct_to_sl=1.70%
[CLOSE] SHORT | entry=3089.81 | exit=3142.25 | reason=SL | net=-102.17 USD | equity=10114.39 USD
[OPEN]  SHORT | ts=2025-12-04 23:00:00+00:00 | entry=3136.52 | sl=3144.31 | tp=3120.94 | pct_to_tp=0.50% | pct_to_sl=0.25%
[CLOSE] SHORT | entry=3136.52 | exit=3144.31 | reason=SL | net=-101.14 USD | equity=10013.25 USD
[OPEN]  SHORT | ts=2025-12-05 02:45:00+00:00 | entry=3183.22 | sl=3188.71 | tp=3172.24 | pct_to_tp=0.34% | pct_to_sl=0.17%
[CLOSE] SHORT | entry=3183.22 | exit=3188.71 | reason=SL | net=-100.13 USD | equity=9913.12 USD
[OPEN]  LONG | ts=2025-12-05 06:45:00+00:00 | entry=3169.07 | sl=3162.66 | tp=3181.89 | pct_to_tp=0.40% | pct_to_sl=0.20%
[CLOSE] LONG | entry=3169.07 | exit=3181.89 | reason=TP | net=+198.26 USD | equity=10111.38 USD
[OPEN]  SHORT | ts=2025-12-05 16:00:00+00:00 | entry=3061.03 | sl=3108.73 | tp=2965.63 | pct_to_tp=3.12% | pct_to_sl=1.56%
[CLOSE] SHORT | entry=3061.03 | exit=2965.63 | reason=TP | net=+202.23 USD | equity=10313.60 USD
[OPEN]  SHORT | ts=2025-12-07 16:00:00+00:00 | entry=3006.31 | sl=3027.48 | tp=2963.97 | pct_to_tp=1.41% | pct_to_sl=0.70%
[CLOSE] SHORT | entry=3006.31 | exit=3027.48 | reason=SL | net=-103.14 USD | equity=10210.47 USD
[OPEN]  LONG | ts=2025-12-08 01:00:00+00:00 | entry=3077.72 | sl=3062.74 | tp=3107.68 | pct_to_tp=0.97% | pct_to_sl=0.49%
[CLOSE] LONG | entry=3077.72 | exit=3107.68 | reason=TP | net=+204.21 USD | equity=10414.68 USD
[OPEN]  LONG | ts=2025-12-08 02:45:00+00:00 | entry=3109.77 | sl=3098.12 | tp=3133.07 | pct_to_tp=0.75% | pct_to_sl=0.37%
[CLOSE] LONG | entry=3109.77 | exit=3133.07 | reason=TP | net=+208.29 USD | equity=10622.97 USD
[OPEN]  LONG | ts=2025-12-08 16:15:00+00:00 | entry=3121.21 | sl=3094.02 | tp=3175.59 | pct_to_tp=1.74% | pct_to_sl=0.87%
[CLOSE] LONG | entry=3121.21 | exit=3094.02 | reason=SL | net=-106.23 USD | equity=10516.74 USD
[OPEN]  LONG | ts=2025-12-09 00:00:00+00:00 | entry=3131.00 | sl=3122.01 | tp=3148.98 | pct_to_tp=0.57% | pct_to_sl=0.29%
[CLOSE] LONG | entry=3131.00 | exit=3122.01 | reason=SL | net=-105.17 USD | equity=10411.57 USD
[OPEN]  SHORT | ts=2025-12-09 04:00:00+00:00 | entry=3123.83 | sl=3131.42 | tp=3108.65 | pct_to_tp=0.49% | pct_to_sl=0.24%
[CLOSE] SHORT | entry=3123.83 | exit=3108.65 | reason=TP | net=+208.23 USD | equity=10619.81 USD
[OPEN]  LONG | ts=2025-12-09 15:15:00+00:00 | entry=3155.34 | sl=3120.01 | tp=3226.00 | pct_to_tp=2.24% | pct_to_sl=1.12%
[CLOSE] LONG | entry=3155.34 | exit=3226.00 | reason=TP | net=+212.40 USD | equity=10832.20 USD
[OPEN]  LONG | ts=2025-12-09 16:00:00+00:00 | entry=3292.50 | sl=3245.63 | tp=3386.24 | pct_to_tp=2.85% | pct_to_sl=1.42%
[CLOSE] LONG | entry=3292.50 | exit=3386.24 | reason=TP | net=+216.64 USD | equity=11048.85 USD
[OPEN]  LONG | ts=2025-12-10 15:00:00+00:00 | entry=3335.04 | sl=3315.49 | tp=3374.14 | pct_to_tp=1.17% | pct_to_sl=0.59%
[CLOSE] LONG | entry=3335.04 | exit=3315.49 | reason=SL | net=-110.49 USD | equity=10938.36 USD
[OPEN]  LONG | ts=2025-12-10 16:15:00+00:00 | entry=3357.20 | sl=3337.37 | tp=3396.86 | pct_to_tp=1.18% | pct_to_sl=0.59%
[CLOSE] LONG | entry=3357.20 | exit=3396.86 | reason=TP | net=+218.77 USD | equity=11157.12 USD
[OPEN]  LONG | ts=2025-12-10 22:30:00+00:00 | entry=3347.02 | sl=3327.67 | tp=3385.72 | pct_to_tp=1.16% | pct_to_sl=0.58%
[CLOSE] LONG | entry=3347.02 | exit=3327.67 | reason=SL | net=-111.57 USD | equity=11045.55 USD
[OPEN]  SHORT | ts=2025-12-11 01:00:00+00:00 | entry=3256.68 | sl=3280.06 | tp=3209.92 | pct_to_tp=1.44% | pct_to_sl=0.72%
[CLOSE] SHORT | entry=3256.68 | exit=3209.92 | reason=TP | net=+220.91 USD | equity=11266.46 USD
[OPEN]  SHORT | ts=2025-12-11 19:45:00+00:00 | entry=3194.51 | sl=3221.25 | tp=3141.03 | pct_to_tp=1.67% | pct_to_sl=0.84%
[CLOSE] SHORT | entry=3194.51 | exit=3221.25 | reason=SL | net=-112.66 USD | equity=11153.80 USD
[OPEN]  SHORT | ts=2025-12-11 21:45:00+00:00 | entry=3249.41 | sl=3269.66 | tp=3208.91 | pct_to_tp=1.25% | pct_to_sl=0.62%
[CLOSE] SHORT | entry=3249.41 | exit=3208.91 | reason=TP | net=+223.08 USD | equity=11376.88 USD
[OPEN]  LONG | ts=2025-12-12 06:00:00+00:00 | entry=3264.08 | sl=3245.69 | tp=3300.86 | pct_to_tp=1.13% | pct_to_sl=0.56%
[CLOSE] LONG | entry=3264.08 | exit=3245.69 | reason=SL | net=-113.77 USD | equity=11263.11 USD
[OPEN]  SHORT | ts=2025-12-12 16:30:00+00:00 | entry=3054.80 | sl=3086.55 | tp=2991.30 | pct_to_tp=2.08% | pct_to_sl=1.04%
[CLOSE] SHORT | entry=3054.80 | exit=3086.55 | reason=SL | net=-112.63 USD | equity=11150.48 USD
[OPEN]  SHORT | ts=2025-12-13 09:15:00+00:00 | entry=3114.33 | sl=3119.60 | tp=3103.79 | pct_to_tp=0.34% | pct_to_sl=0.17%
[CLOSE] SHORT | entry=3114.33 | exit=3119.60 | reason=SL | net=-111.50 USD | equity=11038.97 USD
[OPEN]  SHORT | ts=2025-12-13 11:30:00+00:00 | entry=3119.52 | sl=3124.77 | tp=3109.02 | pct_to_tp=0.34% | pct_to_sl=0.17%
[CLOSE] SHORT | entry=3119.52 | exit=3124.77 | reason=SL | net=-110.39 USD | equity=10928.58 USD
[OPEN]  LONG | ts=2025-12-13 12:45:00+00:00 | entry=3115.15 | sl=3109.79 | tp=3125.87 | pct_to_tp=0.34% | pct_to_sl=0.17%
[CLOSE] LONG | entry=3115.15 | exit=3109.79 | reason=SL | net=-109.29 USD | equity=10819.30 USD
[OPEN]  LONG | ts=2025-12-13 13:30:00+00:00 | entry=3106.30 | sl=3095.12 | tp=3128.66 | pct_to_tp=0.72% | pct_to_sl=0.36%
[CLOSE] LONG | entry=3106.30 | exit=3095.12 | reason=SL | net=-108.19 USD | equity=10711.10 USD
[OPEN]  LONG | ts=2025-12-14 01:45:00+00:00 | entry=3119.91 | sl=3116.85 | tp=3126.03 | pct_to_tp=0.20% | pct_to_sl=0.10%
[CLOSE] LONG | entry=3119.91 | exit=3116.85 | reason=SL | net=-107.11 USD | equity=10603.99 USD
[OPEN]  LONG | ts=2025-12-14 05:30:00+00:00 | entry=3113.12 | sl=3105.78 | tp=3127.80 | pct_to_tp=0.47% | pct_to_sl=0.24%
[CLOSE] LONG | entry=3113.12 | exit=3105.78 | reason=SL | net=-106.04 USD | equity=10497.95 USD
[OPEN]  LONG | ts=2025-12-14 07:45:00+00:00 | entry=3115.30 | sl=3110.91 | tp=3124.08 | pct_to_tp=0.28% | pct_to_sl=0.14%
[CLOSE] LONG | entry=3115.30 | exit=3110.91 | reason=SL | net=-104.98 USD | equity=10392.97 USD
[OPEN]  SHORT | ts=2025-12-14 10:00:00+00:00 | entry=3098.70 | sl=3110.93 | tp=3074.24 | pct_to_tp=0.79% | pct_to_sl=0.39%
[CLOSE] SHORT | entry=3098.70 | exit=3110.93 | reason=SL | net=-103.93 USD | equity=10289.04 USD
[OPEN]  SHORT | ts=2025-12-14 11:15:00+00:00 | entry=3093.79 | sl=3103.48 | tp=3074.41 | pct_to_tp=0.63% | pct_to_sl=0.31%
[CLOSE] SHORT | entry=3093.79 | exit=3074.41 | reason=TP | net=+205.78 USD | equity=10494.82 USD
[OPEN]  SHORT | ts=2025-12-14 14:30:00+00:00 | entry=3077.42 | sl=3095.66 | tp=3040.94 | pct_to_tp=1.19% | pct_to_sl=0.59%
[CLOSE] SHORT | entry=3077.42 | exit=3095.66 | reason=SL | net=-104.95 USD | equity=10389.88 USD
[OPEN]  SHORT | ts=2025-12-14 17:00:00+00:00 | entry=3079.85 | sl=3103.94 | tp=3031.67 | pct_to_tp=1.56% | pct_to_sl=0.78%
[CLOSE] SHORT | entry=3079.85 | exit=3103.94 | reason=SL | net=-103.90 USD | equity=10285.98 USD
[OPEN]  SHORT | ts=2025-12-14 19:00:00+00:00 | entry=3092.95 | sl=3101.91 | tp=3075.03 | pct_to_tp=0.58% | pct_to_sl=0.29%
[CLOSE] SHORT | entry=3092.95 | exit=3075.03 | reason=TP | net=+205.72 USD | equity=10491.70 USD
[OPEN]  SHORT | ts=2025-12-14 20:15:00+00:00 | entry=3089.63 | sl=3097.10 | tp=3074.69 | pct_to_tp=0.48% | pct_to_sl=0.24%
[CLOSE] SHORT | entry=3089.63 | exit=3074.69 | reason=TP | net=+209.83 USD | equity=10701.53 USD
[OPEN]  LONG | ts=2025-12-15 14:00:00+00:00 | entry=3138.43 | sl=3130.64 | tp=3154.01 | pct_to_tp=0.50% | pct_to_sl=0.25%
[CLOSE] LONG | entry=3138.43 | exit=3130.64 | reason=SL | net=-107.02 USD | equity=10594.51 USD
[OPEN]  SHORT | ts=2025-12-16 12:15:00+00:00 | entry=2950.13 | sl=2960.60 | tp=2929.19 | pct_to_tp=0.71% | pct_to_sl=0.35%
[CLOSE] SHORT | entry=2950.13 | exit=2960.60 | reason=SL | net=-105.95 USD | equity=10488.57 USD
[OPEN]  SHORT | ts=2025-12-16 13:45:00+00:00 | entry=2910.67 | sl=2939.31 | tp=2853.39 | pct_to_tp=1.97% | pct_to_sl=0.98%
[CLOSE] SHORT | entry=2910.67 | exit=2939.31 | reason=SL | net=-104.89 USD | equity=10383.68 USD
[OPEN]  SHORT | ts=2025-12-16 16:00:00+00:00 | entry=2948.55 | sl=2964.19 | tp=2917.27 | pct_to_tp=1.06% | pct_to_sl=0.53%
[CLOSE] SHORT | entry=2948.55 | exit=2917.27 | reason=TP | net=+207.67 USD | equity=10591.36 USD
[OPEN]  SHORT | ts=2025-12-16 19:00:00+00:00 | entry=2925.56 | sl=2952.32 | tp=2872.04 | pct_to_tp=1.83% | pct_to_sl=0.91%
[CLOSE] SHORT | entry=2925.56 | exit=2952.32 | reason=SL | net=-105.91 USD | equity=10485.44 USD
[OPEN]  SHORT | ts=2025-12-16 20:45:00+00:00 | entry=2947.53 | sl=2963.33 | tp=2915.93 | pct_to_tp=1.07% | pct_to_sl=0.54%
[CLOSE] SHORT | entry=2947.53 | exit=2963.33 | reason=SL | net=-104.85 USD | equity=10380.59 USD
[OPEN]  LONG | ts=2025-12-17 00:45:00+00:00 | entry=2949.68 | sl=2944.66 | tp=2959.72 | pct_to_tp=0.34% | pct_to_sl=0.17%
[CLOSE] LONG | entry=2949.68 | exit=2959.72 | reason=TP | net=+207.61 USD | equity=10588.20 USD
[OPEN]  LONG | ts=2025-12-17 02:30:00+00:00 | entry=2956.13 | sl=2943.01 | tp=2982.37 | pct_to_tp=0.89% | pct_to_sl=0.44%
[CLOSE] LONG | entry=2956.13 | exit=2943.01 | reason=SL | net=-105.88 USD | equity=10482.32 USD
[OPEN]  SHORT | ts=2025-12-17 07:45:00+00:00 | entry=2947.92 | sl=2950.01 | tp=2943.74 | pct_to_tp=0.14% | pct_to_sl=0.07%
[CLOSE] SHORT | entry=2947.92 | exit=2943.74 | reason=TP | net=+209.65 USD | equity=10691.97 USD
[OPEN]  SHORT | ts=2025-12-17 08:15:00+00:00 | entry=2929.99 | sl=2944.04 | tp=2901.89 | pct_to_tp=0.96% | pct_to_sl=0.48%
[CLOSE] SHORT | entry=2929.99 | exit=2944.04 | reason=SL | net=-106.92 USD | equity=10585.05 USD
[OPEN]  SHORT | ts=2025-12-17 16:15:00+00:00 | entry=2848.46 | sl=2885.47 | tp=2774.44 | pct_to_tp=2.60% | pct_to_sl=1.30%
[CLOSE] SHORT | entry=2848.46 | exit=2885.47 | reason=SL | net=-105.85 USD | equity=10479.20 USD
[OPEN]  LONG | ts=2025-12-18 13:30:00+00:00 | entry=2938.03 | sl=2890.93 | tp=3032.23 | pct_to_tp=3.21% | pct_to_sl=1.60%
[CLOSE] LONG | entry=2938.03 | exit=2890.93 | reason=SL | net=-104.79 USD | equity=10374.40 USD
[OPEN]  LONG | ts=2025-12-19 18:00:00+00:00 | entry=2950.00 | sl=2937.67 | tp=2974.66 | pct_to_tp=0.84% | pct_to_sl=0.42%
[CLOSE] LONG | entry=2950.00 | exit=2974.66 | reason=TP | net=+207.49 USD | equity=10581.89 USD
[OPEN]  LONG | ts=2025-12-19 19:00:00+00:00 | entry=2971.50 | sl=2966.32 | tp=2981.86 | pct_to_tp=0.35% | pct_to_sl=0.17%
[CLOSE] LONG | entry=2971.50 | exit=2981.86 | reason=TP | net=+211.64 USD | equity=10793.53 USD
[OPEN]  LONG | ts=2025-12-19 19:30:00+00:00 | entry=2992.08 | sl=2977.19 | tp=3021.86 | pct_to_tp=1.00% | pct_to_sl=0.50%
[CLOSE] LONG | entry=2992.08 | exit=2977.19 | reason=SL | net=-107.94 USD | equity=10685.59 USD
[OPEN]  LONG | ts=2025-12-20 08:15:00+00:00 | entry=2989.02 | sl=2983.62 | tp=2999.82 | pct_to_tp=0.36% | pct_to_sl=0.18%
[CLOSE] LONG | entry=2989.02 | exit=2983.62 | reason=SL | net=-106.86 USD | equity=10578.74 USD
[OPEN]  LONG | ts=2025-12-20 11:15:00+00:00 | entry=2986.92 | sl=2977.01 | tp=3006.74 | pct_to_tp=0.66% | pct_to_sl=0.33%
[CLOSE] LONG | entry=2986.92 | exit=2977.01 | reason=SL | net=-105.79 USD | equity=10472.95 USD
[OPEN]  LONG | ts=2025-12-20 14:15:00+00:00 | entry=2975.60 | sl=2972.07 | tp=2982.66 | pct_to_tp=0.24% | pct_to_sl=0.12%
[CLOSE] LONG | entry=2975.60 | exit=2972.07 | reason=SL | net=-104.73 USD | equity=10368.22 USD
[OPEN]  LONG | ts=2025-12-20 15:30:00+00:00 | entry=2976.67 | sl=2974.13 | tp=2981.75 | pct_to_tp=0.17% | pct_to_sl=0.09%
[CLOSE] LONG | entry=2976.67 | exit=2981.75 | reason=TP | net=+207.36 USD | equity=10575.59 USD
[OPEN]  LONG | ts=2025-12-20 22:30:00+00:00 | entry=2977.36 | sl=2974.62 | tp=2982.84 | pct_to_tp=0.18% | pct_to_sl=0.09%
[CLOSE] LONG | entry=2977.36 | exit=2974.62 | reason=SL | net=-105.76 USD | equity=10469.83 USD
[OPEN]  LONG | ts=2025-12-20 23:45:00+00:00 | entry=2977.93 | sl=2975.15 | tp=2983.49 | pct_to_tp=0.19% | pct_to_sl=0.09%
[CLOSE] LONG | entry=2977.93 | exit=2975.15 | reason=SL | net=-104.70 USD | equity=10365.13 USD
[OPEN]  LONG | ts=2025-12-21 08:15:00+00:00 | entry=2984.52 | sl=2979.00 | tp=2995.56 | pct_to_tp=0.37% | pct_to_sl=0.18%
[CLOSE] LONG | entry=2984.52 | exit=2995.56 | reason=TP | net=+207.30 USD | equity=10572.43 USD
[OPEN]  LONG | ts=2025-12-21 22:45:00+00:00 | entry=2996.32 | sl=2989.16 | tp=3010.64 | pct_to_tp=0.48% | pct_to_sl=0.24%
[CLOSE] LONG | entry=2996.32 | exit=3010.64 | reason=TP | net=+211.45 USD | equity=10783.88 USD
[OPEN]  LONG | ts=2025-12-22 03:15:00+00:00 | entry=3027.02 | sl=3014.28 | tp=3052.50 | pct_to_tp=0.84% | pct_to_sl=0.42%
[CLOSE] LONG | entry=3027.02 | exit=3052.50 | reason=TP | net=+215.68 USD | equity=10999.56 USD
[OPEN]  SHORT | ts=2025-12-23 17:45:00+00:00 | entry=2910.96 | sl=2939.90 | tp=2853.08 | pct_to_tp=1.99% | pct_to_sl=0.99%
[CLOSE] SHORT | entry=2910.96 | exit=2939.90 | reason=SL | net=-110.00 USD | equity=10889.57 USD
[OPEN]  SHORT | ts=2025-12-24 05:30:00+00:00 | entry=2923.67 | sl=2937.27 | tp=2896.47 | pct_to_tp=0.93% | pct_to_sl=0.47%
[CLOSE] SHORT | entry=2923.67 | exit=2937.27 | reason=SL | net=-108.90 USD | equity=10780.67 USD
[OPEN]  SHORT | ts=2025-12-24 13:00:00+00:00 | entry=2931.09 | sl=2937.26 | tp=2918.75 | pct_to_tp=0.42% | pct_to_sl=0.21%
[CLOSE] SHORT | entry=2931.09 | exit=2918.75 | reason=TP | net=+215.61 USD | equity=10996.28 USD
[OPEN]  SHORT | ts=2025-12-25 08:15:00+00:00 | entry=2923.37 | sl=2938.35 | tp=2893.41 | pct_to_tp=1.02% | pct_to_sl=0.51%
[CLOSE] SHORT | entry=2923.37 | exit=2938.35 | reason=SL | net=-109.96 USD | equity=10886.32 USD
[OPEN]  SHORT | ts=2025-12-25 14:15:00+00:00 | entry=2924.48 | sl=2934.14 | tp=2905.16 | pct_to_tp=0.66% | pct_to_sl=0.33%
[CLOSE] SHORT | entry=2924.48 | exit=2934.14 | reason=SL | net=-108.86 USD | equity=10777.46 USD
[OPEN]  LONG | ts=2025-12-26 08:45:00+00:00 | entry=2964.54 | sl=2957.92 | tp=2977.78 | pct_to_tp=0.45% | pct_to_sl=0.22%
[CLOSE] LONG | entry=2964.54 | exit=2977.78 | reason=TP | net=+215.55 USD | equity=10993.01 USD
[OPEN]  SHORT | ts=2025-12-26 21:30:00+00:00 | entry=2928.33 | sl=2932.55 | tp=2919.89 | pct_to_tp=0.29% | pct_to_sl=0.14%
[CLOSE] SHORT | entry=2928.33 | exit=2932.55 | reason=SL | net=-109.93 USD | equity=10883.08 USD
[OPEN]  SHORT | ts=2025-12-27 00:45:00+00:00 | entry=2927.45 | sl=2929.05 | tp=2924.25 | pct_to_tp=0.11% | pct_to_sl=0.05%
[CLOSE] SHORT | entry=2927.45 | exit=2924.25 | reason=TP | net=+217.66 USD | equity=11100.74 USD
[OPEN]  SHORT | ts=2025-12-27 16:15:00+00:00 | entry=2921.57 | sl=2926.51 | tp=2911.69 | pct_to_tp=0.34% | pct_to_sl=0.17%
[CLOSE] SHORT | entry=2921.57 | exit=2926.51 | reason=SL | net=-111.01 USD | equity=10989.73 USD
[OPEN]  LONG | ts=2025-12-29 01:30:00+00:00 | entry=2977.67 | sl=2958.31 | tp=3016.39 | pct_to_tp=1.30% | pct_to_sl=0.65%
[CLOSE] LONG | entry=2977.67 | exit=3016.39 | reason=TP | net=+219.79 USD | equity=11209.52 USD
[OPEN]  SHORT | ts=2025-12-29 23:15:00+00:00 | entry=2934.04 | sl=2944.24 | tp=2913.64 | pct_to_tp=0.70% | pct_to_sl=0.35%
[CLOSE] SHORT | entry=2934.04 | exit=2944.24 | reason=SL | net=-112.10 USD | equity=11097.43 USD
[OPEN]  LONG | ts=2025-12-30 16:15:00+00:00 | entry=2991.56 | sl=2980.20 | tp=3014.28 | pct_to_tp=0.76% | pct_to_sl=0.38%
[CLOSE] LONG | entry=2991.56 | exit=2980.20 | reason=SL | net=-110.97 USD | equity=10986.46 USD
[OPEN]  LONG | ts=2025-12-31 11:15:00+00:00 | entry=2991.15 | sl=2985.06 | tp=3003.33 | pct_to_tp=0.41% | pct_to_sl=0.20%
[CLOSE] LONG | entry=2991.15 | exit=3003.33 | reason=TP | net=+219.73 USD | equity=11206.18 USD
[OPEN]  LONG | ts=2026-01-01 19:30:00+00:00 | entry=2993.78 | sl=2987.78 | tp=3005.78 | pct_to_tp=0.40% | pct_to_sl=0.20%
[CLOSE] LONG | entry=2993.78 | exit=2987.78 | reason=SL | net=-112.06 USD | equity=11094.12 USD
[OPEN]  LONG | ts=2026-01-01 22:45:00+00:00 | entry=2999.30 | sl=2991.25 | tp=3015.40 | pct_to_tp=0.54% | pct_to_sl=0.27%
[CLOSE] LONG | entry=2999.30 | exit=2991.25 | reason=SL | net=-110.94 USD | equity=10983.18 USD
[OPEN]  LONG | ts=2026-01-01 23:15:00+00:00 | entry=3004.89 | sl=2997.54 | tp=3019.59 | pct_to_tp=0.49% | pct_to_sl=0.24%
[CLOSE] LONG | entry=3004.89 | exit=2997.54 | reason=SL | net=-109.83 USD | equity=10873.35 USD
[OPEN]  LONG | ts=2026-01-02 00:45:00+00:00 | entry=3006.14 | sl=2999.02 | tp=3020.38 | pct_to_tp=0.47% | pct_to_sl=0.24%
[CLOSE] LONG | entry=3006.14 | exit=2999.02 | reason=SL | net=-108.73 USD | equity=10764.62 USD
[OPEN]  LONG | ts=2026-01-02 03:00:00+00:00 | entry=3015.92 | sl=3000.00 | tp=3047.76 | pct_to_tp=1.06% | pct_to_sl=0.53%
[CLOSE] LONG | entry=3015.92 | exit=3047.76 | reason=TP | net=+215.29 USD | equity=10979.91 USD
[OPEN]  LONG | ts=2026-01-02 15:30:00+00:00 | entry=3095.45 | sl=3068.57 | tp=3149.21 | pct_to_tp=1.74% | pct_to_sl=0.87%
[CLOSE] LONG | entry=3095.45 | exit=3149.21 | reason=TP | net=+219.60 USD | equity=11199.51 USD
[OPEN]  LONG | ts=2026-01-03 08:15:00+00:00 | entry=3100.23 | sl=3090.56 | tp=3119.57 | pct_to_tp=0.62% | pct_to_sl=0.31%
[CLOSE] LONG | entry=3100.23 | exit=3119.57 | reason=TP | net=+223.99 USD | equity=11423.50 USD
[OPEN]  LONG | ts=2026-01-03 22:15:00+00:00 | entry=3120.08 | sl=3113.93 | tp=3132.38 | pct_to_tp=0.39% | pct_to_sl=0.20%
[CLOSE] LONG | entry=3120.08 | exit=3132.38 | reason=TP | net=+228.47 USD | equity=11651.97 USD
[OPEN]  LONG | ts=2026-01-04 08:30:00+00:00 | entry=3138.52 | sl=3133.00 | tp=3149.56 | pct_to_tp=0.35% | pct_to_sl=0.18%
[CLOSE] LONG | entry=3138.52 | exit=3133.00 | reason=SL | net=-116.52 USD | equity=11535.45 USD
[OPEN]  LONG | ts=2026-01-04 13:45:00+00:00 | entry=3140.76 | sl=3137.49 | tp=3147.30 | pct_to_tp=0.21% | pct_to_sl=0.10%
[CLOSE] LONG | entry=3140.76 | exit=3137.49 | reason=SL | net=-115.35 USD | equity=11420.09 USD
[OPEN]  LONG | ts=2026-01-04 16:45:00+00:00 | entry=3139.11 | sl=3136.11 | tp=3145.11 | pct_to_tp=0.19% | pct_to_sl=0.10%
[CLOSE] LONG | entry=3139.11 | exit=3136.11 | reason=SL | net=-114.20 USD | equity=11305.89 USD
[OPEN]  LONG | ts=2026-01-04 19:45:00+00:00 | entry=3132.72 | sl=3128.73 | tp=3140.70 | pct_to_tp=0.25% | pct_to_sl=0.13%
[CLOSE] LONG | entry=3132.72 | exit=3140.70 | reason=TP | net=+226.12 USD | equity=11532.01 USD
[OPEN]  LONG | ts=2026-01-04 20:45:00+00:00 | entry=3142.09 | sl=3138.14 | tp=3149.99 | pct_to_tp=0.25% | pct_to_sl=0.13%
[CLOSE] LONG | entry=3142.09 | exit=3149.99 | reason=TP | net=+230.64 USD | equity=11762.65 USD
[OPEN]  LONG | ts=2026-01-04 21:45:00+00:00 | entry=3145.44 | sl=3137.75 | tp=3160.82 | pct_to_tp=0.49% | pct_to_sl=0.24%
[CLOSE] LONG | entry=3145.44 | exit=3137.75 | reason=SL | net=-117.63 USD | equity=11645.02 USD
[OPEN]  LONG | ts=2026-01-05 01:00:00+00:00 | entry=3190.28 | sl=3163.12 | tp=3244.60 | pct_to_tp=1.70% | pct_to_sl=0.85%
[CLOSE] LONG | entry=3190.28 | exit=3163.12 | reason=SL | net=-116.45 USD | equity=11528.57 USD
[OPEN]  LONG | ts=2026-01-05 05:15:00+00:00 | entry=3166.57 | sl=3162.07 | tp=3175.57 | pct_to_tp=0.28% | pct_to_sl=0.14%
[CLOSE] LONG | entry=3166.57 | exit=3162.07 | reason=SL | net=-115.29 USD | equity=11413.29 USD
[OPEN]  LONG | ts=2026-01-05 08:00:00+00:00 | entry=3164.71 | sl=3155.73 | tp=3182.67 | pct_to_tp=0.57% | pct_to_sl=0.28%
[CLOSE] LONG | entry=3164.71 | exit=3155.73 | reason=SL | net=-114.13 USD | equity=11299.15 USD
[OPEN]  LONG | ts=2026-01-05 09:15:00+00:00 | entry=3162.32 | sl=3153.12 | tp=3180.72 | pct_to_tp=0.58% | pct_to_sl=0.29%
[CLOSE] LONG | entry=3162.32 | exit=3180.72 | reason=TP | net=+225.98 USD | equity=11525.14 USD
[OPEN]  LONG | ts=2026-01-05 15:30:00+00:00 | entry=3192.92 | sl=3162.89 | tp=3252.98 | pct_to_tp=1.88% | pct_to_sl=0.94%
[CLOSE] LONG | entry=3192.92 | exit=3162.89 | reason=SL | net=-115.25 USD | equity=11409.89 USD
[OPEN]  LONG | ts=2026-01-05 17:30:00+00:00 | entry=3187.43 | sl=3166.17 | tp=3229.95 | pct_to_tp=1.33% | pct_to_sl=0.67%
[CLOSE] LONG | entry=3187.43 | exit=3229.95 | reason=TP | net=+228.20 USD | equity=11638.08 USD
[OPEN]  LONG | ts=2026-01-05 18:45:00+00:00 | entry=3228.30 | sl=3201.35 | tp=3282.20 | pct_to_tp=1.67% | pct_to_sl=0.83%
[CLOSE] LONG | entry=3228.30 | exit=3282.20 | reason=TP | net=+232.76 USD | equity=11870.85 USD
[OPEN]  LONG | ts=2026-01-06 20:00:00+00:00 | entry=3236.64 | sl=3223.11 | tp=3263.70 | pct_to_tp=0.84% | pct_to_sl=0.42%
[CLOSE] LONG | entry=3236.64 | exit=3263.70 | reason=TP | net=+237.42 USD | equity=12108.26 USD
[OPEN]  SHORT | ts=2026-01-06 21:45:00+00:00 | entry=3276.18 | sl=3293.65 | tp=3241.24 | pct_to_tp=1.07% | pct_to_sl=0.53%
[CLOSE] SHORT | entry=3276.18 | exit=3293.65 | reason=SL | net=-121.08 USD | equity=11987.18 USD
[OPEN]  LONG | ts=2026-01-07 02:30:00+00:00 | entry=3264.99 | sl=3247.10 | tp=3300.77 | pct_to_tp=1.10% | pct_to_sl=0.55%
[CLOSE] LONG | entry=3264.99 | exit=3247.10 | reason=SL | net=-119.87 USD | equity=11867.31 USD
[OPEN]  LONG | ts=2026-01-07 06:00:00+00:00 | entry=3252.32 | sl=3247.81 | tp=3261.34 | pct_to_tp=0.28% | pct_to_sl=0.14%
[CLOSE] LONG | entry=3252.32 | exit=3261.34 | reason=TP | net=+237.35 USD | equity=12104.65 USD
[OPEN]  SHORT | ts=2026-01-08 00:15:00+00:00 | entry=3157.80 | sl=3162.31 | tp=3148.78 | pct_to_tp=0.29% | pct_to_sl=0.14%
[CLOSE] SHORT | entry=3157.80 | exit=3162.31 | reason=SL | net=-121.05 USD | equity=11983.61 USD
[OPEN]  SHORT | ts=2026-01-08 02:30:00+00:00 | entry=3155.44 | sl=3169.45 | tp=3127.42 | pct_to_tp=0.89% | pct_to_sl=0.44%
[CLOSE] SHORT | entry=3155.44 | exit=3127.42 | reason=TP | net=+239.67 USD | equity=12223.28 USD
[OPEN]  SHORT | ts=2026-01-08 17:15:00+00:00 | entry=3112.99 | sl=3125.29 | tp=3088.39 | pct_to_tp=0.79% | pct_to_sl=0.40%
[CLOSE] SHORT | entry=3112.99 | exit=3125.29 | reason=SL | net=-122.23 USD | equity=12101.05 USD
[OPEN]  SHORT | ts=2026-01-08 18:00:00+00:00 | entry=3123.87 | sl=3135.50 | tp=3100.61 | pct_to_tp=0.74% | pct_to_sl=0.37%
[CLOSE] SHORT | entry=3123.87 | exit=3100.61 | reason=TP | net=+242.02 USD | equity=12343.07 USD
[OPEN]  SHORT | ts=2026-01-08 22:15:00+00:00 | entry=3122.14 | sl=3126.44 | tp=3113.54 | pct_to_tp=0.28% | pct_to_sl=0.14%
[CLOSE] SHORT | entry=3122.14 | exit=3113.54 | reason=TP | net=+246.86 USD | equity=12589.93 USD
[OPEN]  SHORT | ts=2026-01-08 23:30:00+00:00 | entry=3108.99 | sl=3119.06 | tp=3088.85 | pct_to_tp=0.65% | pct_to_sl=0.32%
[CLOSE] SHORT | entry=3108.99 | exit=3119.06 | reason=SL | net=-125.90 USD | equity=12464.03 USD
[OPEN]  SHORT | ts=2026-01-09 01:30:00+00:00 | entry=3098.99 | sl=3148.41 | tp=3000.15 | pct_to_tp=3.19% | pct_to_sl=1.59%
[CLOSE] SHORT | entry=3098.99 | exit=3148.41 | reason=SL | net=-124.64 USD | equity=12339.39 USD
[OPEN]  LONG | ts=2026-01-12 03:00:00+00:00 | entry=3169.38 | sl=3153.59 | tp=3200.96 | pct_to_tp=1.00% | pct_to_sl=0.50%
[CLOSE] LONG | entry=3169.38 | exit=3153.59 | reason=SL | net=-123.39 USD | equity=12216.00 USD
[OPEN]  SHORT | ts=2026-01-13 01:30:00+00:00 | entry=3093.52 | sl=3103.06 | tp=3074.44 | pct_to_tp=0.62% | pct_to_sl=0.31%
[CLOSE] SHORT | entry=3093.52 | exit=3103.06 | reason=SL | net=-122.16 USD | equity=12093.84 USD
[OPEN]  LONG | ts=2026-01-13 08:30:00+00:00 | entry=3131.81 | sl=3125.95 | tp=3143.53 | pct_to_tp=0.37% | pct_to_sl=0.19%
[CLOSE] LONG | entry=3131.81 | exit=3143.53 | reason=TP | net=+241.88 USD | equity=12335.71 USD
[OPEN]  LONG | ts=2026-01-13 09:45:00+00:00 | entry=3138.57 | sl=3133.50 | tp=3148.71 | pct_to_tp=0.32% | pct_to_sl=0.16%
[CLOSE] LONG | entry=3138.57 | exit=3133.50 | reason=SL | net=-123.36 USD | equity=12212.36 USD
[OPEN]  LONG | ts=2026-01-13 13:15:00+00:00 | entry=3140.96 | sl=3135.08 | tp=3152.72 | pct_to_tp=0.37% | pct_to_sl=0.19%
[CLOSE] LONG | entry=3140.96 | exit=3152.72 | reason=TP | net=+244.25 USD | equity=12456.60 USD
[OPEN]  LONG | ts=2026-01-13 14:15:00+00:00 | entry=3156.24 | sl=3140.58 | tp=3187.56 | pct_to_tp=0.99% | pct_to_sl=0.50%
[CLOSE] LONG | entry=3156.24 | exit=3140.58 | reason=SL | net=-124.57 USD | equity=12332.04 USD
[OPEN]  LONG | ts=2026-01-13 15:30:00+00:00 | entry=3162.07 | sl=3142.21 | tp=3201.79 | pct_to_tp=1.26% | pct_to_sl=0.63%
[CLOSE] LONG | entry=3162.07 | exit=3201.79 | reason=TP | net=+246.64 USD | equity=12578.68 USD
[OPEN]  LONG | ts=2026-01-14 13:15:00+00:00 | entry=3306.09 | sl=3293.58 | tp=3331.11 | pct_to_tp=0.76% | pct_to_sl=0.38%
[CLOSE] LONG | entry=3306.09 | exit=3331.11 | reason=TP | net=+251.57 USD | equity=12830.25 USD
[OPEN]  LONG | ts=2026-01-14 19:15:00+00:00 | entry=3390.84 | sl=3348.31 | tp=3475.90 | pct_to_tp=2.51% | pct_to_sl=1.25%
[CLOSE] LONG | entry=3390.84 | exit=3348.31 | reason=SL | net=-128.30 USD | equity=12701.95 USD
[OPEN]  SHORT | ts=2026-01-15 09:00:00+00:00 | entry=3331.51 | sl=3338.97 | tp=3316.59 | pct_to_tp=0.45% | pct_to_sl=0.22%
[CLOSE] SHORT | entry=3331.51 | exit=3338.97 | reason=SL | net=-127.02 USD | equity=12574.93 USD
[OPEN]  LONG | ts=2026-01-15 16:30:00+00:00 | entry=3329.28 | sl=3313.96 | tp=3359.92 | pct_to_tp=0.92% | pct_to_sl=0.46%
[CLOSE] LONG | entry=3329.28 | exit=3313.96 | reason=SL | net=-125.75 USD | equity=12449.18 USD
[OPEN]  LONG | ts=2026-01-18 09:15:00+00:00 | entry=3322.65 | sl=3316.65 | tp=3334.65 | pct_to_tp=0.36% | pct_to_sl=0.18%
[CLOSE] LONG | entry=3322.65 | exit=3316.65 | reason=SL | net=-124.49 USD | equity=12324.69 USD
[OPEN]  LONG | ts=2026-01-18 13:30:00+00:00 | entry=3328.59 | sl=3316.82 | tp=3352.13 | pct_to_tp=0.71% | pct_to_sl=0.35%
[CLOSE] LONG | entry=3328.59 | exit=3352.13 | reason=TP | net=+246.49 USD | equity=12571.18 USD
[OPEN]  SHORT | ts=2026-01-19 21:45:00+00:00 | entry=3212.78 | sl=3216.80 | tp=3204.74 | pct_to_tp=0.25% | pct_to_sl=0.13%
[CLOSE] SHORT | entry=3212.78 | exit=3204.74 | reason=TP | net=+251.42 USD | equity=12822.60 USD
[OPEN]  SHORT | ts=2026-01-19 22:30:00+00:00 | entry=3201.17 | sl=3206.90 | tp=3189.71 | pct_to_tp=0.36% | pct_to_sl=0.18%
[CLOSE] SHORT | entry=3201.17 | exit=3189.71 | reason=TP | net=+256.45 USD | equity=13079.06 USD
[OPEN]  LONG | ts=2026-01-22 00:00:00+00:00 | entry=2996.40 | sl=2980.73 | tp=3027.74 | pct_to_tp=1.05% | pct_to_sl=0.52%
[CLOSE] LONG | entry=2996.40 | exit=3027.74 | reason=TP | net=+261.58 USD | equity=13340.64 USD
[OPEN]  LONG | ts=2026-01-22 08:45:00+00:00 | entry=3005.75 | sl=2995.29 | tp=3026.67 | pct_to_tp=0.70% | pct_to_sl=0.35%
[CLOSE] LONG | entry=3005.75 | exit=2995.29 | reason=SL | net=-133.41 USD | equity=13207.23 USD
[OPEN]  SHORT | ts=2026-01-22 13:30:00+00:00 | entry=2968.60 | sl=3010.18 | tp=2885.44 | pct_to_tp=2.80% | pct_to_sl=1.40%
[CLOSE] SHORT | entry=2968.60 | exit=3010.18 | reason=SL | net=-132.07 USD | equity=13075.16 USD
[OPEN]  SHORT | ts=2026-01-25 04:45:00+00:00 | entry=2945.29 | sl=2947.98 | tp=2939.91 | pct_to_tp=0.18% | pct_to_sl=0.09%
[CLOSE] SHORT | entry=2945.29 | exit=2947.98 | reason=SL | net=-130.75 USD | equity=12944.41 USD
[OPEN]  SHORT | ts=2026-01-25 05:30:00+00:00 | entry=2943.00 | sl=2947.63 | tp=2933.74 | pct_to_tp=0.31% | pct_to_sl=0.16%
[CLOSE] SHORT | entry=2943.00 | exit=2947.63 | reason=SL | net=-129.44 USD | equity=12814.96 USD
[OPEN]  SHORT | ts=2026-01-25 06:00:00+00:00 | entry=2936.85 | sl=2947.39 | tp=2915.77 | pct_to_tp=0.72% | pct_to_sl=0.36%
[CLOSE] SHORT | entry=2936.85 | exit=2947.39 | reason=SL | net=-128.15 USD | equity=12686.81 USD
[OPEN]  SHORT | ts=2026-01-25 06:45:00+00:00 | entry=2944.24 | sl=2946.69 | tp=2939.34 | pct_to_tp=0.17% | pct_to_sl=0.08%
[CLOSE] SHORT | entry=2944.24 | exit=2939.34 | reason=TP | net=+253.74 USD | equity=12940.55 USD
[OPEN]  SHORT | ts=2026-01-25 07:30:00+00:00 | entry=2940.86 | sl=2943.61 | tp=2935.36 | pct_to_tp=0.19% | pct_to_sl=0.09%
[CLOSE] SHORT | entry=2940.86 | exit=2943.61 | reason=SL | net=-129.41 USD | equity=12811.14 USD
[OPEN]  SHORT | ts=2026-01-25 09:45:00+00:00 | entry=2935.75 | sl=2939.16 | tp=2928.93 | pct_to_tp=0.23% | pct_to_sl=0.12%
[CLOSE] SHORT | entry=2935.75 | exit=2939.16 | reason=SL | net=-128.11 USD | equity=12683.03 USD
[OPEN]  SHORT | ts=2026-01-25 11:30:00+00:00 | entry=2935.29 | sl=2945.15 | tp=2915.57 | pct_to_tp=0.67% | pct_to_sl=0.34%
[CLOSE] SHORT | entry=2935.29 | exit=2945.15 | reason=SL | net=-126.83 USD | equity=12556.20 USD
[OPEN]  SHORT | ts=2026-01-25 15:30:00+00:00 | entry=2931.51 | sl=2934.55 | tp=2925.43 | pct_to_tp=0.21% | pct_to_sl=0.10%
[CLOSE] SHORT | entry=2931.51 | exit=2925.43 | reason=TP | net=+251.12 USD | equity=12807.33 USD
[OPEN]  SHORT | ts=2026-01-26 02:00:00+00:00 | entry=2870.63 | sl=2883.79 | tp=2844.31 | pct_to_tp=0.92% | pct_to_sl=0.46%
[CLOSE] SHORT | entry=2870.63 | exit=2883.79 | reason=SL | net=-128.07 USD | equity=12679.25 USD
[OPEN]  SHORT | ts=2026-01-26 03:15:00+00:00 | entry=2853.87 | sl=2867.00 | tp=2827.61 | pct_to_tp=0.92% | pct_to_sl=0.46%
[CLOSE] SHORT | entry=2853.87 | exit=2867.00 | reason=SL | net=-126.79 USD | equity=12552.46 USD
[OPEN]  SHORT | ts=2026-01-26 04:30:00+00:00 | entry=2863.45 | sl=2875.36 | tp=2839.63 | pct_to_tp=0.83% | pct_to_sl=0.42%
[CLOSE] SHORT | entry=2863.45 | exit=2875.36 | reason=SL | net=-125.52 USD | equity=12426.94 USD
[OPEN]  LONG | ts=2026-01-27 02:00:00+00:00 | entry=2939.50 | sl=2932.65 | tp=2953.20 | pct_to_tp=0.47% | pct_to_sl=0.23%
[CLOSE] LONG | entry=2939.50 | exit=2953.20 | reason=TP | net=+248.54 USD | equity=12675.48 USD
[OPEN]  LONG | ts=2026-01-27 07:00:00+00:00 | entry=2933.09 | sl=2928.61 | tp=2942.05 | pct_to_tp=0.31% | pct_to_sl=0.15%
[CLOSE] LONG | entry=2933.09 | exit=2928.61 | reason=SL | net=-126.75 USD | equity=12548.72 USD
[OPEN]  LONG | ts=2026-01-27 18:45:00+00:00 | entry=2978.21 | sl=2948.00 | tp=3038.63 | pct_to_tp=2.03% | pct_to_sl=1.01%
[CLOSE] LONG | entry=2978.21 | exit=3038.63 | reason=TP | net=+250.97 USD | equity=12799.70 USD
[OPEN]  LONG | ts=2026-01-28 10:30:00+00:00 | entry=3026.31 | sl=3021.08 | tp=3036.77 | pct_to_tp=0.35% | pct_to_sl=0.17%
[CLOSE] LONG | entry=3026.31 | exit=3021.08 | reason=SL | net=-128.00 USD | equity=12671.70 USD
[OPEN]  LONG | ts=2026-01-28 15:30:00+00:00 | entry=3010.40 | sl=2997.11 | tp=3036.98 | pct_to_tp=0.88% | pct_to_sl=0.44%
[CLOSE] LONG | entry=3010.40 | exit=2997.11 | reason=SL | net=-126.72 USD | equity=12544.98 USD
[OPEN]  LONG | ts=2026-01-28 16:15:00+00:00 | entry=3015.73 | sl=2996.75 | tp=3053.69 | pct_to_tp=1.26% | pct_to_sl=0.63%
[CLOSE] LONG | entry=3015.73 | exit=2996.75 | reason=SL | net=-125.45 USD | equity=12419.53 USD
[OPEN]  LONG | ts=2026-01-28 19:45:00+00:00 | entry=3016.60 | sl=2999.43 | tp=3050.94 | pct_to_tp=1.14% | pct_to_sl=0.57%
[CLOSE] LONG | entry=3016.60 | exit=2999.43 | reason=SL | net=-124.20 USD | equity=12295.34 USD
[OPEN]  LONG | ts=2026-01-28 22:45:00+00:00 | entry=3018.92 | sl=3010.60 | tp=3035.56 | pct_to_tp=0.55% | pct_to_sl=0.28%
[CLOSE] LONG | entry=3018.92 | exit=3010.60 | reason=SL | net=-122.95 USD | equity=12172.38 USD
[OPEN]  LONG | ts=2026-01-29 00:45:00+00:00 | entry=3009.49 | sl=2995.94 | tp=3036.59 | pct_to_tp=0.90% | pct_to_sl=0.45%
[CLOSE] LONG | entry=3009.49 | exit=2995.94 | reason=SL | net=-121.72 USD | equity=12050.66 USD
[OPEN]  SHORT | ts=2026-01-29 03:15:00+00:00 | entry=2954.66 | sl=2969.30 | tp=2925.38 | pct_to_tp=0.99% | pct_to_sl=0.50%
[CLOSE] SHORT | entry=2954.66 | exit=2969.30 | reason=SL | net=-120.51 USD | equity=11930.15 USD
[OPEN]  SHORT | ts=2026-01-30 15:15:00+00:00 | entry=2710.35 | sl=2744.96 | tp=2641.13 | pct_to_tp=2.55% | pct_to_sl=1.28%
[CLOSE] SHORT | entry=2710.35 | exit=2641.13 | reason=TP | net=+238.60 USD | equity=12168.76 USD
[OPEN]  SHORT | ts=2026-01-30 20:00:00+00:00 | entry=2719.61 | sl=2742.87 | tp=2673.09 | pct_to_tp=1.71% | pct_to_sl=0.86%
[CLOSE] SHORT | entry=2719.61 | exit=2673.09 | reason=TP | net=+243.38 USD | equity=12412.13 USD
[OPEN]  LONG | ts=2026-02-02 22:30:00+00:00 | entry=2351.70 | sl=2342.27 | tp=2370.56 | pct_to_tp=0.80% | pct_to_sl=0.40%
[CLOSE] LONG | entry=2351.70 | exit=2342.27 | reason=SL | net=-124.12 USD | equity=12288.01 USD
[OPEN]  LONG | ts=2026-02-03 04:30:00+00:00 | entry=2353.46 | sl=2333.72 | tp=2392.94 | pct_to_tp=1.68% | pct_to_sl=0.84%
[CLOSE] LONG | entry=2353.46 | exit=2333.72 | reason=SL | net=-122.88 USD | equity=12165.13 USD
[OPEN]  SHORT | ts=2026-02-03 07:45:00+00:00 | entry=2323.12 | sl=2328.82 | tp=2311.72 | pct_to_tp=0.49% | pct_to_sl=0.25%
[CLOSE] SHORT | entry=2323.12 | exit=2311.72 | reason=TP | net=+243.30 USD | equity=12408.43 USD
[OPEN]  LONG | ts=2026-02-03 08:15:00+00:00 | entry=2327.65 | sl=2310.33 | tp=2362.29 | pct_to_tp=1.49% | pct_to_sl=0.74%
[CLOSE] LONG | entry=2327.65 | exit=2310.33 | reason=SL | net=-124.08 USD | equity=12284.35 USD
[OPEN]  SHORT | ts=2026-02-03 14:30:00+00:00 | entry=2282.94 | sl=2310.38 | tp=2228.06 | pct_to_tp=2.40% | pct_to_sl=1.20%
[CLOSE] SHORT | entry=2282.94 | exit=2310.38 | reason=SL | net=-122.84 USD | equity=12161.50 USD
[OPEN]  SHORT | ts=2026-02-03 16:00:00+00:00 | entry=2277.77 | sl=2303.40 | tp=2226.51 | pct_to_tp=2.25% | pct_to_sl=1.13%
[CLOSE] SHORT | entry=2277.77 | exit=2226.51 | reason=TP | net=+243.23 USD | equity=12404.73 USD
[OPEN]  SHORT | ts=2026-02-03 17:30:00+00:00 | entry=2206.04 | sl=2234.23 | tp=2149.66 | pct_to_tp=2.56% | pct_to_sl=1.28%
[CLOSE] SHORT | entry=2206.04 | exit=2149.66 | reason=TP | net=+248.09 USD | equity=12652.83 USD
[OPEN]  SHORT | ts=2026-02-03 22:00:00+00:00 | entry=2261.70 | sl=2286.17 | tp=2212.76 | pct_to_tp=2.16% | pct_to_sl=1.08%
[CLOSE] SHORT | entry=2261.70 | exit=2286.17 | reason=SL | net=-126.53 USD | equity=12526.30 USD
[OPEN]  SHORT | ts=2026-02-04 05:30:00+00:00 | entry=2264.03 | sl=2273.47 | tp=2245.15 | pct_to_tp=0.83% | pct_to_sl=0.42%
[CLOSE] SHORT | entry=2264.03 | exit=2273.47 | reason=SL | net=-125.26 USD | equity=12401.04 USD
[OPEN]  LONG | ts=2026-02-04 08:30:00+00:00 | entry=2278.31 | sl=2266.49 | tp=2301.95 | pct_to_tp=1.04% | pct_to_sl=0.52%
[CLOSE] LONG | entry=2278.31 | exit=2266.49 | reason=SL | net=-124.01 USD | equity=12277.03 USD
[OPEN]  SHORT | ts=2026-02-04 13:30:00+00:00 | entry=2212.73 | sl=2236.62 | tp=2164.95 | pct_to_tp=2.16% | pct_to_sl=1.08%
[CLOSE] SHORT | entry=2212.73 | exit=2164.95 | reason=TP | net=+245.54 USD | equity=12522.57 USD
[OPEN]  SHORT | ts=2026-02-05 10:30:00+00:00 | entry=2123.36 | sl=2139.89 | tp=2090.30 | pct_to_tp=1.56% | pct_to_sl=0.78%
[CLOSE] SHORT | entry=2123.36 | exit=2090.30 | reason=TP | net=+250.45 USD | equity=12773.02 USD
[OPEN]  SHORT | ts=2026-02-06 06:30:00+00:00 | entry=1919.25 | sl=1941.15 | tp=1875.45 | pct_to_tp=2.28% | pct_to_sl=1.14%
[CLOSE] SHORT | entry=1919.25 | exit=1875.45 | reason=TP | net=+255.46 USD | equity=13028.48 USD
[OPEN]  LONG | ts=2026-02-06 15:30:00+00:00 | entry=1987.86 | sl=1969.62 | tp=2024.34 | pct_to_tp=1.84% | pct_to_sl=0.92%
[CLOSE] LONG | entry=1987.86 | exit=2024.34 | reason=TP | net=+260.57 USD | equity=13289.05 USD
[OPEN]  LONG | ts=2026-02-07 17:15:00+00:00 | entry=2055.86 | sl=2038.20 | tp=2091.18 | pct_to_tp=1.72% | pct_to_sl=0.86%
[CLOSE] LONG | entry=2055.86 | exit=2091.18 | reason=TP | net=+265.78 USD | equity=13554.83 USD
[OPEN]  LONG | ts=2026-02-08 07:45:00+00:00 | entry=2084.41 | sl=2077.52 | tp=2098.19 | pct_to_tp=0.66% | pct_to_sl=0.33%
[CLOSE] LONG | entry=2084.41 | exit=2098.19 | reason=TP | net=+271.10 USD | equity=13825.93 USD
[OPEN]  LONG | ts=2026-02-08 08:45:00+00:00 | entry=2116.03 | sl=2107.37 | tp=2133.35 | pct_to_tp=0.82% | pct_to_sl=0.41%
[CLOSE] LONG | entry=2116.03 | exit=2107.37 | reason=SL | net=-138.26 USD | equity=13687.67 USD
[OPEN]  LONG | ts=2026-02-08 11:00:00+00:00 | entry=2110.99 | sl=2094.45 | tp=2144.07 | pct_to_tp=1.57% | pct_to_sl=0.78%
[CLOSE] LONG | entry=2110.99 | exit=2144.07 | reason=TP | net=+273.75 USD | equity=13961.42 USD
[OPEN]  LONG | ts=2026-02-08 16:15:00+00:00 | entry=2113.02 | sl=2106.89 | tp=2125.28 | pct_to_tp=0.58% | pct_to_sl=0.29%
[CLOSE] LONG | entry=2113.02 | exit=2106.89 | reason=SL | net=-139.61 USD | equity=13821.81 USD
[OPEN]  LONG | ts=2026-02-08 18:30:00+00:00 | entry=2115.19 | sl=2098.27 | tp=2149.03 | pct_to_tp=1.60% | pct_to_sl=0.80%
[CLOSE] LONG | entry=2115.19 | exit=2098.27 | reason=SL | net=-138.22 USD | equity=13683.59 USD
[OPEN]  LONG | ts=2026-02-08 22:00:00+00:00 | entry=2101.69 | sl=2093.91 | tp=2117.25 | pct_to_tp=0.74% | pct_to_sl=0.37%
[CLOSE] LONG | entry=2101.69 | exit=2093.91 | reason=SL | net=-136.84 USD | equity=13546.75 USD
[OPEN]  LONG | ts=2026-02-08 22:45:00+00:00 | entry=2108.43 | sl=2099.12 | tp=2127.05 | pct_to_tp=0.88% | pct_to_sl=0.44%
[CLOSE] LONG | entry=2108.43 | exit=2127.05 | reason=TP | net=+270.94 USD | equity=13817.69 USD
[OPEN]  SHORT | ts=2026-02-09 01:30:00+00:00 | entry=2064.97 | sl=2092.97 | tp=2008.97 | pct_to_tp=2.71% | pct_to_sl=1.36%
[CLOSE] SHORT | entry=2064.97 | exit=2092.97 | reason=SL | net=-138.18 USD | equity=13679.51 USD
[OPEN]  SHORT | ts=2026-02-09 07:30:00+00:00 | entry=2067.25 | sl=2081.40 | tp=2038.95 | pct_to_tp=1.37% | pct_to_sl=0.68%
[CLOSE] SHORT | entry=2067.25 | exit=2038.95 | reason=TP | net=+273.59 USD | equity=13953.10 USD
[OPEN]  LONG | ts=2026-02-10 01:00:00+00:00 | entry=2111.06 | sl=2096.40 | tp=2140.38 | pct_to_tp=1.39% | pct_to_sl=0.69%
[CLOSE] LONG | entry=2111.06 | exit=2096.40 | reason=SL | net=-139.53 USD | equity=13813.57 USD
[OPEN]  SHORT | ts=2026-02-10 18:00:00+00:00 | entry=2028.13 | sl=2042.65 | tp=1999.09 | pct_to_tp=1.43% | pct_to_sl=0.72%
[CLOSE] SHORT | entry=2028.13 | exit=1999.09 | reason=TP | net=+276.27 USD | equity=14089.84 USD
[OPEN]  SHORT | ts=2026-02-11 01:15:00+00:00 | entry=2018.08 | sl=2028.57 | tp=1997.10 | pct_to_tp=1.04% | pct_to_sl=0.52%
[CLOSE] SHORT | entry=2018.08 | exit=2028.57 | reason=SL | net=-140.90 USD | equity=13948.94 USD
[OPEN]  SHORT | ts=2026-02-11 02:30:00+00:00 | entry=2023.01 | sl=2031.38 | tp=2006.27 | pct_to_tp=0.83% | pct_to_sl=0.41%
[CLOSE] SHORT | entry=2023.01 | exit=2006.27 | reason=TP | net=+278.98 USD | equity=14227.92 USD
[OPEN]  SHORT | ts=2026-02-11 03:45:00+00:00 | entry=2009.59 | sl=2018.52 | tp=1991.73 | pct_to_tp=0.89% | pct_to_sl=0.44%
[CLOSE] SHORT | entry=2009.59 | exit=1991.73 | reason=TP | net=+284.56 USD | equity=14512.48 USD
[OPEN]  SHORT | ts=2026-02-11 20:15:00+00:00 | entry=1941.93 | sl=1958.84 | tp=1908.11 | pct_to_tp=1.74% | pct_to_sl=0.87%
[CLOSE] SHORT | entry=1941.93 | exit=1958.84 | reason=SL | net=-145.12 USD | equity=14367.36 USD
[OPEN]  SHORT | ts=2026-02-11 22:45:00+00:00 | entry=1951.47 | sl=1963.44 | tp=1927.53 | pct_to_tp=1.23% | pct_to_sl=0.61%
[CLOSE] SHORT | entry=1951.47 | exit=1963.44 | reason=SL | net=-143.67 USD | equity=14223.68 USD
[OPEN]  SHORT | ts=2026-02-12 01:45:00+00:00 | entry=1965.94 | sl=1972.51 | tp=1952.80 | pct_to_tp=0.67% | pct_to_sl=0.33%
[CLOSE] SHORT | entry=1965.94 | exit=1972.51 | reason=SL | net=-142.24 USD | equity=14081.44 USD
[OPEN]  SHORT | ts=2026-02-12 04:15:00+00:00 | entry=1964.02 | sl=1974.25 | tp=1943.56 | pct_to_tp=1.04% | pct_to_sl=0.52%
[CLOSE] SHORT | entry=1964.02 | exit=1974.25 | reason=SL | net=-140.81 USD | equity=13940.63 USD
[OPEN]  SHORT | ts=2026-02-12 04:45:00+00:00 | entry=1965.78 | sl=1973.75 | tp=1949.84 | pct_to_tp=0.81% | pct_to_sl=0.41%
[CLOSE] SHORT | entry=1965.78 | exit=1973.75 | reason=SL | net=-139.41 USD | equity=13801.22 USD
[OPEN]  LONG | ts=2026-02-12 08:45:00+00:00 | entry=1965.52 | sl=1960.02 | tp=1976.52 | pct_to_tp=0.56% | pct_to_sl=0.28%
[CLOSE] LONG | entry=1965.52 | exit=1976.52 | reason=TP | net=+276.02 USD | equity=14077.25 USD
[OPEN]  LONG | ts=2026-02-12 10:45:00+00:00 | entry=1994.15 | sl=1981.64 | tp=2019.17 | pct_to_tp=1.25% | pct_to_sl=0.63%
[CLOSE] LONG | entry=1994.15 | exit=1981.64 | reason=SL | net=-140.77 USD | equity=13936.48 USD
[OPEN]  SHORT | ts=2026-02-13 00:15:00+00:00 | entry=1935.13 | sl=1947.53 | tp=1910.33 | pct_to_tp=1.28% | pct_to_sl=0.64%
[CLOSE] SHORT | entry=1935.13 | exit=1947.53 | reason=SL | net=-139.36 USD | equity=13797.11 USD
[OPEN]  SHORT | ts=2026-02-13 05:00:00+00:00 | entry=1937.40 | sl=1946.85 | tp=1918.50 | pct_to_tp=0.98% | pct_to_sl=0.49%
[CLOSE] SHORT | entry=1937.40 | exit=1946.85 | reason=SL | net=-137.97 USD | equity=13659.14 USD
[OPEN]  LONG | ts=2026-02-15 01:45:00+00:00 | entry=2064.19 | sl=2055.68 | tp=2081.21 | pct_to_tp=0.82% | pct_to_sl=0.41%
[CLOSE] LONG | entry=2064.19 | exit=2055.68 | reason=SL | net=-136.59 USD | equity=13522.55 USD
[OPEN]  SHORT | ts=2026-02-16 10:15:00+00:00 | entry=1981.14 | sl=1987.85 | tp=1967.72 | pct_to_tp=0.68% | pct_to_sl=0.34%
[CLOSE] SHORT | entry=1981.14 | exit=1967.72 | reason=TP | net=+270.45 USD | equity=13793.00 USD
[OPEN]  SHORT | ts=2026-02-16 11:30:00+00:00 | entry=1967.88 | sl=1973.00 | tp=1957.64 | pct_to_tp=0.52% | pct_to_sl=0.26%
[CLOSE] SHORT | entry=1967.88 | exit=1973.00 | reason=SL | net=-137.93 USD | equity=13655.07 USD
[OPEN]  SHORT | ts=2026-02-16 15:15:00+00:00 | entry=1966.41 | sl=1973.15 | tp=1952.93 | pct_to_tp=0.69% | pct_to_sl=0.34%
[CLOSE] SHORT | entry=1966.41 | exit=1952.93 | reason=TP | net=+273.10 USD | equity=13928.17 USD
[OPEN]  SHORT | ts=2026-02-16 17:45:00+00:00 | entry=1978.99 | sl=1986.08 | tp=1964.81 | pct_to_tp=0.72% | pct_to_sl=0.36%
[CLOSE] SHORT | entry=1978.99 | exit=1986.08 | reason=SL | net=-139.28 USD | equity=13788.89 USD
[OPEN]  SHORT | ts=2026-02-17 07:00:00+00:00 | entry=1976.43 | sl=1981.15 | tp=1966.99 | pct_to_tp=0.48% | pct_to_sl=0.24%
[CLOSE] SHORT | entry=1976.43 | exit=1981.15 | reason=SL | net=-137.89 USD | equity=13651.00 USD
[OPEN]  SHORT | ts=2026-02-17 10:15:00+00:00 | entry=1966.88 | sl=1973.43 | tp=1953.78 | pct_to_tp=0.67% | pct_to_sl=0.33%
[CLOSE] SHORT | entry=1966.88 | exit=1973.43 | reason=SL | net=-136.51 USD | equity=13514.49 USD
[OPEN]  SHORT | ts=2026-02-17 14:30:00+00:00 | entry=1961.76 | sl=1997.22 | tp=1890.84 | pct_to_tp=3.62% | pct_to_sl=1.81%
[CLOSE] SHORT | entry=1961.76 | exit=1997.22 | reason=SL | net=-135.14 USD | equity=13379.35 USD
[OPEN]  SHORT | ts=2026-02-17 17:30:00+00:00 | entry=1960.40 | sl=1974.57 | tp=1932.06 | pct_to_tp=1.45% | pct_to_sl=0.72%
[CLOSE] SHORT | entry=1960.40 | exit=1974.57 | reason=SL | net=-133.79 USD | equity=13245.55 USD
[OPEN]  SHORT | ts=2026-02-18 16:00:00+00:00 | entry=1968.55 | sl=1985.67 | tp=1934.31 | pct_to_tp=1.74% | pct_to_sl=0.87%
[CLOSE] SHORT | entry=1968.55 | exit=1985.67 | reason=SL | net=-132.46 USD | equity=13113.10 USD
[OPEN]  SHORT | ts=2026-02-18 18:30:00+00:00 | entry=1952.27 | sl=1972.07 | tp=1912.67 | pct_to_tp=2.03% | pct_to_sl=1.01%
[CLOSE] SHORT | entry=1952.27 | exit=1972.07 | reason=SL | net=-131.13 USD | equity=12981.97 USD
[OPEN]  SHORT | ts=2026-02-19 02:30:00+00:00 | entry=1963.96 | sl=1972.95 | tp=1945.98 | pct_to_tp=0.92% | pct_to_sl=0.46%
[CLOSE] SHORT | entry=1963.96 | exit=1972.95 | reason=SL | net=-129.82 USD | equity=12852.15 USD
[OPEN]  LONG | ts=2026-02-19 11:00:00+00:00 | entry=1963.58 | sl=1958.44 | tp=1973.86 | pct_to_tp=0.52% | pct_to_sl=0.26%
[CLOSE] LONG | entry=1963.58 | exit=1958.44 | reason=SL | net=-128.52 USD | equity=12723.62 USD
[OPEN]  SHORT | ts=2026-02-19 12:45:00+00:00 | entry=1947.30 | sl=1953.90 | tp=1934.10 | pct_to_tp=0.68% | pct_to_sl=0.34%
[CLOSE] SHORT | entry=1947.30 | exit=1934.10 | reason=TP | net=+254.47 USD | equity=12978.10 USD
[OPEN]  SHORT | ts=2026-02-19 22:15:00+00:00 | entry=1939.69 | sl=1945.84 | tp=1927.39 | pct_to_tp=0.63% | pct_to_sl=0.32%
[CLOSE] SHORT | entry=1939.69 | exit=1945.84 | reason=SL | net=-129.78 USD | equity=12848.32 USD
[OPEN]  LONG | ts=2026-02-20 04:30:00+00:00 | entry=1944.96 | sl=1937.00 | tp=1960.88 | pct_to_tp=0.82% | pct_to_sl=0.41%
[CLOSE] LONG | entry=1944.96 | exit=1937.00 | reason=SL | net=-128.48 USD | equity=12719.83 USD
[OPEN]  LONG | ts=2026-02-20 05:15:00+00:00 | entry=1944.05 | sl=1938.06 | tp=1956.03 | pct_to_tp=0.62% | pct_to_sl=0.31%
[CLOSE] LONG | entry=1944.05 | exit=1956.03 | reason=TP | net=+254.40 USD | equity=12974.23 USD
[OPEN]  LONG | ts=2026-02-21 13:45:00+00:00 | entry=1981.18 | sl=1977.65 | tp=1988.24 | pct_to_tp=0.36% | pct_to_sl=0.18%
[CLOSE] LONG | entry=1981.18 | exit=1988.24 | reason=TP | net=+259.48 USD | equity=13233.71 USD
[OPEN]  LONG | ts=2026-02-21 21:45:00+00:00 | entry=1982.04 | sl=1978.76 | tp=1988.60 | pct_to_tp=0.33% | pct_to_sl=0.17%
[CLOSE] LONG | entry=1982.04 | exit=1978.76 | reason=SL | net=-132.34 USD | equity=13101.38 USD
[OPEN]  SHORT | ts=2026-02-22 23:30:00+00:00 | entry=1949.23 | sl=1953.80 | tp=1940.09 | pct_to_tp=0.47% | pct_to_sl=0.23%
[CLOSE] SHORT | entry=1949.23 | exit=1953.80 | reason=SL | net=-131.01 USD | equity=12970.36 USD
[OPEN]  SHORT | ts=2026-02-23 00:15:00+00:00 | entry=1948.40 | sl=1955.54 | tp=1934.12 | pct_to_tp=0.73% | pct_to_sl=0.37%
[CLOSE] SHORT | entry=1948.40 | exit=1934.12 | reason=TP | net=+259.41 USD | equity=13229.77 USD
[OPEN]  SHORT | ts=2026-02-23 01:00:00+00:00 | entry=1886.19 | sl=1929.42 | tp=1799.73 | pct_to_tp=4.58% | pct_to_sl=2.29%
[CLOSE] SHORT | entry=1886.19 | exit=1929.42 | reason=SL | net=-132.30 USD | equity=13097.47 USD
[OPEN]  SHORT | ts=2026-02-23 13:45:00+00:00 | entry=1921.90 | sl=1934.31 | tp=1897.08 | pct_to_tp=1.29% | pct_to_sl=0.65%
[CLOSE] SHORT | entry=1921.90 | exit=1897.08 | reason=TP | net=+261.95 USD | equity=13359.42 USD
[OPEN]  SHORT | ts=2026-02-24 15:30:00+00:00 | entry=1842.92 | sl=1850.29 | tp=1828.18 | pct_to_tp=0.80% | pct_to_sl=0.40%
[CLOSE] SHORT | entry=1842.92 | exit=1850.29 | reason=SL | net=-133.59 USD | equity=13225.83 USD
[OPEN]  LONG | ts=2026-02-24 19:30:00+00:00 | entry=1854.00 | sl=1849.10 | tp=1863.80 | pct_to_tp=0.53% | pct_to_sl=0.26%
[CLOSE] LONG | entry=1854.00 | exit=1849.10 | reason=SL | net=-132.26 USD | equity=13093.57 USD
[OPEN]  LONG | ts=2026-02-24 21:30:00+00:00 | entry=1853.17 | sl=1846.61 | tp=1866.29 | pct_to_tp=0.71% | pct_to_sl=0.35%
[CLOSE] LONG | entry=1853.17 | exit=1866.29 | reason=TP | net=+261.87 USD | equity=13355.44 USD
[OPEN]  LONG | ts=2026-02-25 01:45:00+00:00 | entry=1918.34 | sl=1912.96 | tp=1929.10 | pct_to_tp=0.56% | pct_to_sl=0.28%
[CLOSE] LONG | entry=1918.34 | exit=1929.10 | reason=TP | net=+267.11 USD | equity=13622.55 USD
[OPEN]  SHORT | ts=2026-02-26 20:45:00+00:00 | entry=2023.67 | sl=2029.69 | tp=2011.63 | pct_to_tp=0.59% | pct_to_sl=0.30%
[CLOSE] SHORT | entry=2023.67 | exit=2029.69 | reason=SL | net=-136.23 USD | equity=13486.32 USD
[OPEN]  SHORT | ts=2026-02-26 23:30:00+00:00 | entry=2027.31 | sl=2032.27 | tp=2017.39 | pct_to_tp=0.49% | pct_to_sl=0.24%
[CLOSE] SHORT | entry=2027.31 | exit=2017.39 | reason=TP | net=+269.73 USD | equity=13756.05 USD
[OPEN]  SHORT | ts=2026-02-27 03:00:00+00:00 | entry=2021.69 | sl=2027.29 | tp=2010.49 | pct_to_tp=0.55% | pct_to_sl=0.28%
[CLOSE] SHORT | entry=2021.69 | exit=2027.29 | reason=SL | net=-137.56 USD | equity=13618.49 USD
[OPEN]  LONG | ts=2026-02-27 07:45:00+00:00 | entry=2032.69 | sl=2023.20 | tp=2051.67 | pct_to_tp=0.93% | pct_to_sl=0.47%
[CLOSE] LONG | entry=2032.69 | exit=2023.20 | reason=SL | net=-136.18 USD | equity=13482.31 USD
[OPEN]  SHORT | ts=2026-02-27 10:00:00+00:00 | entry=1986.58 | sl=2013.69 | tp=1932.36 | pct_to_tp=2.73% | pct_to_sl=1.36%
[CLOSE] SHORT | entry=1986.58 | exit=1932.36 | reason=TP | net=+269.65 USD | equity=13751.95 USD
[OPEN]  SHORT | ts=2026-02-28 14:45:00+00:00 | entry=1887.75 | sl=1909.12 | tp=1845.01 | pct_to_tp=2.26% | pct_to_sl=1.13%
[CLOSE] SHORT | entry=1887.75 | exit=1909.12 | reason=SL | net=-137.52 USD | equity=13614.43 USD
[OPEN]  SHORT | ts=2026-02-28 17:00:00+00:00 | entry=1898.78 | sl=1904.46 | tp=1887.42 | pct_to_tp=0.60% | pct_to_sl=0.30%
[CLOSE] SHORT | entry=1898.78 | exit=1887.42 | reason=TP | net=+272.29 USD | equity=13886.72 USD
[OPEN]  SHORT | ts=2026-02-28 18:00:00+00:00 | entry=1903.40 | sl=1908.48 | tp=1893.24 | pct_to_tp=0.53% | pct_to_sl=0.27%
[CLOSE] SHORT | entry=1903.40 | exit=1908.48 | reason=SL | net=-138.87 USD | equity=13747.85 USD
[OPEN]  LONG | ts=2026-02-28 19:30:00+00:00 | entry=1944.99 | sl=1926.66 | tp=1981.65 | pct_to_tp=1.88% | pct_to_sl=0.94%
[CLOSE] LONG | entry=1944.99 | exit=1981.65 | reason=TP | net=+274.96 USD | equity=14022.81 USD
[OPEN]  SHORT | ts=2026-03-02 02:00:00+00:00 | entry=1945.18 | sl=1966.16 | tp=1903.22 | pct_to_tp=2.16% | pct_to_sl=1.08%
[CLOSE] SHORT | entry=1945.18 | exit=1966.16 | reason=SL | net=-140.23 USD | equity=13882.58 USD
[OPEN]  SHORT | ts=2026-03-02 11:00:00+00:00 | entry=1936.53 | sl=1952.24 | tp=1905.11 | pct_to_tp=1.62% | pct_to_sl=0.81%
[CLOSE] SHORT | entry=1936.53 | exit=1952.24 | reason=SL | net=-138.83 USD | equity=13743.76 USD
[OPEN]  SHORT | ts=2026-03-02 12:15:00+00:00 | entry=1938.47 | sl=1946.58 | tp=1922.25 | pct_to_tp=0.84% | pct_to_sl=0.42%
[CLOSE] SHORT | entry=1938.47 | exit=1922.25 | reason=TP | net=+274.88 USD | equity=14018.63 USD
[OPEN]  LONG | ts=2026-03-03 05:00:00+00:00 | entry=2010.55 | sl=1993.94 | tp=2043.77 | pct_to_tp=1.65% | pct_to_sl=0.83%
[CLOSE] LONG | entry=2010.55 | exit=1993.94 | reason=SL | net=-140.19 USD | equity=13878.45 USD
[OPEN]  SHORT | ts=2026-03-03 08:30:00+00:00 | entry=1961.66 | sl=1984.52 | tp=1915.94 | pct_to_tp=2.33% | pct_to_sl=1.17%
[CLOSE] SHORT | entry=1961.66 | exit=1984.52 | reason=SL | net=-138.78 USD | equity=13739.66 USD
[OPEN]  SHORT | ts=2026-03-03 13:00:00+00:00 | entry=1950.35 | sl=1968.77 | tp=1913.51 | pct_to_tp=1.89% | pct_to_sl=0.94%
[CLOSE] SHORT | entry=1950.35 | exit=1968.77 | reason=SL | net=-137.40 USD | equity=13602.26 USD
[OPEN]  SHORT | ts=2026-03-04 06:00:00+00:00 | entry=1966.41 | sl=1971.83 | tp=1955.57 | pct_to_tp=0.55% | pct_to_sl=0.28%
[CLOSE] SHORT | entry=1966.41 | exit=1971.83 | reason=SL | net=-136.02 USD | equity=13466.24 USD
[OPEN]  LONG | ts=2026-03-05 04:15:00+00:00 | entry=2134.41 | sl=2121.64 | tp=2159.95 | pct_to_tp=1.20% | pct_to_sl=0.60%
[CLOSE] LONG | entry=2134.41 | exit=2121.64 | reason=SL | net=-134.66 USD | equity=13331.58 USD
[OPEN]  LONG | ts=2026-03-05 08:30:00+00:00 | entry=2114.10 | sl=2095.86 | tp=2150.58 | pct_to_tp=1.73% | pct_to_sl=0.86%
[CLOSE] LONG | entry=2114.10 | exit=2150.58 | reason=TP | net=+266.63 USD | equity=13598.21 USD
[OPEN]  LONG | ts=2026-03-05 11:45:00+00:00 | entry=2137.92 | sl=2133.50 | tp=2146.76 | pct_to_tp=0.41% | pct_to_sl=0.21%
[CLOSE] LONG | entry=2137.92 | exit=2133.50 | reason=SL | net=-135.98 USD | equity=13462.23 USD
[OPEN]  LONG | ts=2026-03-05 14:45:00+00:00 | entry=2119.17 | sl=2096.73 | tp=2164.05 | pct_to_tp=2.12% | pct_to_sl=1.06%
[CLOSE] LONG | entry=2119.17 | exit=2096.73 | reason=SL | net=-134.62 USD | equity=13327.61 USD
[OPEN]  SHORT | ts=2026-03-06 09:00:00+00:00 | entry=2064.96 | sl=2077.50 | tp=2039.88 | pct_to_tp=1.21% | pct_to_sl=0.61%
[CLOSE] SHORT | entry=2064.96 | exit=2039.88 | reason=TP | net=+266.55 USD | equity=13594.16 USD
[OPEN]  SHORT | ts=2026-03-07 10:15:00+00:00 | entry=1984.86 | sl=1988.65 | tp=1977.28 | pct_to_tp=0.38% | pct_to_sl=0.19%
[CLOSE] SHORT | entry=1984.86 | exit=1988.65 | reason=SL | net=-135.94 USD | equity=13458.22 USD
[OPEN]  SHORT | ts=2026-03-07 11:15:00+00:00 | entry=1989.07 | sl=1994.44 | tp=1978.33 | pct_to_tp=0.54% | pct_to_sl=0.27%
[CLOSE] SHORT | entry=1989.07 | exit=1978.33 | reason=TP | net=+269.16 USD | equity=13727.38 USD
[OPEN]  SHORT | ts=2026-03-07 18:45:00+00:00 | entry=1971.23 | sl=1972.90 | tp=1967.89 | pct_to_tp=0.17% | pct_to_sl=0.08%
[CLOSE] SHORT | entry=1971.23 | exit=1967.89 | reason=TP | net=+274.55 USD | equity=14001.93 USD
[OPEN]  SHORT | ts=2026-03-08 08:00:00+00:00 | entry=1951.24 | sl=1956.21 | tp=1941.30 | pct_to_tp=0.51% | pct_to_sl=0.25%
[CLOSE] SHORT | entry=1951.24 | exit=1956.21 | reason=SL | net=-140.02 USD | equity=13861.91 USD
[OPEN]  SHORT | ts=2026-03-08 09:30:00+00:00 | entry=1966.75 | sl=1969.30 | tp=1961.65 | pct_to_tp=0.26% | pct_to_sl=0.13%
[CLOSE] SHORT | entry=1966.75 | exit=1969.30 | reason=SL | net=-138.62 USD | equity=13723.29 USD
[OPEN]  SHORT | ts=2026-03-08 12:00:00+00:00 | entry=1935.48 | sl=1954.67 | tp=1897.10 | pct_to_tp=1.98% | pct_to_sl=0.99%
[CLOSE] SHORT | entry=1935.48 | exit=1954.67 | reason=SL | net=-137.23 USD | equity=13586.06 USD
[OPEN]  SHORT | ts=2026-03-08 21:00:00+00:00 | entry=1948.74 | sl=1962.24 | tp=1921.74 | pct_to_tp=1.39% | pct_to_sl=0.69%
[CLOSE] SHORT | entry=1948.74 | exit=1921.74 | reason=TP | net=+271.72 USD | equity=13857.78 USD
[OPEN]  SHORT | ts=2026-03-08 23:30:00+00:00 | entry=1939.04 | sl=1952.37 | tp=1912.38 | pct_to_tp=1.37% | pct_to_sl=0.69%
[CLOSE] SHORT | entry=1939.04 | exit=1952.37 | reason=SL | net=-138.58 USD | equity=13719.20 USD
[OPEN]  SHORT | ts=2026-03-09 01:45:00+00:00 | entry=1946.00 | sl=1959.39 | tp=1919.22 | pct_to_tp=1.38% | pct_to_sl=0.69%
[CLOSE] SHORT | entry=1946.00 | exit=1959.39 | reason=SL | net=-137.19 USD | equity=13582.01 USD
[OPEN]  LONG | ts=2026-03-10 02:30:00+00:00 | entry=2047.44 | sl=2020.85 | tp=2100.62 | pct_to_tp=2.60% | pct_to_sl=1.30%
[CLOSE] LONG | entry=2047.44 | exit=2020.85 | reason=SL | net=-135.82 USD | equity=13446.19 USD
[OPEN]  LONG | ts=2026-03-10 14:30:00+00:00 | entry=2045.06 | sl=2024.27 | tp=2086.64 | pct_to_tp=2.03% | pct_to_sl=1.02%
[CLOSE] LONG | entry=2045.06 | exit=2086.64 | reason=TP | net=+268.92 USD | equity=13715.11 USD
[OPEN]  LONG | ts=2026-03-11 16:30:00+00:00 | entry=2068.40 | sl=2055.32 | tp=2094.56 | pct_to_tp=1.26% | pct_to_sl=0.63%
[CLOSE] LONG | entry=2068.40 | exit=2055.32 | reason=SL | net=-137.15 USD | equity=13577.96 USD
[OPEN]  LONG | ts=2026-03-12 14:00:00+00:00 | entry=2080.21 | sl=2065.34 | tp=2109.95 | pct_to_tp=1.43% | pct_to_sl=0.71%
[CLOSE] LONG | entry=2080.21 | exit=2065.34 | reason=SL | net=-135.78 USD | equity=13442.18 USD
[OPEN]  LONG | ts=2026-03-12 15:15:00+00:00 | entry=2068.61 | sl=2047.20 | tp=2111.43 | pct_to_tp=2.07% | pct_to_sl=1.03%
[CLOSE] LONG | entry=2068.61 | exit=2047.20 | reason=SL | net=-134.42 USD | equity=13307.76 USD
[OPEN]  LONG | ts=2026-03-12 19:15:00+00:00 | entry=2061.83 | sl=2049.78 | tp=2085.93 | pct_to_tp=1.17% | pct_to_sl=0.58%
[CLOSE] LONG | entry=2061.83 | exit=2085.93 | reason=TP | net=+266.16 USD | equity=13573.92 USD
[OPEN]  LONG | ts=2026-03-13 09:00:00+00:00 | entry=2104.15 | sl=2099.74 | tp=2112.97 | pct_to_tp=0.42% | pct_to_sl=0.21%
[CLOSE] LONG | entry=2104.15 | exit=2099.74 | reason=SL | net=-135.74 USD | equity=13438.18 USD
[OPEN]  LONG | ts=2026-03-13 09:30:00+00:00 | entry=2108.53 | sl=2102.38 | tp=2120.83 | pct_to_tp=0.58% | pct_to_sl=0.29%
[CLOSE] LONG | entry=2108.53 | exit=2120.83 | reason=TP | net=+268.76 USD | equity=13706.94 USD
[OPEN]  LONG | ts=2026-03-13 17:00:00+00:00 | entry=2137.58 | sl=2133.39 | tp=2145.96 | pct_to_tp=0.39% | pct_to_sl=0.20%
[CLOSE] LONG | entry=2137.58 | exit=2133.39 | reason=SL | net=-137.07 USD | equity=13569.87 USD
[OPEN]  SHORT | ts=2026-03-13 21:15:00+00:00 | entry=2105.80 | sl=2113.68 | tp=2090.04 | pct_to_tp=0.75% | pct_to_sl=0.37%
[CLOSE] SHORT | entry=2105.80 | exit=2090.04 | reason=TP | net=+271.40 USD | equity=13841.27 USD
[OPEN]  LONG | ts=2026-03-15 20:30:00+00:00 | entry=2130.91 | sl=2114.22 | tp=2164.29 | pct_to_tp=1.57% | pct_to_sl=0.78%
[CLOSE] LONG | entry=2130.91 | exit=2164.29 | reason=TP | net=+276.83 USD | equity=14118.09 USD
[OPEN]  LONG | ts=2026-03-17 04:00:00+00:00 | entry=2327.93 | sl=2318.69 | tp=2346.41 | pct_to_tp=0.79% | pct_to_sl=0.40%
[CLOSE] LONG | entry=2327.93 | exit=2318.69 | reason=SL | net=-141.18 USD | equity=13976.91 USD
[OPEN]  LONG | ts=2026-03-17 04:45:00+00:00 | entry=2311.50 | sl=2304.13 | tp=2326.24 | pct_to_tp=0.64% | pct_to_sl=0.32%
[CLOSE] LONG | entry=2311.50 | exit=2304.13 | reason=SL | net=-139.77 USD | equity=13837.14 USD
[OPEN]  LONG | ts=2026-03-17 06:45:00+00:00 | entry=2315.34 | sl=2308.35 | tp=2329.32 | pct_to_tp=0.60% | pct_to_sl=0.30%
[CLOSE] LONG | entry=2315.34 | exit=2329.32 | reason=TP | net=+276.74 USD | equity=14113.89 USD
[OPEN]  LONG | ts=2026-03-17 09:15:00+00:00 | entry=2325.00 | sl=2307.00 | tp=2361.00 | pct_to_tp=1.55% | pct_to_sl=0.77%
[CLOSE] LONG | entry=2325.00 | exit=2307.00 | reason=SL | net=-141.14 USD | equity=13972.75 USD
[OPEN]  LONG | ts=2026-03-17 11:00:00+00:00 | entry=2323.43 | sl=2311.77 | tp=2346.75 | pct_to_tp=1.00% | pct_to_sl=0.50%
[CLOSE] LONG | entry=2323.43 | exit=2346.75 | reason=TP | net=+279.45 USD | equity=14252.20 USD
[OPEN]  LONG | ts=2026-03-17 16:15:00+00:00 | entry=2331.41 | sl=2316.69 | tp=2360.85 | pct_to_tp=1.26% | pct_to_sl=0.63%
[CLOSE] LONG | entry=2331.41 | exit=2316.69 | reason=SL | net=-142.52 USD | equity=14109.68 USD
[OPEN]  LONG | ts=2026-03-18 00:45:00+00:00 | entry=2324.24 | sl=2314.56 | tp=2343.60 | pct_to_tp=0.83% | pct_to_sl=0.42%
[CLOSE] LONG | entry=2324.24 | exit=2343.60 | reason=TP | net=+282.19 USD | equity=14391.87 USD
[OPEN]  LONG | ts=2026-03-18 06:00:00+00:00 | entry=2324.04 | sl=2318.18 | tp=2335.76 | pct_to_tp=0.50% | pct_to_sl=0.25%
[CLOSE] LONG | entry=2324.04 | exit=2318.18 | reason=SL | net=-143.92 USD | equity=14247.95 USD
[OPEN]  LONG | ts=2026-03-18 07:45:00+00:00 | entry=2317.74 | sl=2312.79 | tp=2327.64 | pct_to_tp=0.43% | pct_to_sl=0.21%
[CLOSE] LONG | entry=2317.74 | exit=2327.64 | reason=TP | net=+284.96 USD | equity=14532.91 USD
[OPEN]  SHORT | ts=2026-03-18 10:30:00+00:00 | entry=2314.34 | sl=2331.99 | tp=2279.04 | pct_to_tp=1.53% | pct_to_sl=0.76%
[CLOSE] SHORT | entry=2314.34 | exit=2279.04 | reason=TP | net=+290.66 USD | equity=14823.57 USD
[OPEN]  SHORT | ts=2026-03-18 11:45:00+00:00 | entry=2269.34 | sl=2276.97 | tp=2254.08 | pct_to_tp=0.67% | pct_to_sl=0.34%
[CLOSE] SHORT | entry=2269.34 | exit=2254.08 | reason=TP | net=+296.47 USD | equity=15120.04 USD
[OPEN]  SHORT | ts=2026-03-18 12:30:00+00:00 | entry=2241.82 | sl=2263.53 | tp=2198.40 | pct_to_tp=1.94% | pct_to_sl=0.97%
[CLOSE] SHORT | entry=2241.82 | exit=2198.40 | reason=TP | net=+302.40 USD | equity=15422.44 USD
[OPEN]  SHORT | ts=2026-03-19 04:00:00+00:00 | entry=2201.13 | sl=2213.11 | tp=2177.17 | pct_to_tp=1.09% | pct_to_sl=0.54%
[CLOSE] SHORT | entry=2201.13 | exit=2177.17 | reason=TP | net=+308.45 USD | equity=15730.89 USD
[OPEN]  SHORT | ts=2026-03-19 22:30:00+00:00 | entry=2138.80 | sl=2150.76 | tp=2114.88 | pct_to_tp=1.12% | pct_to_sl=0.56%
[CLOSE] SHORT | entry=2138.80 | exit=2150.76 | reason=SL | net=-157.31 USD | equity=15573.58 USD
[OPEN]  SHORT | ts=2026-03-20 01:45:00+00:00 | entry=2150.88 | sl=2160.55 | tp=2131.54 | pct_to_tp=0.90% | pct_to_sl=0.45%
[CLOSE] SHORT | entry=2150.88 | exit=2131.54 | reason=TP | net=+311.47 USD | equity=15885.06 USD
[OPEN]  SHORT | ts=2026-03-20 08:15:00+00:00 | entry=2165.27 | sl=2171.07 | tp=2153.67 | pct_to_tp=0.54% | pct_to_sl=0.27%
[CLOSE] SHORT | entry=2165.27 | exit=2153.67 | reason=TP | net=+317.70 USD | equity=16202.76 USD
[OPEN]  SHORT | ts=2026-03-20 10:00:00+00:00 | entry=2135.32 | sl=2141.51 | tp=2122.94 | pct_to_tp=0.58% | pct_to_sl=0.29%
[CLOSE] SHORT | entry=2135.32 | exit=2141.51 | reason=SL | net=-162.03 USD | equity=16040.73 USD
[OPEN]  SHORT | ts=2026-03-20 11:15:00+00:00 | entry=2150.00 | sl=2158.04 | tp=2133.92 | pct_to_tp=0.75% | pct_to_sl=0.37%
[CLOSE] SHORT | entry=2150.00 | exit=2133.92 | reason=TP | net=+320.81 USD | equity=16361.54 USD
[OPEN]  SHORT | ts=2026-03-20 13:45:00+00:00 | entry=2127.39 | sl=2143.28 | tp=2095.61 | pct_to_tp=1.49% | pct_to_sl=0.75%
[CLOSE] SHORT | entry=2127.39 | exit=2143.28 | reason=SL | net=-163.62 USD | equity=16197.93 USD
[OPEN]  SHORT | ts=2026-03-20 18:15:00+00:00 | entry=2125.56 | sl=2136.11 | tp=2104.46 | pct_to_tp=0.99% | pct_to_sl=0.50%
[CLOSE] SHORT | entry=2125.56 | exit=2136.11 | reason=SL | net=-161.98 USD | equity=16035.95 USD
[OPEN]  SHORT | ts=2026-03-23 06:00:00+00:00 | entry=2058.74 | sl=2069.26 | tp=2037.70 | pct_to_tp=1.02% | pct_to_sl=0.51%
[CLOSE] SHORT | entry=2058.74 | exit=2037.70 | reason=TP | net=+320.72 USD | equity=16356.67 USD
[OPEN]  LONG | ts=2026-03-23 12:30:00+00:00 | entry=2145.30 | sl=2120.88 | tp=2194.14 | pct_to_tp=2.28% | pct_to_sl=1.14%
[CLOSE] LONG | entry=2145.30 | exit=2120.88 | reason=SL | net=-163.57 USD | equity=16193.10 USD
[OPEN]  LONG | ts=2026-03-24 03:15:00+00:00 | entry=2139.16 | sl=2134.37 | tp=2148.74 | pct_to_tp=0.45% | pct_to_sl=0.22%
[CLOSE] LONG | entry=2139.16 | exit=2148.74 | reason=TP | net=+323.86 USD | equity=16516.96 USD
[OPEN]  LONG | ts=2026-03-24 05:30:00+00:00 | entry=2135.70 | sl=2129.55 | tp=2148.00 | pct_to_tp=0.58% | pct_to_sl=0.29%
[CLOSE] LONG | entry=2135.70 | exit=2148.00 | reason=TP | net=+330.34 USD | equity=16847.30 USD
[OPEN]  SHORT | ts=2026-03-24 17:00:00+00:00 | entry=2117.34 | sl=2128.70 | tp=2094.62 | pct_to_tp=1.07% | pct_to_sl=0.54%
[CLOSE] SHORT | entry=2117.34 | exit=2128.70 | reason=SL | net=-168.47 USD | equity=16678.83 USD
[OPEN]  SHORT | ts=2026-03-24 23:45:00+00:00 | entry=2156.23 | sl=2161.17 | tp=2146.35 | pct_to_tp=0.46% | pct_to_sl=0.23%
[CLOSE] SHORT | entry=2156.23 | exit=2161.17 | reason=SL | net=-166.79 USD | equity=16512.04 USD
W1: Oct 2025 – Jan 2026         trades=242  WR=36%  ret= +17.9%  DD= 21.9%  PF=1.099
W2: Jan 2026 – Apr 2026         trades=205  WR=40%  ret= +47.4%  DD= 12.3%  PF=1.325
