
============================================================
EXP004-v2  |  OUT_OF_SAMPLE
TP multiplier : 1.5x  (EXP002 baseline was 2.0x)
1h data  : data/BTCUSDT_1h_oos_200d.csv
15m data : data/BTCUSDT_15m_oos_180d.csv
============================================================

[OPEN]  SHORT | ts=2025-03-30 03:30:00+00:00 | entry=83209.11 | sl=83353.93 | tp=82991.88 | pct_to_tp=0.26% | pct_to_sl=0.17%
[CLOSE] SHORT | entry=83209.11 | exit=82991.88 | reason=TP | net=+150.00 USD | equity=10150.00 USD
[OPEN]  LONG | ts=2025-03-30 06:30:00+00:00 | entry=83163.86 | sl=82868.96 | tp=83606.21 | pct_to_tp=0.53% | pct_to_sl=0.35%
[CLOSE] LONG | entry=83163.86 | exit=82868.96 | reason=SL | net=-101.50 USD | equity=10048.50 USD
[OPEN]  SHORT | ts=2025-03-30 16:45:00+00:00 | entry=82284.01 | sl=82534.79 | tp=81907.84 | pct_to_tp=0.46% | pct_to_sl=0.30%
[CLOSE] SHORT | entry=82284.01 | exit=82534.79 | reason=SL | net=-100.49 USD | equity=9948.02 USD
[OPEN]  SHORT | ts=2025-03-30 19:15:00+00:00 | entry=82588.43 | sl=82729.49 | tp=82376.84 | pct_to_tp=0.26% | pct_to_sl=0.17%
[CLOSE] SHORT | entry=82588.43 | exit=82376.84 | reason=TP | net=+149.22 USD | equity=10097.24 USD
[OPEN]  SHORT | ts=2025-03-30 23:00:00+00:00 | entry=82230.47 | sl=82442.94 | tp=81911.76 | pct_to_tp=0.39% | pct_to_sl=0.26%
[CLOSE] SHORT | entry=82230.47 | exit=81911.76 | reason=TP | net=+151.46 USD | equity=10248.69 USD
[OPEN]  SHORT | ts=2025-03-31 07:30:00+00:00 | entry=81825.69 | sl=82056.53 | tp=81479.43 | pct_to_tp=0.42% | pct_to_sl=0.28%
[CLOSE] SHORT | entry=81825.69 | exit=82056.53 | reason=SL | net=-102.49 USD | equity=10146.21 USD
[OPEN]  SHORT | ts=2025-03-31 08:45:00+00:00 | entry=81899.15 | sl=82152.87 | tp=81518.57 | pct_to_tp=0.46% | pct_to_sl=0.31%
[CLOSE] SHORT | entry=81899.15 | exit=81518.57 | reason=TP | net=+152.19 USD | equity=10298.40 USD
[OPEN]  SHORT | ts=2025-03-31 12:00:00+00:00 | entry=82003.66 | sl=82284.00 | tp=81583.15 | pct_to_tp=0.51% | pct_to_sl=0.34%
[CLOSE] SHORT | entry=82003.66 | exit=82284.00 | reason=SL | net=-102.98 USD | equity=10195.42 USD
[OPEN]  LONG | ts=2025-03-31 14:00:00+00:00 | entry=83338.48 | sl=82507.49 | tp=84584.96 | pct_to_tp=1.50% | pct_to_sl=1.00%
[CLOSE] LONG | entry=83338.48 | exit=82507.49 | reason=SL | net=-101.95 USD | equity=10093.46 USD
[OPEN]  LONG | ts=2025-04-01 14:30:00+00:00 | entry=83507.99 | sl=82940.00 | tp=84359.98 | pct_to_tp=1.02% | pct_to_sl=0.68%
[CLOSE] LONG | entry=83507.99 | exit=84359.98 | reason=TP | net=+151.40 USD | equity=10244.86 USD
[OPEN]  LONG | ts=2025-04-01 15:30:00+00:00 | entry=85331.24 | sl=84750.46 | tp=86202.41 | pct_to_tp=1.02% | pct_to_sl=0.68%
[CLOSE] LONG | entry=85331.24 | exit=84750.46 | reason=SL | net=-102.45 USD | equity=10142.42 USD
[OPEN]  LONG | ts=2025-04-02 03:00:00+00:00 | entry=84839.99 | sl=84706.21 | tp=85040.66 | pct_to_tp=0.24% | pct_to_sl=0.16%
[CLOSE] LONG | entry=84839.99 | exit=84706.21 | reason=SL | net=-101.42 USD | equity=10040.99 USD
[OPEN]  LONG | ts=2025-04-02 04:00:00+00:00 | entry=84696.53 | sl=84517.00 | tp=84965.82 | pct_to_tp=0.32% | pct_to_sl=0.21%
[CLOSE] LONG | entry=84696.53 | exit=84517.00 | reason=SL | net=-100.41 USD | equity=9940.58 USD
[OPEN]  LONG | ts=2025-04-02 04:45:00+00:00 | entry=84607.00 | sl=84460.11 | tp=84827.33 | pct_to_tp=0.26% | pct_to_sl=0.17%
[CLOSE] LONG | entry=84607.00 | exit=84460.11 | reason=SL | net=-99.41 USD | equity=9841.18 USD
[OPEN]  LONG | ts=2025-04-02 12:30:00+00:00 | entry=84969.57 | sl=84573.98 | tp=85562.96 | pct_to_tp=0.70% | pct_to_sl=0.47%
[CLOSE] LONG | entry=84969.57 | exit=84573.98 | reason=SL | net=-98.41 USD | equity=9742.76 USD
[OPEN]  LONG | ts=2025-04-02 14:15:00+00:00 | entry=85736.26 | sl=85327.39 | tp=86349.56 | pct_to_tp=0.72% | pct_to_sl=0.48%
[CLOSE] LONG | entry=85736.26 | exit=86349.56 | reason=TP | net=+146.14 USD | equity=9888.90 USD
[OPEN]  LONG | ts=2025-04-05 01:00:00+00:00 | entry=83992.29 | sl=83786.86 | tp=84300.43 | pct_to_tp=0.37% | pct_to_sl=0.24%
[CLOSE] LONG | entry=83992.29 | exit=83786.86 | reason=SL | net=-98.89 USD | equity=9790.02 USD
[OPEN]  SHORT | ts=2025-04-05 19:30:00+00:00 | entry=82908.00 | sl=83100.00 | tp=82620.00 | pct_to_tp=0.35% | pct_to_sl=0.23%
[CLOSE] SHORT | entry=82908.00 | exit=83100.00 | reason=SL | net=-97.90 USD | equity=9692.12 USD
[OPEN]  SHORT | ts=2025-04-05 21:45:00+00:00 | entry=82913.89 | sl=83084.42 | tp=82658.10 | pct_to_tp=0.31% | pct_to_sl=0.21%
[CLOSE] SHORT | entry=82913.89 | exit=83084.42 | reason=SL | net=-96.92 USD | equity=9595.19 USD
[OPEN]  SHORT | ts=2025-04-06 11:00:00+00:00 | entry=82752.63 | sl=82921.48 | tp=82499.36 | pct_to_tp=0.31% | pct_to_sl=0.20%
[CLOSE] SHORT | entry=82752.63 | exit=82921.48 | reason=SL | net=-95.95 USD | equity=9499.24 USD
[OPEN]  SHORT | ts=2025-04-06 13:15:00+00:00 | entry=82539.70 | sl=82805.71 | tp=82140.68 | pct_to_tp=0.48% | pct_to_sl=0.32%
[CLOSE] SHORT | entry=82539.70 | exit=82805.71 | reason=SL | net=-94.99 USD | equity=9404.25 USD
[OPEN]  SHORT | ts=2025-04-06 16:00:00+00:00 | entry=82434.42 | sl=82554.15 | tp=82254.83 | pct_to_tp=0.22% | pct_to_sl=0.15%
[CLOSE] SHORT | entry=82434.42 | exit=82254.83 | reason=TP | net=+141.06 USD | equity=9545.31 USD
[OPEN]  SHORT | ts=2025-04-07 16:45:00+00:00 | entry=77434.01 | sl=77916.00 | tp=76711.02 | pct_to_tp=0.93% | pct_to_sl=0.62%
[CLOSE] SHORT | entry=77434.01 | exit=77916.00 | reason=SL | net=-95.45 USD | equity=9449.86 USD
[OPEN]  LONG | ts=2025-04-07 20:15:00+00:00 | entry=78689.45 | sl=78230.01 | tp=79378.61 | pct_to_tp=0.88% | pct_to_sl=0.58%
[CLOSE] LONG | entry=78689.45 | exit=79378.61 | reason=TP | net=+141.75 USD | equity=9591.61 USD
[OPEN]  SHORT | ts=2025-04-09 07:45:00+00:00 | entry=77694.12 | sl=77930.44 | tp=77339.64 | pct_to_tp=0.46% | pct_to_sl=0.30%
[CLOSE] SHORT | entry=77694.12 | exit=77339.64 | reason=TP | net=+143.87 USD | equity=9735.48 USD
[OPEN]  SHORT | ts=2025-04-09 09:15:00+00:00 | entry=77246.52 | sl=77380.00 | tp=77046.30 | pct_to_tp=0.26% | pct_to_sl=0.17%
[CLOSE] SHORT | entry=77246.52 | exit=77380.00 | reason=SL | net=-97.35 USD | equity=9638.13 USD
[OPEN]  LONG | ts=2025-04-09 17:15:00+00:00 | entry=80820.66 | sl=77649.99 | tp=85576.67 | pct_to_tp=5.88% | pct_to_sl=3.92%
[CLOSE] LONG | entry=80820.66 | exit=85576.67 | reason=TP | net=+144.57 USD | equity=9782.70 USD
[OPEN]  LONG | ts=2025-04-13 03:30:00+00:00 | entry=85499.99 | sl=85315.35 | tp=85776.95 | pct_to_tp=0.32% | pct_to_sl=0.22%
[CLOSE] LONG | entry=85499.99 | exit=85315.35 | reason=SL | net=-97.83 USD | equity=9684.87 USD
[OPEN]  LONG | ts=2025-04-13 05:15:00+00:00 | entry=84639.08 | sl=84456.27 | tp=84913.29 | pct_to_tp=0.32% | pct_to_sl=0.22%
[CLOSE] LONG | entry=84639.08 | exit=84456.27 | reason=SL | net=-96.85 USD | equity=9588.02 USD
[OPEN]  LONG | ts=2025-04-13 07:00:00+00:00 | entry=84759.89 | sl=84601.81 | tp=84997.01 | pct_to_tp=0.28% | pct_to_sl=0.19%
[CLOSE] LONG | entry=84759.89 | exit=84601.81 | reason=SL | net=-95.88 USD | equity=9492.14 USD
[OPEN]  SHORT | ts=2025-04-13 08:00:00+00:00 | entry=84304.09 | sl=84444.38 | tp=84093.65 | pct_to_tp=0.25% | pct_to_sl=0.17%
[CLOSE] SHORT | entry=84304.09 | exit=84444.38 | reason=SL | net=-94.92 USD | equity=9397.22 USD
[OPEN]  SHORT | ts=2025-04-13 09:00:00+00:00 | entry=84582.31 | sl=84714.00 | tp=84384.77 | pct_to_tp=0.23% | pct_to_sl=0.16%
[CLOSE] SHORT | entry=84582.31 | exit=84714.00 | reason=SL | net=-93.97 USD | equity=9303.25 USD
[OPEN]  SHORT | ts=2025-04-13 10:15:00+00:00 | entry=84563.98 | sl=84830.88 | tp=84163.63 | pct_to_tp=0.47% | pct_to_sl=0.32%
[CLOSE] SHORT | entry=84563.98 | exit=84163.63 | reason=TP | net=+139.55 USD | equity=9442.80 USD
[OPEN]  SHORT | ts=2025-04-13 19:30:00+00:00 | entry=83530.86 | sl=84563.90 | tp=81981.30 | pct_to_tp=1.86% | pct_to_sl=1.24%
[CLOSE] SHORT | entry=83530.86 | exit=84563.90 | reason=SL | net=-94.43 USD | equity=9348.37 USD
[OPEN]  LONG | ts=2025-04-14 04:15:00+00:00 | entry=84814.91 | sl=84415.25 | tp=85414.40 | pct_to_tp=0.71% | pct_to_sl=0.47%
[CLOSE] LONG | entry=84814.91 | exit=84415.25 | reason=SL | net=-93.48 USD | equity=9254.89 USD
[OPEN]  LONG | ts=2025-04-14 05:45:00+00:00 | entry=84575.18 | sl=84361.83 | tp=84895.20 | pct_to_tp=0.38% | pct_to_sl=0.25%
[CLOSE] LONG | entry=84575.18 | exit=84361.83 | reason=SL | net=-92.55 USD | equity=9162.34 USD
[OPEN]  LONG | ts=2025-04-14 06:30:00+00:00 | entry=84541.74 | sl=84330.00 | tp=84859.35 | pct_to_tp=0.38% | pct_to_sl=0.25%
[CLOSE] LONG | entry=84541.74 | exit=84330.00 | reason=SL | net=-91.62 USD | equity=9070.72 USD
[OPEN]  LONG | ts=2025-04-14 07:45:00+00:00 | entry=84580.76 | sl=84428.41 | tp=84809.28 | pct_to_tp=0.27% | pct_to_sl=0.18%
[CLOSE] LONG | entry=84580.76 | exit=84809.28 | reason=TP | net=+136.06 USD | equity=9206.78 USD
[OPEN]  LONG | ts=2025-04-14 09:00:00+00:00 | entry=84868.75 | sl=84740.86 | tp=85060.58 | pct_to_tp=0.23% | pct_to_sl=0.15%
[CLOSE] LONG | entry=84868.75 | exit=84740.86 | reason=SL | net=-92.07 USD | equity=9114.71 USD
[OPEN]  LONG | ts=2025-04-14 10:15:00+00:00 | entry=84628.90 | sl=84391.30 | tp=84985.30 | pct_to_tp=0.42% | pct_to_sl=0.28%
[CLOSE] LONG | entry=84628.90 | exit=84985.30 | reason=TP | net=+136.72 USD | equity=9251.43 USD
[OPEN]  LONG | ts=2025-04-14 12:15:00+00:00 | entry=85032.01 | sl=84752.01 | tp=85452.01 | pct_to_tp=0.49% | pct_to_sl=0.33%
[CLOSE] LONG | entry=85032.01 | exit=84752.01 | reason=SL | net=-92.51 USD | equity=9158.91 USD
[OPEN]  LONG | ts=2025-04-14 14:15:00+00:00 | entry=85074.28 | sl=84448.32 | tp=86013.22 | pct_to_tp=1.10% | pct_to_sl=0.74%
[CLOSE] LONG | entry=85074.28 | exit=84448.32 | reason=SL | net=-91.59 USD | equity=9067.33 USD
[OPEN]  LONG | ts=2025-04-14 17:45:00+00:00 | entry=84859.73 | sl=84525.41 | tp=85361.21 | pct_to_tp=0.59% | pct_to_sl=0.39%
[CLOSE] LONG | entry=84859.73 | exit=84525.41 | reason=SL | net=-90.67 USD | equity=8976.65 USD
[OPEN]  LONG | ts=2025-04-15 01:15:00+00:00 | entry=84923.22 | sl=84671.01 | tp=85301.54 | pct_to_tp=0.45% | pct_to_sl=0.30%
[CLOSE] LONG | entry=84923.22 | exit=85301.54 | reason=TP | net=+134.65 USD | equity=9111.30 USD
[OPEN]  LONG | ts=2025-04-15 12:45:00+00:00 | entry=85819.74 | sl=85495.65 | tp=86305.88 | pct_to_tp=0.57% | pct_to_sl=0.38%
[CLOSE] LONG | entry=85819.74 | exit=86305.88 | reason=TP | net=+136.67 USD | equity=9247.97 USD
[OPEN]  SHORT | ts=2025-04-16 09:30:00+00:00 | entry=83733.92 | sl=83820.00 | tp=83604.80 | pct_to_tp=0.15% | pct_to_sl=0.10%
[CLOSE] SHORT | entry=83733.92 | exit=83604.80 | reason=TP | net=+138.72 USD | equity=9386.69 USD
[OPEN]  SHORT | ts=2025-04-16 12:45:00+00:00 | entry=83757.72 | sl=83928.91 | tp=83500.93 | pct_to_tp=0.31% | pct_to_sl=0.20%
[CLOSE] SHORT | entry=83757.72 | exit=83928.91 | reason=SL | net=-93.87 USD | equity=9292.82 USD
[OPEN]  SHORT | ts=2025-04-16 13:45:00+00:00 | entry=83736.37 | sl=84079.46 | tp=83221.73 | pct_to_tp=0.61% | pct_to_sl=0.41%
[CLOSE] SHORT | entry=83736.37 | exit=84079.46 | reason=SL | net=-92.93 USD | equity=9199.90 USD
[OPEN]  LONG | ts=2025-04-17 20:00:00+00:00 | entry=85023.67 | sl=84849.05 | tp=85285.60 | pct_to_tp=0.31% | pct_to_sl=0.21%
[CLOSE] LONG | entry=85023.67 | exit=84849.05 | reason=SL | net=-92.00 USD | equity=9107.90 USD
[OPEN]  LONG | ts=2025-04-17 23:00:00+00:00 | entry=84921.29 | sl=84720.22 | tp=85222.89 | pct_to_tp=0.36% | pct_to_sl=0.24%
[CLOSE] LONG | entry=84921.29 | exit=84720.22 | reason=SL | net=-91.08 USD | equity=9016.82 USD
[OPEN]  LONG | ts=2025-04-19 08:15:00+00:00 | entry=85227.25 | sl=85115.45 | tp=85394.95 | pct_to_tp=0.20% | pct_to_sl=0.13%
[CLOSE] LONG | entry=85227.25 | exit=85394.95 | reason=TP | net=+135.25 USD | equity=9152.07 USD
[OPEN]  LONG | ts=2025-04-19 21:00:00+00:00 | entry=85320.75 | sl=85183.20 | tp=85527.08 | pct_to_tp=0.24% | pct_to_sl=0.16%
[CLOSE] LONG | entry=85320.75 | exit=85183.20 | reason=SL | net=-91.52 USD | equity=9060.55 USD
[OPEN]  SHORT | ts=2025-04-20 15:15:00+00:00 | entry=84381.11 | sl=84546.58 | tp=84132.90 | pct_to_tp=0.29% | pct_to_sl=0.20%
[CLOSE] SHORT | entry=84381.11 | exit=84546.58 | reason=SL | net=-90.61 USD | equity=8969.94 USD
[OPEN]  LONG | ts=2025-04-21 12:00:00+00:00 | entry=87320.76 | sl=86962.46 | tp=87858.21 | pct_to_tp=0.62% | pct_to_sl=0.41%
[CLOSE] LONG | entry=87320.76 | exit=86962.46 | reason=SL | net=-89.70 USD | equity=8880.24 USD
[OPEN]  LONG | ts=2025-04-21 14:00:00+00:00 | entry=87673.01 | sl=86943.39 | tp=88767.44 | pct_to_tp=1.25% | pct_to_sl=0.83%
[CLOSE] LONG | entry=87673.01 | exit=86943.39 | reason=SL | net=-88.80 USD | equity=8791.44 USD
[OPEN]  LONG | ts=2025-04-21 19:00:00+00:00 | entry=87048.85 | sl=86712.50 | tp=87553.38 | pct_to_tp=0.58% | pct_to_sl=0.39%
[CLOSE] LONG | entry=87048.85 | exit=87553.38 | reason=TP | net=+131.87 USD | equity=8923.31 USD
[OPEN]  LONG | ts=2025-04-22 00:45:00+00:00 | entry=87709.85 | sl=87226.62 | tp=88434.70 | pct_to_tp=0.83% | pct_to_sl=0.55%
[CLOSE] LONG | entry=87709.85 | exit=88434.70 | reason=TP | net=+133.85 USD | equity=9057.16 USD
[OPEN]  LONG | ts=2025-04-23 15:45:00+00:00 | entry=93195.28 | sl=92551.89 | tp=94160.36 | pct_to_tp=1.04% | pct_to_sl=0.69%
[CLOSE] LONG | entry=93195.28 | exit=94160.36 | reason=TP | net=+135.86 USD | equity=9193.02 USD
[OPEN]  LONG | ts=2025-04-23 20:00:00+00:00 | entry=93644.06 | sl=93476.20 | tp=93895.85 | pct_to_tp=0.27% | pct_to_sl=0.18%
[CLOSE] LONG | entry=93644.06 | exit=93895.85 | reason=TP | net=+137.90 USD | equity=9330.92 USD
[OPEN]  LONG | ts=2025-04-23 22:15:00+00:00 | entry=93410.30 | sl=93273.35 | tp=93615.73 | pct_to_tp=0.22% | pct_to_sl=0.15%
[CLOSE] LONG | entry=93410.30 | exit=93615.73 | reason=TP | net=+139.96 USD | equity=9470.88 USD
[OPEN]  LONG | ts=2025-04-23 22:45:00+00:00 | entry=93790.19 | sl=93714.47 | tp=93903.77 | pct_to_tp=0.12% | pct_to_sl=0.08%
[CLOSE] LONG | entry=93790.19 | exit=93714.47 | reason=SL | net=-94.71 USD | equity=9376.17 USD
[OPEN]  LONG | ts=2025-04-23 23:45:00+00:00 | entry=93691.08 | sl=93525.44 | tp=93939.54 | pct_to_tp=0.27% | pct_to_sl=0.18%
[CLOSE] LONG | entry=93691.08 | exit=93525.44 | reason=SL | net=-93.76 USD | equity=9282.41 USD
[OPEN]  LONG | ts=2025-04-24 01:30:00+00:00 | entry=93461.20 | sl=93285.72 | tp=93724.42 | pct_to_tp=0.28% | pct_to_sl=0.19%
[CLOSE] LONG | entry=93461.20 | exit=93285.72 | reason=SL | net=-92.82 USD | equity=9189.59 USD
[OPEN]  LONG | ts=2025-04-24 03:15:00+00:00 | entry=93283.15 | sl=93139.99 | tp=93497.89 | pct_to_tp=0.23% | pct_to_sl=0.15%
[CLOSE] LONG | entry=93283.15 | exit=93139.99 | reason=SL | net=-91.90 USD | equity=9097.69 USD
[OPEN]  LONG | ts=2025-04-24 16:00:00+00:00 | entry=93460.48 | sl=93202.51 | tp=93847.43 | pct_to_tp=0.41% | pct_to_sl=0.28%
[CLOSE] LONG | entry=93460.48 | exit=93202.51 | reason=SL | net=-90.98 USD | equity=9006.71 USD
[OPEN]  LONG | ts=2025-04-24 18:00:00+00:00 | entry=93315.39 | sl=92999.07 | tp=93789.87 | pct_to_tp=0.51% | pct_to_sl=0.34%
[CLOSE] LONG | entry=93315.39 | exit=93789.87 | reason=TP | net=+135.10 USD | equity=9141.81 USD
[OPEN]  LONG | ts=2025-04-25 00:30:00+00:00 | entry=93895.38 | sl=93604.80 | tp=94331.25 | pct_to_tp=0.46% | pct_to_sl=0.31%
[CLOSE] LONG | entry=93895.38 | exit=94331.25 | reason=TP | net=+137.13 USD | equity=9278.94 USD
[OPEN]  LONG | ts=2025-04-25 03:30:00+00:00 | entry=93317.10 | sl=93131.26 | tp=93595.86 | pct_to_tp=0.30% | pct_to_sl=0.20%
[CLOSE] LONG | entry=93317.10 | exit=93131.26 | reason=SL | net=-92.79 USD | equity=9186.15 USD
[OPEN]  LONG | ts=2025-04-25 05:00:00+00:00 | entry=93336.83 | sl=93013.56 | tp=93821.74 | pct_to_tp=0.52% | pct_to_sl=0.35%
[CLOSE] LONG | entry=93336.83 | exit=93821.74 | reason=TP | net=+137.79 USD | equity=9323.94 USD
[OPEN]  LONG | ts=2025-04-25 08:15:00+00:00 | entry=93808.38 | sl=93624.63 | tp=94084.01 | pct_to_tp=0.29% | pct_to_sl=0.20%
[CLOSE] LONG | entry=93808.38 | exit=93624.63 | reason=SL | net=-93.24 USD | equity=9230.70 USD
[OPEN]  LONG | ts=2025-04-25 11:00:00+00:00 | entry=94015.88 | sl=93634.02 | tp=94588.67 | pct_to_tp=0.61% | pct_to_sl=0.41%
[CLOSE] LONG | entry=94015.88 | exit=94588.67 | reason=TP | net=+138.46 USD | equity=9369.16 USD
[OPEN]  LONG | ts=2025-04-25 12:30:00+00:00 | entry=94766.59 | sl=94395.31 | tp=95323.51 | pct_to_tp=0.59% | pct_to_sl=0.39%
[CLOSE] LONG | entry=94766.59 | exit=94395.31 | reason=SL | net=-93.69 USD | equity=9275.47 USD
[OPEN]  LONG | ts=2025-04-25 22:00:00+00:00 | entry=94803.11 | sl=94587.21 | tp=95126.96 | pct_to_tp=0.34% | pct_to_sl=0.23%
[CLOSE] LONG | entry=94803.11 | exit=94587.21 | reason=SL | net=-92.75 USD | equity=9182.72 USD
[OPEN]  LONG | ts=2025-04-26 00:45:00+00:00 | entry=94880.69 | sl=94527.84 | tp=95409.97 | pct_to_tp=0.56% | pct_to_sl=0.37%
[CLOSE] LONG | entry=94880.69 | exit=94527.84 | reason=SL | net=-91.83 USD | equity=9090.89 USD
[OPEN]  LONG | ts=2025-04-26 06:00:00+00:00 | entry=94698.99 | sl=94583.91 | tp=94871.61 | pct_to_tp=0.18% | pct_to_sl=0.12%
[CLOSE] LONG | entry=94698.99 | exit=94583.91 | reason=SL | net=-90.91 USD | equity=8999.98 USD
[OPEN]  SHORT | ts=2025-04-26 23:30:00+00:00 | entry=94623.01 | sl=94737.62 | tp=94451.10 | pct_to_tp=0.18% | pct_to_sl=0.12%
[CLOSE] SHORT | entry=94623.01 | exit=94737.62 | reason=SL | net=-90.00 USD | equity=8909.98 USD
[OPEN]  LONG | ts=2025-04-27 00:15:00+00:00 | entry=94949.49 | sl=94773.15 | tp=95214.00 | pct_to_tp=0.28% | pct_to_sl=0.19%
[CLOSE] LONG | entry=94949.49 | exit=95214.00 | reason=TP | net=+133.65 USD | equity=9043.63 USD
[OPEN]  LONG | ts=2025-04-28 11:15:00+00:00 | entry=95487.20 | sl=95257.15 | tp=95832.27 | pct_to_tp=0.36% | pct_to_sl=0.24%
[CLOSE] LONG | entry=95487.20 | exit=95257.15 | reason=SL | net=-90.44 USD | equity=8953.20 USD
[OPEN]  LONG | ts=2025-04-28 23:00:00+00:00 | entry=94986.57 | sl=94792.52 | tp=95277.65 | pct_to_tp=0.31% | pct_to_sl=0.20%
[CLOSE] LONG | entry=94986.57 | exit=95277.65 | reason=TP | net=+134.30 USD | equity=9087.49 USD
[OPEN]  LONG | ts=2025-04-29 04:15:00+00:00 | entry=94857.25 | sl=94701.29 | tp=95091.19 | pct_to_tp=0.25% | pct_to_sl=0.16%
[CLOSE] LONG | entry=94857.25 | exit=94701.29 | reason=SL | net=-90.87 USD | equity=8996.62 USD
[OPEN]  LONG | ts=2025-04-29 11:00:00+00:00 | entry=95200.00 | sl=94810.63 | tp=95784.05 | pct_to_tp=0.61% | pct_to_sl=0.41%
[CLOSE] LONG | entry=95200.00 | exit=94810.63 | reason=SL | net=-89.97 USD | equity=8906.65 USD
[OPEN]  LONG | ts=2025-04-29 14:30:00+00:00 | entry=95145.72 | sl=94700.00 | tp=95814.30 | pct_to_tp=0.70% | pct_to_sl=0.47%
[CLOSE] LONG | entry=95145.72 | exit=94700.00 | reason=SL | net=-89.07 USD | equity=8817.59 USD
[OPEN]  LONG | ts=2025-04-29 17:15:00+00:00 | entry=95221.19 | sl=95013.76 | tp=95532.34 | pct_to_tp=0.33% | pct_to_sl=0.22%
[CLOSE] LONG | entry=95221.19 | exit=95013.76 | reason=SL | net=-88.18 USD | equity=8729.41 USD
[OPEN]  SHORT | ts=2025-04-29 23:00:00+00:00 | entry=93819.99 | sl=94164.88 | tp=93302.65 | pct_to_tp=0.55% | pct_to_sl=0.37%
[CLOSE] SHORT | entry=93819.99 | exit=94164.88 | reason=SL | net=-87.29 USD | equity=8642.12 USD
[OPEN]  SHORT | ts=2025-04-30 19:15:00+00:00 | entry=93797.90 | sl=94110.00 | tp=93329.75 | pct_to_tp=0.50% | pct_to_sl=0.33%
[CLOSE] SHORT | entry=93797.90 | exit=94110.00 | reason=SL | net=-86.42 USD | equity=8555.69 USD
[OPEN]  LONG | ts=2025-05-01 08:15:00+00:00 | entry=95149.99 | sl=95017.31 | tp=95349.01 | pct_to_tp=0.21% | pct_to_sl=0.14%
[CLOSE] LONG | entry=95149.99 | exit=95349.01 | reason=TP | net=+128.34 USD | equity=8684.03 USD
[OPEN]  LONG | ts=2025-05-02 00:00:00+00:00 | entry=96619.04 | sl=96466.21 | tp=96848.28 | pct_to_tp=0.24% | pct_to_sl=0.16%
[CLOSE] LONG | entry=96619.04 | exit=96848.28 | reason=TP | net=+130.26 USD | equity=8814.29 USD
[OPEN]  LONG | ts=2025-05-02 00:45:00+00:00 | entry=97042.97 | sl=96792.45 | tp=97418.75 | pct_to_tp=0.39% | pct_to_sl=0.26%
[CLOSE] LONG | entry=97042.97 | exit=96792.45 | reason=SL | net=-88.14 USD | equity=8726.15 USD
[OPEN]  LONG | ts=2025-05-02 08:00:00+00:00 | entry=96567.54 | sl=96350.00 | tp=96893.85 | pct_to_tp=0.34% | pct_to_sl=0.23%
[CLOSE] LONG | entry=96567.54 | exit=96893.85 | reason=TP | net=+130.89 USD | equity=8857.04 USD
[OPEN]  LONG | ts=2025-05-02 11:00:00+00:00 | entry=97000.01 | sl=96888.00 | tp=97168.02 | pct_to_tp=0.17% | pct_to_sl=0.12%
[CLOSE] LONG | entry=97000.01 | exit=96888.00 | reason=SL | net=-88.57 USD | equity=8768.47 USD
[OPEN]  LONG | ts=2025-05-02 13:15:00+00:00 | entry=96962.27 | sl=96768.69 | tp=97252.64 | pct_to_tp=0.30% | pct_to_sl=0.20%
[CLOSE] LONG | entry=96962.27 | exit=96768.69 | reason=SL | net=-87.68 USD | equity=8680.78 USD
[OPEN]  LONG | ts=2025-05-02 14:15:00+00:00 | entry=97162.70 | sl=96804.99 | tp=97699.26 | pct_to_tp=0.55% | pct_to_sl=0.37%
[CLOSE] LONG | entry=97162.70 | exit=97699.26 | reason=TP | net=+130.21 USD | equity=8811.00 USD
[OPEN]  LONG | ts=2025-05-02 15:30:00+00:00 | entry=97429.51 | sl=97092.90 | tp=97934.42 | pct_to_tp=0.52% | pct_to_sl=0.35%
[CLOSE] LONG | entry=97429.51 | exit=97092.90 | reason=SL | net=-88.11 USD | equity=8722.89 USD
[OPEN]  LONG | ts=2025-05-02 18:00:00+00:00 | entry=97523.99 | sl=97365.44 | tp=97761.82 | pct_to_tp=0.24% | pct_to_sl=0.16%
[CLOSE] LONG | entry=97523.99 | exit=97365.44 | reason=SL | net=-87.23 USD | equity=8635.66 USD
[OPEN]  SHORT | ts=2025-05-04 08:15:00+00:00 | entry=95672.66 | sl=95884.04 | tp=95355.59 | pct_to_tp=0.33% | pct_to_sl=0.22%
[CLOSE] SHORT | entry=95672.66 | exit=95355.59 | reason=TP | net=+129.53 USD | equity=8765.19 USD
[OPEN]  SHORT | ts=2025-05-04 15:30:00+00:00 | entry=95460.41 | sl=95598.54 | tp=95253.22 | pct_to_tp=0.22% | pct_to_sl=0.14%
[CLOSE] SHORT | entry=95460.41 | exit=95253.22 | reason=TP | net=+131.48 USD | equity=8896.67 USD
[OPEN]  SHORT | ts=2025-05-04 22:00:00+00:00 | entry=95207.16 | sl=95690.48 | tp=94482.18 | pct_to_tp=0.76% | pct_to_sl=0.51%
[CLOSE] SHORT | entry=95207.16 | exit=94482.18 | reason=TP | net=+133.45 USD | equity=9030.12 USD
[OPEN]  SHORT | ts=2025-05-04 23:30:00+00:00 | entry=94151.39 | sl=94521.30 | tp=93596.52 | pct_to_tp=0.59% | pct_to_sl=0.39%
[CLOSE] SHORT | entry=94151.39 | exit=94521.30 | reason=SL | net=-90.30 USD | equity=8939.82 USD
[OPEN]  SHORT | ts=2025-05-05 07:00:00+00:00 | entry=94591.79 | sl=94825.46 | tp=94241.28 | pct_to_tp=0.37% | pct_to_sl=0.25%
[CLOSE] SHORT | entry=94591.79 | exit=94241.28 | reason=TP | net=+134.10 USD | equity=9073.92 USD
[OPEN]  SHORT | ts=2025-05-05 19:30:00+00:00 | entry=94499.99 | sl=94683.93 | tp=94224.08 | pct_to_tp=0.29% | pct_to_sl=0.19%
[CLOSE] SHORT | entry=94499.99 | exit=94224.08 | reason=TP | net=+136.11 USD | equity=9210.03 USD
[OPEN]  LONG | ts=2025-05-06 02:45:00+00:00 | entry=94334.99 | sl=94153.98 | tp=94606.51 | pct_to_tp=0.29% | pct_to_sl=0.19%
[CLOSE] LONG | entry=94334.99 | exit=94606.51 | reason=TP | net=+138.15 USD | equity=9348.18 USD
[OPEN]  SHORT | ts=2025-05-06 08:00:00+00:00 | entry=94203.81 | sl=94400.99 | tp=93908.04 | pct_to_tp=0.31% | pct_to_sl=0.21%
[CLOSE] SHORT | entry=94203.81 | exit=93908.04 | reason=TP | net=+140.22 USD | equity=9488.40 USD
[OPEN]  SHORT | ts=2025-05-06 11:15:00+00:00 | entry=93890.36 | sl=94059.36 | tp=93636.86 | pct_to_tp=0.27% | pct_to_sl=0.18%
[CLOSE] SHORT | entry=93890.36 | exit=93636.86 | reason=TP | net=+142.33 USD | equity=9630.72 USD
[OPEN]  LONG | ts=2025-05-06 23:15:00+00:00 | entry=96628.25 | sl=96193.95 | tp=97279.70 | pct_to_tp=0.67% | pct_to_sl=0.45%
[CLOSE] LONG | entry=96628.25 | exit=97279.70 | reason=TP | net=+144.46 USD | equity=9775.19 USD
[OPEN]  LONG | ts=2025-05-07 20:00:00+00:00 | entry=96403.99 | sl=96076.92 | tp=96894.60 | pct_to_tp=0.51% | pct_to_sl=0.34%
[CLOSE] LONG | entry=96403.99 | exit=96894.60 | reason=TP | net=+146.63 USD | equity=9921.81 USD
[OPEN]  LONG | ts=2025-05-07 22:30:00+00:00 | entry=97239.36 | sl=97020.54 | tp=97567.59 | pct_to_tp=0.34% | pct_to_sl=0.23%
[CLOSE] LONG | entry=97239.36 | exit=97020.54 | reason=SL | net=-99.22 USD | equity=9822.59 USD
[OPEN]  LONG | ts=2025-05-09 17:15:00+00:00 | entry=103031.40 | sl=102780.34 | tp=103407.99 | pct_to_tp=0.37% | pct_to_sl=0.24%
[CLOSE] LONG | entry=103031.40 | exit=103407.99 | reason=TP | net=+147.34 USD | equity=9969.93 USD
[OPEN]  LONG | ts=2025-05-09 23:00:00+00:00 | entry=102870.00 | sl=102736.59 | tp=103070.12 | pct_to_tp=0.19% | pct_to_sl=0.13%
[CLOSE] LONG | entry=102870.00 | exit=103070.12 | reason=TP | net=+149.55 USD | equity=10119.48 USD
[OPEN]  LONG | ts=2025-05-10 01:00:00+00:00 | entry=102957.63 | sl=102865.70 | tp=103095.53 | pct_to_tp=0.13% | pct_to_sl=0.09%
[CLOSE] LONG | entry=102957.63 | exit=103095.53 | reason=TP | net=+151.79 USD | equity=10271.27 USD
[OPEN]  LONG | ts=2025-05-10 02:00:00+00:00 | entry=103052.01 | sl=102960.46 | tp=103189.33 | pct_to_tp=0.13% | pct_to_sl=0.09%
[CLOSE] LONG | entry=103052.01 | exit=102960.46 | reason=SL | net=-102.71 USD | equity=10168.56 USD
[OPEN]  LONG | ts=2025-05-10 02:30:00+00:00 | entry=103185.24 | sl=103003.23 | tp=103458.26 | pct_to_tp=0.26% | pct_to_sl=0.18%
[CLOSE] LONG | entry=103185.24 | exit=103003.23 | reason=SL | net=-101.69 USD | equity=10066.88 USD
[OPEN]  LONG | ts=2025-05-10 03:30:00+00:00 | entry=103180.00 | sl=103023.33 | tp=103415.01 | pct_to_tp=0.23% | pct_to_sl=0.15%
[CLOSE] LONG | entry=103180.00 | exit=103415.01 | reason=TP | net=+151.00 USD | equity=10217.88 USD
[OPEN]  LONG | ts=2025-05-10 06:15:00+00:00 | entry=103715.91 | sl=103389.87 | tp=104204.97 | pct_to_tp=0.47% | pct_to_sl=0.31%
[CLOSE] LONG | entry=103715.91 | exit=103389.87 | reason=SL | net=-102.18 USD | equity=10115.70 USD
[OPEN]  LONG | ts=2025-05-10 12:00:00+00:00 | entry=103605.56 | sl=103421.50 | tp=103881.65 | pct_to_tp=0.27% | pct_to_sl=0.18%
[CLOSE] LONG | entry=103605.56 | exit=103421.50 | reason=SL | net=-101.16 USD | equity=10014.54 USD
[OPEN]  LONG | ts=2025-05-10 14:30:00+00:00 | entry=103543.69 | sl=103475.21 | tp=103646.41 | pct_to_tp=0.10% | pct_to_sl=0.07%
[CLOSE] LONG | entry=103543.69 | exit=103475.21 | reason=SL | net=-100.15 USD | equity=9914.40 USD
[OPEN]  LONG | ts=2025-05-10 16:00:00+00:00 | entry=103253.19 | sl=103127.69 | tp=103441.44 | pct_to_tp=0.18% | pct_to_sl=0.12%
[CLOSE] LONG | entry=103253.19 | exit=103441.44 | reason=TP | net=+148.72 USD | equity=10063.11 USD
[OPEN]  LONG | ts=2025-05-10 18:00:00+00:00 | entry=103314.29 | sl=103156.00 | tp=103551.72 | pct_to_tp=0.23% | pct_to_sl=0.15%
[CLOSE] LONG | entry=103314.29 | exit=103156.00 | reason=SL | net=-100.63 USD | equity=9962.48 USD
[OPEN]  SHORT | ts=2025-05-10 19:00:00+00:00 | entry=103085.53 | sl=103265.26 | tp=102815.93 | pct_to_tp=0.26% | pct_to_sl=0.17%
[CLOSE] SHORT | entry=103085.53 | exit=103265.26 | reason=SL | net=-99.62 USD | equity=9862.86 USD
[OPEN]  SHORT | ts=2025-05-10 20:45:00+00:00 | entry=103193.43 | sl=103317.47 | tp=103007.37 | pct_to_tp=0.18% | pct_to_sl=0.12%
[CLOSE] SHORT | entry=103193.43 | exit=103317.47 | reason=SL | net=-98.63 USD | equity=9764.23 USD
[OPEN]  SHORT | ts=2025-05-10 21:15:00+00:00 | entry=103229.60 | sl=103273.74 | tp=103163.39 | pct_to_tp=0.06% | pct_to_sl=0.04%
[CLOSE] SHORT | entry=103229.60 | exit=103273.74 | reason=SL | net=-97.64 USD | equity=9666.59 USD
[OPEN]  SHORT | ts=2025-05-10 22:00:00+00:00 | entry=103588.60 | sl=103793.66 | tp=103281.01 | pct_to_tp=0.30% | pct_to_sl=0.20%
[CLOSE] SHORT | entry=103588.60 | exit=103793.66 | reason=SL | net=-96.67 USD | equity=9569.92 USD
[OPEN]  LONG | ts=2025-05-10 23:00:00+00:00 | entry=103988.99 | sl=103571.42 | tp=104615.35 | pct_to_tp=0.60% | pct_to_sl=0.40%
[CLOSE] LONG | entry=103988.99 | exit=104615.35 | reason=TP | net=+143.55 USD | equity=9713.47 USD
[OPEN]  LONG | ts=2025-05-10 23:45:00+00:00 | entry=104809.53 | sl=104362.11 | tp=105480.66 | pct_to_tp=0.64% | pct_to_sl=0.43%
[CLOSE] LONG | entry=104809.53 | exit=104362.11 | reason=SL | net=-97.13 USD | equity=9616.34 USD
[OPEN]  LONG | ts=2025-05-11 00:30:00+00:00 | entry=104414.84 | sl=103926.48 | tp=105147.38 | pct_to_tp=0.70% | pct_to_sl=0.47%
[CLOSE] LONG | entry=104414.84 | exit=103926.48 | reason=SL | net=-96.16 USD | equity=9520.17 USD
[OPEN]  LONG | ts=2025-05-11 03:15:00+00:00 | entry=104000.00 | sl=103793.65 | tp=104309.53 | pct_to_tp=0.30% | pct_to_sl=0.20%
[CLOSE] LONG | entry=104000.00 | exit=103793.65 | reason=SL | net=-95.20 USD | equity=9424.97 USD
[OPEN]  LONG | ts=2025-05-11 04:00:00+00:00 | entry=104334.37 | sl=103997.44 | tp=104839.76 | pct_to_tp=0.48% | pct_to_sl=0.32%
[CLOSE] LONG | entry=104334.37 | exit=103997.44 | reason=SL | net=-94.25 USD | equity=9330.72 USD
[OPEN]  LONG | ts=2025-05-11 06:15:00+00:00 | entry=103952.39 | sl=103794.68 | tp=104188.96 | pct_to_tp=0.23% | pct_to_sl=0.15%
[CLOSE] LONG | entry=103952.39 | exit=103794.68 | reason=SL | net=-93.31 USD | equity=9237.41 USD
[OPEN]  LONG | ts=2025-05-11 08:00:00+00:00 | entry=103799.99 | sl=103380.95 | tp=104428.55 | pct_to_tp=0.61% | pct_to_sl=0.40%
[CLOSE] LONG | entry=103799.99 | exit=104428.55 | reason=TP | net=+138.56 USD | equity=9375.98 USD
[OPEN]  LONG | ts=2025-05-11 10:15:00+00:00 | entry=104492.07 | sl=104193.66 | tp=104939.69 | pct_to_tp=0.43% | pct_to_sl=0.29%
[CLOSE] LONG | entry=104492.07 | exit=104193.66 | reason=SL | net=-93.76 USD | equity=9282.22 USD
[OPEN]  LONG | ts=2025-05-11 14:30:00+00:00 | entry=104242.25 | sl=103880.00 | tp=104785.62 | pct_to_tp=0.52% | pct_to_sl=0.35%
[CLOSE] LONG | entry=104242.25 | exit=103880.00 | reason=SL | net=-92.82 USD | equity=9189.39 USD
[OPEN]  LONG | ts=2025-05-11 18:30:00+00:00 | entry=104488.58 | sl=103857.14 | tp=105435.74 | pct_to_tp=0.91% | pct_to_sl=0.60%
[CLOSE] LONG | entry=104488.58 | exit=103857.14 | reason=SL | net=-91.89 USD | equity=9097.50 USD
[OPEN]  LONG | ts=2025-05-12 00:00:00+00:00 | entry=104328.04 | sl=104074.15 | tp=104708.88 | pct_to_tp=0.37% | pct_to_sl=0.24%
[CLOSE] LONG | entry=104328.04 | exit=104708.88 | reason=TP | net=+136.46 USD | equity=9233.96 USD
[OPEN]  SHORT | ts=2025-05-12 07:30:00+00:00 | entry=104727.97 | sl=105700.00 | tp=103269.93 | pct_to_tp=1.39% | pct_to_sl=0.93%
[CLOSE] SHORT | entry=104727.97 | exit=103269.93 | reason=TP | net=+138.51 USD | equity=9372.47 USD
[OPEN]  SHORT | ts=2025-05-12 14:45:00+00:00 | entry=102799.99 | sl=103449.00 | tp=101826.48 | pct_to_tp=0.95% | pct_to_sl=0.63%
[CLOSE] SHORT | entry=102799.99 | exit=101826.48 | reason=TP | net=+140.59 USD | equity=9513.06 USD
[OPEN]  SHORT | ts=2025-05-13 00:00:00+00:00 | entry=102584.04 | sl=102791.32 | tp=102273.12 | pct_to_tp=0.30% | pct_to_sl=0.20%
[CLOSE] SHORT | entry=102584.04 | exit=102273.12 | reason=TP | net=+142.70 USD | equity=9655.75 USD
[OPEN]  SHORT | ts=2025-05-13 03:15:00+00:00 | entry=101602.31 | sl=102058.05 | tp=100918.70 | pct_to_tp=0.67% | pct_to_sl=0.45%
[CLOSE] SHORT | entry=101602.31 | exit=102058.05 | reason=SL | net=-96.56 USD | equity=9559.20 USD
[OPEN]  SHORT | ts=2025-05-13 05:15:00+00:00 | entry=102560.00 | sl=102684.88 | tp=102372.68 | pct_to_tp=0.18% | pct_to_sl=0.12%
[CLOSE] SHORT | entry=102560.00 | exit=102372.68 | reason=TP | net=+143.39 USD | equity=9702.58 USD
[OPEN]  SHORT | ts=2025-05-13 06:15:00+00:00 | entry=102365.00 | sl=102666.93 | tp=101912.11 | pct_to_tp=0.44% | pct_to_sl=0.29%
[CLOSE] SHORT | entry=102365.00 | exit=102666.93 | reason=SL | net=-97.03 USD | equity=9605.56 USD
[OPEN]  SHORT | ts=2025-05-13 08:15:00+00:00 | entry=102571.99 | sl=102958.81 | tp=101991.76 | pct_to_tp=0.57% | pct_to_sl=0.38%
[CLOSE] SHORT | entry=102571.99 | exit=102958.81 | reason=SL | net=-96.06 USD | equity=9509.50 USD
[OPEN]  LONG | ts=2025-05-13 15:00:00+00:00 | entry=103740.43 | sl=103132.15 | tp=104652.85 | pct_to_tp=0.88% | pct_to_sl=0.59%
[CLOSE] LONG | entry=103740.43 | exit=104652.85 | reason=TP | net=+142.64 USD | equity=9652.15 USD
[OPEN]  SHORT | ts=2025-05-15 13:15:00+00:00 | entry=102582.23 | sl=102769.38 | tp=102301.50 | pct_to_tp=0.27% | pct_to_sl=0.18%
[CLOSE] SHORT | entry=102582.23 | exit=102301.50 | reason=TP | net=+144.78 USD | equity=9796.93 USD
[OPEN]  SHORT | ts=2025-05-15 14:30:00+00:00 | entry=101680.01 | sl=102080.00 | tp=101080.02 | pct_to_tp=0.59% | pct_to_sl=0.39%
[CLOSE] SHORT | entry=101680.01 | exit=102080.00 | reason=SL | net=-97.97 USD | equity=9698.96 USD
[OPEN]  LONG | ts=2025-05-16 00:30:00+00:00 | entry=103946.98 | sl=103742.00 | tp=104254.45 | pct_to_tp=0.30% | pct_to_sl=0.20%
[CLOSE] LONG | entry=103946.98 | exit=103742.00 | reason=SL | net=-96.99 USD | equity=9601.97 USD
[OPEN]  LONG | ts=2025-05-16 15:00:00+00:00 | entry=104099.89 | sl=103578.71 | tp=104881.66 | pct_to_tp=0.75% | pct_to_sl=0.50%
[CLOSE] LONG | entry=104099.89 | exit=103578.71 | reason=SL | net=-96.02 USD | equity=9505.95 USD
[OPEN]  LONG | ts=2025-05-18 13:30:00+00:00 | entry=104459.99 | sl=103902.01 | tp=105296.96 | pct_to_tp=0.80% | pct_to_sl=0.53%
[CLOSE] LONG | entry=104459.99 | exit=105296.96 | reason=TP | net=+142.59 USD | equity=9648.54 USD
[OPEN]  LONG | ts=2025-05-18 19:00:00+00:00 | entry=104654.71 | sl=104440.21 | tp=104976.46 | pct_to_tp=0.31% | pct_to_sl=0.20%
[CLOSE] LONG | entry=104654.71 | exit=104440.21 | reason=SL | net=-96.49 USD | equity=9552.05 USD
[OPEN]  LONG | ts=2025-05-18 22:15:00+00:00 | entry=105051.87 | sl=104001.09 | tp=106628.04 | pct_to_tp=1.50% | pct_to_sl=1.00%
[CLOSE] LONG | entry=105051.87 | exit=106628.04 | reason=TP | net=+143.28 USD | equity=9695.33 USD
[OPEN]  LONG | ts=2025-05-19 02:15:00+00:00 | entry=104893.21 | sl=104569.00 | tp=105379.53 | pct_to_tp=0.46% | pct_to_sl=0.31%
[CLOSE] LONG | entry=104893.21 | exit=104569.00 | reason=SL | net=-96.95 USD | equity=9598.38 USD
[OPEN]  LONG | ts=2025-05-20 09:30:00+00:00 | entry=105359.20 | sl=105317.42 | tp=105421.87 | pct_to_tp=0.06% | pct_to_sl=0.04%
[CLOSE] LONG | entry=105359.20 | exit=105317.42 | reason=SL | net=-95.98 USD | equity=9502.40 USD
[OPEN]  LONG | ts=2025-05-20 19:00:00+00:00 | entry=105844.93 | sl=105220.00 | tp=106782.32 | pct_to_tp=0.89% | pct_to_sl=0.59%
[CLOSE] LONG | entry=105844.93 | exit=106782.32 | reason=TP | net=+142.54 USD | equity=9644.93 USD
[OPEN]  LONG | ts=2025-05-21 08:00:00+00:00 | entry=106765.34 | sl=106458.36 | tp=107225.81 | pct_to_tp=0.43% | pct_to_sl=0.29%
[CLOSE] LONG | entry=106765.34 | exit=106458.36 | reason=SL | net=-96.45 USD | equity=9548.48 USD
[OPEN]  LONG | ts=2025-05-21 10:00:00+00:00 | entry=106401.22 | sl=106136.99 | tp=106797.57 | pct_to_tp=0.37% | pct_to_sl=0.25%
[CLOSE] LONG | entry=106401.22 | exit=106797.57 | reason=TP | net=+143.23 USD | equity=9691.71 USD
[OPEN]  SHORT | ts=2025-05-21 12:30:00+00:00 | entry=106633.56 | sl=106840.01 | tp=106323.89 | pct_to_tp=0.29% | pct_to_sl=0.19%
[CLOSE] SHORT | entry=106633.56 | exit=106840.01 | reason=SL | net=-96.92 USD | equity=9594.79 USD
[OPEN]  LONG | ts=2025-05-21 14:45:00+00:00 | entry=108999.99 | sl=107691.29 | tp=110963.04 | pct_to_tp=1.80% | pct_to_sl=1.20%
[CLOSE] LONG | entry=108999.99 | exit=107691.29 | reason=SL | net=-95.95 USD | equity=9498.85 USD
[OPEN]  LONG | ts=2025-05-21 19:30:00+00:00 | entry=108114.22 | sl=107224.00 | tp=109449.55 | pct_to_tp=1.24% | pct_to_sl=0.82%
[CLOSE] LONG | entry=108114.22 | exit=109449.55 | reason=TP | net=+142.48 USD | equity=9641.33 USD
[OPEN]  LONG | ts=2025-05-22 21:30:00+00:00 | entry=110967.43 | sl=110763.78 | tp=111272.90 | pct_to_tp=0.28% | pct_to_sl=0.18%
[CLOSE] LONG | entry=110967.43 | exit=110763.78 | reason=SL | net=-96.41 USD | equity=9544.91 USD
[OPEN]  LONG | ts=2025-05-22 22:00:00+00:00 | entry=111074.02 | sl=110831.36 | tp=111438.01 | pct_to_tp=0.33% | pct_to_sl=0.22%
[CLOSE] LONG | entry=111074.02 | exit=111438.01 | reason=TP | net=+143.17 USD | equity=9688.09 USD
[OPEN]  LONG | ts=2025-05-22 23:45:00+00:00 | entry=111696.21 | sl=111349.37 | tp=112216.47 | pct_to_tp=0.47% | pct_to_sl=0.31%
[CLOSE] LONG | entry=111696.21 | exit=111349.37 | reason=SL | net=-96.88 USD | equity=9591.21 USD
[OPEN]  LONG | ts=2025-05-23 03:30:00+00:00 | entry=111144.99 | sl=111000.13 | tp=111362.28 | pct_to_tp=0.20% | pct_to_sl=0.13%
[CLOSE] LONG | entry=111144.99 | exit=111000.13 | reason=SL | net=-95.91 USD | equity=9495.30 USD
[OPEN]  LONG | ts=2025-05-23 04:45:00+00:00 | entry=110844.19 | sl=110634.90 | tp=111158.13 | pct_to_tp=0.28% | pct_to_sl=0.19%
[CLOSE] LONG | entry=110844.19 | exit=110634.90 | reason=SL | net=-94.95 USD | equity=9400.34 USD
[OPEN]  SHORT | ts=2025-05-23 10:00:00+00:00 | entry=110941.03 | sl=111335.02 | tp=110350.04 | pct_to_tp=0.53% | pct_to_sl=0.36%
[CLOSE] SHORT | entry=110941.03 | exit=110350.04 | reason=TP | net=+141.01 USD | equity=9541.35 USD
[OPEN]  SHORT | ts=2025-05-23 11:45:00+00:00 | entry=109076.35 | sl=110460.00 | tp=107000.88 | pct_to_tp=1.90% | pct_to_sl=1.27%
[CLOSE] SHORT | entry=109076.35 | exit=107000.88 | reason=TP | net=+143.12 USD | equity=9684.47 USD
[OPEN]  SHORT | ts=2025-05-25 00:30:00+00:00 | entry=107502.44 | sl=108130.44 | tp=106560.44 | pct_to_tp=0.88% | pct_to_sl=0.58%
[CLOSE] SHORT | entry=107502.44 | exit=108130.44 | reason=SL | net=-96.84 USD | equity=9587.62 USD
[OPEN]  SHORT | ts=2025-05-25 04:00:00+00:00 | entry=107981.97 | sl=108136.37 | tp=107750.37 | pct_to_tp=0.21% | pct_to_sl=0.14%
[CLOSE] SHORT | entry=107981.97 | exit=108136.37 | reason=SL | net=-95.88 USD | equity=9491.75 USD
[OPEN]  SHORT | ts=2025-05-25 05:00:00+00:00 | entry=108124.04 | sl=108288.69 | tp=107877.06 | pct_to_tp=0.23% | pct_to_sl=0.15%
[CLOSE] SHORT | entry=108124.04 | exit=107877.06 | reason=TP | net=+142.38 USD | equity=9634.12 USD
[OPEN]  SHORT | ts=2025-05-25 07:00:00+00:00 | entry=107716.08 | sl=107938.00 | tp=107383.20 | pct_to_tp=0.31% | pct_to_sl=0.21%
[CLOSE] SHORT | entry=107716.08 | exit=107383.20 | reason=TP | net=+144.51 USD | equity=9778.64 USD
[OPEN]  SHORT | ts=2025-05-25 14:30:00+00:00 | entry=107203.26 | sl=107644.01 | tp=106542.13 | pct_to_tp=0.62% | pct_to_sl=0.41%
[CLOSE] SHORT | entry=107203.26 | exit=107644.01 | reason=SL | net=-97.79 USD | equity=9680.85 USD
[OPEN]  SHORT | ts=2025-05-25 20:00:00+00:00 | entry=107527.28 | sl=107754.24 | tp=107186.84 | pct_to_tp=0.32% | pct_to_sl=0.21%
[CLOSE] SHORT | entry=107527.28 | exit=107754.24 | reason=SL | net=-96.81 USD | equity=9584.04 USD
[OPEN]  SHORT | ts=2025-05-25 21:15:00+00:00 | entry=107460.00 | sl=107866.91 | tp=106849.63 | pct_to_tp=0.57% | pct_to_sl=0.38%
[CLOSE] SHORT | entry=107460.00 | exit=107866.91 | reason=SL | net=-95.84 USD | equity=9488.20 USD
[OPEN]  LONG | ts=2025-05-26 15:15:00+00:00 | entry=109874.07 | sl=109611.38 | tp=110268.11 | pct_to_tp=0.36% | pct_to_sl=0.24%
[CLOSE] LONG | entry=109874.07 | exit=110268.11 | reason=TP | net=+142.32 USD | equity=9630.52 USD
[OPEN]  LONG | ts=2025-05-26 20:45:00+00:00 | entry=109606.50 | sl=109378.56 | tp=109948.41 | pct_to_tp=0.31% | pct_to_sl=0.21%
[CLOSE] LONG | entry=109606.50 | exit=109378.56 | reason=SL | net=-96.31 USD | equity=9534.22 USD
[OPEN]  LONG | ts=2025-05-27 13:00:00+00:00 | entry=110374.07 | sl=109581.46 | tp=111562.99 | pct_to_tp=1.08% | pct_to_sl=0.72%
[CLOSE] LONG | entry=110374.07 | exit=109581.46 | reason=SL | net=-95.34 USD | equity=9438.88 USD
[OPEN]  LONG | ts=2025-05-27 15:30:00+00:00 | entry=110001.99 | sl=109626.74 | tp=110564.87 | pct_to_tp=0.51% | pct_to_sl=0.34%
[CLOSE] LONG | entry=110001.99 | exit=109626.74 | reason=SL | net=-94.39 USD | equity=9344.49 USD
[OPEN]  SHORT | ts=2025-05-28 02:45:00+00:00 | entry=108627.42 | sl=108856.09 | tp=108284.42 | pct_to_tp=0.32% | pct_to_sl=0.21%
[CLOSE] SHORT | entry=108627.42 | exit=108856.09 | reason=SL | net=-93.44 USD | equity=9251.04 USD
[OPEN]  SHORT | ts=2025-05-28 10:00:00+00:00 | entry=108562.63 | sl=108800.00 | tp=108206.58 | pct_to_tp=0.33% | pct_to_sl=0.22%
[CLOSE] SHORT | entry=108562.63 | exit=108800.00 | reason=SL | net=-92.51 USD | equity=9158.53 USD
[OPEN]  SHORT | ts=2025-05-28 14:30:00+00:00 | entry=107603.85 | sl=107954.55 | tp=107077.80 | pct_to_tp=0.49% | pct_to_sl=0.33%
[CLOSE] SHORT | entry=107603.85 | exit=107077.80 | reason=TP | net=+137.38 USD | equity=9295.91 USD
[OPEN]  SHORT | ts=2025-05-29 00:30:00+00:00 | entry=107801.91 | sl=108032.92 | tp=107455.40 | pct_to_tp=0.32% | pct_to_sl=0.21%
[CLOSE] SHORT | entry=107801.91 | exit=108032.92 | reason=SL | net=-92.96 USD | equity=9202.95 USD
[OPEN]  LONG | ts=2025-05-29 05:30:00+00:00 | entry=107727.27 | sl=107600.96 | tp=107916.74 | pct_to_tp=0.18% | pct_to_sl=0.12%
[CLOSE] LONG | entry=107727.27 | exit=107916.74 | reason=TP | net=+138.04 USD | equity=9340.99 USD
[OPEN]  SHORT | ts=2025-05-29 07:30:00+00:00 | entry=107843.61 | sl=107999.50 | tp=107609.77 | pct_to_tp=0.22% | pct_to_sl=0.14%
[CLOSE] SHORT | entry=107843.61 | exit=107999.50 | reason=SL | net=-93.41 USD | equity=9247.58 USD
[OPEN]  SHORT | ts=2025-05-30 06:15:00+00:00 | entry=105949.49 | sl=106080.04 | tp=105753.67 | pct_to_tp=0.18% | pct_to_sl=0.12%
[CLOSE] SHORT | entry=105949.49 | exit=105753.67 | reason=TP | net=+138.71 USD | equity=9386.30 USD
[OPEN]  SHORT | ts=2025-05-30 11:00:00+00:00 | entry=105815.90 | sl=105981.75 | tp=105567.12 | pct_to_tp=0.24% | pct_to_sl=0.16%
[CLOSE] SHORT | entry=105815.90 | exit=105567.12 | reason=TP | net=+140.79 USD | equity=9527.09 USD
[OPEN]  SHORT | ts=2025-05-30 12:45:00+00:00 | entry=105684.96 | sl=106000.00 | tp=105212.40 | pct_to_tp=0.45% | pct_to_sl=0.30%
[CLOSE] SHORT | entry=105684.96 | exit=105212.40 | reason=TP | net=+142.91 USD | equity=9670.00 USD
[OPEN]  SHORT | ts=2025-05-30 15:45:00+00:00 | entry=105543.00 | sl=105760.23 | tp=105217.15 | pct_to_tp=0.31% | pct_to_sl=0.21%
[CLOSE] SHORT | entry=105543.00 | exit=105217.15 | reason=TP | net=+145.05 USD | equity=9815.05 USD
[OPEN]  SHORT | ts=2025-05-30 16:45:00+00:00 | entry=103898.75 | sl=104400.01 | tp=103146.86 | pct_to_tp=0.72% | pct_to_sl=0.48%
[CLOSE] SHORT | entry=103898.75 | exit=104400.01 | reason=SL | net=-98.15 USD | equity=9716.90 USD
[OPEN]  LONG | ts=2025-06-01 02:15:00+00:00 | entry=104164.58 | sl=103946.22 | tp=104492.12 | pct_to_tp=0.31% | pct_to_sl=0.21%
[CLOSE] LONG | entry=104164.58 | exit=104492.12 | reason=TP | net=+145.75 USD | equity=9862.65 USD
[OPEN]  SHORT | ts=2025-06-01 06:45:00+00:00 | entry=104258.93 | sl=104358.24 | tp=104109.96 | pct_to_tp=0.14% | pct_to_sl=0.10%
[CLOSE] SHORT | entry=104258.93 | exit=104358.24 | reason=SL | net=-98.63 USD | equity=9764.03 USD
[OPEN]  SHORT | ts=2025-06-01 10:30:00+00:00 | entry=103819.39 | sl=103952.02 | tp=103620.44 | pct_to_tp=0.19% | pct_to_sl=0.13%
[CLOSE] SHORT | entry=103819.39 | exit=103952.02 | reason=SL | net=-97.64 USD | equity=9666.39 USD
[OPEN]  SHORT | ts=2025-06-01 12:15:00+00:00 | entry=104048.79 | sl=104188.51 | tp=103839.21 | pct_to_tp=0.20% | pct_to_sl=0.13%
[CLOSE] SHORT | entry=104048.79 | exit=103839.21 | reason=TP | net=+145.00 USD | equity=9811.38 USD
[OPEN]  SHORT | ts=2025-06-02 19:30:00+00:00 | entry=104122.36 | sl=104396.23 | tp=103711.56 | pct_to_tp=0.39% | pct_to_sl=0.26%
[CLOSE] SHORT | entry=104122.36 | exit=104396.23 | reason=SL | net=-98.11 USD | equity=9713.27 USD
[OPEN]  LONG | ts=2025-06-03 14:15:00+00:00 | entry=105789.96 | sl=105201.72 | tp=106672.32 | pct_to_tp=0.83% | pct_to_sl=0.56%
[CLOSE] LONG | entry=105789.96 | exit=106672.32 | reason=TP | net=+145.70 USD | equity=9858.97 USD
[OPEN]  LONG | ts=2025-06-03 15:15:00+00:00 | entry=106708.93 | sl=106430.01 | tp=107127.31 | pct_to_tp=0.39% | pct_to_sl=0.26%
[CLOSE] LONG | entry=106708.93 | exit=106430.01 | reason=SL | net=-98.59 USD | equity=9760.38 USD
[OPEN]  LONG | ts=2025-06-03 18:30:00+00:00 | entry=106016.27 | sl=105689.51 | tp=106506.41 | pct_to_tp=0.46% | pct_to_sl=0.31%
[CLOSE] LONG | entry=106016.27 | exit=105689.51 | reason=SL | net=-97.60 USD | equity=9662.77 USD
[OPEN]  SHORT | ts=2025-06-05 17:45:00+00:00 | entry=103240.04 | sl=103348.84 | tp=103076.84 | pct_to_tp=0.16% | pct_to_sl=0.11%
[CLOSE] SHORT | entry=103240.04 | exit=103076.84 | reason=TP | net=+144.94 USD | equity=9807.71 USD
[OPEN]  SHORT | ts=2025-06-06 05:15:00+00:00 | entry=102737.63 | sl=102917.07 | tp=102468.47 | pct_to_tp=0.26% | pct_to_sl=0.17%
[CLOSE] SHORT | entry=102737.63 | exit=102917.07 | reason=SL | net=-98.08 USD | equity=9709.64 USD
[OPEN]  SHORT | ts=2025-06-06 07:30:00+00:00 | entry=103155.79 | sl=103349.12 | tp=102865.79 | pct_to_tp=0.28% | pct_to_sl=0.19%
[CLOSE] SHORT | entry=103155.79 | exit=103349.12 | reason=SL | net=-97.10 USD | equity=9612.54 USD
[OPEN]  LONG | ts=2025-06-06 20:30:00+00:00 | entry=104578.75 | sl=104305.25 | tp=104989.00 | pct_to_tp=0.39% | pct_to_sl=0.26%
[CLOSE] LONG | entry=104578.75 | exit=104305.25 | reason=SL | net=-96.13 USD | equity=9516.42 USD
[OPEN]  LONG | ts=2025-06-07 03:00:00+00:00 | entry=104746.05 | sl=104484.52 | tp=105138.35 | pct_to_tp=0.37% | pct_to_sl=0.25%
[CLOSE] LONG | entry=104746.05 | exit=105138.35 | reason=TP | net=+142.75 USD | equity=9659.16 USD
[OPEN]  LONG | ts=2025-06-07 09:00:00+00:00 | entry=104884.07 | sl=104746.43 | tp=105090.53 | pct_to_tp=0.20% | pct_to_sl=0.13%
[CLOSE] LONG | entry=104884.07 | exit=105090.53 | reason=TP | net=+144.89 USD | equity=9804.05 USD
[OPEN]  LONG | ts=2025-06-08 00:15:00+00:00 | entry=105507.87 | sl=105446.79 | tp=105599.49 | pct_to_tp=0.09% | pct_to_sl=0.06%
[CLOSE] LONG | entry=105507.87 | exit=105599.49 | reason=TP | net=+147.06 USD | equity=9951.11 USD
[OPEN]  LONG | ts=2025-06-08 01:30:00+00:00 | entry=105655.07 | sl=105535.75 | tp=105834.05 | pct_to_tp=0.17% | pct_to_sl=0.11%
[CLOSE] LONG | entry=105655.07 | exit=105535.75 | reason=SL | net=-99.51 USD | equity=9851.60 USD
[OPEN]  LONG | ts=2025-06-08 13:30:00+00:00 | entry=105876.61 | sl=105740.84 | tp=106080.27 | pct_to_tp=0.19% | pct_to_sl=0.13%
[CLOSE] LONG | entry=105876.61 | exit=105740.84 | reason=SL | net=-98.52 USD | equity=9753.08 USD
[OPEN]  LONG | ts=2025-06-08 14:00:00+00:00 | entry=105736.40 | sl=105577.36 | tp=105974.96 | pct_to_tp=0.23% | pct_to_sl=0.15%
[CLOSE] LONG | entry=105736.40 | exit=105974.96 | reason=TP | net=+146.30 USD | equity=9899.38 USD
[OPEN]  LONG | ts=2025-06-09 10:00:00+00:00 | entry=107176.38 | sl=106565.30 | tp=108093.00 | pct_to_tp=0.86% | pct_to_sl=0.57%
[CLOSE] LONG | entry=107176.38 | exit=108093.00 | reason=TP | net=+148.49 USD | equity=10047.87 USD
[OPEN]  LONG | ts=2025-06-10 09:45:00+00:00 | entry=109508.78 | sl=109352.43 | tp=109743.31 | pct_to_tp=0.21% | pct_to_sl=0.14%
[CLOSE] LONG | entry=109508.78 | exit=109352.43 | reason=SL | net=-100.48 USD | equity=9947.39 USD
[OPEN]  LONG | ts=2025-06-10 10:45:00+00:00 | entry=109303.61 | sl=109275.43 | tp=109345.88 | pct_to_tp=0.04% | pct_to_sl=0.03%
[CLOSE] LONG | entry=109303.61 | exit=109345.88 | reason=TP | net=+149.21 USD | equity=10096.60 USD
[OPEN]  LONG | ts=2025-06-10 12:45:00+00:00 | entry=109697.76 | sl=109546.73 | tp=109924.30 | pct_to_tp=0.21% | pct_to_sl=0.14%
[CLOSE] LONG | entry=109697.76 | exit=109546.73 | reason=SL | net=-100.97 USD | equity=9995.64 USD
[OPEN]  LONG | ts=2025-06-10 15:00:00+00:00 | entry=109099.99 | sl=108481.75 | tp=110027.35 | pct_to_tp=0.85% | pct_to_sl=0.57%
[CLOSE] LONG | entry=109099.99 | exit=108481.75 | reason=SL | net=-99.96 USD | equity=9895.68 USD
[OPEN]  LONG | ts=2025-06-10 15:45:00+00:00 | entry=109015.42 | sl=108679.02 | tp=109520.02 | pct_to_tp=0.46% | pct_to_sl=0.31%
[CLOSE] LONG | entry=109015.42 | exit=108679.02 | reason=SL | net=-98.96 USD | equity=9796.72 USD
[OPEN]  SHORT | ts=2025-06-10 19:45:00+00:00 | entry=109526.30 | sl=109969.66 | tp=108861.26 | pct_to_tp=0.61% | pct_to_sl=0.40%
[CLOSE] SHORT | entry=109526.30 | exit=109969.66 | reason=SL | net=-97.97 USD | equity=9698.76 USD
[OPEN]  LONG | ts=2025-06-11 03:00:00+00:00 | entry=109797.63 | sl=109665.18 | tp=109996.31 | pct_to_tp=0.18% | pct_to_sl=0.12%
[CLOSE] LONG | entry=109797.63 | exit=109665.18 | reason=SL | net=-96.99 USD | equity=9601.77 USD
[OPEN]  LONG | ts=2025-06-11 03:45:00+00:00 | entry=109722.95 | sl=109622.03 | tp=109874.33 | pct_to_tp=0.14% | pct_to_sl=0.09%
[CLOSE] LONG | entry=109722.95 | exit=109622.03 | reason=SL | net=-96.02 USD | equity=9505.75 USD
[OPEN]  LONG | ts=2025-06-11 04:15:00+00:00 | entry=109674.99 | sl=109592.95 | tp=109798.05 | pct_to_tp=0.11% | pct_to_sl=0.07%
[CLOSE] LONG | entry=109674.99 | exit=109592.95 | reason=SL | net=-95.06 USD | equity=9410.69 USD
[OPEN]  LONG | ts=2025-06-11 05:15:00+00:00 | entry=109626.46 | sl=109430.38 | tp=109920.58 | pct_to_tp=0.27% | pct_to_sl=0.18%
[CLOSE] LONG | entry=109626.46 | exit=109430.38 | reason=SL | net=-94.11 USD | equity=9316.59 USD
[OPEN]  LONG | ts=2025-06-11 07:00:00+00:00 | entry=109696.13 | sl=109581.95 | tp=109867.40 | pct_to_tp=0.16% | pct_to_sl=0.10%
[CLOSE] LONG | entry=109696.13 | exit=109581.95 | reason=SL | net=-93.17 USD | equity=9223.42 USD
[OPEN]  LONG | ts=2025-06-11 08:00:00+00:00 | entry=109564.50 | sl=109446.73 | tp=109741.15 | pct_to_tp=0.16% | pct_to_sl=0.11%
[CLOSE] LONG | entry=109564.50 | exit=109446.73 | reason=SL | net=-92.23 USD | equity=9131.19 USD
[OPEN]  LONG | ts=2025-06-11 15:15:00+00:00 | entry=109787.88 | sl=109663.64 | tp=109974.24 | pct_to_tp=0.17% | pct_to_sl=0.11%
[CLOSE] LONG | entry=109787.88 | exit=109663.64 | reason=SL | net=-91.31 USD | equity=9039.87 USD
[OPEN]  SHORT | ts=2025-06-12 03:15:00+00:00 | entry=107882.27 | sl=108330.01 | tp=107210.66 | pct_to_tp=0.62% | pct_to_sl=0.42%
[CLOSE] SHORT | entry=107882.27 | exit=107210.66 | reason=TP | net=+135.60 USD | equity=9175.47 USD
[OPEN]  SHORT | ts=2025-06-12 15:15:00+00:00 | entry=107211.31 | sl=107719.15 | tp=106449.55 | pct_to_tp=0.71% | pct_to_sl=0.47%
[CLOSE] SHORT | entry=107211.31 | exit=107719.15 | reason=SL | net=-91.75 USD | equity=9083.72 USD
[OPEN]  SHORT | ts=2025-06-12 19:30:00+00:00 | entry=107541.01 | sl=107836.91 | tp=107097.16 | pct_to_tp=0.41% | pct_to_sl=0.28%
[CLOSE] SHORT | entry=107541.01 | exit=107097.16 | reason=TP | net=+136.26 USD | equity=9219.97 USD
[OPEN]  SHORT | ts=2025-06-12 20:30:00+00:00 | entry=106013.25 | sl=106957.70 | tp=104596.58 | pct_to_tp=1.34% | pct_to_sl=0.89%
[CLOSE] SHORT | entry=106013.25 | exit=104596.58 | reason=TP | net=+138.30 USD | equity=9358.27 USD
[OPEN]  SHORT | ts=2025-06-13 13:45:00+00:00 | entry=104732.44 | sl=105235.80 | tp=103977.40 | pct_to_tp=0.72% | pct_to_sl=0.48%
[CLOSE] SHORT | entry=104732.44 | exit=105235.80 | reason=SL | net=-93.58 USD | equity=9264.69 USD
[OPEN]  SHORT | ts=2025-06-13 17:00:00+00:00 | entry=105376.88 | sl=105783.65 | tp=104766.73 | pct_to_tp=0.58% | pct_to_sl=0.39%
[CLOSE] SHORT | entry=105376.88 | exit=104766.73 | reason=TP | net=+138.97 USD | equity=9403.66 USD
[OPEN]  LONG | ts=2025-06-13 18:45:00+00:00 | entry=105193.04 | sl=104799.99 | tp=105782.61 | pct_to_tp=0.56% | pct_to_sl=0.37%
[CLOSE] LONG | entry=105193.04 | exit=105782.61 | reason=TP | net=+141.05 USD | equity=9544.72 USD
[OPEN]  LONG | ts=2025-06-14 03:15:00+00:00 | entry=105352.94 | sl=105246.04 | tp=105513.29 | pct_to_tp=0.15% | pct_to_sl=0.10%
[CLOSE] LONG | entry=105352.94 | exit=105246.04 | reason=SL | net=-95.45 USD | equity=9449.27 USD
[OPEN]  SHORT | ts=2025-06-14 07:00:00+00:00 | entry=104940.00 | sl=105105.14 | tp=104692.29 | pct_to_tp=0.24% | pct_to_sl=0.16%
[CLOSE] SHORT | entry=104940.00 | exit=105105.14 | reason=SL | net=-94.49 USD | equity=9354.78 USD
[OPEN]  SHORT | ts=2025-06-14 07:45:00+00:00 | entry=105076.59 | sl=105142.14 | tp=104978.26 | pct_to_tp=0.09% | pct_to_sl=0.06%
[CLOSE] SHORT | entry=105076.59 | exit=104978.26 | reason=TP | net=+140.32 USD | equity=9495.10 USD
[OPEN]  SHORT | ts=2025-06-14 12:00:00+00:00 | entry=104970.83 | sl=105100.00 | tp=104777.08 | pct_to_tp=0.18% | pct_to_sl=0.12%
[CLOSE] SHORT | entry=104970.83 | exit=104777.08 | reason=TP | net=+142.43 USD | equity=9637.52 USD
[OPEN]  SHORT | ts=2025-06-14 14:15:00+00:00 | entry=105005.86 | sl=105060.00 | tp=104924.65 | pct_to_tp=0.08% | pct_to_sl=0.05%
[CLOSE] SHORT | entry=105005.86 | exit=104924.65 | reason=TP | net=+144.56 USD | equity=9782.09 USD
[OPEN]  SHORT | ts=2025-06-14 16:15:00+00:00 | entry=104711.71 | sl=104865.52 | tp=104481.00 | pct_to_tp=0.22% | pct_to_sl=0.15%
[CLOSE] SHORT | entry=104711.71 | exit=104481.00 | reason=TP | net=+146.73 USD | equity=9928.82 USD
[OPEN]  SHORT | ts=2025-06-14 17:30:00+00:00 | entry=104507.32 | sl=104705.19 | tp=104210.52 | pct_to_tp=0.28% | pct_to_sl=0.19%
[CLOSE] SHORT | entry=104507.32 | exit=104705.19 | reason=SL | net=-99.29 USD | equity=9829.53 USD
[OPEN]  SHORT | ts=2025-06-14 19:45:00+00:00 | entry=104645.67 | sl=104970.00 | tp=104159.17 | pct_to_tp=0.46% | pct_to_sl=0.31%
[CLOSE] SHORT | entry=104645.67 | exit=104970.00 | reason=SL | net=-98.30 USD | equity=9731.23 USD
[OPEN]  LONG | ts=2025-06-16 14:15:00+00:00 | entry=107356.00 | sl=106844.66 | tp=108123.01 | pct_to_tp=0.71% | pct_to_sl=0.48%
[CLOSE] LONG | entry=107356.00 | exit=108123.01 | reason=TP | net=+145.97 USD | equity=9877.20 USD
[OPEN]  LONG | ts=2025-06-17 02:45:00+00:00 | entry=107482.39 | sl=106711.84 | tp=108638.21 | pct_to_tp=1.08% | pct_to_sl=0.72%
[CLOSE] LONG | entry=107482.39 | exit=106711.84 | reason=SL | net=-98.77 USD | equity=9778.43 USD
[OPEN]  SHORT | ts=2025-06-17 20:45:00+00:00 | entry=104362.39 | sl=104576.15 | tp=104041.75 | pct_to_tp=0.31% | pct_to_sl=0.20%
[CLOSE] SHORT | entry=104362.39 | exit=104576.15 | reason=SL | net=-97.78 USD | equity=9680.65 USD
[OPEN]  SHORT | ts=2025-06-18 02:30:00+00:00 | entry=104919.07 | sl=105099.99 | tp=104647.69 | pct_to_tp=0.26% | pct_to_sl=0.17%
[CLOSE] SHORT | entry=104919.07 | exit=105099.99 | reason=SL | net=-96.81 USD | equity=9583.84 USD
[OPEN]  LONG | ts=2025-06-18 07:45:00+00:00 | entry=104973.24 | sl=104914.93 | tp=105060.71 | pct_to_tp=0.08% | pct_to_sl=0.06%
[CLOSE] LONG | entry=104973.24 | exit=105060.71 | reason=TP | net=+143.76 USD | equity=9727.60 USD
[OPEN]  LONG | ts=2025-06-18 08:45:00+00:00 | entry=104949.90 | sl=104807.50 | tp=105163.50 | pct_to_tp=0.20% | pct_to_sl=0.14%
[CLOSE] LONG | entry=104949.90 | exit=104807.50 | reason=SL | net=-97.28 USD | equity=9630.32 USD
[OPEN]  SHORT | ts=2025-06-18 12:30:00+00:00 | entry=104487.69 | sl=104725.21 | tp=104131.41 | pct_to_tp=0.34% | pct_to_sl=0.23%
[CLOSE] SHORT | entry=104487.69 | exit=104131.41 | reason=TP | net=+144.45 USD | equity=9774.78 USD
[OPEN]  SHORT | ts=2025-06-18 13:15:00+00:00 | entry=103919.96 | sl=104099.97 | tp=103649.95 | pct_to_tp=0.26% | pct_to_sl=0.17%
[CLOSE] SHORT | entry=103919.96 | exit=104099.97 | reason=SL | net=-97.75 USD | equity=9677.03 USD
[OPEN]  SHORT | ts=2025-06-18 16:00:00+00:00 | entry=104666.00 | sl=104836.64 | tp=104410.04 | pct_to_tp=0.24% | pct_to_sl=0.16%
[CLOSE] SHORT | entry=104666.00 | exit=104410.04 | reason=TP | net=+145.16 USD | equity=9822.18 USD
[OPEN]  SHORT | ts=2025-06-18 16:45:00+00:00 | entry=104426.93 | sl=104599.26 | tp=104168.43 | pct_to_tp=0.25% | pct_to_sl=0.17%
[CLOSE] SHORT | entry=104426.93 | exit=104168.43 | reason=TP | net=+147.33 USD | equity=9969.52 USD
[OPEN]  SHORT | ts=2025-06-18 17:15:00+00:00 | entry=104088.89 | sl=104323.45 | tp=103737.05 | pct_to_tp=0.34% | pct_to_sl=0.23%
[CLOSE] SHORT | entry=104088.89 | exit=103737.05 | reason=TP | net=+149.54 USD | equity=10119.06 USD
[OPEN]  SHORT | ts=2025-06-18 19:15:00+00:00 | entry=103819.11 | sl=104400.00 | tp=102947.77 | pct_to_tp=0.84% | pct_to_sl=0.56%
[CLOSE] SHORT | entry=103819.11 | exit=104400.00 | reason=SL | net=-101.19 USD | equity=10017.87 USD
[OPEN]  SHORT | ts=2025-06-18 21:00:00+00:00 | entry=104417.36 | sl=104848.49 | tp=103770.66 | pct_to_tp=0.62% | pct_to_sl=0.41%
[CLOSE] SHORT | entry=104417.36 | exit=104848.49 | reason=SL | net=-100.18 USD | equity=9917.69 USD
[OPEN]  SHORT | ts=2025-06-19 14:30:00+00:00 | entry=104350.00 | sl=104622.00 | tp=103942.00 | pct_to_tp=0.39% | pct_to_sl=0.26%
[CLOSE] SHORT | entry=104350.00 | exit=103942.00 | reason=TP | net=+148.77 USD | equity=10066.46 USD
[OPEN]  SHORT | ts=2025-06-19 19:30:00+00:00 | entry=104186.06 | sl=104298.93 | tp=104016.76 | pct_to_tp=0.16% | pct_to_sl=0.11%
[CLOSE] SHORT | entry=104186.06 | exit=104298.93 | reason=SL | net=-100.66 USD | equity=9965.79 USD
[OPEN]  SHORT | ts=2025-06-19 20:30:00+00:00 | entry=104150.71 | sl=104400.00 | tp=103776.78 | pct_to_tp=0.36% | pct_to_sl=0.24%
[CLOSE] SHORT | entry=104150.71 | exit=104400.00 | reason=SL | net=-99.66 USD | equity=9866.13 USD
[OPEN]  SHORT | ts=2025-06-21 07:00:00+00:00 | entry=103380.55 | sl=103572.69 | tp=103092.34 | pct_to_tp=0.28% | pct_to_sl=0.19%
[CLOSE] SHORT | entry=103380.55 | exit=103572.69 | reason=SL | net=-98.66 USD | equity=9767.47 USD
[OPEN]  SHORT | ts=2025-06-21 15:15:00+00:00 | entry=103396.21 | sl=103589.16 | tp=103106.79 | pct_to_tp=0.28% | pct_to_sl=0.19%
[CLOSE] SHORT | entry=103396.21 | exit=103589.16 | reason=SL | net=-97.67 USD | equity=9669.80 USD
[OPEN]  SHORT | ts=2025-06-21 16:30:00+00:00 | entry=103467.51 | sl=103639.15 | tp=103210.05 | pct_to_tp=0.25% | pct_to_sl=0.17%
[CLOSE] SHORT | entry=103467.51 | exit=103210.05 | reason=TP | net=+145.05 USD | equity=9814.84 USD
[OPEN]  SHORT | ts=2025-06-21 17:45:00+00:00 | entry=103182.98 | sl=103303.20 | tp=103002.65 | pct_to_tp=0.17% | pct_to_sl=0.12%
[CLOSE] SHORT | entry=103182.98 | exit=103303.20 | reason=SL | net=-98.15 USD | equity=9716.70 USD
[OPEN]  SHORT | ts=2025-06-21 18:45:00+00:00 | entry=102645.22 | sl=103142.45 | tp=101899.38 | pct_to_tp=0.73% | pct_to_sl=0.48%
[CLOSE] SHORT | entry=102645.22 | exit=101899.38 | reason=TP | net=+145.75 USD | equity=9862.45 USD
[OPEN]  SHORT | ts=2025-06-22 01:15:00+00:00 | entry=102564.86 | sl=102840.47 | tp=102151.45 | pct_to_tp=0.40% | pct_to_sl=0.27%
[CLOSE] SHORT | entry=102564.86 | exit=102840.47 | reason=SL | net=-98.62 USD | equity=9763.82 USD
[OPEN]  SHORT | ts=2025-06-22 03:15:00+00:00 | entry=102158.05 | sl=102471.35 | tp=101688.10 | pct_to_tp=0.46% | pct_to_sl=0.31%
[CLOSE] SHORT | entry=102158.05 | exit=102471.35 | reason=SL | net=-97.64 USD | equity=9666.18 USD
[OPEN]  SHORT | ts=2025-06-22 05:30:00+00:00 | entry=102677.00 | sl=102832.60 | tp=102443.60 | pct_to_tp=0.23% | pct_to_sl=0.15%
[CLOSE] SHORT | entry=102677.00 | exit=102832.60 | reason=SL | net=-96.66 USD | equity=9569.52 USD
[OPEN]  SHORT | ts=2025-06-22 06:15:00+00:00 | entry=102820.00 | sl=102946.47 | tp=102630.29 | pct_to_tp=0.18% | pct_to_sl=0.12%
[CLOSE] SHORT | entry=102820.00 | exit=102630.29 | reason=TP | net=+143.54 USD | equity=9713.06 USD
[OPEN]  SHORT | ts=2025-06-22 07:30:00+00:00 | entry=102320.00 | sl=102627.80 | tp=101858.30 | pct_to_tp=0.45% | pct_to_sl=0.30%
[CLOSE] SHORT | entry=102320.00 | exit=102627.80 | reason=SL | net=-97.13 USD | equity=9615.93 USD
[OPEN]  SHORT | ts=2025-06-22 09:15:00+00:00 | entry=102366.98 | sl=102639.03 | tp=101958.90 | pct_to_tp=0.40% | pct_to_sl=0.27%
[CLOSE] SHORT | entry=102366.98 | exit=102639.03 | reason=SL | net=-96.16 USD | equity=9519.77 USD
[OPEN]  SHORT | ts=2025-06-22 13:00:00+00:00 | entry=102281.83 | sl=102810.28 | tp=101489.15 | pct_to_tp=0.77% | pct_to_sl=0.52%
[CLOSE] SHORT | entry=102281.83 | exit=101489.15 | reason=TP | net=+142.80 USD | equity=9662.57 USD
[OPEN]  SHORT | ts=2025-06-22 13:30:00+00:00 | entry=100343.92 | sl=101086.46 | tp=99230.11 | pct_to_tp=1.11% | pct_to_sl=0.74%
[CLOSE] SHORT | entry=100343.92 | exit=101086.46 | reason=SL | net=-96.63 USD | equity=9565.95 USD
[OPEN]  SHORT | ts=2025-06-22 14:15:00+00:00 | entry=99537.71 | sl=100547.22 | tp=98023.45 | pct_to_tp=1.52% | pct_to_sl=1.01%
[CLOSE] SHORT | entry=99537.71 | exit=100547.22 | reason=SL | net=-95.66 USD | equity=9470.29 USD
[OPEN]  SHORT | ts=2025-06-22 23:00:00+00:00 | entry=100740.00 | sl=101034.65 | tp=100298.03 | pct_to_tp=0.44% | pct_to_sl=0.29%
[CLOSE] SHORT | entry=100740.00 | exit=101034.65 | reason=SL | net=-94.70 USD | equity=9375.58 USD
[OPEN]  SHORT | ts=2025-06-23 01:15:00+00:00 | entry=100610.95 | sl=100906.69 | tp=100167.34 | pct_to_tp=0.44% | pct_to_sl=0.29%
[CLOSE] SHORT | entry=100610.95 | exit=100906.69 | reason=SL | net=-93.76 USD | equity=9281.83 USD
[OPEN]  LONG | ts=2025-06-23 04:15:00+00:00 | entry=101266.36 | sl=101031.16 | tp=101619.16 | pct_to_tp=0.35% | pct_to_sl=0.23%
[CLOSE] LONG | entry=101266.36 | exit=101619.16 | reason=TP | net=+139.23 USD | equity=9421.05 USD
[OPEN]  LONG | ts=2025-06-24 20:15:00+00:00 | entry=105813.86 | sl=105469.11 | tp=106330.99 | pct_to_tp=0.49% | pct_to_sl=0.33%
[CLOSE] LONG | entry=105813.86 | exit=106330.99 | reason=TP | net=+141.32 USD | equity=9562.37 USD
[OPEN]  LONG | ts=2025-06-25 16:00:00+00:00 | entry=107358.29 | sl=107007.46 | tp=107884.53 | pct_to_tp=0.49% | pct_to_sl=0.33%
[CLOSE] LONG | entry=107358.29 | exit=107007.46 | reason=SL | net=-95.62 USD | equity=9466.75 USD
[OPEN]  LONG | ts=2025-06-25 23:45:00+00:00 | entry=107340.58 | sl=107133.89 | tp=107650.62 | pct_to_tp=0.29% | pct_to_sl=0.19%
[CLOSE] LONG | entry=107340.58 | exit=107133.89 | reason=SL | net=-94.67 USD | equity=9372.08 USD
[OPEN]  LONG | ts=2025-06-26 11:45:00+00:00 | entry=107325.41 | sl=107117.65 | tp=107637.05 | pct_to_tp=0.29% | pct_to_sl=0.19%
[CLOSE] LONG | entry=107325.41 | exit=107117.65 | reason=SL | net=-93.72 USD | equity=9278.36 USD
[OPEN]  SHORT | ts=2025-06-26 15:00:00+00:00 | entry=107290.01 | sl=107515.50 | tp=106951.77 | pct_to_tp=0.32% | pct_to_sl=0.21%
[CLOSE] SHORT | entry=107290.01 | exit=106951.77 | reason=TP | net=+139.18 USD | equity=9417.53 USD
[OPEN]  SHORT | ts=2025-07-01 08:00:00+00:00 | entry=106893.47 | sl=107178.99 | tp=106465.19 | pct_to_tp=0.40% | pct_to_sl=0.27%
[CLOSE] SHORT | entry=106893.47 | exit=106465.19 | reason=TP | net=+141.26 USD | equity=9558.80 USD
[OPEN]  SHORT | ts=2025-07-01 14:15:00+00:00 | entry=106546.03 | sl=107179.99 | tp=105595.09 | pct_to_tp=0.89% | pct_to_sl=0.60%
[CLOSE] SHORT | entry=106546.03 | exit=105595.09 | reason=TP | net=+143.38 USD | equity=9702.18 USD
[OPEN]  LONG | ts=2025-07-03 04:00:00+00:00 | entry=108816.17 | sl=108566.14 | tp=109191.21 | pct_to_tp=0.34% | pct_to_sl=0.23%
[CLOSE] LONG | entry=108816.17 | exit=109191.21 | reason=TP | net=+145.53 USD | equity=9847.71 USD
[OPEN]  LONG | ts=2025-07-03 05:30:00+00:00 | entry=109244.19 | sl=109114.00 | tp=109439.48 | pct_to_tp=0.18% | pct_to_sl=0.12%
[CLOSE] LONG | entry=109244.19 | exit=109439.48 | reason=TP | net=+147.72 USD | equity=9995.43 USD
[OPEN]  LONG | ts=2025-07-03 13:00:00+00:00 | entry=109339.84 | sl=109133.30 | tp=109649.65 | pct_to_tp=0.28% | pct_to_sl=0.19%
[CLOSE] LONG | entry=109339.84 | exit=109649.65 | reason=TP | net=+149.93 USD | equity=10145.36 USD
[OPEN]  LONG | ts=2025-07-03 16:30:00+00:00 | entry=109369.83 | sl=109150.00 | tp=109699.58 | pct_to_tp=0.30% | pct_to_sl=0.20%
[CLOSE] LONG | entry=109369.83 | exit=109699.58 | reason=TP | net=+152.18 USD | equity=10297.54 USD
[OPEN]  LONG | ts=2025-07-04 00:30:00+00:00 | entry=109659.99 | sl=109495.72 | tp=109906.40 | pct_to_tp=0.22% | pct_to_sl=0.15%
[CLOSE] LONG | entry=109659.99 | exit=109495.72 | reason=SL | net=-102.98 USD | equity=10194.56 USD
[OPEN]  SHORT | ts=2025-07-05 01:15:00+00:00 | entry=107935.72 | sl=108081.41 | tp=107717.18 | pct_to_tp=0.20% | pct_to_sl=0.13%
[CLOSE] SHORT | entry=107935.72 | exit=108081.41 | reason=SL | net=-101.95 USD | equity=10092.62 USD
[OPEN]  LONG | ts=2025-07-06 21:00:00+00:00 | entry=108921.67 | sl=108665.47 | tp=109305.97 | pct_to_tp=0.35% | pct_to_sl=0.24%
[CLOSE] LONG | entry=108921.67 | exit=109305.97 | reason=TP | net=+151.39 USD | equity=10244.01 USD
[OPEN]  LONG | ts=2025-07-07 01:30:00+00:00 | entry=109026.80 | sl=108901.90 | tp=109214.15 | pct_to_tp=0.17% | pct_to_sl=0.11%
[CLOSE] LONG | entry=109026.80 | exit=109214.15 | reason=TP | net=+153.66 USD | equity=10397.67 USD
[OPEN]  SHORT | ts=2025-07-07 18:15:00+00:00 | entry=107538.95 | sl=108062.55 | tp=106753.55 | pct_to_tp=0.73% | pct_to_sl=0.49%
[CLOSE] SHORT | entry=107538.95 | exit=108062.55 | reason=SL | net=-103.98 USD | equity=10293.69 USD
[OPEN]  SHORT | ts=2025-07-07 20:45:00+00:00 | entry=107886.85 | sl=108004.99 | tp=107709.64 | pct_to_tp=0.16% | pct_to_sl=0.11%
[CLOSE] SHORT | entry=107886.85 | exit=108004.99 | reason=SL | net=-102.94 USD | equity=10190.75 USD
[OPEN]  SHORT | ts=2025-07-08 01:30:00+00:00 | entry=107880.11 | sl=108111.16 | tp=107533.54 | pct_to_tp=0.32% | pct_to_sl=0.21%
[CLOSE] SHORT | entry=107880.11 | exit=107533.54 | reason=TP | net=+152.86 USD | equity=10343.62 USD
[OPEN]  SHORT | ts=2025-07-08 02:30:00+00:00 | entry=107732.01 | sl=107945.00 | tp=107412.52 | pct_to_tp=0.30% | pct_to_sl=0.20%
[CLOSE] SHORT | entry=107732.01 | exit=107945.00 | reason=SL | net=-103.44 USD | equity=10240.18 USD
[OPEN]  SHORT | ts=2025-07-08 04:00:00+00:00 | entry=107821.18 | sl=107901.52 | tp=107700.67 | pct_to_tp=0.11% | pct_to_sl=0.07%
[CLOSE] SHORT | entry=107821.18 | exit=107901.52 | reason=SL | net=-102.40 USD | equity=10137.78 USD
[OPEN]  LONG | ts=2025-07-09 01:00:00+00:00 | entry=109098.82 | sl=108928.00 | tp=109355.05 | pct_to_tp=0.23% | pct_to_sl=0.16%
[CLOSE] LONG | entry=109098.82 | exit=108928.00 | reason=SL | net=-101.38 USD | equity=10036.40 USD
[OPEN]  LONG | ts=2025-07-09 13:00:00+00:00 | entry=109707.90 | sl=109330.76 | tp=110273.61 | pct_to_tp=0.52% | pct_to_sl=0.34%
[CLOSE] LONG | entry=109707.90 | exit=109330.76 | reason=SL | net=-100.36 USD | equity=9936.04 USD
[OPEN]  LONG | ts=2025-07-09 16:30:00+00:00 | entry=109314.20 | sl=109203.84 | tp=109479.74 | pct_to_tp=0.15% | pct_to_sl=0.10%
[CLOSE] LONG | entry=109314.20 | exit=109203.84 | reason=SL | net=-99.36 USD | equity=9836.68 USD
[OPEN]  LONG | ts=2025-07-09 18:00:00+00:00 | entry=109469.99 | sl=109137.42 | tp=109968.85 | pct_to_tp=0.46% | pct_to_sl=0.30%
[CLOSE] LONG | entry=109469.99 | exit=109968.85 | reason=TP | net=+147.55 USD | equity=9984.23 USD
[OPEN]  LONG | ts=2025-07-09 19:30:00+00:00 | entry=111390.91 | sl=110245.66 | tp=113108.79 | pct_to_tp=1.54% | pct_to_sl=1.03%
[CLOSE] LONG | entry=111390.91 | exit=113108.79 | reason=TP | net=+149.76 USD | equity=10133.99 USD
[OPEN]  LONG | ts=2025-07-11 16:15:00+00:00 | entry=117261.07 | sl=116631.00 | tp=118206.18 | pct_to_tp=0.81% | pct_to_sl=0.54%
[CLOSE] LONG | entry=117261.07 | exit=118206.18 | reason=TP | net=+152.01 USD | equity=10286.00 USD
[OPEN]  LONG | ts=2025-07-13 13:15:00+00:00 | entry=118308.24 | sl=118175.00 | tp=118508.10 | pct_to_tp=0.17% | pct_to_sl=0.11%
[CLOSE] LONG | entry=118308.24 | exit=118508.10 | reason=TP | net=+154.29 USD | equity=10440.29 USD
[OPEN]  LONG | ts=2025-07-13 22:30:00+00:00 | entry=118763.36 | sl=118424.50 | tp=119271.65 | pct_to_tp=0.43% | pct_to_sl=0.29%
[CLOSE] LONG | entry=118763.36 | exit=118424.50 | reason=SL | net=-104.40 USD | equity=10335.89 USD
[OPEN]  LONG | ts=2025-07-13 23:45:00+00:00 | entry=119086.64 | sl=118694.69 | tp=119674.57 | pct_to_tp=0.49% | pct_to_sl=0.33%
[CLOSE] LONG | entry=119086.64 | exit=119674.57 | reason=TP | net=+155.04 USD | equity=10490.92 USD
[OPEN]  LONG | ts=2025-07-14 17:00:00+00:00 | entry=120500.35 | sl=120206.39 | tp=120941.29 | pct_to_tp=0.37% | pct_to_sl=0.24%
[CLOSE] LONG | entry=120500.35 | exit=120206.39 | reason=SL | net=-104.91 USD | equity=10386.01 USD
[OPEN]  SHORT | ts=2025-07-15 14:15:00+00:00 | entry=117566.70 | sl=118388.66 | tp=116333.76 | pct_to_tp=1.05% | pct_to_sl=0.70%
[CLOSE] SHORT | entry=117566.70 | exit=116333.76 | reason=TP | net=+155.79 USD | equity=10541.80 USD
[OPEN]  SHORT | ts=2025-07-15 18:00:00+00:00 | entry=117106.31 | sl=117380.00 | tp=116695.77 | pct_to_tp=0.35% | pct_to_sl=0.23%
[CLOSE] SHORT | entry=117106.31 | exit=116695.77 | reason=TP | net=+158.13 USD | equity=10699.93 USD
[OPEN]  SHORT | ts=2025-07-15 19:30:00+00:00 | entry=116489.85 | sl=116908.77 | tp=115861.47 | pct_to_tp=0.54% | pct_to_sl=0.36%
[CLOSE] SHORT | entry=116489.85 | exit=116908.77 | reason=SL | net=-107.00 USD | equity=10592.93 USD
[OPEN]  SHORT | ts=2025-07-16 00:00:00+00:00 | entry=117436.55 | sl=117789.06 | tp=116907.79 | pct_to_tp=0.45% | pct_to_sl=0.30%
[CLOSE] SHORT | entry=117436.55 | exit=117789.06 | reason=SL | net=-105.93 USD | equity=10487.00 USD
[OPEN]  LONG | ts=2025-07-16 02:45:00+00:00 | entry=117317.27 | sl=117107.94 | tp=117631.27 | pct_to_tp=0.27% | pct_to_sl=0.18%
[CLOSE] LONG | entry=117317.27 | exit=117631.27 | reason=TP | net=+157.31 USD | equity=10644.31 USD
[OPEN]  LONG | ts=2025-07-16 14:45:00+00:00 | entry=119056.80 | sl=118620.00 | tp=119712.00 | pct_to_tp=0.55% | pct_to_sl=0.37%
[CLOSE] LONG | entry=119056.80 | exit=119712.00 | reason=TP | net=+159.66 USD | equity=10803.97 USD
[OPEN]  LONG | ts=2025-07-16 16:15:00+00:00 | entry=119175.67 | sl=118749.71 | tp=119814.61 | pct_to_tp=0.54% | pct_to_sl=0.36%
[CLOSE] LONG | entry=119175.67 | exit=119814.61 | reason=TP | net=+162.06 USD | equity=10966.03 USD
[OPEN]  LONG | ts=2025-07-16 20:15:00+00:00 | entry=119597.79 | sl=119203.17 | tp=120189.72 | pct_to_tp=0.49% | pct_to_sl=0.33%
[CLOSE] LONG | entry=119597.79 | exit=119203.17 | reason=SL | net=-109.66 USD | equity=10856.37 USD
[OPEN]  LONG | ts=2025-07-17 00:30:00+00:00 | entry=119135.07 | sl=118823.26 | tp=119602.79 | pct_to_tp=0.39% | pct_to_sl=0.26%
[CLOSE] LONG | entry=119135.07 | exit=118823.26 | reason=SL | net=-108.56 USD | equity=10747.81 USD
[OPEN]  LONG | ts=2025-07-17 21:00:00+00:00 | entry=120065.99 | sl=119431.93 | tp=121017.08 | pct_to_tp=0.79% | pct_to_sl=0.53%
[CLOSE] LONG | entry=120065.99 | exit=119431.93 | reason=SL | net=-107.48 USD | equity=10640.33 USD
[OPEN]  LONG | ts=2025-07-18 00:15:00+00:00 | entry=119501.00 | sl=119053.54 | tp=120172.19 | pct_to_tp=0.56% | pct_to_sl=0.37%
[CLOSE] LONG | entry=119501.00 | exit=120172.19 | reason=TP | net=+159.60 USD | equity=10799.94 USD
[OPEN]  SHORT | ts=2025-07-19 20:45:00+00:00 | entry=117720.01 | sl=118076.00 | tp=117186.02 | pct_to_tp=0.45% | pct_to_sl=0.30%
[CLOSE] SHORT | entry=117720.01 | exit=118076.00 | reason=SL | net=-108.00 USD | equity=10691.94 USD
[OPEN]  LONG | ts=2025-07-21 07:00:00+00:00 | entry=119377.24 | sl=119162.62 | tp=119699.17 | pct_to_tp=0.27% | pct_to_sl=0.18%
[CLOSE] LONG | entry=119377.24 | exit=119162.62 | reason=SL | net=-106.92 USD | equity=10585.02 USD
[OPEN]  SHORT | ts=2025-07-22 01:00:00+00:00 | entry=116869.17 | sl=117129.08 | tp=116479.30 | pct_to_tp=0.33% | pct_to_sl=0.22%
[CLOSE] SHORT | entry=116869.17 | exit=117129.08 | reason=SL | net=-105.85 USD | equity=10479.17 USD
[OPEN]  SHORT | ts=2025-07-22 02:30:00+00:00 | entry=117297.17 | sl=117676.13 | tp=116728.73 | pct_to_tp=0.48% | pct_to_sl=0.32%
[CLOSE] SHORT | entry=117297.17 | exit=116728.73 | reason=TP | net=+157.19 USD | equity=10636.35 USD
[OPEN]  LONG | ts=2025-07-22 14:30:00+00:00 | entry=118742.13 | sl=118312.34 | tp=119386.82 | pct_to_tp=0.54% | pct_to_sl=0.36%
[CLOSE] LONG | entry=118742.13 | exit=119386.82 | reason=TP | net=+159.55 USD | equity=10795.90 USD
[OPEN]  SHORT | ts=2025-07-23 21:15:00+00:00 | entry=117559.99 | sl=118058.00 | tp=116812.98 | pct_to_tp=0.64% | pct_to_sl=0.42%
[CLOSE] SHORT | entry=117559.99 | exit=118058.00 | reason=SL | net=-107.96 USD | equity=10687.94 USD
[OPEN]  SHORT | ts=2025-07-25 12:15:00+00:00 | entry=116259.39 | sl=116600.00 | tp=115748.48 | pct_to_tp=0.44% | pct_to_sl=0.29%
[CLOSE] SHORT | entry=116259.39 | exit=115748.48 | reason=TP | net=+160.32 USD | equity=10848.26 USD
[OPEN]  SHORT | ts=2025-07-25 14:00:00+00:00 | entry=115600.00 | sl=116286.87 | tp=114569.70 | pct_to_tp=0.89% | pct_to_sl=0.59%
[CLOSE] SHORT | entry=115600.00 | exit=116286.87 | reason=SL | net=-108.48 USD | equity=10739.78 USD
[OPEN]  SHORT | ts=2025-07-25 17:45:00+00:00 | entry=116042.50 | sl=116226.86 | tp=115765.96 | pct_to_tp=0.24% | pct_to_sl=0.16%
[CLOSE] SHORT | entry=116042.50 | exit=116226.86 | reason=SL | net=-107.40 USD | equity=10632.38 USD
[OPEN]  LONG | ts=2025-07-27 14:15:00+00:00 | entry=118423.99 | sl=118295.23 | tp=118617.13 | pct_to_tp=0.16% | pct_to_sl=0.11%
[CLOSE] LONG | entry=118423.99 | exit=118295.23 | reason=SL | net=-106.32 USD | equity=10526.06 USD
[OPEN]  LONG | ts=2025-07-27 15:45:00+00:00 | entry=118585.74 | sl=118403.97 | tp=118858.40 | pct_to_tp=0.23% | pct_to_sl=0.15%
[CLOSE] LONG | entry=118585.74 | exit=118858.40 | reason=TP | net=+157.89 USD | equity=10683.95 USD
[OPEN]  LONG | ts=2025-07-27 16:15:00+00:00 | entry=119360.00 | sl=119082.61 | tp=119776.08 | pct_to_tp=0.35% | pct_to_sl=0.23%
[CLOSE] LONG | entry=119360.00 | exit=119082.61 | reason=SL | net=-106.84 USD | equity=10577.11 USD
[OPEN]  LONG | ts=2025-07-27 22:00:00+00:00 | entry=119701.24 | sl=119228.56 | tp=120410.26 | pct_to_tp=0.59% | pct_to_sl=0.39%
[CLOSE] LONG | entry=119701.24 | exit=119228.56 | reason=SL | net=-105.77 USD | equity=10471.34 USD
[OPEN]  LONG | ts=2025-07-28 02:00:00+00:00 | entry=119210.86 | sl=119021.11 | tp=119495.49 | pct_to_tp=0.24% | pct_to_sl=0.16%
[CLOSE] LONG | entry=119210.86 | exit=119495.49 | reason=TP | net=+157.07 USD | equity=10628.41 USD
[OPEN]  LONG | ts=2025-07-28 03:45:00+00:00 | entry=119287.99 | sl=119234.37 | tp=119368.42 | pct_to_tp=0.07% | pct_to_sl=0.04%
[CLOSE] LONG | entry=119287.99 | exit=119368.42 | reason=TP | net=+159.43 USD | equity=10787.83 USD
[OPEN]  SHORT | ts=2025-07-28 20:00:00+00:00 | entry=117768.06 | sl=118162.17 | tp=117176.89 | pct_to_tp=0.50% | pct_to_sl=0.33%
[CLOSE] SHORT | entry=117768.06 | exit=118162.17 | reason=SL | net=-107.88 USD | equity=10679.95 USD
[OPEN]  SHORT | ts=2025-07-29 00:30:00+00:00 | entry=117706.52 | sl=118280.00 | tp=116846.30 | pct_to_tp=0.73% | pct_to_sl=0.49%
[CLOSE] SHORT | entry=117706.52 | exit=118280.00 | reason=SL | net=-106.80 USD | equity=10573.15 USD
[OPEN]  SHORT | ts=2025-07-29 20:30:00+00:00 | entry=117211.99 | sl=117585.35 | tp=116651.95 | pct_to_tp=0.48% | pct_to_sl=0.32%
[CLOSE] SHORT | entry=117211.99 | exit=117585.35 | reason=SL | net=-105.73 USD | equity=10467.42 USD
[OPEN]  SHORT | ts=2025-08-01 13:30:00+00:00 | entry=114985.01 | sl=115679.82 | tp=113942.79 | pct_to_tp=0.91% | pct_to_sl=0.60%
[CLOSE] SHORT | entry=114985.01 | exit=115679.82 | reason=SL | net=-104.67 USD | equity=10362.75 USD
[OPEN]  SHORT | ts=2025-08-01 14:30:00+00:00 | entry=115432.08 | sl=115831.28 | tp=114833.28 | pct_to_tp=0.52% | pct_to_sl=0.35%
[CLOSE] SHORT | entry=115432.08 | exit=114833.28 | reason=TP | net=+155.44 USD | equity=10518.19 USD
[OPEN]  SHORT | ts=2025-08-01 17:00:00+00:00 | entry=114594.26 | sl=115046.88 | tp=113915.33 | pct_to_tp=0.59% | pct_to_sl=0.39%
[CLOSE] SHORT | entry=114594.26 | exit=115046.88 | reason=SL | net=-105.18 USD | equity=10413.01 USD
[OPEN]  SHORT | ts=2025-08-02 06:00:00+00:00 | entry=113834.73 | sl=113981.07 | tp=113615.22 | pct_to_tp=0.19% | pct_to_sl=0.13%
[CLOSE] SHORT | entry=113834.73 | exit=113615.22 | reason=TP | net=+156.20 USD | equity=10569.20 USD
[OPEN]  SHORT | ts=2025-08-02 08:30:00+00:00 | entry=113724.27 | sl=113880.00 | tp=113490.68 | pct_to_tp=0.21% | pct_to_sl=0.14%
[CLOSE] SHORT | entry=113724.27 | exit=113490.68 | reason=TP | net=+158.54 USD | equity=10727.74 USD
[OPEN]  SHORT | ts=2025-08-02 12:00:00+00:00 | entry=113718.95 | sl=113787.12 | tp=113616.70 | pct_to_tp=0.09% | pct_to_sl=0.06%
[CLOSE] SHORT | entry=113718.95 | exit=113616.70 | reason=TP | net=+160.92 USD | equity=10888.66 USD
[OPEN]  SHORT | ts=2025-08-02 13:00:00+00:00 | entry=113450.01 | sl=113630.00 | tp=113180.02 | pct_to_tp=0.24% | pct_to_sl=0.16%
[CLOSE] SHORT | entry=113450.01 | exit=113180.02 | reason=TP | net=+163.33 USD | equity=11051.99 USD
[OPEN]  SHORT | ts=2025-08-02 22:15:00+00:00 | entry=112586.72 | sl=112840.57 | tp=112205.94 | pct_to_tp=0.34% | pct_to_sl=0.23%
[CLOSE] SHORT | entry=112586.72 | exit=112840.57 | reason=SL | net=-110.52 USD | equity=10941.47 USD
[OPEN]  SHORT | ts=2025-08-02 23:00:00+00:00 | entry=112615.34 | sl=112873.83 | tp=112227.60 | pct_to_tp=0.34% | pct_to_sl=0.23%
[CLOSE] SHORT | entry=112615.34 | exit=112227.60 | reason=TP | net=+164.12 USD | equity=11105.59 USD
[OPEN]  SHORT | ts=2025-08-03 04:00:00+00:00 | entry=113407.92 | sl=113604.20 | tp=113113.50 | pct_to_tp=0.26% | pct_to_sl=0.17%
[CLOSE] SHORT | entry=113407.92 | exit=113604.20 | reason=SL | net=-111.06 USD | equity=10994.53 USD
[OPEN]  LONG | ts=2025-08-04 00:45:00+00:00 | entry=114899.87 | sl=114590.90 | tp=115363.32 | pct_to_tp=0.40% | pct_to_sl=0.27%
[CLOSE] LONG | entry=114899.87 | exit=114590.90 | reason=SL | net=-109.95 USD | equity=10884.59 USD
[OPEN]  LONG | ts=2025-08-04 15:00:00+00:00 | entry=114989.64 | sl=114667.77 | tp=115472.44 | pct_to_tp=0.42% | pct_to_sl=0.28%
[CLOSE] LONG | entry=114989.64 | exit=114667.77 | reason=SL | net=-108.85 USD | equity=10775.74 USD
[OPEN]  LONG | ts=2025-08-04 16:30:00+00:00 | entry=115066.72 | sl=114900.00 | tp=115316.80 | pct_to_tp=0.22% | pct_to_sl=0.14%
[CLOSE] LONG | entry=115066.72 | exit=115316.80 | reason=TP | net=+161.64 USD | equity=10937.38 USD
[OPEN]  LONG | ts=2025-08-04 20:30:00+00:00 | entry=115022.00 | sl=114728.78 | tp=115461.83 | pct_to_tp=0.38% | pct_to_sl=0.25%
[CLOSE] LONG | entry=115022.00 | exit=114728.78 | reason=SL | net=-109.37 USD | equity=10828.00 USD
[OPEN]  SHORT | ts=2025-08-05 21:45:00+00:00 | entry=113606.53 | sl=113690.71 | tp=113480.26 | pct_to_tp=0.11% | pct_to_sl=0.07%
[CLOSE] SHORT | entry=113606.53 | exit=113690.71 | reason=SL | net=-108.28 USD | equity=10719.72 USD
[OPEN]  SHORT | ts=2025-08-06 01:15:00+00:00 | entry=113594.10 | sl=113893.01 | tp=113145.74 | pct_to_tp=0.39% | pct_to_sl=0.26%
[CLOSE] SHORT | entry=113594.10 | exit=113893.01 | reason=SL | net=-107.20 USD | equity=10612.53 USD
[OPEN]  LONG | ts=2025-08-06 22:00:00+00:00 | entry=115155.22 | sl=115048.77 | tp=115314.89 | pct_to_tp=0.14% | pct_to_sl=0.09%
[CLOSE] LONG | entry=115155.22 | exit=115048.77 | reason=SL | net=-106.13 USD | equity=10506.40 USD
[OPEN]  LONG | ts=2025-08-07 10:00:00+00:00 | entry=115500.01 | sl=115038.06 | tp=116192.93 | pct_to_tp=0.60% | pct_to_sl=0.40%
[CLOSE] LONG | entry=115500.01 | exit=116192.93 | reason=TP | net=+157.60 USD | equity=10664.00 USD
[OPEN]  LONG | ts=2025-08-07 11:00:00+00:00 | entry=116482.42 | sl=116347.23 | tp=116685.21 | pct_to_tp=0.17% | pct_to_sl=0.12%
[CLOSE] LONG | entry=116482.42 | exit=116685.21 | reason=TP | net=+159.96 USD | equity=10823.96 USD
[OPEN]  LONG | ts=2025-08-07 17:45:00+00:00 | entry=116511.54 | sl=116352.91 | tp=116749.48 | pct_to_tp=0.20% | pct_to_sl=0.14%
[CLOSE] LONG | entry=116511.54 | exit=116352.91 | reason=SL | net=-108.24 USD | equity=10715.72 USD
[OPEN]  LONG | ts=2025-08-08 03:00:00+00:00 | entry=116805.04 | sl=116699.60 | tp=116963.20 | pct_to_tp=0.14% | pct_to_sl=0.09%
[CLOSE] LONG | entry=116805.04 | exit=116963.20 | reason=TP | net=+160.74 USD | equity=10876.45 USD
[OPEN]  LONG | ts=2025-08-08 06:30:00+00:00 | entry=116723.19 | sl=116586.00 | tp=116928.98 | pct_to_tp=0.18% | pct_to_sl=0.12%
[CLOSE] LONG | entry=116723.19 | exit=116586.00 | reason=SL | net=-108.76 USD | equity=10767.69 USD
[OPEN]  LONG | ts=2025-08-08 07:15:00+00:00 | entry=116973.29 | sl=116676.18 | tp=117418.95 | pct_to_tp=0.38% | pct_to_sl=0.25%
[CLOSE] LONG | entry=116973.29 | exit=116676.18 | reason=SL | net=-107.68 USD | equity=10660.01 USD
[OPEN]  LONG | ts=2025-08-08 09:45:00+00:00 | entry=116685.17 | sl=116585.05 | tp=116835.35 | pct_to_tp=0.13% | pct_to_sl=0.09%
[CLOSE] LONG | entry=116685.17 | exit=116585.05 | reason=SL | net=-106.60 USD | equity=10553.41 USD
[OPEN]  LONG | ts=2025-08-08 11:00:00+00:00 | entry=116765.69 | sl=116544.39 | tp=117097.64 | pct_to_tp=0.28% | pct_to_sl=0.19%
[CLOSE] LONG | entry=116765.69 | exit=116544.39 | reason=SL | net=-105.53 USD | equity=10447.88 USD
[OPEN]  LONG | ts=2025-08-08 13:15:00+00:00 | entry=116742.81 | sl=116530.00 | tp=117062.02 | pct_to_tp=0.27% | pct_to_sl=0.18%
[CLOSE] LONG | entry=116742.81 | exit=116530.00 | reason=SL | net=-104.48 USD | equity=10343.40 USD
[OPEN]  SHORT | ts=2025-08-08 21:00:00+00:00 | entry=116828.99 | sl=116888.53 | tp=116739.68 | pct_to_tp=0.08% | pct_to_sl=0.05%
[CLOSE] SHORT | entry=116828.99 | exit=116888.53 | reason=SL | net=-103.43 USD | equity=10239.97 USD
[OPEN]  LONG | ts=2025-08-09 09:00:00+00:00 | entry=117417.34 | sl=117045.54 | tp=117975.04 | pct_to_tp=0.47% | pct_to_sl=0.32%
[CLOSE] LONG | entry=117417.34 | exit=117045.54 | reason=SL | net=-102.40 USD | equity=10137.57 USD
[OPEN]  LONG | ts=2025-08-10 08:15:00+00:00 | entry=118125.48 | sl=118002.19 | tp=118310.41 | pct_to_tp=0.16% | pct_to_sl=0.10%
[CLOSE] LONG | entry=118125.48 | exit=118310.41 | reason=TP | net=+152.06 USD | equity=10289.63 USD
[OPEN]  LONG | ts=2025-08-10 21:45:00+00:00 | entry=118716.90 | sl=118253.64 | tp=119411.79 | pct_to_tp=0.59% | pct_to_sl=0.39%
[CLOSE] LONG | entry=118716.90 | exit=119411.79 | reason=TP | net=+154.34 USD | equity=10443.97 USD
[OPEN]  SHORT | ts=2025-08-11 16:30:00+00:00 | entry=119954.00 | sl=120599.89 | tp=118985.17 | pct_to_tp=0.81% | pct_to_sl=0.54%
[CLOSE] SHORT | entry=119954.00 | exit=118985.17 | reason=TP | net=+156.66 USD | equity=10600.63 USD
[OPEN]  LONG | ts=2025-08-12 18:00:00+00:00 | entry=119784.31 | sl=119269.99 | tp=120555.79 | pct_to_tp=0.64% | pct_to_sl=0.43%
[CLOSE] LONG | entry=119784.31 | exit=119269.99 | reason=SL | net=-106.01 USD | equity=10494.63 USD
[OPEN]  LONG | ts=2025-08-12 19:15:00+00:00 | entry=119820.39 | sl=119535.99 | tp=120246.99 | pct_to_tp=0.36% | pct_to_sl=0.24%
[CLOSE] LONG | entry=119820.39 | exit=119535.99 | reason=SL | net=-104.95 USD | equity=10389.68 USD
[OPEN]  LONG | ts=2025-08-12 20:30:00+00:00 | entry=120034.51 | sl=119818.29 | tp=120358.84 | pct_to_tp=0.27% | pct_to_sl=0.18%
[CLOSE] LONG | entry=120034.51 | exit=119818.29 | reason=SL | net=-103.90 USD | equity=10285.78 USD
[OPEN]  LONG | ts=2025-08-12 23:15:00+00:00 | entry=120196.04 | sl=120106.69 | tp=120330.06 | pct_to_tp=0.11% | pct_to_sl=0.07%
[CLOSE] LONG | entry=120196.04 | exit=120106.69 | reason=SL | net=-102.86 USD | equity=10182.93 USD
[OPEN]  LONG | ts=2025-08-13 10:00:00+00:00 | entry=120395.98 | sl=120047.58 | tp=120918.58 | pct_to_tp=0.43% | pct_to_sl=0.29%
[CLOSE] LONG | entry=120395.98 | exit=120918.58 | reason=TP | net=+152.74 USD | equity=10335.67 USD
[OPEN]  LONG | ts=2025-08-13 14:00:00+00:00 | entry=122070.75 | sl=121753.26 | tp=122546.99 | pct_to_tp=0.39% | pct_to_sl=0.26%
[CLOSE] LONG | entry=122070.75 | exit=121753.26 | reason=SL | net=-103.36 USD | equity=10232.31 USD
[OPEN]  LONG | ts=2025-08-13 16:00:00+00:00 | entry=121508.64 | sl=120920.61 | tp=122390.68 | pct_to_tp=0.73% | pct_to_sl=0.48%
[CLOSE] LONG | entry=121508.64 | exit=122390.68 | reason=TP | net=+153.48 USD | equity=10385.80 USD
[OPEN]  LONG | ts=2025-08-14 07:30:00+00:00 | entry=121911.30 | sl=121617.64 | tp=122351.79 | pct_to_tp=0.36% | pct_to_sl=0.24%
[CLOSE] LONG | entry=121911.30 | exit=121617.64 | reason=SL | net=-103.86 USD | equity=10281.94 USD
[OPEN]  LONG | ts=2025-08-14 08:15:00+00:00 | entry=122014.79 | sl=121808.00 | tp=122324.97 | pct_to_tp=0.25% | pct_to_sl=0.17%
[CLOSE] LONG | entry=122014.79 | exit=121808.00 | reason=SL | net=-102.82 USD | equity=10179.12 USD
[OPEN]  SHORT | ts=2025-08-15 04:30:00+00:00 | entry=118982.73 | sl=119199.20 | tp=118658.02 | pct_to_tp=0.27% | pct_to_sl=0.18%
[CLOSE] SHORT | entry=118982.73 | exit=118658.02 | reason=TP | net=+152.69 USD | equity=10331.81 USD
[OPEN]  SHORT | ts=2025-08-15 06:45:00+00:00 | entry=119082.82 | sl=119216.82 | tp=118881.82 | pct_to_tp=0.17% | pct_to_sl=0.11%
[CLOSE] SHORT | entry=119082.82 | exit=118881.82 | reason=TP | net=+154.98 USD | equity=10486.78 USD
[OPEN]  SHORT | ts=2025-08-15 08:45:00+00:00 | entry=118878.72 | sl=119134.68 | tp=118494.78 | pct_to_tp=0.32% | pct_to_sl=0.22%
[CLOSE] SHORT | entry=118878.72 | exit=118494.78 | reason=TP | net=+157.30 USD | equity=10644.09 USD
[OPEN]  SHORT | ts=2025-08-15 13:30:00+00:00 | entry=118026.01 | sl=118520.00 | tp=117285.02 | pct_to_tp=0.63% | pct_to_sl=0.42%
[CLOSE] SHORT | entry=118026.01 | exit=117285.02 | reason=TP | net=+159.66 USD | equity=10803.75 USD
[OPEN]  SHORT | ts=2025-08-15 23:00:00+00:00 | entry=117326.03 | sl=117761.88 | tp=116672.25 | pct_to_tp=0.56% | pct_to_sl=0.37%
[CLOSE] SHORT | entry=117326.03 | exit=117761.88 | reason=SL | net=-108.04 USD | equity=10695.71 USD
[OPEN]  SHORT | ts=2025-08-16 02:00:00+00:00 | entry=117643.12 | sl=117821.61 | tp=117375.38 | pct_to_tp=0.23% | pct_to_sl=0.15%
[CLOSE] SHORT | entry=117643.12 | exit=117821.61 | reason=SL | net=-106.96 USD | equity=10588.75 USD
[OPEN]  SHORT | ts=2025-08-16 04:30:00+00:00 | entry=117726.93 | sl=117841.73 | tp=117554.73 | pct_to_tp=0.15% | pct_to_sl=0.10%
[CLOSE] SHORT | entry=117726.93 | exit=117841.73 | reason=SL | net=-105.89 USD | equity=10482.87 USD
[OPEN]  SHORT | ts=2025-08-16 05:00:00+00:00 | entry=117729.40 | sl=117852.25 | tp=117545.12 | pct_to_tp=0.16% | pct_to_sl=0.10%
[CLOSE] SHORT | entry=117729.40 | exit=117545.12 | reason=TP | net=+157.24 USD | equity=10640.11 USD
[OPEN]  SHORT | ts=2025-08-16 06:00:00+00:00 | entry=117425.21 | sl=117635.42 | tp=117109.90 | pct_to_tp=0.27% | pct_to_sl=0.18%
[CLOSE] SHORT | entry=117425.21 | exit=117635.42 | reason=SL | net=-106.40 USD | equity=10533.71 USD
[OPEN]  SHORT | ts=2025-08-16 08:00:00+00:00 | entry=117540.00 | sl=117600.66 | tp=117449.01 | pct_to_tp=0.08% | pct_to_sl=0.05%
[CLOSE] SHORT | entry=117540.00 | exit=117600.66 | reason=SL | net=-105.34 USD | equity=10428.37 USD
[OPEN]  SHORT | ts=2025-08-16 09:45:00+00:00 | entry=117312.00 | sl=117660.88 | tp=116788.68 | pct_to_tp=0.45% | pct_to_sl=0.30%
[CLOSE] SHORT | entry=117312.00 | exit=117660.88 | reason=SL | net=-104.28 USD | equity=10324.09 USD
[OPEN]  SHORT | ts=2025-08-16 13:30:00+00:00 | entry=117662.89 | sl=117789.33 | tp=117473.23 | pct_to_tp=0.16% | pct_to_sl=0.11%
[CLOSE] SHORT | entry=117662.89 | exit=117789.33 | reason=SL | net=-103.24 USD | equity=10220.85 USD
[OPEN]  SHORT | ts=2025-08-18 00:15:00+00:00 | entry=117142.44 | sl=117512.98 | tp=116586.63 | pct_to_tp=0.47% | pct_to_sl=0.32%
[CLOSE] SHORT | entry=117142.44 | exit=116586.63 | reason=TP | net=+153.31 USD | equity=10374.16 USD
[OPEN]  SHORT | ts=2025-08-18 02:00:00+00:00 | entry=115995.20 | sl=116339.61 | tp=115478.58 | pct_to_tp=0.45% | pct_to_sl=0.30%
[CLOSE] SHORT | entry=115995.20 | exit=115478.58 | reason=TP | net=+155.61 USD | equity=10529.77 USD
[OPEN]  SHORT | ts=2025-08-18 14:30:00+00:00 | entry=115148.39 | sl=115375.29 | tp=114808.04 | pct_to_tp=0.30% | pct_to_sl=0.20%
[CLOSE] SHORT | entry=115148.39 | exit=115375.29 | reason=SL | net=-105.30 USD | equity=10424.47 USD
[OPEN]  SHORT | ts=2025-08-19 03:15:00+00:00 | entry=115371.85 | sl=115676.45 | tp=114914.95 | pct_to_tp=0.40% | pct_to_sl=0.26%
[CLOSE] SHORT | entry=115371.85 | exit=114914.95 | reason=TP | net=+156.37 USD | equity=10580.84 USD
[OPEN]  SHORT | ts=2025-08-19 03:45:00+00:00 | entry=114810.00 | sl=115025.38 | tp=114486.93 | pct_to_tp=0.28% | pct_to_sl=0.19%
[CLOSE] SHORT | entry=114810.00 | exit=114486.93 | reason=TP | net=+158.71 USD | equity=10739.55 USD
[OPEN]  SHORT | ts=2025-08-19 11:30:00+00:00 | entry=115464.00 | sl=115586.67 | tp=115279.99 | pct_to_tp=0.16% | pct_to_sl=0.11%
[CLOSE] SHORT | entry=115464.00 | exit=115586.67 | reason=SL | net=-107.40 USD | equity=10632.16 USD
[OPEN]  SHORT | ts=2025-08-19 13:30:00+00:00 | entry=115124.21 | sl=115875.84 | tp=113996.77 | pct_to_tp=0.98% | pct_to_sl=0.65%
[CLOSE] SHORT | entry=115124.21 | exit=113996.77 | reason=TP | net=+159.48 USD | equity=10791.64 USD
[OPEN]  SHORT | ts=2025-08-19 15:45:00+00:00 | entry=113786.38 | sl=114105.76 | tp=113307.31 | pct_to_tp=0.42% | pct_to_sl=0.28%
[CLOSE] SHORT | entry=113786.38 | exit=113307.31 | reason=TP | net=+161.87 USD | equity=10953.51 USD
[OPEN]  SHORT | ts=2025-08-20 05:00:00+00:00 | entry=113520.00 | sl=113633.47 | tp=113349.79 | pct_to_tp=0.15% | pct_to_sl=0.10%
[CLOSE] SHORT | entry=113520.00 | exit=113633.47 | reason=SL | net=-109.54 USD | equity=10843.98 USD
[OPEN]  SHORT | ts=2025-08-20 06:00:00+00:00 | entry=113523.35 | sl=113734.23 | tp=113207.03 | pct_to_tp=0.28% | pct_to_sl=0.19%
[CLOSE] SHORT | entry=113523.35 | exit=113734.23 | reason=SL | net=-108.44 USD | equity=10735.54 USD
[OPEN]  SHORT | ts=2025-08-20 07:30:00+00:00 | entry=113612.01 | sl=113720.87 | tp=113448.72 | pct_to_tp=0.14% | pct_to_sl=0.10%
[CLOSE] SHORT | entry=113612.01 | exit=113448.72 | reason=TP | net=+161.03 USD | equity=10896.57 USD
[OPEN]  SHORT | ts=2025-08-20 09:00:00+00:00 | entry=113866.36 | sl=114010.01 | tp=113650.89 | pct_to_tp=0.19% | pct_to_sl=0.13%
[CLOSE] SHORT | entry=113866.36 | exit=113650.89 | reason=TP | net=+163.45 USD | equity=11060.02 USD
[OPEN]  SHORT | ts=2025-08-20 11:00:00+00:00 | entry=113593.99 | sl=113859.26 | tp=113196.09 | pct_to_tp=0.35% | pct_to_sl=0.23%
[CLOSE] SHORT | entry=113593.99 | exit=113196.09 | reason=TP | net=+165.90 USD | equity=11225.92 USD
[OPEN]  SHORT | ts=2025-08-20 12:45:00+00:00 | entry=113659.01 | sl=113870.00 | tp=113342.52 | pct_to_tp=0.28% | pct_to_sl=0.19%
[CLOSE] SHORT | entry=113659.01 | exit=113342.52 | reason=TP | net=+168.39 USD | equity=11394.31 USD
[OPEN]  SHORT | ts=2025-08-20 13:45:00+00:00 | entry=112693.15 | sl=113156.21 | tp=111998.56 | pct_to_tp=0.62% | pct_to_sl=0.41%
[CLOSE] SHORT | entry=112693.15 | exit=113156.21 | reason=SL | net=-113.94 USD | equity=11280.37 USD
[OPEN]  SHORT | ts=2025-08-20 15:45:00+00:00 | entry=113353.94 | sl=113923.01 | tp=112500.34 | pct_to_tp=0.75% | pct_to_sl=0.50%
[CLOSE] SHORT | entry=113353.94 | exit=113923.01 | reason=SL | net=-112.80 USD | equity=11167.56 USD
[OPEN]  SHORT | ts=2025-08-20 18:00:00+00:00 | entry=113663.28 | sl=114269.63 | tp=112753.75 | pct_to_tp=0.80% | pct_to_sl=0.53%
[CLOSE] SHORT | entry=113663.28 | exit=114269.63 | reason=SL | net=-111.68 USD | equity=11055.89 USD
[OPEN]  SHORT | ts=2025-08-21 07:00:00+00:00 | entry=113656.01 | sl=113888.18 | tp=113307.76 | pct_to_tp=0.31% | pct_to_sl=0.20%
[CLOSE] SHORT | entry=113656.01 | exit=113888.18 | reason=SL | net=-110.56 USD | equity=10945.33 USD
[OPEN]  SHORT | ts=2025-08-21 08:45:00+00:00 | entry=113588.45 | sl=113812.48 | tp=113252.40 | pct_to_tp=0.30% | pct_to_sl=0.20%
[CLOSE] SHORT | entry=113588.45 | exit=113252.40 | reason=TP | net=+164.18 USD | equity=11109.51 USD
[OPEN]  SHORT | ts=2025-08-21 14:30:00+00:00 | entry=113190.96 | sl=113742.84 | tp=112363.14 | pct_to_tp=0.73% | pct_to_sl=0.49%
[CLOSE] SHORT | entry=113190.96 | exit=112363.14 | reason=TP | net=+166.64 USD | equity=11276.15 USD
[OPEN]  SHORT | ts=2025-08-22 01:00:00+00:00 | entry=112394.19 | sl=112676.56 | tp=111970.64 | pct_to_tp=0.38% | pct_to_sl=0.25%
[CLOSE] SHORT | entry=112394.19 | exit=112676.56 | reason=SL | net=-112.76 USD | equity=11163.39 USD
[OPEN]  SHORT | ts=2025-08-22 04:45:00+00:00 | entry=112847.63 | sl=113086.75 | tp=112488.95 | pct_to_tp=0.32% | pct_to_sl=0.21%
[CLOSE] SHORT | entry=112847.63 | exit=113086.75 | reason=SL | net=-111.63 USD | equity=11051.76 USD
[OPEN]  SHORT | ts=2025-08-22 11:00:00+00:00 | entry=112314.00 | sl=112629.40 | tp=111840.90 | pct_to_tp=0.42% | pct_to_sl=0.28%
[CLOSE] SHORT | entry=112314.00 | exit=111840.90 | reason=TP | net=+165.78 USD | equity=11217.53 USD
[OPEN]  LONG | ts=2025-08-23 04:00:00+00:00 | entry=115769.59 | sl=115551.20 | tp=116097.17 | pct_to_tp=0.28% | pct_to_sl=0.19%
[CLOSE] LONG | entry=115769.59 | exit=115551.20 | reason=SL | net=-112.18 USD | equity=11105.36 USD
[OPEN]  LONG | ts=2025-08-24 02:00:00+00:00 | entry=115623.67 | sl=115419.54 | tp=115929.87 | pct_to_tp=0.26% | pct_to_sl=0.18%
[CLOSE] LONG | entry=115623.67 | exit=115419.54 | reason=SL | net=-111.05 USD | equity=10994.30 USD
[OPEN]  SHORT | ts=2025-08-24 16:45:00+00:00 | entry=114275.00 | sl=114402.47 | tp=114083.79 | pct_to_tp=0.17% | pct_to_sl=0.11%
[CLOSE] SHORT | entry=114275.00 | exit=114402.47 | reason=SL | net=-109.94 USD | equity=10884.36 USD
[OPEN]  SHORT | ts=2025-08-25 03:45:00+00:00 | entry=112916.84 | sl=113378.82 | tp=112223.87 | pct_to_tp=0.61% | pct_to_sl=0.41%
[CLOSE] SHORT | entry=112916.84 | exit=112223.87 | reason=TP | net=+163.27 USD | equity=11047.63 USD
[OPEN]  SHORT | ts=2025-08-25 15:45:00+00:00 | entry=112200.64 | sl=112426.46 | tp=111861.91 | pct_to_tp=0.30% | pct_to_sl=0.20%
[CLOSE] SHORT | entry=112200.64 | exit=112426.46 | reason=SL | net=-110.48 USD | equity=10937.15 USD
[OPEN]  SHORT | ts=2025-08-25 16:45:00+00:00 | entry=112502.43 | sl=112797.14 | tp=112060.36 | pct_to_tp=0.39% | pct_to_sl=0.26%
[CLOSE] SHORT | entry=112502.43 | exit=112797.14 | reason=SL | net=-109.37 USD | equity=10827.78 USD
[OPEN]  SHORT | ts=2025-08-25 17:30:00+00:00 | entry=112448.88 | sl=112779.39 | tp=111953.12 | pct_to_tp=0.44% | pct_to_sl=0.29%
[CLOSE] SHORT | entry=112448.88 | exit=111953.12 | reason=TP | net=+162.42 USD | equity=10990.19 USD
[OPEN]  SHORT | ts=2025-08-25 19:30:00+00:00 | entry=111164.11 | sl=111981.46 | tp=109938.08 | pct_to_tp=1.10% | pct_to_sl=0.74%
[CLOSE] SHORT | entry=111164.11 | exit=109938.08 | reason=TP | net=+164.85 USD | equity=11155.05 USD
[OPEN]  SHORT | ts=2025-08-25 20:45:00+00:00 | entry=109561.96 | sl=110052.00 | tp=108826.90 | pct_to_tp=0.67% | pct_to_sl=0.45%
[CLOSE] SHORT | entry=109561.96 | exit=110052.00 | reason=SL | net=-111.55 USD | equity=11043.50 USD
[OPEN]  SHORT | ts=2025-08-26 09:30:00+00:00 | entry=110072.98 | sl=110364.03 | tp=109636.40 | pct_to_tp=0.40% | pct_to_sl=0.26%
[CLOSE] SHORT | entry=110072.98 | exit=110364.03 | reason=SL | net=-110.43 USD | equity=10933.06 USD
[OPEN]  SHORT | ts=2025-08-26 11:00:00+00:00 | entry=110034.75 | sl=110224.09 | tp=109750.74 | pct_to_tp=0.26% | pct_to_sl=0.17%
[CLOSE] SHORT | entry=110034.75 | exit=109750.74 | reason=TP | net=+164.00 USD | equity=11097.06 USD
[OPEN]  SHORT | ts=2025-08-26 13:15:00+00:00 | entry=109855.63 | sl=110200.15 | tp=109338.85 | pct_to_tp=0.47% | pct_to_sl=0.31%
[CLOSE] SHORT | entry=109855.63 | exit=110200.15 | reason=SL | net=-110.97 USD | equity=10986.09 USD
[OPEN]  SHORT | ts=2025-08-26 15:30:00+00:00 | entry=109599.99 | sl=110075.21 | tp=108887.16 | pct_to_tp=0.65% | pct_to_sl=0.43%
[CLOSE] SHORT | entry=109599.99 | exit=110075.21 | reason=SL | net=-109.86 USD | equity=10876.23 USD
[OPEN]  SHORT | ts=2025-08-26 17:00:00+00:00 | entry=109854.41 | sl=110205.68 | tp=109327.51 | pct_to_tp=0.48% | pct_to_sl=0.32%
[CLOSE] SHORT | entry=109854.41 | exit=110205.68 | reason=SL | net=-108.76 USD | equity=10767.46 USD
[OPEN]  SHORT | ts=2025-08-26 18:45:00+00:00 | entry=110695.58 | sl=110933.19 | tp=110339.17 | pct_to_tp=0.32% | pct_to_sl=0.21%
[CLOSE] SHORT | entry=110695.58 | exit=110933.19 | reason=SL | net=-107.67 USD | equity=10659.79 USD
[OPEN]  LONG | ts=2025-08-27 17:15:00+00:00 | entry=112309.16 | sl=111897.43 | tp=112926.76 | pct_to_tp=0.55% | pct_to_sl=0.37%
[CLOSE] LONG | entry=112309.16 | exit=111897.43 | reason=SL | net=-106.60 USD | equity=10553.19 USD
[OPEN]  LONG | ts=2025-08-27 20:30:00+00:00 | entry=112329.18 | sl=112004.80 | tp=112815.75 | pct_to_tp=0.43% | pct_to_sl=0.29%
[CLOSE] LONG | entry=112329.18 | exit=112004.80 | reason=SL | net=-105.53 USD | equity=10447.66 USD
[OPEN]  LONG | ts=2025-08-28 16:00:00+00:00 | entry=112925.99 | sl=112636.50 | tp=113360.23 | pct_to_tp=0.38% | pct_to_sl=0.26%
[CLOSE] LONG | entry=112925.99 | exit=112636.50 | reason=SL | net=-104.48 USD | equity=10343.18 USD
[OPEN]  SHORT | ts=2025-08-29 13:15:00+00:00 | entry=110503.36 | sl=110704.00 | tp=110202.40 | pct_to_tp=0.27% | pct_to_sl=0.18%
[CLOSE] SHORT | entry=110503.36 | exit=110202.40 | reason=TP | net=+155.15 USD | equity=10498.33 USD
[OPEN]  SHORT | ts=2025-08-29 13:45:00+00:00 | entry=109106.14 | sl=109726.43 | tp=108175.71 | pct_to_tp=0.85% | pct_to_sl=0.57%
[CLOSE] SHORT | entry=109106.14 | exit=108175.71 | reason=TP | net=+157.47 USD | equity=10655.81 USD
[OPEN]  SHORT | ts=2025-08-30 05:00:00+00:00 | entry=108248.06 | sl=108480.71 | tp=107899.08 | pct_to_tp=0.32% | pct_to_sl=0.21%
[CLOSE] SHORT | entry=108248.06 | exit=108480.71 | reason=SL | net=-106.56 USD | equity=10549.25 USD
[OPEN]  SHORT | ts=2025-08-30 08:30:00+00:00 | entry=108604.22 | sl=108727.26 | tp=108419.66 | pct_to_tp=0.17% | pct_to_sl=0.11%
[CLOSE] SHORT | entry=108604.22 | exit=108419.66 | reason=TP | net=+158.24 USD | equity=10707.49 USD
[OPEN]  SHORT | ts=2025-08-30 12:15:00+00:00 | entry=108502.94 | sl=108567.53 | tp=108406.06 | pct_to_tp=0.09% | pct_to_sl=0.06%
[CLOSE] SHORT | entry=108502.94 | exit=108406.06 | reason=TP | net=+160.61 USD | equity=10868.10 USD
[OPEN]  SHORT | ts=2025-08-30 13:00:00+00:00 | entry=108275.14 | sl=108614.86 | tp=107765.56 | pct_to_tp=0.47% | pct_to_sl=0.31%
[CLOSE] SHORT | entry=108275.14 | exit=108614.86 | reason=SL | net=-108.68 USD | equity=10759.42 USD
[OPEN]  SHORT | ts=2025-08-30 15:00:00+00:00 | entry=108593.98 | sl=108662.00 | tp=108491.95 | pct_to_tp=0.09% | pct_to_sl=0.06%
[CLOSE] SHORT | entry=108593.98 | exit=108662.00 | reason=SL | net=-107.59 USD | equity=10651.82 USD
[OPEN]  SHORT | ts=2025-08-30 15:45:00+00:00 | entry=108869.98 | sl=108925.79 | tp=108786.26 | pct_to_tp=0.08% | pct_to_sl=0.05%
[CLOSE] SHORT | entry=108869.98 | exit=108786.26 | reason=TP | net=+159.78 USD | equity=10811.60 USD
[OPEN]  LONG | ts=2025-08-30 16:30:00+00:00 | entry=108815.70 | sl=108692.63 | tp=109000.30 | pct_to_tp=0.17% | pct_to_sl=0.11%
[CLOSE] LONG | entry=108815.70 | exit=108692.63 | reason=SL | net=-108.12 USD | equity=10703.48 USD
[OPEN]  SHORT | ts=2025-08-31 09:45:00+00:00 | entry=108507.68 | sl=108744.69 | tp=108152.16 | pct_to_tp=0.33% | pct_to_sl=0.22%
[CLOSE] SHORT | entry=108507.68 | exit=108744.69 | reason=SL | net=-107.03 USD | equity=10596.45 USD
[OPEN]  SHORT | ts=2025-09-01 02:00:00+00:00 | entry=107970.59 | sl=108197.67 | tp=107629.97 | pct_to_tp=0.32% | pct_to_sl=0.21%
[CLOSE] SHORT | entry=107970.59 | exit=107629.97 | reason=TP | net=+158.95 USD | equity=10755.40 USD
[OPEN]  SHORT | ts=2025-09-01 02:30:00+00:00 | entry=107562.56 | sl=107707.33 | tp=107345.40 | pct_to_tp=0.20% | pct_to_sl=0.13%
[CLOSE] SHORT | entry=107562.56 | exit=107707.33 | reason=SL | net=-107.55 USD | equity=10647.84 USD
[OPEN]  LONG | ts=2025-09-01 13:15:00+00:00 | entry=109450.63 | sl=109094.26 | tp=109985.19 | pct_to_tp=0.49% | pct_to_sl=0.33%
[CLOSE] LONG | entry=109450.63 | exit=109094.26 | reason=SL | net=-106.48 USD | equity=10541.36 USD
[OPEN]  LONG | ts=2025-09-02 14:15:00+00:00 | entry=111483.87 | sl=110817.10 | tp=112484.02 | pct_to_tp=0.90% | pct_to_sl=0.60%
[CLOSE] LONG | entry=111483.87 | exit=110817.10 | reason=SL | net=-105.41 USD | equity=10435.95 USD
[OPEN]  LONG | ts=2025-09-02 20:00:00+00:00 | entry=111195.99 | sl=110716.77 | tp=111914.82 | pct_to_tp=0.65% | pct_to_sl=0.43%
[CLOSE] LONG | entry=111195.99 | exit=110716.77 | reason=SL | net=-104.36 USD | equity=10331.59 USD
[OPEN]  LONG | ts=2025-09-03 06:15:00+00:00 | entry=110806.97 | sl=110651.36 | tp=111040.39 | pct_to_tp=0.21% | pct_to_sl=0.14%
[CLOSE] LONG | entry=110806.97 | exit=110651.36 | reason=SL | net=-103.32 USD | equity=10228.28 USD
[OPEN]  LONG | ts=2025-09-03 07:30:00+00:00 | entry=110942.77 | sl=110780.00 | tp=111186.93 | pct_to_tp=0.22% | pct_to_sl=0.15%
[CLOSE] LONG | entry=110942.77 | exit=111186.93 | reason=TP | net=+153.42 USD | equity=10381.70 USD
[OPEN]  LONG | ts=2025-09-03 09:15:00+00:00 | entry=111134.53 | sl=110914.89 | tp=111463.99 | pct_to_tp=0.30% | pct_to_sl=0.20%
[CLOSE] LONG | entry=111134.53 | exit=111463.99 | reason=TP | net=+155.73 USD | equity=10537.42 USD
[OPEN]  LONG | ts=2025-09-03 13:00:00+00:00 | entry=111346.12 | sl=111065.56 | tp=111766.96 | pct_to_tp=0.38% | pct_to_sl=0.25%
[CLOSE] LONG | entry=111346.12 | exit=111766.96 | reason=TP | net=+158.06 USD | equity=10695.49 USD
[OPEN]  LONG | ts=2025-09-03 14:30:00+00:00 | entry=112475.99 | sl=111443.86 | tp=114024.19 | pct_to_tp=1.38% | pct_to_sl=0.92%
[CLOSE] LONG | entry=112475.99 | exit=111443.86 | reason=SL | net=-106.95 USD | equity=10588.53 USD
[OPEN]  LONG | ts=2025-09-08 21:00:00+00:00 | entry=112142.23 | sl=111930.73 | tp=112459.48 | pct_to_tp=0.28% | pct_to_sl=0.19%
[CLOSE] LONG | entry=112142.23 | exit=112459.48 | reason=TP | net=+158.83 USD | equity=10747.36 USD
[OPEN]  LONG | ts=2025-09-09 07:15:00+00:00 | entry=113232.00 | sl=113001.90 | tp=113577.15 | pct_to_tp=0.30% | pct_to_sl=0.20%
[CLOSE] LONG | entry=113232.00 | exit=113001.90 | reason=SL | net=-107.47 USD | equity=10639.89 USD
[OPEN]  LONG | ts=2025-09-09 12:00:00+00:00 | entry=112723.30 | sl=112393.40 | tp=113218.15 | pct_to_tp=0.44% | pct_to_sl=0.29%
[CLOSE] LONG | entry=112723.30 | exit=112393.40 | reason=SL | net=-106.40 USD | equity=10533.49 USD
[OPEN]  SHORT | ts=2025-09-10 00:45:00+00:00 | entry=111010.46 | sl=111267.05 | tp=110625.58 | pct_to_tp=0.35% | pct_to_sl=0.23%
[CLOSE] SHORT | entry=111010.46 | exit=111267.05 | reason=SL | net=-105.33 USD | equity=10428.15 USD
[OPEN]  LONG | ts=2025-09-11 10:00:00+00:00 | entry=113961.99 | sl=113895.29 | tp=114062.04 | pct_to_tp=0.09% | pct_to_sl=0.06%
[CLOSE] LONG | entry=113961.99 | exit=113895.29 | reason=SL | net=-104.28 USD | equity=10323.87 USD
[OPEN]  LONG | ts=2025-09-11 13:15:00+00:00 | entry=113719.28 | sl=113430.00 | tp=114153.20 | pct_to_tp=0.38% | pct_to_sl=0.25%
[CLOSE] LONG | entry=113719.28 | exit=114153.20 | reason=TP | net=+154.86 USD | equity=10478.73 USD
[OPEN]  LONG | ts=2025-09-11 13:45:00+00:00 | entry=114628.08 | sl=113818.83 | tp=115841.96 | pct_to_tp=1.06% | pct_to_sl=0.71%
[CLOSE] LONG | entry=114628.08 | exit=115841.96 | reason=TP | net=+157.18 USD | equity=10635.91 USD
[OPEN]  LONG | ts=2025-09-12 09:45:00+00:00 | entry=115048.01 | sl=114908.75 | tp=115256.90 | pct_to_tp=0.18% | pct_to_sl=0.12%
[CLOSE] LONG | entry=115048.01 | exit=114908.75 | reason=SL | net=-106.36 USD | equity=10529.55 USD
[OPEN]  LONG | ts=2025-09-12 11:15:00+00:00 | entry=115121.65 | sl=114904.58 | tp=115447.25 | pct_to_tp=0.28% | pct_to_sl=0.19%
[CLOSE] LONG | entry=115121.65 | exit=114904.58 | reason=SL | net=-105.30 USD | equity=10424.25 USD
[OPEN]  LONG | ts=2025-09-12 12:15:00+00:00 | entry=115126.66 | sl=114819.81 | tp=115586.94 | pct_to_tp=0.40% | pct_to_sl=0.27%
[CLOSE] LONG | entry=115126.66 | exit=115586.94 | reason=TP | net=+156.36 USD | equity=10580.62 USD
[OPEN]  LONG | ts=2025-09-12 17:15:00+00:00 | entry=115851.65 | sl=115599.99 | tp=116229.14 | pct_to_tp=0.33% | pct_to_sl=0.22%
[CLOSE] LONG | entry=115851.65 | exit=116229.14 | reason=TP | net=+158.71 USD | equity=10739.33 USD
[OPEN]  LONG | ts=2025-09-13 02:00:00+00:00 | entry=115969.99 | sl=115686.47 | tp=116395.27 | pct_to_tp=0.37% | pct_to_sl=0.24%
[CLOSE] LONG | entry=115969.99 | exit=115686.47 | reason=SL | net=-107.39 USD | equity=10631.93 USD
[OPEN]  LONG | ts=2025-09-13 14:15:00+00:00 | entry=115905.88 | sl=115688.34 | tp=116232.19 | pct_to_tp=0.28% | pct_to_sl=0.19%
[CLOSE] LONG | entry=115905.88 | exit=115688.34 | reason=SL | net=-106.32 USD | equity=10525.62 USD
[OPEN]  LONG | ts=2025-09-14 02:00:00+00:00 | entry=116109.00 | sl=115938.10 | tp=116365.35 | pct_to_tp=0.22% | pct_to_sl=0.15%
[CLOSE] LONG | entry=116109.00 | exit=115938.10 | reason=SL | net=-105.26 USD | equity=10420.36 USD
[OPEN]  SHORT | ts=2025-09-15 14:45:00+00:00 | entry=114679.56 | sl=114976.18 | tp=114234.63 | pct_to_tp=0.39% | pct_to_sl=0.26%
[CLOSE] SHORT | entry=114679.56 | exit=114976.18 | reason=SL | net=-104.20 USD | equity=10316.16 USD
[OPEN]  LONG | ts=2025-09-17 05:00:00+00:00 | entry=116559.15 | sl=116313.49 | tp=116927.64 | pct_to_tp=0.32% | pct_to_sl=0.21%
[CLOSE] LONG | entry=116559.15 | exit=116927.64 | reason=TP | net=+154.74 USD | equity=10470.90 USD
[OPEN]  SHORT | ts=2025-09-17 18:30:00+00:00 | entry=114902.33 | sl=115965.89 | tp=113306.99 | pct_to_tp=1.39% | pct_to_sl=0.93%
[CLOSE] SHORT | entry=114902.33 | exit=115965.89 | reason=SL | net=-104.71 USD | equity=10366.19 USD
[OPEN]  LONG | ts=2025-09-18 02:45:00+00:00 | entry=116950.47 | sl=116623.29 | tp=117441.24 | pct_to_tp=0.42% | pct_to_sl=0.28%
[CLOSE] LONG | entry=116950.47 | exit=117441.24 | reason=TP | net=+155.49 USD | equity=10521.68 USD
[OPEN]  LONG | ts=2025-09-18 03:15:00+00:00 | entry=117767.66 | sl=117440.32 | tp=118258.67 | pct_to_tp=0.42% | pct_to_sl=0.28%
[CLOSE] LONG | entry=117767.66 | exit=117440.32 | reason=SL | net=-105.22 USD | equity=10416.46 USD
[OPEN]  LONG | ts=2025-09-18 12:00:00+00:00 | entry=117243.75 | sl=116977.59 | tp=117642.99 | pct_to_tp=0.34% | pct_to_sl=0.23%
[CLOSE] LONG | entry=117243.75 | exit=117642.99 | reason=TP | net=+156.25 USD | equity=10572.71 USD
[OPEN]  LONG | ts=2025-09-18 20:30:00+00:00 | entry=117652.83 | sl=117501.44 | tp=117879.92 | pct_to_tp=0.19% | pct_to_sl=0.13%
[CLOSE] LONG | entry=117652.83 | exit=117501.44 | reason=SL | net=-105.73 USD | equity=10466.98 USD
[OPEN]  LONG | ts=2025-09-18 21:15:00+00:00 | entry=117437.98 | sl=117304.11 | tp=117638.78 | pct_to_tp=0.17% | pct_to_sl=0.11%
[CLOSE] LONG | entry=117437.98 | exit=117304.11 | reason=SL | net=-104.67 USD | equity=10362.31 USD
[OPEN]  SHORT | ts=2025-09-19 15:00:00+00:00 | entry=115519.82 | sl=115900.00 | tp=114949.55 | pct_to_tp=0.49% | pct_to_sl=0.33%
[CLOSE] SHORT | entry=115519.82 | exit=115900.00 | reason=SL | net=-103.62 USD | equity=10258.69 USD
[OPEN]  SHORT | ts=2025-09-22 00:30:00+00:00 | entry=114846.87 | sl=115169.88 | tp=114362.35 | pct_to_tp=0.42% | pct_to_sl=0.28%
[CLOSE] SHORT | entry=114846.87 | exit=114362.35 | reason=TP | net=+153.88 USD | equity=10412.57 USD
[OPEN]  SHORT | ts=2025-09-22 01:45:00+00:00 | entry=114273.45 | sl=114670.94 | tp=113677.21 | pct_to_tp=0.52% | pct_to_sl=0.35%
[CLOSE] SHORT | entry=114273.45 | exit=113677.21 | reason=TP | net=+156.19 USD | equity=10568.76 USD
[OPEN]  SHORT | ts=2025-09-22 22:00:00+00:00 | entry=112753.48 | sl=112970.00 | tp=112428.70 | pct_to_tp=0.29% | pct_to_sl=0.19%
[CLOSE] SHORT | entry=112753.48 | exit=112428.70 | reason=TP | net=+158.53 USD | equity=10727.29 USD
[OPEN]  SHORT | ts=2025-09-23 01:30:00+00:00 | entry=112266.00 | sl=112498.51 | tp=111917.24 | pct_to_tp=0.31% | pct_to_sl=0.21%
[CLOSE] SHORT | entry=112266.00 | exit=111917.24 | reason=TP | net=+160.91 USD | equity=10888.20 USD
[OPEN]  LONG | ts=2025-09-23 10:45:00+00:00 | entry=112969.32 | sl=112840.47 | tp=113162.60 | pct_to_tp=0.17% | pct_to_sl=0.11%
[CLOSE] LONG | entry=112969.32 | exit=112840.47 | reason=SL | net=-108.88 USD | equity=10779.32 USD
[OPEN]  LONG | ts=2025-09-23 11:15:00+00:00 | entry=112847.28 | sl=112714.62 | tp=113046.27 | pct_to_tp=0.18% | pct_to_sl=0.12%
[CLOSE] LONG | entry=112847.28 | exit=113046.27 | reason=TP | net=+161.69 USD | equity=10941.01 USD
[OPEN]  LONG | ts=2025-09-23 16:15:00+00:00 | entry=112804.68 | sl=112537.64 | tp=113205.24 | pct_to_tp=0.36% | pct_to_sl=0.24%
[CLOSE] LONG | entry=112804.68 | exit=112537.64 | reason=SL | net=-109.41 USD | equity=10831.60 USD
[OPEN]  LONG | ts=2025-09-23 16:45:00+00:00 | entry=112823.63 | sl=112591.98 | tp=113171.11 | pct_to_tp=0.31% | pct_to_sl=0.21%
[CLOSE] LONG | entry=112823.63 | exit=112591.98 | reason=SL | net=-108.32 USD | equity=10723.28 USD
[OPEN]  SHORT | ts=2025-09-23 17:15:00+00:00 | entry=112395.09 | sl=112654.30 | tp=112006.27 | pct_to_tp=0.35% | pct_to_sl=0.23%
[CLOSE] SHORT | entry=112395.09 | exit=112006.27 | reason=TP | net=+160.85 USD | equity=10884.13 USD
[OPEN]  SHORT | ts=2025-09-23 18:30:00+00:00 | entry=111725.68 | sl=112010.40 | tp=111298.60 | pct_to_tp=0.38% | pct_to_sl=0.25%
[CLOSE] SHORT | entry=111725.68 | exit=112010.40 | reason=SL | net=-108.84 USD | equity=10775.29 USD
[OPEN]  SHORT | ts=2025-09-24 02:00:00+00:00 | entry=112171.70 | sl=112500.00 | tp=111679.25 | pct_to_tp=0.44% | pct_to_sl=0.29%
[CLOSE] SHORT | entry=112171.70 | exit=111679.25 | reason=TP | net=+161.63 USD | equity=10936.92 USD
[OPEN]  LONG | ts=2025-09-24 22:00:00+00:00 | entry=113639.01 | sl=113339.63 | tp=114088.08 | pct_to_tp=0.40% | pct_to_sl=0.26%
[CLOSE] LONG | entry=113639.01 | exit=113339.63 | reason=SL | net=-109.37 USD | equity=10827.55 USD
[OPEN]  SHORT | ts=2025-09-25 10:30:00+00:00 | entry=111612.98 | sl=111819.00 | tp=111303.95 | pct_to_tp=0.28% | pct_to_sl=0.18%
[CLOSE] SHORT | entry=111612.98 | exit=111303.95 | reason=TP | net=+162.41 USD | equity=10989.96 USD
[OPEN]  SHORT | ts=2025-09-25 17:00:00+00:00 | entry=110160.00 | sl=110968.40 | tp=108947.40 | pct_to_tp=1.10% | pct_to_sl=0.73%
[CLOSE] SHORT | entry=110160.00 | exit=108947.40 | reason=TP | net=+164.85 USD | equity=11154.81 USD

============================================================
SUMMARY — OUT_OF_SAMPLE
============================================================
Total trades       : 473
  Long             : 248
  Short            : 225
Win rate           : 41.2%
Total return       : 11.55%
Final equity       : 11154.81 USD
Max drawdown       : 16.92%
Profit factor      : 1.041
Expectancy         : 2.44 USD/trade
Max consec. losses : 11
Long PnL           : -975.85 USD
Short PnL          : 2130.66 USD

Monthly breakdown:
  2025-03  trades=  9  win%= 44.4  net=   +93.46 USD
  2025-04  trades= 76  win%= 31.6  net= -1537.77 USD
  2025-05  trades= 99  win%= 45.5  net= +1161.20 USD
  2025-06  trades= 85  win%= 38.8  net=  -299.36 USD
  2025-07  trades= 54  win%= 48.1  net= +1049.89 USD
  2025-08  trades=103  win%= 40.8  net=  +129.03 USD
  2025-09  trades= 47  win%= 44.7  net=  +558.36 USD
============================================================

Filter rejections:
  No trend signal  : 0
  Trend strength   : 7196
  Pullback quality : 5118
  Candle quality   : 621
  Range floor      : 29
