
============================================================
EXP005-v2  |  BTC  |  IN-SAMPLE
Strategy   : EXP002-v2 (unchanged)
1h data    : data/BTCUSDT_1h_last_200d.csv
15m data   : data/BTCUSDT_15m_last_180d.csv
============================================================

[OPEN]  SHORT | ts=2025-09-26 10:00:00+00:00 | entry=109185.09 | sl=109568.72 | tp=108417.83 | pct_to_tp=0.70% | pct_to_sl=0.35%
[CLOSE] SHORT | entry=109185.09 | exit=109568.72 | reason=SL | net=-100.00 USD | equity=9900.00 USD
[OPEN]  SHORT | ts=2025-09-26 14:00:00+00:00 | entry=109309.00 | sl=109779.73 | tp=108367.54 | pct_to_tp=0.86% | pct_to_sl=0.43%
[CLOSE] SHORT | entry=109309.00 | exit=109779.73 | reason=SL | net=-99.00 USD | equity=9801.00 USD
[OPEN]  SHORT | ts=2025-09-26 18:30:00+00:00 | entry=109871.50 | sl=110203.14 | tp=109208.22 | pct_to_tp=0.60% | pct_to_sl=0.30%
[CLOSE] SHORT | entry=109871.50 | exit=109208.22 | reason=TP | net=+196.02 USD | equity=9997.02 USD
[OPEN]  SHORT | ts=2025-09-26 20:15:00+00:00 | entry=109152.76 | sl=109297.81 | tp=108862.66 | pct_to_tp=0.27% | pct_to_sl=0.13%
[CLOSE] SHORT | entry=109152.76 | exit=109297.81 | reason=SL | net=-99.97 USD | equity=9897.05 USD
[OPEN]  SHORT | ts=2025-09-26 21:30:00+00:00 | entry=109348.76 | sl=109465.60 | tp=109115.08 | pct_to_tp=0.21% | pct_to_sl=0.11%
[CLOSE] SHORT | entry=109348.76 | exit=109465.60 | reason=SL | net=-98.97 USD | equity=9798.08 USD
[OPEN]  SHORT | ts=2025-09-27 01:00:00+00:00 | entry=109526.50 | sl=109657.45 | tp=109264.60 | pct_to_tp=0.24% | pct_to_sl=0.12%
[CLOSE] SHORT | entry=109526.50 | exit=109657.45 | reason=SL | net=-97.98 USD | equity=9700.10 USD
[OPEN]  SHORT | ts=2025-09-27 13:00:00+00:00 | entry=109299.64 | sl=109412.14 | tp=109074.64 | pct_to_tp=0.21% | pct_to_sl=0.10%
[CLOSE] SHORT | entry=109299.64 | exit=109412.14 | reason=SL | net=-97.00 USD | equity=9603.10 USD
[OPEN]  LONG | ts=2025-09-29 14:00:00+00:00 | entry=113803.51 | sl=113220.21 | tp=114970.11 | pct_to_tp=1.03% | pct_to_sl=0.51%
[CLOSE] LONG | entry=113803.51 | exit=113220.21 | reason=SL | net=-96.03 USD | equity=9507.07 USD
[OPEN]  LONG | ts=2025-09-30 20:15:00+00:00 | entry=114387.29 | sl=114158.80 | tp=114844.27 | pct_to_tp=0.40% | pct_to_sl=0.20%
[CLOSE] LONG | entry=114387.29 | exit=114158.80 | reason=SL | net=-95.07 USD | equity=9412.00 USD
[OPEN]  LONG | ts=2025-09-30 23:45:00+00:00 | entry=114048.93 | sl=113945.86 | tp=114255.07 | pct_to_tp=0.18% | pct_to_sl=0.09%
[CLOSE] LONG | entry=114048.93 | exit=114255.07 | reason=TP | net=+188.24 USD | equity=9600.24 USD
[OPEN]  LONG | ts=2025-10-01 00:45:00+00:00 | entry=114239.53 | sl=113969.18 | tp=114780.23 | pct_to_tp=0.47% | pct_to_sl=0.24%
[CLOSE] LONG | entry=114239.53 | exit=114780.23 | reason=TP | net=+192.00 USD | equity=9792.24 USD
[OPEN]  LONG | ts=2025-10-01 08:30:00+00:00 | entry=115635.37 | sl=115089.82 | tp=116726.47 | pct_to_tp=0.94% | pct_to_sl=0.47%
[CLOSE] LONG | entry=115635.37 | exit=116726.47 | reason=TP | net=+195.84 USD | equity=9988.09 USD
[OPEN]  LONG | ts=2025-10-03 02:00:00+00:00 | entry=120132.51 | sl=119866.18 | tp=120665.17 | pct_to_tp=0.44% | pct_to_sl=0.22%
[CLOSE] LONG | entry=120132.51 | exit=119866.18 | reason=SL | net=-99.88 USD | equity=9888.20 USD
[OPEN]  LONG | ts=2025-10-03 08:30:00+00:00 | entry=119859.16 | sl=119648.60 | tp=120280.28 | pct_to_tp=0.35% | pct_to_sl=0.18%
[CLOSE] LONG | entry=119859.16 | exit=120280.28 | reason=TP | net=+197.76 USD | equity=10085.97 USD
[OPEN]  LONG | ts=2025-10-03 09:45:00+00:00 | entry=120300.00 | sl=120192.87 | tp=120514.26 | pct_to_tp=0.18% | pct_to_sl=0.09%
[CLOSE] LONG | entry=120300.00 | exit=120514.26 | reason=TP | net=+201.72 USD | equity=10287.69 USD
[OPEN]  LONG | ts=2025-10-03 13:15:00+00:00 | entry=120529.70 | sl=120225.20 | tp=121138.70 | pct_to_tp=0.51% | pct_to_sl=0.25%
[CLOSE] LONG | entry=120529.70 | exit=120225.20 | reason=SL | net=-102.88 USD | equity=10184.81 USD
[OPEN]  LONG | ts=2025-10-03 14:45:00+00:00 | entry=120917.85 | sl=120645.40 | tp=121462.75 | pct_to_tp=0.45% | pct_to_sl=0.23%
[CLOSE] LONG | entry=120917.85 | exit=120645.40 | reason=SL | net=-101.85 USD | equity=10082.96 USD
[OPEN]  LONG | ts=2025-10-03 15:15:00+00:00 | entry=121293.73 | sl=120849.99 | tp=122181.21 | pct_to_tp=0.73% | pct_to_sl=0.37%
[CLOSE] LONG | entry=121293.73 | exit=122181.21 | reason=TP | net=+201.66 USD | equity=10284.62 USD
[OPEN]  LONG | ts=2025-10-04 03:15:00+00:00 | entry=122051.16 | sl=121887.99 | tp=122377.50 | pct_to_tp=0.27% | pct_to_sl=0.13%
[CLOSE] LONG | entry=122051.16 | exit=122377.50 | reason=TP | net=+205.69 USD | equity=10490.31 USD
[OPEN]  LONG | ts=2025-10-04 04:30:00+00:00 | entry=122481.77 | sl=122296.00 | tp=122853.31 | pct_to_tp=0.30% | pct_to_sl=0.15%
[CLOSE] LONG | entry=122481.77 | exit=122296.00 | reason=SL | net=-104.90 USD | equity=10385.41 USD
[OPEN]  LONG | ts=2025-10-04 12:00:00+00:00 | entry=122100.00 | sl=121973.25 | tp=122353.50 | pct_to_tp=0.21% | pct_to_sl=0.10%
[CLOSE] LONG | entry=122100.00 | exit=121973.25 | reason=SL | net=-103.85 USD | equity=10281.56 USD
[OPEN]  LONG | ts=2025-10-04 13:00:00+00:00 | entry=122391.51 | sl=122005.62 | tp=123163.29 | pct_to_tp=0.63% | pct_to_sl=0.32%
[CLOSE] LONG | entry=122391.51 | exit=122005.62 | reason=SL | net=-102.82 USD | equity=10178.74 USD
[OPEN]  LONG | ts=2025-10-04 15:30:00+00:00 | entry=121894.35 | sl=121711.00 | tp=122261.05 | pct_to_tp=0.30% | pct_to_sl=0.15%
[CLOSE] LONG | entry=121894.35 | exit=121711.00 | reason=SL | net=-101.79 USD | equity=10076.95 USD
[OPEN]  LONG | ts=2025-10-04 16:30:00+00:00 | entry=121833.00 | sl=121710.78 | tp=122077.44 | pct_to_tp=0.20% | pct_to_sl=0.10%
[CLOSE] LONG | entry=121833.00 | exit=121710.78 | reason=SL | net=-100.77 USD | equity=9976.18 USD
[OPEN]  SHORT | ts=2025-10-04 20:45:00+00:00 | entry=121892.89 | sl=122061.83 | tp=121555.01 | pct_to_tp=0.28% | pct_to_sl=0.14%
[CLOSE] SHORT | entry=121892.89 | exit=122061.83 | reason=SL | net=-99.76 USD | equity=9876.42 USD
[OPEN]  SHORT | ts=2025-10-04 21:45:00+00:00 | entry=122190.67 | sl=122319.72 | tp=121932.57 | pct_to_tp=0.21% | pct_to_sl=0.11%
[CLOSE] SHORT | entry=122190.67 | exit=122319.72 | reason=SL | net=-98.76 USD | equity=9777.66 USD
[OPEN]  LONG | ts=2025-10-05 01:00:00+00:00 | entry=122306.52 | sl=122157.70 | tp=122604.16 | pct_to_tp=0.24% | pct_to_sl=0.12%
[CLOSE] LONG | entry=122306.52 | exit=122157.70 | reason=SL | net=-97.78 USD | equity=9679.88 USD
[OPEN]  LONG | ts=2025-10-05 01:30:00+00:00 | entry=122390.98 | sl=122248.01 | tp=122676.92 | pct_to_tp=0.23% | pct_to_sl=0.12%
[CLOSE] LONG | entry=122390.98 | exit=122676.92 | reason=TP | net=+193.60 USD | equity=9873.48 USD
[OPEN]  LONG | ts=2025-10-05 02:45:00+00:00 | entry=124031.44 | sl=123537.27 | tp=125019.78 | pct_to_tp=0.80% | pct_to_sl=0.40%
[CLOSE] LONG | entry=124031.44 | exit=123537.27 | reason=SL | net=-98.73 USD | equity=9774.75 USD
[OPEN]  LONG | ts=2025-10-05 10:45:00+00:00 | entry=123028.01 | sl=122816.65 | tp=123450.73 | pct_to_tp=0.34% | pct_to_sl=0.17%
[CLOSE] LONG | entry=123028.01 | exit=123450.73 | reason=TP | net=+195.49 USD | equity=9970.24 USD
[OPEN]  LONG | ts=2025-10-05 13:00:00+00:00 | entry=123246.88 | sl=123070.46 | tp=123599.72 | pct_to_tp=0.29% | pct_to_sl=0.14%
[CLOSE] LONG | entry=123246.88 | exit=123070.46 | reason=SL | net=-99.70 USD | equity=9870.54 USD
[OPEN]  LONG | ts=2025-10-06 01:45:00+00:00 | entry=124035.32 | sl=123781.10 | tp=124543.76 | pct_to_tp=0.41% | pct_to_sl=0.20%
[CLOSE] LONG | entry=124035.32 | exit=123781.10 | reason=SL | net=-98.71 USD | equity=9771.83 USD
[OPEN]  LONG | ts=2025-10-06 02:45:00+00:00 | entry=124110.61 | sl=123839.07 | tp=124653.69 | pct_to_tp=0.44% | pct_to_sl=0.22%
[CLOSE] LONG | entry=124110.61 | exit=123839.07 | reason=SL | net=-97.72 USD | equity=9674.11 USD
[OPEN]  LONG | ts=2025-10-06 05:15:00+00:00 | entry=123603.55 | sl=123317.00 | tp=124176.65 | pct_to_tp=0.46% | pct_to_sl=0.23%
[CLOSE] LONG | entry=123603.55 | exit=123317.00 | reason=SL | net=-96.74 USD | equity=9577.37 USD
[OPEN]  LONG | ts=2025-10-06 08:00:00+00:00 | entry=123635.79 | sl=123390.46 | tp=124126.45 | pct_to_tp=0.40% | pct_to_sl=0.20%
[CLOSE] LONG | entry=123635.79 | exit=124126.45 | reason=TP | net=+191.55 USD | equity=9768.92 USD
[OPEN]  LONG | ts=2025-10-06 12:45:00+00:00 | entry=124556.64 | sl=124325.96 | tp=125018.00 | pct_to_tp=0.37% | pct_to_sl=0.19%
[CLOSE] LONG | entry=124556.64 | exit=125018.00 | reason=TP | net=+195.38 USD | equity=9964.30 USD
[OPEN]  LONG | ts=2025-10-06 22:45:00+00:00 | entry=125039.13 | sl=124890.94 | tp=125335.51 | pct_to_tp=0.24% | pct_to_sl=0.12%
[CLOSE] LONG | entry=125039.13 | exit=124890.94 | reason=SL | net=-99.64 USD | equity=9864.66 USD
[OPEN]  LONG | ts=2025-10-07 00:30:00+00:00 | entry=124882.51 | sl=124600.00 | tp=125447.53 | pct_to_tp=0.45% | pct_to_sl=0.23%
[CLOSE] LONG | entry=124882.51 | exit=124600.00 | reason=SL | net=-98.65 USD | equity=9766.01 USD
[OPEN]  SHORT | ts=2025-10-07 14:00:00+00:00 | entry=122831.93 | sl=124000.00 | tp=120495.79 | pct_to_tp=1.90% | pct_to_sl=0.95%
[CLOSE] SHORT | entry=122831.93 | exit=124000.00 | reason=SL | net=-97.66 USD | equity=9668.35 USD
[OPEN]  SHORT | ts=2025-10-09 23:00:00+00:00 | entry=121460.13 | sl=121686.19 | tp=121008.01 | pct_to_tp=0.37% | pct_to_sl=0.19%
[CLOSE] SHORT | entry=121460.13 | exit=121686.19 | reason=SL | net=-96.68 USD | equity=9571.67 USD
[OPEN]  SHORT | ts=2025-10-10 03:45:00+00:00 | entry=121026.01 | sl=121575.99 | tp=119926.05 | pct_to_tp=0.91% | pct_to_sl=0.45%
[CLOSE] SHORT | entry=121026.01 | exit=121575.99 | reason=SL | net=-95.72 USD | equity=9475.95 USD
[OPEN]  SHORT | ts=2025-10-10 07:30:00+00:00 | entry=121119.39 | sl=121345.43 | tp=120667.31 | pct_to_tp=0.37% | pct_to_sl=0.19%
[CLOSE] SHORT | entry=121119.39 | exit=121345.43 | reason=SL | net=-94.76 USD | equity=9381.19 USD
[OPEN]  SHORT | ts=2025-10-10 15:15:00+00:00 | entry=119252.86 | sl=120497.96 | tp=116762.66 | pct_to_tp=2.09% | pct_to_sl=1.04%
[CLOSE] SHORT | entry=119252.86 | exit=116762.66 | reason=TP | net=+187.62 USD | equity=9568.81 USD
[OPEN]  SHORT | ts=2025-10-12 05:00:00+00:00 | entry=111296.75 | sl=111524.88 | tp=110840.49 | pct_to_tp=0.41% | pct_to_sl=0.20%
[CLOSE] SHORT | entry=111296.75 | exit=111524.88 | reason=SL | net=-95.69 USD | equity=9473.12 USD
[OPEN]  SHORT | ts=2025-10-12 06:30:00+00:00 | entry=111730.31 | sl=111933.63 | tp=111323.67 | pct_to_tp=0.36% | pct_to_sl=0.18%
[CLOSE] SHORT | entry=111730.31 | exit=111933.63 | reason=SL | net=-94.73 USD | equity=9378.39 USD
[OPEN]  SHORT | ts=2025-10-12 08:30:00+00:00 | entry=111600.01 | sl=111762.09 | tp=111275.85 | pct_to_tp=0.29% | pct_to_sl=0.15%
[CLOSE] SHORT | entry=111600.01 | exit=111275.85 | reason=TP | net=+187.57 USD | equity=9565.96 USD
[OPEN]  LONG | ts=2025-10-12 09:15:00+00:00 | entry=111388.99 | sl=111194.87 | tp=111777.23 | pct_to_tp=0.35% | pct_to_sl=0.17%
[CLOSE] LONG | entry=111388.99 | exit=111777.23 | reason=TP | net=+191.32 USD | equity=9757.28 USD
[OPEN]  LONG | ts=2025-10-12 12:00:00+00:00 | entry=112134.48 | sl=111835.25 | tp=112732.94 | pct_to_tp=0.53% | pct_to_sl=0.27%
[CLOSE] LONG | entry=112134.48 | exit=111835.25 | reason=SL | net=-97.57 USD | equity=9659.71 USD
[OPEN]  LONG | ts=2025-10-13 17:45:00+00:00 | entry=115040.55 | sl=114215.79 | tp=116690.07 | pct_to_tp=1.43% | pct_to_sl=0.72%
[CLOSE] LONG | entry=115040.55 | exit=114215.79 | reason=SL | net=-96.60 USD | equity=9563.11 USD
[OPEN]  SHORT | ts=2025-10-14 16:00:00+00:00 | entry=112509.99 | sl=112929.26 | tp=111671.45 | pct_to_tp=0.75% | pct_to_sl=0.37%
[CLOSE] SHORT | entry=112509.99 | exit=112929.26 | reason=SL | net=-95.63 USD | equity=9467.48 USD
[OPEN]  SHORT | ts=2025-10-14 16:45:00+00:00 | entry=112328.83 | sl=112875.19 | tp=111236.11 | pct_to_tp=0.97% | pct_to_sl=0.49%
[CLOSE] SHORT | entry=112328.83 | exit=112875.19 | reason=SL | net=-94.67 USD | equity=9372.81 USD
[OPEN]  SHORT | ts=2025-10-14 19:30:00+00:00 | entry=112104.75 | sl=113435.00 | tp=109444.25 | pct_to_tp=2.37% | pct_to_sl=1.19%
[CLOSE] SHORT | entry=112104.75 | exit=113435.00 | reason=SL | net=-93.73 USD | equity=9279.08 USD
[OPEN]  SHORT | ts=2025-10-15 05:45:00+00:00 | entry=112431.95 | sl=112550.90 | tp=112194.05 | pct_to_tp=0.21% | pct_to_sl=0.11%
[CLOSE] SHORT | entry=112431.95 | exit=112194.05 | reason=TP | net=+185.58 USD | equity=9464.66 USD
[OPEN]  SHORT | ts=2025-10-15 06:15:00+00:00 | entry=111944.00 | sl=112256.00 | tp=111320.00 | pct_to_tp=0.56% | pct_to_sl=0.28%
[CLOSE] SHORT | entry=111944.00 | exit=112256.00 | reason=SL | net=-94.65 USD | equity=9370.01 USD
[OPEN]  SHORT | ts=2025-10-15 10:15:00+00:00 | entry=112397.99 | sl=112603.68 | tp=111986.61 | pct_to_tp=0.37% | pct_to_sl=0.18%
[CLOSE] SHORT | entry=112397.99 | exit=111986.61 | reason=TP | net=+187.40 USD | equity=9557.41 USD
[OPEN]  SHORT | ts=2025-10-15 11:45:00+00:00 | entry=111905.73 | sl=112100.00 | tp=111517.19 | pct_to_tp=0.35% | pct_to_sl=0.17%
[CLOSE] SHORT | entry=111905.73 | exit=111517.19 | reason=TP | net=+191.15 USD | equity=9748.56 USD
[OPEN]  SHORT | ts=2025-10-16 03:45:00+00:00 | entry=111329.48 | sl=111621.57 | tp=110745.30 | pct_to_tp=0.52% | pct_to_sl=0.26%
[CLOSE] SHORT | entry=111329.48 | exit=111621.57 | reason=SL | net=-97.49 USD | equity=9651.07 USD
[OPEN]  SHORT | ts=2025-10-16 04:30:00+00:00 | entry=110998.34 | sl=111584.99 | tp=109825.04 | pct_to_tp=1.06% | pct_to_sl=0.53%
[CLOSE] SHORT | entry=110998.34 | exit=111584.99 | reason=SL | net=-96.51 USD | equity=9554.56 USD
[OPEN]  SHORT | ts=2025-10-16 07:15:00+00:00 | entry=110771.28 | sl=111402.59 | tp=109508.66 | pct_to_tp=1.14% | pct_to_sl=0.57%
[CLOSE] SHORT | entry=110771.28 | exit=111402.59 | reason=SL | net=-95.55 USD | equity=9459.02 USD
[OPEN]  SHORT | ts=2025-10-16 11:15:00+00:00 | entry=111112.14 | sl=111469.63 | tp=110397.16 | pct_to_tp=0.64% | pct_to_sl=0.32%
[CLOSE] SHORT | entry=111112.14 | exit=111469.63 | reason=SL | net=-94.59 USD | equity=9364.43 USD
[OPEN]  SHORT | ts=2025-10-16 15:15:00+00:00 | entry=110044.97 | sl=110627.99 | tp=108878.93 | pct_to_tp=1.06% | pct_to_sl=0.53%
[CLOSE] SHORT | entry=110044.97 | exit=108878.93 | reason=TP | net=+187.29 USD | equity=9551.72 USD
[OPEN]  SHORT | ts=2025-10-17 05:30:00+00:00 | entry=108553.40 | sl=108866.82 | tp=107926.56 | pct_to_tp=0.58% | pct_to_sl=0.29%
[CLOSE] SHORT | entry=108553.40 | exit=107926.56 | reason=TP | net=+191.03 USD | equity=9742.75 USD
[OPEN]  SHORT | ts=2025-10-17 17:15:00+00:00 | entry=106218.58 | sl=106729.00 | tp=105197.74 | pct_to_tp=0.96% | pct_to_sl=0.48%
[CLOSE] SHORT | entry=106218.58 | exit=106729.00 | reason=SL | net=-97.43 USD | equity=9645.32 USD
[OPEN]  SHORT | ts=2025-10-17 21:30:00+00:00 | entry=107276.79 | sl=107419.99 | tp=106990.39 | pct_to_tp=0.27% | pct_to_sl=0.13%
[CLOSE] SHORT | entry=107276.79 | exit=107419.99 | reason=SL | net=-96.45 USD | equity=9548.87 USD
[OPEN]  SHORT | ts=2025-10-17 22:30:00+00:00 | entry=106912.85 | sl=107150.00 | tp=106438.55 | pct_to_tp=0.44% | pct_to_sl=0.22%
[CLOSE] SHORT | entry=106912.85 | exit=106438.55 | reason=TP | net=+190.98 USD | equity=9739.85 USD
[OPEN]  LONG | ts=2025-10-18 00:15:00+00:00 | entry=106744.04 | sl=106322.20 | tp=107587.72 | pct_to_tp=0.79% | pct_to_sl=0.40%
[CLOSE] LONG | entry=106744.04 | exit=106322.20 | reason=SL | net=-97.40 USD | equity=9642.45 USD
[OPEN]  SHORT | ts=2025-10-19 08:30:00+00:00 | entry=106493.40 | sl=106726.54 | tp=106027.12 | pct_to_tp=0.44% | pct_to_sl=0.22%
[CLOSE] SHORT | entry=106493.40 | exit=106726.54 | reason=SL | net=-96.42 USD | equity=9546.02 USD
[OPEN]  LONG | ts=2025-10-19 14:15:00+00:00 | entry=108396.57 | sl=107940.00 | tp=109309.71 | pct_to_tp=0.84% | pct_to_sl=0.42%
[CLOSE] LONG | entry=108396.57 | exit=109309.71 | reason=TP | net=+190.92 USD | equity=9736.95 USD
[OPEN]  LONG | ts=2025-10-20 02:15:00+00:00 | entry=108441.58 | sl=107981.80 | tp=109361.14 | pct_to_tp=0.85% | pct_to_sl=0.42%
[CLOSE] LONG | entry=108441.58 | exit=109361.14 | reason=TP | net=+194.74 USD | equity=9931.68 USD
[OPEN]  LONG | ts=2025-10-20 04:30:00+00:00 | entry=110251.26 | sl=110062.10 | tp=110629.58 | pct_to_tp=0.34% | pct_to_sl=0.17%
[CLOSE] LONG | entry=110251.26 | exit=110629.58 | reason=TP | net=+198.63 USD | equity=10130.32 USD
[OPEN]  LONG | ts=2025-10-20 18:15:00+00:00 | entry=110660.21 | sl=110220.00 | tp=111540.63 | pct_to_tp=0.80% | pct_to_sl=0.40%
[CLOSE] LONG | entry=110660.21 | exit=110220.00 | reason=SL | net=-101.30 USD | equity=10029.01 USD
[OPEN]  LONG | ts=2025-10-21 00:15:00+00:00 | entry=110331.47 | sl=110168.00 | tp=110658.41 | pct_to_tp=0.30% | pct_to_sl=0.15%
[CLOSE] LONG | entry=110331.47 | exit=110168.00 | reason=SL | net=-100.29 USD | equity=9928.72 USD
[OPEN]  LONG | ts=2025-10-21 01:15:00+00:00 | entry=110279.34 | sl=110128.08 | tp=110581.86 | pct_to_tp=0.27% | pct_to_sl=0.14%
[CLOSE] LONG | entry=110279.34 | exit=110128.08 | reason=SL | net=-99.29 USD | equity=9829.44 USD
[OPEN]  LONG | ts=2025-10-21 21:00:00+00:00 | entry=111095.21 | sl=110685.59 | tp=111914.45 | pct_to_tp=0.74% | pct_to_sl=0.37%
[CLOSE] LONG | entry=111095.21 | exit=110685.59 | reason=SL | net=-98.29 USD | equity=9731.14 USD
[OPEN]  LONG | ts=2025-10-21 21:30:00+00:00 | entry=110894.68 | sl=110398.39 | tp=111887.26 | pct_to_tp=0.90% | pct_to_sl=0.45%
[CLOSE] LONG | entry=110894.68 | exit=110398.39 | reason=SL | net=-97.31 USD | equity=9633.83 USD
[OPEN]  SHORT | ts=2025-10-22 14:00:00+00:00 | entry=108177.91 | sl=108807.17 | tp=106919.39 | pct_to_tp=1.16% | pct_to_sl=0.58%
[CLOSE] SHORT | entry=108177.91 | exit=108807.17 | reason=SL | net=-96.34 USD | equity=9537.49 USD
[OPEN]  SHORT | ts=2025-10-22 15:00:00+00:00 | entry=108402.89 | sl=109163.88 | tp=106880.91 | pct_to_tp=1.40% | pct_to_sl=0.70%
[CLOSE] SHORT | entry=108402.89 | exit=106880.91 | reason=TP | net=+190.75 USD | equity=9728.24 USD
[OPEN]  LONG | ts=2025-10-23 22:00:00+00:00 | entry=109858.00 | sl=109517.37 | tp=110539.26 | pct_to_tp=0.62% | pct_to_sl=0.31%
[CLOSE] LONG | entry=109858.00 | exit=110539.26 | reason=TP | net=+194.56 USD | equity=9922.81 USD
[OPEN]  LONG | ts=2025-10-24 22:15:00+00:00 | entry=111073.11 | sl=110942.86 | tp=111333.61 | pct_to_tp=0.23% | pct_to_sl=0.12%
[CLOSE] LONG | entry=111073.11 | exit=110942.86 | reason=SL | net=-99.23 USD | equity=9823.58 USD
[OPEN]  LONG | ts=2025-10-25 01:00:00+00:00 | entry=110888.00 | sl=110750.00 | tp=111164.00 | pct_to_tp=0.25% | pct_to_sl=0.12%
[CLOSE] LONG | entry=110888.00 | exit=111164.00 | reason=TP | net=+196.47 USD | equity=10020.05 USD
[OPEN]  LONG | ts=2025-10-25 01:45:00+00:00 | entry=111070.31 | sl=110950.01 | tp=111310.91 | pct_to_tp=0.22% | pct_to_sl=0.11%
[CLOSE] LONG | entry=111070.31 | exit=111310.91 | reason=TP | net=+200.40 USD | equity=10220.45 USD
[OPEN]  LONG | ts=2025-10-25 05:30:00+00:00 | entry=111287.67 | sl=111189.42 | tp=111484.17 | pct_to_tp=0.18% | pct_to_sl=0.09%
[CLOSE] LONG | entry=111287.67 | exit=111484.17 | reason=TP | net=+204.41 USD | equity=10424.86 USD
[OPEN]  LONG | ts=2025-10-25 15:15:00+00:00 | entry=111470.86 | sl=111418.11 | tp=111576.36 | pct_to_tp=0.09% | pct_to_sl=0.05%
[CLOSE] LONG | entry=111470.86 | exit=111418.11 | reason=SL | net=-104.25 USD | equity=10320.61 USD
[OPEN]  LONG | ts=2025-10-26 00:15:00+00:00 | entry=111742.26 | sl=111576.23 | tp=112074.32 | pct_to_tp=0.30% | pct_to_sl=0.15%
[CLOSE] LONG | entry=111742.26 | exit=111576.23 | reason=SL | net=-103.21 USD | equity=10217.41 USD
[OPEN]  LONG | ts=2025-10-26 02:15:00+00:00 | entry=111660.61 | sl=111540.96 | tp=111899.91 | pct_to_tp=0.21% | pct_to_sl=0.11%
[CLOSE] LONG | entry=111660.61 | exit=111540.96 | reason=SL | net=-102.17 USD | equity=10115.23 USD
[OPEN]  LONG | ts=2025-10-26 09:15:00+00:00 | entry=112667.24 | sl=111708.63 | tp=114584.46 | pct_to_tp=1.70% | pct_to_sl=0.85%
[CLOSE] LONG | entry=112667.24 | exit=114584.46 | reason=TP | net=+202.30 USD | equity=10317.54 USD
[OPEN]  LONG | ts=2025-10-27 15:00:00+00:00 | entry=115055.99 | sl=114778.00 | tp=115611.97 | pct_to_tp=0.48% | pct_to_sl=0.24%
[CLOSE] LONG | entry=115055.99 | exit=115611.97 | reason=TP | net=+206.35 USD | equity=10523.89 USD
[OPEN]  LONG | ts=2025-10-27 17:30:00+00:00 | entry=115634.18 | sl=115311.19 | tp=116280.16 | pct_to_tp=0.56% | pct_to_sl=0.28%
[CLOSE] LONG | entry=115634.18 | exit=115311.19 | reason=SL | net=-105.24 USD | equity=10418.65 USD
[OPEN]  LONG | ts=2025-10-28 13:00:00+00:00 | entry=114759.98 | sl=114449.55 | tp=115380.84 | pct_to_tp=0.54% | pct_to_sl=0.27%
[CLOSE] LONG | entry=114759.98 | exit=115380.84 | reason=TP | net=+208.37 USD | equity=10627.02 USD
[OPEN]  LONG | ts=2025-10-28 15:00:00+00:00 | entry=115335.17 | sl=115068.18 | tp=115869.15 | pct_to_tp=0.46% | pct_to_sl=0.23%
[CLOSE] LONG | entry=115335.17 | exit=115068.18 | reason=SL | net=-106.27 USD | equity=10520.75 USD
[OPEN]  LONG | ts=2025-10-28 16:45:00+00:00 | entry=115341.59 | sl=115086.90 | tp=115850.97 | pct_to_tp=0.44% | pct_to_sl=0.22%
[CLOSE] LONG | entry=115341.59 | exit=115086.90 | reason=SL | net=-105.21 USD | equity=10415.54 USD
[OPEN]  SHORT | ts=2025-10-29 08:30:00+00:00 | entry=113119.24 | sl=113325.06 | tp=112707.60 | pct_to_tp=0.36% | pct_to_sl=0.18%
[CLOSE] SHORT | entry=113119.24 | exit=113325.06 | reason=SL | net=-104.16 USD | equity=10311.39 USD
[OPEN]  SHORT | ts=2025-10-29 12:15:00+00:00 | entry=113074.01 | sl=113290.59 | tp=112640.85 | pct_to_tp=0.38% | pct_to_sl=0.19%
[CLOSE] SHORT | entry=113074.01 | exit=113290.59 | reason=SL | net=-103.11 USD | equity=10208.28 USD
[OPEN]  SHORT | ts=2025-10-29 13:30:00+00:00 | entry=113017.11 | sl=113602.35 | tp=111846.63 | pct_to_tp=1.04% | pct_to_sl=0.52%
[CLOSE] SHORT | entry=113017.11 | exit=111846.63 | reason=TP | net=+204.17 USD | equity=10412.44 USD
[OPEN]  SHORT | ts=2025-10-30 08:00:00+00:00 | entry=110851.05 | sl=111467.01 | tp=109619.13 | pct_to_tp=1.11% | pct_to_sl=0.56%
[CLOSE] SHORT | entry=110851.05 | exit=109619.13 | reason=TP | net=+208.25 USD | equity=10620.69 USD
[OPEN]  LONG | ts=2025-10-31 03:45:00+00:00 | entry=109227.86 | sl=108881.55 | tp=109920.48 | pct_to_tp=0.63% | pct_to_sl=0.32%
[CLOSE] LONG | entry=109227.86 | exit=109920.48 | reason=TP | net=+212.41 USD | equity=10833.10 USD
[OPEN]  LONG | ts=2025-11-02 07:30:00+00:00 | entry=110690.76 | sl=110473.91 | tp=111124.46 | pct_to_tp=0.39% | pct_to_sl=0.20%
[CLOSE] LONG | entry=110690.76 | exit=110473.91 | reason=SL | net=-108.33 USD | equity=10724.77 USD
[OPEN]  LONG | ts=2025-11-02 11:15:00+00:00 | entry=110844.05 | sl=110645.37 | tp=111241.41 | pct_to_tp=0.36% | pct_to_sl=0.18%
[CLOSE] LONG | entry=110844.05 | exit=111241.41 | reason=TP | net=+214.50 USD | equity=10939.27 USD
[OPEN]  SHORT | ts=2025-11-03 15:00:00+00:00 | entry=107648.43 | sl=108148.81 | tp=106647.67 | pct_to_tp=0.93% | pct_to_sl=0.46%
[CLOSE] SHORT | entry=107648.43 | exit=106647.67 | reason=TP | net=+218.79 USD | equity=11158.05 USD
[OPEN]  SHORT | ts=2025-11-03 18:00:00+00:00 | entry=107190.00 | sl=107599.85 | tp=106370.30 | pct_to_tp=0.76% | pct_to_sl=0.38%
[CLOSE] SHORT | entry=107190.00 | exit=106370.30 | reason=TP | net=+223.16 USD | equity=11381.21 USD
[OPEN]  SHORT | ts=2025-11-04 02:45:00+00:00 | entry=106482.60 | sl=106763.31 | tp=105921.18 | pct_to_tp=0.53% | pct_to_sl=0.26%
[CLOSE] SHORT | entry=106482.60 | exit=106763.31 | reason=SL | net=-113.81 USD | equity=11267.40 USD
[OPEN]  SHORT | ts=2025-11-04 04:15:00+00:00 | entry=106939.09 | sl=107193.80 | tp=106429.67 | pct_to_tp=0.48% | pct_to_sl=0.24%
[CLOSE] SHORT | entry=106939.09 | exit=106429.67 | reason=TP | net=+225.35 USD | equity=11492.75 USD
[OPEN]  SHORT | ts=2025-11-04 05:30:00+00:00 | entry=104944.32 | sl=105678.20 | tp=103476.56 | pct_to_tp=1.40% | pct_to_sl=0.70%
[CLOSE] SHORT | entry=104944.32 | exit=103476.56 | reason=TP | net=+229.85 USD | equity=11722.60 USD
[OPEN]  SHORT | ts=2025-11-05 04:15:00+00:00 | entry=101566.32 | sl=101999.99 | tp=100698.98 | pct_to_tp=0.85% | pct_to_sl=0.43%
[CLOSE] SHORT | entry=101566.32 | exit=101999.99 | reason=SL | net=-117.23 USD | equity=11605.38 USD
[OPEN]  SHORT | ts=2025-11-05 08:00:00+00:00 | entry=101706.58 | sl=102000.02 | tp=101119.70 | pct_to_tp=0.58% | pct_to_sl=0.29%
[CLOSE] SHORT | entry=101706.58 | exit=102000.02 | reason=SL | net=-116.05 USD | equity=11489.33 USD
[OPEN]  SHORT | ts=2025-11-05 10:00:00+00:00 | entry=101758.69 | sl=101995.29 | tp=101285.49 | pct_to_tp=0.47% | pct_to_sl=0.23%
[CLOSE] SHORT | entry=101758.69 | exit=101285.49 | reason=TP | net=+229.79 USD | equity=11719.11 USD
[OPEN]  SHORT | ts=2025-11-06 11:00:00+00:00 | entry=102878.58 | sl=103122.54 | tp=102390.66 | pct_to_tp=0.47% | pct_to_sl=0.24%
[CLOSE] SHORT | entry=102878.58 | exit=103122.54 | reason=SL | net=-117.19 USD | equity=11601.92 USD
[OPEN]  SHORT | ts=2025-11-06 12:00:00+00:00 | entry=103014.41 | sl=103333.18 | tp=102376.87 | pct_to_tp=0.62% | pct_to_sl=0.31%
[CLOSE] SHORT | entry=103014.41 | exit=103333.18 | reason=SL | net=-116.02 USD | equity=11485.90 USD
[OPEN]  SHORT | ts=2025-11-06 15:30:00+00:00 | entry=101806.60 | sl=102463.38 | tp=100493.04 | pct_to_tp=1.29% | pct_to_sl=0.65%
[CLOSE] SHORT | entry=101806.60 | exit=100493.04 | reason=TP | net=+229.72 USD | equity=11715.62 USD
[OPEN]  SHORT | ts=2025-11-07 02:15:00+00:00 | entry=101243.01 | sl=101699.91 | tp=100329.21 | pct_to_tp=0.90% | pct_to_sl=0.45%
[CLOSE] SHORT | entry=101243.01 | exit=101699.91 | reason=SL | net=-117.16 USD | equity=11598.46 USD
[OPEN]  SHORT | ts=2025-11-07 03:30:00+00:00 | entry=102130.03 | sl=102285.72 | tp=101818.65 | pct_to_tp=0.30% | pct_to_sl=0.15%
[CLOSE] SHORT | entry=102130.03 | exit=101818.65 | reason=TP | net=+231.97 USD | equity=11830.43 USD
[OPEN]  SHORT | ts=2025-11-07 04:30:00+00:00 | entry=101829.48 | sl=101995.57 | tp=101497.30 | pct_to_tp=0.33% | pct_to_sl=0.16%
[CLOSE] SHORT | entry=101829.48 | exit=101995.57 | reason=SL | net=-118.30 USD | equity=11712.13 USD
[OPEN]  SHORT | ts=2025-11-07 06:30:00+00:00 | entry=102080.83 | sl=102250.01 | tp=101742.47 | pct_to_tp=0.33% | pct_to_sl=0.17%
[CLOSE] SHORT | entry=102080.83 | exit=101742.47 | reason=TP | net=+234.24 USD | equity=11946.37 USD
[OPEN]  LONG | ts=2025-11-07 07:45:00+00:00 | entry=102010.00 | sl=101816.68 | tp=102396.64 | pct_to_tp=0.38% | pct_to_sl=0.19%
[CLOSE] LONG | entry=102010.00 | exit=101816.68 | reason=SL | net=-119.46 USD | equity=11826.91 USD
[OPEN]  SHORT | ts=2025-11-07 09:15:00+00:00 | entry=101006.26 | sl=101493.99 | tp=100030.80 | pct_to_tp=0.97% | pct_to_sl=0.48%
[CLOSE] SHORT | entry=101006.26 | exit=100030.80 | reason=TP | net=+236.54 USD | equity=12063.45 USD
[OPEN]  SHORT | ts=2025-11-08 17:00:00+00:00 | entry=101648.57 | sl=101865.40 | tp=101214.91 | pct_to_tp=0.43% | pct_to_sl=0.21%
[CLOSE] SHORT | entry=101648.57 | exit=101865.40 | reason=SL | net=-120.63 USD | equity=11942.81 USD
[OPEN]  LONG | ts=2025-11-10 17:30:00+00:00 | entry=105700.00 | sl=105365.59 | tp=106368.82 | pct_to_tp=0.63% | pct_to_sl=0.32%
[CLOSE] LONG | entry=105700.00 | exit=105365.59 | reason=SL | net=-119.43 USD | equity=11823.38 USD
[OPEN]  LONG | ts=2025-11-10 22:15:00+00:00 | entry=105618.00 | sl=105443.82 | tp=105966.36 | pct_to_tp=0.33% | pct_to_sl=0.16%
[CLOSE] LONG | entry=105618.00 | exit=105966.36 | reason=TP | net=+236.47 USD | equity=12059.85 USD
[OPEN]  LONG | ts=2025-11-11 03:00:00+00:00 | entry=106906.33 | sl=106603.96 | tp=107511.07 | pct_to_tp=0.57% | pct_to_sl=0.28%
[CLOSE] LONG | entry=106906.33 | exit=106603.96 | reason=SL | net=-120.60 USD | equity=11939.25 USD
[OPEN]  SHORT | ts=2025-11-12 06:30:00+00:00 | entry=103432.58 | sl=103544.00 | tp=103209.74 | pct_to_tp=0.22% | pct_to_sl=0.11%
[CLOSE] SHORT | entry=103432.58 | exit=103209.74 | reason=TP | net=+238.79 USD | equity=12178.04 USD
[OPEN]  SHORT | ts=2025-11-13 03:00:00+00:00 | entry=101346.81 | sl=102094.07 | tp=99852.29 | pct_to_tp=1.47% | pct_to_sl=0.74%
[CLOSE] SHORT | entry=101346.81 | exit=102094.07 | reason=SL | net=-121.78 USD | equity=12056.26 USD
[OPEN]  SHORT | ts=2025-11-13 03:45:00+00:00 | entry=102130.21 | sl=102543.41 | tp=101303.81 | pct_to_tp=0.81% | pct_to_sl=0.40%
[CLOSE] SHORT | entry=102130.21 | exit=102543.41 | reason=SL | net=-120.56 USD | equity=11935.69 USD
[OPEN]  SHORT | ts=2025-11-15 03:30:00+00:00 | entry=96316.02 | sl=96689.22 | tp=95569.62 | pct_to_tp=0.77% | pct_to_sl=0.39%
[CLOSE] SHORT | entry=96316.02 | exit=95569.62 | reason=TP | net=+238.71 USD | equity=12174.41 USD
[OPEN]  SHORT | ts=2025-11-15 12:30:00+00:00 | entry=95694.02 | sl=95871.12 | tp=95339.82 | pct_to_tp=0.37% | pct_to_sl=0.19%
[CLOSE] SHORT | entry=95694.02 | exit=95871.12 | reason=SL | net=-121.74 USD | equity=12052.66 USD
[OPEN]  SHORT | ts=2025-11-15 14:15:00+00:00 | entry=96140.81 | sl=96470.00 | tp=95482.43 | pct_to_tp=0.68% | pct_to_sl=0.34%
[CLOSE] SHORT | entry=96140.81 | exit=95482.43 | reason=TP | net=+241.05 USD | equity=12293.72 USD
[OPEN]  SHORT | ts=2025-11-16 01:30:00+00:00 | entry=95003.54 | sl=95453.51 | tp=94103.60 | pct_to_tp=0.95% | pct_to_sl=0.47%
[CLOSE] SHORT | entry=95003.54 | exit=95453.51 | reason=SL | net=-122.94 USD | equity=12170.78 USD
[OPEN]  SHORT | ts=2025-11-16 03:00:00+00:00 | entry=95780.76 | sl=95979.79 | tp=95382.70 | pct_to_tp=0.42% | pct_to_sl=0.21%
[CLOSE] SHORT | entry=95780.76 | exit=95979.79 | reason=SL | net=-121.71 USD | equity=12049.07 USD
[OPEN]  LONG | ts=2025-11-16 07:30:00+00:00 | entry=95919.27 | sl=95820.75 | tp=96116.31 | pct_to_tp=0.21% | pct_to_sl=0.10%
[CLOSE] LONG | entry=95919.27 | exit=96116.31 | reason=TP | net=+240.98 USD | equity=12290.05 USD
[OPEN]  LONG | ts=2025-11-16 08:30:00+00:00 | entry=96046.09 | sl=95869.43 | tp=96399.41 | pct_to_tp=0.37% | pct_to_sl=0.18%
[CLOSE] LONG | entry=96046.09 | exit=96399.41 | reason=TP | net=+245.80 USD | equity=12535.85 USD
[OPEN]  LONG | ts=2025-11-16 14:30:00+00:00 | entry=95596.23 | sl=95366.01 | tp=96056.67 | pct_to_tp=0.48% | pct_to_sl=0.24%
[CLOSE] LONG | entry=95596.23 | exit=95366.01 | reason=SL | net=-125.36 USD | equity=12410.50 USD
[OPEN]  SHORT | ts=2025-11-16 15:45:00+00:00 | entry=94573.46 | sl=95436.43 | tp=92847.52 | pct_to_tp=1.82% | pct_to_sl=0.91%
[CLOSE] SHORT | entry=94573.46 | exit=95436.43 | reason=SL | net=-124.10 USD | equity=12286.39 USD
[OPEN]  SHORT | ts=2025-11-17 01:30:00+00:00 | entry=94907.06 | sl=95147.60 | tp=94425.98 | pct_to_tp=0.51% | pct_to_sl=0.25%
[CLOSE] SHORT | entry=94907.06 | exit=95147.60 | reason=SL | net=-122.86 USD | equity=12163.53 USD
[OPEN]  SHORT | ts=2025-11-17 16:00:00+00:00 | entry=93176.54 | sl=94010.39 | tp=91508.84 | pct_to_tp=1.79% | pct_to_sl=0.89%
[CLOSE] SHORT | entry=93176.54 | exit=94010.39 | reason=SL | net=-121.64 USD | equity=12041.89 USD
[OPEN]  SHORT | ts=2025-11-18 11:00:00+00:00 | entry=91431.07 | sl=91615.43 | tp=91062.35 | pct_to_tp=0.40% | pct_to_sl=0.20%
[CLOSE] SHORT | entry=91431.07 | exit=91615.43 | reason=SL | net=-120.42 USD | equity=11921.47 USD
[OPEN]  SHORT | ts=2025-11-18 12:45:00+00:00 | entry=91518.54 | sl=91840.00 | tp=90875.62 | pct_to_tp=0.70% | pct_to_sl=0.35%
[CLOSE] SHORT | entry=91518.54 | exit=91840.00 | reason=SL | net=-119.21 USD | equity=11802.26 USD
[OPEN]  LONG | ts=2025-11-18 16:15:00+00:00 | entry=93733.14 | sl=93054.50 | tp=95090.42 | pct_to_tp=1.45% | pct_to_sl=0.72%
[CLOSE] LONG | entry=93733.14 | exit=93054.50 | reason=SL | net=-118.02 USD | equity=11684.24 USD
[OPEN]  SHORT | ts=2025-11-19 04:30:00+00:00 | entry=91450.02 | sl=91706.86 | tp=90936.34 | pct_to_tp=0.56% | pct_to_sl=0.28%
[CLOSE] SHORT | entry=91450.02 | exit=90936.34 | reason=TP | net=+233.68 USD | equity=11917.92 USD
[OPEN]  SHORT | ts=2025-11-19 08:30:00+00:00 | entry=91600.00 | sl=91923.79 | tp=90952.42 | pct_to_tp=0.71% | pct_to_sl=0.35%
[CLOSE] SHORT | entry=91600.00 | exit=91923.79 | reason=SL | net=-119.18 USD | equity=11798.74 USD
[OPEN]  SHORT | ts=2025-11-19 15:15:00+00:00 | entry=91235.13 | sl=92384.61 | tp=88936.17 | pct_to_tp=2.52% | pct_to_sl=1.26%
[CLOSE] SHORT | entry=91235.13 | exit=88936.17 | reason=TP | net=+235.97 USD | equity=12034.72 USD
[OPEN]  SHORT | ts=2025-11-19 22:00:00+00:00 | entry=90344.50 | sl=90628.01 | tp=89777.48 | pct_to_tp=0.63% | pct_to_sl=0.31%
[CLOSE] SHORT | entry=90344.50 | exit=90628.01 | reason=SL | net=-120.35 USD | equity=11914.37 USD
[OPEN]  SHORT | ts=2025-11-20 15:00:00+00:00 | entry=90406.01 | sl=91171.78 | tp=88874.47 | pct_to_tp=1.69% | pct_to_sl=0.85%
[CLOSE] SHORT | entry=90406.01 | exit=88874.47 | reason=TP | net=+238.29 USD | equity=12152.66 USD
[OPEN]  SHORT | ts=2025-11-21 15:00:00+00:00 | entry=84173.05 | sl=85103.42 | tp=82312.31 | pct_to_tp=2.21% | pct_to_sl=1.11%
[CLOSE] SHORT | entry=84173.05 | exit=85103.42 | reason=SL | net=-121.53 USD | equity=12031.13 USD
[OPEN]  SHORT | ts=2025-11-21 18:00:00+00:00 | entry=83674.03 | sl=84949.99 | tp=81122.11 | pct_to_tp=3.05% | pct_to_sl=1.52%
[CLOSE] SHORT | entry=83674.03 | exit=84949.99 | reason=SL | net=-120.31 USD | equity=11910.82 USD
[OPEN]  SHORT | ts=2025-11-21 19:30:00+00:00 | entry=84446.10 | sl=84996.92 | tp=83344.46 | pct_to_tp=1.30% | pct_to_sl=0.65%
[CLOSE] SHORT | entry=84446.10 | exit=84996.92 | reason=SL | net=-119.11 USD | equity=11791.71 USD
[OPEN]  SHORT | ts=2025-11-21 22:15:00+00:00 | entry=84828.99 | sl=85206.57 | tp=84073.83 | pct_to_tp=0.89% | pct_to_sl=0.45%
[CLOSE] SHORT | entry=84828.99 | exit=85206.57 | reason=SL | net=-117.92 USD | equity=11673.79 USD
[OPEN]  SHORT | ts=2025-11-22 00:15:00+00:00 | entry=84895.97 | sl=85515.72 | tp=83656.47 | pct_to_tp=1.46% | pct_to_sl=0.73%
[CLOSE] SHORT | entry=84895.97 | exit=83656.47 | reason=TP | net=+233.48 USD | equity=11907.27 USD
[OPEN]  SHORT | ts=2025-11-22 12:00:00+00:00 | entry=83694.22 | sl=84160.80 | tp=82761.06 | pct_to_tp=1.11% | pct_to_sl=0.56%
[CLOSE] SHORT | entry=83694.22 | exit=84160.80 | reason=SL | net=-119.07 USD | equity=11788.20 USD
[OPEN]  SHORT | ts=2025-11-22 15:30:00+00:00 | entry=84119.53 | sl=84442.39 | tp=83473.81 | pct_to_tp=0.77% | pct_to_sl=0.38%
[CLOSE] SHORT | entry=84119.53 | exit=84442.39 | reason=SL | net=-117.88 USD | equity=11670.31 USD
[OPEN]  SHORT | ts=2025-11-22 17:30:00+00:00 | entry=84547.55 | sl=84724.58 | tp=84193.49 | pct_to_tp=0.42% | pct_to_sl=0.21%
[CLOSE] SHORT | entry=84547.55 | exit=84724.58 | reason=SL | net=-116.70 USD | equity=11553.61 USD
[OPEN]  LONG | ts=2025-11-22 20:00:00+00:00 | entry=84765.07 | sl=84599.98 | tp=85095.25 | pct_to_tp=0.39% | pct_to_sl=0.19%
[CLOSE] LONG | entry=84765.07 | exit=84599.98 | reason=SL | net=-115.54 USD | equity=11438.07 USD
[OPEN]  LONG | ts=2025-11-22 21:30:00+00:00 | entry=84403.26 | sl=84285.14 | tp=84639.50 | pct_to_tp=0.28% | pct_to_sl=0.14%
[CLOSE] LONG | entry=84403.26 | exit=84285.14 | reason=SL | net=-114.38 USD | equity=11323.69 USD
[OPEN]  LONG | ts=2025-11-22 22:30:00+00:00 | entry=84760.58 | sl=84566.33 | tp=85149.08 | pct_to_tp=0.46% | pct_to_sl=0.23%
[CLOSE] LONG | entry=84760.58 | exit=85149.08 | reason=TP | net=+226.47 USD | equity=11550.17 USD
[OPEN]  LONG | ts=2025-11-23 01:30:00+00:00 | entry=85890.72 | sl=85458.01 | tp=86756.14 | pct_to_tp=1.01% | pct_to_sl=0.50%
[CLOSE] LONG | entry=85890.72 | exit=86756.14 | reason=TP | net=+231.00 USD | equity=11781.17 USD
[OPEN]  LONG | ts=2025-11-23 08:00:00+00:00 | entry=85988.32 | sl=85768.22 | tp=86428.52 | pct_to_tp=0.51% | pct_to_sl=0.26%
[CLOSE] LONG | entry=85988.32 | exit=86428.52 | reason=TP | net=+235.62 USD | equity=12016.79 USD
[OPEN]  LONG | ts=2025-11-24 01:45:00+00:00 | entry=87068.51 | sl=86448.61 | tp=88308.31 | pct_to_tp=1.42% | pct_to_sl=0.71%
[CLOSE] LONG | entry=87068.51 | exit=86448.61 | reason=SL | net=-120.17 USD | equity=11896.63 USD
[OPEN]  SHORT | ts=2025-11-24 14:15:00+00:00 | entry=85935.63 | sl=86100.00 | tp=85606.89 | pct_to_tp=0.38% | pct_to_sl=0.19%
[CLOSE] SHORT | entry=85935.63 | exit=85606.89 | reason=TP | net=+237.93 USD | equity=12134.56 USD
[OPEN]  LONG | ts=2025-11-24 18:45:00+00:00 | entry=88715.31 | sl=88407.14 | tp=89331.65 | pct_to_tp=0.69% | pct_to_sl=0.35%
[CLOSE] LONG | entry=88715.31 | exit=88407.14 | reason=SL | net=-121.35 USD | equity=12013.21 USD
[OPEN]  LONG | ts=2025-11-25 02:45:00+00:00 | entry=87909.40 | sl=87657.68 | tp=88412.84 | pct_to_tp=0.57% | pct_to_sl=0.29%
[CLOSE] LONG | entry=87909.40 | exit=87657.68 | reason=SL | net=-120.13 USD | equity=11893.08 USD
[OPEN]  LONG | ts=2025-11-25 04:00:00+00:00 | entry=88133.33 | sl=87790.17 | tp=88819.65 | pct_to_tp=0.78% | pct_to_sl=0.39%
[CLOSE] LONG | entry=88133.33 | exit=87790.17 | reason=SL | net=-118.93 USD | equity=11774.15 USD
[OPEN]  LONG | ts=2025-11-27 15:15:00+00:00 | entry=90931.97 | sl=90692.69 | tp=91410.53 | pct_to_tp=0.53% | pct_to_sl=0.26%
[CLOSE] LONG | entry=90931.97 | exit=91410.53 | reason=TP | net=+235.48 USD | equity=12009.63 USD
[OPEN]  LONG | ts=2025-11-27 16:45:00+00:00 | entry=91467.13 | sl=91232.38 | tp=91936.63 | pct_to_tp=0.51% | pct_to_sl=0.26%
[CLOSE] LONG | entry=91467.13 | exit=91232.38 | reason=SL | net=-120.10 USD | equity=11889.54 USD
[OPEN]  LONG | ts=2025-11-27 22:15:00+00:00 | entry=91569.77 | sl=91466.66 | tp=91775.99 | pct_to_tp=0.23% | pct_to_sl=0.11%
[CLOSE] LONG | entry=91569.77 | exit=91466.66 | reason=SL | net=-118.90 USD | equity=11770.64 USD
[OPEN]  LONG | ts=2025-11-27 23:00:00+00:00 | entry=91510.00 | sl=91314.64 | tp=91900.72 | pct_to_tp=0.43% | pct_to_sl=0.21%
[CLOSE] LONG | entry=91510.00 | exit=91314.64 | reason=SL | net=-117.71 USD | equity=11652.94 USD
[OPEN]  LONG | ts=2025-11-28 02:00:00+00:00 | entry=90898.00 | sl=90745.90 | tp=91202.20 | pct_to_tp=0.33% | pct_to_sl=0.17%
[CLOSE] LONG | entry=90898.00 | exit=90745.90 | reason=SL | net=-116.53 USD | equity=11536.41 USD
[OPEN]  LONG | ts=2025-11-28 02:30:00+00:00 | entry=90822.15 | sl=90652.55 | tp=91161.35 | pct_to_tp=0.37% | pct_to_sl=0.19%
[CLOSE] LONG | entry=90822.15 | exit=91161.35 | reason=TP | net=+230.73 USD | equity=11767.13 USD
[OPEN]  LONG | ts=2025-11-28 03:45:00+00:00 | entry=91208.85 | sl=91124.51 | tp=91377.53 | pct_to_tp=0.18% | pct_to_sl=0.09%
[CLOSE] LONG | entry=91208.85 | exit=91377.53 | reason=TP | net=+235.34 USD | equity=12002.48 USD
[OPEN]  LONG | ts=2025-11-28 07:00:00+00:00 | entry=91400.96 | sl=91300.00 | tp=91602.88 | pct_to_tp=0.22% | pct_to_sl=0.11%
[CLOSE] LONG | entry=91400.96 | exit=91300.00 | reason=SL | net=-120.02 USD | equity=11882.45 USD
[OPEN]  LONG | ts=2025-11-28 08:00:00+00:00 | entry=91125.77 | sl=90907.98 | tp=91561.35 | pct_to_tp=0.48% | pct_to_sl=0.24%
[CLOSE] LONG | entry=91125.77 | exit=91561.35 | reason=TP | net=+237.65 USD | equity=12120.10 USD
[OPEN]  LONG | ts=2025-11-28 09:45:00+00:00 | entry=91599.99 | sl=91479.50 | tp=91840.97 | pct_to_tp=0.26% | pct_to_sl=0.13%
[CLOSE] LONG | entry=91599.99 | exit=91840.97 | reason=TP | net=+242.40 USD | equity=12362.50 USD
[OPEN]  LONG | ts=2025-11-28 11:45:00+00:00 | entry=91437.64 | sl=91296.85 | tp=91719.22 | pct_to_tp=0.31% | pct_to_sl=0.15%
[CLOSE] LONG | entry=91437.64 | exit=91719.22 | reason=TP | net=+247.25 USD | equity=12609.75 USD
[OPEN]  LONG | ts=2025-11-28 13:45:00+00:00 | entry=92377.01 | sl=91839.99 | tp=93451.05 | pct_to_tp=1.16% | pct_to_sl=0.58%
[CLOSE] LONG | entry=92377.01 | exit=91839.99 | reason=SL | net=-126.10 USD | equity=12483.66 USD
[OPEN]  LONG | ts=2025-11-30 12:30:00+00:00 | entry=91443.56 | sl=91214.31 | tp=91902.06 | pct_to_tp=0.50% | pct_to_sl=0.25%
[CLOSE] LONG | entry=91443.56 | exit=91902.06 | reason=TP | net=+249.67 USD | equity=12733.33 USD
[OPEN]  LONG | ts=2025-11-30 15:15:00+00:00 | entry=91576.62 | sl=91354.85 | tp=92020.16 | pct_to_tp=0.48% | pct_to_sl=0.24%
[CLOSE] LONG | entry=91576.62 | exit=91354.85 | reason=SL | net=-127.33 USD | equity=12606.00 USD
[OPEN]  SHORT | ts=2025-12-01 23:30:00+00:00 | entry=86509.67 | sl=86833.55 | tp=85861.91 | pct_to_tp=0.75% | pct_to_sl=0.37%
[CLOSE] SHORT | entry=86509.67 | exit=86833.55 | reason=SL | net=-126.06 USD | equity=12479.94 USD
[OPEN]  LONG | ts=2025-12-02 03:30:00+00:00 | entry=86974.00 | sl=86214.99 | tp=88492.02 | pct_to_tp=1.75% | pct_to_sl=0.87%
[CLOSE] LONG | entry=86974.00 | exit=88492.02 | reason=TP | net=+249.60 USD | equity=12729.53 USD
[OPEN]  LONG | ts=2025-12-02 14:15:00+00:00 | entry=88675.45 | sl=88272.18 | tp=89481.99 | pct_to_tp=0.91% | pct_to_sl=0.45%
[CLOSE] LONG | entry=88675.45 | exit=89481.99 | reason=TP | net=+254.59 USD | equity=12984.13 USD
[OPEN]  LONG | ts=2025-12-03 16:15:00+00:00 | entry=92268.45 | sl=91982.10 | tp=92841.15 | pct_to_tp=0.62% | pct_to_sl=0.31%
[CLOSE] LONG | entry=92268.45 | exit=92841.15 | reason=TP | net=+259.68 USD | equity=13243.81 USD
[OPEN]  LONG | ts=2025-12-03 18:00:00+00:00 | entry=93421.05 | sl=92956.22 | tp=94350.71 | pct_to_tp=1.00% | pct_to_sl=0.50%
[CLOSE] LONG | entry=93421.05 | exit=92956.22 | reason=SL | net=-132.44 USD | equity=13111.37 USD
[OPEN]  LONG | ts=2025-12-03 19:45:00+00:00 | entry=93024.99 | sl=92805.34 | tp=93464.29 | pct_to_tp=0.47% | pct_to_sl=0.24%
[CLOSE] LONG | entry=93024.99 | exit=93464.29 | reason=TP | net=+262.23 USD | equity=13373.60 USD
[OPEN]  LONG | ts=2025-12-04 01:00:00+00:00 | entry=93691.82 | sl=92981.35 | tp=95112.76 | pct_to_tp=1.52% | pct_to_sl=0.76%
[CLOSE] LONG | entry=93691.82 | exit=92981.35 | reason=SL | net=-133.74 USD | equity=13239.86 USD
[OPEN]  LONG | ts=2025-12-04 06:15:00+00:00 | entry=93206.39 | sl=93022.51 | tp=93574.15 | pct_to_tp=0.39% | pct_to_sl=0.20%
[CLOSE] LONG | entry=93206.39 | exit=93022.51 | reason=SL | net=-132.40 USD | equity=13107.46 USD
[OPEN]  LONG | ts=2025-12-04 07:30:00+00:00 | entry=93271.67 | sl=93101.13 | tp=93612.75 | pct_to_tp=0.37% | pct_to_sl=0.18%
[CLOSE] LONG | entry=93271.67 | exit=93101.13 | reason=SL | net=-131.07 USD | equity=12976.39 USD
[OPEN]  LONG | ts=2025-12-04 08:30:00+00:00 | entry=93332.81 | sl=93044.41 | tp=93909.61 | pct_to_tp=0.62% | pct_to_sl=0.31%
[CLOSE] LONG | entry=93332.81 | exit=93044.41 | reason=SL | net=-129.76 USD | equity=12846.62 USD
[OPEN]  LONG | ts=2025-12-04 12:30:00+00:00 | entry=93097.00 | sl=92854.80 | tp=93581.40 | pct_to_tp=0.52% | pct_to_sl=0.26%
[CLOSE] LONG | entry=93097.00 | exit=92854.80 | reason=SL | net=-128.47 USD | equity=12718.16 USD
[OPEN]  LONG | ts=2025-12-04 13:15:00+00:00 | entry=92786.79 | sl=92549.49 | tp=93261.39 | pct_to_tp=0.51% | pct_to_sl=0.26%
[CLOSE] LONG | entry=92786.79 | exit=92549.49 | reason=SL | net=-127.18 USD | equity=12590.98 USD
[OPEN]  SHORT | ts=2025-12-05 10:45:00+00:00 | entry=91272.85 | sl=91488.00 | tp=90842.55 | pct_to_tp=0.47% | pct_to_sl=0.24%
[CLOSE] SHORT | entry=91272.85 | exit=91488.00 | reason=SL | net=-125.91 USD | equity=12465.07 USD
[OPEN]  SHORT | ts=2025-12-05 16:00:00+00:00 | entry=89362.56 | sl=90498.59 | tp=87090.50 | pct_to_tp=2.54% | pct_to_sl=1.27%
[CLOSE] SHORT | entry=89362.56 | exit=90498.59 | reason=SL | net=-124.65 USD | equity=12340.42 USD
[OPEN]  LONG | ts=2025-12-07 18:00:00+00:00 | entry=91327.99 | sl=90945.17 | tp=92093.63 | pct_to_tp=0.84% | pct_to_sl=0.42%
[CLOSE] LONG | entry=91327.99 | exit=90945.17 | reason=SL | net=-123.40 USD | equity=12217.01 USD
[OPEN]  LONG | ts=2025-12-08 01:00:00+00:00 | entry=90680.56 | sl=90301.86 | tp=91437.96 | pct_to_tp=0.84% | pct_to_sl=0.42%
[CLOSE] LONG | entry=90680.56 | exit=91437.96 | reason=TP | net=+244.34 USD | equity=12461.35 USD
[OPEN]  LONG | ts=2025-12-08 02:30:00+00:00 | entry=91206.06 | sl=90972.37 | tp=91673.44 | pct_to_tp=0.51% | pct_to_sl=0.26%
[CLOSE] LONG | entry=91206.06 | exit=91673.44 | reason=TP | net=+249.23 USD | equity=12710.58 USD
[OPEN]  SHORT | ts=2025-12-09 04:30:00+00:00 | entry=89921.88 | sl=90400.47 | tp=88964.70 | pct_to_tp=1.06% | pct_to_sl=0.53%
[CLOSE] SHORT | entry=89921.88 | exit=90400.47 | reason=SL | net=-127.11 USD | equity=12583.47 USD
[OPEN]  LONG | ts=2025-12-09 16:00:00+00:00 | entry=93442.26 | sl=92693.50 | tp=94939.78 | pct_to_tp=1.60% | pct_to_sl=0.80%
[CLOSE] LONG | entry=93442.26 | exit=92693.50 | reason=SL | net=-125.83 USD | equity=12457.64 USD
[OPEN]  LONG | ts=2025-12-10 02:15:00+00:00 | entry=92502.87 | sl=92217.09 | tp=93074.43 | pct_to_tp=0.62% | pct_to_sl=0.31%
[CLOSE] LONG | entry=92502.87 | exit=93074.43 | reason=TP | net=+249.15 USD | equity=12706.79 USD
[OPEN]  SHORT | ts=2025-12-10 19:15:00+00:00 | entry=92467.72 | sl=93168.00 | tp=91067.16 | pct_to_tp=1.51% | pct_to_sl=0.76%
[CLOSE] SHORT | entry=92467.72 | exit=93168.00 | reason=SL | net=-127.07 USD | equity=12579.72 USD
[OPEN]  LONG | ts=2025-12-10 20:00:00+00:00 | entry=94252.99 | sl=92662.13 | tp=97434.71 | pct_to_tp=3.38% | pct_to_sl=1.69%
[CLOSE] LONG | entry=94252.99 | exit=92662.13 | reason=SL | net=-125.80 USD | equity=12453.93 USD
[OPEN]  SHORT | ts=2025-12-11 15:30:00+00:00 | entry=89806.84 | sl=90276.00 | tp=88868.52 | pct_to_tp=1.04% | pct_to_sl=0.52%
[CLOSE] SHORT | entry=89806.84 | exit=90276.00 | reason=SL | net=-124.54 USD | equity=12329.39 USD
[OPEN]  LONG | ts=2025-12-11 21:00:00+00:00 | entry=92461.40 | sl=91706.06 | tp=93972.08 | pct_to_tp=1.63% | pct_to_sl=0.82%
[CLOSE] LONG | entry=92461.40 | exit=91706.06 | reason=SL | net=-123.29 USD | equity=12206.09 USD
[OPEN]  SHORT | ts=2025-12-13 09:15:00+00:00 | entry=90430.89 | sl=90481.79 | tp=90329.09 | pct_to_tp=0.11% | pct_to_sl=0.06%
[CLOSE] SHORT | entry=90430.89 | exit=90481.79 | reason=SL | net=-122.06 USD | equity=12084.03 USD
[OPEN]  SHORT | ts=2025-12-13 11:30:00+00:00 | entry=90358.77 | sl=90447.80 | tp=90180.71 | pct_to_tp=0.20% | pct_to_sl=0.10%
[CLOSE] SHORT | entry=90358.77 | exit=90447.80 | reason=SL | net=-120.84 USD | equity=11963.19 USD
[OPEN]  SHORT | ts=2025-12-13 12:15:00+00:00 | entry=90325.42 | sl=90427.89 | tp=90120.48 | pct_to_tp=0.23% | pct_to_sl=0.11%
[CLOSE] SHORT | entry=90325.42 | exit=90427.89 | reason=SL | net=-119.63 USD | equity=11843.56 USD
[OPEN]  SHORT | ts=2025-12-13 14:15:00+00:00 | entry=89961.12 | sl=90288.43 | tp=89306.50 | pct_to_tp=0.73% | pct_to_sl=0.36%
[CLOSE] SHORT | entry=89961.12 | exit=90288.43 | reason=SL | net=-118.44 USD | equity=11725.12 USD
[OPEN]  SHORT | ts=2025-12-13 14:45:00+00:00 | entry=90079.70 | sl=90214.73 | tp=89809.64 | pct_to_tp=0.30% | pct_to_sl=0.15%
[CLOSE] SHORT | entry=90079.70 | exit=90214.73 | reason=SL | net=-117.25 USD | equity=11607.87 USD
[OPEN]  SHORT | ts=2025-12-13 16:15:00+00:00 | entry=90073.23 | sl=90187.68 | tp=89844.33 | pct_to_tp=0.25% | pct_to_sl=0.13%
[CLOSE] SHORT | entry=90073.23 | exit=90187.68 | reason=SL | net=-116.08 USD | equity=11491.79 USD
[OPEN]  SHORT | ts=2025-12-14 05:15:00+00:00 | entry=90090.17 | sl=90156.55 | tp=89957.41 | pct_to_tp=0.15% | pct_to_sl=0.07%
[CLOSE] SHORT | entry=90090.17 | exit=90156.55 | reason=SL | net=-114.92 USD | equity=11376.88 USD
[OPEN]  SHORT | ts=2025-12-14 10:00:00+00:00 | entry=89802.55 | sl=90044.26 | tp=89319.13 | pct_to_tp=0.54% | pct_to_sl=0.27%
[CLOSE] SHORT | entry=89802.55 | exit=90044.26 | reason=SL | net=-113.77 USD | equity=11263.11 USD
[OPEN]  SHORT | ts=2025-12-14 10:45:00+00:00 | entry=89853.69 | sl=89922.86 | tp=89715.35 | pct_to_tp=0.15% | pct_to_sl=0.08%
[CLOSE] SHORT | entry=89853.69 | exit=89715.35 | reason=TP | net=+225.26 USD | equity=11488.37 USD
[OPEN]  SHORT | ts=2025-12-14 11:15:00+00:00 | entry=89514.85 | sl=89779.36 | tp=88985.83 | pct_to_tp=0.59% | pct_to_sl=0.30%
[CLOSE] SHORT | entry=89514.85 | exit=88985.83 | reason=TP | net=+229.77 USD | equity=11718.14 USD
[OPEN]  SHORT | ts=2025-12-15 15:00:00+00:00 | entry=87476.92 | sl=88184.28 | tp=86062.20 | pct_to_tp=1.62% | pct_to_sl=0.81%
[CLOSE] SHORT | entry=87476.92 | exit=86062.20 | reason=TP | net=+234.36 USD | equity=11952.50 USD
[OPEN]  SHORT | ts=2025-12-16 07:30:00+00:00 | entry=85896.35 | sl=86241.66 | tp=85205.73 | pct_to_tp=0.80% | pct_to_sl=0.40%
[CLOSE] SHORT | entry=85896.35 | exit=86241.66 | reason=SL | net=-119.52 USD | equity=11832.97 USD
[OPEN]  SHORT | ts=2025-12-17 08:00:00+00:00 | entry=86800.00 | sl=87045.59 | tp=86308.82 | pct_to_tp=0.57% | pct_to_sl=0.28%
[CLOSE] SHORT | entry=86800.00 | exit=86308.82 | reason=TP | net=+236.66 USD | equity=12069.63 USD
[OPEN]  SHORT | ts=2025-12-17 12:30:00+00:00 | entry=86847.47 | sl=87097.99 | tp=86346.43 | pct_to_tp=0.58% | pct_to_sl=0.29%
[CLOSE] SHORT | entry=86847.47 | exit=87097.99 | reason=SL | net=-120.70 USD | equity=11948.94 USD
[OPEN]  LONG | ts=2025-12-17 16:45:00+00:00 | entry=86986.51 | sl=86469.81 | tp=88019.91 | pct_to_tp=1.19% | pct_to_sl=0.59%
[CLOSE] LONG | entry=86986.51 | exit=86469.81 | reason=SL | net=-119.49 USD | equity=11829.45 USD
[OPEN]  SHORT | ts=2025-12-18 03:15:00+00:00 | entry=86307.00 | sl=86598.17 | tp=85724.66 | pct_to_tp=0.67% | pct_to_sl=0.34%
[CLOSE] SHORT | entry=86307.00 | exit=86598.17 | reason=SL | net=-118.29 USD | equity=11711.15 USD
[OPEN]  SHORT | ts=2025-12-18 05:45:00+00:00 | entry=86440.90 | sl=86678.61 | tp=85965.48 | pct_to_tp=0.55% | pct_to_sl=0.27%
[CLOSE] SHORT | entry=86440.90 | exit=86678.61 | reason=SL | net=-117.11 USD | equity=11594.04 USD
[OPEN]  LONG | ts=2025-12-19 15:00:00+00:00 | entry=88762.41 | sl=87962.30 | tp=90362.63 | pct_to_tp=1.80% | pct_to_sl=0.90%
[CLOSE] LONG | entry=88762.41 | exit=87962.30 | reason=SL | net=-115.94 USD | equity=11478.10 USD
[OPEN]  LONG | ts=2025-12-19 19:15:00+00:00 | entry=87658.01 | sl=87297.49 | tp=88379.05 | pct_to_tp=0.82% | pct_to_sl=0.41%
[CLOSE] LONG | entry=87658.01 | exit=88379.05 | reason=TP | net=+229.56 USD | equity=11707.66 USD
[OPEN]  LONG | ts=2025-12-20 13:30:00+00:00 | entry=88190.72 | sl=88001.80 | tp=88568.56 | pct_to_tp=0.43% | pct_to_sl=0.21%
[CLOSE] LONG | entry=88190.72 | exit=88001.80 | reason=SL | net=-117.08 USD | equity=11590.59 USD
[OPEN]  LONG | ts=2025-12-21 09:30:00+00:00 | entry=88834.10 | sl=88639.62 | tp=89223.06 | pct_to_tp=0.44% | pct_to_sl=0.22%
[CLOSE] LONG | entry=88834.10 | exit=88639.62 | reason=SL | net=-115.91 USD | equity=11474.68 USD
[OPEN]  LONG | ts=2025-12-21 23:45:00+00:00 | entry=88658.86 | sl=88483.85 | tp=89008.88 | pct_to_tp=0.39% | pct_to_sl=0.20%
[CLOSE] LONG | entry=88658.86 | exit=89008.88 | reason=TP | net=+229.49 USD | equity=11704.18 USD
[OPEN]  LONG | ts=2025-12-22 03:15:00+00:00 | entry=88771.60 | sl=88579.14 | tp=89156.52 | pct_to_tp=0.43% | pct_to_sl=0.22%
[CLOSE] LONG | entry=88771.60 | exit=89156.52 | reason=TP | net=+234.08 USD | equity=11938.26 USD
[OPEN]  LONG | ts=2025-12-22 16:15:00+00:00 | entry=90084.06 | sl=89815.07 | tp=90622.04 | pct_to_tp=0.60% | pct_to_sl=0.30%
[CLOSE] LONG | entry=90084.06 | exit=89815.07 | reason=SL | net=-119.38 USD | equity=11818.88 USD
[OPEN]  SHORT | ts=2025-12-23 14:45:00+00:00 | entry=86874.00 | sl=87440.05 | tp=85741.90 | pct_to_tp=1.30% | pct_to_sl=0.65%
[CLOSE] SHORT | entry=86874.00 | exit=87440.05 | reason=SL | net=-118.19 USD | equity=11700.69 USD
[OPEN]  SHORT | ts=2025-12-23 17:45:00+00:00 | entry=87180.01 | sl=87816.10 | tp=85907.83 | pct_to_tp=1.46% | pct_to_sl=0.73%
[CLOSE] SHORT | entry=87180.01 | exit=87816.10 | reason=SL | net=-117.01 USD | equity=11583.68 USD
[OPEN]  SHORT | ts=2025-12-23 20:45:00+00:00 | entry=87691.50 | sl=88372.35 | tp=86329.80 | pct_to_tp=1.55% | pct_to_sl=0.78%
[CLOSE] SHORT | entry=87691.50 | exit=88372.35 | reason=SL | net=-115.84 USD | equity=11467.84 USD
[OPEN]  LONG | ts=2025-12-26 08:45:00+00:00 | entry=88742.28 | sl=88597.23 | tp=89032.38 | pct_to_tp=0.33% | pct_to_sl=0.16%
[CLOSE] LONG | entry=88742.28 | exit=88597.23 | reason=SL | net=-114.68 USD | equity=11353.17 USD
[OPEN]  LONG | ts=2025-12-26 12:00:00+00:00 | entry=88690.52 | sl=88533.42 | tp=89004.72 | pct_to_tp=0.35% | pct_to_sl=0.18%
[CLOSE] LONG | entry=88690.52 | exit=89004.72 | reason=TP | net=+227.06 USD | equity=11580.23 USD
[OPEN]  LONG | ts=2025-12-29 02:00:00+00:00 | entry=89265.33 | sl=88445.57 | tp=90904.85 | pct_to_tp=1.84% | pct_to_sl=0.92%
[CLOSE] LONG | entry=89265.33 | exit=88445.57 | reason=SL | net=-115.80 USD | equity=11464.43 USD
[OPEN]  SHORT | ts=2025-12-30 04:45:00+00:00 | entry=87300.00 | sl=87468.59 | tp=86962.82 | pct_to_tp=0.39% | pct_to_sl=0.19%
[CLOSE] SHORT | entry=87300.00 | exit=87468.59 | reason=SL | net=-114.64 USD | equity=11349.78 USD
[OPEN]  LONG | ts=2025-12-30 15:30:00+00:00 | entry=88775.89 | sl=88431.19 | tp=89465.29 | pct_to_tp=0.78% | pct_to_sl=0.39%
[CLOSE] LONG | entry=88775.89 | exit=88431.19 | reason=SL | net=-113.50 USD | equity=11236.28 USD
[OPEN]  LONG | ts=2025-12-30 22:00:00+00:00 | entry=88469.99 | sl=88287.28 | tp=88835.41 | pct_to_tp=0.41% | pct_to_sl=0.21%
[CLOSE] LONG | entry=88469.99 | exit=88287.28 | reason=SL | net=-112.36 USD | equity=11123.92 USD
[OPEN]  LONG | ts=2025-12-31 01:15:00+00:00 | entry=88588.57 | sl=88308.52 | tp=89148.67 | pct_to_tp=0.63% | pct_to_sl=0.32%
[CLOSE] LONG | entry=88588.57 | exit=89148.67 | reason=TP | net=+222.48 USD | equity=11346.40 USD
[OPEN]  SHORT | ts=2026-01-01 04:30:00+00:00 | entry=87550.48 | sl=87670.07 | tp=87311.30 | pct_to_tp=0.27% | pct_to_sl=0.14%
[CLOSE] SHORT | entry=87550.48 | exit=87670.07 | reason=SL | net=-113.46 USD | equity=11232.94 USD
[OPEN]  LONG | ts=2026-01-02 03:00:00+00:00 | entry=88963.05 | sl=88573.64 | tp=89741.87 | pct_to_tp=0.88% | pct_to_sl=0.44%
[CLOSE] LONG | entry=88963.05 | exit=89741.87 | reason=TP | net=+224.66 USD | equity=11457.59 USD
[OPEN]  LONG | ts=2026-01-02 15:30:00+00:00 | entry=89757.89 | sl=89066.00 | tp=91141.67 | pct_to_tp=1.54% | pct_to_sl=0.77%
[CLOSE] LONG | entry=89757.89 | exit=91141.67 | reason=TP | net=+229.15 USD | equity=11686.75 USD
[OPEN]  LONG | ts=2026-01-04 13:45:00+00:00 | entry=91264.00 | sl=91224.00 | tp=91344.00 | pct_to_tp=0.09% | pct_to_sl=0.04%
[CLOSE] LONG | entry=91264.00 | exit=91344.00 | reason=TP | net=+233.73 USD | equity=11920.48 USD
[OPEN]  LONG | ts=2026-01-04 14:45:00+00:00 | entry=91336.39 | sl=91146.86 | tp=91715.45 | pct_to_tp=0.42% | pct_to_sl=0.21%
[CLOSE] LONG | entry=91336.39 | exit=91146.86 | reason=SL | net=-119.20 USD | equity=11801.28 USD
[OPEN]  LONG | ts=2026-01-04 16:45:00+00:00 | entry=91321.00 | sl=91300.00 | tp=91363.00 | pct_to_tp=0.05% | pct_to_sl=0.02%
[CLOSE] LONG | entry=91321.00 | exit=91363.00 | reason=TP | net=+236.03 USD | equity=12037.30 USD
[OPEN]  LONG | ts=2026-01-04 19:45:00+00:00 | entry=91138.07 | sl=91068.00 | tp=91278.21 | pct_to_tp=0.15% | pct_to_sl=0.08%
[CLOSE] LONG | entry=91138.07 | exit=91278.21 | reason=TP | net=+240.75 USD | equity=12278.05 USD
[OPEN]  LONG | ts=2026-01-04 20:15:00+00:00 | entry=91339.99 | sl=91240.00 | tp=91539.97 | pct_to_tp=0.22% | pct_to_sl=0.11%
[CLOSE] LONG | entry=91339.99 | exit=91240.00 | reason=SL | net=-122.78 USD | equity=12155.27 USD
[OPEN]  LONG | ts=2026-01-04 21:45:00+00:00 | entry=91279.99 | sl=91182.71 | tp=91474.55 | pct_to_tp=0.21% | pct_to_sl=0.11%
[CLOSE] LONG | entry=91279.99 | exit=91182.71 | reason=SL | net=-121.55 USD | equity=12033.71 USD
[OPEN]  LONG | ts=2026-01-04 22:15:00+00:00 | entry=91285.37 | sl=91150.47 | tp=91555.17 | pct_to_tp=0.30% | pct_to_sl=0.15%
[CLOSE] LONG | entry=91285.37 | exit=91555.17 | reason=TP | net=+240.67 USD | equity=12274.39 USD
[OPEN]  LONG | ts=2026-01-05 00:00:00+00:00 | entry=91895.35 | sl=91514.81 | tp=92656.43 | pct_to_tp=0.83% | pct_to_sl=0.41%
[CLOSE] LONG | entry=91895.35 | exit=92656.43 | reason=TP | net=+245.49 USD | equity=12519.88 USD
[OPEN]  LONG | ts=2026-01-05 15:30:00+00:00 | entry=93857.89 | sl=93316.06 | tp=94941.55 | pct_to_tp=1.15% | pct_to_sl=0.58%
[CLOSE] LONG | entry=93857.89 | exit=93316.06 | reason=SL | net=-125.20 USD | equity=12394.68 USD
[OPEN]  LONG | ts=2026-01-06 01:15:00+00:00 | entry=94116.72 | sl=93883.88 | tp=94582.40 | pct_to_tp=0.49% | pct_to_sl=0.25%
[CLOSE] LONG | entry=94116.72 | exit=93883.88 | reason=SL | net=-123.95 USD | equity=12270.73 USD
[OPEN]  LONG | ts=2026-01-06 03:00:00+00:00 | entry=93757.12 | sl=93601.96 | tp=94067.44 | pct_to_tp=0.33% | pct_to_sl=0.17%
[CLOSE] LONG | entry=93757.12 | exit=93601.96 | reason=SL | net=-122.71 USD | equity=12148.02 USD
[OPEN]  LONG | ts=2026-01-06 06:00:00+00:00 | entry=93756.86 | sl=93538.83 | tp=94192.92 | pct_to_tp=0.47% | pct_to_sl=0.23%
[CLOSE] LONG | entry=93756.86 | exit=93538.83 | reason=SL | net=-121.48 USD | equity=12026.54 USD
[OPEN]  LONG | ts=2026-01-06 14:00:00+00:00 | entry=94092.62 | sl=93716.52 | tp=94844.82 | pct_to_tp=0.80% | pct_to_sl=0.40%
[CLOSE] LONG | entry=94092.62 | exit=93716.52 | reason=SL | net=-120.27 USD | equity=11906.28 USD
[OPEN]  LONG | ts=2026-01-06 15:15:00+00:00 | entry=94130.53 | sl=93756.01 | tp=94879.57 | pct_to_tp=0.80% | pct_to_sl=0.40%
[CLOSE] LONG | entry=94130.53 | exit=93756.01 | reason=SL | net=-119.06 USD | equity=11787.22 USD
[OPEN]  SHORT | ts=2026-01-06 17:45:00+00:00 | entry=91589.24 | sl=92239.67 | tp=90288.38 | pct_to_tp=1.42% | pct_to_sl=0.71%
[CLOSE] SHORT | entry=91589.24 | exit=92239.67 | reason=SL | net=-117.87 USD | equity=11669.34 USD
[OPEN]  SHORT | ts=2026-01-08 01:30:00+00:00 | entry=91362.40 | sl=91525.59 | tp=91036.02 | pct_to_tp=0.36% | pct_to_sl=0.18%
[CLOSE] SHORT | entry=91362.40 | exit=91036.02 | reason=TP | net=+233.39 USD | equity=11902.73 USD
[OPEN]  SHORT | ts=2026-01-08 03:15:00+00:00 | entry=90949.88 | sl=91109.35 | tp=90630.94 | pct_to_tp=0.35% | pct_to_sl=0.18%
[CLOSE] SHORT | entry=90949.88 | exit=90630.94 | reason=TP | net=+238.05 USD | equity=12140.78 USD
[OPEN]  SHORT | ts=2026-01-08 17:15:00+00:00 | entry=90865.59 | sl=91181.67 | tp=90233.43 | pct_to_tp=0.70% | pct_to_sl=0.35%
[CLOSE] SHORT | entry=90865.59 | exit=91181.67 | reason=SL | net=-121.41 USD | equity=12019.38 USD
[OPEN]  LONG | ts=2026-01-08 20:30:00+00:00 | entry=90793.90 | sl=90590.77 | tp=91200.16 | pct_to_tp=0.45% | pct_to_sl=0.22%
[CLOSE] LONG | entry=90793.90 | exit=91200.16 | reason=TP | net=+240.39 USD | equity=12259.76 USD
[OPEN]  SHORT | ts=2026-01-09 14:00:00+00:00 | entry=90343.86 | sl=90607.67 | tp=89816.24 | pct_to_tp=0.58% | pct_to_sl=0.29%
[CLOSE] SHORT | entry=90343.86 | exit=90607.67 | reason=SL | net=-122.60 USD | equity=12137.17 USD
[OPEN]  SHORT | ts=2026-01-09 22:00:00+00:00 | entry=90392.52 | sl=90571.24 | tp=90035.08 | pct_to_tp=0.40% | pct_to_sl=0.20%
[CLOSE] SHORT | entry=90392.52 | exit=90571.24 | reason=SL | net=-121.37 USD | equity=12015.80 USD
[OPEN]  LONG | ts=2026-01-12 18:15:00+00:00 | entry=91924.00 | sl=91705.69 | tp=92360.62 | pct_to_tp=0.47% | pct_to_sl=0.24%
[CLOSE] LONG | entry=91924.00 | exit=91705.69 | reason=SL | net=-120.16 USD | equity=11895.64 USD
[OPEN]  LONG | ts=2026-01-12 19:15:00+00:00 | entry=91825.00 | sl=91662.64 | tp=92149.72 | pct_to_tp=0.35% | pct_to_sl=0.18%
[CLOSE] LONG | entry=91825.00 | exit=91662.64 | reason=SL | net=-118.96 USD | equity=11776.68 USD
[OPEN]  LONG | ts=2026-01-13 06:45:00+00:00 | entry=92184.36 | sl=91991.31 | tp=92570.46 | pct_to_tp=0.42% | pct_to_sl=0.21%
[CLOSE] LONG | entry=92184.36 | exit=91991.31 | reason=SL | net=-117.77 USD | equity=11658.91 USD
[OPEN]  LONG | ts=2026-01-13 13:15:00+00:00 | entry=92139.99 | sl=92000.01 | tp=92419.95 | pct_to_tp=0.30% | pct_to_sl=0.15%
[CLOSE] LONG | entry=92139.99 | exit=92419.95 | reason=TP | net=+233.18 USD | equity=11892.09 USD
[OPEN]  LONG | ts=2026-01-13 15:30:00+00:00 | entry=92931.98 | sl=92371.74 | tp=94052.46 | pct_to_tp=1.21% | pct_to_sl=0.60%
[CLOSE] LONG | entry=92931.98 | exit=94052.46 | reason=TP | net=+237.84 USD | equity=12129.93 USD
[OPEN]  LONG | ts=2026-01-14 12:00:00+00:00 | entry=95019.00 | sl=94680.67 | tp=95695.66 | pct_to_tp=0.71% | pct_to_sl=0.36%
[CLOSE] LONG | entry=95019.00 | exit=95695.66 | reason=TP | net=+242.60 USD | equity=12372.53 USD
[OPEN]  LONG | ts=2026-01-14 15:45:00+00:00 | entry=96764.57 | sl=96300.00 | tp=97693.71 | pct_to_tp=0.96% | pct_to_sl=0.48%
[CLOSE] LONG | entry=96764.57 | exit=97693.71 | reason=TP | net=+247.45 USD | equity=12619.98 USD
[OPEN]  LONG | ts=2026-01-15 02:15:00+00:00 | entry=96527.45 | sl=96382.89 | tp=96816.57 | pct_to_tp=0.30% | pct_to_sl=0.15%
[CLOSE] LONG | entry=96527.45 | exit=96382.89 | reason=SL | net=-126.20 USD | equity=12493.78 USD
[OPEN]  LONG | ts=2026-01-15 05:30:00+00:00 | entry=96435.05 | sl=96247.64 | tp=96809.87 | pct_to_tp=0.39% | pct_to_sl=0.19%
[CLOSE] LONG | entry=96435.05 | exit=96247.64 | reason=SL | net=-124.94 USD | equity=12368.85 USD
[OPEN]  LONG | ts=2026-01-15 07:15:00+00:00 | entry=96478.28 | sl=96206.69 | tp=97021.46 | pct_to_tp=0.56% | pct_to_sl=0.28%
[CLOSE] LONG | entry=96478.28 | exit=97021.46 | reason=TP | net=+247.38 USD | equity=12616.22 USD
[OPEN]  LONG | ts=2026-01-15 12:30:00+00:00 | entry=96746.99 | sl=96606.93 | tp=97027.11 | pct_to_tp=0.29% | pct_to_sl=0.14%
[CLOSE] LONG | entry=96746.99 | exit=97027.11 | reason=TP | net=+252.32 USD | equity=12868.55 USD
[OPEN]  LONG | ts=2026-01-15 14:00:00+00:00 | entry=97139.27 | sl=96846.74 | tp=97724.33 | pct_to_tp=0.60% | pct_to_sl=0.30%
[CLOSE] LONG | entry=97139.27 | exit=96846.74 | reason=SL | net=-128.69 USD | equity=12739.86 USD
[OPEN]  LONG | ts=2026-01-15 15:45:00+00:00 | entry=96737.04 | sl=95435.91 | tp=99339.30 | pct_to_tp=2.69% | pct_to_sl=1.35%
[CLOSE] LONG | entry=96737.04 | exit=95435.91 | reason=SL | net=-127.40 USD | equity=12612.46 USD
[OPEN]  SHORT | ts=2026-01-16 19:15:00+00:00 | entry=94861.39 | sl=95000.95 | tp=94582.27 | pct_to_tp=0.29% | pct_to_sl=0.15%
[CLOSE] SHORT | entry=94861.39 | exit=95000.95 | reason=SL | net=-126.12 USD | equity=12486.34 USD
[OPEN]  SHORT | ts=2026-01-19 17:30:00+00:00 | entry=93196.39 | sl=93301.35 | tp=92986.47 | pct_to_tp=0.23% | pct_to_sl=0.11%
[CLOSE] SHORT | entry=93196.39 | exit=92986.47 | reason=TP | net=+249.73 USD | equity=12736.07 USD
[OPEN]  SHORT | ts=2026-01-19 20:30:00+00:00 | entry=93131.60 | sl=93251.56 | tp=92891.68 | pct_to_tp=0.26% | pct_to_sl=0.13%
[CLOSE] SHORT | entry=93131.60 | exit=93251.56 | reason=SL | net=-127.36 USD | equity=12608.70 USD
[OPEN]  SHORT | ts=2026-01-19 21:45:00+00:00 | entry=93003.42 | sl=93053.90 | tp=92902.46 | pct_to_tp=0.11% | pct_to_sl=0.05%
[CLOSE] SHORT | entry=93003.42 | exit=92902.46 | reason=TP | net=+252.17 USD | equity=12860.88 USD
[OPEN]  SHORT | ts=2026-01-19 22:30:00+00:00 | entry=92819.61 | sl=92983.85 | tp=92491.13 | pct_to_tp=0.35% | pct_to_sl=0.18%
[CLOSE] SHORT | entry=92819.61 | exit=92491.13 | reason=TP | net=+257.22 USD | equity=13118.10 USD
[OPEN]  SHORT | ts=2026-01-21 06:30:00+00:00 | entry=89616.78 | sl=89885.39 | tp=89079.56 | pct_to_tp=0.60% | pct_to_sl=0.30%
[CLOSE] SHORT | entry=89616.78 | exit=89079.56 | reason=TP | net=+262.36 USD | equity=13380.46 USD
[OPEN]  LONG | ts=2026-01-22 00:00:00+00:00 | entry=89710.40 | sl=89454.72 | tp=90221.76 | pct_to_tp=0.57% | pct_to_sl=0.29%
[CLOSE] LONG | entry=89710.40 | exit=90221.76 | reason=TP | net=+267.61 USD | equity=13648.07 USD
[OPEN]  SHORT | ts=2026-01-22 15:15:00+00:00 | entry=88658.05 | sl=89369.77 | tp=87234.61 | pct_to_tp=1.61% | pct_to_sl=0.80%
[CLOSE] SHORT | entry=88658.05 | exit=89369.77 | reason=SL | net=-136.48 USD | equity=13511.59 USD
[OPEN]  SHORT | ts=2026-01-22 18:45:00+00:00 | entry=89333.94 | sl=89715.61 | tp=88570.60 | pct_to_tp=0.85% | pct_to_sl=0.43%
[CLOSE] SHORT | entry=89333.94 | exit=89715.61 | reason=SL | net=-135.12 USD | equity=13376.47 USD
[OPEN]  SHORT | ts=2026-01-22 20:45:00+00:00 | entry=89409.72 | sl=89552.86 | tp=89123.44 | pct_to_tp=0.32% | pct_to_sl=0.16%
[CLOSE] SHORT | entry=89409.72 | exit=89552.86 | reason=SL | net=-133.76 USD | equity=13242.71 USD
[OPEN]  SHORT | ts=2026-01-22 21:30:00+00:00 | entry=89392.01 | sl=89600.00 | tp=88976.03 | pct_to_tp=0.47% | pct_to_sl=0.23%
[CLOSE] SHORT | entry=89392.01 | exit=89600.00 | reason=SL | net=-132.43 USD | equity=13110.28 USD
[OPEN]  SHORT | ts=2026-01-23 14:30:00+00:00 | entry=88965.48 | sl=89733.71 | tp=87429.02 | pct_to_tp=1.73% | pct_to_sl=0.86%
[CLOSE] SHORT | entry=88965.48 | exit=89733.71 | reason=SL | net=-131.10 USD | equity=12979.18 USD
[OPEN]  SHORT | ts=2026-01-25 04:45:00+00:00 | entry=89006.96 | sl=89086.68 | tp=88847.52 | pct_to_tp=0.18% | pct_to_sl=0.09%
[CLOSE] SHORT | entry=89006.96 | exit=88847.52 | reason=TP | net=+259.58 USD | equity=13238.76 USD
[OPEN]  SHORT | ts=2026-01-25 15:30:00+00:00 | entry=88682.81 | sl=88742.64 | tp=88563.15 | pct_to_tp=0.13% | pct_to_sl=0.07%
[CLOSE] SHORT | entry=88682.81 | exit=88563.15 | reason=TP | net=+264.78 USD | equity=13503.54 USD
[OPEN]  SHORT | ts=2026-01-25 16:00:00+00:00 | entry=87904.72 | sl=88448.85 | tp=86816.46 | pct_to_tp=1.24% | pct_to_sl=0.62%
[CLOSE] SHORT | entry=87904.72 | exit=86816.46 | reason=TP | net=+270.07 USD | equity=13773.61 USD
[OPEN]  SHORT | ts=2026-01-26 02:00:00+00:00 | entry=87509.31 | sl=87698.74 | tp=87130.45 | pct_to_tp=0.43% | pct_to_sl=0.22%
[CLOSE] SHORT | entry=87509.31 | exit=87698.74 | reason=SL | net=-137.74 USD | equity=13635.87 USD
[OPEN]  SHORT | ts=2026-01-26 02:30:00+00:00 | entry=87625.22 | sl=87973.11 | tp=86929.44 | pct_to_tp=0.79% | pct_to_sl=0.40%
[CLOSE] SHORT | entry=87625.22 | exit=87973.11 | reason=SL | net=-136.36 USD | equity=13499.51 USD
[OPEN]  SHORT | ts=2026-01-26 07:15:00+00:00 | entry=87788.20 | sl=88074.48 | tp=87215.64 | pct_to_tp=0.65% | pct_to_sl=0.33%
[CLOSE] SHORT | entry=87788.20 | exit=88074.48 | reason=SL | net=-135.00 USD | equity=13364.52 USD
[OPEN]  LONG | ts=2026-01-26 10:00:00+00:00 | entry=87842.47 | sl=87660.00 | tp=88207.41 | pct_to_tp=0.42% | pct_to_sl=0.21%
[CLOSE] LONG | entry=87842.47 | exit=87660.00 | reason=SL | net=-133.65 USD | equity=13230.87 USD
[OPEN]  LONG | ts=2026-01-26 15:00:00+00:00 | entry=88721.46 | sl=88040.28 | tp=90083.82 | pct_to_tp=1.54% | pct_to_sl=0.77%
[CLOSE] LONG | entry=88721.46 | exit=88040.28 | reason=SL | net=-132.31 USD | equity=13098.56 USD
[OPEN]  LONG | ts=2026-01-26 17:45:00+00:00 | entry=87700.62 | sl=87509.06 | tp=88083.74 | pct_to_tp=0.44% | pct_to_sl=0.22%
[CLOSE] LONG | entry=87700.62 | exit=88083.74 | reason=TP | net=+261.97 USD | equity=13360.53 USD
[OPEN]  SHORT | ts=2026-01-27 14:30:00+00:00 | entry=87689.65 | sl=88340.76 | tp=86387.43 | pct_to_tp=1.49% | pct_to_sl=0.74%
[CLOSE] SHORT | entry=87689.65 | exit=88340.76 | reason=SL | net=-133.61 USD | equity=13226.93 USD
[OPEN]  LONG | ts=2026-01-28 05:45:00+00:00 | entry=89084.10 | sl=88886.75 | tp=89478.80 | pct_to_tp=0.44% | pct_to_sl=0.22%
[CLOSE] LONG | entry=89084.10 | exit=88886.75 | reason=SL | net=-132.27 USD | equity=13094.66 USD
[OPEN]  LONG | ts=2026-01-28 09:30:00+00:00 | entry=89319.28 | sl=88993.43 | tp=89970.98 | pct_to_tp=0.73% | pct_to_sl=0.36%
[CLOSE] LONG | entry=89319.28 | exit=89970.98 | reason=TP | net=+261.89 USD | equity=13356.55 USD
[OPEN]  LONG | ts=2026-01-28 15:30:00+00:00 | entry=89500.01 | sl=89230.73 | tp=90038.57 | pct_to_tp=0.60% | pct_to_sl=0.30%
[CLOSE] LONG | entry=89500.01 | exit=90038.57 | reason=TP | net=+267.13 USD | equity=13623.68 USD
[OPEN]  LONG | ts=2026-01-28 20:00:00+00:00 | entry=89584.86 | sl=89332.00 | tp=90090.58 | pct_to_tp=0.56% | pct_to_sl=0.28%
[CLOSE] LONG | entry=89584.86 | exit=89332.00 | reason=SL | net=-136.24 USD | equity=13487.45 USD
[OPEN]  SHORT | ts=2026-01-30 15:15:00+00:00 | entry=82620.28 | sl=83578.60 | tp=80703.64 | pct_to_tp=2.32% | pct_to_sl=1.16%
[CLOSE] SHORT | entry=82620.28 | exit=83578.60 | reason=SL | net=-134.87 USD | equity=13352.57 USD
[OPEN]  LONG | ts=2026-01-30 22:45:00+00:00 | entry=84219.99 | sl=83950.28 | tp=84759.41 | pct_to_tp=0.64% | pct_to_sl=0.32%
[CLOSE] LONG | entry=84219.99 | exit=83950.28 | reason=SL | net=-133.53 USD | equity=13219.05 USD
[OPEN]  LONG | ts=2026-01-31 02:30:00+00:00 | entry=84138.66 | sl=83815.02 | tp=84785.94 | pct_to_tp=0.77% | pct_to_sl=0.38%
[CLOSE] LONG | entry=84138.66 | exit=83815.02 | reason=SL | net=-132.19 USD | equity=13086.86 USD
[OPEN]  LONG | ts=2026-01-31 06:30:00+00:00 | entry=83774.72 | sl=83670.64 | tp=83982.88 | pct_to_tp=0.25% | pct_to_sl=0.12%
[CLOSE] LONG | entry=83774.72 | exit=83670.64 | reason=SL | net=-130.87 USD | equity=12955.99 USD
[OPEN]  LONG | ts=2026-01-31 07:45:00+00:00 | entry=83546.81 | sl=83482.06 | tp=83676.31 | pct_to_tp=0.16% | pct_to_sl=0.08%
[CLOSE] LONG | entry=83546.81 | exit=83482.06 | reason=SL | net=-129.56 USD | equity=12826.43 USD
[OPEN]  SHORT | ts=2026-01-31 09:45:00+00:00 | entry=83109.10 | sl=83228.25 | tp=82870.80 | pct_to_tp=0.29% | pct_to_sl=0.14%
[CLOSE] SHORT | entry=83109.10 | exit=82870.80 | reason=TP | net=+256.53 USD | equity=13082.96 USD
[OPEN]  SHORT | ts=2026-02-01 19:00:00+00:00 | entry=77736.00 | sl=78106.10 | tp=76995.80 | pct_to_tp=0.95% | pct_to_sl=0.48%
[CLOSE] SHORT | entry=77736.00 | exit=76995.80 | reason=TP | net=+261.66 USD | equity=13344.61 USD
[OPEN]  SHORT | ts=2026-02-02 01:00:00+00:00 | entry=76824.00 | sl=77942.28 | tp=74587.44 | pct_to_tp=2.91% | pct_to_sl=1.46%
[CLOSE] SHORT | entry=76824.00 | exit=77942.28 | reason=SL | net=-133.45 USD | equity=13211.17 USD
[OPEN]  SHORT | ts=2026-02-03 14:30:00+00:00 | entry=77875.71 | sl=78429.91 | tp=76767.31 | pct_to_tp=1.42% | pct_to_sl=0.71%
[CLOSE] SHORT | entry=77875.71 | exit=76767.31 | reason=TP | net=+264.22 USD | equity=13475.39 USD
[OPEN]  SHORT | ts=2026-02-03 16:45:00+00:00 | entry=76488.08 | sl=76859.80 | tp=75744.64 | pct_to_tp=0.97% | pct_to_sl=0.49%
[CLOSE] SHORT | entry=76488.08 | exit=75744.64 | reason=TP | net=+269.51 USD | equity=13744.90 USD
[OPEN]  SHORT | ts=2026-02-03 17:30:00+00:00 | entry=75147.94 | sl=75960.00 | tp=73523.82 | pct_to_tp=2.16% | pct_to_sl=1.08%
[CLOSE] SHORT | entry=75147.94 | exit=73523.82 | reason=TP | net=+274.90 USD | equity=14019.80 USD
[OPEN]  SHORT | ts=2026-02-03 22:00:00+00:00 | entry=75838.59 | sl=76299.19 | tp=74917.39 | pct_to_tp=1.21% | pct_to_sl=0.61%
[CLOSE] SHORT | entry=75838.59 | exit=76299.19 | reason=SL | net=-140.20 USD | equity=13879.60 USD
[OPEN]  SHORT | ts=2026-02-04 03:15:00+00:00 | entry=76390.12 | sl=76709.61 | tp=75751.14 | pct_to_tp=0.84% | pct_to_sl=0.42%
[CLOSE] SHORT | entry=76390.12 | exit=76709.61 | reason=SL | net=-138.80 USD | equity=13740.80 USD
[OPEN]  SHORT | ts=2026-02-04 04:15:00+00:00 | entry=76595.94 | sl=76735.14 | tp=76317.54 | pct_to_tp=0.36% | pct_to_sl=0.18%
[CLOSE] SHORT | entry=76595.94 | exit=76735.14 | reason=SL | net=-137.41 USD | equity=13603.40 USD
[OPEN]  SHORT | ts=2026-02-04 04:45:00+00:00 | entry=76479.75 | sl=76594.39 | tp=76250.47 | pct_to_tp=0.30% | pct_to_sl=0.15%
[CLOSE] SHORT | entry=76479.75 | exit=76250.47 | reason=TP | net=+272.07 USD | equity=13875.46 USD
[OPEN]  SHORT | ts=2026-02-04 07:15:00+00:00 | entry=76452.28 | sl=76626.24 | tp=76104.36 | pct_to_tp=0.46% | pct_to_sl=0.23%
[CLOSE] SHORT | entry=76452.28 | exit=76104.36 | reason=TP | net=+277.51 USD | equity=14152.97 USD
[OPEN]  SHORT | ts=2026-02-04 09:00:00+00:00 | entry=76319.22 | sl=76607.69 | tp=75742.28 | pct_to_tp=0.76% | pct_to_sl=0.38%
[CLOSE] SHORT | entry=76319.22 | exit=75742.28 | reason=TP | net=+283.06 USD | equity=14436.03 USD
[OPEN]  SHORT | ts=2026-02-04 14:45:00+00:00 | entry=74359.53 | sl=75520.23 | tp=72038.13 | pct_to_tp=3.12% | pct_to_sl=1.56%
[CLOSE] SHORT | entry=74359.53 | exit=72038.13 | reason=TP | net=+288.72 USD | equity=14724.75 USD
[OPEN]  SHORT | ts=2026-02-06 06:30:00+00:00 | entry=65082.62 | sl=65850.19 | tp=63547.48 | pct_to_tp=2.36% | pct_to_sl=1.18%
[CLOSE] SHORT | entry=65082.62 | exit=65850.19 | reason=SL | net=-147.25 USD | equity=14577.51 USD
[OPEN]  LONG | ts=2026-02-08 17:30:00+00:00 | entry=70813.00 | sl=70560.33 | tp=71318.34 | pct_to_tp=0.71% | pct_to_sl=0.36%
[CLOSE] LONG | entry=70813.00 | exit=71318.34 | reason=TP | net=+291.55 USD | equity=14869.06 USD
[OPEN]  LONG | ts=2026-02-08 22:00:00+00:00 | entry=70835.63 | sl=70692.44 | tp=71122.01 | pct_to_tp=0.40% | pct_to_sl=0.20%
[CLOSE] LONG | entry=70835.63 | exit=70692.44 | reason=SL | net=-148.69 USD | equity=14720.37 USD
[OPEN]  LONG | ts=2026-02-09 00:00:00+00:00 | entry=70609.99 | sl=70260.70 | tp=71308.57 | pct_to_tp=0.99% | pct_to_sl=0.49%
[CLOSE] LONG | entry=70609.99 | exit=70260.70 | reason=SL | net=-147.20 USD | equity=14573.16 USD
[OPEN]  LONG | ts=2026-02-09 02:30:00+00:00 | entry=70875.06 | sl=70443.93 | tp=71737.32 | pct_to_tp=1.22% | pct_to_sl=0.61%
[CLOSE] LONG | entry=70875.06 | exit=70443.93 | reason=SL | net=-145.73 USD | equity=14427.43 USD
[OPEN]  LONG | ts=2026-02-09 06:30:00+00:00 | entry=70550.84 | sl=70379.43 | tp=70893.66 | pct_to_tp=0.49% | pct_to_sl=0.24%
[CLOSE] LONG | entry=70550.84 | exit=70893.66 | reason=TP | net=+288.55 USD | equity=14715.98 USD
[OPEN]  SHORT | ts=2026-02-09 15:15:00+00:00 | entry=68921.04 | sl=69670.09 | tp=67422.94 | pct_to_tp=2.17% | pct_to_sl=1.09%
[CLOSE] SHORT | entry=68921.04 | exit=69670.09 | reason=SL | net=-147.16 USD | equity=14568.82 USD
[OPEN]  SHORT | ts=2026-02-09 17:45:00+00:00 | entry=70612.29 | sl=70938.14 | tp=69960.59 | pct_to_tp=0.92% | pct_to_sl=0.46%
[CLOSE] SHORT | entry=70612.29 | exit=70938.14 | reason=SL | net=-145.69 USD | equity=14423.13 USD
[OPEN]  SHORT | ts=2026-02-10 21:15:00+00:00 | entry=68652.27 | sl=68927.72 | tp=68101.37 | pct_to_tp=0.80% | pct_to_sl=0.40%
[CLOSE] SHORT | entry=68652.27 | exit=68927.72 | reason=SL | net=-144.23 USD | equity=14278.90 USD
[OPEN]  SHORT | ts=2026-02-11 01:15:00+00:00 | entry=68959.72 | sl=69265.73 | tp=68347.70 | pct_to_tp=0.89% | pct_to_sl=0.44%
[CLOSE] SHORT | entry=68959.72 | exit=68347.70 | reason=TP | net=+285.58 USD | equity=14564.48 USD
[OPEN]  SHORT | ts=2026-02-11 03:45:00+00:00 | entry=68187.99 | sl=68528.24 | tp=67507.49 | pct_to_tp=1.00% | pct_to_sl=0.50%
[CLOSE] SHORT | entry=68187.99 | exit=67507.49 | reason=TP | net=+291.29 USD | equity=14855.77 USD
[OPEN]  SHORT | ts=2026-02-11 14:15:00+00:00 | entry=68000.00 | sl=68582.42 | tp=66835.16 | pct_to_tp=1.71% | pct_to_sl=0.86%
[CLOSE] SHORT | entry=68000.00 | exit=66835.16 | reason=TP | net=+297.12 USD | equity=15152.88 USD
[OPEN]  SHORT | ts=2026-02-11 19:15:00+00:00 | entry=67436.32 | sl=67763.34 | tp=66782.28 | pct_to_tp=0.97% | pct_to_sl=0.48%
[CLOSE] SHORT | entry=67436.32 | exit=67763.34 | reason=SL | net=-151.53 USD | equity=15001.35 USD
[OPEN]  SHORT | ts=2026-02-11 19:45:00+00:00 | entry=67586.67 | sl=67830.82 | tp=67098.37 | pct_to_tp=0.72% | pct_to_sl=0.36%
[CLOSE] SHORT | entry=67586.67 | exit=67830.82 | reason=SL | net=-150.01 USD | equity=14851.34 USD
[OPEN]  SHORT | ts=2026-02-11 21:45:00+00:00 | entry=67811.17 | sl=68021.12 | tp=67391.27 | pct_to_tp=0.62% | pct_to_sl=0.31%
[CLOSE] SHORT | entry=67811.17 | exit=67391.27 | reason=TP | net=+297.03 USD | equity=15148.37 USD
[OPEN]  LONG | ts=2026-02-12 00:00:00+00:00 | entry=67365.56 | sl=67055.53 | tp=67985.62 | pct_to_tp=0.92% | pct_to_sl=0.46%
[CLOSE] LONG | entry=67365.56 | exit=67985.62 | reason=TP | net=+302.97 USD | equity=15451.33 USD
[OPEN]  SHORT | ts=2026-02-12 07:00:00+00:00 | entry=66992.17 | sl=67156.79 | tp=66662.93 | pct_to_tp=0.49% | pct_to_sl=0.25%
[CLOSE] SHORT | entry=66992.17 | exit=67156.79 | reason=SL | net=-154.51 USD | equity=15296.82 USD
[OPEN]  SHORT | ts=2026-02-12 07:30:00+00:00 | entry=67130.01 | sl=67254.48 | tp=66881.07 | pct_to_tp=0.37% | pct_to_sl=0.19%
[CLOSE] SHORT | entry=67130.01 | exit=67254.48 | reason=SL | net=-152.97 USD | equity=15143.85 USD
[OPEN]  SHORT | ts=2026-02-12 08:15:00+00:00 | entry=66932.00 | sl=67248.41 | tp=66299.18 | pct_to_tp=0.95% | pct_to_sl=0.47%
[CLOSE] SHORT | entry=66932.00 | exit=67248.41 | reason=SL | net=-151.44 USD | equity=14992.41 USD
[OPEN]  LONG | ts=2026-02-12 11:15:00+00:00 | entry=68208.64 | sl=67836.83 | tp=68952.26 | pct_to_tp=1.09% | pct_to_sl=0.55%
[CLOSE] LONG | entry=68208.64 | exit=67836.83 | reason=SL | net=-149.92 USD | equity=14842.49 USD
[OPEN]  SHORT | ts=2026-02-13 00:15:00+00:00 | entry=66026.92 | sl=66382.01 | tp=65316.74 | pct_to_tp=1.08% | pct_to_sl=0.54%
[CLOSE] SHORT | entry=66026.92 | exit=66382.01 | reason=SL | net=-148.42 USD | equity=14694.06 USD
[OPEN]  SHORT | ts=2026-02-13 04:30:00+00:00 | entry=66365.87 | sl=66478.30 | tp=66141.01 | pct_to_tp=0.34% | pct_to_sl=0.17%
[CLOSE] SHORT | entry=66365.87 | exit=66478.30 | reason=SL | net=-146.94 USD | equity=14547.12 USD
[OPEN]  SHORT | ts=2026-02-13 07:30:00+00:00 | entry=66127.51 | sl=66514.42 | tp=65353.69 | pct_to_tp=1.17% | pct_to_sl=0.59%
[CLOSE] SHORT | entry=66127.51 | exit=66514.42 | reason=SL | net=-145.47 USD | equity=14401.65 USD
[OPEN]  LONG | ts=2026-02-13 15:00:00+00:00 | entry=68382.00 | sl=67692.00 | tp=69762.00 | pct_to_tp=2.02% | pct_to_sl=1.01%
[CLOSE] LONG | entry=68382.00 | exit=69762.00 | reason=TP | net=+288.03 USD | equity=14689.69 USD
[OPEN]  LONG | ts=2026-02-14 14:30:00+00:00 | entry=69673.60 | sl=69455.60 | tp=70109.60 | pct_to_tp=0.63% | pct_to_sl=0.31%
[CLOSE] LONG | entry=69673.60 | exit=69455.60 | reason=SL | net=-146.90 USD | equity=14542.79 USD
[OPEN]  LONG | ts=2026-02-15 01:00:00+00:00 | entry=69902.69 | sl=69753.80 | tp=70200.47 | pct_to_tp=0.43% | pct_to_sl=0.21%
[CLOSE] LONG | entry=69902.69 | exit=69753.80 | reason=SL | net=-145.43 USD | equity=14397.36 USD
[OPEN]  LONG | ts=2026-02-15 01:45:00+00:00 | entry=69717.65 | sl=69393.69 | tp=70365.57 | pct_to_tp=0.93% | pct_to_sl=0.46%
[CLOSE] LONG | entry=69717.65 | exit=69393.69 | reason=SL | net=-143.97 USD | equity=14253.39 USD
[OPEN]  LONG | ts=2026-02-15 03:45:00+00:00 | entry=69954.50 | sl=69360.11 | tp=71143.28 | pct_to_tp=1.70% | pct_to_sl=0.85%
[CLOSE] LONG | entry=69954.50 | exit=69360.11 | reason=SL | net=-142.53 USD | equity=14110.85 USD
[OPEN]  SHORT | ts=2026-02-15 23:00:00+00:00 | entry=68490.80 | sl=68999.96 | tp=67472.48 | pct_to_tp=1.49% | pct_to_sl=0.74%
[CLOSE] SHORT | entry=68490.80 | exit=68999.96 | reason=SL | net=-141.11 USD | equity=13969.75 USD
[OPEN]  SHORT | ts=2026-02-16 02:15:00+00:00 | entry=68350.51 | sl=68574.94 | tp=67901.65 | pct_to_tp=0.66% | pct_to_sl=0.33%
[CLOSE] SHORT | entry=68350.51 | exit=68574.94 | reason=SL | net=-139.70 USD | equity=13830.05 USD
[OPEN]  SHORT | ts=2026-02-16 05:00:00+00:00 | entry=68473.16 | sl=68900.00 | tp=67619.48 | pct_to_tp=1.25% | pct_to_sl=0.62%
[CLOSE] SHORT | entry=68473.16 | exit=68900.00 | reason=SL | net=-138.30 USD | equity=13691.75 USD
[OPEN]  SHORT | ts=2026-02-16 11:00:00+00:00 | entry=68515.88 | sl=68848.49 | tp=67850.66 | pct_to_tp=0.97% | pct_to_sl=0.49%
[CLOSE] SHORT | entry=68515.88 | exit=68848.49 | reason=SL | net=-136.92 USD | equity=13554.83 USD
[OPEN]  SHORT | ts=2026-02-17 08:15:00+00:00 | entry=68299.56 | sl=68388.00 | tp=68122.68 | pct_to_tp=0.26% | pct_to_sl=0.13%
[CLOSE] SHORT | entry=68299.56 | exit=68122.68 | reason=TP | net=+271.10 USD | equity=13825.93 USD
[OPEN]  SHORT | ts=2026-02-17 13:30:00+00:00 | entry=68019.92 | sl=68125.20 | tp=67809.36 | pct_to_tp=0.31% | pct_to_sl=0.15%
[CLOSE] SHORT | entry=68019.92 | exit=68125.20 | reason=SL | net=-138.26 USD | equity=13687.67 USD
[OPEN]  SHORT | ts=2026-02-17 14:30:00+00:00 | entry=67103.87 | sl=68250.46 | tp=64810.69 | pct_to_tp=3.42% | pct_to_sl=1.71%
[CLOSE] SHORT | entry=67103.87 | exit=68250.46 | reason=SL | net=-136.88 USD | equity=13550.79 USD
[OPEN]  SHORT | ts=2026-02-18 13:30:00+00:00 | entry=67287.84 | sl=67490.64 | tp=66882.24 | pct_to_tp=0.60% | pct_to_sl=0.30%
[CLOSE] SHORT | entry=67287.84 | exit=66882.24 | reason=TP | net=+271.02 USD | equity=13821.81 USD
[OPEN]  SHORT | ts=2026-02-18 16:00:00+00:00 | entry=67072.01 | sl=67706.94 | tp=65802.15 | pct_to_tp=1.89% | pct_to_sl=0.95%
[CLOSE] SHORT | entry=67072.01 | exit=65802.15 | reason=TP | net=+276.44 USD | equity=14098.24 USD
[OPEN]  LONG | ts=2026-02-20 05:30:00+00:00 | entry=67910.17 | sl=67407.34 | tp=68915.83 | pct_to_tp=1.48% | pct_to_sl=0.74%
[CLOSE] LONG | entry=67910.17 | exit=67407.34 | reason=SL | net=-140.98 USD | equity=13957.26 USD
[OPEN]  LONG | ts=2026-02-20 20:00:00+00:00 | entry=67816.34 | sl=67636.30 | tp=68176.42 | pct_to_tp=0.53% | pct_to_sl=0.27%
[CLOSE] LONG | entry=67816.34 | exit=67636.30 | reason=SL | net=-139.57 USD | equity=13817.69 USD
[OPEN]  LONG | ts=2026-02-20 20:30:00+00:00 | entry=67734.00 | sl=67520.30 | tp=68161.40 | pct_to_tp=0.63% | pct_to_sl=0.32%
[CLOSE] LONG | entry=67734.00 | exit=68161.40 | reason=TP | net=+276.35 USD | equity=14094.04 USD
[OPEN]  LONG | ts=2026-02-21 01:00:00+00:00 | entry=67928.82 | sl=67841.00 | tp=68104.46 | pct_to_tp=0.26% | pct_to_sl=0.13%
[CLOSE] LONG | entry=67928.82 | exit=67841.00 | reason=SL | net=-140.94 USD | equity=13953.10 USD
[OPEN]  LONG | ts=2026-02-21 09:15:00+00:00 | entry=68235.09 | sl=68000.27 | tp=68704.73 | pct_to_tp=0.69% | pct_to_sl=0.34%
[CLOSE] LONG | entry=68235.09 | exit=68000.27 | reason=SL | net=-139.53 USD | equity=13813.57 USD
[OPEN]  LONG | ts=2026-02-21 13:15:00+00:00 | entry=68237.93 | sl=68106.89 | tp=68500.01 | pct_to_tp=0.38% | pct_to_sl=0.19%
[CLOSE] LONG | entry=68237.93 | exit=68500.01 | reason=TP | net=+276.27 USD | equity=14089.84 USD
[OPEN]  LONG | ts=2026-02-21 17:30:00+00:00 | entry=68425.60 | sl=68264.38 | tp=68748.04 | pct_to_tp=0.47% | pct_to_sl=0.24%
[CLOSE] LONG | entry=68425.60 | exit=68264.38 | reason=SL | net=-140.90 USD | equity=13948.94 USD
[OPEN]  LONG | ts=2026-02-21 21:45:00+00:00 | entry=68379.95 | sl=68289.65 | tp=68560.55 | pct_to_tp=0.26% | pct_to_sl=0.13%
[CLOSE] LONG | entry=68379.95 | exit=68289.65 | reason=SL | net=-139.49 USD | equity=13809.45 USD
[OPEN]  SHORT | ts=2026-02-23 00:30:00+00:00 | entry=67180.25 | sl=67474.00 | tp=66592.75 | pct_to_tp=0.87% | pct_to_sl=0.44%
[CLOSE] SHORT | entry=67180.25 | exit=66592.75 | reason=TP | net=+276.19 USD | equity=14085.64 USD
[OPEN]  SHORT | ts=2026-02-23 01:15:00+00:00 | entry=65050.00 | sl=65510.00 | tp=64130.00 | pct_to_tp=1.41% | pct_to_sl=0.71%
[CLOSE] SHORT | entry=65050.00 | exit=65510.00 | reason=SL | net=-140.86 USD | equity=13944.79 USD
[OPEN]  SHORT | ts=2026-02-23 11:30:00+00:00 | entry=66128.00 | sl=66325.31 | tp=65733.38 | pct_to_tp=0.60% | pct_to_sl=0.30%
[CLOSE] SHORT | entry=66128.00 | exit=66325.31 | reason=SL | net=-139.45 USD | equity=13805.34 USD
[OPEN]  SHORT | ts=2026-02-23 13:45:00+00:00 | entry=66132.66 | sl=66370.06 | tp=65657.86 | pct_to_tp=0.72% | pct_to_sl=0.36%
[CLOSE] SHORT | entry=66132.66 | exit=65657.86 | reason=TP | net=+276.11 USD | equity=14081.44 USD
[OPEN]  SHORT | ts=2026-02-23 16:00:00+00:00 | entry=65225.99 | sl=65689.99 | tp=64297.99 | pct_to_tp=1.42% | pct_to_sl=0.71%
[CLOSE] SHORT | entry=65225.99 | exit=65689.99 | reason=SL | net=-140.81 USD | equity=13940.63 USD
[OPEN]  SHORT | ts=2026-02-23 16:45:00+00:00 | entry=65364.65 | sl=65603.17 | tp=64887.61 | pct_to_tp=0.73% | pct_to_sl=0.36%
[CLOSE] SHORT | entry=65364.65 | exit=64887.61 | reason=TP | net=+278.81 USD | equity=14219.44 USD
[OPEN]  SHORT | ts=2026-02-24 16:15:00+00:00 | entry=63956.21 | sl=64219.38 | tp=63429.87 | pct_to_tp=0.82% | pct_to_sl=0.41%
[CLOSE] SHORT | entry=63956.21 | exit=64219.38 | reason=SL | net=-142.19 USD | equity=14077.25 USD
[OPEN]  LONG | ts=2026-02-24 19:30:00+00:00 | entry=64472.18 | sl=64303.75 | tp=64809.04 | pct_to_tp=0.52% | pct_to_sl=0.26%
[CLOSE] LONG | entry=64472.18 | exit=64303.75 | reason=SL | net=-140.77 USD | equity=13936.48 USD
[OPEN]  LONG | ts=2026-02-24 22:00:00+00:00 | entry=64219.60 | sl=63973.79 | tp=64711.22 | pct_to_tp=0.77% | pct_to_sl=0.38%
[CLOSE] LONG | entry=64219.60 | exit=63973.79 | reason=SL | net=-139.36 USD | equity=13797.11 USD
[OPEN]  LONG | ts=2026-02-24 23:15:00+00:00 | entry=64185.01 | sl=64067.55 | tp=64419.93 | pct_to_tp=0.37% | pct_to_sl=0.18%
[CLOSE] LONG | entry=64185.01 | exit=64067.55 | reason=SL | net=-137.97 USD | equity=13659.14 USD
[OPEN]  LONG | ts=2026-02-25 00:30:00+00:00 | entry=64257.60 | sl=63960.00 | tp=64852.80 | pct_to_tp=0.93% | pct_to_sl=0.46%
[CLOSE] LONG | entry=64257.60 | exit=64852.80 | reason=TP | net=+273.18 USD | equity=13932.32 USD
[OPEN]  LONG | ts=2026-02-25 02:00:00+00:00 | entry=66229.81 | sl=65890.62 | tp=66908.19 | pct_to_tp=1.02% | pct_to_sl=0.51%
[CLOSE] LONG | entry=66229.81 | exit=65890.62 | reason=SL | net=-139.32 USD | equity=13793.00 USD
[OPEN]  LONG | ts=2026-02-25 08:15:00+00:00 | entry=65192.31 | sl=65011.99 | tp=65552.95 | pct_to_tp=0.55% | pct_to_sl=0.28%
[CLOSE] LONG | entry=65192.31 | exit=65552.95 | reason=TP | net=+275.86 USD | equity=14068.86 USD
[OPEN]  LONG | ts=2026-02-26 08:00:00+00:00 | entry=68048.93 | sl=67792.00 | tp=68562.79 | pct_to_tp=0.76% | pct_to_sl=0.38%
[CLOSE] LONG | entry=68048.93 | exit=68562.79 | reason=TP | net=+281.38 USD | equity=14350.24 USD
[OPEN]  LONG | ts=2026-02-26 12:00:00+00:00 | entry=68202.45 | sl=68027.85 | tp=68551.65 | pct_to_tp=0.51% | pct_to_sl=0.26%
[CLOSE] LONG | entry=68202.45 | exit=68027.85 | reason=SL | net=-143.50 USD | equity=14206.73 USD
[OPEN]  SHORT | ts=2026-02-27 04:30:00+00:00 | entry=67759.60 | sl=67964.60 | tp=67349.60 | pct_to_tp=0.61% | pct_to_sl=0.30%
[CLOSE] SHORT | entry=67759.60 | exit=67964.60 | reason=SL | net=-142.07 USD | equity=14064.67 USD
[OPEN]  SHORT | ts=2026-02-27 05:45:00+00:00 | entry=67724.99 | sl=67861.79 | tp=67451.39 | pct_to_tp=0.40% | pct_to_sl=0.20%
[CLOSE] SHORT | entry=67724.99 | exit=67861.79 | reason=SL | net=-140.65 USD | equity=13924.02 USD
[OPEN]  LONG | ts=2026-02-27 08:15:00+00:00 | entry=67967.90 | sl=67866.46 | tp=68170.78 | pct_to_tp=0.30% | pct_to_sl=0.15%
[CLOSE] LONG | entry=67967.90 | exit=67866.46 | reason=SL | net=-139.24 USD | equity=13784.78 USD
[OPEN]  SHORT | ts=2026-02-27 11:30:00+00:00 | entry=66002.58 | sl=66575.95 | tp=64855.84 | pct_to_tp=1.74% | pct_to_sl=0.87%
[CLOSE] SHORT | entry=66002.58 | exit=64855.84 | reason=TP | net=+275.70 USD | equity=14060.48 USD
[OPEN]  SHORT | ts=2026-02-28 14:45:00+00:00 | entry=64435.61 | sl=65033.38 | tp=63240.07 | pct_to_tp=1.86% | pct_to_sl=0.93%
[CLOSE] SHORT | entry=64435.61 | exit=65033.38 | reason=SL | net=-140.60 USD | equity=13919.87 USD
[OPEN]  SHORT | ts=2026-02-28 17:00:00+00:00 | entry=64945.79 | sl=65106.90 | tp=64623.57 | pct_to_tp=0.50% | pct_to_sl=0.25%
[CLOSE] SHORT | entry=64945.79 | exit=65106.90 | reason=SL | net=-139.20 USD | equity=13780.67 USD
[OPEN]  LONG | ts=2026-03-01 02:00:00+00:00 | entry=67895.95 | sl=67339.36 | tp=69009.13 | pct_to_tp=1.64% | pct_to_sl=0.82%
[CLOSE] LONG | entry=67895.95 | exit=67339.36 | reason=SL | net=-137.81 USD | equity=13642.87 USD
[OPEN]  SHORT | ts=2026-03-01 23:15:00+00:00 | entry=65635.74 | sl=65884.00 | tp=65139.22 | pct_to_tp=0.76% | pct_to_sl=0.38%
[CLOSE] SHORT | entry=65635.74 | exit=65884.00 | reason=SL | net=-136.43 USD | equity=13506.44 USD
[OPEN]  LONG | ts=2026-03-02 04:15:00+00:00 | entry=66937.99 | sl=66667.23 | tp=67479.51 | pct_to_tp=0.81% | pct_to_sl=0.40%
[CLOSE] LONG | entry=66937.99 | exit=66667.23 | reason=SL | net=-135.06 USD | equity=13371.37 USD
[OPEN]  LONG | ts=2026-03-03 05:00:00+00:00 | entry=68391.35 | sl=68044.00 | tp=69086.05 | pct_to_tp=1.02% | pct_to_sl=0.51%
[CLOSE] LONG | entry=68391.35 | exit=68044.00 | reason=SL | net=-133.71 USD | equity=13237.66 USD
[OPEN]  LONG | ts=2026-03-03 06:30:00+00:00 | entry=67995.05 | sl=67859.57 | tp=68266.01 | pct_to_tp=0.40% | pct_to_sl=0.20%
[CLOSE] LONG | entry=67995.05 | exit=67859.57 | reason=SL | net=-132.38 USD | equity=13105.28 USD
[OPEN]  SHORT | ts=2026-03-03 08:45:00+00:00 | entry=67003.30 | sl=67362.00 | tp=66285.90 | pct_to_tp=1.07% | pct_to_sl=0.54%
[CLOSE] SHORT | entry=67003.30 | exit=67362.00 | reason=SL | net=-131.05 USD | equity=12974.23 USD
[OPEN]  SHORT | ts=2026-03-03 13:00:00+00:00 | entry=66979.93 | sl=67435.00 | tp=66069.79 | pct_to_tp=1.36% | pct_to_sl=0.68%
[CLOSE] SHORT | entry=66979.93 | exit=67435.00 | reason=SL | net=-129.74 USD | equity=12844.49 USD
[OPEN]  SHORT | ts=2026-03-03 16:30:00+00:00 | entry=67726.29 | sl=68828.96 | tp=65520.95 | pct_to_tp=3.26% | pct_to_sl=1.63%
[CLOSE] SHORT | entry=67726.29 | exit=68828.96 | reason=SL | net=-128.44 USD | equity=12716.04 USD
[OPEN]  LONG | ts=2026-03-03 22:30:00+00:00 | entry=68398.00 | sl=68187.77 | tp=68818.46 | pct_to_tp=0.61% | pct_to_sl=0.31%
[CLOSE] LONG | entry=68398.00 | exit=68818.46 | reason=TP | net=+254.32 USD | equity=12970.36 USD
[OPEN]  LONG | ts=2026-03-04 01:30:00+00:00 | entry=68711.48 | sl=68212.00 | tp=69710.44 | pct_to_tp=1.45% | pct_to_sl=0.73%
[CLOSE] LONG | entry=68711.48 | exit=68212.00 | reason=SL | net=-129.70 USD | equity=12840.66 USD
[OPEN]  LONG | ts=2026-03-04 02:45:00+00:00 | entry=68323.33 | sl=68106.15 | tp=68757.69 | pct_to_tp=0.64% | pct_to_sl=0.32%
[CLOSE] LONG | entry=68323.33 | exit=68106.15 | reason=SL | net=-128.41 USD | equity=12712.25 USD
[OPEN]  LONG | ts=2026-03-04 05:30:00+00:00 | entry=68206.36 | sl=67733.21 | tp=69152.66 | pct_to_tp=1.39% | pct_to_sl=0.69%
[CLOSE] LONG | entry=68206.36 | exit=69152.66 | reason=TP | net=+254.25 USD | equity=12966.50 USD
[OPEN]  LONG | ts=2026-03-05 08:30:00+00:00 | entry=72178.73 | sl=71796.78 | tp=72942.63 | pct_to_tp=1.06% | pct_to_sl=0.53%
[CLOSE] LONG | entry=72178.73 | exit=72942.63 | reason=TP | net=+259.33 USD | equity=13225.83 USD
[OPEN]  LONG | ts=2026-03-05 14:45:00+00:00 | entry=72609.29 | sl=71967.38 | tp=73893.11 | pct_to_tp=1.77% | pct_to_sl=0.88%
[CLOSE] LONG | entry=72609.29 | exit=71967.38 | reason=SL | net=-132.26 USD | equity=13093.57 USD
[OPEN]  SHORT | ts=2026-03-06 09:00:00+00:00 | entry=70572.00 | sl=70808.65 | tp=70098.70 | pct_to_tp=0.67% | pct_to_sl=0.34%
[CLOSE] SHORT | entry=70572.00 | exit=70098.70 | reason=TP | net=+261.87 USD | equity=13355.44 USD
[OPEN]  SHORT | ts=2026-03-07 12:30:00+00:00 | entry=67937.64 | sl=68034.31 | tp=67744.30 | pct_to_tp=0.28% | pct_to_sl=0.14%
[CLOSE] SHORT | entry=67937.64 | exit=68034.31 | reason=SL | net=-133.55 USD | equity=13221.89 USD
[OPEN]  SHORT | ts=2026-03-08 09:30:00+00:00 | entry=67752.19 | sl=67856.67 | tp=67543.23 | pct_to_tp=0.31% | pct_to_sl=0.15%
[CLOSE] SHORT | entry=67752.19 | exit=67856.67 | reason=SL | net=-132.22 USD | equity=13089.67 USD
[OPEN]  LONG | ts=2026-03-08 12:15:00+00:00 | entry=67431.46 | sl=66888.00 | tp=68518.38 | pct_to_tp=1.61% | pct_to_sl=0.81%
[CLOSE] LONG | entry=67431.46 | exit=66888.00 | reason=SL | net=-130.90 USD | equity=12958.77 USD
[OPEN]  LONG | ts=2026-03-08 13:45:00+00:00 | entry=67234.86 | sl=67051.43 | tp=67601.72 | pct_to_tp=0.55% | pct_to_sl=0.27%
[CLOSE] LONG | entry=67234.86 | exit=67051.43 | reason=SL | net=-129.59 USD | equity=12829.18 USD
[OPEN]  SHORT | ts=2026-03-08 16:45:00+00:00 | entry=66872.15 | sl=67004.35 | tp=66607.75 | pct_to_tp=0.40% | pct_to_sl=0.20%
[CLOSE] SHORT | entry=66872.15 | exit=67004.35 | reason=SL | net=-128.29 USD | equity=12700.89 USD
[OPEN]  SHORT | ts=2026-03-08 17:15:00+00:00 | entry=67070.24 | sl=67162.37 | tp=66885.98 | pct_to_tp=0.27% | pct_to_sl=0.14%
[CLOSE] SHORT | entry=67070.24 | exit=66885.98 | reason=TP | net=+254.02 USD | equity=12954.91 USD
[OPEN]  SHORT | ts=2026-03-08 20:00:00+00:00 | entry=67101.68 | sl=67337.42 | tp=66630.20 | pct_to_tp=0.70% | pct_to_sl=0.35%
[CLOSE] SHORT | entry=67101.68 | exit=67337.42 | reason=SL | net=-129.55 USD | equity=12825.36 USD
[OPEN]  SHORT | ts=2026-03-08 21:00:00+00:00 | entry=66779.83 | sl=67266.00 | tp=65807.49 | pct_to_tp=1.46% | pct_to_sl=0.73%
[CLOSE] SHORT | entry=66779.83 | exit=65807.49 | reason=TP | net=+256.51 USD | equity=13081.87 USD
[OPEN]  SHORT | ts=2026-03-09 04:45:00+00:00 | entry=67130.14 | sl=67528.84 | tp=66332.74 | pct_to_tp=1.19% | pct_to_sl=0.59%
[CLOSE] SHORT | entry=67130.14 | exit=67528.84 | reason=SL | net=-130.82 USD | equity=12951.05 USD
[OPEN]  LONG | ts=2026-03-09 12:00:00+00:00 | entry=67910.24 | sl=67759.57 | tp=68211.58 | pct_to_tp=0.44% | pct_to_sl=0.22%
[CLOSE] LONG | entry=67910.24 | exit=68211.58 | reason=TP | net=+259.02 USD | equity=13210.07 USD
[OPEN]  LONG | ts=2026-03-10 00:15:00+00:00 | entry=68980.01 | sl=68396.16 | tp=70147.71 | pct_to_tp=1.69% | pct_to_sl=0.85%
[CLOSE] LONG | entry=68980.01 | exit=70147.71 | reason=TP | net=+264.20 USD | equity=13474.27 USD
[OPEN]  LONG | ts=2026-03-10 14:30:00+00:00 | entry=70457.31 | sl=69791.20 | tp=71789.53 | pct_to_tp=1.89% | pct_to_sl=0.95%
[CLOSE] LONG | entry=70457.31 | exit=69791.20 | reason=SL | net=-134.74 USD | equity=13339.53 USD
[OPEN]  SHORT | ts=2026-03-11 00:30:00+00:00 | entry=69838.71 | sl=70055.16 | tp=69405.81 | pct_to_tp=0.62% | pct_to_sl=0.31%
[CLOSE] SHORT | entry=69838.71 | exit=70055.16 | reason=SL | net=-133.40 USD | equity=13206.13 USD
[OPEN]  SHORT | ts=2026-03-11 01:30:00+00:00 | entry=69955.98 | sl=70099.00 | tp=69669.94 | pct_to_tp=0.41% | pct_to_sl=0.20%
[CLOSE] SHORT | entry=69955.98 | exit=70099.00 | reason=SL | net=-132.06 USD | equity=13074.07 USD
[OPEN]  SHORT | ts=2026-03-11 02:00:00+00:00 | entry=69991.30 | sl=70119.59 | tp=69734.72 | pct_to_tp=0.37% | pct_to_sl=0.18%
[CLOSE] SHORT | entry=69991.30 | exit=69734.72 | reason=TP | net=+261.48 USD | equity=13335.55 USD
[OPEN]  SHORT | ts=2026-03-11 05:00:00+00:00 | entry=70007.62 | sl=70200.96 | tp=69620.94 | pct_to_tp=0.55% | pct_to_sl=0.28%
[CLOSE] SHORT | entry=70007.62 | exit=69620.94 | reason=TP | net=+266.71 USD | equity=13602.26 USD
[OPEN]  LONG | ts=2026-03-11 16:00:00+00:00 | entry=70455.06 | sl=70161.78 | tp=71041.62 | pct_to_tp=0.83% | pct_to_sl=0.42%
[CLOSE] LONG | entry=70455.06 | exit=71041.62 | reason=TP | net=+272.05 USD | equity=13874.31 USD
[OPEN]  LONG | ts=2026-03-11 23:00:00+00:00 | entry=70458.88 | sl=70373.00 | tp=70630.64 | pct_to_tp=0.24% | pct_to_sl=0.12%
[CLOSE] LONG | entry=70458.88 | exit=70373.00 | reason=SL | net=-138.74 USD | equity=13735.57 USD
[OPEN]  LONG | ts=2026-03-12 14:00:00+00:00 | entry=70381.33 | sl=69964.56 | tp=71214.87 | pct_to_tp=1.18% | pct_to_sl=0.59%
[CLOSE] LONG | entry=70381.33 | exit=69964.56 | reason=SL | net=-137.36 USD | equity=13598.21 USD
[OPEN]  LONG | ts=2026-03-12 16:30:00+00:00 | entry=70381.51 | sl=70040.00 | tp=71064.53 | pct_to_tp=0.97% | pct_to_sl=0.49%
[CLOSE] LONG | entry=70381.51 | exit=70040.00 | reason=SL | net=-135.98 USD | equity=13462.23 USD
[OPEN]  LONG | ts=2026-03-12 21:00:00+00:00 | entry=70386.91 | sl=70164.50 | tp=70831.73 | pct_to_tp=0.63% | pct_to_sl=0.32%
[CLOSE] LONG | entry=70386.91 | exit=70164.50 | reason=SL | net=-134.62 USD | equity=13327.61 USD
[OPEN]  LONG | ts=2026-03-12 23:00:00+00:00 | entry=70470.01 | sl=70159.35 | tp=71091.33 | pct_to_tp=0.88% | pct_to_sl=0.44%
[CLOSE] LONG | entry=70470.01 | exit=71091.33 | reason=TP | net=+266.55 USD | equity=13594.16 USD
[OPEN]  LONG | ts=2026-03-13 16:30:00+00:00 | entry=71830.49 | sl=71379.70 | tp=72732.07 | pct_to_tp=1.26% | pct_to_sl=0.63%
[CLOSE] LONG | entry=71830.49 | exit=71379.70 | reason=SL | net=-135.94 USD | equity=13458.22 USD
[OPEN]  LONG | ts=2026-03-15 14:45:00+00:00 | entry=71622.03 | sl=71431.83 | tp=72002.43 | pct_to_tp=0.53% | pct_to_sl=0.27%
[CLOSE] LONG | entry=71622.03 | exit=71431.83 | reason=SL | net=-134.58 USD | equity=13323.63 USD
[OPEN]  LONG | ts=2026-03-15 17:45:00+00:00 | entry=71819.95 | sl=71521.37 | tp=72417.11 | pct_to_tp=0.83% | pct_to_sl=0.42%
[CLOSE] LONG | entry=71819.95 | exit=71521.37 | reason=SL | net=-133.24 USD | equity=13190.40 USD
[OPEN]  LONG | ts=2026-03-15 20:30:00+00:00 | entry=71846.68 | sl=71485.61 | tp=72568.82 | pct_to_tp=1.01% | pct_to_sl=0.50%
[CLOSE] LONG | entry=71846.68 | exit=72568.82 | reason=TP | net=+263.81 USD | equity=13454.21 USD
[OPEN]  LONG | ts=2026-03-15 23:30:00+00:00 | entry=72701.07 | sl=72420.44 | tp=73262.33 | pct_to_tp=0.77% | pct_to_sl=0.39%
[CLOSE] LONG | entry=72701.07 | exit=72420.44 | reason=SL | net=-134.54 USD | equity=13319.66 USD
[OPEN]  LONG | ts=2026-03-16 16:30:00+00:00 | entry=73657.29 | sl=73322.98 | tp=74325.91 | pct_to_tp=0.91% | pct_to_sl=0.45%
[CLOSE] LONG | entry=73657.29 | exit=74325.91 | reason=TP | net=+266.39 USD | equity=13586.06 USD
[OPEN]  LONG | ts=2026-03-17 04:00:00+00:00 | entry=74674.06 | sl=74432.26 | tp=75157.66 | pct_to_tp=0.65% | pct_to_sl=0.32%
[CLOSE] LONG | entry=74674.06 | exit=74432.26 | reason=SL | net=-135.86 USD | equity=13450.20 USD
[OPEN]  LONG | ts=2026-03-17 04:45:00+00:00 | entry=74252.01 | sl=74014.56 | tp=74726.91 | pct_to_tp=0.64% | pct_to_sl=0.32%
[CLOSE] LONG | entry=74252.01 | exit=74014.56 | reason=SL | net=-134.50 USD | equity=13315.70 USD
[OPEN]  LONG | ts=2026-03-17 07:00:00+00:00 | entry=74324.03 | sl=74066.40 | tp=74839.29 | pct_to_tp=0.69% | pct_to_sl=0.35%
[CLOSE] LONG | entry=74324.03 | exit=74066.40 | reason=SL | net=-133.16 USD | equity=13182.54 USD
[OPEN]  SHORT | ts=2026-03-17 09:30:00+00:00 | entry=74194.85 | sl=74330.81 | tp=73922.93 | pct_to_tp=0.37% | pct_to_sl=0.18%
[CLOSE] SHORT | entry=74194.85 | exit=73922.93 | reason=TP | net=+263.65 USD | equity=13446.19 USD
[OPEN]  LONG | ts=2026-03-17 18:30:00+00:00 | entry=74612.85 | sl=74417.97 | tp=75002.61 | pct_to_tp=0.52% | pct_to_sl=0.26%
[CLOSE] LONG | entry=74612.85 | exit=74417.97 | reason=SL | net=-134.46 USD | equity=13311.73 USD
[OPEN]  LONG | ts=2026-03-17 21:00:00+00:00 | entry=74705.09 | sl=74450.01 | tp=75215.25 | pct_to_tp=0.68% | pct_to_sl=0.34%
[CLOSE] LONG | entry=74705.09 | exit=74450.01 | reason=SL | net=-133.12 USD | equity=13178.61 USD
[OPEN]  LONG | ts=2026-03-18 01:30:00+00:00 | entry=74141.73 | sl=74019.65 | tp=74385.89 | pct_to_tp=0.33% | pct_to_sl=0.16%
[CLOSE] LONG | entry=74141.73 | exit=74019.65 | reason=SL | net=-131.79 USD | equity=13046.82 USD
[OPEN]  SHORT | ts=2026-03-18 04:15:00+00:00 | entry=74253.78 | sl=74432.98 | tp=73895.38 | pct_to_tp=0.48% | pct_to_sl=0.24%
[CLOSE] SHORT | entry=74253.78 | exit=73895.38 | reason=TP | net=+260.94 USD | equity=13307.76 USD
[OPEN]  SHORT | ts=2026-03-19 21:15:00+00:00 | entry=70550.47 | sl=70688.51 | tp=70274.39 | pct_to_tp=0.39% | pct_to_sl=0.20%
[CLOSE] SHORT | entry=70550.47 | exit=70274.39 | reason=TP | net=+266.16 USD | equity=13573.92 USD
[OPEN]  SHORT | ts=2026-03-19 23:30:00+00:00 | entry=69845.66 | sl=70183.68 | tp=69169.62 | pct_to_tp=0.97% | pct_to_sl=0.48%
[CLOSE] SHORT | entry=69845.66 | exit=70183.68 | reason=SL | net=-135.74 USD | equity=13438.18 USD
[OPEN]  SHORT | ts=2026-03-20 01:45:00+00:00 | entry=70403.79 | sl=70584.60 | tp=70042.17 | pct_to_tp=0.51% | pct_to_sl=0.26%
[CLOSE] SHORT | entry=70403.79 | exit=70584.60 | reason=SL | net=-134.38 USD | equity=13303.79 USD
[OPEN]  LONG | ts=2026-03-20 07:15:00+00:00 | entry=70451.32 | sl=70261.91 | tp=70830.14 | pct_to_tp=0.54% | pct_to_sl=0.27%
[CLOSE] LONG | entry=70451.32 | exit=70830.14 | reason=TP | net=+266.08 USD | equity=13569.87 USD
[OPEN]  LONG | ts=2026-03-20 10:45:00+00:00 | entry=70611.68 | sl=70521.32 | tp=70792.40 | pct_to_tp=0.26% | pct_to_sl=0.13%
[CLOSE] LONG | entry=70611.68 | exit=70792.40 | reason=TP | net=+271.40 USD | equity=13841.27 USD
[OPEN]  SHORT | ts=2026-03-20 20:15:00+00:00 | entry=69977.25 | sl=70206.40 | tp=69518.95 | pct_to_tp=0.65% | pct_to_sl=0.33%
[CLOSE] SHORT | entry=69977.25 | exit=70206.40 | reason=SL | net=-138.41 USD | equity=13702.86 USD
[OPEN]  SHORT | ts=2026-03-21 23:00:00+00:00 | entry=70153.13 | sl=70293.82 | tp=69871.75 | pct_to_tp=0.40% | pct_to_sl=0.20%
[CLOSE] SHORT | entry=70153.13 | exit=69871.75 | reason=TP | net=+274.06 USD | equity=13976.91 USD
[OPEN]  SHORT | ts=2026-03-23 03:45:00+00:00 | entry=68074.60 | sl=68235.29 | tp=67753.22 | pct_to_tp=0.47% | pct_to_sl=0.24%
[CLOSE] SHORT | entry=68074.60 | exit=68235.29 | reason=SL | net=-139.77 USD | equity=13837.14 USD
[OPEN]  SHORT | ts=2026-03-23 08:15:00+00:00 | entry=68469.71 | sl=68696.91 | tp=68015.31 | pct_to_tp=0.66% | pct_to_sl=0.33%
[CLOSE] SHORT | entry=68469.71 | exit=68015.31 | reason=TP | net=+276.74 USD | equity=14113.89 USD
[OPEN]  SHORT | ts=2026-03-23 10:15:00+00:00 | entry=68462.79 | sl=68627.66 | tp=68133.05 | pct_to_tp=0.48% | pct_to_sl=0.24%
[CLOSE] SHORT | entry=68462.79 | exit=68627.66 | reason=SL | net=-141.14 USD | equity=13972.75 USD
[OPEN]  SHORT | ts=2026-03-23 11:45:00+00:00 | entry=70122.15 | sl=70700.80 | tp=68964.85 | pct_to_tp=1.65% | pct_to_sl=0.83%
[CLOSE] SHORT | entry=70122.15 | exit=70700.80 | reason=SL | net=-139.73 USD | equity=13833.02 USD
[OPEN]  LONG | ts=2026-03-24 05:30:00+00:00 | entry=70326.12 | sl=70152.00 | tp=70674.36 | pct_to_tp=0.50% | pct_to_sl=0.25%
[CLOSE] LONG | entry=70326.12 | exit=70674.36 | reason=TP | net=+276.66 USD | equity=14109.68 USD
[OPEN]  LONG | ts=2026-03-24 07:45:00+00:00 | entry=71291.70 | sl=70828.74 | tp=72217.62 | pct_to_tp=1.30% | pct_to_sl=0.65%
[CLOSE] LONG | entry=71291.70 | exit=70828.74 | reason=SL | net=-141.10 USD | equity=13968.58 USD

============================================================
SUMMARY — BTC_IN_SAMPLE
============================================================
Total trades       : 442
  Long             : 229
  Short            : 213
Win rate           : 36.2%
Total return       : 39.69%
Final equity       : 13968.58 USD
Max drawdown       : 17.8%
Profit factor      : 1.115
Expectancy         : 8.98 USD/trade
Max consec. losses : 12
Long PnL           : 3655.7 USD
Short PnL          : 312.89 USD

Monthly breakdown:
  2025-09  trades=  9  win%= 11.1  net=  -588.00 USD
  2025-10  trades= 87  win%= 39.1  net= +1421.11 USD
  2025-11  trades= 77  win%= 40.3  net= +1772.89 USD
  2025-12  trades= 58  win%= 27.6  net= -1259.60 USD
  2026-01  trades= 69  win%= 40.6  net= +1736.56 USD
  2026-02  trades= 78  win%= 35.9  net=  +697.72 USD
  2026-03  trades= 64  win%= 34.4  net=  +187.91 USD
============================================================

Filter rejections:
  No trend signal  : 0
  Trend strength   : 5070
  Pullback quality : 6277
  Candle quality   : 712
  Range floor      : 27
