open_time,open,high,low,close,volume,close_time,quote_volume,trade_count,taker_buy_base_volume,taker_buy_quote_volume
2026-02-19T20:00:00+00:00,67050.0,67127.32,66938.56,66974.09,113.19176,2026-02-19T20:14:59.999000+00:00,7586973.8377744,44107,46.82877,3138936.6366591
2026-02-19T20:15:00+00:00,66974.09,66996.04,66823.03,66940.0,83.08504,2026-02-19T20:29:59.999000+00:00,5559838.6809355,39728,37.66024,2519892.1174864
2026-02-19T20:30:00+00:00,66939.99,67034.78,66899.99,66942.04,95.91162,2026-02-19T20:44:59.999000+00:00,6422574.5502392,41774,39.21595,2626077.5452409
2026-02-19T20:45:00+00:00,66942.04,67166.98,66942.04,67149.11,152.69494,2026-02-19T20:59:59.999000+00:00,10248630.0651058,50882,95.00731,6376490.3231959
2026-02-19T21:00:00+00:00,67149.11,67168.86,67027.85,67027.9,78.25782,2026-02-19T21:14:59.999000+00:00,5251536.4034995,32551,41.03479,2753658.1264886
2026-02-19T21:15:00+00:00,67027.91,67073.35,66993.89,67040.99,64.8212,2026-02-19T21:29:59.999000+00:00,4344194.8570113,25775,34.35703,2302455.9380451
2026-02-19T21:30:00+00:00,67040.99,67075.72,66956.43,66958.0,63.32203,2026-02-19T21:44:59.999000+00:00,4243183.1498542,24747,31.96311,2141907.354979
2026-02-19T21:45:00+00:00,66957.99,66989.93,66900.92,66916.51,59.00342,2026-02-19T21:59:59.999000+00:00,3950047.1047166,16980,29.53872,1977567.0020729
2026-02-19T22:00:00+00:00,66916.51,66933.0,66688.3,66891.98,430.60215,2026-02-19T22:14:59.999000+00:00,28777299.099082,43338,127.09137,8495101.2639622
2026-02-19T22:15:00+00:00,66891.98,66891.98,66772.0,66772.0,146.70868,2026-02-19T22:29:59.999000+00:00,9802410.7533125,26868,44.94528,3002681.1918439
2026-02-19T22:30:00+00:00,66772.0,66856.89,66652.34,66852.65,150.65139,2026-02-19T22:44:59.999000+00:00,10051465.8986257,31195,83.70883,5584396.6060675
2026-02-19T22:45:00+00:00,66852.65,67000.0,66761.55,66915.14,126.0599,2026-02-19T22:59:59.999000+00:00,8431505.2347592,33944,74.93558,5011905.4034458
2026-02-19T23:00:00+00:00,66915.15,66980.99,66814.76,66850.77,110.83435,2026-02-19T23:14:59.999000+00:00,7413301.1721407,44998,56.22196,3760441.4135826
2026-02-19T23:15:00+00:00,66850.78,67023.61,66850.77,67006.28,71.38077,2026-02-19T23:29:59.999000+00:00,4779768.147477,22029,47.91594,3208420.3899908
2026-02-19T23:30:00+00:00,67006.27,67006.27,66913.49,66965.49,48.83982,2026-02-19T23:44:59.999000+00:00,3270235.7028339,21196,22.58823,1512429.7328165
2026-02-19T23:45:00+00:00,66965.48,67022.9,66907.11,67003.73,73.58475,2026-02-19T23:59:59.999000+00:00,4927037.1092654,22095,27.90432,1868614.8726693
2026-02-20T00:00:00+00:00,67003.73,67193.99,66949.41,67191.72,82.52418,2026-02-20T00:14:59.999000+00:00,5532391.5855365,37070,47.51115,3185659.0130136
2026-02-20T00:15:00+00:00,67191.72,67486.62,67150.0,67388.99,363.21136,2026-02-20T00:29:59.999000+00:00,24445491.8581749,77987,234.48689,15782286.5159437
2026-02-20T00:30:00+00:00,67388.99,67388.99,67254.38,67284.01,88.47463,2026-02-20T00:44:59.999000+00:00,5956037.6373546,37882,41.17865,2771992.5410827
2026-02-20T00:45:00+00:00,67284.0,67296.19,67208.5,67228.91,60.79245,2026-02-20T00:59:59.999000+00:00,4088568.4582442,25882,25.05648,1685041.4004877
2026-02-20T01:00:00+00:00,67228.91,67355.79,67221.19,67336.0,74.92642,2026-02-20T01:14:59.999000+00:00,5042173.4985853,31253,37.35103,2513431.4494151
2026-02-20T01:15:00+00:00,67336.0,67336.0,67150.0,67209.61,63.88034,2026-02-20T01:29:59.999000+00:00,4293632.7555198,29430,25.61848,1721930.8415175
2026-02-20T01:30:00+00:00,67209.6,67348.83,67191.17,67330.48,57.49023,2026-02-20T01:44:59.999000+00:00,3869022.4175375,22364,32.4167,2181509.5626728
2026-02-20T01:45:00+00:00,67330.47,67330.47,67167.79,67279.9,117.01899,2026-02-20T01:59:59.999000+00:00,7869604.5647611,29804,59.97608,4033427.4339765
2026-02-20T02:00:00+00:00,67279.91,67347.76,67244.0,67281.34,64.67566,2026-02-20T02:14:59.999000+00:00,4353383.0230798,20267,26.67058,1795204.7092246
2026-02-20T02:15:00+00:00,67281.35,67298.68,67181.28,67201.9,53.54773,2026-02-20T02:29:59.999000+00:00,3600024.6462528,19578,21.50889,1446072.9746078
2026-02-20T02:30:00+00:00,67201.89,67315.01,67201.89,67304.23,62.77295,2026-02-20T02:44:59.999000+00:00,4222494.9394154,17160,32.75371,2203286.879738
2026-02-20T02:45:00+00:00,67304.24,67332.56,67242.02,67242.03,51.10125,2026-02-20T02:59:59.999000+00:00,3438936.4830882,17831,18.67295,1256587.5343076
2026-02-20T03:00:00+00:00,67242.03,67316.75,67242.02,67280.39,39.57047,2026-02-20T03:14:59.999000+00:00,2662378.3178155,14723,21.22638,1428105.3003429
2026-02-20T03:15:00+00:00,67280.39,67481.3,67241.24,67414.25,112.07953,2026-02-20T03:29:59.999000+00:00,7550165.446697,25546,62.61574,4219448.5609191
2026-02-20T03:30:00+00:00,67414.26,67488.67,67306.91,67324.97,106.63673,2026-02-20T03:44:59.999000+00:00,7187818.8910545,29790,43.63497,2941241.3227086
2026-02-20T03:45:00+00:00,67324.97,67394.0,67306.91,67366.25,74.21819,2026-02-20T03:59:59.999000+00:00,4998469.4402831,23155,35.3671,2381802.2696438
2026-02-20T04:00:00+00:00,67366.25,67402.23,67248.75,67326.24,96.0063,2026-02-20T04:14:59.999000+00:00,6463554.2278183,29876,41.67389,2805544.0641236
2026-02-20T04:15:00+00:00,67326.24,67353.39,67115.38,67229.55,117.09748,2026-02-20T04:29:59.999000+00:00,7871781.1365619,34905,49.00035,3293935.5147688
2026-02-20T04:30:00+00:00,67229.54,67329.48,67172.91,67302.0,71.96428,2026-02-20T04:44:59.999000+00:00,4840742.8133687,21637,29.13038,1959526.197317
2026-02-20T04:45:00+00:00,67301.99,67301.99,67219.8,67264.83,77.32368,2026-02-20T04:59:59.999000+00:00,5201074.3717303,16877,32.70011,2199429.6220558
2026-02-20T05:00:00+00:00,67264.83,67275.33,67203.19,67257.54,60.27907,2026-02-20T05:14:59.999000+00:00,4053819.8474441,12419,17.65602,1187342.1278163
2026-02-20T05:15:00+00:00,67257.55,67450.0,67249.13,67407.34,128.19665,2026-02-20T05:29:59.999000+00:00,8634861.2670243,21600,64.52283,4345434.0060906
2026-02-20T05:30:00+00:00,67407.34,67949.0,67407.34,67910.17,499.28355,2026-02-20T05:44:59.999000+00:00,33803232.1386191,79911,307.58765,20807431.9592092
2026-02-20T05:45:00+00:00,67910.17,68006.0,67724.09,67790.1,419.62671,2026-02-20T05:59:59.999000+00:00,28509063.096013,53482,279.54535,18999683.1468401
2026-02-20T06:00:00+00:00,67790.11,67894.2,67699.38,67857.31,174.31055,2026-02-20T06:14:59.999000+00:00,11816257.2740141,33625,61.80813,4191144.0372702
2026-02-20T06:15:00+00:00,67857.31,67888.0,67668.16,67721.02,122.07414,2026-02-20T06:29:59.999000+00:00,8275283.6775124,27086,48.38269,3280265.4261715
2026-02-20T06:30:00+00:00,67721.03,67844.0,67660.12,67753.28,107.74731,2026-02-20T06:44:59.999000+00:00,7302828.3552299,31246,41.02839,2780996.5986132
2026-02-20T06:45:00+00:00,67753.28,67893.0,67719.85,67847.47,78.53353,2026-02-20T06:59:59.999000+00:00,5327818.7077654,24951,46.42536,3149639.3771874
2026-02-20T07:00:00+00:00,67847.47,67863.3,67771.76,67822.5,98.37881,2026-02-20T07:14:59.999000+00:00,6672337.4750606,22817,59.72999,4051129.5777305
2026-02-20T07:15:00+00:00,67822.5,67990.0,67822.5,67948.63,113.84036,2026-02-20T07:29:59.999000+00:00,7732407.7507735,26416,73.18164,4971012.0788068
2026-02-20T07:30:00+00:00,67948.63,67955.81,67860.81,67879.79,130.09606,2026-02-20T07:44:59.999000+00:00,8835278.5932536,30129,59.56066,4044810.6380305
2026-02-20T07:45:00+00:00,67879.79,67941.28,67767.4,67825.91,116.71982,2026-02-20T07:59:59.999000+00:00,7920012.0971407,22331,51.15002,3470894.1000448
2026-02-20T08:00:00+00:00,67825.91,67896.53,67803.57,67869.99,68.66069,2026-02-20T08:14:59.999000+00:00,4658721.6284169,15147,27.02036,1833401.4654905
2026-02-20T08:15:00+00:00,67869.99,67950.85,67847.45,67870.0,84.74037,2026-02-20T08:29:59.999000+00:00,5752737.4851473,17184,49.20357,3340044.674937
2026-02-20T08:30:00+00:00,67870.01,67896.75,67747.33,67792.86,89.59378,2026-02-20T08:44:59.999000+00:00,6074346.9866243,23045,41.80355,2834104.0110676
2026-02-20T08:45:00+00:00,67792.87,67900.0,67779.27,67879.99,47.00551,2026-02-20T08:59:59.999000+00:00,3188577.2963331,23036,21.61207,1466008.524069
2026-02-20T09:00:00+00:00,67879.99,68230.01,67879.99,68132.01,661.08273,2026-02-20T09:14:59.999000+00:00,45039114.5376008,76620,432.08569,29429324.4558889
2026-02-20T09:15:00+00:00,68132.01,68208.08,68106.0,68200.6,148.85927,2026-02-20T09:29:59.999000+00:00,10145147.4101702,32112,72.26551,4925004.0598763
2026-02-20T09:30:00+00:00,68200.6,68224.8,68118.64,68135.42,89.86522,2026-02-20T09:44:59.999000+00:00,6126216.5315795,30430,41.11562,2803063.8166404
2026-02-20T09:45:00+00:00,68135.42,68226.1,68130.03,68218.85,96.98068,2026-02-20T09:59:59.999000+00:00,6612742.4354067,19218,56.25303,3835906.8113288
2026-02-20T10:00:00+00:00,68218.85,68318.39,68103.04,68182.18,174.74888,2026-02-20T10:14:59.999000+00:00,11920445.54481,41278,80.10886,5465272.48705
2026-02-20T10:15:00+00:00,68182.19,68294.91,68130.0,68263.0,90.82352,2026-02-20T10:29:59.999000+00:00,6195970.4127874,31826,47.82082,3262350.5652425
2026-02-20T10:30:00+00:00,68263.01,68291.65,68144.05,68162.35,90.42025,2026-02-20T10:44:59.999000+00:00,6168629.9168986,21640,30.60309,2087796.8870762
2026-02-20T10:45:00+00:00,68162.35,68187.01,67843.42,67948.99,282.74993,2026-02-20T10:59:59.999000+00:00,19224945.8001828,44756,84.66025,5756923.7664994
2026-02-20T11:00:00+00:00,67948.99,67983.91,67787.46,67869.99,233.3039,2026-02-20T11:14:59.999000+00:00,15841934.0040945,36834,90.41438,6140907.3527049
2026-02-20T11:15:00+00:00,67869.99,67888.4,67779.99,67874.58,273.49106,2026-02-20T11:29:59.999000+00:00,18547175.4633552,25774,140.57155,9531202.7373851
2026-02-20T11:30:00+00:00,67874.59,67895.2,67388.39,67443.55,646.84456,2026-02-20T11:44:59.999000+00:00,43745815.1564761,48983,104.8974,7095087.4524716
2026-02-20T11:45:00+00:00,67443.56,67609.0,67280.6,67318.41,335.46437,2026-02-20T11:59:59.999000+00:00,22636269.8004414,53464,149.97612,10121070.333431
2026-02-20T12:00:00+00:00,67318.41,67500.0,67276.41,67477.54,153.43717,2026-02-20T12:14:59.999000+00:00,10343009.6160242,41332,79.0657,5330283.8805552
2026-02-20T12:15:00+00:00,67477.54,67531.53,67280.0,67323.72,177.53419,2026-02-20T12:29:59.999000+00:00,11963598.9303025,33796,52.93256,3567387.8819517
2026-02-20T12:30:00+00:00,67323.72,67500.0,67304.45,67475.31,99.26266,2026-02-20T12:44:59.999000+00:00,6691809.5238142,25715,51.83617,3494572.6386586
2026-02-20T12:45:00+00:00,67475.31,67594.0,67464.0,67541.77,172.92382,2026-02-20T12:59:59.999000+00:00,11675112.3471578,25631,93.60419,6320401.0204201
2026-02-20T13:00:00+00:00,67541.78,67541.78,67084.71,67143.24,391.38023,2026-02-20T13:14:59.999000+00:00,26329623.3236764,66103,128.61027,8646811.2702065
2026-02-20T13:15:00+00:00,67143.24,67253.61,66983.0,67202.01,200.23899,2026-02-20T13:29:59.999000+00:00,13435496.6147191,40611,97.27541,6528491.5518565
2026-02-20T13:30:00+00:00,67202.01,67220.88,66280.2,66624.09,2631.3121,2026-02-20T13:44:59.999000+00:00,175213286.3936306,177226,788.73689,52544599.458559
2026-02-20T13:45:00+00:00,66624.09,66957.48,66500.0,66801.62,3855.66359,2026-02-20T13:59:59.999000+00:00,257275281.6148152,170469,1104.5835,73759193.0874177
2026-02-20T14:00:00+00:00,66801.62,67000.0,66772.17,66926.73,330.20677,2026-02-20T14:14:59.999000+00:00,22093868.2180026,48911,187.21665,12527961.1924107
2026-02-20T14:15:00+00:00,66926.74,67079.98,66532.87,66976.34,2647.72909,2026-02-20T14:29:59.999000+00:00,176720169.1039509,107440,752.49366,50239586.8263546
2026-02-20T14:30:00+00:00,66976.34,67317.5,66755.82,67065.3,2046.52044,2026-02-20T14:44:59.999000+00:00,136993271.3951452,164301,810.24789,54290715.8445071
2026-02-20T14:45:00+00:00,67065.3,67147.94,66866.66,67069.65,239.03178,2026-02-20T14:59:59.999000+00:00,16020124.640403,89404,105.54434,7072714.7259968
2026-02-20T15:00:00+00:00,67069.65,68083.98,66866.88,66889.91,1602.78899,2026-02-20T15:14:59.999000+00:00,108235386.7460507,263897,899.5866,60755955.8222774
2026-02-20T15:15:00+00:00,66889.9,67598.94,66536.64,67453.71,635.70389,2026-02-20T15:29:59.999000+00:00,42689733.482057,184548,345.07692,23177364.5206897
2026-02-20T15:30:00+00:00,67453.71,67475.37,66936.03,67229.99,449.31679,2026-02-20T15:44:59.999000+00:00,30164490.5336702,153014,252.93769,16977328.4443539
2026-02-20T15:45:00+00:00,67229.98,67676.92,67151.45,67582.95,455.40089,2026-02-20T15:59:59.999000+00:00,30724960.3677679,113394,274.93216,18550547.881432
2026-02-20T16:00:00+00:00,67582.95,67796.4,67502.38,67725.13,458.30545,2026-02-20T16:14:59.999000+00:00,31028609.0265356,111267,243.20537,16464416.3197674
2026-02-20T16:15:00+00:00,67725.13,67921.7,67307.29,67316.87,409.97942,2026-02-20T16:29:59.999000+00:00,27732206.5018635,114909,196.13829,13273667.3898162
2026-02-20T16:30:00+00:00,67316.86,67528.12,67283.24,67495.45,182.46288,2026-02-20T16:44:59.999000+00:00,12300244.8316623,84265,95.07286,6408045.2779018
2026-02-20T16:45:00+00:00,67495.45,67914.7,67491.47,67795.47,262.15528,2026-02-20T16:59:59.999000+00:00,17755660.7988854,65415,172.91044,11713436.2485519
2026-02-20T17:00:00+00:00,67795.48,67795.48,67057.17,67067.03,489.74623,2026-02-20T17:14:59.999000+00:00,33017883.149161,91167,160.40415,10823350.7601139
2026-02-20T17:15:00+00:00,67067.04,67255.23,67005.53,67031.71,483.71173,2026-02-20T17:29:59.999000+00:00,32457250.8079633,103390,239.28423,16057364.9879692
2026-02-20T17:30:00+00:00,67031.71,67312.33,66952.11,67238.0,321.79068,2026-02-20T17:44:59.999000+00:00,21600212.2517923,91203,147.75466,9918792.4838426
2026-02-20T17:45:00+00:00,67238.0,67680.79,66971.21,67613.37,4789.90686,2026-02-20T17:59:59.999000+00:00,321798151.7337375,198894,1398.49157,94043766.7173512
2026-02-20T18:00:00+00:00,67613.38,67784.46,67484.13,67574.97,326.38466,2026-02-20T18:14:59.999000+00:00,22075578.2978078,71478,199.85424,13518079.4516091
2026-02-20T18:15:00+00:00,67574.97,67687.2,67466.11,67664.75,214.1321,2026-02-20T18:29:59.999000+00:00,14466421.4983914,75270,108.78554,7349474.0727705
2026-02-20T18:30:00+00:00,67664.56,68000.0,67527.01,67791.66,474.90839,2026-02-20T18:44:59.999000+00:00,32189659.1639503,118455,307.01599,20814368.4336834
2026-02-20T18:45:00+00:00,67791.67,67977.28,67683.73,67924.21,306.20745,2026-02-20T18:59:59.999000+00:00,20771760.2839175,78603,171.10293,11607371.1803443
2026-02-20T19:00:00+00:00,67924.22,68000.0,67672.32,67709.07,251.02037,2026-02-20T19:14:59.999000+00:00,17026336.9837066,66480,124.43176,8439472.3980129
2026-02-20T19:15:00+00:00,67709.08,67796.4,67557.52,67625.23,200.74641,2026-02-20T19:29:59.999000+00:00,13585654.8712806,47161,78.41133,5307220.9095726
2026-02-20T19:30:00+00:00,67625.23,67836.6,67548.85,67610.6,148.77071,2026-02-20T19:44:59.999000+00:00,10071054.3473989,40745,90.42103,6121129.7252594
2026-02-20T19:45:00+00:00,67610.6,67729.58,67570.58,67646.03,253.91818,2026-02-20T19:59:59.999000+00:00,17179424.6149582,37075,189.09181,12794776.7481785
2026-02-20T20:00:00+00:00,67646.03,67885.55,67636.3,67816.34,260.99094,2026-02-20T20:14:59.999000+00:00,17693790.78051,45299,214.2198,14524400.558166
2026-02-20T20:15:00+00:00,67816.33,67816.33,67565.52,67580.1,137.83055,2026-02-20T20:29:59.999000+00:00,9328691.7860786,38599,75.91663,5137483.7763391
2026-02-20T20:30:00+00:00,67580.09,67734.01,67520.3,67734.0,107.43878,2026-02-20T20:44:59.999000+00:00,7266249.1149849,31655,71.37193,4826911.450899
2026-02-20T20:45:00+00:00,67734.0,67762.49,67631.14,67750.4,179.67807,2026-02-20T20:59:59.999000+00:00,12166908.0075521,29982,106.69317,7224455.947019
2026-02-20T21:00:00+00:00,67750.4,67806.25,67639.29,67720.54,178.58861,2026-02-20T21:14:59.999000+00:00,12096233.2037244,32494,116.18128,7869169.2486455
2026-02-20T21:15:00+00:00,67720.55,67748.84,67659.5,67746.05,95.87028,2026-02-20T21:29:59.999000+00:00,6491507.6859272,15924,66.19098,4482173.4464452
2026-02-20T21:30:00+00:00,67746.05,67840.0,67704.3,67764.0,88.81896,2026-02-20T21:44:59.999000+00:00,6020254.2312429,20233,54.03449,3662500.0705912
2026-02-20T21:45:00+00:00,67764.01,67832.28,67725.0,67825.87,88.64742,2026-02-20T21:59:59.999000+00:00,6009768.4731042,17337,55.99944,3796363.138796
2026-02-20T22:00:00+00:00,67825.87,67830.0,67639.31,67659.4,141.67928,2026-02-20T22:14:59.999000+00:00,9596929.3587377,22687,57.46205,3892340.6843876
2026-02-20T22:15:00+00:00,67659.41,68000.0,67659.4,67936.48,208.59105,2026-02-20T22:29:59.999000+00:00,14157137.6637611,35549,145.71782,9888585.1844942
2026-02-20T22:30:00+00:00,67936.49,68116.6,67890.88,67963.75,205.81216,2026-02-20T22:44:59.999000+00:00,13998392.883064,38151,139.80564,9509147.4717433
2026-02-20T22:45:00+00:00,67963.76,68104.0,67924.27,68078.13,113.55348,2026-02-20T22:59:59.999000+00:00,7724700.8430582,30459,77.75513,5289157.0923337
2026-02-20T23:00:00+00:00,68078.13,68233.99,68017.24,68026.4,222.45804,2026-02-20T23:14:59.999000+00:00,15154763.0078735,42161,139.78877,9522921.5095503
2026-02-20T23:15:00+00:00,68026.41,68059.3,67953.95,67996.48,104.94902,2026-02-20T23:29:59.999000+00:00,7137144.6886711,17017,71.17737,4840459.0702571
2026-02-20T23:30:00+00:00,67996.47,68032.01,67914.0,67975.91,129.97186,2026-02-20T23:44:59.999000+00:00,8835440.0243421,20578,77.78039,5287350.7778808
2026-02-20T23:45:00+00:00,67975.91,68040.46,67962.66,68020.01,125.36009,2026-02-20T23:59:59.999000+00:00,8526169.5979607,14841,84.76754,5765258.3824634
2026-02-21T00:00:00+00:00,68020.0,68051.16,67950.0,68017.36,132.182,2026-02-21T00:14:59.999000+00:00,8986871.2362028,20722,76.38432,5193789.7933754
2026-02-21T00:15:00+00:00,68017.36,68017.36,67891.72,67927.99,105.7893,2026-02-21T00:29:59.999000+00:00,7188914.2635855,16800,57.87171,3932626.9080301
2026-02-21T00:30:00+00:00,67927.99,67947.33,67830.0,67840.67,148.9376,2026-02-21T00:44:59.999000+00:00,10109907.4751418,18691,61.88704,4201700.9285747
2026-02-21T00:45:00+00:00,67840.68,67871.36,67787.19,67841.0,150.63604,2026-02-21T00:59:59.999000+00:00,10217430.1393052,19765,73.15577,4962268.5704723
2026-02-21T01:00:00+00:00,67841.0,67928.82,67841.0,67928.82,85.53928,2026-02-21T01:14:59.999000+00:00,5806611.3096064,16732,62.06687,4213198.9413325
2026-02-21T01:15:00+00:00,67928.81,67928.81,67856.59,67856.59,81.34852,2026-02-21T01:29:59.999000+00:00,5521946.9074471,10837,57.18627,3881751.9642465
2026-02-21T01:30:00+00:00,67856.6,68003.74,67856.6,67976.28,48.42422,2026-02-21T01:44:59.999000+00:00,3289691.0889908,13198,29.43896,1999962.8106208
2026-02-21T01:45:00+00:00,67976.27,68005.99,67944.56,67951.24,35.31495,2026-02-21T01:59:59.999000+00:00,2400646.7920582,9041,20.55977,1397610.8055192
2026-02-21T02:00:00+00:00,67951.25,68016.56,67913.3,67989.01,78.54613,2026-02-21T02:14:59.999000+00:00,5338941.9696208,11256,62.90744,4276113.4106558
2026-02-21T02:15:00+00:00,67989.01,68055.22,67974.77,68055.21,40.04279,2026-02-21T02:29:59.999000+00:00,2723931.3028155,11029,25.86907,1759818.5910584
2026-02-21T02:30:00+00:00,68055.22,68099.54,68013.4,68077.87,63.67845,2026-02-21T02:44:59.999000+00:00,4333411.9615893,12755,29.55115,2011071.2142407
2026-02-21T02:45:00+00:00,68077.86,68077.86,67990.7,68001.05,42.2976,2026-02-21T02:59:59.999000+00:00,2876882.3871922,11902,17.04158,1158977.5040596
2026-02-21T03:00:00+00:00,68001.04,68001.04,67676.61,67761.42,251.70908,2026-02-21T03:14:59.999000+00:00,17064581.9425034,34466,95.08645,6445077.4147414
2026-02-21T03:15:00+00:00,67761.42,67828.33,67735.99,67800.29,104.39952,2026-02-21T03:29:59.999000+00:00,7078074.8422205,14365,61.61148,4177262.8790545
2026-02-21T03:30:00+00:00,67800.3,67830.1,67534.69,67616.93,159.81944,2026-02-21T03:44:59.999000+00:00,10812854.8639881,23166,55.42827,3749022.7843483
2026-02-21T03:45:00+00:00,67616.93,67670.99,67587.1,67667.77,53.43049,2026-02-21T03:59:59.999000+00:00,3613399.6467831,17393,27.16484,1837006.6100451
2026-02-21T04:00:00+00:00,67667.77,67704.4,67595.8,67662.19,67.26923,2026-02-21T04:14:59.999000+00:00,4551227.6119506,14665,32.35789,2189359.5034059
2026-02-21T04:15:00+00:00,67662.2,67721.32,67593.99,67717.0,55.6324,2026-02-21T04:29:59.999000+00:00,3763700.9485257,14420,33.5453,2269449.5336283
2026-02-21T04:30:00+00:00,67717.01,67763.36,67691.82,67691.82,45.9093,2026-02-21T04:44:59.999000+00:00,3109196.06976,12622,29.94781,2028158.1617338
2026-02-21T04:45:00+00:00,67691.83,67846.88,67691.83,67816.97,59.81348,2026-02-21T04:59:59.999000+00:00,4052673.1266722,13223,41.36423,2802603.2005661
2026-02-21T05:00:00+00:00,67816.98,67876.0,67816.97,67848.19,24.8413,2026-02-21T05:14:59.999000+00:00,1685537.6281366,10356,15.15757,1028468.1060334
2026-02-21T05:15:00+00:00,67848.2,67879.05,67818.1,67860.94,67.46323,2026-02-21T05:29:59.999000+00:00,4577214.5996909,9925,40.69871,2761427.0407011
2026-02-21T05:30:00+00:00,67860.93,67888.4,67799.7,67858.55,32.78843,2026-02-21T05:44:59.999000+00:00,2224495.2529655,11214,11.61806,788219.3956173
2026-02-21T05:45:00+00:00,67858.54,67867.88,67823.25,67851.93,16.15418,2026-02-21T05:59:59.999000+00:00,1096012.9914784,7501,7.06259,479159.1378643
2026-02-21T06:00:00+00:00,67851.93,67924.39,67846.88,67917.32,106.70012,2026-02-21T06:14:59.999000+00:00,7243374.693557,13098,66.09951,4486980.3497269
2026-02-21T06:15:00+00:00,67917.32,67922.14,67873.25,67873.26,26.4059,2026-02-21T06:29:59.999000+00:00,1792964.7165579,7431,6.86867,466390.0584868
2026-02-21T06:30:00+00:00,67873.25,67873.26,67752.3,67783.71,72.56408,2026-02-21T06:44:59.999000+00:00,4919601.4367475,14747,24.58471,1666608.7443333
2026-02-21T06:45:00+00:00,67783.71,67795.36,67750.96,67793.38,22.48041,2026-02-21T06:59:59.999000+00:00,1523645.6032973,7874,9.27891,628893.8880647
2026-02-21T07:00:00+00:00,67793.39,67850.01,67749.59,67825.45,24.2096,2026-02-21T07:14:59.999000+00:00,1641567.5962047,9357,11.58596,785677.9230521
2026-02-21T07:15:00+00:00,67825.45,67860.68,67825.44,67856.01,24.56248,2026-02-21T07:29:59.999000+00:00,1666431.662341,4939,14.01748,950981.0149731
2026-02-21T07:30:00+00:00,67856.01,67884.74,67818.96,67834.07,29.34936,2026-02-21T07:44:59.999000+00:00,1991410.3143136,8997,8.43158,572120.3376267
2026-02-21T07:45:00+00:00,67834.08,67858.56,67834.07,67856.01,40.08867,2026-02-21T07:59:59.999000+00:00,2719932.4239015,6608,12.99206,881453.8191109
2026-02-21T08:00:00+00:00,67856.01,67910.5,67807.3,67910.49,64.03227,2026-02-21T08:14:59.999000+00:00,4345580.4093731,8136,26.2178,1779421.1139919
2026-02-21T08:15:00+00:00,67910.49,67996.48,67910.49,67980.85,69.50956,2026-02-21T08:29:59.999000+00:00,4724237.7410373,13421,33.6719,2288412.8371803
2026-02-21T08:30:00+00:00,67980.84,68010.0,67937.84,68000.02,55.73937,2026-02-21T08:44:59.999000+00:00,3788943.8629038,11877,22.9225,1558291.9695193
2026-02-21T08:45:00+00:00,68000.02,68079.41,67960.06,68055.03,103.88201,2026-02-21T08:59:59.999000+00:00,7065672.1246438,15945,61.7399,4199527.899858
2026-02-21T09:00:00+00:00,68055.04,68070.08,67978.9,68000.27,61.1046,2026-02-21T09:14:59.999000+00:00,4156485.5187971,11838,20.08557,1366165.8307024
2026-02-21T09:15:00+00:00,68000.27,68272.85,68000.27,68235.09,241.58237,2026-02-21T09:29:59.999000+00:00,16473755.4231763,33101,157.42623,10733686.0309851
2026-02-21T09:30:00+00:00,68235.1,68314.54,68125.72,68194.9,201.85559,2026-02-21T09:44:59.999000+00:00,13771571.7938426,25714,117.76519,8035513.6113885
2026-02-21T09:45:00+00:00,68194.9,68220.01,68141.03,68147.53,95.24998,2026-02-21T09:59:59.999000+00:00,6495066.6474023,11201,44.13357,3009621.2327874
2026-02-21T10:00:00+00:00,68147.54,68250.0,68147.53,68182.25,63.03765,2026-02-21T10:14:59.999000+00:00,4299348.2849953,14444,39.65688,2704725.6774895
2026-02-21T10:15:00+00:00,68182.25,68213.15,68139.65,68184.94,61.32947,2026-02-21T10:29:59.999000+00:00,4181219.0276405,13504,28.55699,1946908.2264163
2026-02-21T10:30:00+00:00,68184.95,68236.29,68181.82,68230.84,60.03346,2026-02-21T10:44:59.999000+00:00,4094371.6290665,12985,38.68989,2638597.1044129
2026-02-21T10:45:00+00:00,68230.84,68234.42,68164.3,68215.54,27.81708,2026-02-21T10:59:59.999000+00:00,1897136.150506,10762,12.94325,882715.5663214
2026-02-21T11:00:00+00:00,68215.55,68271.45,68195.47,68269.92,59.63245,2026-02-21T11:14:59.999000+00:00,4069379.7691568,16199,30.45115,2078028.6599385
2026-02-21T11:15:00+00:00,68269.91,68283.34,68177.22,68185.61,90.49953,2026-02-21T11:29:59.999000+00:00,6175496.9399963,20021,41.40106,2825251.213387
2026-02-21T11:30:00+00:00,68185.6,68198.2,68090.06,68094.0,82.45827,2026-02-21T11:44:59.999000+00:00,5618663.7859481,15620,35.90931,2446821.1766979
2026-02-21T11:45:00+00:00,68094.0,68120.72,68084.0,68092.45,46.73406,2026-02-21T11:59:59.999000+00:00,3182776.6162674,14154,23.91273,1628483.8996395
2026-02-21T12:00:00+00:00,68092.45,68137.99,67953.83,67989.96,116.57984,2026-02-21T12:14:59.999000+00:00,7930083.4307421,19688,24.14524,1642593.7977525
2026-02-21T12:15:00+00:00,67989.96,68013.03,67954.85,67968.0,53.17874,2026-02-21T12:29:59.999000+00:00,3615395.038467,12980,26.73702,1817788.4084347
2026-02-21T12:30:00+00:00,67968.0,68036.41,67915.0,68031.31,47.07137,2026-02-21T12:44:59.999000+00:00,3199596.6580785,14036,24.10574,1638771.2451469
2026-02-21T12:45:00+00:00,68031.3,68218.2,68031.3,68203.42,91.05412,2026-02-21T12:59:59.999000+00:00,6202952.4865715,20533,56.57662,3854076.8193685
2026-02-21T13:00:00+00:00,68203.42,68203.42,68130.53,68147.29,43.00446,2026-02-21T13:14:59.999000+00:00,2931347.8543744,13131,14.02015,955650.8189439
2026-02-21T13:15:00+00:00,68147.29,68250.0,68106.89,68237.93,74.9184,2026-02-21T13:29:59.999000+00:00,5108378.6815816,18416,39.09139,2665573.5383039
2026-02-21T13:30:00+00:00,68237.92,68243.47,68167.61,68167.61,35.99476,2026-02-21T13:44:59.999000+00:00,2454963.6073119,12570,17.08605,1165353.9475384
2026-02-21T13:45:00+00:00,68167.62,68260.0,68167.61,68259.99,48.34183,2026-02-21T13:59:59.999000+00:00,3298024.3396283,11806,31.38528,2141300.8690815
2026-02-21T14:00:00+00:00,68259.99,68268.0,68180.53,68267.99,84.68817,2026-02-21T14:14:59.999000+00:00,5778332.9084666,18320,45.10724,3077672.1481484
2026-02-21T14:15:00+00:00,68267.99,68644.0,68219.23,68432.8,430.60149,2026-02-21T14:29:59.999000+00:00,29481227.8475476,56954,233.22549,15965172.260632
2026-02-21T14:30:00+00:00,68432.8,68624.4,68415.71,68541.67,275.22,2026-02-21T14:44:59.999000+00:00,18862528.4414447,34905,155.2716,10641858.0895824
2026-02-21T14:45:00+00:00,68541.68,68586.48,68438.0,68450.01,90.00778,2026-02-21T14:59:59.999000+00:00,6166633.9565683,23603,35.70604,2446058.1929871
2026-02-21T15:00:00+00:00,68450.01,68520.1,68422.32,68489.47,66.31677,2026-02-21T15:14:59.999000+00:00,4540203.8111217,18451,41.8626,2865900.2893593
2026-02-21T15:15:00+00:00,68489.47,68570.0,68453.6,68453.61,66.19596,2026-02-21T15:29:59.999000+00:00,4534633.3507726,17067,30.81286,2110987.0214587
2026-02-21T15:30:00+00:00,68453.61,68698.7,68417.0,68631.72,197.82591,2026-02-21T15:44:59.999000+00:00,13558146.5353342,31224,120.58121,8265072.8188353
2026-02-21T15:45:00+00:00,68631.72,68696.63,68594.74,68615.0,97.30576,2026-02-21T15:59:59.999000+00:00,6679479.0475306,21583,48.35846,3319453.8432203
2026-02-21T16:00:00+00:00,68615.01,68630.76,68309.16,68356.78,217.00785,2026-02-21T16:14:59.999000+00:00,14848002.6699184,45592,88.35781,6044074.5749263
2026-02-21T16:15:00+00:00,68356.77,68356.77,68101.78,68274.36,241.21261,2026-02-21T16:29:59.999000+00:00,16455784.4677589,38438,109.27893,7454663.7516468
2026-02-21T16:30:00+00:00,68274.37,68356.01,68138.0,68356.0,157.82279,2026-02-21T16:44:59.999000+00:00,10769597.2016758,24799,106.85715,7291919.3797617
2026-02-21T16:45:00+00:00,68356.0,68356.01,68310.54,68322.6,42.45595,2026-02-21T16:59:59.999000+00:00,2901234.4551001,11527,19.66851,1344001.7167379
2026-02-21T17:00:00+00:00,68322.61,68349.26,68200.0,68264.45,56.90234,2026-02-21T17:14:59.999000+00:00,3885266.9870002,17129,27.4354,1873171.8571882
2026-02-21T17:15:00+00:00,68264.46,68322.7,68208.06,68283.38,42.32045,2026-02-21T17:29:59.999000+00:00,2889413.4105664,19009,19.77513,1350084.8830336
2026-02-21T17:30:00+00:00,68283.37,68474.01,68264.38,68425.6,65.96034,2026-02-21T17:44:59.999000+00:00,4509886.108769,17043,39.78219,2720408.9642597
2026-02-21T17:45:00+00:00,68425.6,68469.61,68393.1,68437.45,47.04702,2026-02-21T17:59:59.999000+00:00,3219372.8313888,15272,20.67359,1414684.5767447
2026-02-21T18:00:00+00:00,68437.45,68445.0,68383.08,68407.61,28.44931,2026-02-21T18:14:59.999000+00:00,1946568.1128418,11769,10.34675,707946.1382854
2026-02-21T18:15:00+00:00,68407.62,68558.2,68407.62,68490.45,108.72128,2026-02-21T18:29:59.999000+00:00,7447179.3221618,16117,53.15793,3641107.8443597
2026-02-21T18:30:00+00:00,68490.45,68579.72,68489.12,68546.03,73.73466,2026-02-21T18:44:59.999000+00:00,5053244.6909921,17468,35.70177,2446668.21638
2026-02-21T18:45:00+00:00,68546.04,68644.0,68494.22,68574.0,109.37737,2026-02-21T18:59:59.999000+00:00,7502106.98338,16395,57.36683,3934586.523244
2026-02-21T19:00:00+00:00,68573.99,68658.5,68528.6,68591.34,76.43122,2026-02-21T19:14:59.999000+00:00,5243435.4584435,14510,34.85958,2391773.1185224
2026-02-21T19:15:00+00:00,68591.34,68622.04,68540.57,68573.68,51.94559,2026-02-21T19:29:59.999000+00:00,3562955.8759118,11818,20.74521,1422930.0612755
2026-02-21T19:30:00+00:00,68573.68,68649.08,68563.65,68627.16,52.30738,2026-02-21T19:44:59.999000+00:00,3588465.2109057,11345,23.64988,1622412.3522592
2026-02-21T19:45:00+00:00,68627.15,68627.15,68526.81,68543.51,38.46823,2026-02-21T19:59:59.999000+00:00,2637801.167498,8173,11.7984,808973.0913568
2026-02-21T20:00:00+00:00,68543.51,68551.14,68478.36,68489.18,54.36584,2026-02-21T20:14:59.999000+00:00,3724473.2904056,10579,20.85376,1428462.2218104
2026-02-21T20:15:00+00:00,68489.18,68605.63,68488.99,68565.05,82.99499,2026-02-21T20:29:59.999000+00:00,5689621.9578495,11998,57.07117,3911974.4301268
2026-02-21T20:30:00+00:00,68565.05,68571.03,68322.68,68385.3,109.22839,2026-02-21T20:44:59.999000+00:00,7473705.6626495,14124,30.1393,2061862.0403809
2026-02-21T20:45:00+00:00,68385.29,68417.65,68190.0,68211.19,122.78314,2026-02-21T20:59:59.999000+00:00,8385005.6701639,18383,34.83983,2379384.7535882
2026-02-21T21:00:00+00:00,68211.19,68346.35,68183.1,68291.03,81.16492,2026-02-21T21:14:59.999000+00:00,5539963.427082,17905,34.07107,2325848.3755023
2026-02-21T21:15:00+00:00,68291.03,68372.3,68278.89,68345.55,36.54383,2026-02-21T21:29:59.999000+00:00,2497287.6703148,11812,16.73957,1143911.8286181
2026-02-21T21:30:00+00:00,68345.55,68377.97,68288.3,68289.88,32.37447,2026-02-21T21:44:59.999000+00:00,2212332.1320574,10326,8.14889,556885.4108581
2026-02-21T21:45:00+00:00,68289.88,68390.93,68289.65,68379.95,20.54495,2026-02-21T21:59:59.999000+00:00,1404230.6163168,7783,12.20113,833899.9834205
2026-02-21T22:00:00+00:00,68379.95,68437.56,68221.54,68251.3,57.66558,2026-02-21T22:14:59.999000+00:00,3942344.1536044,16047,26.94083,1842019.7408255
2026-02-21T22:15:00+00:00,68251.3,68324.75,68244.52,68263.55,48.29719,2026-02-21T22:29:59.999000+00:00,3297832.8970316,12998,21.48964,1467440.912435
2026-02-21T22:30:00+00:00,68263.55,68289.78,67966.0,68099.02,131.05771,2026-02-21T22:44:59.999000+00:00,8926269.3476389,31508,44.77907,3049920.7693005
2026-02-21T22:45:00+00:00,68099.02,68181.5,67900.0,67972.0,141.7087,2026-02-21T22:59:59.999000+00:00,9637981.7624881,36542,60.43885,4109888.2334646
2026-02-21T23:00:00+00:00,67972.0,68017.28,67941.02,67950.48,58.3406,2026-02-21T23:14:59.999000+00:00,3966025.5713631,28211,28.73626,1953402.4314369
2026-02-21T23:15:00+00:00,67950.48,68095.53,67950.47,68075.77,39.71879,2026-02-21T23:29:59.999000+00:00,2702218.1752639,14369,21.1299,1437547.6750881
2026-02-21T23:30:00+00:00,68075.77,68124.54,68054.66,68058.0,42.32487,2026-02-21T23:44:59.999000+00:00,2881940.8146223,12143,17.72347,1206862.2040731
2026-02-21T23:45:00+00:00,68057.99,68062.09,67973.68,67975.93,62.43229,2026-02-21T23:59:59.999000+00:00,4245812.2185889,19123,30.32532,2062307.1115594
2026-02-22T00:00:00+00:00,67975.93,68037.43,67939.74,68015.09,70.97327,2026-02-22T00:14:59.999000+00:00,4825816.0579482,21107,41.31289,2809150.9002937
2026-02-22T00:15:00+00:00,68015.08,68060.4,67809.78,67856.03,114.51834,2026-02-22T00:29:59.999000+00:00,7775741.7427477,29548,46.5534,3161188.1066237
2026-02-22T00:30:00+00:00,67856.03,67931.16,67841.36,67846.01,61.16487,2026-02-22T00:44:59.999000+00:00,4152249.9859265,18909,32.50986,2206956.4269969
2026-02-22T00:45:00+00:00,67846.01,67962.6,67844.0,67946.0,47.94903,2026-02-22T00:59:59.999000+00:00,3255058.434539,14158,31.32366,2126486.0114535
2026-02-22T01:00:00+00:00,67946.0,68081.26,67945.99,68033.38,76.14433,2026-02-22T01:14:59.999000+00:00,5179335.2887315,16747,52.91647,3599378.6926136
2026-02-22T01:15:00+00:00,68033.38,68116.6,68010.14,68116.6,91.61801,2026-02-22T01:29:59.999000+00:00,6237231.0780295,14784,42.43733,2888733.0182687
2026-02-22T01:30:00+00:00,68116.6,68156.94,68039.36,68126.46,53.68981,2026-02-22T01:44:59.999000+00:00,3656399.425146,14076,35.12248,2391894.9816687
2026-02-22T01:45:00+00:00,68126.45,68171.46,68093.98,68159.31,43.63902,2026-02-22T01:59:59.999000+00:00,2973416.9127487,10346,18.51908,1262047.1500742
2026-02-22T02:00:00+00:00,68159.32,68222.16,68121.78,68215.41,53.78904,2026-02-22T02:14:59.999000+00:00,3667057.3879952,17147,36.44748,2484882.5123317
2026-02-22T02:15:00+00:00,68215.41,68215.41,68051.32,68056.09,31.44238,2026-02-22T02:29:59.999000+00:00,2141557.7824403,10991,14.76474,1005485.7060966
2026-02-22T02:30:00+00:00,68056.1,68116.67,67980.53,67983.82,106.6894,2026-02-22T02:44:59.999000+00:00,7258588.7811685,18577,52.2944,3557605.587671
2026-02-22T02:45:00+00:00,67983.82,68031.61,67872.76,67909.68,97.49799,2026-02-22T02:59:59.999000+00:00,6624593.4726253,15366,32.23729,2190420.9871364
2026-02-22T03:00:00+00:00,67909.67,68022.98,67906.18,68018.0,43.9695,2026-02-22T03:14:59.999000+00:00,2988979.2474021,18080,25.28784,1718831.0911251
2026-02-22T03:15:00+00:00,68018.01,68040.05,67824.9,67968.68,131.89863,2026-02-22T03:29:59.999000+00:00,8953941.4114726,34962,43.11819,2928033.9995526
2026-02-22T03:30:00+00:00,67968.68,67992.91,67898.36,67992.9,53.2928,2026-02-22T03:44:59.999000+00:00,3621351.1916491,21634,29.32433,1992717.476515
2026-02-22T03:45:00+00:00,67992.9,68062.03,67936.59,68041.43,36.2056,2026-02-22T03:59:59.999000+00:00,2462273.1642801,17588,16.35306,1112179.5623781
2026-02-22T04:00:00+00:00,68041.42,68086.0,68030.52,68069.63,42.67004,2026-02-22T04:14:59.999000+00:00,2903916.7246809,12660,28.13395,1914579.3748053
2026-02-22T04:15:00+00:00,68069.63,68069.63,67973.41,68013.4,30.94123,2026-02-22T04:29:59.999000+00:00,2104857.97657,22591,9.22781,627631.857284
2026-02-22T04:30:00+00:00,68013.41,68047.0,67966.52,67987.14,50.86462,2026-02-22T04:44:59.999000+00:00,3458796.6816127,19338,21.98219,1494786.8593589
2026-02-22T04:45:00+00:00,67987.15,68006.51,67973.38,67983.5,75.0868,2026-02-22T04:59:59.999000+00:00,5105475.390829,15706,36.28982,2467497.1652916
2026-02-22T05:00:00+00:00,67983.5,68011.75,67881.81,67913.79,70.57533,2026-02-22T05:14:59.999000+00:00,4794083.6595502,14140,24.13066,1639132.4281777
2026-02-22T05:15:00+00:00,67913.79,67964.22,67900.91,67947.88,24.43192,2026-02-22T05:29:59.999000+00:00,1659635.2000509,9030,13.10099,889886.7847462
2026-02-22T05:30:00+00:00,67947.89,67947.89,67925.65,67940.1,15.7649,2026-02-22T05:44:59.999000+00:00,1071035.1386625,4912,3.83995,260872.7156036
2026-02-22T05:45:00+00:00,67940.11,67977.52,67885.45,67977.52,43.99209,2026-02-22T05:59:59.999000+00:00,2987488.1014169,12843,27.60621,1874645.6073146
2026-02-22T06:00:00+00:00,67977.52,68052.0,67972.89,68046.27,54.96727,2026-02-22T06:14:59.999000+00:00,3739425.5285498,14684,35.10172,2388028.8304976
2026-02-22T06:15:00+00:00,68046.27,68178.79,68020.28,68116.5,117.21205,2026-02-22T06:29:59.999000+00:00,7984262.0715583,14916,79.97958,5447794.4503653
2026-02-22T06:30:00+00:00,68116.5,68174.41,68056.24,68058.61,61.8161,2026-02-22T06:44:59.999000+00:00,4209540.0088999,19265,20.63191,1405133.1788573
2026-02-22T06:45:00+00:00,68058.62,68087.31,68038.13,68038.13,69.097,2026-02-22T06:59:59.999000+00:00,4702858.2190942,15948,24.1767,1645563.3526703
2026-02-22T07:00:00+00:00,68038.14,68038.14,67990.5,68036.27,90.02454,2026-02-22T07:14:59.999000+00:00,6123340.8019329,20442,24.9436,1696573.2226798
2026-02-22T07:15:00+00:00,68036.27,68038.94,68000.0,68023.58,51.08253,2026-02-22T07:29:59.999000+00:00,3474575.7444651,13553,13.64107,927798.4346522
2026-02-22T07:30:00+00:00,68023.59,68095.57,68015.96,68085.95,53.0889,2026-02-22T07:44:59.999000+00:00,3612916.8263875,11382,16.01395,1089808.2533905
2026-02-22T07:45:00+00:00,68085.96,68085.96,68001.0,68005.3,72.17668,2026-02-22T07:59:59.999000+00:00,4911034.0182693,13421,19.48754,1325799.9093667
2026-02-22T08:00:00+00:00,68005.3,68019.46,67980.0,67986.78,26.63084,2026-02-22T08:14:59.999000+00:00,1810800.3169348,10742,9.83002,668396.7034889
2026-02-22T08:15:00+00:00,67986.78,68006.0,67912.02,67963.26,50.13522,2026-02-22T08:29:59.999000+00:00,3407529.5278465,15057,15.09837,1026375.9438311
2026-02-22T08:30:00+00:00,67963.26,67993.93,67926.4,67959.13,59.14555,2026-02-22T08:44:59.999000+00:00,4019633.5325984,18365,21.23634,1443146.9562035
2026-02-22T08:45:00+00:00,67959.12,67988.58,67946.11,67950.1,47.74929,2026-02-22T08:59:59.999000+00:00,3245115.3993917,14669,11.42533,776445.0488068
2026-02-22T09:00:00+00:00,67950.11,68043.04,67948.74,68043.03,55.84515,2026-02-22T09:14:59.999000+00:00,3796956.7096763,16656,20.58218,1399394.9258378
2026-02-22T09:15:00+00:00,68043.03,68054.82,68014.22,68024.11,33.74272,2026-02-22T09:29:59.999000+00:00,2295592.1185156,15806,12.37187,841674.4235462
2026-02-22T09:30:00+00:00,68024.11,68053.14,67988.85,68050.56,34.74015,2026-02-22T09:44:59.999000+00:00,2363294.7027159,13733,18.18346,1237011.4577416
2026-02-22T09:45:00+00:00,68050.57,68101.46,68050.57,68053.32,48.73701,2026-02-22T09:59:59.999000+00:00,3317852.7254925,14203,17.64316,1201043.8846897
2026-02-22T10:00:00+00:00,68053.33,68053.33,68012.78,68045.41,29.36674,2026-02-22T10:14:59.999000+00:00,1997916.345518,8066,9.22253,627440.3744265
2026-02-22T10:15:00+00:00,68045.42,68126.4,68030.02,68090.44,65.34428,2026-02-22T10:29:59.999000+00:00,4448653.5223288,15004,28.36642,1931198.3873075
2026-02-22T10:30:00+00:00,68090.43,68138.0,68078.03,68099.36,72.907,2026-02-22T10:44:59.999000+00:00,4965545.3335036,13198,42.14843,2870772.0994093
2026-02-22T10:45:00+00:00,68099.37,68153.2,68096.67,68129.56,37.30841,2026-02-22T10:59:59.999000+00:00,2541759.527743,8554,18.02726,1228148.978256
2026-02-22T11:00:00+00:00,68129.57,68243.44,68129.56,68207.6,72.75073,2026-02-22T11:14:59.999000+00:00,4961675.6353707,16514,48.79396,3327572.6997751
2026-02-22T11:15:00+00:00,68207.61,68245.0,68200.0,68231.0,36.44575,2026-02-22T11:29:59.999000+00:00,2486364.6969455,10257,18.46259,1259524.5203589
2026-02-22T11:30:00+00:00,68230.99,68238.13,68157.74,68186.45,33.47703,2026-02-22T11:44:59.999000+00:00,2283438.8528305,9644,11.04035,752880.0112247
2026-02-22T11:45:00+00:00,68186.46,68219.98,68186.45,68219.97,28.8155,2026-02-22T11:59:59.999000+00:00,1965196.5139572,5975,18.78907,1281436.7165777
2026-02-22T12:00:00+00:00,68219.97,68232.4,67977.96,68012.16,131.14341,2026-02-22T12:14:59.999000+00:00,8923337.8179754,33675,49.97949,3400438.3154696
2026-02-22T12:15:00+00:00,68012.17,68086.0,67980.3,68077.15,48.93773,2026-02-22T12:29:59.999000+00:00,3330007.2477805,27112,23.48923,1598236.7999392
2026-02-22T12:30:00+00:00,68077.15,68077.16,67892.4,67892.4,123.08558,2026-02-22T12:44:59.999000+00:00,8364417.5587206,36973,34.86843,2369733.661171
2026-02-22T12:45:00+00:00,67892.41,67980.0,67871.59,67928.22,69.26144,2026-02-22T12:59:59.999000+00:00,4705557.2175605,24800,25.52318,1733944.8402003
2026-02-22T13:00:00+00:00,67928.23,68013.5,67928.23,67988.56,54.84757,2026-02-22T13:14:59.999000+00:00,3728146.8807381,22397,33.4877,2276174.0376434
2026-02-22T13:15:00+00:00,67988.56,68040.8,67923.78,67930.51,51.78669,2026-02-22T13:29:59.999000+00:00,3520074.7921028,18441,18.92806,1286597.5036762
2026-02-22T13:30:00+00:00,67930.52,67973.85,67571.08,67633.61,372.69979,2026-02-22T13:44:59.999000+00:00,25240797.2237847,82147,141.80628,9602664.8374717
2026-02-22T13:45:00+00:00,67633.62,67712.33,67593.38,67652.38,200.26063,2026-02-22T13:59:59.999000+00:00,13546168.9843621,45103,100.53804,6800324.433178
2026-02-22T14:00:00+00:00,67652.38,67671.28,67468.24,67650.31,174.33408,2026-02-22T14:14:59.999000+00:00,11779444.8805566,52658,64.53873,4361216.6829134
2026-02-22T14:15:00+00:00,67650.32,67680.0,67573.48,67626.45,86.24391,2026-02-22T14:29:59.999000+00:00,5831968.4664327,27619,28.48951,1926639.4844759
2026-02-22T14:30:00+00:00,67626.45,67682.47,67398.23,67440.0,200.96313,2026-02-22T14:44:59.999000+00:00,13572934.3963709,41938,79.41923,5365517.2731111
2026-02-22T14:45:00+00:00,67440.01,67571.27,67353.75,67443.89,364.02965,2026-02-22T14:59:59.999000+00:00,24551999.4121147,66761,155.46581,10487495.7424272
2026-02-22T15:00:00+00:00,67443.89,67486.76,67303.5,67413.99,186.43112,2026-02-22T15:14:59.999000+00:00,12563663.6872848,52252,72.27737,4870406.5040724
2026-02-22T15:15:00+00:00,67414.0,67609.0,67341.8,67599.03,136.90391,2026-02-22T15:29:59.999000+00:00,9238871.9569862,37236,71.38437,4817033.627072
2026-02-22T15:30:00+00:00,67599.03,67813.2,67540.34,67777.51,258.09365,2026-02-22T15:44:59.999000+00:00,17470659.4424931,55840,119.69251,8102740.9625407
2026-02-22T15:45:00+00:00,67777.52,67810.96,67669.91,67684.14,72.21102,2026-02-22T15:59:59.999000+00:00,4891716.2421369,25448,25.92496,1756244.4364733
2026-02-22T16:00:00+00:00,67684.15,67718.13,67572.39,67581.6,86.74336,2026-02-22T16:14:59.999000+00:00,5867366.0194713,26294,28.39726,1920848.2081933
2026-02-22T16:15:00+00:00,67581.6,67631.96,67534.99,67535.74,88.74429,2026-02-22T16:29:59.999000+00:00,5996707.4211275,25062,57.69286,3898249.6137659
2026-02-22T16:30:00+00:00,67535.74,67575.86,67513.83,67569.39,49.94996,2026-02-22T16:44:59.999000+00:00,3374156.4562229,21407,30.08772,2032442.0730203
2026-02-22T16:45:00+00:00,67569.4,67652.0,67566.2,67632.76,73.83959,2026-02-22T16:59:59.999000+00:00,4993253.0370883,19503,51.46003,3479885.6835058
2026-02-22T17:00:00+00:00,67632.76,67635.22,67530.67,67571.29,78.72571,2026-02-22T17:14:59.999000+00:00,5321410.9219002,16925,45.89452,3101934.4487692
2026-02-22T17:15:00+00:00,67571.3,67576.04,67496.26,67496.27,71.03417,2026-02-22T17:29:59.999000+00:00,4797682.5669221,17514,33.64219,2272319.0690188
2026-02-22T17:30:00+00:00,67496.26,67538.85,67190.0,67260.75,409.26274,2026-02-22T17:44:59.999000+00:00,27534176.9825818,68567,169.23174,11384314.5560816
2026-02-22T17:45:00+00:00,67260.75,67401.59,67260.75,67384.49,132.0792,2026-02-22T17:59:59.999000+00:00,8893231.1678485,37615,66.62726,4486201.4080492
2026-02-22T18:00:00+00:00,67384.48,67426.29,67331.26,67403.06,127.42071,2026-02-22T18:14:59.999000+00:00,8586207.2148115,28221,78.22714,5271543.4458003
2026-02-22T18:15:00+00:00,67403.05,67461.41,67329.36,67340.58,74.96617,2026-02-22T18:29:59.999000+00:00,5052710.874207,23432,43.08047,2903673.5302904
2026-02-22T18:30:00+00:00,67340.58,67387.06,67313.54,67376.13,71.99805,2026-02-22T18:44:59.999000+00:00,4849067.1321633,20105,39.554,2663902.0262295
2026-02-22T18:45:00+00:00,67376.13,67451.24,67376.13,67422.62,88.14212,2026-02-22T18:59:59.999000+00:00,5942008.327323,18585,50.12482,3379033.7815243
2026-02-22T19:00:00+00:00,67422.63,67484.0,67403.37,67411.89,57.55203,2026-02-22T19:14:59.999000+00:00,3882155.5900204,19512,35.77311,2413004.4318028
2026-02-22T19:15:00+00:00,67411.89,67463.39,67410.0,67433.58,47.42919,2026-02-22T19:29:59.999000+00:00,3198311.3135496,14827,30.21873,2037696.2688955
2026-02-22T19:30:00+00:00,67433.58,67488.7,67414.45,67484.41,62.28623,2026-02-22T19:44:59.999000+00:00,4202013.9329601,16037,42.5875,2873085.458923
2026-02-22T19:45:00+00:00,67484.4,67484.4,67414.0,67428.32,55.48852,2026-02-22T19:59:59.999000+00:00,3742361.2975949,12550,37.59073,2535236.7885829
2026-02-22T20:00:00+00:00,67428.32,67458.76,67366.83,67385.78,57.03342,2026-02-22T20:14:59.999000+00:00,3845112.6265924,15591,36.12218,2435270.2646954
2026-02-22T20:15:00+00:00,67385.77,67491.96,67385.77,67450.55,50.85978,2026-02-22T20:29:59.999000+00:00,3429957.882366,17006,39.09531,2636476.1850286
2026-02-22T20:30:00+00:00,67450.55,67453.22,67397.2,67414.14,69.30649,2026-02-22T20:44:59.999000+00:00,4672924.0781824,15569,35.49767,2393250.9012234
2026-02-22T20:45:00+00:00,67414.15,67486.68,67350.0,67401.74,95.30395,2026-02-22T20:59:59.999000+00:00,6424085.9982888,25419,55.62831,3749903.7064131
2026-02-22T21:00:00+00:00,67401.74,67480.7,67401.74,67447.92,55.99478,2026-02-22T21:14:59.999000+00:00,3776834.5536331,14006,42.18936,2845605.087172
2026-02-22T21:15:00+00:00,67447.93,67513.6,67447.92,67458.45,50.62965,2026-02-22T21:29:59.999000+00:00,3416288.8451446,13463,36.44691,2459264.2299433
2026-02-22T21:30:00+00:00,67458.45,67617.25,67458.44,67591.14,79.05256,2026-02-22T21:44:59.999000+00:00,5340466.184272,23774,46.48619,3140193.5101702
2026-02-22T21:45:00+00:00,67591.14,67643.94,67585.5,67612.66,50.18617,2026-02-22T21:59:59.999000+00:00,3393094.5548453,13214,38.59461,2609353.5404341
2026-02-22T22:00:00+00:00,67612.66,67616.98,67485.34,67510.4,88.62144,2026-02-22T22:14:59.999000+00:00,5985944.0035022,14915,50.7599,3428561.1767419
2026-02-22T22:15:00+00:00,67510.4,67691.14,67510.4,67594.09,85.98689,2026-02-22T22:29:59.999000+00:00,5811952.5247164,21040,51.9564,3511351.0796417
2026-02-22T22:30:00+00:00,67594.1,67710.8,67542.11,67679.27,100.00052,2026-02-22T22:44:59.999000+00:00,6761719.2223705,26961,60.50529,4090978.6148456
2026-02-22T22:45:00+00:00,67679.27,67751.44,67656.0,67666.16,95.05493,2026-02-22T22:59:59.999000+00:00,6435698.1370114,36510,54.11927,3664006.8655047
2026-02-22T23:00:00+00:00,67666.16,67726.19,67482.42,67497.03,118.80643,2026-02-22T23:14:59.999000+00:00,8033607.4096767,43343,60.55119,4094350.2410768
2026-02-22T23:15:00+00:00,67497.03,67616.28,67469.58,67606.64,134.06644,2026-02-22T23:29:59.999000+00:00,9054818.566472,43084,83.70943,5653256.3229297
2026-02-22T23:30:00+00:00,67606.65,67606.65,67489.04,67508.55,73.32682,2026-02-22T23:44:59.999000+00:00,4953539.4111058,33743,53.43708,3609809.2561487
2026-02-22T23:45:00+00:00,67508.55,67730.98,67495.66,67643.4,92.59383,2026-02-22T23:59:59.999000+00:00,6260546.1972916,31412,73.1593,4946694.9273385
2026-02-23T00:00:00+00:00,67643.39,67684.86,67599.61,67627.55,66.70824,2026-02-23T00:14:59.999000+00:00,4511481.1326459,35313,41.06045,2776961.5296321
2026-02-23T00:15:00+00:00,67627.55,67630.49,67400.0,67474.01,126.51792,2026-02-23T00:29:59.999000+00:00,8540759.9211275,34489,79.77684,5384840.9647211
2026-02-23T00:30:00+00:00,67474.0,67474.0,67168.33,67180.25,159.80232,2026-02-23T00:44:59.999000+00:00,10750919.4052662,48246,78.56635,5285596.2525622
2026-02-23T00:45:00+00:00,67180.24,67180.25,66715.01,66740.47,412.19843,2026-02-23T00:59:59.999000+00:00,27610175.1258338,92082,166.07007,11123320.5303882
2026-02-23T01:00:00+00:00,66740.47,66740.47,65264.16,65481.74,2549.80869,2026-02-23T01:14:59.999000+00:00,167900306.3744125,405238,1366.93738,89964620.1994224
2026-02-23T01:15:00+00:00,65481.74,65510.0,65000.0,65050.0,1491.06632,2026-02-23T01:29:59.999000+00:00,97186790.7090736,360323,712.78397,46468660.5780304
2026-02-23T01:30:00+00:00,65050.0,65409.62,65006.11,65123.14,773.80503,2026-02-23T01:44:59.999000+00:00,50452291.7968659,190059,426.05878,27777640.7386182
2026-02-23T01:45:00+00:00,65123.14,65171.0,64290.71,64427.65,2509.38204,2026-02-23T01:59:59.999000+00:00,162388697.2338108,349970,1178.0268,76211321.7634702
2026-02-23T02:00:00+00:00,64427.64,64797.59,64325.98,64762.87,675.1176,2026-02-23T02:14:59.999000+00:00,43594960.0999617,192247,358.62623,23156323.2475279
2026-02-23T02:15:00+00:00,64762.87,64811.58,64524.72,64759.75,419.83721,2026-02-23T02:29:59.999000+00:00,27156671.1667278,125746,220.51898,14262267.3630948
2026-02-23T02:30:00+00:00,64759.75,64916.85,64685.93,64844.68,401.47421,2026-02-23T02:44:59.999000+00:00,26022009.2901375,108013,260.25857,16869546.7755492
2026-02-23T02:45:00+00:00,64844.68,64890.7,64710.0,64783.56,346.82788,2026-02-23T02:59:59.999000+00:00,22473637.4025732,79001,179.07273,11603091.0779908
2026-02-23T03:00:00+00:00,64783.56,65079.79,64773.31,64939.65,349.57153,2026-02-23T03:14:59.999000+00:00,22697858.0926076,74548,212.31327,13785501.8324609
2026-02-23T03:15:00+00:00,64939.65,64939.65,64700.0,64769.26,279.55932,2026-02-23T03:29:59.999000+00:00,18110587.0045628,56233,153.80536,9962572.8863975
2026-02-23T03:30:00+00:00,64769.26,65016.76,64721.68,65016.75,280.76071,2026-02-23T03:44:59.999000+00:00,18212242.5704063,55180,180.75374,11725550.57305
2026-02-23T03:45:00+00:00,65016.75,65016.76,64909.76,64934.17,180.22755,2026-02-23T03:59:59.999000+00:00,11707169.2960544,41428,107.70375,6995904.8021931
2026-02-23T04:00:00+00:00,64934.18,65040.29,64828.62,65023.03,263.76164,2026-02-23T04:14:59.999000+00:00,17131570.8542635,47739,169.21598,10992479.3738441
2026-02-23T04:15:00+00:00,65023.03,65023.03,64719.98,64778.13,180.1451,2026-02-23T04:29:59.999000+00:00,11683829.6079029,38642,76.06035,4932878.9815744
2026-02-23T04:30:00+00:00,64778.14,64823.81,64685.64,64728.73,176.90826,2026-02-23T04:44:59.999000+00:00,11455192.0316562,37286,79.09091,5120983.895703
2026-02-23T04:45:00+00:00,64728.72,64830.8,64710.0,64808.31,172.04638,2026-02-23T04:59:59.999000+00:00,11143406.9392061,25731,85.82286,5558157.2289694
2026-02-23T05:00:00+00:00,64808.31,65194.51,64796.85,65096.27,344.34908,2026-02-23T05:14:59.999000+00:00,22376034.1175407,52134,195.35457,12693414.1480588
2026-02-23T05:15:00+00:00,65096.26,65294.8,64862.5,65044.73,468.48241,2026-02-23T05:29:59.999000+00:00,30481650.7519492,67324,236.33672,15392664.9104634
2026-02-23T05:30:00+00:00,65044.73,65164.38,65015.12,65024.69,264.11672,2026-02-23T05:44:59.999000+00:00,17192256.2847078,38704,157.88037,10278748.8023814
2026-02-23T05:45:00+00:00,65024.69,65086.06,64956.36,65070.9,138.24119,2026-02-23T05:59:59.999000+00:00,8987687.731469,37225,60.79015,3952356.8475227
2026-02-23T06:00:00+00:00,65070.9,65381.9,65033.9,65363.79,272.87906,2026-02-23T06:14:59.999000+00:00,17802352.9997012,45001,176.94582,11547124.7927189
2026-02-23T06:15:00+00:00,65363.78,65456.55,65309.74,65310.0,255.26146,2026-02-23T06:29:59.999000+00:00,16684884.4830691,55386,111.08185,7260245.7934054
2026-02-23T06:30:00+00:00,65310.0,65677.5,65283.8,65533.4,308.62059,2026-02-23T06:44:59.999000+00:00,20225850.4325156,70706,155.67006,10201898.4975167
2026-02-23T06:45:00+00:00,65533.41,65802.09,65524.79,65757.32,248.32035,2026-02-23T06:59:59.999000+00:00,16315552.6748968,62830,132.54151,8707694.9330405
2026-02-23T07:00:00+00:00,65757.33,65899.99,65697.5,65785.56,232.73677,2026-02-23T07:14:59.999000+00:00,15315602.5820368,69099,128.03021,8425557.5594838
2026-02-23T07:15:00+00:00,65785.57,65833.81,65641.55,65689.65,222.40343,2026-02-23T07:29:59.999000+00:00,14621790.4470431,48192,113.07965,7434396.6059582
2026-02-23T07:30:00+00:00,65689.65,66015.22,65683.71,65949.06,309.37217,2026-02-23T07:44:59.999000+00:00,20379562.6156457,61082,209.81549,13819095.4554103
2026-02-23T07:45:00+00:00,65949.07,65991.46,65892.13,65958.94,262.18266,2026-02-23T07:59:59.999000+00:00,17289975.719969,30802,160.12622,10559511.3156698
2026-02-23T08:00:00+00:00,65958.94,65958.94,65700.0,65845.72,356.61855,2026-02-23T08:14:59.999000+00:00,23472947.736742,48900,123.07901,8101252.3362854
2026-02-23T08:15:00+00:00,65845.71,65873.17,65593.12,65682.68,230.47283,2026-02-23T08:29:59.999000+00:00,15143665.1537545,54403,100.78258,6621721.4528033
2026-02-23T08:30:00+00:00,65682.69,65736.41,65579.71,65618.09,173.63336,2026-02-23T08:44:59.999000+00:00,11396757.5405826,41329,68.06283,4467538.1179901
2026-02-23T08:45:00+00:00,65618.1,65696.94,65565.78,65676.44,134.82222,2026-02-23T08:59:59.999000+00:00,8847536.8277337,33875,60.52786,3971903.8467454
2026-02-23T09:00:00+00:00,65676.44,65831.04,65672.76,65816.87,185.37186,2026-02-23T09:14:59.999000+00:00,12194971.8213649,38095,90.33756,5942243.7731026
2026-02-23T09:15:00+00:00,65816.87,65874.6,65711.07,65844.09,152.12122,2026-02-23T09:29:59.999000+00:00,10008822.0193051,35911,84.36158,5551639.2273625
2026-02-23T09:30:00+00:00,65844.09,66335.85,65823.01,66275.84,404.08986,2026-02-23T09:44:59.999000+00:00,26741615.7820835,104693,235.4643,15579377.1494498
2026-02-23T09:45:00+00:00,66275.84,66456.5,66244.18,66404.91,233.37737,2026-02-23T09:59:59.999000+00:00,15486830.0999254,76570,103.18614,6847413.7229821
2026-02-23T10:00:00+00:00,66404.92,66600.0,66296.17,66317.4,333.49047,2026-02-23T10:14:59.999000+00:00,22151765.4573606,86713,111.688,7419733.0119577
2026-02-23T10:15:00+00:00,66317.39,66511.51,66269.72,66363.25,169.66918,2026-02-23T10:29:59.999000+00:00,11268156.4161177,47179,72.17641,4793661.771586
2026-02-23T10:30:00+00:00,66363.25,66382.95,66220.0,66342.62,163.35451,2026-02-23T10:44:59.999000+00:00,10832482.6204426,40094,69.29346,4594790.4643333
2026-02-23T10:45:00+00:00,66342.63,66410.0,66244.17,66319.69,122.52784,2026-02-23T10:59:59.999000+00:00,8127593.5322453,36969,45.14796,2994827.4263854
2026-02-23T11:00:00+00:00,66319.69,66386.27,66249.44,66367.07,98.84931,2026-02-23T11:14:59.999000+00:00,6556609.3545312,31634,37.61162,2494545.9841298
2026-02-23T11:15:00+00:00,66367.08,66487.37,66305.38,66325.3,127.44314,2026-02-23T11:29:59.999000+00:00,8461801.5460576,36104,59.28895,3937041.9293681
2026-02-23T11:30:00+00:00,66325.31,66325.31,66114.3,66128.0,161.60298,2026-02-23T11:44:59.999000+00:00,10699055.9016454,43567,51.48469,3408407.5481919
2026-02-23T11:45:00+00:00,66127.99,66221.44,66114.22,66207.23,146.55622,2026-02-23T11:59:59.999000+00:00,9698521.7643958,38509,61.66126,4080261.8705526
2026-02-23T12:00:00+00:00,66207.23,66261.47,66162.57,66220.81,96.77124,2026-02-23T12:14:59.999000+00:00,6406851.687604,33476,36.64565,2426316.3168784
2026-02-23T12:15:00+00:00,66220.81,66240.6,66025.04,66138.83,155.79404,2026-02-23T12:29:59.999000+00:00,10304131.3473102,42855,65.07035,4303649.5077502
2026-02-23T12:30:00+00:00,66138.82,66495.81,65886.51,66419.33,344.54327,2026-02-23T12:44:59.999000+00:00,22796739.4942517,100571,192.31398,12728586.8247219
2026-02-23T12:45:00+00:00,66419.33,66511.51,66228.01,66280.4,156.96832,2026-02-23T12:59:59.999000+00:00,10413304.2574539,48738,64.16064,4257059.4817786
2026-02-23T13:00:00+00:00,66280.4,66387.11,66211.87,66220.51,213.46859,2026-02-23T13:14:59.999000+00:00,14149803.1151475,43475,77.86704,5162077.093757
2026-02-23T13:15:00+00:00,66220.51,66259.5,66124.34,66226.66,216.84017,2026-02-23T13:29:59.999000+00:00,14356905.1547124,44345,52.86033,3499083.4072539
2026-02-23T13:30:00+00:00,66226.65,66430.52,66142.07,66353.16,201.90328,2026-02-23T13:44:59.999000+00:00,13376934.4266749,67244,124.13397,8224283.1597793
2026-02-23T13:45:00+00:00,66353.15,66370.06,66103.35,66132.66,175.2015,2026-02-23T13:59:59.999000+00:00,11607011.3888457,57351,53.32227,3533423.246889
2026-02-23T14:00:00+00:00,66132.65,66264.95,66121.08,66243.4,124.04916,2026-02-23T14:14:59.999000+00:00,8212440.869995,44976,44.90847,2972905.7674401
2026-02-23T14:15:00+00:00,66243.4,66252.37,66049.54,66086.27,106.45952,2026-02-23T14:29:59.999000+00:00,7038064.5993235,33080,42.95662,2839701.6889454
2026-02-23T14:30:00+00:00,66086.26,66224.59,65529.73,65832.41,447.27685,2026-02-23T14:44:59.999000+00:00,29458387.6056442,232601,186.35993,12276162.1518675
2026-02-23T14:45:00+00:00,65832.42,66115.16,65616.06,65923.53,293.96061,2026-02-23T14:59:59.999000+00:00,19383249.6887775,209641,150.45801,9922394.5744711
2026-02-23T15:00:00+00:00,65923.52,66091.1,65700.01,65958.25,287.06491,2026-02-23T15:14:59.999000+00:00,18913407.7832265,157846,154.84583,10204108.4643822
2026-02-23T15:15:00+00:00,65958.26,66250.0,65750.0,65806.54,382.87293,2026-02-23T15:29:59.999000+00:00,25242300.3218338,123221,229.97056,15162231.140775
2026-02-23T15:30:00+00:00,65806.54,65936.0,65709.62,65794.14,251.24037,2026-02-23T15:44:59.999000+00:00,16537774.4105403,117147,126.5596,8330287.672573
2026-02-23T15:45:00+00:00,65794.14,65919.29,65579.53,65660.1,341.92533,2026-02-23T15:59:59.999000+00:00,22481474.3553584,118496,187.27968,12313631.2709267
2026-02-23T16:00:00+00:00,65660.1,65689.99,65178.83,65225.99,525.57343,2026-02-23T16:14:59.999000+00:00,34380440.3699477,163999,227.09767,14856075.7574458
2026-02-23T16:15:00+00:00,65226.0,65672.26,65225.99,65633.14,434.65572,2026-02-23T16:29:59.999000+00:00,28442381.3667551,145376,251.98198,16485057.3646838
2026-02-23T16:30:00+00:00,65633.13,65724.28,65450.33,65572.57,287.35217,2026-02-23T16:44:59.999000+00:00,18848639.3016507,118802,147.97848,9705984.9285247
2026-02-23T16:45:00+00:00,65572.56,65603.17,65301.89,65364.65,254.88251,2026-02-23T16:59:59.999000+00:00,16671701.1517767,92458,125.9415,8236435.3445243
2026-02-23T17:00:00+00:00,65364.66,65451.01,65043.51,65081.03,371.97197,2026-02-23T17:14:59.999000+00:00,24283149.9357497,84386,155.63516,10166908.6253635
2026-02-23T17:15:00+00:00,65081.07,65180.31,64571.58,64579.25,767.70561,2026-02-23T17:29:59.999000+00:00,49779805.1952571,186923,267.09569,17315312.8760095
2026-02-23T17:30:00+00:00,64577.76,64688.55,64333.38,64467.13,682.66356,2026-02-23T17:44:59.999000+00:00,44037111.784309,185509,384.0164,24772790.6957042
2026-02-23T17:45:00+00:00,64467.13,64813.62,64152.04,64813.26,702.44826,2026-02-23T17:59:59.999000+00:00,45303051.9586452,171030,455.99901,29425760.0625694
2026-02-23T18:00:00+00:00,64813.27,64865.67,64621.65,64781.97,277.91597,2026-02-23T18:14:59.999000+00:00,17996487.9772252,129609,149.63207,9690301.7155761
2026-02-23T18:15:00+00:00,64781.98,64913.38,64602.9,64818.83,225.22266,2026-02-23T18:29:59.999000+00:00,14589583.2230741,104770,125.82151,8151336.4639862
2026-02-23T18:30:00+00:00,64818.84,65194.51,64735.0,64891.99,252.57111,2026-02-23T18:44:59.999000+00:00,16418136.7816368,112138,164.39344,10687241.0946486
2026-02-23T18:45:00+00:00,64891.99,64891.99,64586.0,64635.49,238.97959,2026-02-23T18:59:59.999000+00:00,15478531.0214633,74224,121.90718,7896416.4560193
2026-02-23T19:00:00+00:00,64635.49,64855.18,64603.34,64698.0,151.66805,2026-02-23T19:14:59.999000+00:00,9817699.2290603,87469,83.89134,5430057.9826544
2026-02-23T19:15:00+00:00,64698.0,64709.07,64354.27,64463.84,332.77485,2026-02-23T19:29:59.999000+00:00,21465611.804406,95446,143.65979,9267765.5809777
2026-02-23T19:30:00+00:00,64463.84,64545.55,64048.71,64213.24,1357.73344,2026-02-23T19:44:59.999000+00:00,87233195.6110338,130675,349.15627,22446758.0835706
2026-02-23T19:45:00+00:00,64213.24,64358.54,64098.64,64295.1,315.82687,2026-02-23T19:59:59.999000+00:00,20289751.2418389,106174,139.53357,8963747.431009
2026-02-23T20:00:00+00:00,64295.11,64376.86,63915.82,63961.55,429.30186,2026-02-23T20:14:59.999000+00:00,27528118.1076038,112205,165.5183,10622887.6917821
2026-02-23T20:15:00+00:00,63961.56,64174.86,63888.79,64004.36,503.48641,2026-02-23T20:29:59.999000+00:00,32236530.5492092,117771,276.28884,17689646.5505477
2026-02-23T20:30:00+00:00,64004.35,64323.42,63989.85,64269.42,167.10092,2026-02-23T20:44:59.999000+00:00,10728805.2533471,90128,100.74336,6467707.9385145
2026-02-23T20:45:00+00:00,64269.42,64487.94,64238.05,64473.14,213.32536,2026-02-23T20:59:59.999000+00:00,13730825.3821048,88819,107.79996,6937442.3312273
2026-02-23T21:00:00+00:00,64473.14,64704.36,64459.44,64599.99,235.46139,2026-02-23T21:14:59.999000+00:00,15205334.7651076,86641,117.79402,7606476.5483896
2026-02-23T21:15:00+00:00,64600.0,64646.85,64510.74,64558.27,106.61901,2026-02-23T21:29:59.999000+00:00,6886091.6518364,44236,48.51184,3133379.3874866
2026-02-23T21:30:00+00:00,64558.27,64783.54,64530.83,64649.68,142.85172,2026-02-23T21:44:59.999000+00:00,9232569.5196163,47685,73.23992,4732684.6186767
2026-02-23T21:45:00+00:00,64649.67,64723.13,64555.16,64580.66,108.31473,2026-02-23T21:59:59.999000+00:00,6999817.7231875,25957,55.63062,3594816.7599033
2026-02-23T22:00:00+00:00,64580.66,65004.09,64555.59,64968.59,822.2077,2026-02-23T22:14:59.999000+00:00,53341430.0088801,86777,378.51497,24550768.4900395
2026-02-23T22:15:00+00:00,64968.59,65035.98,64850.09,64941.99,327.23651,2026-02-23T22:29:59.999000+00:00,21258910.8063787,41377,251.62017,16347709.7841097
2026-02-23T22:30:00+00:00,64942.0,64942.0,64758.72,64794.5,184.38341,2026-02-23T22:44:59.999000+00:00,11962453.064371,40203,116.50663,7558862.8958535
2026-02-23T22:45:00+00:00,64794.49,64878.0,64639.97,64725.56,118.02903,2026-02-23T22:59:59.999000+00:00,7646453.2020908,49343,73.26872,4746529.069021
2026-02-23T23:00:00+00:00,64725.56,64900.63,64702.53,64860.22,96.46392,2026-02-23T23:14:59.999000+00:00,6251044.3336722,51083,57.53056,3727475.5575003
2026-02-23T23:15:00+00:00,64860.23,64895.19,64780.23,64839.94,62.36422,2026-02-23T23:29:59.999000+00:00,4043398.1201892,24069,30.55798,1981041.7028208
2026-02-23T23:30:00+00:00,64839.93,64879.88,64612.88,64621.91,71.53122,2026-02-23T23:44:59.999000+00:00,4631197.4080475,31204,36.8129,2383985.1508768
2026-02-23T23:45:00+00:00,64621.95,64683.77,64538.9,64656.02,174.45277,2026-02-23T23:59:59.999000+00:00,11268727.2954172,36602,70.5156,4556303.4587009
2026-02-24T00:00:00+00:00,64656.01,64895.02,64656.01,64895.02,101.9662,2026-02-24T00:14:59.999000+00:00,6602785.6755101,52382,67.12449,4347034.2050588
2026-02-24T00:15:00+00:00,64895.01,65026.75,64803.42,64858.78,153.33086,2026-02-24T00:29:59.999000+00:00,9955960.6936763,43812,93.02938,6041275.1721427
2026-02-24T00:30:00+00:00,64858.77,64986.68,64826.6,64918.95,102.05144,2026-02-24T00:44:59.999000+00:00,6622636.8807992,43965,65.79145,4268906.6276479
2026-02-24T00:45:00+00:00,64918.94,64999.76,64874.99,64941.43,80.25147,2026-02-24T00:59:59.999000+00:00,5212912.1737757,36902,34.0132,2209314.8923293
2026-02-24T01:00:00+00:00,64941.42,64941.42,64240.49,64324.95,349.43723,2026-02-24T01:14:59.999000+00:00,22549272.6179359,104054,121.21701,7822496.4513221
2026-02-24T01:15:00+00:00,64324.95,64535.09,63433.84,64432.9,1390.44722,2026-02-24T01:29:59.999000+00:00,88888542.6518541,350410,650.0346,41574013.0225064
2026-02-24T01:30:00+00:00,64432.89,64614.5,64068.34,64334.0,445.87377,2026-02-24T01:44:59.999000+00:00,28699480.2177119,152754,193.22786,12438678.9738847
2026-02-24T01:45:00+00:00,64334.01,64406.45,64067.41,64160.27,217.00105,2026-02-24T01:59:59.999000+00:00,13933594.9373747,111543,103.53901,6648056.8118279
2026-02-24T02:00:00+00:00,64160.26,64322.7,64000.0,64245.23,199.59822,2026-02-24T02:14:59.999000+00:00,12804884.198172,120243,93.92124,6024698.9487107
2026-02-24T02:15:00+00:00,64245.24,64317.25,64023.11,64313.72,138.1492,2026-02-24T02:29:59.999000+00:00,8866212.6245869,86608,65.91659,4231826.7970178
2026-02-24T02:30:00+00:00,64313.73,64500.0,64115.29,64132.43,152.87463,2026-02-24T02:44:59.999000+00:00,9834661.3514175,79622,82.51902,5309728.2686461
2026-02-24T02:45:00+00:00,64132.42,64180.88,64078.59,64109.81,109.01322,2026-02-24T02:59:59.999000+00:00,6991114.1168774,57895,60.98245,3910736.1653505
2026-02-24T03:00:00+00:00,64109.8,64109.8,63558.15,63685.23,500.40398,2026-02-24T03:14:59.999000+00:00,31937983.2426845,172663,170.91291,10907898.1327435
2026-02-24T03:15:00+00:00,63685.23,63853.0,63576.74,63705.78,233.80621,2026-02-24T03:29:59.999000+00:00,14899648.8136376,120270,142.20771,9061743.6700851
2026-02-24T03:30:00+00:00,63705.79,63789.38,63639.34,63672.47,174.28979,2026-02-24T03:44:59.999000+00:00,11102831.3241792,97815,83.83039,5340428.0344584
2026-02-24T03:45:00+00:00,63672.47,63689.81,63342.9,63595.51,404.26933,2026-02-24T03:59:59.999000+00:00,25679543.860533,116588,143.4268,9112053.834038
2026-02-24T04:00:00+00:00,63595.51,63628.52,63000.0,63012.06,617.46395,2026-02-24T04:14:59.999000+00:00,39065698.7923045,153088,231.00863,14622534.3985524
2026-02-24T04:15:00+00:00,63012.06,63394.15,62868.69,63220.71,853.97108,2026-02-24T04:29:59.999000+00:00,53877908.9426372,193455,388.41561,24506754.3788605
2026-02-24T04:30:00+00:00,63220.71,63367.81,62986.16,63338.78,270.33845,2026-02-24T04:44:59.999000+00:00,17083653.8759164,86441,142.04555,8979681.0684252
2026-02-24T04:45:00+00:00,63338.78,63394.16,63239.75,63378.84,355.13702,2026-02-24T04:59:59.999000+00:00,22484545.3428227,62611,110.43314,6992928.4788997
2026-02-24T05:00:00+00:00,63378.84,63551.58,63280.0,63497.07,205.37288,2026-02-24T05:14:59.999000+00:00,13029679.5260984,77519,119.53765,7585034.3011799
2026-02-24T05:15:00+00:00,63497.06,63497.07,62700.8,62820.77,510.57008,2026-02-24T05:29:59.999000+00:00,32155471.0614172,147493,178.42717,11237413.1722082
2026-02-24T05:30:00+00:00,62820.77,63084.56,62728.04,62989.98,306.28975,2026-02-24T05:44:59.999000+00:00,19282937.428309,103672,194.1107,12224248.632229
2026-02-24T05:45:00+00:00,62989.99,63105.84,62952.68,63104.79,251.83766,2026-02-24T05:59:59.999000+00:00,15874686.0708919,57341,154.76017,9755617.976788
2026-02-24T06:00:00+00:00,63104.79,63229.34,62900.0,63145.35,189.83012,2026-02-24T06:14:59.999000+00:00,11973228.2987747,77725,81.65565,5150245.2077924
2026-02-24T06:15:00+00:00,63145.36,63316.64,63109.94,63211.11,174.96643,2026-02-24T06:29:59.999000+00:00,11060103.672391,55759,103.66939,6553087.5808478
2026-02-24T06:30:00+00:00,63211.11,63322.28,63170.0,63260.01,109.12325,2026-02-24T06:44:59.999000+00:00,6902906.4779229,55380,53.79264,3402750.1973814
2026-02-24T06:45:00+00:00,63260.01,63260.01,62919.5,63082.79,204.02788,2026-02-24T06:59:59.999000+00:00,12870641.6541654,66688,70.53755,4450804.467295
2026-02-24T07:00:00+00:00,63082.79,63367.2,62866.42,63327.48,298.24435,2026-02-24T07:14:59.999000+00:00,18820517.7233403,71473,127.74529,8070976.6267751
2026-02-24T07:15:00+00:00,63327.48,63346.3,63155.57,63274.86,159.69324,2026-02-24T07:29:59.999000+00:00,10099786.5586076,59014,59.68566,3774469.3674279
2026-02-24T07:30:00+00:00,63274.87,63300.0,63087.85,63096.48,242.64085,2026-02-24T07:44:59.999000+00:00,15337323.4222643,56772,135.28761,8552406.1349778
2026-02-24T07:45:00+00:00,63096.47,63200.0,63005.31,63192.96,190.38281,2026-02-24T07:59:59.999000+00:00,12011766.0055309,45886,116.75665,7366632.3619401
2026-02-24T08:00:00+00:00,63192.79,63274.65,63009.92,63218.67,211.72998,2026-02-24T08:14:59.999000+00:00,13372807.2430367,55968,123.10367,7775935.5200851
2026-02-24T08:15:00+00:00,63218.66,63323.34,63087.19,63298.21,160.97766,2026-02-24T08:29:59.999000+00:00,10175536.5108867,63967,84.85307,5363195.43476
2026-02-24T08:30:00+00:00,63298.21,63425.94,63267.48,63381.79,157.30548,2026-02-24T08:44:59.999000+00:00,9966051.2124714,55368,97.0037,6145593.7991394
2026-02-24T08:45:00+00:00,63381.79,63444.66,63345.22,63392.15,139.13344,2026-02-24T08:59:59.999000+00:00,8819505.7401075,45376,71.8329,4553195.7805262
2026-02-24T09:00:00+00:00,63392.15,63411.8,63212.29,63285.29,159.70402,2026-02-24T09:14:59.999000+00:00,10111706.1205437,56373,72.30076,4577724.8404738
2026-02-24T09:15:00+00:00,63285.29,63300.0,63100.0,63144.83,133.95882,2026-02-24T09:29:59.999000+00:00,8460243.9571314,50739,69.69571,4401405.3487003
2026-02-24T09:30:00+00:00,63144.83,63200.0,62908.92,63150.18,246.96668,2026-02-24T09:44:59.999000+00:00,15571570.4720531,69366,109.92403,6933537.7747886
2026-02-24T09:45:00+00:00,63150.18,63257.59,63050.39,63249.99,116.54114,2026-02-24T09:59:59.999000+00:00,7361675.4503247,43565,62.18614,3928637.5359303
2026-02-24T10:00:00+00:00,63250.0,63282.86,63112.7,63219.31,147.9689,2026-02-24T10:14:59.999000+00:00,9351247.5388775,38985,75.51227,4770753.134954
2026-02-24T10:15:00+00:00,63219.31,63307.84,63156.24,63269.99,82.2717,2026-02-24T10:29:59.999000+00:00,5205032.7445688,35628,39.95818,2528200.3608381
2026-02-24T10:30:00+00:00,63269.99,63300.0,63150.0,63205.91,129.81515,2026-02-24T10:44:59.999000+00:00,8208000.1135947,41328,54.23677,3429235.1209229
2026-02-24T10:45:00+00:00,63205.92,63369.71,63165.49,63284.5,87.13636,2026-02-24T10:59:59.999000+00:00,5513029.8978971,32000,47.80673,3024790.6131674
2026-02-24T11:00:00+00:00,63284.51,63317.95,63183.42,63197.35,80.43146,2026-02-24T11:14:59.999000+00:00,5086864.0192765,27036,37.08487,2345308.1829688
2026-02-24T11:15:00+00:00,63197.35,63237.32,63147.06,63170.01,101.45785,2026-02-24T11:29:59.999000+00:00,6411459.3206856,35288,42.09147,2659898.0657581
2026-02-24T11:30:00+00:00,63170.01,63250.0,63063.63,63201.35,174.05697,2026-02-24T11:44:59.999000+00:00,10991002.5707021,44454,96.92368,6120564.736387
2026-02-24T11:45:00+00:00,63201.34,63240.0,63150.03,63227.1,105.13754,2026-02-24T11:59:59.999000+00:00,6644495.0719085,25397,48.79142,3083508.3472667
2026-02-24T12:00:00+00:00,63227.11,63306.92,63101.7,63264.4,130.36658,2026-02-24T12:14:59.999000+00:00,8240226.325229,37425,72.28894,4570236.0926864
2026-02-24T12:15:00+00:00,63264.39,63343.59,63222.89,63324.02,88.62969,2026-02-24T12:29:59.999000+00:00,5608766.1694466,32195,54.43382,3445046.7989443
2026-02-24T12:30:00+00:00,63324.03,63340.48,63080.4,63113.58,166.8338,2026-02-24T12:44:59.999000+00:00,10542783.0934652,42230,73.34755,4635313.4263067
2026-02-24T12:45:00+00:00,63113.58,63135.81,62965.21,62969.05,256.32845,2026-02-24T12:59:59.999000+00:00,16154988.6771055,52277,108.54371,6840556.6098479
2026-02-24T13:00:00+00:00,62969.04,63097.65,62910.57,63079.86,254.01049,2026-02-24T13:14:59.999000+00:00,16007573.2383584,66419,127.86169,8056979.3529437
2026-02-24T13:15:00+00:00,63079.86,63100.0,62851.63,62920.29,274.83778,2026-02-24T13:29:59.999000+00:00,17305400.8259735,73368,118.14045,7438397.0150185
2026-02-24T13:30:00+00:00,62920.3,63091.57,62510.28,62931.54,1630.81889,2026-02-24T13:44:59.999000+00:00,102332436.4467588,165885,953.85334,59826624.5991099
2026-02-24T13:45:00+00:00,62931.54,63030.02,62890.39,62900.0,202.53232,2026-02-24T13:59:59.999000+00:00,12752869.6863693,71424,95.69654,6025671.103912
2026-02-24T14:00:00+00:00,62900.01,63016.0,62762.03,62944.02,234.32359,2026-02-24T14:14:59.999000+00:00,14734602.2301113,82083,108.80707,6842035.6045638
2026-02-24T14:15:00+00:00,62944.03,63029.07,62800.7,63000.89,154.34074,2026-02-24T14:29:59.999000+00:00,9712593.7677887,74525,65.04008,4093465.2226726
2026-02-24T14:30:00+00:00,63000.89,63463.83,62767.3,63336.41,537.82226,2026-02-24T14:44:59.999000+00:00,33934156.9231967,252571,242.00939,15274669.2255905
2026-02-24T14:45:00+00:00,63336.4,63834.21,63267.14,63453.99,481.70296,2026-02-24T14:59:59.999000+00:00,30618758.6073188,212509,226.81081,14416470.4047696
2026-02-24T15:00:00+00:00,63454.0,63661.0,63300.0,63585.0,281.45654,2026-02-24T15:14:59.999000+00:00,17866405.406222,172917,154.25344,9793372.7284887
2026-02-24T15:15:00+00:00,63581.94,63970.05,63550.06,63928.22,396.02354,2026-02-24T15:29:59.999000+00:00,25250395.7023251,165452,218.63864,13939906.1180451
2026-02-24T15:30:00+00:00,63928.21,63983.72,63666.22,63748.29,241.77146,2026-02-24T15:44:59.999000+00:00,15438827.0310559,113230,107.23482,6846453.870022
2026-02-24T15:45:00+00:00,63748.28,64031.76,63720.41,63973.97,207.85534,2026-02-24T15:59:59.999000+00:00,13281014.5344944,105985,124.16139,7934631.9181821
2026-02-24T16:00:00+00:00,63973.98,64428.9,63956.62,64163.3,692.90147,2026-02-24T16:14:59.999000+00:00,44512856.4844916,200881,389.14138,25001004.2385593
2026-02-24T16:15:00+00:00,64163.3,64219.38,63882.75,63956.21,242.86809,2026-02-24T16:29:59.999000+00:00,15560863.215398,113175,147.62053,9459484.5525796
2026-02-24T16:30:00+00:00,63956.21,64132.15,63689.54,64043.02,285.53605,2026-02-24T16:44:59.999000+00:00,18237415.0487843,128439,144.31706,9216520.8003947
2026-02-24T16:45:00+00:00,64043.03,64300.0,63814.53,64265.52,201.90412,2026-02-24T16:59:59.999000+00:00,12926529.2743887,90100,93.03193,5960184.1723757
2026-02-24T17:00:00+00:00,64265.53,64520.0,64166.17,64412.0,359.74568,2026-02-24T17:14:59.999000+00:00,23154381.8685976,128745,212.60818,13686165.6005697
2026-02-24T17:15:00+00:00,64412.0,64412.0,64109.94,64147.96,361.74243,2026-02-24T17:29:59.999000+00:00,23235323.2232498,80840,141.30285,9074554.9312144
2026-02-24T17:30:00+00:00,64147.96,64264.55,64099.74,64099.75,96.22308,2026-02-24T17:44:59.999000+00:00,6175205.3459115,64360,39.21893,2516788.8376921
2026-02-24T17:45:00+00:00,64099.75,64264.37,64042.8,64219.71,199.61386,2026-02-24T17:59:59.999000+00:00,12800296.9162405,60135,97.70679,6266294.0507395
2026-02-24T18:00:00+00:00,64219.7,64414.88,63872.72,63970.62,309.11887,2026-02-24T18:14:59.999000+00:00,19827865.5714266,75426,99.2102,6368328.9246777
2026-02-24T18:15:00+00:00,63970.63,64348.91,63931.59,64292.0,159.52238,2026-02-24T18:29:59.999000+00:00,10240584.4470744,71148,92.95339,5967205.4813558
2026-02-24T18:30:00+00:00,64292.01,64498.18,64287.44,64370.98,156.09965,2026-02-24T18:44:59.999000+00:00,10050016.5551313,70538,86.27135,5554701.8769292
2026-02-24T18:45:00+00:00,64370.97,64500.0,64364.7,64435.06,185.15228,2026-02-24T18:59:59.999000+00:00,11930905.4256992,49751,67.51761,4350108.8158864
2026-02-24T19:00:00+00:00,64435.05,64743.11,64259.1,64310.66,360.4081,2026-02-24T19:14:59.999000+00:00,23268515.9187875,96226,182.04839,11754988.0097334
2026-02-24T19:15:00+00:00,64310.66,64426.79,64250.52,64312.96,118.94033,2026-02-24T19:29:59.999000+00:00,7652015.9854276,64595,62.26046,4005509.0742451
2026-02-24T19:30:00+00:00,64312.96,64518.96,64303.75,64472.18,138.95585,2026-02-24T19:44:59.999000+00:00,8952873.5328703,52735,91.58752,5901365.4537157
2026-02-24T19:45:00+00:00,64472.18,64488.58,64387.31,64435.03,103.99035,2026-02-24T19:59:59.999000+00:00,6702368.0703846,41312,45.2401,2915902.9629988
2026-02-24T20:00:00+00:00,64435.03,64481.76,64318.03,64397.43,101.49585,2026-02-24T20:14:59.999000+00:00,6536917.9807846,49963,37.39029,2408178.437043
2026-02-24T20:15:00+00:00,64397.43,64508.61,64397.43,64473.95,89.46982,2026-02-24T20:29:59.999000+00:00,5768993.7473963,38350,45.51493,2934799.8299226
2026-02-24T20:30:00+00:00,64473.96,64591.99,64392.82,64499.99,105.75054,2026-02-24T20:44:59.999000+00:00,6820704.9124361,41112,54.61941,3523280.1236674
2026-02-24T20:45:00+00:00,64499.99,64520.69,64388.8,64472.9,112.50823,2026-02-24T20:59:59.999000+00:00,7251466.1603349,49041,49.88872,3215553.3093782
2026-02-24T21:00:00+00:00,64472.9,64472.9,64134.97,64241.1,195.96124,2026-02-24T21:14:59.999000+00:00,12590083.4546265,49012,58.55619,3760235.2198581
2026-02-24T21:15:00+00:00,64241.09,64241.1,63820.5,63916.22,196.76875,2026-02-24T21:29:59.999000+00:00,12593546.2321313,59073,75.35925,4823528.8766119
2026-02-24T21:30:00+00:00,63916.22,64070.22,63871.79,64015.28,100.53349,2026-02-24T21:44:59.999000+00:00,6429341.2717659,36241,49.34677,3156114.6612695
2026-02-24T21:45:00+00:00,64015.28,64086.29,63993.6,64042.66,83.14564,2026-02-24T21:59:59.999000+00:00,5324947.6905508,31470,42.16038,2699961.7373195
2026-02-24T22:00:00+00:00,64042.66,64227.81,63973.79,64219.6,105.00516,2026-02-24T22:14:59.999000+00:00,6735079.967125,54574,64.61084,4143551.464764
2026-02-24T22:15:00+00:00,64219.6,64219.7,64086.24,64145.11,51.16498,2026-02-24T22:29:59.999000+00:00,3282602.3764712,23537,20.8923,1340300.1071924
2026-02-24T22:30:00+00:00,64145.11,64187.23,64073.93,64090.44,66.98984,2026-02-24T22:44:59.999000+00:00,4295722.1698725,22015,27.93031,1790891.459206
2026-02-24T22:45:00+00:00,64090.44,64145.52,63984.32,64120.95,65.00184,2026-02-24T22:59:59.999000+00:00,4165515.4539172,20289,26.9945,1729685.0052807
2026-02-24T23:00:00+00:00,64120.96,64148.7,63853.99,64071.98,173.68681,2026-02-24T23:14:59.999000+00:00,11109585.6077627,47080,80.11306,5123442.2243575
2026-02-24T23:15:00+00:00,64071.97,64220.04,64067.55,64185.01,101.53435,2026-02-24T23:29:59.999000+00:00,6511148.3150511,28968,46.97671,3012788.1713032
2026-02-24T23:30:00+00:00,64185.01,64248.65,64128.29,64142.19,57.90066,2026-02-24T23:44:59.999000+00:00,3715989.7432565,31499,28.60169,1835746.0545649
2026-02-24T23:45:00+00:00,64142.19,64142.19,64027.0,64058.15,56.29523,2026-02-24T23:59:59.999000+00:00,3607550.8691834,23823,25.62802,1642478.4051716
2026-02-25T00:00:00+00:00,64058.15,64080.81,63913.27,63919.23,56.57361,2026-02-25T00:14:59.999000+00:00,3621453.2578437,31493,16.80472,1076120.6855046
2026-02-25T00:15:00+00:00,63919.22,64061.34,63918.26,63959.99,61.23366,2026-02-25T00:29:59.999000+00:00,3918062.4230862,33254,27.03047,1729694.559539
2026-02-25T00:30:00+00:00,63960.0,64271.42,63960.0,64257.6,75.60152,2026-02-25T00:44:59.999000+00:00,4849896.2590456,35078,56.36895,3616325.5440166
2026-02-25T00:45:00+00:00,64257.59,64319.29,64139.19,64224.3,98.97158,2026-02-25T00:59:59.999000+00:00,6358979.8403048,36069,46.98807,3019027.9707629
2026-02-25T01:00:00+00:00,64224.29,65940.92,64145.2,65606.34,1083.87647,2026-02-25T01:14:59.999000+00:00,70651839.1826247,212745,653.66887,42562470.6432677
2026-02-25T01:15:00+00:00,65606.34,66300.0,65423.53,65944.66,967.94544,2026-02-25T01:29:59.999000+00:00,63868569.0722335,273202,541.76297,35752033.6382435
2026-02-25T01:30:00+00:00,65944.67,66271.99,65769.46,65813.69,498.11719,2026-02-25T01:44:59.999000+00:00,32907576.7368777,155915,217.6553,14381165.9092837
2026-02-25T01:45:00+00:00,65813.68,66057.14,65784.1,65896.75,290.14146,2026-02-25T01:59:59.999000+00:00,19125512.9969394,87060,162.38999,10704439.56228
2026-02-25T02:00:00+00:00,65896.74,66310.0,65890.62,66229.81,676.96241,2026-02-25T02:14:59.999000+00:00,44757131.6752957,141385,351.73204,23260094.5902471
2026-02-25T02:15:00+00:00,66229.81,66257.4,66036.58,66113.25,216.54153,2026-02-25T02:29:59.999000+00:00,14322917.4840078,79748,101.65726,6723588.1044794
2026-02-25T02:30:00+00:00,66113.24,66173.73,65883.01,65933.96,161.2721,2026-02-25T02:44:59.999000+00:00,10643476.1575573,61788,74.03493,4885028.0105962
2026-02-25T02:45:00+00:00,65933.96,66025.93,65866.66,65884.83,198.13998,2026-02-25T02:59:59.999000+00:00,13065022.8803663,48994,75.59403,4985237.9242392
2026-02-25T03:00:00+00:00,65884.84,65955.87,65807.35,65834.99,152.93683,2026-02-25T03:14:59.999000+00:00,10073890.2875463,60397,84.24982,5549695.7517607
2026-02-25T03:15:00+00:00,65834.99,65848.61,65493.8,65586.17,283.38366,2026-02-25T03:29:59.999000+00:00,18595691.7273195,83280,147.67698,9688312.827412
2026-02-25T03:30:00+00:00,65586.17,65636.61,65371.99,65459.61,210.34669,2026-02-25T03:44:59.999000+00:00,13777812.097679,75230,102.0569,6686009.2078809
2026-02-25T03:45:00+00:00,65459.62,65553.28,65350.28,65391.73,155.128,2026-02-25T03:59:59.999000+00:00,10151806.5890102,56964,72.06413,4715930.8953963
2026-02-25T04:00:00+00:00,65391.74,65533.82,65116.65,65439.57,289.311,2026-02-25T04:14:59.999000+00:00,18898503.2092944,75420,147.30834,9624539.5094568
2026-02-25T04:15:00+00:00,65439.56,65622.91,65349.37,65589.68,194.80301,2026-02-25T04:29:59.999000+00:00,12762269.875914,58500,107.86992,7066506.1014756
2026-02-25T04:30:00+00:00,65589.68,65650.0,65536.58,65638.65,132.95104,2026-02-25T04:44:59.999000+00:00,8721097.644452,44781,76.2599,5002330.9994195
2026-02-25T04:45:00+00:00,65638.66,65638.66,65412.0,65457.99,106.43212,2026-02-25T04:59:59.999000+00:00,6970036.5110914,31516,36.15978,2367465.3637884
2026-02-25T05:00:00+00:00,65458.0,65511.21,65311.2,65339.8,107.63133,2026-02-25T05:14:59.999000+00:00,7042480.3414366,40862,48.95642,3203526.2737612
2026-02-25T05:15:00+00:00,65339.81,65381.08,65157.94,65197.5,159.80646,2026-02-25T05:29:59.999000+00:00,10425308.3925353,51430,43.85625,2861584.2341703
2026-02-25T05:30:00+00:00,65197.5,65239.72,64755.26,64839.45,406.52815,2026-02-25T05:44:59.999000+00:00,26415860.3731039,92377,152.17371,9885496.9196889
2026-02-25T05:45:00+00:00,64839.45,64993.6,64769.69,64882.76,157.64749,2026-02-25T05:59:59.999000+00:00,10232388.3588367,54316,76.03884,4934822.2645296
2026-02-25T06:00:00+00:00,64882.77,65024.57,64882.29,64989.1,110.59028,2026-02-25T06:14:59.999000+00:00,7185147.1714745,37853,54.08664,3513641.1538874
2026-02-25T06:15:00+00:00,64989.1,65124.04,64908.2,65027.52,84.40495,2026-02-25T06:29:59.999000+00:00,5489296.1697948,38570,36.7883,2392631.9195816
2026-02-25T06:30:00+00:00,65027.52,65118.92,64982.5,65093.5,75.5417,2026-02-25T06:44:59.999000+00:00,4915071.5555585,28341,41.15051,2677152.7764761
2026-02-25T06:45:00+00:00,65093.5,65094.73,64865.78,64898.22,124.23269,2026-02-25T06:59:59.999000+00:00,8067737.4910088,28797,30.367,1972638.1041131
2026-02-25T07:00:00+00:00,64898.22,65080.39,64781.18,65027.36,88.6607,2026-02-25T07:14:59.999000+00:00,5756084.955634,40487,43.35908,2815270.8069855
2026-02-25T07:15:00+00:00,65027.35,65193.25,65002.74,65116.59,168.67317,2026-02-25T07:29:59.999000+00:00,10981620.0363407,43521,113.47755,7387759.8333397
2026-02-25T07:30:00+00:00,65116.59,65189.87,64876.91,64944.66,207.55569,2026-02-25T07:44:59.999000+00:00,13493718.8197804,62573,68.82872,4475029.1364517
2026-02-25T07:45:00+00:00,64944.66,65045.57,64930.28,65028.3,217.70055,2026-02-25T07:59:59.999000+00:00,14146299.0591939,28871,107.98011,7016317.7819325
2026-02-25T08:00:00+00:00,65028.3,65090.34,64955.79,65032.95,135.31113,2026-02-25T08:14:59.999000+00:00,8797286.3388776,41844,96.48328,6272520.3751922
2026-02-25T08:15:00+00:00,65032.95,65247.1,65011.99,65192.31,127.27675,2026-02-25T08:29:59.999000+00:00,8293659.8177053,49723,98.48476,6417401.3313908
2026-02-25T08:30:00+00:00,65192.32,65464.2,65188.89,65420.85,212.43458,2026-02-25T08:44:59.999000+00:00,13884608.4940025,66393,135.61459,8861561.9497679
2026-02-25T08:45:00+00:00,65420.85,65586.87,65375.4,65530.49,219.34143,2026-02-25T08:59:59.999000+00:00,14360744.1511602,68662,141.96794,9294551.4779659
2026-02-25T09:00:00+00:00,65530.48,65692.62,65454.43,65552.0,223.00552,2026-02-25T09:14:59.999000+00:00,14617570.0128903,67786,126.45029,8289142.9417813
2026-02-25T09:15:00+00:00,65552.0,65641.12,65511.45,65570.1,141.69987,2026-02-25T09:29:59.999000+00:00,9288968.6205936,40808,81.30296,5329812.5781594
2026-02-25T09:30:00+00:00,65570.09,65570.1,65396.47,65467.38,100.35865,2026-02-25T09:44:59.999000+00:00,6571557.4512622,36400,35.78489,2343315.7297466
2026-02-25T09:45:00+00:00,65467.39,65579.67,65455.84,65558.71,80.74428,2026-02-25T09:59:59.999000+00:00,5291044.7088871,27300,42.66512,2795333.4265443
2026-02-25T10:00:00+00:00,65558.71,65612.49,65473.02,65568.58,75.39097,2026-02-25T10:14:59.999000+00:00,4939897.0475829,41417,33.48031,2193645.7529996
2026-02-25T10:15:00+00:00,65568.57,65648.74,65362.25,65368.19,95.5982,2026-02-25T10:29:59.999000+00:00,6257417.1820419,28769,46.23033,3025994.6157615
2026-02-25T10:30:00+00:00,65368.19,65425.0,65345.0,65423.96,54.87021,2026-02-25T10:44:59.999000+00:00,3587818.2624621,17623,32.5635,2129166.9436263
2026-02-25T10:45:00+00:00,65423.96,65512.5,65361.83,65400.87,89.26615,2026-02-25T10:59:59.999000+00:00,5841753.0431158,21209,49.87712,3263738.1107759
2026-02-25T11:00:00+00:00,65400.87,65401.47,65200.8,65244.63,126.19576,2026-02-25T11:14:59.999000+00:00,8239509.510886,41991,51.77523,3380025.4955444
2026-02-25T11:15:00+00:00,65244.64,65400.0,65204.0,65362.21,96.27349,2026-02-25T11:29:59.999000+00:00,6287363.3068829,36479,62.11442,4056242.6104189
2026-02-25T11:30:00+00:00,65362.2,65485.91,65331.99,65433.81,123.75137,2026-02-25T11:44:59.999000+00:00,8094236.6760252,36113,77.98535,5100799.6368758
2026-02-25T11:45:00+00:00,65433.81,65459.97,65375.14,65430.04,96.37948,2026-02-25T11:59:59.999000+00:00,6304640.2370936,20716,48.31425,3160382.2776439
2026-02-25T12:00:00+00:00,65430.04,65531.01,65324.62,65498.32,144.57665,2026-02-25T12:14:59.999000+00:00,9463329.4959201,41349,93.44906,6117126.1479556
2026-02-25T12:15:00+00:00,65498.33,65929.94,65490.13,65780.6,340.10294,2026-02-25T12:29:59.999000+00:00,22355125.2408501,78196,216.48799,14229399.7250364
2026-02-25T12:30:00+00:00,65780.6,65887.87,65749.1,65842.02,198.63298,2026-02-25T12:44:59.999000+00:00,13072833.6420161,55773,108.2318,7123478.0744456
2026-02-25T12:45:00+00:00,65842.02,66240.0,65820.01,66068.94,633.40559,2026-02-25T12:59:59.999000+00:00,41843501.1168544,85490,315.40446,20831094.701189
2026-02-25T13:00:00+00:00,66068.94,66300.0,66033.21,66050.01,452.82069,2026-02-25T13:14:59.999000+00:00,29953015.3385034,76817,271.69055,17972544.6795528
2026-02-25T13:15:00+00:00,66050.01,66250.0,66025.39,66179.44,280.55153,2026-02-25T13:29:59.999000+00:00,18552278.4902901,60322,152.45069,10082300.8779729
2026-02-25T13:30:00+00:00,66179.44,66416.69,66142.7,66315.81,299.27363,2026-02-25T13:44:59.999000+00:00,19833044.6204793,58194,214.86756,14239250.3445517
2026-02-25T13:45:00+00:00,66315.81,66684.1,66219.36,66248.62,827.39702,2026-02-25T13:59:59.999000+00:00,55000690.0931494,90845,463.45843,30807215.2532782
2026-02-25T14:00:00+00:00,66248.63,66499.79,66207.72,66482.86,321.57639,2026-02-25T14:14:59.999000+00:00,21350646.8295401,63944,219.67026,14585842.9207935
2026-02-25T14:15:00+00:00,66482.86,66628.21,66436.67,66579.46,286.00879,2026-02-25T14:29:59.999000+00:00,19031525.1325451,57828,197.66418,13153931.1236974
2026-02-25T14:30:00+00:00,66579.2,66779.64,66202.66,66259.02,795.05952,2026-02-25T14:44:59.999000+00:00,52855867.4376911,182754,451.86375,30056959.778519
2026-02-25T14:45:00+00:00,66259.02,67009.78,66253.2,66973.2,777.52314,2026-02-25T14:59:59.999000+00:00,51894018.6584872,161776,499.98859,33369378.0695993
2026-02-25T15:00:00+00:00,66973.19,67249.2,66765.47,66844.44,623.91251,2026-02-25T15:14:59.999000+00:00,41796929.0308224,148639,335.63005,22486987.1270964
2026-02-25T15:15:00+00:00,66844.45,67071.91,66715.13,67071.05,519.76152,2026-02-25T15:29:59.999000+00:00,34773834.7578136,116456,355.95751,23817531.6076451
2026-02-25T15:30:00+00:00,67071.06,67550.83,66966.84,67515.29,726.07324,2026-02-25T15:44:59.999000+00:00,48905881.0460117,150719,489.01832,32944481.0872282
2026-02-25T15:45:00+00:00,67515.3,67578.0,67218.71,67412.33,653.16105,2026-02-25T15:59:59.999000+00:00,44031210.3196028,126348,379.05903,25553096.7103542
2026-02-25T16:00:00+00:00,67412.32,67788.52,67404.0,67601.23,481.88619,2026-02-25T16:14:59.999000+00:00,32557896.024503,107255,288.25435,19477848.8675943
2026-02-25T16:15:00+00:00,67601.24,68100.01,67575.01,67872.16,815.17234,2026-02-25T16:29:59.999000+00:00,55371160.096779,131000,452.64967,30743035.2042168
2026-02-25T16:30:00+00:00,67872.17,68000.0,67823.52,67954.52,290.41419,2026-02-25T16:44:59.999000+00:00,19725779.0592626,74470,163.0454,11073820.1166064
2026-02-25T16:45:00+00:00,67954.53,68332.0,67954.52,68297.35,471.95661,2026-02-25T16:59:59.999000+00:00,32158736.0143252,89138,323.88916,22074773.9021259
2026-02-25T17:00:00+00:00,68297.35,68647.23,68016.53,68512.4,855.87451,2026-02-25T17:14:59.999000+00:00,58477742.5734744,160040,412.83437,28221274.3431367
2026-02-25T17:15:00+00:00,68512.39,68686.86,68275.62,68565.44,470.70027,2026-02-25T17:29:59.999000+00:00,32250521.9724428,120682,220.33532,15098238.6475723
2026-02-25T17:30:00+00:00,68565.44,68770.0,68400.89,68770.0,550.99398,2026-02-25T17:44:59.999000+00:00,37790641.1610041,103619,256.96188,17631561.1485621
2026-02-25T17:45:00+00:00,68770.0,68879.96,68600.0,68674.2,585.6179,2026-02-25T17:59:59.999000+00:00,40267862.7984903,80238,372.81496,25640067.58941
2026-02-25T18:00:00+00:00,68674.2,68918.79,68373.33,68871.08,419.40543,2026-02-25T18:14:59.999000+00:00,28805533.2588357,91848,234.38363,16103695.5062388
2026-02-25T18:15:00+00:00,68871.09,69500.0,68708.35,69348.39,772.35968,2026-02-25T18:29:59.999000+00:00,53355043.6461407,112989,467.16521,32287226.4042447
2026-02-25T18:30:00+00:00,69348.39,69550.0,69203.49,69478.55,483.69138,2026-02-25T18:44:59.999000+00:00,33579338.1016034,109854,225.5736,15661414.0572505
2026-02-25T18:45:00+00:00,69478.55,69509.26,69262.7,69328.07,429.55124,2026-02-25T18:59:59.999000+00:00,29786870.8670594,78708,157.35464,10910458.2580877
2026-02-25T19:00:00+00:00,69328.06,69406.93,68764.94,68915.55,865.41042,2026-02-25T19:14:59.999000+00:00,59775590.8160747,116378,318.00115,21956986.0455168
2026-02-25T19:15:00+00:00,68915.55,69153.28,68854.45,68972.9,361.16227,2026-02-25T19:29:59.999000+00:00,24911943.9795697,66188,172.90013,11927031.2604647
2026-02-25T19:30:00+00:00,68972.9,69004.56,68779.6,68896.61,295.59371,2026-02-25T19:44:59.999000+00:00,20355437.1315105,50031,136.50491,9399591.4488577
2026-02-25T19:45:00+00:00,68896.62,69093.34,68850.08,69038.26,150.67322,2026-02-25T19:59:59.999000+00:00,10395163.7705544,44704,69.39934,4787747.1317571
2026-02-25T20:00:00+00:00,69038.26,69091.4,68619.22,68644.69,290.756,2026-02-25T20:14:59.999000+00:00,20011509.3186335,62986,93.95232,6468634.6790346
2026-02-25T20:15:00+00:00,68644.68,68873.18,68640.76,68802.37,180.96159,2026-02-25T20:29:59.999000+00:00,12445439.3506647,40183,72.8029,5006386.7103054
2026-02-25T20:30:00+00:00,68802.38,69200.0,68775.76,69124.96,276.91968,2026-02-25T20:44:59.999000+00:00,19122822.653054,58897,166.53391,11497768.7457752
2026-02-25T20:45:00+00:00,69124.96,69374.95,69100.01,69148.69,328.29276,2026-02-25T20:59:59.999000+00:00,22720461.6818098,78344,171.36206,11859074.806522
2026-02-25T21:00:00+00:00,69148.69,69226.28,68940.0,68990.91,170.81181,2026-02-25T21:14:59.999000+00:00,11807476.5828684,58200,64.1544,4435245.8060674
2026-02-25T21:15:00+00:00,68990.92,69069.5,68800.0,68803.7,149.89128,2026-02-25T21:29:59.999000+00:00,10339075.8989389,49109,77.01996,5313563.181192
2026-02-25T21:30:00+00:00,68803.71,69988.83,68773.83,69221.59,916.38811,2026-02-25T21:44:59.999000+00:00,63650849.8700027,192710,475.60505,33047971.5381438
2026-02-25T21:45:00+00:00,69221.59,69221.59,68812.4,68919.72,325.0283,2026-02-25T21:59:59.999000+00:00,22423701.4414765,108253,136.97021,9449731.4688333
2026-02-25T22:00:00+00:00,68919.72,69176.0,68886.99,69074.88,151.84201,2026-02-25T22:14:59.999000+00:00,10483075.2737983,52666,76.39438,5274634.7471955
2026-02-25T22:15:00+00:00,69074.88,69089.25,68830.01,68878.86,123.46817,2026-02-25T22:29:59.999000+00:00,8510381.2935029,33743,58.23699,4013571.1077675
2026-02-25T22:30:00+00:00,68878.87,68905.97,68268.53,68420.42,522.57564,2026-02-25T22:44:59.999000+00:00,35808447.6995225,69319,218.53642,14966927.5229547
2026-02-25T22:45:00+00:00,68420.42,68529.83,68055.91,68432.13,294.99849,2026-02-25T22:59:59.999000+00:00,20148694.0363779,77742,159.03947,10862298.5813663
2026-02-25T23:00:00+00:00,68432.13,68696.97,68212.52,68517.64,240.50348,2026-02-25T23:14:59.999000+00:00,16468866.1285099,60418,98.4557,6741094.5660061
2026-02-25T23:15:00+00:00,68517.64,68522.0,68262.83,68277.25,133.66587,2026-02-25T23:29:59.999000+00:00,9138869.8689591,40997,70.40474,4813690.6501161
2026-02-25T23:30:00+00:00,68277.24,68294.02,67600.0,67695.86,397.66262,2026-02-25T23:44:59.999000+00:00,27020039.6437422,79490,160.70214,10919232.8146422
2026-02-25T23:45:00+00:00,67695.87,68000.0,67642.39,67988.04,248.38595,2026-02-25T23:59:59.999000+00:00,16860366.0857101,67016,168.29841,11424237.6636297
2026-02-26T00:00:00+00:00,67988.04,68172.0,67727.52,68153.57,331.99165,2026-02-26T00:14:59.999000+00:00,22554177.9311701,77498,251.03126,17055468.8736885
2026-02-26T00:15:00+00:00,68153.58,68445.82,68119.7,68280.8,289.06987,2026-02-26T00:29:59.999000+00:00,19746913.5214705,74875,159.59961,10902199.0102356
2026-02-26T00:30:00+00:00,68280.79,68539.17,67974.51,68195.93,349.7613,2026-02-26T00:44:59.999000+00:00,23871227.4885311,97840,154.61474,10558692.8808456
2026-02-26T00:45:00+00:00,68195.93,68373.25,68119.04,68335.99,163.7456,2026-02-26T00:59:59.999000+00:00,11179696.4245175,48295,102.77098,7018689.8263794
2026-02-26T01:00:00+00:00,68335.99,68700.0,68210.35,68568.51,267.51805,2026-02-26T01:14:59.999000+00:00,18318610.0323763,74541,143.35558,9819330.6177576
2026-02-26T01:15:00+00:00,68568.5,68593.91,68370.23,68390.41,106.34404,2026-02-26T01:29:59.999000+00:00,7282595.8832334,43067,42.45815,2908131.3788777
2026-02-26T01:30:00+00:00,68390.41,68551.99,68221.44,68347.47,135.03695,2026-02-26T01:44:59.999000+00:00,9233165.0359464,48390,59.14625,4044332.2832697
2026-02-26T01:45:00+00:00,68347.47,68393.2,68224.6,68248.3,110.29131,2026-02-26T01:59:59.999000+00:00,7532294.8201476,41504,42.27814,2887094.3825795
2026-02-26T02:00:00+00:00,68248.3,68267.1,67779.93,67863.22,411.82375,2026-02-26T02:14:59.999000+00:00,27980038.2113074,80386,193.40307,13132514.466654
2026-02-26T02:15:00+00:00,67863.23,68152.15,67863.22,67936.4,156.45883,2026-02-26T02:29:59.999000+00:00,10636843.6627226,55273,68.84489,4681165.0467036
2026-02-26T02:30:00+00:00,67936.41,68201.35,67936.41,68184.94,138.64922,2026-02-26T02:44:59.999000+00:00,9435098.0844013,53417,76.73522,5222177.6230121
2026-02-26T02:45:00+00:00,68184.94,68351.0,68105.65,68257.45,126.2623,2026-02-26T02:59:59.999000+00:00,8615214.5164599,44581,78.67156,5367932.0673436
2026-02-26T03:00:00+00:00,68257.46,68379.59,68046.38,68145.89,163.81709,2026-02-26T03:14:59.999000+00:00,11171477.2274239,47611,64.1957,4378272.4167841
2026-02-26T03:15:00+00:00,68145.89,68186.54,68072.39,68102.57,82.47484,2026-02-26T03:29:59.999000+00:00,5619017.3552115,32532,49.32522,3360711.9799455
2026-02-26T03:30:00+00:00,68102.57,68279.75,68044.18,68239.36,99.23363,2026-02-26T03:44:59.999000+00:00,6768109.3079909,49496,48.5198,3309412.8929967
2026-02-26T03:45:00+00:00,68239.37,68316.16,68182.4,68216.86,62.99187,2026-02-26T03:59:59.999000+00:00,4299024.6176237,30017,30.32723,2069604.5298621
2026-02-26T04:00:00+00:00,68216.87,68613.69,68179.62,68526.27,176.56337,2026-02-26T04:14:59.999000+00:00,12082252.0783605,50349,105.13176,7193827.580417
2026-02-26T04:15:00+00:00,68526.27,68693.42,68424.76,68562.56,136.2746,2026-02-26T04:29:59.999000+00:00,9344581.099043,47500,66.75333,4576732.4903563
2026-02-26T04:30:00+00:00,68562.55,68860.0,68552.12,68728.89,175.19436,2026-02-26T04:44:59.999000+00:00,12043631.3952597,71007,99.37966,6831870.1315777
2026-02-26T04:45:00+00:00,68728.89,68745.38,68570.57,68571.36,99.52641,2026-02-26T04:59:59.999000+00:00,6833639.9040071,37694,49.81332,3420367.1087872
2026-02-26T05:00:00+00:00,68571.36,68571.37,68231.31,68301.57,128.32136,2026-02-26T05:14:59.999000+00:00,8774394.7012379,64595,47.35802,3238410.4203777
2026-02-26T05:15:00+00:00,68301.56,68412.48,68127.58,68357.86,181.22615,2026-02-26T05:29:59.999000+00:00,12370744.4567113,62354,101.46456,6927177.5387856
2026-02-26T05:30:00+00:00,68357.86,68447.4,68261.72,68414.34,80.2825,2026-02-26T05:44:59.999000+00:00,5488405.2413796,38468,46.07583,3149830.77325
2026-02-26T05:45:00+00:00,68414.35,68509.57,68348.85,68443.81,96.98982,2026-02-26T05:59:59.999000+00:00,6636834.200194,31669,51.26328,3507860.5755892
2026-02-26T06:00:00+00:00,68443.82,68522.0,68282.7,68459.95,139.20252,2026-02-26T06:14:59.999000+00:00,9521630.463309,37654,75.38979,5155716.9473917
2026-02-26T06:15:00+00:00,68459.96,68459.96,68250.01,68255.65,214.52335,2026-02-26T06:29:59.999000+00:00,14667545.9150072,35090,104.95664,7175519.0047471
2026-02-26T06:30:00+00:00,68255.65,68260.2,68122.54,68127.56,146.24808,2026-02-26T06:44:59.999000+00:00,9972452.6030283,39904,43.30448,2952653.0483903
2026-02-26T06:45:00+00:00,68127.56,68226.98,68042.9,68176.75,118.65964,2026-02-26T06:59:59.999000+00:00,8083214.4992401,38201,49.34072,3362039.7927684
2026-02-26T07:00:00+00:00,68176.75,68264.7,68167.91,68229.23,107.68225,2026-02-26T07:14:59.999000+00:00,7345988.8853029,37419,55.08185,3757460.6437069
2026-02-26T07:15:00+00:00,68229.22,68290.18,68103.3,68177.7,97.68789,2026-02-26T07:29:59.999000+00:00,6662556.6105854,32642,48.18391,3286279.7045017
2026-02-26T07:30:00+00:00,68177.69,68194.11,67994.81,67999.85,308.16041,2026-02-26T07:44:59.999000+00:00,20978647.447504,47697,96.9411,6597901.9883063
2026-02-26T07:45:00+00:00,67999.85,68018.93,67817.87,67825.04,326.61351,2026-02-26T07:59:59.999000+00:00,22176203.6772275,44968,77.42452,5256673.3560347
2026-02-26T08:00:00+00:00,67825.05,68049.72,67792.0,68048.93,155.24777,2026-02-26T08:14:59.999000+00:00,10542722.2009215,41691,89.19844,6057687.5743004
2026-02-26T08:15:00+00:00,68048.93,68236.0,67965.7,68029.71,173.46396,2026-02-26T08:29:59.999000+00:00,11813129.6696846,54118,99.29617,6762983.3519737
2026-02-26T08:30:00+00:00,68029.72,68144.27,67927.74,67990.0,206.29937,2026-02-26T08:44:59.999000+00:00,14038365.2425211,53306,119.86136,8156752.8256056
2026-02-26T08:45:00+00:00,67990.0,68116.7,67904.0,67954.01,226.67998,2026-02-26T08:59:59.999000+00:00,15412938.7398932,46140,84.67115,5758461.525493
2026-02-26T09:00:00+00:00,67954.0,68418.51,67933.25,68325.83,290.78052,2026-02-26T09:14:59.999000+00:00,19811823.415985,54604,137.00379,9336385.5069958
2026-02-26T09:15:00+00:00,68325.83,68328.13,68159.12,68188.52,123.51204,2026-02-26T09:29:59.999000+00:00,8426673.9065331,36753,67.36579,4596190.2025897
2026-02-26T09:30:00+00:00,68188.52,68471.89,68150.0,68400.03,218.76908,2026-02-26T09:44:59.999000+00:00,14961951.6911325,50467,152.8264,10451360.6987934
2026-02-26T09:45:00+00:00,68400.04,68644.59,68400.03,68589.41,462.25455,2026-02-26T09:59:59.999000+00:00,31683644.2094362,36468,301.74683,20681238.1192948
2026-02-26T10:00:00+00:00,68589.41,68722.64,68500.0,68514.86,241.91584,2026-02-26T10:14:59.999000+00:00,16594448.6042762,45100,124.06148,8510813.0049057
2026-02-26T10:15:00+00:00,68514.85,68542.17,68332.27,68332.28,232.3377,2026-02-26T10:29:59.999000+00:00,15904154.0793494,39191,112.28564,7685417.120603
2026-02-26T10:30:00+00:00,68332.27,68464.49,68270.96,68440.0,125.07367,2026-02-26T10:44:59.999000+00:00,8552575.6658266,40226,68.26993,4668223.586686
2026-02-26T10:45:00+00:00,68439.99,68450.4,68257.64,68301.62,89.33351,2026-02-26T10:59:59.999000+00:00,6104813.5524804,37840,35.90528,2453508.7111469
2026-02-26T11:00:00+00:00,68301.61,68404.25,68261.1,68347.55,142.90431,2026-02-26T11:14:59.999000+00:00,9766471.0079448,39189,84.79358,5794751.7508007
2026-02-26T11:15:00+00:00,68347.55,68352.19,68144.15,68158.58,160.93932,2026-02-26T11:29:59.999000+00:00,10982768.9871488,42119,51.52101,3515672.3255491
2026-02-26T11:30:00+00:00,68158.59,68230.7,68071.68,68084.73,187.97669,2026-02-26T11:44:59.999000+00:00,12814499.1837467,30841,77.56657,5287522.9109169
2026-02-26T11:45:00+00:00,68084.72,68100.39,67965.46,68051.31,231.12899,2026-02-26T11:59:59.999000+00:00,15720073.2428263,37348,86.94175,5913813.8252046
2026-02-26T12:00:00+00:00,68051.3,68238.39,68027.85,68202.45,144.71435,2026-02-26T12:14:59.999000+00:00,9862745.1050353,39123,80.00967,5452755.0567405
2026-02-26T12:15:00+00:00,68202.45,68303.83,68139.42,68150.46,178.36254,2026-02-26T12:29:59.999000+00:00,12171084.6050479,45701,104.50428,7132127.9782612
2026-02-26T12:30:00+00:00,68150.45,68290.17,68082.32,68082.32,143.28963,2026-02-26T12:44:59.999000+00:00,9772413.3506047,47066,64.081,4370154.8647409
2026-02-26T12:45:00+00:00,68082.33,68232.2,68009.88,68171.56,175.71229,2026-02-26T12:59:59.999000+00:00,11969832.8996305,45664,102.04133,6951145.9220763
2026-02-26T13:00:00+00:00,68171.55,68213.98,67994.43,68032.95,128.25476,2026-02-26T13:14:59.999000+00:00,8736267.3791567,52309,65.06986,4432567.6340624
2026-02-26T13:15:00+00:00,68032.95,68166.1,67923.34,68158.51,162.51058,2026-02-26T13:29:59.999000+00:00,11054471.5280715,49228,70.16462,4774636.4265996
2026-02-26T13:30:00+00:00,68158.51,68193.71,67972.74,68081.66,148.02757,2026-02-26T13:44:59.999000+00:00,10078171.5469879,50578,73.85155,5028127.4951977
2026-02-26T13:45:00+00:00,68081.65,68195.52,67848.69,67905.35,260.17492,2026-02-26T13:59:59.999000+00:00,17693874.7366803,60187,127.42248,8666249.383195
2026-02-26T14:00:00+00:00,67905.34,68034.46,67650.82,67987.84,366.54696,2026-02-26T14:14:59.999000+00:00,24854782.2210838,80903,120.62215,8181386.2967746
2026-02-26T14:15:00+00:00,67987.83,68151.78,67817.2,68116.0,161.35704,2026-02-26T14:29:59.999000+00:00,10971728.9729354,54577,95.16483,6471938.4507103
2026-02-26T14:30:00+00:00,68116.0,68272.21,67738.43,67799.74,547.01684,2026-02-26T14:44:59.999000+00:00,37195374.1969529,186295,244.29831,16613041.6584514
2026-02-26T14:45:00+00:00,67799.59,67826.62,67264.22,67697.74,694.34649,2026-02-26T14:59:59.999000+00:00,46853792.2923207,168898,309.35649,20870037.9593393
2026-02-26T15:00:00+00:00,67696.89,67743.36,67249.7,67374.3,323.80666,2026-02-26T15:14:59.999000+00:00,21863738.9994695,121027,137.09933,9258141.6613335
2026-02-26T15:15:00+00:00,67374.3,67395.66,66855.21,66979.88,800.4713,2026-02-26T15:29:59.999000+00:00,53654045.6440544,180853,365.28737,24485355.7079857
2026-02-26T15:30:00+00:00,66979.87,67468.01,66761.16,67347.34,624.50857,2026-02-26T15:44:59.999000+00:00,41903155.685827,171455,337.73815,22670103.6293488
2026-02-26T15:45:00+00:00,67347.34,67610.47,67230.81,67382.0,347.09487,2026-02-26T15:59:59.999000+00:00,23396721.8898308,113429,193.12365,13020313.2883643
2026-02-26T16:00:00+00:00,67382.0,67441.97,67055.0,67150.03,316.71777,2026-02-26T16:14:59.999000+00:00,21289773.1310303,104472,139.54662,9377842.2385941
2026-02-26T16:15:00+00:00,67150.03,67566.85,67114.21,67452.01,187.96313,2026-02-26T16:29:59.999000+00:00,12654180.0511218,79366,120.21221,8094316.5483494
2026-02-26T16:30:00+00:00,67452.0,67458.05,66909.09,67041.58,331.64348,2026-02-26T16:44:59.999000+00:00,22253200.0921293,115185,171.37275,11499304.4894234
2026-02-26T16:45:00+00:00,67041.58,67061.24,66500.0,66643.55,1213.87655,2026-02-26T16:59:59.999000+00:00,80951956.5316026,148011,470.99419,31413873.3782491
2026-02-26T17:00:00+00:00,66643.56,67011.54,66600.46,66890.89,393.91989,2026-02-26T17:14:59.999000+00:00,26334692.378629,111811,211.47084,14135915.2444885
2026-02-26T17:15:00+00:00,66890.88,67044.1,66761.47,66936.31,171.18212,2026-02-26T17:29:59.999000+00:00,11450586.1720197,72554,81.39218,5444807.1062908
2026-02-26T17:30:00+00:00,66936.31,67022.65,66710.0,66747.47,156.98806,2026-02-26T17:44:59.999000+00:00,10494835.6436973,60084,70.29964,4700346.9910198
2026-02-26T17:45:00+00:00,66747.46,66854.57,66620.01,66826.8,163.73748,2026-02-26T17:59:59.999000+00:00,10931630.2937318,59231,85.29239,5694872.3667859
2026-02-26T18:00:00+00:00,66826.8,66883.64,66575.73,66771.52,267.19274,2026-02-26T18:14:59.999000+00:00,17825827.8645632,81060,104.4536,6968803.11668
2026-02-26T18:15:00+00:00,66771.51,67027.24,66745.24,66863.0,171.94366,2026-02-26T18:29:59.999000+00:00,11503978.110951,59276,97.33768,6512567.8256397
2026-02-26T18:30:00+00:00,66863.0,67373.9,66842.51,67262.95,441.80897,2026-02-26T18:44:59.999000+00:00,29694044.2651828,81313,297.65044,20005032.463096
2026-02-26T18:45:00+00:00,67262.94,67352.84,67181.81,67310.53,177.52659,2026-02-26T18:59:59.999000+00:00,11942585.4645266,45746,99.60191,6700905.4068038
2026-02-26T19:00:00+00:00,67310.53,67903.12,67285.99,67503.83,473.43139,2026-02-26T19:14:59.999000+00:00,32020593.3208706,88006,271.78873,18380323.3615442
2026-02-26T19:15:00+00:00,67503.83,67770.51,67487.86,67572.96,290.29708,2026-02-26T19:29:59.999000+00:00,19628262.6794756,58015,143.28654,9686584.3528725
2026-02-26T19:30:00+00:00,67572.95,67703.69,67394.64,67478.24,266.22393,2026-02-26T19:44:59.999000+00:00,17989210.3642308,48290,77.06142,5205897.7680932
2026-02-26T19:45:00+00:00,67478.24,67713.96,67478.24,67589.22,205.99773,2026-02-26T19:59:59.999000+00:00,13923459.359052,39512,137.81457,9313862.7818303
2026-02-26T20:00:00+00:00,67589.21,67827.34,67589.21,67679.9,131.19495,2026-02-26T20:14:59.999000+00:00,8884732.2199153,41273,62.73027,4248609.7144353
2026-02-26T20:15:00+00:00,67679.89,67831.11,67550.54,67559.79,92.18501,2026-02-26T20:29:59.999000+00:00,6239715.6406476,32514,42.70692,2890492.0540129
2026-02-26T20:30:00+00:00,67559.79,67559.79,67269.42,67470.59,272.58408,2026-02-26T20:44:59.999000+00:00,18372029.9402879,39478,101.95956,6875295.9520806
2026-02-26T20:45:00+00:00,67470.59,67470.6,67290.72,67414.07,101.92583,2026-02-26T20:59:59.999000+00:00,6868008.2617222,31742,48.22318,3249570.4103449
2026-02-26T21:00:00+00:00,67414.07,67447.26,67150.14,67358.6,121.83983,2026-02-26T21:14:59.999000+00:00,8200349.1583665,42252,56.14132,3778933.5134009
2026-02-26T21:15:00+00:00,67358.6,67503.61,67316.96,67477.12,77.15956,2026-02-26T21:29:59.999000+00:00,5201561.9216167,25824,51.40744,3466192.1329212
2026-02-26T21:30:00+00:00,67477.11,67481.1,67372.0,67440.03,44.79763,2026-02-26T21:44:59.999000+00:00,3020232.6609086,19753,18.00124,1213677.1775924
2026-02-26T21:45:00+00:00,67440.02,67575.97,67401.82,67463.65,56.0503,2026-02-26T21:59:59.999000+00:00,3782881.6284524,22480,27.64526,1865842.6776981
2026-02-26T22:00:00+00:00,67463.65,67591.78,67405.75,67546.77,62.69691,2026-02-26T22:14:59.999000+00:00,4230350.8777273,14502,26.43627,1783704.5346804
2026-02-26T22:15:00+00:00,67546.77,67554.42,67301.75,67414.52,80.34937,2026-02-26T22:29:59.999000+00:00,5414681.0588765,15672,19.27932,1299351.9992345
2026-02-26T22:30:00+00:00,67414.52,67630.22,67405.13,67600.21,107.19477,2026-02-26T22:44:59.999000+00:00,7242520.175627,17770,74.26908,5018076.7316985
2026-02-26T22:45:00+00:00,67600.2,67628.0,67500.01,67572.3,41.39255,2026-02-26T22:59:59.999000+00:00,2796993.5349105,15751,22.08823,1492569.4886154
2026-02-26T23:00:00+00:00,67572.3,67572.3,67390.65,67519.48,72.53365,2026-02-26T23:14:59.999000+00:00,4893895.1069268,25224,29.32791,1978753.7827431
2026-02-26T23:15:00+00:00,67519.49,67625.11,67454.6,67569.44,73.2374,2026-02-26T23:29:59.999000+00:00,4949246.1169186,15150,50.32952,3401262.7787918
2026-02-26T23:30:00+00:00,67569.43,67656.11,67490.0,67506.23,122.01942,2026-02-26T23:44:59.999000+00:00,8246218.8095077,24956,73.20748,4947707.2868188
2026-02-26T23:45:00+00:00,67506.22,67519.83,67414.65,67485.18,46.7269,2026-02-26T23:59:59.999000+00:00,3152950.9780075,20636,22.88135,1543838.9422736
2026-02-27T00:00:00+00:00,67485.19,67537.84,67273.0,67356.64,155.4066,2026-02-27T00:14:59.999000+00:00,10480934.092807,38240,27.89382,1880915.8977184
2026-02-27T00:15:00+00:00,67356.64,67385.89,67170.0,67307.23,68.10791,2026-02-27T00:29:59.999000+00:00,4581098.522708,34726,27.27866,1834876.2558206
2026-02-27T00:30:00+00:00,67307.23,67317.75,67032.11,67132.81,134.42519,2026-02-27T00:44:59.999000+00:00,9025625.1036118,47423,56.342,3784215.5208186
2026-02-27T00:45:00+00:00,67132.8,67285.84,67000.0,67226.5,104.9706,2026-02-27T00:59:59.999000+00:00,7050381.464697,40662,57.17053,3841916.4222148
2026-02-27T01:00:00+00:00,67226.5,67243.1,66885.0,66998.09,183.2005,2026-02-27T01:14:59.999000+00:00,12277301.4955375,49846,72.44133,4855589.4111582
2026-02-27T01:15:00+00:00,66998.09,67150.49,66974.0,67073.13,65.93743,2026-02-27T01:29:59.999000+00:00,4422191.1881246,40001,37.05242,2485018.4836562
2026-02-27T01:30:00+00:00,67073.12,67312.47,67023.13,67152.24,402.701,2026-02-27T01:44:59.999000+00:00,27066487.3655476,71965,203.22307,13658875.2350328
2026-02-27T01:45:00+00:00,67152.25,67398.86,67114.0,67352.26,166.31545,2026-02-27T01:59:59.999000+00:00,11185605.5821168,59679,99.05045,6663462.49778
2026-02-27T02:00:00+00:00,67352.26,67484.89,67300.0,67325.34,115.92699,2026-02-27T02:14:59.999000+00:00,7814356.0659311,50797,55.78954,3760899.8766756
2026-02-27T02:15:00+00:00,67325.35,67529.11,67280.0,67412.48,153.16492,2026-02-27T02:29:59.999000+00:00,10321681.0965248,47835,87.45016,5892399.1250148
2026-02-27T02:30:00+00:00,67412.48,67546.15,67360.7,67430.64,93.33443,2026-02-27T02:44:59.999000+00:00,6297737.2834352,27809,54.84428,3700808.0202952
2026-02-27T02:45:00+00:00,67430.64,67483.82,67263.56,67266.58,100.66977,2026-02-27T02:59:59.999000+00:00,6782282.3698881,28939,48.00443,3234042.4066788
2026-02-27T03:00:00+00:00,67266.58,67294.11,67112.24,67177.7,104.35154,2026-02-27T03:14:59.999000+00:00,7012910.130074,28866,48.20471,3239668.9887917
2026-02-27T03:15:00+00:00,67177.69,67231.67,67099.71,67112.05,62.56535,2026-02-27T03:29:59.999000+00:00,4201890.211565,23763,28.64499,1923656.2165356
2026-02-27T03:30:00+00:00,67112.06,67400.0,67112.06,67395.27,97.29994,2026-02-27T03:44:59.999000+00:00,6546188.5402756,30446,63.86237,4296449.873965
2026-02-27T03:45:00+00:00,67395.27,67712.16,67332.2,67600.84,151.45688,2026-02-27T03:59:59.999000+00:00,10225853.905605,38978,88.92334,6004502.595994
2026-02-27T04:00:00+00:00,67600.84,67962.28,67578.67,67927.79,319.79966,2026-02-27T04:14:59.999000+00:00,21679545.7622489,71720,180.5925,12242411.3255672
2026-02-27T04:15:00+00:00,67927.78,68216.8,67884.94,67947.9,278.44663,2026-02-27T04:29:59.999000+00:00,18944628.6082331,69387,145.39112,9892778.5536536
2026-02-27T04:30:00+00:00,67947.91,67964.6,67685.22,67759.6,226.70705,2026-02-27T04:44:59.999000+00:00,15372030.177692,38319,69.58327,4717804.7604909
2026-02-27T04:45:00+00:00,67759.6,67974.59,67700.0,67747.49,493.58477,2026-02-27T04:59:59.999000+00:00,33496369.6931224,40676,267.36315,18144873.716613
2026-02-27T05:00:00+00:00,67747.49,67924.0,67717.82,67859.09,116.58905,2026-02-27T05:14:59.999000+00:00,7907101.1236371,31312,78.52507,5325778.6365103
2026-02-27T05:15:00+00:00,67859.09,67885.35,67688.03,67806.87,153.28067,2026-02-27T05:29:59.999000+00:00,10390199.1754757,30880,95.09471,6444845.259752
2026-02-27T05:30:00+00:00,67806.88,67878.47,67774.83,67841.51,73.28571,2026-02-27T05:44:59.999000+00:00,4971290.9393993,20953,33.72034,2287419.7475497
2026-02-27T05:45:00+00:00,67841.51,67861.79,67683.3,67724.99,68.4106,2026-02-27T05:59:59.999000+00:00,4635505.4602122,20334,31.33967,2123652.6012524
2026-02-27T06:00:00+00:00,67725.0,67780.5,67654.18,67667.13,95.41364,2026-02-27T06:14:59.999000+00:00,6460622.2703366,19828,36.48014,2470789.4174622
2026-02-27T06:15:00+00:00,67667.12,67701.34,67525.46,67605.15,151.98496,2026-02-27T06:29:59.999000+00:00,10272690.3390715,29942,40.92085,2766477.6671891
2026-02-27T06:30:00+00:00,67605.15,67772.52,67605.14,67740.21,80.00571,2026-02-27T06:44:59.999000+00:00,5416345.8097364,26486,41.02915,2777647.0508231
2026-02-27T06:45:00+00:00,67740.21,67823.9,67652.32,67658.14,71.19937,2026-02-27T06:59:59.999000+00:00,4822223.3435119,23846,35.74913,2421302.933237
2026-02-27T07:00:00+00:00,67658.14,67720.01,67569.89,67653.86,62.46861,2026-02-27T07:14:59.999000+00:00,4225698.5579696,22009,30.95301,2093824.3261415
2026-02-27T07:15:00+00:00,67653.85,67664.25,67459.3,67506.39,195.95443,2026-02-27T07:29:59.999000+00:00,13235452.3542618,26845,45.59742,3082058.0210158
2026-02-27T07:30:00+00:00,67506.4,67630.74,67463.32,67549.02,248.65815,2026-02-27T07:44:59.999000+00:00,16795975.6004787,41577,140.47897,9488650.8560462
2026-02-27T07:45:00+00:00,67549.01,67774.48,67517.5,67690.6,389.48367,2026-02-27T07:59:59.999000+00:00,26362373.8818587,38096,289.86157,19620029.5988804
2026-02-27T08:00:00+00:00,67690.6,68050.0,67655.86,67890.94,175.39531,2026-02-27T08:14:59.999000+00:00,11904121.5584764,45094,111.15888,7544942.926047
2026-02-27T08:15:00+00:00,67890.94,67984.82,67866.46,67967.9,134.32605,2026-02-27T08:29:59.999000+00:00,9123734.6092231,26672,56.31122,3824936.4117988
2026-02-27T08:30:00+00:00,67967.9,68030.21,67745.08,67924.38,125.934,2026-02-27T08:44:59.999000+00:00,8546804.4885407,29912,67.10546,4554665.5531443
2026-02-27T08:45:00+00:00,67924.38,68079.83,67900.0,67926.24,277.32511,2026-02-27T08:59:59.999000+00:00,18848997.4629721,33107,106.00096,7205442.1856282
2026-02-27T09:00:00+00:00,67926.25,68046.4,67836.95,67972.86,881.08899,2026-02-27T09:14:59.999000+00:00,59850563.8548802,50442,179.41096,12187059.9510537
2026-02-27T09:15:00+00:00,67972.86,68149.93,67877.5,68026.05,149.49039,2026-02-27T09:29:59.999000+00:00,10164575.6556837,30969,73.36361,4988557.4089096
2026-02-27T09:30:00+00:00,68026.04,68042.43,67609.7,67609.71,153.40522,2026-02-27T09:44:59.999000+00:00,10409826.2546963,29838,66.90593,4541534.0842499
2026-02-27T09:45:00+00:00,67609.7,67609.8,67284.22,67355.73,193.3056,2026-02-27T09:59:59.999000+00:00,13034114.4445433,49901,88.0786,5938444.2062146
2026-02-27T10:00:00+00:00,67355.72,67416.78,66837.18,66874.31,396.50942,2026-02-27T10:14:59.999000+00:00,26592797.839181,68084,156.15518,10472707.5796402
2026-02-27T10:15:00+00:00,66874.31,67051.54,66688.91,66788.31,493.27724,2026-02-27T10:29:59.999000+00:00,32973060.2970925,53257,174.80073,11689349.1840234
2026-02-27T10:30:00+00:00,66789.24,66959.62,66705.46,66816.06,254.67469,2026-02-27T10:44:59.999000+00:00,17020210.9410277,38082,129.10068,8628349.7721171
2026-02-27T10:45:00+00:00,66816.06,66838.61,66574.0,66604.91,270.37076,2026-02-27T10:59:59.999000+00:00,18029733.4631294,41098,100.22987,6683420.6332948
2026-02-27T11:00:00+00:00,66604.9,66778.68,66603.74,66700.53,202.4767,2026-02-27T11:14:59.999000+00:00,13504128.2260193,31898,89.22308,5951174.7842756
2026-02-27T11:15:00+00:00,66700.53,66700.98,66361.0,66525.66,362.77335,2026-02-27T11:29:59.999000+00:00,24125741.5115284,45554,132.98396,8845196.6481148
2026-02-27T11:30:00+00:00,66525.65,66575.95,65960.01,66002.58,546.81846,2026-02-27T11:44:59.999000+00:00,36203315.126067,60673,192.79822,12767531.6885596
2026-02-27T11:45:00+00:00,66002.59,66185.23,65987.5,66126.99,287.52405,2026-02-27T11:59:59.999000+00:00,18999303.7303085,34767,192.87414,12745634.9773445
2026-02-27T12:00:00+00:00,66126.99,66217.42,65904.66,65988.97,303.54287,2026-02-27T12:14:59.999000+00:00,20055048.9241661,38348,141.96428,9381165.1521122
2026-02-27T12:15:00+00:00,65988.97,66127.84,65891.48,65899.99,890.70507,2026-02-27T12:29:59.999000+00:00,58763275.0301284,37183,510.25971,33662760.5885949
2026-02-27T12:30:00+00:00,65900.0,66044.1,65860.0,65897.31,253.42907,2026-02-27T12:44:59.999000+00:00,16709213.6914314,29449,129.79702,8558016.7774845
2026-02-27T12:45:00+00:00,65897.31,65928.01,65734.71,65928.01,407.35628,2026-02-27T12:59:59.999000+00:00,26802984.6462439,43972,182.22717,11990409.9424341
2026-02-27T13:00:00+00:00,65928.01,66164.43,65901.58,66043.03,277.4225,2026-02-27T13:14:59.999000+00:00,18320102.137826,33802,146.15598,9651300.3685058
2026-02-27T13:15:00+00:00,66043.04,66150.3,65920.26,66018.0,254.94746,2026-02-27T13:29:59.999000+00:00,16837576.072494,29007,125.37507,8280828.8154363
2026-02-27T13:30:00+00:00,66017.99,66057.18,65649.34,66030.92,477.99649,2026-02-27T13:44:59.999000+00:00,31468263.5711392,60818,232.84168,15333192.4183671
2026-02-27T13:45:00+00:00,66031.2,66344.9,66029.76,66270.55,268.18672,2026-02-27T13:59:59.999000+00:00,17755425.2124829,50299,142.44822,9430584.5379079
2026-02-27T14:00:00+00:00,66270.55,66334.87,66145.69,66323.22,195.15233,2026-02-27T14:14:59.999000+00:00,12929287.7197913,42481,78.56452,5204635.6765187
2026-02-27T14:15:00+00:00,66323.22,66323.23,66002.68,66117.81,209.37325,2026-02-27T14:29:59.999000+00:00,13838841.7948167,46263,106.17051,7016663.4777927
2026-02-27T14:30:00+00:00,66117.81,66316.3,65790.0,65880.01,652.73502,2026-02-27T14:44:59.999000+00:00,43082066.7245134,103227,346.24007,22851266.8955643
2026-02-27T14:45:00+00:00,65880.0,65992.32,65686.64,65887.59,346.97146,2026-02-27T14:59:59.999000+00:00,22839901.601971,101673,202.63566,13340256.1569577
2026-02-27T15:00:00+00:00,65887.59,66237.68,65845.18,66034.27,346.11019,2026-02-27T15:14:59.999000+00:00,22863522.2264077,91860,197.17285,13026410.3737547
2026-02-27T15:15:00+00:00,66034.26,66237.35,65900.0,66113.99,229.12654,2026-02-27T15:29:59.999000+00:00,15138491.434691,66883,123.34321,8150280.3975721
2026-02-27T15:30:00+00:00,66113.98,66129.61,65866.0,66076.41,175.04284,2026-02-27T15:44:59.999000+00:00,11552789.1451589,48097,69.21389,4567977.5925381
2026-02-27T15:45:00+00:00,66076.41,66311.11,66062.75,66095.4,206.84021,2026-02-27T15:59:59.999000+00:00,13688265.3060053,50510,93.73992,6202979.4340254
2026-02-27T16:00:00+00:00,66095.4,66121.03,65755.4,65897.56,314.75793,2026-02-27T16:14:59.999000+00:00,20747556.3973883,63490,116.50174,7678733.2457301
2026-02-27T16:15:00+00:00,65897.55,66067.38,65847.52,65996.26,158.06407,2026-02-27T16:29:59.999000+00:00,10424843.8798935,46228,79.48875,5241798.7533443
2026-02-27T16:30:00+00:00,65996.26,66054.36,65700.0,65729.57,169.97711,2026-02-27T16:44:59.999000+00:00,11196995.7175005,42324,76.13697,5014824.70201
2026-02-27T16:45:00+00:00,65729.57,65808.65,65462.93,65475.21,492.76576,2026-02-27T16:59:59.999000+00:00,32310769.6156317,78438,173.90627,11401564.2774324
2026-02-27T17:00:00+00:00,65475.21,65665.72,65408.0,65460.09,254.06538,2026-02-27T17:14:59.999000+00:00,16654002.0435928,54236,119.95356,7862678.5810362
2026-02-27T17:15:00+00:00,65460.08,65543.61,65190.59,65205.21,368.16691,2026-02-27T17:29:59.999000+00:00,24056874.3103613,66695,153.53584,10036110.2630491
2026-02-27T17:30:00+00:00,65205.21,65536.06,65113.72,65411.38,432.97629,2026-02-27T17:44:59.999000+00:00,28308010.7813092,69777,271.07935,17726375.6424553
2026-02-27T17:45:00+00:00,65411.39,65765.06,65384.54,65703.19,210.18851,2026-02-27T17:59:59.999000+00:00,13785862.9163996,47501,156.84334,10288416.9042371
2026-02-27T18:00:00+00:00,65703.18,65788.07,65506.79,65545.82,170.40386,2026-02-27T18:14:59.999000+00:00,11188488.380745,44405,98.50233,6469592.3606878
2026-02-27T18:15:00+00:00,65545.82,65610.63,65379.79,65576.39,147.45327,2026-02-27T18:29:59.999000+00:00,9653933.8924759,37412,61.93833,4056254.2737747
2026-02-27T18:30:00+00:00,65576.39,65679.88,65520.07,65574.31,122.80721,2026-02-27T18:44:59.999000+00:00,8056039.2192321,31594,88.02189,5774437.3393026
2026-02-27T18:45:00+00:00,65574.3,65581.86,65228.33,65314.76,182.34403,2026-02-27T18:59:59.999000+00:00,11911987.5795633,38194,60.5815,3958097.8412487
2026-02-27T19:00:00+00:00,65314.76,65434.88,65172.6,65287.27,132.34216,2026-02-27T19:14:59.999000+00:00,8641704.2974359,36948,58.17363,3798405.9795775
2026-02-27T19:15:00+00:00,65287.26,65420.35,65214.0,65339.58,182.12593,2026-02-27T19:29:59.999000+00:00,11886753.93694,28785,99.44248,6491404.5214572
2026-02-27T19:30:00+00:00,65339.59,65420.81,65250.0,65293.63,356.99799,2026-02-27T19:44:59.999000+00:00,23338049.5736206,24482,140.50662,9186367.5718815
2026-02-27T19:45:00+00:00,65293.64,65457.35,65258.41,65392.18,180.48983,2026-02-27T19:59:59.999000+00:00,11803956.8959648,27141,151.43613,9904483.0381444
2026-02-27T20:00:00+00:00,65392.18,65600.0,65392.18,65566.41,121.95433,2026-02-27T20:14:59.999000+00:00,7989142.7465695,29028,77.65863,5088076.4282814
2026-02-27T20:15:00+00:00,65566.41,65644.81,65553.73,65577.54,101.8166,2026-02-27T20:29:59.999000+00:00,6678562.7803438,21609,64.05155,4201361.7371347
2026-02-27T20:30:00+00:00,65577.55,65657.22,65464.0,65631.29,85.70967,2026-02-27T20:44:59.999000+00:00,5620290.4815253,24805,34.77704,2280534.1756215
2026-02-27T20:45:00+00:00,65631.29,65666.66,65556.0,65594.67,135.38408,2026-02-27T20:59:59.999000+00:00,8882194.3038213,35224,44.33655,2908691.3255679
2026-02-27T21:00:00+00:00,65594.67,65713.7,65496.05,65577.21,103.70191,2026-02-27T21:14:59.999000+00:00,6803196.8607006,30280,52.77405,3462620.0464183
2026-02-27T21:15:00+00:00,65577.22,65749.94,65577.21,65704.54,56.19089,2026-02-27T21:29:59.999000+00:00,3691273.6405946,16687,31.38344,2061483.9934878
2026-02-27T21:30:00+00:00,65704.54,65718.62,65577.21,65621.37,61.60524,2026-02-27T21:44:59.999000+00:00,4042779.8084401,18637,30.21619,1982771.3954697
2026-02-27T21:45:00+00:00,65621.36,65621.37,65400.0,65527.59,61.15836,2026-02-27T21:59:59.999000+00:00,4007013.711758,14902,22.41384,1468453.343332
2026-02-27T22:00:00+00:00,65527.59,65590.78,65450.0,65546.28,47.42714,2026-02-27T22:14:59.999000+00:00,3106706.5972115,13291,16.17394,1059624.6081649
2026-02-27T22:15:00+00:00,65546.28,65615.3,65446.98,65466.66,48.02683,2026-02-27T22:29:59.999000+00:00,3146816.8899822,16056,18.69363,1224980.9596418
2026-02-27T22:30:00+00:00,65466.66,65597.06,64914.46,65597.05,526.29676,2026-02-27T22:44:59.999000+00:00,34307801.3656478,56535,200.82023,13110789.7735588
2026-02-27T22:45:00+00:00,65597.06,65673.33,65516.26,65637.99,91.78417,2026-02-27T22:59:59.999000+00:00,6021666.8557583,18935,59.31033,3891303.8608483
2026-02-27T23:00:00+00:00,65638.0,65869.63,65551.67,65736.63,121.31981,2026-02-27T23:14:59.999000+00:00,7973115.7413938,23826,65.30307,4292255.2626263
2026-02-27T23:15:00+00:00,65736.62,65900.0,65731.44,65886.41,67.008,2026-02-27T23:29:59.999000+00:00,4412725.070026,14896,34.27693,2257009.8843439
2026-02-27T23:30:00+00:00,65886.42,65953.2,65828.32,65833.15,73.18095,2026-02-27T23:44:59.999000+00:00,4822537.8538543,14771,48.4481,3192845.8218794
2026-02-27T23:45:00+00:00,65833.14,65917.8,65832.0,65872.1,65.35244,2026-02-27T23:59:59.999000+00:00,4305507.1979594,13527,37.01551,2438576.7125991
2026-02-28T00:00:00+00:00,65872.09,66025.52,65830.0,65998.04,114.94719,2026-02-28T00:14:59.999000+00:00,7576295.8567244,24014,61.19696,4034260.967398
2026-02-28T00:15:00+00:00,65998.04,66012.87,65721.13,65775.8,126.07475,2026-02-28T00:29:59.999000+00:00,8302580.9111968,19172,50.7281,3341426.3082361
2026-02-28T00:30:00+00:00,65775.8,65966.85,65735.74,65950.21,44.63379,2026-02-28T00:44:59.999000+00:00,2938760.3315842,12760,25.67969,1691032.4328161
2026-02-28T00:45:00+00:00,65950.21,65985.18,65903.3,65942.0,48.76876,2026-02-28T00:59:59.999000+00:00,3216108.6805195,11534,30.67754,2022992.6725044
2026-02-28T01:00:00+00:00,65942.01,65971.93,65822.43,65859.38,42.92563,2026-02-28T01:14:59.999000+00:00,2828434.4900068,13465,17.98623,1185228.8691128
2026-02-28T01:15:00+00:00,65859.39,65970.0,65814.01,65838.0,118.79863,2026-02-28T01:29:59.999000+00:00,7830605.0365583,23642,79.18735,5220070.6516659
2026-02-28T01:30:00+00:00,65838.01,65856.36,65743.71,65791.58,60.11518,2026-02-28T01:44:59.999000+00:00,3955329.6053632,22253,23.69037,1558851.1766021
2026-02-28T01:45:00+00:00,65791.57,65867.45,65756.15,65770.36,45.9733,2026-02-28T01:59:59.999000+00:00,3026510.2341432,11723,31.70609,2087641.7063699
2026-02-28T02:00:00+00:00,65770.36,65930.51,65761.94,65870.61,40.97832,2026-02-28T02:14:59.999000+00:00,2698475.0550294,17893,22.76097,1499074.9110185
2026-02-28T02:15:00+00:00,65870.61,65975.68,65870.61,65918.71,33.9877,2026-02-28T02:29:59.999000+00:00,2240703.7231948,12495,19.74924,1301979.605837
2026-02-28T02:30:00+00:00,65918.7,65992.01,65913.33,65964.51,61.63236,2026-02-28T02:44:59.999000+00:00,4064980.4746032,13277,46.8171,3087692.6579991
2026-02-28T02:45:00+00:00,65964.5,66018.85,65949.74,65961.13,67.4945,2026-02-28T02:59:59.999000+00:00,4453125.5123182,12842,23.21318,1531735.3729175
2026-02-28T03:00:00+00:00,65961.13,65966.4,65850.48,65859.14,61.06033,2026-02-28T03:14:59.999000+00:00,4023564.644534,15002,23.50963,1549223.7614565
2026-02-28T03:15:00+00:00,65859.14,65982.34,65859.14,65889.86,56.18968,2026-02-28T03:29:59.999000+00:00,3703644.0964668,17450,32.93053,2170408.8246059
2026-02-28T03:30:00+00:00,65889.86,65924.36,65745.39,65768.82,92.00432,2026-02-28T03:44:59.999000+00:00,6055837.2323131,18968,29.51732,1942864.3246787
2026-02-28T03:45:00+00:00,65768.81,65849.15,65768.81,65797.42,30.15964,2026-02-28T03:59:59.999000+00:00,1984679.6740162,11865,11.75498,773565.5169719
2026-02-28T04:00:00+00:00,65797.42,65818.44,65707.62,65750.93,42.89575,2026-02-28T04:14:59.999000+00:00,2821245.0204471,15057,12.5143,823057.6221222
2026-02-28T04:15:00+00:00,65750.92,65815.31,65641.62,65673.05,73.97027,2026-02-28T04:29:59.999000+00:00,4861107.3403724,18202,31.0823,2043033.4022736
2026-02-28T04:30:00+00:00,65673.05,65681.48,65488.0,65650.44,123.60817,2026-02-28T04:44:59.999000+00:00,8107071.0565129,27511,35.59794,2335050.1530849
2026-02-28T04:45:00+00:00,65650.44,65705.17,65604.05,65663.2,71.06263,2026-02-28T04:59:59.999000+00:00,4665409.9969863,18503,28.00442,1838597.0532746
2026-02-28T05:00:00+00:00,65663.21,65724.83,65623.44,65722.52,58.44726,2026-02-28T05:14:59.999000+00:00,3838178.0489391,15769,27.14696,1782921.0553018
2026-02-28T05:15:00+00:00,65722.51,65729.65,65646.07,65646.08,47.03451,2026-02-28T05:29:59.999000+00:00,3089460.9043403,13208,15.71668,1032303.7917594
2026-02-28T05:30:00+00:00,65646.08,65646.08,65500.0,65557.51,121.90431,2026-02-28T05:44:59.999000+00:00,7992046.7877402,23948,28.17573,1847193.004529
2026-02-28T05:45:00+00:00,65557.5,65591.04,65501.24,65591.03,72.81787,2026-02-28T05:59:59.999000+00:00,4771466.6417241,16339,31.6063,2070982.9863768
2026-02-28T06:00:00+00:00,65591.03,65591.04,65466.63,65492.96,43.8347,2026-02-28T06:14:59.999000+00:00,2872988.2436868,13325,16.38632,1074057.0500202
2026-02-28T06:15:00+00:00,65492.96,65504.55,64400.0,64570.21,1108.86586,2026-02-28T06:29:59.999000+00:00,71900560.1825725,186035,440.51472,28565118.4533367
2026-02-28T06:30:00+00:00,64570.21,64580.05,63574.51,64052.07,1208.31958,2026-02-28T06:44:59.999000+00:00,77270175.1851758,258836,488.23935,31217551.4440498
2026-02-28T06:45:00+00:00,64052.07,64073.2,63030.0,63216.01,814.17431,2026-02-28T06:59:59.999000+00:00,51655392.2884149,157644,344.66708,21856476.1346545
2026-02-28T07:00:00+00:00,63216.01,63824.55,63038.0,63769.71,616.27397,2026-02-28T07:14:59.999000+00:00,39142178.3579857,144368,377.24279,23957871.6488606
2026-02-28T07:15:00+00:00,63769.72,63890.88,63351.18,63512.86,414.06658,2026-02-28T07:29:59.999000+00:00,26323397.8881553,97063,197.76394,12574912.9868379
2026-02-28T07:30:00+00:00,63512.85,64327.22,63467.11,64056.29,700.08225,2026-02-28T07:44:59.999000+00:00,44799007.7267185,115281,343.81243,21988407.9468191
2026-02-28T07:45:00+00:00,64058.04,64068.74,63807.99,63826.0,397.55647,2026-02-28T07:59:59.999000+00:00,25415637.7507476,60209,163.20932,10432681.2250099
2026-02-28T08:00:00+00:00,63825.99,63877.09,63540.03,63623.2,394.73057,2026-02-28T08:14:59.999000+00:00,25135923.7304626,71284,175.51481,11177089.8095227
2026-02-28T08:15:00+00:00,63623.2,63800.0,63420.0,63628.1,304.85834,2026-02-28T08:29:59.999000+00:00,19392647.6199154,85438,149.59151,9519754.6075533
2026-02-28T08:30:00+00:00,63628.11,63763.85,63532.61,63611.87,213.24389,2026-02-28T08:44:59.999000+00:00,13571383.9949269,59654,115.87548,7375495.0102373
2026-02-28T08:45:00+00:00,63611.88,63691.02,63411.39,63473.28,205.30558,2026-02-28T08:59:59.999000+00:00,13050008.3062856,47795,88.22395,5606840.1284825
2026-02-28T09:00:00+00:00,63473.27,63715.52,63372.1,63708.79,207.33573,2026-02-28T09:14:59.999000+00:00,13167649.4960378,66983,112.72907,7160269.9075376
2026-02-28T09:15:00+00:00,63708.8,64005.35,63592.11,63842.21,266.23352,2026-02-28T09:29:59.999000+00:00,16997638.281519,62566,189.81637,12123765.0050441
2026-02-28T09:30:00+00:00,63842.2,63842.21,63557.89,63623.58,141.55096,2026-02-28T09:44:59.999000+00:00,9016733.1280478,47550,64.5988,4114251.3582742
2026-02-28T09:45:00+00:00,63623.58,63726.23,63543.98,63658.54,121.99718,2026-02-28T09:59:59.999000+00:00,7764297.0872979,43696,72.26031,4599309.1452739
2026-02-28T10:00:00+00:00,63658.55,63658.55,63452.64,63565.53,223.35101,2026-02-28T10:14:59.999000+00:00,14192634.5552243,47876,93.59012,5947520.6110969
2026-02-28T10:15:00+00:00,63565.53,64053.93,63528.8,63844.2,1043.16126,2026-02-28T10:29:59.999000+00:00,66625517.9433591,62760,609.63418,38939649.3480856
2026-02-28T10:30:00+00:00,63846.23,64053.62,63842.77,63952.01,230.14341,2026-02-28T10:44:59.999000+00:00,14725283.545349,50203,112.14855,7175797.9185982
2026-02-28T10:45:00+00:00,63952.01,64029.21,63880.0,64010.39,136.77144,2026-02-28T10:59:59.999000+00:00,8747453.5914154,36930,62.77091,4014448.6613018
2026-02-28T11:00:00+00:00,64010.38,64221.0,63966.0,64089.45,254.84884,2026-02-28T11:14:59.999000+00:00,16339142.494502,44692,148.54156,9524120.5463243
2026-02-28T11:15:00+00:00,64089.45,64307.26,64040.0,64250.89,237.10188,2026-02-28T11:29:59.999000+00:00,15210063.5485587,38580,139.99557,8980297.0661308
2026-02-28T11:30:00+00:00,64250.9,64307.44,63992.75,64015.97,380.3987,2026-02-28T11:44:59.999000+00:00,24396035.7044935,37893,159.897,10254052.3992908
2026-02-28T11:45:00+00:00,64015.97,64076.92,63791.25,63844.2,373.29034,2026-02-28T11:59:59.999000+00:00,23865718.4572272,35390,215.99308,13813230.9820322
2026-02-28T12:00:00+00:00,63844.2,63970.53,63838.84,63944.59,87.60455,2026-02-28T12:14:59.999000+00:00,5598799.2757024,26308,47.61771,3043164.9512182
2026-02-28T12:15:00+00:00,63944.59,64082.66,63941.88,64000.0,124.84137,2026-02-28T12:29:59.999000+00:00,7991224.2655448,22546,94.52217,6050846.9519875
2026-02-28T12:30:00+00:00,63999.99,64071.01,63979.15,64014.95,165.34907,2026-02-28T12:44:59.999000+00:00,10587723.4251872,17885,128.43733,8224343.2657611
2026-02-28T12:45:00+00:00,64014.05,64043.41,63827.2,64017.19,97.0467,2026-02-28T12:59:59.999000+00:00,6205513.4260076,28625,46.23721,2956882.3409173
2026-02-28T13:00:00+00:00,64017.18,64113.39,63912.06,64068.61,145.09736,2026-02-28T13:14:59.999000+00:00,9289610.3067032,22380,94.44894,6047658.7993453
2026-02-28T13:15:00+00:00,64068.61,64205.01,63989.14,64029.5,343.98286,2026-02-28T13:29:59.999000+00:00,22053078.7147544,23677,234.58035,15037066.7188118
2026-02-28T13:30:00+00:00,64029.5,64098.49,63888.89,64055.82,233.036,2026-02-28T13:44:59.999000+00:00,14904741.2685191,25337,139.20939,8903481.3707887
2026-02-28T13:45:00+00:00,64055.81,65216.97,64055.81,65106.44,1026.01433,2026-02-28T13:59:59.999000+00:00,66355531.3647379,168540,561.13987,36301653.7555647
2026-02-28T14:00:00+00:00,65106.45,65360.51,64758.0,64823.0,468.4474,2026-02-28T14:14:59.999000+00:00,30470166.4554622,123143,256.3805,16679917.7714807
2026-02-28T14:15:00+00:00,64822.99,64922.87,64650.0,64793.52,194.99258,2026-02-28T14:29:59.999000+00:00,12631765.6270153,60786,103.76632,6722742.1435298
2026-02-28T14:30:00+00:00,64793.51,65159.1,64673.97,64934.2,294.48822,2026-02-28T14:44:59.999000+00:00,19121180.1464328,70813,151.65346,9847924.2427196
2026-02-28T14:45:00+00:00,64934.21,65033.38,64278.5,64435.61,374.04424,2026-02-28T14:59:59.999000+00:00,24161071.967041,77165,161.20463,10414938.3564152
2026-02-28T15:00:00+00:00,64435.62,64597.04,64200.0,64224.27,205.02658,2026-02-28T15:14:59.999000+00:00,13205623.5361281,55423,86.49095,5574146.4156026
2026-02-28T15:15:00+00:00,64224.28,64845.82,64224.28,64752.83,187.52124,2026-02-28T15:29:59.999000+00:00,12108929.7132025,54581,129.22063,8345543.4354447
2026-02-28T15:30:00+00:00,64752.82,65020.75,64644.01,64832.4,249.75474,2026-02-28T15:44:59.999000+00:00,16197876.5700062,55089,135.11386,8764345.1807868
2026-02-28T15:45:00+00:00,64832.39,64899.99,64724.5,64841.18,89.23633,2026-02-28T15:59:59.999000+00:00,5784220.2843116,39969,46.2086,2995310.3144132
2026-02-28T16:00:00+00:00,64841.17,64969.85,64681.81,64889.7,83.60009,2026-02-28T16:14:59.999000+00:00,5418270.4382928,51297,41.11944,2664961.441015
2026-02-28T16:15:00+00:00,64889.7,65001.14,64754.33,64942.77,122.97361,2026-02-28T16:29:59.999000+00:00,7984133.3097152,46108,59.76517,3880436.895091
2026-02-28T16:30:00+00:00,64942.76,65206.25,64888.77,65162.62,126.62696,2026-02-28T16:44:59.999000+00:00,8232428.5656575,53656,76.18611,4954151.4861803
2026-02-28T16:45:00+00:00,65162.62,65193.5,65000.0,65094.3,167.03299,2026-02-28T16:59:59.999000+00:00,10872344.0143229,48549,116.63889,7591648.6034478
2026-02-28T17:00:00+00:00,65094.29,65106.9,64933.8,64945.79,146.22854,2026-02-28T17:14:59.999000+00:00,9506910.3256574,32601,31.6916,2060739.9885141
2026-02-28T17:15:00+00:00,64945.8,65128.84,64895.14,65102.11,85.33372,2026-02-28T17:29:59.999000+00:00,5544938.7876895,38589,49.57047,3221513.0802987
2026-02-28T17:30:00+00:00,65102.12,65189.56,64904.47,64957.95,109.74926,2026-02-28T17:44:59.999000+00:00,7138656.6390245,37190,51.3091,3337613.9438185
2026-02-28T17:45:00+00:00,64957.96,65555.0,64828.03,65442.62,254.27257,2026-02-28T17:59:59.999000+00:00,16587335.2614562,67223,147.7262,9643721.7152461
2026-02-28T18:00:00+00:00,65442.61,65455.32,65263.9,65273.58,116.50929,2026-02-28T18:14:59.999000+00:00,7616029.9067795,62564,55.01961,3596646.4419993
2026-02-28T18:15:00+00:00,65273.57,65347.12,65185.7,65187.71,92.95192,2026-02-28T18:29:59.999000+00:00,6066036.7528273,34498,34.53359,2253282.8188751
2026-02-28T18:30:00+00:00,65187.72,65808.0,65187.71,65665.04,240.21882,2026-02-28T18:44:59.999000+00:00,15757549.0853071,88191,153.8682,10092785.8089806
2026-02-28T18:45:00+00:00,65665.03,66157.61,65623.28,65911.84,380.90145,2026-02-28T18:59:59.999000+00:00,25102646.8198441,93720,229.04952,15095208.3038063
2026-02-28T19:00:00+00:00,65911.83,65950.55,65602.65,65758.56,168.75947,2026-02-28T19:14:59.999000+00:00,11101589.5460973,71996,92.8959,6109974.7220428
2026-02-28T19:15:00+00:00,65758.55,65813.24,65660.0,65736.01,92.48323,2026-02-28T19:29:59.999000+00:00,6078008.6044104,37802,46.34697,3045976.0613232
2026-02-28T19:30:00+00:00,65736.0,66664.16,65717.92,66376.97,497.33018,2026-02-28T19:44:59.999000+00:00,32960173.2921348,139280,315.21159,20883868.8062726
2026-02-28T19:45:00+00:00,66376.97,66666.65,66243.01,66362.01,314.15836,2026-02-28T19:59:59.999000+00:00,20885447.4005361,73314,202.27189,13454462.4918044
2026-02-28T20:00:00+00:00,66362.01,66635.86,66190.61,66569.54,148.62977,2026-02-28T20:14:59.999000+00:00,9868331.9140882,61085,93.58119,6216029.8654441
2026-02-28T20:15:00+00:00,66569.53,67045.0,66467.45,66750.14,346.16235,2026-02-28T20:29:59.999000+00:00,23137746.0604901,116582,195.888,13092774.4706172
2026-02-28T20:30:00+00:00,66750.14,66917.8,66620.88,66781.55,131.06915,2026-02-28T20:44:59.999000+00:00,8749708.0547449,73589,62.92004,4200474.2195997
2026-02-28T20:45:00+00:00,66781.54,67151.68,66765.48,66959.62,214.27136,2026-02-28T20:59:59.999000+00:00,14351331.2119137,78554,124.45416,8334920.8682648
2026-02-28T21:00:00+00:00,66959.63,66988.42,66407.05,66571.22,345.18792,2026-02-28T21:14:59.999000+00:00,22983024.5606929,87870,106.31094,7076488.1106719
2026-02-28T21:15:00+00:00,66571.23,66586.19,66368.42,66472.01,102.36197,2026-02-28T21:29:59.999000+00:00,6805673.106,38070,42.06939,2796967.8694877
2026-02-28T21:30:00+00:00,66472.01,67055.56,66404.05,66845.33,301.03685,2026-02-28T21:44:59.999000+00:00,20102775.4936483,66011,216.19082,14438379.9703743
2026-02-28T21:45:00+00:00,66845.33,66947.55,66536.43,66723.22,186.1731,2026-02-28T21:59:59.999000+00:00,12417620.4101352,56491,69.28176,4622089.1817957
2026-02-28T22:00:00+00:00,66723.23,66987.22,66608.82,66938.93,320.58703,2026-02-28T22:14:59.999000+00:00,21417565.6415934,64604,125.0362,8358767.9306535
2026-02-28T22:15:00+00:00,66938.93,67137.84,66884.37,67005.3,361.6578,2026-02-28T22:29:59.999000+00:00,24236555.4884368,66514,239.19624,16028924.3618309
2026-02-28T22:30:00+00:00,67005.3,67760.0,66963.54,67338.93,402.52845,2026-02-28T22:44:59.999000+00:00,27134036.4012081,152104,221.58555,14931821.3257127
2026-02-28T22:45:00+00:00,67338.94,67619.4,67082.31,67103.64,225.3179,2026-02-28T22:59:59.999000+00:00,15162076.6723394,111795,89.50153,6025115.6045842
2026-02-28T23:00:00+00:00,67103.63,67210.0,66916.77,66961.58,114.96375,2026-02-28T23:14:59.999000+00:00,7712804.7808293,53382,44.05685,2956015.1757736
2026-02-28T23:15:00+00:00,66961.58,67055.04,66891.13,66896.07,84.38887,2026-02-28T23:29:59.999000+00:00,5651148.6045327,38516,36.65889,2454993.8507018
2026-02-28T23:30:00+00:00,66896.07,67019.07,66733.73,66886.16,171.65397,2026-02-28T23:44:59.999000+00:00,11480227.9646586,45851,62.42866,4174220.342463
2026-02-28T23:45:00+00:00,66886.16,67051.68,66886.16,66973.26,112.131,2026-02-28T23:59:59.999000+00:00,7511136.3360322,29708,58.5445,3921290.4376165
2026-03-01T00:00:00+00:00,66973.26,67121.8,66812.18,66913.18,238.81634,2026-03-01T00:14:59.999000+00:00,15996301.3492903,59268,166.39752,11148110.8309246
2026-03-01T00:15:00+00:00,66913.17,67024.42,66766.24,66778.32,105.63296,2026-03-01T00:29:59.999000+00:00,7064993.6562197,41489,46.82198,3131664.758328
2026-03-01T00:30:00+00:00,66778.32,66827.26,66620.5,66640.71,120.00088,2026-03-01T00:44:59.999000+00:00,8008897.5512623,45142,47.00178,3137160.2049493
2026-03-01T00:45:00+00:00,66640.71,66872.17,66637.49,66791.29,95.90176,2026-03-01T00:59:59.999000+00:00,6401963.2522475,39524,44.59884,2976778.1303361
2026-03-01T01:00:00+00:00,66791.29,66792.25,66184.61,66303.12,374.05716,2026-03-01T01:14:59.999000+00:00,24843494.7651856,76250,105.73412,7021207.7142509
2026-03-01T01:15:00+00:00,66303.12,66453.64,66042.72,66351.03,220.11985,2026-03-01T01:29:59.999000+00:00,14585639.893879,66002,115.2533,7641274.4660042
2026-03-01T01:30:00+00:00,66351.03,66774.99,66290.42,66626.57,230.32125,2026-03-01T01:44:59.999000+00:00,15338713.2973078,59409,171.95956,11451687.183323
2026-03-01T01:45:00+00:00,66626.56,67703.32,66621.83,67339.36,805.69202,2026-03-01T01:59:59.999000+00:00,54227495.8779149,159173,506.27105,34060211.0169125
2026-03-01T02:00:00+00:00,67339.36,68199.99,67339.36,67895.95,848.32732,2026-03-01T02:14:59.999000+00:00,57601115.6428805,191281,466.97527,31702169.4493552
2026-03-01T02:15:00+00:00,67895.95,68093.1,67610.75,67764.51,369.95104,2026-03-01T02:29:59.999000+00:00,25064761.6402153,97060,162.19305,10991823.829596
2026-03-01T02:30:00+00:00,67764.51,68101.42,67660.0,68072.53,276.96143,2026-03-01T02:44:59.999000+00:00,18806434.0156305,67506,176.81604,12007620.7142594
2026-03-01T02:45:00+00:00,68072.54,68166.0,67600.04,67620.65,366.58291,2026-03-01T02:59:59.999000+00:00,24871926.585568,62926,133.9897,9091515.9386693
2026-03-01T03:00:00+00:00,67620.65,67813.33,67613.89,67728.68,146.29066,2026-03-01T03:14:59.999000+00:00,9903228.637706,39531,84.70635,5734652.9665433
2026-03-01T03:15:00+00:00,67728.68,67756.0,67400.0,67563.49,159.16365,2026-03-01T03:29:59.999000+00:00,10752887.6077379,50735,64.46871,4356004.9774468
2026-03-01T03:30:00+00:00,67563.5,67650.0,67441.95,67641.85,119.61155,2026-03-01T03:44:59.999000+00:00,8077381.3977567,39784,62.02546,4189048.0459629
2026-03-01T03:45:00+00:00,67641.84,67699.69,67420.39,67502.16,212.9313,2026-03-01T03:59:59.999000+00:00,14387912.5174618,39291,87.47424,5911359.0765925
2026-03-01T04:00:00+00:00,67502.16,67612.14,67276.37,67285.68,205.30792,2026-03-01T04:14:59.999000+00:00,13842407.5571219,32669,54.53368,3677992.377426
2026-03-01T04:15:00+00:00,67285.69,67345.91,67079.36,67322.85,234.65838,2026-03-01T04:29:59.999000+00:00,15769706.0632724,50002,114.28108,7681371.3224845
2026-03-01T04:30:00+00:00,67322.86,67449.29,67251.83,67397.42,122.27953,2026-03-01T04:44:59.999000+00:00,8235763.7176919,28459,58.7617,3957900.4702593
2026-03-01T04:45:00+00:00,67397.43,67409.5,67298.0,67346.5,69.35958,2026-03-01T04:59:59.999000+00:00,4671698.1659584,24242,33.45667,2253376.4592505
2026-03-01T05:00:00+00:00,67346.5,67458.65,67200.0,67321.97,101.94689,2026-03-01T05:14:59.999000+00:00,6864934.7370051,33039,49.7744,3351546.5394328
2026-03-01T05:15:00+00:00,67321.97,67574.65,67321.97,67451.26,121.35937,2026-03-01T05:29:59.999000+00:00,8188343.8357378,28992,71.99961,4857515.7069513
2026-03-01T05:30:00+00:00,67451.27,67568.26,67367.42,67385.15,121.47519,2026-03-01T05:44:59.999000+00:00,8199310.510385,23807,53.19099,3590176.0641853
2026-03-01T05:45:00+00:00,67385.16,67436.75,67278.39,67292.09,93.11261,2026-03-01T05:59:59.999000+00:00,6272471.4115876,20584,37.58741,2531973.7906946
2026-03-01T06:00:00+00:00,67292.08,67345.8,66888.75,67080.69,534.40534,2026-03-01T06:14:59.999000+00:00,35837964.882553,48149,245.58105,16463646.5601016
2026-03-01T06:15:00+00:00,67080.7,67160.63,66964.0,67047.13,164.71815,2026-03-01T06:29:59.999000+00:00,11046322.0705878,35310,72.25027,4845197.7161123
2026-03-01T06:30:00+00:00,67047.13,67084.89,66749.35,66932.39,338.96988,2026-03-01T06:44:59.999000+00:00,22671575.6088445,44969,100.11517,6698252.3498362
2026-03-01T06:45:00+00:00,66932.39,66968.0,66779.58,66926.68,121.86992,2026-03-01T06:59:59.999000+00:00,8149152.7169667,23029,56.20796,3758752.28828
2026-03-01T07:00:00+00:00,66926.69,67060.44,66784.58,67016.21,106.98858,2026-03-01T07:14:59.999000+00:00,7159817.7831354,29401,52.21365,3494050.4831822
2026-03-01T07:15:00+00:00,67016.22,67070.44,66952.65,66987.65,86.15707,2026-03-01T07:29:59.999000+00:00,5772448.0331493,23903,53.81652,3605531.0865164
2026-03-01T07:30:00+00:00,66987.65,67235.72,66911.6,67102.17,506.99613,2026-03-01T07:44:59.999000+00:00,34024765.1932867,43384,290.95721,19522035.7369754
2026-03-01T07:45:00+00:00,67102.17,67180.01,67087.59,67141.39,237.791,2026-03-01T07:59:59.999000+00:00,15962674.9194895,21629,94.7462,6360414.2490743
2026-03-01T08:00:00+00:00,67141.4,67287.31,66917.14,67269.74,199.71795,2026-03-01T08:14:59.999000+00:00,13401488.9389854,40907,84.71319,5685788.5214032
2026-03-01T08:15:00+00:00,67269.75,67292.3,67128.2,67228.0,120.42069,2026-03-01T08:29:59.999000+00:00,8095351.7434054,28714,56.58417,3803970.4317685
2026-03-01T08:30:00+00:00,67228.0,67257.69,67132.47,67140.01,102.38175,2026-03-01T08:44:59.999000+00:00,6880535.5024774,31677,40.99844,2754916.2481901
2026-03-01T08:45:00+00:00,67140.0,67148.97,66389.33,66560.14,1053.29272,2026-03-01T08:59:59.999000+00:00,70151672.1546817,113542,198.71468,13241168.0588071
2026-03-01T09:00:00+00:00,66560.14,66693.47,66348.83,66587.91,242.12222,2026-03-01T09:14:59.999000+00:00,16115401.0369863,83683,120.60807,8028949.1433232
2026-03-01T09:15:00+00:00,66587.91,66771.1,66542.87,66612.96,197.72473,2026-03-01T09:29:59.999000+00:00,13180361.7811917,57629,85.42849,5694354.8468984
2026-03-01T09:30:00+00:00,66612.97,66647.11,66262.67,66300.81,202.59379,2026-03-01T09:44:59.999000+00:00,13454446.1469048,69158,68.78956,4567992.186741
2026-03-01T09:45:00+00:00,66300.8,66443.87,66246.95,66410.08,173.29294,2026-03-01T09:59:59.999000+00:00,11497639.6935776,53415,97.21381,6449717.067645
2026-03-01T10:00:00+00:00,66410.09,66549.99,66215.71,66524.84,231.34325,2026-03-01T10:14:59.999000+00:00,15363657.7071239,67228,145.21127,9644456.519035
2026-03-01T10:15:00+00:00,66524.84,66601.71,66438.57,66578.2,102.19426,2026-03-01T10:29:59.999000+00:00,6797700.3820987,31429,69.4245,4618109.8061306
2026-03-01T10:30:00+00:00,66578.2,66731.47,66397.53,66398.26,186.1106,2026-03-01T10:44:59.999000+00:00,12392704.8650846,42748,108.37291,7217907.0230173
2026-03-01T10:45:00+00:00,66398.27,66523.91,66371.88,66467.06,101.52942,2026-03-01T10:59:59.999000+00:00,6746634.7601077,30118,38.12432,2533953.1500838
2026-03-01T11:00:00+00:00,66467.07,66551.52,66443.16,66514.84,67.5562,2026-03-01T11:14:59.999000+00:00,4492223.9951181,23265,37.42401,2488638.9925563
2026-03-01T11:15:00+00:00,66514.84,66661.61,66514.83,66557.85,82.68351,2026-03-01T11:29:59.999000+00:00,5505906.416934,24301,59.90946,3989217.6194139
2026-03-01T11:30:00+00:00,66557.84,66571.39,66372.27,66387.6,100.096,2026-03-01T11:44:59.999000+00:00,6653426.1485848,27897,27.87539,1853035.0440557
2026-03-01T11:45:00+00:00,66387.6,66508.48,66386.12,66468.03,87.86044,2026-03-01T11:59:59.999000+00:00,5839701.3873586,21381,51.16247,3400409.0371107
2026-03-01T12:00:00+00:00,66468.04,66539.49,66445.52,66506.77,86.44401,2026-03-01T12:14:59.999000+00:00,5749316.3083444,20691,63.45625,4220449.9700551
2026-03-01T12:15:00+00:00,66506.77,66550.0,66415.5,66415.51,98.32325,2026-03-01T12:29:59.999000+00:00,6537368.0831131,22046,57.66228,3834116.3463554
2026-03-01T12:30:00+00:00,66415.5,66511.7,66241.97,66491.27,124.67534,2026-03-01T12:44:59.999000+00:00,8273806.2789613,43776,58.29788,3868883.6234663
2026-03-01T12:45:00+00:00,66491.26,66499.47,66295.16,66296.48,79.38675,2026-03-01T12:59:59.999000+00:00,5268792.3634906,32025,31.43744,2086179.6214919
2026-03-01T13:00:00+00:00,66296.48,66424.0,66190.08,66316.64,90.06464,2026-03-01T13:14:59.999000+00:00,5973564.335585,37433,37.28246,2472743.763947
2026-03-01T13:15:00+00:00,66316.64,66410.0,66132.27,66319.99,141.10138,2026-03-01T13:29:59.999000+00:00,9349317.0034977,55969,48.05943,3185252.6664605
2026-03-01T13:30:00+00:00,66320.0,66386.5,66240.27,66352.75,105.27443,2026-03-01T13:44:59.999000+00:00,6980950.6487825,33130,45.42693,3012780.2152889
2026-03-01T13:45:00+00:00,66352.74,67360.57,66349.18,66934.79,974.58066,2026-03-01T13:59:59.999000+00:00,65304671.2746698,170747,570.80858,38248311.5545724
2026-03-01T14:00:00+00:00,66934.8,67320.19,66815.11,67073.12,391.85584,2026-03-01T14:14:59.999000+00:00,26278591.3157586,135769,249.06391,16709599.1673651
2026-03-01T14:15:00+00:00,67073.12,67114.29,66763.63,66917.8,186.27854,2026-03-01T14:29:59.999000+00:00,12464667.9935883,80118,66.22525,4433603.6345466
2026-03-01T14:30:00+00:00,66917.79,67045.21,66752.58,66826.3,162.30039,2026-03-01T14:44:59.999000+00:00,10854340.7706077,72011,77.83547,5205414.5836913
2026-03-01T14:45:00+00:00,66826.29,66972.85,66773.8,66847.8,171.19154,2026-03-01T14:59:59.999000+00:00,11444494.1757019,50905,72.17408,4825163.9883233
2026-03-01T15:00:00+00:00,66847.8,67115.99,66833.76,67115.18,290.262,2026-03-01T15:14:59.999000+00:00,19440857.5319176,58938,235.17551,15751946.5334514
2026-03-01T15:15:00+00:00,67115.19,67241.83,67000.0,67077.22,342.29501,2026-03-01T15:29:59.999000+00:00,22974560.3382941,62625,165.61775,11115787.9363998
2026-03-01T15:30:00+00:00,67077.23,67230.24,67077.22,67215.0,167.74737,2026-03-01T15:44:59.999000+00:00,11264291.1725553,43130,131.81811,8851483.5827648
2026-03-01T15:45:00+00:00,67215.0,67243.69,66828.6,66842.42,228.25138,2026-03-01T15:59:59.999000+00:00,15322619.8686306,58105,73.91016,4960197.4467452
2026-03-01T16:00:00+00:00,66842.42,67050.0,66690.89,66946.19,240.06559,2026-03-01T16:14:59.999000+00:00,16062995.1620658,65365,126.59961,8474034.2968446
2026-03-01T16:15:00+00:00,66946.18,67112.37,66800.04,67029.87,274.02286,2026-03-01T16:29:59.999000+00:00,18344549.213732,50504,161.18166,10792422.7741975
2026-03-01T16:30:00+00:00,67029.87,67064.74,66828.52,66828.52,145.61039,2026-03-01T16:44:59.999000+00:00,9754246.0973558,32435,65.07594,4359390.0813317
2026-03-01T16:45:00+00:00,66828.51,66836.5,65730.28,66135.45,841.04412,2026-03-01T16:59:59.999000+00:00,55604594.0360676,182322,306.25702,20261599.5227207
2026-03-01T17:00:00+00:00,66135.45,66219.77,65988.24,66110.94,219.54272,2026-03-01T17:14:59.999000+00:00,14516307.140242,79344,87.65183,5796719.1149909
2026-03-01T17:15:00+00:00,66110.94,66118.66,65699.98,66022.34,353.90153,2026-03-01T17:29:59.999000+00:00,23307914.9046047,84515,159.01148,10478389.8703059
2026-03-01T17:30:00+00:00,66022.33,66131.17,65936.0,66015.56,168.35492,2026-03-01T17:44:59.999000+00:00,11122290.6033379,40714,66.93749,4421482.8113126
2026-03-01T17:45:00+00:00,66015.56,66112.54,65933.87,65979.61,210.39813,2026-03-01T17:59:59.999000+00:00,13892018.4071902,50098,108.11458,7138203.4066357
2026-03-01T18:00:00+00:00,65979.61,66601.44,65979.61,66395.96,360.16832,2026-03-01T18:14:59.999000+00:00,23878769.7456188,73612,224.93447,14912514.4354804
2026-03-01T18:15:00+00:00,66395.96,66657.44,66362.0,66415.94,204.58993,2026-03-01T18:29:59.999000+00:00,13597870.8062663,40396,105.53057,7015626.8650758
2026-03-01T18:30:00+00:00,66415.94,66454.93,66243.7,66367.14,222.52247,2026-03-01T18:44:59.999000+00:00,14773039.4790678,31590,127.4735,8463042.2624062
2026-03-01T18:45:00+00:00,66367.15,66430.27,66251.2,66316.83,118.80193,2026-03-01T18:59:59.999000+00:00,7883142.6201393,24999,68.72257,4559835.0289514
2026-03-01T19:00:00+00:00,66316.84,66345.95,66055.2,66079.47,123.3008,2026-03-01T19:14:59.999000+00:00,8165720.5006706,32562,57.58357,3814460.3964587
2026-03-01T19:15:00+00:00,66079.47,66121.19,65953.12,66008.42,107.91781,2026-03-01T19:29:59.999000+00:00,7125285.2149248,30284,38.82038,2562974.5696863
2026-03-01T19:30:00+00:00,66008.42,66108.88,65772.29,65823.64,225.76,2026-03-01T19:44:59.999000+00:00,14898255.2868988,33888,104.23583,6880397.8764215
2026-03-01T19:45:00+00:00,65823.65,66001.0,65815.51,65962.17,84.1777,2026-03-01T19:59:59.999000+00:00,5547615.9623212,31510,43.71144,2880857.4355874
2026-03-01T20:00:00+00:00,65962.16,65962.16,65376.82,65454.66,295.08364,2026-03-01T20:14:59.999000+00:00,19358437.8044008,71570,78.29503,5137638.0090299
2026-03-01T20:15:00+00:00,65454.67,65604.65,65313.84,65313.84,183.55907,2026-03-01T20:29:59.999000+00:00,12016066.1624655,55711,92.76622,6072961.2970539
2026-03-01T20:30:00+00:00,65313.85,65363.76,65084.02,65257.78,333.18869,2026-03-01T20:44:59.999000+00:00,21730972.8964471,87936,188.82532,12318850.9232707
2026-03-01T20:45:00+00:00,65257.78,65407.11,65206.8,65300.0,149.38209,2026-03-01T20:59:59.999000+00:00,9758101.5922762,49936,87.85991,5740047.3292486
2026-03-01T21:00:00+00:00,65300.01,65533.72,65281.83,65515.83,329.65228,2026-03-01T21:14:59.999000+00:00,21543413.1472663,43257,141.48062,9246734.5586626
2026-03-01T21:15:00+00:00,65515.82,65690.69,65479.48,65598.15,273.1921,2026-03-01T21:29:59.999000+00:00,17917049.6827599,45417,136.39554,8944763.5224166
2026-03-01T21:30:00+00:00,65598.16,65703.75,65540.48,65673.05,176.55374,2026-03-01T21:44:59.999000+00:00,11584638.5312295,32808,101.97141,6690801.8613638
2026-03-01T21:45:00+00:00,65673.04,65756.5,65581.85,65666.2,217.10714,2026-03-01T21:59:59.999000+00:00,14259653.8203542,29654,104.90605,6889529.1887296
2026-03-01T22:00:00+00:00,65666.19,66491.43,65522.77,66008.9,604.69052,2026-03-01T22:14:59.999000+00:00,39940418.0316982,71808,349.78389,23093848.103554
2026-03-01T22:15:00+00:00,66008.9,66198.9,65770.0,65878.45,259.84646,2026-03-01T22:29:59.999000+00:00,17159945.9799361,72920,127.0689,8393413.7338621
2026-03-01T22:30:00+00:00,65878.46,65948.32,65122.59,65398.05,647.14131,2026-03-01T22:44:59.999000+00:00,42307142.5713076,108603,259.8741,16991085.0217368
2026-03-01T22:45:00+00:00,65398.05,65408.88,65056.0,65268.71,251.61647,2026-03-01T22:59:59.999000+00:00,16414125.586011,75222,125.01557,8153898.6241426
2026-03-01T23:00:00+00:00,65268.71,66080.0,65125.67,65808.55,328.74733,2026-03-01T23:14:59.999000+00:00,21577063.078905,143021,180.87336,11869848.4508012
2026-03-01T23:15:00+00:00,65808.55,65884.0,65620.98,65635.74,205.7928,2026-03-01T23:29:59.999000+00:00,13534378.400147,70576,119.91433,7886861.3312999
2026-03-01T23:30:00+00:00,65635.74,65872.72,65605.58,65751.14,141.07274,2026-03-01T23:44:59.999000+00:00,9268920.2937951,55432,63.65742,4183832.9400547
2026-03-01T23:45:00+00:00,65751.14,65870.23,65666.76,65776.47,156.34237,2026-03-01T23:59:59.999000+00:00,10285233.127541,43555,42.27563,2779336.3695058
2026-03-02T00:00:00+00:00,65776.48,66220.84,65761.04,65986.01,273.84899,2026-03-02T00:14:59.999000+00:00,18057315.5645329,112209,108.66752,7166824.6717787
2026-03-02T00:15:00+00:00,65986.0,66060.0,65808.43,65936.44,99.77231,2026-03-02T00:29:59.999000+00:00,6576280.4112269,80363,42.59762,2807684.9703027
2026-03-02T00:30:00+00:00,65936.43,66640.32,65929.5,66640.32,157.64327,2026-03-02T00:44:59.999000+00:00,10440803.5319445,77898,99.53591,6594644.3906105
2026-03-02T00:45:00+00:00,66640.69,66796.44,66460.0,66501.52,458.81803,2026-03-02T00:59:59.999000+00:00,30556271.5735484,135029,248.92508,16576674.9548979
2026-03-02T01:00:00+00:00,66501.52,67079.0,66358.45,66923.05,426.42348,2026-03-02T01:14:59.999000+00:00,28459564.4597329,178426,284.39512,18985697.4816739
2026-03-02T01:15:00+00:00,66923.05,67004.16,66496.2,66561.45,177.19707,2026-03-02T01:29:59.999000+00:00,11831297.10772,109423,88.60446,5919837.9166177
2026-03-02T01:30:00+00:00,66561.45,66702.3,66539.63,66578.24,107.08325,2026-03-02T01:44:59.999000+00:00,7132991.5514028,71112,44.23973,2946692.7311714
2026-03-02T01:45:00+00:00,66578.25,66672.97,66418.82,66532.02,176.22691,2026-03-02T01:59:59.999000+00:00,11726775.7495425,60232,84.93972,5651790.9368392
2026-03-02T02:00:00+00:00,66532.02,66609.94,65890.5,66094.29,258.37512,2026-03-02T02:14:59.999000+00:00,17107864.7440712,105737,106.72179,7065051.7261301
2026-03-02T02:15:00+00:00,66094.29,66255.55,66038.35,66193.28,140.98121,2026-03-02T02:29:59.999000+00:00,9327392.4387985,66992,65.26945,4317639.650958
2026-03-02T02:30:00+00:00,66193.29,66455.92,66162.9,66322.47,81.29194,2026-03-02T02:44:59.999000+00:00,5391692.7077284,50794,46.11456,3058444.67666
2026-03-02T02:45:00+00:00,66322.47,66398.39,66225.66,66276.77,73.51438,2026-03-02T02:59:59.999000+00:00,4874193.4596738,41886,30.00807,1989633.7727536
2026-03-02T03:00:00+00:00,66276.77,66598.19,66101.07,66493.01,131.31343,2026-03-02T03:14:59.999000+00:00,8715562.3449619,64494,75.79305,5032525.9126352
2026-03-02T03:15:00+00:00,66493.01,66867.09,66465.16,66779.82,131.75754,2026-03-02T03:29:59.999000+00:00,8784564.0265656,60396,73.7824,4919041.469583
2026-03-02T03:30:00+00:00,66779.83,67037.22,66708.62,66893.47,153.81685,2026-03-02T03:44:59.999000+00:00,10289004.4404423,50023,82.98369,5551465.0507162
2026-03-02T03:45:00+00:00,66893.46,67025.35,66810.0,66820.03,92.52458,2026-03-02T03:59:59.999000+00:00,6189405.9704063,38927,41.54274,2778987.417088
2026-03-02T04:00:00+00:00,66820.03,66843.65,66678.22,66744.06,107.75763,2026-03-02T04:14:59.999000+00:00,7194750.7785188,35272,40.41566,2698660.1431526
2026-03-02T04:15:00+00:00,66744.07,66946.19,66667.23,66937.99,115.81827,2026-03-02T04:29:59.999000+00:00,7733708.0907623,46645,54.36186,3629676.5485518
2026-03-02T04:30:00+00:00,66937.99,66975.74,66633.32,66818.55,353.31916,2026-03-02T04:44:59.999000+00:00,23606947.0752388,37992,78.14172,5225865.6161373
2026-03-02T04:45:00+00:00,66818.54,66862.12,66633.13,66862.12,173.75697,2026-03-02T04:59:59.999000+00:00,11596547.9911389,42839,98.34615,6564129.5171428
2026-03-02T05:00:00+00:00,66862.11,66900.0,66547.81,66710.4,255.61597,2026-03-02T05:14:59.999000+00:00,17055333.9261429,57092,59.47242,3966859.5427668
2026-03-02T05:15:00+00:00,66710.39,66823.37,66596.71,66679.8,179.19886,2026-03-02T05:29:59.999000+00:00,11956304.8289711,56776,79.93968,5333936.9065514
2026-03-02T05:30:00+00:00,66679.81,66995.64,66670.5,66976.9,235.06733,2026-03-02T05:44:59.999000+00:00,15702756.9101225,59275,115.77307,7734010.5704974
2026-03-02T05:45:00+00:00,66976.9,66977.28,66684.69,66730.78,217.31242,2026-03-02T05:59:59.999000+00:00,14529807.0668478,59116,93.23143,6233716.5844827
2026-03-02T06:00:00+00:00,66730.78,66739.45,66516.11,66609.38,144.21179,2026-03-02T06:14:59.999000+00:00,9605737.5427997,58361,57.18176,3808778.5201479
2026-03-02T06:15:00+00:00,66609.38,66637.39,66066.53,66275.9,202.76688,2026-03-02T06:29:59.999000+00:00,13437436.1961739,86735,81.28136,5385788.8512205
2026-03-02T06:30:00+00:00,66275.9,66313.0,66193.24,66269.9,89.53931,2026-03-02T06:44:59.999000+00:00,5932731.5415523,44373,37.68023,2496695.4068704
2026-03-02T06:45:00+00:00,66269.9,66269.9,66062.83,66204.9,241.24169,2026-03-02T06:59:59.999000+00:00,15961774.0839168,52137,164.37627,10876178.1962559
2026-03-02T07:00:00+00:00,66204.9,66209.46,65608.3,65698.37,449.28448,2026-03-02T07:14:59.999000+00:00,29591685.3152764,100635,235.81633,15537151.703038
2026-03-02T07:15:00+00:00,65698.38,65859.44,65542.6,65800.01,414.91266,2026-03-02T07:29:59.999000+00:00,27240833.6182956,93479,178.80598,11740613.2799401
2026-03-02T07:30:00+00:00,65800.0,65983.67,65782.01,65964.88,276.6811,2026-03-02T07:44:59.999000+00:00,18231546.3931982,57654,124.19838,8182882.4853152
2026-03-02T07:45:00+00:00,65964.89,66029.42,65901.78,66007.52,153.98081,2026-03-02T07:59:59.999000+00:00,10156293.5607939,29583,106.62936,7032980.1486905
2026-03-02T08:00:00+00:00,66007.8,66064.0,65664.13,66058.05,428.69025,2026-03-02T08:14:59.999000+00:00,28223045.0553384,68720,203.13657,13372554.990243
2026-03-02T08:15:00+00:00,66058.05,66126.68,65654.54,65736.37,245.89172,2026-03-02T08:29:59.999000+00:00,16207158.5232957,79312,119.6262,7888050.89031
2026-03-02T08:30:00+00:00,65736.38,66026.14,65725.71,65980.23,127.68015,2026-03-02T08:44:59.999000+00:00,8407704.9249661,58358,72.83307,4795472.5763392
2026-03-02T08:45:00+00:00,65980.23,66306.0,65974.27,66282.0,302.1492,2026-03-02T08:59:59.999000+00:00,20004088.2987943,60623,179.84545,11906212.5323923
2026-03-02T09:00:00+00:00,66281.99,66492.2,66210.0,66393.4,129.37563,2026-03-02T09:14:59.999000+00:00,8580844.2840922,72385,76.35134,5064560.1777466
2026-03-02T09:15:00+00:00,66393.41,66720.84,66385.44,66395.85,623.9364,2026-03-02T09:29:59.999000+00:00,41505393.8151205,103093,198.02137,13174003.6977281
2026-03-02T09:30:00+00:00,66395.86,66538.99,66316.64,66380.44,650.82426,2026-03-02T09:44:59.999000+00:00,43224115.4040125,74828,141.61547,9404509.6766429
2026-03-02T09:45:00+00:00,66380.44,66383.98,66164.96,66168.62,382.14797,2026-03-02T09:59:59.999000+00:00,25334773.8951791,79235,93.92984,6227444.7089552
2026-03-02T10:00:00+00:00,66168.61,66352.0,66079.24,66144.63,159.80785,2026-03-02T10:14:59.999000+00:00,10583234.0501677,82818,75.60746,5007107.5490928
2026-03-02T10:15:00+00:00,66144.62,66263.71,66141.83,66259.7,57.36592,2026-03-02T10:29:59.999000+00:00,3797128.758055,40192,32.93799,2180340.6669703
2026-03-02T10:30:00+00:00,66259.71,66381.74,66153.86,66282.61,86.5232,2026-03-02T10:44:59.999000+00:00,5733227.707653,52311,49.25379,3263881.3066493
2026-03-02T10:45:00+00:00,66282.61,66318.41,66135.44,66316.4,132.59341,2026-03-02T10:59:59.999000+00:00,8784672.0679618,40043,71.53362,4738647.2472435
2026-03-02T11:00:00+00:00,66316.39,66316.4,66061.22,66088.1,251.85202,2026-03-02T11:14:59.999000+00:00,16669128.0523557,54866,100.48207,6653863.3585241
2026-03-02T11:15:00+00:00,66088.1,66236.01,66024.91,66064.89,363.8045,2026-03-02T11:29:59.999000+00:00,24053050.9285746,71702,83.29385,5507804.0785739
2026-03-02T11:30:00+00:00,66064.88,66366.74,66003.59,66289.63,293.04094,2026-03-02T11:44:59.999000+00:00,19385916.8636438,56076,79.01287,5229573.2677023
2026-03-02T11:45:00+00:00,66289.62,66462.4,66251.6,66359.68,126.08229,2026-03-02T11:59:59.999000+00:00,8367143.3172458,56371,61.112,4055601.4261827
2026-03-02T12:00:00+00:00,66359.67,66391.38,66251.6,66338.92,92.88086,2026-03-02T12:14:59.999000+00:00,6162200.3160662,46168,45.5222,3020178.8427871
2026-03-02T12:15:00+00:00,66338.92,66338.93,66083.94,66134.9,88.19845,2026-03-02T12:29:59.999000+00:00,5837236.4326623,48644,38.13386,2523699.1355325
2026-03-02T12:30:00+00:00,66134.91,66147.88,65948.5,65985.39,176.40881,2026-03-02T12:44:59.999000+00:00,11647903.363161,61399,45.23427,2987117.4152862
2026-03-02T12:45:00+00:00,65985.39,66047.09,65874.92,65963.43,405.60562,2026-03-02T12:59:59.999000+00:00,26754260.5415695,62567,72.27604,4768004.4162626
2026-03-02T13:00:00+00:00,65963.43,66000.0,65782.64,65858.82,293.29622,2026-03-02T13:14:59.999000+00:00,19329484.9773658,99947,145.62153,9599541.896502
2026-03-02T13:15:00+00:00,65858.82,66157.28,65760.34,65815.35,425.18015,2026-03-02T13:29:59.999000+00:00,28038365.116541,88777,299.48369,19750469.6519892
2026-03-02T13:30:00+00:00,65815.35,65941.67,65506.49,65587.56,394.17212,2026-03-02T13:44:59.999000+00:00,25895754.5954886,103569,159.66165,10491476.7159806
2026-03-02T13:45:00+00:00,65587.55,65641.01,65350.0,65440.01,464.16496,2026-03-02T13:59:59.999000+00:00,30375433.3720178,131799,160.38201,10496610.3337936
2026-03-02T14:00:00+00:00,65440.01,65609.02,65259.21,65548.99,680.10155,2026-03-02T14:14:59.999000+00:00,44472763.0826571,114565,328.46927,21477740.7488667
2026-03-02T14:15:00+00:00,65548.98,65665.99,65382.35,65589.08,238.47167,2026-03-02T14:29:59.999000+00:00,15628569.7306163,102454,129.4951,8487135.5220601
2026-03-02T14:30:00+00:00,65589.08,66674.86,65582.55,66626.06,919.77734,2026-03-02T14:44:59.999000+00:00,60872213.5100516,316902,563.69843,37309644.1489907
2026-03-02T14:45:00+00:00,66626.05,67220.81,66481.25,67177.06,1176.78657,2026-03-02T14:59:59.999000+00:00,78812184.9989013,272172,701.87097,47006862.0725751
2026-03-02T15:00:00+00:00,67177.05,68453.37,66975.29,68425.1,1554.32123,2026-03-02T15:14:59.999000+00:00,105183937.0879273,304575,981.45698,66439989.3469752
2026-03-02T15:15:00+00:00,68425.1,68800.0,68252.42,68556.0,1094.9033,2026-03-02T15:29:59.999000+00:00,75047466.4961715,279192,534.94021,36670992.4973769
2026-03-02T15:30:00+00:00,68555.99,69530.0,68431.99,69516.47,1460.07703,2026-03-02T15:44:59.999000+00:00,100885369.5423296,279070,866.55523,59841679.2913293
2026-03-02T15:45:00+00:00,69516.47,69617.74,68791.59,69130.2,1367.26718,2026-03-02T15:59:59.999000+00:00,94640120.5435168,218170,592.25046,41014901.3629203
2026-03-02T16:00:00+00:00,69130.2,69775.91,68933.69,69665.12,1044.8841,2026-03-02T16:14:59.999000+00:00,72525871.0348474,227652,637.1216,44231320.6885538
2026-03-02T16:15:00+00:00,69665.11,69749.71,69278.7,69383.65,652.75899,2026-03-02T16:29:59.999000+00:00,45369873.9991398,183855,272.8014,18962447.8645133
2026-03-02T16:30:00+00:00,69383.64,69880.0,69070.6,69861.03,699.9279,2026-03-02T16:44:59.999000+00:00,48573226.1668185,203088,366.30467,25437913.7270791
2026-03-02T16:45:00+00:00,69861.03,70096.0,69408.39,69428.62,1042.46089,2026-03-02T16:59:59.999000+00:00,72775000.7384192,188780,560.71195,39176887.6404026
2026-03-02T17:00:00+00:00,69428.62,69578.0,69260.0,69418.51,320.28052,2026-03-02T17:14:59.999000+00:00,22233449.303418,113131,142.6059,9899991.5596436
2026-03-02T17:15:00+00:00,69418.51,69550.0,69175.41,69406.33,349.12674,2026-03-02T17:29:59.999000+00:00,24208377.9231452,95312,206.06572,14288829.7064722
2026-03-02T17:30:00+00:00,69406.33,69445.32,68803.18,68844.77,481.15621,2026-03-02T17:44:59.999000+00:00,33276638.1028418,103762,223.17519,15446232.847568
2026-03-02T17:45:00+00:00,68844.76,69200.0,68793.88,69198.0,294.87803,2026-03-02T17:59:59.999000+00:00,20347980.3263703,86683,159.90394,11035918.646326
2026-03-02T18:00:00+00:00,69198.0,69198.0,68727.83,69190.32,265.65627,2026-03-02T18:14:59.999000+00:00,18327480.9227423,88509,152.51011,10523276.4714477
2026-03-02T18:15:00+00:00,69190.32,69199.36,68958.0,69089.06,247.36787,2026-03-02T18:29:59.999000+00:00,17087909.96799,66769,135.09508,9331752.6168271
2026-03-02T18:30:00+00:00,69089.07,69268.15,68926.66,69125.47,311.93677,2026-03-02T18:44:59.999000+00:00,21559111.9990498,75718,170.69951,11801472.4370283
2026-03-02T18:45:00+00:00,69125.47,69174.8,68820.5,68877.67,230.78219,2026-03-02T18:59:59.999000+00:00,15915838.5041297,64804,81.99873,5655767.1099178
2026-03-02T19:00:00+00:00,68877.67,68938.66,68576.18,68745.59,303.89194,2026-03-02T19:14:59.999000+00:00,20895499.561325,75960,131.29535,9027836.5535677
2026-03-02T19:15:00+00:00,68745.59,68965.97,68743.51,68824.0,210.10866,2026-03-02T19:29:59.999000+00:00,14465627.533228,61865,122.1473,8409979.5364905
2026-03-02T19:30:00+00:00,68824.0,69049.32,68717.7,68782.88,219.65949,2026-03-02T19:44:59.999000+00:00,15129424.8466534,56678,130.20178,8968419.7471509
2026-03-02T19:45:00+00:00,68782.88,69012.82,68764.4,68966.53,153.23105,2026-03-02T19:59:59.999000+00:00,10560639.2475189,43446,102.7596,7082490.8205889
2026-03-02T20:00:00+00:00,68966.52,69209.71,68584.9,68738.01,383.31289,2026-03-02T20:14:59.999000+00:00,26418117.7732283,100247,201.09952,13855438.0454167
2026-03-02T20:15:00+00:00,68738.0,69058.32,68669.3,68951.73,104.77384,2026-03-02T20:29:59.999000+00:00,7220516.0836376,78984,60.79431,4189393.8178825
2026-03-02T20:30:00+00:00,68951.74,69229.75,68912.0,69229.75,156.4151,2026-03-02T20:44:59.999000+00:00,10808764.2577652,57207,71.31805,4928362.3775638
2026-03-02T20:45:00+00:00,69229.74,69505.0,69077.57,69106.58,383.63642,2026-03-02T20:59:59.999000+00:00,26595754.5639658,89724,173.49279,12029439.7973783
2026-03-02T21:00:00+00:00,69106.58,69297.6,69000.71,69281.63,143.01358,2026-03-02T21:14:59.999000+00:00,9886923.1545407,61049,87.58852,6055512.9566274
2026-03-02T21:15:00+00:00,69281.63,69432.15,69174.7,69414.6,68.91085,2026-03-02T21:29:59.999000+00:00,4775590.0763622,35091,43.91771,3043434.6703765
2026-03-02T21:30:00+00:00,69414.6,69481.46,69337.99,69456.82,115.46362,2026-03-02T21:44:59.999000+00:00,8014620.3212678,32000,57.15888,3967625.5217226
2026-03-02T21:45:00+00:00,69457.18,69539.77,69385.19,69413.82,113.99577,2026-03-02T21:59:59.999000+00:00,7918389.4614365,39831,57.1402,3968996.8176435
2026-03-02T22:00:00+00:00,69413.82,69501.62,69219.51,69241.53,201.05718,2026-03-02T22:14:59.999000+00:00,13946885.9135655,35403,48.23635,3347403.4425008
2026-03-02T22:15:00+00:00,69241.53,69378.0,69136.36,69364.45,504.09004,2026-03-02T22:29:59.999000+00:00,34901764.6151441,38683,100.21771,6941199.9506225
2026-03-02T22:30:00+00:00,69364.45,69439.77,69290.98,69410.88,233.81577,2026-03-02T22:44:59.999000+00:00,16215891.6713306,41387,90.0339,6245188.096207
2026-03-02T22:45:00+00:00,69410.88,69440.49,69241.46,69440.49,391.62939,2026-03-02T22:59:59.999000+00:00,27153372.545977,58090,99.34151,6888597.3445493
2026-03-02T23:00:00+00:00,69440.48,69479.58,69215.4,69223.24,121.09607,2026-03-02T23:14:59.999000+00:00,8396745.0802265,52632,49.28182,3417318.0392913
2026-03-02T23:15:00+00:00,69223.25,69261.69,68990.98,69002.93,223.74767,2026-03-02T23:29:59.999000+00:00,15466584.9643792,50389,65.29284,4511881.8714215
2026-03-02T23:30:00+00:00,69002.92,69014.26,68758.4,68796.86,195.86863,2026-03-02T23:44:59.999000+00:00,13489500.3738688,55562,58.86765,4052551.5472297
2026-03-02T23:45:00+00:00,68796.86,68965.67,68740.0,68830.06,97.01741,2026-03-02T23:59:59.999000+00:00,6678406.1560355,32427,43.31667,2982428.9764379
2026-03-03T00:00:00+00:00,68830.06,69004.4,68750.68,68809.99,168.97074,2026-03-03T00:14:59.999000+00:00,11641410.5201226,51890,97.58476,6723838.1036258
2026-03-03T00:15:00+00:00,68810.0,68882.0,68644.38,68801.99,93.28242,2026-03-03T00:29:59.999000+00:00,6412687.2272345,48867,32.9171,2263196.2387133
2026-03-03T00:30:00+00:00,68802.0,69166.61,68680.51,69108.17,241.07059,2026-03-03T00:44:59.999000+00:00,16633323.8832614,51024,182.99154,12629877.3403415
2026-03-03T00:45:00+00:00,69108.18,69166.0,68898.37,69092.88,99.587,2026-03-03T00:59:59.999000+00:00,6873437.145774,37395,51.08656,3526969.611795
2026-03-03T01:00:00+00:00,69092.89,69258.08,68924.75,69132.08,87.55531,2026-03-03T01:14:59.999000+00:00,6049054.9406917,48885,49.69689,3434131.2792703
2026-03-03T01:15:00+00:00,69132.08,69144.17,68886.28,68909.32,142.55735,2026-03-03T01:29:59.999000+00:00,9836356.9473711,52117,82.27922,5677023.6174169
2026-03-03T01:30:00+00:00,68909.31,69068.54,68760.0,69032.82,129.8998,2026-03-03T01:44:59.999000+00:00,8955125.2015235,51014,74.87917,5162913.3523403
2026-03-03T01:45:00+00:00,69032.83,69050.0,68755.0,68760.01,92.45752,2026-03-03T01:59:59.999000+00:00,6367992.9523248,43045,36.58934,2520886.0694193
2026-03-03T02:00:00+00:00,68760.01,68774.13,68408.08,68603.6,216.62166,2026-03-03T02:14:59.999000+00:00,14855821.2831244,78139,81.79142,5610722.778217
2026-03-03T02:15:00+00:00,68603.61,68650.13,68210.71,68461.73,407.64982,2026-03-03T02:29:59.999000+00:00,27884083.5007503,78106,101.30338,6928084.8150722
2026-03-03T02:30:00+00:00,68459.98,68530.13,68374.99,68458.49,109.34661,2026-03-03T02:44:59.999000+00:00,7484206.4788726,50726,58.97576,4036852.1275122
2026-03-03T02:45:00+00:00,68458.5,68630.23,68439.62,68512.17,114.65096,2026-03-03T02:59:59.999000+00:00,7857231.878045,46837,69.30597,4749091.5225951
2026-03-03T03:00:00+00:00,68512.17,68550.0,68335.26,68465.48,115.28048,2026-03-03T03:14:59.999000+00:00,7885767.0293793,40301,45.51141,3112848.026571
2026-03-03T03:15:00+00:00,68465.48,68488.25,68231.47,68419.34,215.08526,2026-03-03T03:29:59.999000+00:00,14696660.6427368,46692,81.44237,5564596.4574646
2026-03-03T03:30:00+00:00,68419.35,68544.56,68355.74,68419.12,76.40021,2026-03-03T03:44:59.999000+00:00,5228587.0748581,40721,25.56256,1749514.4426677
2026-03-03T03:45:00+00:00,68419.12,68425.89,68315.84,68377.94,51.6814,2026-03-03T03:59:59.999000+00:00,3532997.1064536,28877,25.72019,1758289.0556846
2026-03-03T04:00:00+00:00,68377.94,68454.63,68323.61,68370.0,90.06591,2026-03-03T04:14:59.999000+00:00,6159329.3029031,37615,28.61529,1956991.6282157
2026-03-03T04:15:00+00:00,68369.37,68411.52,68285.43,68323.53,63.62982,2026-03-03T04:29:59.999000+00:00,4348983.0708466,34423,23.64048,1615763.9580887
2026-03-03T04:30:00+00:00,68323.53,68390.45,68163.87,68194.9,155.09574,2026-03-03T04:44:59.999000+00:00,10584805.1291619,43805,40.01642,2731865.6309629
2026-03-03T04:45:00+00:00,68194.9,68208.62,68050.11,68123.2,127.66996,2026-03-03T04:59:59.999000+00:00,8695853.3541972,38667,40.47367,2757022.0035284
2026-03-03T05:00:00+00:00,68123.19,68391.35,68044.0,68391.35,113.14783,2026-03-03T05:14:59.999000+00:00,7718691.7017714,46382,70.97796,4843026.8146231
2026-03-03T05:15:00+00:00,68391.34,68617.42,68320.87,68408.81,287.96742,2026-03-03T05:29:59.999000+00:00,19723791.3580754,53794,202.00852,13839698.1117635
2026-03-03T05:30:00+00:00,68408.81,68416.66,68066.67,68079.39,255.80105,2026-03-03T05:44:59.999000+00:00,17441941.522236,60268,58.14352,3966080.8313967
2026-03-03T05:45:00+00:00,68079.39,68119.21,67845.84,67947.75,256.93715,2026-03-03T05:59:59.999000+00:00,17454964.7522338,74620,86.31453,5862890.6000809
2026-03-03T06:00:00+00:00,67947.75,68038.59,67830.7,67970.6,151.56698,2026-03-03T06:14:59.999000+00:00,10294193.173623,53413,47.49223,3225544.3253763
2026-03-03T06:15:00+00:00,67970.6,68000.0,67878.95,67887.0,196.02434,2026-03-03T06:29:59.999000+00:00,13317244.8740527,45395,86.08975,5848496.1203462
2026-03-03T06:30:00+00:00,67887.0,68000.0,67859.57,67995.05,252.7814,2026-03-03T06:44:59.999000+00:00,17166106.6633858,45329,152.17094,10333142.9544704
2026-03-03T06:45:00+00:00,67995.05,68250.24,67800.0,68106.73,220.82015,2026-03-03T06:59:59.999000+00:00,15026886.7582251,52641,137.12632,9333834.1375935
2026-03-03T07:00:00+00:00,68106.73,68172.4,67951.24,68172.39,266.15992,2026-03-03T07:14:59.999000+00:00,18115718.9501433,40341,178.08115,12119964.5285031
2026-03-03T07:15:00+00:00,68172.39,68275.2,68082.48,68245.3,334.71073,2026-03-03T07:29:59.999000+00:00,22829254.3594745,49826,206.67903,14097435.5760836
2026-03-03T07:30:00+00:00,68245.31,68245.31,68059.11,68218.18,447.2596,2026-03-03T07:44:59.999000+00:00,30477144.6439919,75765,95.0201,6475671.4021411
2026-03-03T07:45:00+00:00,68218.17,68250.0,68122.31,68172.8,117.47494,2026-03-03T07:59:59.999000+00:00,8010713.3348454,36057,53.11678,3622040.5304461
2026-03-03T08:00:00+00:00,68172.79,68311.83,67981.23,68010.75,144.48707,2026-03-03T08:14:59.999000+00:00,9849440.3010433,61399,72.39069,4936169.0394816
2026-03-03T08:15:00+00:00,68010.76,68099.3,67703.79,67747.78,602.53708,2026-03-03T08:29:59.999000+00:00,40914699.976843,97051,204.74911,13906005.6544164
2026-03-03T08:30:00+00:00,67747.77,67752.77,67305.08,67347.0,568.5687,2026-03-03T08:44:59.999000+00:00,38400836.0190123,151732,247.32688,16703019.7849308
2026-03-03T08:45:00+00:00,67346.99,67362.0,66905.0,67003.3,567.85935,2026-03-03T08:59:59.999000+00:00,38106297.0793206,130152,293.14702,19675861.0262876
2026-03-03T09:00:00+00:00,67003.3,67184.71,66878.43,67090.79,451.51155,2026-03-03T09:14:59.999000+00:00,30275895.6839155,132701,273.28711,18325855.905984
2026-03-03T09:15:00+00:00,67090.79,67138.49,66589.87,66629.37,425.51598,2026-03-03T09:29:59.999000+00:00,28463441.6112883,124561,180.99906,12115878.9223523
2026-03-03T09:30:00+00:00,66629.37,66705.17,66340.14,66540.84,621.01028,2026-03-03T09:44:59.999000+00:00,41324330.0884342,152621,240.42684,16002965.1945781
2026-03-03T09:45:00+00:00,66540.84,66665.33,66408.47,66647.98,269.84555,2026-03-03T09:59:59.999000+00:00,17949003.2859337,102672,173.84501,11563946.2689906
2026-03-03T10:00:00+00:00,66647.98,66663.63,66461.63,66486.76,253.29613,2026-03-03T10:14:59.999000+00:00,16853858.4347658,100415,154.68013,10291941.7202853
2026-03-03T10:15:00+00:00,66486.76,66700.0,66440.46,66512.33,253.53453,2026-03-03T10:29:59.999000+00:00,16880154.2079618,72113,157.17006,10462851.5297046
2026-03-03T10:30:00+00:00,66512.34,66717.29,66448.22,66707.75,311.94651,2026-03-03T10:44:59.999000+00:00,20757674.545304,82091,181.34829,12069726.6577118
2026-03-03T10:45:00+00:00,66707.75,67030.75,66707.75,66860.3,340.73015,2026-03-03T10:59:59.999000+00:00,22778273.2456359,96516,252.71904,16897628.4296773
2026-03-03T11:00:00+00:00,66860.3,67077.39,66808.46,66963.61,283.42964,2026-03-03T11:14:59.999000+00:00,18975485.0296809,91922,149.1647,9985603.1507285
2026-03-03T11:15:00+00:00,66963.6,67006.59,66779.37,66837.45,260.95815,2026-03-03T11:29:59.999000+00:00,17449807.5630929,85899,114.1199,7633612.4322688
2026-03-03T11:30:00+00:00,66837.44,67092.31,66823.77,67075.29,174.28855,2026-03-03T11:44:59.999000+00:00,11674286.6187106,88240,102.39045,6859012.1766884
2026-03-03T11:45:00+00:00,67075.29,67166.5,66948.11,67026.61,553.2399,2026-03-03T11:59:59.999000+00:00,37097069.1629096,83334,171.36361,11491144.4727438
2026-03-03T12:00:00+00:00,67026.6,67973.2,67025.93,67741.08,569.11178,2026-03-03T12:14:59.999000+00:00,38419881.4399316,145871,348.51048,23517490.4918512
2026-03-03T12:15:00+00:00,67741.09,67765.1,67398.83,67585.2,334.23852,2026-03-03T12:29:59.999000+00:00,22576546.9367896,104965,120.97932,8171763.0018018
2026-03-03T12:30:00+00:00,67585.2,67591.75,67290.26,67360.15,217.0077,2026-03-03T12:44:59.999000+00:00,14623848.2307976,93717,93.76389,6318989.8499715
2026-03-03T12:45:00+00:00,67360.14,67491.34,67260.32,67399.85,203.15279,2026-03-03T12:59:59.999000+00:00,13684299.2723493,78827,99.49472,6702467.7006987
2026-03-03T13:00:00+00:00,67399.85,67435.0,66969.56,66979.93,180.03205,2026-03-03T13:14:59.999000+00:00,12095684.6104862,93475,64.11576,4308466.9944813
2026-03-03T13:15:00+00:00,66979.93,67199.74,66972.0,67107.29,145.73967,2026-03-03T13:29:59.999000+00:00,9780058.1029264,63378,67.65325,4539753.9821715
2026-03-03T13:30:00+00:00,67107.29,67107.29,66850.0,66861.13,166.45361,2026-03-03T13:44:59.999000+00:00,11147760.7642476,93842,68.47171,4585715.5488875
2026-03-03T13:45:00+00:00,66861.14,66965.51,66635.3,66931.31,217.53285,2026-03-03T13:59:59.999000+00:00,14530191.7023889,102206,86.35798,5770083.5070095
2026-03-03T14:00:00+00:00,66931.32,67254.89,66859.86,67170.0,247.6436,2026-03-03T14:14:59.999000+00:00,16624709.1733193,89309,172.98407,11613485.3832724
2026-03-03T14:15:00+00:00,67170.01,67354.67,67015.11,67118.32,195.16781,2026-03-03T14:29:59.999000+00:00,13115980.2679388,80081,108.66679,7302129.04142
2026-03-03T14:30:00+00:00,67118.31,67603.94,66367.1,66464.0,794.82648,2026-03-03T14:44:59.999000+00:00,53184287.6088801,267766,393.58602,26345634.849445
2026-03-03T14:45:00+00:00,66463.99,66814.67,66158.0,66568.95,477.18674,2026-03-03T14:59:59.999000+00:00,31726621.0966855,201297,244.59806,16267262.1001534
2026-03-03T15:00:00+00:00,66568.95,66893.69,66502.25,66871.99,435.10769,2026-03-03T15:14:59.999000+00:00,29019797.0133302,168194,234.85659,15664803.8076592
2026-03-03T15:15:00+00:00,66872.0,67019.23,66471.79,66820.95,285.78869,2026-03-03T15:29:59.999000+00:00,19073490.213111,117154,144.08013,9616369.1677795
2026-03-03T15:30:00+00:00,66820.94,67834.93,66815.44,67529.21,554.32274,2026-03-03T15:44:59.999000+00:00,37364130.4648738,185562,345.68823,23302595.187346
2026-03-03T15:45:00+00:00,67529.21,67823.19,67486.77,67725.81,419.97608,2026-03-03T15:59:59.999000+00:00,28407304.8884078,140426,204.21152,13815912.5289558
2026-03-03T16:00:00+00:00,67725.82,68620.0,67659.75,68474.02,748.02655,2026-03-03T16:14:59.999000+00:00,51012817.0045871,178523,463.42264,31583268.1651019
2026-03-03T16:15:00+00:00,68474.01,68999.0,68266.57,68828.97,546.30521,2026-03-03T16:29:59.999000+00:00,37516212.2621626,161450,294.07104,20196768.9713608
2026-03-03T16:30:00+00:00,68828.96,68828.96,67473.09,67726.29,736.19283,2026-03-03T16:44:59.999000+00:00,50057094.8606512,203783,270.23434,18376155.4808896
2026-03-03T16:45:00+00:00,67726.3,68464.0,67710.28,68175.9,551.38684,2026-03-03T16:59:59.999000+00:00,37565337.8065367,163413,379.30742,25843433.6828009
2026-03-03T17:00:00+00:00,68175.89,68227.5,67626.53,67941.36,413.93185,2026-03-03T17:14:59.999000+00:00,28094574.6765702,132487,152.45222,10352913.7139865
2026-03-03T17:15:00+00:00,67941.36,68292.18,67879.71,68234.65,212.50204,2026-03-03T17:29:59.999000+00:00,14466942.179497,97862,118.9852,8102060.5461732
2026-03-03T17:30:00+00:00,68234.64,68234.64,67766.5,68148.91,163.43314,2026-03-03T17:44:59.999000+00:00,11111194.5178165,90455,98.69963,6710261.4948283
2026-03-03T17:45:00+00:00,68148.91,68400.0,68009.25,68318.66,192.28145,2026-03-03T17:59:59.999000+00:00,13123632.7884553,87355,92.29574,6300243.712436
2026-03-03T18:00:00+00:00,68318.66,68441.03,67976.47,68083.68,178.02376,2026-03-03T18:14:59.999000+00:00,12148734.7738357,72325,76.91848,5251125.0764192
2026-03-03T18:15:00+00:00,68083.69,68599.58,68083.69,68465.88,391.09803,2026-03-03T18:29:59.999000+00:00,26765177.6419933,68556,235.03948,16082590.6252556
2026-03-03T18:30:00+00:00,68465.87,68914.01,68430.45,68689.6,288.13881,2026-03-03T18:44:59.999000+00:00,19805479.6929354,85476,176.61661,12140560.9534801
2026-03-03T18:45:00+00:00,68689.6,68773.95,68544.08,68628.49,116.86942,2026-03-03T18:59:59.999000+00:00,8023579.554704,65838,60.98778,4187093.074039
2026-03-03T19:00:00+00:00,68628.5,68691.04,68312.83,68620.96,178.57808,2026-03-03T19:14:59.999000+00:00,12233674.9997591,68248,68.82208,4716795.7869637
2026-03-03T19:15:00+00:00,68620.97,68888.88,68485.2,68654.25,346.10822,2026-03-03T19:29:59.999000+00:00,23812266.3788851,62820,194.05418,13348978.5003796
2026-03-03T19:30:00+00:00,68654.25,68799.25,68351.3,68702.21,298.00443,2026-03-03T19:44:59.999000+00:00,20440319.8909343,95160,161.28385,11065437.5305782
2026-03-03T19:45:00+00:00,68702.21,68758.26,68430.19,68435.0,123.81953,2026-03-03T19:59:59.999000+00:00,8491622.0908876,62246,53.86727,3694591.2997223
2026-03-03T20:00:00+00:00,68435.0,68506.1,68155.43,68156.11,164.38192,2026-03-03T20:14:59.999000+00:00,11239154.7817011,58992,46.19127,3158999.1633642
2026-03-03T20:15:00+00:00,68156.0,68484.87,68149.3,68390.95,157.17721,2026-03-03T20:29:59.999000+00:00,10735238.160612,61569,74.50848,5088845.5299998
2026-03-03T20:30:00+00:00,68390.96,68591.24,68342.4,68483.57,113.95048,2026-03-03T20:44:59.999000+00:00,7798237.8488005,58802,66.58505,4556992.1192036
2026-03-03T20:45:00+00:00,68483.57,68499.9,68092.1,68266.0,157.48912,2026-03-03T20:59:59.999000+00:00,10747036.7150914,68238,73.25664,5000014.9655295
2026-03-03T21:00:00+00:00,68265.99,68265.99,67848.26,68047.99,163.81169,2026-03-03T21:14:59.999000+00:00,11145600.2006049,53712,59.17816,4026139.6959339
2026-03-03T21:15:00+00:00,68048.0,68110.48,67832.3,67936.44,96.54826,2026-03-03T21:29:59.999000+00:00,6562645.5451822,42184,49.036,3333221.7596365
2026-03-03T21:30:00+00:00,67936.45,68043.24,67886.86,68030.55,95.53179,2026-03-03T21:44:59.999000+00:00,6492099.8995345,32112,30.50322,2072994.03029
2026-03-03T21:45:00+00:00,68030.56,68098.0,67974.86,68024.62,164.0319,2026-03-03T21:59:59.999000+00:00,11160242.6460042,25355,44.48835,3026360.7832906
2026-03-03T22:00:00+00:00,68024.63,68524.54,68024.62,68310.74,177.6255,2026-03-03T22:14:59.999000+00:00,12135931.4496899,57341,123.8194,8457531.6822637
2026-03-03T22:15:00+00:00,68310.74,68388.11,68172.99,68259.87,131.90055,2026-03-03T22:29:59.999000+00:00,9009263.2461861,28633,46.75505,3194146.3969776
2026-03-03T22:30:00+00:00,68259.87,68398.01,68187.77,68398.0,158.98565,2026-03-03T22:44:59.999000+00:00,10858846.5106831,28340,117.23429,8006610.533865
2026-03-03T22:45:00+00:00,68398.01,68430.36,68200.0,68327.2,105.36086,2026-03-03T22:59:59.999000+00:00,7196928.2450297,32326,55.94152,3820772.8079517
2026-03-03T23:00:00+00:00,68327.2,68860.0,68245.64,68695.92,246.63522,2026-03-03T23:14:59.999000+00:00,16896522.9364317,55748,157.39796,10785295.3610714
2026-03-03T23:15:00+00:00,68695.92,68712.0,68440.05,68490.46,146.1565,2026-03-03T23:29:59.999000+00:00,10017164.0550935,36013,32.77601,2246540.0875594
2026-03-03T23:30:00+00:00,68490.46,68582.83,68411.76,68456.39,78.8731,2026-03-03T23:44:59.999000+00:00,5402741.0364879,26414,32.23335,2208347.2671089
2026-03-03T23:45:00+00:00,68456.4,68512.4,68252.0,68338.0,103.82387,2026-03-03T23:59:59.999000+00:00,7096844.1436675,23877,53.90854,3683475.7941725
2026-03-04T00:00:00+00:00,68338.01,68338.01,68093.1,68111.53,95.41727,2026-03-04T00:14:59.999000+00:00,6509092.0431935,57499,36.8936,2516547.05734
2026-03-04T00:15:00+00:00,68111.53,68413.9,68111.53,68293.87,329.76995,2026-03-04T00:29:59.999000+00:00,22519230.6057225,48213,208.72377,14250461.0387476
2026-03-04T00:30:00+00:00,68293.87,68336.84,67857.61,67965.94,227.62808,2026-03-04T00:44:59.999000+00:00,15484673.3997907,81189,51.7792,3522370.2497533
2026-03-04T00:45:00+00:00,67965.94,68252.1,67965.93,68093.19,114.80393,2026-03-04T00:59:59.999000+00:00,7821661.7327565,54706,49.69315,3385686.9253861
2026-03-04T01:00:00+00:00,68093.2,68274.46,68050.16,68124.0,419.30476,2026-03-04T01:14:59.999000+00:00,28596030.6449443,72293,212.06615,14463144.8766704
2026-03-04T01:15:00+00:00,68124.01,68341.12,67963.28,68251.99,201.93795,2026-03-04T01:29:59.999000+00:00,13750749.6338006,64355,93.80179,6390561.8505227
2026-03-04T01:30:00+00:00,68251.99,68909.34,68212.0,68711.48,348.97682,2026-03-04T01:44:59.999000+00:00,23940422.605638,100626,229.18107,15718319.2295191
2026-03-04T01:45:00+00:00,68711.47,68720.84,68365.08,68405.0,324.40375,2026-03-04T01:59:59.999000+00:00,22206943.1269347,62497,197.66996,13525547.2175578
2026-03-04T02:00:00+00:00,68405.0,68447.72,68181.82,68229.14,216.24543,2026-03-04T02:14:59.999000+00:00,14768953.6511844,75951,74.67707,5101269.9445339
2026-03-04T02:15:00+00:00,68229.15,68299.44,68037.55,68067.01,127.27008,2026-03-04T02:29:59.999000+00:00,8672307.3347081,54826,44.63936,3042190.1832256
2026-03-04T02:30:00+00:00,68067.01,68151.12,67984.56,68135.86,114.75507,2026-03-04T02:44:59.999000+00:00,7811337.0338585,59904,46.876,3191248.4168071
2026-03-04T02:45:00+00:00,68135.86,68396.5,68106.15,68323.33,339.8427,2026-03-04T02:59:59.999000+00:00,23210898.1401204,55623,135.28924,9237420.0158675
2026-03-04T03:00:00+00:00,68323.33,68356.01,68090.11,68265.27,326.35912,2026-03-04T03:14:59.999000+00:00,22273231.4252765,62744,200.92142,13714422.713637
2026-03-04T03:15:00+00:00,68265.27,68383.63,67950.0,67976.25,171.46906,2026-03-04T03:29:59.999000+00:00,11695725.4102584,63393,61.38069,4187834.968296
2026-03-04T03:30:00+00:00,67976.25,67995.79,67400.0,67571.46,360.76261,2026-03-04T03:44:59.999000+00:00,24396402.7300263,122152,125.49687,8481129.4205215
2026-03-04T03:45:00+00:00,67571.46,67752.35,67442.8,67732.2,95.91692,2026-03-04T03:59:59.999000+00:00,6485754.2743551,65243,53.15905,3594280.1042941
2026-03-04T04:00:00+00:00,67732.19,67954.89,67569.42,67816.15,165.32718,2026-03-04T04:14:59.999000+00:00,11203467.1067786,63307,93.12365,6311833.1335982
2026-03-04T04:15:00+00:00,67816.15,67847.6,67513.15,67600.01,206.02772,2026-03-04T04:29:59.999000+00:00,13931951.4034834,50047,101.91616,6891018.8899295
2026-03-04T04:30:00+00:00,67600.0,67694.56,67467.6,67641.75,388.87994,2026-03-04T04:44:59.999000+00:00,26281660.4452289,51386,203.45798,13749618.6103522
2026-03-04T04:45:00+00:00,67641.75,67850.91,67600.45,67786.0,306.15496,2026-03-04T04:59:59.999000+00:00,20717753.2450267,48975,211.95542,14342214.7939068
2026-03-04T05:00:00+00:00,67786.0,67917.96,67684.77,67914.25,97.5396,2026-03-04T05:14:59.999000+00:00,6615824.5455116,44839,44.80108,3038559.0170998
2026-03-04T05:15:00+00:00,67914.25,67958.15,67682.64,67831.48,158.03151,2026-03-04T05:29:59.999000+00:00,10717385.8289234,39398,82.53851,5599398.1652449
2026-03-04T05:30:00+00:00,67831.49,68304.64,67733.21,68206.36,155.63237,2026-03-04T05:44:59.999000+00:00,10582660.6486818,54864,95.0195,6467141.4972834
2026-03-04T05:45:00+00:00,68206.35,68397.84,68117.22,68206.59,255.08421,2026-03-04T05:59:59.999000+00:00,17410852.181203,49088,160.37213,10945885.9946994
2026-03-04T06:00:00+00:00,68206.58,68276.69,68073.39,68196.79,299.91565,2026-03-04T06:14:59.999000+00:00,20447829.7842857,49283,182.09651,12413981.104707
2026-03-04T06:15:00+00:00,68196.79,68213.11,68048.63,68128.53,101.16595,2026-03-04T06:29:59.999000+00:00,6891602.7795391,42811,50.00255,3406068.3334375
2026-03-04T06:30:00+00:00,68128.54,68677.38,68126.74,68665.31,474.7472,2026-03-04T06:44:59.999000+00:00,32444313.1807718,74844,230.67113,15768927.1402112
2026-03-04T06:45:00+00:00,68665.32,68678.76,68457.72,68508.02,412.65228,2026-03-04T06:59:59.999000+00:00,28313916.7332216,52899,180.62172,12391403.8794724
2026-03-04T07:00:00+00:00,68508.02,68625.84,68382.64,68401.54,302.75936,2026-03-04T07:14:59.999000+00:00,20736192.102957,46208,178.63401,12235338.3591221
2026-03-04T07:15:00+00:00,68401.53,68766.46,68349.49,68766.45,394.64923,2026-03-04T07:29:59.999000+00:00,27029776.8314428,41265,245.27135,16791507.0627827
2026-03-04T07:30:00+00:00,68766.45,68983.13,68646.93,68969.41,467.64827,2026-03-04T07:44:59.999000+00:00,32162805.2444262,67655,285.64698,19645785.416207
2026-03-04T07:45:00+00:00,68969.41,69668.0,68888.11,69493.13,902.62526,2026-03-04T07:59:59.999000+00:00,62591976.9165541,97593,589.12185,40845131.3384599
2026-03-04T08:00:00+00:00,69493.14,69717.6,69362.23,69418.74,768.74925,2026-03-04T08:14:59.999000+00:00,53464403.1115903,95261,310.42798,21597063.7352104
2026-03-04T08:15:00+00:00,69418.73,69418.74,69098.91,69316.41,694.44587,2026-03-04T08:29:59.999000+00:00,48096464.87676,106823,248.98244,17243429.6567997
2026-03-04T08:30:00+00:00,69316.42,69920.0,69305.62,69880.0,784.91313,2026-03-04T08:44:59.999000+00:00,54699654.4350834,105677,506.43323,35288449.8994161
2026-03-04T08:45:00+00:00,69880.0,71163.0,69880.0,71011.4,2427.24825,2026-03-04T08:59:59.999000+00:00,171030072.9070034,278532,1544.57866,108785215.7131418
2026-03-04T09:00:00+00:00,71011.4,71283.81,70724.26,71072.59,1336.48921,2026-03-04T09:14:59.999000+00:00,94909094.5026318,210660,583.00764,41402893.7991799
2026-03-04T09:15:00+00:00,71072.59,71522.0,71072.59,71310.0,1207.89288,2026-03-04T09:29:59.999000+00:00,86085258.6651976,194437,576.9385,41124745.3632465
2026-03-04T09:30:00+00:00,71310.0,71878.7,71214.96,71767.23,928.03142,2026-03-04T09:44:59.999000+00:00,66433145.7546776,162119,515.49592,36905288.2720287
2026-03-04T09:45:00+00:00,71767.24,71893.0,71343.82,71520.76,723.77653,2026-03-04T09:59:59.999000+00:00,51828233.1281183,120090,314.07998,22495171.4972429
2026-03-04T10:00:00+00:00,71520.76,71878.17,71423.47,71655.44,677.20976,2026-03-04T10:14:59.999000+00:00,48528095.680419,175553,389.36149,27902463.7678778
2026-03-04T10:15:00+00:00,71655.44,71700.44,71341.59,71526.61,473.64113,2026-03-04T10:29:59.999000+00:00,33863902.1264027,104805,241.05528,17235953.5738441
2026-03-04T10:30:00+00:00,71526.61,71554.98,71284.25,71322.4,490.44649,2026-03-04T10:44:59.999000+00:00,35018108.8169058,126365,314.23261,22435785.2351427
2026-03-04T10:45:00+00:00,71322.4,71461.92,71200.0,71348.92,438.09408,2026-03-04T10:59:59.999000+00:00,31242529.1344265,110171,255.05182,18190422.2682303
2026-03-04T11:00:00+00:00,71348.92,71450.0,71210.7,71427.72,245.55459,2026-03-04T11:14:59.999000+00:00,17521691.3187485,68861,116.15126,8287993.8743266
2026-03-04T11:15:00+00:00,71427.71,71499.75,71201.51,71225.69,162.05581,2026-03-04T11:29:59.999000+00:00,11563969.2169625,51532,64.26012,4586008.8764977
2026-03-04T11:30:00+00:00,71225.7,71308.59,70928.25,71109.22,509.61962,2026-03-04T11:44:59.999000+00:00,36204756.149724,100245,228.13431,16206019.3583449
2026-03-04T11:45:00+00:00,71109.22,71225.19,70951.0,71111.4,277.92975,2026-03-04T11:59:59.999000+00:00,19758992.788063,69314,141.41551,10054517.7992144
2026-03-04T12:00:00+00:00,71111.4,71145.0,70816.66,70880.4,284.94007,2026-03-04T12:14:59.999000+00:00,20220291.6798838,84627,121.34735,8610899.9657818
2026-03-04T12:15:00+00:00,70880.39,70925.31,70616.11,70628.57,359.33619,2026-03-04T12:29:59.999000+00:00,25420976.0389142,89272,159.89457,11312365.635543
2026-03-04T12:30:00+00:00,70628.56,71046.35,70588.0,70973.65,416.65303,2026-03-04T12:44:59.999000+00:00,29514397.2893262,95099,214.56919,15201588.2204311
2026-03-04T12:45:00+00:00,70973.65,71364.14,70886.81,71339.71,425.60629,2026-03-04T12:59:59.999000+00:00,30275198.9274651,91117,304.75315,21679720.5662607
2026-03-04T13:00:00+00:00,71339.72,71624.99,71279.82,71300.0,354.4233,2026-03-04T13:14:59.999000+00:00,25320136.5592582,101824,211.8793,15135217.4954975
2026-03-04T13:15:00+00:00,71300.0,71421.77,71214.4,71364.49,226.38934,2026-03-04T13:29:59.999000+00:00,16148920.1166384,84587,150.5048,10736787.8818699
2026-03-04T13:30:00+00:00,71364.48,71543.2,71250.0,71432.98,609.08635,2026-03-04T13:44:59.999000+00:00,43501514.6912995,84121,401.35673,28672906.7955977
2026-03-04T13:45:00+00:00,71432.99,71520.0,71320.37,71477.17,378.36941,2026-03-04T13:59:59.999000+00:00,27031865.6648829,75661,224.53913,16041985.4616463
2026-03-04T14:00:00+00:00,71477.17,71830.0,71396.84,71807.12,566.53252,2026-03-04T14:14:59.999000+00:00,40562331.1775555,97651,391.48017,28027394.4562806
2026-03-04T14:15:00+00:00,71807.11,72000.0,71584.08,71751.67,799.10158,2026-03-04T14:29:59.999000+00:00,57346455.8848616,144427,390.84159,28058306.3039032
2026-03-04T14:30:00+00:00,71751.68,72633.0,71408.9,71416.59,2158.7998,2026-03-04T14:44:59.999000+00:00,155627943.6814802,323746,1156.04653,83407399.753157
2026-03-04T14:45:00+00:00,71416.59,71802.07,71300.1,71621.04,614.6456,2026-03-04T14:59:59.999000+00:00,43996584.1132662,194422,349.06321,24986911.9279836
2026-03-04T15:00:00+00:00,71621.03,72247.08,71580.62,72003.76,770.86288,2026-03-04T15:14:59.999000+00:00,55446252.0694158,193012,443.2123,31880051.893814
2026-03-04T15:15:00+00:00,72003.76,72997.0,71983.87,72972.15,1026.62769,2026-03-04T15:29:59.999000+00:00,74497468.8220163,202571,658.26021,47769125.5762797
2026-03-04T15:30:00+00:00,72972.15,73097.08,72576.1,72705.65,1131.11311,2026-03-04T15:44:59.999000+00:00,82379494.6260955,208753,633.39217,46138494.9683742
2026-03-04T15:45:00+00:00,72705.65,73479.75,72694.34,73396.88,1255.75628,2026-03-04T15:59:59.999000+00:00,91850460.5247861,177592,798.72052,58425607.2519245
2026-03-04T16:00:00+00:00,73396.87,73500.0,72748.78,72843.2,1283.76162,2026-03-04T16:14:59.999000+00:00,93979486.4186228,191515,624.61375,45745911.9672679
2026-03-04T16:15:00+00:00,72843.2,73049.3,72541.69,72964.39,539.54723,2026-03-04T16:29:59.999000+00:00,39285566.2746243,138920,280.77724,20447081.3467023
2026-03-04T16:30:00+00:00,72964.39,73300.0,72898.14,73140.32,420.14995,2026-03-04T16:44:59.999000+00:00,30733043.7411448,111584,204.16692,14935506.9306841
2026-03-04T16:45:00+00:00,73140.33,73458.0,73079.14,73294.84,384.10093,2026-03-04T16:59:59.999000+00:00,28133482.5506533,115535,237.3175,17382200.2217047
2026-03-04T17:00:00+00:00,73294.84,73700.0,73180.64,73545.44,668.09974,2026-03-04T17:14:59.999000+00:00,49068846.4919946,134634,374.86448,27538842.5439316
2026-03-04T17:15:00+00:00,73545.44,73759.99,72932.8,73053.05,783.20017,2026-03-04T17:29:59.999000+00:00,57357170.9051102,145434,325.45771,23842904.6255936
2026-03-04T17:30:00+00:00,73053.05,73282.18,73053.05,73141.8,497.74975,2026-03-04T17:44:59.999000+00:00,36421354.9791361,99950,342.08315,25032356.6690333
2026-03-04T17:45:00+00:00,73141.8,73400.0,73111.38,73218.92,309.82864,2026-03-04T17:59:59.999000+00:00,22694490.9944168,72217,162.43253,11897276.5311861
2026-03-04T18:00:00+00:00,73218.93,73411.76,72912.11,73042.63,311.68912,2026-03-04T18:14:59.999000+00:00,22812206.4608834,71464,133.96197,9807735.8589752
2026-03-04T18:15:00+00:00,73042.63,73418.44,73018.35,73405.9,267.25276,2026-03-04T18:29:59.999000+00:00,19586590.5848325,63501,128.04276,9383926.0379788
2026-03-04T18:30:00+00:00,73405.91,73545.17,73142.0,73518.89,289.91565,2026-03-04T18:44:59.999000+00:00,21255753.414516,56945,154.65426,11341779.0038514
2026-03-04T18:45:00+00:00,73518.88,73700.0,73426.04,73693.5,252.67937,2026-03-04T18:59:59.999000+00:00,18591418.3610601,59940,147.98749,10889419.7264894
2026-03-04T19:00:00+00:00,73693.5,74005.0,73573.5,73870.54,964.11221,2026-03-04T19:14:59.999000+00:00,71182520.3693574,112559,544.54309,40204081.8040624
2026-03-04T19:15:00+00:00,73870.53,74050.0,73522.12,73557.99,795.40666,2026-03-04T19:29:59.999000+00:00,58685293.5359462,100816,288.59339,21300512.6682706
2026-03-04T19:30:00+00:00,73558.0,73868.41,73516.0,73707.15,306.11902,2026-03-04T19:44:59.999000+00:00,22563345.5519313,68182,111.88369,8245733.1950083
2026-03-04T19:45:00+00:00,73708.31,73789.86,73579.67,73611.1,591.3934,2026-03-04T19:59:59.999000+00:00,43568711.1653071,61264,166.77525,12286323.687356
2026-03-04T20:00:00+00:00,73611.67,73716.0,73305.68,73430.17,231.60197,2026-03-04T20:14:59.999000+00:00,17023701.1104565,59960,102.77174,7555642.3262718
2026-03-04T20:15:00+00:00,73430.18,73590.0,73253.91,73469.95,180.97739,2026-03-04T20:29:59.999000+00:00,13290531.5014416,50135,77.3639,5681560.9532542
2026-03-04T20:30:00+00:00,73469.95,73567.45,73318.47,73496.36,178.31511,2026-03-04T20:44:59.999000+00:00,13094937.7340151,51350,94.6228,6949490.7877881
2026-03-04T20:45:00+00:00,73496.37,73541.78,73001.05,73019.68,313.63265,2026-03-04T20:59:59.999000+00:00,22967049.3125837,66861,111.48053,8163782.1767988
2026-03-04T21:00:00+00:00,73019.69,73143.44,72878.0,73060.84,288.87923,2026-03-04T21:14:59.999000+00:00,21089938.862354,56643,114.19128,8337271.2857104
2026-03-04T21:15:00+00:00,73060.85,73211.7,72956.0,73161.57,243.20707,2026-03-04T21:29:59.999000+00:00,17785849.1648676,38798,116.97389,8553919.1923693
2026-03-04T21:30:00+00:00,73161.57,73297.82,73064.56,73237.6,171.93826,2026-03-04T21:44:59.999000+00:00,12583923.0227552,26737,85.14852,6231740.8436318
2026-03-04T21:45:00+00:00,73237.6,73322.93,73168.31,73309.72,132.5024,2026-03-04T21:59:59.999000+00:00,9708449.2653777,22624,61.31758,4493269.5831286
2026-03-04T22:00:00+00:00,73309.73,73523.31,73243.9,73244.25,183.68794,2026-03-04T22:14:59.999000+00:00,13483768.8446072,36290,74.76523,5489196.1046234
2026-03-04T22:15:00+00:00,73244.25,73358.12,73189.73,73260.0,139.63196,2026-03-04T22:29:59.999000+00:00,10229854.3089744,27475,60.66274,4444770.2214851
2026-03-04T22:30:00+00:00,73260.0,73305.26,72800.0,72917.01,238.91542,2026-03-04T22:44:59.999000+00:00,17447543.1366723,52223,71.46004,5219006.5099521
2026-03-04T22:45:00+00:00,72917.0,72917.01,72638.29,72705.86,332.56324,2026-03-04T22:59:59.999000+00:00,24188730.4483593,52573,155.01943,11269640.0925527
2026-03-04T23:00:00+00:00,72705.86,72821.2,72647.99,72718.57,148.2403,2026-03-04T23:14:59.999000+00:00,10780806.9379666,33642,63.6956,4632187.6770387
2026-03-04T23:15:00+00:00,72718.57,72880.88,72483.69,72538.0,216.98788,2026-03-04T23:29:59.999000+00:00,15756917.2162006,45979,98.56359,7158470.333344
2026-03-04T23:30:00+00:00,72538.0,72768.25,72313.04,72756.8,336.56747,2026-03-04T23:44:59.999000+00:00,24401136.0317656,50671,160.04396,11608478.6606825
2026-03-04T23:45:00+00:00,72756.81,72830.01,72603.84,72666.77,488.37619,2026-03-04T23:59:59.999000+00:00,35499981.6840622,37278,248.14983,18036604.5701678
2026-03-05T00:00:00+00:00,72666.77,72854.0,72553.65,72705.48,329.75836,2026-03-05T00:14:59.999000+00:00,23970600.3386837,61802,142.84375,10383378.4279079
2026-03-05T00:15:00+00:00,72705.47,72972.23,72679.48,72827.7,225.45426,2026-03-05T00:29:59.999000+00:00,16425330.1116762,75554,131.46092,9577757.5516329
2026-03-05T00:30:00+00:00,72827.7,72993.29,72727.48,72905.0,266.44117,2026-03-05T00:44:59.999000+00:00,19407917.1540627,59752,122.91905,8954114.5724728
2026-03-05T00:45:00+00:00,72905.01,73000.0,72705.37,72760.0,183.12267,2026-03-05T00:59:59.999000+00:00,13335228.8252338,55367,79.97841,5825864.5975373
2026-03-05T01:00:00+00:00,72759.99,73306.82,72682.08,73126.28,272.31124,2026-03-05T01:14:59.999000+00:00,19869850.5488076,82864,147.1085,10736342.7752784
2026-03-05T01:15:00+00:00,73126.27,73228.49,72782.28,72945.09,189.38465,2026-03-05T01:29:59.999000+00:00,13822810.5295226,78045,97.7181,7130677.9696235
2026-03-05T01:30:00+00:00,72945.09,72959.97,72581.78,72651.07,139.28738,2026-03-05T01:44:59.999000+00:00,10136356.4841656,70030,58.67058,4269361.4876004
2026-03-05T01:45:00+00:00,72651.07,72683.99,72409.1,72538.72,220.20525,2026-03-05T01:59:59.999000+00:00,15970712.7482414,71712,76.74253,5566543.8605434
2026-03-05T02:00:00+00:00,72538.72,72858.39,72514.26,72804.72,219.66361,2026-03-05T02:14:59.999000+00:00,15973982.9163518,74241,116.22038,8449415.8767698
2026-03-05T02:15:00+00:00,72804.73,72916.5,72665.97,72716.18,116.51719,2026-03-05T02:29:59.999000+00:00,8484769.4110357,39558,82.01743,5973607.0274881
2026-03-05T02:30:00+00:00,72716.19,72719.14,72336.76,72357.94,151.72378,2026-03-05T02:44:59.999000+00:00,10992694.5365032,51894,54.2445,3929961.6088662
2026-03-05T02:45:00+00:00,72357.95,72595.67,72349.2,72506.19,140.72321,2026-03-05T02:59:59.999000+00:00,10196954.6478301,46310,76.64818,5554073.918762
2026-03-05T03:00:00+00:00,72506.18,72750.0,72481.47,72624.85,153.94031,2026-03-05T03:14:59.999000+00:00,11180646.4189661,45233,87.42459,6349633.0499007
2026-03-05T03:15:00+00:00,72624.85,72670.07,72484.67,72531.91,223.43796,2026-03-05T03:29:59.999000+00:00,16217532.5614272,36099,124.28116,9021897.8679492
2026-03-05T03:30:00+00:00,72531.9,72540.95,72344.51,72349.06,170.58626,2026-03-05T03:44:59.999000+00:00,12355935.597047,49701,60.89671,4410992.9821087
2026-03-05T03:45:00+00:00,72349.06,72550.29,72344.52,72497.89,120.40753,2026-03-05T03:59:59.999000+00:00,8722339.8844452,34123,53.64695,3886256.6563373
2026-03-05T04:00:00+00:00,72497.89,72716.84,72447.96,72668.43,121.04551,2026-03-05T04:14:59.999000+00:00,8784273.4777105,44153,57.50943,4174143.3735376
2026-03-05T04:15:00+00:00,72668.42,72832.91,72579.41,72793.66,95.54742,2026-03-05T04:29:59.999000+00:00,6947961.4603861,36590,51.25914,3727318.617996
2026-03-05T04:30:00+00:00,72793.66,72959.22,72536.58,72922.81,250.55332,2026-03-05T04:44:59.999000+00:00,18223628.9835589,50978,109.40429,7959770.8638754
2026-03-05T04:45:00+00:00,72922.81,73081.08,72693.73,72815.7,282.86085,2026-03-05T04:59:59.999000+00:00,20609336.2161086,49449,131.35203,9572504.2082264
2026-03-05T05:00:00+00:00,72815.7,72912.82,72711.17,72820.0,145.59207,2026-03-05T05:14:59.999000+00:00,10598723.6510753,33304,74.30483,5409584.3311165
2026-03-05T05:15:00+00:00,72820.0,72820.01,72450.1,72480.45,196.42072,2026-03-05T05:29:59.999000+00:00,14258277.5664066,40110,50.11,3636079.8456611
2026-03-05T05:30:00+00:00,72480.45,72646.87,72357.04,72414.65,352.2835,2026-03-05T05:44:59.999000+00:00,25536419.2741396,47802,210.12815,15235743.2590143
2026-03-05T05:45:00+00:00,72414.65,72500.0,72260.74,72412.15,391.60167,2026-03-05T05:59:59.999000+00:00,28343785.8411672,45190,246.37666,17829612.7001857
2026-03-05T06:00:00+00:00,72412.15,72449.66,72037.56,72150.71,487.09386,2026-03-05T06:14:59.999000+00:00,35180164.950489,86996,177.82656,12839295.2659793
2026-03-05T06:15:00+00:00,72150.71,72545.09,72066.47,72399.07,234.9958,2026-03-05T06:29:59.999000+00:00,17002808.2770463,61397,146.30271,10586286.2068265
2026-03-05T06:30:00+00:00,72399.07,72527.0,72301.5,72422.64,195.2152,2026-03-05T06:44:59.999000+00:00,14135390.132492,46325,78.88079,5711237.2914619
2026-03-05T06:45:00+00:00,72422.64,72655.23,72395.57,72553.62,145.80004,2026-03-05T06:59:59.999000+00:00,10576402.7846934,50790,86.45044,6271121.723583
2026-03-05T07:00:00+00:00,72553.63,72666.4,72429.79,72647.81,194.33546,2026-03-05T07:14:59.999000+00:00,14097187.0406111,57125,95.57553,6934583.6325793
2026-03-05T07:15:00+00:00,72647.8,72675.07,72527.27,72527.28,140.29454,2026-03-05T07:29:59.999000+00:00,10187668.2532227,39048,50.99047,3703009.3580026
2026-03-05T07:30:00+00:00,72527.28,72527.28,72180.71,72181.81,338.85358,2026-03-05T07:44:59.999000+00:00,24502292.4684587,55380,93.79422,6779865.011813
2026-03-05T07:45:00+00:00,72181.82,72248.8,71759.95,72055.5,773.53104,2026-03-05T07:59:59.999000+00:00,55679288.9448208,71262,294.01503,21162210.7044422
2026-03-05T08:00:00+00:00,72055.5,72083.68,71786.0,71825.43,275.3268,2026-03-05T08:14:59.999000+00:00,19806802.9452672,56742,122.17416,8789600.9335408
2026-03-05T08:15:00+00:00,71825.43,72065.89,71757.17,71829.9,273.3337,2026-03-05T08:29:59.999000+00:00,19651125.8531208,64492,99.59714,7162275.1047205
2026-03-05T08:30:00+00:00,71829.9,72206.51,71796.78,72178.73,442.51341,2026-03-05T08:44:59.999000+00:00,31875526.1276652,76165,227.75024,16400217.4365975
2026-03-05T08:45:00+00:00,72178.72,72370.21,72110.0,72333.7,430.00507,2026-03-05T08:59:59.999000+00:00,31075005.2669658,70846,141.13742,10198489.0412174
2026-03-05T09:00:00+00:00,72333.7,72775.2,72298.83,72613.16,461.17778,2026-03-05T09:14:59.999000+00:00,33445909.6660204,97820,223.83484,16239252.8754614
2026-03-05T09:15:00+00:00,72613.15,72749.76,72480.55,72690.81,208.50967,2026-03-05T09:29:59.999000+00:00,15137184.7011021,83980,112.67858,8180453.8222109
2026-03-05T09:30:00+00:00,72690.8,72875.85,72478.98,72553.65,275.0409,2026-03-05T09:44:59.999000+00:00,19978377.790802,79273,111.38461,8092674.7864592
2026-03-05T09:45:00+00:00,72553.65,72614.36,72424.0,72591.59,216.05313,2026-03-05T09:59:59.999000+00:00,15673831.8026235,55635,103.53226,7510005.5381297
2026-03-05T10:00:00+00:00,72591.59,72760.43,72517.06,72722.1,149.35982,2026-03-05T10:14:59.999000+00:00,10851811.7129463,52547,81.48537,5920201.4591947
2026-03-05T10:15:00+00:00,72722.09,73385.72,72666.04,73151.8,812.61519,2026-03-05T10:29:59.999000+00:00,59356818.6129563,119791,355.04512,25932777.292511
2026-03-05T10:30:00+00:00,73151.8,73514.99,73142.01,73308.18,361.79073,2026-03-05T10:44:59.999000+00:00,26530593.219398,95812,196.1369,14385943.3372396
2026-03-05T10:45:00+00:00,73308.17,73558.15,73249.74,73388.92,265.50206,2026-03-05T10:59:59.999000+00:00,19487483.5815956,70306,147.49461,10827780.044571
2026-03-05T11:00:00+00:00,73388.91,73449.96,73053.54,73190.73,630.39613,2026-03-05T11:14:59.999000+00:00,46143961.6173752,103683,173.63276,12711208.6509014
2026-03-05T11:15:00+00:00,73190.74,73190.74,72910.02,73122.37,252.17141,2026-03-05T11:29:59.999000+00:00,18423096.5473404,59861,101.29791,7400878.3189221
2026-03-05T11:30:00+00:00,73122.37,73122.37,72766.75,72837.66,549.93523,2026-03-05T11:44:59.999000+00:00,40088261.0605984,85398,164.49262,11993660.9228236
2026-03-05T11:45:00+00:00,72837.67,72949.51,72790.39,72915.79,658.64941,2026-03-05T11:59:59.999000+00:00,47991620.3294535,84318,241.84701,17620737.2845525
2026-03-05T12:00:00+00:00,72915.8,73024.2,72666.93,72947.28,240.99214,2026-03-05T12:14:59.999000+00:00,17557243.1753423,78707,108.8053,7928692.8066881
2026-03-05T12:15:00+00:00,72947.28,72964.12,72706.54,72809.1,210.17582,2026-03-05T12:29:59.999000+00:00,15308799.0504293,76867,93.35402,6800887.5727101
2026-03-05T12:30:00+00:00,72809.1,72943.8,72700.0,72903.29,115.20069,2026-03-05T12:44:59.999000+00:00,8388443.1957567,48926,54.44477,3964784.5312943
2026-03-05T12:45:00+00:00,72903.28,73063.38,72886.59,72890.73,163.62287,2026-03-05T12:59:59.999000+00:00,11941022.6412921,55662,87.45331,6382457.1483678
2026-03-05T13:00:00+00:00,72890.73,72935.3,72588.3,72670.1,174.93357,2026-03-05T13:14:59.999000+00:00,12724695.9092094,71482,79.61572,5793598.3286602
2026-03-05T13:15:00+00:00,72670.1,72773.65,72333.85,72523.38,253.42923,2026-03-05T13:29:59.999000+00:00,18385701.2643576,75265,94.86252,6884068.2194081
2026-03-05T13:30:00+00:00,72523.39,72538.63,72189.7,72518.31,274.55806,2026-03-05T13:44:59.999000+00:00,19875602.4069533,86777,167.40178,12121487.9340961
2026-03-05T13:45:00+00:00,72518.31,72694.23,72400.75,72467.79,406.06773,2026-03-05T13:59:59.999000+00:00,29466507.6181619,59064,207.04497,15023742.1712855
2026-03-05T14:00:00+00:00,72467.79,72633.7,72320.65,72613.91,210.6869,2026-03-05T14:14:59.999000+00:00,15278601.7271449,73446,93.71459,6796255.5097727
2026-03-05T14:15:00+00:00,72613.91,72624.63,72414.76,72552.36,176.44946,2026-03-05T14:29:59.999000+00:00,12795067.7611002,70642,98.41981,7137313.4859081
2026-03-05T14:30:00+00:00,72552.37,72835.73,71944.18,72004.99,647.00071,2026-03-05T14:44:59.999000+00:00,46800854.5633846,217546,291.95005,21137803.1063167
2026-03-05T14:45:00+00:00,72004.99,72772.97,71967.38,72609.29,412.49792,2026-03-05T14:59:59.999000+00:00,29835213.3843793,182416,234.59234,16970403.3310583
2026-03-05T15:00:00+00:00,72609.3,72770.0,71610.57,71798.63,762.05161,2026-03-05T15:14:59.999000+00:00,54824836.5218258,184244,367.46378,26438905.2593259
2026-03-05T15:15:00+00:00,71798.63,71910.98,71252.1,71278.46,633.21074,2026-03-05T15:29:59.999000+00:00,45300087.0780522,180077,241.59907,17290997.037561
2026-03-05T15:30:00+00:00,71278.46,71664.85,71168.65,71457.5,577.68676,2026-03-05T15:44:59.999000+00:00,41227357.1543016,156086,281.95385,20121814.739687
2026-03-05T15:45:00+00:00,71457.5,71745.27,71309.92,71652.77,348.99402,2026-03-05T15:59:59.999000+00:00,24961473.3795655,100015,147.03297,10519327.7141957
2026-03-05T16:00:00+00:00,71652.77,71654.65,70786.06,71005.23,869.13797,2026-03-05T16:14:59.999000+00:00,61769216.1827276,146799,364.38243,25904241.7405578
2026-03-05T16:15:00+00:00,71005.23,71132.83,70805.29,70995.76,300.25593,2026-03-05T16:29:59.999000+00:00,21316910.7098788,114099,147.33231,10462722.256566
2026-03-05T16:30:00+00:00,70995.76,71632.08,70985.16,71340.62,412.76978,2026-03-05T16:44:59.999000+00:00,29430989.5625422,111026,266.80388,19021711.3980513
2026-03-05T16:45:00+00:00,71340.62,71419.0,71205.17,71305.92,154.0874,2026-03-05T16:59:59.999000+00:00,10989221.8979764,82112,86.68313,6182247.8640707
2026-03-05T17:00:00+00:00,71305.92,71572.0,71012.71,71171.52,396.71114,2026-03-05T17:14:59.999000+00:00,28274120.5352772,81876,185.65702,13237053.8658926
2026-03-05T17:15:00+00:00,71171.53,71200.0,70893.88,70928.41,220.66828,2026-03-05T17:29:59.999000+00:00,15666492.0808061,94200,86.4573,6138677.4001127
2026-03-05T17:30:00+00:00,70928.41,71014.0,70717.14,70857.95,330.76918,2026-03-05T17:44:59.999000+00:00,23419564.7863834,115321,162.03738,11471507.737135
2026-03-05T17:45:00+00:00,70857.94,70928.41,70645.47,70704.41,275.22233,2026-03-05T17:59:59.999000+00:00,19472872.5383058,96365,132.8928,9402119.3524069
2026-03-05T18:00:00+00:00,70703.37,71044.0,70656.63,71027.55,224.99703,2026-03-05T18:14:59.999000+00:00,15949464.7943391,86458,130.50946,9251570.1752492
2026-03-05T18:15:00+00:00,71027.54,71066.78,70779.25,70818.87,198.17048,2026-03-05T18:29:59.999000+00:00,14050751.973395,73355,86.19537,6110126.9472658
2026-03-05T18:30:00+00:00,70818.86,71090.32,70800.0,70950.57,158.98419,2026-03-05T18:44:59.999000+00:00,11280181.2320841,82167,95.45009,6772655.6908615
2026-03-05T18:45:00+00:00,70950.57,71021.86,70817.02,70990.65,138.40403,2026-03-05T18:59:59.999000+00:00,9816449.5110202,58119,89.24502,6330107.6238088
2026-03-05T19:00:00+00:00,70990.66,71421.15,70990.66,71368.4,256.95256,2026-03-05T19:14:59.999000+00:00,18304828.6207585,75980,166.3655,11852832.9327452
2026-03-05T19:15:00+00:00,71368.4,71430.78,71044.05,71107.41,149.50571,2026-03-05T19:29:59.999000+00:00,10650586.5424831,62866,71.15594,5070398.2275325
2026-03-05T19:30:00+00:00,71107.4,71160.34,70929.98,71006.8,114.93449,2026-03-05T19:44:59.999000+00:00,8162719.2820689,56572,52.02851,3695262.1426769
2026-03-05T19:45:00+00:00,71006.81,71117.81,70870.0,70918.07,105.08468,2026-03-05T19:59:59.999000+00:00,7459617.2505312,44608,54.08554,3839673.4390231
2026-03-05T20:00:00+00:00,70918.08,71109.93,70840.0,71100.0,156.35584,2026-03-05T20:14:59.999000+00:00,11099823.8508857,92977,86.95714,6172718.2732516
2026-03-05T20:15:00+00:00,71100.0,71338.41,71072.8,71178.64,132.06255,2026-03-05T20:29:59.999000+00:00,9403724.3344491,70602,60.9529,4339966.6438712
2026-03-05T20:30:00+00:00,71178.63,71394.45,71130.0,71155.91,83.98476,2026-03-05T20:44:59.999000+00:00,5984549.6116492,54351,37.2933,2658306.4938458
2026-03-05T20:45:00+00:00,71155.91,71350.0,71042.85,71236.51,124.33726,2026-03-05T20:59:59.999000+00:00,8852851.8420298,52910,53.59943,3815504.1998247
2026-03-05T21:00:00+00:00,71236.51,71349.63,71231.29,71301.71,68.11015,2026-03-05T21:14:59.999000+00:00,4855930.8793707,34195,39.34966,2805350.5770045
2026-03-05T21:15:00+00:00,71301.71,71572.3,71295.72,71517.81,269.94508,2026-03-05T21:29:59.999000+00:00,19293096.4024849,43947,215.54684,15406595.1908917
2026-03-05T21:30:00+00:00,71517.8,71567.75,71113.33,71189.0,131.70032,2026-03-05T21:44:59.999000+00:00,9392620.8334913,39923,46.16031,3290862.9613254
2026-03-05T21:45:00+00:00,71188.99,71322.55,71023.52,71141.93,76.73136,2026-03-05T21:59:59.999000+00:00,5460591.8938306,31029,40.06768,2852068.9159763
2026-03-05T22:00:00+00:00,71141.93,71255.99,71093.46,71165.24,298.53753,2026-03-05T22:14:59.999000+00:00,21239022.1997791,32783,120.76669,8591125.5690267
2026-03-05T22:15:00+00:00,71165.25,71295.86,71074.45,71160.45,300.12445,2026-03-05T22:29:59.999000+00:00,21373599.1905253,26479,171.74513,12230839.4061794
2026-03-05T22:30:00+00:00,71160.45,71364.45,71151.22,71276.46,117.12409,2026-03-05T22:44:59.999000+00:00,8341761.1444284,23668,60.96752,4342195.4942904
2026-03-05T22:45:00+00:00,71276.46,71341.63,71208.53,71208.54,118.83958,2026-03-05T22:59:59.999000+00:00,8467613.7318335,24025,26.03484,1855401.2839431
2026-03-05T23:00:00+00:00,71208.54,71281.19,71183.47,71197.02,112.63766,2026-03-05T23:14:59.999000+00:00,8022656.2791557,15261,71.73374,5109368.9194104
2026-03-05T23:15:00+00:00,71197.02,71292.44,71162.0,71213.98,411.35088,2026-03-05T23:29:59.999000+00:00,29292410.8662542,15471,159.93093,11385320.6989727
2026-03-05T23:30:00+00:00,71213.99,71219.26,70811.44,70919.43,223.44605,2026-03-05T23:44:59.999000+00:00,15853618.3563945,23667,47.55457,3375222.5573717
2026-03-05T23:45:00+00:00,70919.43,70951.85,70777.0,70890.72,319.64171,2026-03-05T23:59:59.999000+00:00,22650641.7678204,23874,163.23989,11568764.1231672
2026-03-06T00:00:00+00:00,70891.02,71047.95,70833.36,71018.3,187.54243,2026-03-06T00:14:59.999000+00:00,13298484.8066235,29805,93.09126,6600112.9869709
2026-03-06T00:15:00+00:00,71018.29,71043.33,70863.69,70915.99,293.21878,2026-03-06T00:29:59.999000+00:00,20812058.6354566,38212,171.7645,12191462.9730674
2026-03-06T00:30:00+00:00,70915.99,71007.13,70888.9,70899.15,94.65526,2026-03-06T00:44:59.999000+00:00,6714121.9260104,34606,34.73353,2463982.4829679
2026-03-06T00:45:00+00:00,70899.14,71007.83,70784.0,70988.19,98.04433,2026-03-06T00:59:59.999000+00:00,6952608.8446635,32602,63.52071,4504088.3313538
2026-03-06T01:00:00+00:00,70988.19,71020.0,70768.61,70800.0,293.57295,2026-03-06T01:14:59.999000+00:00,20814542.1093417,57128,157.61571,11174692.7550368
2026-03-06T01:15:00+00:00,70799.99,70899.31,70344.03,70465.03,346.6595,2026-03-06T01:29:59.999000+00:00,24467593.749904,74531,122.41718,8647675.2901969
2026-03-06T01:30:00+00:00,70465.03,71166.83,70455.84,71161.19,258.37809,2026-03-06T01:44:59.999000+00:00,18316991.0038014,112217,168.4066,11940707.0857364
2026-03-06T01:45:00+00:00,71161.19,71301.74,71076.46,71257.2,159.28337,2026-03-06T01:59:59.999000+00:00,11341564.0387129,71586,103.72061,7385451.4247948
2026-03-06T02:00:00+00:00,71257.2,71379.41,71169.8,71330.3,113.32681,2026-03-06T02:14:59.999000+00:00,8075629.2672694,62316,57.53843,4100419.0677501
2026-03-06T02:15:00+00:00,71330.29,71419.98,71036.0,71335.89,220.61865,2026-03-06T02:29:59.999000+00:00,15713831.9455072,71592,113.25877,8066869.5499261
2026-03-06T02:30:00+00:00,71335.9,71355.71,71142.0,71347.25,128.20669,2026-03-06T02:44:59.999000+00:00,9134160.4060738,48469,80.6735,5747250.9902529
2026-03-06T02:45:00+00:00,71347.24,71368.75,71186.13,71252.43,290.33177,2026-03-06T02:59:59.999000+00:00,20703375.1579562,50369,145.51921,10374944.5354226
2026-03-06T03:00:00+00:00,71252.43,71305.42,71028.33,71067.9,119.54317,2026-03-06T03:14:59.999000+00:00,8511167.6051034,50726,66.03558,4701421.10532
2026-03-06T03:15:00+00:00,71067.9,71259.99,71000.0,71181.0,107.22718,2026-03-06T03:29:59.999000+00:00,7626356.4458546,47048,51.06026,3631496.1081441
2026-03-06T03:30:00+00:00,71181.0,71227.44,71067.9,71092.01,147.03217,2026-03-06T03:44:59.999000+00:00,10458631.792799,46064,62.24928,4427548.2329191
2026-03-06T03:45:00+00:00,71092.01,71147.99,71019.8,71080.38,174.29151,2026-03-06T03:59:59.999000+00:00,12389309.5905129,31543,85.00843,6042313.030314
2026-03-06T04:00:00+00:00,71080.37,71120.17,70902.22,70910.91,88.38225,2026-03-06T04:14:59.999000+00:00,6275974.261483,46012,29.85872,2120138.931804
2026-03-06T04:15:00+00:00,70910.92,70977.25,70867.93,70871.89,63.49636,2026-03-06T04:29:59.999000+00:00,4503170.1088197,31823,21.65414,1535672.92133
2026-03-06T04:30:00+00:00,70871.88,70961.64,70270.21,70524.0,370.69741,2026-03-06T04:44:59.999000+00:00,26150753.7793595,89555,148.5592,10476993.8273434
2026-03-06T04:45:00+00:00,70524.0,70620.0,70488.51,70613.61,145.2481,2026-03-06T04:59:59.999000+00:00,10248999.2805668,52298,56.99761,4021512.9995841
2026-03-06T05:00:00+00:00,70613.61,70658.01,70392.0,70538.79,151.22088,2026-03-06T05:14:59.999000+00:00,10664368.2544581,62315,66.0845,4660788.5128404
2026-03-06T05:15:00+00:00,70538.79,70635.0,70326.0,70393.09,307.33101,2026-03-06T05:29:59.999000+00:00,21656270.1209412,54429,119.70265,8432954.0733627
2026-03-06T05:30:00+00:00,70393.1,70501.86,70165.24,70201.81,262.96273,2026-03-06T05:44:59.999000+00:00,18484651.4002122,80767,121.30864,8528011.121949
2026-03-06T05:45:00+00:00,70201.8,70499.18,70143.19,70436.19,244.60081,2026-03-06T05:59:59.999000+00:00,17190095.0846605,62554,136.82969,9617736.199235
2026-03-06T06:00:00+00:00,70436.18,70443.73,70261.23,70308.12,132.43931,2026-03-06T06:14:59.999000+00:00,9319990.5465618,42247,51.73687,3640463.4305958
2026-03-06T06:15:00+00:00,70308.12,70520.97,70308.12,70425.92,97.81793,2026-03-06T06:29:59.999000+00:00,6888556.4860764,33047,64.33367,4530048.2416797
2026-03-06T06:30:00+00:00,70425.91,70677.66,70379.21,70669.01,214.45439,2026-03-06T06:44:59.999000+00:00,15124361.0380264,51087,121.51523,8573277.9684036
2026-03-06T06:45:00+00:00,70669.02,70853.37,70575.0,70597.23,227.60204,2026-03-06T06:59:59.999000+00:00,16084554.1421971,68592,103.83564,7339854.5343715
2026-03-06T07:00:00+00:00,70597.23,70813.45,70468.97,70553.66,216.56971,2026-03-06T07:14:59.999000+00:00,15307019.951796,57389,115.81721,8189410.0137397
2026-03-06T07:15:00+00:00,70553.66,70878.24,70546.87,70858.5,124.21236,2026-03-06T07:29:59.999000+00:00,8786247.513942,55045,55.58352,3931305.9036857
2026-03-06T07:30:00+00:00,70858.5,71082.52,70858.5,71075.56,213.10081,2026-03-06T07:44:59.999000+00:00,15122831.2007618,67965,119.1739,8457641.4287345
2026-03-06T07:45:00+00:00,71075.56,71192.76,71040.94,71056.44,228.17498,2026-03-06T07:59:59.999000+00:00,16223376.7422271,37117,87.88598,6249115.8757128
2026-03-06T08:00:00+00:00,71056.44,71067.58,70890.28,70941.69,211.45374,2026-03-06T08:14:59.999000+00:00,15004664.5060412,46668,81.30152,5769044.4423087
2026-03-06T08:15:00+00:00,70941.69,70993.49,70833.58,70934.14,104.46879,2026-03-06T08:29:59.999000+00:00,7407857.6650039,37496,44.32331,3143110.1627272
2026-03-06T08:30:00+00:00,70934.13,71026.42,70870.4,70914.05,99.75349,2026-03-06T08:44:59.999000+00:00,7076896.7290801,42864,45.37117,3218732.6775553
2026-03-06T08:45:00+00:00,70914.05,70946.17,70735.85,70789.49,153.74967,2026-03-06T08:59:59.999000+00:00,10895674.2564306,32014,50.76406,3596913.79974
2026-03-06T09:00:00+00:00,70789.49,70808.65,70520.38,70572.0,202.80302,2026-03-06T09:14:59.999000+00:00,14333388.7101236,40809,128.84653,9105804.2526435
2026-03-06T09:15:00+00:00,70573.24,70603.6,70360.44,70411.58,161.05304,2026-03-06T09:29:59.999000+00:00,11347674.6118355,55973,79.3407,5590757.2124397
2026-03-06T09:30:00+00:00,70411.57,70555.53,70300.0,70551.88,171.66472,2026-03-06T09:44:59.999000+00:00,12082490.3942257,59664,97.95624,6895046.9983701
2026-03-06T09:45:00+00:00,70551.88,70628.78,70453.05,70565.56,102.45482,2026-03-06T09:59:59.999000+00:00,7227560.3304525,43371,63.64829,4490120.7429582
2026-03-06T10:00:00+00:00,70565.56,70716.38,70524.01,70689.57,68.41479,2026-03-06T10:14:59.999000+00:00,4832462.8838839,27252,40.7178,2875983.5100393
2026-03-06T10:15:00+00:00,70689.57,70800.0,70648.68,70778.98,82.41298,2026-03-06T10:29:59.999000+00:00,5828483.4789043,31473,47.35226,3348638.977959
2026-03-06T10:30:00+00:00,70778.97,70799.99,70509.89,70565.63,93.68557,2026-03-06T10:44:59.999000+00:00,6615741.0698632,27260,37.03223,2614556.9642261
2026-03-06T10:45:00+00:00,70565.64,70621.2,70467.88,70527.93,225.30543,2026-03-06T10:59:59.999000+00:00,15897068.1288961,37417,54.64619,3855638.9677116
2026-03-06T11:00:00+00:00,70527.93,70610.0,70418.53,70552.31,148.44863,2026-03-06T11:14:59.999000+00:00,10464085.9675872,33578,47.07918,3318955.4585362
2026-03-06T11:15:00+00:00,70552.32,70578.93,70513.71,70547.97,74.5263,2026-03-06T11:29:59.999000+00:00,5257781.1654197,17646,19.901,1403892.3153993
2026-03-06T11:30:00+00:00,70547.97,70643.27,70361.3,70383.34,293.10307,2026-03-06T11:44:59.999000+00:00,20669311.8147346,37619,150.78746,10634184.0972403
2026-03-06T11:45:00+00:00,70383.33,70394.69,70184.01,70212.95,247.85739,2026-03-06T11:59:59.999000+00:00,17412139.4194438,34657,70.65456,4964458.5365329
2026-03-06T12:00:00+00:00,70212.94,70224.84,69793.84,69927.54,953.4496,2026-03-06T12:14:59.999000+00:00,66699549.9697498,78014,236.67055,16551133.8124113
2026-03-06T12:15:00+00:00,69927.54,70195.86,69918.35,70004.19,356.32421,2026-03-06T12:29:59.999000+00:00,24959140.1810229,46299,142.38975,9976952.6840016
2026-03-06T12:30:00+00:00,70004.19,70049.82,69701.0,69754.35,241.99745,2026-03-06T12:44:59.999000+00:00,16896181.1526206,52595,94.89802,6624731.2600077
2026-03-06T12:45:00+00:00,69753.78,70062.18,69660.0,69907.0,355.665,2026-03-06T12:59:59.999000+00:00,24854758.7921564,48526,189.93214,13276629.591475
2026-03-06T13:00:00+00:00,69907.0,70146.99,69904.69,70003.03,345.75791,2026-03-06T13:14:59.999000+00:00,24204623.2147649,40060,226.96043,15890587.9251703
2026-03-06T13:15:00+00:00,70003.02,70227.47,69843.03,70060.84,143.19541,2026-03-06T13:29:59.999000+00:00,10031937.8960444,49322,78.02727,5467099.1768995
2026-03-06T13:30:00+00:00,70060.84,70341.76,69750.0,70094.14,668.03541,2026-03-06T13:44:59.999000+00:00,46797828.8039845,102853,348.57059,24423200.789311
2026-03-06T13:45:00+00:00,70094.13,70094.14,69208.0,69208.0,912.74088,2026-03-06T13:59:59.999000+00:00,63541230.6418328,104164,295.76059,20598434.228875
2026-03-06T14:00:00+00:00,69213.18,69273.87,68642.57,68826.06,1045.64409,2026-03-06T14:14:59.999000+00:00,72109497.9028026,134696,396.31259,27329633.7281266
2026-03-06T14:15:00+00:00,68826.06,69100.01,68726.69,68986.01,657.26275,2026-03-06T14:29:59.999000+00:00,45338937.2978848,78893,268.59566,18524938.8395089
2026-03-06T14:30:00+00:00,68986.01,69095.51,68400.0,68743.0,799.66678,2026-03-06T14:44:59.999000+00:00,54934786.3702979,184376,399.1464,27418374.1173375
2026-03-06T14:45:00+00:00,68743.0,68901.62,68176.47,68409.89,645.93317,2026-03-06T14:59:59.999000+00:00,44204803.902421,140837,301.61262,20636786.8181677
2026-03-06T15:00:00+00:00,68409.89,68661.81,68323.0,68624.02,434.10014,2026-03-06T15:14:59.999000+00:00,29733753.0553919,122286,213.45398,14621537.9597133
2026-03-06T15:15:00+00:00,68625.15,69023.99,68564.0,68886.86,385.10537,2026-03-06T15:29:59.999000+00:00,26489275.2106709,96094,213.33535,14677059.3891824
2026-03-06T15:30:00+00:00,68886.86,69100.0,68697.86,68753.55,289.57676,2026-03-06T15:44:59.999000+00:00,19952108.2159289,70424,146.32349,10084069.9049951
2026-03-06T15:45:00+00:00,68753.54,68756.65,68306.0,68504.71,319.90322,2026-03-06T15:59:59.999000+00:00,21912050.5686352,65297,140.43548,9618934.5611754
2026-03-06T16:00:00+00:00,68504.71,68795.44,68274.06,68333.77,270.51052,2026-03-06T16:14:59.999000+00:00,18537209.8171955,74112,133.09092,9122618.5947666
2026-03-06T16:15:00+00:00,68333.77,68555.93,68222.0,68537.47,294.28564,2026-03-06T16:29:59.999000+00:00,20116019.0335365,84881,156.10683,10670331.3646452
2026-03-06T16:30:00+00:00,68537.47,68670.17,68336.71,68589.74,174.8409,2026-03-06T16:44:59.999000+00:00,11984736.6061295,77184,100.42452,6884908.1879004
2026-03-06T16:45:00+00:00,68589.74,68714.83,68340.3,68446.52,215.37243,2026-03-06T16:59:59.999000+00:00,14763058.8919668,79560,97.83524,6708416.5464524
2026-03-06T17:00:00+00:00,68446.52,68642.69,68400.0,68403.61,230.68664,2026-03-06T17:14:59.999000+00:00,15807064.5559339,70363,79.94589,5478558.2071868
2026-03-06T17:15:00+00:00,68403.6,68583.28,68200.0,68245.83,211.34951,2026-03-06T17:29:59.999000+00:00,14441448.4987708,66109,68.5652,4686889.3473156
2026-03-06T17:30:00+00:00,68245.83,68291.65,67744.78,67832.33,546.73163,2026-03-06T17:44:59.999000+00:00,37158894.9679068,109342,182.7492,12416946.0743103
2026-03-06T17:45:00+00:00,67832.33,68052.61,67832.33,67955.1,248.02145,2026-03-06T17:59:59.999000+00:00,16847760.487223,71932,122.80839,8343071.9986896
2026-03-06T18:00:00+00:00,67955.1,68380.14,67955.1,68329.24,160.70088,2026-03-06T18:14:59.999000+00:00,10960166.6735289,67864,101.51274,6924019.9740943
2026-03-06T18:15:00+00:00,68329.24,68426.57,68258.0,68292.0,134.88278,2026-03-06T18:29:59.999000+00:00,9218517.8230139,57981,66.56576,4549783.5771449
2026-03-06T18:30:00+00:00,68291.99,68476.47,68269.69,68433.17,88.61255,2026-03-06T18:44:59.999000+00:00,6061149.4602431,52938,49.79802,3406173.2214509
2026-03-06T18:45:00+00:00,68433.18,68470.03,68162.31,68181.2,130.78447,2026-03-06T18:59:59.999000+00:00,8927433.1833564,49135,51.49745,3515614.6068593
2026-03-06T19:00:00+00:00,68181.2,68463.56,68181.2,68438.52,176.21462,2026-03-06T19:14:59.999000+00:00,12049855.3615143,39154,153.20828,10478404.1063108
2026-03-06T19:15:00+00:00,68438.51,68485.01,68098.39,68216.47,241.25889,2026-03-06T19:29:59.999000+00:00,16464982.228125,50648,83.42182,5699941.3413808
2026-03-06T19:30:00+00:00,68216.46,68311.61,68140.0,68143.98,84.53025,2026-03-06T19:44:59.999000+00:00,5765713.8041309,40667,38.16909,2603536.7420071
2026-03-06T19:45:00+00:00,68143.98,68173.05,68004.15,68131.79,115.63116,2026-03-06T19:59:59.999000+00:00,7874101.3963766,39218,64.23388,4374793.7610229
2026-03-06T20:00:00+00:00,68131.79,68285.71,68000.0,68014.44,180.20568,2026-03-06T20:14:59.999000+00:00,12281004.0964482,44757,117.90441,8036433.4983664
2026-03-06T20:15:00+00:00,68014.44,68136.62,67777.0,67832.74,176.75075,2026-03-06T20:29:59.999000+00:00,12007998.0178772,58411,67.15703,4563254.3745521
2026-03-06T20:30:00+00:00,67832.73,68072.0,67812.45,67989.0,163.8114,2026-03-06T20:44:59.999000+00:00,11122347.1890574,63936,84.97276,5770028.9163366
2026-03-06T20:45:00+00:00,67989.0,68178.18,67985.7,68111.03,147.85047,2026-03-06T20:59:59.999000+00:00,10069255.3221818,56505,97.51193,6640988.0067447
2026-03-06T21:00:00+00:00,68111.03,68189.17,68074.16,68148.66,92.2187,2026-03-06T21:14:59.999000+00:00,6284027.1525728,26589,41.45217,2824629.6831522
2026-03-06T21:15:00+00:00,68148.66,68173.2,67919.72,68005.64,113.97877,2026-03-06T21:29:59.999000+00:00,7754404.7929019,25933,56.96776,3876208.0353306
2026-03-06T21:30:00+00:00,68005.64,68244.34,67969.88,68238.56,297.56784,2026-03-06T21:44:59.999000+00:00,20249475.3495373,27146,169.87344,11559123.4254071
2026-03-06T21:45:00+00:00,68238.56,68333.33,68194.61,68289.1,101.04365,2026-03-06T21:59:59.999000+00:00,6899397.1322345,26147,53.24306,3635276.9689761
2026-03-06T22:00:00+00:00,68289.11,68366.3,68265.7,68290.97,77.69867,2026-03-06T22:14:59.999000+00:00,5307888.0080557,21078,43.15059,2948005.9653353
2026-03-06T22:15:00+00:00,68290.97,68388.18,68252.94,68288.91,59.4674,2026-03-06T22:29:59.999000+00:00,4063265.8990392,16587,35.55789,2429551.4424627
2026-03-06T22:30:00+00:00,68288.91,68422.35,68221.38,68372.19,104.02954,2026-03-06T22:44:59.999000+00:00,7105007.2875592,27821,64.47255,4402999.0819369
2026-03-06T22:45:00+00:00,68372.2,68440.92,68308.9,68319.89,63.717,2026-03-06T22:59:59.999000+00:00,4358681.5666327,25353,42.29178,2893101.4707635
2026-03-06T23:00:00+00:00,68319.9,68341.01,68248.0,68334.55,258.32491,2026-03-06T23:14:59.999000+00:00,17648331.7998894,27365,108.52735,7413201.4582051
2026-03-06T23:15:00+00:00,68334.54,68371.24,68306.9,68347.76,70.17683,2026-03-06T23:29:59.999000+00:00,4795446.8115483,16247,28.33521,1936213.4978291
2026-03-06T23:30:00+00:00,68347.76,68351.01,68167.12,68251.22,159.32625,2026-03-06T23:44:59.999000+00:00,10878122.1714809,20618,103.45472,7063158.00169
2026-03-06T23:45:00+00:00,68251.22,68251.22,68105.71,68114.02,123.5477,2026-03-06T23:59:59.999000+00:00,8423041.9431041,15765,49.64949,3384270.466295
2026-03-07T00:00:00+00:00,68114.02,68260.95,68105.73,68214.04,274.0579,2026-03-07T00:14:59.999000+00:00,18674485.8219146,21797,164.26781,11191944.3702558
2026-03-07T00:15:00+00:00,68214.04,68258.7,68116.0,68210.27,260.24598,2026-03-07T00:29:59.999000+00:00,17754699.5751495,22398,86.93778,5929954.955503
2026-03-07T00:30:00+00:00,68210.26,68394.09,68210.26,68297.84,81.03028,2026-03-07T00:44:59.999000+00:00,5535501.1603489,24558,49.147,3357260.275589
2026-03-07T00:45:00+00:00,68297.84,68358.33,68284.59,68290.45,38.04689,2026-03-07T00:59:59.999000+00:00,2599714.2159253,15190,22.98932,1570804.8706558
2026-03-07T01:00:00+00:00,68290.46,68369.11,68200.0,68240.16,68.50832,2026-03-07T01:14:59.999000+00:00,4678738.4071273,19442,42.41216,2896364.2759002
2026-03-07T01:15:00+00:00,68240.17,68268.0,68180.95,68225.06,122.45863,2026-03-07T01:29:59.999000+00:00,8354176.1488408,18365,56.50923,3855078.1563698
2026-03-07T01:30:00+00:00,68225.06,68273.31,68185.99,68273.3,79.42408,2026-03-07T01:44:59.999000+00:00,5418251.4951757,20483,45.57435,3109004.7009463
2026-03-07T01:45:00+00:00,68273.31,68343.36,68256.12,68262.01,45.67042,2026-03-07T01:59:59.999000+00:00,3119257.1142342,13963,22.61987,1544893.1559271
2026-03-07T02:00:00+00:00,68262.01,68300.0,68212.49,68240.01,49.95583,2026-03-07T02:14:59.999000+00:00,3409894.160738,14109,21.2686,1451663.1031034
2026-03-07T02:15:00+00:00,68240.01,68264.51,68107.01,68107.02,78.90552,2026-03-07T02:29:59.999000+00:00,5380200.9007426,14279,21.02953,1433420.1229798
2026-03-07T02:30:00+00:00,68107.02,68200.09,68060.6,68166.88,118.33731,2026-03-07T02:44:59.999000+00:00,8063866.4393183,19510,38.77706,2642189.5084178
2026-03-07T02:45:00+00:00,68166.87,68367.73,68166.01,68350.04,69.76543,2026-03-07T02:59:59.999000+00:00,4763196.3141782,14607,52.62511,3593244.9616357
2026-03-07T03:00:00+00:00,68350.05,68551.04,68329.89,68515.19,160.60318,2026-03-07T03:14:59.999000+00:00,10984609.033033,26593,109.17397,7466457.057887
2026-03-07T03:15:00+00:00,68515.19,68515.2,68233.79,68233.79,83.94381,2026-03-07T03:29:59.999000+00:00,5735222.9404829,21192,34.46659,2355076.7045411
2026-03-07T03:30:00+00:00,68233.8,68269.76,68175.27,68175.27,82.61843,2026-03-07T03:44:59.999000+00:00,5636301.6068837,16386,41.28179,2816300.3955648
2026-03-07T03:45:00+00:00,68175.28,68217.55,68095.5,68095.5,123.15469,2026-03-07T03:59:59.999000+00:00,8392876.2655698,23152,40.67653,2772290.8347864
2026-03-07T04:00:00+00:00,68095.5,68115.18,67817.0,67952.25,323.72139,2026-03-07T04:14:59.999000+00:00,21997441.8772055,52316,81.07756,5508180.5802276
2026-03-07T04:15:00+00:00,67952.25,68063.32,67941.93,68028.25,117.95534,2026-03-07T04:29:59.999000+00:00,8022764.1285955,20183,69.37309,4718135.1954471
2026-03-07T04:30:00+00:00,68028.24,68147.73,67972.6,68132.73,118.64588,2026-03-07T04:44:59.999000+00:00,8077420.0596344,23224,66.41891,4522286.6652144
2026-03-07T04:45:00+00:00,68132.74,68132.74,68060.11,68063.43,61.34248,2026-03-07T04:59:59.999000+00:00,4177244.758776,11178,30.58646,2082691.3872562
2026-03-07T05:00:00+00:00,68063.42,68140.49,67961.22,68005.05,114.41524,2026-03-07T05:14:59.999000+00:00,7788598.5871978,19542,50.39776,3430537.5911256
2026-03-07T05:15:00+00:00,68005.05,68050.58,67908.0,68020.4,224.47993,2026-03-07T05:29:59.999000+00:00,15259967.6813761,20174,80.74726,5490126.7118653
2026-03-07T05:30:00+00:00,68020.39,68097.11,67950.0,68081.8,78.20655,2026-03-07T05:44:59.999000+00:00,5318854.4291185,16109,39.34683,2676174.1325352
2026-03-07T05:45:00+00:00,68081.81,68114.52,67983.3,68018.26,76.786,2026-03-07T05:59:59.999000+00:00,5225221.0876379,14469,35.59353,2422136.3286174
2026-03-07T06:00:00+00:00,68018.27,68021.14,67942.11,67951.11,79.10807,2026-03-07T06:14:59.999000+00:00,5377786.587925,16138,32.26567,2193392.9344362
2026-03-07T06:15:00+00:00,67951.12,67990.38,67852.71,67865.1,86.4361,2026-03-07T06:29:59.999000+00:00,5870408.1195994,18928,28.45308,1932509.9084202
2026-03-07T06:30:00+00:00,67865.1,67930.91,67765.56,67930.91,127.15012,2026-03-07T06:44:59.999000+00:00,8628502.4814171,27110,54.47289,3696658.3167889
2026-03-07T06:45:00+00:00,67930.9,67954.91,67612.21,67690.86,196.67154,2026-03-07T06:59:59.999000+00:00,13323309.5371199,42823,76.10248,5154127.81066
2026-03-07T07:00:00+00:00,67690.86,67704.96,67446.41,67636.18,389.27417,2026-03-07T07:14:59.999000+00:00,26303113.4471484,68922,145.66171,9842607.1717779
2026-03-07T07:15:00+00:00,67636.18,67770.59,67608.14,67727.6,126.20378,2026-03-07T07:29:59.999000+00:00,8540852.2779904,24503,57.13262,3867152.7528707
2026-03-07T07:30:00+00:00,67727.6,67796.64,67664.43,67794.85,124.20161,2026-03-07T07:44:59.999000+00:00,8411809.1282824,27634,66.98803,4537006.1056988
2026-03-07T07:45:00+00:00,67794.86,67865.23,67767.11,67842.67,129.06943,2026-03-07T07:59:59.999000+00:00,8753696.7074572,20505,66.53275,4512482.2441856
2026-03-07T08:00:00+00:00,67842.67,67872.64,67774.13,67872.63,109.30543,2026-03-07T08:14:59.999000+00:00,7412379.7537857,18351,59.26245,4018922.4162206
2026-03-07T08:15:00+00:00,67872.64,68045.07,67872.63,67946.49,159.35794,2026-03-07T08:29:59.999000+00:00,10831092.7861439,28081,103.12303,7008822.6081035
2026-03-07T08:30:00+00:00,67946.49,68013.9,67882.0,67900.01,82.73277,2026-03-07T08:44:59.999000+00:00,5620910.703874,18061,39.35626,2673971.4714559
2026-03-07T08:45:00+00:00,67900.01,67918.61,67720.98,67795.4,114.55717,2026-03-07T08:59:59.999000+00:00,7771113.2072776,20729,56.17542,3810163.6276748
2026-03-07T09:00:00+00:00,67795.4,67970.88,67738.31,67970.87,91.16837,2026-03-07T09:14:59.999000+00:00,6186830.3952179,17550,57.8183,3923810.0809997
2026-03-07T09:15:00+00:00,67970.87,68074.97,67924.15,67958.52,91.83058,2026-03-07T09:29:59.999000+00:00,6243240.2064403,22375,42.7721,2908087.0659377
2026-03-07T09:30:00+00:00,67958.52,68029.99,67940.68,67965.98,79.62067,2026-03-07T09:44:59.999000+00:00,5412509.2020806,14565,35.94102,2443325.8705531
2026-03-07T09:45:00+00:00,67965.97,68032.86,67963.39,68000.0,69.84257,2026-03-07T09:59:59.999000+00:00,4749819.4599363,14101,41.64434,2832028.0417715
2026-03-07T10:00:00+00:00,68000.0,68102.73,67964.26,68093.04,110.59855,2026-03-07T10:14:59.999000+00:00,7524999.7562434,18541,65.40495,4450586.8210252
2026-03-07T10:15:00+00:00,68093.04,68093.04,67913.22,67972.08,91.3828,2026-03-07T10:29:59.999000+00:00,6212429.9730702,17064,38.85224,2640697.8661509
2026-03-07T10:30:00+00:00,67972.08,68000.0,67908.37,67950.81,60.40247,2026-03-07T10:44:59.999000+00:00,4105128.1644572,13205,26.20496,1780973.168594
2026-03-07T10:45:00+00:00,67950.81,67982.58,67870.43,67880.31,57.03657,2026-03-07T10:59:59.999000+00:00,3874328.9071406,12751,22.47724,1526843.1452486
2026-03-07T11:00:00+00:00,67880.31,68217.75,67841.67,68186.93,117.62097,2026-03-07T11:14:59.999000+00:00,7995861.7503615,22836,79.47382,5403827.7486041
2026-03-07T11:15:00+00:00,68186.94,68232.27,68099.09,68145.55,109.6159,2026-03-07T11:29:59.999000+00:00,7471664.6419389,30503,52.89745,3605696.8927241
2026-03-07T11:30:00+00:00,68145.55,68160.66,68058.45,68132.09,80.73693,2026-03-07T11:44:59.999000+00:00,5498262.8757032,20172,48.09429,3275141.8329858
2026-03-07T11:45:00+00:00,68132.09,68132.09,68010.0,68010.01,64.26769,2026-03-07T11:59:59.999000+00:00,4374272.9106852,16044,23.0151,1566310.1864723
2026-03-07T12:00:00+00:00,68010.0,68083.6,67959.2,68000.01,54.35397,2026-03-07T12:14:59.999000+00:00,3696954.6002091,17584,23.10138,1571096.4356456
2026-03-07T12:15:00+00:00,68000.0,68085.41,67988.68,68025.0,211.14938,2026-03-07T12:29:59.999000+00:00,14367353.2978766,18777,147.25056,10020627.4992021
2026-03-07T12:30:00+00:00,68024.99,68034.31,67920.01,67937.64,55.01414,2026-03-07T12:44:59.999000+00:00,3740526.0858779,14178,20.56369,1398067.5427191
2026-03-07T12:45:00+00:00,67937.64,68022.0,67900.01,67992.54,38.52118,2026-03-07T12:59:59.999000+00:00,2618346.0185488,17641,17.46602,1187110.2365822
2026-03-07T13:00:00+00:00,67992.54,68081.16,67940.94,68038.7,71.53566,2026-03-07T13:14:59.999000+00:00,4866361.5713757,19829,50.54125,3438389.4724991
2026-03-07T13:15:00+00:00,68038.69,68079.35,67961.06,67992.43,102.3201,2026-03-07T13:29:59.999000+00:00,6959525.5734153,16047,63.38632,4311342.2393119
2026-03-07T13:30:00+00:00,67992.43,68048.89,67855.82,67879.66,103.21991,2026-03-07T13:44:59.999000+00:00,7012930.2070321,20943,52.16632,3545092.3613251
2026-03-07T13:45:00+00:00,67879.66,67964.17,67871.65,67931.06,41.16069,2026-03-07T13:59:59.999000+00:00,2795672.5292962,14092,21.56975,1464996.5404011
2026-03-07T14:00:00+00:00,67931.06,67931.06,67609.44,67748.01,219.24054,2026-03-07T14:14:59.999000+00:00,14853133.7807672,51159,79.38963,5377317.6892095
2026-03-07T14:15:00+00:00,67748.0,67829.14,67711.79,67807.42,47.48466,2026-03-07T14:29:59.999000+00:00,3218397.3103984,18536,25.1104,1701868.8337406
2026-03-07T14:30:00+00:00,67807.42,68083.79,67800.03,68016.77,152.56916,2026-03-07T14:44:59.999000+00:00,10376495.3982474,28782,118.84693,8083396.9446784
2026-03-07T14:45:00+00:00,68016.77,68080.11,67978.12,68016.7,53.98007,2026-03-07T14:59:59.999000+00:00,3672525.6774499,18836,29.30019,1993346.1479787
2026-03-07T15:00:00+00:00,68016.7,68020.53,67916.37,67920.17,293.40944,2026-03-07T15:14:59.999000+00:00,19944325.7553688,32104,53.36042,3627179.2137433
2026-03-07T15:15:00+00:00,67920.18,67987.89,67856.71,67962.07,121.37896,2026-03-07T15:29:59.999000+00:00,8245794.5927469,21165,79.2953,5386991.815234
2026-03-07T15:30:00+00:00,67962.06,68034.67,67782.87,67824.68,101.89572,2026-03-07T15:44:59.999000+00:00,6920560.1341267,31694,36.85249,2503315.8608479
2026-03-07T15:45:00+00:00,67824.68,67914.61,67769.89,67877.45,61.16056,2026-03-07T15:59:59.999000+00:00,4150148.3625193,15594,20.75228,1408420.5787823
2026-03-07T16:00:00+00:00,67877.45,67889.68,67800.01,67879.57,49.01475,2026-03-07T16:14:59.999000+00:00,3325639.0228748,13785,18.33268,1244016.3830652
2026-03-07T16:15:00+00:00,67879.57,67883.24,67754.0,67772.22,124.18383,2026-03-07T16:29:59.999000+00:00,8418336.6359957,18970,56.58913,3835743.0730275
2026-03-07T16:30:00+00:00,67772.23,67831.39,67702.2,67788.22,100.62693,2026-03-07T16:44:59.999000+00:00,6820895.120201,15452,20.82129,1411363.0817201
2026-03-07T16:45:00+00:00,67788.21,67832.96,67758.03,67783.63,75.44359,2026-03-07T16:59:59.999000+00:00,5114540.8941698,13377,23.9757,1625244.2925476
2026-03-07T17:00:00+00:00,67783.63,67860.0,67783.62,67838.59,37.88125,2026-03-07T17:14:59.999000+00:00,2569350.986813,11751,19.32835,1310915.2220311
2026-03-07T17:15:00+00:00,67838.58,67935.01,67814.35,67882.83,46.68175,2026-03-07T17:29:59.999000+00:00,3168732.1435946,13200,23.552,1598653.9280691
2026-03-07T17:30:00+00:00,67882.83,67882.84,67861.48,67882.83,56.39801,2026-03-07T17:44:59.999000+00:00,3828059.6471232,6084,43.6928,2965729.737701
2026-03-07T17:45:00+00:00,67882.83,67888.25,67768.97,67788.41,76.72003,2026-03-07T17:59:59.999000+00:00,5206797.496839,10825,60.37075,4097606.5055928
2026-03-07T18:00:00+00:00,67788.4,67788.41,67480.0,67624.7,180.63249,2026-03-07T18:14:59.999000+00:00,12209368.9502708,32065,68.8216,4651028.205753
2026-03-07T18:15:00+00:00,67624.7,67696.0,67578.05,67662.0,413.72684,2026-03-07T18:29:59.999000+00:00,27979215.9916945,32971,121.7434,8233089.6619849
2026-03-07T18:30:00+00:00,67662.0,67666.04,67489.97,67663.0,355.33344,2026-03-07T18:44:59.999000+00:00,24005311.0333391,31917,71.01885,4798461.0569683
2026-03-07T18:45:00+00:00,67663.01,67672.29,67557.79,67568.13,230.55505,2026-03-07T18:59:59.999000+00:00,15596406.2395444,15226,126.87921,8582550.3303114
2026-03-07T19:00:00+00:00,67568.13,67572.35,67500.0,67500.01,142.52809,2026-03-07T19:14:59.999000+00:00,9625561.0493207,16530,21.1863,1430880.3504569
2026-03-07T19:15:00+00:00,67500.0,67558.0,67177.0,67227.72,315.8885,2026-03-07T19:29:59.999000+00:00,21269901.7144777,44854,114.08028,7684285.7378516
2026-03-07T19:30:00+00:00,67227.71,67347.15,67195.4,67211.99,391.96284,2026-03-07T19:44:59.999000+00:00,26356693.2498912,32891,191.45412,12871429.5536771
2026-03-07T19:45:00+00:00,67211.99,67275.75,66915.26,67080.34,461.85077,2026-03-07T19:59:59.999000+00:00,30974874.3108152,66907,194.70767,13058145.9800993
2026-03-07T20:00:00+00:00,67080.33,67292.23,67068.01,67242.67,141.01616,2026-03-07T20:14:59.999000+00:00,9477877.9459105,27500,63.99539,4300696.4767637
2026-03-07T20:15:00+00:00,67242.68,67305.39,67192.58,67250.47,65.86565,2026-03-07T20:29:59.999000+00:00,4429720.8838189,19059,41.56934,2795911.385547
2026-03-07T20:30:00+00:00,67250.48,67419.35,67250.48,67395.55,105.7664,2026-03-07T20:44:59.999000+00:00,7119385.1522864,18150,85.16825,5732573.9973229
2026-03-07T20:45:00+00:00,67395.56,67437.5,67313.41,67402.98,277.82297,2026-03-07T20:59:59.999000+00:00,18723301.6684018,21193,145.66018,9815290.4628217
2026-03-07T21:00:00+00:00,67402.98,67483.05,67345.17,67402.02,116.7459,2026-03-07T21:14:59.999000+00:00,7870124.1547849,22183,60.68167,4090494.7312108
2026-03-07T21:15:00+00:00,67402.02,67472.89,67390.01,67448.56,178.38471,2026-03-07T21:29:59.999000+00:00,12027803.8307507,12350,73.2776,4940156.0084351
2026-03-07T21:30:00+00:00,67448.56,67460.89,67281.34,67369.99,101.56596,2026-03-07T21:44:59.999000+00:00,6843540.2767314,19923,72.05496,4855660.0989985
2026-03-07T21:45:00+00:00,67369.99,67452.98,67291.62,67452.98,242.30338,2026-03-07T21:59:59.999000+00:00,16323732.6994477,17106,84.95561,5722239.2184692
2026-03-07T22:00:00+00:00,67452.97,67469.87,67322.44,67332.35,65.03047,2026-03-07T22:14:59.999000+00:00,4384171.794859,16383,32.53879,2193766.9805302
2026-03-07T22:15:00+00:00,67332.34,67372.5,67259.82,67276.43,61.95112,2026-03-07T22:29:59.999000+00:00,4170747.3001006,14395,30.91207,2081057.7700461
2026-03-07T22:30:00+00:00,67276.43,67314.88,67101.31,67241.0,309.38666,2026-03-07T22:44:59.999000+00:00,20805494.8956192,24458,205.00626,13786241.7204273
2026-03-07T22:45:00+00:00,67241.0,67364.11,67221.05,67258.65,270.44499,2026-03-07T22:59:59.999000+00:00,18191355.7407721,25980,154.74073,10406841.3170578
2026-03-07T23:00:00+00:00,67258.65,67381.66,67183.39,67329.39,78.61951,2026-03-07T23:14:59.999000+00:00,5290439.9469105,20007,44.47568,2992371.7581218
2026-03-07T23:15:00+00:00,67329.39,67403.85,67315.12,67378.22,184.47894,2026-03-07T23:29:59.999000+00:00,12423545.0830958,15852,130.38197,8780217.7112251
2026-03-07T23:30:00+00:00,67378.23,67398.26,67317.82,67339.36,70.72631,2026-03-07T23:44:59.999000+00:00,4763208.8555278,12656,23.86641,1607520.844724
2026-03-07T23:45:00+00:00,67339.36,67365.99,67234.46,67262.91,61.14001,2026-03-07T23:59:59.999000+00:00,4113849.0513097,11804,22.55622,1517413.2305204
2026-03-08T00:00:00+00:00,67262.91,67461.22,67258.94,67395.99,122.88486,2026-03-08T00:14:59.999000+00:00,8281106.0355501,18228,54.31624,3659461.7392035
2026-03-08T00:15:00+00:00,67395.99,67481.96,67326.36,67347.61,121.70484,2026-03-08T00:29:59.999000+00:00,8203131.316846,18129,70.61279,4759205.3634463
2026-03-08T00:30:00+00:00,67347.62,67365.78,67247.23,67326.01,196.76299,2026-03-08T00:44:59.999000+00:00,13244202.0456962,17988,109.92578,7398740.3540049
2026-03-08T00:45:00+00:00,67326.01,67326.01,67181.04,67194.77,110.91785,2026-03-08T00:59:59.999000+00:00,7455233.6354478,19473,55.40181,3723488.0963241
2026-03-08T01:00:00+00:00,67194.77,67311.68,67158.0,67277.16,71.78384,2026-03-08T01:14:59.999000+00:00,4826120.2483102,21124,35.81343,2407652.6061918
2026-03-08T01:15:00+00:00,67277.16,67321.12,67219.75,67219.99,193.74948,2026-03-08T01:29:59.999000+00:00,13028864.0478745,16239,120.35485,8092304.0191028
2026-03-08T01:30:00+00:00,67220.0,67316.97,67090.0,67310.81,258.80835,2026-03-08T01:44:59.999000+00:00,17387088.2605303,25863,199.75573,13421071.0144033
2026-03-08T01:45:00+00:00,67310.82,67353.57,67291.51,67297.27,41.51396,2026-03-08T01:59:59.999000+00:00,2794800.9306724,11344,23.02049,1549856.3435849
2026-03-08T02:00:00+00:00,67297.27,67318.0,67217.57,67317.99,121.93258,2026-03-08T02:14:59.999000+00:00,8204853.8120393,15003,55.24325,3716746.3945832
2026-03-08T02:15:00+00:00,67317.99,67353.57,67208.73,67223.65,182.82348,2026-03-08T02:29:59.999000+00:00,12298552.9968673,19726,59.03176,3970166.1623947
2026-03-08T02:30:00+00:00,67223.64,67426.52,67114.53,67404.29,157.43651,2026-03-08T02:44:59.999000+00:00,10588324.1100051,28627,85.32267,5739867.2685299
2026-03-08T02:45:00+00:00,67404.29,67404.29,66833.58,66925.44,303.71454,2026-03-08T02:59:59.999000+00:00,20345554.7415285,68943,117.4791,7868856.1840789
2026-03-08T03:00:00+00:00,66925.45,67029.82,66850.0,66976.7,260.13326,2026-03-08T03:14:59.999000+00:00,17412144.0683362,38439,123.74268,8281544.0111888
2026-03-08T03:15:00+00:00,66976.69,67083.1,66976.69,67005.1,96.14735,2026-03-08T03:29:59.999000+00:00,6443843.9804977,24583,58.02054,3888432.6313251
2026-03-08T03:30:00+00:00,67005.1,67047.57,66940.47,66994.82,242.65576,2026-03-08T03:44:59.999000+00:00,16256748.0294474,25023,116.77586,7821856.7095723
2026-03-08T03:45:00+00:00,66994.81,67071.04,66969.99,67000.26,400.46987,2026-03-08T03:59:59.999000+00:00,26833839.654743,23924,204.5084,13699579.5049489
2026-03-08T04:00:00+00:00,67000.26,67076.4,66931.29,67029.3,403.20249,2026-03-08T04:14:59.999000+00:00,27019259.6801728,27391,246.39558,16511957.0281642
2026-03-08T04:15:00+00:00,67029.31,67100.01,66965.65,67008.78,258.09446,2026-03-08T04:29:59.999000+00:00,17301770.5073937,18543,114.37024,7666864.0484266
2026-03-08T04:30:00+00:00,67008.78,67017.8,66914.81,66960.41,126.46362,2026-03-08T04:44:59.999000+00:00,8468291.9255695,17752,70.58629,4727276.1832622
2026-03-08T04:45:00+00:00,66960.41,66965.1,66547.15,66637.36,419.12257,2026-03-08T04:59:59.999000+00:00,27958614.5030781,65323,154.543,10313032.8115997
2026-03-08T05:00:00+00:00,66637.35,66988.57,66617.76,66978.72,99.43318,2026-03-08T05:14:59.999000+00:00,6644298.9326228,32558,74.74298,4994910.0561655
2026-03-08T05:15:00+00:00,66978.71,67197.11,66959.41,67126.61,114.98995,2026-03-08T05:29:59.999000+00:00,7716174.8225728,30769,67.63512,4537501.8449067
2026-03-08T05:30:00+00:00,67126.61,67207.88,67104.0,67192.25,54.11905,2026-03-08T05:44:59.999000+00:00,3634571.2410679,20168,35.5148,2385193.0894449
2026-03-08T05:45:00+00:00,67192.25,67250.24,67132.84,67149.93,133.46135,2026-03-08T05:59:59.999000+00:00,8968427.0607452,22447,95.56248,6421486.0461211
2026-03-08T06:00:00+00:00,67149.93,67231.86,67092.41,67099.27,51.61334,2026-03-08T06:14:59.999000+00:00,3466805.2585676,19006,31.52998,2118025.9010624
2026-03-08T06:15:00+00:00,67099.26,67167.41,67046.92,67055.04,81.52758,2026-03-08T06:29:59.999000+00:00,5471172.1882034,17553,29.62108,1987657.150791
2026-03-08T06:30:00+00:00,67055.04,67146.96,67035.18,67120.0,43.05228,2026-03-08T06:44:59.999000+00:00,2888712.7125294,14027,21.20787,1423020.9521184
2026-03-08T06:45:00+00:00,67120.0,67220.73,67114.98,67161.52,70.43915,2026-03-08T06:59:59.999000+00:00,4730310.5679328,16859,31.9874,2147893.3092142
2026-03-08T07:00:00+00:00,67161.52,67423.22,67154.91,67384.2,182.03754,2026-03-08T07:14:59.999000+00:00,12252394.3132911,37035,92.67937,6238236.4531558
2026-03-08T07:15:00+00:00,67384.2,67465.11,67288.8,67368.15,316.39073,2026-03-08T07:29:59.999000+00:00,21315630.6228125,29085,182.47373,12290050.4761497
2026-03-08T07:30:00+00:00,67368.14,67378.06,67264.0,67313.44,332.96957,2026-03-08T07:44:59.999000+00:00,22420015.1798317,22466,166.21194,11193450.7723965
2026-03-08T07:45:00+00:00,67313.44,67332.0,67249.67,67319.91,179.18118,2026-03-08T07:59:59.999000+00:00,12057826.0606839,15123,87.20884,5869236.8009654
2026-03-08T08:00:00+00:00,67319.9,67399.01,67168.54,67239.55,401.60012,2026-03-08T08:14:59.999000+00:00,27022523.9002565,20337,172.78509,11627192.5252273
2026-03-08T08:15:00+00:00,67239.55,67302.54,67156.93,67276.85,189.10005,2026-03-08T08:29:59.999000+00:00,12715802.3755374,17635,159.75194,10742762.8439162
2026-03-08T08:30:00+00:00,67276.85,67564.52,67232.97,67500.11,333.20263,2026-03-08T08:44:59.999000+00:00,22453705.9836872,32157,283.08818,19074783.8223514
2026-03-08T08:45:00+00:00,67500.11,67577.36,67445.56,67539.33,84.7218,2026-03-08T08:59:59.999000+00:00,5719774.2222097,27249,58.5202,3950719.740131
2026-03-08T09:00:00+00:00,67539.34,67846.15,67474.0,67762.83,240.77551,2026-03-08T09:14:59.999000+00:00,16282451.3013063,42398,143.3005,9692039.2928077
2026-03-08T09:15:00+00:00,67762.83,67905.03,67706.54,67847.63,443.28544,2026-03-08T09:29:59.999000+00:00,30041872.5432256,56560,317.05883,21485850.3667483
2026-03-08T09:30:00+00:00,67847.63,67856.67,67720.98,67752.19,172.61308,2026-03-08T09:44:59.999000+00:00,11696187.6296699,26390,58.48043,3962154.7260325
2026-03-08T09:45:00+00:00,67752.2,67764.28,67680.99,67681.0,255.20454,2026-03-08T09:59:59.999000+00:00,17283412.0675735,18627,77.84815,5270590.306665
2026-03-08T10:00:00+00:00,67681.0,67879.3,67680.99,67879.29,142.86961,2026-03-08T10:14:59.999000+00:00,9685989.8349139,26231,90.33629,6123319.5720804
2026-03-08T10:15:00+00:00,67879.29,68200.0,67854.13,68057.83,218.93721,2026-03-08T10:29:59.999000+00:00,14898292.0022788,47146,143.0471,9733553.308083
2026-03-08T10:30:00+00:00,68057.82,68077.36,67943.09,67985.01,206.05468,2026-03-08T10:44:59.999000+00:00,14013188.0366791,26447,130.86217,8900138.6209301
2026-03-08T10:45:00+00:00,67985.0,67985.0,67875.38,67904.14,78.36377,2026-03-08T10:59:59.999000+00:00,5322147.7462068,16544,35.2034,2390601.3096188
2026-03-08T11:00:00+00:00,67904.15,67904.15,67456.88,67556.63,183.78078,2026-03-08T11:14:59.999000+00:00,12425056.1696771,41466,75.50353,5103864.4062612
2026-03-08T11:15:00+00:00,67556.64,67737.17,67553.21,67679.48,84.91616,2026-03-08T11:29:59.999000+00:00,5744838.8301465,24435,38.08611,2576914.1036248
2026-03-08T11:30:00+00:00,67679.48,67810.55,67411.76,67499.46,165.63041,2026-03-08T11:44:59.999000+00:00,11189504.5513876,33972,83.26515,5626119.0976613
2026-03-08T11:45:00+00:00,67499.46,67566.49,67435.65,67515.0,102.34849,2026-03-08T11:59:59.999000+00:00,6908551.7841538,26254,42.13163,2843975.0448005
2026-03-08T12:00:00+00:00,67515.0,67650.94,67000.0,67053.16,449.45898,2026-03-08T12:14:59.999000+00:00,30192568.050954,52415,108.96872,7326960.5684879
2026-03-08T12:15:00+00:00,67053.16,67444.55,66888.0,67431.46,251.37597,2026-03-08T12:29:59.999000+00:00,16871927.261871,55993,114.84816,7714071.3502256
2026-03-08T12:30:00+00:00,67431.46,67485.95,67294.29,67412.21,127.85176,2026-03-08T12:44:59.999000+00:00,8611855.2781372,27420,51.54159,3472216.0591422
2026-03-08T12:45:00+00:00,67412.21,67418.0,67295.0,67324.72,73.72901,2026-03-08T12:59:59.999000+00:00,4964587.7805422,18889,27.55011,1855137.8254781
2026-03-08T13:00:00+00:00,67324.71,67431.81,66950.0,66974.1,204.10917,2026-03-08T13:14:59.999000+00:00,13717762.925718,34682,85.47506,5745116.1841922
2026-03-08T13:15:00+00:00,66974.09,67199.54,66813.92,67163.88,1027.3679,2026-03-08T13:29:59.999000+00:00,68816987.9055195,59133,804.18522,53865267.2538753
2026-03-08T13:30:00+00:00,67163.88,67163.88,66761.68,67054.56,522.97791,2026-03-08T13:44:59.999000+00:00,35027179.4841357,42310,68.14381,4566464.836579
2026-03-08T13:45:00+00:00,67054.57,67321.81,67051.43,67234.86,233.13472,2026-03-08T13:59:59.999000+00:00,15671921.8894329,34277,171.85081,11555703.9780006
2026-03-08T14:00:00+00:00,67234.86,67394.54,67200.0,67291.68,121.56731,2026-03-08T14:14:59.999000+00:00,8181133.321767,26844,58.71228,3951567.4222231
2026-03-08T14:15:00+00:00,67291.67,67426.69,67246.92,67265.54,110.36575,2026-03-08T14:29:59.999000+00:00,7433719.1451364,27470,63.3779,4269575.9580755
2026-03-08T14:30:00+00:00,67265.54,67388.17,67056.94,67130.9,397.39189,2026-03-08T14:44:59.999000+00:00,26725506.3417729,33899,177.73663,11952372.5493811
2026-03-08T14:45:00+00:00,67130.9,67353.92,67055.73,67339.76,65.99204,2026-03-08T14:59:59.999000+00:00,4436680.6295056,21337,40.20679,2703395.3492547
2026-03-08T15:00:00+00:00,67339.75,67369.36,67207.06,67368.88,261.48349,2026-03-08T15:14:59.999000+00:00,17601571.8164802,30750,169.85442,11433314.4084005
2026-03-08T15:15:00+00:00,67368.88,67368.89,67140.95,67175.49,90.06928,2026-03-08T15:29:59.999000+00:00,6057878.1252178,22254,44.56929,2998115.975371
2026-03-08T15:30:00+00:00,67175.49,67233.27,67124.33,67146.0,186.71392,2026-03-08T15:44:59.999000+00:00,12541063.3267493,23186,83.05788,5577940.8633714
2026-03-08T15:45:00+00:00,67146.0,67232.0,67080.0,67218.23,340.89486,2026-03-08T15:59:59.999000+00:00,22902387.5395441,23151,110.85074,7446028.2777359
2026-03-08T16:00:00+00:00,67218.23,67268.44,67091.76,67098.7,102.85494,2026-03-08T16:14:59.999000+00:00,6911179.8237213,21271,49.3371,3315349.3593741
2026-03-08T16:15:00+00:00,67098.71,67150.26,67040.0,67113.9,74.36683,2026-03-08T16:29:59.999000+00:00,4990340.1254,19962,28.05132,1882209.606769
2026-03-08T16:30:00+00:00,67113.9,67113.91,66841.33,67004.36,129.33796,2026-03-08T16:44:59.999000+00:00,8658239.6111659,32081,64.13306,4293018.263186
2026-03-08T16:45:00+00:00,67004.35,67004.35,66802.47,66872.15,232.19617,2026-03-08T16:59:59.999000+00:00,15538562.2164591,25386,142.36213,9526411.1544771
2026-03-08T17:00:00+00:00,66872.15,67179.98,66800.01,67150.0,211.52947,2026-03-08T17:14:59.999000+00:00,14186868.1609048,36128,143.70345,9639352.603044
2026-03-08T17:15:00+00:00,67150.01,67162.37,67051.93,67070.24,224.94101,2026-03-08T17:29:59.999000+00:00,15101352.7382255,21584,83.86839,5628800.9591708
2026-03-08T17:30:00+00:00,67070.24,67116.0,66982.16,67056.08,53.12545,2026-03-08T17:44:59.999000+00:00,3561213.7528826,14262,33.58144,2250823.7649091
2026-03-08T17:45:00+00:00,67056.09,67127.01,66942.2,67065.0,322.83253,2026-03-08T17:59:59.999000+00:00,21644998.8401423,16469,178.48699,11965012.1508009
2026-03-08T18:00:00+00:00,67065.0,67076.0,66900.0,66913.41,44.69073,2026-03-08T18:14:59.999000+00:00,2993482.6263474,15078,25.42172,1703018.4108878
2026-03-08T18:15:00+00:00,66913.42,66993.18,66763.82,66930.67,157.33134,2026-03-08T18:29:59.999000+00:00,10519159.5806595,26996,46.71701,3124461.6649232
2026-03-08T18:30:00+00:00,66930.68,66991.66,66747.71,66816.22,176.84029,2026-03-08T18:44:59.999000+00:00,11819403.8695106,22540,66.06277,4414307.17547
2026-03-08T18:45:00+00:00,66816.23,66892.73,66745.54,66804.0,109.11543,2026-03-08T18:59:59.999000+00:00,7290649.4157687,20087,51.54024,3443444.7660205
2026-03-08T19:00:00+00:00,66803.99,67076.09,66779.82,67015.18,176.94194,2026-03-08T19:14:59.999000+00:00,11829274.1048529,25429,133.61575,8930205.8498579
2026-03-08T19:15:00+00:00,67015.18,67269.32,67000.33,67199.54,159.78326,2026-03-08T19:29:59.999000+00:00,10734489.7272112,30523,107.13336,7197388.44964
2026-03-08T19:30:00+00:00,67199.54,67385.65,67199.54,67355.72,287.70875,2026-03-08T19:44:59.999000+00:00,19370308.6643158,31576,111.17347,7482972.3780181
2026-03-08T19:45:00+00:00,67356.65,67485.24,67274.4,67337.42,86.67274,2026-03-08T19:59:59.999000+00:00,5838431.376247,20376,63.24175,4260235.9895572
2026-03-08T20:00:00+00:00,67337.41,67337.42,67091.01,67101.68,160.38971,2026-03-08T20:14:59.999000+00:00,10780315.8138156,25241,77.62164,5216379.8208597
2026-03-08T20:15:00+00:00,67101.68,67220.51,67031.79,67031.79,83.1478,2026-03-08T20:29:59.999000+00:00,5579566.0137698,17583,30.34628,2037145.0497326
2026-03-08T20:30:00+00:00,67031.8,67609.08,67028.45,67352.01,767.24505,2026-03-08T20:44:59.999000+00:00,51639818.2402699,45953,679.72964,45745622.6517095
2026-03-08T20:45:00+00:00,67352.0,67397.33,67200.0,67238.8,134.14971,2026-03-08T20:59:59.999000+00:00,9030049.6543359,24186,54.50909,3668652.6167313
2026-03-08T21:00:00+00:00,67238.79,67266.0,66712.69,66779.83,372.66492,2026-03-08T21:14:59.999000+00:00,24948483.3003318,38427,116.06394,7776311.902103
2026-03-08T21:15:00+00:00,66779.83,66996.69,66778.61,66936.05,118.47145,2026-03-08T21:29:59.999000+00:00,7926926.9273356,19212,64.78422,4333185.5695722
2026-03-08T21:30:00+00:00,66936.42,67028.45,66894.69,67022.99,244.66852,2026-03-08T21:44:59.999000+00:00,16381531.5706472,18828,143.70583,9619553.5575169
2026-03-08T21:45:00+00:00,67022.98,67047.71,66921.99,67020.01,223.23042,2026-03-08T21:59:59.999000+00:00,14956604.2967812,23198,126.57399,8479411.6027951
2026-03-08T22:00:00+00:00,67020.01,67020.01,65684.77,66078.0,1624.98267,2026-03-08T22:14:59.999000+00:00,107506308.2785519,205122,730.53681,48297728.9813874
2026-03-08T22:15:00+00:00,66077.99,66180.57,65618.49,65915.08,567.3988,2026-03-08T22:29:59.999000+00:00,37349779.7159261,106144,268.54998,17681160.6578428
2026-03-08T22:30:00+00:00,65915.09,66282.87,65728.7,66045.09,360.02452,2026-03-08T22:44:59.999000+00:00,23768344.8907341,67585,179.33285,11840579.7082544
2026-03-08T22:45:00+00:00,66045.09,66309.53,66045.09,66236.8,189.61836,2026-03-08T22:59:59.999000+00:00,12549519.1466857,51901,97.09981,6427077.524714
2026-03-08T23:00:00+00:00,66236.8,66436.47,66116.24,66328.45,175.86488,2026-03-08T23:14:59.999000+00:00,11654184.2673234,56025,82.99146,5500326.8823846
2026-03-08T23:15:00+00:00,66328.45,66569.24,66250.0,66470.01,147.27962,2026-03-08T23:29:59.999000+00:00,9784219.0427097,40783,85.39783,5673258.6677411
2026-03-08T23:30:00+00:00,66470.01,66514.31,66115.82,66121.73,118.57925,2026-03-08T23:44:59.999000+00:00,7862772.8888868,44053,42.42352,2812998.6367724
2026-03-08T23:45:00+00:00,66121.72,66224.27,65930.3,65971.2,238.22869,2026-03-08T23:59:59.999000+00:00,15739068.3406746,47784,78.75823,5203503.5198879
2026-03-09T00:00:00+00:00,65971.2,66402.23,65944.1,66324.43,175.61856,2026-03-09T00:14:59.999000+00:00,11632452.1952338,58791,105.7391,7004497.2735134
2026-03-09T00:15:00+00:00,66324.43,66378.15,65821.97,66170.4,220.49627,2026-03-09T00:29:59.999000+00:00,14572290.9888489,77710,88.67183,5859987.236555
2026-03-09T00:30:00+00:00,66170.41,66773.0,66170.41,66448.0,384.30014,2026-03-09T00:44:59.999000+00:00,25557186.3407648,112164,231.61518,15401007.3764171
2026-03-09T00:45:00+00:00,66448.0,66564.0,66287.06,66370.01,170.94041,2026-03-09T00:59:59.999000+00:00,11351358.5083598,65041,69.69053,4628072.8655929
2026-03-09T01:00:00+00:00,66370.01,66433.42,66131.25,66363.19,513.76586,2026-03-09T01:14:59.999000+00:00,34074483.0422081,87573,148.57982,9851916.2229059
2026-03-09T01:15:00+00:00,66363.19,66650.74,66235.46,66480.85,1200.11345,2026-03-09T01:29:59.999000+00:00,79688393.5451781,72638,547.50175,36330541.1825918
2026-03-09T01:30:00+00:00,66480.84,66698.05,66401.25,66623.21,340.18594,2026-03-09T01:44:59.999000+00:00,22649439.9375378,56553,169.37193,11280633.8401545
2026-03-09T01:45:00+00:00,66623.2,66639.64,66182.2,66196.01,209.72357,2026-03-09T01:59:59.999000+00:00,13934920.7940057,51576,85.55033,5684508.3101282
2026-03-09T02:00:00+00:00,66196.01,66354.0,66009.1,66173.84,230.9937,2026-03-09T02:14:59.999000+00:00,15276458.885911,57733,77.0206,5097705.564673
2026-03-09T02:15:00+00:00,66173.84,66173.84,65959.0,66120.3,202.06127,2026-03-09T02:29:59.999000+00:00,13348764.2915419,55150,99.10998,6548305.806414
2026-03-09T02:30:00+00:00,66120.3,66579.21,66092.63,66573.75,183.03765,2026-03-09T02:44:59.999000+00:00,12154512.7056316,57619,124.38244,8260857.532891
2026-03-09T02:45:00+00:00,66573.75,66707.58,66529.07,66537.32,136.47852,2026-03-09T02:59:59.999000+00:00,9091565.6703374,41011,68.71336,4577256.5130459
2026-03-09T03:00:00+00:00,66537.32,67456.0,66512.88,67452.0,536.90699,2026-03-09T03:14:59.999000+00:00,36037913.6144461,106612,336.71466,22598419.6956904
2026-03-09T03:15:00+00:00,67451.99,67668.64,67092.77,67223.52,416.94076,2026-03-09T03:29:59.999000+00:00,28093151.6184666,96170,220.64098,14873217.5147383
2026-03-09T03:30:00+00:00,67223.52,67381.66,67072.4,67099.4,165.09674,2026-03-09T03:44:59.999000+00:00,11099189.999639,54603,77.43175,5205711.7878044
2026-03-09T03:45:00+00:00,67099.4,67253.75,67050.0,67205.05,137.35033,2026-03-09T03:59:59.999000+00:00,9222499.5052998,36133,84.20311,5654475.7673648
2026-03-09T04:00:00+00:00,67205.06,67288.29,67166.42,67177.45,123.87137,2026-03-09T04:14:59.999000+00:00,8327311.4129596,29108,59.73627,4016292.9393376
2026-03-09T04:15:00+00:00,67177.44,67610.0,67170.22,67575.86,154.0371,2026-03-09T04:29:59.999000+00:00,10381540.8816103,37357,113.94676,7679127.6436097
2026-03-09T04:30:00+00:00,67575.86,67575.86,67411.1,67506.04,201.1562,2026-03-09T04:44:59.999000+00:00,13580809.5338536,36727,136.02693,9184186.2681508
2026-03-09T04:45:00+00:00,67506.03,67528.84,67093.09,67130.14,369.41295,2026-03-09T04:59:59.999000+00:00,24852578.2530141,37347,62.93812,4236707.27936
2026-03-09T05:00:00+00:00,67131.1,67257.44,67113.02,67157.0,84.1515,2026-03-09T05:14:59.999000+00:00,5652661.8720554,27128,35.17289,2362302.6480107
2026-03-09T05:15:00+00:00,67157.01,67415.71,67130.49,67389.83,96.2716,2026-03-09T05:29:59.999000+00:00,6479062.0886916,39986,53.02079,3567922.6527087
2026-03-09T05:30:00+00:00,67389.82,67972.0,67348.61,67932.25,609.22602,2026-03-09T05:44:59.999000+00:00,41230013.6944454,90911,415.90489,28133189.956033
2026-03-09T05:45:00+00:00,67932.25,68069.29,67812.86,67911.16,356.06236,2026-03-09T05:59:59.999000+00:00,24185334.7692861,58687,180.74657,12277743.6465567
2026-03-09T06:00:00+00:00,67911.15,67939.55,67573.7,67626.61,307.03175,2026-03-09T06:14:59.999000+00:00,20797603.8846405,44232,138.76767,9409867.1397177
2026-03-09T06:15:00+00:00,67626.61,67740.5,67486.95,67508.24,92.66817,2026-03-09T06:29:59.999000+00:00,6262873.9408532,35007,44.7579,3024892.8305147
2026-03-09T06:30:00+00:00,67508.24,67559.96,67283.0,67363.62,84.45417,2026-03-09T06:44:59.999000+00:00,5693560.8115354,34387,31.67971,2135628.7961939
2026-03-09T06:45:00+00:00,67363.63,67385.93,67236.78,67267.18,94.54898,2026-03-09T06:59:59.999000+00:00,6363324.9350817,27717,45.45379,3058903.3636437
2026-03-09T07:00:00+00:00,67267.18,67322.07,67126.35,67186.0,153.91422,2026-03-09T07:14:59.999000+00:00,10345438.6795108,48393,72.49875,4873040.7103762
2026-03-09T07:15:00+00:00,67186.0,67284.4,66853.48,67205.06,475.40699,2026-03-09T07:29:59.999000+00:00,31895375.0996432,56641,220.95569,14839505.9160025
2026-03-09T07:30:00+00:00,67205.07,67482.07,67204.24,67427.67,316.34371,2026-03-09T07:44:59.999000+00:00,21309619.3828167,54258,192.13859,12942245.3091872
2026-03-09T07:45:00+00:00,67427.67,67575.81,67373.82,67555.13,307.79097,2026-03-09T07:59:59.999000+00:00,20772238.5114918,35091,259.51712,17514788.9329224
2026-03-09T08:00:00+00:00,67555.13,67665.0,67444.65,67573.07,472.05182,2026-03-09T08:14:59.999000+00:00,31879070.9239608,56190,239.88918,16202287.04049
2026-03-09T08:15:00+00:00,67573.07,67838.38,67391.89,67813.51,291.43452,2026-03-09T08:29:59.999000+00:00,19706704.6206437,51193,130.01314,8798932.9150593
2026-03-09T08:30:00+00:00,67813.51,67883.0,67678.22,67792.84,387.70301,2026-03-09T08:44:59.999000+00:00,26286928.4609106,42782,165.52087,11219691.8899885
2026-03-09T08:45:00+00:00,67792.84,67929.19,67716.62,67814.69,464.24194,2026-03-09T08:59:59.999000+00:00,31475914.0171234,42571,149.4672,10135868.2461453
2026-03-09T09:00:00+00:00,67814.69,67833.03,67566.65,67833.03,301.3109,2026-03-09T09:14:59.999000+00:00,20412299.9016275,40115,207.73157,14072995.5664943
2026-03-09T09:15:00+00:00,67833.03,68050.0,67797.69,68011.2,300.09232,2026-03-09T09:29:59.999000+00:00,20388807.8924049,43988,172.42579,11714829.4156023
2026-03-09T09:30:00+00:00,68011.19,68460.09,67904.78,68357.71,377.74211,2026-03-09T09:44:59.999000+00:00,25771488.6735916,78983,227.85164,15545137.1714121
2026-03-09T09:45:00+00:00,68357.71,68440.3,67940.5,67981.02,246.29308,2026-03-09T09:59:59.999000+00:00,16789859.41958,44377,71.47358,4872882.4536263
2026-03-09T10:00:00+00:00,67981.03,68088.92,67884.14,67940.1,230.1868,2026-03-09T10:14:59.999000+00:00,15651637.4873854,51871,108.15705,7354078.8074127
2026-03-09T10:15:00+00:00,67940.11,67978.42,67798.22,67800.0,151.13727,2026-03-09T10:29:59.999000+00:00,10259205.0091322,43251,82.33375,5589071.4880312
2026-03-09T10:30:00+00:00,67799.99,67843.44,67588.0,67678.26,140.26713,2026-03-09T10:44:59.999000+00:00,9499882.1359469,48785,69.93468,4737274.2738696
2026-03-09T10:45:00+00:00,67678.27,67703.95,67556.72,67608.13,165.53124,2026-03-09T10:59:59.999000+00:00,11197059.8516951,37154,65.9268,4459668.7669026
2026-03-09T11:00:00+00:00,67608.13,67780.75,67581.56,67706.59,140.87181,2026-03-09T11:14:59.999000+00:00,9538483.5714085,32082,91.86097,6220181.8999519
2026-03-09T11:15:00+00:00,67706.59,67728.54,67344.45,67478.88,171.13855,2026-03-09T11:29:59.999000+00:00,11546965.9307513,44252,67.56754,4558261.3069567
2026-03-09T11:30:00+00:00,67478.88,67672.0,67464.73,67638.12,98.26718,2026-03-09T11:44:59.999000+00:00,6642073.2822232,28347,52.30825,3535713.6691892
2026-03-09T11:45:00+00:00,67638.11,67855.82,67585.28,67764.98,167.30858,2026-03-09T11:59:59.999000+00:00,11333101.4728607,32358,108.18748,7328381.8706706
2026-03-09T12:00:00+00:00,67764.99,67910.24,67759.57,67910.24,155.77728,2026-03-09T12:14:59.999000+00:00,10568390.2067743,29116,96.44291,6542817.2803768
2026-03-09T12:15:00+00:00,67910.24,68163.73,67871.34,68153.37,231.7937,2026-03-09T12:29:59.999000+00:00,15766388.1460903,43924,114.9686,7821028.2361053
2026-03-09T12:30:00+00:00,68153.36,68348.26,67979.2,68130.35,408.50976,2026-03-09T12:44:59.999000+00:00,27857455.0105153,51522,210.15791,14332156.105441
2026-03-09T12:45:00+00:00,68130.35,68210.0,68019.24,68151.93,174.2478,2026-03-09T12:59:59.999000+00:00,11868638.3273057,40293,69.94568,4764303.0590074
2026-03-09T13:00:00+00:00,68151.93,68597.35,68133.93,68462.16,323.38978,2026-03-09T13:14:59.999000+00:00,22111990.0816535,61746,197.33959,13492213.7701461
2026-03-09T13:15:00+00:00,68462.16,68780.0,68188.0,68773.03,467.35238,2026-03-09T13:29:59.999000+00:00,32025961.4721185,79476,230.89145,15822905.4907531
2026-03-09T13:30:00+00:00,68773.03,69269.51,68732.0,69238.3,962.20333,2026-03-09T13:44:59.999000+00:00,66288649.5498636,152880,558.44881,38479372.7318272
2026-03-09T13:45:00+00:00,69238.29,69300.0,68802.73,68976.0,707.19113,2026-03-09T13:59:59.999000+00:00,48834801.6519174,141589,324.61976,22420176.2916491
2026-03-09T14:00:00+00:00,68975.8,69252.4,68696.28,68839.99,683.71806,2026-03-09T14:14:59.999000+00:00,47095513.7490556,115702,254.39869,17531008.7927841
2026-03-09T14:15:00+00:00,68839.99,69273.55,68839.99,69160.19,471.19289,2026-03-09T14:29:59.999000+00:00,32571096.4103726,96762,277.29139,19170302.5440008
2026-03-09T14:30:00+00:00,69160.18,69480.0,69097.0,69416.37,759.91162,2026-03-09T14:44:59.999000+00:00,52676671.6025063,116595,368.39802,25534320.8560335
2026-03-09T14:45:00+00:00,69416.37,69426.67,69062.0,69151.5,462.23545,2026-03-09T14:59:59.999000+00:00,32011234.8060664,73552,166.85866,11555454.0227742
2026-03-09T15:00:00+00:00,69151.5,69254.87,68977.43,69166.03,414.48731,2026-03-09T15:14:59.999000+00:00,28656275.3744579,67588,240.1627,16606976.4498777
2026-03-09T15:15:00+00:00,69166.02,69241.6,68978.22,69078.23,504.60012,2026-03-09T15:29:59.999000+00:00,34859454.409153,52727,227.73012,15732330.1759798
2026-03-09T15:30:00+00:00,69078.23,69169.32,68740.18,68758.38,667.16672,2026-03-09T15:44:59.999000+00:00,45961177.2260932,71707,290.76625,20031205.6847245
2026-03-09T15:45:00+00:00,68758.37,69055.39,68717.86,68863.66,409.20223,2026-03-09T15:59:59.999000+00:00,28185909.8811181,49006,220.99826,15222723.4138121
2026-03-09T16:00:00+00:00,68863.67,69055.39,68735.82,68775.59,294.87064,2026-03-09T16:14:59.999000+00:00,20313706.1548574,61978,123.52041,8510695.7325082
2026-03-09T16:15:00+00:00,68775.6,69035.66,68740.39,68961.16,219.05047,2026-03-09T16:29:59.999000+00:00,15080060.5110563,57251,119.42595,8221205.7960108
2026-03-09T16:30:00+00:00,68961.16,69122.86,68614.47,69074.05,353.09269,2026-03-09T16:44:59.999000+00:00,24323722.9382912,69284,166.01604,11439599.773381
2026-03-09T16:45:00+00:00,69074.01,69225.0,68888.47,68960.12,218.99737,2026-03-09T16:59:59.999000+00:00,15119715.2844596,44665,75.21501,5195116.2764733
2026-03-09T17:00:00+00:00,68960.12,69088.49,68882.49,68991.57,146.82524,2026-03-09T17:14:59.999000+00:00,10130360.9798324,43849,55.20516,3809185.3712609
2026-03-09T17:15:00+00:00,68991.57,69063.8,68607.24,68624.06,251.67326,2026-03-09T17:29:59.999000+00:00,17317296.6478874,53537,102.73701,7070539.8760984
2026-03-09T17:30:00+00:00,68624.05,68772.54,68270.34,68406.25,333.35689,2026-03-09T17:44:59.999000+00:00,22845275.2627453,66967,128.28878,8793435.1868621
2026-03-09T17:45:00+00:00,68406.25,68669.75,68400.17,68600.71,157.68514,2026-03-09T17:59:59.999000+00:00,10806791.4714993,46619,79.12101,5422076.0513609
2026-03-09T18:00:00+00:00,68600.71,68635.12,68179.12,68429.41,871.77149,2026-03-09T18:14:59.999000+00:00,59626978.252228,54658,357.34043,24450572.5841657
2026-03-09T18:15:00+00:00,68429.41,68646.86,68417.21,68541.72,157.49945,2026-03-09T18:29:59.999000+00:00,10794300.1509561,39437,57.32154,3928416.3701422
2026-03-09T18:30:00+00:00,68541.72,68705.76,68478.0,68489.13,172.87613,2026-03-09T18:44:59.999000+00:00,11857708.5374851,32880,49.81552,3417737.1203636
2026-03-09T18:45:00+00:00,68489.12,68542.01,68323.17,68356.37,148.11219,2026-03-09T18:59:59.999000+00:00,10132770.9738019,26053,31.39029,2147886.3447332
2026-03-09T19:00:00+00:00,68356.37,68510.0,68356.37,68400.0,118.90416,2026-03-09T19:14:59.999000+00:00,8140013.4371163,26418,37.73717,2583370.5307293
2026-03-09T19:15:00+00:00,68400.0,69364.79,68372.03,69363.46,700.85967,2026-03-09T19:29:59.999000+00:00,48341071.2248394,121958,405.77686,27983878.5334371
2026-03-09T19:30:00+00:00,69363.46,69516.65,68780.0,68963.53,644.36373,2026-03-09T19:44:59.999000+00:00,44521235.1952846,126805,287.13636,19853598.1760497
2026-03-09T19:45:00+00:00,68963.52,69059.72,68823.84,68991.93,249.43867,2026-03-09T19:59:59.999000+00:00,17197548.5042255,63157,109.53463,7551621.5404232
2026-03-09T20:00:00+00:00,68991.93,69145.28,68879.72,69003.38,213.41889,2026-03-09T20:14:59.999000+00:00,14726542.9556327,43470,99.98632,6899436.8806099
2026-03-09T20:15:00+00:00,69003.37,69077.55,68922.76,68963.74,82.43457,2026-03-09T20:29:59.999000+00:00,5687325.4133749,21577,31.37122,2164433.3583179
2026-03-09T20:30:00+00:00,68963.75,68963.75,68817.24,68882.52,128.61764,2026-03-09T20:44:59.999000+00:00,8859693.2844775,29346,45.17571,3111589.3928316
2026-03-09T20:45:00+00:00,68882.52,69036.11,68762.2,68961.71,82.93314,2026-03-09T20:59:59.999000+00:00,5713164.8826673,23519,42.89043,2954922.7489928
2026-03-09T21:00:00+00:00,68961.15,69102.53,68954.0,69054.0,207.99508,2026-03-09T21:14:59.999000+00:00,14362044.4038264,22271,112.5938,7774227.5786492
2026-03-09T21:15:00+00:00,69054.0,69054.0,68837.11,68840.14,207.99696,2026-03-09T21:29:59.999000+00:00,14335029.33117,21391,72.7384,5014341.5111083
2026-03-09T21:30:00+00:00,68840.15,69013.27,68660.94,68945.75,258.33693,2026-03-09T21:44:59.999000+00:00,17798958.0305464,34672,130.073,8960551.8566365
2026-03-09T21:45:00+00:00,68945.75,69040.8,68904.45,68919.72,108.18862,2026-03-09T21:59:59.999000+00:00,7460775.5877559,17794,54.26159,3742143.3960097
2026-03-09T22:00:00+00:00,68919.71,69030.56,68683.44,68813.69,286.97698,2026-03-09T22:14:59.999000+00:00,19767475.5552265,34484,188.10925,12961672.994121
2026-03-09T22:15:00+00:00,68813.7,68871.87,68719.06,68812.0,176.61879,2026-03-09T22:29:59.999000+00:00,12153909.5501223,19301,101.29345,6969708.7746082
2026-03-09T22:30:00+00:00,68812.0,68868.0,68602.25,68739.83,184.079,2026-03-09T22:44:59.999000+00:00,12649012.2169884,30600,99.19087,6816783.5143424
2026-03-09T22:45:00+00:00,68739.83,68761.23,68597.0,68635.88,295.37582,2026-03-09T22:59:59.999000+00:00,20294643.9134068,25063,131.41802,9027709.9395776
2026-03-09T23:00:00+00:00,68635.88,68694.73,68546.82,68645.32,201.24042,2026-03-09T23:14:59.999000+00:00,13812107.9753481,23034,144.2103,9898132.8763938
2026-03-09T23:15:00+00:00,68645.33,68645.33,68527.0,68594.92,130.64451,2026-03-09T23:29:59.999000+00:00,8961500.4693737,21229,41.71433,2861329.3183097
2026-03-09T23:30:00+00:00,68594.93,68619.9,68514.88,68549.11,119.81359,2026-03-09T23:44:59.999000+00:00,8215486.6849422,21801,68.43984,4692885.8578713
2026-03-09T23:45:00+00:00,68549.11,68570.1,68384.69,68432.16,213.75713,2026-03-09T23:59:59.999000+00:00,14642805.717048,26061,94.137,6448955.4436255
2026-03-10T00:00:00+00:00,68432.16,68505.97,68391.41,68415.0,170.94527,2026-03-10T00:14:59.999000+00:00,11700851.2809407,28473,45.24472,3096818.7506184
2026-03-10T00:15:00+00:00,68414.99,69026.88,68396.16,68980.01,409.88417,2026-03-10T00:29:59.999000+00:00,28149202.5777044,53163,311.78297,21403697.9016401
2026-03-10T00:30:00+00:00,68980.0,69220.83,68893.52,69195.56,392.83561,2026-03-10T00:44:59.999000+00:00,27129605.1477959,44763,284.42819,19639720.2810957
2026-03-10T00:45:00+00:00,69195.56,69290.42,69068.0,69157.37,160.37086,2026-03-10T00:59:59.999000+00:00,11094387.4022719,39634,73.59749,5091817.2610181
2026-03-10T01:00:00+00:00,69157.36,69253.53,69065.33,69108.0,156.39711,2026-03-10T01:14:59.999000+00:00,10816901.8533522,35353,72.73239,5030580.2645783
2026-03-10T01:15:00+00:00,69108.01,69155.66,68854.0,68975.69,103.98137,2026-03-10T01:29:59.999000+00:00,7172799.8273992,33823,50.61287,3491474.8089941
2026-03-10T01:30:00+00:00,68975.68,69086.74,68786.04,68982.86,354.10722,2026-03-10T01:44:59.999000+00:00,24419080.1484002,34068,213.92431,14751887.3957793
2026-03-10T01:45:00+00:00,68982.85,69389.06,68938.0,69260.01,458.8145,2026-03-10T01:59:59.999000+00:00,31757050.1656191,43224,192.12079,13285864.8511027
2026-03-10T02:00:00+00:00,69260.0,69371.13,69103.12,69227.25,260.36768,2026-03-10T02:14:59.999000+00:00,18032642.265462,35298,47.83715,3312605.8273637
2026-03-10T02:15:00+00:00,69227.26,69387.15,69139.26,69371.03,138.97746,2026-03-10T02:29:59.999000+00:00,9621435.3029,32645,86.99482,6022344.6866863
2026-03-10T02:30:00+00:00,69371.02,70439.17,69370.0,70320.17,1118.34713,2026-03-10T02:44:59.999000+00:00,78281910.7710612,140455,708.14156,49546349.0203462
2026-03-10T02:45:00+00:00,70320.16,70578.29,70249.51,70272.01,493.27253,2026-03-10T02:59:59.999000+00:00,34732097.2489175,94065,256.22643,18045000.5400911
2026-03-10T03:00:00+00:00,70272.0,70370.86,70029.2,70172.15,279.67294,2026-03-10T03:14:59.999000+00:00,19627362.9593335,56818,86.21569,6050840.830379
2026-03-10T03:15:00+00:00,70172.14,70279.43,70087.72,70119.05,202.52239,2026-03-10T03:29:59.999000+00:00,14212682.6738137,33270,63.37944,4447921.3640381
2026-03-10T03:30:00+00:00,70119.04,70125.13,69846.49,69850.86,310.37076,2026-03-10T03:44:59.999000+00:00,21740359.2704059,38726,123.73736,8668190.8721264
2026-03-10T03:45:00+00:00,69850.87,69850.87,69390.0,69429.85,303.7057,2026-03-10T03:59:59.999000+00:00,21125341.5616836,73347,110.48338,7683759.7385143
2026-03-10T04:00:00+00:00,69429.85,69768.61,69429.85,69733.7,279.11054,2026-03-10T04:14:59.999000+00:00,19428369.2377171,45685,147.52837,10267187.8874401
2026-03-10T04:15:00+00:00,69733.7,69831.65,69584.7,69731.35,304.99097,2026-03-10T04:29:59.999000+00:00,21268723.186083,32133,180.30882,12572686.3391723
2026-03-10T04:30:00+00:00,69731.36,70015.85,69731.35,69940.04,133.90816,2026-03-10T04:44:59.999000+00:00,9364355.4332592,32508,78.79103,5509964.4806586
2026-03-10T04:45:00+00:00,69940.03,70132.27,69808.21,70072.94,394.0426,2026-03-10T04:59:59.999000+00:00,27554369.1689006,37639,105.82032,7402914.8459192
2026-03-10T05:00:00+00:00,70072.95,70355.06,70015.84,70170.0,360.26137,2026-03-10T05:14:59.999000+00:00,25284861.2787404,54527,254.58229,17867763.4859055
2026-03-10T05:15:00+00:00,70170.0,70328.39,70017.8,70038.09,344.44184,2026-03-10T05:29:59.999000+00:00,24178400.1995169,35825,240.47103,16887413.7536694
2026-03-10T05:30:00+00:00,70038.1,70130.27,69915.41,69915.41,97.35434,2026-03-10T05:44:59.999000+00:00,6817696.3446086,31754,30.64278,2145730.9230068
2026-03-10T05:45:00+00:00,69915.42,69987.21,69885.71,69971.34,71.97591,2026-03-10T05:59:59.999000+00:00,5034742.1447045,19900,40.6988,2847059.2841573
2026-03-10T06:00:00+00:00,69971.34,69977.59,69826.61,69876.8,159.78841,2026-03-10T06:14:59.999000+00:00,11166855.3073601,25040,54.80773,3830495.9671574
2026-03-10T06:15:00+00:00,69876.8,70185.24,69750.62,70142.59,153.69295,2026-03-10T06:29:59.999000+00:00,10752253.872374,38198,90.15492,6309965.9695156
2026-03-10T06:30:00+00:00,70142.59,70164.15,69950.83,69968.9,143.03476,2026-03-10T06:44:59.999000+00:00,10019035.7511372,31856,88.05739,6167973.143208
2026-03-10T06:45:00+00:00,69968.9,70060.5,69870.76,69910.91,684.47539,2026-03-10T06:59:59.999000+00:00,47883267.8730052,29510,274.2268,19179332.6947288
2026-03-10T07:00:00+00:00,69910.91,70427.99,69805.7,70240.36,610.43456,2026-03-10T07:14:59.999000+00:00,42763970.6552078,57487,299.81211,21020972.69024
2026-03-10T07:15:00+00:00,70240.35,70527.47,70226.0,70322.97,231.42909,2026-03-10T07:29:59.999000+00:00,16291772.212451,51295,121.02576,8520992.8346523
2026-03-10T07:30:00+00:00,70322.96,70400.0,70287.2,70320.3,368.14142,2026-03-10T07:44:59.999000+00:00,25888646.5972084,38895,184.87402,12998742.9830073
2026-03-10T07:45:00+00:00,70320.29,70546.74,70262.92,70406.01,570.19964,2026-03-10T07:59:59.999000+00:00,40142089.4930396,34812,327.58205,23067920.9914558
2026-03-10T08:00:00+00:00,70406.01,70935.76,70369.0,70898.06,801.09743,2026-03-10T08:14:59.999000+00:00,56669728.9555004,81407,500.23394,35388376.9405838
2026-03-10T08:15:00+00:00,70899.36,70986.0,70745.0,70842.22,352.54999,2026-03-10T08:29:59.999000+00:00,24990499.8510454,54681,184.25053,13062130.2145708
2026-03-10T08:30:00+00:00,70842.23,71097.64,70842.23,70918.69,288.20248,2026-03-10T08:44:59.999000+00:00,20454859.4108675,57471,202.20295,14351803.8497725
2026-03-10T08:45:00+00:00,70918.68,70918.69,70611.42,70709.37,410.34994,2026-03-10T08:59:59.999000+00:00,29019031.9374359,46246,197.47699,13962830.1136396
2026-03-10T09:00:00+00:00,70709.37,70899.99,70653.24,70809.4,573.64518,2026-03-10T09:14:59.999000+00:00,40591754.7963702,37095,435.66811,30828123.894839
2026-03-10T09:15:00+00:00,70809.4,71284.92,70747.51,71228.0,504.41972,2026-03-10T09:29:59.999000+00:00,35797859.8665065,56858,312.72332,22197066.5535793
2026-03-10T09:30:00+00:00,71228.0,71300.0,71050.0,71075.63,236.81895,2026-03-10T09:44:59.999000+00:00,16851860.4390827,44040,88.86673,6323465.796675
2026-03-10T09:45:00+00:00,71075.64,71100.01,70926.75,71078.92,349.94758,2026-03-10T09:59:59.999000+00:00,24870676.4046019,32054,124.75868,8864114.4888504
2026-03-10T10:00:00+00:00,71078.92,71086.86,70853.03,70899.99,262.19441,2026-03-10T10:14:59.999000+00:00,18598616.4101059,31374,71.01971,5038836.7170827
2026-03-10T10:15:00+00:00,70899.99,70931.37,70738.99,70759.73,781.27918,2026-03-10T10:29:59.999000+00:00,55300375.1168019,36860,311.85489,22072841.1006963
2026-03-10T10:30:00+00:00,70759.72,70941.42,70675.91,70715.89,575.3257,2026-03-10T10:44:59.999000+00:00,40719928.0095187,45196,327.00236,23145447.6124671
2026-03-10T10:45:00+00:00,70715.89,70878.54,70660.89,70774.04,189.26218,2026-03-10T10:59:59.999000+00:00,13393354.1428293,22960,92.82803,6567876.9718972
2026-03-10T11:00:00+00:00,70774.04,70865.73,70607.4,70618.08,216.72241,2026-03-10T11:14:59.999000+00:00,15338537.2508116,39790,148.01187,10477913.1593394
2026-03-10T11:15:00+00:00,70618.08,70750.0,70563.33,70654.51,120.93671,2026-03-10T11:29:59.999000+00:00,8545658.3413669,29149,40.66369,2873218.1254959
2026-03-10T11:30:00+00:00,70654.51,70664.2,70540.4,70589.01,265.01396,2026-03-10T11:44:59.999000+00:00,18717852.9761928,24924,146.96126,10378305.2529718
2026-03-10T11:45:00+00:00,70589.01,70693.76,70542.06,70580.94,342.75148,2026-03-10T11:59:59.999000+00:00,24202891.8390035,28166,188.09026,13280445.7493939
2026-03-10T12:00:00+00:00,70580.95,70628.19,70354.38,70422.24,328.09318,2026-03-10T12:14:59.999000+00:00,23123153.8023782,48307,127.5113,8987991.0447747
2026-03-10T12:15:00+00:00,70422.24,70558.7,70355.15,70384.41,113.19519,2026-03-10T12:29:59.999000+00:00,7975186.0756102,34278,47.38378,3339049.4090214
2026-03-10T12:30:00+00:00,70384.4,70475.49,70290.88,70447.59,137.3246,2026-03-10T12:44:59.999000+00:00,9668959.1392595,32826,46.03434,3241453.9847474
2026-03-10T12:45:00+00:00,70447.59,70580.0,70446.0,70519.86,124.34182,2026-03-10T12:59:59.999000+00:00,8766252.8506906,28981,73.44723,5177851.1979383
2026-03-10T13:00:00+00:00,70519.86,70753.72,70519.86,70753.72,159.61312,2026-03-10T13:14:59.999000+00:00,11278956.2231262,37116,99.732,7046994.0952511
2026-03-10T13:15:00+00:00,70753.72,70900.0,70662.05,70874.96,275.76204,2026-03-10T13:29:59.999000+00:00,19528802.7758258,41947,140.70234,9963844.9403837
2026-03-10T13:30:00+00:00,70874.96,70926.46,69723.25,69916.54,825.96294,2026-03-10T13:44:59.999000+00:00,57922299.2831134,169664,361.06293,25319368.326518
2026-03-10T13:45:00+00:00,69916.54,70296.07,69790.29,69921.12,383.20906,2026-03-10T13:59:59.999000+00:00,26849588.5955162,114028,191.29216,13405767.1883938
2026-03-10T14:00:00+00:00,69921.12,70150.1,69421.41,69482.0,747.10432,2026-03-10T14:14:59.999000+00:00,52057583.8499556,146989,287.26492,20034090.9027462
2026-03-10T14:15:00+00:00,69482.0,69925.39,69266.06,69799.3,458.61385,2026-03-10T14:29:59.999000+00:00,31904398.5191829,107440,241.74333,16824928.600868
2026-03-10T14:30:00+00:00,69799.3,70483.49,69791.2,70457.31,343.3712,2026-03-10T14:44:59.999000+00:00,24095293.9721526,97553,194.8144,13669669.5921059
2026-03-10T14:45:00+00:00,70457.31,71527.54,70392.0,71467.81,1004.64018,2026-03-10T14:59:59.999000+00:00,71455149.685212,166526,567.49105,40368640.9979507
2026-03-10T15:00:00+00:00,71467.81,71777.0,71086.85,71198.89,775.78708,2026-03-10T15:14:59.999000+00:00,55395073.7371608,145627,428.68803,30621439.9424518
2026-03-10T15:15:00+00:00,71198.88,71454.81,70975.56,71348.01,375.96887,2026-03-10T15:29:59.999000+00:00,26769502.788916,99651,181.89174,12954697.2079605
2026-03-10T15:30:00+00:00,71348.01,71625.83,70964.7,71119.17,504.19447,2026-03-10T15:44:59.999000+00:00,35933512.253883,102973,268.29413,19121735.9227129
2026-03-10T15:45:00+00:00,71119.17,71381.33,70900.05,71346.16,442.92556,2026-03-10T15:59:59.999000+00:00,31514970.6582754,80301,262.92659,18719794.7585996
2026-03-10T16:00:00+00:00,71346.17,71424.0,70943.31,71145.98,332.09635,2026-03-10T16:14:59.999000+00:00,23632595.967762,78168,143.18823,10189036.0129943
2026-03-10T16:15:00+00:00,71145.98,71700.0,71133.95,71364.42,451.88494,2026-03-10T16:29:59.999000+00:00,32302687.8814221,86208,298.31819,21329413.9808629
2026-03-10T16:30:00+00:00,71364.7,71448.45,71192.48,71382.63,288.53436,2026-03-10T16:44:59.999000+00:00,20582821.0365529,62616,151.05823,10775609.0376536
2026-03-10T16:45:00+00:00,71382.62,71391.95,71147.37,71268.59,218.82489,2026-03-10T16:59:59.999000+00:00,15595875.3791497,55445,93.91877,6694520.8440011
2026-03-10T17:00:00+00:00,71268.58,71452.0,71204.0,71258.1,211.92472,2026-03-10T17:14:59.999000+00:00,15109375.828122,50316,100.98187,7199842.7319285
2026-03-10T17:15:00+00:00,71258.1,71366.01,70993.45,71046.31,342.01933,2026-03-10T17:29:59.999000+00:00,24357471.4385066,55227,132.6733,9449686.8810595
2026-03-10T17:30:00+00:00,71046.31,71234.29,70512.64,70688.65,571.10518,2026-03-10T17:44:59.999000+00:00,40415862.9071967,98148,164.44979,11645384.0980208
2026-03-10T17:45:00+00:00,70688.64,70966.56,70557.87,70868.61,258.58027,2026-03-10T17:59:59.999000+00:00,18311694.0275345,59868,133.71338,9470691.0746722
2026-03-10T18:00:00+00:00,70868.62,70914.9,70364.73,70373.64,225.6937,2026-03-10T18:14:59.999000+00:00,15955635.4250358,68125,71.90712,5085938.6078505
2026-03-10T18:15:00+00:00,70373.63,70581.16,70133.34,70318.02,484.63198,2026-03-10T18:29:59.999000+00:00,34079653.7337053,145640,222.19709,15624321.3818187
2026-03-10T18:30:00+00:00,70318.02,70450.86,69984.0,70063.27,757.30387,2026-03-10T18:44:59.999000+00:00,53127932.9251629,109756,437.74553,30704834.5074268
2026-03-10T18:45:00+00:00,70063.27,70227.52,69901.0,70013.87,369.77214,2026-03-10T18:59:59.999000+00:00,25900263.2161395,86051,205.49784,14393940.9497057
2026-03-10T19:00:00+00:00,70013.87,70172.92,69872.68,70068.14,233.78109,2026-03-10T19:14:59.999000+00:00,16368918.6619996,65423,130.7693,9156765.7234102
2026-03-10T19:15:00+00:00,70068.14,70290.0,69910.04,69973.93,240.59775,2026-03-10T19:29:59.999000+00:00,16866826.986232,60211,130.7852,9169868.318681
2026-03-10T19:30:00+00:00,69973.92,70105.75,69739.0,69990.2,206.01597,2026-03-10T19:44:59.999000+00:00,14400225.9460064,65799,95.27822,6662530.7675773
2026-03-10T19:45:00+00:00,69990.21,70083.2,69951.33,70043.63,312.21288,2026-03-10T19:59:59.999000+00:00,21859672.3724553,38167,155.37157,10876539.6953134
2026-03-10T20:00:00+00:00,70043.63,70250.0,70007.52,70112.68,167.47927,2026-03-10T20:14:59.999000+00:00,11741377.2508507,31430,67.28787,4717378.1954491
2026-03-10T20:15:00+00:00,70112.67,70270.71,70007.82,70251.2,74.87966,2026-03-10T20:29:59.999000+00:00,5253407.786213,21445,34.97054,2453926.9143639
2026-03-10T20:30:00+00:00,70251.2,70350.0,70213.94,70307.83,161.85531,2026-03-10T20:44:59.999000+00:00,11372981.9842558,27843,107.39379,7545971.8233603
2026-03-10T20:45:00+00:00,70307.82,70311.3,70209.92,70235.6,267.67547,2026-03-10T20:59:59.999000+00:00,18812159.0165063,23703,122.15595,8583716.2593979
2026-03-10T21:00:00+00:00,70236.34,70417.3,70073.92,70097.6,127.32225,2026-03-10T21:14:59.999000+00:00,8941555.3920637,22351,52.79645,3708253.0912858
2026-03-10T21:15:00+00:00,70097.61,70171.56,69924.12,69941.48,187.83553,2026-03-10T21:29:59.999000+00:00,13155247.0011008,21913,96.60155,6766455.8329608
2026-03-10T21:30:00+00:00,69941.48,70048.62,69600.0,69746.41,345.79419,2026-03-10T21:44:59.999000+00:00,24124557.4222544,39600,141.75757,9887785.4979882
2026-03-10T21:45:00+00:00,69746.41,69827.59,69541.91,69763.01,169.91673,2026-03-10T21:59:59.999000+00:00,11843861.3241336,36170,74.98298,5226596.1728777
2026-03-10T22:00:00+00:00,69763.02,69869.9,69452.42,69609.97,330.12842,2026-03-10T22:14:59.999000+00:00,23001604.3129034,41343,169.94553,11846555.9329588
2026-03-10T22:15:00+00:00,69609.96,69757.19,69474.18,69601.21,268.75406,2026-03-10T22:29:59.999000+00:00,18706931.5907238,26970,165.29301,11505049.1423294
2026-03-10T22:30:00+00:00,69601.21,69688.79,69493.05,69606.0,115.12663,2026-03-10T22:44:59.999000+00:00,8013477.7405373,21672,34.89557,2428889.5762641
2026-03-10T22:45:00+00:00,69606.0,69766.92,69581.21,69721.58,223.19175,2026-03-10T22:59:59.999000+00:00,15557886.0979553,20232,94.5475,6589952.7452337
2026-03-10T23:00:00+00:00,69721.58,69853.84,69705.6,69797.19,213.30677,2026-03-10T23:14:59.999000+00:00,14880117.7523309,31654,94.237,6573167.8810071
2026-03-10T23:15:00+00:00,69797.2,69866.0,69698.46,69821.37,249.07819,2026-03-10T23:29:59.999000+00:00,17384013.9377336,26558,62.63877,4371589.1557297
2026-03-10T23:30:00+00:00,69821.37,69960.89,69786.32,69931.68,406.99964,2026-03-10T23:44:59.999000+00:00,28433379.4043197,35546,255.34369,17837562.4531338
2026-03-10T23:45:00+00:00,69931.67,69981.8,69848.1,69948.63,295.77454,2026-03-10T23:59:59.999000+00:00,20680260.5229808,25799,71.38962,4991084.4905837
2026-03-11T00:00:00+00:00,69948.64,70083.69,69759.63,70050.08,181.95949,2026-03-11T00:14:59.999000+00:00,12722368.1979038,44824,80.68998,5644471.5904233
2026-03-11T00:15:00+00:00,70050.08,70161.2,69867.87,70055.16,308.41247,2026-03-11T00:29:59.999000+00:00,21602037.8365515,42908,126.64735,8871504.2835386
2026-03-11T00:30:00+00:00,70055.16,70055.16,69807.5,69838.71,142.53898,2026-03-11T00:44:59.999000+00:00,9964822.9513213,31997,68.71014,4803231.513532
2026-03-11T00:45:00+00:00,69838.71,70173.25,69838.71,70044.87,96.01867,2026-03-11T00:59:59.999000+00:00,6726446.9479596,34395,62.17176,4355523.3414746
2026-03-11T01:00:00+00:00,70044.87,70144.0,69978.59,70033.02,403.07119,2026-03-11T01:14:59.999000+00:00,28242078.406418,35000,208.42183,14599962.7718548
2026-03-11T01:15:00+00:00,70033.01,70138.56,69966.33,70095.71,351.77691,2026-03-11T01:29:59.999000+00:00,24647195.4303501,38112,269.69969,18897160.0306875
2026-03-11T01:30:00+00:00,70095.71,70099.0,69880.0,69955.98,121.23967,2026-03-11T01:44:59.999000+00:00,8486419.2117339,32281,37.07387,2594228.1136889
2026-03-11T01:45:00+00:00,69955.99,70127.0,69906.18,70071.26,71.16102,2026-03-11T01:59:59.999000+00:00,4983532.5919908,26763,40.79281,2857106.2720636
2026-03-11T02:00:00+00:00,70071.26,70119.59,69991.29,69991.3,263.21634,2026-03-11T02:14:59.999000+00:00,18437584.7982934,28096,174.87088,12247857.019153
2026-03-11T02:15:00+00:00,69991.3,70067.21,69919.29,69968.58,623.75681,2026-03-11T02:29:59.999000+00:00,43657025.199419,30901,431.34041,30189533.3514367
2026-03-11T02:30:00+00:00,69968.59,69968.59,69614.0,69689.99,443.90114,2026-03-11T02:44:59.999000+00:00,30948799.7501157,44642,191.4058,13343368.9972217
2026-03-11T02:45:00+00:00,69690.0,69873.6,69615.92,69810.72,282.00119,2026-03-11T02:59:59.999000+00:00,19675023.9878303,30132,174.34052,12166537.2923021
2026-03-11T03:00:00+00:00,69810.73,69887.11,69669.88,69698.81,302.11368,2026-03-11T03:14:59.999000+00:00,21076931.1736415,34495,69.93385,4877032.6361787
2026-03-11T03:15:00+00:00,69698.81,69711.36,69496.53,69527.22,237.90953,2026-03-11T03:29:59.999000+00:00,16548353.7923736,31629,90.87989,6320600.9648893
2026-03-11T03:30:00+00:00,69525.65,69631.78,69512.73,69525.0,206.20184,2026-03-11T03:44:59.999000+00:00,14342376.6053653,26905,121.27505,8434250.4601087
2026-03-11T03:45:00+00:00,69525.0,69641.64,69488.7,69551.91,367.18904,2026-03-11T03:59:59.999000+00:00,25541597.1847977,28566,274.65454,19104223.4012447
2026-03-11T04:00:00+00:00,69551.91,69668.47,69501.55,69645.82,185.9441,2026-03-11T04:14:59.999000+00:00,12933696.1444713,27678,67.69238,4708786.5157599
2026-03-11T04:15:00+00:00,69645.81,69986.81,69640.0,69980.15,246.99182,2026-03-11T04:29:59.999000+00:00,17258799.1630313,36603,172.93663,12085913.3192842
2026-03-11T04:30:00+00:00,69980.15,70035.24,69919.83,69995.01,146.47772,2026-03-11T04:44:59.999000+00:00,10250171.8152555,31518,90.77241,6352115.4272408
2026-03-11T04:45:00+00:00,69995.01,70281.87,69978.27,70130.99,180.00236,2026-03-11T04:59:59.999000+00:00,12624148.2328783,35425,123.20181,8641381.2362104
2026-03-11T05:00:00+00:00,70130.99,70200.96,70000.1,70007.62,114.02782,2026-03-11T05:14:59.999000+00:00,7990752.8447297,23552,59.62229,4179049.9276117
2026-03-11T05:15:00+00:00,70007.62,70020.63,69880.0,69943.67,71.67513,2026-03-11T05:29:59.999000+00:00,5013843.8436637,17775,27.47096,1921615.7200325
2026-03-11T05:30:00+00:00,69943.67,69954.93,69420.0,69538.41,411.84495,2026-03-11T05:44:59.999000+00:00,28726001.9679904,43619,209.95143,14646079.7915301
2026-03-11T05:45:00+00:00,69538.42,69625.92,69486.37,69510.36,160.26588,2026-03-11T05:59:59.999000+00:00,11147514.6286922,29956,95.58033,6647968.3691196
2026-03-11T06:00:00+00:00,69510.37,69725.66,69500.01,69717.44,129.22035,2026-03-11T06:14:59.999000+00:00,8994052.6466845,30201,90.53431,6301203.041181
2026-03-11T06:15:00+00:00,69717.43,69821.48,69678.04,69804.18,87.42497,2026-03-11T06:29:59.999000+00:00,6099835.4926003,22739,62.08516,4331357.390341
2026-03-11T06:30:00+00:00,69804.19,69934.41,69804.19,69830.9,74.49423,2026-03-11T06:44:59.999000+00:00,5205675.6063998,18351,44.83623,3133137.3868317
2026-03-11T06:45:00+00:00,69830.91,69996.0,69712.24,69950.01,100.59806,2026-03-11T06:59:59.999000+00:00,7028892.8781978,22488,63.8318,4459587.841718
2026-03-11T07:00:00+00:00,69950.01,70018.49,69881.25,69891.19,87.697,2026-03-11T07:14:59.999000+00:00,6134458.9068471,19226,63.88477,4469032.1659051
2026-03-11T07:15:00+00:00,69891.19,69908.75,69764.62,69791.28,230.6788,2026-03-11T07:29:59.999000+00:00,16109960.2854426,23000,115.0876,8036934.5068749
2026-03-11T07:30:00+00:00,69791.29,69791.29,69500.67,69519.99,341.73456,2026-03-11T07:44:59.999000+00:00,23779448.6935531,39514,154.51395,10751556.9664216
2026-03-11T07:45:00+00:00,69520.0,69744.88,69510.28,69648.29,511.46689,2026-03-11T07:59:59.999000+00:00,35608161.5516885,24924,331.3753,23063398.7330014
2026-03-11T08:00:00+00:00,69648.28,69771.48,69590.83,69629.56,121.5724,2026-03-11T08:14:59.999000+00:00,8469041.8766696,31914,56.29908,3922251.5831352
2026-03-11T08:15:00+00:00,69629.56,69641.65,69500.0,69503.53,121.78426,2026-03-11T08:29:59.999000+00:00,8473729.0579488,29357,65.38009,4549815.1180876
2026-03-11T08:30:00+00:00,69503.54,69786.32,69500.0,69672.71,154.67181,2026-03-11T08:44:59.999000+00:00,10770432.2690876,36341,105.00287,7311721.3000556
2026-03-11T08:45:00+00:00,69672.71,69695.01,69501.21,69662.24,274.53018,2026-03-11T08:59:59.999000+00:00,19123322.4558241,28755,113.75102,7921167.3041956
2026-03-11T09:00:00+00:00,69662.24,69664.8,69538.41,69538.42,65.3182,2026-03-11T09:14:59.999000+00:00,4545656.868993,26554,31.21281,2171923.4109781
2026-03-11T09:15:00+00:00,69538.42,69664.37,69531.57,69531.57,392.2041,2026-03-11T09:29:59.999000+00:00,27291395.3794263,27463,251.11071,17470620.0187602
2026-03-11T09:30:00+00:00,69531.57,69636.31,69384.5,69553.75,381.45279,2026-03-11T09:44:59.999000+00:00,26509456.2865705,36091,144.18584,10023429.9612108
2026-03-11T09:45:00+00:00,69553.75,69752.06,69397.97,69466.75,100.08143,2026-03-11T09:59:59.999000+00:00,6964698.9636047,31450,54.06369,3764710.6365983
2026-03-11T10:00:00+00:00,69466.75,69528.0,69390.91,69502.63,119.86762,2026-03-11T10:14:59.999000+00:00,8325178.1597692,34399,44.72572,3106823.3377385
2026-03-11T10:15:00+00:00,69502.63,69597.9,69425.12,69500.0,309.61734,2026-03-11T10:29:59.999000+00:00,21519974.4119724,28736,132.49221,9207197.88802
2026-03-11T10:30:00+00:00,69499.99,69726.45,69476.9,69683.21,260.84807,2026-03-11T10:44:59.999000+00:00,18137126.1684741,27958,145.24945,10098698.845165
2026-03-11T10:45:00+00:00,69683.21,69703.19,69576.79,69604.9,338.01094,2026-03-11T10:59:59.999000+00:00,23525670.4670695,20250,245.96088,17117309.8535644
2026-03-11T11:00:00+00:00,69604.9,69755.1,69535.05,69595.68,455.27741,2026-03-11T11:14:59.999000+00:00,31693795.8600849,42514,323.19604,22500211.4747448
2026-03-11T11:15:00+00:00,69595.69,69647.95,69417.37,69447.45,130.67704,2026-03-11T11:29:59.999000+00:00,9090323.3229505,33821,69.90456,4864543.5393907
2026-03-11T11:30:00+00:00,69447.45,69553.69,69391.36,69446.96,67.48543,2026-03-11T11:44:59.999000+00:00,4689594.9971542,31251,31.73888,2205930.166416
2026-03-11T11:45:00+00:00,69446.96,69506.0,69150.28,69173.0,245.33266,2026-03-11T11:59:59.999000+00:00,17010300.7923175,55678,112.52956,7804015.245026
2026-03-11T12:00:00+00:00,69172.99,69256.0,68977.91,69152.82,295.10058,2026-03-11T12:14:59.999000+00:00,20392468.5120615,65992,131.70406,9104171.802452
2026-03-11T12:15:00+00:00,69152.82,69447.26,69152.82,69427.3,132.32221,2026-03-11T12:29:59.999000+00:00,9170631.5208636,38499,75.41958,5226304.3127551
2026-03-11T12:30:00+00:00,69427.3,69777.66,69179.66,69251.26,452.46874,2026-03-11T12:44:59.999000+00:00,31434686.2407196,81200,223.36028,15526123.9024835
2026-03-11T12:45:00+00:00,69251.27,69399.98,69152.57,69361.13,165.74916,2026-03-11T12:59:59.999000+00:00,11484242.7288021,43208,79.92885,5537705.4598425
2026-03-11T13:00:00+00:00,69361.13,69978.99,69331.04,69860.64,468.46242,2026-03-11T13:14:59.999000+00:00,32572712.9782112,66860,221.33649,15400346.7793136
2026-03-11T13:15:00+00:00,69860.64,70378.78,69804.07,70219.78,511.05658,2026-03-11T13:29:59.999000+00:00,35841035.787473,102163,270.37454,18963852.9994967
2026-03-11T13:30:00+00:00,70219.79,71091.18,70204.0,70442.0,1028.10533,2026-03-11T13:44:59.999000+00:00,72684222.8401568,192883,546.78122,38660401.9385994
2026-03-11T13:45:00+00:00,70442.01,70562.38,69793.17,70186.09,639.69715,2026-03-11T13:59:59.999000+00:00,44887858.9141229,167853,289.41307,20310511.6873037
2026-03-11T14:00:00+00:00,70186.08,70794.39,69906.77,70228.02,928.16055,2026-03-11T14:14:59.999000+00:00,65278311.1187801,179463,430.67167,30322099.9797602
2026-03-11T14:15:00+00:00,70228.01,70698.64,70175.18,70664.16,462.00674,2026-03-11T14:29:59.999000+00:00,32534261.4006389,120816,291.72219,20543099.2125442
2026-03-11T14:30:00+00:00,70664.17,70966.19,70446.62,70842.71,484.10953,2026-03-11T14:44:59.999000+00:00,34246576.6230451,121983,245.97033,17404567.0763589
2026-03-11T14:45:00+00:00,70842.72,70987.0,70501.78,70578.7,377.49976,2026-03-11T14:59:59.999000+00:00,26689096.5359888,93520,149.7984,10594410.5393808
2026-03-11T15:00:00+00:00,70578.7,70654.43,69994.73,70147.69,506.49634,2026-03-11T15:14:59.999000+00:00,35606737.8478191,120996,224.74119,15801804.0951495
2026-03-11T15:15:00+00:00,70147.69,70471.6,70035.33,70206.0,406.03635,2026-03-11T15:29:59.999000+00:00,28513176.9784664,98982,221.71746,15566950.3689269
2026-03-11T15:30:00+00:00,70206.0,70265.95,69702.25,70065.33,499.79431,2026-03-11T15:44:59.999000+00:00,34992234.0462925,121751,240.16557,16815547.0277186
2026-03-11T15:45:00+00:00,70065.33,70327.64,69878.34,70227.91,432.3693,2026-03-11T15:59:59.999000+00:00,30303144.4516759,86161,159.73412,11202601.5008124
2026-03-11T16:00:00+00:00,70227.92,70474.11,70161.78,70455.06,484.47082,2026-03-11T16:14:59.999000+00:00,34084846.8822429,92813,280.15997,19717124.8433362
2026-03-11T16:15:00+00:00,70455.07,70596.51,70278.97,70463.49,318.37742,2026-03-11T16:29:59.999000+00:00,22420507.2254452,72154,128.66481,9063161.5353844
2026-03-11T16:30:00+00:00,70463.49,70782.0,70451.89,70749.87,527.53505,2026-03-11T16:44:59.999000+00:00,37267561.2683008,79333,269.75862,19059587.2841332
2026-03-11T16:45:00+00:00,70749.87,70826.39,70495.99,70570.71,507.54075,2026-03-11T16:59:59.999000+00:00,35862033.805717,68676,267.83601,18922922.0268055
2026-03-11T17:00:00+00:00,70570.71,71000.0,70560.08,70872.48,506.99072,2026-03-11T17:14:59.999000+00:00,35896537.4575805,89039,295.67966,20935405.771205
2026-03-11T17:15:00+00:00,70872.47,71312.15,70846.49,71252.42,785.01779,2026-03-11T17:29:59.999000+00:00,55823224.3624385,99476,521.96824,37114282.8829735
2026-03-11T17:30:00+00:00,71252.42,71321.0,70512.01,70822.08,525.23742,2026-03-11T17:44:59.999000+00:00,37218940.7770164,128958,225.48982,15969713.7047669
2026-03-11T17:45:00+00:00,70822.07,70961.27,70636.35,70785.99,304.96058,2026-03-11T17:59:59.999000+00:00,21596648.8800169,83576,145.39921,10295035.4591032
2026-03-11T18:00:00+00:00,70785.99,70880.4,70649.66,70751.99,321.64022,2026-03-11T18:14:59.999000+00:00,22766872.7202392,67250,94.25998,6671666.9744059
2026-03-11T18:15:00+00:00,70751.99,70895.31,70614.0,70703.99,253.3812,2026-03-11T18:29:59.999000+00:00,17927896.6174733,59591,111.07616,7858816.6813372
2026-03-11T18:30:00+00:00,70703.99,70752.07,70415.27,70512.48,306.86584,2026-03-11T18:44:59.999000+00:00,21664506.5896494,55626,107.37602,7580322.7144249
2026-03-11T18:45:00+00:00,70512.48,70777.17,70428.48,70617.64,252.24685,2026-03-11T18:59:59.999000+00:00,17817065.9540782,42912,129.13889,9121502.7130725
2026-03-11T19:00:00+00:00,70617.63,70631.89,70375.68,70473.38,290.77719,2026-03-11T19:14:59.999000+00:00,20505568.6628858,42980,136.94538,9659335.5526921
2026-03-11T19:15:00+00:00,70473.38,70565.69,70377.46,70526.47,129.12221,2026-03-11T19:29:59.999000+00:00,9099254.0383501,35132,58.83837,4145273.2984754
2026-03-11T19:30:00+00:00,70526.47,70742.38,70477.86,70674.86,133.5458,2026-03-11T19:44:59.999000+00:00,9433083.6555745,32768,51.62765,3646519.8473782
2026-03-11T19:45:00+00:00,70674.87,70722.0,70570.7,70641.82,90.78631,2026-03-11T19:59:59.999000+00:00,6413943.1449784,23970,31.12584,2199064.0928604
2026-03-11T20:00:00+00:00,70641.81,70645.68,70434.03,70434.15,110.40646,2026-03-11T20:14:59.999000+00:00,7786225.638885,22701,37.86672,2670468.6554092
2026-03-11T20:15:00+00:00,70434.15,70510.5,70394.23,70439.89,76.08554,2026-03-11T20:29:59.999000+00:00,5360687.8124108,19258,32.27055,2273560.3557995
2026-03-11T20:30:00+00:00,70439.9,70566.2,70439.89,70547.7,54.76489,2026-03-11T20:44:59.999000+00:00,3860945.546288,15903,25.69091,1810998.7881552
2026-03-11T20:45:00+00:00,70547.69,70700.0,70462.22,70634.96,142.08807,2026-03-11T20:59:59.999000+00:00,10027884.9934348,26945,71.26085,5029346.6356683
2026-03-11T21:00:00+00:00,70634.96,70776.71,70499.94,70544.93,156.91614,2026-03-11T21:14:59.999000+00:00,11087065.148871,29707,80.31206,5675470.6152983
2026-03-11T21:15:00+00:00,70544.93,70598.58,70514.24,70543.63,109.10439,2026-03-11T21:29:59.999000+00:00,7698082.5569595,14931,33.62474,2372592.6247986
2026-03-11T21:30:00+00:00,70543.62,70675.6,70541.61,70542.0,239.26973,2026-03-11T21:44:59.999000+00:00,16897423.0014353,21603,108.61991,7671643.2400414
2026-03-11T21:45:00+00:00,70541.99,70777.17,70539.6,70741.26,71.13657,2026-03-11T21:59:59.999000+00:00,5029858.4721072,25515,41.04183,2901561.3344245
2026-03-11T22:00:00+00:00,70741.27,70950.0,70659.96,70809.03,114.46677,2026-03-11T22:14:59.999000+00:00,8100648.6868563,40990,61.2756,4337031.7760161
2026-03-11T22:15:00+00:00,70809.03,70809.03,70470.08,70489.55,157.64034,2026-03-11T22:29:59.999000+00:00,11136313.6002457,36635,63.9553,4519311.4099358
2026-03-11T22:30:00+00:00,70489.55,70526.85,70289.57,70355.99,502.93658,2026-03-11T22:44:59.999000+00:00,35397964.2342829,51625,238.73779,16800341.5860651
2026-03-11T22:45:00+00:00,70356.0,70495.4,70241.53,70373.01,323.22143,2026-03-11T22:59:59.999000+00:00,22744643.6001074,37498,155.37345,10931846.592388
2026-03-11T23:00:00+00:00,70373.01,70505.0,70373.0,70458.88,115.26475,2026-03-11T23:14:59.999000+00:00,8115272.7180328,30465,25.65463,1807229.935497
2026-03-11T23:15:00+00:00,70458.72,70458.72,70316.06,70367.12,84.66468,2026-03-11T23:29:59.999000+00:00,5957873.9222032,25921,53.95032,3796489.2119008
2026-03-11T23:30:00+00:00,70367.12,70424.0,70209.24,70251.89,139.69799,2026-03-11T23:44:59.999000+00:00,9818215.8353484,40256,65.53927,4606908.0262492
2026-03-11T23:45:00+00:00,70251.89,70300.0,70125.83,70191.86,301.93558,2026-03-11T23:59:59.999000+00:00,21203893.7934864,32571,138.86943,9750690.6848741
2026-03-12T00:00:00+00:00,70191.86,70316.14,70130.23,70267.67,169.6338,2026-03-12T00:14:59.999000+00:00,11911408.0318782,41290,72.22974,5071562.5684654
2026-03-12T00:15:00+00:00,70267.68,70353.87,70177.86,70252.5,368.57964,2026-03-12T00:29:59.999000+00:00,25896593.7640909,42228,167.00403,11736218.8219846
2026-03-12T00:30:00+00:00,70252.49,70340.85,70138.02,70285.69,73.89325,2026-03-12T00:44:59.999000+00:00,5190228.3929697,30373,46.69304,3280153.1451169
2026-03-12T00:45:00+00:00,70285.7,70293.9,70191.94,70225.34,45.98694,2026-03-12T00:59:59.999000+00:00,3229909.4337998,24238,31.25908,2195423.7580581
2026-03-12T01:00:00+00:00,70225.34,70226.94,69885.0,69915.66,146.83085,2026-03-12T01:14:59.999000+00:00,10277014.4562122,55151,56.87398,3980164.1722379
2026-03-12T01:15:00+00:00,69915.67,69995.99,69874.87,69897.58,212.62338,2026-03-12T01:29:59.999000+00:00,14869806.8977897,32392,59.99144,4196125.4389436
2026-03-12T01:30:00+00:00,69897.58,69984.99,69794.35,69964.96,181.94987,2026-03-12T01:44:59.999000+00:00,12719214.5367083,36007,107.95998,7549490.8620716
2026-03-12T01:45:00+00:00,69964.97,69997.22,69754.94,69841.31,219.14853,2026-03-12T01:59:59.999000+00:00,15303410.408335,33695,60.78532,4244045.8561622
2026-03-12T02:00:00+00:00,69841.3,69887.93,69758.27,69785.46,83.63631,2026-03-12T02:14:59.999000+00:00,5839833.8597907,36086,42.65713,2978359.0086037
2026-03-12T02:15:00+00:00,69785.45,69824.0,69511.86,69605.45,168.50985,2026-03-12T02:29:59.999000+00:00,11733587.1684667,47738,60.5014,4212785.3472678
2026-03-12T02:30:00+00:00,69605.45,69643.46,69357.8,69459.7,368.05141,2026-03-12T02:44:59.999000+00:00,25584019.5260187,47392,175.84165,12229544.3342452
2026-03-12T02:45:00+00:00,69459.71,69487.0,69226.52,69286.56,122.19172,2026-03-12T02:59:59.999000+00:00,8471670.0717042,39921,59.95971,4157466.9600589
2026-03-12T03:00:00+00:00,69286.55,69420.0,69246.23,69367.3,92.67346,2026-03-12T03:14:59.999000+00:00,6425664.5332907,29157,49.56853,3436897.2367549
2026-03-12T03:15:00+00:00,69367.31,69500.0,69361.35,69420.01,94.24323,2026-03-12T03:29:59.999000+00:00,6543864.4059849,24178,48.56718,3372232.2824838
2026-03-12T03:30:00+00:00,69420.0,69628.25,69401.37,69561.36,115.03807,2026-03-12T03:44:59.999000+00:00,7999689.0535125,29292,78.95062,5490330.1314047
2026-03-12T03:45:00+00:00,69561.36,69561.36,69285.71,69446.61,113.18366,2026-03-12T03:59:59.999000+00:00,7856077.2837418,29380,44.35909,3078699.2259436
2026-03-12T04:00:00+00:00,69446.61,69676.88,69446.6,69586.84,126.71427,2026-03-12T04:14:59.999000+00:00,8815809.5072601,29967,69.63279,4844820.4662697
2026-03-12T04:15:00+00:00,69586.84,69609.87,69458.89,69485.49,55.16757,2026-03-12T04:29:59.999000+00:00,3836577.0762449,21969,28.4705,1979934.578094
2026-03-12T04:30:00+00:00,69485.49,69485.49,69300.0,69384.55,69.07982,2026-03-12T04:44:59.999000+00:00,4793060.1039438,24906,28.75737,1995581.076666
2026-03-12T04:45:00+00:00,69384.56,69410.4,69296.43,69372.0,185.72042,2026-03-12T04:59:59.999000+00:00,12880337.9392738,22939,91.85815,6372291.0684848
2026-03-12T05:00:00+00:00,69372.0,69478.21,69327.89,69341.1,125.8825,2026-03-12T05:14:59.999000+00:00,8733354.6073046,30970,36.57194,2538100.6225648
2026-03-12T05:15:00+00:00,69341.11,69421.03,69205.91,69256.95,211.99863,2026-03-12T05:29:59.999000+00:00,14692413.0852183,35894,103.93543,7207075.0438553
2026-03-12T05:30:00+00:00,69256.95,69539.61,69252.56,69511.01,219.49738,2026-03-12T05:44:59.999000+00:00,15225305.7738663,35725,90.66057,6290332.0272099
2026-03-12T05:45:00+00:00,69511.01,69519.7,69400.0,69480.54,177.36192,2026-03-12T05:59:59.999000+00:00,12320581.0307643,25130,148.20593,10295546.8999755
2026-03-12T06:00:00+00:00,69480.54,69480.54,69315.63,69453.84,197.57703,2026-03-12T06:14:59.999000+00:00,13710419.7123577,21907,39.16465,2718501.38858
2026-03-12T06:15:00+00:00,69453.84,69561.84,69407.56,69536.39,235.83903,2026-03-12T06:29:59.999000+00:00,16387255.105038,31239,122.05264,8481716.0434331
2026-03-12T06:30:00+00:00,69536.4,69549.72,69400.0,69484.52,69.7236,2026-03-12T06:44:59.999000+00:00,4844487.0589044,19924,32.28586,2243082.2483716
2026-03-12T06:45:00+00:00,69484.52,69537.73,69392.76,69501.44,216.62928,2026-03-12T06:59:59.999000+00:00,15049746.8337664,17331,125.81471,8742558.3930106
2026-03-12T07:00:00+00:00,69501.45,69525.12,69408.88,69495.6,130.63169,2026-03-12T07:14:59.999000+00:00,9075313.2298509,23386,41.03249,2850390.9448982
2026-03-12T07:15:00+00:00,69495.6,69640.46,69469.4,69606.4,142.4853,2026-03-12T07:29:59.999000+00:00,9909909.0133323,23491,95.0844,6613158.2574477
2026-03-12T07:30:00+00:00,69606.4,69760.86,69600.0,69675.68,232.38727,2026-03-12T07:44:59.999000+00:00,16195521.0682499,38116,129.2703,9008607.1816658
2026-03-12T07:45:00+00:00,69675.69,69865.98,69675.68,69826.19,325.27771,2026-03-12T07:59:59.999000+00:00,22704405.484099,26350,221.74863,15477445.2215518
2026-03-12T08:00:00+00:00,69826.19,69965.01,69721.0,69772.39,240.07002,2026-03-12T08:14:59.999000+00:00,16773808.4877525,30577,138.21637,9658819.2908018
2026-03-12T08:15:00+00:00,69772.39,70116.37,69744.05,69807.85,310.51845,2026-03-12T08:29:59.999000+00:00,21722861.8922811,48920,205.91642,14403333.8832167
2026-03-12T08:30:00+00:00,69807.84,69902.32,69698.33,69831.0,505.5466,2026-03-12T08:44:59.999000+00:00,35291862.6442947,37857,268.26169,18726191.1458502
2026-03-12T08:45:00+00:00,69831.0,69943.63,69772.69,69917.37,190.19375,2026-03-12T08:59:59.999000+00:00,13288099.5411782,22079,139.09739,9719073.8240336
2026-03-12T09:00:00+00:00,69917.36,69918.24,69691.14,69790.15,286.28052,2026-03-12T09:14:59.999000+00:00,19980589.0818585,21344,210.18907,14666868.1504178
2026-03-12T09:15:00+00:00,69790.15,69790.15,69580.0,69678.29,438.89692,2026-03-12T09:29:59.999000+00:00,30580062.3862961,33722,51.85687,3612367.8744985
2026-03-12T09:30:00+00:00,69678.29,70327.61,69678.29,70278.4,325.79323,2026-03-12T09:44:59.999000+00:00,22784370.3899232,47659,263.35061,18412516.682533
2026-03-12T09:45:00+00:00,70278.39,70400.0,69854.71,69952.51,233.34495,2026-03-12T09:59:59.999000+00:00,16354439.7965083,54718,88.52894,6206978.9164321
2026-03-12T10:00:00+00:00,69952.51,70062.71,69856.0,69965.88,115.2947,2026-03-12T10:14:59.999000+00:00,8068127.0673453,30548,55.3984,3877113.4672613
2026-03-12T10:15:00+00:00,69965.89,70202.85,69953.04,70149.15,207.07264,2026-03-12T10:29:59.999000+00:00,14517118.6260111,32695,154.8218,10853507.832822
2026-03-12T10:30:00+00:00,70149.14,70460.01,70138.81,70378.63,238.345,2026-03-12T10:44:59.999000+00:00,16765933.726651,54624,134.21202,9440836.3521325
2026-03-12T10:45:00+00:00,70378.63,70511.0,70262.35,70412.11,350.32668,2026-03-12T10:59:59.999000+00:00,24667804.627434,47790,245.45564,17285565.8850125
2026-03-12T11:00:00+00:00,70412.1,70540.17,70367.97,70416.38,311.11159,2026-03-12T11:14:59.999000+00:00,21913170.0718481,43402,182.53881,12857320.0175566
2026-03-12T11:15:00+00:00,70416.37,70633.66,70385.99,70557.24,299.90138,2026-03-12T11:29:59.999000+00:00,21151078.6186715,42522,227.51799,16047614.3037084
2026-03-12T11:30:00+00:00,70557.24,70748.82,70458.86,70685.14,349.01956,2026-03-12T11:44:59.999000+00:00,24633038.3493802,41770,110.60522,7812302.5813184
2026-03-12T11:45:00+00:00,70685.14,70800.0,70405.45,70427.91,247.66808,2026-03-12T11:59:59.999000+00:00,17476646.8677725,46560,109.2702,7710506.4652477
2026-03-12T12:00:00+00:00,70427.9,70471.38,70277.38,70366.61,261.70491,2026-03-12T12:14:59.999000+00:00,18408258.1912995,41156,92.63459,6515556.4800066
2026-03-12T12:15:00+00:00,70366.54,70483.99,70326.49,70420.58,267.2048,2026-03-12T12:29:59.999000+00:00,18815266.1362861,34984,147.88033,10415284.2016359
2026-03-12T12:30:00+00:00,70420.59,70477.57,70286.02,70459.01,124.75582,2026-03-12T12:44:59.999000+00:00,8776836.7284207,32004,56.93611,4006284.32108
2026-03-12T12:45:00+00:00,70459.02,70617.66,70335.99,70381.8,193.85248,2026-03-12T12:59:59.999000+00:00,13656776.3160827,41196,95.07673,6700564.0715001
2026-03-12T13:00:00+00:00,70381.8,70534.65,70340.39,70413.04,101.69953,2026-03-12T13:14:59.999000+00:00,7162544.3864633,33290,62.52968,4403676.4173178
2026-03-12T13:15:00+00:00,70413.05,70429.09,69990.0,70111.28,247.46363,2026-03-12T13:29:59.999000+00:00,17364001.7596712,68960,79.40174,5571498.7053318
2026-03-12T13:30:00+00:00,70111.27,70462.76,69942.93,70079.52,356.92908,2026-03-12T13:44:59.999000+00:00,25063752.6830107,129247,183.65056,12899097.1318877
2026-03-12T13:45:00+00:00,70079.34,70142.65,69645.0,69972.15,634.68316,2026-03-12T13:59:59.999000+00:00,44330461.6029655,117031,170.46066,11912239.4953595
2026-03-12T14:00:00+00:00,69972.2,70417.68,69964.56,70381.33,499.30413,2026-03-12T14:14:59.999000+00:00,35073361.4469506,111337,328.79064,23095050.4582899
2026-03-12T14:15:00+00:00,70381.33,70660.69,69923.03,69953.32,663.51375,2026-03-12T14:29:59.999000+00:00,46668765.6100079,115819,271.25487,19081878.9503547
2026-03-12T14:30:00+00:00,69953.32,70002.7,69383.0,69589.99,609.51151,2026-03-12T14:44:59.999000+00:00,42458867.5970149,124735,202.6268,14112864.1487449
2026-03-12T14:45:00+00:00,69590.0,69772.72,69355.34,69590.09,358.34903,2026-03-12T14:59:59.999000+00:00,24914872.2374801,107908,167.66147,11659378.728349
2026-03-12T15:00:00+00:00,69590.09,69772.75,69476.14,69750.0,263.51594,2026-03-12T15:14:59.999000+00:00,18352532.003034,84755,129.79932,9041026.0360199
2026-03-12T15:15:00+00:00,69750.0,70430.81,69703.24,70299.22,583.36467,2026-03-12T15:29:59.999000+00:00,40858370.1443531,100089,358.14077,25081680.5164912
2026-03-12T15:30:00+00:00,70299.21,70565.43,70142.38,70379.45,560.96429,2026-03-12T15:44:59.999000+00:00,39468207.6262222,97463,365.78392,25740438.6359945
2026-03-12T15:45:00+00:00,70379.44,70500.0,70234.13,70334.88,370.65973,2026-03-12T15:59:59.999000+00:00,26081607.0939362,68555,151.77978,10681416.3873344
2026-03-12T16:00:00+00:00,70334.89,70500.0,69905.71,70122.87,404.34135,2026-03-12T16:14:59.999000+00:00,28350814.1235457,89426,132.02739,9267937.0674715
2026-03-12T16:15:00+00:00,70122.86,70569.15,70053.13,70063.65,342.50333,2026-03-12T16:29:59.999000+00:00,24087243.8621625,87822,164.00256,11536397.5235637
2026-03-12T16:30:00+00:00,70063.64,70471.3,70040.0,70381.51,306.81039,2026-03-12T16:44:59.999000+00:00,21573381.8928435,84531,202.2567,14220949.9326954
2026-03-12T16:45:00+00:00,70381.5,70519.99,70245.24,70381.16,217.7628,2026-03-12T16:59:59.999000+00:00,15334486.7916874,60032,106.48578,7500281.2625555
2026-03-12T17:00:00+00:00,70381.15,70547.19,70344.82,70429.76,168.42516,2026-03-12T17:14:59.999000+00:00,11862995.4864565,52741,78.17698,5506451.4570594
2026-03-12T17:15:00+00:00,70429.75,70528.0,70202.84,70300.01,227.27976,2026-03-12T17:29:59.999000+00:00,15997392.1785959,62749,114.42635,8058108.1827645
2026-03-12T17:30:00+00:00,70300.01,70444.64,70242.75,70360.87,250.36252,2026-03-12T17:44:59.999000+00:00,17608296.7975798,50066,70.89063,4988512.4150316
2026-03-12T17:45:00+00:00,70360.87,70418.2,70076.16,70212.06,197.86807,2026-03-12T17:59:59.999000+00:00,13901893.281163,57351,78.6875,5528846.6003829
2026-03-12T18:00:00+00:00,70212.05,70303.51,70073.81,70202.85,139.05091,2026-03-12T18:14:59.999000+00:00,9759246.7622207,58996,46.4358,3259162.8932324
2026-03-12T18:15:00+00:00,70202.84,70273.28,69877.88,70019.71,210.73302,2026-03-12T18:29:59.999000+00:00,14759964.4492537,63176,65.52373,4588642.6120106
2026-03-12T18:30:00+00:00,70019.71,70100.0,69870.95,69924.69,225.65876,2026-03-12T18:44:59.999000+00:00,15793324.9880533,49446,57.44977,4020066.3491163
2026-03-12T18:45:00+00:00,69924.69,69943.0,69800.0,69819.64,167.41529,2026-03-12T18:59:59.999000+00:00,11696639.8424801,47641,80.90165,5651685.5366017
2026-03-12T19:00:00+00:00,69819.64,69954.65,69770.85,69934.87,143.23639,2026-03-12T19:14:59.999000+00:00,10007211.9511749,56776,61.59376,4303379.2572189
2026-03-12T19:15:00+00:00,69934.88,70220.72,69934.87,70209.97,247.3252,2026-03-12T19:29:59.999000+00:00,17339686.1654089,49571,160.04631,11222063.5858859
2026-03-12T19:30:00+00:00,70209.98,70348.0,70202.16,70311.3,136.86743,2026-03-12T19:44:59.999000+00:00,9621784.3588952,40813,50.10808,3522311.6192811
2026-03-12T19:45:00+00:00,70311.29,70548.81,70264.83,70432.32,230.41762,2026-03-12T19:59:59.999000+00:00,16232185.3838547,51447,87.7485,6181074.0831086
2026-03-12T20:00:00+00:00,70432.33,70555.2,70356.0,70400.0,138.45176,2026-03-12T20:14:59.999000+00:00,9754435.2215433,40682,48.77537,3436752.982838
2026-03-12T20:15:00+00:00,70399.99,70422.26,70261.06,70307.03,331.16732,2026-03-12T20:29:59.999000+00:00,23291166.6884855,25587,33.57846,2361624.7582691
2026-03-12T20:30:00+00:00,70307.03,70307.03,70128.41,70130.34,60.54595,2026-03-12T20:44:59.999000+00:00,4251187.9541451,21372,14.20723,997399.6114612
2026-03-12T20:45:00+00:00,70130.35,70236.24,70111.28,70164.49,88.0205,2026-03-12T20:59:59.999000+00:00,6178205.9253932,17318,42.49271,2982336.2927377
2026-03-12T21:00:00+00:00,70164.5,70470.0,70164.5,70386.91,103.94667,2026-03-12T21:14:59.999000+00:00,7311460.549888,21175,50.854,3575747.1034546
2026-03-12T21:15:00+00:00,70386.91,70410.31,70258.79,70289.11,55.92429,2026-03-12T21:29:59.999000+00:00,3932654.253209,17820,31.64253,2225286.3202622
2026-03-12T21:30:00+00:00,70289.11,70294.43,70200.91,70277.22,72.40811,2026-03-12T21:44:59.999000+00:00,5085455.3418004,18416,31.94277,2243198.6825012
2026-03-12T21:45:00+00:00,70277.21,70383.48,70234.65,70268.55,123.62326,2026-03-12T21:59:59.999000+00:00,8691285.2898687,23309,31.4898,2213835.3354207
2026-03-12T22:00:00+00:00,70268.54,70305.26,70149.35,70204.92,101.70879,2026-03-12T22:14:59.999000+00:00,7143822.2663324,24903,33.4432,2348981.2487594
2026-03-12T22:15:00+00:00,70204.93,70280.7,70116.36,70180.62,178.50012,2026-03-12T22:29:59.999000+00:00,12524920.8973561,21157,68.72568,4821861.5106691
2026-03-12T22:30:00+00:00,70180.62,70224.4,70033.33,70059.16,97.352,2026-03-12T22:44:59.999000+00:00,6825359.4810946,26315,42.69538,2993425.4745167
2026-03-12T22:45:00+00:00,70059.17,70178.16,70013.17,70175.64,89.86393,2026-03-12T22:59:59.999000+00:00,6296721.0916502,20947,49.97535,3501872.0872806
2026-03-12T23:00:00+00:00,70175.64,70484.04,70159.35,70470.01,227.73795,2026-03-12T23:14:59.999000+00:00,16028048.1592324,44912,160.60159,11302908.9743934
2026-03-12T23:15:00+00:00,70470.0,70734.25,70461.69,70537.45,232.85057,2026-03-12T23:29:59.999000+00:00,16434617.488758,47506,128.34342,9058559.2279427
2026-03-12T23:30:00+00:00,70537.44,70666.0,70466.92,70630.91,246.0304,2026-03-12T23:44:59.999000+00:00,17359207.0590186,30574,94.33178,6656699.2546007
2026-03-12T23:45:00+00:00,70630.9,70665.63,70480.88,70541.34,187.96296,2026-03-12T23:59:59.999000+00:00,13260146.3347812,26404,107.77951,7604260.6854077
2026-03-13T00:00:00+00:00,70541.34,71118.59,70386.01,71118.58,662.99656,2026-03-13T00:14:59.999000+00:00,46937738.3068506,78520,376.33707,26667660.7842135
2026-03-13T00:15:00+00:00,71118.58,71759.6,71105.33,71482.53,1126.38806,2026-03-13T00:29:59.999000+00:00,80527123.2507203,168758,595.01591,42540821.9535965
2026-03-13T00:30:00+00:00,71482.53,72000.0,71482.53,71512.01,726.28147,2026-03-13T00:44:59.999000+00:00,52144628.1960663,134093,388.22602,27876709.933297
2026-03-13T00:45:00+00:00,71512.02,71554.91,71244.4,71475.61,341.64505,2026-03-13T00:59:59.999000+00:00,24394251.9881035,66504,162.40244,11598110.8534258
2026-03-13T01:00:00+00:00,71475.6,71694.0,71471.4,71592.36,206.64242,2026-03-13T01:14:59.999000+00:00,14796933.8979105,63384,100.66229,7207565.8192563
2026-03-13T01:15:00+00:00,71592.36,71759.95,71471.72,71527.19,230.53753,2026-03-13T01:29:59.999000+00:00,16502523.2118281,49773,134.71302,9643168.2247985
2026-03-13T01:30:00+00:00,71527.2,71706.63,71283.99,71610.42,287.96924,2026-03-13T01:44:59.999000+00:00,20590364.8773959,57368,124.63401,8911993.2910774
2026-03-13T01:45:00+00:00,71610.43,71706.0,71561.68,71672.39,250.59747,2026-03-13T01:59:59.999000+00:00,17948900.7911844,36820,148.41389,10631757.1276372
2026-03-13T02:00:00+00:00,71672.38,71696.68,71502.54,71546.23,277.12079,2026-03-13T02:14:59.999000+00:00,19835001.9825312,33656,93.49453,6690369.4324638
2026-03-13T02:15:00+00:00,71546.23,71619.86,71426.15,71454.56,336.51894,2026-03-13T02:29:59.999000+00:00,24073123.2163907,30625,183.9841,13163149.9775323
2026-03-13T02:30:00+00:00,71454.56,71485.55,71155.72,71175.0,203.3422,2026-03-13T02:44:59.999000+00:00,14494772.7745799,42824,87.57193,6243078.0304309
2026-03-13T02:45:00+00:00,71175.0,71278.28,71045.52,71143.8,177.83345,2026-03-13T02:59:59.999000+00:00,12654520.904731,40192,79.84113,5682787.8477124
2026-03-13T03:00:00+00:00,71143.8,71270.03,71099.57,71174.49,135.97878,2026-03-13T03:14:59.999000+00:00,9677460.556338,28447,73.9751,5264702.4072822
2026-03-13T03:15:00+00:00,71174.5,71287.82,71070.81,71093.82,115.66073,2026-03-13T03:29:59.999000+00:00,8232529.6196827,23554,58.97551,4198085.1010608
2026-03-13T03:30:00+00:00,71093.81,71193.31,70964.43,71152.37,212.1039,2026-03-13T03:44:59.999000+00:00,15074886.1608499,31193,124.3896,8839399.6099094
2026-03-13T03:45:00+00:00,71152.37,71508.87,71115.63,71405.75,464.07793,2026-03-13T03:59:59.999000+00:00,33072077.719112,42747,259.66606,18512506.4635089
2026-03-13T04:00:00+00:00,71405.76,71493.77,71345.14,71371.1,91.33321,2026-03-13T04:14:59.999000+00:00,6521261.9576333,30572,37.56138,2681814.3895211
2026-03-13T04:15:00+00:00,71371.1,71374.99,71214.01,71319.52,443.33585,2026-03-13T04:29:59.999000+00:00,31607498.0282498,32534,214.57886,15303538.5059516
2026-03-13T04:30:00+00:00,71319.52,71417.15,71271.43,71403.09,62.4843,2026-03-13T04:44:59.999000+00:00,4457650.217026,22388,29.6116,2112490.2868625
2026-03-13T04:45:00+00:00,71403.09,71437.08,71308.82,71393.94,183.77162,2026-03-13T04:59:59.999000+00:00,13118060.026398,19667,147.30575,10515561.392416
2026-03-13T05:00:00+00:00,71393.93,71436.67,71242.02,71271.83,209.98509,2026-03-13T05:14:59.999000+00:00,14977621.0976068,29495,42.34323,3020700.0233418
2026-03-13T05:15:00+00:00,71271.83,71450.0,71259.34,71413.8,292.40175,2026-03-13T05:29:59.999000+00:00,20870437.135394,26573,144.37481,10305955.2639465
2026-03-13T05:30:00+00:00,71413.79,71622.04,71413.79,71600.01,247.59042,2026-03-13T05:44:59.999000+00:00,17715929.3051125,38059,142.3644,10186264.0531532
2026-03-13T05:45:00+00:00,71600.01,71637.54,71476.04,71546.29,428.9268,2026-03-13T05:59:59.999000+00:00,30684452.3543272,29434,204.93234,14660936.426703
2026-03-13T06:00:00+00:00,71546.28,71593.22,71450.49,71466.21,121.20805,2026-03-13T06:14:59.999000+00:00,8667291.7595219,30332,35.50526,2539217.5482616
2026-03-13T06:15:00+00:00,71466.22,71500.33,71211.25,71241.61,240.75178,2026-03-13T06:29:59.999000+00:00,17191654.1033209,37694,84.74273,6053462.7083183
2026-03-13T06:30:00+00:00,71241.61,71339.84,71180.19,71259.75,584.8076,2026-03-13T06:44:59.999000+00:00,41673564.0119867,49164,304.08683,21667870.3374742
2026-03-13T06:45:00+00:00,71259.75,71383.0,71198.15,71342.0,135.20861,2026-03-13T06:59:59.999000+00:00,9638615.9043726,32987,66.34099,4729555.8513743
2026-03-13T07:00:00+00:00,71342.0,71500.0,71236.08,71423.43,182.20458,2026-03-13T07:14:59.999000+00:00,13009869.3101663,47192,98.8762,7059996.0987121
2026-03-13T07:15:00+00:00,71423.42,71584.57,71402.83,71513.96,162.02934,2026-03-13T07:29:59.999000+00:00,11585213.4157027,34331,55.84903,3992812.2148897
2026-03-13T07:30:00+00:00,71513.95,71600.0,71382.05,71575.4,397.27233,2026-03-13T07:44:59.999000+00:00,28409302.9588408,42618,181.98138,13016302.7497664
2026-03-13T07:45:00+00:00,71575.39,71672.76,71526.21,71612.22,398.32565,2026-03-13T07:59:59.999000+00:00,28518446.69362,35488,166.41279,11914652.7862534
2026-03-13T08:00:00+00:00,71612.23,71650.68,71385.28,71471.72,186.131,2026-03-13T08:14:59.999000+00:00,13313262.7138588,41505,81.92973,5860296.3856951
2026-03-13T08:15:00+00:00,71471.72,71599.4,71438.0,71588.04,242.78532,2026-03-13T08:29:59.999000+00:00,17373906.0943069,33550,83.9924,6010211.5603149
2026-03-13T08:30:00+00:00,71588.04,72142.85,71574.14,71934.0,943.14588,2026-03-13T08:44:59.999000+00:00,67826517.2707085,101793,684.48133,49228647.3748261
2026-03-13T08:45:00+00:00,71934.0,71950.06,71695.37,71821.02,448.10576,2026-03-13T08:59:59.999000+00:00,32176607.5844678,40382,195.32726,14030919.6465126
2026-03-13T09:00:00+00:00,71821.01,71975.59,71739.35,71755.42,471.96713,2026-03-13T09:14:59.999000+00:00,33921291.5724597,49135,215.61847,15495945.1012838
2026-03-13T09:15:00+00:00,71755.43,71828.78,71589.81,71818.07,107.02602,2026-03-13T09:29:59.999000+00:00,7676225.0597731,38876,48.75457,3496510.3805821
2026-03-13T09:30:00+00:00,71818.06,71936.62,71788.99,71875.4,158.98733,2026-03-13T09:44:59.999000+00:00,11426905.472521,33725,87.1803,6266363.2657028
2026-03-13T09:45:00+00:00,71875.4,72100.37,71850.8,72006.57,187.23394,2026-03-13T09:59:59.999000+00:00,13484026.4123559,40789,104.28807,7510028.536922
2026-03-13T10:00:00+00:00,72006.56,72256.37,71995.53,72253.73,471.12821,2026-03-13T10:14:59.999000+00:00,34007294.6090463,62510,336.09525,24259808.9971317
2026-03-13T10:15:00+00:00,72253.73,72489.0,72249.79,72347.52,497.52212,2026-03-13T10:29:59.999000+00:00,36000482.0292673,71495,275.83087,19958257.2514128
2026-03-13T10:30:00+00:00,72347.52,72566.0,72325.59,72494.38,396.33085,2026-03-13T10:44:59.999000+00:00,28719485.7871834,56941,242.41971,17566071.3717787
2026-03-13T10:45:00+00:00,72494.38,72575.98,72352.03,72458.12,270.37009,2026-03-13T10:59:59.999000+00:00,19597370.9299554,50628,123.23591,8932699.8919426
2026-03-13T11:00:00+00:00,72458.11,72526.12,72232.41,72298.43,290.97139,2026-03-13T11:14:59.999000+00:00,21053532.4761154,49417,121.8134,8814694.6935003
2026-03-13T11:15:00+00:00,72298.43,72490.0,72294.54,72326.5,143.1965,2026-03-13T11:29:59.999000+00:00,10363940.6545817,35256,79.72207,5770519.8352684
2026-03-13T11:30:00+00:00,72326.5,72364.44,72256.5,72310.48,126.7582,2026-03-13T11:44:59.999000+00:00,9166189.5823695,31552,50.05824,3619623.1637482
2026-03-13T11:45:00+00:00,72310.48,72352.61,72207.41,72228.82,163.49096,2026-03-13T11:59:59.999000+00:00,11813539.0076245,33718,106.03627,7661811.9870953
2026-03-13T12:00:00+00:00,72228.81,72445.0,72210.0,72420.0,139.0282,2026-03-13T12:14:59.999000+00:00,10062163.1108225,33853,74.49421,5391147.3653877
2026-03-13T12:15:00+00:00,72420.0,72510.26,72331.71,72412.15,129.92272,2026-03-13T12:29:59.999000+00:00,9407668.1998662,28922,71.55741,5182257.2455534
2026-03-13T12:30:00+00:00,72412.15,72631.53,72330.67,72342.09,248.6405,2026-03-13T12:44:59.999000+00:00,18013827.7497481,54278,142.69205,10340751.6181454
2026-03-13T12:45:00+00:00,72342.09,72884.68,72342.08,72784.73,625.34099,2026-03-13T12:59:59.999000+00:00,45476334.1250173,95725,355.83968,25876317.7196514
2026-03-13T13:00:00+00:00,72784.73,72919.26,72684.88,72793.44,300.31069,2026-03-13T13:14:59.999000+00:00,21867321.1531069,69931,159.78748,11638292.988368
2026-03-13T13:15:00+00:00,72793.43,73264.17,72709.53,73023.17,1315.75619,2026-03-13T13:29:59.999000+00:00,96098775.5368765,128810,897.50678,65540408.313414
2026-03-13T13:30:00+00:00,73023.17,73320.73,72750.27,73270.78,787.66138,2026-03-13T13:44:59.999000+00:00,57543330.6492144,141753,366.76913,26807149.5571081
2026-03-13T13:45:00+00:00,73270.78,73585.27,73239.65,73379.18,893.67375,2026-03-13T13:59:59.999000+00:00,65588101.3557671,137333,507.65436,37261722.362908
2026-03-13T14:00:00+00:00,73379.18,73593.0,73238.83,73501.36,660.16426,2026-03-13T14:14:59.999000+00:00,48470738.161966,129181,298.78177,21943043.2973743
2026-03-13T14:15:00+00:00,73501.35,73897.0,73339.54,73738.52,1416.58148,2026-03-13T14:29:59.999000+00:00,104384957.2207946,152015,945.73518,69697859.8476826
2026-03-13T14:30:00+00:00,73738.52,73913.74,72940.0,72946.7,1178.51056,2026-03-13T14:44:59.999000+00:00,86656187.4038671,123613,720.52721,53033271.5169916
2026-03-13T14:45:00+00:00,72946.69,72983.56,72350.0,72382.72,1302.79401,2026-03-13T14:59:59.999000+00:00,94594451.3981706,160177,564.8197,41031310.523441
2026-03-13T15:00:00+00:00,72382.72,72690.0,72168.0,72646.55,1030.49476,2026-03-13T15:14:59.999000+00:00,74660002.7335671,124259,383.49916,27797115.1589301
2026-03-13T15:15:00+00:00,72646.55,72829.12,72455.01,72463.71,620.78242,2026-03-13T15:29:59.999000+00:00,45105603.7286715,93506,245.60271,17846883.2257319
2026-03-13T15:30:00+00:00,72463.71,72593.69,71877.1,71981.67,551.90644,2026-03-13T15:44:59.999000+00:00,39857101.5367872,103653,216.70591,15653598.4138723
2026-03-13T15:45:00+00:00,71981.68,72249.94,71736.34,71831.46,1102.27109,2026-03-13T15:59:59.999000+00:00,79427449.5488587,117357,479.40499,34533120.0072627
2026-03-13T16:00:00+00:00,71831.46,71944.57,71583.46,71728.2,503.92074,2026-03-13T16:14:59.999000+00:00,36149559.8373484,102425,265.5545,19050977.2623287
2026-03-13T16:15:00+00:00,71728.21,71761.24,71154.54,71393.26,743.92141,2026-03-13T16:29:59.999000+00:00,53121959.290823,118881,400.8972,28635444.2735193
2026-03-13T16:30:00+00:00,71393.25,71875.0,71379.7,71830.49,493.78163,2026-03-13T16:44:59.999000+00:00,35389832.7401756,80316,272.41599,19520946.4861958
2026-03-13T16:45:00+00:00,71830.48,72100.0,71761.25,71885.57,592.72232,2026-03-13T16:59:59.999000+00:00,42636355.5751742,66263,278.43167,20026098.4624808
2026-03-13T17:00:00+00:00,71885.56,72139.44,71879.55,72116.0,272.21519,2026-03-13T17:14:59.999000+00:00,19599598.5969739,60825,188.07219,13541371.567875
2026-03-13T17:15:00+00:00,72116.01,72249.99,71595.71,71659.82,750.9793,2026-03-13T17:29:59.999000+00:00,54031329.0259081,77610,269.01767,19364924.1692525
2026-03-13T17:30:00+00:00,71659.81,71688.1,71058.82,71198.81,409.32864,2026-03-13T17:44:59.999000+00:00,29201216.8064254,81103,147.97507,10554990.3987891
2026-03-13T17:45:00+00:00,71198.8,71277.02,70914.09,71037.93,457.17761,2026-03-13T17:59:59.999000+00:00,32495435.497316,95359,228.80237,16264269.5569851
2026-03-13T18:00:00+00:00,71037.93,71238.5,70937.91,71218.06,223.02625,2026-03-13T18:14:59.999000+00:00,15850077.3322894,55150,138.31669,9831241.6745555
2026-03-13T18:15:00+00:00,71218.06,71258.9,70841.23,71195.34,311.63117,2026-03-13T18:29:59.999000+00:00,22124086.9642492,53945,176.50631,12531757.9524877
2026-03-13T18:30:00+00:00,71195.33,71350.94,71178.54,71238.6,91.80396,2026-03-13T18:44:59.999000+00:00,6542514.1374445,40130,59.67331,4252528.1136085
2026-03-13T18:45:00+00:00,71238.59,71249.93,71008.2,71055.45,111.72661,2026-03-13T18:59:59.999000+00:00,7943924.0642534,36233,60.8591,4327071.0460096
2026-03-13T19:00:00+00:00,71055.45,71277.84,71006.19,71224.27,118.99035,2026-03-13T19:14:59.999000+00:00,8465908.3967021,36077,80.21561,5708384.6289554
2026-03-13T19:15:00+00:00,71224.27,71309.94,71020.5,71082.04,123.3837,2026-03-13T19:29:59.999000+00:00,8778435.0331663,35535,61.27782,4360394.7754773
2026-03-13T19:30:00+00:00,71082.04,71211.75,71041.38,71136.47,116.83863,2026-03-13T19:44:59.999000+00:00,8308477.0725492,29496,56.50233,4018535.0683825
2026-03-13T19:45:00+00:00,71136.47,71256.56,71092.21,71189.95,147.86555,2026-03-13T19:59:59.999000+00:00,10525330.3572581,34738,102.31653,7283035.1479587
2026-03-13T20:00:00+00:00,71189.96,71364.85,71150.0,71353.0,92.33646,2026-03-13T20:14:59.999000+00:00,6577610.2124351,25646,57.15995,4072171.3381644
2026-03-13T20:15:00+00:00,71353.0,71468.66,71269.32,71307.96,159.8796,2026-03-13T20:29:59.999000+00:00,11414172.6349256,23543,52.91147,3777129.6184459
2026-03-13T20:30:00+00:00,71307.96,71347.85,71282.03,71329.8,163.48653,2026-03-13T20:44:59.999000+00:00,11658730.7247858,14229,95.2935,6795232.3721509
2026-03-13T20:45:00+00:00,71329.8,71469.53,71279.11,71346.84,138.77031,2026-03-13T20:59:59.999000+00:00,9906881.7546789,18622,57.84227,4128701.2774016
2026-03-13T21:00:00+00:00,71346.84,71491.03,71346.84,71408.38,64.35456,2026-03-13T21:14:59.999000+00:00,4597464.9655079,17546,34.81665,2487346.2143413
2026-03-13T21:15:00+00:00,71408.38,71419.35,71138.02,71165.41,97.77252,2026-03-13T21:29:59.999000+00:00,6972786.2955108,17411,32.96524,2351381.6404359
2026-03-13T21:30:00+00:00,71165.42,71305.61,71058.25,71117.31,410.93467,2026-03-13T21:44:59.999000+00:00,29243787.5936918,35027,219.14495,15594995.2541017
2026-03-13T21:45:00+00:00,71117.31,71230.19,71104.64,71104.65,77.08163,2026-03-13T21:59:59.999000+00:00,5486813.8396108,21755,35.92554,2557095.5133065
2026-03-13T22:00:00+00:00,71104.65,71189.26,70681.76,70847.33,364.39125,2026-03-13T22:14:59.999000+00:00,25829708.7700544,43568,133.3888,9450346.1024357
2026-03-13T22:15:00+00:00,70847.33,70847.34,70643.52,70671.43,213.15273,2026-03-13T22:29:59.999000+00:00,15072656.4926062,29058,55.24567,3906239.5998019
2026-03-13T22:30:00+00:00,70671.43,70775.38,70559.02,70720.46,180.41902,2026-03-13T22:44:59.999000+00:00,12749943.2670383,31318,59.26586,4188825.7253414
2026-03-13T22:45:00+00:00,70720.47,70816.82,70676.95,70814.0,105.37577,2026-03-13T22:59:59.999000+00:00,7456759.7637221,18538,53.53575,3788640.786256
2026-03-13T23:00:00+00:00,70814.0,70824.76,70688.45,70809.05,235.50688,2026-03-13T23:14:59.999000+00:00,16665401.619944,24302,134.45301,9514201.9671186
2026-03-13T23:15:00+00:00,70809.05,71005.3,70801.73,70900.01,438.45666,2026-03-13T23:29:59.999000+00:00,31090906.8051664,25348,157.48799,11167499.8451626
2026-03-13T23:30:00+00:00,70900.01,70965.71,70864.01,70941.1,289.82523,2026-03-13T23:44:59.999000+00:00,20554144.674239,16133,61.97095,4394128.2821764
2026-03-13T23:45:00+00:00,70941.1,70991.02,70904.96,70930.0,149.23826,2026-03-13T23:59:59.999000+00:00,10588419.5509217,13736,64.76887,4595090.7374405
2026-03-14T00:00:00+00:00,70930.01,70930.01,70744.01,70889.38,122.72227,2026-03-14T00:14:59.999000+00:00,8691365.3285332,23960,65.83903,4662715.4029892
2026-03-14T00:15:00+00:00,70889.38,70951.8,70786.34,70916.78,173.315,2026-03-14T00:29:59.999000+00:00,12282801.9687254,17497,91.51591,6484660.7997373
2026-03-14T00:30:00+00:00,70916.77,70928.55,70560.61,70568.75,230.55006,2026-03-14T00:44:59.999000+00:00,16314061.8488144,23416,55.86065,3953770.6004089
2026-03-14T00:45:00+00:00,70568.74,70706.75,70555.0,70631.97,236.91701,2026-03-14T00:59:59.999000+00:00,16732081.6772702,25832,77.65973,5483905.5982891
2026-03-14T01:00:00+00:00,70631.96,70767.16,70631.96,70695.22,95.01881,2026-03-14T01:14:59.999000+00:00,6717993.0991071,16865,64.14974,4535186.4787537
2026-03-14T01:15:00+00:00,70695.22,70804.75,70695.22,70780.47,57.36303,2026-03-14T01:29:59.999000+00:00,4059734.3509738,10122,18.85828,1334477.2194492
2026-03-14T01:30:00+00:00,70780.48,70831.75,70481.7,70807.47,390.43142,2026-03-14T01:44:59.999000+00:00,27588807.5790999,33539,135.72854,9597142.7110435
2026-03-14T01:45:00+00:00,70807.47,70941.05,70807.47,70831.7,248.73807,2026-03-14T01:59:59.999000+00:00,17628704.1230751,16783,147.47511,10453905.2037448
2026-03-14T02:00:00+00:00,70831.7,70897.55,70780.82,70862.61,89.48701,2026-03-14T02:14:59.999000+00:00,6339827.0489067,13412,59.84838,4240071.6010261
2026-03-14T02:15:00+00:00,70862.61,70877.19,70789.33,70810.48,256.50544,2026-03-14T02:29:59.999000+00:00,18174465.7196603,14620,104.85023,7427833.3490663
2026-03-14T02:30:00+00:00,70810.49,70842.12,70741.0,70770.33,128.31503,2026-03-14T02:44:59.999000+00:00,9084114.9727736,12530,63.78847,4516107.420682
2026-03-14T02:45:00+00:00,70770.33,70948.66,70735.21,70783.27,539.36785,2026-03-14T02:59:59.999000+00:00,38190472.2381112,21492,307.09525,21746545.3766875
2026-03-14T03:00:00+00:00,70783.27,71020.92,70783.26,71006.82,131.22066,2026-03-14T03:14:59.999000+00:00,9310756.8873334,20951,92.52713,6566443.2380231
2026-03-14T03:15:00+00:00,71006.83,71151.05,70959.65,71041.67,531.84974,2026-03-14T03:29:59.999000+00:00,37785282.2862856,33606,216.45206,15375545.1528185
2026-03-14T03:30:00+00:00,71041.68,71185.23,71041.68,71148.55,218.83157,2026-03-14T03:44:59.999000+00:00,15565386.4002601,28048,135.54171,9641184.8918391
2026-03-14T03:45:00+00:00,71148.54,71148.55,71049.81,71081.3,62.82064,2026-03-14T03:59:59.999000+00:00,4465685.9672761,16450,35.73708,2540312.6095636
2026-03-14T04:00:00+00:00,71081.31,71216.28,71062.0,71193.58,116.29791,2026-03-14T04:14:59.999000+00:00,8273351.8913161,21880,82.24568,5851183.4250063
2026-03-14T04:15:00+00:00,71193.59,71207.0,71094.96,71204.64,292.40504,2026-03-14T04:29:59.999000+00:00,20810727.7011693,17845,145.91984,10384640.2962539
2026-03-14T04:30:00+00:00,71204.65,71307.92,71124.34,71285.42,167.16783,2026-03-14T04:44:59.999000+00:00,11909031.5975718,19472,119.11404,8486039.5061355
2026-03-14T04:45:00+00:00,71285.42,71303.6,71021.11,71039.58,131.20987,2026-03-14T04:59:59.999000+00:00,9338855.3520296,23100,52.01803,3702588.6623029
2026-03-14T05:00:00+00:00,71039.57,71145.37,70983.32,71110.37,275.41454,2026-03-14T05:14:59.999000+00:00,19573542.9169531,18490,143.7081,10217632.4576307
2026-03-14T05:15:00+00:00,71110.36,71151.3,71058.41,71109.76,133.05359,2026-03-14T05:29:59.999000+00:00,9461698.0277229,13750,31.61402,2247980.6776169
2026-03-14T05:30:00+00:00,71109.76,71114.0,70916.96,71005.01,205.66109,2026-03-14T05:44:59.999000+00:00,14601555.8088722,20613,73.89921,5245667.677629
2026-03-14T05:45:00+00:00,71005.0,71037.2,70972.12,71013.75,145.21148,2026-03-14T05:59:59.999000+00:00,10311513.3817201,12564,69.56446,4939685.030587
2026-03-14T06:00:00+00:00,71013.75,71013.75,70892.33,70925.68,106.8907,2026-03-14T06:14:59.999000+00:00,7585653.6774815,14213,37.81522,2682403.4774963
2026-03-14T06:15:00+00:00,70925.69,70925.69,70700.0,70711.9,94.05161,2026-03-14T06:29:59.999000+00:00,6658867.5774728,23128,28.2214,1997691.3984924
2026-03-14T06:30:00+00:00,70711.9,70741.22,70317.0,70459.33,256.36926,2026-03-14T06:44:59.999000+00:00,18077022.2996421,47316,85.22618,6007161.5180962
2026-03-14T06:45:00+00:00,70459.33,70684.96,70423.12,70622.08,254.86515,2026-03-14T06:59:59.999000+00:00,17995656.8608875,27896,138.58496,9784762.8743534
2026-03-14T07:00:00+00:00,70622.09,70739.99,70597.37,70706.74,160.76472,2026-03-14T07:14:59.999000+00:00,11363046.179222,19501,127.0522,8980947.449266
2026-03-14T07:15:00+00:00,70706.75,70706.75,70560.58,70684.01,52.06304,2026-03-14T07:29:59.999000+00:00,3677543.1105894,14479,17.34195,1225016.508665
2026-03-14T07:30:00+00:00,70684.01,70743.88,70500.23,70540.02,89.43273,2026-03-14T07:44:59.999000+00:00,6313097.1531906,21417,38.28092,2702671.0504422
2026-03-14T07:45:00+00:00,70540.02,70622.06,70489.03,70596.68,448.72376,2026-03-14T07:59:59.999000+00:00,31652009.807801,19453,131.17983,9252968.0353749
2026-03-14T08:00:00+00:00,70596.68,70705.43,70567.14,70697.04,143.57113,2026-03-14T08:14:59.999000+00:00,10140091.9853436,14710,29.40433,2077059.6283803
2026-03-14T08:15:00+00:00,70697.03,70710.76,70588.2,70671.78,135.1247,2026-03-14T08:29:59.999000+00:00,9549248.6522182,17753,30.28919,2140014.7782476
2026-03-14T08:30:00+00:00,70671.79,70698.86,70562.0,70562.0,81.1108,2026-03-14T08:44:59.999000+00:00,5730658.525168,16936,58.82255,4156502.1356678
2026-03-14T08:45:00+00:00,70562.01,70594.91,70536.58,70585.63,101.64145,2026-03-14T08:59:59.999000+00:00,7172417.459611,13645,30.34375,2141230.0305307
2026-03-14T09:00:00+00:00,70585.64,70705.92,70557.45,70693.57,64.98187,2026-03-14T09:14:59.999000+00:00,4590382.1999306,14314,40.35656,2850977.4762225
2026-03-14T09:15:00+00:00,70693.57,70728.07,70624.74,70702.82,317.18586,2026-03-14T09:29:59.999000+00:00,22421132.4533598,16320,224.29015,15854637.7396491
2026-03-14T09:30:00+00:00,70702.81,70702.81,70542.58,70613.0,274.02382,2026-03-14T09:44:59.999000+00:00,19342483.1007904,14016,106.3105,7504061.9596513
2026-03-14T09:45:00+00:00,70613.0,70613.0,70400.0,70501.16,237.78241,2026-03-14T09:59:59.999000+00:00,16758979.2588167,24675,74.27913,5235668.2513396
2026-03-14T10:00:00+00:00,70501.16,70571.76,70472.36,70544.93,89.44366,2026-03-14T10:14:59.999000+00:00,6308568.1863862,14203,32.38953,2284678.2593556
2026-03-14T10:15:00+00:00,70544.92,70544.93,70424.46,70472.3,84.58658,2026-03-14T10:29:59.999000+00:00,5961296.3188255,13979,48.32214,3405558.8428203
2026-03-14T10:30:00+00:00,70472.29,70538.52,70389.08,70506.93,338.03718,2026-03-14T10:44:59.999000+00:00,23822809.1592143,23340,188.95731,13314690.8373327
2026-03-14T10:45:00+00:00,70506.92,70575.1,70506.92,70570.44,112.2878,2026-03-14T10:59:59.999000+00:00,7922033.8103354,10108,65.16159,4597142.8245358
2026-03-14T11:00:00+00:00,70570.44,70694.96,70562.66,70665.53,151.5908,2026-03-14T11:14:59.999000+00:00,10701563.9238709,15925,44.00682,3108238.2239205
2026-03-14T11:15:00+00:00,70665.53,70717.02,70648.63,70663.76,118.43406,2026-03-14T11:29:59.999000+00:00,8369885.8714868,13403,44.67567,3157571.8716615
2026-03-14T11:30:00+00:00,70663.77,70730.03,70625.43,70693.78,144.65525,2026-03-14T11:44:59.999000+00:00,10224091.9711434,13046,83.14803,5876864.7123061
2026-03-14T11:45:00+00:00,70693.79,70784.38,70692.94,70751.42,100.50087,2026-03-14T11:59:59.999000+00:00,7108566.1401927,14457,72.17834,5105282.1432285
2026-03-14T12:00:00+00:00,70751.42,70835.48,70702.98,70761.46,131.17855,2026-03-14T12:14:59.999000+00:00,9282879.1247352,21515,91.7892,6495212.9937852
2026-03-14T12:15:00+00:00,70761.46,70775.34,70709.72,70713.78,44.03652,2026-03-14T12:29:59.999000+00:00,3115498.9528302,12297,18.68356,1321846.110204
2026-03-14T12:30:00+00:00,70713.78,70749.25,70616.44,70632.69,188.13091,2026-03-14T12:44:59.999000+00:00,13294589.9836301,17216,64.98193,4593187.4298898
2026-03-14T12:45:00+00:00,70632.68,70798.37,70630.64,70780.59,109.21625,2026-03-14T12:59:59.999000+00:00,7725102.9470065,13250,79.73282,5640493.7738208
2026-03-14T13:00:00+00:00,70780.59,70793.46,70711.54,70754.2,370.59013,2026-03-14T13:14:59.999000+00:00,26226059.6540375,17791,237.59844,16815152.3406818
2026-03-14T13:15:00+00:00,70754.19,70930.01,70754.19,70930.0,135.7029,2026-03-14T13:29:59.999000+00:00,9619252.0541155,18966,87.06388,6172076.2980655
2026-03-14T13:30:00+00:00,70930.0,70930.56,70862.41,70867.94,169.76538,2026-03-14T13:44:59.999000+00:00,12036002.442185,12643,86.53551,6136371.0209591
2026-03-14T13:45:00+00:00,70867.94,70916.67,70795.64,70847.35,210.44109,2026-03-14T13:59:59.999000+00:00,14910908.1651712,17303,41.66471,2951837.7242388
2026-03-14T14:00:00+00:00,70847.34,70941.17,70725.28,70746.05,113.44558,2026-03-14T14:14:59.999000+00:00,8035940.4667739,22769,35.16149,2491417.000581
2026-03-14T14:15:00+00:00,70746.05,70824.24,70696.07,70824.24,42.15369,2026-03-14T14:29:59.999000+00:00,2983390.3547308,14664,24.14849,1709217.3256309
2026-03-14T14:30:00+00:00,70824.24,70838.22,70592.89,70603.08,85.67039,2026-03-14T14:44:59.999000+00:00,6056905.4497044,18604,23.7125,1676530.1211237
2026-03-14T14:45:00+00:00,70603.08,70669.47,70578.76,70599.22,87.89989,2026-03-14T14:59:59.999000+00:00,6208069.8380339,13660,27.29822,1928160.5651425
2026-03-14T15:00:00+00:00,70599.23,70721.44,70563.56,70657.8,91.67043,2026-03-14T15:14:59.999000+00:00,6477414.2640599,20700,55.40715,3915142.6985484
2026-03-14T15:15:00+00:00,70657.81,70728.59,70631.03,70686.69,347.69145,2026-03-14T15:29:59.999000+00:00,24575946.8378443,29649,267.42208,18901944.9116982
2026-03-14T15:30:00+00:00,70684.05,70684.05,70501.0,70539.47,212.61338,2026-03-14T15:44:59.999000+00:00,15003947.9077275,37383,83.92247,5922367.9777664
2026-03-14T15:45:00+00:00,70539.47,70611.7,70521.93,70580.09,197.37128,2026-03-14T15:59:59.999000+00:00,13928200.8344065,27883,63.54042,4484165.4491587
2026-03-14T16:00:00+00:00,70580.09,70646.32,70500.0,70584.02,135.60815,2026-03-14T16:14:59.999000+00:00,9570404.0043588,34942,62.46358,4408324.1813159
2026-03-14T16:15:00+00:00,70584.03,70662.82,70572.94,70662.74,79.02932,2026-03-14T16:29:59.999000+00:00,5581031.9349818,18954,42.39177,2993785.9462349
2026-03-14T16:30:00+00:00,70662.75,70692.16,70633.58,70647.49,62.66739,2026-03-14T16:44:59.999000+00:00,4428142.4162222,15551,19.8712,1404117.4427679
2026-03-14T16:45:00+00:00,70647.5,70709.4,70599.16,70672.53,101.9786,2026-03-14T16:59:59.999000+00:00,7206296.2199844,25333,53.39966,3773450.4919168
2026-03-14T17:00:00+00:00,70672.52,70690.76,70641.68,70690.76,38.86589,2026-03-14T17:14:59.999000+00:00,2746557.2721513,11431,21.81808,1541893.6537396
2026-03-14T17:15:00+00:00,70690.75,70733.02,70672.51,70732.18,29.43043,2026-03-14T17:29:59.999000+00:00,2080796.3534717,10702,15.08992,1066893.4881292
2026-03-14T17:30:00+00:00,70732.19,70732.19,70639.39,70663.54,32.68671,2026-03-14T17:44:59.999000+00:00,2309770.6414413,10244,13.00192,918756.5802517
2026-03-14T17:45:00+00:00,70663.53,70664.92,70590.0,70617.01,33.38784,2026-03-14T17:59:59.999000+00:00,2357824.200942,10812,5.63339,397800.0229543
2026-03-14T18:00:00+00:00,70617.01,70617.02,70560.16,70582.0,26.71407,2026-03-14T18:14:59.999000+00:00,1885685.519345,10407,11.0555,780369.4712054
2026-03-14T18:15:00+00:00,70582.0,70626.0,70559.35,70618.05,16.62207,2026-03-14T18:29:59.999000+00:00,1173416.7906428,8177,7.85804,554757.806035
2026-03-14T18:30:00+00:00,70618.05,70671.99,70618.04,70650.0,19.02168,2026-03-14T18:44:59.999000+00:00,1343790.2291095,8110,9.45855,668166.9117875
2026-03-14T18:45:00+00:00,70649.99,70708.88,70642.96,70668.23,33.44577,2026-03-14T18:59:59.999000+00:00,2363579.4149299,8735,23.824,1683599.0865585
2026-03-14T19:00:00+00:00,70668.23,70691.5,70595.14,70687.71,28.45913,2026-03-14T19:14:59.999000+00:00,2010325.8168522,12865,15.9333,1125497.7923028
2026-03-14T19:15:00+00:00,70687.7,70708.0,70667.76,70671.98,12.78005,2026-03-14T19:29:59.999000+00:00,903370.1026788,7964,7.0909,501250.1267756
2026-03-14T19:30:00+00:00,70671.98,70718.86,70641.15,70718.86,19.94251,2026-03-14T19:44:59.999000+00:00,1409678.7791489,7857,9.5497,675036.3373031
2026-03-14T19:45:00+00:00,70718.86,70740.34,70692.5,70700.0,16.29134,2026-03-14T19:59:59.999000+00:00,1151980.3249687,9436,6.47574,457912.0718405
2026-03-14T20:00:00+00:00,70699.99,70705.48,70650.09,70683.58,16.1256,2026-03-14T20:14:59.999000+00:00,1139708.3601179,11774,6.55123,463002.1609369
2026-03-14T20:15:00+00:00,70683.58,70765.48,70683.57,70735.78,23.30398,2026-03-14T20:29:59.999000+00:00,1648289.2610994,9080,11.90032,841736.299604
2026-03-14T20:30:00+00:00,70735.78,70856.4,70735.77,70850.0,36.51113,2026-03-14T20:44:59.999000+00:00,2584519.8270982,8962,23.77342,1682858.5278037
2026-03-14T20:45:00+00:00,70850.0,70854.48,70798.0,70805.71,38.07781,2026-03-14T20:59:59.999000+00:00,2696914.4437245,10838,15.39372,1090321.7909613
2026-03-14T21:00:00+00:00,70805.71,70805.71,70661.06,70663.47,38.71147,2026-03-14T21:14:59.999000+00:00,2737821.4411001,10876,12.22666,864722.3905372
2026-03-14T21:15:00+00:00,70663.47,70716.02,70663.46,70690.42,22.21172,2026-03-14T21:29:59.999000+00:00,1570115.0598509,6701,11.59693,819739.582244
2026-03-14T21:30:00+00:00,70690.42,70753.91,70680.0,70738.79,25.22867,2026-03-14T21:44:59.999000+00:00,1784050.664468,8688,9.903,700231.9657686
2026-03-14T21:45:00+00:00,70738.78,70825.04,70712.48,70799.99,27.76139,2026-03-14T21:59:59.999000+00:00,1965021.7788518,13713,13.63939,965395.3919709
2026-03-14T22:00:00+00:00,70799.99,70805.15,70716.85,70716.85,22.12053,2026-03-14T22:14:59.999000+00:00,1565453.9239486,13241,8.22249,581883.8792937
2026-03-14T22:15:00+00:00,70716.85,70771.25,70712.48,70736.39,22.67908,2026-03-14T22:29:59.999000+00:00,1604284.5677864,7888,9.5878,678236.3134085
2026-03-14T22:30:00+00:00,70736.4,70801.49,70736.39,70753.24,22.04824,2026-03-14T22:44:59.999000+00:00,1560162.7385369,7976,13.28958,940350.5966807
2026-03-14T22:45:00+00:00,70753.24,70753.26,70695.29,70710.91,22.3953,2026-03-14T22:59:59.999000+00:00,1583783.2165098,7508,9.2329,652973.6327479
2026-03-14T23:00:00+00:00,70710.9,71093.72,70710.9,71012.43,172.96256,2026-03-14T23:14:59.999000+00:00,12274682.748347,36561,94.00654,6670173.8167672
2026-03-14T23:15:00+00:00,71012.43,71057.97,70909.06,71034.44,103.9648,2026-03-14T23:29:59.999000+00:00,7382130.7821366,17791,65.57194,4656842.8874316
2026-03-14T23:30:00+00:00,71034.44,71216.72,71024.0,71181.17,147.54811,2026-03-14T23:44:59.999000+00:00,10499369.8512203,27191,86.996,6189996.7565625
2026-03-14T23:45:00+00:00,71181.18,71253.17,71109.65,71211.95,113.09404,2026-03-14T23:59:59.999000+00:00,8050639.1267172,20068,68.98207,4911176.7991099
2026-03-15T00:00:00+00:00,71211.95,71215.49,71027.36,71088.25,123.90316,2026-03-15T00:14:59.999000+00:00,8811248.2041003,23947,38.98225,2772564.1265925
2026-03-15T00:15:00+00:00,71088.25,71220.74,71004.01,71066.5,216.63903,2026-03-15T00:29:59.999000+00:00,15401643.3770442,21451,93.39527,6638423.7999127
2026-03-15T00:30:00+00:00,71066.5,71119.41,70977.14,71083.0,179.92975,2026-03-15T00:44:59.999000+00:00,12786121.647718,15566,91.83954,6526464.3354561
2026-03-15T00:45:00+00:00,71083.01,71083.01,70967.59,70985.28,55.7681,2026-03-15T00:59:59.999000+00:00,3959567.9709847,13885,17.52842,1244548.6275179
2026-03-15T01:00:00+00:00,70985.29,71037.41,70893.14,70949.72,212.54216,2026-03-15T01:14:59.999000+00:00,15087600.2990531,19412,67.48144,4790326.8532549
2026-03-15T01:15:00+00:00,70949.72,71000.0,70891.99,70933.69,38.28304,2026-03-15T01:29:59.999000+00:00,2715656.1847799,12151,13.06162,926775.4780071
2026-03-15T01:30:00+00:00,70933.68,70951.67,70858.82,70932.47,40.13155,2026-03-15T01:44:59.999000+00:00,2845534.5613502,13511,11.46594,813011.7014159
2026-03-15T01:45:00+00:00,70932.48,71035.1,70896.55,70985.83,49.58801,2026-03-15T01:59:59.999000+00:00,3520385.592206,14493,13.04809,926223.4835779
2026-03-15T02:00:00+00:00,70985.84,71380.0,70985.84,71305.29,317.4758,2026-03-15T02:14:59.999000+00:00,22616264.2885143,46240,238.78414,17009364.8962536
2026-03-15T02:15:00+00:00,71305.3,71342.0,71200.43,71268.29,62.17589,2026-03-15T02:29:59.999000+00:00,4432040.6984457,19903,31.81929,2268109.566479
2026-03-15T02:30:00+00:00,71268.29,71420.0,71165.41,71420.0,69.33293,2026-03-15T02:44:59.999000+00:00,4942908.9430453,24348,44.96588,3206190.8237783
2026-03-15T02:45:00+00:00,71419.99,71634.08,71366.38,71450.53,446.10681,2026-03-15T02:59:59.999000+00:00,31898618.8222248,50054,268.28679,19181212.6891343
2026-03-15T03:00:00+00:00,71450.54,71538.03,71407.22,71463.9,265.07659,2026-03-15T03:14:59.999000+00:00,18940274.7978337,23728,127.47299,9109144.7708859
2026-03-15T03:15:00+00:00,71463.9,71465.87,71312.21,71341.38,162.30253,2026-03-15T03:29:59.999000+00:00,11583156.2485797,23879,74.1899,5295415.8787248
2026-03-15T03:30:00+00:00,71341.38,71440.06,71240.68,71336.25,134.27316,2026-03-15T03:44:59.999000+00:00,9579709.0848005,20413,66.72205,4759730.6945723
2026-03-15T03:45:00+00:00,71336.25,71363.14,71264.78,71363.14,218.03574,2026-03-15T03:59:59.999000+00:00,15551275.1086889,15180,126.13901,8997599.4363248
2026-03-15T04:00:00+00:00,71363.13,71646.56,71330.66,71586.04,186.06337,2026-03-15T04:14:59.999000+00:00,13314557.0248155,28317,110.52615,7908297.6410924
2026-03-15T04:15:00+00:00,71586.04,71661.55,71506.2,71538.04,110.34432,2026-03-15T04:29:59.999000+00:00,7898897.231701,24895,50.96208,3648169.5258029
2026-03-15T04:30:00+00:00,71538.04,71644.45,71458.88,71596.45,181.01973,2026-03-15T04:44:59.999000+00:00,12953762.8131922,21818,147.35739,10545808.790152
2026-03-15T04:45:00+00:00,71596.44,71606.4,71401.93,71606.32,302.35141,2026-03-15T04:59:59.999000+00:00,21629104.5191331,18272,153.1258,10959635.2004009
2026-03-15T05:00:00+00:00,71606.31,71606.31,71476.0,71545.29,91.1874,2026-03-15T05:14:59.999000+00:00,6522331.0927723,14157,69.97945,5005532.0732422
2026-03-15T05:15:00+00:00,71545.28,71800.68,71520.39,71630.28,490.91817,2026-03-15T05:29:59.999000+00:00,35186512.2796469,34149,340.70915,24419965.3822986
2026-03-15T05:30:00+00:00,71630.28,71704.54,71576.92,71643.82,121.15355,2026-03-15T05:44:59.999000+00:00,8679334.6758732,19240,53.99037,3868152.3545754
2026-03-15T05:45:00+00:00,71643.83,71656.58,71483.52,71489.68,89.70333,2026-03-15T05:59:59.999000+00:00,6419784.3626322,17649,31.2339,2234547.1651067
2026-03-15T06:00:00+00:00,71489.67,71595.43,71483.54,71567.78,137.59099,2026-03-15T06:14:59.999000+00:00,9845024.032228,15324,112.72293,8065837.1896243
2026-03-15T06:15:00+00:00,71567.78,71591.7,71453.39,71466.15,160.26544,2026-03-15T06:29:59.999000+00:00,11460245.6776892,13491,47.74415,3414595.6684046
2026-03-15T06:30:00+00:00,71466.16,71466.16,71373.75,71411.2,124.70496,2026-03-15T06:44:59.999000+00:00,8906881.9578421,16897,32.62501,2330383.3389127
2026-03-15T06:45:00+00:00,71411.2,71475.64,71408.13,71458.41,106.3378,2026-03-15T06:59:59.999000+00:00,7596752.8476875,11590,79.87498,5706096.9907683
2026-03-15T07:00:00+00:00,71458.41,71658.33,71428.52,71612.56,97.44212,2026-03-15T07:14:59.999000+00:00,6971463.9309142,22095,63.672,4555337.8106733
2026-03-15T07:15:00+00:00,71612.56,71658.44,71566.0,71567.56,53.97975,2026-03-15T07:29:59.999000+00:00,3865714.852145,12123,26.11414,1870072.0426132
2026-03-15T07:30:00+00:00,71567.56,71567.57,71446.95,71446.96,80.03627,2026-03-15T07:44:59.999000+00:00,5723838.5024231,13546,18.79392,1343869.9006463
2026-03-15T07:45:00+00:00,71446.95,71462.7,71411.88,71453.59,44.59534,2026-03-15T07:59:59.999000+00:00,3185721.6935883,10900,18.27825,1305691.3565262
2026-03-15T08:00:00+00:00,71453.59,71627.28,71453.59,71594.53,83.80226,2026-03-15T08:14:59.999000+00:00,5995863.7008196,15363,48.81566,3492687.0965165
2026-03-15T08:15:00+00:00,71594.54,71736.72,71554.6,71586.22,252.46216,2026-03-15T08:29:59.999000+00:00,18089251.0549944,18766,175.93337,12607877.4710073
2026-03-15T08:30:00+00:00,71586.21,71589.74,71503.63,71573.1,46.91084,2026-03-15T08:44:59.999000+00:00,3356583.2433386,12551,29.82865,2134326.3475748
2026-03-15T08:45:00+00:00,71573.1,71730.01,71573.1,71717.5,168.22819,2026-03-15T08:59:59.999000+00:00,12056388.4866352,21708,115.44808,8273866.611607
2026-03-15T09:00:00+00:00,71717.5,71920.0,71715.92,71828.13,468.80344,2026-03-15T09:14:59.999000+00:00,33683045.1924895,33540,262.84939,18885074.0772289
2026-03-15T09:15:00+00:00,71828.13,71940.49,71800.82,71847.41,73.82477,2026-03-15T09:29:59.999000+00:00,5305492.3782836,19743,35.44587,2547440.2169815
2026-03-15T09:30:00+00:00,71847.42,71875.58,71740.35,71758.59,48.53722,2026-03-15T09:44:59.999000+00:00,3485541.9099013,15804,20.17222,1448589.1155729
2026-03-15T09:45:00+00:00,71758.59,71840.94,71713.9,71791.1,49.77113,2026-03-15T09:59:59.999000+00:00,3572212.2841483,13308,19.15884,1375210.8876102
2026-03-15T10:00:00+00:00,71791.11,71842.66,71714.37,71806.66,212.54505,2026-03-15T10:14:59.999000+00:00,15256018.3058207,29082,49.84251,3577724.0689523
2026-03-15T10:15:00+00:00,71806.65,71919.19,71797.95,71862.46,70.71325,2026-03-15T10:29:59.999000+00:00,5081467.6688552,18561,41.40137,2975276.3579846
2026-03-15T10:30:00+00:00,71862.47,71867.4,71794.2,71830.64,113.67471,2026-03-15T10:44:59.999000+00:00,8164606.3031178,22300,56.36976,4048796.7249615
2026-03-15T10:45:00+00:00,71830.64,71830.64,71783.09,71783.09,128.08049,2026-03-15T10:59:59.999000+00:00,9197076.7786671,24035,59.82912,4296051.7397623
2026-03-15T11:00:00+00:00,71783.1,71787.59,71681.15,71700.0,97.74771,2026-03-15T11:14:59.999000+00:00,7011613.9149195,19618,23.6919,1699637.0335406
2026-03-15T11:15:00+00:00,71700.01,71813.96,71663.16,71695.56,80.41652,2026-03-15T11:29:59.999000+00:00,5769890.6304312,16617,32.79223,2352999.4613729
2026-03-15T11:30:00+00:00,71695.55,71763.68,71659.71,71754.99,133.74153,2026-03-15T11:44:59.999000+00:00,9590076.7888467,13596,58.6583,4206771.7123402
2026-03-15T11:45:00+00:00,71754.99,71888.0,71735.07,71839.42,140.88623,2026-03-15T11:59:59.999000+00:00,10121242.184113,15983,96.46481,6930228.1100184
2026-03-15T12:00:00+00:00,71839.41,71839.42,71698.92,71702.74,101.56273,2026-03-15T12:14:59.999000+00:00,7288798.6214795,17733,35.68122,2560230.3516648
2026-03-15T12:15:00+00:00,71702.75,71757.18,71664.24,71706.97,44.09789,2026-03-15T12:29:59.999000+00:00,3162106.8063466,11192,19.00755,1362999.9383187
2026-03-15T12:30:00+00:00,71706.97,71733.23,71560.21,71567.28,107.03211,2026-03-15T12:44:59.999000+00:00,7667975.0904883,18826,26.22081,1878788.2533004
2026-03-15T12:45:00+00:00,71567.28,71659.01,71567.28,71610.33,72.06976,2026-03-15T12:59:59.999000+00:00,5161428.6560289,17059,28.83861,2065340.5325456
2026-03-15T13:00:00+00:00,71610.33,71679.81,71266.35,71442.49,396.95027,2026-03-15T13:14:59.999000+00:00,28390063.9387157,43689,79.12389,5654792.7864439
2026-03-15T13:15:00+00:00,71442.49,71547.18,71263.99,71526.9,212.40472,2026-03-15T13:29:59.999000+00:00,15167364.3352783,35555,120.17601,8582259.1413731
2026-03-15T13:30:00+00:00,71526.91,71576.93,71280.0,71449.89,386.30004,2026-03-15T13:44:59.999000+00:00,27571075.3848202,42159,144.63296,10325171.1789666
2026-03-15T13:45:00+00:00,71449.89,71623.03,71392.77,71607.54,112.82686,2026-03-15T13:59:59.999000+00:00,8069327.379877,24748,71.55305,5118946.1794156
2026-03-15T14:00:00+00:00,71607.54,71624.6,71532.0,71579.35,117.52145,2026-03-15T14:14:59.999000+00:00,8412315.453905,22392,48.88421,3499360.6906409
2026-03-15T14:15:00+00:00,71579.35,71579.35,71406.77,71457.39,79.60465,2026-03-15T14:29:59.999000+00:00,5688950.5635351,21456,33.56052,2398356.5779094
2026-03-15T14:30:00+00:00,71457.39,71484.39,71341.68,71484.38,81.84936,2026-03-15T14:44:59.999000+00:00,5844775.5378179,23587,36.14578,2581121.7678823
2026-03-15T14:45:00+00:00,71484.38,71635.56,71431.83,71622.03,173.11697,2026-03-15T14:59:59.999000+00:00,12390439.4375613,18820,117.69598,8422652.0461631
2026-03-15T15:00:00+00:00,71622.04,71626.0,71500.0,71546.93,60.41319,2026-03-15T15:14:59.999000+00:00,4323365.7612578,18090,23.86165,1707643.5466874
2026-03-15T15:15:00+00:00,71546.93,71604.87,71459.5,71472.8,54.51218,2026-03-15T15:29:59.999000+00:00,3898920.9512487,17030,25.51087,1824654.1546692
2026-03-15T15:30:00+00:00,71472.8,71543.64,71410.0,71486.52,77.64931,2026-03-15T15:44:59.999000+00:00,5552289.9355006,18998,55.69334,3982385.2374819
2026-03-15T15:45:00+00:00,71486.51,71517.55,71473.53,71481.24,17.43791,2026-03-15T15:59:59.999000+00:00,1246776.238195,10729,10.80218,772340.2762246
2026-03-15T16:00:00+00:00,71481.24,71586.75,71454.62,71559.98,35.8406,2026-03-15T16:14:59.999000+00:00,2563976.4843076,15951,21.55802,1542173.108439
2026-03-15T16:15:00+00:00,71559.98,71562.98,71320.08,71405.7,109.25115,2026-03-15T16:29:59.999000+00:00,7801964.6930827,28629,52.29062,3732928.2692993
2026-03-15T16:30:00+00:00,71405.69,71500.0,71330.56,71450.02,100.93877,2026-03-15T16:44:59.999000+00:00,7205715.8336727,21932,78.14978,5578758.1030137
2026-03-15T16:45:00+00:00,71450.02,71464.99,71340.0,71437.35,56.58719,2026-03-15T16:59:59.999000+00:00,4040783.3437163,14949,31.79796,2270757.9276322
2026-03-15T17:00:00+00:00,71437.35,71512.88,71409.74,71482.12,38.99941,2026-03-15T17:14:59.999000+00:00,2787206.1519562,15502,28.1742,2013547.7575719
2026-03-15T17:15:00+00:00,71482.11,71543.31,71455.96,71515.17,79.75753,2026-03-15T17:29:59.999000+00:00,5703601.0429623,15836,61.12266,4371271.8809647
2026-03-15T17:30:00+00:00,71515.16,71545.2,71483.84,71521.37,26.85174,2026-03-15T17:44:59.999000+00:00,1920260.4576587,11233,13.20642,944418.5334017
2026-03-15T17:45:00+00:00,71521.37,71989.93,71521.37,71819.95,220.19194,2026-03-15T17:59:59.999000+00:00,15802636.2276683,50378,146.61531,10520039.8200797
2026-03-15T18:00:00+00:00,71819.96,71885.55,71705.19,71719.15,85.81391,2026-03-15T18:14:59.999000+00:00,6160769.1868238,26002,34.14095,2451261.4671143
2026-03-15T18:15:00+00:00,71719.15,71780.0,71688.8,71726.37,43.096,2026-03-15T18:29:59.999000+00:00,3091154.3845154,17891,21.1746,1518744.4533008
2026-03-15T18:30:00+00:00,71726.38,71828.0,71692.0,71692.01,51.05735,2026-03-15T18:44:59.999000+00:00,3663615.5189196,20927,24.81957,1780669.2735164
2026-03-15T18:45:00+00:00,71692.0,71709.79,71321.87,71390.53,141.13949,2026-03-15T18:59:59.999000+00:00,10089180.3432407,38098,52.19429,3731440.4577378
2026-03-15T19:00:00+00:00,71390.53,71529.41,71338.67,71488.81,125.26732,2026-03-15T19:14:59.999000+00:00,8946966.9053491,31913,61.23959,4374397.3119507
2026-03-15T19:15:00+00:00,71488.82,71546.72,71421.0,71525.33,52.62439,2026-03-15T19:29:59.999000+00:00,3761331.8504069,12425,23.80863,1701708.3478401
2026-03-15T19:30:00+00:00,71525.33,71582.83,71460.93,71493.44,47.03333,2026-03-15T19:44:59.999000+00:00,3363309.9818145,13811,22.50661,1609381.2824301
2026-03-15T19:45:00+00:00,71493.44,71558.91,71462.36,71549.94,26.67468,2026-03-15T19:59:59.999000+00:00,1907597.1619214,11133,16.41723,1174039.3848553
2026-03-15T20:00:00+00:00,71549.94,71558.58,71504.56,71531.75,14.47566,2026-03-15T20:14:59.999000+00:00,1035488.6394552,8835,9.70752,694405.7516695
2026-03-15T20:15:00+00:00,71531.76,71575.16,71433.75,71485.6,27.25047,2026-03-15T20:29:59.999000+00:00,1948655.1215583,11825,15.38372,1100133.2589411
2026-03-15T20:30:00+00:00,71485.61,71930.0,71485.61,71846.68,124.92868,2026-03-15T20:44:59.999000+00:00,8965799.1640444,39766,87.20616,6257766.6049556
2026-03-15T20:45:00+00:00,71846.68,71886.0,71724.06,71730.81,69.89085,2026-03-15T20:59:59.999000+00:00,5016736.9144443,16103,26.23456,1883231.7977392
2026-03-15T21:00:00+00:00,71730.81,71754.0,71629.99,71646.15,44.20445,2026-03-15T21:14:59.999000+00:00,3168772.0017059,16778,22.14622,1587485.2386228
2026-03-15T21:15:00+00:00,71646.15,71810.06,71646.15,71761.24,62.03067,2026-03-15T21:29:59.999000+00:00,4449642.1071403,17478,40.47864,2903382.7391888
2026-03-15T21:30:00+00:00,71761.25,72221.87,71761.25,72105.63,257.52775,2026-03-15T21:44:59.999000+00:00,18556703.2383216,57943,190.66877,13737870.1279053
2026-03-15T21:45:00+00:00,72105.64,72222.0,72020.9,72109.58,96.04055,2026-03-15T21:59:59.999000+00:00,6923654.1182998,44593,44.59288,3214280.7689188
2026-03-15T22:00:00+00:00,72109.59,72313.64,71771.57,71796.79,244.6629,2026-03-15T22:14:59.999000+00:00,17639349.8684605,76907,118.68454,8560853.1837006
2026-03-15T22:15:00+00:00,71796.79,71971.17,71725.74,71931.49,102.45126,2026-03-15T22:29:59.999000+00:00,7360517.9406451,38339,56.29174,4044263.0547227
2026-03-15T22:30:00+00:00,71931.49,72500.0,71931.49,72391.41,350.14205,2026-03-15T22:44:59.999000+00:00,25299147.8542928,89821,238.92407,17260158.8508011
2026-03-15T22:45:00+00:00,72391.4,73081.77,72391.4,72749.44,774.19324,2026-03-15T22:59:59.999000+00:00,56298977.9720907,107787,446.73678,32496403.1477342
2026-03-15T23:00:00+00:00,72749.45,73199.0,72740.63,72991.99,526.82881,2026-03-15T23:14:59.999000+00:00,38447228.3484033,119745,279.42114,20392834.2409761
2026-03-15T23:15:00+00:00,72992.0,73119.92,72473.55,72479.04,482.41778,2026-03-15T23:29:59.999000+00:00,35092070.6646473,83840,149.24659,10855465.4638455
2026-03-15T23:30:00+00:00,72479.05,72747.22,72420.44,72701.07,210.80346,2026-03-15T23:44:59.999000+00:00,15295907.7959592,60760,108.91938,7904694.6680629
2026-03-15T23:45:00+00:00,72701.07,72824.0,72548.55,72815.24,173.58056,2026-03-15T23:59:59.999000+00:00,12621955.6850758,46621,96.17561,6995054.2003972
2026-03-16T00:00:00+00:00,72815.25,73008.94,72714.59,72714.59,251.02228,2026-03-16T00:14:59.999000+00:00,18296877.3365357,76129,126.54071,9224514.2772612
2026-03-16T00:15:00+00:00,72714.6,72870.05,72501.98,72512.3,145.77421,2026-03-16T00:29:59.999000+00:00,10585771.441577,43734,57.13744,4150005.5009269
2026-03-16T00:30:00+00:00,72512.31,72687.24,72452.26,72515.54,147.502,2026-03-16T00:44:59.999000+00:00,10703564.810397,41855,67.88945,4926828.1513873
2026-03-16T00:45:00+00:00,72515.53,72665.67,72512.19,72531.26,141.13601,2026-03-16T00:59:59.999000+00:00,10244908.2818563,30299,49.9588,3626341.338396
2026-03-16T01:00:00+00:00,72531.27,72620.0,72270.41,72317.19,245.66499,2026-03-16T01:14:59.999000+00:00,17793837.1610423,46243,132.2883,9581938.6242799
2026-03-16T01:15:00+00:00,72317.19,72688.0,72317.19,72645.39,179.3355,2026-03-16T01:29:59.999000+00:00,13004056.8259523,48241,131.9902,9570334.3694927
2026-03-16T01:30:00+00:00,72645.38,72660.0,72484.12,72590.46,181.39601,2026-03-16T01:44:59.999000+00:00,13165802.9417259,46290,72.1281,5235311.6552414
2026-03-16T01:45:00+00:00,72590.47,72852.28,72584.82,72752.9,109.47963,2026-03-16T01:59:59.999000+00:00,7963757.9015288,36631,62.50203,4546092.0570259
2026-03-16T02:00:00+00:00,72752.9,72852.28,72667.3,72694.37,108.13313,2026-03-16T02:14:59.999000+00:00,7868970.7374733,35486,51.73756,3765401.4847957
2026-03-16T02:15:00+00:00,72694.37,72744.73,72386.0,72451.44,219.28849,2026-03-16T02:29:59.999000+00:00,15905787.2793265,35944,46.87466,3399104.0880872
2026-03-16T02:30:00+00:00,72451.43,72486.05,72368.08,72444.13,79.42468,2026-03-16T02:44:59.999000+00:00,5751954.2265109,24744,43.92324,3180852.1834157
2026-03-16T02:45:00+00:00,72444.13,72593.58,72419.28,72514.69,80.27337,2026-03-16T02:59:59.999000+00:00,5818406.7658906,19713,64.54131,4677597.7600699
2026-03-16T03:00:00+00:00,72514.69,72586.8,72436.02,72528.13,60.01533,2026-03-16T03:14:59.999000+00:00,4352366.3717971,23949,31.67976,2297465.9978886
2026-03-16T03:15:00+00:00,72528.12,72883.27,72490.29,72857.64,192.48432,2026-03-16T03:29:59.999000+00:00,14002628.1705434,46777,125.91367,9159372.422002
2026-03-16T03:30:00+00:00,72857.64,74330.34,72856.56,73769.99,2695.78688,2026-03-16T03:44:59.999000+00:00,198879606.575419,221998,1602.01249,118138137.7380305
2026-03-16T03:45:00+00:00,73770.0,73869.94,73533.46,73573.32,476.44016,2026-03-16T03:59:59.999000+00:00,35104260.035633,73556,206.48012,15214458.6666532
2026-03-16T04:00:00+00:00,73573.31,73805.0,73573.31,73695.95,422.79141,2026-03-16T04:14:59.999000+00:00,31156418.6848956,63008,254.70226,18773345.5279497
2026-03-16T04:15:00+00:00,73695.95,74059.97,73590.0,73605.9,448.0545,2026-03-16T04:29:59.999000+00:00,33060607.0034417,68056,240.5737,17754356.6528128
2026-03-16T04:30:00+00:00,73605.9,73827.56,73605.9,73632.81,254.54206,2026-03-16T04:44:59.999000+00:00,18757036.9964274,61847,155.40504,11451374.9608087
2026-03-16T04:45:00+00:00,73632.82,74451.03,73603.02,73835.62,782.37964,2026-03-16T04:59:59.999000+00:00,57932340.3086762,97093,433.26345,32078216.3426023
2026-03-16T05:00:00+00:00,73835.62,74089.98,73733.6,73866.52,350.57761,2026-03-16T05:14:59.999000+00:00,25896885.9775557,68250,188.78843,13946922.2339829
2026-03-16T05:15:00+00:00,73866.51,73970.5,73782.41,73909.56,230.76775,2026-03-16T05:29:59.999000+00:00,17050641.211041,45568,121.07683,8946240.1725421
2026-03-16T05:30:00+00:00,73909.56,74095.31,73720.0,74045.37,277.03613,2026-03-16T05:44:59.999000+00:00,20476150.134234,43220,161.912,11966829.619147
2026-03-16T05:45:00+00:00,74045.38,74258.07,74000.61,74207.49,562.74022,2026-03-16T05:59:59.999000+00:00,41710781.62299,58760,337.72316,25033536.4891612
2026-03-16T06:00:00+00:00,74207.49,74207.5,73610.0,73715.13,486.64395,2026-03-16T06:14:59.999000+00:00,35923462.9051348,55020,161.20443,11898754.521633
2026-03-16T06:15:00+00:00,73715.13,73830.0,73691.91,73711.0,280.41702,2026-03-16T06:29:59.999000+00:00,20682882.535577,41823,163.31134,12045539.7357294
2026-03-16T06:30:00+00:00,73710.99,73856.51,73701.01,73826.98,172.40319,2026-03-16T06:44:59.999000+00:00,12722380.2326549,36459,95.66507,7059345.5705896
2026-03-16T06:45:00+00:00,73826.98,73843.43,73714.35,73714.36,289.9342,2026-03-16T06:59:59.999000+00:00,21397474.060596,24858,228.75902,16883080.9122198
2026-03-16T07:00:00+00:00,73714.36,73924.83,73649.73,73852.84,211.82641,2026-03-16T07:14:59.999000+00:00,15633834.7824211,33385,103.37902,7631009.2945376
2026-03-16T07:15:00+00:00,73852.83,73855.88,73700.0,73835.35,162.80545,2026-03-16T07:29:59.999000+00:00,12009465.3456911,30880,88.24427,6509252.179841
2026-03-16T07:30:00+00:00,73835.35,73872.48,73455.28,73484.86,303.71872,2026-03-16T07:44:59.999000+00:00,22356873.127211,52451,95.6033,7037334.5637164
2026-03-16T07:45:00+00:00,73484.86,73528.94,73385.18,73456.68,280.5868,2026-03-16T07:59:59.999000+00:00,20613185.5023473,35499,107.45372,7894114.065235
2026-03-16T08:00:00+00:00,73456.69,73776.13,73456.69,73514.27,300.67963,2026-03-16T08:14:59.999000+00:00,22146307.4979858,39192,152.59749,11237164.2685378
2026-03-16T08:15:00+00:00,73514.27,73560.23,73352.05,73352.06,371.07229,2026-03-16T08:29:59.999000+00:00,27249991.5889723,44482,177.85315,13058762.2217855
2026-03-16T08:30:00+00:00,73352.05,73364.2,72892.04,72906.56,535.90572,2026-03-16T08:44:59.999000+00:00,39228280.7615205,65274,190.95044,13981618.7453451
2026-03-16T08:45:00+00:00,72906.56,73186.95,72888.8,73135.0,354.4109,2026-03-16T08:59:59.999000+00:00,25890025.6261065,60645,170.06637,12425263.3118832
2026-03-16T09:00:00+00:00,73135.0,73229.67,73057.25,73132.46,144.92494,2026-03-16T09:14:59.999000+00:00,10600093.1912369,36290,94.45596,6908916.240473
2026-03-16T09:15:00+00:00,73132.47,73280.0,73130.08,73278.0,148.90035,2026-03-16T09:29:59.999000+00:00,10900756.2961107,35290,89.08084,6520968.8664421
2026-03-16T09:30:00+00:00,73277.99,73278.02,73182.76,73201.4,129.03781,2026-03-16T09:44:59.999000+00:00,9450092.4078414,31958,69.54948,5093361.272944
2026-03-16T09:45:00+00:00,73201.39,73331.88,73185.36,73260.92,108.8578,2026-03-16T09:59:59.999000+00:00,7976527.2301518,30060,63.05803,4620573.3180745
2026-03-16T10:00:00+00:00,73260.92,73470.96,73260.91,73338.33,179.31604,2026-03-16T10:14:59.999000+00:00,13155278.9043404,44674,101.12883,7418714.5271321
2026-03-16T10:15:00+00:00,73338.33,73497.77,73300.0,73453.71,243.89796,2026-03-16T10:29:59.999000+00:00,17900233.5381082,46003,151.73668,11138174.9892138
2026-03-16T10:30:00+00:00,73453.71,73453.72,73202.89,73253.21,227.82458,2026-03-16T10:44:59.999000+00:00,16698593.1087739,37916,99.05701,7262659.5753365
2026-03-16T10:45:00+00:00,73253.22,73783.42,73223.6,73783.42,387.41407,2026-03-16T10:59:59.999000+00:00,28506031.809667,55886,226.89523,16692152.1516781
2026-03-16T11:00:00+00:00,73783.42,73838.76,73600.0,73606.92,169.05032,2026-03-16T11:14:59.999000+00:00,12465089.4638886,42692,87.77403,6472933.8448076
2026-03-16T11:15:00+00:00,73606.92,73748.47,73535.62,73556.24,97.44205,2026-03-16T11:29:59.999000+00:00,7175286.9066565,35199,48.27671,3555346.5949335
2026-03-16T11:30:00+00:00,73556.24,73658.77,73515.33,73626.28,112.84843,2026-03-16T11:44:59.999000+00:00,8304986.0433414,23145,73.69151,5423556.5036983
2026-03-16T11:45:00+00:00,73626.27,73677.32,73528.92,73552.77,301.35105,2026-03-16T11:59:59.999000+00:00,22175829.5303605,26090,238.16704,17525662.51923
2026-03-16T12:00:00+00:00,73552.78,73819.23,73465.46,73596.63,193.01543,2026-03-16T12:14:59.999000+00:00,14204867.2752282,48716,121.45997,8938679.2024463
2026-03-16T12:15:00+00:00,73596.63,73894.56,73488.45,73878.04,256.96266,2026-03-16T12:29:59.999000+00:00,18943430.3443065,53537,189.22074,13949968.9727655
2026-03-16T12:30:00+00:00,73878.05,74044.0,73756.74,73807.63,394.64695,2026-03-16T12:44:59.999000+00:00,29165462.0380525,60705,222.37269,16436664.037704
2026-03-16T12:45:00+00:00,73807.63,73877.94,73713.63,73864.8,76.93255,2026-03-16T12:59:59.999000+00:00,5676931.7096768,31977,34.7796,2566642.1130512
2026-03-16T13:00:00+00:00,73864.81,74006.58,73839.27,73967.86,109.78469,2026-03-16T13:14:59.999000+00:00,8115105.8902059,39044,67.02146,4954402.610943
2026-03-16T13:15:00+00:00,73967.87,73988.0,73787.0,73902.9,100.78323,2026-03-16T13:29:59.999000+00:00,7446542.4475823,32740,51.77784,3825303.2239546
2026-03-16T13:30:00+00:00,73902.89,74509.52,73838.0,74079.66,899.62458,2026-03-16T13:44:59.999000+00:00,66805293.4762198,165041,527.69619,39194289.0903785
2026-03-16T13:45:00+00:00,74079.65,74412.54,73869.23,74109.55,483.31816,2026-03-16T13:59:59.999000+00:00,35836182.7544403,123401,252.65594,18737426.7165028
2026-03-16T14:00:00+00:00,74109.56,74460.19,73963.42,74298.61,427.10147,2026-03-16T14:14:59.999000+00:00,31720495.545118,117861,232.61933,17277761.8132531
2026-03-16T14:15:00+00:00,74298.62,74373.99,73604.85,73618.49,439.47514,2026-03-16T14:29:59.999000+00:00,32547988.7684984,111206,151.54134,11225957.3197911
2026-03-16T14:30:00+00:00,73618.49,73640.72,72990.52,73136.06,935.3188,2026-03-16T14:44:59.999000+00:00,68519920.7909377,163574,336.97909,24694883.4565046
2026-03-16T14:45:00+00:00,73136.06,73588.96,73012.45,73565.54,402.80046,2026-03-16T14:59:59.999000+00:00,29508315.8424381,104636,215.83724,15817096.5918
2026-03-16T15:00:00+00:00,73565.54,73788.88,73325.0,73677.67,292.44331,2026-03-16T15:14:59.999000+00:00,21505874.2016793,104309,172.60938,12698043.2284891
2026-03-16T15:15:00+00:00,73677.67,73908.17,73563.47,73841.21,278.35381,2026-03-16T15:29:59.999000+00:00,20534233.6576326,75478,169.1559,12478979.7492201
2026-03-16T15:30:00+00:00,73841.21,74030.0,73504.59,73555.01,248.70046,2026-03-16T15:44:59.999000+00:00,18336155.8944535,72932,151.33136,11157453.0682721
2026-03-16T15:45:00+00:00,73555.01,73612.36,73186.5,73274.76,205.15819,2026-03-16T15:59:59.999000+00:00,15054983.0006337,71748,80.32828,5895031.6228657
2026-03-16T16:00:00+00:00,73274.75,73503.31,73160.66,73342.48,241.19959,2026-03-16T16:14:59.999000+00:00,17678615.476894,73611,133.38178,9777164.2382007
2026-03-16T16:15:00+00:00,73342.47,73496.3,73335.06,73413.67,215.35363,2026-03-16T16:29:59.999000+00:00,15812317.7994973,60291,121.58331,8927051.3488051
2026-03-16T16:30:00+00:00,73413.68,73671.8,73322.98,73657.29,326.97139,2026-03-16T16:44:59.999000+00:00,24022700.572803,59880,192.09962,14114633.8086835
2026-03-16T16:45:00+00:00,73657.3,73901.95,73601.25,73760.63,233.1972,2026-03-16T16:59:59.999000+00:00,17202014.3249309,67762,129.04738,9517940.5346732
2026-03-16T17:00:00+00:00,73760.63,73950.05,73696.0,73835.65,254.22014,2026-03-16T17:14:59.999000+00:00,18765455.4516015,72194,124.51947,9191667.7478862
2026-03-16T17:15:00+00:00,73835.66,73888.0,73679.19,73683.26,94.17191,2026-03-16T17:29:59.999000+00:00,6948445.7439208,41684,42.10942,3107193.3826753
2026-03-16T17:30:00+00:00,73683.27,73965.61,73648.7,73893.28,152.90363,2026-03-16T17:44:59.999000+00:00,11288906.6774495,59370,82.07211,6059413.2253849
2026-03-16T17:45:00+00:00,73893.29,74065.7,73768.0,73943.18,404.7484,2026-03-16T17:59:59.999000+00:00,29925642.9035438,55227,245.90811,18181445.7145799
2026-03-16T18:00:00+00:00,73943.17,74336.0,73907.13,74214.66,497.24317,2026-03-16T18:14:59.999000+00:00,36859342.1481002,81914,331.94925,24605632.8984781
2026-03-16T18:15:00+00:00,74214.66,74307.0,74105.23,74248.86,244.65702,2026-03-16T18:29:59.999000+00:00,18155949.3230349,64397,108.28627,8036347.9487149
2026-03-16T18:30:00+00:00,74249.32,74356.32,74014.14,74206.32,178.28115,2026-03-16T18:44:59.999000+00:00,13229443.6927049,61622,97.6138,7244384.5538751
2026-03-16T18:45:00+00:00,74206.31,74206.31,73860.0,73913.6,166.77612,2026-03-16T18:59:59.999000+00:00,12342869.3980649,40724,53.97604,3995562.8743905
2026-03-16T19:00:00+00:00,73913.6,74418.6,73781.54,74167.88,517.13057,2026-03-16T19:14:59.999000+00:00,38307344.3072129,93625,256.29475,18999015.9769729
2026-03-16T19:15:00+00:00,74167.88,74265.95,73970.34,74110.13,186.81645,2026-03-16T19:29:59.999000+00:00,13845898.3109833,66694,79.14669,5865947.470364
2026-03-16T19:30:00+00:00,74110.13,74247.5,74105.69,74145.97,139.06553,2026-03-16T19:44:59.999000+00:00,10314969.5787821,43451,58.05624,4306176.6642925
2026-03-16T19:45:00+00:00,74145.96,74159.47,73848.48,73963.0,279.07256,2026-03-16T19:59:59.999000+00:00,20641716.3034513,56334,112.2972,8305816.1271927
2026-03-16T20:00:00+00:00,73963.0,73982.46,73863.2,73906.51,123.01446,2026-03-16T20:14:59.999000+00:00,9094205.6536409,25063,72.20084,5337924.3725237
2026-03-16T20:15:00+00:00,73906.5,74067.23,73879.08,73977.99,99.51757,2026-03-16T20:29:59.999000+00:00,7362924.6498448,26764,44.28389,3276241.6280993
2026-03-16T20:30:00+00:00,73977.99,74110.0,73977.99,74041.62,88.78463,2026-03-16T20:44:59.999000+00:00,6574000.0925282,26526,48.54327,3594691.6205744
2026-03-16T20:45:00+00:00,74041.63,74248.95,74041.63,74236.9,113.27679,2026-03-16T20:59:59.999000+00:00,8400843.4383191,27963,70.24797,5209339.2862497
2026-03-16T21:00:00+00:00,74236.9,74505.0,74150.0,74367.93,387.53669,2026-03-16T21:14:59.999000+00:00,28813254.4336392,61971,236.32956,17577127.8247711
2026-03-16T21:15:00+00:00,74367.93,74474.5,74204.81,74280.05,171.89482,2026-03-16T21:29:59.999000+00:00,12776958.987066,36099,69.84303,5190972.6191603
2026-03-16T21:30:00+00:00,74280.05,74799.0,74255.32,74436.0,514.54846,2026-03-16T21:44:59.999000+00:00,38374441.2236088,70715,293.38373,21882560.8909875
2026-03-16T21:45:00+00:00,74436.0,74617.53,74354.94,74401.36,172.97224,2026-03-16T21:59:59.999000+00:00,12886358.6308102,48447,93.91626,6997775.6579864
2026-03-16T22:00:00+00:00,74401.35,74899.99,74378.43,74874.6,337.18437,2026-03-16T22:14:59.999000+00:00,25210752.2309097,69337,230.14668,17206483.839842
2026-03-16T22:15:00+00:00,74874.6,74894.67,74583.45,74660.31,246.35293,2026-03-16T22:29:59.999000+00:00,18408249.6525831,59883,133.1893,9952539.7862317
2026-03-16T22:30:00+00:00,74660.31,74783.23,74621.0,74764.81,149.4055,2026-03-16T22:44:59.999000+00:00,11164102.8882651,34994,82.7179,6180618.184853
2026-03-16T22:45:00+00:00,74764.81,74874.95,74687.5,74772.66,325.78788,2026-03-16T22:59:59.999000+00:00,24358684.3299667,37939,179.30939,13408462.8345604
2026-03-16T23:00:00+00:00,74773.56,74773.56,74250.21,74392.5,502.47865,2026-03-16T23:14:59.999000+00:00,37420139.6181158,58906,226.05425,16832085.4739604
2026-03-16T23:15:00+00:00,74392.51,74615.74,74392.5,74612.39,190.39226,2026-03-16T23:29:59.999000+00:00,14189146.7809306,36611,129.84635,9677767.913902
2026-03-16T23:30:00+00:00,74612.39,74900.0,74595.86,74874.93,287.98056,2026-03-16T23:44:59.999000+00:00,21531068.7826247,38479,193.451,14463053.7899462
2026-03-16T23:45:00+00:00,74874.93,74909.08,74682.0,74884.67,178.85804,2026-03-16T23:59:59.999000+00:00,13384583.3227655,38538,110.02966,8234698.0337419
2026-03-17T00:00:00+00:00,74884.67,75462.09,74614.18,75409.33,999.34529,2026-03-17T00:14:59.999000+00:00,75046637.1141992,131804,686.08338,51529690.4611748
2026-03-17T00:15:00+00:00,75409.33,75520.23,74837.32,75080.2,621.57972,2026-03-17T00:29:59.999000+00:00,46740512.4167489,117804,305.6201,22984046.9254106
2026-03-17T00:30:00+00:00,75080.19,75244.05,74913.57,74996.96,352.40867,2026-03-17T00:44:59.999000+00:00,26462908.7201465,81371,144.96424,10888252.0540453
2026-03-17T00:45:00+00:00,74996.96,75318.48,74923.59,75318.48,200.20302,2026-03-17T00:59:59.999000+00:00,15022622.8169715,51320,124.29734,9327085.3160265
2026-03-17T01:00:00+00:00,75318.48,75978.0,75074.37,75840.88,758.95332,2026-03-17T01:14:59.999000+00:00,57385718.4403801,147436,494.53099,37406606.1711883
2026-03-17T01:15:00+00:00,75840.88,75981.52,75607.84,75933.8,385.42543,2026-03-17T01:29:59.999000+00:00,29216247.7205424,84811,195.0416,14788672.8197082
2026-03-17T01:30:00+00:00,75933.8,76000.0,75507.51,75678.16,542.19866,2026-03-17T01:44:59.999000+00:00,41091855.7751691,96652,309.29605,23446680.6325882
2026-03-17T01:45:00+00:00,75678.17,75776.01,75457.7,75623.91,266.51132,2026-03-17T01:59:59.999000+00:00,20150470.5761789,59182,103.06656,7792719.3265133
2026-03-17T02:00:00+00:00,75623.91,75677.66,75128.17,75243.62,384.28273,2026-03-17T02:14:59.999000+00:00,28940942.5434693,64598,129.91204,9785135.5318098
2026-03-17T02:15:00+00:00,75243.63,75271.35,75114.67,75172.0,258.36338,2026-03-17T02:29:59.999000+00:00,19421726.9623353,42967,120.25252,9039798.8192493
2026-03-17T02:30:00+00:00,75172.01,75466.0,75119.07,75396.16,157.96484,2026-03-17T02:44:59.999000+00:00,11898492.6932653,48999,84.79116,6387406.8913074
2026-03-17T02:45:00+00:00,75396.16,75421.99,75140.15,75198.02,267.63684,2026-03-17T02:59:59.999000+00:00,20147885.7069535,44751,114.92617,8650703.3771188
2026-03-17T03:00:00+00:00,75198.02,75326.15,74933.33,74943.79,229.54277,2026-03-17T03:14:59.999000+00:00,17241406.7589528,52508,81.38612,6115862.8424712
2026-03-17T03:15:00+00:00,74943.79,75000.0,74731.97,74823.46,397.79673,2026-03-17T03:29:59.999000+00:00,29784751.0324877,59042,138.67277,10385413.9225435
2026-03-17T03:30:00+00:00,74823.46,74838.1,74348.42,74422.85,712.39018,2026-03-17T03:44:59.999000+00:00,53129146.8497018,93734,197.93159,14757420.8269401
2026-03-17T03:45:00+00:00,74422.86,74530.6,74268.73,74463.98,390.60763,2026-03-17T03:59:59.999000+00:00,29056503.4777449,68197,188.28883,14009059.5823803
2026-03-17T04:00:00+00:00,74463.98,74712.89,74432.26,74674.06,517.41397,2026-03-17T04:14:59.999000+00:00,38583155.7808401,55395,247.59391,18471666.5257732
2026-03-17T04:15:00+00:00,74674.05,74681.68,74300.74,74419.33,278.84039,2026-03-17T04:29:59.999000+00:00,20759769.1109463,49675,105.6994,7866649.8186722
2026-03-17T04:30:00+00:00,74419.34,74500.0,73980.16,74051.38,908.52652,2026-03-17T04:44:59.999000+00:00,67360080.0887927,68794,264.10358,19578846.4236854
2026-03-17T04:45:00+00:00,74051.38,74291.63,74014.56,74252.01,312.33799,2026-03-17T04:59:59.999000+00:00,23175829.2479047,34125,160.22075,11889860.5811031
2026-03-17T05:00:00+00:00,74252.0,74389.3,74089.38,74280.46,367.85114,2026-03-17T05:14:59.999000+00:00,27312302.3880409,36428,218.29594,16208698.8510808
2026-03-17T05:15:00+00:00,74280.47,74417.19,74191.78,74406.55,182.7678,2026-03-17T05:29:59.999000+00:00,13585348.3337012,25284,98.51596,7325327.4750855
2026-03-17T05:30:00+00:00,74406.56,74459.99,73895.91,73943.01,314.49042,2026-03-17T05:44:59.999000+00:00,23319888.9827551,43561,69.89408,5183628.9816889
2026-03-17T05:45:00+00:00,73943.01,74103.02,73784.0,74036.74,385.7076,2026-03-17T05:59:59.999000+00:00,28523726.1492087,53441,233.19396,17252286.4271574
2026-03-17T06:00:00+00:00,74036.74,74165.0,73877.56,74145.18,332.84171,2026-03-17T06:14:59.999000+00:00,24623604.2797823,51979,181.58217,13433280.4524083
2026-03-17T06:15:00+00:00,74145.17,74266.66,74079.73,74212.41,171.73102,2026-03-17T06:29:59.999000+00:00,12739067.9767575,37261,81.45224,6042207.6532178
2026-03-17T06:30:00+00:00,74212.42,74276.66,73980.0,74004.78,228.61274,2026-03-17T06:44:59.999000+00:00,16959328.5602822,39671,96.27116,7143699.3926564
2026-03-17T06:45:00+00:00,74004.78,74094.52,73954.74,74085.45,146.56202,2026-03-17T06:59:59.999000+00:00,10848986.8246199,29410,53.43403,3955302.6120639
2026-03-17T07:00:00+00:00,74085.46,74361.03,74066.4,74324.03,177.44352,2026-03-17T07:14:59.999000+00:00,13169310.479596,32934,92.34115,6854650.7278241
2026-03-17T07:15:00+00:00,74324.04,74457.72,74320.79,74403.62,182.57063,2026-03-17T07:29:59.999000+00:00,13580689.7744345,41258,86.49374,6433720.1972182
2026-03-17T07:30:00+00:00,74403.62,74403.62,74300.0,74400.0,295.78749,2026-03-17T07:44:59.999000+00:00,21994303.8001527,33500,125.33274,9320346.6900021
2026-03-17T07:45:00+00:00,74400.0,74400.0,74220.0,74249.32,115.44036,2026-03-17T07:59:59.999000+00:00,8576108.9796512,23061,31.04142,2305803.0093638
2026-03-17T08:00:00+00:00,74249.32,74452.97,74174.63,74230.0,122.45777,2026-03-17T08:14:59.999000+00:00,9102621.0536615,31914,62.66066,4657625.8274594
2026-03-17T08:15:00+00:00,74230.01,74400.0,74108.01,74306.23,110.44847,2026-03-17T08:29:59.999000+00:00,8202914.3694935,32620,63.1739,4693659.4443364
2026-03-17T08:30:00+00:00,74306.22,74447.77,74172.63,74394.28,130.93406,2026-03-17T08:44:59.999000+00:00,9728665.141856,32849,78.23046,5814073.6375016
2026-03-17T08:45:00+00:00,74394.28,74424.39,74140.53,74188.38,97.81265,2026-03-17T08:59:59.999000+00:00,7266687.9743969,25617,44.9128,3337559.7882147
2026-03-17T09:00:00+00:00,74188.38,74257.92,74032.94,74047.64,188.69078,2026-03-17T09:14:59.999000+00:00,13985290.3245766,33523,75.61907,5604411.837546
2026-03-17T09:15:00+00:00,74047.63,74406.03,73999.0,74311.79,313.16358,2026-03-17T09:29:59.999000+00:00,23234985.1283987,48490,156.10982,11585751.9403496
2026-03-17T09:30:00+00:00,74311.78,74330.81,74143.1,74194.85,177.43852,2026-03-17T09:44:59.999000+00:00,13167168.9313805,30211,83.71245,6211847.6897925
2026-03-17T09:45:00+00:00,74194.84,74194.85,73841.62,73937.16,184.86975,2026-03-17T09:59:59.999000+00:00,13682467.9719593,36791,85.29777,6311835.6949557
2026-03-17T10:00:00+00:00,73937.16,73960.74,73560.98,73685.51,381.31165,2026-03-17T10:14:59.999000+00:00,28106088.9057393,66049,188.0952,13861819.6002609
2026-03-17T10:15:00+00:00,73685.51,73837.2,73580.33,73750.0,175.09215,2026-03-17T10:29:59.999000+00:00,12906624.8836339,42564,95.13949,7012180.9597732
2026-03-17T10:30:00+00:00,73750.0,73786.74,73596.59,73743.99,211.58952,2026-03-17T10:44:59.999000+00:00,15595451.5832854,45628,106.2405,7830603.5982754
2026-03-17T10:45:00+00:00,73743.98,73774.37,73639.71,73729.45,281.07578,2026-03-17T10:59:59.999000+00:00,20716791.8654648,33601,83.59329,6162407.7633264
2026-03-17T11:00:00+00:00,73729.45,73974.06,73682.01,73930.54,203.72784,2026-03-17T11:14:59.999000+00:00,15047177.0109037,47127,120.84256,8925098.7427584
2026-03-17T11:15:00+00:00,73930.55,74081.21,73887.67,74012.78,187.63697,2026-03-17T11:29:59.999000+00:00,13881114.205756,38571,114.79499,8492480.4071183
2026-03-17T11:30:00+00:00,74012.78,74127.98,73940.48,74107.82,136.55059,2026-03-17T11:44:59.999000+00:00,10110245.6685235,35013,85.07785,6299345.9106424
2026-03-17T11:45:00+00:00,74107.81,74224.16,74018.0,74033.11,120.04264,2026-03-17T11:59:59.999000+00:00,8898144.15902,28737,61.50703,4559759.6515582
2026-03-17T12:00:00+00:00,74033.1,74170.55,74008.67,74057.88,119.84785,2026-03-17T12:14:59.999000+00:00,8878019.6838476,30051,68.71968,5091189.8120235
2026-03-17T12:15:00+00:00,74057.88,74153.11,73780.0,73793.9,198.44399,2026-03-17T12:29:59.999000+00:00,14678481.6221845,49141,92.99019,6882056.8061893
2026-03-17T12:30:00+00:00,73793.89,73914.0,73698.0,73837.39,137.35468,2026-03-17T12:44:59.999000+00:00,10138328.0835771,46751,61.97632,4575154.1686809
2026-03-17T12:45:00+00:00,73837.39,73837.39,73672.25,73739.74,158.58784,2026-03-17T12:59:59.999000+00:00,11694157.8932177,35607,63.04669,4649285.5859286
2026-03-17T13:00:00+00:00,73739.74,73845.51,73689.68,73836.46,104.68526,2026-03-17T13:14:59.999000+00:00,7722375.6938655,39607,53.51569,3948121.3783096
2026-03-17T13:15:00+00:00,73836.46,73871.79,73666.0,73715.06,118.18991,2026-03-17T13:29:59.999000+00:00,8719024.0740048,34907,59.44765,4385312.699412
2026-03-17T13:30:00+00:00,73715.05,74167.39,73688.01,73721.08,487.10486,2026-03-17T13:44:59.999000+00:00,36009608.6471069,115552,239.629,17718876.4938617
2026-03-17T13:45:00+00:00,73721.07,73881.58,73399.19,73615.48,449.90441,2026-03-17T13:59:59.999000+00:00,33118432.2821435,94501,177.26426,13052349.5849982
2026-03-17T14:00:00+00:00,73615.49,73804.0,73424.79,73721.2,308.09709,2026-03-17T14:14:59.999000+00:00,22697745.2904081,74980,118.43054,8723747.2046251
2026-03-17T14:15:00+00:00,73721.2,73934.38,73534.0,73892.18,184.01093,2026-03-17T14:29:59.999000+00:00,13572313.9143044,76088,111.47426,8223463.5269125
2026-03-17T14:30:00+00:00,73892.17,74283.01,73892.17,74249.35,452.03931,2026-03-17T14:44:59.999000+00:00,33519806.9488914,94699,311.77316,23119114.5402824
2026-03-17T14:45:00+00:00,74249.34,74425.31,74109.43,74381.7,418.56775,2026-03-17T14:59:59.999000+00:00,31101079.8215584,77509,295.00905,21922122.7063354
2026-03-17T15:00:00+00:00,74381.69,74893.94,74100.0,74121.45,591.57475,2026-03-17T15:14:59.999000+00:00,44084881.408905,131773,329.24675,24547338.3822385
2026-03-17T15:15:00+00:00,74121.45,74292.12,73984.68,74054.35,224.33558,2026-03-17T15:29:59.999000+00:00,16629739.5634507,76161,100.58632,7457824.4534809
2026-03-17T15:30:00+00:00,74054.34,74154.34,73669.91,73902.0,372.60579,2026-03-17T15:44:59.999000+00:00,27518691.1117831,93776,179.58413,13265761.9241185
2026-03-17T15:45:00+00:00,73900.01,74059.08,73722.89,73914.39,182.20719,2026-03-17T15:59:59.999000+00:00,13469177.3581449,58502,88.07783,6511159.6741515
2026-03-17T16:00:00+00:00,73914.4,74153.56,73855.24,73972.33,194.23385,2026-03-17T16:14:59.999000+00:00,14372045.9194861,69641,93.84176,6944317.7468072
2026-03-17T16:15:00+00:00,73972.33,74350.0,73952.55,74205.21,189.99301,2026-03-17T16:29:59.999000+00:00,14100799.9738384,60635,107.96087,8013091.5582727
2026-03-17T16:30:00+00:00,74205.2,74237.24,73992.78,74136.66,222.52599,2026-03-17T16:44:59.999000+00:00,16485648.5758746,60962,105.65539,7827212.6888623
2026-03-17T16:45:00+00:00,74136.66,74250.99,74010.87,74155.69,141.11994,2026-03-17T16:59:59.999000+00:00,10464723.7900155,42291,74.49572,5524171.6951353
2026-03-17T17:00:00+00:00,74155.68,74300.0,74006.58,74218.9,276.02742,2026-03-17T17:14:59.999000+00:00,20479513.1682652,51883,188.48226,13985016.9829454
2026-03-17T17:15:00+00:00,74218.91,74444.07,74164.72,74287.75,202.36622,2026-03-17T17:29:59.999000+00:00,15037732.291664,49179,131.0672,9739916.3164817
2026-03-17T17:30:00+00:00,74287.74,74482.85,74211.27,74421.53,179.77973,2026-03-17T17:44:59.999000+00:00,13368298.5158389,48465,117.1901,8715121.0904895
2026-03-17T17:45:00+00:00,74421.53,74594.0,74364.87,74523.75,167.93507,2026-03-17T17:59:59.999000+00:00,12509625.4965396,44606,94.62767,7049213.1244803
2026-03-17T18:00:00+00:00,74523.76,74672.3,74446.41,74597.69,177.6832,2026-03-17T18:14:59.999000+00:00,13252437.7206666,45051,107.36284,8007830.3169116
2026-03-17T18:15:00+00:00,74597.69,74654.74,74386.11,74423.18,209.75349,2026-03-17T18:29:59.999000+00:00,15630163.412572,48914,74.99542,5588306.183699
2026-03-17T18:30:00+00:00,74423.19,74723.82,74417.97,74612.85,175.07337,2026-03-17T18:44:59.999000+00:00,13063726.7896437,47489,81.79636,6103231.1481519
2026-03-17T18:45:00+00:00,74612.85,74769.17,74575.8,74683.04,144.95032,2026-03-17T18:59:59.999000+00:00,10825817.4076389,38676,70.36019,5254994.8457517
2026-03-17T19:00:00+00:00,74683.04,74800.0,74633.09,74745.5,159.46096,2026-03-17T19:14:59.999000+00:00,11916889.8249289,41083,77.27226,5774716.2131304
2026-03-17T19:15:00+00:00,74745.49,74800.0,74533.95,74631.29,213.92615,2026-03-17T19:29:59.999000+00:00,15980456.0491996,46833,95.34937,7122306.2850009
2026-03-17T19:30:00+00:00,74631.28,74774.16,74528.01,74673.85,168.22356,2026-03-17T19:44:59.999000+00:00,12556876.5504602,43187,79.86331,5961876.6043679
2026-03-17T19:45:00+00:00,74673.85,74689.53,74427.25,74512.17,226.99455,2026-03-17T19:59:59.999000+00:00,16919229.7235552,53560,114.36887,8524731.5788236
2026-03-17T20:00:00+00:00,74511.21,74515.41,74359.87,74360.0,203.11341,2026-03-17T20:14:59.999000+00:00,15119910.5162129,32294,57.3313,4268191.1621946
2026-03-17T20:15:00+00:00,74360.0,74685.5,74359.99,74652.26,79.14891,2026-03-17T20:29:59.999000+00:00,5898158.3259209,18549,45.77913,3411865.0147878
2026-03-17T20:30:00+00:00,74652.27,74652.27,74506.03,74552.58,93.16606,2026-03-17T20:44:59.999000+00:00,6946293.1608119,18896,45.39877,3384408.2585312
2026-03-17T20:45:00+00:00,74553.16,74584.0,74486.69,74506.75,91.33534,2026-03-17T20:59:59.999000+00:00,6807967.9001201,18478,21.58393,1608722.8577526
2026-03-17T21:00:00+00:00,74506.75,74779.9,74450.01,74705.09,281.09745,2026-03-17T21:14:59.999000+00:00,20965522.8746598,29903,98.9453,7381197.8209529
2026-03-17T21:15:00+00:00,74705.08,74727.0,74554.86,74554.87,167.8702,2026-03-17T21:29:59.999000+00:00,12531425.0378442,20770,41.05736,3065014.3094525
2026-03-17T21:30:00+00:00,74554.87,74799.0,74496.79,74736.93,122.21194,2026-03-17T21:44:59.999000+00:00,9124237.4405258,28382,59.48878,4442229.7922085
2026-03-17T21:45:00+00:00,74736.92,74788.0,74655.19,74685.42,47.02142,2026-03-17T21:59:59.999000+00:00,3512935.192559,20924,21.42742,1600776.8631279
2026-03-17T22:00:00+00:00,74685.42,74772.14,74564.89,74580.57,89.97664,2026-03-17T22:14:59.999000+00:00,6717559.7618725,24305,26.86347,2005927.1713412
2026-03-17T22:15:00+00:00,74580.56,74595.13,74369.99,74370.0,88.61079,2026-03-17T22:29:59.999000+00:00,6599028.8288991,18741,27.70505,2062988.9092982
2026-03-17T22:30:00+00:00,74370.0,74386.26,73934.0,74160.0,226.91566,2026-03-17T22:44:59.999000+00:00,16818396.3660816,49773,72.12447,5345781.0810231
2026-03-17T22:45:00+00:00,74159.99,74353.58,74137.01,74307.08,82.80538,2026-03-17T22:59:59.999000+00:00,6148534.4884011,24610,48.84099,3626555.6732878
2026-03-17T23:00:00+00:00,74307.08,74398.74,74222.69,74317.74,76.72347,2026-03-17T23:14:59.999000+00:00,5701950.559298,30281,38.41963,2854965.4526772
2026-03-17T23:15:00+00:00,74317.75,74331.61,74100.0,74196.95,149.45587,2026-03-17T23:29:59.999000+00:00,11091690.7996306,33576,60.11291,4460826.6898933
2026-03-17T23:30:00+00:00,74196.94,74196.94,73930.53,73945.1,149.05467,2026-03-17T23:44:59.999000+00:00,11037729.6827923,30007,44.61104,3303150.54888
2026-03-17T23:45:00+00:00,73945.41,74059.58,73871.74,73909.36,148.17656,2026-03-17T23:59:59.999000+00:00,10957772.2486996,31380,46.56611,3444330.0412714
2026-03-18T00:00:00+00:00,73909.37,74063.22,73828.0,73989.17,131.08789,2026-03-18T00:14:59.999000+00:00,9696133.2641957,40892,59.965,4434946.0992775
2026-03-18T00:15:00+00:00,73989.16,74012.91,73668.63,73782.2,162.18396,2026-03-18T00:29:59.999000+00:00,11968818.8486467,48179,66.19569,4885004.6346186
2026-03-18T00:30:00+00:00,73782.19,73803.17,73535.36,73721.1,172.42786,2026-03-18T00:44:59.999000+00:00,12697266.6763479,47430,81.62333,6010213.6950123
2026-03-18T00:45:00+00:00,73721.11,73883.29,73721.11,73867.88,207.6109,2026-03-18T00:59:59.999000+00:00,15320365.3245735,30840,90.54336,6680735.8179839
2026-03-18T01:00:00+00:00,73867.88,73989.29,73820.69,73907.5,132.206,2026-03-18T01:14:59.999000+00:00,9773440.8920152,37627,94.7501,7004950.9174743
2026-03-18T01:15:00+00:00,73907.51,74048.53,73856.29,74019.66,63.05582,2026-03-18T01:29:59.999000+00:00,4664252.6489477,28577,36.54239,2703103.1361296
2026-03-18T01:30:00+00:00,74019.65,74209.5,74019.65,74141.73,245.73949,2026-03-18T01:44:59.999000+00:00,18222642.238103,33956,153.96961,11417094.0862892
2026-03-18T01:45:00+00:00,74141.73,74211.43,74010.85,74072.3,96.72755,2026-03-18T01:59:59.999000+00:00,7168067.1864329,24859,48.67041,3606825.4932566
2026-03-18T02:00:00+00:00,74072.3,74287.93,74051.78,74284.55,155.26998,2026-03-18T02:14:59.999000+00:00,11515565.2116316,27252,77.77007,5770408.2636556
2026-03-18T02:15:00+00:00,74284.55,74299.01,74181.59,74233.45,164.46354,2026-03-18T02:29:59.999000+00:00,12211432.9977503,24771,128.85121,9567373.5446858
2026-03-18T02:30:00+00:00,74233.45,74416.58,74200.0,74416.58,162.83574,2026-03-18T02:44:59.999000+00:00,12102680.1069723,32294,106.62943,7925327.740902
2026-03-18T02:45:00+00:00,74416.58,74476.0,74326.71,74338.93,66.9688,2026-03-18T02:59:59.999000+00:00,4981749.3853756,24945,35.73534,2658386.8396006
2026-03-18T03:00:00+00:00,74338.93,74399.7,74250.27,74267.56,98.56256,2026-03-18T03:14:59.999000+00:00,7323784.9204438,20718,33.82923,2514210.6365543
2026-03-18T03:15:00+00:00,74267.56,74625.0,74266.46,74525.84,124.8695,2026-03-18T03:29:59.999000+00:00,9298041.7217484,31939,86.72038,6458002.9924762
2026-03-18T03:30:00+00:00,74525.83,74672.34,74446.4,74490.49,135.89317,2026-03-18T03:44:59.999000+00:00,10129027.2053892,28597,89.14751,6644711.1192124
2026-03-18T03:45:00+00:00,74490.49,74519.55,74417.58,74446.14,100.48405,2026-03-18T03:59:59.999000+00:00,7481934.9978774,18291,27.77286,2068190.2788789
2026-03-18T04:00:00+00:00,74446.14,74486.3,74399.73,74432.99,104.25074,2026-03-18T04:14:59.999000+00:00,7760679.4903699,17151,69.34083,5161969.8159575
2026-03-18T04:15:00+00:00,74432.98,74432.98,74253.78,74253.78,70.49237,2026-03-18T04:29:59.999000+00:00,5240756.7262451,21152,25.04831,1862342.9120542
2026-03-18T04:30:00+00:00,74253.79,74253.79,74178.53,74236.31,111.01263,2026-03-18T04:44:59.999000+00:00,8238634.7525193,17321,66.46085,4932076.0039401
2026-03-18T04:45:00+00:00,74236.31,74262.2,74137.02,74175.49,186.59632,2026-03-18T04:59:59.999000+00:00,13840490.3929459,16236,91.23899,6767158.2771747
2026-03-18T05:00:00+00:00,74175.48,74312.11,74161.77,74285.28,200.87449,2026-03-18T05:14:59.999000+00:00,14910595.477662,24374,140.44829,10425629.6869623
2026-03-18T05:15:00+00:00,74285.29,74285.29,74050.0,74066.32,79.11022,2026-03-18T05:29:59.999000+00:00,5866413.6919701,18437,21.29295,1579030.3637498
2026-03-18T05:30:00+00:00,74066.31,74150.0,74000.0,74000.01,127.0153,2026-03-18T05:44:59.999000+00:00,9405945.9643798,19349,64.31271,4762190.1294513
2026-03-18T05:45:00+00:00,74000.0,74060.0,73830.76,73950.0,255.80055,2026-03-18T05:59:59.999000+00:00,18916031.8898694,31567,100.31913,7419550.2533052
2026-03-18T06:00:00+00:00,73950.01,74101.43,73942.0,74094.02,84.51504,2026-03-18T06:14:59.999000+00:00,6257331.1208245,20125,54.85856,4061999.4076785
2026-03-18T06:15:00+00:00,74094.02,74225.82,74034.67,74171.55,112.85283,2026-03-18T06:29:59.999000+00:00,8363889.097512,22858,73.72227,5464197.2985336
2026-03-18T06:30:00+00:00,74171.56,74212.44,74006.02,74063.01,215.52549,2026-03-18T06:44:59.999000+00:00,15968959.2419701,19645,144.60582,10710941.4548683
2026-03-18T06:45:00+00:00,74063.01,74109.47,73938.1,73954.03,239.89918,2026-03-18T06:59:59.999000+00:00,17763772.3227263,24289,57.61944,4264936.9122397
2026-03-18T07:00:00+00:00,73954.03,73997.04,73860.01,73975.68,90.81667,2026-03-18T07:14:59.999000+00:00,6715013.1301747,24927,53.32911,3943611.1838553
2026-03-18T07:15:00+00:00,73975.68,73986.17,73812.0,73847.07,129.95436,2026-03-18T07:29:59.999000+00:00,9604818.222117,19446,75.71199,5595248.0631783
2026-03-18T07:30:00+00:00,73847.08,73847.08,73700.01,73710.01,182.58361,2026-03-18T07:44:59.999000+00:00,13467516.8633331,29808,62.67632,4623714.5353279
2026-03-18T07:45:00+00:00,73710.01,73912.4,73700.01,73883.8,101.36906,2026-03-18T07:59:59.999000+00:00,7486220.4246006,21492,62.84292,4640750.0151657
2026-03-18T08:00:00+00:00,73883.8,74035.17,73863.31,74010.01,144.70292,2026-03-18T08:14:59.999000+00:00,10703022.6665402,27595,92.35789,6831841.3412346
2026-03-18T08:15:00+00:00,74010.01,74072.92,73970.0,74045.92,214.72708,2026-03-18T08:29:59.999000+00:00,15895634.5510378,27850,144.90684,10727138.8881537
2026-03-18T08:30:00+00:00,74045.91,74121.33,73971.64,74082.0,229.4808,2026-03-18T08:44:59.999000+00:00,16991125.0918932,28000,124.30147,9202652.5391969
2026-03-18T08:45:00+00:00,74082.0,74130.02,74022.69,74044.89,146.59384,2026-03-18T08:59:59.999000+00:00,10859894.6641037,20395,82.98664,6147792.6797614
2026-03-18T09:00:00+00:00,74044.9,74193.98,74042.85,74172.59,87.34946,2026-03-18T09:14:59.999000+00:00,6474625.2668718,20585,47.12476,3493115.6119601
2026-03-18T09:15:00+00:00,74172.59,74229.99,74120.0,74164.25,101.1796,2026-03-18T09:29:59.999000+00:00,7504728.1031954,19577,61.55802,4565956.4240836
2026-03-18T09:30:00+00:00,74164.24,74281.33,74142.39,74248.25,96.89227,2026-03-18T09:44:59.999000+00:00,7191504.0595167,21527,61.28665,4548808.1140064
2026-03-18T09:45:00+00:00,74248.26,74274.48,74115.78,74181.08,61.74225,2026-03-18T09:59:59.999000+00:00,4580456.3430734,16785,21.23042,1574787.7931635
2026-03-18T10:00:00+00:00,74181.08,74267.77,74100.54,74259.37,66.12403,2026-03-18T10:14:59.999000+00:00,4906933.3915813,21624,45.89491,3406195.8488632
2026-03-18T10:15:00+00:00,74259.36,74259.36,74178.57,74185.62,80.32315,2026-03-18T10:29:59.999000+00:00,5960745.911017,17473,56.78836,4214255.0201421
2026-03-18T10:30:00+00:00,74185.62,74211.06,73870.49,73882.83,160.3978,2026-03-18T10:44:59.999000+00:00,11872383.2610884,33266,77.0035,5700448.4969314
2026-03-18T10:45:00+00:00,73882.82,73953.32,73816.26,73946.35,172.0636,2026-03-18T10:59:59.999000+00:00,12715450.5393947,32495,116.33487,8597526.4064504
2026-03-18T11:00:00+00:00,73946.35,74074.84,73722.09,73955.76,145.06071,2026-03-18T11:14:59.999000+00:00,10718646.3157873,37588,82.0137,6060884.0036618
2026-03-18T11:15:00+00:00,73955.76,74017.06,73577.32,73602.91,218.3905,2026-03-18T11:29:59.999000+00:00,16105789.2306271,43049,77.96151,5749375.5206674
2026-03-18T11:30:00+00:00,73602.91,73605.87,72800.0,73113.08,1199.87176,2026-03-18T11:44:59.999000+00:00,87711012.1341486,181523,543.466,39717894.0724024
2026-03-18T11:45:00+00:00,73113.07,73141.02,72890.6,72952.85,314.36882,2026-03-18T11:59:59.999000+00:00,22956644.4705506,61835,177.15707,12937356.5283934
2026-03-18T12:00:00+00:00,72952.85,72981.79,72643.08,72751.48,510.84359,2026-03-18T12:14:59.999000+00:00,37185011.3484378,91039,185.64924,13519648.8635214
2026-03-18T12:15:00+00:00,72751.48,72879.28,72660.0,72818.67,329.57854,2026-03-18T12:29:59.999000+00:00,23979371.3933288,71258,139.24534,10133904.3096192
2026-03-18T12:30:00+00:00,72818.66,72818.66,72306.0,72429.39,723.31152,2026-03-18T12:44:59.999000+00:00,52425072.530746,132957,291.99711,21160362.0778562
2026-03-18T12:45:00+00:00,72429.39,72488.0,72271.11,72361.24,256.22006,2026-03-18T12:59:59.999000+00:00,18544583.3860957,86335,112.40631,8136421.832475
2026-03-18T13:00:00+00:00,72361.13,72450.0,72117.11,72430.93,358.3678,2026-03-18T13:14:59.999000+00:00,25912637.0846515,90136,173.93532,12578045.2958119
2026-03-18T13:15:00+00:00,72430.94,72546.53,72302.0,72474.59,351.94411,2026-03-18T13:29:59.999000+00:00,25496535.8134113,57459,165.28678,11971759.3632171
2026-03-18T13:30:00+00:00,72474.6,72556.81,72222.0,72324.52,323.12925,2026-03-18T13:44:59.999000+00:00,23394470.3384646,113787,173.81764,12585040.5606707
2026-03-18T13:45:00+00:00,72324.53,72374.09,71980.0,72133.49,573.58615,2026-03-18T13:59:59.999000+00:00,41375295.7759185,100839,208.49059,15038264.3874001
2026-03-18T14:00:00+00:00,72133.48,72222.45,71860.97,71876.56,422.1488,2026-03-18T14:14:59.999000+00:00,30405713.2552677,133939,184.49029,13286975.5744717
2026-03-18T14:15:00+00:00,71876.57,72025.25,71620.0,71652.21,545.57737,2026-03-18T14:29:59.999000+00:00,39175046.0260112,112127,225.12202,16162271.760869
2026-03-18T14:30:00+00:00,71652.21,71854.77,71481.44,71493.45,627.71097,2026-03-18T14:44:59.999000+00:00,44976254.8726634,120757,300.71416,21552639.978853
2026-03-18T14:45:00+00:00,71493.44,71613.26,71100.0,71193.23,790.55108,2026-03-18T14:59:59.999000+00:00,56425928.3290634,124615,336.62877,24036471.6524253
2026-03-18T15:00:00+00:00,71193.23,71483.8,70857.21,71073.24,1130.4876,2026-03-18T15:14:59.999000+00:00,80459148.9635213,145150,466.64592,33231475.030051
2026-03-18T15:15:00+00:00,71073.25,71334.0,71018.42,71299.67,641.96794,2026-03-18T15:29:59.999000+00:00,45718001.7458179,85715,350.81636,24985325.2167555
2026-03-18T15:30:00+00:00,71299.68,71478.8,71213.7,71363.95,424.23894,2026-03-18T15:44:59.999000+00:00,30284577.7604982,80936,255.98541,18274323.5423886
2026-03-18T15:45:00+00:00,71363.95,71531.54,71218.6,71467.82,363.54217,2026-03-18T15:59:59.999000+00:00,25956575.8814022,67144,192.54212,13746894.5114837
2026-03-18T16:00:00+00:00,71467.82,71565.78,71180.13,71243.82,332.37292,2026-03-18T16:14:59.999000+00:00,23723146.4641436,75743,167.62124,11967483.7820832
2026-03-18T16:15:00+00:00,71243.82,71331.56,71100.0,71230.28,215.43875,2026-03-18T16:29:59.999000+00:00,15344210.6464721,63407,103.25551,7355374.7005331
2026-03-18T16:30:00+00:00,71230.28,71288.81,71037.34,71283.8,186.68331,2026-03-18T16:44:59.999000+00:00,13290709.6550609,70770,112.14792,7985125.1147728
2026-03-18T16:45:00+00:00,71283.81,71450.7,71257.26,71314.08,232.71911,2026-03-18T16:59:59.999000+00:00,16600179.2097899,45358,153.14517,10924937.7412872
2026-03-18T17:00:00+00:00,71314.07,71393.73,71199.87,71285.71,272.92765,2026-03-18T17:14:59.999000+00:00,19453464.902255,50044,151.27058,10783279.8280534
2026-03-18T17:15:00+00:00,71285.72,71513.81,71204.09,71479.91,182.38085,2026-03-18T17:29:59.999000+00:00,13018771.8901137,50725,102.77625,7335699.4307653
2026-03-18T17:30:00+00:00,71479.91,71716.77,71348.23,71590.62,358.91696,2026-03-18T17:44:59.999000+00:00,25677910.3955155,63590,212.51675,15206759.7056296
2026-03-18T17:45:00+00:00,71590.63,71750.0,71563.47,71595.21,211.77294,2026-03-18T17:59:59.999000+00:00,15171863.5692759,51363,143.60098,10288515.6299915
2026-03-18T18:00:00+00:00,71595.21,72000.5,71595.21,71882.21,495.74833,2026-03-18T18:14:59.999000+00:00,35627952.509004,100396,339.53596,24401963.0718397
2026-03-18T18:15:00+00:00,71882.21,71882.21,71563.99,71684.6,217.03819,2026-03-18T18:29:59.999000+00:00,15558591.6683974,77185,126.67202,9080405.8795299
2026-03-18T18:30:00+00:00,71684.59,71852.3,71483.82,71620.46,253.00244,2026-03-18T18:44:59.999000+00:00,18127226.3090088,99808,128.74159,9224924.6205503
2026-03-18T18:45:00+00:00,71620.46,71620.46,70947.78,71096.74,509.32823,2026-03-18T18:59:59.999000+00:00,36269043.8925873,86115,183.71719,13085203.2525189
2026-03-18T19:00:00+00:00,71096.75,71426.23,71082.92,71342.01,252.65437,2026-03-18T19:14:59.999000+00:00,18004089.7431492,64646,165.88155,11821175.0798105
2026-03-18T19:15:00+00:00,71342.01,71486.14,71214.09,71282.18,134.83825,2026-03-18T19:29:59.999000+00:00,9619601.6749613,50140,65.13731,4647381.5972395
2026-03-18T19:30:00+00:00,71282.19,71357.2,71000.03,71065.78,293.62886,2026-03-18T19:44:59.999000+00:00,20884789.2276196,55742,107.59576,7653568.2095186
2026-03-18T19:45:00+00:00,71065.78,71149.57,70933.85,71072.38,186.79768,2026-03-18T19:59:59.999000+00:00,13271880.0903119,52157,96.55036,6860209.3313352
2026-03-18T20:00:00+00:00,71072.38,71072.38,70500.0,70752.73,620.41461,2026-03-18T20:14:59.999000+00:00,43878916.0597573,104148,227.35935,16083883.7960112
2026-03-18T20:15:00+00:00,70752.74,71042.72,70730.62,70989.0,208.74545,2026-03-18T20:29:59.999000+00:00,14791778.6380406,52609,149.16319,10569617.1943929
2026-03-18T20:30:00+00:00,70988.99,71307.91,70958.84,71168.43,235.39995,2026-03-18T20:44:59.999000+00:00,16756623.0756465,52069,164.05401,11678355.5739099
2026-03-18T20:45:00+00:00,71168.43,71333.33,71129.96,71214.67,116.06212,2026-03-18T20:59:59.999000+00:00,8267372.7722012,30750,57.29582,4081159.8908294
2026-03-18T21:00:00+00:00,71214.67,71451.22,71185.25,71280.44,113.66929,2026-03-18T21:14:59.999000+00:00,8108893.8922527,31152,78.38592,5592042.8570569
2026-03-18T21:15:00+00:00,71280.44,71372.69,71240.72,71245.26,66.51636,2026-03-18T21:29:59.999000+00:00,4743023.3604374,24895,42.79645,3051649.8505389
2026-03-18T21:30:00+00:00,71245.26,71399.99,71167.15,71325.1,92.05358,2026-03-18T21:44:59.999000+00:00,6563290.4711833,33983,44.67032,3184543.7760635
2026-03-18T21:45:00+00:00,71325.1,71367.47,71263.67,71263.67,66.0253,2026-03-18T21:59:59.999000+00:00,4708867.9779254,22747,32.87403,2344393.5804239
2026-03-18T22:00:00+00:00,71263.67,71269.02,70957.32,70998.45,176.21052,2026-03-18T22:14:59.999000+00:00,12521572.0057632,35334,61.65098,4380801.5597431
2026-03-18T22:15:00+00:00,70998.44,71120.0,70966.74,71085.58,89.62479,2026-03-18T22:29:59.999000+00:00,6368907.5410905,20317,46.09305,3275369.9181374
2026-03-18T22:30:00+00:00,71085.58,71116.42,70944.56,71061.24,124.65996,2026-03-18T22:44:59.999000+00:00,8854006.2301175,23764,56.56353,4017532.6223959
2026-03-18T22:45:00+00:00,71061.23,71153.99,71023.54,71153.66,130.4531,2026-03-18T22:59:59.999000+00:00,9274798.6505827,24995,68.54935,4873791.847065
2026-03-18T23:00:00+00:00,71153.67,71264.99,71069.69,71160.93,206.32681,2026-03-18T23:14:59.999000+00:00,14686879.0271313,37646,103.15699,7343018.7471152
2026-03-18T23:15:00+00:00,71160.94,71213.01,71079.94,71206.1,133.12327,2026-03-18T23:29:59.999000+00:00,9470525.0049728,33070,56.57208,4024732.6958725
2026-03-18T23:30:00+00:00,71206.11,71350.0,71206.1,71275.76,204.17219,2026-03-18T23:44:59.999000+00:00,14559772.028329,35912,123.61981,8815678.6712091
2026-03-18T23:45:00+00:00,71275.77,71365.4,71214.99,71246.54,147.64464,2026-03-18T23:59:59.999000+00:00,10526087.4532472,38613,77.50915,5526218.2846408
2026-03-19T00:00:00+00:00,71246.55,71303.26,71089.42,71179.85,170.65149,2026-03-19T00:14:59.999000+00:00,12151695.4359137,37492,68.56311,4882733.7889355
2026-03-19T00:15:00+00:00,71179.85,71321.81,71094.26,71296.69,101.5388,2026-03-19T00:29:59.999000+00:00,7228461.2740949,32460,52.72846,3755115.2558092
2026-03-19T00:30:00+00:00,71296.69,71296.69,71048.14,71059.51,185.77822,2026-03-19T00:44:59.999000+00:00,13212341.3191301,36337,110.11834,7831069.5852316
2026-03-19T00:45:00+00:00,71059.5,71112.0,70976.69,71002.17,429.98756,2026-03-19T00:59:59.999000+00:00,30540135.6697778,36708,186.77843,13263779.9534119
2026-03-19T01:00:00+00:00,71002.18,71097.46,70963.31,70999.99,125.35439,2026-03-19T01:14:59.999000+00:00,8903249.8703711,35890,43.82925,3112841.3597035
2026-03-19T01:15:00+00:00,71000.0,71075.19,70951.93,71067.29,117.49852,2026-03-19T01:29:59.999000+00:00,8344397.8820305,27312,48.4767,3442629.174587
2026-03-19T01:30:00+00:00,71067.3,71160.84,71011.9,71134.47,81.96997,2026-03-19T01:44:59.999000+00:00,5826497.4844172,29171,37.74736,2683252.8902509
2026-03-19T01:45:00+00:00,71134.47,71182.44,71087.53,71115.23,66.58508,2026-03-19T01:59:59.999000+00:00,4737267.2841307,19015,28.74131,2044744.2103464
2026-03-19T02:00:00+00:00,71115.24,71210.36,70902.37,71181.98,129.91031,2026-03-19T02:14:59.999000+00:00,9232916.1217621,35825,58.7319,4176296.3272856
2026-03-19T02:15:00+00:00,71181.98,71245.0,71134.62,71244.99,199.07632,2026-03-19T02:29:59.999000+00:00,14170647.5459884,27567,35.82827,2550752.7395105
2026-03-19T02:30:00+00:00,71245.0,71252.83,71166.14,71200.0,85.67797,2026-03-19T02:44:59.999000+00:00,6101849.7485676,16337,26.87928,1914305.21596
2026-03-19T02:45:00+00:00,71200.0,71209.98,71042.0,71055.44,140.31157,2026-03-19T02:59:59.999000+00:00,9975832.3645107,23009,73.27595,5209530.4603357
2026-03-19T03:00:00+00:00,71055.44,71232.82,71053.33,71184.99,121.55306,2026-03-19T03:14:59.999000+00:00,8647921.0332781,20577,40.48787,2880693.4019929
2026-03-19T03:15:00+00:00,71185.0,71613.79,71181.44,71494.89,272.61355,2026-03-19T03:29:59.999000+00:00,19476504.1867116,60974,171.73402,12264761.3270286
2026-03-19T03:30:00+00:00,71494.89,71535.17,71236.7,71249.71,121.73146,2026-03-19T03:44:59.999000+00:00,8688229.9938878,32089,39.19619,2796753.4249857
2026-03-19T03:45:00+00:00,71249.7,71304.55,71203.37,71215.39,77.71136,2026-03-19T03:59:59.999000+00:00,5536597.0093512,22547,31.63808,2254499.1295836
2026-03-19T04:00:00+00:00,71215.39,71215.39,70738.2,70867.64,274.23284,2026-03-19T04:14:59.999000+00:00,19447095.6229721,54722,122.29883,8669641.2705421
2026-03-19T04:15:00+00:00,70867.64,70942.88,70682.33,70732.97,177.07742,2026-03-19T04:29:59.999000+00:00,12532755.4710702,41082,82.01501,5805358.5047431
2026-03-19T04:30:00+00:00,70732.96,70834.0,70654.86,70793.0,172.91606,2026-03-19T04:44:59.999000+00:00,12236469.9098222,38295,79.97524,5660721.3796589
2026-03-19T04:45:00+00:00,70793.01,70877.86,70743.35,70822.07,78.634,2026-03-19T04:59:59.999000+00:00,5568742.093709,21773,30.23408,2140829.5291072
2026-03-19T05:00:00+00:00,70822.06,70909.88,70758.81,70815.85,95.90102,2026-03-19T05:14:59.999000+00:00,6793967.3937952,31253,57.8608,4099172.1463621
2026-03-19T05:15:00+00:00,70815.85,70888.18,70680.15,70694.34,63.70211,2026-03-19T05:29:59.999000+00:00,4508684.6793343,23323,18.83216,1333633.7504772
2026-03-19T05:30:00+00:00,70694.34,70869.01,70661.56,70779.99,124.96939,2026-03-19T05:44:59.999000+00:00,8842831.5350545,29273,57.2054,4048024.7805619
2026-03-19T05:45:00+00:00,70780.0,70855.04,70722.05,70826.54,131.58939,2026-03-19T05:59:59.999000+00:00,9317677.3507681,23038,92.80738,6571700.6634104
2026-03-19T06:00:00+00:00,70826.55,70979.99,70728.82,70869.43,88.38683,2026-03-19T06:14:59.999000+00:00,6263044.9713055,32034,45.45261,3221248.873805
2026-03-19T06:15:00+00:00,70869.44,70937.33,70731.71,70731.72,102.87851,2026-03-19T06:29:59.999000+00:00,7289544.5497396,24753,46.34528,3284319.6930006
2026-03-19T06:30:00+00:00,70731.72,70758.98,70571.8,70713.15,180.55365,2026-03-19T06:44:59.999000+00:00,12759918.8123283,41907,45.78462,3235298.0831455
2026-03-19T06:45:00+00:00,70713.15,70730.26,70505.0,70583.22,248.03241,2026-03-19T06:59:59.999000+00:00,17512520.3248497,37670,109.42371,7724955.1005982
2026-03-19T07:00:00+00:00,70583.22,70600.04,69990.0,69990.0,1006.45513,2026-03-19T07:14:59.999000+00:00,70703603.0002645,103817,259.63926,18242445.3411145
2026-03-19T07:15:00+00:00,69990.01,70038.3,69478.51,69810.79,958.38853,2026-03-19T07:29:59.999000+00:00,66857052.1266927,119559,384.38817,26820189.5575399
2026-03-19T07:30:00+00:00,69810.8,70242.4,69794.46,70096.95,418.15054,2026-03-19T07:44:59.999000+00:00,29289384.5444547,83696,261.01276,18282057.9792956
2026-03-19T07:45:00+00:00,70097.0,70317.06,70010.01,70191.17,370.9615,2026-03-19T07:59:59.999000+00:00,26021494.2595053,53055,227.26856,15942201.5721079
2026-03-19T08:00:00+00:00,70191.16,70300.0,70107.31,70165.83,264.72859,2026-03-19T08:14:59.999000+00:00,18580290.2390425,54482,121.31376,8515194.282194
2026-03-19T08:15:00+00:00,70165.83,70230.28,70060.7,70066.36,227.86523,2026-03-19T08:29:59.999000+00:00,15980928.8117645,50778,68.88641,4831704.486695
2026-03-19T08:30:00+00:00,70066.37,70166.0,69900.0,70020.67,369.9157,2026-03-19T08:44:59.999000+00:00,25909598.4200421,54950,136.72196,9575924.767453
2026-03-19T08:45:00+00:00,70020.68,70130.35,69929.27,69985.19,153.13257,2026-03-19T08:59:59.999000+00:00,10722561.7500756,42748,54.71931,3831426.390052
2026-03-19T09:00:00+00:00,69985.19,70162.21,69971.99,70042.14,142.84053,2026-03-19T09:14:59.999000+00:00,10010641.468993,45466,70.01324,4906787.3050911
2026-03-19T09:15:00+00:00,70042.13,70460.0,70006.28,70265.41,369.01986,2026-03-19T09:29:59.999000+00:00,25921062.6973835,61293,204.61131,14371704.44952
2026-03-19T09:30:00+00:00,70265.41,70466.8,70111.54,70457.54,365.45847,2026-03-19T09:44:59.999000+00:00,25685235.8134835,57533,184.75892,12987702.9132946
2026-03-19T09:45:00+00:00,70457.53,70560.91,70420.59,70513.0,385.3371,2026-03-19T09:59:59.999000+00:00,27163932.236949,59594,219.66583,15484948.5489649
2026-03-19T10:00:00+00:00,70513.0,70538.74,70402.07,70420.09,372.82759,2026-03-19T10:14:59.999000+00:00,26267299.1654678,34244,166.58744,11736633.0515367
2026-03-19T10:15:00+00:00,70420.1,70500.0,70373.95,70400.0,59.39024,2026-03-19T10:29:59.999000+00:00,4183467.5793069,29790,29.32717,2066003.2863134
2026-03-19T10:30:00+00:00,70400.0,70410.0,70180.98,70216.69,107.64856,2026-03-19T10:44:59.999000+00:00,7564674.5815905,33854,35.6046,2502140.7565995
2026-03-19T10:45:00+00:00,70216.69,70273.66,70117.0,70133.72,73.30913,2026-03-19T10:59:59.999000+00:00,5145507.7551934,26534,37.3487,2621318.1368477
2026-03-19T11:00:00+00:00,70133.73,70259.37,70072.42,70138.51,94.94442,2026-03-19T11:14:59.999000+00:00,6658783.2076934,30404,31.64096,2219529.2129643
2026-03-19T11:15:00+00:00,70138.51,70233.38,70118.41,70204.15,70.29355,2026-03-19T11:29:59.999000+00:00,4934040.0028149,26263,40.88403,2869855.7224505
2026-03-19T11:30:00+00:00,70204.14,70244.69,70000.01,70023.5,182.4311,2026-03-19T11:44:59.999000+00:00,12783170.0950856,34961,55.88607,3916655.9926242
2026-03-19T11:45:00+00:00,70023.5,70063.6,69909.09,69952.75,195.03146,2026-03-19T11:59:59.999000+00:00,13647884.9156481,32052,67.23283,4704921.3806583
2026-03-19T12:00:00+00:00,69952.75,69952.76,69618.61,69799.83,451.92662,2026-03-19T12:14:59.999000+00:00,31528600.2207429,75312,147.82861,10311424.5634289
2026-03-19T12:15:00+00:00,69799.82,69814.97,69555.56,69609.19,267.09285,2026-03-19T12:29:59.999000+00:00,18609088.3437351,53292,123.81116,8626012.2577157
2026-03-19T12:30:00+00:00,69609.19,69759.44,69545.45,69644.94,218.59237,2026-03-19T12:44:59.999000+00:00,15222885.9754285,50993,125.74369,8757100.9156538
2026-03-19T12:45:00+00:00,69644.93,69659.46,69105.49,69290.27,514.80854,2026-03-19T12:59:59.999000+00:00,35704984.4126666,95303,185.4189,12856421.5517891
2026-03-19T13:00:00+00:00,69290.28,69442.48,69081.51,69094.99,491.68876,2026-03-19T13:14:59.999000+00:00,34059029.0501098,102663,226.38836,15688988.3776812
2026-03-19T13:15:00+00:00,69094.99,69521.7,69087.18,69333.0,386.20659,2026-03-19T13:29:59.999000+00:00,26760197.7531244,81653,193.84613,13430959.5503642
2026-03-19T13:30:00+00:00,69333.01,69823.5,69241.0,69717.19,525.84193,2026-03-19T13:44:59.999000+00:00,36533207.9329594,172002,282.21566,19610829.8308312
2026-03-19T13:45:00+00:00,69715.51,70084.35,69552.01,69905.65,316.45597,2026-03-19T13:59:59.999000+00:00,22105915.9368857,116988,188.41932,13164084.3626946
2026-03-19T14:00:00+00:00,69905.65,70179.53,69500.21,69507.4,294.64309,2026-03-19T14:14:59.999000+00:00,20568013.1038803,109285,153.20547,10700417.9496438
2026-03-19T14:15:00+00:00,69507.4,69558.24,69133.33,69165.75,310.44707,2026-03-19T14:29:59.999000+00:00,21531227.1452844,101777,129.46362,8982547.8938748
2026-03-19T14:30:00+00:00,69165.75,69368.86,69096.16,69278.56,402.43096,2026-03-19T14:44:59.999000+00:00,27864903.875821,109264,177.95974,12323043.977279
2026-03-19T14:45:00+00:00,69278.56,69583.33,69188.01,69482.25,628.97527,2026-03-19T14:59:59.999000+00:00,43621374.7522415,79390,255.14584,17700886.0703077
2026-03-19T15:00:00+00:00,69482.24,69917.87,69447.06,69700.69,311.57408,2026-03-19T15:14:59.999000+00:00,21722052.3239391,85337,185.58313,12937220.7925623
2026-03-19T15:15:00+00:00,69700.69,69818.18,69206.81,69206.82,253.14809,2026-03-19T15:29:59.999000+00:00,17567556.1335685,84876,117.54236,8157199.5216565
2026-03-19T15:30:00+00:00,69206.81,69380.56,68900.0,68900.01,656.39255,2026-03-19T15:44:59.999000+00:00,45351552.4913569,90718,256.84941,17752650.5926885
2026-03-19T15:45:00+00:00,68900.01,69550.0,68793.35,69412.51,677.17459,2026-03-19T15:59:59.999000+00:00,46836134.2047361,128430,393.91206,27250615.1507459
2026-03-19T16:00:00+00:00,69412.52,69535.26,69210.0,69339.69,248.30245,2026-03-19T16:14:59.999000+00:00,17219338.1932276,82355,140.68799,9755882.4360838
2026-03-19T16:15:00+00:00,69339.7,69598.41,69177.19,69524.48,279.80184,2026-03-19T16:29:59.999000+00:00,19412486.7947001,73161,170.85417,11853026.719599
2026-03-19T16:30:00+00:00,69524.47,69642.35,69257.08,69520.0,204.41646,2026-03-19T16:44:59.999000+00:00,14201441.5615597,71542,113.16623,7861836.8157196
2026-03-19T16:45:00+00:00,69520.0,69542.66,69293.34,69455.86,125.80678,2026-03-19T16:59:59.999000+00:00,8733902.4235133,52887,67.31719,4674334.4696035
2026-03-19T17:00:00+00:00,69455.86,69497.9,69122.03,69229.44,211.01739,2026-03-19T17:14:59.999000+00:00,14613707.3409811,58849,101.58684,7036361.2341251
2026-03-19T17:15:00+00:00,69229.3,69746.39,69187.93,69661.41,244.10271,2026-03-19T17:29:59.999000+00:00,16962297.7611371,72096,176.69885,12276299.4727405
2026-03-19T17:30:00+00:00,69661.4,69768.72,69497.11,69586.47,103.608,2026-03-19T17:44:59.999000+00:00,7212166.7308914,50845,54.96155,3825772.525894
2026-03-19T17:45:00+00:00,69586.46,69954.18,69546.85,69854.16,200.95058,2026-03-19T17:59:59.999000+00:00,14029553.7642951,54508,145.82582,10180852.0643096
2026-03-19T18:00:00+00:00,69854.15,69931.1,69719.42,69833.01,145.17818,2026-03-19T18:14:59.999000+00:00,10135050.0987507,49473,74.13095,5174872.5610101
2026-03-19T18:15:00+00:00,69833.01,69914.75,69625.5,69655.21,118.79416,2026-03-19T18:29:59.999000+00:00,8287916.4293402,42067,61.14755,4267413.0820376
2026-03-19T18:30:00+00:00,69655.21,69755.14,69602.88,69715.62,83.03104,2026-03-19T18:44:59.999000+00:00,5785164.2137513,34502,53.98754,3761451.1191628
2026-03-19T18:45:00+00:00,69715.61,69853.5,69581.55,69821.21,95.61425,2026-03-19T18:59:59.999000+00:00,6665128.7593437,41331,46.43372,3237499.7840232
2026-03-19T19:00:00+00:00,69821.21,70554.97,69805.33,70360.2,481.75056,2026-03-19T19:14:59.999000+00:00,33826347.405525,126384,326.66593,22938342.4969424
2026-03-19T19:15:00+00:00,70360.2,70596.42,70229.28,70282.46,368.87453,2026-03-19T19:29:59.999000+00:00,25978937.3308973,99906,189.9121,13378357.0175962
2026-03-19T19:30:00+00:00,70282.46,70494.33,70162.62,70445.18,196.2937,2026-03-19T19:44:59.999000+00:00,13800402.8162995,68148,103.28983,7261959.0720781
2026-03-19T19:45:00+00:00,70445.18,70445.19,70180.02,70271.99,143.6342,2026-03-19T19:59:59.999000+00:00,10097600.9979071,55769,72.02384,5063384.4384062
2026-03-19T20:00:00+00:00,70272.0,70323.6,70201.0,70284.26,78.29077,2026-03-19T20:14:59.999000+00:00,5499884.0282496,28329,40.96924,2878080.7043668
2026-03-19T20:15:00+00:00,70284.26,70534.15,70284.26,70335.42,196.71227,2026-03-19T20:29:59.999000+00:00,13855931.7055756,29521,157.64305,11105836.441976
2026-03-19T20:30:00+00:00,70335.41,70676.0,70324.0,70513.75,105.7819,2026-03-19T20:44:59.999000+00:00,7458606.0545915,29838,67.79087,4779873.6586661
2026-03-19T20:45:00+00:00,70513.76,70534.22,70435.91,70483.03,107.92537,2026-03-19T20:59:59.999000+00:00,7606527.9475764,20156,53.33392,3759110.1765303
2026-03-19T21:00:00+00:00,70483.03,70695.6,70456.05,70688.5,115.27081,2026-03-19T21:14:59.999000+00:00,8139321.1400184,28135,57.00741,4025371.9746945
2026-03-19T21:15:00+00:00,70688.51,70688.51,70514.34,70550.47,97.0365,2026-03-19T21:29:59.999000+00:00,6850266.6946253,22208,37.06941,2616735.0467827
2026-03-19T21:30:00+00:00,70550.47,70586.97,70437.84,70458.05,110.81171,2026-03-19T21:44:59.999000+00:00,7811794.590779,31339,46.97601,3311357.2522025
2026-03-19T21:45:00+00:00,70458.05,70540.34,70371.19,70413.47,95.66481,2026-03-19T21:59:59.999000+00:00,6738275.4329777,29710,42.90843,3022144.1718135
2026-03-19T22:00:00+00:00,70413.46,70501.89,70304.0,70439.75,132.66908,2026-03-19T22:14:59.999000+00:00,9340629.4672904,30881,57.64461,4058822.1474841
2026-03-19T22:15:00+00:00,70439.76,70442.54,70356.78,70373.18,102.52718,2026-03-19T22:29:59.999000+00:00,7217803.597144,18057,35.66498,2510597.2224231
2026-03-19T22:30:00+00:00,70373.18,70373.18,69954.05,70066.78,203.66534,2026-03-19T22:44:59.999000+00:00,14281019.6802776,48580,71.42135,5007851.8468764
2026-03-19T22:45:00+00:00,70066.77,70184.0,69997.76,70183.99,112.8866,2026-03-19T22:59:59.999000+00:00,7911354.2016804,25568,39.20091,2748005.7993799
2026-03-19T23:00:00+00:00,70184.0,70282.47,70174.81,70191.79,103.19331,2026-03-19T23:14:59.999000+00:00,7247765.4514665,31900,50.16076,3523200.1718886
2026-03-19T23:15:00+00:00,70191.79,70191.79,69964.96,70145.48,118.9008,2026-03-19T23:29:59.999000+00:00,8329027.0463498,32525,32.11104,2249837.6055599
2026-03-19T23:30:00+00:00,70145.48,70183.68,69718.23,69845.66,228.71197,2026-03-19T23:44:59.999000+00:00,15989136.6794016,43355,81.57398,5700616.6234084
2026-03-19T23:45:00+00:00,69845.66,69981.81,69810.0,69930.0,141.24055,2026-03-19T23:59:59.999000+00:00,9870030.2536845,23812,75.1363,5251126.6213987
2026-03-20T00:00:00+00:00,69930.01,70126.48,69837.1,70081.47,300.54707,2026-03-20T00:14:59.999000+00:00,21033798.4551693,38477,184.14667,12892130.6453196
2026-03-20T00:15:00+00:00,70081.47,70177.0,69945.92,70115.19,97.96354,2026-03-20T00:29:59.999000+00:00,6866555.3257051,37669,64.86436,4546954.4726624
2026-03-20T00:30:00+00:00,70115.19,70260.44,70055.61,70220.76,345.64929,2026-03-20T00:44:59.999000+00:00,24241490.6387,33794,261.44396,18335260.0316681
2026-03-20T00:45:00+00:00,70220.77,70311.12,70167.08,70181.0,127.56429,2026-03-20T00:59:59.999000+00:00,8957813.5780022,30370,44.4903,3124321.8836194
2026-03-20T01:00:00+00:00,70181.0,70437.83,70181.0,70403.09,156.36287,2026-03-20T01:14:59.999000+00:00,10999525.9235699,50081,88.42712,6220082.5383073
2026-03-20T01:15:00+00:00,70403.09,70450.0,70345.44,70388.48,180.53479,2026-03-20T01:29:59.999000+00:00,12709390.9658118,31380,120.0232,8449306.8840314
2026-03-20T01:30:00+00:00,70388.48,70588.5,70388.48,70574.0,116.45601,2026-03-20T01:44:59.999000+00:00,8210963.0470958,38186,86.30925,6085546.0148421
2026-03-20T01:45:00+00:00,70574.0,70584.6,70386.56,70403.79,73.46787,2026-03-20T01:59:59.999000+00:00,5179427.0632474,23543,34.55088,2435721.7164485
2026-03-20T02:00:00+00:00,70403.8,70492.25,70313.86,70356.5,69.09614,2026-03-20T02:14:59.999000+00:00,4864280.0875131,26134,41.48352,2920571.7402928
2026-03-20T02:15:00+00:00,70356.49,70356.5,70178.87,70245.98,74.93886,2026-03-20T02:29:59.999000+00:00,5264936.7766267,27500,31.8457,2237472.5468832
2026-03-20T02:30:00+00:00,70245.98,70292.19,70086.86,70277.6,82.72131,2026-03-20T02:44:59.999000+00:00,5803351.2666952,26979,43.38346,3044261.6556179
2026-03-20T02:45:00+00:00,70277.6,70516.16,70223.26,70415.47,86.15795,2026-03-20T02:59:59.999000+00:00,6063293.1015964,29142,50.13534,3528298.0445247
2026-03-20T03:00:00+00:00,70415.48,70499.63,70388.0,70409.81,91.70019,2026-03-20T03:14:59.999000+00:00,6459056.3281862,26522,42.42952,2988754.4345578
2026-03-20T03:15:00+00:00,70409.82,70665.42,70407.55,70665.41,109.59943,2026-03-20T03:29:59.999000+00:00,7730879.3013759,35820,73.29101,5169798.4648048
2026-03-20T03:30:00+00:00,70665.41,70809.43,70575.32,70610.33,207.74382,2026-03-20T03:44:59.999000+00:00,14692190.4713859,48915,110.20769,7794861.1758825
2026-03-20T03:45:00+00:00,70610.33,70780.59,70567.29,70729.92,302.53245,2026-03-20T03:59:59.999000+00:00,21393413.7970776,28829,209.40461,14806604.39344
2026-03-20T04:00:00+00:00,70729.93,70969.71,70700.0,70926.01,164.62972,2026-03-20T04:14:59.999000+00:00,11663392.0831373,38091,123.39278,8741745.2193805
2026-03-20T04:15:00+00:00,70926.0,70936.89,70826.5,70927.85,133.65342,2026-03-20T04:29:59.999000+00:00,9473264.9868627,21865,78.06883,5532884.025851
2026-03-20T04:30:00+00:00,70927.85,70927.85,70557.91,70602.17,144.25939,2026-03-20T04:44:59.999000+00:00,10197023.0133657,23706,50.04154,3535072.2657451
2026-03-20T04:45:00+00:00,70602.17,70800.23,70583.1,70783.69,103.99496,2026-03-20T04:59:59.999000+00:00,7356658.0061925,16120,57.82756,4090445.8336774
2026-03-20T05:00:00+00:00,70783.7,70856.0,70736.02,70849.47,67.18892,2026-03-20T05:14:59.999000+00:00,4756658.5623678,18884,41.13546,2912121.1324676
2026-03-20T05:15:00+00:00,70849.46,70867.44,70611.45,70625.43,81.26333,2026-03-20T05:29:59.999000+00:00,5750043.5460781,15325,38.00796,2690480.449983
2026-03-20T05:30:00+00:00,70625.44,70726.58,70572.85,70707.84,46.00946,2026-03-20T05:44:59.999000+00:00,3250250.2252202,15254,21.32153,1506295.3557472
2026-03-20T05:45:00+00:00,70707.46,70720.0,70521.73,70606.24,173.2336,2026-03-20T05:59:59.999000+00:00,12231799.6731912,14854,106.08457,7490245.1518718
2026-03-20T06:00:00+00:00,70606.23,70646.93,70500.0,70536.07,244.70054,2026-03-20T06:14:59.999000+00:00,17269357.5305351,18722,57.1029,4029757.2496483
2026-03-20T06:15:00+00:00,70536.06,70536.06,70414.55,70484.08,218.01471,2026-03-20T06:29:59.999000+00:00,15366495.5019602,21115,89.13718,6282711.4499802
2026-03-20T06:30:00+00:00,70484.48,70536.9,70346.49,70464.84,155.64146,2026-03-20T06:44:59.999000+00:00,10963458.4577002,22720,36.23807,2552531.9429986
2026-03-20T06:45:00+00:00,70464.83,70537.64,70431.7,70502.9,140.4572,2026-03-20T06:59:59.999000+00:00,9900646.8752225,19360,86.57571,6102937.1707021
2026-03-20T07:00:00+00:00,70502.91,70502.91,70160.06,70274.01,202.9518,2026-03-20T07:14:59.999000+00:00,14264117.2208986,33094,57.59417,4048001.5237616
2026-03-20T07:15:00+00:00,70274.01,70548.56,70261.91,70451.32,114.52959,2026-03-20T07:29:59.999000+00:00,8065862.15324,22367,61.90997,4359907.1508096
2026-03-20T07:30:00+00:00,70451.33,70857.21,70421.87,70852.47,399.65982,2026-03-20T07:44:59.999000+00:00,28252440.7410304,33868,245.25638,17333141.6070928
2026-03-20T07:45:00+00:00,70852.47,70939.58,70819.57,70854.66,219.75785,2026-03-20T07:59:59.999000+00:00,15573091.366369,18781,97.2598,6892343.0794255
2026-03-20T08:00:00+00:00,70854.66,71367.0,70800.0,71274.16,458.11803,2026-03-20T08:14:59.999000+00:00,32572869.5472566,56134,255.40257,18164601.7173251
2026-03-20T08:15:00+00:00,71274.15,71294.43,71157.37,71248.99,241.56151,2026-03-20T08:29:59.999000+00:00,17207698.6221204,41279,107.59181,7663254.1995758
2026-03-20T08:30:00+00:00,71248.98,71248.98,71096.86,71114.34,196.58684,2026-03-20T08:44:59.999000+00:00,13990061.5440479,34474,107.97751,7684194.27312
2026-03-20T08:45:00+00:00,71114.34,71158.29,71013.81,71042.23,115.69676,2026-03-20T08:59:59.999000+00:00,8223732.2697806,23624,58.23916,4140097.9222129
2026-03-20T09:00:00+00:00,71042.23,71042.23,70849.26,70849.27,288.04457,2026-03-20T09:14:59.999000+00:00,20430023.8945977,29664,66.6059,4724093.6281804
2026-03-20T09:15:00+00:00,70849.26,70859.62,70419.65,70509.18,374.96549,2026-03-20T09:29:59.999000+00:00,26485476.944744,49790,96.14238,6787453.1769171
2026-03-20T09:30:00+00:00,70509.19,70736.55,70509.18,70640.19,138.0947,2026-03-20T09:44:59.999000+00:00,9755845.9778115,32459,67.21089,4747870.4018818
2026-03-20T09:45:00+00:00,70640.19,70640.19,70478.01,70583.8,84.3864,2026-03-20T09:59:59.999000+00:00,5954118.8425863,33239,42.24538,2980798.1338171
2026-03-20T10:00:00+00:00,70583.81,70598.21,70294.2,70366.57,140.5966,2026-03-20T10:14:59.999000+00:00,9898930.1842487,49969,46.99133,3309599.8222874
2026-03-20T10:15:00+00:00,70366.57,70459.4,70218.68,70325.07,187.88864,2026-03-20T10:29:59.999000+00:00,13214144.4219194,42397,64.38136,4526865.9175766
2026-03-20T10:30:00+00:00,70325.07,70670.43,70311.0,70533.48,190.93451,2026-03-20T10:44:59.999000+00:00,13463664.625294,34701,88.97324,6273835.0104645
2026-03-20T10:45:00+00:00,70533.49,70651.16,70521.32,70611.68,89.69738,2026-03-20T10:59:59.999000+00:00,6330823.8681429,25444,44.03916,3108303.3286447
2026-03-20T11:00:00+00:00,70611.68,70810.81,70571.46,70779.36,231.12354,2026-03-20T11:14:59.999000+00:00,16348607.7616159,33256,180.23731,12750189.208111
2026-03-20T11:15:00+00:00,70779.35,70779.35,70606.03,70713.03,87.95981,2026-03-20T11:29:59.999000+00:00,6216948.6264221,23535,30.32864,2143707.3673492
2026-03-20T11:30:00+00:00,70713.02,70718.07,70312.5,70395.29,203.31808,2026-03-20T11:44:59.999000+00:00,14326271.2282026,37837,62.69361,4416741.4264845
2026-03-20T11:45:00+00:00,70395.29,70484.31,70303.36,70478.71,83.16302,2026-03-20T11:59:59.999000+00:00,5853240.6092331,22669,38.66553,2721816.8681849
2026-03-20T12:00:00+00:00,70478.71,70685.63,70409.32,70572.99,195.63969,2026-03-20T12:14:59.999000+00:00,13799365.2014162,43594,104.30636,7356365.9607375
2026-03-20T12:15:00+00:00,70572.98,70651.16,70419.31,70442.9,96.38178,2026-03-20T12:29:59.999000+00:00,6799646.1868407,35540,44.81641,3162520.2287588
2026-03-20T12:30:00+00:00,70442.9,70461.35,70251.0,70359.52,251.52133,2026-03-20T12:44:59.999000+00:00,17702376.8720479,49062,73.83098,5194929.8000702
2026-03-20T12:45:00+00:00,70359.52,70373.22,70257.15,70342.63,69.72827,2026-03-20T12:59:59.999000+00:00,4903136.8752884,32548,31.25218,2197568.7317274
2026-03-20T13:00:00+00:00,70342.63,70444.82,70244.9,70324.71,170.50116,2026-03-20T13:14:59.999000+00:00,11992569.0348159,47960,80.91376,5690742.6680518
2026-03-20T13:15:00+00:00,70324.7,70613.75,70319.12,70495.62,139.16111,2026-03-20T13:29:59.999000+00:00,9806697.0119525,44989,52.83903,3722992.3788988
2026-03-20T13:30:00+00:00,70495.61,70509.12,69850.65,70323.01,586.04682,2026-03-20T13:44:59.999000+00:00,41086536.3631527,176954,232.95243,16333437.5320123
2026-03-20T13:45:00+00:00,70323.0,70399.59,69795.7,69863.84,330.18485,2026-03-20T13:59:59.999000+00:00,23138134.7045798,112050,142.84021,10010003.9430677
2026-03-20T14:00:00+00:00,69863.85,70095.73,69641.38,69810.33,497.75652,2026-03-20T14:14:59.999000+00:00,34774562.2805462,130675,235.74006,16474475.5535677
2026-03-20T14:15:00+00:00,69810.33,69982.75,69589.38,69940.48,540.65675,2026-03-20T14:29:59.999000+00:00,37701324.1384081,129033,225.8649,15756519.623585
2026-03-20T14:30:00+00:00,69940.48,70268.66,69940.48,69980.14,321.17052,2026-03-20T14:44:59.999000+00:00,22516214.1049625,113043,162.29497,11378300.3595381
2026-03-20T14:45:00+00:00,69979.19,70107.97,69650.0,69731.21,320.26615,2026-03-20T14:59:59.999000+00:00,22351984.4802009,89895,92.50911,6458669.9422384
2026-03-20T15:00:00+00:00,69731.2,69867.03,69480.0,69768.89,425.05608,2026-03-20T15:14:59.999000+00:00,29595493.1355458,98707,171.62622,11955794.2548924
2026-03-20T15:15:00+00:00,69768.89,70002.68,69592.12,69826.4,436.23223,2026-03-20T15:29:59.999000+00:00,30444034.4349229,96142,293.27079,20467878.0821591
2026-03-20T15:30:00+00:00,69826.39,70000.0,69756.2,69908.65,146.81939,2026-03-20T15:44:59.999000+00:00,10261425.9200365,75890,73.83053,5160563.2414404
2026-03-20T15:45:00+00:00,69908.65,70002.59,69763.56,69860.09,188.79306,2026-03-20T15:59:59.999000+00:00,13192409.4364789,69202,61.02691,4264770.6269217
2026-03-20T16:00:00+00:00,69860.09,70083.43,69851.83,69988.51,289.30502,2026-03-20T16:14:59.999000+00:00,20243074.6076362,63880,154.9362,10842288.9773501
2026-03-20T16:15:00+00:00,69988.52,70100.0,69881.35,70024.65,189.83906,2026-03-20T16:29:59.999000+00:00,13290997.1303091,73414,94.57238,6621846.3701124
2026-03-20T16:30:00+00:00,70024.65,70024.65,69681.8,69771.65,243.31006,2026-03-20T16:44:59.999000+00:00,16983877.7310382,76854,104.87913,7321137.6519728
2026-03-20T16:45:00+00:00,69771.66,69890.89,69608.54,69829.26,199.80359,2026-03-20T16:59:59.999000+00:00,13942513.97553,61663,93.72826,6540744.3607062
2026-03-20T17:00:00+00:00,69829.27,69963.88,69686.0,69803.71,218.4864,2026-03-20T17:14:59.999000+00:00,15260427.6412574,83666,103.48325,7228175.7245719
2026-03-20T17:15:00+00:00,69803.72,69892.96,69636.11,69656.1,178.36097,2026-03-20T17:29:59.999000+00:00,12440469.3154519,64048,82.9523,5786114.3893431
2026-03-20T17:30:00+00:00,69656.1,69692.0,69388.0,69573.35,340.17132,2026-03-20T17:44:59.999000+00:00,23656664.0821614,79753,155.29458,10800009.6924628
2026-03-20T17:45:00+00:00,69573.34,70039.78,69565.55,70000.0,261.82928,2026-03-20T17:59:59.999000+00:00,18273756.1943231,69657,171.41648,11965501.3394447
2026-03-20T18:00:00+00:00,69999.99,70071.81,69894.43,69973.05,180.39932,2026-03-20T18:14:59.999000+00:00,12623191.8055192,67111,101.65625,7113088.4536632
2026-03-20T18:15:00+00:00,69973.05,70024.35,69641.98,69666.79,156.14988,2026-03-20T18:29:59.999000+00:00,10902622.473254,76390,47.232,3298589.2453033
2026-03-20T18:30:00+00:00,69666.78,69790.67,69525.33,69696.6,151.20166,2026-03-20T18:44:59.999000+00:00,10530127.5421261,61069,77.07742,5368269.2672842
2026-03-20T18:45:00+00:00,69696.61,69901.84,69681.4,69770.0,142.72874,2026-03-20T18:59:59.999000+00:00,9960780.3419279,55644,84.15118,5873022.7556069
2026-03-20T19:00:00+00:00,69770.01,69910.04,69700.0,69877.24,114.73782,2026-03-20T19:14:59.999000+00:00,8010355.6543185,53333,47.65103,3326951.4512705
2026-03-20T19:15:00+00:00,69877.23,69985.75,69783.77,69876.63,106.30212,2026-03-20T19:29:59.999000+00:00,7429176.5347863,46942,59.64228,4168447.0398486
2026-03-20T19:30:00+00:00,69876.64,70019.42,69673.76,70007.91,128.55662,2026-03-20T19:44:59.999000+00:00,8977104.5266102,53343,70.91267,4951012.1383916
2026-03-20T19:45:00+00:00,70007.91,70190.18,69910.03,70177.86,178.79937,2026-03-20T19:59:59.999000+00:00,12532131.2912184,55323,95.42479,6690301.8579437
2026-03-20T20:00:00+00:00,70177.85,70259.28,70080.32,70206.39,100.39115,2026-03-20T20:14:59.999000+00:00,7044765.580168,41279,58.87538,4131571.3984332
2026-03-20T20:15:00+00:00,70206.4,70206.4,69952.95,69977.25,109.4895,2026-03-20T20:29:59.999000+00:00,7668449.6087748,30622,39.43453,2761837.1177545
2026-03-20T20:30:00+00:00,69977.26,69991.08,69754.71,69931.91,120.29778,2026-03-20T20:44:59.999000+00:00,8403348.1086317,34769,53.86023,3762616.8103706
2026-03-20T20:45:00+00:00,69931.91,70095.32,69910.03,70057.66,105.21822,2026-03-20T20:59:59.999000+00:00,7364552.7067764,27105,62.89044,4401845.1406349
2026-03-20T21:00:00+00:00,70057.66,70157.23,69946.65,70133.93,89.21388,2026-03-20T21:14:59.999000+00:00,6248876.1612288,26066,40.00304,2802373.4079731
2026-03-20T21:15:00+00:00,70133.92,70583.3,70121.78,70500.0,327.95724,2026-03-20T21:29:59.999000+00:00,23095891.1292231,55441,192.51552,13556424.9326848
2026-03-20T21:30:00+00:00,70499.99,70726.13,70377.55,70405.38,249.46323,2026-03-20T21:44:59.999000+00:00,17602040.8203447,52461,112.60973,7948239.3640836
2026-03-20T21:45:00+00:00,70405.38,70600.9,70405.32,70540.73,113.82607,2026-03-20T21:59:59.999000+00:00,8027302.3001689,36715,49.91095,3520145.1879384
2026-03-20T22:00:00+00:00,70540.72,70923.75,70532.0,70809.61,271.5426,2026-03-20T22:14:59.999000+00:00,19223102.6698907,56175,159.57556,11295978.443122
2026-03-20T22:15:00+00:00,70809.61,70866.73,70686.01,70686.03,129.0779,2026-03-20T22:29:59.999000+00:00,9137223.118956,21983,53.23793,3768576.2578666
2026-03-20T22:30:00+00:00,70686.02,70767.22,70610.6,70696.29,99.19403,2026-03-20T22:44:59.999000+00:00,7011607.7501423,22230,42.85888,3029534.2118881
2026-03-20T22:45:00+00:00,70696.29,70832.02,70659.73,70767.85,91.8813,2026-03-20T22:59:59.999000+00:00,6502850.7835464,22461,44.62188,3158016.3098415
2026-03-20T23:00:00+00:00,70767.85,70771.13,70502.92,70522.07,126.44304,2026-03-20T23:14:59.999000+00:00,8927475.310288,34906,40.9294,2889258.8673542
2026-03-20T23:15:00+00:00,70522.06,70558.52,70430.0,70480.63,96.06349,2026-03-20T23:29:59.999000+00:00,6772884.6211399,28372,45.83479,3231367.3171604
2026-03-20T23:30:00+00:00,70480.64,70542.17,70465.91,70534.51,83.79727,2026-03-20T23:44:59.999000+00:00,5907007.2599405,16895,39.64719,2794739.4143784
2026-03-20T23:45:00+00:00,70534.5,70601.17,70467.91,70510.73,66.29628,2026-03-20T23:59:59.999000+00:00,4674896.6916327,17179,48.56483,3424390.7482095
2026-03-21T00:00:00+00:00,70510.73,70599.44,70467.36,70594.76,69.15004,2026-03-21T00:14:59.999000+00:00,4878196.4976029,27252,32.21305,2272345.9651991
2026-03-21T00:15:00+00:00,70594.5,70826.0,70578.01,70657.29,103.26183,2026-03-21T00:29:59.999000+00:00,7302720.6331112,31696,71.38257,5048368.5857415
2026-03-21T00:30:00+00:00,70657.29,70678.29,70582.68,70602.53,39.26729,2026-03-21T00:44:59.999000+00:00,2773623.4078536,17247,16.63955,1175380.7723634
2026-03-21T00:45:00+00:00,70602.54,70730.01,70570.59,70682.19,62.99161,2026-03-21T00:59:59.999000+00:00,4450908.8601089,19982,48.92002,3456765.1869762
2026-03-21T01:00:00+00:00,70682.2,70758.5,70648.04,70671.51,45.69171,2026-03-21T01:14:59.999000+00:00,3230675.9067476,19703,24.82997,1755723.22521
2026-03-21T01:15:00+00:00,70671.52,70675.82,70577.69,70610.12,73.24268,2026-03-21T01:29:59.999000+00:00,5173034.9937193,14238,37.93009,2679203.0363677
2026-03-21T01:30:00+00:00,70610.12,70650.54,70519.1,70519.66,116.46231,2026-03-21T01:44:59.999000+00:00,8221982.6378558,16643,62.74026,4429170.8945481
2026-03-21T01:45:00+00:00,70519.66,70576.0,70445.36,70464.59,140.55556,2026-03-21T01:59:59.999000+00:00,9909098.8996923,19414,28.95852,2042157.2996665
2026-03-21T02:00:00+00:00,70464.6,70510.5,70431.67,70485.17,110.47966,2026-03-21T02:14:59.999000+00:00,7785532.6724192,16067,65.94118,4647146.8361241
2026-03-21T02:15:00+00:00,70485.16,70703.06,70485.16,70644.57,77.08354,2026-03-21T02:29:59.999000+00:00,5442184.9493767,16918,59.21878,4180990.2432536
2026-03-21T02:30:00+00:00,70644.57,70738.84,70580.61,70708.13,57.5634,2026-03-21T02:44:59.999000+00:00,4067097.664498,17944,36.47044,2576656.5193244
2026-03-21T02:45:00+00:00,70708.14,70785.9,70690.92,70737.6,71.75424,2026-03-21T02:59:59.999000+00:00,5075922.4796373,17085,39.41358,2788085.5261915
2026-03-21T03:00:00+00:00,70737.6,70784.07,70667.78,70695.04,60.61725,2026-03-21T03:14:59.999000+00:00,4287770.4670287,16384,22.4619,1588562.4934233
2026-03-21T03:15:00+00:00,70695.04,70719.69,70660.5,70704.97,44.90222,2026-03-21T03:29:59.999000+00:00,3174164.5247495,13847,13.81913,976869.9228549
2026-03-21T03:30:00+00:00,70704.96,70704.96,70632.39,70651.35,23.7462,2026-03-21T03:44:59.999000+00:00,1677699.5242205,11360,9.24265,652985.6961189
2026-03-21T03:45:00+00:00,70651.35,70700.0,70632.39,70657.35,97.55452,2026-03-21T03:59:59.999000+00:00,6893557.4460659,14451,17.00447,1201390.5776945
2026-03-21T04:00:00+00:00,70657.35,70785.9,70657.34,70757.01,156.1695,2026-03-21T04:14:59.999000+00:00,11046697.2560573,22522,117.22237,8291260.7590676
2026-03-21T04:15:00+00:00,70757.0,70819.0,70721.93,70746.99,139.519,2026-03-21T04:29:59.999000+00:00,9872788.7712212,20113,58.48926,4139062.9389926
2026-03-21T04:30:00+00:00,70747.0,70747.0,70624.84,70645.66,97.72328,2026-03-21T04:44:59.999000+00:00,6905462.6103602,16887,60.21437,4254916.5975509
2026-03-21T04:45:00+00:00,70645.67,70661.67,70617.05,70642.13,93.69229,2026-03-21T04:59:59.999000+00:00,6618506.3783869,11356,28.19664,1992009.1693349
2026-03-21T05:00:00+00:00,70642.14,70707.86,70635.1,70637.45,38.76227,2026-03-21T05:14:59.999000+00:00,2739026.3285093,10850,17.9055,1265328.5805181
2026-03-21T05:15:00+00:00,70637.46,70809.04,70637.45,70792.01,352.44238,2026-03-21T05:29:59.999000+00:00,24938096.6730199,25882,233.65775,16532276.2833871
2026-03-21T05:30:00+00:00,70792.0,70834.46,70702.91,70779.8,492.13374,2026-03-21T05:44:59.999000+00:00,34816483.2075362,24504,289.91162,20511081.2953821
2026-03-21T05:45:00+00:00,70779.79,70779.8,70683.31,70697.94,58.11073,2026-03-21T05:59:59.999000+00:00,4109436.2444488,10012,12.53616,886551.9449609
2026-03-21T06:00:00+00:00,70697.94,70749.99,70693.06,70718.19,100.38454,2026-03-21T06:14:59.999000+00:00,7099026.7332765,13415,42.39743,2998188.2336455
2026-03-21T06:15:00+00:00,70718.19,70831.14,70711.46,70815.0,357.34429,2026-03-21T06:29:59.999000+00:00,25299439.5601458,21449,165.69686,11729715.8700735
2026-03-21T06:30:00+00:00,70815.01,70823.33,70734.82,70779.98,365.94016,2026-03-21T06:44:59.999000+00:00,25894100.7459176,24164,150.44455,10645523.4971763
2026-03-21T06:45:00+00:00,70779.98,70788.73,70747.63,70774.65,33.59709,2026-03-21T06:59:59.999000+00:00,2377725.0858724,7239,16.97919,1201578.1301005
2026-03-21T07:00:00+00:00,70773.55,70787.98,70731.91,70731.92,106.83946,2026-03-21T07:14:59.999000+00:00,7560252.8437325,9621,64.65716,4575902.1026817
2026-03-21T07:15:00+00:00,70731.91,70879.76,70731.91,70875.94,107.96895,2026-03-21T07:29:59.999000+00:00,7646460.3097302,18609,53.15199,3763983.4011739
2026-03-21T07:30:00+00:00,70875.95,70875.95,70755.78,70755.78,74.24008,2026-03-21T07:44:59.999000+00:00,5254699.8436889,14830,17.6531,1249566.2023999
2026-03-21T07:45:00+00:00,70755.78,70768.83,70677.44,70727.33,142.37854,2026-03-21T07:59:59.999000+00:00,10070845.9990734,13955,88.92816,6290571.2774615
2026-03-21T08:00:00+00:00,70727.33,70753.79,70685.52,70685.55,218.40762,2026-03-21T08:14:59.999000+00:00,15441490.7369511,16296,33.20499,2347941.094732
2026-03-21T08:15:00+00:00,70685.55,70716.02,70520.51,70528.26,336.07783,2026-03-21T08:29:59.999000+00:00,23725424.9622092,25523,242.83194,17142655.3803403
2026-03-21T08:30:00+00:00,70528.27,70632.22,70492.02,70589.39,365.60654,2026-03-21T08:44:59.999000+00:00,25809871.5594164,23821,55.79325,3937840.8775744
2026-03-21T08:45:00+00:00,70589.39,70635.52,70566.77,70594.43,36.00919,2026-03-21T08:59:59.999000+00:00,2542067.7238542,11998,16.68291,1177779.4701391
2026-03-21T09:00:00+00:00,70594.42,70735.36,70570.4,70715.91,94.29111,2026-03-21T09:14:59.999000+00:00,6664542.9423726,20294,47.62171,3366169.781274
2026-03-21T09:15:00+00:00,70715.91,70722.0,70583.16,70589.02,41.80449,2026-03-21T09:29:59.999000+00:00,2953406.4093641,10151,11.27857,796805.2630697
2026-03-21T09:30:00+00:00,70589.02,70696.58,70580.6,70639.87,47.78321,2026-03-21T09:44:59.999000+00:00,3375780.6974165,12838,21.15065,1494227.2836679
2026-03-21T09:45:00+00:00,70639.87,70675.25,70639.72,70661.59,20.82088,2026-03-21T09:59:59.999000+00:00,1471148.652329,9728,9.91785,700755.0123452
2026-03-21T10:00:00+00:00,70661.59,70695.32,70604.94,70635.44,208.51595,2026-03-21T10:14:59.999000+00:00,14735094.4405867,15341,178.28261,12598712.4299709
2026-03-21T10:15:00+00:00,70635.44,70635.45,70559.69,70559.76,244.01682,2026-03-21T10:29:59.999000+00:00,17221948.4638917,13509,37.05636,2615373.954848
2026-03-21T10:30:00+00:00,70559.76,70626.41,70559.76,70586.08,49.98785,2026-03-21T10:44:59.999000+00:00,3528900.0844189,9260,21.17713,1495072.5224545
2026-03-21T10:45:00+00:00,70586.08,70609.61,70563.19,70605.64,21.8072,2026-03-21T10:59:59.999000+00:00,1539315.3283872,4856,8.6776,612519.6973542
2026-03-21T11:00:00+00:00,70605.64,70623.99,70572.62,70572.63,248.99451,2026-03-21T11:14:59.999000+00:00,17581556.519551,9129,216.57377,15292605.5563357
2026-03-21T11:15:00+00:00,70572.62,70615.29,70567.79,70609.99,41.85416,2026-03-21T11:29:59.999000+00:00,2954597.9701163,5287,25.23621,1781463.870997
2026-03-21T11:30:00+00:00,70610.0,70647.18,70574.13,70647.17,46.332,2026-03-21T11:44:59.999000+00:00,3271494.2043544,8369,33.24148,2347249.1797748
2026-03-21T11:45:00+00:00,70647.18,70652.73,70614.0,70652.72,23.03392,2026-03-21T11:59:59.999000+00:00,1626985.7247977,6062,9.03372,638102.5443201
2026-03-21T12:00:00+00:00,70652.73,70730.0,70652.73,70730.0,46.50264,2026-03-21T12:14:59.999000+00:00,3287436.5924478,11287,17.98202,1271196.2996731
2026-03-21T12:15:00+00:00,70730.0,70800.0,70694.28,70780.0,79.24439,2026-03-21T12:29:59.999000+00:00,5607018.8294299,17990,47.09926,3332519.5154703
2026-03-21T12:30:00+00:00,70779.99,70780.0,70718.0,70758.83,40.35646,2026-03-21T12:44:59.999000+00:00,2855204.4162293,11096,20.14126,1424886.5325513
2026-03-21T12:45:00+00:00,70758.83,70763.5,70714.54,70722.61,33.31514,2026-03-21T12:59:59.999000+00:00,2356470.9762269,10628,14.33765,1014055.651123
2026-03-21T13:00:00+00:00,70722.61,70766.62,70707.12,70751.9,45.51363,2026-03-21T13:14:59.999000+00:00,3219311.898444,9442,29.8963,2114606.3316457
2026-03-21T13:15:00+00:00,70751.9,70812.74,70724.3,70737.42,38.97502,2026-03-21T13:29:59.999000+00:00,2757989.7301155,12550,20.63594,1460328.4195273
2026-03-21T13:30:00+00:00,70737.41,70791.85,70723.42,70726.34,42.57795,2026-03-21T13:44:59.999000+00:00,3012417.1154802,13144,17.96378,1271013.7024429
2026-03-21T13:45:00+00:00,70726.34,70766.9,70713.36,70740.18,44.4771,2026-03-21T13:59:59.999000+00:00,3146240.2167169,9266,26.77929,1894330.1700051
2026-03-21T14:00:00+00:00,70740.18,71100.94,70740.18,71020.08,268.22593,2026-03-21T14:14:59.999000+00:00,19027455.0678601,34411,188.20609,13349768.4034217
2026-03-21T14:15:00+00:00,71020.08,71066.11,70923.5,70933.48,265.94206,2026-03-21T14:29:59.999000+00:00,18877745.480589,22952,178.49443,12670533.0871577
2026-03-21T14:30:00+00:00,70933.48,71018.67,70933.48,70940.86,67.85061,2026-03-21T14:44:59.999000+00:00,4815092.3351054,15593,40.13201,2847956.1684465
2026-03-21T14:45:00+00:00,70940.86,70940.86,70592.53,70629.1,271.70857,2026-03-21T14:59:59.999000+00:00,19216145.5012774,33208,51.94821,3672890.8003758
2026-03-21T15:00:00+00:00,70629.09,70656.83,70573.77,70639.37,60.06542,2026-03-21T15:14:59.999000+00:00,4241864.262456,18266,27.90451,1970579.26165
2026-03-21T15:15:00+00:00,70639.38,70671.19,70453.09,70670.46,105.02695,2026-03-21T15:29:59.999000+00:00,7409311.7318008,24761,44.3014,3125816.1332076
2026-03-21T15:30:00+00:00,70670.47,70760.0,70606.06,70616.2,155.41051,2026-03-21T15:44:59.999000+00:00,10979493.47436,18416,28.47707,2013036.9126484
2026-03-21T15:45:00+00:00,70616.2,70680.0,70616.2,70630.02,78.94774,2026-03-21T15:59:59.999000+00:00,5577899.7474039,12786,14.84373,1048700.4748023
2026-03-21T16:00:00+00:00,70630.02,70652.64,70562.24,70566.84,68.44804,2026-03-21T16:14:59.999000+00:00,4832845.267505,15299,22.00406,1553864.8395826
2026-03-21T16:15:00+00:00,70566.85,70627.41,70325.0,70414.32,201.13647,2026-03-21T16:29:59.999000+00:00,14177404.2530377,22995,43.42834,3059440.1816089
2026-03-21T16:30:00+00:00,70414.32,70474.43,70335.58,70371.22,105.46434,2026-03-21T16:44:59.999000+00:00,7425020.4580586,19471,54.18274,3814019.9799323
2026-03-21T16:45:00+00:00,70371.21,70431.43,70251.0,70301.66,60.6554,2026-03-21T16:59:59.999000+00:00,4266226.8926721,18489,30.99981,2180419.5098341
2026-03-21T17:00:00+00:00,70301.66,70370.31,70210.0,70279.1,62.71099,2026-03-21T17:14:59.999000+00:00,4407118.2470283,17232,36.5204,2566670.1417806
2026-03-21T17:15:00+00:00,70279.1,70404.92,70252.15,70368.48,76.68361,2026-03-21T17:29:59.999000+00:00,5395338.9764403,15896,43.50976,3061230.0429892
2026-03-21T17:30:00+00:00,70368.49,70426.18,70361.13,70388.23,236.89783,2026-03-21T17:44:59.999000+00:00,16677928.2255422,13712,166.75496,11740167.3890853
2026-03-21T17:45:00+00:00,70388.23,70420.47,70280.76,70304.08,68.35557,2026-03-21T17:59:59.999000+00:00,4807073.2232854,10433,15.05366,1058908.8479905
2026-03-21T18:00:00+00:00,70303.45,70381.85,70290.48,70381.64,49.15869,2026-03-21T18:14:59.999000+00:00,3458185.7105938,10696,31.31918,2203499.3160787
2026-03-21T18:15:00+00:00,70381.65,70445.28,70355.16,70412.67,34.81951,2026-03-21T18:29:59.999000+00:00,2451293.7578188,10699,25.49397,1794721.739887
2026-03-21T18:30:00+00:00,70412.66,70534.38,70406.38,70479.49,55.82636,2026-03-21T18:44:59.999000+00:00,3935158.0132286,11185,42.12666,2969575.3270278
2026-03-21T18:45:00+00:00,70479.48,70479.49,70383.17,70389.19,60.78124,2026-03-21T18:59:59.999000+00:00,4279803.4414267,8389,15.47,1089494.0565052
2026-03-21T19:00:00+00:00,70389.18,70446.05,70389.18,70431.69,43.31956,2026-03-21T19:14:59.999000+00:00,3050753.0086402,7930,26.36827,1856940.5052885
2026-03-21T19:15:00+00:00,70431.69,70448.79,70401.56,70414.08,38.56364,2026-03-21T19:29:59.999000+00:00,2715981.4685594,8516,11.53274,812243.7215972
2026-03-21T19:30:00+00:00,70414.08,70427.21,70324.7,70347.63,29.30938,2026-03-21T19:44:59.999000+00:00,2062382.494011,9422,8.77395,617373.8530789
2026-03-21T19:45:00+00:00,70347.63,70396.01,70342.72,70396.0,29.2644,2026-03-21T19:59:59.999000+00:00,2059383.1193562,6510,21.39189,1505438.1880842
