open_time,open,high,low,close,volume,close_time,quote_volume,trade_count,taker_buy_base_volume,taker_buy_quote_volume
2025-09-06T01:00:00+00:00,110779.7,110917.46,110744.08,110867.7,186.31454,2025-09-06T01:59:59.999000+00:00,20650139.4170632,28672,71.30313,7902276.4315446
2025-09-06T02:00:00+00:00,110867.71,111216.25,110733.11,111216.15,184.10167,2025-09-06T02:59:59.999000+00:00,20423318.1158,29080,88.12567,9777641.9708421
2025-09-06T03:00:00+00:00,111216.14,111307.7,111000.12,111082.22,194.76496,2025-09-06T03:59:59.999000+00:00,21647696.2829022,38423,93.57846,10401702.8900524
2025-09-06T04:00:00+00:00,111082.23,111082.23,110783.7,110876.12,353.6322,2025-09-06T04:59:59.999000+00:00,39211119.8041318,33399,99.87677,11073767.7820882
2025-09-06T05:00:00+00:00,110876.12,110876.13,110687.69,110714.0,151.66886,2025-09-06T05:59:59.999000+00:00,16800932.5996905,32926,47.22439,5231244.6796491
2025-09-06T06:00:00+00:00,110714.0,110817.11,110714.0,110752.83,96.24087,2025-09-06T06:59:59.999000+00:00,10659314.4750171,14909,53.34912,5908710.7135855
2025-09-06T07:00:00+00:00,110752.84,110829.15,110750.64,110825.6,86.44213,2025-09-06T07:59:59.999000+00:00,9577926.1421628,13608,47.10658,5219253.7261194
2025-09-06T08:00:00+00:00,110825.59,110968.0,110774.46,110952.76,91.10955,2025-09-06T08:59:59.999000+00:00,10100724.2997676,16068,51.28644,5685962.8221142
2025-09-06T09:00:00+00:00,110952.77,110952.77,110693.86,110695.06,193.74674,2025-09-06T09:59:59.999000+00:00,21459771.3030443,26216,69.96764,7748924.3691928
2025-09-06T10:00:00+00:00,110695.06,110804.62,110677.3,110773.62,157.49749,2025-09-06T10:59:59.999000+00:00,17440081.5204785,22585,85.66367,9485893.2901719
2025-09-06T11:00:00+00:00,110773.62,110868.8,110675.58,110781.02,179.54833,2025-09-06T11:59:59.999000+00:00,19882132.3167278,28830,106.85156,11831797.7232897
2025-09-06T12:00:00+00:00,110781.03,110898.7,110753.97,110832.58,158.76991,2025-09-06T12:59:59.999000+00:00,17595820.8270103,26965,103.52501,11472814.706065
2025-09-06T13:00:00+00:00,110832.59,110947.91,110822.0,110936.82,154.65819,2025-09-06T13:59:59.999000+00:00,17148771.7372784,27172,97.04973,10760821.461406
2025-09-06T14:00:00+00:00,110936.82,110999.83,110781.96,110807.77,144.7163,2025-09-06T14:59:59.999000+00:00,16048347.2455288,24572,71.61631,7942493.0551209
2025-09-06T15:00:00+00:00,110807.78,110840.0,110358.11,110384.15,427.86502,2025-09-06T15:59:59.999000+00:00,47316028.9080815,63949,188.70421,20866052.1439334
2025-09-06T16:00:00+00:00,110384.16,110402.0,109977.0,110267.99,876.95944,2025-09-06T16:59:59.999000+00:00,96627929.9513667,132985,346.11904,38139410.8613759
2025-09-06T17:00:00+00:00,110267.99,110275.5,110000.0,110157.41,202.2087,2025-09-06T17:59:59.999000+00:00,22274824.2000493,40401,95.12199,10478237.6678412
2025-09-06T18:00:00+00:00,110157.41,110285.65,110056.29,110228.0,160.96245,2025-09-06T18:59:59.999000+00:00,17735320.9545976,33405,96.2744,10607442.2484271
2025-09-06T19:00:00+00:00,110228.01,110260.0,110000.0,110038.41,151.53,2025-09-06T19:59:59.999000+00:00,16688816.928082,27077,68.40099,7534181.4960678
2025-09-06T20:00:00+00:00,110038.42,110167.01,110034.44,110167.0,140.0902,2025-09-06T20:59:59.999000+00:00,15421396.8844899,21670,78.80735,8675238.3988553
2025-09-06T21:00:00+00:00,110167.01,110215.03,110093.14,110201.0,168.43512,2025-09-06T21:59:59.999000+00:00,18557570.0475704,22268,103.43884,11396141.4444618
2025-09-06T22:00:00+00:00,110200.99,110238.12,110074.95,110170.55,159.17265,2025-09-06T22:59:59.999000+00:00,17536080.3180197,23466,85.94251,9468211.5693735
2025-09-06T23:00:00+00:00,110170.54,110282.82,110113.96,110187.97,144.86264,2025-09-06T23:59:59.999000+00:00,15964762.6523769,22630,58.99715,6501427.5141676
2025-09-07T00:00:00+00:00,110187.98,110367.37,110180.0,110356.75,274.12078,2025-09-07T00:59:59.999000+00:00,30222357.7832813,27126,122.70333,13527134.380296
2025-09-07T01:00:00+00:00,110356.74,110587.86,110332.81,110546.66,251.76683,2025-09-07T01:59:59.999000+00:00,27811696.6040669,34329,97.30143,10748873.7335684
2025-09-07T02:00:00+00:00,110546.66,110692.52,110444.43,110666.24,231.20078,2025-09-07T02:59:59.999000+00:00,25556274.5467866,29285,84.87698,9382471.276028
2025-09-07T03:00:00+00:00,110666.24,110733.12,110596.71,110629.15,191.54953,2025-09-07T03:59:59.999000+00:00,21197602.4730489,26088,84.60844,9363592.5588478
2025-09-07T04:00:00+00:00,110629.15,110638.0,110489.96,110557.76,140.43398,2025-09-07T04:59:59.999000+00:00,15525928.9168789,22889,40.29623,4454914.6955253
2025-09-07T05:00:00+00:00,110557.77,110699.0,110557.76,110649.44,163.57402,2025-09-07T05:59:59.999000+00:00,18099955.1661122,24334,46.89057,5188239.5783065
2025-09-07T06:00:00+00:00,110649.45,110665.35,110472.33,110504.15,195.71662,2025-09-07T06:59:59.999000+00:00,21639586.1318215,21863,56.19939,6212989.0177261
2025-09-07T07:00:00+00:00,110504.14,110911.42,110463.1,110753.42,373.02249,2025-09-07T07:59:59.999000+00:00,41306280.5549974,39599,238.11592,26373813.040754
2025-09-07T08:00:00+00:00,110753.41,111377.19,110720.01,111071.25,524.25884,2025-09-07T08:59:59.999000+00:00,58232627.9335712,82066,303.65698,33725359.4201543
2025-09-07T09:00:00+00:00,111071.25,111248.2,110876.88,111115.98,305.63775,2025-09-07T09:59:59.999000+00:00,33956992.2681469,48582,122.9919,13663978.2923152
2025-09-07T10:00:00+00:00,111115.99,111237.97,111041.87,111225.02,152.81384,2025-09-07T10:59:59.999000+00:00,16983889.5380508,29694,52.8549,5874122.4959365
2025-09-07T11:00:00+00:00,111225.03,111292.13,111189.75,111292.13,231.70263,2025-09-07T11:59:59.999000+00:00,25777053.1226584,30588,72.86807,8106481.1483793
2025-09-07T12:00:00+00:00,111292.12,111292.13,111073.17,111115.92,171.8987,2025-09-07T12:59:59.999000+00:00,19108658.8353491,27952,62.22937,6916630.5557801
2025-09-07T13:00:00+00:00,111115.92,111231.6,111042.6,111214.62,159.77105,2025-09-07T13:59:59.999000+00:00,17757726.2579251,28152,76.76113,8532544.0174559
2025-09-07T14:00:00+00:00,111214.63,111412.0,111059.57,111145.59,337.64277,2025-09-07T14:59:59.999000+00:00,37552879.8031175,57161,124.73709,13872709.5411393
2025-09-07T15:00:00+00:00,111145.59,111373.43,111120.56,111329.99,168.21133,2025-09-07T15:59:59.999000+00:00,18718586.509564,29152,80.37037,8943476.9407522
2025-09-07T16:00:00+00:00,111329.99,111371.35,111152.15,111202.02,223.90897,2025-09-07T16:59:59.999000+00:00,24911775.4799726,32498,57.38723,6384393.1434251
2025-09-07T17:00:00+00:00,111202.02,111237.86,110888.07,110962.83,326.82203,2025-09-07T17:59:59.999000+00:00,36285067.6622742,44978,190.22006,21114531.2204616
2025-09-07T18:00:00+00:00,110962.84,111063.0,110861.2,111053.76,219.80123,2025-09-07T18:59:59.999000+00:00,24390405.8231698,32082,134.18666,14889880.3032459
2025-09-07T19:00:00+00:00,111053.77,111293.99,111049.05,111259.99,169.95303,2025-09-07T19:59:59.999000+00:00,18894702.6737899,37543,87.99052,9781736.1789689
2025-09-07T20:00:00+00:00,111259.99,111371.26,111147.25,111330.3,178.99404,2025-09-07T20:59:59.999000+00:00,19913483.1890339,31177,92.07588,10245075.9005352
2025-09-07T21:00:00+00:00,111330.31,111330.31,111050.14,111050.14,82.99122,2025-09-07T21:59:59.999000+00:00,9228851.1153127,14956,19.84661,2206916.2497466
2025-09-07T22:00:00+00:00,111050.14,111364.4,111001.45,111250.01,270.95197,2025-09-07T22:59:59.999000+00:00,30121316.5318212,60354,155.94722,17337723.8174164
2025-09-07T23:00:00+00:00,111250.01,111600.0,111076.92,111137.34,334.55501,2025-09-07T23:59:59.999000+00:00,37254251.2381179,62513,165.73571,18456336.0336977
2025-09-08T00:00:00+00:00,111137.35,111293.26,110733.71,110837.96,553.54548,2025-09-08T00:59:59.999000+00:00,61455927.231131,81101,291.36022,32352785.4383205
2025-09-08T01:00:00+00:00,110837.95,110994.58,110731.71,110890.57,352.25138,2025-09-08T01:59:59.999000+00:00,39057520.380143,74306,204.9366,22722243.9522898
2025-09-08T02:00:00+00:00,110890.58,111372.0,110621.78,111240.0,364.1088,2025-09-08T02:59:59.999000+00:00,40427321.2294462,86574,191.80867,21294780.2028778
2025-09-08T03:00:00+00:00,111239.99,111349.24,111026.91,111052.11,431.56519,2025-09-08T03:59:59.999000+00:00,47994460.7298932,66925,148.69361,16534199.5291096
2025-09-08T04:00:00+00:00,111052.11,111218.49,110929.3,110979.35,318.48361,2025-09-08T04:59:59.999000+00:00,35362734.3619868,51752,179.19516,19895779.0472401
2025-09-08T05:00:00+00:00,110979.35,111061.05,110899.69,111027.16,189.25665,2025-09-08T05:59:59.999000+00:00,21001095.0075963,31387,84.28115,9351288.3472498
2025-09-08T06:00:00+00:00,111027.15,111197.86,110917.45,111113.26,156.58167,2025-09-08T06:59:59.999000+00:00,17391747.3254661,32151,72.61147,8064099.2439999
2025-09-08T07:00:00+00:00,111113.26,111609.04,111113.25,111280.39,665.8032,2025-09-08T07:59:59.999000+00:00,74157629.430903,68850,365.73131,40733380.1886574
2025-09-08T08:00:00+00:00,111280.4,111910.48,111252.9,111684.25,867.092,2025-09-08T08:59:59.999000+00:00,96806221.5633667,95651,500.8232,55914086.7457138
2025-09-08T09:00:00+00:00,111684.26,112095.0,111591.06,112094.99,695.25367,2025-09-08T09:59:59.999000+00:00,77794505.0069625,87350,378.69892,42375014.1897842
2025-09-08T10:00:00+00:00,112094.99,112186.98,111920.89,112048.0,648.82485,2025-09-08T10:59:59.999000+00:00,72715573.3659936,67609,216.78138,24293250.3601457
2025-09-08T11:00:00+00:00,112048.0,112121.59,111754.31,112052.43,512.51734,2025-09-08T11:59:59.999000+00:00,57357637.3008034,58495,221.52228,24792127.4964789
2025-09-08T12:00:00+00:00,112052.43,112153.9,111934.24,112034.51,293.01193,2025-09-08T12:59:59.999000+00:00,32823714.7720667,46601,127.17207,14246358.2871209
2025-09-08T13:00:00+00:00,112034.5,112370.3,111877.64,111906.55,1120.28751,2025-09-08T13:59:59.999000+00:00,125686904.0402315,152202,562.1549,63073742.8418206
2025-09-08T14:00:00+00:00,111906.56,112779.5,111888.0,112645.05,989.95574,2025-09-08T14:59:59.999000+00:00,111254087.0562864,152790,570.82196,64148877.5097192
2025-09-08T15:00:00+00:00,112645.06,112924.37,112526.61,112631.75,614.9683,2025-09-08T15:59:59.999000+00:00,69306807.6529743,115163,312.56883,35224330.9559875
2025-09-08T16:00:00+00:00,112631.74,112670.06,112293.18,112398.0,493.93324,2025-09-08T16:59:59.999000+00:00,55548489.4271546,97783,203.19786,22853237.2819921
2025-09-08T17:00:00+00:00,112398.01,112531.6,112075.2,112214.4,461.27895,2025-09-08T17:59:59.999000+00:00,51808599.0344358,83714,138.99019,15611380.3354795
2025-09-08T18:00:00+00:00,112214.41,112515.59,112184.97,112477.01,296.32443,2025-09-08T18:59:59.999000+00:00,33293813.2052788,60310,126.30337,14191355.9232864
2025-09-08T19:00:00+00:00,112477.01,112477.01,111978.67,112097.31,430.27796,2025-09-08T19:59:59.999000+00:00,48259992.3193036,75132,147.15457,16501831.2496579
2025-09-08T20:00:00+00:00,112097.31,112153.07,111896.0,111958.04,288.87626,2025-09-08T20:59:59.999000+00:00,32354825.6769447,46410,109.63895,12278268.4965007
2025-09-08T21:00:00+00:00,111958.04,112331.32,111930.73,112326.45,273.5437,2025-09-08T21:59:59.999000+00:00,30665679.7659914,27755,153.94543,17258300.6499214
2025-09-08T22:00:00+00:00,112326.45,112512.71,112210.91,112236.71,274.21823,2025-09-08T22:59:59.999000+00:00,30812183.467044,51137,119.07401,13379940.3316985
2025-09-08T23:00:00+00:00,112236.71,112305.03,111989.0,112065.23,290.44202,2025-09-08T23:59:59.999000+00:00,32566393.1135567,33450,104.19358,11682616.7525785
2025-09-09T00:00:00+00:00,112065.23,112104.41,111459.87,111650.03,720.48199,2025-09-09T00:59:59.999000+00:00,80530470.0189934,98523,350.69417,39188024.3312814
2025-09-09T01:00:00+00:00,111650.03,111748.54,111258.3,111364.73,520.52157,2025-09-09T01:59:59.999000+00:00,58008155.6613828,107055,263.55823,29370021.5849644
2025-09-09T02:00:00+00:00,111364.73,111442.95,111111.0,111330.71,536.02045,2025-09-09T02:59:59.999000+00:00,59643757.4615102,107067,298.73634,33240106.8090119
2025-09-09T03:00:00+00:00,111330.72,111740.61,111234.16,111708.0,314.74637,2025-09-09T03:59:59.999000+00:00,35098983.8557063,52063,206.71842,23052050.2411277
2025-09-09T04:00:00+00:00,111708.01,112110.99,111624.12,112024.01,548.42419,2025-09-09T04:59:59.999000+00:00,61376334.9196478,74548,289.03814,32345469.0190263
2025-09-09T05:00:00+00:00,112024.01,112248.84,111851.52,112200.0,298.70562,2025-09-09T05:59:59.999000+00:00,33455158.1793708,46318,146.96241,16461386.8671323
2025-09-09T06:00:00+00:00,112200.01,113156.65,112151.16,113022.61,1080.72151,2025-09-09T06:59:59.999000+00:00,121911024.968977,131875,532.83058,60098655.154099
2025-09-09T07:00:00+00:00,113022.62,113293.29,112753.61,112991.11,978.74308,2025-09-09T07:59:59.999000+00:00,110671169.2170132,99288,424.86421,48043229.4491358
2025-09-09T08:00:00+00:00,112991.11,113176.51,112886.93,112992.69,524.35168,2025-09-09T08:59:59.999000+00:00,59259627.5406789,56202,295.6155,33406951.4443357
2025-09-09T09:00:00+00:00,112992.69,113057.99,112900.0,112966.54,367.43684,2025-09-09T09:59:59.999000+00:00,41506199.949542,35041,137.62788,15547046.0401223
2025-09-09T10:00:00+00:00,112966.54,113040.0,112635.38,112732.62,631.93421,2025-09-09T10:59:59.999000+00:00,71277837.0960601,68377,221.53549,24988209.4426381
2025-09-09T11:00:00+00:00,112732.62,112800.0,112403.91,112433.59,325.19749,2025-09-09T11:59:59.999000+00:00,36632699.8098953,51298,123.28046,13888217.6857335
2025-09-09T12:00:00+00:00,112433.59,112824.0,112393.4,112671.76,397.08345,2025-09-09T12:59:59.999000+00:00,44739704.8570957,72401,206.42777,23255132.8450764
2025-09-09T13:00:00+00:00,112671.76,112932.18,112470.18,112760.58,656.61339,2025-09-09T13:59:59.999000+00:00,74028308.7990622,169440,291.38154,32852771.6997558
2025-09-09T14:00:00+00:00,112760.58,112950.0,111511.11,111767.45,1958.50565,2025-09-09T14:59:59.999000+00:00,219508087.7398218,283725,886.13107,99320292.6073456
2025-09-09T15:00:00+00:00,111767.45,111847.23,110766.66,110880.76,1649.92992,2025-09-09T15:59:59.999000+00:00,183468171.7554276,217225,677.40466,75323370.2466786
2025-09-09T16:00:00+00:00,110880.76,111148.17,110788.0,110975.99,808.62492,2025-09-09T16:59:59.999000+00:00,89724968.2413522,80376,557.98418,61914354.3296126
2025-09-09T17:00:00+00:00,110975.99,111193.39,110898.28,111025.44,539.75817,2025-09-09T17:59:59.999000+00:00,59930077.6836745,63064,314.25506,34892644.906103
2025-09-09T18:00:00+00:00,111025.43,111298.16,110900.02,111131.92,495.6204,2025-09-09T18:59:59.999000+00:00,55068620.5723194,71066,222.91096,24768444.7498491
2025-09-09T19:00:00+00:00,111131.92,111388.04,111124.17,111301.53,277.49178,2025-09-09T19:59:59.999000+00:00,30881041.2102636,38378,124.5744,13863591.8105948
2025-09-09T20:00:00+00:00,111301.53,111530.16,111090.07,111530.16,761.02989,2025-09-09T20:59:59.999000+00:00,84643551.8496031,68792,428.95023,47706985.2760238
2025-09-09T21:00:00+00:00,111530.15,111745.69,111270.75,111299.61,463.86358,2025-09-09T21:59:59.999000+00:00,51741738.7168248,49346,260.80587,29088005.3867832
2025-09-09T22:00:00+00:00,111299.61,111630.31,111266.11,111556.16,207.57487,2025-09-09T22:59:59.999000+00:00,23140751.9598477,40360,122.52108,13658247.5804086
2025-09-09T23:00:00+00:00,111556.15,111583.81,111362.94,111546.39,315.90146,2025-09-09T23:59:59.999000+00:00,35219555.8422956,61414,212.57173,23699966.6707285
2025-09-10T00:00:00+00:00,111546.38,111572.57,110942.33,111010.46,490.88671,2025-09-10T00:59:59.999000+00:00,54597263.4395134,76441,199.35359,22171641.5569362
2025-09-10T01:00:00+00:00,111010.47,111224.53,110917.45,111005.64,419.72999,2025-09-10T01:59:59.999000+00:00,46605223.3459313,90432,185.75734,20624266.5127459
2025-09-10T02:00:00+00:00,111005.63,111551.04,111005.63,111411.13,492.50873,2025-09-10T02:59:59.999000+00:00,54843911.4049314,76422,303.75219,33821213.3559914
2025-09-10T03:00:00+00:00,111411.13,111586.26,111372.08,111545.88,263.91729,2025-09-10T03:59:59.999000+00:00,29418988.4252203,42040,116.70132,13008453.9900085
2025-09-10T04:00:00+00:00,111545.88,111647.38,111410.83,111520.43,304.12835,2025-09-10T04:59:59.999000+00:00,33920677.0587352,41535,120.26909,13413023.7140391
2025-09-10T05:00:00+00:00,111520.43,111729.65,111372.42,111577.31,436.99878,2025-09-10T05:59:59.999000+00:00,48743373.4527966,65645,180.07011,20086041.5933445
2025-09-10T06:00:00+00:00,111577.31,111969.57,111396.08,111792.33,503.80753,2025-09-10T06:59:59.999000+00:00,56293083.08554,70998,212.1461,23704172.2388063
2025-09-10T07:00:00+00:00,111792.34,112602.35,111760.69,112553.65,1232.32394,2025-09-10T07:59:59.999000+00:00,138292818.9278956,96876,778.72378,87379193.1439828
2025-09-10T08:00:00+00:00,112553.65,112859.8,112336.28,112370.08,1005.38091,2025-09-10T08:59:59.999000+00:00,113240684.3571215,104927,380.89982,42906478.7414038
2025-09-10T09:00:00+00:00,112370.07,112428.29,112097.2,112274.29,619.63175,2025-09-10T09:59:59.999000+00:00,69563876.346486,72875,224.16296,25168833.5039075
2025-09-10T10:00:00+00:00,112274.29,112422.63,112199.19,112270.01,532.10538,2025-09-10T10:59:59.999000+00:00,59769420.622345,53170,243.39151,27338748.2513015
2025-09-10T11:00:00+00:00,112270.0,112409.49,112148.49,112299.99,422.47932,2025-09-10T11:59:59.999000+00:00,47440496.3607294,55735,160.32269,18001669.6666335
2025-09-10T12:00:00+00:00,112300.0,113550.14,112299.99,113413.51,2800.76749,2025-09-10T12:59:59.999000+00:00,316826488.2339994,260189,1659.91828,187776459.1412754
2025-09-10T13:00:00+00:00,113413.5,114313.13,113384.61,113952.0,2112.22655,2025-09-10T13:59:59.999000+00:00,240323451.7135495,255327,1050.41679,119520492.6549668
2025-09-10T14:00:00+00:00,113951.99,114295.63,113802.14,113899.99,1035.28455,2025-09-10T14:59:59.999000+00:00,118092206.1219491,157783,398.05144,45410527.0696174
2025-09-10T15:00:00+00:00,113900.0,114095.66,113723.21,113853.99,682.44215,2025-09-10T15:59:59.999000+00:00,77733956.9160315,101217,282.42387,32173453.6238387
2025-09-10T16:00:00+00:00,113853.99,113936.99,113553.74,113759.89,577.39326,2025-09-10T16:59:59.999000+00:00,65656520.9412393,87751,178.38684,20285991.8289556
2025-09-10T17:00:00+00:00,113759.88,114074.46,113415.2,113738.01,617.65367,2025-09-10T17:59:59.999000+00:00,70241087.1009216,85988,240.99607,27408069.3872442
2025-09-10T18:00:00+00:00,113738.01,113896.94,113347.39,113584.85,688.96812,2025-09-10T18:59:59.999000+00:00,78227038.7413527,90555,230.96923,26224055.9371864
2025-09-10T19:00:00+00:00,113584.84,113617.09,113155.03,113574.52,744.45366,2025-09-10T19:59:59.999000+00:00,84388809.6968754,93355,303.59429,34410547.5823088
2025-09-10T20:00:00+00:00,113574.53,113900.0,113553.26,113566.39,611.07657,2025-09-10T20:59:59.999000+00:00,69496093.9005886,70237,346.1676,39371963.4512647
2025-09-10T21:00:00+00:00,113566.4,113845.18,113528.01,113842.53,256.17247,2025-09-10T21:59:59.999000+00:00,29139985.6336168,43795,125.29091,14250642.0733114
2025-09-10T22:00:00+00:00,113842.54,113992.39,113713.63,113881.2,264.24584,2025-09-10T22:59:59.999000+00:00,30092305.2704223,47552,123.40914,14053624.7530398
2025-09-10T23:00:00+00:00,113881.21,114025.78,113788.0,113960.0,402.83522,2025-09-10T23:59:59.999000+00:00,45886989.1245196,41689,229.46502,26137133.7102222
2025-09-11T00:00:00+00:00,113960.0,114008.87,113669.82,113885.7,432.5735,2025-09-11T00:59:59.999000+00:00,49259330.9039345,68238,269.25944,30662408.785989
2025-09-11T01:00:00+00:00,113885.7,114176.66,113831.33,113903.23,380.8102,2025-09-11T01:59:59.999000+00:00,43400904.6232311,66610,213.82602,24370677.3859814
2025-09-11T02:00:00+00:00,113903.23,113953.99,113716.0,113819.02,230.50973,2025-09-11T02:59:59.999000+00:00,26241789.7989109,55267,117.32241,13355222.5456095
2025-09-11T03:00:00+00:00,113819.02,114434.23,113819.01,114400.01,552.73536,2025-09-11T03:59:59.999000+00:00,63113784.6223709,73021,361.11372,41230029.3687605
2025-09-11T04:00:00+00:00,114400.01,114400.01,114071.81,114158.29,489.3063,2025-09-11T04:59:59.999000+00:00,55878166.3373475,68585,215.46433,24608008.5109883
2025-09-11T05:00:00+00:00,114158.29,114348.52,113966.46,114266.0,589.97492,2025-09-11T05:59:59.999000+00:00,67356696.7075451,59564,349.94128,39956192.9466359
2025-09-11T06:00:00+00:00,114266.0,114459.65,114076.92,114324.64,409.80916,2025-09-11T06:59:59.999000+00:00,46834665.3343028,56282,185.23225,21174837.7442852
2025-09-11T07:00:00+00:00,114324.65,114326.52,113957.2,114083.58,465.05247,2025-09-11T07:59:59.999000+00:00,53057353.6625093,66413,174.74808,19935961.3654248
2025-09-11T08:00:00+00:00,114083.58,114200.0,113972.0,114049.39,307.55276,2025-09-11T08:59:59.999000+00:00,35092482.2108665,43731,145.20509,16568017.0414403
2025-09-11T09:00:00+00:00,114049.39,114075.11,113776.0,113895.29,430.23419,2025-09-11T09:59:59.999000+00:00,49014778.4592204,80658,178.94444,20385766.4584177
2025-09-11T10:00:00+00:00,113895.3,114119.4,113891.45,114062.32,373.92428,2025-09-11T10:59:59.999000+00:00,42625719.0164213,55656,201.78366,23000874.5638196
2025-09-11T11:00:00+00:00,114062.31,114112.0,113887.98,113999.99,400.8921,2025-09-11T11:59:59.999000+00:00,45693297.070785,50184,161.29752,18384434.8318922
2025-09-11T12:00:00+00:00,113999.99,114500.0,113500.0,113975.99,2372.1547,2025-09-11T12:59:59.999000+00:00,270418049.8674243,292955,1099.80572,125408117.5740287
2025-09-11T13:00:00+00:00,113975.99,114715.02,113430.0,114628.08,1458.85001,2025-09-11T13:59:59.999000+00:00,166197328.5433007,254366,704.65102,80342237.9406511
2025-09-11T14:00:00+00:00,114630.06,114667.45,113927.6,114463.73,759.30317,2025-09-11T14:59:59.999000+00:00,86818232.8846634,190470,391.34508,44748101.2582316
2025-09-11T15:00:00+00:00,114463.73,114699.25,113996.19,114180.31,553.38549,2025-09-11T15:59:59.999000+00:00,63299083.3346779,125135,216.38278,24758853.1934425
2025-09-11T16:00:00+00:00,114180.32,114588.98,114180.31,114487.53,300.34694,2025-09-11T16:59:59.999000+00:00,34360518.7979655,83083,136.22181,15581312.5715075
2025-09-11T17:00:00+00:00,114487.53,114593.29,114328.52,114589.84,372.57383,2025-09-11T17:59:59.999000+00:00,42649533.5035918,62637,144.7427,16572731.3764857
2025-09-11T18:00:00+00:00,114589.84,114605.54,114102.0,114312.35,416.47348,2025-09-11T18:59:59.999000+00:00,47598232.9175669,73789,229.8939,26273110.0481667
2025-09-11T19:00:00+00:00,114312.35,114525.0,114182.04,114419.99,348.31986,2025-09-11T19:59:59.999000+00:00,39828293.5056695,59816,151.6259,17334797.1634243
2025-09-11T20:00:00+00:00,114420.0,114487.53,114246.04,114395.99,308.36329,2025-09-11T20:59:59.999000+00:00,35260197.3837389,42386,95.2276,10888926.1397247
2025-09-11T21:00:00+00:00,114395.98,114517.6,114395.98,114482.69,190.78211,2025-09-11T21:59:59.999000+00:00,21837130.4325876,30570,81.48524,9326480.7633285
2025-09-11T22:00:00+00:00,114482.7,115266.45,114435.63,115084.0,1104.63013,2025-09-11T22:59:59.999000+00:00,127013829.8102106,135622,679.37547,78111002.3056445
2025-09-11T23:00:00+00:00,115084.01,115488.09,115084.0,115482.69,428.17321,2025-09-11T23:59:59.999000+00:00,49391745.2276986,71321,239.40447,27617320.8066411
2025-09-12T00:00:00+00:00,115482.69,116331.81,115420.87,115840.69,1835.12528,2025-09-12T00:59:59.999000+00:00,212624477.394232,218658,1057.16773,122485051.6188476
2025-09-12T01:00:00+00:00,115840.69,116016.91,115371.13,115377.29,774.94414,2025-09-12T01:59:59.999000+00:00,89676151.7540106,152467,340.58931,39422972.333784
2025-09-12T02:00:00+00:00,115377.29,115663.05,115256.64,115391.0,535.95115,2025-09-12T02:59:59.999000+00:00,61880849.0668421,113989,273.76306,31607805.8817306
2025-09-12T03:00:00+00:00,115391.0,115429.46,115045.45,115194.14,556.98098,2025-09-12T03:59:59.999000+00:00,64174830.9938785,78881,254.62759,29339315.7499836
2025-09-12T04:00:00+00:00,115194.14,115509.65,115086.82,115359.99,435.01083,2025-09-12T04:59:59.999000+00:00,50170639.0047613,89179,209.61252,24174294.2493888
2025-09-12T05:00:00+00:00,115360.0,115656.87,115320.27,115612.84,397.97519,2025-09-12T05:59:59.999000+00:00,45969020.1419538,66632,198.26308,22899166.3297102
2025-09-12T06:00:00+00:00,115612.84,115612.85,115260.38,115318.0,301.68688,2025-09-12T06:59:59.999000+00:00,34817296.4288933,44961,122.41614,14126177.0538676
2025-09-12T07:00:00+00:00,115318.01,115405.79,115086.7,115086.7,495.74469,2025-09-12T07:59:59.999000+00:00,57121341.1569268,51687,182.90563,21080948.7013678
2025-09-12T08:00:00+00:00,115086.7,115273.12,114950.0,115048.0,931.11012,2025-09-12T08:59:59.999000+00:00,107131801.5202239,79541,529.16477,60879255.5213046
2025-09-12T09:00:00+00:00,115047.99,115127.05,114888.01,115048.01,372.62834,2025-09-12T09:59:59.999000+00:00,42851082.2792404,63270,191.83213,22059156.6032143
2025-09-12T10:00:00+00:00,115048.0,115093.49,114926.42,114980.85,227.81735,2025-09-12T10:59:59.999000+00:00,26197451.4999979,50356,103.41942,11892027.0063964
2025-09-12T11:00:00+00:00,114980.84,115148.0,114901.03,114913.45,427.23394,2025-09-12T11:59:59.999000+00:00,49115366.5103033,49340,235.03923,27019862.720203
2025-09-12T12:00:00+00:00,114913.45,115172.57,114740.99,115083.97,620.574,2025-09-12T12:59:59.999000+00:00,71332703.5555248,85340,360.40923,41433178.0943666
2025-09-12T13:00:00+00:00,115083.98,115214.29,114822.77,115166.45,371.74126,2025-09-12T13:59:59.999000+00:00,42752658.9545853,126450,173.19751,19919024.1691281
2025-09-12T14:00:00+00:00,115166.46,115500.95,114865.3,115260.0,719.98267,2025-09-12T14:59:59.999000+00:00,82966657.0026406,209313,385.11132,44387847.8816742
2025-09-12T15:00:00+00:00,115260.0,115294.1,114939.53,115121.18,329.84108,2025-09-12T15:59:59.999000+00:00,37964831.5705123,123921,124.38624,14317608.8759995
2025-09-12T16:00:00+00:00,115121.18,115514.77,115030.3,115495.56,536.60395,2025-09-12T16:59:59.999000+00:00,61876399.5270858,120294,321.48862,37073646.4797341
2025-09-12T17:00:00+00:00,115495.56,115939.39,115395.66,115815.16,944.1093,2025-09-12T17:59:59.999000+00:00,109305296.1465502,123044,527.04676,61015636.6818609
2025-09-12T18:00:00+00:00,115815.16,116495.0,115769.88,116486.18,1014.39133,2025-09-12T18:59:59.999000+00:00,117868555.3671684,122838,635.31466,73806069.0673373
2025-09-12T19:00:00+00:00,116486.19,116665.63,116238.64,116632.51,1368.73979,2025-09-12T19:59:59.999000+00:00,159457111.5982748,119224,841.78769,98076164.5656259
2025-09-12T20:00:00+00:00,116632.51,116632.51,115974.0,116157.33,898.27059,2025-09-12T20:59:59.999000+00:00,104426979.5242838,137463,381.83998,44386963.8680649
2025-09-12T21:00:00+00:00,116157.34,116157.34,115752.68,115865.89,385.45605,2025-09-12T21:59:59.999000+00:00,44692117.9395421,83983,141.35584,16387844.6757895
2025-09-12T22:00:00+00:00,115865.89,116360.43,115865.89,116027.46,494.01734,2025-09-12T22:59:59.999000+00:00,57345199.4876548,106509,247.36031,28711667.1540937
2025-09-12T23:00:00+00:00,116027.46,116161.37,115929.06,116029.42,348.17094,2025-09-12T23:59:59.999000+00:00,40403451.0767767,64151,157.47399,18273704.5734664
2025-09-13T00:00:00+00:00,116029.41,116298.78,115959.59,116209.32,476.47907,2025-09-13T00:59:59.999000+00:00,55320305.3160978,72217,225.39023,26170088.7958833
2025-09-13T01:00:00+00:00,116209.32,116275.81,115576.26,115764.3,632.36146,2025-09-13T01:59:59.999000+00:00,73324644.2226881,83259,226.18847,26229803.3043442
2025-09-13T02:00:00+00:00,115764.3,115991.29,115686.47,115886.17,322.19761,2025-09-13T02:59:59.999000+00:00,37342343.624789,64417,117.18529,13579898.3405839
2025-09-13T03:00:00+00:00,115886.16,116012.91,115837.98,115957.0,823.27412,2025-09-13T03:59:59.999000+00:00,95437093.2438689,63124,228.53373,26492232.075592
2025-09-13T04:00:00+00:00,115957.0,115957.01,115685.6,115698.4,314.62389,2025-09-13T04:59:59.999000+00:00,36439210.3939074,38579,113.93296,13194686.1972735
2025-09-13T05:00:00+00:00,115698.4,115845.46,115657.81,115704.04,253.6123,2025-09-13T05:59:59.999000+00:00,29349953.7151199,35543,118.61483,13726821.1324887
2025-09-13T06:00:00+00:00,115704.03,115802.16,115662.2,115749.99,251.18163,2025-09-13T06:59:59.999000+00:00,29066698.499137,37307,107.85167,12479999.1067138
2025-09-13T07:00:00+00:00,115750.0,115855.89,115702.39,115778.71,242.78688,2025-09-13T07:59:59.999000+00:00,28116165.5868212,29864,111.92261,12960862.4486706
2025-09-13T08:00:00+00:00,115778.72,116056.17,115767.33,115978.01,351.87471,2025-09-13T08:59:59.999000+00:00,40775499.5660189,33504,193.86167,22466751.8380904
2025-09-13T09:00:00+00:00,115978.01,116038.14,115871.26,116035.33,294.98775,2025-09-13T09:59:59.999000+00:00,34198936.9819333,33903,156.49635,18143366.6229056
2025-09-13T10:00:00+00:00,116035.32,116166.71,115916.41,115937.99,318.28855,2025-09-13T10:59:59.999000+00:00,36931637.4097662,47938,152.09691,17649422.1505925
2025-09-13T11:00:00+00:00,115937.99,116005.82,115888.0,115974.11,263.75402,2025-09-13T11:59:59.999000+00:00,30578282.399278,28532,151.40975,17553471.43479
2025-09-13T12:00:00+00:00,115974.11,116060.0,115872.82,116002.91,204.03439,2025-09-13T12:59:59.999000+00:00,23656957.0847096,26005,89.66504,10395604.0911776
2025-09-13T13:00:00+00:00,116002.91,116002.91,115621.65,115761.05,440.12472,2025-09-13T13:59:59.999000+00:00,50977920.5672038,73740,172.84029,20017322.4079773
2025-09-13T14:00:00+00:00,115761.06,115950.0,115603.98,115797.68,438.72685,2025-09-13T14:59:59.999000+00:00,50798778.2945572,83260,216.43945,25060770.1923693
2025-09-13T15:00:00+00:00,115797.67,115924.6,115619.57,115768.68,290.44971,2025-09-13T15:59:59.999000+00:00,33623557.3743464,60375,143.1624,16573528.1858013
2025-09-13T16:00:00+00:00,115768.68,115817.37,115127.27,115334.0,700.8183,2025-09-13T16:59:59.999000+00:00,80918303.1739229,138544,268.83062,31036440.6995476
2025-09-13T17:00:00+00:00,115333.99,115587.49,115180.0,115571.78,465.25625,2025-09-13T17:59:59.999000+00:00,53682019.6141108,88763,234.88719,27104303.5615096
2025-09-13T18:00:00+00:00,115571.79,115653.26,115433.09,115633.92,160.49564,2025-09-13T18:59:59.999000+00:00,18546618.1337392,28065,72.41992,8368242.8251162
2025-09-13T19:00:00+00:00,115633.91,115800.88,115570.78,115797.12,263.39165,2025-09-13T19:59:59.999000+00:00,30473196.5066048,36106,166.06434,19215084.9501263
2025-09-13T20:00:00+00:00,115797.12,115991.29,115797.11,115905.88,220.70474,2025-09-13T20:59:59.999000+00:00,25582577.3877072,43768,103.15806,11956237.4495976
2025-09-13T21:00:00+00:00,115905.88,115972.52,115839.98,115895.39,234.38734,2025-09-13T21:59:59.999000+00:00,27168898.6103978,29392,85.76254,9940766.4249343
2025-09-13T22:00:00+00:00,115895.4,115944.64,115809.9,115871.58,159.45156,2025-09-13T22:59:59.999000+00:00,18476550.4860983,23892,56.6945,6569194.636714
2025-09-13T23:00:00+00:00,115871.58,115979.99,115861.39,115918.29,146.1408,2025-09-13T23:59:59.999000+00:00,16938072.4569374,23538,76.68477,8888130.5665531
2025-09-14T00:00:00+00:00,115918.29,116000.0,115815.13,115935.6,153.28277,2025-09-14T00:59:59.999000+00:00,17771986.620541,37592,80.74185,9361731.8096151
2025-09-14T01:00:00+00:00,115935.61,115990.2,115744.67,115962.93,185.94891,2025-09-14T01:59:59.999000+00:00,21542399.3578025,50612,94.05958,10896607.4149248
2025-09-14T02:00:00+00:00,115962.92,116109.0,115750.0,115852.95,267.49819,2025-09-14T02:59:59.999000+00:00,31014678.3103796,52822,138.83474,16097276.1866013
2025-09-14T03:00:00+00:00,115852.95,115869.99,115651.99,115679.98,272.91216,2025-09-14T03:59:59.999000+00:00,31583466.6532052,41693,134.90651,15611379.1445693
2025-09-14T04:00:00+00:00,115679.99,115768.0,115449.59,115750.99,247.86689,2025-09-14T04:59:59.999000+00:00,28666648.6068748,48432,128.9575,14915472.3248555
2025-09-14T05:00:00+00:00,115751.0,115924.69,115735.58,115860.01,258.07375,2025-09-14T05:59:59.999000+00:00,29891914.0202827,27140,146.61401,16980551.3130043
2025-09-14T06:00:00+00:00,115860.01,115936.0,115693.95,115734.23,196.84102,2025-09-14T06:59:59.999000+00:00,22787656.9130894,33146,96.17608,11134612.6367697
2025-09-14T07:00:00+00:00,115734.24,115838.41,115734.23,115805.39,212.00183,2025-09-14T07:59:59.999000+00:00,24546306.1453666,22472,132.72475,15367432.1593157
2025-09-14T08:00:00+00:00,115805.39,115983.02,115759.44,115933.4,137.30583,2025-09-14T08:59:59.999000+00:00,15910962.0901196,24821,68.40106,7925505.2024071
2025-09-14T09:00:00+00:00,115933.4,116165.19,115905.88,116052.09,271.65824,2025-09-14T09:59:59.999000+00:00,31528047.8878188,34485,119.0459,13815536.9421055
2025-09-14T10:00:00+00:00,116052.1,116132.85,115955.57,116027.26,156.38468,2025-09-14T10:59:59.999000+00:00,18147009.2448446,29295,58.54474,6792892.2646101
2025-09-14T11:00:00+00:00,116027.25,116100.0,115748.78,115794.91,275.05839,2025-09-14T11:59:59.999000+00:00,31875387.9304259,59531,118.9274,13781806.8901736
2025-09-14T12:00:00+00:00,115794.92,115878.49,115662.62,115776.31,316.9787,2025-09-14T12:59:59.999000+00:00,36699157.4129401,53035,180.80489,20932911.1236882
2025-09-14T13:00:00+00:00,115776.31,115776.32,115217.01,115348.1,617.50773,2025-09-14T13:59:59.999000+00:00,71266883.5136684,104155,275.08544,31745024.5759526
2025-09-14T14:00:00+00:00,115348.1,115691.04,115141.8,115401.75,750.31099,2025-09-14T14:59:59.999000+00:00,86533054.3831765,144812,364.60791,42056056.0855687
2025-09-14T15:00:00+00:00,115401.75,115419.1,115200.4,115224.01,351.71527,2025-09-14T15:59:59.999000+00:00,40556202.6888592,63567,208.69595,24064613.8186643
2025-09-14T16:00:00+00:00,115224.01,115540.0,115193.9,115480.0,284.25459,2025-09-14T16:59:59.999000+00:00,32800845.8424555,54625,199.32769,23000623.2560622
2025-09-14T17:00:00+00:00,115480.0,115657.5,115413.46,115557.65,290.60711,2025-09-14T17:59:59.999000+00:00,33579884.4938739,51079,175.54993,20283616.1579999
2025-09-14T18:00:00+00:00,115557.65,115557.66,115375.05,115388.21,161.60603,2025-09-14T18:59:59.999000+00:00,18661475.0350714,25663,74.21009,8569458.9968332
2025-09-14T19:00:00+00:00,115388.21,115635.0,115330.99,115634.99,132.66154,2025-09-14T19:59:59.999000+00:00,15322903.4416336,34874,80.6018,9309231.8745539
2025-09-14T20:00:00+00:00,115634.99,115851.26,115634.99,115802.16,116.11592,2025-09-14T20:59:59.999000+00:00,13439306.5043684,30573,56.23273,6508269.0650047
2025-09-14T21:00:00+00:00,115802.16,116087.35,115607.99,116058.88,349.40859,2025-09-14T21:59:59.999000+00:00,40503787.9587953,52363,153.27708,17769858.2629349
2025-09-14T22:00:00+00:00,116059.48,116076.89,115810.22,116009.61,262.34337,2025-09-14T22:59:59.999000+00:00,30420264.9352844,56593,107.6829,12485350.1831708
2025-09-14T23:00:00+00:00,116009.62,116009.62,115135.0,115268.01,439.25947,2025-09-14T23:59:59.999000+00:00,50712134.9777217,103838,212.89724,24571241.6141567
2025-09-15T00:00:00+00:00,115268.01,115276.49,114972.29,115071.32,521.11024,2025-09-15T00:59:59.999000+00:00,59973570.8720618,118159,254.57847,29301198.7209946
2025-09-15T01:00:00+00:00,115071.32,115283.5,114825.0,115231.69,362.37165,2025-09-15T01:59:59.999000+00:00,41682730.357733,99868,190.8991,21963363.8857622
2025-09-15T02:00:00+00:00,115231.69,115443.29,115214.55,115362.35,184.52455,2025-09-15T02:59:59.999000+00:00,21290036.560374,56143,88.73631,10237544.5553594
2025-09-15T03:00:00+00:00,115362.35,115594.9,115347.91,115445.45,223.493,2025-09-15T03:59:59.999000+00:00,25808995.8015093,35549,111.66262,12894660.0837387
2025-09-15T04:00:00+00:00,115445.46,116168.26,115400.0,116058.01,698.45937,2025-09-15T04:59:59.999000+00:00,80990475.7702838,113338,365.72892,42402658.2097071
2025-09-15T05:00:00+00:00,116058.01,116583.47,116019.05,116520.0,781.40763,2025-09-15T05:59:59.999000+00:00,90857990.6049135,87948,464.09229,53958671.1340791
2025-09-15T06:00:00+00:00,116519.13,116757.99,116043.01,116129.99,559.85108,2025-09-15T06:59:59.999000+00:00,65187334.0087167,110809,271.94284,31679342.4619556
2025-09-15T07:00:00+00:00,116130.0,116400.0,115626.96,115806.62,605.7335,2025-09-15T07:59:59.999000+00:00,70266062.8290935,148824,298.65498,34649041.5676621
2025-09-15T08:00:00+00:00,115806.62,115806.62,114709.18,114737.27,1325.86164,2025-09-15T08:59:59.999000+00:00,152822384.5609695,248062,598.842,69041838.7029546
2025-09-15T09:00:00+00:00,114737.28,115188.0,114625.87,114868.59,1072.97754,2025-09-15T09:59:59.999000+00:00,123285309.8982788,160571,562.97219,64681981.2009028
2025-09-15T10:00:00+00:00,114868.6,114954.83,114720.69,114769.04,532.63649,2025-09-15T10:59:59.999000+00:00,61160576.8026255,85515,197.10125,22631666.3525678
2025-09-15T11:00:00+00:00,114769.03,115195.86,114740.97,115070.0,565.80309,2025-09-15T11:59:59.999000+00:00,65072898.9327594,103476,268.82149,30916683.3887566
2025-09-15T12:00:00+00:00,115070.01,115074.51,114671.75,114721.04,599.02223,2025-09-15T12:59:59.999000+00:00,68825615.6823388,84396,224.06259,25746413.0526927
2025-09-15T13:00:00+00:00,114721.03,115099.0,114384.0,114664.08,1056.42151,2025-09-15T13:59:59.999000+00:00,121246727.1218936,270586,606.5823,69629032.728349
2025-09-15T14:00:00+00:00,114664.07,115029.81,114450.28,114679.56,775.27929,2025-09-15T14:59:59.999000+00:00,88989804.9915044,226101,447.17472,51331237.9713846
2025-09-15T15:00:00+00:00,114679.55,114909.4,114404.43,114842.9,564.69333,2025-09-15T15:59:59.999000+00:00,64720215.7332232,189455,268.3147,30750519.258559
2025-09-15T16:00:00+00:00,114842.9,114922.59,114600.0,114662.57,364.30154,2025-09-15T16:59:59.999000+00:00,41803563.2793591,127214,156.67557,17979653.7522345
2025-09-15T17:00:00+00:00,114662.58,115130.0,114600.0,115120.03,284.01648,2025-09-15T17:59:59.999000+00:00,32616243.4217153,112444,171.67818,19717979.2543356
2025-09-15T18:00:00+00:00,115120.02,115360.54,114904.16,115307.79,538.96072,2025-09-15T18:59:59.999000+00:00,62013732.3411174,123567,410.44186,47225660.3069439
2025-09-15T19:00:00+00:00,115307.79,115570.0,114975.66,115307.78,685.41151,2025-09-15T19:59:59.999000+00:00,79012995.4052793,161541,293.35801,33816509.8441316
2025-09-15T20:00:00+00:00,115307.78,115515.41,115200.07,115379.99,325.59706,2025-09-15T20:59:59.999000+00:00,37561005.5489394,59517,146.68399,16923417.3421128
2025-09-15T21:00:00+00:00,115380.0,115538.55,115283.49,115528.0,170.93694,2025-09-15T21:59:59.999000+00:00,19729892.9748743,31633,57.85132,6677497.9984606
2025-09-15T22:00:00+00:00,115528.0,115605.07,115221.68,115288.01,235.69782,2025-09-15T22:59:59.999000+00:00,27199686.1967407,55314,102.27907,11802701.9243326
2025-09-15T23:00:00+00:00,115288.01,115476.0,115232.58,115349.71,177.94328,2025-09-15T23:59:59.999000+00:00,20530385.527211,47959,62.22883,7179311.9870474
2025-09-16T00:00:00+00:00,115349.71,115349.71,114945.01,115088.66,244.26086,2025-09-16T00:59:59.999000+00:00,28123238.6990935,75667,97.8764,11267818.4325038
2025-09-16T01:00:00+00:00,115088.66,115520.0,115008.69,115024.24,232.3498,2025-09-16T01:59:59.999000+00:00,26780434.9710867,73644,80.28845,9254795.5938165
2025-09-16T02:00:00+00:00,115024.24,115227.51,115024.23,115034.47,151.83383,2025-09-16T02:59:59.999000+00:00,17477426.8101756,50800,55.50895,6389002.5880336
2025-09-16T03:00:00+00:00,115034.48,115426.49,115034.44,115307.25,236.03187,2025-09-16T03:59:59.999000+00:00,27210571.5792693,45589,82.27263,9481239.7461367
2025-09-16T04:00:00+00:00,115307.26,115560.01,114930.0,115503.01,446.01382,2025-09-16T04:59:59.999000+00:00,51432919.6766715,75611,207.54886,23931479.1219148
2025-09-16T05:00:00+00:00,115503.02,115957.23,115454.3,115936.65,685.43114,2025-09-16T05:59:59.999000+00:00,79340742.5819343,95785,380.39089,44033369.8243369
2025-09-16T06:00:00+00:00,115936.65,116009.62,115591.57,115770.35,449.53079,2025-09-16T06:59:59.999000+00:00,52084399.2862441,77423,171.94019,19921655.8223387
2025-09-16T07:00:00+00:00,115770.36,115886.17,115724.41,115840.0,319.02367,2025-09-16T07:59:59.999000+00:00,36948547.0925883,50464,165.66476,19186392.0801642
2025-09-16T08:00:00+00:00,115839.99,115981.17,115526.5,115658.76,463.00777,2025-09-16T08:59:59.999000+00:00,53608872.3830909,65719,210.59214,24380846.2417594
2025-09-16T09:00:00+00:00,115658.76,115720.0,115443.65,115477.27,286.71309,2025-09-16T09:59:59.999000+00:00,33145658.765972,40383,112.80476,13040777.3842626
2025-09-16T10:00:00+00:00,115477.28,115590.49,115372.35,115372.46,292.6133,2025-09-16T10:59:59.999000+00:00,33787624.8413011,70561,152.30386,17586548.3957054
2025-09-16T11:00:00+00:00,115372.47,115431.52,115206.15,115287.83,303.19825,2025-09-16T11:59:59.999000+00:00,34966227.8298595,62369,166.96193,19255097.6149421
2025-09-16T12:00:00+00:00,115287.84,115460.2,115287.38,115439.36,296.84884,2025-09-16T12:59:59.999000+00:00,34253225.7321869,71674,158.41152,18279204.5230772
2025-09-16T13:00:00+00:00,115439.36,115558.06,114737.11,115200.0,1064.59506,2025-09-16T13:59:59.999000+00:00,122614907.6704964,210433,465.61876,53629317.088241
2025-09-16T14:00:00+00:00,115200.0,115306.71,114811.0,115296.86,607.41382,2025-09-16T14:59:59.999000+00:00,69913882.1323022,134908,332.84762,38310618.4157458
2025-09-16T15:00:00+00:00,115296.86,115905.89,115010.66,115905.88,653.80057,2025-09-16T15:59:59.999000+00:00,75404431.0554416,113188,299.76262,34610610.8388685
2025-09-16T16:00:00+00:00,115905.88,116068.92,115608.28,116068.06,691.27604,2025-09-16T16:59:59.999000+00:00,80092227.3476458,137220,394.32437,45694001.2155326
2025-09-16T17:00:00+00:00,116068.05,116870.76,116056.99,116461.54,1252.39334,2025-09-16T17:59:59.999000+00:00,145931742.1792644,195519,664.33016,77389472.0808934
2025-09-16T18:00:00+00:00,116461.55,116776.66,116226.12,116418.86,486.09455,2025-09-16T18:59:59.999000+00:00,56648807.7126473,117209,226.77874,26429657.7972222
2025-09-16T19:00:00+00:00,116418.87,116820.0,116395.6,116800.12,525.61626,2025-09-16T19:59:59.999000+00:00,61296010.3419136,84719,275.80494,32162443.2337088
2025-09-16T20:00:00+00:00,116800.13,116908.83,116722.56,116839.47,367.21592,2025-09-16T20:59:59.999000+00:00,42901651.853089,61589,183.33287,21420025.9379449
2025-09-16T21:00:00+00:00,116839.47,116940.26,116584.45,116800.51,295.98351,2025-09-16T21:59:59.999000+00:00,34558249.1532842,48796,123.71176,14446725.3633537
2025-09-16T22:00:00+00:00,116800.51,116964.27,116694.73,116855.58,312.66858,2025-09-16T22:59:59.999000+00:00,36537269.8895105,44749,165.45607,19336927.0630197
2025-09-16T23:00:00+00:00,116855.58,116920.46,116632.0,116788.96,262.99472,2025-09-16T23:59:59.999000+00:00,30720217.931858,43039,117.6504,13744542.588396
2025-09-17T00:00:00+00:00,116788.96,116832.0,116560.0,116560.01,269.7236,2025-09-17T00:59:59.999000+00:00,31468748.7645549,60701,101.70973,11865956.530612
2025-09-17T01:00:00+00:00,116560.01,116768.0,116516.92,116662.25,267.74519,2025-09-17T01:59:59.999000+00:00,31227288.7787998,64854,114.07214,13303857.197058
2025-09-17T02:00:00+00:00,116662.25,117077.16,116556.52,116686.43,742.4537,2025-09-17T02:59:59.999000+00:00,86758738.5605836,96085,461.74914,53967973.2029318
2025-09-17T03:00:00+00:00,116686.43,116758.83,116371.81,116372.04,377.8305,2025-09-17T03:59:59.999000+00:00,44036563.7061494,68506,138.10389,16097389.2986271
2025-09-17T04:00:00+00:00,116372.05,116480.01,116160.22,116313.49,262.15716,2025-09-17T04:59:59.999000+00:00,30489807.6611839,48475,109.8434,12775093.4310457
2025-09-17T05:00:00+00:00,116313.5,117214.0,116313.49,117108.3,894.88999,2025-09-17T05:59:59.999000+00:00,104514221.0172734,120175,539.18434,62973541.5814245
2025-09-17T06:00:00+00:00,117108.31,117286.73,116970.41,117234.27,770.01131,2025-09-17T06:59:59.999000+00:00,90177549.436854,95943,387.91854,45438049.2612324
2025-09-17T07:00:00+00:00,117234.28,117275.0,117125.78,117162.48,557.97471,2025-09-17T07:59:59.999000+00:00,65402912.2825787,67356,208.02501,24383731.5312095
2025-09-17T08:00:00+00:00,117162.48,117189.86,116683.99,116860.0,635.73334,2025-09-17T08:59:59.999000+00:00,74308455.7904759,101367,201.8426,23590093.056835
2025-09-17T09:00:00+00:00,116860.01,116860.01,116548.88,116550.01,380.39506,2025-09-17T09:59:59.999000+00:00,44386083.5027581,50255,150.73793,17590790.5238063
2025-09-17T10:00:00+00:00,116550.01,116604.26,116267.44,116359.14,356.93808,2025-09-17T10:59:59.999000+00:00,41557332.6033079,59384,120.96476,14081016.6732304
2025-09-17T11:00:00+00:00,116359.14,116383.87,116253.27,116258.13,282.02162,2025-09-17T11:59:59.999000+00:00,32800761.9572452,64620,142.85085,16614704.5683952
2025-09-17T12:00:00+00:00,116258.12,116516.93,116096.41,116204.94,387.04674,2025-09-17T12:59:59.999000+00:00,45003609.263755,83670,200.72153,23339447.1818161
2025-09-17T13:00:00+00:00,116204.94,116330.75,115905.88,116107.19,664.85629,2025-09-17T13:59:59.999000+00:00,77205608.6779156,194271,289.91295,33668674.9550371
2025-09-17T14:00:00+00:00,116107.18,116240.0,115432.0,115606.61,1214.53614,2025-09-17T14:59:59.999000+00:00,140573642.1822756,204018,580.17562,67153122.2961632
2025-09-17T15:00:00+00:00,115606.62,115886.17,115527.48,115875.32,581.89144,2025-09-17T15:59:59.999000+00:00,67327430.5980052,98799,361.01581,41767961.5154924
2025-09-17T16:00:00+00:00,115875.33,115875.33,115386.21,115640.77,659.4146,2025-09-17T16:59:59.999000+00:00,76210618.6839004,117442,259.23125,29962649.7831192
2025-09-17T17:00:00+00:00,115640.76,116288.27,115500.0,115504.48,696.96558,2025-09-17T17:59:59.999000+00:00,80767905.5071013,154261,386.6326,44806048.8736179
2025-09-17T18:00:00+00:00,115504.49,116333.33,114720.81,115226.93,3427.38872,2025-09-17T18:59:59.999000+00:00,395906451.0396723,663014,1655.51511,191255010.097678
2025-09-17T19:00:00+00:00,115226.93,115989.2,115068.33,115652.02,955.04331,2025-09-17T19:59:59.999000+00:00,110428213.9482861,336917,496.16775,57369129.0751497
2025-09-17T20:00:00+00:00,115652.02,116140.2,115496.68,115621.47,455.26463,2025-09-17T20:59:59.999000+00:00,52732219.0553146,104944,234.03184,27108901.107418
2025-09-17T21:00:00+00:00,115621.47,116120.0,115307.33,116038.39,336.05085,2025-09-17T21:59:59.999000+00:00,38911404.8745251,93951,144.8326,16770745.5344409
2025-09-17T22:00:00+00:00,116038.39,116823.72,116038.39,116559.69,741.17447,2025-09-17T22:59:59.999000+00:00,86245192.1893079,133074,333.53397,38811785.3285816
2025-09-17T23:00:00+00:00,116559.68,116990.68,116340.07,116447.59,836.73837,2025-09-17T23:59:59.999000+00:00,97642944.5399218,145336,356.22854,41586438.228157
2025-09-18T00:00:00+00:00,116447.6,116470.52,116092.76,116350.65,442.99009,2025-09-18T00:59:59.999000+00:00,51518554.1719145,125352,217.10311,25248825.1777984
2025-09-18T01:00:00+00:00,116350.65,116869.46,116340.0,116634.84,440.77649,2025-09-18T01:59:59.999000+00:00,51404424.7913976,108967,254.15229,29638612.8563189
2025-09-18T02:00:00+00:00,116634.84,116959.96,116429.55,116950.47,318.2136,2025-09-18T02:59:59.999000+00:00,37137565.9656896,76982,162.36061,18954491.1823496
2025-09-18T03:00:00+00:00,116950.46,117896.0,116896.93,117581.66,1879.7006,2025-09-18T03:59:59.999000+00:00,220901850.1529643,234233,918.49311,107892921.9817071
2025-09-18T04:00:00+00:00,117581.67,117750.0,117219.5,117605.16,612.3817,2025-09-18T04:59:59.999000+00:00,71953719.8148844,88581,251.01331,29494857.5384018
2025-09-18T05:00:00+00:00,117605.16,117605.16,117176.1,117273.36,340.19852,2025-09-18T05:59:59.999000+00:00,39920601.5898801,57510,111.086,13033693.2581923
2025-09-18T06:00:00+00:00,117273.37,117338.05,116888.02,117102.43,474.42047,2025-09-18T06:59:59.999000+00:00,55533801.826744,107426,182.39949,21349889.3852172
2025-09-18T07:00:00+00:00,117102.43,117208.0,117048.81,117086.01,362.6272,2025-09-18T07:59:59.999000+00:00,42477740.908109,82798,143.59778,16821004.6421732
2025-09-18T08:00:00+00:00,117086.01,117413.04,117010.59,117229.59,383.66591,2025-09-18T08:59:59.999000+00:00,44972839.0687463,83080,199.41111,23376295.3594055
2025-09-18T09:00:00+00:00,117229.58,117350.0,117107.57,117298.81,260.44715,2025-09-18T09:59:59.999000+00:00,30535599.9162776,66226,129.04063,15128529.1181132
2025-09-18T10:00:00+00:00,117298.82,117307.5,117078.72,117190.47,236.63641,2025-09-18T10:59:59.999000+00:00,27732211.5598279,65792,115.32601,13515268.0567991
2025-09-18T11:00:00+00:00,117190.48,117300.0,117013.77,117063.4,285.00282,2025-09-18T11:59:59.999000+00:00,33403616.622819,50221,171.32899,20082077.1564758
2025-09-18T12:00:00+00:00,117063.41,117279.0,116977.59,117124.69,249.62123,2025-09-18T12:59:59.999000+00:00,29243079.3203573,68078,131.87004,15449395.9796852
2025-09-18T13:00:00+00:00,117124.69,117655.55,117004.28,117432.04,647.0176,2025-09-18T13:59:59.999000+00:00,75932135.739433,169516,340.99079,40020099.7615858
2025-09-18T14:00:00+00:00,117432.04,117843.83,117400.54,117640.54,711.59459,2025-09-18T14:59:59.999000+00:00,83729091.9579246,129862,386.67686,45494494.8763162
2025-09-18T15:00:00+00:00,117640.54,117705.51,117322.41,117583.56,808.09852,2025-09-18T15:59:59.999000+00:00,94942160.0745494,115501,443.41059,52097684.0011244
2025-09-18T16:00:00+00:00,117583.56,117789.0,117500.01,117565.6,483.30991,2025-09-18T16:59:59.999000+00:00,56874993.407188,97959,260.90726,30704433.9336956
2025-09-18T17:00:00+00:00,117565.59,117765.59,117418.45,117579.93,479.43176,2025-09-18T17:59:59.999000+00:00,56371217.0310833,95614,237.39362,27911254.7520367
2025-09-18T18:00:00+00:00,117579.94,117900.0,117512.11,117822.97,474.53821,2025-09-18T18:59:59.999000+00:00,55896624.9464854,93752,272.4501,32090987.6022783
2025-09-18T19:00:00+00:00,117822.98,117822.98,117196.33,117450.21,391.34362,2025-09-18T19:59:59.999000+00:00,45973207.3956216,86965,210.87334,24765994.269673
2025-09-18T20:00:00+00:00,117450.21,117657.17,117337.95,117521.14,192.47211,2025-09-18T20:59:59.999000+00:00,22620174.4585813,57206,93.11408,10941748.0676635
2025-09-18T21:00:00+00:00,117521.14,117521.14,117299.21,117299.21,187.11636,2025-09-18T21:59:59.999000+00:00,21965787.0541691,44826,67.14775,7882781.41305
2025-09-18T22:00:00+00:00,117299.21,117334.8,117027.34,117061.02,345.51742,2025-09-18T22:59:59.999000+00:00,40494476.8069949,46471,124.08087,14545090.7659028
2025-09-18T23:00:00+00:00,117061.02,117172.21,116612.03,117073.53,650.11136,2025-09-18T23:59:59.999000+00:00,75977872.9048672,99736,293.11764,34260121.7987641
2025-09-19T00:00:00+00:00,117073.53,117427.7,117020.0,117424.2,328.86734,2025-09-19T00:59:59.999000+00:00,38557334.0955841,85999,150.52387,17646832.2331321
2025-09-19T01:00:00+00:00,117424.21,117459.99,117118.21,117241.32,268.6749,2025-09-19T01:59:59.999000+00:00,31511678.0616566,85005,101.44573,11897671.7873532
2025-09-19T02:00:00+00:00,117241.32,117285.99,117044.13,117112.8,395.51641,2025-09-19T02:59:59.999000+00:00,46324444.2625184,66385,153.28492,17952933.5218642
2025-09-19T03:00:00+00:00,117112.81,117291.01,116871.61,116977.58,333.32919,2025-09-19T03:59:59.999000+00:00,39008567.6131979,75592,128.36637,15020430.3235044
2025-09-19T04:00:00+00:00,116977.58,117100.0,116700.02,116990.65,377.41298,2025-09-19T04:59:59.999000+00:00,44114269.1006579,97091,160.53357,18764095.614629
2025-09-19T05:00:00+00:00,116990.65,117010.0,116780.75,116894.83,306.31482,2025-09-19T05:59:59.999000+00:00,35806906.18857,55901,99.3415,11611323.2122978
2025-09-19T06:00:00+00:00,116894.83,116894.83,116633.86,116669.75,430.54942,2025-09-19T06:59:59.999000+00:00,50269840.7270178,66096,122.74531,14331226.1671472
2025-09-19T07:00:00+00:00,116669.76,116992.81,116665.0,116909.97,423.81384,2025-09-19T07:59:59.999000+00:00,49524395.0060825,62634,194.04234,22675717.1266664
2025-09-19T08:00:00+00:00,116909.98,117090.36,116882.47,116915.88,283.85786,2025-09-19T08:59:59.999000+00:00,33209364.9297422,43691,118.59767,13875322.3728519
2025-09-19T09:00:00+00:00,116915.88,116979.86,116488.0,116488.0,361.47256,2025-09-19T09:59:59.999000+00:00,42186188.0280012,52612,108.33042,12644229.1279127
2025-09-19T10:00:00+00:00,116488.0,116551.54,116434.23,116532.68,289.26548,2025-09-19T10:59:59.999000+00:00,33696959.2698548,58554,137.17125,15979462.2487309
2025-09-19T11:00:00+00:00,116532.68,116554.05,116300.0,116394.72,309.23241,2025-09-19T11:59:59.999000+00:00,35997718.577512,55771,121.91291,14191940.8862263
2025-09-19T12:00:00+00:00,116394.72,116529.08,116133.66,116162.45,488.73837,2025-09-19T12:59:59.999000+00:00,56822193.8421223,72641,227.92794,26499190.8352676
2025-09-19T13:00:00+00:00,116162.45,116465.35,116075.0,116284.64,435.12378,2025-09-19T13:59:59.999000+00:00,50577860.7025559,108872,226.85468,26370935.6243339
2025-09-19T14:00:00+00:00,116284.63,116479.11,115800.0,115899.99,846.39402,2025-09-19T14:59:59.999000+00:00,98288690.4738765,133279,382.87946,44460242.3549542
2025-09-19T15:00:00+00:00,115899.99,115952.95,115464.19,115884.03,887.61948,2025-09-19T15:59:59.999000+00:00,102689255.2087438,151353,455.47426,52693762.0554148
2025-09-19T16:00:00+00:00,115884.03,116136.0,115800.0,116088.68,355.37234,2025-09-19T16:59:59.999000+00:00,41210580.2956649,73338,213.38705,24745177.3164463
2025-09-19T17:00:00+00:00,116088.68,116093.18,115538.67,115542.73,360.56628,2025-09-19T17:59:59.999000+00:00,41729512.2944102,83752,143.77975,16638698.0525423
2025-09-19T18:00:00+00:00,115542.73,115644.73,115382.98,115407.49,388.78402,2025-09-19T18:59:59.999000+00:00,44895298.1552752,70902,165.43651,19105266.2268075
2025-09-19T19:00:00+00:00,115407.49,115479.45,115112.58,115125.12,308.93231,2025-09-19T19:59:59.999000+00:00,35616882.5094451,62433,154.05926,17762642.3529395
2025-09-19T20:00:00+00:00,115125.13,115445.23,115100.0,115342.57,338.84816,2025-09-19T20:59:59.999000+00:00,39071092.367803,61182,205.61619,23706464.0578343
2025-09-19T21:00:00+00:00,115342.56,115532.73,115306.07,115465.39,178.46294,2025-09-19T21:59:59.999000+00:00,20597568.0579261,37181,103.40913,11934589.6647735
2025-09-19T22:00:00+00:00,115465.39,115657.28,115465.39,115613.21,139.86142,2025-09-19T22:59:59.999000+00:00,16165884.3069503,37044,73.39269,8483018.8572836
2025-09-19T23:00:00+00:00,115613.21,115648.0,115448.01,115632.38,155.08032,2025-09-19T23:59:59.999000+00:00,17919917.3780702,35163,72.30205,8354811.0577663
2025-09-20T00:00:00+00:00,115632.39,115730.41,115548.92,115723.73,220.87363,2025-09-20T00:59:59.999000+00:00,25541621.6099609,38562,123.16956,14242420.3729234
2025-09-20T01:00:00+00:00,115723.72,115723.73,115610.84,115623.51,178.50409,2025-09-20T01:59:59.999000+00:00,20647554.5656759,31248,84.16347,9734870.3464475
2025-09-20T02:00:00+00:00,115623.5,115623.51,115444.0,115606.39,154.74621,2025-09-20T02:59:59.999000+00:00,17878123.4301187,28594,75.80496,8757395.8994687
2025-09-20T03:00:00+00:00,115606.4,115606.4,115408.47,115445.0,162.93905,2025-09-20T03:59:59.999000+00:00,18821200.7757097,25892,62.98086,7273646.5311161
2025-09-20T04:00:00+00:00,115445.0,115582.38,115409.08,115568.41,144.02474,2025-09-20T04:59:59.999000+00:00,16633922.5212489,25383,75.94381,8771431.4164968
2025-09-20T05:00:00+00:00,115568.41,115717.5,115512.63,115717.49,224.42562,2025-09-20T05:59:59.999000+00:00,25951046.8017736,24006,173.91908,20111690.2932344
2025-09-20T06:00:00+00:00,115717.49,115724.34,115625.85,115700.46,159.86607,2025-09-20T06:59:59.999000+00:00,18492467.3957562,19734,92.05761,10648068.4964064
2025-09-20T07:00:00+00:00,115700.47,115985.2,115683.47,115968.56,231.14483,2025-09-20T07:59:59.999000+00:00,26777634.7349628,41483,125.55447,14543243.3404051
2025-09-20T08:00:00+00:00,115968.56,115968.57,115700.01,115701.43,183.70782,2025-09-20T08:59:59.999000+00:00,21282598.1421463,33860,60.84528,7049543.1122343
2025-09-20T09:00:00+00:00,115701.43,115794.39,115664.11,115672.8,196.19831,2025-09-20T09:59:59.999000+00:00,22705232.3096874,34306,72.19058,8354914.7633013
2025-09-20T10:00:00+00:00,115672.8,115798.16,115672.79,115747.54,170.36368,2025-09-20T10:59:59.999000+00:00,19719590.9409911,32530,72.04837,8339184.2496194
2025-09-20T11:00:00+00:00,115747.54,115909.54,115747.54,115894.06,242.77605,2025-09-20T11:59:59.999000+00:00,28120629.5180236,35307,155.24073,17981053.3413945
2025-09-20T12:00:00+00:00,115894.05,115950.89,115804.47,115874.49,155.45643,2025-09-20T12:59:59.999000+00:00,18013025.618523,27251,53.98467,6255438.5402081
2025-09-20T13:00:00+00:00,115874.5,115951.96,115859.48,115915.8,123.96705,2025-09-20T13:59:59.999000+00:00,14368168.2677413,22111,61.5547,7134462.8579367
2025-09-20T14:00:00+00:00,115915.79,116036.0,115883.3,115970.36,209.62425,2025-09-20T14:59:59.999000+00:00,24305689.2122073,35600,94.02914,10902734.6634049
2025-09-20T15:00:00+00:00,115970.36,116121.81,115946.91,115986.69,347.86651,2025-09-20T15:59:59.999000+00:00,40367689.0365746,48857,156.27958,18135156.0109933
2025-09-20T16:00:00+00:00,115986.7,116057.24,115882.58,116027.94,226.24762,2025-09-20T16:59:59.999000+00:00,26240755.248662,35795,111.40346,12920556.5049462
2025-09-20T17:00:00+00:00,116027.95,116079.46,115817.28,115821.72,189.06923,2025-09-20T17:59:59.999000+00:00,21917689.9130673,35167,63.96265,7415092.7476048
2025-09-20T18:00:00+00:00,115821.73,115821.73,115700.0,115711.51,191.99051,2025-09-20T18:59:59.999000+00:00,22221824.6701967,29847,71.05481,8223341.5677362
2025-09-20T19:00:00+00:00,115711.51,115812.62,115698.08,115702.0,290.9007,2025-09-20T19:59:59.999000+00:00,33668791.478692,20796,146.56069,16963088.5694818
2025-09-20T20:00:00+00:00,115702.0,115789.57,115689.91,115721.1,163.21635,2025-09-20T20:59:59.999000+00:00,18891408.5089258,30505,89.93564,10408866.6641925
2025-09-20T21:00:00+00:00,115721.1,115944.7,115721.1,115786.31,200.3631,2025-09-20T21:59:59.999000+00:00,23208180.2855888,42416,109.82938,12720706.0799383
2025-09-20T22:00:00+00:00,115786.3,115796.54,115742.14,115776.06,169.22355,2025-09-20T22:59:59.999000+00:00,19590578.1243171,20626,79.86414,9245536.5093149
2025-09-20T23:00:00+00:00,115776.06,115776.06,115603.42,115685.63,137.43212,2025-09-20T23:59:59.999000+00:00,15898850.1311384,20575,63.78719,7379026.9644532
2025-09-21T00:00:00+00:00,115685.63,115732.94,115559.97,115660.01,204.93197,2025-09-21T00:59:59.999000+00:00,23699016.6774874,35085,83.75813,9685798.3988665
2025-09-21T01:00:00+00:00,115660.01,115660.01,115500.0,115500.0,193.04313,2025-09-21T01:59:59.999000+00:00,22308946.2413404,30213,73.1167,8449727.7926592
2025-09-21T02:00:00+00:00,115500.01,115700.0,115441.83,115690.76,321.18986,2025-09-21T02:59:59.999000+00:00,37116906.3517266,41753,125.37218,14490318.957984
2025-09-21T03:00:00+00:00,115690.76,115723.43,115616.38,115669.41,199.89426,2025-09-21T03:59:59.999000+00:00,23119978.5977133,31581,99.96555,11561774.0467618
2025-09-21T04:00:00+00:00,115669.42,115669.42,115494.22,115494.23,121.47731,2025-09-21T04:59:59.999000+00:00,14036679.5482784,26384,34.96635,4040581.2525523
2025-09-21T05:00:00+00:00,115494.23,115663.49,115487.56,115663.48,237.18676,2025-09-21T05:59:59.999000+00:00,27406761.0894541,34441,131.17445,15156750.9345353
2025-09-21T06:00:00+00:00,115663.48,115787.39,115663.48,115687.2,201.84931,2025-09-21T06:59:59.999000+00:00,23363568.3081893,39375,100.35251,11615192.9511052
2025-09-21T07:00:00+00:00,115687.21,115815.98,115615.0,115815.97,246.42642,2025-09-21T07:59:59.999000+00:00,28510215.4129415,35418,130.27973,15072816.3120032
2025-09-21T08:00:00+00:00,115815.98,115819.06,115560.94,115629.6,182.84602,2025-09-21T08:59:59.999000+00:00,21147484.514988,39972,67.84849,7846233.4499794
2025-09-21T09:00:00+00:00,115629.6,115704.53,115329.03,115683.54,335.85586,2025-09-21T09:59:59.999000+00:00,38794618.6874215,65799,148.96087,17205925.3008666
2025-09-21T10:00:00+00:00,115683.53,115708.33,115504.13,115522.31,111.62025,2025-09-21T10:59:59.999000+00:00,12904013.9600062,29804,45.25487,5231657.5089515
2025-09-21T11:00:00+00:00,115522.31,115694.74,115522.31,115603.45,156.53082,2025-09-21T11:59:59.999000+00:00,18101484.9428118,33095,81.12031,9380764.8552869
2025-09-21T12:00:00+00:00,115603.45,115747.23,115603.44,115683.59,183.94971,2025-09-21T12:59:59.999000+00:00,21285038.0446364,24431,64.54868,7468434.5530847
2025-09-21T13:00:00+00:00,115683.59,115747.06,115645.2,115661.65,136.30562,2025-09-21T13:59:59.999000+00:00,15770206.6268581,27748,70.44937,8150151.575951
2025-09-21T14:00:00+00:00,115661.65,115691.15,115500.0,115500.01,192.82816,2025-09-21T14:59:59.999000+00:00,22291872.8248005,52246,69.84267,8074143.0633348
2025-09-21T15:00:00+00:00,115500.0,115599.6,115473.19,115531.61,158.23691,2025-09-21T15:59:59.999000+00:00,18281684.9201023,44254,81.63727,9431677.607506
2025-09-21T16:00:00+00:00,115531.62,115549.9,115209.02,115316.0,239.98829,2025-09-21T16:59:59.999000+00:00,27685086.3516913,60423,96.5998,11143827.5889893
2025-09-21T17:00:00+00:00,115316.01,115629.58,115249.94,115628.18,234.56593,2025-09-21T17:59:59.999000+00:00,27065997.6519555,58452,121.4841,14017968.8533564
2025-09-21T18:00:00+00:00,115628.19,115665.52,115513.98,115530.9,173.87321,2025-09-21T18:59:59.999000+00:00,20094406.0320107,37550,98.9014,11430082.9015654
2025-09-21T19:00:00+00:00,115530.89,115530.9,115318.02,115480.05,132.68903,2025-09-21T19:59:59.999000+00:00,15316599.8951856,36203,46.98585,5423021.7692087
2025-09-21T20:00:00+00:00,115480.05,115503.47,115307.51,115307.51,93.55507,2025-09-21T20:59:59.999000+00:00,10797691.411067,34836,39.45296,4553412.6499934
2025-09-21T21:00:00+00:00,115307.52,115434.53,115250.01,115405.48,101.3744,2025-09-21T21:59:59.999000+00:00,11691092.0722331,29491,47.36027,5461823.5131224
2025-09-21T22:00:00+00:00,115405.48,115545.43,115188.0,115538.9,154.30721,2025-09-21T22:59:59.999000+00:00,17800867.5816187,44406,81.7273,9429422.3740262
2025-09-21T23:00:00+00:00,115538.91,115538.91,115200.0,115232.29,196.99668,2025-09-21T23:59:59.999000+00:00,22709533.4058919,53005,75.56508,8710030.5353029
2025-09-22T00:00:00+00:00,115232.29,115379.25,114290.16,114407.28,1196.13685,2025-09-22T00:59:59.999000+00:00,137282592.0699749,246163,458.80003,52654922.1859844
2025-09-22T01:00:00+00:00,114407.28,114750.0,114250.98,114273.45,660.65043,2025-09-22T01:59:59.999000+00:00,75647190.1258146,186931,313.91016,35944146.5837384
2025-09-22T02:00:00+00:00,114273.44,114618.89,114150.0,114187.81,895.13507,2025-09-22T02:59:59.999000+00:00,102380826.5907734,206084,471.58028,53941729.5656932
2025-09-22T03:00:00+00:00,114187.8,114654.36,114187.8,114649.89,326.66818,2025-09-22T03:59:59.999000+00:00,37374145.3312142,97728,180.97775,20705918.5606157
2025-09-22T04:00:00+00:00,114649.89,114649.9,114397.32,114433.53,208.01066,2025-09-22T04:59:59.999000+00:00,23816481.7496539,63999,95.77971,10966752.3245594
2025-09-22T05:00:00+00:00,114433.53,114551.8,113623.0,113691.19,753.79586,2025-09-22T05:59:59.999000+00:00,86084230.7075343,85343,356.22159,40694636.237235
2025-09-22T06:00:00+00:00,113691.18,113698.38,111800.0,112800.77,5199.12797,2025-09-22T06:59:59.999000+00:00,586251656.1677698,431959,2286.41559,257776855.858135
2025-09-22T07:00:00+00:00,112800.77,112999.0,112476.17,112519.99,1129.8684,2025-09-22T07:59:59.999000+00:00,127377912.8870488,146921,514.96821,58064086.4417091
2025-09-22T08:00:00+00:00,112520.0,112780.0,112452.0,112629.07,810.01414,2025-09-22T08:59:59.999000+00:00,91225046.9767791,134307,349.93654,39408900.3241153
2025-09-22T09:00:00+00:00,112629.06,112662.87,112173.52,112336.62,1219.89658,2025-09-22T09:59:59.999000+00:00,137027640.3057081,130559,579.05856,65038668.4904481
2025-09-22T10:00:00+00:00,112336.62,112848.33,112262.22,112792.16,523.20588,2025-09-22T10:59:59.999000+00:00,58875283.2744775,84101,312.06917,35114094.624034
2025-09-22T11:00:00+00:00,112792.16,112976.02,112683.49,112876.97,499.11385,2025-09-22T11:59:59.999000+00:00,56316864.2639765,83462,288.09848,32508839.8948692
2025-09-22T12:00:00+00:00,112876.97,112876.97,112520.0,112738.65,504.05132,2025-09-22T12:59:59.999000+00:00,56785656.3665213,102499,226.98321,25570455.767618
2025-09-22T13:00:00+00:00,112738.64,113148.29,112380.0,113130.63,813.72754,2025-09-22T13:59:59.999000+00:00,91779187.3833876,130953,330.90356,37333327.3841139
2025-09-22T14:00:00+00:00,113130.63,113432.76,112754.15,112933.16,1386.14648,2025-09-22T14:59:59.999000+00:00,156796730.5125574,179965,606.23788,68581553.4800751
2025-09-22T15:00:00+00:00,112933.16,113024.23,112576.42,112815.5,609.57711,2025-09-22T15:59:59.999000+00:00,68746776.7686642,126823,298.79729,33698442.3775318
2025-09-22T16:00:00+00:00,112815.5,112888.0,112585.87,112600.68,359.00005,2025-09-22T16:59:59.999000+00:00,40476483.1522448,96383,153.16832,17269697.1146258
2025-09-22T17:00:00+00:00,112600.69,112622.95,112250.89,112398.66,595.0948,2025-09-22T17:59:59.999000+00:00,66896401.7167371,103925,243.64334,27386342.8697557
2025-09-22T18:00:00+00:00,112398.65,112816.55,112345.54,112429.13,470.04903,2025-09-22T18:59:59.999000+00:00,52912790.7411297,68136,172.84053,19458190.3620684
2025-09-22T19:00:00+00:00,112429.12,112600.87,111936.4,112122.9,1307.37365,2025-09-22T19:59:59.999000+00:00,146776753.307886,126232,438.82285,49258301.0286974
2025-09-22T20:00:00+00:00,112122.9,112977.41,111975.28,112781.88,596.84005,2025-09-22T20:59:59.999000+00:00,67075083.9870225,93553,242.97691,27323964.9289822
2025-09-22T21:00:00+00:00,112781.87,112970.0,112602.79,112969.99,293.31156,2025-09-22T21:59:59.999000+00:00,33074925.4786085,42931,171.13972,19299252.1366833
2025-09-22T22:00:00+00:00,112969.99,112970.0,112594.33,112643.25,289.60715,2025-09-22T22:59:59.999000+00:00,32646911.0027458,42836,155.53003,17531400.1031926
2025-09-22T23:00:00+00:00,112643.25,112739.14,112592.2,112650.99,135.31095,2025-09-22T23:59:59.999000+00:00,15244940.8306451,34083,63.49806,7153788.2537066
2025-09-23T00:00:00+00:00,112650.99,112833.09,112385.23,112395.32,400.92095,2025-09-23T00:59:59.999000+00:00,45148915.2800005,73806,194.95837,21959584.2191299
2025-09-23T01:00:00+00:00,112395.32,112502.29,112138.88,112156.66,439.66589,2025-09-23T01:59:59.999000+00:00,49386019.7553833,71680,142.79785,16043989.9431671
2025-09-23T02:00:00+00:00,112156.66,112487.38,111674.0,111811.88,717.47413,2025-09-23T02:59:59.999000+00:00,80410237.8471528,116977,295.9932,33171390.4188913
2025-09-23T03:00:00+00:00,111811.88,112446.97,111478.0,112339.99,840.03485,2025-09-23T03:59:59.999000+00:00,94098697.1585608,161122,396.17679,44391455.6966932
2025-09-23T04:00:00+00:00,112339.99,112469.21,111876.15,112442.3,530.4818,2025-09-23T04:59:59.999000+00:00,59529168.1992302,99734,250.86623,28162501.7663705
2025-09-23T05:00:00+00:00,112442.29,112894.49,112413.01,112665.44,645.16259,2025-09-23T05:59:59.999000+00:00,72693728.579132,117575,308.2871,34729386.7829488
2025-09-23T06:00:00+00:00,112665.44,113111.89,112616.93,112974.96,574.99132,2025-09-23T06:59:59.999000+00:00,64927265.2697501,118015,251.79935,28429283.817374
2025-09-23T07:00:00+00:00,112974.97,113114.01,112882.48,113090.13,754.18067,2025-09-23T07:59:59.999000+00:00,85218998.4135918,139764,381.52228,43113317.9685807
2025-09-23T08:00:00+00:00,113090.13,113177.72,112936.98,113133.84,657.66339,2025-09-23T08:59:59.999000+00:00,74371534.1201129,100576,297.02201,33590430.7992554
2025-09-23T09:00:00+00:00,113133.84,113281.5,112888.0,112934.47,430.99222,2025-09-23T09:59:59.999000+00:00,48743650.3713965,53169,210.9236,23856237.7887988
2025-09-23T10:00:00+00:00,112934.48,113006.56,112828.62,112969.32,382.87944,2025-09-23T10:59:59.999000+00:00,43233912.7504768,63250,162.27261,18322889.0881133
2025-09-23T11:00:00+00:00,112969.32,113081.35,112683.33,112975.99,343.04129,2025-09-23T11:59:59.999000+00:00,38719768.9438372,88738,151.15696,17062720.8978538
2025-09-23T12:00:00+00:00,112975.99,113049.9,112811.4,112941.02,342.98937,2025-09-23T12:59:59.999000+00:00,38738873.0541251,75814,144.55615,16328178.627491
2025-09-23T13:00:00+00:00,112941.01,113024.31,112722.78,112952.31,426.02927,2025-09-23T13:59:59.999000+00:00,48090463.1063101,116178,168.50608,19020308.7521454
2025-09-23T14:00:00+00:00,112952.32,113290.5,112571.81,112652.91,713.09459,2025-09-23T14:59:59.999000+00:00,80499403.2208129,147691,296.45207,33477525.1055943
2025-09-23T15:00:00+00:00,112652.91,113072.89,112496.61,112882.19,466.71943,2025-09-23T15:59:59.999000+00:00,52664498.1462936,111596,214.01681,24152113.7326739
2025-09-23T16:00:00+00:00,112882.2,112958.58,112486.37,112823.63,531.06975,2025-09-23T16:59:59.999000+00:00,59859106.4615869,119590,234.22298,26402233.5199794
2025-09-23T17:00:00+00:00,112823.62,112823.62,111888.0,111957.76,587.62346,2025-09-23T17:59:59.999000+00:00,65978067.9467334,154624,222.66476,24997934.2058314
2025-09-23T18:00:00+00:00,111957.76,112200.0,111686.9,111780.1,710.40527,2025-09-23T18:59:59.999000+00:00,79512336.2631182,164332,362.5674,40593319.62021
2025-09-23T19:00:00+00:00,111780.09,111979.27,111540.2,111655.29,565.08344,2025-09-23T19:59:59.999000+00:00,63141994.0471009,137038,254.04008,28391360.3779299
2025-09-23T20:00:00+00:00,111655.29,111994.99,111458.73,111985.77,495.90964,2025-09-23T20:59:59.999000+00:00,55417986.1934124,97685,212.56291,23759696.2475562
2025-09-23T21:00:00+00:00,111985.78,112202.24,111893.44,112161.54,270.56814,2025-09-23T21:59:59.999000+00:00,30314187.1071843,39198,165.41758,18533406.8445694
2025-09-23T22:00:00+00:00,112161.53,112213.95,112002.16,112159.23,231.71626,2025-09-23T22:59:59.999000+00:00,25984150.8619434,41869,116.1934,13029882.592696
2025-09-23T23:00:00+00:00,112159.24,112220.54,111879.73,111998.8,242.62314,2025-09-23T23:59:59.999000+00:00,27186837.176457,45708,108.38433,12146509.9061791
2025-09-24T00:00:00+00:00,111998.8,112380.0,111816.86,112230.72,457.37128,2025-09-24T00:59:59.999000+00:00,51293186.059347,94457,224.87506,25222942.3338791
2025-09-24T01:00:00+00:00,112230.73,112500.0,112140.0,112451.26,263.95045,2025-09-24T01:59:59.999000+00:00,29657323.7146537,52450,124.32187,13968120.3556819
2025-09-24T02:00:00+00:00,112451.25,112500.0,111896.43,112111.62,1045.64078,2025-09-24T02:59:59.999000+00:00,117252413.6710988,181298,433.48944,48603804.316892
2025-09-24T03:00:00+00:00,112111.62,112223.15,111683.09,111683.09,1081.07058,2025-09-24T03:59:59.999000+00:00,121028792.3379697,122208,487.26884,54540562.3275
2025-09-24T04:00:00+00:00,111683.1,112374.32,111042.66,112161.93,1377.98323,2025-09-24T04:59:59.999000+00:00,153932910.2615616,220947,731.22477,81715122.6744127
2025-09-24T05:00:00+00:00,112161.94,112666.74,112133.83,112636.84,480.95742,2025-09-24T05:59:59.999000+00:00,54069714.0978348,81467,278.22856,31281234.4351191
2025-09-24T06:00:00+00:00,112636.85,112779.37,112535.78,112596.69,508.56699,2025-09-24T06:59:59.999000+00:00,57286436.1025421,60788,225.51394,25402050.0196763
2025-09-24T07:00:00+00:00,112596.7,112742.06,112459.44,112583.54,538.1822,2025-09-24T07:59:59.999000+00:00,60589096.2365007,59784,306.73633,34529953.5779328
2025-09-24T08:00:00+00:00,112583.54,112636.85,112405.62,112622.8,369.32812,2025-09-24T08:59:59.999000+00:00,41557041.7300714,65398,177.92271,20019871.0972498
2025-09-24T09:00:00+00:00,112622.81,112837.42,112501.38,112735.06,247.34844,2025-09-24T09:59:59.999000+00:00,27865163.8149905,45315,137.82473,15528108.7573214
2025-09-24T10:00:00+00:00,112735.05,112960.0,112668.51,112941.98,402.84076,2025-09-24T10:59:59.999000+00:00,45447073.8896696,64884,238.05364,26857346.865201
2025-09-24T11:00:00+00:00,112941.99,113162.17,112877.3,113029.46,548.21142,2025-09-24T11:59:59.999000+00:00,61964402.0273983,75233,306.26019,34615958.1258432
2025-09-24T12:00:00+00:00,113029.45,113097.99,112944.0,113070.69,272.77737,2025-09-24T12:59:59.999000+00:00,30830389.2363054,45934,98.57685,11141440.6343379
2025-09-24T13:00:00+00:00,113070.69,113222.69,112808.0,112823.62,578.33959,2025-09-24T13:59:59.999000+00:00,65383456.3637995,132297,267.09013,30196215.526206
2025-09-24T14:00:00+00:00,112823.62,113890.0,112823.61,113720.64,966.18934,2025-09-24T14:59:59.999000+00:00,109548745.7845445,196787,585.55655,66395873.8388092
2025-09-24T15:00:00+00:00,113720.64,113883.68,113257.01,113346.41,717.74437,2025-09-24T15:59:59.999000+00:00,81540721.4201377,177834,367.65069,41773997.4031756
2025-09-24T16:00:00+00:00,113346.4,113753.0,113163.21,113732.01,447.67953,2025-09-24T16:59:59.999000+00:00,50806995.5971774,112872,219.48365,24920317.2084533
2025-09-24T17:00:00+00:00,113732.01,113940.0,113616.0,113761.3,361.88913,2025-09-24T17:59:59.999000+00:00,41184261.9172111,81221,179.49415,20428847.4661702
2025-09-24T18:00:00+00:00,113761.31,113830.66,113512.53,113639.8,202.61449,2025-09-24T18:59:59.999000+00:00,23023393.9846779,65203,85.13084,9673463.8038826
2025-09-24T19:00:00+00:00,113639.8,113682.46,113292.25,113420.01,306.5127,2025-09-24T19:59:59.999000+00:00,34780422.4122778,63287,119.91296,13604868.8805223
2025-09-24T20:00:00+00:00,113420.0,113609.25,113401.99,113501.52,233.37909,2025-09-24T20:59:59.999000+00:00,26493593.1639136,46343,94.95175,10779433.8662846
2025-09-24T21:00:00+00:00,113501.52,113584.02,113283.99,113339.63,274.44453,2025-09-24T21:59:59.999000+00:00,31142724.2539136,39886,128.37019,14566616.8657896
2025-09-24T22:00:00+00:00,113339.63,113647.58,113250.59,113336.33,268.57434,2025-09-24T22:59:59.999000+00:00,30469844.3042884,67543,124.96745,14181432.1319543
2025-09-24T23:00:00+00:00,113336.34,113429.12,113204.71,113307.0,417.66352,2025-09-24T23:59:59.999000+00:00,47322526.1206969,76401,157.78958,17878698.7081821
2025-09-25T00:00:00+00:00,113307.01,113510.23,112960.0,113062.35,567.08586,2025-09-25T00:59:59.999000+00:00,64199428.4875513,116996,214.65282,24306676.9093458
2025-09-25T01:00:00+00:00,113062.35,113369.98,112446.15,112661.24,1139.29698,2025-09-25T01:59:59.999000+00:00,128547834.1986418,225877,512.34162,57798958.1032353
2025-09-25T02:00:00+00:00,112661.24,113179.94,112510.06,112907.38,569.88139,2025-09-25T02:59:59.999000+00:00,64278822.1501474,163668,301.19771,33974777.6568421
2025-09-25T03:00:00+00:00,112907.38,112907.39,112214.74,112546.21,773.34995,2025-09-25T03:59:59.999000+00:00,86979490.9793409,151662,399.03532,44876752.5144622
2025-09-25T04:00:00+00:00,112546.22,112614.43,111584.23,111735.66,1337.55309,2025-09-25T04:59:59.999000+00:00,149679822.2703881,245432,612.57878,68558635.1653603
2025-09-25T05:00:00+00:00,111735.67,112040.0,111597.86,111749.91,705.54263,2025-09-25T05:59:59.999000+00:00,78891271.3282923,128656,335.5556,37518408.1352721
2025-09-25T06:00:00+00:00,111749.91,111843.3,111515.87,111533.26,371.96659,2025-09-25T06:59:59.999000+00:00,41538883.1462405,111615,163.80204,18293615.8546894
2025-09-25T07:00:00+00:00,111533.26,111883.23,111450.42,111766.72,515.14719,2025-09-25T07:59:59.999000+00:00,57553165.2619106,110408,260.63376,29122259.3186837
2025-09-25T08:00:00+00:00,111766.73,112031.18,111689.38,111727.21,537.9101,2025-09-25T08:59:59.999000+00:00,60173434.6902335,102297,256.40509,28686450.6920497
2025-09-25T09:00:00+00:00,111727.2,112246.46,111571.57,111571.58,771.79377,2025-09-25T09:59:59.999000+00:00,86351237.9523679,94821,318.5892,35653873.6626319
2025-09-25T10:00:00+00:00,111571.58,111854.12,111525.81,111648.19,434.41742,2025-09-25T10:59:59.999000+00:00,48516363.96973,81989,198.55116,22174414.364984
2025-09-25T11:00:00+00:00,111648.19,111728.48,111283.63,111348.0,543.64106,2025-09-25T11:59:59.999000+00:00,60605343.784368,127034,207.40233,23120924.7327656
2025-09-25T12:00:00+00:00,111347.99,111656.81,111020.0,111111.0,1058.2697,2025-09-25T12:59:59.999000+00:00,117864325.8399396,234283,445.78622,49649687.3081649
2025-09-25T13:00:00+00:00,111111.01,111719.05,110629.99,111000.0,2220.16862,2025-09-25T13:59:59.999000+00:00,246933377.5207138,404728,936.1824,104120537.0771028
2025-09-25T14:00:00+00:00,111000.0,111729.52,110983.03,111540.0,856.73547,2025-09-25T14:59:59.999000+00:00,95507631.2741913,242164,386.17465,43043846.7697018
2025-09-25T15:00:00+00:00,111540.01,111587.75,110868.9,111580.77,599.58449,2025-09-25T15:59:59.999000+00:00,66702992.254687,238889,284.31381,31629206.1484451
2025-09-25T16:00:00+00:00,111580.77,111672.58,110904.91,110957.29,585.10481,2025-09-25T16:59:59.999000+00:00,65087014.3454948,189334,218.70105,24330716.0510162
2025-09-25T17:00:00+00:00,110957.28,110968.4,108654.0,108833.63,2899.70308,2025-09-25T17:59:59.999000+00:00,318389326.9872462,438322,979.84409,107513702.2572303
2025-09-25T18:00:00+00:00,108833.63,109801.78,108631.51,109760.2,1427.42291,2025-09-25T18:59:59.999000+00:00,155925760.2157685,306841,811.69057,88689931.8566528
2025-09-25T19:00:00+00:00,109760.2,109973.4,109302.54,109360.0,1217.19366,2025-09-25T19:59:59.999000+00:00,133573057.7240564,126373,575.05247,63107061.1351662
2025-09-25T20:00:00+00:00,109360.0,109482.62,109057.06,109163.44,424.7182,2025-09-25T20:59:59.999000+00:00,46414047.742173,149891,183.24276,20022483.2732077
2025-09-25T21:00:00+00:00,109163.45,109666.3,109074.11,109420.0,347.85454,2025-09-25T21:59:59.999000+00:00,38040066.7022354,122828,200.45028,21920475.4627947
2025-09-25T22:00:00+00:00,109420.0,109587.99,109261.02,109419.97,280.53982,2025-09-25T22:59:59.999000+00:00,30695908.7380652,96631,127.68096,13970551.1692449
2025-09-25T23:00:00+00:00,109419.97,109685.72,108765.0,108994.49,1046.26824,2025-09-25T23:59:59.999000+00:00,114191082.3614311,199214,581.21468,63443590.1493952
2025-09-26T00:00:00+00:00,108994.49,109614.67,108809.24,109472.13,868.75424,2025-09-26T00:59:59.999000+00:00,94872291.8281455,208999,421.07116,45987586.4768625
2025-09-26T01:00:00+00:00,109472.12,109762.59,109313.17,109680.4,452.15578,2025-09-26T01:59:59.999000+00:00,49554078.0428668,153706,240.27096,26333597.6876039
2025-09-26T02:00:00+00:00,109680.39,109798.84,109487.26,109621.7,497.29551,2025-09-26T02:59:59.999000+00:00,54538185.3904713,89909,197.60166,21668141.8256341
2025-09-26T03:00:00+00:00,109621.7,109635.8,109293.25,109580.01,504.99021,2025-09-26T03:59:59.999000+00:00,55280883.4232239,81469,193.72502,21206565.1213364
2025-09-26T04:00:00+00:00,109580.0,109625.94,109250.87,109338.01,315.34456,2025-09-26T04:59:59.999000+00:00,34506708.3104968,66762,138.66855,15171342.3616854
2025-09-26T05:00:00+00:00,109338.02,109579.99,109085.78,109252.79,371.75832,2025-09-26T05:59:59.999000+00:00,40642935.0841142,87025,177.44072,19397031.6704505
2025-09-26T06:00:00+00:00,109252.79,109624.16,109016.0,109360.0,592.34105,2025-09-26T06:59:59.999000+00:00,64787436.3497764,134966,306.49378,33521675.6185739
2025-09-26T07:00:00+00:00,109360.0,109593.49,108913.0,109320.02,1776.45411,2025-09-26T07:59:59.999000+00:00,193859131.1065156,186884,1105.18477,120575174.1531469
2025-09-26T08:00:00+00:00,109320.02,109607.5,109304.72,109567.2,575.78415,2025-09-26T08:59:59.999000+00:00,63042786.6775313,119413,223.3933,24457432.1136197
2025-09-26T09:00:00+00:00,109567.2,109690.98,109393.37,109568.72,441.33309,2025-09-26T09:59:59.999000+00:00,48347437.4972465,110140,173.22147,18975054.8074675
2025-09-26T10:00:00+00:00,109568.72,109568.72,108697.42,108895.0,735.10273,2025-09-26T10:59:59.999000+00:00,80128331.5113057,148897,249.85587,27236361.0795768
2025-09-26T11:00:00+00:00,108894.99,109200.0,108620.07,109133.5,923.24217,2025-09-26T11:59:59.999000+00:00,100461566.1837135,154334,344.71501,37521087.8609217
2025-09-26T12:00:00+00:00,109133.5,109579.0,108824.82,109372.68,863.36244,2025-09-26T12:59:59.999000+00:00,94286123.4549977,224444,436.58669,47685250.1640786
2025-09-26T13:00:00+00:00,109372.68,109779.73,109000.0,109669.73,991.99403,2025-09-26T13:59:59.999000+00:00,108614448.3869699,250611,584.14224,63967973.8170948
2025-09-26T14:00:00+00:00,109669.72,109779.73,108764.76,108836.0,900.4525,2025-09-26T14:59:59.999000+00:00,98239967.4308491,312487,386.12049,42136353.6479132
2025-09-26T15:00:00+00:00,108836.0,109358.5,108802.04,109027.78,486.11543,2025-09-26T15:59:59.999000+00:00,53029215.6554773,174209,238.29885,25992542.2152201
2025-09-26T16:00:00+00:00,109027.79,109618.0,109027.78,109460.01,291.37899,2025-09-26T16:59:59.999000+00:00,31866540.3352495,119138,160.2078,17518922.6954021
2025-09-26T17:00:00+00:00,109460.0,110000.0,109392.35,109899.99,627.01224,2025-09-26T17:59:59.999000+00:00,68830180.5622268,137014,356.79848,39165752.8771063
2025-09-26T18:00:00+00:00,109900.0,110300.0,109700.0,109727.99,571.22129,2025-09-26T18:59:59.999000+00:00,62842424.6565727,125229,301.02208,33118950.0161572
2025-09-26T19:00:00+00:00,109727.99,109727.99,109030.41,109172.2,603.81607,2025-09-26T19:59:59.999000+00:00,66027425.155596,162447,272.68719,29806834.6880472
2025-09-26T20:00:00+00:00,109172.21,109347.59,109087.57,109288.44,245.23004,2025-09-26T20:59:59.999000+00:00,26782190.036354,76085,140.76425,15373149.7376593
2025-09-26T21:00:00+00:00,109288.45,109530.0,109189.17,109469.07,210.90009,2025-09-26T21:59:59.999000+00:00,23065101.2496663,63369,106.78789,11679436.4419022
2025-09-26T22:00:00+00:00,109469.07,109607.38,109348.0,109558.25,183.31873,2025-09-26T22:59:59.999000+00:00,20074983.8178264,37151,92.39243,10116936.7840261
2025-09-26T23:00:00+00:00,109558.24,109687.69,109432.07,109643.46,213.65814,2025-09-26T23:59:59.999000+00:00,23418543.7920664,32467,130.83967,14342288.8909136
2025-09-27T00:00:00+00:00,109643.46,109660.88,109472.23,109649.29,268.55384,2025-09-27T00:59:59.999000+00:00,29425269.7233261,45635,104.71307,11472264.5929216
2025-09-27T01:00:00+00:00,109649.29,109657.45,109330.08,109431.92,230.21003,2025-09-27T01:59:59.999000+00:00,25202561.6759499,40694,77.67415,8503131.2932277
2025-09-27T02:00:00+00:00,109431.92,109482.64,109324.42,109408.18,280.63961,2025-09-27T02:59:59.999000+00:00,30704083.4543538,39867,186.96662,20455004.9288897
2025-09-27T03:00:00+00:00,109408.18,109743.91,109384.63,109553.77,262.25571,2025-09-27T03:59:59.999000+00:00,28739548.3604162,44139,141.33104,15486973.2590064
2025-09-27T04:00:00+00:00,109553.77,109742.27,109514.63,109654.99,248.07725,2025-09-27T04:59:59.999000+00:00,27191908.1587622,39017,130.85778,14341655.7562587
2025-09-27T05:00:00+00:00,109654.99,109684.29,109593.65,109635.72,128.97939,2025-09-27T05:59:59.999000+00:00,14141068.6343024,20563,67.00712,7346345.7575722
2025-09-27T06:00:00+00:00,109635.73,109635.73,109481.44,109541.36,241.06138,2025-09-27T06:59:59.999000+00:00,26405051.0724417,26026,105.00839,11501658.28639
2025-09-27T07:00:00+00:00,109541.36,109570.36,109332.02,109411.2,290.72314,2025-09-27T07:59:59.999000+00:00,31823582.9354771,33291,103.21115,11297780.6873658
2025-09-27T08:00:00+00:00,109411.19,109411.2,109252.0,109252.01,379.23249,2025-09-27T08:59:59.999000+00:00,41452720.0011159,53887,175.49522,19182454.9566118
2025-09-27T09:00:00+00:00,109252.01,109347.59,109064.4,109292.73,409.97831,2025-09-27T09:59:59.999000+00:00,44768382.0788167,51335,155.28918,16958689.6708954
2025-09-27T10:00:00+00:00,109292.74,109477.69,109256.07,109431.7,322.59239,2025-09-27T10:59:59.999000+00:00,35278044.4081068,56472,172.02201,18811813.1181768
2025-09-27T11:00:00+00:00,109431.71,109440.65,109280.0,109310.21,244.4871,2025-09-27T11:59:59.999000+00:00,26730503.0737235,32789,93.4004,10211414.7548079
2025-09-27T12:00:00+00:00,109310.22,109477.59,109227.14,109400.05,336.07633,2025-09-27T12:59:59.999000+00:00,36746257.5683361,50111,155.64029,17018184.5306601
2025-09-27T13:00:00+00:00,109400.06,109412.14,109299.64,109306.61,336.77227,2025-09-27T13:59:59.999000+00:00,36825559.6028026,39698,166.15414,18168885.0345266
2025-09-27T14:00:00+00:00,109306.61,109387.51,109255.9,109287.89,273.62629,2025-09-27T14:59:59.999000+00:00,29909817.5381171,32514,105.89621,11575817.5685389
2025-09-27T15:00:00+00:00,109287.89,109427.4,109193.0,109402.24,204.90854,2025-09-27T15:59:59.999000+00:00,22394142.3558389,55689,83.3486,9108749.3987233
2025-09-27T16:00:00+00:00,109402.25,109427.76,109308.0,109389.04,176.55452,2025-09-27T16:59:59.999000+00:00,19309853.8801178,49902,90.11815,9855618.1844926
2025-09-27T17:00:00+00:00,109389.05,109410.0,109243.89,109382.47,183.15972,2025-09-27T17:59:59.999000+00:00,20024506.1963279,55081,71.05353,7767910.721477
2025-09-27T18:00:00+00:00,109382.48,109434.99,109345.11,109434.96,154.7658,2025-09-27T18:59:59.999000+00:00,16931995.8067533,24575,47.67925,5215881.1304068
2025-09-27T19:00:00+00:00,109434.96,109440.0,109383.48,109424.2,76.33855,2025-09-27T19:59:59.999000+00:00,8353088.8154334,16138,26.07042,2852488.1923367
2025-09-27T20:00:00+00:00,109424.21,109435.0,109362.72,109390.0,60.18528,2025-09-27T20:59:59.999000+00:00,6583966.1813729,16410,22.83693,2498145.9284396
2025-09-27T21:00:00+00:00,109390.0,109483.55,109389.47,109474.99,119.69499,2025-09-27T21:59:59.999000+00:00,13097478.1662718,14672,83.27495,9112059.2360094
2025-09-27T22:00:00+00:00,109474.98,109699.98,109474.98,109605.62,175.35372,2025-09-27T22:59:59.999000+00:00,19218258.5752843,42503,113.94803,12487855.0820663
2025-09-27T23:00:00+00:00,109605.63,109683.16,109461.53,109635.85,97.55978,2025-09-27T23:59:59.999000+00:00,10689940.7336281,38586,44.26223,4849718.9243941
2025-09-28T00:00:00+00:00,109635.85,109787.75,109548.0,109607.81,283.02575,2025-09-28T00:59:59.999000+00:00,31032199.2083132,74899,138.22863,15154769.9338338
2025-09-28T01:00:00+00:00,109607.81,109654.85,109325.05,109353.67,221.5149,2025-09-28T01:59:59.999000+00:00,24253193.576593,80879,94.38436,10333408.6900928
2025-09-28T02:00:00+00:00,109353.68,109535.0,109353.67,109447.55,194.54739,2025-09-28T02:59:59.999000+00:00,21290082.5837857,43821,109.34294,11964837.295323
2025-09-28T03:00:00+00:00,109447.54,109535.0,109409.17,109436.0,123.06023,2025-09-28T03:59:59.999000+00:00,13469238.5014706,24279,70.32434,7697209.5892689
2025-09-28T04:00:00+00:00,109436.0,109486.1,109365.88,109365.9,99.29239,2025-09-28T04:59:59.999000+00:00,10863025.3974345,22153,52.35015,5727081.7739812
2025-09-28T05:00:00+00:00,109365.9,109398.0,109356.42,109356.43,124.07352,2025-09-28T05:59:59.999000+00:00,13569821.1840847,16723,73.31173,8017840.1849976
2025-09-28T06:00:00+00:00,109356.44,109455.97,109260.0,109410.0,167.02015,2025-09-28T06:59:59.999000+00:00,18267054.6130081,26118,82.07695,8976816.9433628
2025-09-28T07:00:00+00:00,109410.0,109537.8,109350.0,109513.06,178.6647,2025-09-28T07:59:59.999000+00:00,19557145.1028678,27362,86.57457,9476685.3743959
2025-09-28T08:00:00+00:00,109513.06,109585.39,109423.21,109509.91,216.27847,2025-09-28T08:59:59.999000+00:00,23686050.1800992,41374,101.91967,11160934.4645942
2025-09-28T09:00:00+00:00,109509.91,109559.89,109323.88,109519.42,209.63846,2025-09-28T09:59:59.999000+00:00,22949444.3977455,58225,100.67594,11021387.5879629
2025-09-28T10:00:00+00:00,109519.43,109519.43,109368.43,109368.44,143.70537,2025-09-28T10:59:59.999000+00:00,15724598.2662885,35830,68.64772,7510712.023757
2025-09-28T11:00:00+00:00,109368.43,109447.28,109250.0,109369.02,293.31231,2025-09-28T11:59:59.999000+00:00,32060196.2022003,47997,149.75046,16368668.4402127
2025-09-28T12:00:00+00:00,109369.02,109451.04,109189.99,109314.99,308.15163,2025-09-28T12:59:59.999000+00:00,33693656.484878,80500,133.10857,14554509.9619709
2025-09-28T13:00:00+00:00,109314.99,109668.98,109314.98,109639.0,332.00919,2025-09-28T13:59:59.999000+00:00,36361471.2533604,67724,112.3939,12308122.5127679
2025-09-28T14:00:00+00:00,109639.0,109888.0,109502.56,109850.01,370.11862,2025-09-28T14:59:59.999000+00:00,40598576.7884343,72120,153.63419,16856158.3244891
2025-09-28T15:00:00+00:00,109850.0,110037.93,109712.23,110037.93,338.92347,2025-09-28T15:59:59.999000+00:00,37245236.8623911,68532,156.83075,17237688.0690531
2025-09-28T16:00:00+00:00,110037.92,110393.63,110008.54,110222.02,516.23853,2025-09-28T16:59:59.999000+00:00,56882280.5067662,86547,248.14961,27343611.5937616
2025-09-28T17:00:00+00:00,110222.01,110377.05,110130.26,110203.52,374.79675,2025-09-28T17:59:59.999000+00:00,41327486.5243928,85746,205.72139,22683040.5111031
2025-09-28T18:00:00+00:00,110203.53,110293.56,110060.88,110293.56,140.49771,2025-09-28T18:59:59.999000+00:00,15479169.2588833,36167,61.84038,6813906.4263493
2025-09-28T19:00:00+00:00,110293.56,110388.46,110119.71,110337.6,184.24395,2025-09-28T19:59:59.999000+00:00,20321288.8701972,33049,97.00522,10699907.7328884
2025-09-28T20:00:00+00:00,110337.61,110945.0,110294.78,110803.8,510.0654,2025-09-28T20:59:59.999000+00:00,56475071.3796461,73843,301.81571,33411750.1339262
2025-09-28T21:00:00+00:00,110803.8,110896.33,110640.81,110833.99,275.55071,2025-09-28T21:59:59.999000+00:00,30524908.887108,34606,137.08192,15185287.6294813
2025-09-28T22:00:00+00:00,110833.99,112014.0,110833.99,111938.51,1130.21918,2025-09-28T22:59:59.999000+00:00,126085910.2830915,190927,611.56271,68195762.2356036
2025-09-28T23:00:00+00:00,111938.51,112350.0,111938.51,112163.95,807.38282,2025-09-28T23:59:59.999000+00:00,90537838.0072953,155445,435.14425,48795659.7361727
2025-09-29T00:00:00+00:00,112163.96,112309.98,111985.0,112260.57,716.5866,2025-09-29T00:59:59.999000+00:00,80360974.6775537,118701,370.85037,41592343.8427263
2025-09-29T01:00:00+00:00,112260.57,112310.0,111721.79,111855.3,649.21896,2025-09-29T01:59:59.999000+00:00,72722487.5624679,127933,246.44682,27614497.2545721
2025-09-29T02:00:00+00:00,111855.3,112022.27,111632.72,111750.02,621.54504,2025-09-29T02:59:59.999000+00:00,69488405.5887079,122847,268.32164,29999481.4806538
2025-09-29T03:00:00+00:00,111750.02,111857.51,111588.07,111857.51,310.12302,2025-09-29T03:59:59.999000+00:00,34642670.1962474,72579,163.37077,18250320.0598889
2025-09-29T04:00:00+00:00,111857.51,111904.34,111750.0,111812.0,278.79762,2025-09-29T04:59:59.999000+00:00,31179410.7919389,62645,121.21556,13556729.9533589
2025-09-29T05:00:00+00:00,111812.01,111812.01,111575.38,111753.34,348.73721,2025-09-29T05:59:59.999000+00:00,38944552.5537265,65765,146.71395,16383697.5757174
2025-09-29T06:00:00+00:00,111753.34,111850.0,111624.0,111632.83,334.53443,2025-09-29T06:59:59.999000+00:00,37381242.4628273,74770,145.97554,16310373.4419686
2025-09-29T07:00:00+00:00,111632.83,111865.96,111560.65,111865.95,869.2909,2025-09-29T07:59:59.999000+00:00,97087252.8191468,96319,590.35903,65929655.4903252
2025-09-29T08:00:00+00:00,111865.96,112421.99,111865.95,112099.75,787.97678,2025-09-29T08:59:59.999000+00:00,88351130.6883079,116224,492.64472,55233781.2205858
2025-09-29T09:00:00+00:00,112099.74,112219.0,111988.13,112110.9,460.23123,2025-09-29T09:59:59.999000+00:00,51596365.9014981,73585,216.35063,24254380.3057363
2025-09-29T10:00:00+00:00,112110.9,112225.0,112012.73,112090.18,476.12298,2025-09-29T10:59:59.999000+00:00,53371908.8562128,61031,152.58452,17107366.285231
2025-09-29T11:00:00+00:00,112090.19,112112.86,111923.13,112100.0,401.91096,2025-09-29T11:59:59.999000+00:00,45023424.4092072,74144,215.4968,24140532.3669745
2025-09-29T12:00:00+00:00,112100.0,112515.0,111940.0,112022.16,744.63691,2025-09-29T12:59:59.999000+00:00,83558084.8547401,104826,418.05108,46915425.3263774
2025-09-29T13:00:00+00:00,112022.0,113490.0,111901.26,113227.29,1670.66371,2025-09-29T13:59:59.999000+00:00,188528854.8225499,287933,1029.88122,116240825.6076486
2025-09-29T14:00:00+00:00,113227.29,114231.56,113220.21,114033.53,1791.07159,2025-09-29T14:59:59.999000+00:00,203838443.3583698,254200,851.47527,96909549.0127681
2025-09-29T15:00:00+00:00,114033.54,114127.13,113686.06,113815.57,858.42631,2025-09-29T15:59:59.999000+00:00,97790910.146178,142381,364.36849,41508204.7664325
2025-09-29T16:00:00+00:00,113815.57,114053.0,113600.0,113626.15,728.01207,2025-09-29T16:59:59.999000+00:00,82888407.5717341,77427,293.78552,33456840.0561164
2025-09-29T17:00:00+00:00,113626.15,114151.0,113449.74,114043.91,843.56729,2025-09-29T17:59:59.999000+00:00,95976164.9523847,100003,381.99941,43474258.9726895
2025-09-29T18:00:00+00:00,114043.92,114137.73,113867.02,114008.79,396.89151,2025-09-29T18:59:59.999000+00:00,45239648.5654859,67304,171.5132,19549791.9706158
2025-09-29T19:00:00+00:00,114008.78,114390.93,113848.63,114265.55,747.93438,2025-09-29T19:59:59.999000+00:00,85379189.8591843,109783,380.63907,43453933.2428938
2025-09-29T20:00:00+00:00,114265.56,114400.0,114122.12,114258.29,497.44944,2025-09-29T20:59:59.999000+00:00,56861616.7857482,87204,272.87024,31192263.6228193
2025-09-29T21:00:00+00:00,114258.29,114329.8,114095.36,114176.73,218.26557,2025-09-29T21:59:59.999000+00:00,24928851.5225501,38016,84.3897,9637999.4427695
2025-09-29T22:00:00+00:00,114176.72,114216.41,114020.0,114189.81,443.81221,2025-09-29T22:59:59.999000+00:00,50643570.2507602,49412,274.70179,31345289.7239341
2025-09-29T23:00:00+00:00,114189.8,114395.92,114189.8,114311.96,345.31333,2025-09-29T23:59:59.999000+00:00,39464066.6736083,57621,182.68234,20877446.5459492
2025-09-30T00:00:00+00:00,114311.97,114758.0,114040.35,114525.97,953.85322,2025-09-30T00:59:59.999000+00:00,109113615.791209,138255,486.06472,55614487.4895574
2025-09-30T01:00:00+00:00,114525.97,114792.0,114255.38,114500.31,766.2566,2025-09-30T01:59:59.999000+00:00,87732233.7181448,148309,308.71565,35361758.5603566
2025-09-30T02:00:00+00:00,114500.32,114583.19,114360.0,114455.96,385.99253,2025-09-30T02:59:59.999000+00:00,44185465.1278323,93132,170.55303,19524196.2930732
2025-09-30T03:00:00+00:00,114455.96,114514.5,114303.06,114376.39,388.27883,2025-09-30T03:59:59.999000+00:00,44410900.2306327,64531,157.35764,17999277.3702328
2025-09-30T04:00:00+00:00,114376.39,114376.4,114091.62,114091.63,355.43204,2025-09-30T04:59:59.999000+00:00,40598976.1697289,70600,128.38477,14663814.3379035
2025-09-30T05:00:00+00:00,114091.63,114205.17,113827.24,113904.0,698.31455,2025-09-30T05:59:59.999000+00:00,79595171.300194,103429,249.32436,28425032.7664495
2025-09-30T06:00:00+00:00,113904.0,114084.22,113838.41,113891.64,527.62041,2025-09-30T06:59:59.999000+00:00,60113645.6062512,72853,222.31428,25330466.4752238
2025-09-30T07:00:00+00:00,113891.64,113994.61,113585.0,113699.23,745.45417,2025-09-30T07:59:59.999000+00:00,84808256.0939466,87252,347.8581,39572622.9455428
2025-09-30T08:00:00+00:00,113699.24,113741.37,113350.35,113451.89,653.46315,2025-09-30T08:59:59.999000+00:00,74203391.9210147,105671,331.53616,37647096.4674386
2025-09-30T09:00:00+00:00,113451.89,113451.89,112731.41,112781.97,995.05591,2025-09-30T09:59:59.999000+00:00,112534196.9641622,144116,440.69114,49827993.6799067
2025-09-30T10:00:00+00:00,112781.97,113085.23,112656.27,112923.49,721.99583,2025-09-30T10:59:59.999000+00:00,81491748.2246925,135266,448.16923,50585364.6795625
2025-09-30T11:00:00+00:00,112923.5,113135.44,112810.62,113055.01,498.77683,2025-09-30T11:59:59.999000+00:00,56340949.2395193,77254,313.92861,35458896.2741711
2025-09-30T12:00:00+00:00,113055.0,113255.99,112990.75,113002.06,347.5946,2025-09-30T12:59:59.999000+00:00,39315917.1001701,83222,163.61939,18508801.6168138
2025-09-30T13:00:00+00:00,113002.06,113677.23,112866.11,113404.53,823.64679,2025-09-30T13:59:59.999000+00:00,93302347.1626907,237538,451.91416,51190048.8438109
2025-09-30T14:00:00+00:00,113404.53,113630.13,112900.0,113595.05,910.17644,2025-09-30T14:59:59.999000+00:00,103057049.6393775,327526,422.34852,47827711.5887813
2025-09-30T15:00:00+00:00,113595.04,113598.27,112919.95,113106.16,758.86878,2025-09-30T15:59:59.999000+00:00,85865428.0857372,230508,262.42709,29692069.1604504
2025-09-30T16:00:00+00:00,113106.15,113279.92,112800.0,112841.24,386.78887,2025-09-30T16:59:59.999000+00:00,43717317.0409259,135272,176.99977,20003829.4128861
2025-09-30T17:00:00+00:00,112841.23,113503.99,112813.82,113246.11,745.57241,2025-09-30T17:59:59.999000+00:00,84452813.2253544,149805,294.34133,33326795.8557108
2025-09-30T18:00:00+00:00,113246.12,113714.56,113177.37,113714.56,431.8583,2025-09-30T18:59:59.999000+00:00,48989147.2758109,78515,251.73269,28558298.2788969
2025-09-30T19:00:00+00:00,113714.55,114563.46,113702.01,114359.99,971.66803,2025-09-30T19:59:59.999000+00:00,110869977.5728852,148572,564.02271,64362210.4928821
2025-09-30T20:00:00+00:00,114359.99,114723.57,114110.09,114626.36,710.64838,2025-09-30T20:59:59.999000+00:00,81282781.1396782,122130,406.44032,46483011.6854555
2025-09-30T21:00:00+00:00,114626.36,114754.87,114136.5,114161.0,649.46746,2025-09-30T21:59:59.999000+00:00,74347900.9351215,133346,322.11417,36889634.5262431
2025-09-30T22:00:00+00:00,114161.0,114356.98,113883.01,113940.39,348.9346,2025-09-30T22:59:59.999000+00:00,39808902.6371059,75347,119.76323,13661959.5586426
2025-09-30T23:00:00+00:00,113940.4,114048.94,113765.42,114048.93,268.4376,2025-09-30T23:59:59.999000+00:00,30575134.9279098,55882,145.10047,16529082.9101895
2025-10-01T00:00:00+00:00,114048.94,114308.0,113966.67,114239.53,434.59016,2025-10-01T00:59:59.999000+00:00,49594240.0731943,99955,212.22147,24221831.4935784
2025-10-01T01:00:00+00:00,114239.53,114550.0,114142.99,114549.99,597.2536,2025-10-01T01:59:59.999000+00:00,68303620.3235774,99376,294.96149,33731936.2821483
2025-10-01T02:00:00+00:00,114549.99,114551.76,114272.15,114272.15,508.42422,2025-10-01T02:59:59.999000+00:00,58162291.0893912,73546,191.12336,21860317.1831524
2025-10-01T03:00:00+00:00,114272.16,114530.48,114096.58,114176.92,502.30318,2025-10-01T03:59:59.999000+00:00,57439454.5630595,92312,275.05086,31458941.3444337
2025-10-01T04:00:00+00:00,114176.93,114700.0,114151.0,114289.01,597.89328,2025-10-01T04:59:59.999000+00:00,68450188.1540999,131642,224.52653,25702764.3466101
2025-10-01T05:00:00+00:00,114289.02,114740.0,114265.63,114569.84,559.75519,2025-10-01T05:59:59.999000+00:00,64124659.6933922,97807,309.91606,35498782.7837089
2025-10-01T06:00:00+00:00,114569.84,114624.3,114224.88,114256.81,392.52281,2025-10-01T06:59:59.999000+00:00,44916642.8083633,124337,130.4282,14926315.7113833
2025-10-01T07:00:00+00:00,114256.82,114584.35,114236.59,114539.02,446.26236,2025-10-01T07:59:59.999000+00:00,51092849.860114,99995,140.95025,16134907.1898181
2025-10-01T08:00:00+00:00,114539.02,116591.8,114484.43,116111.28,2944.06599,2025-10-01T08:59:59.999000+00:00,340128147.0721095,358625,1806.35109,208592404.9117631
2025-10-01T09:00:00+00:00,116111.27,116529.93,115950.0,116412.1,1081.73774,2025-10-01T09:59:59.999000+00:00,125799851.5975721,176966,509.76557,59285557.4491767
2025-10-01T10:00:00+00:00,116412.1,116551.0,116203.5,116281.64,549.64831,2025-10-01T10:59:59.999000+00:00,63947805.5689203,100428,271.02962,31534325.0144363
2025-10-01T11:00:00+00:00,116281.64,116795.85,116269.0,116789.58,642.47832,2025-10-01T11:59:59.999000+00:00,74876107.0517808,94315,382.28054,44568375.2636881
2025-10-01T12:00:00+00:00,116789.57,116887.0,116363.38,116402.65,645.19981,2025-10-01T12:59:59.999000+00:00,75238003.7814478,145821,265.44262,30962363.1643608
2025-10-01T13:00:00+00:00,116402.65,116843.73,116399.5,116806.96,1233.59755,2025-10-01T13:59:59.999000+00:00,143777721.5122387,215173,593.43166,69164484.5760123
2025-10-01T14:00:00+00:00,116806.96,117441.26,116704.74,117292.74,1631.53193,2025-10-01T14:59:59.999000+00:00,191156186.9745912,320890,788.57212,92377691.8096307
2025-10-01T15:00:00+00:00,117292.73,117649.99,117091.84,117423.73,1008.01671,2025-10-01T15:59:59.999000+00:00,118324059.3140633,168084,542.78292,63719039.2974565
2025-10-01T16:00:00+00:00,117423.73,118199.0,117319.04,117535.79,1840.40868,2025-10-01T16:59:59.999000+00:00,216862234.5104254,225459,919.74777,108382872.0052607
2025-10-01T17:00:00+00:00,117535.79,117681.27,116724.56,116768.07,962.36022,2025-10-01T17:59:59.999000+00:00,112811627.6204674,170124,349.88154,41003614.3062416
2025-10-01T18:00:00+00:00,116768.08,117339.09,116768.07,117234.01,528.26692,2025-10-01T18:59:59.999000+00:00,61823115.9523376,100328,316.67623,37060617.5290989
2025-10-01T19:00:00+00:00,117234.01,117623.59,117214.8,117439.53,483.28734,2025-10-01T19:59:59.999000+00:00,56758911.8500984,87751,236.78402,27805931.3679775
2025-10-01T20:00:00+00:00,117439.53,117542.24,117163.25,117536.12,412.83403,2025-10-01T20:59:59.999000+00:00,48447082.8962655,66881,175.6081,20610192.2721708
2025-10-01T21:00:00+00:00,117536.13,117579.43,117339.54,117554.96,278.91184,2025-10-01T21:59:59.999000+00:00,32763168.0821829,55115,119.03889,13982081.9478782
2025-10-01T22:00:00+00:00,117554.95,118080.0,117554.95,117745.39,593.82096,2025-10-01T22:59:59.999000+00:00,69964906.4765099,117078,326.75275,38501183.1881171
2025-10-01T23:00:00+00:00,117745.39,118649.1,117686.28,118594.99,1161.22401,2025-10-01T23:59:59.999000+00:00,137334104.4397309,208335,687.71726,81336126.9684149
2025-10-02T00:00:00+00:00,118594.99,119456.92,118397.32,118428.46,2212.72285,2025-10-02T00:59:59.999000+00:00,263209563.0859899,338029,1145.07159,136221654.5355698
2025-10-02T01:00:00+00:00,118428.46,118894.12,118368.05,118617.37,734.6179,2025-10-02T01:59:59.999000+00:00,87155016.7299829,157111,366.96545,43538705.7880955
2025-10-02T02:00:00+00:00,118617.37,118784.87,118483.39,118753.73,644.14993,2025-10-02T02:59:59.999000+00:00,76423180.9259479,137115,332.58587,39462808.32082
2025-10-02T03:00:00+00:00,118753.73,119058.82,118688.61,118733.99,595.85707,2025-10-02T03:59:59.999000+00:00,70840036.3724579,104397,347.91049,41365392.0956677
2025-10-02T04:00:00+00:00,118733.99,118930.29,118432.64,118662.04,410.46135,2025-10-02T04:59:59.999000+00:00,48707810.8174789,86534,166.60753,19771752.8062547
2025-10-02T05:00:00+00:00,118662.04,118677.32,118279.31,118377.34,484.81157,2025-10-02T05:59:59.999000+00:00,57448377.1507893,97408,162.26528,19227748.9898134
2025-10-02T06:00:00+00:00,118377.34,118672.34,118295.87,118649.06,380.89847,2025-10-02T06:59:59.999000+00:00,45142658.001752,75710,169.98017,20146688.2450174
2025-10-02T07:00:00+00:00,118649.07,118678.98,118424.0,118489.76,496.19299,2025-10-02T07:59:59.999000+00:00,58808332.0458268,88058,167.03114,19796820.6142622
2025-10-02T08:00:00+00:00,118489.76,118680.0,118354.61,118668.89,309.01675,2025-10-02T08:59:59.999000+00:00,36633548.2169218,63765,131.00564,15530113.4814006
2025-10-02T09:00:00+00:00,118668.89,118850.0,118567.0,118849.99,343.02582,2025-10-02T09:59:59.999000+00:00,40708995.2536833,54474,195.14889,23160915.9370793
2025-10-02T10:00:00+00:00,118849.99,118926.49,118567.85,118619.56,393.64914,2025-10-02T10:59:59.999000+00:00,46733673.1058153,73140,173.11017,20551158.9871158
2025-10-02T11:00:00+00:00,118619.55,118900.01,118537.1,118765.73,414.31674,2025-10-02T11:59:59.999000+00:00,49187455.4976432,72885,248.3451,29483928.9709541
2025-10-02T12:00:00+00:00,118765.72,119402.43,118742.91,119402.42,924.16679,2025-10-02T12:59:59.999000+00:00,110103601.7687897,138808,559.19876,66614730.0982598
2025-10-02T13:00:00+00:00,119402.43,119761.36,118933.25,119621.2,1531.32643,2025-10-02T13:59:59.999000+00:00,182884840.7278462,285245,864.55454,103250923.6226556
2025-10-02T14:00:00+00:00,119621.19,119788.0,118642.2,118814.09,1237.9215,2025-10-02T14:59:59.999000+00:00,147646384.0266243,285728,598.90296,71445238.854206
2025-10-02T15:00:00+00:00,118814.09,119910.79,118516.39,119910.78,1405.75154,2025-10-02T15:59:59.999000+00:00,167792583.3826131,257793,814.02142,97185966.4691713
2025-10-02T16:00:00+00:00,119910.78,120300.0,119607.82,119731.4,1570.77716,2025-10-02T16:59:59.999000+00:00,188502265.5234169,254004,854.23489,102525529.3397717
2025-10-02T17:00:00+00:00,119731.4,119956.84,119359.63,119917.52,625.48952,2025-10-02T17:59:59.999000+00:00,74812103.5031814,153779,284.93077,34082713.5373107
2025-10-02T18:00:00+00:00,119917.52,120663.96,119907.01,120506.61,1340.0858,2025-10-02T18:59:59.999000+00:00,161080934.6767098,180632,673.25939,80934995.3196567
2025-10-02T19:00:00+00:00,120506.6,121022.07,120439.97,120836.49,1332.75893,2025-10-02T19:59:59.999000+00:00,161017170.0424305,191760,645.14392,77943559.0082797
2025-10-02T20:00:00+00:00,120836.49,120914.0,120306.02,120652.01,833.01817,2025-10-02T20:59:59.999000+00:00,100490916.9493622,124736,320.60327,38667035.1201108
2025-10-02T21:00:00+00:00,120652.01,120774.97,120141.72,120150.1,546.60875,2025-10-02T21:59:59.999000+00:00,65815115.6502419,81728,172.43795,20771090.4964702
2025-10-02T22:00:00+00:00,120150.1,120412.24,120072.46,120257.49,379.08266,2025-10-02T22:59:59.999000+00:00,45582738.5806376,73511,130.06128,15640089.8929712
2025-10-02T23:00:00+00:00,120257.49,120680.35,120251.81,120529.35,524.1272,2025-10-02T23:59:59.999000+00:00,63133825.3084377,95723,229.70201,27666863.4588933
2025-10-03T00:00:00+00:00,120529.35,120550.9,120079.0,120132.8,776.43359,2025-10-03T00:59:59.999000+00:00,93411749.667273,117829,235.53291,28328525.9559279
2025-10-03T01:00:00+00:00,120132.8,120293.68,119820.0,119875.72,537.61051,2025-10-03T01:59:59.999000+00:00,64556502.0949762,130525,157.59282,18924175.5569324
2025-10-03T02:00:00+00:00,119875.72,120269.11,119866.18,120157.82,451.19476,2025-10-03T02:59:59.999000+00:00,54171471.9355411,90548,207.60174,24925424.139602
2025-10-03T03:00:00+00:00,120157.82,120472.12,120157.82,120225.89,503.41637,2025-10-03T03:59:59.999000+00:00,60571180.5817731,86653,252.84687,30423037.7927906
2025-10-03T04:00:00+00:00,120225.88,120324.53,120000.4,120039.98,289.32576,2025-10-03T04:59:59.999000+00:00,34762202.1327538,64211,136.15612,16360256.2176617
2025-10-03T05:00:00+00:00,120039.98,120065.41,119746.81,119920.4,454.732,2025-10-03T05:59:59.999000+00:00,54528061.0240253,82848,187.21221,22446635.8845704
2025-10-03T06:00:00+00:00,119920.41,120075.62,119765.99,119916.93,356.16347,2025-10-03T06:59:59.999000+00:00,42716909.4805103,76569,148.24432,17779612.2396983
2025-10-03T07:00:00+00:00,119916.94,120011.05,119610.59,119640.21,1193.694,2025-10-03T07:59:59.999000+00:00,142933832.5750492,95798,292.30536,35010444.3980378
2025-10-03T08:00:00+00:00,119640.22,120072.59,119248.3,120038.6,1368.04834,2025-10-03T08:59:59.999000+00:00,163800794.5600482,149531,510.40099,61104728.9444489
2025-10-03T09:00:00+00:00,120038.6,120365.35,120008.6,120300.0,1073.47178,2025-10-03T09:59:59.999000+00:00,128986480.3090569,105325,459.35977,55201542.191835
2025-10-03T10:00:00+00:00,120300.01,120515.89,120271.18,120425.95,575.58075,2025-10-03T10:59:59.999000+00:00,69309431.5751762,78933,283.26123,34106362.7111989
2025-10-03T11:00:00+00:00,120425.95,120471.0,120130.76,120334.5,450.30439,2025-10-03T11:59:59.999000+00:00,54175762.3412958,95114,194.37334,23385423.4540827
2025-10-03T12:00:00+00:00,120334.51,120400.0,120102.18,120358.07,423.63897,2025-10-03T12:59:59.999000+00:00,50960278.7215206,110568,184.18624,22157759.6994434
2025-10-03T13:00:00+00:00,120358.07,120691.44,120113.0,120374.73,795.86923,2025-10-03T13:59:59.999000+00:00,95822690.7693454,260937,394.68657,47526086.4705915
2025-10-03T14:00:00+00:00,120374.72,120975.0,119881.24,120917.85,1151.84039,2025-10-03T14:59:59.999000+00:00,138770934.2293903,309227,679.72637,81907792.167183
2025-10-03T15:00:00+00:00,120917.1,122366.0,120641.27,122258.05,2558.07247,2025-10-03T15:59:59.999000+00:00,310977326.7441808,394205,1476.05678,179445204.1497775
2025-10-03T16:00:00+00:00,122258.04,123894.99,122258.04,122553.3,4679.2754,2025-10-03T16:59:59.999000+00:00,576419065.4617558,565147,2618.72132,322540009.5437963
2025-10-03T17:00:00+00:00,122553.3,123113.97,121603.42,122073.25,2932.08887,2025-10-03T17:59:59.999000+00:00,358695552.0181507,595755,1361.58609,166600276.2900445
2025-10-03T18:00:00+00:00,122073.26,122732.12,121466.25,122538.46,1175.09154,2025-10-03T18:59:59.999000+00:00,143601857.6741694,303631,505.78128,61817453.6498436
2025-10-03T19:00:00+00:00,122538.46,122961.63,122355.08,122660.99,661.21371,2025-10-03T19:59:59.999000+00:00,81116859.5002824,183399,282.90788,34705137.4649309
2025-10-03T20:00:00+00:00,122661.0,122734.92,122037.43,122447.94,617.65815,2025-10-03T20:59:59.999000+00:00,75567800.943592,145618,337.23552,41257061.8039852
2025-10-03T21:00:00+00:00,122447.94,122452.1,121999.33,122306.57,392.75542,2025-10-03T21:59:59.999000+00:00,48023803.841057,86316,148.17863,18117574.5662346
2025-10-03T22:00:00+00:00,122306.57,122665.0,122306.56,122477.0,227.9953,2025-10-03T22:59:59.999000+00:00,27928394.7815932,54596,117.75898,14423229.7395834
2025-10-03T23:00:00+00:00,122477.0,122477.0,122180.79,122232.0,290.85283,2025-10-03T23:59:59.999000+00:00,35572133.7188021,63537,116.91021,14298852.5814209
2025-10-04T00:00:00+00:00,122232.21,122295.56,121982.23,122100.0,444.36212,2025-10-04T00:59:59.999000+00:00,54273040.7951836,105173,201.01455,24551136.1953556
2025-10-04T01:00:00+00:00,122100.0,122103.24,121698.8,121865.21,486.29697,2025-10-04T01:59:59.999000+00:00,59291758.1859468,114841,197.9986,24142528.5634974
2025-10-04T02:00:00+00:00,121865.22,122030.0,121684.97,121854.53,443.51459,2025-10-04T02:59:59.999000+00:00,54037408.4981004,123542,191.43267,23327415.6243362
2025-10-04T03:00:00+00:00,121854.53,122325.6,121829.54,122243.99,356.40352,2025-10-04T03:59:59.999000+00:00,43497756.4750818,81314,226.06371,27592346.1511311
2025-10-04T04:00:00+00:00,122243.99,122522.0,122219.3,122495.0,315.41672,2025-10-04T04:59:59.999000+00:00,38596142.8867179,75622,184.34145,22555637.0443545
2025-10-04T05:00:00+00:00,122495.01,122800.0,122405.64,122522.7,588.87932,2025-10-04T05:59:59.999000+00:00,72191075.3441281,105076,278.75469,34177934.9619241
2025-10-04T06:00:00+00:00,122522.7,122606.86,122373.9,122430.27,358.53969,2025-10-04T06:59:59.999000+00:00,43922939.3377205,68630,161.98367,19844962.8690814
2025-10-04T07:00:00+00:00,122430.27,122455.0,122259.98,122324.08,253.33958,2025-10-04T07:59:59.999000+00:00,30996874.9741413,49353,85.84025,10501412.4684007
2025-10-04T08:00:00+00:00,122324.08,122539.83,122197.63,122267.57,499.0421,2025-10-04T08:59:59.999000+00:00,61080642.4839049,71556,252.62123,30919903.3973353
2025-10-04T09:00:00+00:00,122267.58,122457.17,122186.03,122208.78,244.01487,2025-10-04T09:59:59.999000+00:00,29848474.554387,44968,116.53355,14254524.5525519
2025-10-04T10:00:00+00:00,122208.79,122331.01,122099.69,122129.53,208.78248,2025-10-04T10:59:59.999000+00:00,25518012.3841523,37407,103.78312,12686488.8303437
2025-10-04T11:00:00+00:00,122129.53,122215.97,121962.81,121973.26,316.89688,2025-10-04T11:59:59.999000+00:00,38686714.1102578,65870,150.39253,18362756.8448197
2025-10-04T12:00:00+00:00,121973.26,122103.0,121945.0,122005.62,214.19564,2025-10-04T12:59:59.999000+00:00,26136928.9258282,51556,103.91018,12679997.7304434
2025-10-04T13:00:00+00:00,122005.62,122509.52,122005.62,122385.42,319.16828,2025-10-04T13:59:59.999000+00:00,39049564.8466424,83193,174.60453,21358285.2337257
2025-10-04T14:00:00+00:00,122385.42,122459.98,122000.0,122000.01,229.86148,2025-10-04T14:59:59.999000+00:00,28103475.1213277,71601,80.67429,9865227.0105944
2025-10-04T15:00:00+00:00,122000.01,122144.28,121698.88,121791.31,700.83126,2025-10-04T15:59:59.999000+00:00,85396216.6093957,155457,264.52537,32233140.1695205
2025-10-04T16:00:00+00:00,121791.31,121964.95,121595.67,121719.99,652.05349,2025-10-04T16:59:59.999000+00:00,79381282.361719,109892,279.64241,34047616.879
2025-10-04T17:00:00+00:00,121720.0,121910.24,121660.57,121747.37,289.33463,2025-10-04T17:59:59.999000+00:00,35234400.4410601,50594,114.51172,13944135.9489609
2025-10-04T18:00:00+00:00,121747.36,121829.69,121510.0,121574.66,288.12119,2025-10-04T18:59:59.999000+00:00,35058149.2374282,44529,80.73021,9822878.2833121
2025-10-04T19:00:00+00:00,121574.66,121959.25,121574.65,121959.25,213.72533,2025-10-04T19:59:59.999000+00:00,26034614.2813415,40113,140.55064,17120446.7235711
2025-10-04T20:00:00+00:00,121959.25,122079.65,121891.49,121892.89,211.24587,2025-10-04T20:59:59.999000+00:00,25769077.9571783,46708,87.79791,10710718.1952114
2025-10-04T21:00:00+00:00,121892.89,122347.55,121871.01,122190.67,282.5404,2025-10-04T21:59:59.999000+00:00,34511785.6472784,45529,147.30316,17993914.5555923
2025-10-04T22:00:00+00:00,122190.67,122365.14,122139.98,122287.19,158.14137,2025-10-04T22:59:59.999000+00:00,19333576.3581879,35147,73.04503,8930296.9895476
2025-10-04T23:00:00+00:00,122287.19,122410.0,122214.0,122391.0,133.459,2025-10-04T23:59:59.999000+00:00,16322991.5275374,25919,69.74788,8530727.9010509
2025-10-05T00:00:00+00:00,122390.99,122410.0,122157.7,122157.7,191.66559,2025-10-05T00:59:59.999000+00:00,23436580.7528797,41159,68.90044,8426802.1614697
2025-10-05T01:00:00+00:00,122157.71,122410.0,122136.0,122377.72,308.73428,2025-10-05T01:59:59.999000+00:00,37748391.1545281,43611,225.76748,27602348.8827986
2025-10-05T02:00:00+00:00,122377.71,124362.28,122342.0,124031.44,2633.63494,2025-10-05T02:59:59.999000+00:00,325619944.1175377,343749,1613.12779,199388288.8860205
2025-10-05T03:00:00+00:00,124031.44,124173.0,123344.98,123776.22,1077.99134,2025-10-05T03:59:59.999000+00:00,133529278.4649877,262980,556.75403,68961879.5795278
2025-10-05T04:00:00+00:00,123776.23,125708.42,123734.0,125172.81,3667.071773,2025-10-05T04:59:59.999000+00:00,458487142.560953,430934,2237.697863,279723615.913922
2025-10-05T05:00:00+00:00,125172.81,125437.91,124876.72,125127.99,1956.24996,2025-10-05T05:59:59.999000+00:00,244877274.6223412,289444,1142.97222,143095528.8082413
2025-10-05T06:00:00+00:00,125127.99,125225.54,124805.34,125000.01,821.20016,2025-10-05T06:59:59.999000+00:00,102661600.7937327,138492,331.53009,41446933.1794559
2025-10-05T07:00:00+00:00,125000.01,125164.26,124622.6,124713.63,898.02731,2025-10-05T07:59:59.999000+00:00,112169565.5959751,140314,310.85098,38827169.0638916
2025-10-05T08:00:00+00:00,124713.63,124838.37,124558.0,124595.99,532.28794,2025-10-05T08:59:59.999000+00:00,66372011.3760248,98005,195.07579,24326515.324934
2025-10-05T09:00:00+00:00,124596.0,124665.37,122789.35,123020.5,2214.92936,2025-10-05T09:59:59.999000+00:00,273589930.5682838,325808,1015.01737,125309781.4471564
2025-10-05T10:00:00+00:00,123020.51,123130.0,122520.24,123028.01,993.89021,2025-10-05T10:59:59.999000+00:00,122120135.3320786,220016,502.56191,61756268.1426279
2025-10-05T11:00:00+00:00,123028.01,123538.46,122850.0,123464.64,714.20213,2025-10-05T11:59:59.999000+00:00,87994590.2511345,154651,392.50973,48367270.9449691
2025-10-05T12:00:00+00:00,123464.64,123464.65,122927.17,123085.88,573.79261,2025-10-05T12:59:59.999000+00:00,70652881.8334012,119707,278.16766,34253774.171776
2025-10-05T13:00:00+00:00,123085.89,123358.83,123070.46,123161.39,684.83212,2025-10-05T13:59:59.999000+00:00,84394011.2218196,76483,405.62032,49990350.7467127
2025-10-05T14:00:00+00:00,123161.4,123339.42,122770.32,123034.67,553.48643,2025-10-05T14:59:59.999000+00:00,68111864.7415924,90462,273.45444,33651434.9333383
2025-10-05T15:00:00+00:00,123034.67,123034.67,122675.0,122803.17,420.97888,2025-10-05T15:59:59.999000+00:00,51714211.267758,75527,175.59194,21567871.2636935
2025-10-05T16:00:00+00:00,122803.17,123348.45,122301.63,123265.54,1014.58046,2025-10-05T16:59:59.999000+00:00,124603967.5177286,151095,545.31877,66985592.9153486
2025-10-05T17:00:00+00:00,123265.55,123464.0,122890.38,123057.05,390.32827,2025-10-05T17:59:59.999000+00:00,48094655.4635003,119637,149.94684,18478304.398729
2025-10-05T18:00:00+00:00,123057.05,123220.3,122856.05,122999.44,586.52026,2025-10-05T18:59:59.999000+00:00,72176577.4316762,97463,423.18989,52085805.9527202
2025-10-05T19:00:00+00:00,122999.44,123026.0,122500.0,122591.79,394.73151,2025-10-05T19:59:59.999000+00:00,48452014.1943386,132190,143.77922,17648001.8063153
2025-10-05T20:00:00+00:00,122591.8,123055.05,122473.62,122705.32,347.70826,2025-10-05T20:59:59.999000+00:00,42696264.7695621,96042,194.55228,23891414.5424039
2025-10-05T21:00:00+00:00,122705.31,122801.44,122489.85,122729.99,239.86372,2025-10-05T21:59:59.999000+00:00,29418203.5383806,64705,111.52907,13678911.146414
2025-10-05T22:00:00+00:00,122730.0,123278.76,122730.0,123237.4,329.01936,2025-10-05T22:59:59.999000+00:00,40494160.1388637,104975,208.81701,25699993.6216579
2025-10-05T23:00:00+00:00,123237.4,123548.83,123219.62,123482.31,497.37068,2025-10-05T23:59:59.999000+00:00,61402213.2304858,73221,277.93927,34314543.0768721
2025-10-06T00:00:00+00:00,123482.32,124358.46,123084.0,123347.29,1305.09536,2025-10-06T00:59:59.999000+00:00,161392189.4693081,337190,677.20293,83759624.5400862
2025-10-06T01:00:00+00:00,123347.29,124239.7,123192.01,124035.32,720.59287,2025-10-06T01:59:59.999000+00:00,89209351.604866,198503,377.06845,46689969.5946548
2025-10-06T02:00:00+00:00,124035.33,124244.93,123476.04,124110.61,696.06889,2025-10-06T02:59:59.999000+00:00,86215370.5974392,172505,328.01338,40632265.7440668
2025-10-06T03:00:00+00:00,124110.61,124126.31,123742.64,123839.09,303.52731,2025-10-06T03:59:59.999000+00:00,37618117.1282491,114369,132.25964,16390218.6549221
2025-10-06T04:00:00+00:00,123839.09,123988.0,123554.27,123580.26,374.67011,2025-10-06T04:59:59.999000+00:00,46372446.0585638,92553,143.34506,17739926.0706609
2025-10-06T05:00:00+00:00,123580.27,123750.0,123294.93,123586.0,558.79238,2025-10-06T05:59:59.999000+00:00,69011972.8783178,110703,215.42686,26606717.8260999
2025-10-06T06:00:00+00:00,123586.01,124165.56,123586.0,123947.9,527.83575,2025-10-06T06:59:59.999000+00:00,65402914.4978977,135134,281.40682,34864006.5192953
2025-10-06T07:00:00+00:00,123947.91,124035.89,123280.49,123390.47,749.33011,2025-10-06T07:59:59.999000+00:00,92622920.966496,134916,272.24945,33645034.4304329
2025-10-06T08:00:00+00:00,123390.47,123880.0,123390.46,123846.55,556.77898,2025-10-06T08:59:59.999000+00:00,68875776.9600702,88502,305.72699,37827815.4792403
2025-10-06T09:00:00+00:00,123846.56,124056.73,123779.31,123955.3,791.39727,2025-10-06T09:59:59.999000+00:00,98047707.1385917,89217,531.26444,65819393.076587
2025-10-06T10:00:00+00:00,123955.29,124142.85,123899.42,123978.0,459.97878,2025-10-06T10:59:59.999000+00:00,57054052.3294432,70782,242.13518,30034400.1234888
2025-10-06T11:00:00+00:00,123978.0,124531.66,123735.73,124215.0,960.05678,2025-10-06T11:59:59.999000+00:00,119226028.2224862,174605,580.00645,72046009.1058784
2025-10-06T12:00:00+00:00,124215.0,124691.81,124178.0,124556.64,977.10945,2025-10-06T12:59:59.999000+00:00,121617936.2527827,185054,555.68185,69166514.2122613
2025-10-06T13:00:00+00:00,124556.65,125079.85,124385.74,125031.33,1406.49106,2025-10-06T13:59:59.999000+00:00,175415278.0790812,403844,764.94418,95425716.8667896
2025-10-06T14:00:00+00:00,125031.34,125330.0,124339.38,124530.0,1331.91784,2025-10-06T14:59:59.999000+00:00,166413512.4904903,374026,595.69219,74444821.5110664
2025-10-06T15:00:00+00:00,124529.99,125408.29,124513.35,125000.0,852.17645,2025-10-06T15:59:59.999000+00:00,106592526.8597981,220638,432.17083,54060877.2260617
2025-10-06T16:00:00+00:00,125000.0,125499.63,124800.0,125455.24,911.48586,2025-10-06T16:59:59.999000+00:00,114024503.6320104,173891,505.90935,63304906.8128106
2025-10-06T17:00:00+00:00,125455.25,125819.2,125126.67,125284.0,1451.39316,2025-10-06T17:59:59.999000+00:00,182138838.9070419,268178,789.16469,99059759.2690926
2025-10-06T18:00:00+00:00,125284.01,126199.63,125044.46,126011.18,1439.873253,2025-10-06T18:59:59.999000+00:00,180991852.6968343,185677,891.566693,112126205.2652613
2025-10-06T19:00:00+00:00,126011.18,126134.71,125252.74,125410.81,919.42008,2025-10-06T19:59:59.999000+00:00,115491453.0375476,225347,393.40783,49415265.5544514
2025-10-06T20:00:00+00:00,125410.8,125534.0,125032.01,125211.02,512.32035,2025-10-06T20:59:59.999000+00:00,64166975.9753632,110149,248.70083,31151710.614895
2025-10-06T21:00:00+00:00,125211.03,125268.5,124511.15,125097.85,907.58302,2025-10-06T21:59:59.999000+00:00,113370787.7659322,147637,370.95781,46328144.4766096
2025-10-06T22:00:00+00:00,125097.86,125298.43,124784.41,125039.13,416.67058,2025-10-06T22:59:59.999000+00:00,52116220.8560384,104620,206.61487,25849041.4995048
2025-10-06T23:00:00+00:00,125039.13,125100.0,124628.0,124658.54,364.0631,2025-10-06T23:59:59.999000+00:00,45440217.860669,88127,122.09138,15236785.2435006
2025-10-07T00:00:00+00:00,124658.54,124925.14,124600.0,124900.93,399.28672,2025-10-07T00:59:59.999000+00:00,49810872.6640102,116719,201.80321,25177468.6397661
2025-10-07T01:00:00+00:00,124900.93,125082.27,124442.87,124699.99,470.23469,2025-10-07T01:59:59.999000+00:00,58658654.9810833,131566,271.51755,33880993.0149758
2025-10-07T02:00:00+00:00,124699.99,124700.0,124159.22,124259.9,524.92821,2025-10-07T02:59:59.999000+00:00,65322358.5183569,137202,207.60865,25832892.9484793
2025-10-07T03:00:00+00:00,124259.91,124568.44,124101.26,124329.74,379.16017,2025-10-07T03:59:59.999000+00:00,47128687.6047887,106292,183.95877,22867444.5048008
2025-10-07T04:00:00+00:00,124329.74,124654.47,124109.1,124500.0,438.34342,2025-10-07T04:59:59.999000+00:00,54519478.5299459,108183,178.02362,22148283.3836981
2025-10-07T05:00:00+00:00,124499.99,124640.76,124240.37,124414.17,424.20697,2025-10-07T05:59:59.999000+00:00,52795455.4981537,102055,211.69336,26344187.9144172
2025-10-07T06:00:00+00:00,124414.17,124460.0,123800.0,123890.84,862.57843,2025-10-07T06:59:59.999000+00:00,106975526.7979304,138185,321.0587,39809525.9238952
2025-10-07T07:00:00+00:00,123890.84,124038.0,123567.6,123667.99,730.09708,2025-10-07T07:59:59.999000+00:00,90331875.2230581,122354,267.85143,33145492.4962936
2025-10-07T08:00:00+00:00,123668.0,123999.98,123322.9,123861.75,1172.93284,2025-10-07T08:59:59.999000+00:00,145042135.1407068,175494,527.26996,65240800.8143544
2025-10-07T09:00:00+00:00,123861.75,124246.64,123861.74,124117.48,423.70195,2025-10-07T09:59:59.999000+00:00,52571494.220473,101330,239.04848,29659343.9738318
2025-10-07T10:00:00+00:00,124117.48,124413.75,124020.0,124282.19,385.65308,2025-10-07T10:59:59.999000+00:00,47919450.7492786,83057,200.6759,24937988.8373804
2025-10-07T11:00:00+00:00,124282.18,124509.6,124179.99,124453.38,462.44628,2025-10-07T11:59:59.999000+00:00,57512954.6530164,92936,255.22394,31744393.2849835
2025-10-07T12:00:00+00:00,124453.37,125126.0,124340.0,124917.99,747.53263,2025-10-07T12:59:59.999000+00:00,93225061.9610549,138305,471.77193,58852420.7270261
2025-10-07T13:00:00+00:00,124918.0,125046.16,123288.0,123891.68,1734.891,2025-10-07T13:59:59.999000+00:00,215208321.137062,402276,733.59875,91075031.8043754
2025-10-07T14:00:00+00:00,123891.68,124000.0,122568.0,122725.36,2078.9177,2025-10-07T14:59:59.999000+00:00,255738157.9213035,425729,749.23438,92152578.7476719
2025-10-07T15:00:00+00:00,122725.36,122865.36,121172.89,121846.01,2798.67322,2025-10-07T15:59:59.999000+00:00,341115318.7821575,497814,1298.55436,158256308.2581477
2025-10-07T16:00:00+00:00,121846.01,122084.14,120800.02,121684.17,2051.61019,2025-10-07T16:59:59.999000+00:00,249430743.3592359,291123,864.74112,105139512.7167391
2025-10-07T17:00:00+00:00,121684.17,121822.58,121100.0,121130.02,1241.13249,2025-10-07T17:59:59.999000+00:00,150695089.1292264,242868,473.21798,57470161.2433521
2025-10-07T18:00:00+00:00,121130.02,121306.13,120574.94,120895.37,1099.60495,2025-10-07T18:59:59.999000+00:00,132922707.6430065,230897,447.24095,54064182.1722346
2025-10-07T19:00:00+00:00,120895.37,122027.3,120860.46,121637.17,1334.54837,2025-10-07T19:59:59.999000+00:00,162139487.4508711,235517,765.624,92999759.9260401
2025-10-07T20:00:00+00:00,121637.18,122196.48,121637.18,121943.61,493.62814,2025-10-07T20:59:59.999000+00:00,60249554.7571275,126153,274.99177,33560875.6576341
2025-10-07T21:00:00+00:00,121943.61,122292.62,121765.9,122016.0,397.91117,2025-10-07T21:59:59.999000+00:00,48554951.8991815,137676,202.49229,24710672.7489681
2025-10-07T22:00:00+00:00,122016.0,122173.5,121797.6,122011.17,404.31119,2025-10-07T22:59:59.999000+00:00,49306954.2738143,105769,159.98165,19513143.1225227
2025-10-07T23:00:00+00:00,122011.17,122022.88,121258.08,121332.95,577.66296,2025-10-07T23:59:59.999000+00:00,70230506.9757055,141285,192.16824,23364278.8373177
2025-10-08T00:00:00+00:00,121332.96,122089.68,121276.0,121914.09,651.73891,2025-10-08T00:59:59.999000+00:00,79312470.8722857,210770,357.82984,43550795.1468609
2025-10-08T01:00:00+00:00,121914.09,122056.0,121605.75,121950.01,519.56378,2025-10-08T01:59:59.999000+00:00,63323723.2518273,190289,279.50562,34064319.7581634
2025-10-08T02:00:00+00:00,121950.0,122229.66,121825.74,122048.28,534.11266,2025-10-08T02:59:59.999000+00:00,65175580.1055572,120928,297.56396,36310088.1354053
2025-10-08T03:00:00+00:00,122048.28,122048.28,121200.0,121374.75,701.35291,2025-10-08T03:59:59.999000+00:00,85260832.8822083,169452,229.51024,27900459.026552
2025-10-08T04:00:00+00:00,121374.76,121910.24,121066.14,121900.0,712.4618,2025-10-08T04:59:59.999000+00:00,86592679.2182484,136572,339.33253,41250873.379631
2025-10-08T05:00:00+00:00,121900.01,121900.01,121173.86,121374.01,708.85271,2025-10-08T05:59:59.999000+00:00,86121873.4316012,160802,319.40392,38797037.1912101
2025-10-08T06:00:00+00:00,121374.02,121841.54,121068.96,121784.29,552.19718,2025-10-08T06:59:59.999000+00:00,67073760.124134,130046,280.73613,34108638.6693604
2025-10-08T07:00:00+00:00,121784.3,121872.37,121311.91,121597.06,697.34775,2025-10-08T07:59:59.999000+00:00,84776449.0978538,158094,348.98749,42419762.0438606
2025-10-08T08:00:00+00:00,121597.05,122850.0,121524.01,122381.85,1462.35304,2025-10-08T08:59:59.999000+00:00,178628250.7493318,260833,1000.81644,122225434.8064469
2025-10-08T09:00:00+00:00,122381.84,122644.0,122381.84,122516.98,474.15682,2025-10-08T09:59:59.999000+00:00,58089330.7846667,133730,269.30368,32991957.4761102
2025-10-08T10:00:00+00:00,122516.99,123100.0,122498.05,122934.6,654.29848,2025-10-08T10:59:59.999000+00:00,80373017.7004257,159928,334.44613,41078271.1086704
2025-10-08T11:00:00+00:00,122934.61,123200.0,122743.36,122884.14,817.9321,2025-10-08T11:59:59.999000+00:00,100607964.8521149,126932,455.02003,55968201.6912597
2025-10-08T12:00:00+00:00,122884.14,123090.75,122542.27,122631.52,464.2609,2025-10-08T12:59:59.999000+00:00,57008867.632915,133714,244.69114,30054196.9341477
2025-10-08T13:00:00+00:00,122631.52,122774.96,121649.68,122599.04,886.89853,2025-10-08T13:59:59.999000+00:00,108456310.808876,296424,423.30833,51778032.4511937
2025-10-08T14:00:00+00:00,122599.04,123350.0,122112.16,122320.0,1462.74459,2025-10-08T14:59:59.999000+00:00,179601439.5800304,395438,824.61313,101261687.0101099
2025-10-08T15:00:00+00:00,122319.99,122622.55,121954.34,122189.72,559.46428,2025-10-08T15:59:59.999000+00:00,68406315.8252153,213646,268.75121,32863165.7145259
2025-10-08T16:00:00+00:00,122189.72,123129.23,122110.08,123051.03,641.94768,2025-10-08T16:59:59.999000+00:00,78779346.2187664,200095,373.2997,45810230.0096809
2025-10-08T17:00:00+00:00,123051.02,124164.36,122958.05,124033.19,1336.46427,2025-10-08T17:59:59.999000+00:00,165313096.7052705,288760,774.86339,95840423.912872
2025-10-08T18:00:00+00:00,124033.19,124197.25,123415.58,123460.22,1152.35838,2025-10-08T18:59:59.999000+00:00,142551229.8623421,241238,664.48835,82185536.5738341
2025-10-08T19:00:00+00:00,123460.21,123759.94,123160.82,123450.0,664.75988,2025-10-08T19:59:59.999000+00:00,82081688.2767109,166737,297.46394,36733988.4141199
2025-10-08T20:00:00+00:00,123450.01,123737.0,122814.0,122856.69,673.60553,2025-10-08T20:59:59.999000+00:00,83031052.6269751,110960,321.89285,39709595.610015
2025-10-08T21:00:00+00:00,122856.7,123332.01,122794.4,123277.33,261.93729,2025-10-08T21:59:59.999000+00:00,32257472.7529681,75933,140.80156,17341085.7092772
2025-10-08T22:00:00+00:00,123277.34,123416.73,123200.81,123200.82,132.25319,2025-10-08T22:59:59.999000+00:00,16309410.9110017,46563,56.03969,6910629.5266677
2025-10-08T23:00:00+00:00,123200.82,123537.11,123056.31,123306.0,289.55534,2025-10-08T23:59:59.999000+00:00,35710678.1702904,57113,136.39292,16821854.3948847
2025-10-09T00:00:00+00:00,123306.01,123348.32,122839.15,122839.15,383.1891,2025-10-09T00:59:59.999000+00:00,47153599.0682719,95543,120.49772,14828994.8215923
2025-10-09T01:00:00+00:00,122839.16,122857.32,122339.41,122548.23,649.56359,2025-10-09T01:59:59.999000+00:00,79593603.4284253,136727,295.9262,36264231.8178395
2025-10-09T02:00:00+00:00,122548.23,122548.23,121475.98,121617.81,831.85568,2025-10-09T02:59:59.999000+00:00,101407662.8985774,205392,353.91407,43138933.1830988
2025-10-09T03:00:00+00:00,121617.81,122120.28,121603.59,122038.01,454.57002,2025-10-09T03:59:59.999000+00:00,55423421.6652814,110719,291.27649,35509885.4754576
2025-10-09T04:00:00+00:00,122038.01,122264.0,121904.81,122144.7,328.47326,2025-10-09T04:59:59.999000+00:00,40096346.1144057,95024,191.12455,23328902.1482726
2025-10-09T05:00:00+00:00,122144.7,122196.99,121823.94,122100.92,394.74775,2025-10-09T05:59:59.999000+00:00,48156459.749768,86783,181.94327,22194358.9694422
2025-10-09T06:00:00+00:00,122100.92,122185.98,121883.43,121957.32,336.40438,2025-10-09T06:59:59.999000+00:00,41049285.5656313,79939,108.21434,13204412.8927697
2025-10-09T07:00:00+00:00,121957.32,122067.61,121724.71,121906.1,391.52251,2025-10-09T07:59:59.999000+00:00,47730522.0502198,89628,197.54775,24083090.9366221
2025-10-09T08:00:00+00:00,121906.09,121960.97,121145.49,121261.62,951.24212,2025-10-09T08:59:59.999000+00:00,115537435.3816511,205343,426.48165,51802049.0067412
2025-10-09T09:00:00+00:00,121261.62,121855.44,121261.62,121813.04,495.55613,2025-10-09T09:59:59.999000+00:00,60293499.9138798,141012,292.5431,35596090.6796376
2025-10-09T10:00:00+00:00,121813.04,122340.0,121650.22,122170.27,462.62367,2025-10-09T10:59:59.999000+00:00,56463364.3232502,125720,251.75921,30723584.2941418
2025-10-09T11:00:00+00:00,122170.26,122833.02,122170.26,122737.57,780.01914,2025-10-09T11:59:59.999000+00:00,95619191.7608863,142011,350.6144,42964289.2352909
2025-10-09T12:00:00+00:00,122737.56,123762.94,122709.1,123563.38,1483.31285,2025-10-09T12:59:59.999000+00:00,182838674.9616508,211431,903.25445,111343244.8969945
2025-10-09T13:00:00+00:00,123563.38,123658.38,122277.76,122415.74,1233.13253,2025-10-09T13:59:59.999000+00:00,151683394.7356423,316952,519.59055,63912052.5905921
2025-10-09T14:00:00+00:00,122415.74,122608.0,120736.96,121315.0,2613.44219,2025-10-09T14:59:59.999000+00:00,317903488.2862938,453507,1090.67017,132655185.0205699
2025-10-09T15:00:00+00:00,121315.01,121734.27,120673.99,121147.14,1236.17443,2025-10-09T15:59:59.999000+00:00,149733306.0628728,275981,618.96709,74976168.2036705
2025-10-09T16:00:00+00:00,121147.15,121481.9,119707.29,119819.77,2831.42858,2025-10-09T16:59:59.999000+00:00,341484350.6052772,319239,1224.67931,147737752.4113482
2025-10-09T17:00:00+00:00,119819.76,121046.15,119651.47,120974.0,1671.39797,2025-10-09T17:59:59.999000+00:00,201081966.9173949,320107,811.59249,97664505.1415254
2025-10-09T18:00:00+00:00,120971.22,121100.0,120396.0,120649.32,956.31004,2025-10-09T18:59:59.999000+00:00,115413353.3637546,203640,304.11404,36702691.7333527
2025-10-09T19:00:00+00:00,120649.33,121108.12,120649.32,120951.72,714.9231,2025-10-09T19:59:59.999000+00:00,86448379.5836301,177036,255.17297,30853634.2983033
2025-10-09T20:00:00+00:00,120951.72,121199.97,120838.0,121109.09,743.67096,2025-10-09T20:59:59.999000+00:00,89991918.7410206,122544,355.25314,42997683.3064833
2025-10-09T21:00:00+00:00,121109.08,121512.7,121065.77,121461.02,436.22306,2025-10-09T21:59:59.999000+00:00,52931107.4517038,94821,257.06086,31185920.6429226
2025-10-09T22:00:00+00:00,121461.03,121768.01,121411.55,121686.19,467.98367,2025-10-09T22:59:59.999000+00:00,56904857.2855456,107920,312.23728,37964554.9220777
2025-10-09T23:00:00+00:00,121686.19,121900.0,121341.22,121662.4,711.59334,2025-10-09T23:59:59.999000+00:00,86498897.6516984,114148,429.71854,52250616.9354924
2025-10-10T00:00:00+00:00,121662.41,121863.74,121595.75,121745.27,292.90359,2025-10-10T00:59:59.999000+00:00,35652349.4609657,93550,158.14349,19248890.3670265
2025-10-10T01:00:00+00:00,121745.26,121874.13,121489.06,121623.97,353.28358,2025-10-10T01:59:59.999000+00:00,42994752.5483503,124078,165.83093,20183744.3851248
2025-10-10T02:00:00+00:00,121623.96,121651.33,120900.0,121059.73,812.25118,2025-10-10T02:59:59.999000+00:00,98467192.2867231,138688,340.21518,41235712.6821967
2025-10-10T03:00:00+00:00,121059.73,121575.99,120909.15,121026.01,636.2431,2025-10-10T03:59:59.999000+00:00,77160741.4056474,160334,291.46452,35358337.3656958
2025-10-10T04:00:00+00:00,121026.0,121388.58,121018.33,121234.51,480.17378,2025-10-10T04:59:59.999000+00:00,58204132.5551849,139130,221.67499,26870595.2620149
2025-10-10T05:00:00+00:00,121234.52,121604.49,120986.08,121583.89,503.29572,2025-10-10T05:59:59.999000+00:00,61049726.1324892,110219,218.61337,26517098.2792705
2025-10-10T06:00:00+00:00,121583.89,121754.34,121265.26,121378.18,687.86577,2025-10-10T06:59:59.999000+00:00,83647289.6345911,158153,402.67304,48978291.8279424
2025-10-10T07:00:00+00:00,121378.19,121388.61,120855.41,120932.05,895.21452,2025-10-10T07:59:59.999000+00:00,108449962.6907803,189371,209.15192,25341299.2442686
2025-10-10T08:00:00+00:00,120932.05,121660.43,120916.44,121631.54,433.113,2025-10-10T08:59:59.999000+00:00,52521354.0808088,131414,262.31356,31818205.1268377
2025-10-10T09:00:00+00:00,121631.54,121777.07,121276.56,121314.73,473.35018,2025-10-10T09:59:59.999000+00:00,57542235.3382148,132853,251.69031,30595684.1600082
2025-10-10T10:00:00+00:00,121314.73,121543.59,121228.83,121496.33,289.70624,2025-10-10T10:59:59.999000+00:00,35160537.4819241,92348,155.80866,18910327.9450815
2025-10-10T11:00:00+00:00,121496.34,121661.62,121424.5,121554.55,357.66752,2025-10-10T11:59:59.999000+00:00,43471194.0333406,89160,166.07431,20186146.4242306
2025-10-10T12:00:00+00:00,121554.55,121682.42,121420.0,121597.21,288.32785,2025-10-10T12:59:59.999000+00:00,35041642.1989805,81530,108.79475,13221908.2830909
2025-10-10T13:00:00+00:00,121597.22,122550.0,121384.6,121684.2,1452.77007,2025-10-10T13:59:59.999000+00:00,177202298.9476427,369262,816.92306,99644395.8054257
2025-10-10T14:00:00+00:00,121684.18,122069.76,120479.2,120493.17,1335.80488,2025-10-10T14:59:59.999000+00:00,161937499.7058658,380943,643.30396,78007892.994123
2025-10-10T15:00:00+00:00,120493.16,120626.55,118500.0,119018.98,4690.68973,2025-10-10T15:59:59.999000+00:00,560411074.4669878,901223,2100.87644,251064186.3153054
2025-10-10T16:00:00+00:00,119018.99,119456.28,118205.6,118205.61,2074.44286,2025-10-10T16:59:59.999000+00:00,246481738.7379317,487089,1019.63796,121202184.1853876
2025-10-10T17:00:00+00:00,118205.61,118427.51,117579.79,117623.8,2197.93519,2025-10-10T17:59:59.999000+00:00,259220194.4043463,508132,951.70631,112238851.2830344
2025-10-10T18:00:00+00:00,117623.8,117851.5,117237.0,117237.7,1448.7532,2025-10-10T18:59:59.999000+00:00,170295848.54873,341279,665.43277,78231100.8756953
2025-10-10T19:00:00+00:00,117237.7,117341.92,115952.47,116661.5,2733.41302,2025-10-10T19:59:59.999000+00:00,318809847.8798729,686173,1157.19505,134947143.5911129
2025-10-10T20:00:00+00:00,116661.5,117214.64,113039.0,114266.82,4454.56036,2025-10-10T20:59:59.999000+00:00,513614429.9700123,575647,2088.62295,240809017.7803873
2025-10-10T21:00:00+00:00,114266.82,115112.69,102000.0,113451.86,22932.63034,2025-10-10T21:59:59.999000+00:00,2527603344.6880045,3520247,10873.73275,1199586900.8512628
2025-10-10T22:00:00+00:00,113451.87,114109.03,110879.69,113700.0,9370.17448,2025-10-10T22:59:59.999000+00:00,1059509554.2738702,1191720,4746.81954,536738691.177768
2025-10-10T23:00:00+00:00,113700.0,114807.41,112652.76,112774.5,4977.36911,2025-10-10T23:59:59.999000+00:00,565301963.5698924,801979,2485.44315,282361846.6337163
2025-10-11T00:00:00+00:00,112774.49,113178.66,111620.3,112514.58,3620.32878,2025-10-11T00:59:59.999000+00:00,406962567.644147,535995,1693.36537,190393554.744937
2025-10-11T01:00:00+00:00,112514.57,112530.01,111019.43,111095.37,2796.42603,2025-10-11T01:59:59.999000+00:00,312065373.1527493,527037,1171.32577,130718500.1189132
2025-10-11T02:00:00+00:00,111095.38,113297.92,111082.0,113196.48,2926.55879,2025-10-11T02:59:59.999000+00:00,328762276.109851,513007,1446.39706,162466174.1839001
2025-10-11T03:00:00+00:00,113196.48,113322.39,111800.0,112300.01,2190.21309,2025-10-11T03:59:59.999000+00:00,245890823.7683516,450463,799.71731,89756901.3446755
2025-10-11T04:00:00+00:00,112300.0,112991.16,111700.0,112945.79,1446.73937,2025-10-11T04:59:59.999000+00:00,162483221.1215759,273712,726.28979,81605330.0015406
2025-10-11T05:00:00+00:00,112945.79,112945.79,111992.85,112389.48,1256.8701,2025-10-11T05:59:59.999000+00:00,141222112.2903879,246597,574.04987,64508057.2517689
2025-10-11T06:00:00+00:00,112389.48,112753.91,112000.0,112045.99,1208.64004,2025-10-11T06:59:59.999000+00:00,135744670.3004462,249655,501.8403,56371575.8710691
2025-10-11T07:00:00+00:00,112046.0,112084.61,110090.29,110384.61,3230.51321,2025-10-11T07:59:59.999000+00:00,358510333.9882137,458539,1242.22276,137825836.9744502
2025-10-11T08:00:00+00:00,110384.6,111535.29,110162.23,111328.38,1981.19694,2025-10-11T08:59:59.999000+00:00,219643242.8890268,366774,886.47971,98279802.5389208
2025-10-11T09:00:00+00:00,111328.38,111887.19,111274.41,111642.78,1627.2836,2025-10-11T09:59:59.999000+00:00,181663129.1114452,286202,692.39434,77292077.6432792
2025-10-11T10:00:00+00:00,111642.78,112271.34,111621.77,112114.64,1350.7519,2025-10-11T10:59:59.999000+00:00,151293630.0058543,213944,625.51856,70071705.5725653
2025-10-11T11:00:00+00:00,112114.63,112359.67,111700.0,112280.0,969.90748,2025-10-11T11:59:59.999000+00:00,108751283.9162427,150603,488.4093,54775435.3291231
2025-10-11T12:00:00+00:00,112280.01,112466.66,112037.98,112380.14,997.55713,2025-10-11T12:59:59.999000+00:00,111967714.8844786,159011,401.92238,45119048.011465
2025-10-11T13:00:00+00:00,112380.13,112500.0,111890.33,112267.86,973.48531,2025-10-11T13:59:59.999000+00:00,109263053.3349435,194177,324.68061,36440612.5119842
2025-10-11T14:00:00+00:00,112267.86,112342.11,111890.29,111991.97,1058.55252,2025-10-11T14:59:59.999000+00:00,118639512.9758089,139861,350.76836,39318836.8727928
2025-10-11T15:00:00+00:00,111991.97,112385.93,111793.2,111793.2,651.64855,2025-10-11T15:59:59.999000+00:00,73045738.9798805,156988,287.1189,32189017.3014735
2025-10-11T16:00:00+00:00,111793.21,112089.92,111442.91,111846.18,834.57688,2025-10-11T16:59:59.999000+00:00,93278171.9563927,182229,395.62612,44220746.5903675
2025-10-11T17:00:00+00:00,111846.18,112185.53,111715.99,112005.57,678.72551,2025-10-11T17:59:59.999000+00:00,76011964.622766,128154,290.67034,32549061.5779719
2025-10-11T18:00:00+00:00,112005.56,112025.4,111836.45,111955.27,292.78948,2025-10-11T18:59:59.999000+00:00,32769682.1151342,76419,121.59131,13608095.5796303
2025-10-11T19:00:00+00:00,111955.27,112025.4,110865.82,111178.31,1332.81972,2025-10-11T19:59:59.999000+00:00,148374697.5251706,291218,584.37068,65067173.8057075
2025-10-11T20:00:00+00:00,111178.3,111368.29,109653.65,110244.98,1752.53778,2025-10-11T20:59:59.999000+00:00,193553687.3771136,405228,704.40023,77800180.451305
2025-10-11T21:00:00+00:00,110244.98,111000.0,109561.59,110893.54,1099.41658,2025-10-11T21:59:59.999000+00:00,121281121.6574943,281944,505.36445,55775144.3078806
2025-10-11T22:00:00+00:00,110893.55,111291.61,110652.0,111043.27,571.096,2025-10-11T22:59:59.999000+00:00,63386544.4990942,175228,307.26516,34102597.0193982
2025-10-11T23:00:00+00:00,111043.26,111114.46,110644.0,110644.4,599.88173,2025-10-11T23:59:59.999000+00:00,66504919.0045676,198944,254.15928,28174133.9618327
2025-10-12T00:00:00+00:00,110644.4,110685.63,109565.06,109641.54,1171.55172,2025-10-12T00:59:59.999000+00:00,129006412.4861787,252550,465.95047,51309889.7706759
2025-10-12T01:00:00+00:00,109641.54,110318.01,109641.46,109978.56,1205.41028,2025-10-12T01:59:59.999000+00:00,132543059.4328023,279811,700.44096,77017474.200422
2025-10-12T02:00:00+00:00,109978.56,110708.89,109600.0,110119.02,1047.04823,2025-10-12T02:59:59.999000+00:00,115296194.9649641,258535,553.42803,60938082.5121091
2025-10-12T03:00:00+00:00,110119.02,111368.14,110002.2,110676.0,1361.57401,2025-10-12T03:59:59.999000+00:00,150888798.1108627,317704,757.14106,83908344.0865065
2025-10-12T04:00:00+00:00,110676.0,111957.14,110617.1,111524.87,887.82401,2025-10-12T04:59:59.999000+00:00,98849635.735587,226728,477.36874,53153203.526226
2025-10-12T05:00:00+00:00,111524.87,111816.04,111188.0,111700.38,537.50918,2025-10-12T05:59:59.999000+00:00,59938865.4719777,144624,269.84199,30100589.2506968
2025-10-12T06:00:00+00:00,111700.38,112125.51,111616.0,111686.01,764.04714,2025-10-12T06:59:59.999000+00:00,85423227.7253561,126863,405.92184,45381947.786487
2025-10-12T07:00:00+00:00,111686.02,111933.85,111491.09,111525.2,541.91728,2025-10-12T07:59:59.999000+00:00,60505020.8832043,109717,324.12493,36189909.1136914
2025-10-12T08:00:00+00:00,111525.19,111798.99,111300.0,111310.9,573.49914,2025-10-12T08:59:59.999000+00:00,63976532.5605454,146354,311.77252,34780094.9195611
2025-10-12T09:00:00+00:00,111310.9,111920.01,111139.87,111837.04,596.04536,2025-10-12T09:59:59.999000+00:00,66468243.6096964,146423,324.04302,36141319.3245188
2025-10-12T10:00:00+00:00,111837.05,112026.63,111450.0,111651.64,536.97781,2025-10-12T10:59:59.999000+00:00,59994072.7870895,136335,288.23704,32202909.8552838
2025-10-12T11:00:00+00:00,111651.64,112133.33,111477.61,111848.36,1104.29864,2025-10-12T11:59:59.999000+00:00,123488909.1197235,174097,718.17717,80303857.5634139
2025-10-12T12:00:00+00:00,111848.35,112250.0,111555.0,111789.6,1014.55206,2025-10-12T12:59:59.999000+00:00,113556678.4434884,153597,542.82857,60769015.4065061
2025-10-12T13:00:00+00:00,111789.61,111934.51,111265.99,111297.52,1163.81644,2025-10-12T13:59:59.999000+00:00,129934595.4788524,190614,397.54018,44388218.4154775
2025-10-12T14:00:00+00:00,111297.51,112990.9,111177.75,112338.1,2798.771,2025-10-12T14:59:59.999000+00:00,313768481.0171882,420603,1577.08692,176670211.6111007
2025-10-12T15:00:00+00:00,112338.11,113745.84,112078.0,113198.2,4043.27714,2025-10-12T15:59:59.999000+00:00,456844580.3576644,597701,2136.23955,241398403.701743
2025-10-12T16:00:00+00:00,113198.2,114700.0,113198.2,114069.35,3600.56207,2025-10-12T16:59:59.999000+00:00,410206269.6794865,514188,2016.05708,229672041.2565037
2025-10-12T17:00:00+00:00,114069.35,114466.94,113516.38,113799.99,1614.34137,2025-10-12T17:59:59.999000+00:00,184234181.3014358,297963,863.97425,98610711.5036775
2025-10-12T18:00:00+00:00,113799.99,114236.87,113553.81,113878.93,817.9254,2025-10-12T18:59:59.999000+00:00,93138171.7537617,190567,442.49796,50390174.4543647
2025-10-12T19:00:00+00:00,113878.93,114396.69,113826.65,114342.28,602.52008,2025-10-12T19:59:59.999000+00:00,68810505.5105247,141415,363.22149,41478614.0630476
2025-10-12T20:00:00+00:00,114342.28,115468.65,114342.27,114927.97,1817.36254,2025-10-12T20:59:59.999000+00:00,208931024.6815091,314159,955.22091,109829564.3137616
2025-10-12T21:00:00+00:00,114927.97,115600.0,114217.75,114882.06,1611.66087,2025-10-12T21:59:59.999000+00:00,185182971.6678947,299742,690.08354,79308711.8282473
2025-10-12T22:00:00+00:00,114882.06,115770.0,114882.06,115221.4,1743.39625,2025-10-12T22:59:59.999000+00:00,201126227.8586277,385585,803.84133,92736949.4022165
2025-10-12T23:00:00+00:00,115221.4,115350.8,114733.65,114958.8,1099.4147,2025-10-12T23:59:59.999000+00:00,126433868.1017345,222700,530.40578,60996241.3110124
2025-10-13T00:00:00+00:00,114958.81,115888.0,114766.69,115280.84,1480.23716,2025-10-13T00:59:59.999000+00:00,170571146.5985363,376696,909.72003,104815271.5829812
2025-10-13T01:00:00+00:00,115280.83,115750.0,115079.18,115713.32,814.49823,2025-10-13T01:59:59.999000+00:00,94019638.58352,293846,446.04683,51484484.5649717
2025-10-13T02:00:00+00:00,115713.31,115963.81,115001.62,115319.97,982.84078,2025-10-13T02:59:59.999000+00:00,113379577.9803905,245468,436.24026,50343604.3280674
2025-10-13T03:00:00+00:00,115319.98,115613.7,114619.45,114821.12,846.03241,2025-10-13T03:59:59.999000+00:00,97353257.1090527,248844,382.32024,43988940.545306
2025-10-13T04:00:00+00:00,114821.13,115000.0,114398.24,114708.15,1086.01022,2025-10-13T04:59:59.999000+00:00,124565471.4053425,226061,405.89237,46564959.3099371
2025-10-13T05:00:00+00:00,114708.15,114834.7,114500.02,114611.82,834.97755,2025-10-13T05:59:59.999000+00:00,95695199.7872376,139114,203.92241,23377726.3095144
2025-10-13T06:00:00+00:00,114611.82,115379.84,114417.77,115221.22,599.41221,2025-10-13T06:59:59.999000+00:00,68929407.5064518,170644,359.76512,41371819.6481896
2025-10-13T07:00:00+00:00,115221.23,115554.83,115034.0,115399.67,916.61315,2025-10-13T07:59:59.999000+00:00,105726868.6393954,200286,493.70686,56950658.0272515
2025-10-13T08:00:00+00:00,115399.66,115438.17,115138.0,115254.23,644.85187,2025-10-13T08:59:59.999000+00:00,74352329.0376148,146493,289.33898,33360454.9366538
2025-10-13T09:00:00+00:00,115254.23,115254.23,114748.38,115127.04,1037.56556,2025-10-13T09:59:59.999000+00:00,119344910.6608493,181142,384.83605,44258485.9917991
2025-10-13T10:00:00+00:00,115127.05,115162.0,114740.34,114810.62,896.68402,2025-10-13T10:59:59.999000+00:00,103043688.9321753,185116,299.81899,34453470.6014359
2025-10-13T11:00:00+00:00,114810.61,114810.61,113616.5,114180.0,1981.76101,2025-10-13T11:59:59.999000+00:00,226354806.9336243,361059,945.27448,107943350.8231992
2025-10-13T12:00:00+00:00,114180.0,114748.97,113931.16,114412.26,1209.47056,2025-10-13T12:59:59.999000+00:00,138355197.9687777,302138,501.59722,57374075.9070003
2025-10-13T13:00:00+00:00,114412.25,115530.0,114220.07,115345.79,1815.19891,2025-10-13T13:59:59.999000+00:00,208431841.8298717,496074,914.02999,104966498.7780857
2025-10-13T14:00:00+00:00,115345.79,115476.18,113800.01,114036.63,1434.88366,2025-10-13T14:59:59.999000+00:00,164444093.5325268,477275,622.83119,71370371.5958698
2025-10-13T15:00:00+00:00,114036.63,114727.95,113968.02,114312.1,1078.57574,2025-10-13T15:59:59.999000+00:00,123314088.5649789,332392,490.04911,56037420.8140589
2025-10-13T16:00:00+00:00,114312.09,115174.0,114270.89,114669.24,985.04262,2025-10-13T16:59:59.999000+00:00,112938015.2709827,274097,568.05119,65120954.0831452
2025-10-13T17:00:00+00:00,114669.25,115053.43,114215.79,115040.55,669.90056,2025-10-13T17:59:59.999000+00:00,76765974.4010096,213118,385.20636,44144992.2372129
2025-10-13T18:00:00+00:00,115040.55,115377.48,114710.0,115160.63,724.92234,2025-10-13T18:59:59.999000+00:00,83384229.1607741,222970,374.77868,43107197.5981539
2025-10-13T19:00:00+00:00,115160.63,115891.3,115070.0,115792.84,989.05749,2025-10-13T19:59:59.999000+00:00,114296593.9204255,219557,598.74647,69193884.3190131
2025-10-13T20:00:00+00:00,115792.84,115868.0,115400.0,115713.37,419.35754,2025-10-13T20:59:59.999000+00:00,48481108.3437385,128874,223.85473,25878990.011179
2025-10-13T21:00:00+00:00,115713.37,115786.04,115553.33,115700.0,221.7783,2025-10-13T21:59:59.999000+00:00,25649513.2873119,77744,110.08292,12731563.7711158
2025-10-13T22:00:00+00:00,115700.0,115835.04,115442.67,115507.19,332.95022,2025-10-13T22:59:59.999000+00:00,38505391.8936591,97554,164.80784,19061806.740814
2025-10-13T23:00:00+00:00,115507.2,115507.2,115005.44,115166.0,554.61822,2025-10-13T23:59:59.999000+00:00,63929309.6375022,122790,199.97891,23049601.317511
2025-10-14T00:00:00+00:00,115166.0,115409.96,114871.93,114959.03,759.03973,2025-10-14T00:59:59.999000+00:00,87397971.6299788,217867,229.74933,26454230.2125841
2025-10-14T01:00:00+00:00,114959.02,114991.99,114137.93,114274.57,705.31924,2025-10-14T01:59:59.999000+00:00,80816891.1134546,181708,238.10266,27279413.420534
2025-10-14T02:00:00+00:00,114274.57,114298.08,113647.05,113647.05,851.40075,2025-10-14T02:59:59.999000+00:00,96982662.4786208,192901,363.1944,41370230.6367444
2025-10-14T03:00:00+00:00,113647.05,113700.0,113279.76,113500.0,1141.08489,2025-10-14T03:59:59.999000+00:00,129477050.5313356,212656,492.16725,55839999.3726577
2025-10-14T04:00:00+00:00,113500.0,113599.99,112787.0,113062.09,1189.90441,2025-10-14T04:59:59.999000+00:00,134653654.7956957,275272,514.95059,58269036.3882638
2025-10-14T05:00:00+00:00,113062.09,113691.0,112390.0,112493.11,1796.26245,2025-10-14T05:59:59.999000+00:00,202937572.4560696,362209,752.4154,85030927.7921773
2025-10-14T06:00:00+00:00,112493.1,112699.21,111355.01,111987.38,1853.68057,2025-10-14T06:59:59.999000+00:00,207788972.970967,360281,746.38759,83652961.0794071
2025-10-14T07:00:00+00:00,111987.39,112194.0,111445.72,111724.41,1446.45172,2025-10-14T07:59:59.999000+00:00,161708452.0903579,396358,706.18259,78945718.7500794
2025-10-14T08:00:00+00:00,111724.41,112140.0,111513.63,111803.33,979.88421,2025-10-14T08:59:59.999000+00:00,109565216.2071013,244527,479.0556,53572251.5314163
2025-10-14T09:00:00+00:00,111803.33,112000.0,111055.91,111287.89,937.93171,2025-10-14T09:59:59.999000+00:00,104596634.1188837,248163,393.56782,43890806.0579246
2025-10-14T10:00:00+00:00,111287.9,111336.11,110012.24,110623.58,1937.91268,2025-10-14T10:59:59.999000+00:00,214344621.5502731,431876,848.68335,93849293.7831757
2025-10-14T11:00:00+00:00,110623.58,111630.28,110614.25,111313.98,1426.10618,2025-10-14T11:59:59.999000+00:00,158709707.7228361,361315,791.46849,88065199.5143628
2025-10-14T12:00:00+00:00,111313.98,111361.15,110737.29,110803.28,976.90627,2025-10-14T12:59:59.999000+00:00,108494534.4780509,324830,381.1301,42332408.6999706
2025-10-14T13:00:00+00:00,110803.29,111329.71,109866.0,111014.38,2420.02151,2025-10-14T13:59:59.999000+00:00,267590577.4565777,566198,1193.00926,131941064.3801213
2025-10-14T14:00:00+00:00,111014.38,112200.0,110905.73,111435.21,2108.64964,2025-10-14T14:59:59.999000+00:00,235361558.6975974,516690,1218.32991,136002736.3962376
2025-10-14T15:00:00+00:00,111435.2,112943.82,111062.15,112900.43,1681.40989,2025-10-14T15:59:59.999000+00:00,188303922.7978651,400126,1021.0325,114408378.3121343
2025-10-14T16:00:00+00:00,112900.44,113187.62,112189.42,112328.83,2429.54292,2025-10-14T16:59:59.999000+00:00,273666036.7903348,494873,1172.71903,132118033.4224289
2025-10-14T17:00:00+00:00,112328.83,112933.65,111692.31,112774.97,2031.41315,2025-10-14T17:59:59.999000+00:00,228641270.8189154,438175,886.11329,99742742.2974243
2025-10-14T18:00:00+00:00,112774.98,113450.0,112662.72,112861.36,1289.26282,2025-10-14T18:59:59.999000+00:00,145767633.000337,303305,729.10948,82444503.2230625
2025-10-14T19:00:00+00:00,112861.36,113544.53,112021.59,112613.7,1685.79274,2025-10-14T19:59:59.999000+00:00,190148677.6334073,371712,854.52748,96413898.7881227
2025-10-14T20:00:00+00:00,112613.69,113008.47,112230.46,112992.87,564.85759,2025-10-14T20:59:59.999000+00:00,63650233.6524565,152644,267.50482,30151250.0566787
2025-10-14T21:00:00+00:00,112992.88,113186.0,112683.58,113128.7,561.06072,2025-10-14T21:59:59.999000+00:00,63335078.3204547,107909,224.61341,25365391.2464765
2025-10-14T22:00:00+00:00,113128.7,113577.0,112822.16,113211.87,588.63193,2025-10-14T22:59:59.999000+00:00,66657021.8207782,135875,252.57724,28607754.1694198
2025-10-14T23:00:00+00:00,113211.87,113520.0,112998.22,113028.14,507.80202,2025-10-14T23:59:59.999000+00:00,57544825.6761495,128172,187.60038,21263163.1029763
2025-10-15T00:00:00+00:00,113028.13,113112.41,112602.02,112993.86,1081.3257,2025-10-15T00:59:59.999000+00:00,122045363.6071078,244576,325.42728,36728294.9663263
2025-10-15T01:00:00+00:00,112993.85,113005.57,112326.26,112738.17,870.72777,2025-10-15T01:59:59.999000+00:00,98072155.6254331,215076,362.56732,40835905.1330735
2025-10-15T02:00:00+00:00,112738.17,113612.35,112673.9,112809.94,812.09712,2025-10-15T02:59:59.999000+00:00,91861280.1745407,250329,368.85412,41725118.8431676
2025-10-15T03:00:00+00:00,112809.94,112866.77,111825.93,112024.29,762.39853,2025-10-15T03:59:59.999000+00:00,85554053.6287014,242549,265.19669,29758895.5117934
2025-10-15T04:00:00+00:00,112024.3,112465.5,111746.76,112344.81,1145.73005,2025-10-15T04:59:59.999000+00:00,128434509.2337069,219069,479.17771,53732325.2884892
2025-10-15T05:00:00+00:00,112344.81,112659.0,112188.74,112431.95,623.36683,2025-10-15T05:59:59.999000+00:00,70085321.7213957,159515,298.74379,33587562.7598415
2025-10-15T06:00:00+00:00,112431.95,112563.8,111896.07,112460.47,740.50832,2025-10-15T06:59:59.999000+00:00,83103582.7553866,152503,368.29166,41334638.081349
2025-10-15T07:00:00+00:00,112460.48,112680.0,112235.76,112584.5,932.59854,2025-10-15T07:59:59.999000+00:00,104885327.8097707,153126,479.97538,53981948.6637321
2025-10-15T08:00:00+00:00,112584.49,113520.88,112550.0,112944.85,1236.8164,2025-10-15T08:59:59.999000+00:00,139852767.3212868,217816,707.59973,80009569.7462039
2025-10-15T09:00:00+00:00,112944.84,113127.39,112380.8,112564.01,848.43925,2025-10-15T09:59:59.999000+00:00,95647302.3874061,164180,404.79234,45624122.5597486
2025-10-15T10:00:00+00:00,112564.0,112645.61,112072.86,112266.71,847.65271,2025-10-15T10:59:59.999000+00:00,95254768.4606035,140654,317.18758,35638760.2910193
2025-10-15T11:00:00+00:00,112266.7,112600.0,111693.26,111905.73,766.17498,2025-10-15T11:59:59.999000+00:00,85851681.9151108,160142,384.91903,43133452.478887
2025-10-15T12:00:00+00:00,111905.72,112085.68,111400.0,111711.25,1005.50463,2025-10-15T12:59:59.999000+00:00,112311551.952492,201267,406.33822,45388749.413374
2025-10-15T13:00:00+00:00,111711.25,112011.75,110725.4,111389.0,1971.0633,2025-10-15T13:59:59.999000+00:00,219457054.203397,379779,899.50509,100145707.0366395
2025-10-15T14:00:00+00:00,111389.01,112238.41,110800.0,111059.76,1777.74911,2025-10-15T14:59:59.999000+00:00,198331215.9327355,417031,833.36303,93014691.9129059
2025-10-15T15:00:00+00:00,111059.77,111588.69,110400.0,110798.01,1836.18334,2025-10-15T15:59:59.999000+00:00,203593123.2002369,402082,931.41756,103300515.2130815
2025-10-15T16:00:00+00:00,110798.01,111125.18,110602.8,110748.0,830.13195,2025-10-15T16:59:59.999000+00:00,92008929.0690959,263160,383.28062,42483573.7665058
2025-10-15T17:00:00+00:00,110748.0,111186.78,110164.0,111186.78,1335.06163,2025-10-15T17:59:59.999000+00:00,147535359.2612428,290492,609.96388,67422567.3932183
2025-10-15T18:00:00+00:00,111186.77,111512.41,110826.21,111444.76,562.70484,2025-10-15T18:59:59.999000+00:00,62566845.9305818,178238,321.08447,35708440.7929963
2025-10-15T19:00:00+00:00,111444.76,111557.7,111099.33,111271.73,589.84937,2025-10-15T19:59:59.999000+00:00,65657474.5995791,168462,276.09635,30734856.29901
2025-10-15T20:00:00+00:00,111271.73,111556.27,110515.84,111109.76,852.76487,2025-10-15T20:59:59.999000+00:00,94735652.4957911,188757,361.02121,40118185.9655212
2025-10-15T21:00:00+00:00,111109.77,111424.69,110500.0,110854.19,779.36355,2025-10-15T21:59:59.999000+00:00,86461203.873504,191687,345.51245,38329724.8685599
2025-10-15T22:00:00+00:00,110854.2,111395.82,110667.97,110667.97,422.7399,2025-10-15T22:59:59.999000+00:00,46941074.4185509,128830,217.97815,24207299.1933188
2025-10-15T23:00:00+00:00,110667.97,111006.0,110590.1,110763.28,355.53542,2025-10-15T23:59:59.999000+00:00,39392041.7751115,113821,151.02465,16733888.7420113
2025-10-16T00:00:00+00:00,110763.28,110856.11,110361.0,110431.27,753.8893,2025-10-16T00:59:59.999000+00:00,83362054.0932499,230013,218.25073,24134216.0416409
2025-10-16T01:00:00+00:00,110431.27,111330.0,110417.32,111299.99,776.36767,2025-10-16T01:59:59.999000+00:00,86126102.8267674,178023,367.47763,40770114.3803709
2025-10-16T02:00:00+00:00,111300.0,111562.24,111014.12,111510.43,544.40968,2025-10-16T02:59:59.999000+00:00,60622449.5611315,145309,277.03184,30849017.1141056
2025-10-16T03:00:00+00:00,111510.43,111867.17,111271.49,111329.48,640.75803,2025-10-16T03:59:59.999000+00:00,71504562.2688403,134286,358.39857,40006379.5919791
2025-10-16T04:00:00+00:00,111329.48,111675.21,110800.88,110966.03,573.55869,2025-10-16T04:59:59.999000+00:00,63818459.9285283,113246,249.88016,27805653.2051494
2025-10-16T05:00:00+00:00,110966.03,111485.03,110750.0,110951.14,831.0631,2025-10-16T05:59:59.999000+00:00,92350265.7218851,153456,393.64029,43739295.4864357
2025-10-16T06:00:00+00:00,110951.13,111716.86,110922.17,111666.83,576.47831,2025-10-16T06:59:59.999000+00:00,64160696.9652214,155828,320.06453,35616546.1630046
2025-10-16T07:00:00+00:00,111666.83,111773.7,110553.19,110584.2,1116.0425,2025-10-16T07:59:59.999000+00:00,123809367.3199663,185022,503.93881,55881711.6973362
2025-10-16T08:00:00+00:00,110584.21,110893.91,110405.0,110817.5,898.50628,2025-10-16T08:59:59.999000+00:00,99415024.1396624,169784,368.73401,40801135.5564429
2025-10-16T09:00:00+00:00,110817.5,111633.14,109635.15,111146.31,2599.38969,2025-10-16T09:59:59.999000+00:00,287629364.7809812,331301,1048.92008,116058416.8414865
2025-10-16T10:00:00+00:00,111146.31,111728.7,111021.02,111469.63,1021.52177,2025-10-16T10:59:59.999000+00:00,113801350.4107289,205108,445.0843,49583274.37309
2025-10-16T11:00:00+00:00,111469.63,111567.85,111001.44,111404.72,762.70034,2025-10-16T11:59:59.999000+00:00,84865385.6637363,140013,308.10708,34282670.2026526
2025-10-16T12:00:00+00:00,111404.73,111982.45,111332.18,111519.07,925.41606,2025-10-16T12:59:59.999000+00:00,103286259.2505594,168937,490.99017,54801557.6444898
2025-10-16T13:00:00+00:00,111519.08,111548.0,110684.32,110860.0,1245.15513,2025-10-16T13:59:59.999000+00:00,138419023.3504425,282490,509.58132,56641615.8001721
2025-10-16T14:00:00+00:00,110860.0,111420.02,109728.0,110529.34,2218.73,2025-10-16T14:59:59.999000+00:00,245121923.2664636,478987,1046.69935,115676760.2077886
2025-10-16T15:00:00+00:00,110529.35,110727.35,108361.69,108549.21,3863.5105,2025-10-16T15:59:59.999000+00:00,421968747.2820837,546860,1530.66308,167243590.418542
2025-10-16T16:00:00+00:00,108549.21,109254.0,107577.57,109232.43,3658.11859,2025-10-16T16:59:59.999000+00:00,396026572.5105305,613715,1575.56805,170592399.5360776
2025-10-16T17:00:00+00:00,109232.43,109244.91,108227.54,108276.7,1542.50028,2025-10-16T17:59:59.999000+00:00,167543484.9805292,373906,739.80914,80352547.651293
2025-10-16T18:00:00+00:00,108276.69,108656.3,107680.0,108656.19,1228.35335,2025-10-16T18:59:59.999000+00:00,132779865.5727658,372952,617.09352,66707434.9600651
2025-10-16T19:00:00+00:00,108656.19,108751.02,107685.4,108197.66,1826.2967,2025-10-16T19:59:59.999000+00:00,197535838.3797101,397630,734.19035,79408125.5441604
2025-10-16T20:00:00+00:00,108197.67,108424.11,107427.0,107838.01,941.04286,2025-10-16T20:59:59.999000+00:00,101502899.1591203,311842,401.45727,43303376.8643864
2025-10-16T21:00:00+00:00,107838.0,108463.31,107592.0,108443.7,490.84182,2025-10-16T21:59:59.999000+00:00,53046654.330465,157649,226.02027,24430106.1620193
2025-10-16T22:00:00+00:00,108443.71,108500.0,107783.76,107798.85,451.11345,2025-10-16T22:59:59.999000+00:00,48750876.6608523,144621,200.66837,21685112.6107003
2025-10-16T23:00:00+00:00,107798.85,108420.73,107736.56,108194.28,371.40842,2025-10-16T23:59:59.999000+00:00,40149266.337698,136116,194.68227,21045817.0729881
2025-10-17T00:00:00+00:00,108194.27,108849.19,107934.4,108800.0,657.03622,2025-10-17T00:59:59.999000+00:00,71234768.5398954,205907,339.64084,36837169.1167172
2025-10-17T01:00:00+00:00,108799.99,109115.08,108506.79,108839.84,663.22366,2025-10-17T01:59:59.999000+00:00,72181257.3366451,172576,362.3265,39436117.3825142
2025-10-17T02:00:00+00:00,108839.84,109082.8,108390.21,108972.97,559.71151,2025-10-17T02:59:59.999000+00:00,60839819.9813766,146172,275.55975,29959040.006757
2025-10-17T03:00:00+00:00,108972.98,109240.0,108910.45,109176.74,537.9217,2025-10-17T03:59:59.999000+00:00,58660103.7888722,132526,331.9124,36194090.9622702
2025-10-17T04:00:00+00:00,109176.74,109236.01,108786.0,108787.26,487.87266,2025-10-17T04:59:59.999000+00:00,53173732.3625262,122923,206.73839,22533930.3112319
2025-10-17T05:00:00+00:00,108787.26,108926.06,108299.12,108381.76,800.45747,2025-10-17T05:59:59.999000+00:00,86941124.5612108,146174,334.50952,36348118.626257
2025-10-17T06:00:00+00:00,108381.75,108519.49,106639.79,106741.28,2840.49166,2025-10-17T06:59:59.999000+00:00,304789408.183953,408306,1175.06981,126077261.272245
2025-10-17T07:00:00+00:00,106741.28,106901.85,105542.09,105633.75,3891.25354,2025-10-17T07:59:59.999000+00:00,413019031.7590499,571502,1749.85732,185723895.1129834
2025-10-17T08:00:00+00:00,105633.75,105716.15,104505.0,104884.38,4632.98336,2025-10-17T08:59:59.999000+00:00,486860500.9474041,602584,1953.8132,205368030.8565118
2025-10-17T09:00:00+00:00,104884.38,105626.67,104520.7,104531.35,2034.60892,2025-10-17T09:59:59.999000+00:00,213811149.0752107,440914,944.38605,99268738.3226003
2025-10-17T10:00:00+00:00,104530.0,104926.19,103528.23,104751.99,3620.28453,2025-10-17T10:59:59.999000+00:00,377428039.1373801,532064,1619.00664,168753582.9738018
2025-10-17T11:00:00+00:00,104751.99,106651.22,104674.0,105683.72,3620.45641,2025-10-17T11:59:59.999000+00:00,383110975.6274558,533607,1958.77589,207289657.2231175
2025-10-17T12:00:00+00:00,105683.71,106070.14,105227.45,105350.4,1384.38576,2025-10-17T12:59:59.999000+00:00,146250649.6235038,318287,671.61781,70962854.5895551
2025-10-17T13:00:00+00:00,105350.4,106166.0,104876.19,105835.63,2340.35273,2025-10-17T13:59:59.999000+00:00,246915903.2500565,547059,1240.42138,130893912.1979805
2025-10-17T14:00:00+00:00,105835.62,105989.01,104533.21,105163.42,1894.44771,2025-10-17T14:59:59.999000+00:00,199388208.1666206,539773,904.37002,95192800.3320583
2025-10-17T15:00:00+00:00,105163.41,106852.14,105087.29,106803.53,2228.15693,2025-10-17T15:59:59.999000+00:00,236173001.1018586,463046,1166.30454,123646012.6609194
2025-10-17T16:00:00+00:00,106803.52,107575.6,106239.75,106372.34,1909.04788,2025-10-17T16:59:59.999000+00:00,204190669.4548776,430256,879.52032,94083292.4689703
2025-10-17T17:00:00+00:00,106372.34,106729.0,106071.42,106453.27,723.50939,2025-10-17T17:59:59.999000+00:00,76982675.0330569,289135,397.23937,42272468.615594
2025-10-17T18:00:00+00:00,106453.26,107089.99,106453.26,106647.11,761.17199,2025-10-17T18:59:59.999000+00:00,81276124.5229871,262153,440.05858,46998042.9439283
2025-10-17T19:00:00+00:00,106647.11,106889.11,106233.65,106454.72,522.73818,2025-10-17T19:59:59.999000+00:00,55706128.3996428,212060,234.95477,25043419.978005
2025-10-17T20:00:00+00:00,106457.24,107177.08,106342.47,107021.37,502.81407,2025-10-17T20:59:59.999000+00:00,53733341.6038874,168529,270.33424,28890039.7826826
2025-10-17T21:00:00+00:00,107021.38,107440.02,107016.87,107301.4,474.97927,2025-10-17T21:59:59.999000+00:00,50959672.7996457,122669,229.33771,24605311.5486819
2025-10-17T22:00:00+00:00,107301.41,107415.73,106807.5,107000.1,467.14,2025-10-17T22:59:59.999000+00:00,50019728.7207874,103843,188.98673,20239985.2506592
2025-10-17T23:00:00+00:00,107000.09,107000.1,106392.08,106431.68,365.62283,2025-10-17T23:59:59.999000+00:00,38999621.2432976,98620,122.25768,13036714.9201789
2025-10-18T00:00:00+00:00,106431.68,106845.52,106322.2,106845.52,471.69377,2025-10-18T00:59:59.999000+00:00,50293915.4899398,127763,249.36062,26589005.7191755
2025-10-18T01:00:00+00:00,106845.52,107306.06,106824.0,107149.3,525.1252,2025-10-18T01:59:59.999000+00:00,56214950.1043512,120830,217.1815,23249887.588404
2025-10-18T02:00:00+00:00,107149.3,107297.87,106493.23,106597.98,923.59727,2025-10-18T02:59:59.999000+00:00,98683282.4588094,122465,362.37528,38731789.4004803
2025-10-18T03:00:00+00:00,106597.97,107126.55,106573.6,107070.4,747.88716,2025-10-18T03:59:59.999000+00:00,79951079.1660965,117710,338.27499,36151774.0471483
2025-10-18T04:00:00+00:00,107070.41,107070.41,106439.38,106478.71,738.59104,2025-10-18T04:59:59.999000+00:00,78772917.7706753,87094,248.63502,26514221.1679038
2025-10-18T05:00:00+00:00,106478.66,106842.5,106478.66,106812.52,357.02039,2025-10-18T05:59:59.999000+00:00,38088323.9301864,58183,165.12631,17615485.3135935
2025-10-18T06:00:00+00:00,106812.52,106950.0,106711.95,106839.96,582.06053,2025-10-18T06:59:59.999000+00:00,62202477.9250286,64888,217.92712,23288811.4606132
2025-10-18T07:00:00+00:00,106839.97,107499.0,106607.2,106665.0,1298.66311,2025-10-18T07:59:59.999000+00:00,139086748.0536322,168284,575.33254,61640706.8459756
2025-10-18T08:00:00+00:00,106665.01,106966.62,106605.93,106719.2,1204.63747,2025-10-18T08:59:59.999000+00:00,128636608.6542067,131175,380.06932,40580641.6743948
2025-10-18T09:00:00+00:00,106719.2,106938.0,106629.66,106884.41,371.44202,2025-10-18T09:59:59.999000+00:00,39659007.8030377,65852,203.07095,21681579.7299042
2025-10-18T10:00:00+00:00,106884.41,107145.81,106788.41,106924.47,365.7402,2025-10-18T10:59:59.999000+00:00,39118295.8520938,90984,189.52294,20272457.2451357
2025-10-18T11:00:00+00:00,106924.47,107222.0,106770.0,107208.6,394.9085,2025-10-18T11:59:59.999000+00:00,42246082.120621,75912,224.10463,23979733.3332767
2025-10-18T12:00:00+00:00,107208.61,107300.0,106965.23,107065.17,265.11201,2025-10-18T12:59:59.999000+00:00,28399271.013932,80074,131.49254,14085674.4740635
2025-10-18T13:00:00+00:00,107065.17,107102.14,106810.0,106888.78,270.57628,2025-10-18T13:59:59.999000+00:00,28935705.3253931,88636,128.90879,13785362.8819832
2025-10-18T14:00:00+00:00,106888.77,107111.11,106739.33,107028.36,552.94765,2025-10-18T14:59:59.999000+00:00,59119103.4548794,111944,242.91701,25972115.9948849
2025-10-18T15:00:00+00:00,107028.37,107146.18,106815.86,106948.75,336.98269,2025-10-18T15:59:59.999000+00:00,36057267.0160515,85132,156.03618,16697071.153957
2025-10-18T16:00:00+00:00,106948.75,107063.89,106484.0,106664.01,353.04791,2025-10-18T16:59:59.999000+00:00,37678681.4205275,102730,149.80088,15986821.8484512
2025-10-18T17:00:00+00:00,106664.01,106955.79,106567.95,106880.03,246.03342,2025-10-18T17:59:59.999000+00:00,26264493.9731404,70079,127.06985,13564901.2089758
2025-10-18T18:00:00+00:00,106880.04,106920.0,106722.72,106843.75,158.99856,2025-10-18T18:59:59.999000+00:00,16983541.2745288,40701,57.70073,6163256.6728537
2025-10-18T19:00:00+00:00,106843.75,107091.87,106762.83,107080.14,153.17902,2025-10-18T19:59:59.999000+00:00,16382296.1862664,54941,74.95932,8016757.7270634
2025-10-18T20:00:00+00:00,107080.14,107339.03,107000.0,107018.51,262.63077,2025-10-18T20:59:59.999000+00:00,28142363.1910255,76223,134.79724,14445267.4543377
2025-10-18T21:00:00+00:00,107018.5,107220.24,106851.84,107177.05,198.46296,2025-10-18T21:59:59.999000+00:00,21242558.3381082,65314,88.54638,9479618.7319285
2025-10-18T22:00:00+00:00,107177.05,107283.71,107067.54,107125.87,219.09125,2025-10-18T22:59:59.999000+00:00,23482049.7608488,57909,125.2908,13429841.5946797
2025-10-18T23:00:00+00:00,107125.88,107200.0,107014.58,107185.01,124.75848,2025-10-18T23:59:59.999000+00:00,13361978.8597328,40627,57.35547,6142933.3926287
2025-10-19T00:00:00+00:00,107185.0,107267.2,106755.88,106898.03,393.96341,2025-10-19T00:59:59.999000+00:00,42166870.24809,122121,201.54057,21578230.2106208
2025-10-19T01:00:00+00:00,106898.03,106988.81,106734.17,106973.26,184.14483,2025-10-19T01:59:59.999000+00:00,19684906.17301,54521,94.77476,10130761.5778963
2025-10-19T02:00:00+00:00,106973.27,107000.0,106805.05,106847.02,121.85742,2025-10-19T02:59:59.999000+00:00,13026954.1913266,48831,52.90556,5655570.223649
2025-10-19T03:00:00+00:00,106847.03,107367.16,106802.32,107275.78,358.14644,2025-10-19T03:59:59.999000+00:00,38367835.8900678,79720,223.19514,23908910.6576572
2025-10-19T04:00:00+00:00,107275.79,107290.0,106949.9,107046.9,256.58858,2025-10-19T04:59:59.999000+00:00,27480125.9835559,69397,94.14096,10082930.4670102
2025-10-19T05:00:00+00:00,107046.89,107180.0,106794.23,106888.59,516.95583,2025-10-19T05:59:59.999000+00:00,55276860.8556782,84970,99.34063,10625578.1622242
2025-10-19T06:00:00+00:00,106888.6,106909.98,106558.61,106777.75,315.62124,2025-10-19T06:59:59.999000+00:00,33692330.9579207,65095,98.54836,10518240.8834931
2025-10-19T07:00:00+00:00,106777.75,106912.08,106702.0,106786.0,158.03024,2025-10-19T07:59:59.999000+00:00,16881355.8226063,53317,69.56136,7430192.7588089
2025-10-19T08:00:00+00:00,106786.0,107203.29,106278.74,106443.95,969.35569,2025-10-19T08:59:59.999000+00:00,103367234.778355,202996,374.95605,40015821.3087083
2025-10-19T09:00:00+00:00,106443.96,108213.04,106103.36,107401.47,2187.761,2025-10-19T09:59:59.999000+00:00,234415332.4617498,298837,1132.05901,121345820.5675065
2025-10-19T10:00:00+00:00,107401.47,107887.99,106999.57,107882.71,889.9682,2025-10-19T10:59:59.999000+00:00,95727253.0192423,247646,496.0798,53379279.339795
2025-10-19T11:00:00+00:00,107882.71,108260.5,107633.05,107783.47,1012.47378,2025-10-19T11:59:59.999000+00:00,109281445.5067811,198604,429.17323,46332549.086357
2025-10-19T12:00:00+00:00,107783.47,107859.42,107421.9,107631.43,816.5887,2025-10-19T12:59:59.999000+00:00,87852052.9829382,161452,286.54309,30826059.0731871
2025-10-19T13:00:00+00:00,107631.43,108227.44,107355.02,108096.34,912.20232,2025-10-19T13:59:59.999000+00:00,98213531.1513236,197390,387.5353,41754837.5585865
2025-10-19T14:00:00+00:00,108096.33,108508.0,107887.28,108405.47,1356.8762,2025-10-19T14:59:59.999000+00:00,146868858.4969284,224364,622.29622,67360985.2790372
2025-10-19T15:00:00+00:00,108405.47,108621.68,108328.25,108486.7,550.80586,2025-10-19T15:59:59.999000+00:00,59751361.5546482,147954,289.14772,31366587.2031039
2025-10-19T16:00:00+00:00,108486.71,108988.27,108240.0,108624.19,746.0028,2025-10-19T16:59:59.999000+00:00,81059666.4063669,125646,433.22267,47094324.2879673
2025-10-19T17:00:00+00:00,108624.19,109437.43,108615.2,109113.52,842.94186,2025-10-19T17:59:59.999000+00:00,91975882.1694099,179069,467.71671,51025922.8467659
2025-10-19T18:00:00+00:00,109113.53,109450.07,109037.5,109383.01,390.21394,2025-10-19T18:59:59.999000+00:00,42635024.0053352,114166,229.79619,25105836.516926
2025-10-19T19:00:00+00:00,109383.0,109383.01,108800.57,108908.43,451.40437,2025-10-19T19:59:59.999000+00:00,49223036.3033093,116468,194.49281,21209706.0968814
2025-10-19T20:00:00+00:00,108908.43,108984.9,108810.17,108845.06,661.43199,2025-10-19T20:59:59.999000+00:00,72017008.266123,101422,171.43275,18667418.4197495
2025-10-19T21:00:00+00:00,108845.07,108869.87,108620.0,108744.82,272.94763,2025-10-19T21:59:59.999000+00:00,29679068.0213243,64747,126.94297,13802821.2886969
2025-10-19T22:00:00+00:00,108744.83,109370.99,108744.83,109146.8,673.56143,2025-10-19T22:59:59.999000+00:00,73497673.5545858,147867,370.9578,40469799.9563109
2025-10-19T23:00:00+00:00,109146.8,109146.8,108471.1,108642.78,440.82047,2025-10-19T23:59:59.999000+00:00,47932410.7795578,99040,153.95047,16735352.0467987
2025-10-20T00:00:00+00:00,108642.77,108642.77,107402.52,108047.46,1198.8653,2025-10-20T00:59:59.999000+00:00,129413382.9050545,272390,497.45199,53684907.8076243
2025-10-20T01:00:00+00:00,108047.46,108276.04,107894.0,108053.58,602.84285,2025-10-20T01:59:59.999000+00:00,65148819.6394923,188030,320.17909,34607231.3998309
2025-10-20T02:00:00+00:00,108053.57,108970.51,107854.71,108767.02,605.86943,2025-10-20T02:59:59.999000+00:00,65723731.0907248,178310,352.27255,38215615.359164
2025-10-20T03:00:00+00:00,108767.03,110427.86,108571.59,110145.44,1275.9775,2025-10-20T03:59:59.999000+00:00,139890426.875102,223590,822.41989,90147087.0816885
2025-10-20T04:00:00+00:00,110145.45,110535.13,109951.96,110422.1,865.34314,2025-10-20T04:59:59.999000+00:00,95392928.3087698,239432,431.41139,47559731.1567142
2025-10-20T05:00:00+00:00,110422.1,111111.0,110291.27,111033.79,991.81207,2025-10-20T05:59:59.999000+00:00,109806914.4242572,207853,535.19426,59250253.6264431
2025-10-20T06:00:00+00:00,111033.79,111377.34,111001.91,111298.55,1196.86696,2025-10-20T06:59:59.999000+00:00,133103475.4098173,203607,623.00322,69285813.4816381
2025-10-20T07:00:00+00:00,111298.55,111445.67,111050.78,111169.92,913.95455,2025-10-20T07:59:59.999000+00:00,101674107.756897,139412,318.12031,35396309.8054714
2025-10-20T08:00:00+00:00,111169.91,111679.25,110943.4,111097.15,925.77025,2025-10-20T08:59:59.999000+00:00,103000201.6214295,140834,474.57254,52807565.959337
2025-10-20T09:00:00+00:00,111097.16,111200.0,110691.96,110964.13,1095.42239,2025-10-20T09:59:59.999000+00:00,121444563.2752875,150277,486.83056,53968074.4031978
2025-10-20T10:00:00+00:00,110964.14,111098.01,110612.0,110731.78,644.26773,2025-10-20T10:59:59.999000+00:00,71415572.3775393,143505,251.56263,27891330.2388273
2025-10-20T11:00:00+00:00,110731.78,111026.93,110608.27,111016.75,787.40667,2025-10-20T11:59:59.999000+00:00,87220534.6811233,156371,273.11063,30259466.3830827
2025-10-20T12:00:00+00:00,111016.75,111203.06,110780.0,110843.81,425.00243,2025-10-20T12:59:59.999000+00:00,47173153.7880863,136966,220.63109,24492374.610943
2025-10-20T13:00:00+00:00,110843.82,111203.06,110588.23,111161.35,666.08434,2025-10-20T13:59:59.999000+00:00,73825497.1233944,222177,329.86416,36568291.5110512
2025-10-20T14:00:00+00:00,111161.35,111395.84,110736.0,111210.86,911.55485,2025-10-20T14:59:59.999000+00:00,101305520.4764049,199489,537.23215,59718560.1794726
2025-10-20T15:00:00+00:00,111210.86,111705.56,111001.34,111144.55,1003.56342,2025-10-20T15:59:59.999000+00:00,111763911.757935,212791,560.92436,62470100.3255508
2025-10-20T16:00:00+00:00,111144.55,111303.05,110110.0,110683.19,1717.87854,2025-10-20T16:59:59.999000+00:00,190230945.9128184,353220,752.03116,83285926.4748523
2025-10-20T17:00:00+00:00,110683.2,111071.4,109855.83,110282.76,1077.4169,2025-10-20T17:59:59.999000+00:00,118975236.7927981,221440,398.10666,43943140.5337322
2025-10-20T18:00:00+00:00,110282.76,110968.98,110220.0,110937.92,457.18317,2025-10-20T18:59:59.999000+00:00,50561095.2854882,149331,244.50742,27047653.8307097
2025-10-20T19:00:00+00:00,110937.92,111067.33,110542.0,110803.22,464.17808,2025-10-20T19:59:59.999000+00:00,51440317.2674869,165871,248.54729,27545340.3925678
2025-10-20T20:00:00+00:00,110803.22,111272.0,110665.03,111091.46,480.99811,2025-10-20T20:59:59.999000+00:00,53391921.3060987,137184,226.61483,25156873.6568522
2025-10-20T21:00:00+00:00,111091.46,111243.64,110464.91,110563.2,332.06604,2025-10-20T21:59:59.999000+00:00,36800220.136509,78117,141.88369,15725685.794245
2025-10-20T22:00:00+00:00,110563.2,110867.39,110418.25,110794.08,267.98447,2025-10-20T22:59:59.999000+00:00,29664869.3518169,74636,127.855,14151766.6794016
2025-10-20T23:00:00+00:00,110794.08,110828.75,110521.85,110532.09,285.13241,2025-10-20T23:59:59.999000+00:00,31544838.029137,88709,106.17388,11746688.0293014
2025-10-21T00:00:00+00:00,110532.09,110532.09,110168.0,110446.69,437.52159,2025-10-21T00:59:59.999000+00:00,48294500.890717,139140,167.32607,18470619.6652876
2025-10-21T01:00:00+00:00,110446.68,110489.41,109555.0,109863.19,677.1117,2025-10-21T01:59:59.999000+00:00,74472966.4298071,132137,273.11668,30031980.3280065
2025-10-21T02:00:00+00:00,109863.18,109922.89,109303.86,109514.92,773.29938,2025-10-21T02:59:59.999000+00:00,84717557.3311127,196530,311.23559,34094691.9024217
2025-10-21T03:00:00+00:00,109514.92,109620.31,109052.09,109059.22,517.88075,2025-10-21T03:59:59.999000+00:00,56642412.560059,140517,212.16928,23214454.83445
2025-10-21T04:00:00+00:00,109059.23,109059.23,107650.94,107779.7,1936.39331,2025-10-21T04:59:59.999000+00:00,209512770.5515898,392491,935.59837,101207468.8598169
2025-10-21T05:00:00+00:00,107779.71,107979.46,107473.72,107537.12,1531.85421,2025-10-21T05:59:59.999000+00:00,165014217.0073291,230415,739.85985,79701436.6388052
2025-10-21T06:00:00+00:00,107537.12,108200.0,107499.19,107909.79,754.26623,2025-10-21T06:59:59.999000+00:00,81373289.5929647,178301,395.61588,42681512.6549397
2025-10-21T07:00:00+00:00,107909.79,108200.0,107645.21,108086.37,707.81305,2025-10-21T07:59:59.999000+00:00,76420871.2907608,139305,375.68772,40570502.4783609
2025-10-21T08:00:00+00:00,108086.38,108098.72,107484.22,107695.79,804.21106,2025-10-21T08:59:59.999000+00:00,86659654.0919939,155414,336.35866,36248195.0216719
2025-10-21T09:00:00+00:00,107695.79,107866.72,107540.09,107754.27,543.10308,2025-10-21T09:59:59.999000+00:00,58512211.605243,103032,264.8496,28533282.1317489
2025-10-21T10:00:00+00:00,107754.27,108811.47,107580.0,108499.56,1096.0073,2025-10-21T10:59:59.999000+00:00,118575853.3538815,163765,652.17066,70550536.8740272
2025-10-21T11:00:00+00:00,108499.56,108639.76,108169.81,108580.01,546.40513,2025-10-21T11:59:59.999000+00:00,59236687.7200417,136848,291.46943,31601608.9633205
2025-10-21T12:00:00+00:00,108580.0,109485.78,108466.48,108793.4,1229.63283,2025-10-21T12:59:59.999000+00:00,134092616.6603596,216372,620.26866,67639149.2722011
2025-10-21T13:00:00+00:00,108793.39,108913.68,107922.06,108426.98,1261.1868,2025-10-21T13:59:59.999000+00:00,136811525.4777029,342989,601.44664,65233771.3370484
2025-10-21T14:00:00+00:00,108426.98,112290.31,108408.0,112170.52,3335.7283,2025-10-21T14:59:59.999000+00:00,368865650.6529337,530854,1919.07906,212312003.3637546
2025-10-21T15:00:00+00:00,112170.52,113557.62,111716.91,113422.61,4175.55944,2025-10-21T15:59:59.999000+00:00,471043880.4060935,453766,2157.86815,243552668.2812205
2025-10-21T16:00:00+00:00,113422.6,114000.0,112465.33,112565.88,2654.63776,2025-10-21T16:59:59.999000+00:00,301126014.9929318,342589,1289.66531,146370250.3152442
2025-10-21T17:00:00+00:00,112565.88,112993.67,111813.18,111973.42,5531.17962,2025-10-21T17:59:59.999000+00:00,621287252.9641985,497398,1809.69963,203313003.1941056
2025-10-21T18:00:00+00:00,111973.41,112297.14,111324.29,111990.55,1962.19243,2025-10-21T18:59:59.999000+00:00,219680496.7758336,246197,758.99914,84961783.1905504
2025-10-21T19:00:00+00:00,111990.55,112200.0,111562.94,111780.39,583.46835,2025-10-21T19:59:59.999000+00:00,65268083.8463969,166306,270.66446,30280637.7014478
2025-10-21T20:00:00+00:00,111780.4,111801.41,110554.22,110787.56,1166.16267,2025-10-21T20:59:59.999000+00:00,129494190.3677551,249237,489.01801,54294860.4479536
2025-10-21T21:00:00+00:00,110787.56,111111.0,110111.0,110816.32,986.90737,2025-10-21T21:59:59.999000+00:00,109154819.9482015,184346,399.35543,44178615.6627835
2025-10-21T22:00:00+00:00,110816.33,110816.33,108271.68,109066.98,2484.48697,2025-10-21T22:59:59.999000+00:00,271723303.1888429,364220,1161.60102,126946692.335938
2025-10-21T23:00:00+00:00,109066.98,109423.19,108045.81,108297.67,1531.00726,2025-10-21T23:59:59.999000+00:00,166497022.2253038,301894,600.94825,65338025.8795081
2025-10-22T00:00:00+00:00,108297.66,108643.61,107841.2,107986.14,1537.60176,2025-10-22T00:59:59.999000+00:00,166322230.5890314,296233,662.80779,71714673.8856747
2025-10-22T01:00:00+00:00,107986.15,108460.02,107986.14,108364.21,1493.26761,2025-10-22T01:59:59.999000+00:00,161588295.3361558,232972,756.89958,81910628.4395741
2025-10-22T02:00:00+00:00,108364.22,108678.21,108198.85,108198.85,699.65823,2025-10-22T02:59:59.999000+00:00,75838477.3447752,157220,284.61895,30855882.1959117
2025-10-22T03:00:00+00:00,108198.85,108219.12,107860.92,108216.02,1121.03699,2025-10-22T03:59:59.999000+00:00,121159587.57706,154082,489.71312,52931571.9339874
2025-10-22T04:00:00+00:00,108216.03,108635.92,108162.09,108625.6,696.45277,2025-10-22T04:59:59.999000+00:00,75548870.6296725,119731,354.56079,38455838.4134099
2025-10-22T05:00:00+00:00,108625.61,108638.99,107879.93,108166.81,1434.44211,2025-10-22T05:59:59.999000+00:00,155118825.4772858,175322,720.05143,77826554.5042187
2025-10-22T06:00:00+00:00,108166.82,108331.75,107945.5,107980.02,675.25677,2025-10-22T06:59:59.999000+00:00,73007126.3100628,145333,312.15043,33749435.5980878
2025-10-22T07:00:00+00:00,107980.02,108321.64,107610.0,108321.63,1077.00799,2025-10-22T07:59:59.999000+00:00,116286860.6999452,173566,501.01756,54091709.0393574
2025-10-22T08:00:00+00:00,108321.64,108358.76,108079.86,108229.3,505.66169,2025-10-22T08:59:59.999000+00:00,54721320.3111575,108913,314.66035,34050918.7912134
2025-10-22T09:00:00+00:00,108229.3,108274.43,107773.89,107963.13,557.31037,2025-10-22T09:59:59.999000+00:00,60213175.3156268,131797,233.75128,25255702.4154928
2025-10-22T10:00:00+00:00,107963.12,108114.8,107650.0,107657.98,497.00462,2025-10-22T10:59:59.999000+00:00,53612572.6413779,134813,232.25598,25055523.996985
2025-10-22T11:00:00+00:00,107657.98,108207.99,106708.18,107555.05,2452.68318,2025-10-22T11:59:59.999000+00:00,263791255.7938641,352196,1149.88172,123699397.6992599
2025-10-22T12:00:00+00:00,107555.04,108399.0,107443.01,108044.96,841.76229,2025-10-22T12:59:59.999000+00:00,90887966.4807818,208215,456.89909,49330900.8557347
2025-10-22T13:00:00+00:00,108044.96,109014.34,107630.39,108783.36,1889.17586,2025-10-22T13:59:59.999000+00:00,204511415.0770512,367982,1073.10702,116199227.4985234
2025-10-22T14:00:00+00:00,108783.35,108998.0,107500.0,108947.5,3240.71769,2025-10-22T14:59:59.999000+00:00,350396972.3679356,538654,1709.05397,184840401.3421959
2025-10-22T15:00:00+00:00,108947.49,109163.88,107737.04,108416.5,1954.01743,2025-10-22T15:59:59.999000+00:00,211973139.541348,468578,890.6703,96633580.8635874
2025-10-22T16:00:00+00:00,108416.5,108796.42,107877.27,108226.0,1590.12287,2025-10-22T16:59:59.999000+00:00,172266969.9603906,381049,703.94661,76272448.6829457
2025-10-22T17:00:00+00:00,108226.0,108339.89,107566.65,107778.45,913.68528,2025-10-22T17:59:59.999000+00:00,98645528.0530805,250887,445.62316,48111356.0457722
2025-10-22T18:00:00+00:00,107778.45,108200.0,107463.29,108023.33,668.80381,2025-10-22T18:59:59.999000+00:00,72142530.3721343,213868,294.22497,31741335.8146937
2025-10-22T19:00:00+00:00,108023.33,108411.61,107685.61,107870.35,835.44242,2025-10-22T19:59:59.999000+00:00,90293984.8628304,200103,391.02199,42262986.3990936
2025-10-22T20:00:00+00:00,107870.35,108069.93,107500.0,107696.03,1003.6717,2025-10-22T20:59:59.999000+00:00,108122581.5818707,137220,427.00925,46010050.7485719
2025-10-22T21:00:00+00:00,107696.03,107749.02,106666.69,107207.98,1548.13803,2025-10-22T21:59:59.999000+00:00,165823053.1898542,267724,678.98531,72713514.4654851
2025-10-22T22:00:00+00:00,107207.98,107683.25,106917.57,107196.82,742.32871,2025-10-22T22:59:59.999000+00:00,79613639.622909,194803,328.77306,35264846.6032555
2025-10-22T23:00:00+00:00,107196.82,107946.15,107169.69,107567.44,635.53433,2025-10-22T23:59:59.999000+00:00,68405327.3077804,136642,354.9049,38201417.3669469
2025-10-23T00:00:00+00:00,107567.45,107980.52,107500.0,107845.3,396.0602,2025-10-23T00:59:59.999000+00:00,42663450.7796261,113826,217.62422,23445385.2862219
2025-10-23T01:00:00+00:00,107845.3,108500.0,107813.2,108150.0,1012.18554,2025-10-23T01:59:59.999000+00:00,109536390.0010608,155986,555.2009,60079534.0948536
2025-10-23T02:00:00+00:00,108150.01,108410.3,108058.66,108410.29,360.75702,2025-10-23T02:59:59.999000+00:00,39049690.1017645,81213,199.9343,21643490.9416289
2025-10-23T03:00:00+00:00,108410.29,108720.39,108323.59,108377.96,604.50041,2025-10-23T03:59:59.999000+00:00,65614604.4071561,113564,400.82821,43511300.9037538
2025-10-23T04:00:00+00:00,108377.96,108940.33,108350.36,108644.32,394.82009,2025-10-23T04:59:59.999000+00:00,42899389.5329822,81964,229.6896,24959226.8154304
2025-10-23T05:00:00+00:00,108644.31,108991.81,108622.05,108940.58,448.44483,2025-10-23T05:59:59.999000+00:00,48781610.3695687,72235,240.42227,26153929.3449167
2025-10-23T06:00:00+00:00,108940.58,110298.29,108849.07,110246.94,1472.3024,2025-10-23T06:59:59.999000+00:00,161618518.9163802,243410,817.90366,89766219.6026191
2025-10-23T07:00:00+00:00,110246.93,110273.48,109207.75,109269.9,999.21853,2025-10-23T07:59:59.999000+00:00,109593468.0274592,172792,434.11432,47590951.5556747
2025-10-23T08:00:00+00:00,109269.9,109903.83,109245.48,109505.44,737.41671,2025-10-23T08:59:59.999000+00:00,80832050.3024568,156297,309.74154,33949260.2304733
2025-10-23T09:00:00+00:00,109505.45,109545.76,109123.01,109426.99,503.07972,2025-10-23T09:59:59.999000+00:00,55000884.0103451,114443,217.62738,23793063.7708498
2025-10-23T10:00:00+00:00,109427.0,109701.9,109370.05,109439.2,401.4903,2025-10-23T10:59:59.999000+00:00,43970371.3914803,104408,174.81392,19145240.0110704
2025-10-23T11:00:00+00:00,109439.2,109655.89,109100.4,109253.89,562.0243,2025-10-23T11:59:59.999000+00:00,61461405.776977,127501,220.97672,24164152.9099176
2025-10-23T12:00:00+00:00,109253.88,109253.89,108685.72,109164.94,953.31213,2025-10-23T12:59:59.999000+00:00,103904632.0218323,197213,418.26982,45594077.5995579
2025-10-23T13:00:00+00:00,109164.95,109650.01,108800.01,109500.62,1286.55668,2025-10-23T13:59:59.999000+00:00,140600049.9014778,240635,651.13106,71186214.5211698
2025-10-23T14:00:00+00:00,109500.62,109851.62,108723.13,109594.9,1111.45274,2025-10-23T14:59:59.999000+00:00,121444515.6934072,307010,478.70157,52328665.7503483
2025-10-23T15:00:00+00:00,109594.9,110109.99,109486.38,109908.28,933.2687,2025-10-23T15:59:59.999000+00:00,102517928.4337343,262861,460.13068,50549558.9573427
2025-10-23T16:00:00+00:00,109908.29,110576.5,109647.34,110263.74,883.87893,2025-10-23T16:59:59.999000+00:00,97287244.6904234,184551,473.15812,52097915.9035017
2025-10-23T17:00:00+00:00,110263.74,111293.61,109650.0,111241.71,1605.70962,2025-10-23T17:59:59.999000+00:00,177667042.8136009,282391,815.78351,90271608.1140667
2025-10-23T18:00:00+00:00,111241.71,111289.36,110261.48,110571.66,761.73368,2025-10-23T18:59:59.999000+00:00,84360649.6000106,174683,317.0741,35113068.9434875
2025-10-23T19:00:00+00:00,110571.66,110619.9,110106.0,110200.0,388.99846,2025-10-23T19:59:59.999000+00:00,42921268.3527815,126479,148.74072,16414996.0668412
2025-10-23T20:00:00+00:00,110200.01,110200.01,109341.28,109524.81,629.20848,2025-10-23T20:59:59.999000+00:00,69133931.5351445,149610,245.96744,27027731.3584212
2025-10-23T21:00:00+00:00,109524.81,109727.22,109380.12,109532.97,424.08473,2025-10-23T21:59:59.999000+00:00,46467125.8134215,112407,211.07122,23129429.4806485
2025-10-23T22:00:00+00:00,109532.96,110158.37,109517.37,109943.94,443.21336,2025-10-23T22:59:59.999000+00:00,48722366.504129,89307,225.45747,24781427.0222996
2025-10-23T23:00:00+00:00,109943.95,110099.17,109839.0,110078.18,259.37538,2025-10-23T23:59:59.999000+00:00,28533700.4341738,56828,110.97441,12208868.5183154
2025-10-24T00:00:00+00:00,110078.19,110709.22,109983.93,110500.28,531.07612,2025-10-24T00:59:59.999000+00:00,58596804.8445238,149683,306.22062,33788755.54313
2025-10-24T01:00:00+00:00,110500.29,110665.53,110141.38,110585.08,371.9999,2025-10-24T01:59:59.999000+00:00,41088267.6861367,113392,188.75538,20850954.8866221
2025-10-24T02:00:00+00:00,110585.09,110829.67,110358.34,110570.12,303.69215,2025-10-24T02:59:59.999000+00:00,33570292.4052714,90066,157.77978,17442879.7113517
2025-10-24T03:00:00+00:00,110570.13,110630.81,110274.85,110441.46,332.11629,2025-10-24T03:59:59.999000+00:00,36676450.1751099,73346,116.92247,12912335.4749219
2025-10-24T04:00:00+00:00,110441.46,111470.32,110332.0,111178.55,958.63918,2025-10-24T04:59:59.999000+00:00,106486043.6093601,175810,484.45231,53803034.9887757
2025-10-24T05:00:00+00:00,111178.54,111310.31,110941.02,111261.36,515.30958,2025-10-24T05:59:59.999000+00:00,57275241.1958714,116812,252.99958,28120035.8516883
2025-10-24T06:00:00+00:00,111261.37,111488.0,111120.71,111464.36,480.6909,2025-10-24T06:59:59.999000+00:00,53511338.1049883,92347,233.42827,25986302.1620153
2025-10-24T07:00:00+00:00,111464.36,111522.3,110768.23,111054.61,750.55477,2025-10-24T07:59:59.999000+00:00,83416967.0583247,124275,308.66669,34306695.5396977
2025-10-24T08:00:00+00:00,111054.61,111226.02,110680.01,111097.8,627.57826,2025-10-24T08:59:59.999000+00:00,69653098.8675604,148487,256.27578,28445471.936407
2025-10-24T09:00:00+00:00,111097.79,111482.99,111000.0,111324.51,446.13074,2025-10-24T09:59:59.999000+00:00,49657728.8094034,124340,240.89352,26813063.2578036
2025-10-24T10:00:00+00:00,111324.51,111325.42,111069.46,111114.03,346.40996,2025-10-24T10:59:59.999000+00:00,38514445.4396166,89725,166.97808,18563545.5062346
2025-10-24T11:00:00+00:00,111114.03,111267.99,110600.0,111066.29,561.52762,2025-10-24T11:59:59.999000+00:00,62315839.0697976,108794,259.21088,28768341.3541755
2025-10-24T12:00:00+00:00,111066.29,112104.98,110867.15,111297.01,1692.92113,2025-10-24T12:59:59.999000+00:00,188816502.6066848,281177,936.40577,104448645.6600011
2025-10-24T13:00:00+00:00,111297.02,111451.47,110379.51,110937.94,1200.08389,2025-10-24T13:59:59.999000+00:00,133165313.3438949,276571,572.4501,63535290.0035738
2025-10-24T14:00:00+00:00,110937.94,110937.95,109700.01,110219.17,1902.54077,2025-10-24T14:59:59.999000+00:00,209484551.4970072,368501,985.30994,108483410.425792
2025-10-24T15:00:00+00:00,110219.17,110620.0,109896.51,110046.91,737.57678,2025-10-24T15:59:59.999000+00:00,81337452.2398064,203525,383.93543,42348364.781748
2025-10-24T16:00:00+00:00,110046.92,110387.79,109797.13,110261.81,441.40283,2025-10-24T16:59:59.999000+00:00,48586346.4460354,127721,227.43516,25036322.6540435
2025-10-24T17:00:00+00:00,110261.81,110571.18,110180.74,110235.22,368.64619,2025-10-24T17:59:59.999000+00:00,40685338.5578466,110196,159.45489,17597345.2992284
2025-10-24T18:00:00+00:00,110235.22,110639.04,110166.0,110619.39,336.10914,2025-10-24T18:59:59.999000+00:00,37131976.3437461,109597,167.78267,18532662.176591
2025-10-24T19:00:00+00:00,110619.39,110945.39,110525.06,110615.07,323.90966,2025-10-24T19:59:59.999000+00:00,35871793.4729614,101887,169.84311,18811343.7729427
2025-10-24T20:00:00+00:00,110615.07,111025.95,110478.0,110893.7,514.0647,2025-10-24T20:59:59.999000+00:00,56957297.7810681,76839,271.25284,30055396.6778305
2025-10-24T21:00:00+00:00,110893.69,111100.0,110646.64,111085.57,915.59401,2025-10-24T21:59:59.999000+00:00,101529366.9911296,104633,497.29509,55144765.1907383
2025-10-24T22:00:00+00:00,111085.57,111138.62,110927.23,111023.01,203.9224,2025-10-24T22:59:59.999000+00:00,22642342.8713139,43646,106.81425,11860387.6690879
2025-10-24T23:00:00+00:00,111023.01,111123.87,110882.05,111004.89,142.67216,2025-10-24T23:59:59.999000+00:00,15835965.5358737,29652,60.68079,6735104.283222
2025-10-25T00:00:00+00:00,111004.9,111044.86,110672.86,110766.6,210.6583,2025-10-25T00:59:59.999000+00:00,23349827.6345335,58448,79.73331,8836937.6925547
2025-10-25T01:00:00+00:00,110766.61,111226.67,110750.0,111070.31,235.37952,2025-10-25T01:59:59.999000+00:00,26126794.0229043,58580,116.80666,12966272.6900812
2025-10-25T02:00:00+00:00,111070.31,111128.91,110950.02,111025.77,134.00021,2025-10-25T02:59:59.999000+00:00,14877553.2852131,39916,39.01836,4332049.5946212
2025-10-25T03:00:00+00:00,111025.77,111136.65,110998.21,111029.99,249.3111,2025-10-25T03:59:59.999000+00:00,27692352.3114791,37951,132.21568,14685555.4416976
2025-10-25T04:00:00+00:00,111029.99,111458.81,111029.99,111228.0,411.01306,2025-10-25T04:59:59.999000+00:00,45744864.3629497,54847,220.09885,24495354.1202086
2025-10-25T05:00:00+00:00,111228.0,111433.54,111093.99,111386.79,235.19046,2025-10-25T05:59:59.999000+00:00,26162337.8894317,45206,111.87694,12446381.5631148
2025-10-25T06:00:00+00:00,111386.78,111497.1,111261.01,111366.42,334.48878,2025-10-25T06:59:59.999000+00:00,37248987.0248542,47216,160.27642,17848765.012175
2025-10-25T07:00:00+00:00,111366.43,111820.87,111366.43,111489.6,436.39799,2025-10-25T07:59:59.999000+00:00,48694266.3850442,79901,232.45126,25936689.1792474
2025-10-25T08:00:00+00:00,111489.59,111805.1,111488.44,111763.8,348.94057,2025-10-25T08:59:59.999000+00:00,38952592.3584508,58560,207.34767,23146779.8747145
2025-10-25T09:00:00+00:00,111763.81,111850.13,111491.62,111521.47,474.02907,2025-10-25T09:59:59.999000+00:00,52943193.9993483,75396,196.21168,21918052.3480646
2025-10-25T10:00:00+00:00,111521.47,111718.99,111375.81,111559.94,382.43284,2025-10-25T10:59:59.999000+00:00,42653554.7858268,89794,166.57787,18583939.6893355
2025-10-25T11:00:00+00:00,111559.94,111664.0,111480.68,111563.81,172.78406,2025-10-25T11:59:59.999000+00:00,19280329.8759367,42456,83.20912,9285339.0949916
2025-10-25T12:00:00+00:00,111563.81,111943.19,111530.38,111899.03,363.41104,2025-10-25T12:59:59.999000+00:00,40611027.0136845,68776,204.34018,22836866.424214
2025-10-25T13:00:00+00:00,111899.03,111916.0,111520.0,111680.91,355.08597,2025-10-25T13:59:59.999000+00:00,39670703.0642446,74748,180.09425,20118680.3255476
2025-10-25T14:00:00+00:00,111680.92,111765.97,111520.01,111591.19,216.60101,2025-10-25T14:59:59.999000+00:00,24181327.9170315,45817,107.24406,11974457.6368917
2025-10-25T15:00:00+00:00,111591.2,111591.2,111311.19,111385.18,318.98695,2025-10-25T15:59:59.999000+00:00,35553774.3318909,55185,147.31506,16418348.5486203
2025-10-25T16:00:00+00:00,111385.18,111479.99,111164.39,111372.25,430.41077,2025-10-25T16:59:59.999000+00:00,47907382.7834138,53215,182.52163,20316456.4328645
2025-10-25T17:00:00+00:00,111372.25,111451.16,111300.0,111374.96,134.57742,2025-10-25T17:59:59.999000+00:00,14985598.0210685,27240,74.91991,8342310.3074553
2025-10-25T18:00:00+00:00,111374.97,111731.78,111317.34,111719.98,227.92326,2025-10-25T18:59:59.999000+00:00,25432868.8103818,46183,136.60257,15243014.3602328
2025-10-25T19:00:00+00:00,111719.98,111720.0,111579.75,111623.45,170.60799,2025-10-25T19:59:59.999000+00:00,19047974.9905038,36552,75.03856,8378124.5582994
2025-10-25T20:00:00+00:00,111623.46,111659.39,111370.0,111431.94,154.33849,2025-10-25T20:59:59.999000+00:00,17209461.0983213,32508,58.4182,6513402.6209371
2025-10-25T21:00:00+00:00,111431.94,111477.76,111342.25,111477.76,133.46965,2025-10-25T21:59:59.999000+00:00,14869053.2476348,34464,50.07503,5578730.9604235
2025-10-25T22:00:00+00:00,111477.76,111683.64,111409.54,111621.69,159.63737,2025-10-25T22:59:59.999000+00:00,17804221.9933681,34708,74.0551,8260397.9570483
2025-10-25T23:00:00+00:00,111621.69,111675.49,111535.48,111646.27,118.29276,2025-10-25T23:59:59.999000+00:00,13201285.7676064,40532,50.63823,5651025.366604
2025-10-26T00:00:00+00:00,111646.27,111899.56,111544.15,111715.98,370.92714,2025-10-26T00:59:59.999000+00:00,41444544.9807233,81549,197.01889,22014469.6953278
2025-10-26T01:00:00+00:00,111715.98,111835.85,111520.0,111644.42,270.69687,2025-10-26T01:59:59.999000+00:00,30237803.3768998,59834,134.59781,15033662.5237582
2025-10-26T02:00:00+00:00,111644.41,111687.37,111408.54,111448.85,214.46307,2025-10-26T02:59:59.999000+00:00,23923752.4448716,61698,91.95799,10258799.7241384
2025-10-26T03:00:00+00:00,111448.85,111500.0,111260.45,111260.46,170.69475,2025-10-26T03:59:59.999000+00:00,19012801.5377634,40552,69.98825,7795710.244841
2025-10-26T04:00:00+00:00,111260.46,111479.99,111260.46,111430.4,129.38461,2025-10-26T04:59:59.999000+00:00,14412651.0755567,30589,62.95331,7011839.610596
2025-10-26T05:00:00+00:00,111430.39,111650.9,111367.19,111615.32,209.94274,2025-10-26T05:59:59.999000+00:00,23414714.9554679,38827,101.82694,11354560.327069
2025-10-26T06:00:00+00:00,111615.33,111686.65,111548.75,111635.95,156.20448,2025-10-26T06:59:59.999000+00:00,17434191.3915204,31850,57.01429,6363045.6564241
2025-10-26T07:00:00+00:00,111635.96,111724.96,111620.02,111723.98,169.97811,2025-10-26T07:59:59.999000+00:00,18983540.0603282,33958,73.31342,8187782.3472565
2025-10-26T08:00:00+00:00,111723.98,111850.0,111723.98,111776.94,240.40616,2025-10-26T08:59:59.999000+00:00,26877404.4377445,41510,121.3943,13571703.8062685
2025-10-26T09:00:00+00:00,111776.94,112779.81,111708.63,112528.83,1330.29795,2025-10-26T09:59:59.999000+00:00,149459210.1589745,194262,811.75568,91197812.2649931
2025-10-26T10:00:00+00:00,112528.82,112571.26,112189.33,112477.1,337.77399,2025-10-26T10:59:59.999000+00:00,37959014.6166376,88572,181.2106,20364912.5583027
2025-10-26T11:00:00+00:00,112477.11,113466.23,112430.56,113286.09,1079.09408,2025-10-26T11:59:59.999000+00:00,121956369.6921027,205998,578.25497,65336568.3967869
2025-10-26T12:00:00+00:00,113286.09,113827.02,113279.85,113575.05,1229.55057,2025-10-26T12:59:59.999000+00:00,139687655.7270466,220452,696.26416,79099522.5704888
2025-10-26T13:00:00+00:00,113575.06,114000.0,113283.8,113711.53,1099.62143,2025-10-26T13:59:59.999000+00:00,124995222.4518021,191962,559.27566,63578183.5853438
2025-10-26T14:00:00+00:00,113711.53,113885.27,113544.02,113575.36,739.58798,2025-10-26T14:59:59.999000+00:00,84138204.7296173,133269,364.55615,41476926.3265034
2025-10-26T15:00:00+00:00,113575.35,113725.48,113425.87,113694.97,437.55153,2025-10-26T15:59:59.999000+00:00,49674300.5646494,92575,190.49933,21629902.5667641
2025-10-26T16:00:00+00:00,113694.97,113761.98,113290.62,113517.53,556.71599,2025-10-26T16:59:59.999000+00:00,63205146.6117552,97012,285.25983,32387455.5940339
2025-10-26T17:00:00+00:00,113517.54,113747.85,113442.12,113442.13,319.42533,2025-10-26T17:59:59.999000+00:00,36287841.909352,63703,163.27617,18549788.1575053
2025-10-26T18:00:00+00:00,113442.14,113793.93,113442.13,113575.15,279.3019,2025-10-26T18:59:59.999000+00:00,31735590.0311944,61585,139.21072,15816663.8629791
2025-10-26T19:00:00+00:00,113575.15,113720.63,113503.82,113585.99,204.67267,2025-10-26T19:59:59.999000+00:00,23250714.5871671,41932,112.88074,12822509.6897056
2025-10-26T20:00:00+00:00,113585.98,113585.98,113283.11,113320.8,248.1548,2025-10-26T20:59:59.999000+00:00,28159853.5781691,45675,72.66625,8244310.6283075
2025-10-26T21:00:00+00:00,113320.8,113590.48,112901.0,113497.06,464.11186,2025-10-26T21:59:59.999000+00:00,52572277.8982129,110824,225.71993,25571987.4762319
2025-10-26T22:00:00+00:00,113497.06,115466.8,113497.06,114681.33,2524.96249,2025-10-26T22:59:59.999000+00:00,289373807.8621513,344573,1375.06803,157548568.0687469
2025-10-26T23:00:00+00:00,114681.34,114966.15,114385.13,114559.4,670.95687,2025-10-26T23:59:59.999000+00:00,76912021.195121,151190,316.21812,36245663.6692331
2025-10-27T00:00:00+00:00,114559.41,115176.47,114362.26,114767.29,1142.27258,2025-10-27T00:59:59.999000+00:00,131165892.0243273,187126,613.06213,70398701.2476278
2025-10-27T01:00:00+00:00,114767.28,115388.96,114710.92,115284.01,725.93495,2025-10-27T01:59:59.999000+00:00,83572263.2569494,145309,373.84013,43038763.8386857
2025-10-27T02:00:00+00:00,115284.01,115445.39,114815.6,114883.39,826.25748,2025-10-27T02:59:59.999000+00:00,95109223.6761735,131446,360.02157,41453681.1097202
2025-10-27T03:00:00+00:00,114883.4,115242.65,114829.48,114958.51,587.18766,2025-10-27T03:59:59.999000+00:00,67529560.9976666,113350,242.80188,27924252.3910726
2025-10-27T04:00:00+00:00,114958.52,115283.27,114938.01,115256.44,400.40691,2025-10-27T04:59:59.999000+00:00,46110129.1747106,72910,195.00136,22454632.3558837
2025-10-27T05:00:00+00:00,115256.43,115652.89,115256.43,115556.57,828.01463,2025-10-27T05:59:59.999000+00:00,95645179.3924769,135131,404.98104,46776028.6719586
2025-10-27T06:00:00+00:00,115556.56,116129.5,115361.65,116053.49,1794.85942,2025-10-27T06:59:59.999000+00:00,207780611.3479915,166032,957.27225,110834482.2004569
2025-10-27T07:00:00+00:00,116053.5,116400.0,115489.53,115554.6,2455.66454,2025-10-27T07:59:59.999000+00:00,284419362.1471941,212743,1089.34948,126193997.0202028
2025-10-27T08:00:00+00:00,115554.59,115607.48,114900.0,115014.88,1249.66033,2025-10-27T08:59:59.999000+00:00,144016435.3878071,171370,536.48215,61825592.9844642
2025-10-27T09:00:00+00:00,115014.88,115356.99,114814.69,115254.01,1148.54888,2025-10-27T09:59:59.999000+00:00,132165638.7447577,196374,611.43122,70367580.0139573
2025-10-27T10:00:00+00:00,115254.01,115550.02,115120.9,115447.94,557.73562,2025-10-27T10:59:59.999000+00:00,64359135.3163291,115696,305.8229,35287414.1372548
2025-10-27T11:00:00+00:00,115447.93,115528.74,115128.04,115362.02,745.97843,2025-10-27T11:59:59.999000+00:00,86084054.0204299,130271,461.26449,53228097.3692218
2025-10-27T12:00:00+00:00,115362.02,115437.48,115000.0,115065.67,1172.23501,2025-10-27T12:59:59.999000+00:00,135095351.664401,144496,733.3085,84516651.211648
2025-10-27T13:00:00+00:00,115065.96,115415.99,114566.83,115264.28,1010.17279,2025-10-27T13:59:59.999000+00:00,116155980.5272393,222938,450.77577,51846699.6889195
2025-10-27T14:00:00+00:00,115264.29,115358.0,114503.99,114810.05,987.16577,2025-10-27T14:59:59.999000+00:00,113346382.444974,247598,471.71515,54164233.9824145
2025-10-27T15:00:00+00:00,114810.06,115224.44,114778.0,114969.68,1323.86576,2025-10-27T15:59:59.999000+00:00,152257758.2777641,236007,916.56541,105422211.1358486
2025-10-27T16:00:00+00:00,114969.68,115636.86,114872.12,115497.57,818.25063,2025-10-27T16:59:59.999000+00:00,94370882.9849529,195161,520.53885,60033261.119794
2025-10-27T17:00:00+00:00,115497.57,115706.06,115311.19,115706.06,442.08673,2025-10-27T17:59:59.999000+00:00,51083126.1021415,127813,236.0676,27279812.4504822
2025-10-27T18:00:00+00:00,115706.06,115790.0,115325.0,115342.19,400.61809,2025-10-27T18:59:59.999000+00:00,46284593.9921751,110260,165.87999,19168234.7069505
2025-10-27T19:00:00+00:00,115342.18,115342.19,114790.81,114942.64,597.25209,2025-10-27T19:59:59.999000+00:00,68677030.0971352,133463,308.74996,35501689.5287158
2025-10-27T20:00:00+00:00,114942.64,114942.64,114408.0,114455.17,550.98109,2025-10-27T20:59:59.999000+00:00,63187740.8836533,106295,240.72702,27609123.6268818
2025-10-27T21:00:00+00:00,114455.17,114626.99,114135.61,114302.7,494.80813,2025-10-27T21:59:59.999000+00:00,56591774.7878258,104304,240.57136,27519730.2948141
2025-10-27T22:00:00+00:00,114302.69,114585.01,114059.4,114112.51,475.05268,2025-10-27T22:59:59.999000+00:00,54301780.7853126,125956,235.03703,26870531.1350761
2025-10-27T23:00:00+00:00,114112.5,114226.23,113830.01,114107.65,715.22221,2025-10-27T23:59:59.999000+00:00,81562856.5145796,128439,298.43458,34038134.7753383
2025-10-28T00:00:00+00:00,114107.65,114374.2,113788.32,113961.67,554.9177,2025-10-28T00:59:59.999000+00:00,63281962.5098951,147498,259.24426,29565983.8613697
2025-10-28T01:00:00+00:00,113961.67,114547.2,113961.67,114424.76,485.50547,2025-10-28T01:59:59.999000+00:00,55484489.8016703,107761,325.07276,37152838.4618943
2025-10-28T02:00:00+00:00,114424.76,114474.1,113569.91,113936.94,686.4219,2025-10-28T02:59:59.999000+00:00,78225818.8840238,138009,258.79314,29501471.4247638
2025-10-28T03:00:00+00:00,113936.93,114109.86,113717.0,113908.24,457.29772,2025-10-28T03:59:59.999000+00:00,52086227.9801656,141394,219.85502,25042950.757628
2025-10-28T04:00:00+00:00,113908.25,114076.91,113761.71,113964.59,440.12507,2025-10-28T04:59:59.999000+00:00,50133981.9228024,99821,232.58092,26493895.3350453
2025-10-28T05:00:00+00:00,113964.6,113981.73,113483.3,113605.31,628.71639,2025-10-28T05:59:59.999000+00:00,71514376.3780922,133028,215.76748,24547639.3409078
2025-10-28T06:00:00+00:00,113605.32,114186.01,113605.32,114115.52,542.51916,2025-10-28T06:59:59.999000+00:00,61797503.4729902,102122,327.00039,37245095.7321252
2025-10-28T07:00:00+00:00,114115.52,114364.99,114091.51,114188.37,579.31808,2025-10-28T07:59:59.999000+00:00,66164989.5344358,105977,401.80328,45889948.0178762
2025-10-28T08:00:00+00:00,114188.38,114480.19,114113.3,114427.23,307.52828,2025-10-28T08:59:59.999000+00:00,35164965.7971989,98993,182.54672,20873468.3613987
2025-10-28T09:00:00+00:00,114427.23,114634.46,114205.28,114528.6,373.30544,2025-10-28T09:59:59.999000+00:00,42716448.8697386,84034,216.92357,24823347.6535199
2025-10-28T10:00:00+00:00,114528.61,114608.78,114429.78,114595.71,230.0126,2025-10-28T10:59:59.999000+00:00,26340048.9074943,54848,136.26007,15603862.2085818
2025-10-28T11:00:00+00:00,114595.7,114673.68,114297.06,114357.73,326.08736,2025-10-28T11:59:59.999000+00:00,37331649.8008823,81566,157.79286,18066624.801511
2025-10-28T12:00:00+00:00,114357.72,114517.29,114138.06,114449.55,421.93096,2025-10-28T12:59:59.999000+00:00,48230256.913485,87749,225.41002,25769257.9079661
2025-10-28T13:00:00+00:00,114449.55,115522.91,114449.55,115522.9,1045.59275,2025-10-28T13:59:59.999000+00:00,120331517.0142258,256497,658.27852,75747449.6082612
2025-10-28T14:00:00+00:00,115522.91,116086.0,114223.63,115068.17,1820.63839,2025-10-28T14:59:59.999000+00:00,209915477.2160654,369067,880.77503,101549706.3140331
2025-10-28T15:00:00+00:00,115068.18,115425.84,114516.0,114641.38,720.35046,2025-10-28T15:59:59.999000+00:00,82841385.4651055,240080,380.35675,43757190.7809958
2025-10-28T16:00:00+00:00,114641.38,115500.0,114530.0,115341.59,754.64859,2025-10-28T16:59:59.999000+00:00,86821754.1211718,260115,398.67659,45864115.5808987
2025-10-28T17:00:00+00:00,115341.59,115591.41,115229.45,115290.0,436.8649,2025-10-28T17:59:59.999000+00:00,50429246.8379609,143501,154.0333,17781820.6376629
2025-10-28T18:00:00+00:00,115289.99,115366.45,114642.94,115022.8,370.32321,2025-10-28T18:59:59.999000+00:00,42584232.5587273,120478,155.62014,17887936.7157964
2025-10-28T19:00:00+00:00,115022.8,115075.08,113566.44,113689.99,1157.95866,2025-10-28T19:59:59.999000+00:00,132030875.8649517,283999,477.54125,54444053.5378452
2025-10-28T20:00:00+00:00,113689.0,113703.32,112324.82,112808.05,1738.00789,2025-10-28T20:59:59.999000+00:00,196178029.20532,347122,767.66752,86634512.7812731
2025-10-28T21:00:00+00:00,112808.05,113225.53,112211.0,112994.4,726.23538,2025-10-28T21:59:59.999000+00:00,81861470.446223,184329,383.85061,43279275.0800875
2025-10-28T22:00:00+00:00,112994.41,113289.02,112838.81,113224.08,336.06989,2025-10-28T22:59:59.999000+00:00,38004803.4256422,131911,202.44808,22896681.4661028
2025-10-28T23:00:00+00:00,113224.08,113224.08,112779.57,112898.45,383.04632,2025-10-28T23:59:59.999000+00:00,43282016.9360062,109946,147.01746,16612559.648828
2025-10-29T00:00:00+00:00,112898.44,112898.45,112442.87,112442.88,505.29871,2025-10-29T00:59:59.999000+00:00,56938021.6391438,131496,215.38821,24269038.7165861
2025-10-29T01:00:00+00:00,112442.87,112975.75,112100.0,112500.03,916.66416,2025-10-29T01:59:59.999000+00:00,103081074.1032583,207566,499.55401,56197093.3215663
2025-10-29T02:00:00+00:00,112500.03,112780.0,112414.47,112666.75,352.69724,2025-10-29T02:59:59.999000+00:00,39709974.543523,100937,193.11715,21744878.0888178
2025-10-29T03:00:00+00:00,112666.75,112666.75,112339.77,112523.49,301.5613,2025-10-29T03:59:59.999000+00:00,33927017.1784875,95195,144.73278,16282910.364068
2025-10-29T04:00:00+00:00,112523.49,112878.65,112505.58,112810.55,311.50456,2025-10-29T04:59:59.999000+00:00,35115797.567291,85105,178.06738,20071837.0765483
2025-10-29T05:00:00+00:00,112810.56,113379.0,112807.34,113039.1,640.93765,2025-10-29T05:59:59.999000+00:00,72482247.5266358,137512,340.27875,38482135.3065294
2025-10-29T06:00:00+00:00,113039.09,113348.78,112976.93,113284.2,443.58086,2025-10-29T06:59:59.999000+00:00,50181954.5815974,124967,250.89162,28382347.0026722
2025-10-29T07:00:00+00:00,113284.21,113577.9,113240.01,113577.9,640.61019,2025-10-29T07:59:59.999000+00:00,72626563.7956935,129280,454.07806,51479550.7030851
2025-10-29T08:00:00+00:00,113577.9,113624.12,112956.0,113070.94,507.26681,2025-10-29T08:59:59.999000+00:00,57454592.3378987,134245,239.45703,27123270.9990422
2025-10-29T09:00:00+00:00,113070.94,113105.08,112768.63,112974.44,659.57288,2025-10-29T09:59:59.999000+00:00,74488830.444785,121245,301.47245,34046146.205206
2025-10-29T10:00:00+00:00,112974.44,113186.58,112732.91,112870.01,425.8713,2025-10-29T10:59:59.999000+00:00,48117730.0220587,126736,197.47035,22311347.1776152
2025-10-29T11:00:00+00:00,112870.0,113240.72,112741.26,113132.36,378.28227,2025-10-29T11:59:59.999000+00:00,42773264.734393,117436,192.08872,21720635.7902014
2025-10-29T12:00:00+00:00,113132.35,113325.13,113050.01,113139.13,343.38468,2025-10-29T12:59:59.999000+00:00,38860768.7050371,87526,176.47592,19970609.8181984
2025-10-29T13:00:00+00:00,113139.13,113643.73,112705.0,112873.07,1155.92441,2025-10-29T13:59:59.999000+00:00,130820658.8337727,246644,554.83298,62817321.7657613
2025-10-29T14:00:00+00:00,112873.08,112916.0,112234.74,112488.44,1185.34226,2025-10-29T14:59:59.999000+00:00,133377636.6792496,260858,547.28313,61575616.1916886
2025-10-29T15:00:00+00:00,112488.45,112564.31,111401.5,111509.74,1921.74476,2025-10-29T15:59:59.999000+00:00,215146574.6159825,314479,824.47589,92282838.2253818
2025-10-29T16:00:00+00:00,111509.74,111523.32,110960.0,111106.35,1388.36304,2025-10-29T16:59:59.999000+00:00,154393642.5783954,286668,701.52383,78017259.8498352
2025-10-29T17:00:00+00:00,111106.35,111922.44,111002.23,111883.49,811.18965,2025-10-29T17:59:59.999000+00:00,90386761.8386669,184249,448.32349,49972238.6604715
2025-10-29T18:00:00+00:00,111883.5,112030.23,109200.0,110806.38,4372.18973,2025-10-29T18:59:59.999000+00:00,483530532.8239131,667692,2144.04772,237217224.5801233
2025-10-29T19:00:00+00:00,110806.38,111438.65,110157.03,110640.0,1170.09639,2025-10-29T19:59:59.999000+00:00,129750614.1463131,356641,588.43253,65254647.0918696
2025-10-29T20:00:00+00:00,110640.0,111538.16,110403.28,111433.46,728.51015,2025-10-29T20:59:59.999000+00:00,80848048.0824607,178023,397.26976,44096009.5825854
2025-10-29T21:00:00+00:00,111433.45,111800.0,111368.02,111617.26,405.07841,2025-10-29T21:59:59.999000+00:00,45198445.6241346,96344,237.89115,26546941.855281
2025-10-29T22:00:00+00:00,111617.26,111618.46,110949.68,111028.2,447.25113,2025-10-29T22:59:59.999000+00:00,49782298.476745,112712,179.77045,20012882.5732983
2025-10-29T23:00:00+00:00,111028.2,111077.76,109733.22,110021.29,1066.79122,2025-10-29T23:59:59.999000+00:00,117722935.6541092,177924,400.14897,44110826.4104761
2025-10-30T00:00:00+00:00,110021.3,110583.86,109703.43,110559.48,649.59178,2025-10-30T00:59:59.999000+00:00,71598919.3824645,211420,363.27678,40055300.197764
2025-10-30T01:00:00+00:00,110559.48,110725.64,110257.77,110460.76,575.63954,2025-10-30T01:59:59.999000+00:00,63620589.0552486,170307,294.76869,32583525.3129344
2025-10-30T02:00:00+00:00,110460.75,111011.99,110331.04,110985.92,488.21463,2025-10-30T02:59:59.999000+00:00,54079934.7730865,171616,270.44757,29960850.5806835
2025-10-30T03:00:00+00:00,110985.93,110985.93,110538.68,110751.47,628.73987,2025-10-30T03:59:59.999000+00:00,69632396.6844123,185683,340.06055,37659689.7427265
2025-10-30T04:00:00+00:00,110751.48,110761.43,107925.06,108575.27,3536.96505,2025-10-30T04:59:59.999000+00:00,385736562.1296048,607361,1451.48587,158232963.5236755
2025-10-30T05:00:00+00:00,108575.26,110434.58,108420.0,110248.29,1212.17428,2025-10-30T05:59:59.999000+00:00,132606255.9599983,344307,654.87682,71620401.7589185
2025-10-30T06:00:00+00:00,110248.28,110964.09,109978.01,110768.01,1000.82897,2025-10-30T06:59:59.999000+00:00,110511148.16608,263651,546.37092,60350263.8653535
2025-10-30T07:00:00+00:00,110768.01,111592.0,110639.25,111366.72,831.79805,2025-10-30T07:59:59.999000+00:00,92539784.7267203,196200,438.8177,48819791.3739137
2025-10-30T08:00:00+00:00,111366.72,111467.01,110681.22,110714.31,1187.21618,2025-10-30T08:59:59.999000+00:00,131877297.2874168,169182,704.69041,78298321.447448
2025-10-30T09:00:00+00:00,110714.31,110814.0,110125.17,110171.69,659.11121,2025-10-30T09:59:59.999000+00:00,72756319.4126242,167612,234.14861,25847826.0077178
2025-10-30T10:00:00+00:00,110171.68,110231.92,109829.54,110105.75,573.15523,2025-10-30T10:59:59.999000+00:00,63074933.817553,148821,257.99195,28393448.5948581
2025-10-30T11:00:00+00:00,110105.75,110144.25,109692.3,109717.29,551.05951,2025-10-30T11:59:59.999000+00:00,60572192.7877297,168960,249.18065,27391343.6842056
2025-10-30T12:00:00+00:00,109717.19,109777.93,108280.65,108387.86,1449.48653,2025-10-30T12:59:59.999000+00:00,157844347.9148712,366926,616.46278,67119515.9677522
2025-10-30T13:00:00+00:00,108387.86,108728.54,107400.0,107627.16,2868.53704,2025-10-30T13:59:59.999000+00:00,310072970.6751636,450817,1104.54598,119334054.3579062
2025-10-30T14:00:00+00:00,107627.15,108374.21,107610.44,108285.54,1206.17345,2025-10-30T14:59:59.999000+00:00,130336660.4375186,400486,698.75944,75512897.8677925
2025-10-30T15:00:00+00:00,108285.54,108350.44,107328.0,107711.56,1019.91386,2025-10-30T15:59:59.999000+00:00,109935433.3419967,298967,398.46051,42950876.3835398
2025-10-30T16:00:00+00:00,107711.56,108214.85,107559.98,108144.57,667.54851,2025-10-30T16:59:59.999000+00:00,72093366.7652243,232814,362.73797,39176014.5936746
2025-10-30T17:00:00+00:00,108144.58,108150.56,106801.0,107486.69,1492.47982,2025-10-30T17:59:59.999000+00:00,160101147.903064,364600,674.59614,72359579.6649002
2025-10-30T18:00:00+00:00,107486.69,107556.65,106791.78,106837.09,766.54153,2025-10-30T18:59:59.999000+00:00,82194927.0091191,247885,383.13876,41096594.7940417
2025-10-30T19:00:00+00:00,106837.09,107158.62,106304.34,106536.39,1440.69222,2025-10-30T19:59:59.999000+00:00,153809286.8769031,391377,740.13787,79043744.9226575
2025-10-30T20:00:00+00:00,106536.39,107652.0,106316.17,107510.91,1205.05225,2025-10-30T20:59:59.999000+00:00,128999897.2274309,347875,706.22989,75621480.759861
2025-10-30T21:00:00+00:00,107510.91,107950.0,107400.0,107907.68,846.16919,2025-10-30T21:59:59.999000+00:00,91093487.1513225,163873,508.13145,54690357.2058198
2025-10-30T22:00:00+00:00,107907.67,107939.0,107472.0,107912.81,333.78851,2025-10-30T22:59:59.999000+00:00,35948241.152016,123333,168.12656,18105127.779386
2025-10-30T23:00:00+00:00,107912.81,108334.53,107600.01,108322.88,797.95117,2025-10-30T23:59:59.999000+00:00,86185186.7852287,179378,383.68757,41447866.3580618
2025-10-31T00:00:00+00:00,108322.87,109586.94,108275.28,109317.21,1084.42941,2025-10-31T00:59:59.999000+00:00,118016216.8721754,267805,638.38208,69467646.8238654
2025-10-31T01:00:00+00:00,109317.21,110042.16,109180.0,109619.77,1402.71517,2025-10-31T01:59:59.999000+00:00,153908398.1543772,255632,669.93117,73502027.9680341
2025-10-31T02:00:00+00:00,109619.77,109685.32,108565.26,108857.99,866.79172,2025-10-31T02:59:59.999000+00:00,94589925.7506165,225136,364.69372,39774976.9921457
2025-10-31T03:00:00+00:00,108858.0,109324.4,108613.11,109227.86,820.345,2025-10-31T03:59:59.999000+00:00,89451500.1649934,211704,482.32419,52590952.5863241
2025-10-31T04:00:00+00:00,109227.87,110215.0,109114.88,110084.02,1133.07928,2025-10-31T04:59:59.999000+00:00,124423019.2464421,210366,652.257,71627480.4438794
2025-10-31T05:00:00+00:00,110084.02,110084.03,109691.92,109899.15,939.00824,2025-10-31T05:59:59.999000+00:00,103155148.4865938,122702,404.23188,44408776.6071141
2025-10-31T06:00:00+00:00,109899.15,109968.71,109517.49,109650.0,532.21593,2025-10-31T06:59:59.999000+00:00,58366252.8251619,153132,262.78551,28818799.8552575
2025-10-31T07:00:00+00:00,109650.0,109807.9,109266.58,109449.31,994.16577,2025-10-31T07:59:59.999000+00:00,108901896.8619071,171957,564.45205,61836545.5374102
2025-10-31T08:00:00+00:00,109449.32,110100.0,109214.13,110062.44,719.63357,2025-10-31T08:59:59.999000+00:00,78929860.1684749,230943,416.39569,45681851.0415916
2025-10-31T09:00:00+00:00,110062.45,110450.0,109807.89,109848.39,632.93862,2025-10-31T09:59:59.999000+00:00,69690862.4719661,200572,298.72552,32894993.3374673
2025-10-31T10:00:00+00:00,109848.39,110117.32,109710.08,109819.2,375.06762,2025-10-31T10:59:59.999000+00:00,41219739.2341157,149507,180.95035,19887145.2113471
2025-10-31T11:00:00+00:00,109819.21,110550.0,109461.53,110415.61,712.18313,2025-10-31T11:59:59.999000+00:00,78254871.9159157,193419,374.01892,41121225.6902612
2025-10-31T12:00:00+00:00,110415.62,110681.0,109619.94,109653.19,904.10139,2025-10-31T12:59:59.999000+00:00,99594155.8266295,251221,470.61451,51854889.0314467
2025-10-31T13:00:00+00:00,109653.2,110240.0,109366.91,110157.54,1164.32028,2025-10-31T13:59:59.999000+00:00,127887540.3887058,310856,588.32833,64624123.6582426
2025-10-31T14:00:00+00:00,110157.54,111054.61,109590.46,110790.14,2487.24179,2025-10-31T14:59:59.999000+00:00,274389675.6656416,459302,1203.6847,132759832.865198
2025-10-31T15:00:00+00:00,110790.14,111190.0,110132.02,110202.9,1557.65344,2025-10-31T15:59:59.999000+00:00,172305156.1476863,342702,764.36192,84555331.893613
2025-10-31T16:00:00+00:00,110202.9,110300.0,108671.25,108845.4,1222.91214,2025-10-31T16:59:59.999000+00:00,133983100.2865911,331227,467.82342,51250733.2473728
2025-10-31T17:00:00+00:00,108845.4,109417.91,108635.0,109299.98,1008.03929,2025-10-31T17:59:59.999000+00:00,109931067.3592221,310643,473.23201,51606667.0415221
2025-10-31T18:00:00+00:00,109299.98,109817.51,108974.76,109452.35,808.98594,2025-10-31T18:59:59.999000+00:00,88461724.9091816,242201,413.34992,45196844.0157975
2025-10-31T19:00:00+00:00,109452.2,110237.66,109114.52,109828.78,824.47324,2025-10-31T19:59:59.999000+00:00,90551694.5722212,228425,478.50555,52561369.8460696
2025-10-31T20:00:00+00:00,109828.78,109828.79,109438.12,109493.85,531.7637,2025-10-31T20:59:59.999000+00:00,58319172.159627,145458,248.53923,27260340.0929881
2025-10-31T21:00:00+00:00,109493.84,109750.0,109329.15,109558.48,331.78769,2025-10-31T21:59:59.999000+00:00,36350299.1893791,105041,155.0195,16983493.7224012
2025-10-31T22:00:00+00:00,109558.48,109801.89,109483.66,109580.09,286.93529,2025-10-31T22:59:59.999000+00:00,31465744.9311292,87829,123.38795,13530526.3045688
2025-10-31T23:00:00+00:00,109580.08,109683.31,109518.22,109608.01,177.41674,2025-10-31T23:59:59.999000+00:00,19443414.3526563,49092,102.54426,11237717.1098616
2025-11-01T00:00:00+00:00,109608.01,109751.99,109394.81,109730.78,314.60723,2025-11-01T00:59:59.999000+00:00,34464648.8053712,84033,123.35546,13514760.3384155
2025-11-01T01:00:00+00:00,109730.78,110048.0,109699.84,109734.11,205.95055,2025-11-01T01:59:59.999000+00:00,22621363.4692557,91298,97.09852,10667203.29432
2025-11-01T02:00:00+00:00,109734.1,109872.29,109478.09,109790.27,322.30901,2025-11-01T02:59:59.999000+00:00,35343944.9513507,98281,122.47322,13431652.3973475
2025-11-01T03:00:00+00:00,109790.27,110315.54,109789.17,110226.37,486.66403,2025-11-01T03:59:59.999000+00:00,53576137.9113539,111392,310.57376,34189791.4523646
2025-11-01T04:00:00+00:00,110226.38,110564.49,110109.58,110291.67,486.28878,2025-11-01T04:59:59.999000+00:00,53649436.9845457,140442,274.93734,30335415.1661221
2025-11-01T05:00:00+00:00,110291.66,110382.87,110050.0,110140.79,231.47577,2025-11-01T05:59:59.999000+00:00,25507277.1468772,89667,107.95637,11898420.8672343
2025-11-01T06:00:00+00:00,110140.78,110175.38,109933.86,110004.82,272.1363,2025-11-01T06:59:59.999000+00:00,29946862.4871795,67161,117.65999,12949243.4142911
2025-11-01T07:00:00+00:00,110004.82,110251.67,109992.78,110071.4,284.01087,2025-11-01T07:59:59.999000+00:00,31277798.5835992,83373,139.21357,15333239.1685654
2025-11-01T08:00:00+00:00,110071.4,110270.9,110071.4,110248.88,310.52873,2025-11-01T08:59:59.999000+00:00,34219616.457961,91234,143.7011,15835090.9207707
2025-11-01T09:00:00+00:00,110248.88,110254.55,109970.18,109991.29,350.98951,2025-11-01T09:59:59.999000+00:00,38649487.8648992,78571,125.43377,13810936.9343467
2025-11-01T10:00:00+00:00,109991.29,110169.23,109854.72,110147.83,273.03449,2025-11-01T10:59:59.999000+00:00,30037078.4762703,67072,119.62294,13160418.3667222
2025-11-01T11:00:00+00:00,110147.83,110238.78,110000.01,110137.59,193.43473,2025-11-01T11:59:59.999000+00:00,21303237.3918733,58582,83.70547,9218812.2915848
2025-11-01T12:00:00+00:00,110137.59,110200.0,110000.01,110017.27,289.94506,2025-11-01T12:59:59.999000+00:00,31921919.588498,80260,82.66908,9101440.1681667
2025-11-01T13:00:00+00:00,110017.26,110054.96,109702.66,109946.27,273.80468,2025-11-01T13:59:59.999000+00:00,30093941.0899177,103036,109.12956,11994780.9831562
2025-11-01T14:00:00+00:00,109946.26,109993.98,109728.94,109933.85,343.69011,2025-11-01T14:59:59.999000+00:00,37756719.14027,77859,137.93785,15153302.4922627
2025-11-01T15:00:00+00:00,109933.86,110348.0,109910.22,110310.65,619.56524,2025-11-01T15:59:59.999000+00:00,68247233.1954758,121222,331.20083,36484388.8656288
2025-11-01T16:00:00+00:00,110310.65,110529.99,110208.49,110464.33,670.42039,2025-11-01T16:59:59.999000+00:00,73995208.2148697,133713,288.45277,31835048.5615698
2025-11-01T17:00:00+00:00,110464.33,110495.04,110192.0,110208.97,297.51556,2025-11-01T17:59:59.999000+00:00,32816808.8275473,74030,92.13368,10162593.0667756
2025-11-01T18:00:00+00:00,110208.96,110361.03,110193.43,110341.27,169.41416,2025-11-01T18:59:59.999000+00:00,18681689.529649,50582,79.62269,8779941.0508343
2025-11-01T19:00:00+00:00,110341.28,110341.28,110220.77,110299.99,109.98551,2025-11-01T19:59:59.999000+00:00,12127241.9830933,30988,58.063,6401842.9561603
2025-11-01T20:00:00+00:00,110300.0,110516.17,110298.17,110406.2,211.21273,2025-11-01T20:59:59.999000+00:00,23320362.7614458,54207,131.04467,14468335.6854129
2025-11-01T21:00:00+00:00,110406.21,110426.0,109858.44,109862.85,273.04557,2025-11-01T21:59:59.999000+00:00,30094091.6987368,82167,96.84951,10675425.3333986
2025-11-01T22:00:00+00:00,109862.85,110098.59,109862.84,110092.78,259.45939,2025-11-01T22:59:59.999000+00:00,28539147.3386008,79283,170.83761,18790866.3179749
2025-11-01T23:00:00+00:00,110092.79,110144.49,109974.0,110098.1,129.01591,2025-11-01T23:59:59.999000+00:00,14197962.5360387,45761,63.01125,6934005.9875465
2025-11-02T00:00:00+00:00,110098.1,110127.26,109895.27,109974.09,318.19118,2025-11-02T00:59:59.999000+00:00,35007028.3041948,79032,149.9861,16501979.2495863
2025-11-02T01:00:00+00:00,109974.09,110091.36,109921.05,109978.01,159.66153,2025-11-02T01:59:59.999000+00:00,17564068.847,64723,76.04963,8365983.2504357
2025-11-02T02:00:00+00:00,109978.01,110263.91,109879.39,110015.77,233.11834,2025-11-02T02:59:59.999000+00:00,25650665.7432125,72779,109.20792,12016502.1709143
2025-11-02T03:00:00+00:00,110015.76,110086.82,109962.06,110053.23,145.30218,2025-11-02T03:59:59.999000+00:00,15984748.3135097,50793,59.47383,6542911.145455
2025-11-02T04:00:00+00:00,110053.22,110784.13,110030.06,110670.27,1380.24287,2025-11-02T04:59:59.999000+00:00,152153598.7716642,131129,717.51731,79108598.8289337
2025-11-02T05:00:00+00:00,110670.27,110714.04,110274.65,110497.98,1261.57372,2025-11-02T05:59:59.999000+00:00,139395098.4656787,124124,490.78531,54225851.7224804
2025-11-02T06:00:00+00:00,110497.98,110725.9,110274.9,110663.89,867.8504,2025-11-02T06:59:59.999000+00:00,95880032.8342349,104483,448.05767,49514491.3775987
2025-11-02T07:00:00+00:00,110663.9,111045.09,110429.7,110895.53,919.53603,2025-11-02T07:59:59.999000+00:00,101821303.5715531,101445,467.11573,51727801.424837
2025-11-02T08:00:00+00:00,110895.53,111013.43,110716.52,110850.17,518.6449,2025-11-02T08:59:59.999000+00:00,57478433.6984645,101572,278.6184,30874946.3943844
2025-11-02T09:00:00+00:00,110850.17,111037.94,110525.89,110714.0,566.42995,2025-11-02T09:59:59.999000+00:00,62755362.5897907,113660,248.42482,27529282.4868759
2025-11-02T10:00:00+00:00,110714.0,110876.53,110346.15,110492.0,715.95933,2025-11-02T10:59:59.999000+00:00,79208263.6352306,132283,430.64233,47650199.6784196
2025-11-02T11:00:00+00:00,110491.99,111229.78,110482.6,111196.99,627.26421,2025-11-02T11:59:59.999000+00:00,69601576.5951837,111654,418.76502,46477245.704795
2025-11-02T12:00:00+00:00,111196.99,111250.01,110678.25,110736.24,460.53292,2025-11-02T12:59:59.999000+00:00,51117924.8300851,171003,161.76455,17959150.3549572
2025-11-02T13:00:00+00:00,110736.24,110766.79,110173.84,110568.65,420.28873,2025-11-02T13:59:59.999000+00:00,46422542.2961587,164233,177.65116,19621276.7761645
2025-11-02T14:00:00+00:00,110568.65,110667.62,110202.16,110422.24,420.72705,2025-11-02T14:59:59.999000+00:00,46453720.0953801,177798,192.17469,21221001.8805485
2025-11-02T15:00:00+00:00,110422.24,110566.86,110096.32,110117.48,387.83077,2025-11-02T15:59:59.999000+00:00,42798387.5779694,122413,152.78805,16866382.8242864
2025-11-02T16:00:00+00:00,110117.49,110143.53,109735.59,110115.34,614.25585,2025-11-02T16:59:59.999000+00:00,67542123.7773229,179222,279.10554,30688946.7663087
2025-11-02T17:00:00+00:00,110115.34,110263.91,110027.93,110190.4,215.89779,2025-11-02T17:59:59.999000+00:00,23775836.3223531,78324,97.05555,10689584.3124825
2025-11-02T18:00:00+00:00,110190.41,110331.0,110174.33,110331.0,137.67403,2025-11-02T18:59:59.999000+00:00,15178723.9290055,67392,74.46483,8209991.1724101
2025-11-02T19:00:00+00:00,110331.0,110331.0,109960.95,110180.84,217.64836,2025-11-02T19:59:59.999000+00:00,23963679.642574,68178,97.4088,10725411.0936947
2025-11-02T20:00:00+00:00,110180.85,110213.2,109890.34,110086.7,208.23814,2025-11-02T20:59:59.999000+00:00,22913771.9882375,56347,106.19985,11684458.0737614
2025-11-02T21:00:00+00:00,110086.7,110126.94,109972.0,109990.9,196.61258,2025-11-02T21:59:59.999000+00:00,21634882.9156283,53423,112.92199,12425709.1581833
2025-11-02T22:00:00+00:00,109990.91,110012.0,109471.34,109899.99,458.99057,2025-11-02T22:59:59.999000+00:00,50366030.3333199,112662,205.84754,22592859.1971272
2025-11-02T23:00:00+00:00,109900.0,110742.26,109900.0,110540.68,654.52944,2025-11-02T23:59:59.999000+00:00,72202726.0637494,213516,369.83791,40796385.2103372
2025-11-03T00:00:00+00:00,110540.69,110750.0,109757.1,109757.11,449.08984,2025-11-03T00:59:59.999000+00:00,49541362.9148496,144301,163.90798,18089673.1336147
2025-11-03T01:00:00+00:00,109757.1,109910.33,109366.75,109665.5,905.23675,2025-11-03T01:59:59.999000+00:00,99232812.9444766,246312,430.06001,47157670.7864331
2025-11-03T02:00:00+00:00,109665.5,109754.14,108666.66,109033.83,1088.01796,2025-11-03T02:59:59.999000+00:00,118715922.0306217,315511,430.53024,46977197.4480494
2025-11-03T03:00:00+00:00,109033.84,109155.74,107907.44,107937.45,1524.18495,2025-11-03T03:59:59.999000+00:00,165113665.854759,375353,525.03961,56864728.3820493
2025-11-03T04:00:00+00:00,107937.45,107999.53,107480.13,107900.37,1058.5459,2025-11-03T04:59:59.999000+00:00,114068217.1472923,294897,458.16582,49373537.1792161
2025-11-03T05:00:00+00:00,107900.37,108075.0,107400.0,107606.75,815.12463,2025-11-03T05:59:59.999000+00:00,87826084.5482055,228884,347.70205,37477834.108354
2025-11-03T06:00:00+00:00,107606.75,107714.05,107006.05,107494.23,1115.28935,2025-11-03T06:59:59.999000+00:00,119831450.4826681,272905,540.28039,58063189.8619849
2025-11-03T07:00:00+00:00,107494.24,107832.45,107272.93,107468.23,874.56308,2025-11-03T07:59:59.999000+00:00,94051612.1768599,225093,386.53897,41573651.2597005
2025-11-03T08:00:00+00:00,107468.23,107705.15,106888.0,107586.97,1033.44721,2025-11-03T08:59:59.999000+00:00,110848965.025473,241237,345.64093,37101845.238395
2025-11-03T09:00:00+00:00,107586.98,107912.86,107083.33,107197.94,675.70561,2025-11-03T09:59:59.999000+00:00,72616822.2598982,200940,237.40654,25526377.5346954
2025-11-03T10:00:00+00:00,107197.95,107621.06,106726.63,106974.99,987.3979,2025-11-03T10:59:59.999000+00:00,105864709.1842353,174778,343.60828,36837294.3483643
2025-11-03T11:00:00+00:00,106974.99,107920.92,106963.0,107787.42,774.01269,2025-11-03T11:59:59.999000+00:00,83191477.5804592,226783,410.2428,44100618.76501
2025-11-03T12:00:00+00:00,107787.42,108265.44,107713.1,107768.9,742.62608,2025-11-03T12:59:59.999000+00:00,80203947.6016683,190658,421.35466,45511612.6342045
2025-11-03T13:00:00+00:00,107768.91,108068.59,107574.77,107908.68,647.66063,2025-11-03T13:59:59.999000+00:00,69801401.7759802,195992,280.58585,30243178.3469965
2025-11-03T14:00:00+00:00,107908.68,108333.0,107369.01,108059.99,919.91286,2025-11-03T14:59:59.999000+00:00,99181144.2314262,328111,429.1224,46289852.8101843
2025-11-03T15:00:00+00:00,108060.0,108148.81,105511.0,105745.71,3853.95819,2025-11-03T15:59:59.999000+00:00,409666876.4509869,692009,1605.02271,170668441.1647009
2025-11-03T16:00:00+00:00,105745.71,106798.01,105306.56,106678.44,3622.24107,2025-11-03T16:59:59.999000+00:00,384513328.4679647,603614,1618.55495,171857109.2079207
2025-11-03T17:00:00+00:00,106678.43,107783.2,106536.11,107481.19,1563.75664,2025-11-03T17:59:59.999000+00:00,167686322.4360036,405848,881.26433,94483893.4239514
2025-11-03T18:00:00+00:00,107481.2,107599.85,106813.0,106961.62,1651.54985,2025-11-03T18:59:59.999000+00:00,177088525.7484338,297881,882.75425,94658034.9040133
2025-11-03T19:00:00+00:00,106961.61,107395.25,106455.23,107090.0,950.86728,2025-11-03T19:59:59.999000+00:00,101721104.1936393,300037,559.23836,59833865.3557093
2025-11-03T20:00:00+00:00,107090.0,107169.68,106310.43,106657.55,850.2085,2025-11-03T20:59:59.999000+00:00,90740398.5968013,359138,400.5171,42755532.5492502
2025-11-03T21:00:00+00:00,106657.55,107094.27,106088.73,106888.71,790.25915,2025-11-03T21:59:59.999000+00:00,84343098.9854117,324017,326.16781,34811198.1821593
2025-11-03T22:00:00+00:00,106888.71,106888.71,105755.59,106489.95,1150.56648,2025-11-03T22:59:59.999000+00:00,122372162.9008856,245147,551.02332,58625696.5874731
2025-11-03T23:00:00+00:00,106489.94,106750.0,106030.14,106583.04,636.96519,2025-11-03T23:59:59.999000+00:00,67785238.4625676,185100,272.35638,28987073.4557474
2025-11-04T00:00:00+00:00,106583.05,106808.51,105852.37,106471.45,1195.65517,2025-11-04T00:59:59.999000+00:00,127156893.0888427,332271,512.29601,54474908.1873138
2025-11-04T01:00:00+00:00,106471.45,107298.74,106277.46,107040.01,1133.99025,2025-11-04T01:59:59.999000+00:00,121231340.0576302,321129,579.99366,61998070.1872967
2025-11-04T02:00:00+00:00,107040.0,107243.23,106477.1,106482.6,701.66328,2025-11-04T02:59:59.999000+00:00,74966346.2019973,245023,373.90678,39943911.3858588
2025-11-04T03:00:00+00:00,106482.61,107233.83,106223.14,107158.79,1057.66983,2025-11-04T03:59:59.999000+00:00,113069351.4733894,244889,699.12363,74743961.4368353
2025-11-04T04:00:00+00:00,107158.79,107299.0,106703.82,106750.14,745.43101,2025-11-04T04:59:59.999000+00:00,79784834.7637385,209011,395.08829,42300655.3916665
2025-11-04T05:00:00+00:00,106750.14,106750.15,104200.0,104215.76,3268.3578,2025-11-04T05:59:59.999000+00:00,343766048.2736002,486506,1126.45484,118473839.8450994
2025-11-04T06:00:00+00:00,104215.76,105201.0,104200.0,104766.14,2382.47316,2025-11-04T06:59:59.999000+00:00,249454222.8965735,357622,1198.62447,125504339.0767722
2025-11-04T07:00:00+00:00,104766.14,104997.64,104317.56,104490.72,1633.60477,2025-11-04T07:59:59.999000+00:00,170881497.1157101,277938,825.65011,86357032.2080521
2025-11-04T08:00:00+00:00,104490.73,104631.39,103759.99,104051.9,1804.04853,2025-11-04T08:59:59.999000+00:00,187949961.5198455,323667,736.00928,76696467.9500908
2025-11-04T09:00:00+00:00,104051.9,104138.65,103636.0,103857.96,1455.72161,2025-11-04T09:59:59.999000+00:00,151236916.9184321,277311,586.40434,60933243.3618897
2025-11-04T10:00:00+00:00,103857.96,104106.55,103605.0,103816.39,1073.24239,2025-11-04T10:59:59.999000+00:00,111391528.7603062,287433,453.16126,47036430.9008551
2025-11-04T11:00:00+00:00,103816.39,104699.07,103774.33,104584.76,988.08793,2025-11-04T11:59:59.999000+00:00,103067238.9378286,245790,580.55256,60561072.6814248
2025-11-04T12:00:00+00:00,104584.75,104638.29,103844.39,103952.54,1216.95881,2025-11-04T12:59:59.999000+00:00,126729264.0925043,237611,612.73444,63800851.9751753
2025-11-04T13:00:00+00:00,103952.54,104243.67,103576.0,103924.25,1018.30395,2025-11-04T13:59:59.999000+00:00,105783943.4043208,255475,387.55326,40272823.1160091
2025-11-04T14:00:00+00:00,103924.26,104694.28,102915.05,104500.01,2915.82303,2025-11-04T14:59:59.999000+00:00,302284273.3269402,459051,1298.77426,134722429.9261482
2025-11-04T15:00:00+00:00,104500.01,104842.63,103185.89,103197.01,2271.81312,2025-11-04T15:59:59.999000+00:00,236586744.2044231,474489,1070.68164,111547638.4605387
2025-11-04T16:00:00+00:00,103197.02,103500.05,102164.0,102257.7,3313.32683,2025-11-04T16:59:59.999000+00:00,340634523.356896,562206,1289.48733,132596188.2927282
2025-11-04T17:00:00+00:00,102257.7,102257.7,100800.0,101114.83,4223.40802,2025-11-04T17:59:59.999000+00:00,428470955.4694176,663485,1817.30565,184336938.077323
2025-11-04T18:00:00+00:00,101114.82,101492.74,100010.73,101363.98,4101.41064,2025-11-04T18:59:59.999000+00:00,413018514.7446623,625911,1807.90749,182126082.5377402
2025-11-04T19:00:00+00:00,101363.97,101711.84,100414.0,100542.64,1814.79036,2025-11-04T19:59:59.999000+00:00,183434047.2840239,466508,920.80932,93100254.753624
2025-11-04T20:00:00+00:00,100542.64,101119.4,99600.0,100755.43,4335.57159,2025-11-04T20:59:59.999000+00:00,434923219.2764294,599202,2011.16256,201871975.2316148
2025-11-04T21:00:00+00:00,100755.42,100831.49,98944.36,100311.46,4105.7665,2025-11-04T21:59:59.999000+00:00,409707603.0308254,530430,1937.98055,193498397.9962077
2025-11-04T22:00:00+00:00,100311.46,101893.09,100082.0,101295.71,2258.84809,2025-11-04T22:59:59.999000+00:00,228253667.6440861,383304,1224.26678,123711717.5999236
2025-11-04T23:00:00+00:00,101295.7,101740.0,100907.36,101497.22,1518.90709,2025-11-04T23:59:59.999000+00:00,153914699.3699897,233347,943.06182,95577482.5903418
2025-11-05T00:00:00+00:00,101497.23,101752.96,100350.0,100564.3,1452.38181,2025-11-05T00:59:59.999000+00:00,146570803.5415943,325593,696.30472,70295605.1535261
2025-11-05T01:00:00+00:00,100564.3,101015.01,98966.8,100761.62,3025.00486,2025-11-05T01:59:59.999000+00:00,301950510.3594039,522828,1390.55257,138857475.7559555
2025-11-05T02:00:00+00:00,100761.62,101922.98,100754.54,101677.93,3700.99085,2025-11-05T02:59:59.999000+00:00,375285834.3577896,471966,2179.53607,221050816.7423464
2025-11-05T03:00:00+00:00,101677.94,102272.23,101461.98,102130.0,2834.46709,2025-11-05T03:59:59.999000+00:00,289059113.4883361,353352,1728.02857,176230486.4199261
2025-11-05T04:00:00+00:00,102130.0,102236.92,101517.47,101998.3,2059.55564,2025-11-05T04:59:59.999000+00:00,209940730.2126122,261156,1256.54626,128107387.2669673
2025-11-05T05:00:00+00:00,101998.3,102370.0,101595.0,101824.89,1088.37371,2025-11-05T05:59:59.999000+00:00,110963237.7741557,226259,615.84482,62797527.7417036
2025-11-05T06:00:00+00:00,101824.89,102139.36,101500.0,102119.99,869.66608,2025-11-05T06:59:59.999000+00:00,88544235.2188171,196878,537.06788,54684829.233263
2025-11-05T07:00:00+00:00,102120.0,102152.58,101601.71,101993.02,644.24535,2025-11-05T07:59:59.999000+00:00,65649031.6261509,167147,336.71586,34311908.3322284
2025-11-05T08:00:00+00:00,101993.03,102000.02,101176.47,101699.74,1179.77273,2025-11-05T08:59:59.999000+00:00,119846849.0242783,275371,538.27264,54683918.6790782
2025-11-05T09:00:00+00:00,101699.74,102203.48,101608.0,101995.29,785.11664,2025-11-05T09:59:59.999000+00:00,80013947.6478345,244906,382.39385,38975610.9452345
2025-11-05T10:00:00+00:00,101995.28,101995.29,101285.09,101401.97,724.99165,2025-11-05T10:59:59.999000+00:00,73703110.3386378,230243,332.02398,33752316.8761095
2025-11-05T11:00:00+00:00,101401.97,102110.48,101381.68,102070.61,887.62047,2025-11-05T11:59:59.999000+00:00,90349664.262281,201205,454.40746,46266350.6295232
2025-11-05T12:00:00+00:00,102070.62,102800.71,101916.77,102673.35,1241.26951,2025-11-05T12:59:59.999000+00:00,127120430.5967444,253068,722.42964,73990168.2995062
2025-11-05T13:00:00+00:00,102673.34,103253.39,102291.82,102985.91,1451.5824,2025-11-05T13:59:59.999000+00:00,149133124.362681,272356,833.41291,85635488.604394
2025-11-05T14:00:00+00:00,102985.9,103470.0,102169.06,103202.3,1801.60223,2025-11-05T14:59:59.999000+00:00,185347567.5969297,394964,922.45746,94920486.3656129
2025-11-05T15:00:00+00:00,103202.3,103798.37,102829.51,103728.3,1851.46451,2025-11-05T15:59:59.999000+00:00,191425685.2277939,431127,895.53407,92601996.86968
2025-11-05T16:00:00+00:00,103728.3,104039.66,103057.56,103919.2,1677.80348,2025-11-05T16:59:59.999000+00:00,173897697.5666697,330986,868.95528,90077181.3328442
2025-11-05T17:00:00+00:00,103919.2,104000.0,103388.46,103904.05,1795.89346,2025-11-05T17:59:59.999000+00:00,186212145.7264574,266922,973.84041,100982118.4871939
2025-11-05T18:00:00+00:00,103904.05,104429.75,103759.53,104347.4,1222.46217,2025-11-05T18:59:59.999000+00:00,127253227.5386575,248847,718.27782,74767920.7900341
2025-11-05T19:00:00+00:00,104347.41,104529.41,103986.96,104008.09,796.61274,2025-11-05T19:59:59.999000+00:00,83048683.2622722,177400,409.0771,42650224.73223
2025-11-05T20:00:00+00:00,104008.09,104534.74,103620.0,103831.22,881.47869,2025-11-05T20:59:59.999000+00:00,91663646.1636495,209777,449.03121,46699699.6208771
2025-11-05T21:00:00+00:00,103831.22,103831.22,103500.8,103672.37,586.96502,2025-11-05T21:59:59.999000+00:00,60844102.8588495,176109,274.78446,28487175.0301222
2025-11-05T22:00:00+00:00,103672.38,103798.95,103305.05,103706.55,686.44411,2025-11-05T22:59:59.999000+00:00,71077341.4339919,130535,318.67953,32998244.4586866
2025-11-05T23:00:00+00:00,103706.55,104100.0,103667.26,103885.16,533.01051,2025-11-05T23:59:59.999000+00:00,55373202.5137969,131373,292.67371,30407338.6659681
2025-11-06T00:00:00+00:00,103885.16,103897.86,103324.21,103677.72,1223.43533,2025-11-06T00:59:59.999000+00:00,126682517.573753,197552,569.01089,58931629.6306178
2025-11-06T01:00:00+00:00,103677.71,103677.72,102716.26,103365.65,1156.07343,2025-11-06T01:59:59.999000+00:00,119203566.1966322,209569,443.61298,45755330.0248331
2025-11-06T02:00:00+00:00,103365.64,103567.93,102855.66,103321.81,711.05988,2025-11-06T02:59:59.999000+00:00,73402219.5218686,203928,309.23405,31925222.0259322
2025-11-06T03:00:00+00:00,103321.8,103933.33,103315.48,103636.03,691.22573,2025-11-06T03:59:59.999000+00:00,71641410.9542953,169374,428.13687,44367693.5372274
2025-11-06T04:00:00+00:00,103636.92,104200.0,103580.0,104030.79,671.34024,2025-11-06T04:59:59.999000+00:00,69737412.931209,121899,386.06688,40102650.5705945
2025-11-06T05:00:00+00:00,104030.8,104030.8,103088.0,103143.57,755.30818,2025-11-06T05:59:59.999000+00:00,78190952.3551386,172800,289.19095,29916912.611802
2025-11-06T06:00:00+00:00,103143.57,103591.47,103006.17,103318.75,555.63033,2025-11-06T06:59:59.999000+00:00,57417716.6753714,168897,294.13001,30393683.1316089
2025-11-06T07:00:00+00:00,103318.76,103561.94,102910.66,103185.48,988.58677,2025-11-06T07:59:59.999000+00:00,102016190.8563888,228244,470.80231,48589641.7085142
2025-11-06T08:00:00+00:00,103184.75,103440.0,102971.99,103200.26,647.13062,2025-11-06T08:59:59.999000+00:00,66784900.9309983,169514,310.65808,32063906.7010975
2025-11-06T09:00:00+00:00,103200.26,103261.93,102810.0,102810.01,536.64925,2025-11-06T09:59:59.999000+00:00,55271407.1713801,168660,252.39466,25994164.6895907
2025-11-06T10:00:00+00:00,102810.01,103288.59,102651.63,103122.54,932.94397,2025-11-06T10:59:59.999000+00:00,96025789.7208178,146842,381.88738,39324033.7536691
2025-11-06T11:00:00+00:00,103122.54,103300.01,102743.82,103227.58,540.52931,2025-11-06T11:59:59.999000+00:00,55715007.9583111,116103,273.33391,28175966.267256
2025-11-06T12:00:00+00:00,103227.59,103333.18,102383.64,102552.38,1051.14565,2025-11-06T12:59:59.999000+00:00,108029118.9172959,191008,506.74309,52069667.884186
2025-11-06T13:00:00+00:00,102552.39,103626.46,102552.38,103319.71,941.18298,2025-11-06T13:59:59.999000+00:00,97133099.6816852,245056,474.64674,48976505.0203621
2025-11-06T14:00:00+00:00,103319.71,103579.68,102044.63,102125.0,1661.00797,2025-11-06T14:59:59.999000+00:00,170484641.3605827,409701,762.91799,78313706.2766697
2025-11-06T15:00:00+00:00,102124.99,102932.94,101630.0,102014.48,3027.20967,2025-11-06T15:59:59.999000+00:00,309275798.9486038,578086,1333.43765,136211327.1192806
2025-11-06T16:00:00+00:00,102014.49,102393.51,100300.95,100867.2,3035.72721,2025-11-06T16:59:59.999000+00:00,307264303.9891581,502070,1363.65935,138009506.815656
2025-11-06T17:00:00+00:00,100867.19,101946.31,100770.57,101804.01,1310.77048,2025-11-06T17:59:59.999000+00:00,132832015.6357538,423293,662.44406,67142638.2289407
2025-11-06T18:00:00+00:00,101804.02,102338.0,100916.74,101722.13,956.16247,2025-11-06T18:59:59.999000+00:00,97128883.026539,305594,478.94707,48654299.0974196
2025-11-06T19:00:00+00:00,101722.12,101999.44,101202.73,101388.81,756.60374,2025-11-06T19:59:59.999000+00:00,76887820.0255904,255989,367.82673,37387471.6129116
2025-11-06T20:00:00+00:00,101388.82,101643.28,100638.55,100914.11,812.36283,2025-11-06T20:59:59.999000+00:00,82127009.8671583,272242,370.48924,37455181.3543173
2025-11-06T21:00:00+00:00,100914.11,101220.9,100541.17,101117.17,938.29195,2025-11-06T21:59:59.999000+00:00,94674510.9383191,198808,437.93414,44190719.5107857
2025-11-06T22:00:00+00:00,101117.17,101480.0,101009.7,101415.05,639.89634,2025-11-06T22:59:59.999000+00:00,64780913.6238116,137810,335.63089,33977254.833551
2025-11-06T23:00:00+00:00,101415.05,101538.0,101132.6,101346.04,1274.34706,2025-11-06T23:59:59.999000+00:00,129060637.4451649,161962,469.41204,47545060.6136047
2025-11-07T00:00:00+00:00,101346.04,101640.0,100749.94,101479.78,823.54705,2025-11-07T00:59:59.999000+00:00,83402389.6823874,265377,403.93762,40917127.6470569
2025-11-07T01:00:00+00:00,101479.79,101894.83,100905.1,101538.96,1095.04627,2025-11-07T01:59:59.999000+00:00,110984810.4581598,285086,582.41591,59030892.1910852
2025-11-07T02:00:00+00:00,101538.96,101928.99,101242.79,101905.11,779.48744,2025-11-07T02:59:59.999000+00:00,79172360.309524,192983,426.1887,43298799.9439036
2025-11-07T03:00:00+00:00,101905.12,102500.0,101876.03,101916.29,1267.53296,2025-11-07T03:59:59.999000+00:00,129528549.9477178,200037,716.33328,73202925.9974989
2025-11-07T04:00:00+00:00,101916.3,102100.25,101582.92,102027.19,798.08441,2025-11-07T04:59:59.999000+00:00,81283959.0741785,134097,429.77761,43791115.3705538
2025-11-07T05:00:00+00:00,102027.2,102527.0,102024.75,102447.47,701.21696,2025-11-07T05:59:59.999000+00:00,71768706.4170921,148391,376.66428,38546127.7067494
2025-11-07T06:00:00+00:00,102447.48,102496.0,101819.1,101819.1,469.88373,2025-11-07T06:59:59.999000+00:00,48006594.6237922,100898,164.75868,16838107.7529344
2025-11-07T07:00:00+00:00,101819.11,102010.0,101638.43,102010.0,1093.42589,2025-11-07T07:59:59.999000+00:00,111412024.6794162,126376,603.31633,61478191.0162172
2025-11-07T08:00:00+00:00,102009.99,102050.0,101438.39,101496.18,817.45963,2025-11-07T08:59:59.999000+00:00,83185977.4253876,139705,406.68259,41383090.554517
2025-11-07T09:00:00+00:00,101496.18,101512.51,100775.65,101013.66,1382.92001,2025-11-07T09:59:59.999000+00:00,139844929.8139225,208421,678.67279,68633699.981717
2025-11-07T10:00:00+00:00,101013.67,101250.03,100564.43,100770.85,1279.53134,2025-11-07T10:59:59.999000+00:00,128970986.2581886,184343,499.3159,50335833.202198
2025-11-07T11:00:00+00:00,100770.85,100796.86,99803.58,100411.89,3120.50016,2025-11-07T11:59:59.999000+00:00,312664400.6714086,386174,1294.42273,129641767.6186659
2025-11-07T12:00:00+00:00,100411.89,100625.0,99260.86,99638.28,1799.68202,2025-11-07T12:59:59.999000+00:00,179690072.8248138,350114,764.81179,76375121.6402307
2025-11-07T13:00:00+00:00,99638.29,100579.72,99455.1,100347.35,1635.46609,2025-11-07T13:59:59.999000+00:00,163774307.9659857,353380,899.19792,90055367.0983595
2025-11-07T14:00:00+00:00,100347.35,100922.78,99519.32,100806.08,2597.13075,2025-11-07T14:59:59.999000+00:00,260550417.390142,505647,1222.09911,122622509.3290225
2025-11-07T15:00:00+00:00,100806.7,101253.99,100353.45,100797.95,2600.73788,2025-11-07T15:59:59.999000+00:00,262249379.7343436,527910,1262.4874,127306940.6764421
2025-11-07T16:00:00+00:00,100797.95,101628.43,100517.06,101169.2,1975.20246,2025-11-07T16:59:59.999000+00:00,199788762.9475151,411079,999.32635,101095304.1798828
2025-11-07T17:00:00+00:00,101169.19,102736.84,100942.73,102397.12,2091.96075,2025-11-07T17:59:59.999000+00:00,213497879.7292748,422158,1222.84723,124799912.9891579
2025-11-07T18:00:00+00:00,102397.13,102859.99,102282.2,102609.46,1585.11088,2025-11-07T18:59:59.999000+00:00,162617827.5242345,385142,909.37754,93296887.1945076
2025-11-07T19:00:00+00:00,102609.46,103395.25,102481.75,103395.25,1184.29403,2025-11-07T19:59:59.999000+00:00,121964007.3711581,284347,682.05318,70251486.8084682
2025-11-07T20:00:00+00:00,103395.92,103900.0,102958.0,103783.09,970.62813,2025-11-07T20:59:59.999000+00:00,100440870.6630116,300374,546.7399,56591932.3046959
2025-11-07T21:00:00+00:00,103783.08,103879.23,103311.33,103879.23,743.31566,2025-11-07T21:59:59.999000+00:00,76931862.0641357,157056,393.93069,40778086.9925526
2025-11-07T22:00:00+00:00,103879.22,104096.36,103595.38,103633.03,736.65333,2025-11-07T22:59:59.999000+00:00,76512635.0461661,138300,354.69445,36853507.5682635
2025-11-07T23:00:00+00:00,103633.04,103759.36,103329.79,103339.08,510.69159,2025-11-07T23:59:59.999000+00:00,52869266.6839277,128364,216.75384,22439423.3518993
2025-11-08T00:00:00+00:00,103339.09,103406.22,102539.49,102713.15,877.26495,2025-11-08T00:59:59.999000+00:00,90373017.55796,204367,370.61768,38172784.4035814
2025-11-08T01:00:00+00:00,102713.15,103240.32,102662.25,102996.84,498.24095,2025-11-08T01:59:59.999000+00:00,51318525.4197802,151285,266.16392,27416331.4308092
2025-11-08T02:00:00+00:00,102996.85,103333.33,102766.31,102846.65,494.72835,2025-11-08T02:59:59.999000+00:00,51000514.1758628,139744,240.25685,24772583.9197039
2025-11-08T03:00:00+00:00,102846.66,103293.21,102592.75,102592.76,531.57226,2025-11-08T03:59:59.999000+00:00,54701753.9567034,134176,236.67566,24359660.2450719
2025-11-08T04:00:00+00:00,102592.76,102836.0,102409.52,102565.03,602.92361,2025-11-08T04:59:59.999000+00:00,61875484.777688,146103,282.12219,28957305.7819839
2025-11-08T05:00:00+00:00,102565.03,102733.83,102272.66,102304.0,396.06427,2025-11-08T05:59:59.999000+00:00,40595664.7309709,112641,175.47082,17986655.2016258
2025-11-08T06:00:00+00:00,102304.01,102519.03,102092.26,102215.62,590.77493,2025-11-08T06:59:59.999000+00:00,60432455.8991718,133123,257.61903,26355451.1949438
2025-11-08T07:00:00+00:00,102215.63,102399.88,101902.64,102352.96,452.1997,2025-11-08T07:59:59.999000+00:00,46192573.5394169,84560,211.55086,21614678.5046178
2025-11-08T08:00:00+00:00,102352.96,102687.72,102156.36,102431.74,470.18368,2025-11-08T08:59:59.999000+00:00,48177544.12934,73989,289.09191,29623099.6548978
2025-11-08T09:00:00+00:00,102431.74,102615.53,102225.52,102399.46,359.62626,2025-11-08T09:59:59.999000+00:00,36831975.844738,73280,191.11262,19576084.636917
2025-11-08T10:00:00+00:00,102399.45,102575.35,102310.0,102480.04,301.03917,2025-11-08T10:59:59.999000+00:00,30846532.1219184,56842,154.67875,15850407.2925716
2025-11-08T11:00:00+00:00,102480.04,102630.14,101715.76,101857.1,707.36146,2025-11-08T11:59:59.999000+00:00,72238672.1482716,108097,311.36673,31820783.8287001
2025-11-08T12:00:00+00:00,101857.1,102108.0,101731.19,102065.14,439.24627,2025-11-08T12:59:59.999000+00:00,44783531.9371781,112243,253.30837,25827544.3144124
2025-11-08T13:00:00+00:00,102065.14,102186.99,101720.67,101804.63,952.83284,2025-11-08T13:59:59.999000+00:00,97160478.9859272,165922,388.22595,39588605.1493517
2025-11-08T14:00:00+00:00,101804.62,102083.67,101454.0,101827.19,1159.38189,2025-11-08T14:59:59.999000+00:00,117940827.7622963,182143,554.12424,56367938.5279431
2025-11-08T15:00:00+00:00,101827.19,101954.0,101500.0,101711.45,511.67056,2025-11-08T15:59:59.999000+00:00,52035960.5835872,139278,227.04828,23090370.8528236
2025-11-08T16:00:00+00:00,101711.46,101963.66,101525.98,101850.22,502.57143,2025-11-08T16:59:59.999000+00:00,51159130.6842543,148968,226.90759,23096362.8956858
2025-11-08T17:00:00+00:00,101850.23,102003.57,101549.85,101994.52,479.97599,2025-11-08T17:59:59.999000+00:00,48867669.3512935,116501,257.36081,26205731.2154784
2025-11-08T18:00:00+00:00,101994.53,102219.39,101824.86,102139.53,766.44634,2025-11-08T18:59:59.999000+00:00,78187462.3973486,101144,395.11988,40308399.3240203
2025-11-08T19:00:00+00:00,102139.52,102186.87,101522.08,101989.65,371.41335,2025-11-08T19:59:59.999000+00:00,37839284.3565865,99404,140.83144,14343707.6363759
2025-11-08T20:00:00+00:00,101989.65,102172.35,101957.94,102068.06,206.6246,2025-11-08T20:59:59.999000+00:00,21091484.2451478,60571,90.135,9201117.7680723
2025-11-08T21:00:00+00:00,102068.06,102367.72,102028.62,102272.81,234.4224,2025-11-08T21:59:59.999000+00:00,23961429.8630348,70041,106.19741,10855204.1519892
2025-11-08T22:00:00+00:00,102272.82,102426.12,102171.73,102377.46,249.46029,2025-11-08T22:59:59.999000+00:00,25519827.6665945,60433,123.37929,12621690.738451
2025-11-08T23:00:00+00:00,102377.46,102482.2,102276.82,102312.94,234.7543,2025-11-08T23:59:59.999000+00:00,24033763.2401993,68964,113.29449,11598856.6971188
2025-11-09T00:00:00+00:00,102312.95,102337.89,101620.23,101797.74,616.42627,2025-11-09T00:59:59.999000+00:00,62853345.0560169,146502,210.10202,21418526.8912575
2025-11-09T01:00:00+00:00,101797.74,102100.0,101686.72,102045.07,373.40232,2025-11-09T01:59:59.999000+00:00,38049356.4050776,152315,181.71395,18518666.2691124
2025-11-09T02:00:00+00:00,102045.07,102045.07,101568.41,101633.25,398.65792,2025-11-09T02:59:59.999000+00:00,40594693.0106834,142845,170.66066,17379040.9497524
2025-11-09T03:00:00+00:00,101633.25,101817.2,101400.0,101662.05,767.84962,2025-11-09T03:59:59.999000+00:00,78040198.9202659,174989,346.13878,35180860.5372277
2025-11-09T04:00:00+00:00,101662.05,102130.61,101635.96,101724.91,378.19223,2025-11-09T04:59:59.999000+00:00,38519108.5910844,111702,215.29884,21926892.7358923
2025-11-09T05:00:00+00:00,101724.9,102028.07,101680.02,101928.54,291.74297,2025-11-09T05:59:59.999000+00:00,29711890.7795074,93709,157.60312,16050508.631491
2025-11-09T06:00:00+00:00,101928.54,101980.0,101712.17,101752.83,213.04181,2025-11-09T06:59:59.999000+00:00,21698997.1051749,75866,115.87595,11802953.7001862
2025-11-09T07:00:00+00:00,101752.83,101972.9,101681.75,101944.59,218.68631,2025-11-09T07:59:59.999000+00:00,22267864.4003821,82570,130.36461,13275164.1657538
2025-11-09T08:00:00+00:00,101944.6,102048.15,101813.73,101972.94,216.7581,2025-11-09T08:59:59.999000+00:00,22094842.0628195,70828,114.63966,11685135.0406276
2025-11-09T09:00:00+00:00,101972.94,102127.26,101631.62,101657.46,411.11856,2025-11-09T09:59:59.999000+00:00,41895498.0901594,80761,191.49954,19518007.4343196
2025-11-09T10:00:00+00:00,101657.46,101918.0,101500.0,101876.36,695.1249,2025-11-09T10:59:59.999000+00:00,70657178.2159315,100588,304.29538,30933549.1403312
2025-11-09T11:00:00+00:00,101876.36,102307.68,101876.35,102239.41,502.56822,2025-11-09T11:59:59.999000+00:00,51333636.0561108,101409,225.44322,23028051.1501608
2025-11-09T12:00:00+00:00,102239.41,102425.19,102050.64,102086.9,522.32408,2025-11-09T12:59:59.999000+00:00,53395407.7261245,112140,249.95871,25555635.2737603
2025-11-09T13:00:00+00:00,102086.91,102997.38,102067.09,102911.39,788.58745,2025-11-09T13:59:59.999000+00:00,80902184.9997445,140618,469.48287,48158011.8342032
2025-11-09T14:00:00+00:00,102911.4,104041.25,102769.99,103037.9,2232.81061,2025-11-09T14:59:59.999000+00:00,230851430.8844476,284789,1138.90799,117745805.2928302
2025-11-09T15:00:00+00:00,103037.9,104168.0,102972.55,103762.17,1143.9267,2025-11-09T15:59:59.999000+00:00,118599390.1228678,184900,641.11381,66466208.3697027
2025-11-09T16:00:00+00:00,103762.18,103900.53,103316.23,103845.04,741.52049,2025-11-09T16:59:59.999000+00:00,76811894.9803025,161073,370.78578,38417402.0680688
2025-11-09T17:00:00+00:00,103845.04,103964.81,103329.49,103637.57,460.77714,2025-11-09T17:59:59.999000+00:00,47755040.9014024,113342,211.82875,21954984.6650957
2025-11-09T18:00:00+00:00,103637.58,104591.32,103520.0,104512.65,773.02957,2025-11-09T18:59:59.999000+00:00,80479065.7495866,131105,453.11742,47173856.7127738
2025-11-09T19:00:00+00:00,104512.66,104805.57,104153.84,104805.57,849.18697,2025-11-09T19:59:59.999000+00:00,88801989.2353172,201941,468.06343,48950917.1649936
2025-11-09T20:00:00+00:00,104805.57,105061.08,104414.4,104633.12,700.89351,2025-11-09T20:59:59.999000+00:00,73389048.0862156,173654,383.76967,40201556.4002869
2025-11-09T21:00:00+00:00,104633.13,104845.16,104314.89,104528.82,475.91997,2025-11-09T21:59:59.999000+00:00,49752269.1257455,123488,212.27217,22192166.4518841
2025-11-09T22:00:00+00:00,104528.82,104819.99,104058.59,104732.48,1344.74595,2025-11-09T22:59:59.999000+00:00,140355088.0689359,195945,638.83607,66676103.3376575
2025-11-09T23:00:00+00:00,104732.47,105495.62,104533.24,104722.96,1221.67929,2025-11-09T23:59:59.999000+00:00,128211403.7929169,247125,623.17699,65410652.8695404
2025-11-10T00:00:00+00:00,104722.95,106525.0,104265.02,106314.96,2711.00239,2025-11-10T00:59:59.999000+00:00,286547536.6453971,395095,1715.99316,181437268.000262
2025-11-10T01:00:00+00:00,106314.96,106670.11,105698.94,105699.99,2166.65056,2025-11-10T01:59:59.999000+00:00,229806044.7787335,317118,993.371,105391934.6295416
2025-11-10T02:00:00+00:00,105700.0,106054.26,105556.68,106006.69,775.83999,2025-11-10T02:59:59.999000+00:00,82063576.8077835,188681,357.92272,37859121.577857
2025-11-10T03:00:00+00:00,106006.7,106291.43,105843.22,106027.97,847.84998,2025-11-10T03:59:59.999000+00:00,89913593.1330273,204406,399.02493,42319032.458244
2025-11-10T04:00:00+00:00,106027.97,106300.01,105846.26,106153.14,677.49361,2025-11-10T04:59:59.999000+00:00,71850991.8941798,161957,311.32188,33018372.7201586
2025-11-10T05:00:00+00:00,106153.14,106473.73,106000.0,106100.0,619.39822,2025-11-10T05:59:59.999000+00:00,65815288.25169,135836,332.47165,35330268.83002
2025-11-10T06:00:00+00:00,106100.0,106311.9,105963.3,106221.88,531.36548,2025-11-10T06:59:59.999000+00:00,56412993.9603999,126314,257.38864,27329099.5964808
2025-11-10T07:00:00+00:00,106221.89,106539.4,106156.7,106461.45,855.88178,2025-11-10T07:59:59.999000+00:00,91047466.490272,127608,360.04808,38302855.0041297
2025-11-10T08:00:00+00:00,106461.46,106554.0,105900.0,105965.46,758.17354,2025-11-10T08:59:59.999000+00:00,80525805.0806718,133219,359.65096,38215777.3781978
2025-11-10T09:00:00+00:00,105965.46,106599.47,105836.0,106440.0,736.84126,2025-11-10T09:59:59.999000+00:00,78317615.2266236,155082,365.13686,38816306.640567
2025-11-10T10:00:00+00:00,106440.0,106454.73,105962.15,105995.26,470.32569,2025-11-10T10:59:59.999000+00:00,49941503.8491066,119521,204.96434,21766177.3562057
2025-11-10T11:00:00+00:00,105995.26,106321.16,105955.29,106176.5,391.10179,2025-11-10T11:59:59.999000+00:00,41518241.0404039,109526,197.94685,21012593.6582907
2025-11-10T12:00:00+00:00,106176.5,106216.0,105868.0,105944.17,656.39469,2025-11-10T12:59:59.999000+00:00,69551740.9570431,133377,254.8526,27003800.0071474
2025-11-10T13:00:00+00:00,105944.17,106589.89,105923.57,106548.02,785.48627,2025-11-10T13:59:59.999000+00:00,83546683.2183387,194365,434.17978,46179970.0443865
2025-11-10T14:00:00+00:00,106548.02,106548.02,104681.9,104898.15,1937.55608,2025-11-10T14:59:59.999000+00:00,204475477.1630638,363087,862.85402,91004225.5665316
2025-11-10T15:00:00+00:00,104898.15,105628.0,104667.0,105079.99,2341.3437,2025-11-10T15:59:59.999000+00:00,246191063.2771702,391593,1346.59729,141626230.1502792
2025-11-10T16:00:00+00:00,105079.99,105352.86,104784.36,105242.05,1018.54158,2025-11-10T16:59:59.999000+00:00,107048704.3825443,296361,455.19385,47842797.9112235
2025-11-10T17:00:00+00:00,105242.04,105981.79,105189.01,105953.1,695.86986,2025-11-10T17:59:59.999000+00:00,73476662.5737815,178329,441.58139,46632182.3315862
2025-11-10T18:00:00+00:00,105953.1,106094.31,105478.0,105478.0,580.04807,2025-11-10T18:59:59.999000+00:00,61399506.8017658,163667,299.01662,31658036.9853693
2025-11-10T19:00:00+00:00,105478.0,106042.46,105408.0,105817.99,461.94988,2025-11-10T19:59:59.999000+00:00,48843725.582538,186302,254.91445,26958613.2295187
2025-11-10T20:00:00+00:00,105818.0,106299.22,105802.35,106010.73,635.97915,2025-11-10T20:59:59.999000+00:00,67461508.5501141,187921,373.93387,39664975.5232663
2025-11-10T21:00:00+00:00,106010.74,106021.35,105280.0,105631.27,1140.24521,2025-11-10T21:59:59.999000+00:00,120432929.9126972,169673,570.55725,60260665.3498218
2025-11-10T22:00:00+00:00,105631.26,106144.94,105364.68,106062.8,418.65674,2025-11-10T22:59:59.999000+00:00,44266618.6519324,111351,240.53447,25438733.4834737
2025-11-10T23:00:00+00:00,106062.81,106275.16,105893.36,106011.13,468.26121,2025-11-10T23:59:59.999000+00:00,49686386.1600636,160568,206.36278,21896850.3142107
2025-11-11T00:00:00+00:00,106011.13,106139.84,105500.0,106139.83,562.07527,2025-11-11T00:59:59.999000+00:00,59472811.8959938,202772,267.27252,28282656.741733
2025-11-11T01:00:00+00:00,106139.82,107500.0,106026.79,106110.36,1869.1591,2025-11-11T01:59:59.999000+00:00,199454687.8870196,440023,916.51265,97818776.7435856
2025-11-11T02:00:00+00:00,106110.36,107130.0,105610.0,106655.02,1751.73895,2025-11-11T02:59:59.999000+00:00,186162046.3294262,361082,1059.55639,112585399.1180796
2025-11-11T03:00:00+00:00,106655.02,107100.0,106363.04,106456.0,752.0543,2025-11-11T03:59:59.999000+00:00,80266849.6557181,214439,374.62322,39995451.5444952
2025-11-11T04:00:00+00:00,106456.0,106546.0,105714.24,105755.32,640.19881,2025-11-11T04:59:59.999000+00:00,67900772.7588298,164953,244.69973,25960303.463076
2025-11-11T05:00:00+00:00,105755.33,105758.88,105166.66,105249.35,774.38555,2025-11-11T05:59:59.999000+00:00,81637218.5768361,205246,302.38517,31875735.1510735
2025-11-11T06:00:00+00:00,105249.35,105345.68,104888.0,105261.27,1146.86686,2025-11-11T06:59:59.999000+00:00,120504934.4311873,212213,553.86419,58197296.5191774
2025-11-11T07:00:00+00:00,105261.28,105327.75,104741.2,104783.98,754.78302,2025-11-11T07:59:59.999000+00:00,79236398.2040115,179696,306.5134,32177996.5560032
2025-11-11T08:00:00+00:00,104783.99,105284.69,104762.23,105157.8,509.99239,2025-11-11T08:59:59.999000+00:00,53573289.9796197,165138,240.06164,25220146.4447241
2025-11-11T09:00:00+00:00,105157.8,105485.71,104909.74,104971.63,505.2007,2025-11-11T09:59:59.999000+00:00,53153973.3222581,147012,230.20106,24222580.6776665
2025-11-11T10:00:00+00:00,104971.62,105237.16,104920.25,105176.38,417.15368,2025-11-11T10:59:59.999000+00:00,43847579.0790962,134408,232.90217,24479602.0682097
2025-11-11T11:00:00+00:00,105176.39,105497.99,105145.47,105311.9,372.28222,2025-11-11T11:59:59.999000+00:00,39207160.3118008,109522,193.93269,20424538.4995924
2025-11-11T12:00:00+00:00,105311.9,105500.0,104349.26,104530.83,2106.11964,2025-11-11T12:59:59.999000+00:00,220451410.0283182,256885,584.44214,61182835.4278137
2025-11-11T13:00:00+00:00,104530.83,104706.09,104022.92,104390.92,3314.65247,2025-11-11T13:59:59.999000+00:00,346021014.6824766,310077,933.8089,97489813.9186747
2025-11-11T14:00:00+00:00,104390.93,104665.67,103840.91,104560.16,1215.16933,2025-11-11T14:59:59.999000+00:00,126665283.2439613,302371,500.63013,52197091.4259925
2025-11-11T15:00:00+00:00,104560.15,104560.15,103170.33,103455.99,2215.12756,2025-11-11T15:59:59.999000+00:00,229518865.861576,430716,1044.15804,108190010.7180445
2025-11-11T16:00:00+00:00,103455.99,103730.0,103206.1,103399.43,664.19158,2025-11-11T16:59:59.999000+00:00,68737106.3339715,288439,320.04561,33127744.4543522
2025-11-11T17:00:00+00:00,103399.42,103637.27,102840.22,103338.99,917.43867,2025-11-11T17:59:59.999000+00:00,94681418.5091558,255878,507.01291,52337032.1455603
2025-11-11T18:00:00+00:00,103338.99,103572.37,103059.52,103401.07,487.03154,2025-11-11T18:59:59.999000+00:00,50323952.2338822,213975,278.79191,28808800.5437728
2025-11-11T19:00:00+00:00,103401.07,103453.07,102861.72,103126.39,479.2973,2025-11-11T19:59:59.999000+00:00,49467436.2169709,193080,223.09015,23023476.8801621
2025-11-11T20:00:00+00:00,103126.39,103224.29,102658.36,102809.27,742.04221,2025-11-11T20:59:59.999000+00:00,76360761.3235094,246796,358.2919,36872056.2480284
2025-11-11T21:00:00+00:00,102809.27,103090.69,102476.09,102633.92,796.94775,2025-11-11T21:59:59.999000+00:00,81864942.4994619,188342,350.22965,35988617.0827988
2025-11-11T22:00:00+00:00,102633.92,103150.02,102503.0,103000.01,652.65633,2025-11-11T22:59:59.999000+00:00,67119700.1491602,117852,371.09074,38168930.3764685
2025-11-11T23:00:00+00:00,103000.02,103209.13,102800.01,103058.99,549.94195,2025-11-11T23:59:59.999000+00:00,56649457.4926803,191234,322.91704,33263691.4506918
2025-11-12T00:00:00+00:00,103059.0,103340.59,102812.64,102885.99,598.51997,2025-11-12T00:59:59.999000+00:00,61674202.1101012,224740,354.12317,36492235.4745534
2025-11-12T01:00:00+00:00,102886.0,103394.01,102687.72,103254.64,999.5861,2025-11-12T01:59:59.999000+00:00,103143223.6852212,210913,526.09949,54291938.930787
2025-11-12T02:00:00+00:00,103254.63,103413.09,102939.85,103151.66,705.65849,2025-11-12T02:59:59.999000+00:00,72809861.5780714,162182,403.45314,41627509.9791343
2025-11-12T03:00:00+00:00,103151.66,103440.96,103092.5,103310.0,368.29105,2025-11-12T03:59:59.999000+00:00,38037334.4219476,114274,196.36224,20279620.65856
2025-11-12T04:00:00+00:00,103310.0,103456.82,103011.0,103246.87,320.89726,2025-11-12T04:59:59.999000+00:00,33126021.6380831,112944,145.90244,15061245.4800709
2025-11-12T05:00:00+00:00,103246.87,103467.2,103230.0,103385.3,465.38371,2025-11-12T05:59:59.999000+00:00,48097850.9637704,113202,240.18201,24820908.1808206
2025-11-12T06:00:00+00:00,103385.31,103654.38,103354.34,103366.97,689.4704,2025-11-12T06:59:59.999000+00:00,71371543.3866464,118226,390.9339,40470092.8318498
2025-11-12T07:00:00+00:00,103366.98,103534.98,103051.59,103112.66,689.87309,2025-11-12T07:59:59.999000+00:00,71281262.6040098,112535,241.35282,24938165.6464261
2025-11-12T08:00:00+00:00,103112.65,104228.9,103112.24,104147.24,1064.00216,2025-11-12T08:59:59.999000+00:00,110482677.6139835,219440,525.14115,54533853.5462235
2025-11-12T09:00:00+00:00,104147.25,105079.31,104145.98,104521.56,1348.44138,2025-11-12T09:59:59.999000+00:00,141142727.6510077,272784,690.4619,72267570.4201298
2025-11-12T10:00:00+00:00,104521.56,105038.59,104510.5,104899.99,611.04736,2025-11-12T10:59:59.999000+00:00,64049653.7892367,186799,350.72272,36765157.1738755
2025-11-12T11:00:00+00:00,104900.0,105200.0,104746.85,105020.83,520.21601,2025-11-12T11:59:59.999000+00:00,54613101.1762901,180765,258.86668,27178935.7259318
2025-11-12T12:00:00+00:00,105020.82,105333.33,104821.0,104993.74,538.28345,2025-11-12T12:59:59.999000+00:00,56554872.3688891,170263,282.89216,29726884.865493
2025-11-12T13:00:00+00:00,104993.74,105187.13,104622.43,105039.99,652.43577,2025-11-12T13:59:59.999000+00:00,68470417.8294372,190401,352.27196,36976583.803091
2025-11-12T14:00:00+00:00,105039.99,105039.99,103604.57,103990.4,1426.89556,2025-11-12T14:59:59.999000+00:00,148880611.0009545,359948,726.15692,75733738.7490156
2025-11-12T15:00:00+00:00,103990.39,104299.98,101961.97,102173.51,2574.38835,2025-11-12T15:59:59.999000+00:00,265082353.2620299,542820,1160.19013,119536735.0305924
2025-11-12T16:00:00+00:00,102173.51,102285.18,101300.0,101442.61,2365.20417,2025-11-12T16:59:59.999000+00:00,240636473.9408185,535461,994.0009,101140244.0169085
2025-11-12T17:00:00+00:00,101442.62,102167.17,101397.74,101748.02,903.07839,2025-11-12T17:59:59.999000+00:00,91836605.6288129,308419,519.52046,52831716.5971849
2025-11-12T18:00:00+00:00,101748.01,101947.88,101416.69,101542.17,626.0637,2025-11-12T18:59:59.999000+00:00,63644668.2553125,227622,319.86902,32521421.4543294
2025-11-12T19:00:00+00:00,101542.18,101569.66,100813.59,101297.31,974.91965,2025-11-12T19:59:59.999000+00:00,98658396.7321445,312764,410.02502,41489861.9124062
2025-11-12T20:00:00+00:00,101297.31,101846.15,101141.03,101539.01,677.7383,2025-11-12T20:59:59.999000+00:00,68834941.1101627,213036,392.27091,39844058.9697693
2025-11-12T21:00:00+00:00,101539.01,101920.48,101520.41,101920.47,419.00665,2025-11-12T21:59:59.999000+00:00,42648281.7215978,124027,241.383,24566512.3725638
2025-11-12T22:00:00+00:00,101920.48,101994.12,101448.82,101978.96,401.25193,2025-11-12T22:59:59.999000+00:00,40827714.1703184,125116,190.60689,19395801.32333
2025-11-12T23:00:00+00:00,101978.95,101999.35,101465.77,101654.37,516.98616,2025-11-12T23:59:59.999000+00:00,52609608.6220301,175451,242.93192,24723269.9952402
2025-11-13T00:00:00+00:00,101654.37,102042.77,101467.15,101854.58,477.36249,2025-11-13T00:59:59.999000+00:00,48571144.4428984,183393,248.83216,25319680.7715342
2025-11-13T01:00:00+00:00,101854.58,102604.0,101838.0,102007.0,1311.97773,2025-11-13T01:59:59.999000+00:00,134186405.1303376,286600,839.03324,85836256.8170879
2025-11-13T02:00:00+00:00,102006.99,102338.42,101972.39,102064.41,358.95316,2025-11-13T02:59:59.999000+00:00,36660494.9739866,144730,190.06118,19412685.372959
2025-11-13T03:00:00+00:00,102064.41,102566.93,100922.55,102130.21,1438.17883,2025-11-13T03:59:59.999000+00:00,146548620.2240304,382817,643.43864,65596891.1903437
2025-11-13T04:00:00+00:00,102130.21,102406.39,101665.59,102120.0,873.51911,2025-11-13T04:59:59.999000+00:00,89124862.0264861,270150,403.99991,41219286.7566709
2025-11-13T05:00:00+00:00,102120.0,103400.0,101772.52,103135.84,893.66042,2025-11-13T05:59:59.999000+00:00,91731441.2620706,278922,491.77117,50486505.3766977
2025-11-13T06:00:00+00:00,103136.0,103679.0,102914.39,103590.74,1230.29564,2025-11-13T06:59:59.999000+00:00,127195655.4786679,276403,631.27708,65270193.4408126
2025-11-13T07:00:00+00:00,103590.74,104085.01,103315.16,103475.66,1328.34761,2025-11-13T07:59:59.999000+00:00,137749860.2002575,229593,606.11745,62866719.2144457
2025-11-13T08:00:00+00:00,103475.66,103811.49,103275.02,103684.06,901.73611,2025-11-13T08:59:59.999000+00:00,93397054.2157505,178279,426.45119,44172009.7835969
2025-11-13T09:00:00+00:00,103684.07,103740.0,102553.63,102827.0,1334.94774,2025-11-13T09:59:59.999000+00:00,137468834.6282237,301453,521.36481,53677929.3353358
2025-11-13T10:00:00+00:00,102827.0,103289.89,102774.75,102991.22,491.21571,2025-11-13T10:59:59.999000+00:00,50598191.6459488,129333,228.98605,23589822.1638302
2025-11-13T11:00:00+00:00,102991.23,103148.57,102711.53,102936.5,410.73987,2025-11-13T11:59:59.999000+00:00,42296127.4095121,101552,170.20578,17527616.5627624
2025-11-13T12:00:00+00:00,102936.49,103274.93,102735.31,103143.45,597.28173,2025-11-13T12:59:59.999000+00:00,61538619.3439642,159167,295.74812,30471560.6997389
2025-11-13T13:00:00+00:00,103143.46,103162.41,102150.0,102326.48,1187.69713,2025-11-13T13:59:59.999000+00:00,121808055.3572569,279017,485.75544,49804284.4240771
2025-11-13T14:00:00+00:00,102326.48,103483.83,101699.91,102873.14,2405.05801,2025-11-13T14:59:59.999000+00:00,246263054.54628,511212,1263.23129,129370864.2255381
2025-11-13T15:00:00+00:00,102873.14,102999.98,101184.14,101382.64,2074.3959,2025-11-13T15:59:59.999000+00:00,211626845.2592213,524134,1098.42427,112052729.4543082
2025-11-13T16:00:00+00:00,101382.63,101540.93,100550.0,100633.13,2664.17181,2025-11-13T16:59:59.999000+00:00,269145737.9488746,516567,1291.54436,130502564.0369465
2025-11-13T17:00:00+00:00,100633.13,100820.49,99608.98,99659.99,3368.62722,2025-11-13T17:59:59.999000+00:00,337501518.5798727,570370,1268.75415,127226544.1796141
2025-11-13T18:00:00+00:00,99659.99,99922.0,98147.4,98591.78,4579.03994,2025-11-13T18:59:59.999000+00:00,453086764.7184339,708524,1955.93551,193460773.370278
2025-11-13T19:00:00+00:00,98591.78,99295.02,98314.39,98682.14,2309.2418,2025-11-13T19:59:59.999000+00:00,228024098.4959216,535095,1275.70963,125992862.9687582
2025-11-13T20:00:00+00:00,98682.13,99031.76,98000.4,98162.11,2424.57218,2025-11-13T20:59:59.999000+00:00,238535934.7345417,628556,1011.81637,99559670.3011987
2025-11-13T21:00:00+00:00,98162.11,98905.45,98021.0,98817.36,1018.69866,2025-11-13T21:59:59.999000+00:00,100350315.6802367,334691,535.78875,52784360.1749364
2025-11-13T22:00:00+00:00,98817.35,99937.99,98701.88,99851.82,1303.27918,2025-11-13T22:59:59.999000+00:00,129615124.1837403,293623,764.25593,76000009.7989419
2025-11-13T23:00:00+00:00,99851.83,100501.31,99569.99,99692.02,1215.50973,2025-11-13T23:59:59.999000+00:00,121673266.0538664,301223,601.72178,60247297.1559476
2025-11-14T00:00:00+00:00,99692.03,99778.0,98726.64,98973.95,1748.7685,2025-11-14T00:59:59.999000+00:00,173485581.1565024,522546,760.96281,75515022.8623458
2025-11-14T01:00:00+00:00,98973.95,99555.33,98700.0,99255.6,2292.50283,2025-11-14T01:59:59.999000+00:00,227130430.5453453,475100,847.89824,84048040.0376046
2025-11-14T02:00:00+00:00,99255.6,99866.02,99246.0,99620.0,967.49149,2025-11-14T02:59:59.999000+00:00,96350448.3484734,255884,428.53949,42685283.0375044
2025-11-14T03:00:00+00:00,99620.01,99649.87,98805.23,99139.38,831.05287,2025-11-14T03:59:59.999000+00:00,82419212.3280125,233016,311.86823,30925610.0742867
2025-11-14T04:00:00+00:00,99139.38,99178.58,96712.12,97823.98,3850.84747,2025-11-14T04:59:59.999000+00:00,376290863.6154081,551927,1548.42518,151282156.5110259
2025-11-14T05:00:00+00:00,97823.97,98037.39,97020.49,97523.98,2096.22294,2025-11-14T05:59:59.999000+00:00,204395688.1620914,430980,922.3692,89941120.0555528
2025-11-14T06:00:00+00:00,97523.98,97616.5,95933.75,97569.13,2909.036,2025-11-14T06:59:59.999000+00:00,281542013.6765853,492132,1211.27517,117326790.8333071
2025-11-14T07:00:00+00:00,97569.13,97742.85,96783.47,97151.98,2260.62551,2025-11-14T07:59:59.999000+00:00,219965542.4713841,459954,1225.28637,119233559.7319206
2025-11-14T08:00:00+00:00,97151.97,97476.84,96787.99,97377.41,1591.93158,2025-11-14T08:59:59.999000+00:00,154665623.9627582,338902,888.72503,86331946.2150437
2025-11-14T09:00:00+00:00,97377.41,97553.7,96681.63,96839.93,1043.46142,2025-11-14T09:59:59.999000+00:00,101299665.4915248,278160,456.79574,44356807.4420071
2025-11-14T10:00:00+00:00,96839.94,97286.92,96668.73,96752.2,688.27736,2025-11-14T10:59:59.999000+00:00,66763223.6205106,200884,318.4237,30892212.2498033
2025-11-14T11:00:00+00:00,96752.19,96945.61,95711.0,96167.44,1931.93096,2025-11-14T11:59:59.999000+00:00,185914070.296657,360557,740.76132,71284033.5974923
2025-11-14T12:00:00+00:00,96167.45,96167.45,94560.48,95350.75,4859.43942,2025-11-14T12:59:59.999000+00:00,462960216.2213971,582999,1995.38446,190161696.1730718
2025-11-14T13:00:00+00:00,95350.76,95695.83,94571.1,95243.95,3578.96625,2025-11-14T13:59:59.999000+00:00,340197139.9873906,579071,1660.05087,157813315.1119412
2025-11-14T14:00:00+00:00,95243.95,96801.53,94951.43,96542.38,3587.32924,2025-11-14T14:59:59.999000+00:00,344256966.1488059,606079,1868.43197,179382262.7312782
2025-11-14T15:00:00+00:00,96542.38,97322.35,95868.4,96796.14,2286.98587,2025-11-14T15:59:59.999000+00:00,220895016.8241902,529737,1167.12278,112786223.1729194
2025-11-14T16:00:00+00:00,96796.14,97411.11,96271.34,97011.22,1610.29675,2025-11-14T16:59:59.999000+00:00,156022219.0216408,381325,788.34201,76414357.4814033
2025-11-14T17:00:00+00:00,97011.22,97128.45,95600.0,95842.56,1417.43832,2025-11-14T17:59:59.999000+00:00,136585945.0535767,319666,631.98173,60861910.5817709
2025-11-14T18:00:00+00:00,95842.57,96329.58,95000.0,95075.53,1363.43718,2025-11-14T18:59:59.999000+00:00,130329642.4745918,396694,592.54701,56672887.7500349
2025-11-14T19:00:00+00:00,95075.53,95920.0,94800.55,95778.29,1214.47277,2025-11-14T19:59:59.999000+00:00,115811840.2282792,360187,638.56645,60916998.6728172
2025-11-14T20:00:00+00:00,95778.3,95940.0,94201.77,94377.47,1917.84937,2025-11-14T20:59:59.999000+00:00,181728453.2589297,375823,681.71664,64569291.1636837
2025-11-14T21:00:00+00:00,94377.46,95172.95,94231.78,95059.47,927.53739,2025-11-14T21:59:59.999000+00:00,87959324.7365647,269318,434.38143,41202219.0278192
2025-11-14T22:00:00+00:00,95059.46,95482.74,94700.0,95179.99,990.87669,2025-11-14T22:59:59.999000+00:00,94239338.7110824,239060,466.11747,44322991.4428046
2025-11-14T23:00:00+00:00,95179.99,95179.99,94012.45,94594.0,1321.36663,2025-11-14T23:59:59.999000+00:00,124876690.4055046,311024,598.94188,56615550.9060448
2025-11-15T00:00:00+00:00,94594.0,95414.0,94558.49,95149.35,1050.81596,2025-11-15T00:59:59.999000+00:00,99913707.0569933,327780,553.66933,52652859.1314073
2025-11-15T01:00:00+00:00,95149.35,95800.0,94750.77,95650.17,946.56569,2025-11-15T01:59:59.999000+00:00,90225872.5165979,291293,455.42131,43410186.0791859
2025-11-15T02:00:00+00:00,95650.17,96484.5,95395.08,96482.77,971.87658,2025-11-15T02:59:59.999000+00:00,93148176.4072483,252124,560.09547,53691685.6349798
2025-11-15T03:00:00+00:00,96482.78,96846.68,96132.0,96417.12,1407.53254,2025-11-15T03:59:59.999000+00:00,135744223.381873,324184,595.7879,57486751.3248503
2025-11-15T04:00:00+00:00,96417.12,96520.0,95921.21,96112.14,541.00804,2025-11-15T04:59:59.999000+00:00,52029813.3420432,186500,238.64063,22948567.501743
2025-11-15T05:00:00+00:00,96112.14,96435.39,95977.02,96342.18,712.44846,2025-11-15T05:59:59.999000+00:00,68496650.5306532,142758,325.22044,31263722.6186283
2025-11-15T06:00:00+00:00,96342.18,96570.65,95958.22,96121.27,672.4607,2025-11-15T06:59:59.999000+00:00,64741038.833813,154696,280.41564,27010479.3022697
2025-11-15T07:00:00+00:00,96121.27,96372.68,95947.68,96333.86,618.02642,2025-11-15T07:59:59.999000+00:00,59412108.3267545,157209,245.89339,23644068.5011202
2025-11-15T08:00:00+00:00,96333.87,96350.52,95642.61,95910.88,987.30061,2025-11-15T08:59:59.999000+00:00,94802802.894584,246779,438.76299,42140495.6260884
2025-11-15T09:00:00+00:00,95910.87,96150.99,95649.99,95808.44,655.00121,2025-11-15T09:59:59.999000+00:00,62807587.846544,174797,250.81494,24055236.2922188
2025-11-15T10:00:00+00:00,95808.44,96064.49,95689.38,95952.13,382.53531,2025-11-15T10:59:59.999000+00:00,36675852.8363385,142503,173.42658,16628318.3364337
2025-11-15T11:00:00+00:00,95952.13,95985.64,95630.0,95696.87,311.38925,2025-11-15T11:59:59.999000+00:00,29826674.3908655,110617,127.39024,12202003.236838
2025-11-15T12:00:00+00:00,95696.86,95876.9,95565.17,95814.08,313.88372,2025-11-15T12:59:59.999000+00:00,30049402.8221084,121374,156.37482,14970750.9145771
2025-11-15T13:00:00+00:00,95814.08,96372.99,95728.13,96370.16,815.44172,2025-11-15T13:59:59.999000+00:00,78357543.5452504,163944,526.97805,50639099.0623457
2025-11-15T14:00:00+00:00,96370.17,96471.22,96013.58,96254.25,493.86496,2025-11-15T14:59:59.999000+00:00,47540961.9438916,180875,296.92141,28584937.8576353
2025-11-15T15:00:00+00:00,96254.26,96425.85,96114.7,96260.0,364.09538,2025-11-15T15:59:59.999000+00:00,35053003.6539483,147245,182.29413,17550220.9965106
2025-11-15T16:00:00+00:00,96259.99,96337.82,95731.32,96162.84,652.31588,2025-11-15T16:59:59.999000+00:00,62588846.1630184,182725,257.55773,24706663.314225
2025-11-15T17:00:00+00:00,96162.84,96419.65,95849.9,96238.5,647.76319,2025-11-15T17:59:59.999000+00:00,62236419.319671,222294,276.14961,26535683.2681452
2025-11-15T18:00:00+00:00,96238.51,96349.86,95960.34,96052.99,388.88122,2025-11-15T18:59:59.999000+00:00,37382576.302879,130250,133.50344,12831854.9637951
2025-11-15T19:00:00+00:00,96052.99,96152.98,95920.94,96012.01,191.69202,2025-11-15T19:59:59.999000+00:00,18407471.5692821,70760,118.40955,11370614.4436183
2025-11-15T20:00:00+00:00,96012.01,96012.01,95119.94,95277.52,940.18711,2025-11-15T20:59:59.999000+00:00,89772255.0212997,139731,381.94361,36463953.9674591
2025-11-15T21:00:00+00:00,95277.51,95672.0,95125.29,95279.99,458.06338,2025-11-15T21:59:59.999000+00:00,43702326.513213,173054,233.76293,22300911.0191405
2025-11-15T22:00:00+00:00,95280.0,95660.0,95225.78,95619.62,347.97795,2025-11-15T22:59:59.999000+00:00,33236939.3694213,134313,186.43383,17805757.6656115
2025-11-15T23:00:00+00:00,95619.63,95694.01,95493.96,95596.24,239.76661,2025-11-15T23:59:59.999000+00:00,22921764.479194,85753,119.91401,11464139.6952153
2025-11-16T00:00:00+00:00,95596.23,95704.81,95205.74,95362.0,304.87252,2025-11-16T00:59:59.999000+00:00,29085060.6063577,144611,123.92216,11822463.1017084
2025-11-16T01:00:00+00:00,95362.01,95493.97,94841.62,95276.62,713.63073,2025-11-16T01:59:59.999000+00:00,67892566.0238537,263840,283.00709,26929785.0356878
2025-11-16T02:00:00+00:00,95276.61,95969.98,95094.31,95963.88,557.05695,2025-11-16T02:59:59.999000+00:00,53225017.8736893,185649,269.25998,25732578.9626392
2025-11-16T03:00:00+00:00,95963.89,95979.79,95630.22,95825.02,321.10986,2025-11-16T03:59:59.999000+00:00,30769358.7210803,112970,141.80178,13588862.0564323
2025-11-16T04:00:00+00:00,95825.02,95928.88,95650.72,95821.79,349.88402,2025-11-16T04:59:59.999000+00:00,33517860.8904161,99231,146.16728,14002672.4828189
2025-11-16T05:00:00+00:00,95821.8,96192.0,95813.51,95881.82,391.55568,2025-11-16T05:59:59.999000+00:00,37585388.1060963,112968,190.56943,18291139.9687544
2025-11-16T06:00:00+00:00,95881.83,96043.64,95754.0,95813.53,200.18257,2025-11-16T06:59:59.999000+00:00,19203975.2710683,74114,93.4659,8966344.5227948
2025-11-16T07:00:00+00:00,95813.52,96100.0,95721.68,96099.99,337.71705,2025-11-16T07:59:59.999000+00:00,32390774.8203492,95748,176.0043,16883328.3334608
2025-11-16T08:00:00+00:00,96099.98,96238.0,95859.35,96116.94,378.10619,2025-11-16T08:59:59.999000+00:00,36299208.6532142,133562,176.38972,16933395.6795472
2025-11-16T09:00:00+00:00,96116.93,96635.11,95936.0,96629.75,611.90526,2025-11-16T09:59:59.999000+00:00,58940666.5953273,155202,393.69598,37930533.3160803
2025-11-16T10:00:00+00:00,96629.74,96629.74,96375.05,96444.71,575.34123,2025-11-16T10:59:59.999000+00:00,55505973.7655564,117632,255.76093,24677170.6726646
2025-11-16T11:00:00+00:00,96444.71,96446.94,95500.0,95627.13,1020.02786,2025-11-16T11:59:59.999000+00:00,97767369.146779,216914,409.17713,39193831.0815096
2025-11-16T12:00:00+00:00,95627.13,95900.0,95436.46,95743.9,547.95591,2025-11-16T12:59:59.999000+00:00,52447893.9605345,174158,287.98987,27565632.0385204
2025-11-16T13:00:00+00:00,95743.9,95846.14,95117.48,95420.44,561.73436,2025-11-16T13:59:59.999000+00:00,53612855.1777995,169592,270.08062,25775494.7072367
2025-11-16T14:00:00+00:00,95420.44,95673.9,95303.6,95531.13,396.85356,2025-11-16T14:59:59.999000+00:00,37896902.7265736,121486,203.69339,19451619.6303809
2025-11-16T15:00:00+00:00,95531.13,95555.0,94368.24,94573.46,1039.77491,2025-11-16T15:59:59.999000+00:00,98675341.0615695,225021,440.89455,41832502.5711079
2025-11-16T16:00:00+00:00,94573.46,94945.52,94022.89,94224.47,2545.47537,2025-11-16T16:59:59.999000+00:00,240111970.7883784,470685,1052.61203,99297953.9203508
2025-11-16T17:00:00+00:00,94224.47,94540.64,93770.48,94357.67,2214.0171,2025-11-16T17:59:59.999000+00:00,208463969.3807243,316693,1055.86325,99433639.8507331
2025-11-16T18:00:00+00:00,94357.66,95567.79,93775.81,94049.64,3256.0945,2025-11-16T18:59:59.999000+00:00,308033139.5935437,413007,1459.64004,138232887.7647506
2025-11-16T19:00:00+00:00,94049.63,94600.0,93941.0,94020.0,1029.66678,2025-11-16T19:59:59.999000+00:00,97030385.6481557,273342,407.58983,38414386.9271982
2025-11-16T20:00:00+00:00,94020.49,94739.74,93951.4,94090.0,563.82548,2025-11-16T20:59:59.999000+00:00,53194134.6184405,192914,247.8815,23384985.0901881
2025-11-16T21:00:00+00:00,94090.01,94212.78,93369.0,93505.22,1731.40126,2025-11-16T21:59:59.999000+00:00,162185589.0828233,307681,822.19571,77028102.9097501
2025-11-16T22:00:00+00:00,93505.23,94500.0,93005.55,94183.36,1764.45299,2025-11-16T22:59:59.999000+00:00,165134906.3963628,326862,855.92477,80151416.1553718
2025-11-16T23:00:00+00:00,94183.36,94540.0,93020.01,94261.44,2476.76296,2025-11-16T23:59:59.999000+00:00,232325215.9086457,437512,1065.04028,100019414.5314997
2025-11-17T00:00:00+00:00,94261.45,95375.6,93767.27,95290.01,1716.89838,2025-11-17T00:59:59.999000+00:00,162418454.9077831,420654,915.5497,86642787.8068309
2025-11-17T01:00:00+00:00,95290.01,95487.8,94722.21,94768.02,912.36086,2025-11-17T01:59:59.999000+00:00,86732389.1635038,270725,412.06094,39178216.590387
2025-11-17T02:00:00+00:00,94768.02,95409.32,94707.82,94976.18,781.92776,2025-11-17T02:59:59.999000+00:00,74338105.2418502,245058,399.62978,37993869.4667979
2025-11-17T03:00:00+00:00,94976.17,95559.99,94968.72,95496.77,713.35025,2025-11-17T03:59:59.999000+00:00,68015787.0188278,199538,359.55611,34287019.8202143
2025-11-17T04:00:00+00:00,95496.77,95575.94,94849.37,95096.74,1622.50542,2025-11-17T04:59:59.999000+00:00,154366890.2300762,260692,482.59991,45927535.6651859
2025-11-17T05:00:00+00:00,95096.73,95265.01,94900.0,95122.76,574.08695,2025-11-17T05:59:59.999000+00:00,54584603.4411987,169681,255.36645,24277606.2231497
2025-11-17T06:00:00+00:00,95122.77,95333.99,94900.0,95282.36,495.05249,2025-11-17T06:59:59.999000+00:00,47063433.7270893,147924,213.31917,20279494.1411316
2025-11-17T07:00:00+00:00,95282.37,95880.0,95203.8,95653.77,1148.2017,2025-11-17T07:59:59.999000+00:00,109756097.6735146,210117,630.13778,60234470.5680186
2025-11-17T08:00:00+00:00,95653.78,96026.71,95532.02,95619.06,1082.17947,2025-11-17T08:59:59.999000+00:00,103677573.838452,189693,567.55186,54392959.5508076
2025-11-17T09:00:00+00:00,95619.07,95868.99,95309.68,95656.21,907.38215,2025-11-17T09:59:59.999000+00:00,86766740.0660094,188008,465.26888,44502015.9077518
2025-11-17T10:00:00+00:00,95656.2,95891.59,95545.1,95651.7,499.57874,2025-11-17T10:59:59.999000+00:00,47822683.2958122,141996,197.92941,18948089.0802613
2025-11-17T11:00:00+00:00,95651.7,95938.36,95369.98,95565.38,926.51906,2025-11-17T11:59:59.999000+00:00,88575372.9041344,159788,425.90045,40711571.3876992
2025-11-17T12:00:00+00:00,95565.38,95571.3,95250.58,95312.23,545.81467,2025-11-17T12:59:59.999000+00:00,52077887.8349247,178919,176.67601,16856146.0724989
2025-11-17T13:00:00+00:00,95312.24,95370.89,93571.3,93959.79,2495.70008,2025-11-17T13:59:59.999000+00:00,235276817.1632006,418261,1000.58467,94336518.7039917
2025-11-17T14:00:00+00:00,93959.78,96043.0,93755.22,94769.32,3177.03036,2025-11-17T14:59:59.999000+00:00,301375257.9845729,671238,1617.98458,153510958.7715507
2025-11-17T15:00:00+00:00,94769.33,95018.86,93806.37,93959.67,1867.09141,2025-11-17T15:59:59.999000+00:00,176084755.3038383,715397,955.79137,90148959.4634665
2025-11-17T16:00:00+00:00,93959.68,94419.88,93051.71,94306.0,2847.04335,2025-11-17T16:59:59.999000+00:00,266218284.7452495,581306,1499.71907,140232312.0674325
2025-11-17T17:00:00+00:00,94306.01,94394.8,92658.82,92767.49,2184.47626,2025-11-17T17:59:59.999000+00:00,203738435.2693673,507420,965.3714,90067867.6378502
2025-11-17T18:00:00+00:00,92767.48,93224.35,92413.31,92549.01,2978.32313,2025-11-17T18:59:59.999000+00:00,276257886.7023247,514357,1569.19291,145541868.9449321
2025-11-17T19:00:00+00:00,92549.02,92653.97,91588.0,91678.93,3690.73308,2025-11-17T19:59:59.999000+00:00,339740869.6220933,585195,1524.34679,140303376.4393258
2025-11-17T20:00:00+00:00,91678.93,92234.53,91292.0,91920.59,3249.24836,2025-11-17T20:59:59.999000+00:00,297998765.8762795,568030,1790.75609,164258641.8461265
2025-11-17T21:00:00+00:00,91914.01,92253.72,91500.0,91959.71,1866.2053,2025-11-17T21:59:59.999000+00:00,171339268.0217324,297603,790.4207,72601411.7541365
2025-11-17T22:00:00+00:00,91959.72,92399.48,91220.0,92247.63,1469.82034,2025-11-17T22:59:59.999000+00:00,135337836.9941073,226376,667.66636,61504981.9116898
2025-11-17T23:00:00+00:00,92247.64,92294.15,91793.9,92215.14,1467.06849,2025-11-17T23:59:59.999000+00:00,134997873.2126638,266346,806.81206,74240787.9650237
2025-11-18T00:00:00+00:00,92215.14,92357.51,91200.0,92169.86,1831.22552,2025-11-18T00:59:59.999000+00:00,168332177.1545796,449126,912.34697,83896796.4796944
2025-11-18T01:00:00+00:00,92169.86,92221.01,91624.5,91714.29,1663.24084,2025-11-18T01:59:59.999000+00:00,152921276.1165049,419756,712.98278,65570337.8563173
2025-11-18T02:00:00+00:00,91714.29,91750.0,90687.42,90866.01,2546.69077,2025-11-18T02:59:59.999000+00:00,232336833.3487476,567289,1055.39526,96293705.7826533
2025-11-18T03:00:00+00:00,90866.01,90927.69,89700.0,90842.72,4606.07848,2025-11-18T03:59:59.999000+00:00,416267396.9987862,702492,1919.38499,173504122.2155597
2025-11-18T04:00:00+00:00,90842.72,90851.66,89253.78,90081.9,3350.00605,2025-11-18T04:59:59.999000+00:00,301444396.801565,622685,1483.52062,133466987.5097956
2025-11-18T05:00:00+00:00,90081.9,90469.14,89719.63,90221.33,1575.65404,2025-11-18T05:59:59.999000+00:00,142076897.6720125,419588,723.77695,65264247.2081196
2025-11-18T06:00:00+00:00,90221.33,90233.16,89371.12,89651.3,1335.95745,2025-11-18T06:59:59.999000+00:00,119986099.5287348,361790,562.86453,50548730.2537011
2025-11-18T07:00:00+00:00,89651.29,90555.88,89337.39,90512.1,2766.44981,2025-11-18T07:59:59.999000+00:00,249302351.0835195,433105,1903.26002,171548799.7576026
2025-11-18T08:00:00+00:00,90512.1,91440.0,90509.79,91220.0,2225.79136,2025-11-18T08:59:59.999000+00:00,202528148.2545353,382507,1162.19401,105757326.4304555
2025-11-18T09:00:00+00:00,91219.99,91487.58,90889.93,91400.01,1441.96417,2025-11-18T09:59:59.999000+00:00,131459792.3588569,283246,758.0297,69117169.8802015
2025-11-18T10:00:00+00:00,91400.01,91617.17,91256.8,91585.02,1087.06008,2025-11-18T10:59:59.999000+00:00,99415511.9093894,257365,695.18397,63577110.5064341
2025-11-18T11:00:00+00:00,91585.01,91615.43,91247.56,91517.82,1022.64847,2025-11-18T11:59:59.999000+00:00,93526423.7577002,186170,591.29565,54080654.3214744
2025-11-18T12:00:00+00:00,91517.83,91878.11,91110.0,91518.54,906.99249,2025-11-18T12:59:59.999000+00:00,82988784.3053593,246824,460.42402,42137553.7252765
2025-11-18T13:00:00+00:00,91518.54,91659.94,90905.7,91476.56,1036.51569,2025-11-18T13:59:59.999000+00:00,94610868.0919814,246874,445.64844,40678933.6097285
2025-11-18T14:00:00+00:00,91476.56,92450.23,91206.52,91359.29,2351.78391,2025-11-18T14:59:59.999000+00:00,215910904.6101689,536819,1240.03388,113872005.9701913
2025-11-18T15:00:00+00:00,91359.3,93049.91,91010.0,92910.1,2802.22354,2025-11-18T15:59:59.999000+00:00,258966133.1423015,675155,1661.20768,153595054.2561519
2025-11-18T16:00:00+00:00,92910.1,93836.01,92579.23,93499.16,2533.3128,2025-11-18T16:59:59.999000+00:00,236480318.0054635,502575,1333.11216,124452413.5091065
2025-11-18T17:00:00+00:00,93499.15,93657.15,92821.26,93256.92,1189.79384,2025-11-18T17:59:59.999000+00:00,111013249.0448915,409592,636.55605,59411363.7502266
2025-11-18T18:00:00+00:00,93256.92,93766.0,93151.04,93331.08,692.11551,2025-11-18T18:59:59.999000+00:00,64688792.6295863,275307,385.30073,36015461.6908997
2025-11-18T19:00:00+00:00,93331.09,93612.0,92994.88,93195.61,502.14706,2025-11-18T19:59:59.999000+00:00,46849938.6649371,200496,270.84721,25273388.1133801
2025-11-18T20:00:00+00:00,93195.61,93298.0,92657.25,92783.36,539.0094,2025-11-18T20:59:59.999000+00:00,50094951.7405526,208991,240.97428,22400214.913741
2025-11-18T21:00:00+00:00,92783.36,93030.0,92462.72,92491.59,542.2085,2025-11-18T21:59:59.999000+00:00,50280221.1711103,141253,269.87766,25028420.9092471
2025-11-18T22:00:00+00:00,92491.6,93423.74,92491.59,93160.0,439.15612,2025-11-18T22:59:59.999000+00:00,40864554.5363222,122112,284.76339,26495502.1950365
2025-11-18T23:00:00+00:00,93159.99,93163.34,92727.27,92960.83,847.12179,2025-11-18T23:59:59.999000+00:00,78687165.3728519,135476,421.97862,39190304.2968287
2025-11-19T00:00:00+00:00,92960.83,92980.22,91929.86,92416.51,875.05841,2025-11-19T00:59:59.999000+00:00,80839401.1765796,252928,364.33326,33666936.3840947
2025-11-19T01:00:00+00:00,92416.52,92644.49,91935.03,92439.99,856.50507,2025-11-19T01:59:59.999000+00:00,78992126.9860137,245469,365.20148,33681777.2655239
2025-11-19T02:00:00+00:00,92440.0,92865.24,92280.0,92569.12,531.4235,2025-11-19T02:59:59.999000+00:00,49224700.7263143,183180,319.06866,29556276.226874
2025-11-19T03:00:00+00:00,92569.12,92636.0,91660.49,91874.52,802.16678,2025-11-19T03:59:59.999000+00:00,73836181.5582144,197124,281.2404,25879933.5027244
2025-11-19T04:00:00+00:00,91874.51,91976.12,91163.19,91163.2,1152.46121,2025-11-19T04:59:59.999000+00:00,105500034.5335529,203599,443.26148,40568598.4524994
2025-11-19T05:00:00+00:00,91163.2,91267.73,90025.06,90459.99,1783.40843,2025-11-19T05:59:59.999000+00:00,161670223.304985,337223,681.53211,61751565.2883609
2025-11-19T06:00:00+00:00,90459.99,91104.0,90282.83,90990.87,1223.51965,2025-11-19T06:59:59.999000+00:00,111042297.883929,260254,729.77229,66232074.2132682
2025-11-19T07:00:00+00:00,90990.88,92028.92,90948.37,91863.64,1475.85023,2025-11-19T07:59:59.999000+00:00,135028881.4497137,209137,787.13115,72003109.2028799
2025-11-19T08:00:00+00:00,91863.64,91950.0,91287.34,91470.44,803.83092,2025-11-19T08:59:59.999000+00:00,73663074.213257,168896,319.26589,29259868.4615326
2025-11-19T09:00:00+00:00,91470.44,91513.72,91072.41,91513.72,740.22178,2025-11-19T09:59:59.999000+00:00,67593303.4056482,158980,335.52897,30643209.6416287
2025-11-19T10:00:00+00:00,91513.72,91700.55,91225.98,91314.75,580.50005,2025-11-19T10:59:59.999000+00:00,53091285.8227634,142631,274.99326,25160141.371798
2025-11-19T11:00:00+00:00,91314.74,91782.04,91312.0,91410.22,416.30964,2025-11-19T11:59:59.999000+00:00,38124531.4372025,125213,236.41414,21654858.1623983
2025-11-19T12:00:00+00:00,91410.23,91879.85,91220.0,91780.0,604.31025,2025-11-19T12:59:59.999000+00:00,55348450.5843162,151717,333.15226,30522156.3493809
2025-11-19T13:00:00+00:00,91780.0,91900.0,91228.82,91405.02,728.0749,2025-11-19T13:59:59.999000+00:00,66633777.8870517,220546,299.50226,27415316.0556659
2025-11-19T14:00:00+00:00,91405.02,91857.3,91037.5,91713.44,1389.38336,2025-11-19T14:59:59.999000+00:00,127058674.3797292,408861,720.23265,65876068.9941662
2025-11-19T15:00:00+00:00,91713.45,92384.61,89880.0,89951.7,3292.32346,2025-11-19T15:59:59.999000+00:00,299466811.9860763,614061,1611.20269,146665021.9302339
2025-11-19T16:00:00+00:00,89951.7,90232.56,89453.88,89905.78,2417.11812,2025-11-19T16:59:59.999000+00:00,217068828.8042166,493755,1097.32656,98543031.0470445
2025-11-19T17:00:00+00:00,89905.77,90133.33,88889.0,89500.01,2649.49867,2025-11-19T17:59:59.999000+00:00,236650996.4189765,507999,1123.62597,100392717.8244782
2025-11-19T18:00:00+00:00,89500.0,89744.51,88792.0,89237.83,2216.17894,2025-11-19T18:59:59.999000+00:00,197617989.034802,415583,931.0086,83078996.436762
2025-11-19T19:00:00+00:00,89237.82,89384.27,88630.71,88884.56,1504.39912,2025-11-19T19:59:59.999000+00:00,133837231.9971438,372242,632.56026,56281006.5229225
2025-11-19T20:00:00+00:00,88884.56,89704.39,88608.0,89516.91,1421.78591,2025-11-19T20:59:59.999000+00:00,126814702.5433075,319585,726.02465,64779638.0546059
2025-11-19T21:00:00+00:00,89516.91,90850.0,89450.01,90600.68,2890.29056,2025-11-19T21:59:59.999000+00:00,260978154.3866668,393251,1463.5119,132056558.449781
2025-11-19T22:00:00+00:00,90600.67,90635.58,90101.14,90480.56,768.25681,2025-11-19T22:59:59.999000+00:00,69457085.4699623,204524,324.66154,29348851.1558492
2025-11-19T23:00:00+00:00,90480.56,91594.0,90480.56,91554.96,1163.76183,2025-11-19T23:59:59.999000+00:00,106234905.2655353,235416,659.53208,60183098.1800839
2025-11-20T00:00:00+00:00,91554.96,92300.0,91185.26,91891.32,1045.70121,2025-11-20T00:59:59.999000+00:00,96073362.5203581,237972,552.68264,50803101.9359251
2025-11-20T01:00:00+00:00,91891.32,92716.44,91820.01,92590.13,1058.92103,2025-11-20T01:59:59.999000+00:00,97809515.4774798,221530,586.15917,54146513.7008703
2025-11-20T02:00:00+00:00,92590.13,92798.14,92322.04,92592.84,904.85403,2025-11-20T02:59:59.999000+00:00,83761047.723872,201934,465.52902,43097101.6545004
2025-11-20T03:00:00+00:00,92592.85,92717.52,92360.84,92440.32,919.58347,2025-11-20T03:59:59.999000+00:00,85094206.8497522,199638,426.96476,39511465.3294331
2025-11-20T04:00:00+00:00,92440.33,92990.0,92124.0,92962.83,931.12356,2025-11-20T04:59:59.999000+00:00,86107631.19278,168615,526.50615,48704185.0758087
2025-11-20T05:00:00+00:00,92962.84,93160.0,92566.55,92616.2,878.19369,2025-11-20T05:59:59.999000+00:00,81545919.3733317,151301,503.8274,46788197.3296772
2025-11-20T06:00:00+00:00,92616.21,92851.06,91687.07,91974.7,1324.95908,2025-11-20T06:59:59.999000+00:00,122231151.6884667,199383,407.79225,37596708.8452568
2025-11-20T07:00:00+00:00,91974.69,92445.8,91798.24,92320.18,657.61367,2025-11-20T07:59:59.999000+00:00,60566259.2363086,170333,325.714,29998507.7240625
2025-11-20T08:00:00+00:00,92320.18,92400.94,92036.27,92128.22,621.86424,2025-11-20T08:59:59.999000+00:00,57342740.2966699,148489,319.2401,29435375.4994341
2025-11-20T09:00:00+00:00,92128.22,92135.01,91440.55,91950.0,1187.17976,2025-11-20T09:59:59.999000+00:00,109022597.8280814,167269,583.63761,53587093.5698873
2025-11-20T10:00:00+00:00,91950.01,92062.83,91603.84,91801.39,918.81997,2025-11-20T10:59:59.999000+00:00,84381349.4386404,155343,404.87808,37184865.4336228
2025-11-20T11:00:00+00:00,91801.39,92029.64,91485.4,91934.0,472.97339,2025-11-20T11:59:59.999000+00:00,43397129.4379284,133107,244.22534,22411044.7895699
2025-11-20T12:00:00+00:00,91934.01,91999.99,91688.0,91839.25,443.03933,2025-11-20T12:59:59.999000+00:00,40691895.5180703,149201,191.04207,17545886.4171914
2025-11-20T13:00:00+00:00,91839.25,92541.92,91451.99,91529.36,1535.257,2025-11-20T13:59:59.999000+00:00,141130000.8491228,333669,765.64471,70406124.8478341
2025-11-20T14:00:00+00:00,91529.36,91682.6,90431.54,91103.19,2227.67187,2025-11-20T14:59:59.999000+00:00,202936177.9402762,589671,948.28762,86390932.3287682
2025-11-20T15:00:00+00:00,91103.19,91171.78,89835.34,89869.88,1956.88604,2025-11-20T15:59:59.999000+00:00,176986652.0629724,450719,710.14525,64248154.2720154
2025-11-20T16:00:00+00:00,89869.88,89911.73,87487.95,87878.1,5918.46185,2025-11-20T16:59:59.999000+00:00,523905525.5752014,843135,2572.47023,227949356.681018
2025-11-20T17:00:00+00:00,87878.1,88158.49,86395.47,87233.81,5848.39149,2025-11-20T17:59:59.999000+00:00,509277515.5804128,848200,2499.12528,217636902.0538465
2025-11-20T18:00:00+00:00,87233.8,87769.23,86318.78,86486.27,3087.08206,2025-11-20T18:59:59.999000+00:00,268746115.2605357,630818,1575.79033,137286563.3671019
2025-11-20T19:00:00+00:00,86486.27,87146.29,86100.0,86921.28,2741.74748,2025-11-20T19:59:59.999000+00:00,237295119.676161,538923,1374.37719,119004214.1014012
2025-11-20T20:00:00+00:00,86921.27,87131.07,86325.23,86462.97,1475.77763,2025-11-20T20:59:59.999000+00:00,127899115.5576664,424670,744.67263,64544331.9749012
2025-11-20T21:00:00+00:00,86462.97,87674.23,86429.09,87282.6,1215.0571,2025-11-20T21:59:59.999000+00:00,105992157.7131898,286140,536.4628,46789664.9380199
2025-11-20T22:00:00+00:00,87282.44,88250.0,87192.91,88065.97,1274.57142,2025-11-20T22:59:59.999000+00:00,111887910.3580791,277337,531.92536,46725141.7540442
2025-11-20T23:00:00+00:00,88065.98,88173.09,86560.0,86637.23,1087.46036,2025-11-20T23:59:59.999000+00:00,94869237.9430647,313998,486.74048,42465057.3332419
2025-11-21T00:00:00+00:00,86637.22,87498.94,86592.0,87285.24,845.00605,2025-11-21T00:59:59.999000+00:00,73661577.3282824,355608,413.59071,36047101.4591412
2025-11-21T01:00:00+00:00,87285.24,87464.08,86834.81,87049.86,841.87222,2025-11-21T01:59:59.999000+00:00,73382298.3685188,305795,383.42311,33417628.2638519
2025-11-21T02:00:00+00:00,87049.86,87067.52,85360.0,85444.93,3003.64405,2025-11-21T02:59:59.999000+00:00,258957397.8413295,509653,1138.02592,98119998.0426353
2025-11-21T03:00:00+00:00,85444.93,86135.58,85433.39,85821.34,1737.99681,2025-11-21T03:59:59.999000+00:00,149091744.8471934,415496,915.55109,78535333.2486097
2025-11-21T04:00:00+00:00,85821.35,86119.19,85404.05,86053.09,1036.52858,2025-11-21T04:59:59.999000+00:00,88859434.997589,332480,509.42515,43675830.1922724
2025-11-21T05:00:00+00:00,86053.1,86459.53,85825.59,86195.08,1234.93355,2025-11-21T05:59:59.999000+00:00,106343815.7395726,286551,756.08036,65102508.8734001
2025-11-21T06:00:00+00:00,86195.09,86255.02,85550.0,85581.3,1347.08347,2025-11-21T06:59:59.999000+00:00,115511015.3391703,285910,524.05511,44938160.4755837
2025-11-21T07:00:00+00:00,85581.31,85769.86,82000.0,84049.39,10586.94545,2025-11-21T07:59:59.999000+00:00,889080852.8496418,736204,4229.30259,355590723.0848573
2025-11-21T08:00:00+00:00,84049.38,84709.89,83521.07,83643.45,4196.83535,2025-11-21T08:59:59.999000+00:00,352912778.6057301,559953,1861.4237,156625447.3877679
2025-11-21T09:00:00+00:00,83643.45,83988.4,82104.01,82207.84,4382.85302,2025-11-21T09:59:59.999000+00:00,363384975.6522787,563436,2088.65954,173146935.3675696
2025-11-21T10:00:00+00:00,82207.83,82911.99,81648.0,82703.61,5588.71507,2025-11-21T10:59:59.999000+00:00,459876742.7417613,675431,2724.00794,224138585.3660971
2025-11-21T11:00:00+00:00,82703.61,83340.72,82192.49,82309.66,2016.52315,2025-11-21T11:59:59.999000+00:00,166931832.7442203,452840,952.76906,78900425.3305922
2025-11-21T12:00:00+00:00,82309.67,83618.13,80600.0,83285.35,9181.08228,2025-11-21T12:59:59.999000+00:00,753183647.2744826,913050,4487.66729,368743152.3210486
2025-11-21T13:00:00+00:00,83285.34,84427.79,83116.86,84115.28,4066.19195,2025-11-21T13:59:59.999000+00:00,340811371.8092294,800239,2115.74002,177405713.6040496
2025-11-21T14:00:00+00:00,84115.29,85496.0,83544.82,84850.0,5134.71956,2025-11-21T14:59:59.999000+00:00,433887030.4962863,856566,2431.98539,205604798.2871263
2025-11-21T15:00:00+00:00,84850.01,85103.42,82729.54,82932.47,4659.35985,2025-11-21T15:59:59.999000+00:00,390042260.0113535,847974,2086.8266,174741897.9712263
2025-11-21T16:00:00+00:00,82932.46,84919.6,82333.0,84919.59,2895.89154,2025-11-21T16:59:59.999000+00:00,241249529.2224901,651710,1607.65676,134028582.3311916
2025-11-21T17:00:00+00:00,84919.58,85572.82,84565.11,84877.07,2065.96878,2025-11-21T17:59:59.999000+00:00,175954306.2442984,503200,1098.79585,93613245.2389628
2025-11-21T18:00:00+00:00,84877.06,85083.31,83304.87,84577.11,2102.7819,2025-11-21T18:59:59.999000+00:00,177016617.3640961,495098,944.98858,79533536.808345
2025-11-21T19:00:00+00:00,84577.12,85025.71,84080.0,84209.3,1042.9006,2025-11-21T19:59:59.999000+00:00,88281085.3258754,304639,569.78945,48256791.2705846
2025-11-21T20:00:00+00:00,84209.3,84650.0,83464.96,84571.2,1215.11568,2025-11-21T20:59:59.999000+00:00,102215908.5020792,313722,574.12784,48309776.7951795
2025-11-21T21:00:00+00:00,84571.19,85416.66,84351.51,85182.14,1186.55255,2025-11-21T21:59:59.999000+00:00,100781869.3924881,237089,644.77068,54778573.9744052
2025-11-21T22:00:00+00:00,85182.14,85404.24,84267.25,84284.42,887.57484,2025-11-21T22:59:59.999000+00:00,75283191.8908823,234445,399.83666,33914078.5730461
2025-11-21T23:00:00+00:00,84284.43,85353.03,84121.38,85129.43,999.05049,2025-11-21T23:59:59.999000+00:00,84647471.7527145,189391,613.35888,51964398.9565083
2025-11-22T00:00:00+00:00,85129.42,85620.0,84571.13,84739.93,982.89986,2025-11-22T00:59:59.999000+00:00,83626256.795014,302413,452.82291,38552631.3731518
2025-11-22T01:00:00+00:00,84739.92,85205.87,84588.75,85174.28,708.2007,2025-11-22T01:59:59.999000+00:00,60147440.3257699,257312,320.91716,27260914.8336164
2025-11-22T02:00:00+00:00,85174.28,85205.87,84285.71,84528.99,623.12435,2025-11-22T02:59:59.999000+00:00,52748651.2097264,238880,235.35545,19919137.3252054
2025-11-22T03:00:00+00:00,84529.0,84611.35,84212.39,84440.47,608.99066,2025-11-22T03:59:59.999000+00:00,51390855.678916,193130,224.31792,18933028.2427076
2025-11-22T04:00:00+00:00,84440.48,84548.3,83832.91,84246.88,757.03562,2025-11-22T04:59:59.999000+00:00,63657359.7750417,245510,279.60552,23514728.8274487
2025-11-22T05:00:00+00:00,84246.89,84316.08,83868.53,84280.92,609.94979,2025-11-22T05:59:59.999000+00:00,51284805.5517811,216736,297.08244,24977679.3585731
2025-11-22T06:00:00+00:00,84280.92,84799.54,84080.0,84636.0,514.75646,2025-11-22T06:59:59.999000+00:00,43501274.6715251,201947,290.41998,24544372.6459671
2025-11-22T07:00:00+00:00,84636.0,84672.01,84400.0,84580.06,336.57657,2025-11-22T07:59:59.999000+00:00,28455092.6380578,155712,153.33342,12961522.4440058
2025-11-22T08:00:00+00:00,84580.06,84586.62,83935.95,84016.77,579.11003,2025-11-22T08:59:59.999000+00:00,48756555.7849118,216504,273.89121,23058080.7305988
2025-11-22T09:00:00+00:00,84016.77,84343.91,83666.0,83929.52,1402.34324,2025-11-22T09:59:59.999000+00:00,117767612.2571522,232145,451.36544,37923456.020772
2025-11-22T10:00:00+00:00,83929.53,84211.5,83500.0,83693.25,755.24683,2025-11-22T10:59:59.999000+00:00,63285278.4816141,235843,334.79474,28058322.4074507
2025-11-22T11:00:00+00:00,83693.26,84343.91,83592.45,84098.94,605.75819,2025-11-22T11:59:59.999000+00:00,50936659.073417,217352,366.23422,30795568.2029204
2025-11-22T12:00:00+00:00,84098.94,84160.8,83620.16,83884.0,632.74648,2025-11-22T12:59:59.999000+00:00,53037353.5800039,184502,293.73498,24616526.4103392
2025-11-22T13:00:00+00:00,83884.01,84132.09,83653.12,83947.89,450.3885,2025-11-22T13:59:59.999000+00:00,37793470.7063352,178401,213.16087,17888631.2798429
2025-11-22T14:00:00+00:00,83947.89,84755.83,83935.12,84494.4,1054.8619,2025-11-22T14:59:59.999000+00:00,89062151.2362286,290808,637.5147,53820026.8779307
2025-11-22T15:00:00+00:00,84494.4,84577.99,84014.39,84284.01,530.44756,2025-11-22T15:59:59.999000+00:00,44714409.7446798,229057,278.24896,23453624.9487672
2025-11-22T16:00:00+00:00,84284.01,84899.0,84219.62,84694.66,525.46062,2025-11-22T16:59:59.999000+00:00,44444285.6511679,184240,327.18599,27671917.0611163
2025-11-22T17:00:00+00:00,84694.65,84724.58,84423.98,84554.2,357.93738,2025-11-22T17:59:59.999000+00:00,30270835.5836286,148619,163.97919,13867939.0224986
2025-11-22T18:00:00+00:00,84554.2,84678.38,84480.66,84659.79,243.98434,2025-11-22T18:59:59.999000+00:00,20637117.4767568,111865,125.26335,10595102.5969722
2025-11-22T19:00:00+00:00,84659.8,84790.79,84510.53,84609.76,223.69917,2025-11-22T19:59:59.999000+00:00,18935432.3894798,109069,117.06624,9909164.0776966
2025-11-22T20:00:00+00:00,84609.77,84808.22,84244.51,84474.41,274.86848,2025-11-22T20:59:59.999000+00:00,23245959.8048471,128684,134.37028,11364564.7882764
2025-11-22T21:00:00+00:00,84474.41,84510.54,84237.7,84411.3,269.03241,2025-11-22T21:59:59.999000+00:00,22702786.5903728,97119,87.00368,7341307.7376418
2025-11-22T22:00:00+00:00,84411.31,85260.0,84269.04,85072.88,648.28851,2025-11-22T22:59:59.999000+00:00,54950184.6335217,154317,380.19203,32226193.8303347
2025-11-22T23:00:00+00:00,85072.87,85178.0,84670.56,84739.74,498.22498,2025-11-22T23:59:59.999000+00:00,42305525.3290892,167428,250.9336,21307707.8935588
2025-11-23T00:00:00+00:00,84739.75,85325.94,84667.57,84971.74,789.42586,2025-11-23T00:59:59.999000+00:00,67159110.8969472,206737,418.796,35623681.51568
2025-11-23T01:00:00+00:00,84971.74,86184.6,84950.97,85879.83,1247.13601,2025-11-23T01:59:59.999000+00:00,106789932.6163756,272800,753.64342,64535302.2732736
2025-11-23T02:00:00+00:00,85879.83,86349.84,85689.36,86000.34,1316.75776,2025-11-23T02:59:59.999000+00:00,113302678.5018746,320073,707.86115,60917717.5228572
2025-11-23T03:00:00+00:00,86000.34,86308.55,85820.68,86308.54,650.83168,2025-11-23T03:59:59.999000+00:00,55983614.5279392,232441,369.36352,31776176.898872
2025-11-23T04:00:00+00:00,86308.54,86860.0,86150.61,86548.2,1045.11387,2025-11-23T04:59:59.999000+00:00,90427941.4368025,263744,604.10037,52263234.156807
2025-11-23T05:00:00+00:00,86548.19,86593.68,86004.85,86358.28,592.93532,2025-11-23T05:59:59.999000+00:00,51165894.943896,159585,265.65508,22928917.9391064
2025-11-23T06:00:00+00:00,86358.27,86500.0,85864.68,85864.68,546.56485,2025-11-23T06:59:59.999000+00:00,47081215.0352601,152626,226.67433,19535944.9682927
2025-11-23T07:00:00+00:00,85864.69,85911.72,85420.0,85782.19,728.39953,2025-11-23T07:59:59.999000+00:00,62402866.2892816,170114,301.87066,25862851.6919384
2025-11-23T08:00:00+00:00,85782.18,86196.94,85768.22,86137.19,554.48769,2025-11-23T08:59:59.999000+00:00,47682422.3469543,155013,283.00617,24332978.5720746
2025-11-23T09:00:00+00:00,86137.18,86465.24,86080.02,86393.02,427.24227,2025-11-23T09:59:59.999000+00:00,36856076.7984702,123789,251.45283,21691714.9615513
2025-11-23T10:00:00+00:00,86393.03,86452.0,86058.96,86066.23,429.62501,2025-11-23T10:59:59.999000+00:00,37042333.7067806,133519,216.28507,18647674.3249516
2025-11-23T11:00:00+00:00,86066.24,86421.0,85814.92,86331.28,676.0486,2025-11-23T11:59:59.999000+00:00,58178722.6147327,152718,329.65072,28377990.7533944
2025-11-23T12:00:00+00:00,86331.28,86892.0,86271.1,86530.04,917.48707,2025-11-23T12:59:59.999000+00:00,79500537.9921514,243414,489.8636,42443799.2632509
2025-11-23T13:00:00+00:00,86530.04,86934.0,86318.98,86928.31,646.33455,2025-11-23T13:59:59.999000+00:00,55998796.7113986,224234,359.26875,31131691.3519324
2025-11-23T14:00:00+00:00,86928.3,87200.0,86482.98,86547.4,1148.29527,2025-11-23T14:59:59.999000+00:00,99691070.0386619,289735,550.43861,47792527.0643076
2025-11-23T15:00:00+00:00,86547.4,87244.51,86451.9,87087.44,759.24987,2025-11-23T15:59:59.999000+00:00,65933755.6726839,216266,405.19689,35199918.8566065
2025-11-23T16:00:00+00:00,87087.44,87500.0,86670.23,86685.6,1449.1586,2025-11-23T16:59:59.999000+00:00,126320489.1677572,238351,773.07844,67403178.4975571
2025-11-23T17:00:00+00:00,86685.59,86957.45,86502.47,86746.51,752.54839,2025-11-23T17:59:59.999000+00:00,65253133.4093921,226141,409.04854,35468452.6851652
2025-11-23T18:00:00+00:00,86746.52,87259.58,86724.78,86995.02,584.09609,2025-11-23T18:59:59.999000+00:00,50810736.7976421,169294,324.90719,28261162.4191652
2025-11-23T19:00:00+00:00,86995.02,87689.47,86938.6,87325.01,926.15432,2025-11-23T19:59:59.999000+00:00,81001274.4390273,218954,539.58435,47198456.7505071
2025-11-23T20:00:00+00:00,87325.01,87694.68,87233.63,87483.36,726.71996,2025-11-23T20:59:59.999000+00:00,63578092.5720733,188035,418.4059,36605098.1481331
2025-11-23T21:00:00+00:00,87483.37,88000.0,87150.0,87992.02,647.97774,2025-11-23T21:59:59.999000+00:00,56768053.9383951,173495,387.72205,33976037.2998832
2025-11-23T22:00:00+00:00,87992.03,88127.64,87554.23,88004.0,806.41047,2025-11-23T22:59:59.999000+00:00,70820714.8123324,242217,449.8316,39510023.7042501
2025-11-23T23:00:00+00:00,88004.01,88086.96,86701.54,86830.0,1365.4634,2025-11-23T23:59:59.999000+00:00,118935565.0130396,290198,570.81179,49725981.9008897
2025-11-24T00:00:00+00:00,86830.0,87211.33,85946.65,86740.64,1392.29093,2025-11-24T00:59:59.999000+00:00,120450543.3178046,368672,638.92407,55283923.8951462
2025-11-24T01:00:00+00:00,86740.64,87091.31,86399.99,87068.51,958.30504,2025-11-24T01:59:59.999000+00:00,83106189.9540478,299683,482.66891,41866721.6979707
2025-11-24T02:00:00+00:00,87068.51,88059.44,87025.01,87518.22,1290.41003,2025-11-24T02:59:59.999000+00:00,113098539.9732207,345324,729.00551,63887655.809805
2025-11-24T03:00:00+00:00,87518.23,87788.0,87200.69,87460.02,677.15494,2025-11-24T03:59:59.999000+00:00,59221147.6650971,222636,366.43803,32042257.0826349
2025-11-24T04:00:00+00:00,87460.03,87600.0,86450.0,86738.37,878.95809,2025-11-24T04:59:59.999000+00:00,76323960.141559,262306,402.79412,34979452.3287992
2025-11-24T05:00:00+00:00,86738.36,87837.57,86675.82,87468.29,753.25217,2025-11-24T05:59:59.999000+00:00,65869362.7168879,234937,375.92328,32865729.1697487
2025-11-24T06:00:00+00:00,87468.28,87518.06,86819.98,86910.78,801.3858,2025-11-24T06:59:59.999000+00:00,69737747.5265091,227150,398.88782,34709571.6877817
2025-11-24T07:00:00+00:00,86910.77,87350.0,86700.0,87050.39,842.74354,2025-11-24T07:59:59.999000+00:00,73324542.3973077,212483,490.60854,42682382.5373889
2025-11-24T08:00:00+00:00,87050.39,87050.39,86724.78,86961.51,563.07997,2025-11-24T08:59:59.999000+00:00,48911987.2046172,202357,272.02012,23629730.9601516
2025-11-24T09:00:00+00:00,86961.5,86961.5,85825.84,85944.91,1224.1726,2025-11-24T09:59:59.999000+00:00,105505372.3678911,238306,417.51492,35973855.1406545
2025-11-24T10:00:00+00:00,85944.91,86190.0,85696.56,86049.74,1106.37218,2025-11-24T10:59:59.999000+00:00,95033743.4812136,183804,438.34343,37661270.6916752
2025-11-24T11:00:00+00:00,86049.74,86433.93,85840.0,86264.72,590.88464,2025-11-24T11:59:59.999000+00:00,50914697.1962122,156128,275.51838,23747897.2134016
2025-11-24T12:00:00+00:00,86264.71,86318.0,85888.0,86003.0,776.50309,2025-11-24T12:59:59.999000+00:00,66821088.1829874,185784,314.4196,27060240.2707614
2025-11-24T13:00:00+00:00,86003.0,86573.99,85947.91,86160.0,774.74433,2025-11-24T13:59:59.999000+00:00,66890748.7722136,173437,400.02299,34537827.7815303
2025-11-24T14:00:00+00:00,86159.84,86660.01,85272.0,86171.14,1629.59791,2025-11-24T14:59:59.999000+00:00,139992044.0735621,401099,779.30746,66972190.472465
2025-11-24T15:00:00+00:00,86171.22,86741.5,85913.44,86616.44,1454.66429,2025-11-24T15:59:59.999000+00:00,125700707.4173487,462051,784.79068,67823365.5745663
2025-11-24T16:00:00+00:00,86616.44,87700.0,86616.43,87174.5,1597.9807,2025-11-24T16:59:59.999000+00:00,139340972.06828,380602,939.22316,81899293.3344077
2025-11-24T17:00:00+00:00,87174.5,88550.68,86950.51,88369.91,1714.18113,2025-11-24T17:59:59.999000+00:00,150454810.3473344,365286,1001.31062,87954749.6311894
2025-11-24T18:00:00+00:00,88369.91,88732.25,88200.0,88715.31,1475.2051,2025-11-24T18:59:59.999000+00:00,130459804.3279851,340850,801.96598,70925975.8333799
2025-11-24T19:00:00+00:00,88715.3,88834.62,88115.16,88327.29,1216.54554,2025-11-24T19:59:59.999000+00:00,107736695.2372664,249469,535.34465,47414424.3235514
2025-11-24T20:00:00+00:00,88327.29,89228.0,88327.29,89089.06,1349.46746,2025-11-24T20:59:59.999000+00:00,119890997.8119237,254900,838.4932,74495362.1591132
2025-11-24T21:00:00+00:00,89089.06,89132.0,88720.97,88766.15,601.72645,2025-11-24T21:59:59.999000+00:00,53518836.2954235,174208,314.64344,27985769.9452337
2025-11-24T22:00:00+00:00,88766.15,89091.96,88598.0,88636.54,522.98122,2025-11-24T22:59:59.999000+00:00,46457787.5114985,141736,259.49598,23055856.8821477
2025-11-24T23:00:00+00:00,88636.54,88690.0,88252.5,88300.01,470.5208,2025-11-24T23:59:59.999000+00:00,41631360.9321269,105948,181.21029,16029884.5999125
2025-11-25T00:00:00+00:00,88300.01,88300.01,87864.63,88100.0,784.64286,2025-11-25T00:59:59.999000+00:00,69111174.8218055,188644,375.58076,33083593.8814397
2025-11-25T01:00:00+00:00,88100.0,88223.85,87719.67,87732.83,590.37213,2025-11-25T01:59:59.999000+00:00,51944476.9831445,200916,297.23416,26158332.8936412
2025-11-25T02:00:00+00:00,87732.84,87942.26,87457.53,87909.4,661.24658,2025-11-25T02:59:59.999000+00:00,58001630.0193682,191513,328.62045,28831728.8600385
2025-11-25T03:00:00+00:00,87909.41,88048.78,87553.84,87822.12,470.13692,2025-11-25T03:59:59.999000+00:00,41274271.3424044,137256,221.96458,19489157.0072847
2025-11-25T04:00:00+00:00,87822.12,88519.99,87790.17,88341.14,559.30233,2025-11-25T04:59:59.999000+00:00,49310324.331774,133694,346.21896,30523640.5422296
2025-11-25T05:00:00+00:00,88341.14,88341.14,87937.46,88120.82,385.97584,2025-11-25T05:59:59.999000+00:00,34032901.0013514,112428,160.78799,14176303.2422754
2025-11-25T06:00:00+00:00,88120.83,88149.01,87802.09,88003.97,428.0412,2025-11-25T06:59:59.999000+00:00,37660065.1732486,113185,208.31864,18327152.8139474
2025-11-25T07:00:00+00:00,88003.97,88069.96,87300.0,87384.81,1659.28548,2025-11-25T07:59:59.999000+00:00,145405298.6347444,170693,618.61185,54190603.9525228
2025-11-25T08:00:00+00:00,87384.81,87606.57,86993.2,87009.82,1030.08593,2025-11-25T08:59:59.999000+00:00,89943258.9251214,176296,392.92613,34314824.3431078
2025-11-25T09:00:00+00:00,87009.82,87243.57,86666.0,87231.76,1365.38754,2025-11-25T09:59:59.999000+00:00,118652427.7510765,234649,540.91448,47009875.9142539
2025-11-25T10:00:00+00:00,87231.76,87430.0,86950.01,87411.01,529.77845,2025-11-25T10:59:59.999000+00:00,46192245.4957595,121692,301.60387,26304296.6257536
2025-11-25T11:00:00+00:00,87411.0,87535.98,87310.0,87361.71,476.85969,2025-11-25T11:59:59.999000+00:00,41685994.8208965,108184,256.56426,22428565.6598085
2025-11-25T12:00:00+00:00,87361.71,87792.2,87361.71,87509.99,719.39885,2025-11-25T12:59:59.999000+00:00,63004858.9120767,188667,446.36706,39095846.1286623
2025-11-25T13:00:00+00:00,87510.0,87731.2,86870.5,87083.01,953.98515,2025-11-25T13:59:59.999000+00:00,83302703.6407462,260220,519.50745,45364306.5937874
2025-11-25T14:00:00+00:00,87083.0,87298.35,86116.0,86741.55,1997.11968,2025-11-25T14:59:59.999000+00:00,173361348.0175524,477724,889.99958,77256356.7190104
2025-11-25T15:00:00+00:00,86741.55,87300.0,86200.0,86988.94,1227.12482,2025-11-25T15:59:59.999000+00:00,106472942.9449749,381330,790.54798,68612210.1885
2025-11-25T16:00:00+00:00,86988.93,87291.0,86712.35,87121.31,678.88146,2025-11-25T16:59:59.999000+00:00,59109156.0767667,242305,340.69844,29667437.3527447
2025-11-25T17:00:00+00:00,87121.31,88155.65,87046.09,87625.89,918.86754,2025-11-25T17:59:59.999000+00:00,80537904.6071056,243467,499.48545,43775825.0853033
2025-11-25T18:00:00+00:00,87625.9,87830.0,87237.18,87239.29,604.25375,2025-11-25T18:59:59.999000+00:00,52924348.4989166,189076,254.61673,22305881.0978313
2025-11-25T19:00:00+00:00,87239.29,87340.1,86182.49,86882.85,1026.34933,2025-11-25T19:59:59.999000+00:00,88897765.8647652,266647,422.06402,36553976.7335245
2025-11-25T20:00:00+00:00,86882.84,87463.0,86706.28,87382.7,718.04092,2025-11-25T20:59:59.999000+00:00,62605755.2307963,197206,404.77004,35299026.5443807
2025-11-25T21:00:00+00:00,87387.48,87449.73,86985.02,87032.37,660.28461,2025-11-25T21:59:59.999000+00:00,57574534.7726257,154399,263.0228,22930693.1963989
2025-11-25T22:00:00+00:00,87032.36,87722.92,86565.48,87642.41,612.11039,2025-11-25T22:59:59.999000+00:00,53355253.6915888,187397,320.34665,27939099.2250911
2025-11-25T23:00:00+00:00,87642.41,87889.38,87328.89,87369.96,509.50965,2025-11-25T23:59:59.999000+00:00,44628358.4803271,161159,222.40752,19484790.5387182
2025-11-26T00:00:00+00:00,87369.97,87770.0,87344.34,87573.51,492.76345,2025-11-26T00:59:59.999000+00:00,43150790.8576177,176519,252.89935,22147622.5290363
2025-11-26T01:00:00+00:00,87573.51,88224.0,87338.05,87921.94,625.50199,2025-11-26T01:59:59.999000+00:00,54954725.303757,193101,386.7933,33985503.668237
2025-11-26T02:00:00+00:00,87921.94,88087.97,87662.24,87711.82,382.80732,2025-11-26T02:59:59.999000+00:00,33633987.0078155,143130,192.43464,16909358.0346695
2025-11-26T03:00:00+00:00,87711.82,87892.82,87069.97,87119.92,734.20044,2025-11-26T03:59:59.999000+00:00,64182679.1138174,131055,229.59424,20081808.9828774
2025-11-26T04:00:00+00:00,87119.93,87368.0,86909.99,87230.23,523.25398,2025-11-26T04:59:59.999000+00:00,45588594.9964782,109954,248.68445,21670160.3600207
2025-11-26T05:00:00+00:00,87230.23,87741.5,87220.01,87519.53,391.28204,2025-11-26T05:59:59.999000+00:00,34262487.3896609,105731,187.98709,16457892.6270558
2025-11-26T06:00:00+00:00,87519.54,87889.0,87409.78,87794.0,567.75553,2025-11-26T06:59:59.999000+00:00,49742157.7813475,120238,215.38577,18876859.1691385
2025-11-26T07:00:00+00:00,87794.0,87970.0,87698.25,87935.05,346.36014,2025-11-26T07:59:59.999000+00:00,30408682.0446747,100189,184.89484,16232720.8317716
2025-11-26T08:00:00+00:00,87935.05,87941.58,87416.44,87424.8,352.28266,2025-11-26T08:59:59.999000+00:00,30859824.8792738,96849,149.44037,13090924.1181357
2025-11-26T09:00:00+00:00,87424.8,87453.47,86746.6,86825.27,1012.15795,2025-11-26T09:59:59.999000+00:00,88125785.1173824,118400,423.0228,36830027.1154949
2025-11-26T10:00:00+00:00,86825.27,87078.59,86670.36,86955.17,469.69958,2025-11-26T10:59:59.999000+00:00,40812273.4484177,114788,232.17651,20176313.1322682
2025-11-26T11:00:00+00:00,86955.17,87095.83,86844.01,87095.79,365.39116,2025-11-26T11:59:59.999000+00:00,31771387.6337737,97410,184.44951,16037330.5343308
2025-11-26T12:00:00+00:00,87095.78,87175.99,86306.77,86643.08,790.16422,2025-11-26T12:59:59.999000+00:00,68443632.4491415,198168,336.17911,29121912.9383174
2025-11-26T13:00:00+00:00,86643.07,87136.33,86568.85,87128.51,802.87416,2025-11-26T13:59:59.999000+00:00,69721302.3048686,178660,509.84517,44275169.1666052
2025-11-26T14:00:00+00:00,87128.51,87693.21,86813.5,86899.73,1419.99793,2025-11-26T14:59:59.999000+00:00,123944072.4323324,341253,819.05628,71499487.1483899
2025-11-26T15:00:00+00:00,86899.72,87349.41,86664.23,86978.0,1185.22598,2025-11-26T15:59:59.999000+00:00,103128558.6257245,364626,556.7042,48437397.2430014
2025-11-26T16:00:00+00:00,86977.99,87946.0,86956.61,87820.01,1248.92414,2025-11-26T16:59:59.999000+00:00,109385714.09413,280195,634.95134,55607847.703519
2025-11-26T17:00:00+00:00,87820.02,89962.9,87710.27,89830.79,2469.84113,2025-11-26T17:59:59.999000+00:00,219792966.2079898,432414,1435.23662,127705253.1784497
2025-11-26T18:00:00+00:00,89830.8,90418.39,89676.0,90145.69,2128.19073,2025-11-26T18:59:59.999000+00:00,191609027.7647634,409817,1021.48288,91975304.2769414
2025-11-26T19:00:00+00:00,90145.69,90197.83,89716.3,89957.36,1663.47818,2025-11-26T19:59:59.999000+00:00,149524719.4967481,249807,564.52733,50741221.5065453
2025-11-26T20:00:00+00:00,89957.37,90114.67,89508.85,89866.82,1645.62012,2025-11-26T20:59:59.999000+00:00,147962309.7734633,241762,853.95393,76794091.9024132
2025-11-26T21:00:00+00:00,89866.83,90491.28,89815.35,90195.99,803.11555,2025-11-26T21:59:59.999000+00:00,72398741.5983315,171012,531.28237,47882101.3779731
2025-11-26T22:00:00+00:00,90195.98,90656.08,90127.88,90386.57,686.02397,2025-11-26T22:59:59.999000+00:00,61976285.1394691,167433,400.63241,36193017.4323871
2025-11-26T23:00:00+00:00,90386.56,90600.0,90312.25,90484.02,568.91004,2025-11-26T23:59:59.999000+00:00,51471191.2089902,125769,331.99612,30036050.8388041
2025-11-27T00:00:00+00:00,90484.01,90597.32,90089.91,90485.85,863.56359,2025-11-27T00:59:59.999000+00:00,77999134.1550438,174941,498.98559,45068184.1982798
2025-11-27T01:00:00+00:00,90485.85,91236.0,90385.5,91145.78,1123.33988,2025-11-27T01:59:59.999000+00:00,101975485.3390087,199119,683.68808,62067013.0615855
2025-11-27T02:00:00+00:00,91145.78,91950.0,90879.76,91389.21,2941.8217,2025-11-27T02:59:59.999000+00:00,269311914.4167359,395090,2156.24219,197435662.9085884
2025-11-27T03:00:00+00:00,91389.73,91615.6,91044.14,91091.68,815.09214,2025-11-27T03:59:59.999000+00:00,74407564.0931362,225226,368.88888,33684972.0766865
2025-11-27T04:00:00+00:00,91091.68,91353.85,91057.77,91277.06,509.22057,2025-11-27T04:59:59.999000+00:00,46449237.491097,160767,234.97182,21432895.2276186
2025-11-27T05:00:00+00:00,91277.06,91554.49,90889.11,90967.54,724.51309,2025-11-27T05:59:59.999000+00:00,66070829.3599064,163328,368.07801,33576598.0798768
2025-11-27T06:00:00+00:00,90967.53,91445.3,90967.53,91244.58,600.26335,2025-11-27T06:59:59.999000+00:00,54779976.1191872,123188,386.63205,35284991.6178541
2025-11-27T07:00:00+00:00,91244.59,91496.63,91135.88,91408.34,609.78648,2025-11-27T07:59:59.999000+00:00,55717794.2225676,129089,221.00455,20189331.3212551
2025-11-27T08:00:00+00:00,91408.34,91520.24,91221.17,91492.02,626.375,2025-11-27T08:59:59.999000+00:00,57243260.5152409,126861,286.70028,26203734.832421
2025-11-27T09:00:00+00:00,91492.01,91940.18,91475.39,91561.67,875.30832,2025-11-27T09:59:59.999000+00:00,80245399.6567668,162283,394.80832,36195108.2787631
2025-11-27T10:00:00+00:00,91561.67,91747.29,91347.02,91613.51,526.00515,2025-11-27T10:59:59.999000+00:00,48165451.8856094,129747,250.79288,22965196.4594311
2025-11-27T11:00:00+00:00,91613.52,91619.36,91307.69,91371.88,326.30294,2025-11-27T11:59:59.999000+00:00,29843036.0501495,84390,132.60026,12127682.7046196
2025-11-27T12:00:00+00:00,91371.87,91457.36,90950.0,90986.56,641.34239,2025-11-27T12:59:59.999000+00:00,58470185.1247104,135981,222.19766,20264369.9111565
2025-11-27T13:00:00+00:00,90986.56,91075.99,90438.43,90852.78,1344.1126,2025-11-27T13:59:59.999000+00:00,121933641.4167029,251389,563.57398,51142099.5137484
2025-11-27T14:00:00+00:00,90852.79,90978.49,90579.77,90789.68,539.81726,2025-11-27T14:59:59.999000+00:00,48996517.6483238,166165,256.55284,23288723.1343848
2025-11-27T15:00:00+00:00,90789.68,90988.0,90629.98,90958.3,396.23776,2025-11-27T15:59:59.999000+00:00,36000222.4507185,169043,212.42473,19299034.1310093
2025-11-27T16:00:00+00:00,90958.29,91562.0,90850.77,91467.13,778.41704,2025-11-27T16:59:59.999000+00:00,71022486.5518281,247669,466.46173,42555489.3306291
2025-11-27T17:00:00+00:00,91467.12,91635.79,91299.06,91479.3,704.33875,2025-11-27T17:59:59.999000+00:00,64420003.8516059,186250,298.58862,27309370.871011
2025-11-27T18:00:00+00:00,91479.3,91843.59,91347.21,91791.99,433.08181,2025-11-27T18:59:59.999000+00:00,39673119.3254859,158808,261.4882,23956191.3696478
2025-11-27T19:00:00+00:00,91791.99,91791.99,91506.94,91528.21,363.77786,2025-11-27T19:59:59.999000+00:00,33332442.5430781,130334,123.38947,11304442.9926472
2025-11-27T20:00:00+00:00,91528.22,91596.76,91400.0,91433.17,259.27901,2025-11-27T20:59:59.999000+00:00,23717819.3341265,104170,109.31686,9999474.9165055
2025-11-27T21:00:00+00:00,91433.18,91600.0,91217.17,91416.99,272.08151,2025-11-27T21:59:59.999000+00:00,24881393.9997118,107081,131.9391,12067472.7908818
2025-11-27T22:00:00+00:00,91416.99,91590.0,91114.52,91317.65,289.90354,2025-11-27T22:59:59.999000+00:00,26492953.6484977,101500,136.76081,12499655.8906091
2025-11-27T23:00:00+00:00,91317.66,91566.0,91213.79,91333.95,269.52758,2025-11-27T23:59:59.999000+00:00,24628237.3794688,87753,132.27144,12087803.1402774
2025-11-28T00:00:00+00:00,91333.94,91417.99,91072.3,91207.34,405.71832,2025-11-28T00:59:59.999000+00:00,37006997.7878967,112229,146.57584,13370721.6556139
2025-11-28T01:00:00+00:00,91207.34,91209.82,90800.3,90804.56,495.69936,2025-11-28T01:59:59.999000+00:00,45089465.0633077,174951,204.15238,18568645.2834081
2025-11-28T02:00:00+00:00,90804.56,91135.69,90652.55,91083.08,665.69948,2025-11-28T02:59:59.999000+00:00,60478647.1436367,150267,295.87489,26886485.3186299
2025-11-28T03:00:00+00:00,91083.08,91306.63,91000.88,91208.85,362.93677,2025-11-28T03:59:59.999000+00:00,33082957.2063033,79244,159.20042,14512789.7477591
2025-11-28T04:00:00+00:00,91208.85,91486.29,91130.0,91424.02,286.91882,2025-11-28T04:59:59.999000+00:00,26216064.0638494,95175,149.48821,13657258.374505
2025-11-28T05:00:00+00:00,91424.02,91707.79,91304.28,91612.09,444.39646,2025-11-28T05:59:59.999000+00:00,40682557.0600671,112456,285.32072,26124234.3650697
2025-11-28T06:00:00+00:00,91612.09,91612.09,91156.24,91300.69,441.82209,2025-11-28T06:59:59.999000+00:00,40368603.2827102,88793,154.07553,14079443.5581003
2025-11-28T07:00:00+00:00,91300.69,91568.98,90867.43,90910.87,700.7864,2025-11-28T07:59:59.999000+00:00,63876873.6462872,101882,341.33795,31122872.0748128
2025-11-28T08:00:00+00:00,90910.87,91717.0,90907.98,91690.0,899.46359,2025-11-28T08:59:59.999000+00:00,82146747.22838,178313,571.71009,52234798.8151346
2025-11-28T09:00:00+00:00,91689.99,91850.0,91439.34,91599.99,578.7761,2025-11-28T09:59:59.999000+00:00,53017137.6953378,158754,308.38076,28252322.8938243
2025-11-28T10:00:00+00:00,91600.0,91874.86,91480.28,91850.49,786.48217,2025-11-28T10:59:59.999000+00:00,72105616.5571061,96982,582.46669,53408512.9887184
2025-11-28T11:00:00+00:00,91850.49,92030.0,91065.13,91437.64,910.59811,2025-11-28T11:59:59.999000+00:00,83352029.2985226,202436,501.15116,45909132.448247
2025-11-28T12:00:00+00:00,91437.64,91692.3,91405.69,91513.4,360.31623,2025-11-28T12:59:59.999000+00:00,32982708.3789118,130051,189.86714,17379908.949393
2025-11-28T13:00:00+00:00,91513.4,92635.0,91380.94,92377.01,1231.35483,2025-11-28T13:59:59.999000+00:00,113324474.4719276,248138,739.95819,68115264.4237258
2025-11-28T14:00:00+00:00,92377.0,93092.0,91818.35,92250.01,2337.42844,2025-11-28T14:59:59.999000+00:00,216081342.4856399,470434,1264.0342,116887805.3177324
2025-11-28T15:00:00+00:00,92250.0,92796.0,91976.59,92362.49,1117.5135,2025-11-28T15:59:59.999000+00:00,103289142.9474006,321174,561.39296,51889879.3990397
2025-11-28T16:00:00+00:00,92362.5,92376.0,90880.0,90936.23,1386.76661,2025-11-28T16:59:59.999000+00:00,126887570.7209174,356495,503.36371,46074806.6210399
2025-11-28T17:00:00+00:00,90936.24,91208.43,90180.63,90663.98,3368.6938,2025-11-28T17:59:59.999000+00:00,305059397.4396019,424596,1005.7072,91121637.2171594
2025-11-28T18:00:00+00:00,90661.57,90958.57,90421.88,90830.57,663.11655,2025-11-28T18:59:59.999000+00:00,60144329.4868676,210934,349.6109,31716728.4752116
2025-11-28T19:00:00+00:00,90830.57,91202.55,90821.6,91157.44,360.61967,2025-11-28T19:59:59.999000+00:00,32841690.5584467,131894,226.34599,20615492.0126507
2025-11-28T20:00:00+00:00,91157.44,91225.45,90867.89,91201.1,310.35586,2025-11-28T20:59:59.999000+00:00,28272241.1119022,118002,140.7923,12825181.726451
2025-11-28T21:00:00+00:00,91201.09,91247.16,90888.0,90888.01,223.95974,2025-11-28T21:59:59.999000+00:00,20407040.5882893,81463,70.59041,6432987.7673235
2025-11-28T22:00:00+00:00,90888.01,91159.89,90705.57,91122.0,276.05655,2025-11-28T22:59:59.999000+00:00,25101268.217929,107887,129.75608,11799917.1515387
2025-11-28T23:00:00+00:00,91122.0,91195.68,90890.7,90890.7,215.38067,2025-11-28T23:59:59.999000+00:00,19603132.6383208,77204,80.4934,7328902.3336022
2025-11-29T00:00:00+00:00,90890.71,90968.0,90768.13,90884.01,186.84042,2025-11-29T00:59:59.999000+00:00,16980088.2432459,83413,75.06363,6822007.2444022
2025-11-29T01:00:00+00:00,90884.01,91119.99,90797.36,90881.2,189.9049,2025-11-29T01:59:59.999000+00:00,17266795.6336318,67929,85.45294,7770860.6898216
2025-11-29T02:00:00+00:00,90881.2,90926.9,90546.36,90798.89,360.3042,2025-11-29T02:59:59.999000+00:00,32696256.7222792,63527,124.94594,11341165.9422715
2025-11-29T03:00:00+00:00,90798.9,90874.03,90661.12,90680.26,203.76865,2025-11-29T03:59:59.999000+00:00,18496874.6801519,57847,112.29726,10195132.6788399
2025-11-29T04:00:00+00:00,90680.26,90911.36,90551.12,90901.56,194.82906,2025-11-29T04:59:59.999000+00:00,17674325.2065288,50370,105.01482,9527285.6879395
2025-11-29T05:00:00+00:00,90901.55,90931.56,90733.22,90747.16,201.02788,2025-11-29T05:59:59.999000+00:00,18263629.5745585,43306,108.16176,9826055.5934858
2025-11-29T06:00:00+00:00,90747.16,90832.57,90311.92,90565.29,551.9962,2025-11-29T06:59:59.999000+00:00,49972181.4657074,108407,244.20532,22109304.6280993
2025-11-29T07:00:00+00:00,90565.3,90666.0,90375.01,90567.67,281.69639,2025-11-29T07:59:59.999000+00:00,25495803.4102511,79396,149.92073,13570221.9034116
2025-11-29T08:00:00+00:00,90567.66,90738.17,90477.44,90629.67,209.42959,2025-11-29T08:59:59.999000+00:00,18982088.1395368,77588,109.54093,9928898.4804851
2025-11-29T09:00:00+00:00,90629.67,90665.37,90500.0,90560.08,255.33197,2025-11-29T09:59:59.999000+00:00,23130380.8104335,59938,95.89279,8686516.0340841
2025-11-29T10:00:00+00:00,90560.08,90647.98,90376.37,90552.47,287.88192,2025-11-29T10:59:59.999000+00:00,26066887.2012197,70848,152.12749,13776101.1109872
2025-11-29T11:00:00+00:00,90552.47,90682.33,90458.17,90673.19,204.80457,2025-11-29T11:59:59.999000+00:00,18549511.3114149,54348,101.52504,9195899.8807278
2025-11-29T12:00:00+00:00,90673.2,90810.45,90530.93,90616.01,253.50149,2025-11-29T12:59:59.999000+00:00,22980504.650015,58415,121.2054,10988791.4838127
2025-11-29T13:00:00+00:00,90616.01,90805.99,90591.35,90783.17,243.4196,2025-11-29T13:59:59.999000+00:00,22080016.3346864,58075,122.81775,11141443.7956716
2025-11-29T14:00:00+00:00,90783.16,90783.17,90610.41,90621.72,231.55273,2025-11-29T14:59:59.999000+00:00,20995493.4225853,53997,81.74662,7411993.9036125
2025-11-29T15:00:00+00:00,90621.73,91110.36,90621.72,91063.5,419.55316,2025-11-29T15:59:59.999000+00:00,38141467.0237458,89679,251.87268,22893800.5311194
2025-11-29T16:00:00+00:00,91063.5,91165.65,90862.22,91004.03,256.29667,2025-11-29T16:59:59.999000+00:00,23326617.0851222,72746,128.92227,11734238.704097
2025-11-29T17:00:00+00:00,91004.03,91019.0,90421.21,90421.21,800.09236,2025-11-29T17:59:59.999000+00:00,72541756.1540812,104846,242.50105,21977713.9347773
2025-11-29T18:00:00+00:00,90421.21,90719.16,90155.47,90690.84,837.40131,2025-11-29T18:59:59.999000+00:00,75696774.2330419,135456,417.3943,37745531.5822714
2025-11-29T19:00:00+00:00,90690.85,90850.83,90600.1,90640.78,298.72853,2025-11-29T19:59:59.999000+00:00,27094594.4512555,61127,149.10854,13524343.7410416
2025-11-29T20:00:00+00:00,90640.77,91035.27,90400.21,90963.29,336.13338,2025-11-29T20:59:59.999000+00:00,30483725.2778783,68835,154.18398,13991796.2090147
2025-11-29T21:00:00+00:00,90963.29,91051.87,90814.02,91008.68,179.69384,2025-11-29T21:59:59.999000+00:00,16343424.6798359,54863,71.14712,6470883.3472465
2025-11-29T22:00:00+00:00,91008.68,91008.69,90700.65,90753.02,311.96344,2025-11-29T22:59:59.999000+00:00,28323574.3863345,67604,81.05156,7360429.4522869
2025-11-29T23:00:00+00:00,90753.03,90896.97,90690.23,90802.44,133.73065,2025-11-29T23:59:59.999000+00:00,12142882.881224,35300,72.9494,6623802.5857511
2025-11-30T00:00:00+00:00,90802.44,90945.59,90765.12,90893.94,127.74315,2025-11-30T00:59:59.999000+00:00,11607051.7301573,52589,77.26021,7020034.5843741
2025-11-30T01:00:00+00:00,90893.94,91055.5,90863.05,90913.31,246.89699,2025-11-30T01:59:59.999000+00:00,22460776.6557157,101430,168.24209,15305655.8022186
2025-11-30T02:00:00+00:00,90913.3,91032.18,90749.9,90795.51,321.82107,2025-11-30T02:59:59.999000+00:00,29258845.7580148,99827,130.17277,11833231.7839369
2025-11-30T03:00:00+00:00,90795.52,90917.96,90471.0,90909.35,418.70941,2025-11-30T03:59:59.999000+00:00,37971915.9579593,91005,205.07119,18598372.224879
2025-11-30T04:00:00+00:00,90909.35,90970.36,90799.91,90858.0,98.98576,2025-11-30T04:59:59.999000+00:00,8997226.1641996,43934,44.61547,4055480.8630217
2025-11-30T05:00:00+00:00,90857.99,90857.99,90670.4,90783.75,146.33614,2025-11-30T05:59:59.999000+00:00,13280253.8269628,43787,76.34826,6928895.6032482
2025-11-30T06:00:00+00:00,90783.76,90937.5,90717.51,90898.68,134.34933,2025-11-30T06:59:59.999000+00:00,12206979.5569979,49509,70.29561,6388051.1403277
2025-11-30T07:00:00+00:00,90898.69,91037.72,90860.01,90968.16,170.24658,2025-11-30T07:59:59.999000+00:00,15485014.3856864,50889,98.46709,8956345.6639988
2025-11-30T08:00:00+00:00,90968.16,91438.99,90927.16,91184.45,999.6229,2025-11-30T08:59:59.999000+00:00,91130671.2086046,149707,693.62562,63231458.654366
2025-11-30T09:00:00+00:00,91184.45,91632.0,91138.65,91413.07,857.09997,2025-11-30T09:59:59.999000+00:00,78358469.3575213,151077,571.32502,52233371.8852092
2025-11-30T10:00:00+00:00,91413.07,91467.36,91200.0,91234.31,215.61141,2025-11-30T10:59:59.999000+00:00,19684799.4846684,84517,89.68333,8187868.1607277
2025-11-30T11:00:00+00:00,91234.31,91397.33,90998.34,91048.78,443.35776,2025-11-30T11:59:59.999000+00:00,40446526.0020704,83314,213.11126,19446337.5003345
2025-11-30T12:00:00+00:00,91048.79,91535.1,91009.0,91469.51,391.37581,2025-11-30T12:59:59.999000+00:00,35739037.5271385,113204,247.3633,22588962.5415216
2025-11-30T13:00:00+00:00,91469.51,92000.01,91398.69,91769.99,1268.05794,2025-11-30T13:59:59.999000+00:00,116427051.1007695,160270,657.64496,60392299.6493152
2025-11-30T14:00:00+00:00,91770.0,91779.94,91256.88,91499.99,479.45512,2025-11-30T14:59:59.999000+00:00,43859084.0264287,97212,214.66261,19637040.9358511
2025-11-30T15:00:00+00:00,91499.98,91612.83,91326.59,91435.31,490.26099,2025-11-30T15:59:59.999000+00:00,44826107.2947752,84589,131.05888,11986382.0123277
2025-11-30T16:00:00+00:00,91435.31,91850.0,91406.97,91825.18,328.17239,2025-11-30T16:59:59.999000+00:00,30080436.3423377,80666,197.7909,18129731.3062639
2025-11-30T17:00:00+00:00,91825.18,91825.18,91313.26,91488.19,322.55187,2025-11-30T17:59:59.999000+00:00,29510385.5122651,80044,127.35488,11647927.8254118
2025-11-30T18:00:00+00:00,91488.2,91488.2,91159.42,91459.9,239.73146,2025-11-30T18:59:59.999000+00:00,21893469.3995766,67667,129.24667,11805634.5772226
2025-11-30T19:00:00+00:00,91459.91,91500.0,91298.4,91460.79,158.56074,2025-11-30T19:59:59.999000+00:00,14495768.2248629,50666,63.78819,5831958.9691541
2025-11-30T20:00:00+00:00,91460.79,91626.75,91178.0,91315.6,260.58782,2025-11-30T20:59:59.999000+00:00,23811799.8698906,64668,133.79168,12224128.0153074
2025-11-30T21:00:00+00:00,91315.59,91332.18,90888.48,91174.22,497.10764,2025-11-30T21:59:59.999000+00:00,45283992.0370638,94100,226.28589,20619154.6462237
2025-11-30T22:00:00+00:00,91174.23,91351.61,91049.22,91225.28,263.92188,2025-11-30T22:59:59.999000+00:00,24073530.6086037,82883,109.03792,9946511.7968976
2025-11-30T23:00:00+00:00,91225.28,91256.36,90336.9,90360.0,807.17762,2025-11-30T23:59:59.999000+00:00,73162581.133263,176476,326.72318,29611653.9781855
2025-12-01T00:00:00+00:00,90360.01,90417.0,86959.99,87000.0,4607.45526,2025-12-01T00:59:59.999000+00:00,407580152.7986916,742069,1881.95608,166391149.4333956
2025-12-01T01:00:00+00:00,87000.0,87749.99,86941.4,87168.91,1588.04096,2025-12-01T01:59:59.999000+00:00,138783376.5263682,368794,865.4163,75637083.2730133
2025-12-01T02:00:00+00:00,87168.9,87500.0,86474.34,86722.29,2052.19788,2025-12-01T02:59:59.999000+00:00,178477437.0187112,306696,840.04871,73060297.9529244
2025-12-01T03:00:00+00:00,86722.3,86800.0,86161.61,86346.13,2001.96556,2025-12-01T03:59:59.999000+00:00,173008156.9791637,305414,603.75053,52185199.6784637
2025-12-01T04:00:00+00:00,86346.13,86350.01,85695.44,85801.03,1863.01351,2025-12-01T04:59:59.999000+00:00,160205010.2574378,290041,731.14896,62869580.8228583
2025-12-01T05:00:00+00:00,85801.03,86006.85,85604.0,86001.08,749.36259,2025-12-01T05:59:59.999000+00:00,64333188.9169317,202598,369.73307,31742605.161284
2025-12-01T06:00:00+00:00,86001.08,86357.43,85974.66,86234.16,931.6074,2025-12-01T06:59:59.999000+00:00,80270920.9494683,201689,431.02085,37142458.4690329
2025-12-01T07:00:00+00:00,86234.17,86578.06,86049.9,86550.3,1393.18357,2025-12-01T07:59:59.999000+00:00,120305897.8421678,199117,723.15473,62472207.7190912
2025-12-01T08:00:00+00:00,86550.3,86890.77,86390.25,86869.51,948.06769,2025-12-01T08:59:59.999000+00:00,82126288.2454618,202766,503.60819,43640968.6071101
2025-12-01T09:00:00+00:00,86869.5,86938.01,86518.18,86704.86,866.92667,2025-12-01T09:59:59.999000+00:00,75169918.0945203,224498,359.42609,31173250.8905407
2025-12-01T10:00:00+00:00,86704.85,86814.0,86552.0,86647.73,366.02338,2025-12-01T10:59:59.999000+00:00,31718250.5951592,122798,170.64383,14787758.8905311
2025-12-01T11:00:00+00:00,86647.73,86699.99,86131.01,86149.15,824.75013,2025-12-01T11:59:59.999000+00:00,71267390.2999252,141513,213.30743,18436853.1199631
2025-12-01T12:00:00+00:00,86146.59,86231.52,84756.0,85430.64,2098.18769,2025-12-01T12:59:59.999000+00:00,179420546.0139511,356055,870.63335,74436815.7725757
2025-12-01T13:00:00+00:00,85430.64,86166.43,85350.0,85986.85,1097.45554,2025-12-01T13:59:59.999000+00:00,94279939.214958,348111,614.06168,52750333.7067141
2025-12-01T14:00:00+00:00,85986.85,86674.0,85868.0,86067.9,1654.56841,2025-12-01T14:59:59.999000+00:00,142632893.3110651,479616,861.91106,74317982.5387493
2025-12-01T15:00:00+00:00,86067.9,86137.17,83822.76,84677.87,3274.16077,2025-12-01T15:59:59.999000+00:00,277741164.1368324,676950,1287.71203,109203774.5559678
2025-12-01T16:00:00+00:00,84677.87,85463.12,84030.95,84571.8,2152.34019,2025-12-01T16:59:59.999000+00:00,182248445.8357751,523950,1121.38184,94989487.864478
2025-12-01T17:00:00+00:00,84571.8,85265.66,84442.75,84920.3,917.46569,2025-12-01T17:59:59.999000+00:00,77856285.1731622,332788,516.07638,43793170.7384665
2025-12-01T18:00:00+00:00,84925.01,85555.0,84723.83,85199.48,911.27586,2025-12-01T18:59:59.999000+00:00,77594951.4515025,293923,460.77538,39249832.2043673
2025-12-01T19:00:00+00:00,85199.48,85299.14,84603.97,85024.5,617.02121,2025-12-01T19:59:59.999000+00:00,52399924.0187322,305797,267.47688,22712765.6068099
2025-12-01T20:00:00+00:00,85024.5,85833.01,85007.69,85518.0,1007.0535,2025-12-01T20:59:59.999000+00:00,86093205.8258651,378254,516.91991,44191476.5054238
2025-12-01T21:00:00+00:00,85518.01,86507.3,85499.99,86436.65,1202.40704,2025-12-01T21:59:59.999000+00:00,103625958.821475,304674,636.78999,54874422.3984089
2025-12-01T22:00:00+00:00,86436.64,86860.0,86300.0,86572.65,780.37442,2025-12-01T22:59:59.999000+00:00,67587485.4585505,219192,426.58806,36941912.222508
2025-12-01T23:00:00+00:00,86572.65,86833.55,86249.8,86286.01,604.10735,2025-12-01T23:59:59.999000+00:00,52297259.4372847,182382,250.79213,21717405.8686346
2025-12-02T00:00:00+00:00,86286.01,86674.53,86184.39,86513.33,887.97566,2025-12-02T00:59:59.999000+00:00,76738380.7658885,242555,371.43716,32108167.8060331
2025-12-02T01:00:00+00:00,86513.33,87350.0,86394.0,86454.93,1192.01967,2025-12-02T01:59:59.999000+00:00,103537358.2946196,319806,591.24181,51366662.1968653
2025-12-02T02:00:00+00:00,86454.93,86857.79,86272.55,86554.47,522.02975,2025-12-02T02:59:59.999000+00:00,45232002.2340488,237361,301.79457,26155260.8608493
2025-12-02T03:00:00+00:00,86554.46,87106.62,86214.99,86976.99,643.79096,2025-12-02T03:59:59.999000+00:00,55770451.2707319,189066,322.69323,27962300.9749177
2025-12-02T04:00:00+00:00,86977.0,87288.48,86900.79,86970.28,689.46639,2025-12-02T04:59:59.999000+00:00,60018598.3637485,189948,425.10754,37005470.2995584
2025-12-02T05:00:00+00:00,86970.28,87125.36,86818.14,87008.2,320.12167,2025-12-02T05:59:59.999000+00:00,27844072.1817658,143469,173.29398,15074298.1226404
2025-12-02T06:00:00+00:00,87008.2,87179.22,86870.0,87090.46,385.60175,2025-12-02T06:59:59.999000+00:00,33552056.3696476,118095,215.40075,18743376.493273
2025-12-02T07:00:00+00:00,87090.46,87117.18,86882.23,87012.65,338.04553,2025-12-02T07:59:59.999000+00:00,29404239.7887629,113780,152.50449,13265534.2004807
2025-12-02T08:00:00+00:00,87012.64,87058.41,86296.21,86471.89,1046.58604,2025-12-02T08:59:59.999000+00:00,90584371.4278025,168626,291.08295,25198622.7276718
2025-12-02T09:00:00+00:00,86471.88,86999.0,86450.6,86769.87,806.33465,2025-12-02T09:59:59.999000+00:00,69917083.1614392,169024,378.16637,32792518.6283024
2025-12-02T10:00:00+00:00,86769.88,87628.78,86760.01,87272.44,661.40198,2025-12-02T10:59:59.999000+00:00,57639596.3887075,161766,374.35813,32621321.891372
2025-12-02T11:00:00+00:00,87272.44,87602.47,86985.51,87368.92,846.713,2025-12-02T11:59:59.999000+00:00,73910040.3478511,192484,483.42567,42209645.0602943
2025-12-02T12:00:00+00:00,87368.92,87560.77,87208.68,87264.2,839.51657,2025-12-02T12:59:59.999000+00:00,73328994.722079,179163,428.98511,37482339.9311933
2025-12-02T13:00:00+00:00,87264.2,87883.43,87032.75,87731.41,1559.3403,2025-12-02T13:59:59.999000+00:00,136246989.4228519,282654,799.12438,69862663.734555
2025-12-02T14:00:00+00:00,87731.41,89275.54,87600.0,89271.99,2529.97385,2025-12-02T14:59:59.999000+00:00,224111158.0024714,546485,1288.37616,114106466.58424
2025-12-02T15:00:00+00:00,89271.99,91200.0,89263.06,90850.01,4371.66947,2025-12-02T15:59:59.999000+00:00,395141933.2208914,769533,2158.72015,195061182.0895491
2025-12-02T16:00:00+00:00,90850.01,91296.72,90201.0,90759.15,2014.14601,2025-12-02T16:59:59.999000+00:00,182751361.4390664,483255,780.78436,70873117.7656658
2025-12-02T17:00:00+00:00,90759.15,91990.0,90736.05,91458.4,1594.71699,2025-12-02T17:59:59.999000+00:00,145890872.7320633,404348,892.59613,81638422.0300728
2025-12-02T18:00:00+00:00,91458.4,92237.15,91326.22,91954.49,1650.85803,2025-12-02T18:59:59.999000+00:00,151705936.3104577,350262,927.4279,85248032.2395375
2025-12-02T19:00:00+00:00,91954.49,92307.65,91850.0,91903.39,892.95903,2025-12-02T19:59:59.999000+00:00,82212643.6057917,237180,415.5192,38259242.3270861
2025-12-02T20:00:00+00:00,91903.38,91930.09,90720.87,91026.67,1812.81861,2025-12-02T20:59:59.999000+00:00,165449604.2078919,360992,628.01018,57272472.7063379
2025-12-02T21:00:00+00:00,91026.66,91631.49,90965.02,91562.43,750.79479,2025-12-02T21:59:59.999000+00:00,68570723.6985104,191323,360.53084,32934685.4747701
2025-12-02T22:00:00+00:00,91562.42,92000.0,91510.6,91981.91,1005.0385,2025-12-02T22:59:59.999000+00:00,92218227.8412923,202089,535.0371,49096412.1051543
2025-12-02T23:00:00+00:00,91981.91,91981.91,91269.38,91277.88,848.30812,2025-12-02T23:59:59.999000+00:00,77738481.8639835,144035,216.72133,19861682.0437308
2025-12-03T00:00:00+00:00,91277.88,91747.99,90990.23,91660.12,1282.57519,2025-12-03T00:59:59.999000+00:00,117131226.2103885,217007,643.17102,58772777.7479101
2025-12-03T01:00:00+00:00,91660.13,92482.02,91468.21,92251.63,1105.16296,2025-12-03T01:59:59.999000+00:00,101600207.2512603,314043,726.4715,66763454.4105119
2025-12-03T02:00:00+00:00,92251.64,93051.64,92158.0,92817.92,1322.86837,2025-12-03T02:59:59.999000+00:00,122594902.219714,340323,784.94423,72756612.244096
2025-12-03T03:00:00+00:00,92817.93,93087.09,92597.26,92628.91,714.46982,2025-12-03T03:59:59.999000+00:00,66279628.6301432,227045,356.99605,33119172.5096151
2025-12-03T04:00:00+00:00,92628.91,93482.87,92625.0,93362.21,1228.95814,2025-12-03T04:59:59.999000+00:00,114339795.6214787,338999,856.26525,79667973.0993505
2025-12-03T05:00:00+00:00,93362.21,93660.0,93116.02,93642.92,1042.55272,2025-12-03T05:59:59.999000+00:00,97412946.303088,267039,640.46046,59847382.635583
2025-12-03T06:00:00+00:00,93642.92,93958.58,93146.26,93431.8,1068.27612,2025-12-03T06:59:59.999000+00:00,100042673.7963608,286181,485.54628,45487314.9688004
2025-12-03T07:00:00+00:00,93431.81,93468.43,92871.03,92999.99,1206.67241,2025-12-03T07:59:59.999000+00:00,112286265.0341251,219699,335.81324,31254208.285977
2025-12-03T08:00:00+00:00,93000.0,93173.93,92682.1,92765.65,908.28425,2025-12-03T08:59:59.999000+00:00,84343194.2160848,175117,371.40899,34496606.9995909
2025-12-03T09:00:00+00:00,92765.64,93217.52,92709.41,93178.46,651.04477,2025-12-03T09:59:59.999000+00:00,60507594.3522258,187897,354.9955,32996115.7176096
2025-12-03T10:00:00+00:00,93178.45,93389.62,92861.88,92939.4,644.12113,2025-12-03T10:59:59.999000+00:00,59958211.9602355,214906,307.30532,28618426.5895886
2025-12-03T11:00:00+00:00,92939.4,93054.93,92666.0,93005.68,566.65244,2025-12-03T11:59:59.999000+00:00,52645271.1051604,190342,265.13441,24633368.6082436
2025-12-03T12:00:00+00:00,93005.68,93112.1,92672.55,92937.39,609.37614,2025-12-03T12:59:59.999000+00:00,56578803.8117921,197924,294.62295,27353511.0303277
2025-12-03T13:00:00+00:00,92937.39,93258.53,92886.59,93130.88,653.22336,2025-12-03T13:59:59.999000+00:00,60799333.2666839,207073,319.81571,29765298.9907566
2025-12-03T14:00:00+00:00,93130.89,93700.0,91697.0,92357.54,3444.5392,2025-12-03T14:59:59.999000+00:00,318789067.5356444,789487,1668.02528,154465138.5746008
2025-12-03T15:00:00+00:00,92357.54,92993.98,91922.21,92373.3,1816.10102,2025-12-03T15:59:59.999000+00:00,167861037.6976632,544962,676.28452,62530870.2027843
2025-12-03T16:00:00+00:00,92373.3,92739.09,91786.99,92242.24,1045.70106,2025-12-03T16:59:59.999000+00:00,96427973.3514008,340835,395.00197,36450637.319741
2025-12-03T17:00:00+00:00,92242.24,93040.0,92199.72,92956.22,952.33734,2025-12-03T17:59:59.999000+00:00,88204534.3089781,285761,564.62262,52297837.1602983
2025-12-03T18:00:00+00:00,92956.22,93500.0,92383.05,92623.86,1065.25501,2025-12-03T18:59:59.999000+00:00,99059130.1745479,276506,619.36404,57583324.2192291
2025-12-03T19:00:00+00:00,92623.85,93099.47,92528.75,93024.99,561.39144,2025-12-03T19:59:59.999000+00:00,52078009.324634,199586,232.59263,21581555.6107708
2025-12-03T20:00:00+00:00,93025.0,93400.0,92825.56,92980.43,993.99987,2025-12-03T20:59:59.999000+00:00,92513485.3815807,244767,554.0768,51568229.6868586
2025-12-03T21:00:00+00:00,92981.45,93769.23,92860.0,93700.0,961.39093,2025-12-03T21:59:59.999000+00:00,89730216.4059673,181901,487.45463,45514977.897799
2025-12-03T22:00:00+00:00,93700.01,94150.0,93301.87,93781.01,1201.71927,2025-12-03T22:59:59.999000+00:00,112616266.22592,275401,732.50934,68662212.5338411
2025-12-03T23:00:00+00:00,93781.01,94091.71,93377.58,93429.95,665.85289,2025-12-03T23:59:59.999000+00:00,62423852.6763128,210381,320.31038,30032493.4138503
2025-12-04T00:00:00+00:00,93429.95,93480.0,92669.82,93054.86,1095.83853,2025-12-04T00:59:59.999000+00:00,101962998.9132093,291000,345.535,32143613.9452679
2025-12-04T01:00:00+00:00,93054.87,93750.73,92981.35,93195.07,1304.157,2025-12-04T01:59:59.999000+00:00,121799575.8750642,303241,508.15129,47459066.7541424
2025-12-04T02:00:00+00:00,93195.07,94070.7,93117.8,93943.24,944.67997,2025-12-04T02:59:59.999000+00:00,88617943.452439,261696,630.88072,59190853.6721951
2025-12-04T03:00:00+00:00,93943.24,94080.0,93402.38,93543.04,500.0247,2025-12-04T03:59:59.999000+00:00,46847570.8923151,200817,232.64432,21807266.0533573
2025-12-04T04:00:00+00:00,93543.03,93588.48,93231.56,93360.58,388.95379,2025-12-04T04:59:59.999000+00:00,36329735.693853,159286,139.29558,13010804.918325
2025-12-04T05:00:00+00:00,93360.58,93380.39,92775.0,92979.25,931.22487,2025-12-04T05:59:59.999000+00:00,86654711.4507897,167156,181.14063,16855933.8163474
2025-12-04T06:00:00+00:00,92979.25,93371.12,92824.32,93140.74,1076.30029,2025-12-04T06:59:59.999000+00:00,100198566.6093664,195061,316.24737,29448239.4347323
2025-12-04T07:00:00+00:00,93140.75,93413.39,92888.0,93397.67,674.02891,2025-12-04T07:59:59.999000+00:00,62801716.1134787,158624,220.6144,20553903.2762505
2025-12-04T08:00:00+00:00,93397.67,93600.0,93044.41,93260.63,411.88207,2025-12-04T08:59:59.999000+00:00,38431572.0237556,156610,195.72807,18270699.0477213
2025-12-04T09:00:00+00:00,93260.64,93621.31,93235.5,93454.7,402.88554,2025-12-04T09:59:59.999000+00:00,37647455.3899638,184026,187.04256,17478666.3794544
2025-12-04T10:00:00+00:00,93454.71,93553.69,93156.42,93260.0,373.45816,2025-12-04T10:59:59.999000+00:00,34863632.0170837,152539,165.90029,15486486.4583916
2025-12-04T11:00:00+00:00,93260.0,93318.17,92736.9,92948.31,728.79798,2025-12-04T11:59:59.999000+00:00,67760014.259314,184000,365.35834,33970512.0550154
2025-12-04T12:00:00+00:00,92948.32,93200.0,92782.48,92990.18,474.71729,2025-12-04T12:59:59.999000+00:00,44144840.5945975,156376,206.92027,19244311.9392612
2025-12-04T13:00:00+00:00,92990.18,93060.63,92424.0,92516.38,997.53962,2025-12-04T13:59:59.999000+00:00,92446157.1900462,266092,399.35023,37014118.533266
2025-12-04T14:00:00+00:00,92516.38,92821.26,91801.0,91894.01,1176.07323,2025-12-04T14:59:59.999000+00:00,108595960.4409145,408170,480.93074,44401791.7573801
2025-12-04T15:00:00+00:00,91894.0,93257.0,91886.55,92971.49,1647.82775,2025-12-04T15:59:59.999000+00:00,152697756.9564206,496779,771.79044,71496479.8391021
2025-12-04T16:00:00+00:00,92971.49,93174.55,92268.76,92431.72,1073.45255,2025-12-04T16:59:59.999000+00:00,99544467.603253,383107,489.0546,45359824.988014
2025-12-04T17:00:00+00:00,92431.71,92536.0,91756.57,92426.76,1204.88261,2025-12-04T17:59:59.999000+00:00,111013880.3096702,295910,533.43097,49165194.5104724
2025-12-04T18:00:00+00:00,92426.77,92550.86,91890.32,92127.52,605.6924,2025-12-04T18:59:59.999000+00:00,55867883.8290073,279573,253.71366,23411001.073728
2025-12-04T19:00:00+00:00,92127.53,92174.91,90889.0,91975.44,1976.68364,2025-12-04T19:59:59.999000+00:00,180951548.7074846,506674,894.85539,81941943.8261271
2025-12-04T20:00:00+00:00,91975.43,92532.42,91688.92,92476.25,812.83088,2025-12-04T20:59:59.999000+00:00,74913738.4535922,297215,400.60653,36937853.227215
2025-12-04T21:00:00+00:00,92476.25,92718.53,92086.0,92158.23,581.65983,2025-12-04T21:59:59.999000+00:00,53754611.0849781,160020,216.55654,20010472.8873617
2025-12-04T22:00:00+00:00,92158.24,92497.25,92151.79,92348.78,231.66801,2025-12-04T22:59:59.999000+00:00,21391900.1668347,101982,111.02637,10251862.4094337
2025-12-04T23:00:00+00:00,92348.78,92461.03,92076.66,92078.06,188.68097,2025-12-04T23:59:59.999000+00:00,17407391.3071887,90095,65.92108,6081334.4054301
2025-12-05T00:00:00+00:00,92078.06,92474.0,92058.82,92299.08,300.89002,2025-12-05T00:59:59.999000+00:00,27765438.4117517,152523,135.49119,12501782.8399159
2025-12-05T01:00:00+00:00,92299.09,92600.0,92227.44,92358.03,512.17408,2025-12-05T01:59:59.999000+00:00,47343080.226046,133360,216.69575,20031286.6599266
2025-12-05T02:00:00+00:00,92358.03,92692.36,92252.66,92518.4,403.18655,2025-12-05T02:59:59.999000+00:00,37296942.3326927,110919,186.29011,17234180.3749211
2025-12-05T03:00:00+00:00,92518.4,92665.56,91959.92,92142.75,535.04122,2025-12-05T03:59:59.999000+00:00,49395074.2984395,146019,149.28527,13779135.805963
2025-12-05T04:00:00+00:00,92142.75,92386.31,91813.37,92028.14,507.97714,2025-12-05T04:59:59.999000+00:00,46761823.8804638,145811,240.40459,22129346.3213234
2025-12-05T05:00:00+00:00,92028.15,92204.69,91880.13,91932.85,239.31127,2025-12-05T05:59:59.999000+00:00,22018179.8043981,95418,110.19943,10139633.2458132
2025-12-05T06:00:00+00:00,91932.85,92286.77,91905.83,92275.26,277.29503,2025-12-05T06:59:59.999000+00:00,25530685.566293,96824,146.50835,13489388.3835179
2025-12-05T07:00:00+00:00,92275.27,92497.51,92203.34,92258.65,362.60812,2025-12-05T07:59:59.999000+00:00,33485418.7530836,117312,174.35653,16099639.9934725
2025-12-05T08:00:00+00:00,92258.64,92258.65,91892.86,92112.04,447.11606,2025-12-05T08:59:59.999000+00:00,41162355.7548776,119752,139.60517,12851616.663241
2025-12-05T09:00:00+00:00,92112.04,92112.04,90956.25,91128.56,1077.36085,2025-12-05T09:59:59.999000+00:00,98420118.6994494,248493,343.06001,31334517.1208968
2025-12-05T10:00:00+00:00,91128.55,91488.0,91083.87,91272.85,493.57021,2025-12-05T10:59:59.999000+00:00,45057821.3333529,164486,247.66749,22611984.5116963
2025-12-05T11:00:00+00:00,91272.85,91563.7,91128.4,91351.43,413.65104,2025-12-05T11:59:59.999000+00:00,37777223.7302718,153790,214.9048,19629325.3964626
2025-12-05T12:00:00+00:00,91351.44,91432.69,91081.57,91242.4,357.37789,2025-12-05T12:59:59.999000+00:00,32604065.2166229,135097,129.52176,11817481.405912
2025-12-05T13:00:00+00:00,91242.4,91352.56,90215.51,90465.14,1524.52886,2025-12-05T13:59:59.999000+00:00,138255321.1441295,343493,575.78415,52227523.5805138
2025-12-05T14:00:00+00:00,90465.14,90744.24,89874.7,90287.67,1551.1367,2025-12-05T14:59:59.999000+00:00,140082081.5753936,445724,722.77652,65293680.6388708
2025-12-05T15:00:00+00:00,90287.67,91478.67,90258.24,90459.35,1911.11908,2025-12-05T15:59:59.999000+00:00,173785976.7273201,513806,1091.31542,99246727.1585808
2025-12-05T16:00:00+00:00,90459.34,90498.59,88056.0,88810.89,3451.73023,2025-12-05T16:59:59.999000+00:00,307255358.0149911,686597,1674.00944,148881552.4054868
2025-12-05T17:00:00+00:00,88810.88,89540.71,88607.25,89336.13,1157.12551,2025-12-05T17:59:59.999000+00:00,102949086.323524,430479,630.83212,56133373.190573
2025-12-05T18:00:00+00:00,89335.53,89795.59,88908.53,88936.04,857.04766,2025-12-05T18:59:59.999000+00:00,76588187.5948133,332660,401.22692,35864893.9629764
2025-12-05T19:00:00+00:00,88936.04,89800.0,88814.88,89629.26,1041.63454,2025-12-05T19:59:59.999000+00:00,93085001.6160413,315284,397.25057,35502696.4345716
2025-12-05T20:00:00+00:00,89629.27,89745.37,89181.91,89301.75,1024.68482,2025-12-05T20:59:59.999000+00:00,91660960.470635,244324,310.48179,27774790.8976301
2025-12-05T21:00:00+00:00,89301.75,89484.0,89075.91,89177.68,695.18131,2025-12-05T21:59:59.999000+00:00,62095687.1789283,153154,187.58121,16756311.4066074
2025-12-05T22:00:00+00:00,89177.68,89376.03,88901.6,89232.47,401.94285,2025-12-05T22:59:59.999000+00:00,35825148.7815173,124255,152.9276,13635999.7171768
2025-12-05T23:00:00+00:00,89232.48,89383.46,88940.2,89330.04,249.28114,2025-12-05T23:59:59.999000+00:00,22235946.3756181,110772,143.96376,12842855.6052741
2025-12-06T00:00:00+00:00,89330.04,89466.34,89030.67,89422.25,286.14614,2025-12-06T00:59:59.999000+00:00,25536014.7316874,100622,120.06417,10717432.8301983
2025-12-06T01:00:00+00:00,89422.25,89500.0,89205.03,89333.83,226.8064,2025-12-06T01:59:59.999000+00:00,20265937.0694157,103664,93.08445,8318361.0809699
2025-12-06T02:00:00+00:00,89333.84,89404.0,89175.0,89390.9,233.2494,2025-12-06T02:59:59.999000+00:00,20823396.1847512,106199,94.77818,8461884.0782082
2025-12-06T03:00:00+00:00,89390.9,89806.43,89390.9,89688.35,784.83107,2025-12-06T03:59:59.999000+00:00,70375075.4588985,161994,536.11464,48072965.9040109
2025-12-06T04:00:00+00:00,89688.35,89721.76,89521.12,89659.01,185.11807,2025-12-06T04:59:59.999000+00:00,16590135.0873978,97140,84.19007,7545108.3440067
2025-12-06T05:00:00+00:00,89659.0,89740.0,89524.03,89604.98,147.31042,2025-12-06T05:59:59.999000+00:00,13201774.1767126,83431,70.07911,6280869.2412509
2025-12-06T06:00:00+00:00,89604.97,89764.19,89527.26,89688.65,140.21424,2025-12-06T06:59:59.999000+00:00,12572823.7926803,62474,69.46727,6228867.580112
2025-12-06T07:00:00+00:00,89688.65,89720.0,89459.19,89597.13,296.88077,2025-12-06T07:59:59.999000+00:00,26610420.5343541,74810,139.90699,12542269.532061
2025-12-06T08:00:00+00:00,89597.14,89647.12,89217.59,89277.14,423.86292,2025-12-06T08:59:59.999000+00:00,37908020.1326324,125011,123.9325,11082852.1337438
2025-12-06T09:00:00+00:00,89277.14,89669.13,89264.74,89574.12,336.18462,2025-12-06T09:59:59.999000+00:00,30098870.8943173,92987,138.43418,12390477.2716401
2025-12-06T10:00:00+00:00,89574.12,89687.86,89462.0,89506.0,175.95561,2025-12-06T10:59:59.999000+00:00,15758250.4794782,72343,67.56874,6052120.3967881
2025-12-06T11:00:00+00:00,89506.01,89750.01,89500.0,89631.28,568.70187,2025-12-06T11:59:59.999000+00:00,50981153.8278664,101341,369.1526,33090373.4444764
2025-12-06T12:00:00+00:00,89631.29,89648.96,89566.0,89581.19,256.02717,2025-12-06T12:59:59.999000+00:00,22941069.5370547,75323,103.91571,9311022.7925972
2025-12-06T13:00:00+00:00,89581.19,89788.56,89581.19,89673.73,252.86068,2025-12-06T13:59:59.999000+00:00,22677626.9958344,73128,130.56106,11710163.4775283
2025-12-06T14:00:00+00:00,89673.73,90289.97,89659.0,90004.76,1068.00125,2025-12-06T14:59:59.999000+00:00,96136823.6581575,179389,577.95103,52009400.9098321
2025-12-06T15:00:00+00:00,90004.76,90042.54,89490.98,89758.77,475.19156,2025-12-06T15:59:59.999000+00:00,42647853.4376622,194114,195.34215,17531319.0570056
2025-12-06T16:00:00+00:00,89758.77,89981.2,89680.34,89707.8,304.47551,2025-12-06T16:59:59.999000+00:00,27360491.9375918,112356,162.52505,14603333.6133544
2025-12-06T17:00:00+00:00,89707.8,89846.98,89615.38,89712.85,310.78613,2025-12-06T17:59:59.999000+00:00,27878707.3284015,89102,198.48717,17805861.3426648
2025-12-06T18:00:00+00:00,89712.85,89787.99,89529.9,89646.71,180.17034,2025-12-06T18:59:59.999000+00:00,16157989.5688381,72608,115.06999,10319390.5104307
2025-12-06T19:00:00+00:00,89646.7,89744.62,89077.6,89405.64,688.16416,2025-12-06T19:59:59.999000+00:00,61504758.2021913,127488,247.42212,22112865.3614537
2025-12-06T20:00:00+00:00,89405.65,89553.82,89311.99,89548.88,135.59159,2025-12-06T20:59:59.999000+00:00,12131357.3878997,71850,61.9692,5545079.810582
2025-12-06T21:00:00+00:00,89548.88,89615.34,89390.01,89420.28,217.83026,2025-12-06T21:59:59.999000+00:00,19493689.3560206,92553,87.65519,7844996.7178521
2025-12-06T22:00:00+00:00,89420.29,89523.37,89257.48,89285.94,165.36534,2025-12-06T22:59:59.999000+00:00,14780250.5463523,72167,69.99023,6255810.6791263
2025-12-06T23:00:00+00:00,89285.93,89329.38,88908.01,89236.79,549.77464,2025-12-06T23:59:59.999000+00:00,48988189.4801299,140127,184.06654,16399960.1596779
2025-12-07T00:00:00+00:00,89236.8,89553.82,89176.52,89392.39,248.83948,2025-12-07T00:59:59.999000+00:00,22244630.6101777,116959,158.44121,14163436.4280601
2025-12-07T01:00:00+00:00,89392.39,89588.23,89300.0,89300.0,132.2057,2025-12-07T01:59:59.999000+00:00,11826070.7257298,70597,64.38858,5760789.1660729
2025-12-07T02:00:00+00:00,89300.0,89695.65,89300.0,89621.96,175.80697,2025-12-07T02:59:59.999000+00:00,15735005.6059064,57974,109.57798,9807641.997418
2025-12-07T03:00:00+00:00,89621.95,89749.59,89553.81,89722.37,155.63502,2025-12-07T03:59:59.999000+00:00,13952193.5924918,58871,68.44802,6135943.1576408
2025-12-07T04:00:00+00:00,89722.37,89799.96,89487.41,89535.95,280.51949,2025-12-07T04:59:59.999000+00:00,25151062.2110949,60841,112.12662,10054078.3463644
2025-12-07T05:00:00+00:00,89535.94,89564.55,89427.0,89515.01,130.12741,2025-12-07T05:59:59.999000+00:00,11645089.1515897,46097,73.4613,6573804.844518
2025-12-07T06:00:00+00:00,89515.01,89710.0,89488.28,89709.99,107.62861,2025-12-07T06:59:59.999000+00:00,9645901.0042089,44356,59.06475,5293053.6413876
2025-12-07T07:00:00+00:00,89710.0,89733.33,89200.0,89379.72,220.78651,2025-12-07T07:59:59.999000+00:00,19738689.0434837,84911,91.87532,8212477.2938867
2025-12-07T08:00:00+00:00,89379.73,89538.7,89190.97,89316.61,173.05781,2025-12-07T08:59:59.999000+00:00,15464262.7847459,76937,96.30533,8606437.4036996
2025-12-07T09:00:00+00:00,89316.61,89395.65,89050.01,89104.23,229.27162,2025-12-07T09:59:59.999000+00:00,20446024.6615877,84259,93.11124,8305489.5476862
2025-12-07T10:00:00+00:00,89104.23,89388.0,89103.97,89240.18,200.63018,2025-12-07T10:59:59.999000+00:00,17905168.5475845,79365,97.06194,8662701.592107
2025-12-07T11:00:00+00:00,89240.18,89277.59,89141.87,89149.18,183.64055,2025-12-07T11:59:59.999000+00:00,16383348.8697378,52581,80.07837,7144025.7740129
2025-12-07T12:00:00+00:00,89149.18,89585.12,89111.4,89475.9,246.12366,2025-12-07T12:59:59.999000+00:00,21986563.6180206,76198,158.05917,14117514.1266847
2025-12-07T13:00:00+00:00,89475.9,89519.1,88652.0,89053.74,519.89031,2025-12-07T13:59:59.999000+00:00,46265055.7392479,173145,214.23062,19063279.3769204
2025-12-07T14:00:00+00:00,89053.74,89106.0,87719.28,88220.53,1908.61044,2025-12-07T14:59:59.999000+00:00,168343280.8950135,414803,853.32561,75247720.6887261
2025-12-07T15:00:00+00:00,88220.53,89707.54,88169.08,89554.52,1242.29675,2025-12-07T15:59:59.999000+00:00,110582069.8101284,360809,642.08189,57149136.6572506
2025-12-07T16:00:00+00:00,89554.52,89908.17,89115.85,89893.38,675.40594,2025-12-07T16:59:59.999000+00:00,60405904.1724711,255495,352.38511,31528583.7109467
2025-12-07T17:00:00+00:00,89893.39,91271.77,89624.0,90945.17,1918.39408,2025-12-07T17:59:59.999000+00:00,173794314.3900438,446907,1000.19297,90601749.2883455
2025-12-07T18:00:00+00:00,90945.18,91760.0,90945.17,91363.78,996.37071,2025-12-07T18:59:59.999000+00:00,91126531.7284164,270216,520.8955,47639477.5418085
2025-12-07T19:00:00+00:00,91363.79,91545.95,91213.37,91425.52,248.14,2025-12-07T19:59:59.999000+00:00,22669754.5513927,128549,129.74668,11853441.6309487
2025-12-07T20:00:00+00:00,91425.51,91510.4,91308.82,91439.04,186.94503,2025-12-07T20:59:59.999000+00:00,17090433.2682077,87327,116.10982,10615831.32893
2025-12-07T21:00:00+00:00,91439.05,91439.05,89871.0,90231.32,807.41124,2025-12-07T21:59:59.999000+00:00,73117200.3052794,228748,263.95043,23888258.562435
2025-12-07T22:00:00+00:00,90231.31,90241.8,88995.33,89597.03,1508.70162,2025-12-07T22:59:59.999000+00:00,135145139.3122461,462921,695.63721,62327118.0179144
2025-12-07T23:00:00+00:00,89597.03,90471.66,89522.08,90395.31,524.67272,2025-12-07T23:59:59.999000+00:00,47202792.2467149,214205,320.01116,28795247.7330023
2025-12-08T00:00:00+00:00,90395.32,90627.11,89860.0,90346.7,491.62319,2025-12-08T00:59:59.999000+00:00,44392890.0586027,228906,256.18633,23146269.3892942
2025-12-08T01:00:00+00:00,90346.7,91700.0,90301.86,90910.7,968.78312,2025-12-08T01:59:59.999000+00:00,88253495.2746008,335046,489.80674,44606606.9498009
2025-12-08T02:00:00+00:00,90910.7,91436.94,90811.25,91364.18,597.40749,2025-12-08T02:59:59.999000+00:00,54432664.7457048,210484,357.39473,32566424.2970246
2025-12-08T03:00:00+00:00,91364.18,91420.0,90988.91,91068.29,395.79035,2025-12-08T03:59:59.999000+00:00,36085515.4261814,155098,183.42352,16727372.7789574
2025-12-08T04:00:00+00:00,91068.3,91470.58,91023.06,91291.33,255.62144,2025-12-08T04:59:59.999000+00:00,23320856.7193931,142871,128.84761,11755117.7985183
2025-12-08T05:00:00+00:00,91291.33,91444.0,91037.43,91334.03,299.94508,2025-12-08T05:59:59.999000+00:00,27376405.5981528,129874,123.41098,11263992.7513016
2025-12-08T06:00:00+00:00,91334.04,91649.87,91241.27,91464.54,485.82587,2025-12-08T06:59:59.999000+00:00,44435538.3916292,124920,166.26554,15210181.8824818
2025-12-08T07:00:00+00:00,91464.54,91868.76,91360.0,91565.46,551.09583,2025-12-08T07:59:59.999000+00:00,50502492.5855011,146577,192.58498,17648756.2159812
2025-12-08T08:00:00+00:00,91565.46,91938.67,91486.46,91833.9,393.73282,2025-12-08T08:59:59.999000+00:00,36107604.8672336,138169,209.90077,19245525.3161093
2025-12-08T09:00:00+00:00,91833.89,92287.15,91792.38,91912.02,790.37467,2025-12-08T09:59:59.999000+00:00,72734503.8294399,200806,399.72834,36785753.0175813
2025-12-08T10:00:00+00:00,91912.02,92222.0,91808.09,92133.4,425.18961,2025-12-08T10:59:59.999000+00:00,39139413.5381009,123617,224.33878,20651766.883646
2025-12-08T11:00:00+00:00,92133.39,92188.31,91851.08,91968.29,343.75755,2025-12-08T11:59:59.999000+00:00,31627697.0668314,133119,157.38372,14480205.9005665
2025-12-08T12:00:00+00:00,91968.29,91992.3,91653.94,91768.96,573.34646,2025-12-08T12:59:59.999000+00:00,52632427.964958,160162,140.91135,12937927.5509667
2025-12-08T13:00:00+00:00,91768.97,92122.08,91301.45,91467.82,804.38449,2025-12-08T13:59:59.999000+00:00,73747164.5333348,248220,325.47006,29851768.1377605
2025-12-08T14:00:00+00:00,91467.83,91777.0,90790.0,90852.56,1807.88526,2025-12-08T14:59:59.999000+00:00,164993180.4822283,518962,740.45026,67590630.2873905
2025-12-08T15:00:00+00:00,90852.57,90998.95,89612.0,89961.37,2037.53824,2025-12-08T15:59:59.999000+00:00,183789910.598542,606604,995.11215,89737536.3237431
2025-12-08T16:00:00+00:00,89961.36,90499.99,89679.79,89978.48,1042.18438,2025-12-08T16:59:59.999000+00:00,93884684.7260882,365892,498.22935,44899361.2019087
2025-12-08T17:00:00+00:00,89978.47,90339.36,89694.24,90257.98,645.64705,2025-12-08T17:59:59.999000+00:00,58116592.9917668,274731,326.70413,29408977.3428185
2025-12-08T18:00:00+00:00,90257.98,90527.3,89724.72,89921.68,559.47994,2025-12-08T18:59:59.999000+00:00,50505616.1739302,287662,241.80574,21828337.6462046
2025-12-08T19:00:00+00:00,89921.68,90366.39,89860.07,90124.48,342.53116,2025-12-08T19:59:59.999000+00:00,30867407.8949171,246437,164.09948,14788187.1708174
2025-12-08T20:00:00+00:00,90124.49,90917.23,90124.49,90799.92,565.06678,2025-12-08T20:59:59.999000+00:00,51168851.4015955,240827,302.87281,27428972.6723251
2025-12-08T21:00:00+00:00,90799.92,91374.0,90675.0,91316.01,579.83297,2025-12-08T21:59:59.999000+00:00,52797492.3351863,175944,317.66389,28925834.807017
2025-12-08T22:00:00+00:00,91316.0,91373.69,90726.4,90833.86,391.90576,2025-12-08T22:59:59.999000+00:00,35653338.5918335,121184,136.23013,12386945.115212
2025-12-08T23:00:00+00:00,90833.85,91026.52,90490.76,90634.34,444.68936,2025-12-08T23:59:59.999000+00:00,40354273.0978609,142619,217.92189,19782124.0147563
2025-12-09T00:00:00+00:00,90634.35,90846.26,90355.0,90396.73,288.37623,2025-12-09T00:59:59.999000+00:00,26127683.861886,144956,115.83962,10493283.7102318
2025-12-09T01:00:00+00:00,90396.72,90569.98,89966.0,90055.8,537.66391,2025-12-09T01:59:59.999000+00:00,48540068.5288398,199002,306.9998,27727202.6392318
2025-12-09T02:00:00+00:00,90055.8,90368.0,89979.21,90068.2,312.17,2025-12-09T02:59:59.999000+00:00,28154208.051039,178478,134.482,12130051.4142395
2025-12-09T03:00:00+00:00,90068.21,90442.77,89795.84,90405.01,1217.20174,2025-12-09T03:59:59.999000+00:00,109554135.6799619,189590,589.13634,53031140.6348507
2025-12-09T04:00:00+00:00,90405.02,90500.0,89737.47,89917.53,488.51951,2025-12-09T04:59:59.999000+00:00,44012922.1395399,125799,187.65925,16903649.3932115
2025-12-09T05:00:00+00:00,89917.52,90209.96,89500.0,89899.35,650.65388,2025-12-09T05:59:59.999000+00:00,58477849.8150268,154434,272.36399,24488481.8134408
2025-12-09T06:00:00+00:00,89899.35,90232.76,89775.67,90166.84,321.30432,2025-12-09T06:59:59.999000+00:00,28908479.7649405,124160,130.26816,11723894.2863571
2025-12-09T07:00:00+00:00,90166.85,90528.67,90091.56,90496.8,407.14103,2025-12-09T07:59:59.999000+00:00,36794627.8597436,127224,194.08054,17541933.1822722
2025-12-09T08:00:00+00:00,90496.8,90600.0,90366.35,90498.72,400.27808,2025-12-09T08:59:59.999000+00:00,36235099.8090123,112862,216.86815,19633513.5935684
2025-12-09T09:00:00+00:00,90498.72,90498.72,90129.21,90131.59,285.35023,2025-12-09T09:59:59.999000+00:00,25769691.6972347,114830,118.62157,10711741.2685677
2025-12-09T10:00:00+00:00,90131.6,90345.39,89912.48,90298.45,489.74956,2025-12-09T10:59:59.999000+00:00,44154280.5625623,185665,239.75769,21617157.5965965
2025-12-09T11:00:00+00:00,90298.44,90396.01,90140.02,90384.55,387.10655,2025-12-09T11:59:59.999000+00:00,34947144.6714681,152649,196.70833,17758799.1310302
2025-12-09T12:00:00+00:00,90384.54,90690.35,90331.0,90580.0,401.62507,2025-12-09T12:59:59.999000+00:00,36376158.4344838,151063,229.67673,20802453.9036977
2025-12-09T13:00:00+00:00,90580.01,90850.0,90174.66,90431.03,643.67225,2025-12-09T13:59:59.999000+00:00,58254218.732078,189718,301.08702,27252684.6977463
2025-12-09T14:00:00+00:00,90431.02,90644.02,90004.73,90357.59,710.07225,2025-12-09T14:59:59.999000+00:00,64101785.8268669,367436,269.28814,24311600.3504366
2025-12-09T15:00:00+00:00,90357.6,92876.92,90288.1,92707.51,3162.30439,2025-12-09T15:59:59.999000+00:00,289963261.9644744,701185,1714.24587,157209919.5619192
2025-12-09T16:00:00+00:00,92707.5,94488.64,92693.5,94187.81,4040.1561,2025-12-09T16:59:59.999000+00:00,378691939.8671188,703660,2304.5898,216023501.9119178
2025-12-09T17:00:00+00:00,94187.81,94588.99,93538.93,93917.99,1823.80002,2025-12-09T17:59:59.999000+00:00,171517649.2802884,466160,879.22367,82724219.1608236
2025-12-09T18:00:00+00:00,93918.0,94178.31,93661.45,93920.48,704.49653,2025-12-09T18:59:59.999000+00:00,66170264.4880271,285480,301.18471,28294943.8676606
2025-12-09T19:00:00+00:00,93920.48,94225.0,93651.68,93800.83,735.99959,2025-12-09T19:59:59.999000+00:00,69123989.9754811,257375,349.3056,32811374.0980408
2025-12-09T20:00:00+00:00,93800.83,93857.47,92767.71,93116.76,1097.12749,2025-12-09T20:59:59.999000+00:00,102256668.756818,384958,487.86179,45460464.3247068
2025-12-09T21:00:00+00:00,93116.76,93243.12,92254.92,92640.0,879.12299,2025-12-09T21:59:59.999000+00:00,81548834.3491708,266626,350.40564,32491385.2474735
2025-12-09T22:00:00+00:00,92640.01,93045.89,92506.67,92884.0,731.02631,2025-12-09T22:59:59.999000+00:00,67840619.6333904,222792,394.67704,36629077.282591
2025-12-09T23:00:00+00:00,92884.0,92977.98,92550.0,92678.8,525.51211,2025-12-09T23:59:59.999000+00:00,48739481.8577207,134121,233.42814,21653533.0516507
2025-12-10T00:00:00+00:00,92678.81,92786.35,92061.0,92130.81,598.49502,2025-12-10T00:59:59.999000+00:00,55304879.283541,179636,266.29825,24619529.9672748
2025-12-10T01:00:00+00:00,92130.82,92400.0,91976.0,92316.36,529.89686,2025-12-10T01:59:59.999000+00:00,48856575.0154127,163043,261.08852,24079188.9381102
2025-12-10T02:00:00+00:00,92316.35,92570.54,92027.89,92495.68,611.21334,2025-12-10T02:59:59.999000+00:00,56452344.9012218,132796,283.93991,26226612.1144564
2025-12-10T03:00:00+00:00,92495.89,92553.23,92348.66,92410.62,257.39408,2025-12-10T03:59:59.999000+00:00,23793893.0272414,89813,132.71296,12268655.7461367
2025-12-10T04:00:00+00:00,92410.62,92659.99,92386.83,92552.62,310.96334,2025-12-10T04:59:59.999000+00:00,28772803.7905783,114022,171.15214,15836436.1340127
2025-12-10T05:00:00+00:00,92552.63,92725.0,92517.53,92556.28,373.62942,2025-12-10T05:59:59.999000+00:00,34601305.0209182,106002,207.72761,19237881.1995271
2025-12-10T06:00:00+00:00,92556.28,92757.58,92396.24,92700.0,314.97149,2025-12-10T06:59:59.999000+00:00,29161046.9714754,94242,151.54408,14034546.2944901
2025-12-10T07:00:00+00:00,92700.01,92782.92,92500.0,92782.91,364.28563,2025-12-10T07:59:59.999000+00:00,33747641.1003392,82097,163.11171,15111946.5614806
2025-12-10T08:00:00+00:00,92782.91,92790.0,92549.81,92605.0,321.85602,2025-12-10T08:59:59.999000+00:00,29824917.7143892,121274,133.20322,12343628.4470473
2025-12-10T09:00:00+00:00,92604.99,92972.07,92439.4,92920.01,472.03746,2025-12-10T09:59:59.999000+00:00,43771249.0892047,136218,266.41543,24709236.6048793
2025-12-10T10:00:00+00:00,92920.0,93291.5,92135.09,92272.66,859.47741,2025-12-10T10:59:59.999000+00:00,79673880.2673013,303246,363.85575,33737828.8480987
2025-12-10T11:00:00+00:00,92272.66,92438.98,91763.69,92120.45,969.68906,2025-12-10T11:59:59.999000+00:00,89350128.4791475,231383,290.67702,26786245.879668
2025-12-10T12:00:00+00:00,92120.45,92216.55,91815.35,91987.22,467.90168,2025-12-10T12:59:59.999000+00:00,43049288.0880235,155697,147.64535,13584823.0719188
2025-12-10T13:00:00+00:00,91987.22,92226.0,91939.42,92093.66,432.08812,2025-12-10T13:59:59.999000+00:00,39783793.9596112,146185,233.0142,21453815.0966233
2025-12-10T14:00:00+00:00,92093.65,92112.57,91600.81,91831.24,883.60779,2025-12-10T14:59:59.999000+00:00,81174694.0382584,326282,380.57601,34964450.5993931
2025-12-10T15:00:00+00:00,91831.24,92149.06,91563.15,92063.69,739.55204,2025-12-10T15:59:59.999000+00:00,67976680.5394828,334429,329.58456,30298877.2739018
2025-12-10T16:00:00+00:00,92063.69,92595.11,91899.1,92174.11,785.95701,2025-12-10T16:59:59.999000+00:00,72532437.7827097,308340,409.12491,37756403.4570529
2025-12-10T17:00:00+00:00,92174.11,92515.82,92102.44,92396.23,598.06235,2025-12-10T17:59:59.999000+00:00,55227008.6180856,240702,213.58442,19721020.5310383
2025-12-10T18:00:00+00:00,92396.23,93056.0,92000.0,92503.48,870.70118,2025-12-10T18:59:59.999000+00:00,80570235.2793946,338856,431.86791,39969730.1641315
2025-12-10T19:00:00+00:00,92503.49,93243.59,91684.39,92957.67,3165.76426,2025-12-10T19:59:59.999000+00:00,293381717.1135138,848583,1610.57621,149296855.7562947
2025-12-10T20:00:00+00:00,92957.67,94476.0,92259.25,92453.89,3153.97141,2025-12-10T20:59:59.999000+00:00,294824360.5904324,836429,1740.62077,162842215.0090602
2025-12-10T21:00:00+00:00,92453.89,92777.34,91878.0,92356.38,1001.00392,2025-12-10T21:59:59.999000+00:00,92379599.720641,378235,521.91426,48164868.6735615
2025-12-10T22:00:00+00:00,92356.39,92695.31,91954.54,92509.94,585.06287,2025-12-10T22:59:59.999000+00:00,54042475.6762272,217772,322.01932,29748662.239424
2025-12-10T23:00:00+00:00,92509.94,92593.96,91942.56,92015.37,331.09907,2025-12-10T23:59:59.999000+00:00,30520320.1806539,140425,165.07664,15218836.7891295
2025-12-11T00:00:00+00:00,92015.38,92080.32,91051.0,91386.17,916.87916,2025-12-11T00:59:59.999000+00:00,83880575.2821604,277676,392.1936,35880377.5052346
2025-12-11T01:00:00+00:00,91386.17,91407.04,90658.24,90674.74,818.48242,2025-12-11T01:59:59.999000+00:00,74460852.0048597,315094,364.84966,33189982.4861199
2025-12-11T02:00:00+00:00,90674.75,90674.75,89876.81,90074.0,1250.21688,2025-12-11T02:59:59.999000+00:00,112765346.0407484,376210,586.13787,52865855.7325156
2025-12-11T03:00:00+00:00,90073.99,90074.01,89389.63,89880.01,1095.56844,2025-12-11T03:59:59.999000+00:00,98315439.970723,330597,477.90956,42906425.0585218
2025-12-11T04:00:00+00:00,89880.0,90480.14,89694.81,90436.55,943.40562,2025-12-11T04:59:59.999000+00:00,84969708.1325441,232938,537.86755,48458890.1359679
2025-12-11T05:00:00+00:00,90436.55,90436.56,90048.2,90316.72,404.63689,2025-12-11T05:59:59.999000+00:00,36518585.1567784,114909,195.5391,17650292.5804
2025-12-11T06:00:00+00:00,90316.72,90450.97,89975.89,90301.35,525.01502,2025-12-11T06:59:59.999000+00:00,47371772.3188409,117273,205.17839,18521423.287178
2025-12-11T07:00:00+00:00,90301.35,90333.49,90088.0,90272.75,372.27346,2025-12-11T07:59:59.999000+00:00,33578414.666451,116526,181.44386,16365870.5298569
2025-12-11T08:00:00+00:00,90272.76,90272.76,89971.11,90183.71,511.95493,2025-12-11T08:59:59.999000+00:00,46134488.9145029,140393,190.0255,17123724.2269325
2025-12-11T09:00:00+00:00,90183.71,90504.19,90123.01,90234.19,439.70575,2025-12-11T09:59:59.999000+00:00,39708045.2077182,141433,225.83144,20396878.1071796
2025-12-11T10:00:00+00:00,90234.19,90352.59,90172.61,90320.15,273.3976,2025-12-11T10:59:59.999000+00:00,24675963.1697605,81197,128.06692,11559093.7419123
2025-12-11T11:00:00+00:00,90320.15,90417.3,90210.44,90242.35,278.9006,2025-12-11T11:59:59.999000+00:00,25182909.7664346,63874,108.93281,9837566.7236221
2025-12-11T12:00:00+00:00,90242.36,90377.63,90006.01,90032.31,428.00948,2025-12-11T12:59:59.999000+00:00,38620268.1050235,115481,169.87248,15329091.7540612
2025-12-11T13:00:00+00:00,90032.31,90169.26,89870.0,90103.53,567.79082,2025-12-11T13:59:59.999000+00:00,51122101.0718445,153842,212.5149,19135086.2824533
2025-12-11T14:00:00+00:00,90103.53,90482.01,89260.63,89545.24,1363.14038,2025-12-11T14:59:59.999000+00:00,122552509.8722308,427638,603.40164,54284636.8797058
2025-12-11T15:00:00+00:00,89545.23,90653.33,89406.79,89872.51,1182.11834,2025-12-11T15:59:59.999000+00:00,106452720.9021869,528610,569.6931,51298180.8878336
2025-12-11T16:00:00+00:00,89872.51,90178.04,89333.0,89737.11,842.22519,2025-12-11T16:59:59.999000+00:00,75540140.3426856,412269,377.71213,33881760.2963781
2025-12-11T17:00:00+00:00,89737.11,90260.0,89627.74,89983.23,670.94481,2025-12-11T17:59:59.999000+00:00,60390670.8821238,272324,222.5237,20028826.6639424
2025-12-11T18:00:00+00:00,89983.23,91197.7,89891.87,90710.5,1286.99073,2025-12-11T18:59:59.999000+00:00,116690297.2912147,350610,639.67314,57967810.9963789
2025-12-11T19:00:00+00:00,90710.5,91538.26,90592.14,90839.81,843.83016,2025-12-11T19:59:59.999000+00:00,76889208.0128784,367441,382.34193,34829374.9660009
2025-12-11T20:00:00+00:00,90839.81,91831.2,90797.76,91792.99,787.89331,2025-12-11T20:59:59.999000+00:00,72008082.963156,335550,397.20931,36311596.7245266
2025-12-11T21:00:00+00:00,91792.98,93555.0,91706.06,92858.39,2439.34782,2025-12-11T21:59:59.999000+00:00,226394248.0180782,502318,1222.14036,113377882.4212304
2025-12-11T22:00:00+00:00,92858.4,93195.84,92068.9,92352.0,976.14915,2025-12-11T22:59:59.999000+00:00,90327211.2843578,296400,375.50817,34745833.3782199
2025-12-11T23:00:00+00:00,92352.0,92800.0,92337.91,92513.38,753.71062,2025-12-11T23:59:59.999000+00:00,69772559.6885466,179835,384.33085,35583462.4427096
2025-12-12T00:00:00+00:00,92513.38,92651.93,91448.31,91573.88,787.76417,2025-12-12T00:59:59.999000+00:00,72565940.0160005,204823,302.8632,27889918.4000311
2025-12-12T01:00:00+00:00,91573.88,92314.69,91532.16,92170.0,490.58557,2025-12-12T01:59:59.999000+00:00,45108196.0554876,242542,293.35749,26975915.3653771
2025-12-12T02:00:00+00:00,92170.0,92748.98,91927.27,92588.79,586.94037,2025-12-12T02:59:59.999000+00:00,54215405.4701087,205135,296.06157,27349768.652689
2025-12-12T03:00:00+00:00,92588.79,92754.0,92178.37,92283.4,299.42318,2025-12-12T03:59:59.999000+00:00,27659253.1795354,144538,127.18284,11748626.827897
2025-12-12T04:00:00+00:00,92283.4,92462.02,92114.99,92396.69,511.34339,2025-12-12T04:59:59.999000+00:00,47170168.7842169,95433,268.9154,24803320.0518864
2025-12-12T05:00:00+00:00,92396.69,92500.0,92078.91,92444.42,312.09266,2025-12-12T05:59:59.999000+00:00,28805743.9257234,101524,124.41882,11486880.1652805
2025-12-12T06:00:00+00:00,92444.41,92720.0,92400.0,92513.34,346.60354,2025-12-12T06:59:59.999000+00:00,32091797.2873709,103866,177.58071,16440357.9881642
2025-12-12T07:00:00+00:00,92513.34,92565.83,92257.8,92425.34,324.16244,2025-12-12T07:59:59.999000+00:00,29965497.3665651,95988,124.67451,11525398.1180764
2025-12-12T08:00:00+00:00,92425.33,92487.25,92044.8,92342.39,626.20872,2025-12-12T08:59:59.999000+00:00,57782233.4304391,115266,256.72992,23687886.4715286
2025-12-12T09:00:00+00:00,92342.38,92553.33,92094.0,92520.56,361.00119,2025-12-12T09:59:59.999000+00:00,33312326.4629094,111045,161.34731,14895465.3117461
2025-12-12T10:00:00+00:00,92520.56,92650.01,92408.33,92492.32,429.06609,2025-12-12T10:59:59.999000+00:00,39696440.5091308,101288,232.02448,21469695.7203275
2025-12-12T11:00:00+00:00,92492.32,92492.33,92275.86,92418.19,207.72939,2025-12-12T11:59:59.999000+00:00,19186956.294951,80156,93.18339,8606746.1579451
2025-12-12T12:00:00+00:00,92418.19,92420.0,92070.55,92419.99,537.64944,2025-12-12T12:59:59.999000+00:00,49595153.9872227,108367,276.18563,25476289.1812916
2025-12-12T13:00:00+00:00,92420.0,92531.38,92240.14,92302.79,478.10614,2025-12-12T13:59:59.999000+00:00,44162493.6835171,116268,325.65472,30080996.899184
2025-12-12T14:00:00+00:00,92302.79,92660.74,91903.34,92444.0,1038.4462,2025-12-12T14:59:59.999000+00:00,95873773.3869837,344008,500.75603,46238667.6470018
2025-12-12T15:00:00+00:00,92444.0,92445.94,89780.0,89935.14,3505.93103,2025-12-12T15:59:59.999000+00:00,318498731.7977345,668518,1657.19183,150495893.2861754
2025-12-12T16:00:00+00:00,89935.13,90441.17,89480.0,90046.54,2093.36319,2025-12-12T16:59:59.999000+00:00,188168229.7502026,607097,1002.29049,90113000.3825584
2025-12-12T17:00:00+00:00,90046.53,90623.72,89826.75,90083.09,1168.98586,2025-12-12T17:59:59.999000+00:00,105453918.4296684,414689,551.35529,49747117.2501713
2025-12-12T18:00:00+00:00,90083.09,90666.0,90044.93,90372.0,894.36594,2025-12-12T18:59:59.999000+00:00,80877142.609894,352169,446.17148,40346309.524315
2025-12-12T19:00:00+00:00,90372.0,90399.99,90017.05,90198.22,502.61326,2025-12-12T19:59:59.999000+00:00,45323216.2166949,277277,200.16241,18051257.1922154
2025-12-12T20:00:00+00:00,90198.23,90334.77,89898.61,90214.08,503.97114,2025-12-12T20:59:59.999000+00:00,45429818.453864,258138,256.37103,23112006.5467514
2025-12-12T21:00:00+00:00,90214.08,90345.94,90100.0,90193.94,320.8382,2025-12-12T21:59:59.999000+00:00,28943386.3826943,89450,149.6491,13498967.6980338
2025-12-12T22:00:00+00:00,90193.94,90395.53,90184.92,90335.92,184.26184,2025-12-12T22:59:59.999000+00:00,16642861.0275092,61275,77.3163,6982400.5163763
2025-12-12T23:00:00+00:00,90335.93,90404.13,90233.16,90268.42,167.73874,2025-12-12T23:59:59.999000+00:00,15154741.0563762,57859,85.23878,7701472.0336329
2025-12-13T00:00:00+00:00,90268.43,90444.28,90207.2,90323.01,184.8182,2025-12-13T00:59:59.999000+00:00,16696536.4808099,56654,72.95646,6591341.230405
2025-12-13T01:00:00+00:00,90323.01,90359.32,90120.0,90229.91,171.54055,2025-12-13T01:59:59.999000+00:00,15482642.1383313,38485,48.72339,4397402.0894412
2025-12-13T02:00:00+00:00,90229.92,90318.0,90221.98,90232.77,158.12998,2025-12-13T02:59:59.999000+00:00,14273662.6449175,42529,57.16311,5160156.6415624
2025-12-13T03:00:00+00:00,90232.77,90469.71,90205.52,90345.54,134.27456,2025-12-13T03:59:59.999000+00:00,12131629.7655716,42890,68.11092,6154070.2481899
2025-12-13T04:00:00+00:00,90345.55,90410.5,90268.91,90371.81,120.09938,2025-12-13T04:59:59.999000+00:00,10850082.7946412,37154,61.33898,5541399.8427148
2025-12-13T05:00:00+00:00,90371.81,90387.51,90269.0,90342.91,103.66062,2025-12-13T05:59:59.999000+00:00,9364631.7796361,35533,43.13613,3896814.3672595
2025-12-13T06:00:00+00:00,90342.92,90380.0,90270.65,90351.45,106.97274,2025-12-13T06:59:59.999000+00:00,9662162.9736744,32726,48.11379,4346026.8584584
2025-12-13T07:00:00+00:00,90351.45,90400.0,90318.56,90329.97,120.80251,2025-12-13T07:59:59.999000+00:00,10915541.6661544,36323,55.46957,5012157.3740368
2025-12-13T08:00:00+00:00,90329.98,90575.28,90318.67,90458.19,326.23501,2025-12-13T08:59:59.999000+00:00,29510602.2233866,77413,163.9648,14832258.9678507
2025-12-13T09:00:00+00:00,90458.2,90513.53,90387.99,90422.57,164.09529,2025-12-13T09:59:59.999000+00:00,14844071.1478862,44147,82.66422,7477969.1060229
2025-12-13T10:00:00+00:00,90422.57,90634.55,90418.49,90595.13,395.80418,2025-12-13T10:59:59.999000+00:00,35842792.739397,53035,212.63683,19256345.5037422
2025-12-13T11:00:00+00:00,90595.14,90612.32,90290.0,90330.36,639.73871,2025-12-13T11:59:59.999000+00:00,57845554.2187721,63554,157.84134,14274823.4885143
2025-12-13T12:00:00+00:00,90330.36,90470.3,90276.13,90341.05,491.58704,2025-12-13T12:59:59.999000+00:00,44423791.1611512,90130,168.95467,15270130.5298101
2025-12-13T13:00:00+00:00,90341.05,90450.0,90194.34,90245.87,344.68696,2025-12-13T13:59:59.999000+00:00,31130319.086895,77139,85.13575,7689405.9385874
2025-12-13T14:00:00+00:00,90245.88,90331.74,89932.99,90079.7,600.45706,2025-12-13T14:59:59.999000+00:00,54134434.523745,109763,141.70684,12775153.3529225
2025-12-13T15:00:00+00:00,90079.71,90289.6,90031.38,90092.16,470.25787,2025-12-13T15:59:59.999000+00:00,42386216.3330437,74923,155.67466,14031027.1229762
2025-12-13T16:00:00+00:00,90092.17,90268.13,90025.65,90087.28,226.25798,2025-12-13T16:59:59.999000+00:00,20389098.8662245,64649,109.13331,9834883.3290813
2025-12-13T17:00:00+00:00,90087.28,90102.08,89981.0,90052.61,193.07435,2025-12-13T17:59:59.999000+00:00,17384231.2143837,50326,93.69753,8436412.86743
2025-12-13T18:00:00+00:00,90052.61,90184.34,90047.4,90119.89,145.63725,2025-12-13T18:59:59.999000+00:00,13126182.0804076,35984,56.77936,5117235.2914106
2025-12-13T19:00:00+00:00,90119.9,90224.8,90109.62,90178.16,110.2678,2025-12-13T19:59:59.999000+00:00,9943286.3219407,33082,36.38187,3280639.2141984
2025-12-13T20:00:00+00:00,90178.17,90209.56,90037.57,90088.31,107.22878,2025-12-13T20:59:59.999000+00:00,9665308.0253337,32252,46.51875,4192771.8325504
2025-12-13T21:00:00+00:00,90088.31,90184.59,89766.39,90175.97,284.30101,2025-12-13T21:59:59.999000+00:00,25577206.4073674,90674,100.31738,9027507.2108661
2025-12-13T22:00:00+00:00,90175.97,90250.0,89997.14,90140.1,154.46161,2025-12-13T22:59:59.999000+00:00,13923282.1908953,82555,92.70488,8356169.6701719
2025-12-13T23:00:00+00:00,90140.1,90280.76,90051.02,90240.01,141.31844,2025-12-13T23:59:59.999000+00:00,12747277.8058354,61834,78.86016,7113417.4179376
2025-12-14T00:00:00+00:00,90240.0,90472.4,90117.05,90340.0,291.19891,2025-12-14T00:59:59.999000+00:00,26298334.2120328,86646,161.68107,14602656.3782666
2025-12-14T01:00:00+00:00,90340.0,90442.0,90208.0,90293.29,137.11035,2025-12-14T01:59:59.999000+00:00,12384441.5259526,52822,53.41987,4824734.1429644
2025-12-14T02:00:00+00:00,90293.29,90384.0,90240.01,90290.17,156.14118,2025-12-14T02:59:59.999000+00:00,14101529.5892227,38163,52.2602,4719721.928249
2025-12-14T03:00:00+00:00,90290.18,90303.08,90245.6,90258.98,126.49087,2025-12-14T03:59:59.999000+00:00,11418780.4000605,21864,52.0989,4702936.4527495
2025-12-14T04:00:00+00:00,90258.99,90329.24,90127.99,90201.5,114.76912,2025-12-14T04:59:59.999000+00:00,10358122.9798538,42835,42.54768,3839808.5272396
2025-12-14T05:00:00+00:00,90201.5,90228.66,90050.74,90199.06,171.7819,2025-12-14T05:59:59.999000+00:00,15484458.6459683,50477,74.10361,6680100.7478109
2025-12-14T06:00:00+00:00,90199.06,90245.34,90092.86,90145.26,269.9029,2025-12-14T06:59:59.999000+00:00,24332375.0643231,51344,49.62573,4473729.028904
2025-12-14T07:00:00+00:00,90145.27,90279.42,90072.97,90245.6,133.38192,2025-12-14T07:59:59.999000+00:00,12025467.5791211,30346,57.26302,5162137.4369117
2025-12-14T08:00:00+00:00,90245.6,90280.01,90108.27,90108.28,116.0796,2025-12-14T08:59:59.999000+00:00,10471293.6466674,39690,32.7986,2958764.3843973
2025-12-14T09:00:00+00:00,90108.28,90151.02,90001.1,90020.06,187.97686,2025-12-14T09:59:59.999000+00:00,16929471.9544613,46785,76.50606,6889972.4965971
2025-12-14T10:00:00+00:00,90020.07,90136.22,89785.0,89853.69,322.19368,2025-12-14T10:59:59.999000+00:00,28974050.0675671,118539,136.959,12317485.7700613
2025-12-14T11:00:00+00:00,89853.69,89853.7,88687.27,89360.0,1409.87783,2025-12-14T11:59:59.999000+00:00,125831284.7075939,366860,513.53536,45811029.4616499
2025-12-14T12:00:00+00:00,89360.01,89666.0,89101.0,89431.65,410.39848,2025-12-14T12:59:59.999000+00:00,36688403.7557472,198224,224.66285,20084647.171018
2025-12-14T13:00:00+00:00,89431.66,89500.0,89088.0,89489.5,410.01233,2025-12-14T13:59:59.999000+00:00,36605276.4991456,146369,212.97691,19016282.1639847
2025-12-14T14:00:00+00:00,89489.51,89556.83,88884.26,89118.04,568.79065,2025-12-14T14:59:59.999000+00:00,50702878.9070564,175052,238.00886,21221849.7184734
2025-12-14T15:00:00+00:00,89118.04,89176.69,88882.66,89022.91,340.50491,2025-12-14T15:59:59.999000+00:00,30310016.5003396,132722,127.97599,11392149.7784128
2025-12-14T16:00:00+00:00,89022.92,89398.71,88531.34,88836.98,723.59164,2025-12-14T16:59:59.999000+00:00,64330192.8729655,199667,363.41074,32313368.1011828
2025-12-14T17:00:00+00:00,88836.99,89032.39,88606.73,88810.67,407.9248,2025-12-14T17:59:59.999000+00:00,36232241.051546,182268,237.56413,21103309.4872887
2025-12-14T18:00:00+00:00,88810.67,89073.18,88722.19,88997.28,248.72689,2025-12-14T18:59:59.999000+00:00,22115819.7252411,129380,122.64445,10904146.6110664
2025-12-14T19:00:00+00:00,88997.27,88997.28,88497.02,88644.88,304.96489,2025-12-14T19:59:59.999000+00:00,27031710.4221045,136534,109.54641,9711028.9666656
2025-12-14T20:00:00+00:00,88644.88,88827.71,88356.9,88558.97,585.18797,2025-12-14T20:59:59.999000+00:00,51872989.508068,172103,299.95331,26598079.3111937
2025-12-14T21:00:00+00:00,88558.97,88714.66,88345.94,88443.85,309.77088,2025-12-14T21:59:59.999000+00:00,27419172.0627593,131299,110.87985,9816033.8576863
2025-12-14T22:00:00+00:00,88443.85,88605.06,88017.0,88415.29,614.71972,2025-12-14T22:59:59.999000+00:00,54256687.2241777,220849,236.16612,20847820.1011665
2025-12-14T23:00:00+00:00,88415.29,88609.22,87577.36,88172.17,1055.44176,2025-12-14T23:59:59.999000+00:00,92904131.9358896,344911,419.11963,36913365.3027291
2025-12-15T00:00:00+00:00,88172.16,88692.3,88074.37,88465.9,626.14158,2025-12-15T00:59:59.999000+00:00,55332107.3162902,289705,303.20007,26799893.5472506
2025-12-15T01:00:00+00:00,88465.9,89338.01,88428.07,89242.32,767.16149,2025-12-15T01:59:59.999000+00:00,68206072.319118,270989,465.26153,41364011.5543019
2025-12-15T02:00:00+00:00,89242.33,90052.64,89235.72,89321.85,985.6588,2025-12-15T02:59:59.999000+00:00,88329705.0306077,280048,444.48531,39842447.6910156
2025-12-15T03:00:00+00:00,89321.85,89543.88,89225.91,89282.6,320.69878,2025-12-15T03:59:59.999000+00:00,28651718.0570179,150214,140.49432,12554088.6718034
2025-12-15T04:00:00+00:00,89282.6,89786.89,89272.88,89667.64,408.51835,2025-12-15T04:59:59.999000+00:00,36581492.4106664,127879,168.74571,15113204.755854
2025-12-15T05:00:00+00:00,89667.64,89749.47,89492.0,89615.24,221.82498,2025-12-15T05:59:59.999000+00:00,19879867.7457216,97044,73.94622,6626039.4381537
2025-12-15T06:00:00+00:00,89615.25,89918.48,89476.98,89735.88,262.41654,2025-12-15T06:59:59.999000+00:00,23526053.0144202,101219,113.46829,10175662.1010072
2025-12-15T07:00:00+00:00,89735.89,89824.47,89516.0,89753.42,424.17802,2025-12-15T07:59:59.999000+00:00,38027489.8504096,113517,220.85314,19801340.4724031
2025-12-15T08:00:00+00:00,89753.43,89900.0,89655.52,89770.01,250.02319,2025-12-15T08:59:59.999000+00:00,22451263.4116997,95976,119.25898,10707969.8172708
2025-12-15T09:00:00+00:00,89770.0,89986.68,89770.0,89865.12,310.4569,2025-12-15T09:59:59.999000+00:00,27905952.7598438,111050,207.52788,18654258.2604788
2025-12-15T10:00:00+00:00,89865.13,89981.64,89717.34,89858.95,470.70514,2025-12-15T10:59:59.999000+00:00,42282979.3487439,143953,278.74643,25039183.9731995
2025-12-15T11:00:00+00:00,89858.96,89900.0,89572.05,89641.28,493.20463,2025-12-15T11:59:59.999000+00:00,44260564.6039075,96649,205.94263,18485997.273274
2025-12-15T12:00:00+00:00,89641.28,89762.56,89431.52,89695.75,392.24774,2025-12-15T12:59:59.999000+00:00,35142884.0651378,134665,199.16601,17843537.4527448
2025-12-15T13:00:00+00:00,89695.76,89736.9,89274.44,89432.0,415.38225,2025-12-15T13:59:59.999000+00:00,37161210.481253,154915,175.30904,15684129.2953038
2025-12-15T14:00:00+00:00,89432.01,89876.42,87840.0,88050.01,1787.73645,2025-12-15T14:59:59.999000+00:00,158898237.0710808,566386,784.82329,69761987.8885531
2025-12-15T15:00:00+00:00,88050.0,88184.28,86621.91,87033.22,3292.66278,2025-12-15T15:59:59.999000+00:00,287223554.289137,953133,1636.42237,142725371.7301752
2025-12-15T16:00:00+00:00,87033.21,87220.0,86062.67,86400.01,1613.2235,2025-12-15T16:59:59.999000+00:00,139715729.0392229,648004,717.12148,62119924.5432695
2025-12-15T17:00:00+00:00,86400.0,86496.89,85599.99,85762.87,1557.3817,2025-12-15T17:59:59.999000+00:00,133881659.5561916,546358,759.19117,65280309.9329807
2025-12-15T18:00:00+00:00,85762.86,86272.23,85146.64,86185.39,1482.06005,2025-12-15T18:59:59.999000+00:00,127032240.3489235,496559,767.22999,65788742.7383413
2025-12-15T19:00:00+00:00,86185.4,86560.4,85880.0,86149.96,1136.56389,2025-12-15T19:59:59.999000+00:00,98002261.2945979,440627,615.12807,53036655.0511239
2025-12-15T20:00:00+00:00,86149.96,86199.63,85610.88,85787.04,692.94245,2025-12-15T20:59:59.999000+00:00,59499129.4801018,376292,301.97132,25927794.8242674
2025-12-15T21:00:00+00:00,85787.04,86307.36,85530.01,86243.78,691.57648,2025-12-15T21:59:59.999000+00:00,59421741.7919728,251019,343.30756,29504570.3294363
2025-12-15T22:00:00+00:00,86243.77,86259.32,85827.98,86259.31,440.84932,2025-12-15T22:59:59.999000+00:00,37937519.2600298,146030,171.75832,14782566.9351815
2025-12-15T23:00:00+00:00,86259.32,86472.7,86103.67,86432.08,735.07689,2025-12-15T23:59:59.999000+00:00,63471996.9556333,154936,379.05163,32729961.0476722
2025-12-16T00:00:00+00:00,86432.08,86535.22,85836.6,85865.48,556.05003,2025-12-16T00:59:59.999000+00:00,47938192.1683413,189308,249.80537,21551568.4150757
2025-12-16T01:00:00+00:00,85865.49,86169.62,85651.92,85891.02,527.35929,2025-12-16T01:59:59.999000+00:00,45299844.8133359,245187,252.75913,21714843.0969857
2025-12-16T02:00:00+00:00,85891.02,86227.99,85800.0,85944.01,492.40216,2025-12-16T02:59:59.999000+00:00,42341648.714192,180443,252.85935,21745184.6618253
2025-12-16T03:00:00+00:00,85944.01,86019.76,85386.0,85875.92,697.04602,2025-12-16T03:59:59.999000+00:00,59772217.1935313,202992,325.66538,27931209.7634286
2025-12-16T04:00:00+00:00,85875.91,85925.77,85266.0,85838.51,611.35109,2025-12-16T04:59:59.999000+00:00,52368230.1273797,179285,245.48748,21032857.9110005
2025-12-16T05:00:00+00:00,85838.5,86200.0,85812.61,86028.11,355.99172,2025-12-16T05:59:59.999000+00:00,30614147.6368689,145114,203.72134,17520709.0425941
2025-12-16T06:00:00+00:00,86028.12,86611.69,86028.12,86508.0,522.6826,2025-12-16T06:59:59.999000+00:00,45155654.0405763,96787,248.89245,21501681.3722573
2025-12-16T07:00:00+00:00,86508.01,86615.38,85850.0,86021.51,943.04227,2025-12-16T07:59:59.999000+00:00,81297467.0146426,188162,392.56152,33822373.6919423
2025-12-16T08:00:00+00:00,86021.51,86380.0,85930.97,86281.18,426.54563,2025-12-16T08:59:59.999000+00:00,36750268.8989995,146888,210.23009,18111550.7847901
2025-12-16T09:00:00+00:00,86281.17,86426.07,86201.1,86350.0,366.58293,2025-12-16T09:59:59.999000+00:00,31643780.9323593,114800,176.27969,15216802.8783055
2025-12-16T10:00:00+00:00,86350.0,87327.7,86275.06,86980.01,956.84103,2025-12-16T10:59:59.999000+00:00,83066476.537206,239769,551.56075,47889003.2805314
2025-12-16T11:00:00+00:00,86980.01,87330.0,86820.0,87261.45,667.2763,2025-12-16T11:59:59.999000+00:00,58124842.7693236,185720,295.33919,25726329.3465103
2025-12-16T12:00:00+00:00,87261.46,87480.0,87077.41,87212.98,861.57452,2025-12-16T12:59:59.999000+00:00,75169684.9139768,217866,435.95972,38044179.7214804
2025-12-16T13:00:00+00:00,87212.98,87786.88,86410.01,86443.02,2144.73917,2025-12-16T13:59:59.999000+00:00,186881289.9745213,500654,841.00193,73347973.8673225
2025-12-16T14:00:00+00:00,86443.02,87763.92,86107.43,87297.99,1799.42456,2025-12-16T14:59:59.999000+00:00,156547317.6005339,726600,883.58771,76910606.1542937
2025-12-16T15:00:00+00:00,87298.0,88175.98,86839.35,87977.43,1924.39377,2025-12-16T15:59:59.999000+00:00,168331088.6396856,678756,1149.50425,100599307.1312476
2025-12-16T16:00:00+00:00,87977.44,88050.17,87333.08,87588.26,1300.81662,2025-12-16T16:59:59.999000+00:00,114107509.2140722,539491,686.79489,60254702.783165
2025-12-16T17:00:00+00:00,87588.26,87844.01,87093.79,87131.99,779.27901,2025-12-16T17:59:59.999000+00:00,68133003.3720668,336586,366.27162,32036537.1021877
2025-12-16T18:00:00+00:00,87132.0,88019.88,87061.23,87781.35,863.99314,2025-12-16T18:59:59.999000+00:00,75722039.4564559,286894,526.4017,46158079.1599448
2025-12-16T19:00:00+00:00,87781.35,87800.0,87294.11,87585.77,553.66943,2025-12-16T19:59:59.999000+00:00,48484066.362426,227929,222.01426,19430500.0408236
2025-12-16T20:00:00+00:00,87585.76,87836.47,87343.75,87573.23,378.71665,2025-12-16T20:59:59.999000+00:00,33181835.2446201,191887,174.62222,15303791.1449173
2025-12-16T21:00:00+00:00,87573.22,87906.29,87496.05,87768.59,268.86536,2025-12-16T21:59:59.999000+00:00,23589993.151977,91125,162.30384,14240933.8678611
2025-12-16T22:00:00+00:00,87768.6,87931.48,87636.37,87783.34,255.6448,2025-12-16T22:59:59.999000+00:00,22447497.383989,98821,124.08902,10895180.8944805
2025-12-16T23:00:00+00:00,87783.35,87874.66,87602.34,87863.42,201.76207,2025-12-16T23:59:59.999000+00:00,17705332.4917026,88628,88.26456,7745176.353489
2025-12-17T00:00:00+00:00,87863.43,87863.43,87426.06,87537.21,344.84512,2025-12-17T00:59:59.999000+00:00,30198554.7806861,122350,125.47708,10988114.5999028
2025-12-17T01:00:00+00:00,87537.22,87950.0,87489.12,87552.3,293.20917,2025-12-17T01:59:59.999000+00:00,25715207.3855582,126377,145.61485,12770575.0323681
2025-12-17T02:00:00+00:00,87552.3,87587.14,87188.37,87483.04,275.84035,2025-12-17T02:59:59.999000+00:00,24104412.1097627,152790,108.13699,9449008.6307269
2025-12-17T03:00:00+00:00,87483.04,87615.27,87150.01,87213.59,265.7567,2025-12-17T03:59:59.999000+00:00,23219573.0024064,81447,87.28023,7627380.6013693
2025-12-17T04:00:00+00:00,87213.6,87398.54,86721.86,86752.26,378.79516,2025-12-17T04:59:59.999000+00:00,32959075.1429814,132659,148.03076,12885706.5180924
2025-12-17T05:00:00+00:00,86752.27,86756.74,86209.11,86626.39,634.29318,2025-12-17T05:59:59.999000+00:00,54872387.5777558,193896,314.04263,27161513.3217143
2025-12-17T06:00:00+00:00,86626.4,87005.27,86587.82,86777.98,454.66393,2025-12-17T06:59:59.999000+00:00,39482141.9180801,144051,214.29368,18607510.6833933
2025-12-17T07:00:00+00:00,86777.98,87169.37,86593.55,87045.59,627.05868,2025-12-17T07:59:59.999000+00:00,54505098.2114878,146792,318.30472,27674812.1056137
2025-12-17T08:00:00+00:00,87045.59,87045.59,86326.8,86395.66,456.87442,2025-12-17T08:59:59.999000+00:00,39577379.7882068,134037,159.81205,13835010.9271115
2025-12-17T09:00:00+00:00,86395.67,86615.38,86262.85,86417.46,334.04163,2025-12-17T09:59:59.999000+00:00,28864484.8184379,113765,172.26011,14885222.6679179
2025-12-17T10:00:00+00:00,86417.45,86837.63,86238.91,86624.49,386.26358,2025-12-17T10:59:59.999000+00:00,33454755.9307017,204323,215.28772,18649911.6264667
2025-12-17T11:00:00+00:00,86624.5,87137.42,86565.23,86983.26,504.05307,2025-12-17T11:59:59.999000+00:00,43799554.3840907,149841,276.09012,23994271.3636042
2025-12-17T12:00:00+00:00,86983.26,87215.97,86828.0,87029.55,620.91109,2025-12-17T12:59:59.999000+00:00,54039697.0621249,159573,280.61897,24425745.7088895
2025-12-17T13:00:00+00:00,87029.56,87860.0,86817.27,87631.37,984.05009,2025-12-17T13:59:59.999000+00:00,85917462.9985815,275251,551.12742,48142918.4447992
2025-12-17T14:00:00+00:00,87631.37,89685.17,87161.39,89675.85,2426.7071,2025-12-17T14:59:59.999000+00:00,214541231.9463583,626993,1245.3339,110160518.8828259
2025-12-17T15:00:00+00:00,89675.85,90365.85,87136.97,87233.44,4100.60903,2025-12-17T15:59:59.999000+00:00,365715450.330808,939249,1723.34871,153590877.3548342
2025-12-17T16:00:00+00:00,87233.44,87769.23,86166.66,86986.51,2213.28706,2025-12-17T16:59:59.999000+00:00,192125314.9333723,766688,1097.06846,95282376.8932762
2025-12-17T17:00:00+00:00,86986.5,87103.44,86265.15,86427.12,812.7277,2025-12-17T17:59:59.999000+00:00,70476513.7576266,357021,425.95534,36960020.4475381
2025-12-17T18:00:00+00:00,86427.12,86850.64,85662.46,85829.22,910.41728,2025-12-17T18:59:59.999000+00:00,78443805.6281931,301730,375.72378,32414789.6398719
2025-12-17T19:00:00+00:00,85829.25,86195.38,85314.0,86018.53,1109.18442,2025-12-17T19:59:59.999000+00:00,95061732.6924285,345602,579.96434,49720970.3411849
2025-12-17T20:00:00+00:00,86018.53,86252.16,85644.09,85891.18,709.05939,2025-12-17T20:59:59.999000+00:00,60938557.4647178,259773,252.39052,21698541.9753156
2025-12-17T21:00:00+00:00,85890.36,86049.17,85700.0,85982.88,262.46393,2025-12-17T21:59:59.999000+00:00,22539680.5695435,126697,118.97072,10217555.0149715
2025-12-17T22:00:00+00:00,85982.88,86431.14,85888.2,86339.09,477.50595,2025-12-17T22:59:59.999000+00:00,41145603.4901289,113760,236.88651,20413063.2147338
2025-12-17T23:00:00+00:00,86339.1,86340.6,85950.0,86243.22,251.49926,2025-12-17T23:59:59.999000+00:00,21650820.7463204,83973,105.25877,9061597.2601219
2025-12-18T00:00:00+00:00,86243.23,86313.71,86056.56,86230.74,267.87743,2025-12-18T00:59:59.999000+00:00,23091238.1021704,114125,124.58691,10739451.1767467
2025-12-18T01:00:00+00:00,86230.74,86242.15,85863.93,86119.21,322.24363,2025-12-18T01:59:59.999000+00:00,27729390.8691332,160006,165.01074,14201672.9120549
2025-12-18T02:00:00+00:00,86119.27,86863.75,86011.2,86699.64,501.47272,2025-12-18T02:59:59.999000+00:00,43398807.960623,204979,268.90941,23270660.4751211
2025-12-18T03:00:00+00:00,86699.64,86699.64,86270.59,86618.34,624.40718,2025-12-18T03:59:59.999000+00:00,54004541.1918041,140087,276.70732,23931828.1342574
2025-12-18T04:00:00+00:00,86618.35,86901.4,86607.34,86765.43,404.8311,2025-12-18T04:59:59.999000+00:00,35145994.9885099,94030,196.76069,17079935.1354305
2025-12-18T05:00:00+00:00,86765.44,86768.78,86384.61,86440.9,380.26204,2025-12-18T05:59:59.999000+00:00,32929969.1974423,109492,153.81578,13320185.9015206
2025-12-18T06:00:00+00:00,86440.9,86660.61,86411.62,86645.93,241.79517,2025-12-18T06:59:59.999000+00:00,20915039.5282763,86076,111.08039,9608732.6957508
2025-12-18T07:00:00+00:00,86645.93,86863.75,86593.07,86833.84,524.31368,2025-12-18T07:59:59.999000+00:00,45504543.6394442,110260,262.57762,22787819.8871456
2025-12-18T08:00:00+00:00,86833.83,87126.22,86685.14,86978.98,699.0764,2025-12-18T08:59:59.999000+00:00,60787393.3932633,168878,281.96371,24515773.0333906
2025-12-18T09:00:00+00:00,86978.98,87392.43,86803.06,87280.95,575.12681,2025-12-18T09:59:59.999000+00:00,50132484.5144541,141651,357.53288,31168220.6123905
2025-12-18T10:00:00+00:00,87280.95,87453.63,87213.27,87341.95,387.02725,2025-12-18T10:59:59.999000+00:00,33800910.9269032,112726,186.92293,16326057.457017
2025-12-18T11:00:00+00:00,87342.0,87356.81,87067.26,87300.74,233.58665,2025-12-18T11:59:59.999000+00:00,20367077.0813096,95727,108.05129,9421751.800837
2025-12-18T12:00:00+00:00,87300.5,87428.0,87109.76,87259.99,364.92164,2025-12-18T12:59:59.999000+00:00,31847393.5394985,125229,186.73178,16298559.1621582
2025-12-18T13:00:00+00:00,87259.99,89203.23,87259.99,88851.7,2595.36979,2025-12-18T13:59:59.999000+00:00,229294543.2205387,549353,1363.47968,120469972.697422
2025-12-18T14:00:00+00:00,88851.7,89477.61,87727.25,88345.2,2494.91228,2025-12-18T14:59:59.999000+00:00,220738550.4239216,832622,1007.58628,89145693.0316128
2025-12-18T15:00:00+00:00,88345.19,89362.79,87966.24,88513.44,1859.88413,2025-12-18T15:59:59.999000+00:00,164830279.0994086,615613,887.52814,78686906.5388428
2025-12-18T16:00:00+00:00,88513.43,88533.61,87852.0,88014.0,962.80719,2025-12-18T16:59:59.999000+00:00,84937639.580706,434011,480.79188,42422869.9118022
2025-12-18T17:00:00+00:00,88014.0,88022.63,85481.22,86483.56,2784.29449,2025-12-18T17:59:59.999000+00:00,240550402.9085389,880243,1211.89283,104665217.6992172
2025-12-18T18:00:00+00:00,86483.56,86889.04,85720.0,85970.0,1482.84371,2025-12-18T18:59:59.999000+00:00,127925838.5379633,409050,886.95153,76523071.137102
2025-12-18T19:00:00+00:00,85970.0,86010.0,84481.31,84483.79,4102.16356,2025-12-18T19:59:59.999000+00:00,349971047.6928527,620224,2284.86974,195194684.8382769
2025-12-18T20:00:00+00:00,84483.8,85268.41,84450.01,84582.65,1888.57496,2025-12-18T20:59:59.999000+00:00,160487197.8815374,436361,899.77176,76477861.9245253
2025-12-18T21:00:00+00:00,84582.64,85835.9,84559.21,85630.95,999.89541,2025-12-18T21:59:59.999000+00:00,85304475.0253749,272039,650.63841,55501119.335767
2025-12-18T22:00:00+00:00,85630.96,85750.85,85288.01,85582.88,409.43501,2025-12-18T22:59:59.999000+00:00,35028690.6331015,131366,198.02157,16941588.6817514
2025-12-18T23:00:00+00:00,85582.89,85619.99,85322.07,85516.41,298.2954,2025-12-18T23:59:59.999000+00:00,25500422.7328708,102799,116.35511,9947220.7898961
2025-12-19T00:00:00+00:00,85516.41,85604.88,85295.2,85604.88,318.70597,2025-12-19T00:59:59.999000+00:00,27230084.0197599,155504,150.21475,12836445.0770941
2025-12-19T01:00:00+00:00,85604.88,85604.88,85110.24,85320.43,357.58384,2025-12-19T01:59:59.999000+00:00,30515692.804589,189097,143.01545,12204083.438258
2025-12-19T02:00:00+00:00,85320.42,85929.06,85135.39,85643.44,554.49887,2025-12-19T02:59:59.999000+00:00,47415286.135234,220578,269.3758,23038142.7497695
2025-12-19T03:00:00+00:00,85643.44,87568.99,85610.47,86891.39,2080.88033,2025-12-19T03:59:59.999000+00:00,180549849.2514805,617694,1151.44522,99852557.4148097
2025-12-19T04:00:00+00:00,86891.39,87380.0,86846.15,87103.34,691.06624,2025-12-19T04:59:59.999000+00:00,60198211.2954479,272581,387.09335,33720826.063852
2025-12-19T05:00:00+00:00,87103.34,87223.98,86647.51,87139.95,797.75888,2025-12-19T05:59:59.999000+00:00,69350356.2756743,206261,398.99462,34690434.810624
2025-12-19T06:00:00+00:00,87139.95,87484.0,86907.8,87483.41,424.48329,2025-12-19T06:59:59.999000+00:00,36982739.8540285,158030,222.46894,19385371.6896624
2025-12-19T07:00:00+00:00,87483.41,88449.06,87473.53,87953.4,1800.28697,2025-12-19T07:59:59.999000+00:00,158484757.355878,359231,1051.29329,92528732.0180218
2025-12-19T08:00:00+00:00,87953.39,88222.0,87742.6,88102.78,559.50769,2025-12-19T08:59:59.999000+00:00,49235673.324164,197070,316.27816,27831581.8728894
2025-12-19T09:00:00+00:00,88102.78,88165.27,87898.36,88105.03,362.43771,2025-12-19T09:59:59.999000+00:00,31901688.6486861,147703,168.59075,14840195.0162344
2025-12-19T10:00:00+00:00,88105.03,88341.29,87921.41,88267.09,527.07869,2025-12-19T10:59:59.999000+00:00,46460222.2553307,152446,280.66754,24744049.832483
2025-12-19T11:00:00+00:00,88267.09,88385.06,88138.51,88198.7,348.79773,2025-12-19T11:59:59.999000+00:00,30788536.8165111,142001,185.979,16417780.6620577
2025-12-19T12:00:00+00:00,88198.7,88280.06,87846.03,87855.92,788.49881,2025-12-19T12:59:59.999000+00:00,69409983.3869484,230500,316.35023,27851499.6424043
2025-12-19T13:00:00+00:00,87855.92,88220.41,87825.19,87997.14,815.3906,2025-12-19T13:59:59.999000+00:00,71752366.8519039,184646,413.98274,36429995.4009643
2025-12-19T14:00:00+00:00,87997.13,88552.17,87514.59,88180.01,1848.73686,2025-12-19T14:59:59.999000+00:00,162767074.6381003,546351,848.3743,74731539.0744148
2025-12-19T15:00:00+00:00,88180.0,89399.97,87692.77,87951.87,2536.09207,2025-12-19T15:59:59.999000+00:00,224321811.0467528,677670,1209.81507,107105235.1858873
2025-12-19T16:00:00+00:00,87951.86,88882.55,87872.91,87983.25,1009.42568,2025-12-19T16:59:59.999000+00:00,89196949.8899024,370862,568.63295,50256796.4797292
2025-12-19T17:00:00+00:00,87983.24,88346.96,86873.14,86943.25,1787.60684,2025-12-19T17:59:59.999000+00:00,156463174.5544208,481936,784.77361,68700650.9591418
2025-12-19T18:00:00+00:00,86943.26,87466.09,86846.16,87155.44,656.70102,2025-12-19T18:59:59.999000+00:00,57229426.0014223,286174,341.15422,29730294.1347746
2025-12-19T19:00:00+00:00,87155.43,88125.67,87134.6,87845.92,1130.87692,2025-12-19T19:59:59.999000+00:00,99143008.7971296,278732,568.30023,49814124.6769431
2025-12-19T20:00:00+00:00,87845.92,88416.0,87614.79,88099.6,970.95933,2025-12-19T20:59:59.999000+00:00,85472075.1289472,273056,578.84752,50959234.8108114
2025-12-19T21:00:00+00:00,88099.59,88099.6,87800.0,87839.4,343.56863,2025-12-19T21:59:59.999000+00:00,30218217.2112733,125512,217.79236,19156466.3611872
2025-12-19T22:00:00+00:00,87839.39,88426.85,87839.39,88344.78,328.59939,2025-12-19T22:59:59.999000+00:00,28989850.5576703,154662,213.19408,18807863.6817264
2025-12-19T23:00:00+00:00,88344.77,88360.0,88133.85,88136.94,217.10768,2025-12-19T23:59:59.999000+00:00,19159589.8316086,53956,93.51033,8252384.3110012
2025-12-20T00:00:00+00:00,88136.95,88188.0,87961.6,88005.63,238.63486,2025-12-20T00:59:59.999000+00:00,21022061.8128952,76877,129.36428,11395782.7029365
2025-12-20T01:00:00+00:00,88005.63,88165.27,88005.62,88075.89,236.74301,2025-12-20T01:59:59.999000+00:00,20855760.9780156,52103,112.83685,9939739.465038
2025-12-20T02:00:00+00:00,88075.89,88311.87,87988.67,88204.04,365.01084,2025-12-20T02:59:59.999000+00:00,32186797.7457137,58382,259.28745,22866257.269777
2025-12-20T03:00:00+00:00,88204.03,88339.27,88176.45,88214.98,144.05844,2025-12-20T03:59:59.999000+00:00,12715854.324311,36826,82.50186,7281737.9879644
2025-12-20T04:00:00+00:00,88214.98,88338.31,88123.07,88295.37,198.26731,2025-12-20T04:59:59.999000+00:00,17493230.3883279,37328,94.13822,8303854.6059484
2025-12-20T05:00:00+00:00,88295.38,88573.07,88275.19,88295.31,306.24924,2025-12-20T05:59:59.999000+00:00,27076013.6675425,71251,156.84865,13868799.4025171
2025-12-20T06:00:00+00:00,88295.31,88444.54,88275.92,88305.81,99.47233,2025-12-20T06:59:59.999000+00:00,8788243.2721192,41401,41.88524,3700596.5411735
2025-12-20T07:00:00+00:00,88305.81,88328.84,88189.67,88275.41,193.88304,2025-12-20T07:59:59.999000+00:00,17107743.549769,49627,77.30795,6821598.5285065
2025-12-20T08:00:00+00:00,88275.41,88428.0,88257.21,88257.21,190.13912,2025-12-20T08:59:59.999000+00:00,16797536.2243333,58390,85.12049,7520192.9214042
2025-12-20T09:00:00+00:00,88257.21,88339.05,88220.61,88224.0,171.15417,2025-12-20T09:59:59.999000+00:00,15109628.3126545,38687,58.34548,5150880.1861899
2025-12-20T10:00:00+00:00,88224.0,88288.21,88129.27,88163.99,255.88825,2025-12-20T10:59:59.999000+00:00,22567799.902655,43556,78.59458,6931158.8382142
2025-12-20T11:00:00+00:00,88163.99,88313.2,88107.35,88277.66,204.54149,2025-12-20T11:59:59.999000+00:00,18045048.6008809,45629,108.3624,9559607.9892877
2025-12-20T12:00:00+00:00,88277.66,88335.0,88195.51,88256.08,140.78522,2025-12-20T12:59:59.999000+00:00,12423846.9255066,32736,59.36392,5239043.4930872
2025-12-20T13:00:00+00:00,88256.07,88343.73,87795.76,88270.39,491.51954,2025-12-20T13:59:59.999000+00:00,43294016.2069543,122832,202.10689,17804747.3199917
2025-12-20T14:00:00+00:00,88270.39,88287.84,88012.0,88260.88,329.36375,2025-12-20T14:59:59.999000+00:00,29036179.7106674,70666,157.50162,13885864.2043753
2025-12-20T15:00:00+00:00,88260.89,88267.1,88025.96,88178.71,354.00686,2025-12-20T15:59:59.999000+00:00,31201410.4328271,45098,140.84372,12411843.941093
2025-12-20T16:00:00+00:00,88178.72,88242.55,88133.65,88149.72,141.45563,2025-12-20T16:59:59.999000+00:00,12472984.090215,35120,57.15501,5039321.7225764
2025-12-20T17:00:00+00:00,88149.72,88258.22,88103.54,88181.8,145.0622,2025-12-20T17:59:59.999000+00:00,12794829.8473241,45580,81.64042,7201163.1259242
2025-12-20T18:00:00+00:00,88181.8,88418.73,88151.97,88313.21,203.88068,2025-12-20T18:59:59.999000+00:00,17990967.3281254,30176,102.41206,9038890.0662919
2025-12-20T19:00:00+00:00,88313.22,88329.03,88201.14,88232.92,83.7064,2025-12-20T19:59:59.999000+00:00,7387282.4885818,35878,34.60443,3053777.7706478
2025-12-20T20:00:00+00:00,88232.92,88312.72,88211.17,88271.6,128.50977,2025-12-20T20:59:59.999000+00:00,11340231.6620388,26093,79.28851,6996712.6909385
2025-12-20T21:00:00+00:00,88271.6,88443.44,88184.96,88208.73,169.66114,2025-12-20T21:59:59.999000+00:00,14979421.8931928,37985,93.13326,8222973.3642377
2025-12-20T22:00:00+00:00,88208.74,88339.99,88154.06,88279.35,182.0376,2025-12-20T22:59:59.999000+00:00,16063138.1233657,43745,100.63069,8880226.4579727
2025-12-20T23:00:00+00:00,88279.34,88423.31,88252.78,88360.9,149.10105,2025-12-20T23:59:59.999000+00:00,13168995.2397427,38460,63.09665,5572874.7331067
2025-12-21T00:00:00+00:00,88360.91,88433.64,88306.0,88387.92,134.46825,2025-12-21T00:59:59.999000+00:00,11882232.7542363,28869,66.82448,5905151.7023898
2025-12-21T01:00:00+00:00,88387.93,88387.93,88011.83,88011.83,279.93502,2025-12-21T01:59:59.999000+00:00,24675134.8817919,40034,129.59222,11423179.093317
2025-12-21T02:00:00+00:00,88011.84,88149.99,87869.35,87943.76,392.18461,2025-12-21T02:59:59.999000+00:00,34504145.984717,88327,238.11599,20950317.6560382
2025-12-21T03:00:00+00:00,87943.76,88150.0,87934.48,88070.64,184.82899,2025-12-21T03:59:59.999000+00:00,16276215.359897,46884,98.86718,8705952.1321033
2025-12-21T04:00:00+00:00,88070.64,88149.13,88050.0,88065.83,180.33962,2025-12-21T04:59:59.999000+00:00,15886040.6034698,37569,79.0422,6963265.8783384
2025-12-21T05:00:00+00:00,88065.83,88150.01,88054.05,88138.95,67.73322,2025-12-21T05:59:59.999000+00:00,5967841.699698,29543,34.87699,3073008.4709688
2025-12-21T06:00:00+00:00,88138.95,88201.59,88068.36,88090.72,107.2407,2025-12-21T06:59:59.999000+00:00,9453010.2735236,27341,52.02984,4586543.4947462
2025-12-21T07:00:00+00:00,88090.73,88174.79,88054.61,88174.79,100.25965,2025-12-21T07:59:59.999000+00:00,8834039.9974839,24125,48.7323,4294091.3638926
2025-12-21T08:00:00+00:00,88174.79,88767.2,88141.87,88537.87,426.66802,2025-12-21T08:59:59.999000+00:00,37737043.8986746,111626,235.32965,20811465.094745
2025-12-21T09:00:00+00:00,88537.88,89081.77,88500.3,88892.82,535.95501,2025-12-21T09:59:59.999000+00:00,47595973.8953153,166068,322.85885,28672226.9661849
2025-12-21T10:00:00+00:00,88892.82,88979.94,88580.52,88669.78,321.68195,2025-12-21T10:59:59.999000+00:00,28561172.0450884,103872,139.98649,12431911.9064938
2025-12-21T11:00:00+00:00,88669.78,88750.0,88588.11,88601.57,155.51107,2025-12-21T11:59:59.999000+00:00,13784615.2433876,54075,65.24225,5783079.6720829
2025-12-21T12:00:00+00:00,88601.57,88920.01,88463.78,88638.01,273.81982,2025-12-21T12:59:59.999000+00:00,24292798.6191073,113878,142.59973,12654927.2431063
2025-12-21T13:00:00+00:00,88638.01,88694.32,87600.04,87670.1,1029.34323,2025-12-21T13:59:59.999000+00:00,90617206.7717795,298074,387.94653,34154519.7449989
2025-12-21T14:00:00+00:00,87670.1,88148.34,87615.07,88065.18,535.83684,2025-12-21T14:59:59.999000+00:00,47120190.2268302,164777,255.81457,22493670.6398839
2025-12-21T15:00:00+00:00,88065.19,88272.34,87813.0,88067.95,367.50892,2025-12-21T15:59:59.999000+00:00,32340546.8253854,103105,110.70713,9747262.0084762
2025-12-21T16:00:00+00:00,88067.96,88369.0,87985.11,88359.18,434.1318,2025-12-21T16:59:59.999000+00:00,38294344.4092527,84248,230.98373,20376578.7346369
2025-12-21T17:00:00+00:00,88359.18,88494.97,88280.67,88324.14,292.57922,2025-12-21T17:59:59.999000+00:00,25860870.4047279,66036,147.04143,12997333.031428
2025-12-21T18:00:00+00:00,88324.14,88451.84,87950.0,88445.09,223.91956,2025-12-21T18:59:59.999000+00:00,19745955.4580605,82060,116.07618,10238062.5764131
2025-12-21T19:00:00+00:00,88445.08,88600.0,88201.58,88484.01,289.83713,2025-12-21T19:59:59.999000+00:00,25621404.0431347,73069,128.56076,11366089.3771991
2025-12-21T20:00:00+00:00,88484.01,88500.0,88230.76,88230.96,127.7821,2025-12-21T20:59:59.999000+00:00,11287744.7261445,41446,71.72903,6336530.600673
2025-12-21T21:00:00+00:00,88230.97,88368.83,88091.96,88162.86,151.57667,2025-12-21T21:59:59.999000+00:00,13371810.711821,46687,57.01425,5030324.4524037
2025-12-21T22:00:00+00:00,88162.86,88494.99,88120.99,88483.63,176.80431,2025-12-21T22:59:59.999000+00:00,15622561.6951069,72939,86.40196,7634109.2661622
2025-12-21T23:00:00+00:00,88483.64,88823.52,88374.74,88658.86,342.92687,2025-12-21T23:59:59.999000+00:00,30388071.2580311,126014,204.02023,18082460.6913423
2025-12-22T00:00:00+00:00,88658.87,89627.24,88613.87,88622.4,1109.80548,2025-12-22T00:59:59.999000+00:00,98915009.158035,338222,569.73466,50791165.711666
2025-12-22T01:00:00+00:00,88622.4,89279.31,88516.0,88626.31,593.85875,2025-12-22T01:59:59.999000+00:00,52766161.9219516,220526,346.99694,30840338.5378468
2025-12-22T02:00:00+00:00,88626.31,88658.22,87900.0,88458.27,639.02818,2025-12-22T02:59:59.999000+00:00,56405652.3579207,242191,295.78166,26109617.9622618
2025-12-22T03:00:00+00:00,88458.27,88850.0,88283.4,88774.12,277.28751,2025-12-22T03:59:59.999000+00:00,24583144.4642846,143701,134.7045,11944111.3865473
2025-12-22T04:00:00+00:00,88774.13,89034.44,88712.11,88904.99,316.78715,2025-12-22T04:59:59.999000+00:00,28174197.9342784,120317,156.53336,13920991.5941679
2025-12-22T05:00:00+00:00,88905.0,89000.0,88762.43,88831.34,260.18369,2025-12-22T05:59:59.999000+00:00,23125116.2739455,95120,110.93289,9859970.4507126
2025-12-22T06:00:00+00:00,88831.34,89008.0,88730.07,88909.26,222.6097,2025-12-22T06:59:59.999000+00:00,19783641.2497363,84749,102.06475,9071159.5210883
2025-12-22T07:00:00+00:00,88909.26,89200.0,88891.63,89170.1,491.12288,2025-12-22T07:59:59.999000+00:00,43759381.28807,109950,235.55989,20989155.0775999
2025-12-22T08:00:00+00:00,89170.1,89908.71,89093.44,89334.2,921.73946,2025-12-22T08:59:59.999000+00:00,82559964.1802408,232163,457.86879,41000241.3435452
2025-12-22T09:00:00+00:00,89334.21,89836.89,89301.0,89829.6,441.59532,2025-12-22T09:59:59.999000+00:00,39562370.0278424,123276,198.85633,17818141.577408
2025-12-22T10:00:00+00:00,89829.6,89868.0,89615.38,89778.94,435.91534,2025-12-22T10:59:59.999000+00:00,39125576.8630963,102622,202.06901,18135857.5627362
2025-12-22T11:00:00+00:00,89778.95,90118.0,89656.38,89945.43,823.65187,2025-12-22T11:59:59.999000+00:00,74068894.8056259,158970,405.39525,36461575.3656684
2025-12-22T12:00:00+00:00,89945.43,90588.23,89866.0,90208.48,1081.30015,2025-12-22T12:59:59.999000+00:00,97549065.3249399,229119,696.83537,62866124.2784976
2025-12-22T13:00:00+00:00,90208.49,90319.98,89731.72,89912.37,614.87382,2025-12-22T13:59:59.999000+00:00,55338955.936527,192642,207.40062,18663656.4379711
2025-12-22T14:00:00+00:00,89912.38,90293.28,89440.5,90126.43,1047.85448,2025-12-22T14:59:59.999000+00:00,94184257.5949395,418535,549.4518,49400083.0377852
2025-12-22T15:00:00+00:00,90126.44,90454.74,89196.42,89726.92,1198.6937,2025-12-22T15:59:59.999000+00:00,107469899.8128541,544250,506.58786,45431915.9024865
2025-12-22T16:00:00+00:00,89726.93,90127.0,89523.22,89550.0,654.12884,2025-12-22T16:59:59.999000+00:00,58743124.2825732,271401,307.16835,27587319.9983774
2025-12-22T17:00:00+00:00,89550.01,89579.81,89092.09,89308.92,588.68917,2025-12-22T17:59:59.999000+00:00,52562589.9518797,227525,258.52423,23083785.3952005
2025-12-22T18:00:00+00:00,89308.91,89523.23,89140.0,89150.04,385.95267,2025-12-22T18:59:59.999000+00:00,34495166.0898845,149023,202.3215,18084276.4104918
2025-12-22T19:00:00+00:00,89150.04,89150.04,87965.76,88052.43,980.77862,2025-12-22T19:59:59.999000+00:00,86797128.2170784,286869,428.17383,37890615.3265459
2025-12-22T20:00:00+00:00,88052.42,88486.12,87911.79,88351.03,544.44938,2025-12-22T20:59:59.999000+00:00,48007988.7673939,243866,334.89246,29532373.8690228
2025-12-22T21:00:00+00:00,88351.03,88619.13,88235.09,88275.06,405.03635,2025-12-22T21:59:59.999000+00:00,35811828.1843534,104077,221.40898,19577959.8495459
2025-12-22T22:00:00+00:00,88275.05,88833.33,88150.0,88660.07,389.08575,2025-12-22T22:59:59.999000+00:00,34410071.4985662,128839,220.2953,19491841.8760442
2025-12-22T23:00:00+00:00,88660.07,88700.0,88430.43,88620.79,248.79144,2025-12-22T23:59:59.999000+00:00,22036445.5619086,79794,120.05602,10634513.2983249
2025-12-23T00:00:00+00:00,88620.79,88940.0,88504.78,88770.47,270.13686,2025-12-23T00:59:59.999000+00:00,23964729.4215033,106854,158.93726,14099468.5369292
2025-12-23T01:00:00+00:00,88770.47,88889.76,88430.0,88513.71,241.89286,2025-12-23T01:59:59.999000+00:00,21437004.474897,116554,104.80627,9288260.1676368
2025-12-23T02:00:00+00:00,88513.72,88755.24,88091.21,88206.8,579.81965,2025-12-23T02:59:59.999000+00:00,51256308.4398761,161896,295.14781,26094916.1643306
2025-12-23T03:00:00+00:00,88206.8,88355.56,87800.0,88170.0,413.85546,2025-12-23T03:59:59.999000+00:00,36460594.1749867,162017,188.68248,16631570.405852
2025-12-23T04:00:00+00:00,88170.0,88368.1,87930.99,87930.99,308.91036,2025-12-23T04:59:59.999000+00:00,27235421.9800954,100234,141.75573,12502574.8049901
2025-12-23T05:00:00+00:00,87931.0,88025.71,87614.79,87765.01,482.98475,2025-12-23T05:59:59.999000+00:00,42414398.7955303,147695,190.96437,16771443.4138042
2025-12-23T06:00:00+00:00,87765.01,87780.0,87051.52,87400.01,787.33301,2025-12-23T06:59:59.999000+00:00,68789492.3979131,263611,340.79342,29771308.6758323
2025-12-23T07:00:00+00:00,87400.01,87698.82,87373.22,87574.79,417.2025,2025-12-23T07:59:59.999000+00:00,36524581.417796,122692,257.05153,22505812.5426223
2025-12-23T08:00:00+00:00,87574.78,87699.99,87433.2,87477.15,347.82336,2025-12-23T08:59:59.999000+00:00,30457795.6837578,105265,147.95929,12957619.8759085
2025-12-23T09:00:00+00:00,87477.14,87630.76,87297.69,87531.85,429.48493,2025-12-23T09:59:59.999000+00:00,37584945.6822776,114982,172.25474,15072511.4259266
2025-12-23T10:00:00+00:00,87531.85,87659.9,87510.6,87615.93,241.30517,2025-12-23T10:59:59.999000+00:00,21136714.5760239,68473,119.14619,10436099.4717675
2025-12-23T11:00:00+00:00,87615.92,87890.0,87564.29,87856.65,413.76507,2025-12-23T11:59:59.999000+00:00,36317543.5792789,107849,272.12442,23887131.5069531
2025-12-23T12:00:00+00:00,87856.66,87963.03,87600.0,87789.18,403.03862,2025-12-23T12:59:59.999000+00:00,35390892.5074357,117740,210.77669,18508698.020682
2025-12-23T13:00:00+00:00,87789.18,87902.0,87426.7,87616.67,558.41583,2025-12-23T13:59:59.999000+00:00,48950643.4176046,217879,232.82916,20410641.290842
2025-12-23T14:00:00+00:00,87616.66,87829.2,86601.9,86874.0,1406.81005,2025-12-23T14:59:59.999000+00:00,122693247.2866613,412584,502.41722,43851266.3765438
2025-12-23T15:00:00+00:00,86873.99,87550.0,86720.0,87443.45,1039.72862,2025-12-23T15:59:59.999000+00:00,90658392.6657725,388085,471.99308,41154176.4186465
2025-12-23T16:00:00+00:00,87443.45,88189.64,87325.4,88003.63,1214.11389,2025-12-23T16:59:59.999000+00:00,106686161.1843192,362968,630.42396,55399782.5051555
2025-12-23T17:00:00+00:00,88003.63,88275.4,87180.0,87180.01,705.26293,2025-12-23T17:59:59.999000+00:00,61927803.9846041,255087,268.53486,23592823.014364
2025-12-23T18:00:00+00:00,87180.0,88177.98,87162.39,87975.01,814.37143,2025-12-23T18:59:59.999000+00:00,71492758.2852635,233235,442.14802,38821957.8249807
2025-12-23T19:00:00+00:00,87975.02,88043.94,87650.0,87752.87,487.08154,2025-12-23T19:59:59.999000+00:00,42791837.3856475,175128,202.32779,17777400.1607987
2025-12-23T20:00:00+00:00,87752.88,88372.35,87524.58,87691.5,807.56489,2025-12-23T20:59:59.999000+00:00,71004091.2115137,261853,369.63534,32509645.4747627
2025-12-23T21:00:00+00:00,87691.51,87856.37,87540.87,87722.89,406.59734,2025-12-23T21:59:59.999000+00:00,35661254.4086392,142311,190.51843,16709758.8207909
2025-12-23T22:00:00+00:00,87722.9,87779.25,87250.0,87399.45,627.85138,2025-12-23T22:59:59.999000+00:00,54938576.848632,186624,248.65701,21760238.9717409
2025-12-23T23:00:00+00:00,87399.45,87520.87,87180.0,87486.0,504.97854,2025-12-23T23:59:59.999000+00:00,44124417.4577254,133464,221.8824,19390090.0152695
2025-12-24T00:00:00+00:00,87486.0,87672.26,87264.0,87660.47,394.43819,2025-12-24T00:59:59.999000+00:00,34511181.0811841,117180,233.70196,20450917.4894165
2025-12-24T01:00:00+00:00,87660.47,87839.66,87500.0,87632.51,313.39351,2025-12-24T01:59:59.999000+00:00,27475321.0691729,121994,166.49422,14596552.3805217
2025-12-24T02:00:00+00:00,87632.51,87658.07,86940.76,87134.39,587.21641,2025-12-24T02:59:59.999000+00:00,51253567.7902865,169878,234.10647,20435187.2518854
2025-12-24T03:00:00+00:00,87134.39,87392.61,86863.88,87336.23,303.84075,2025-12-24T03:59:59.999000+00:00,26483566.332592,110954,160.73824,14015899.0814306
2025-12-24T04:00:00+00:00,87336.23,87458.54,87083.5,87147.65,288.59994,2025-12-24T04:59:59.999000+00:00,25196392.2344099,88798,172.62902,15073753.6112747
2025-12-24T05:00:00+00:00,87147.64,87248.79,86796.65,86957.9,344.84105,2025-12-24T05:59:59.999000+00:00,30005404.1399533,110332,162.91722,14179534.423372
2025-12-24T06:00:00+00:00,86957.89,87071.64,86802.03,87019.21,370.38507,2025-12-24T06:59:59.999000+00:00,32206073.7387681,92574,186.84832,16248972.9937105
2025-12-24T07:00:00+00:00,87019.21,87184.57,86911.52,86911.53,345.81136,2025-12-24T07:59:59.999000+00:00,30107764.7971653,72054,214.17062,18646564.9690411
2025-12-24T08:00:00+00:00,86911.53,87077.67,86769.32,86795.56,315.09263,2025-12-24T08:59:59.999000+00:00,27385718.4599454,93225,171.6549,14920083.4970752
2025-12-24T09:00:00+00:00,86795.56,86903.17,86724.05,86812.8,230.63616,2025-12-24T09:59:59.999000+00:00,20024572.857323,69484,92.43653,8025876.4382903
2025-12-24T10:00:00+00:00,86812.8,87196.0,86812.79,87077.66,292.48243,2025-12-24T10:59:59.999000+00:00,25461648.5705285,83210,180.85233,15741809.6764935
2025-12-24T11:00:00+00:00,87077.66,87359.59,87077.66,87203.94,350.15883,2025-12-24T11:59:59.999000+00:00,30558016.4662069,79957,202.3924,17662580.6121432
2025-12-24T12:00:00+00:00,87203.94,87478.59,87129.47,87428.51,308.22922,2025-12-24T12:59:59.999000+00:00,26907317.0517552,78622,146.44684,12783533.472651
2025-12-24T13:00:00+00:00,87428.5,87440.24,87038.44,87286.9,403.57201,2025-12-24T13:59:59.999000+00:00,35209594.7220998,95314,150.72233,13150242.3035503
2025-12-24T14:00:00+00:00,87286.9,87448.49,86420.0,86994.7,906.39237,2025-12-24T14:59:59.999000+00:00,78777739.7997815,324515,412.90246,35898276.1741985
2025-12-24T15:00:00+00:00,86994.7,87218.69,86580.0,87049.99,682.33537,2025-12-24T15:59:59.999000+00:00,59333184.1426536,319617,347.5054,30219458.7098615
2025-12-24T16:00:00+00:00,87050.0,87670.0,86917.25,87283.23,859.06821,2025-12-24T16:59:59.999000+00:00,74999914.0399247,270062,469.87094,41012677.3885689
2025-12-24T17:00:00+00:00,87283.23,87576.68,87255.06,87322.77,412.5613,2025-12-24T17:59:59.999000+00:00,36054712.9894942,189433,171.95337,15026611.6570303
2025-12-24T18:00:00+00:00,87322.77,87500.67,87233.93,87470.65,257.686,2025-12-24T18:59:59.999000+00:00,22524837.0500258,102351,119.42414,10437997.0810683
2025-12-24T19:00:00+00:00,87470.64,87578.81,87329.9,87566.06,217.13377,2025-12-24T19:59:59.999000+00:00,18991418.5322699,49331,80.38803,7030811.327089
2025-12-24T20:00:00+00:00,87566.07,87679.05,87516.77,87556.2,186.42889,2025-12-24T20:59:59.999000+00:00,16332848.8086227,45765,79.25343,6943025.7765492
2025-12-24T21:00:00+00:00,87556.21,87795.65,87556.2,87696.33,184.56137,2025-12-24T21:59:59.999000+00:00,16186377.872653,40973,95.49261,8375107.8412426
2025-12-24T22:00:00+00:00,87696.34,88049.89,87696.33,88009.81,324.48249,2025-12-24T22:59:59.999000+00:00,28525027.1239904,79289,195.6473,17198797.5346104
2025-12-24T23:00:00+00:00,88009.82,88023.57,87599.14,87669.45,261.49587,2025-12-24T23:59:59.999000+00:00,22948326.8030395,72327,94.72423,8311418.7135279
2025-12-25T00:00:00+00:00,87669.44,87749.0,87508.52,87568.37,172.91056,2025-12-25T00:59:59.999000+00:00,15152604.3986231,80152,75.49545,6615371.0156714
2025-12-25T01:00:00+00:00,87568.37,87748.78,87567.42,87699.99,127.73475,2025-12-25T01:59:59.999000+00:00,11198511.3194596,50750,60.86281,5335498.5151892
2025-12-25T02:00:00+00:00,87700.0,87967.5,87563.87,87892.66,207.0102,2025-12-25T02:59:59.999000+00:00,18175639.6585988,59236,115.65444,10155872.1052244
2025-12-25T03:00:00+00:00,87892.66,87925.08,87767.84,87840.42,145.20674,2025-12-25T03:59:59.999000+00:00,12755220.0923796,42468,67.2133,5904255.8700152
2025-12-25T04:00:00+00:00,87840.42,87843.38,87743.0,87773.33,132.58221,2025-12-25T04:59:59.999000+00:00,11639102.6201965,43677,59.36844,5211938.6152813
2025-12-25T05:00:00+00:00,87773.34,87787.92,87661.17,87750.55,171.99245,2025-12-25T05:59:59.999000+00:00,15087983.4286682,44114,71.18546,6244813.3941316
2025-12-25T06:00:00+00:00,87750.56,87842.53,87692.67,87836.42,122.21291,2025-12-25T06:59:59.999000+00:00,10726431.8225691,38364,69.93955,6138210.0244364
2025-12-25T07:00:00+00:00,87836.43,87862.2,87755.94,87837.59,141.89666,2025-12-25T07:59:59.999000+00:00,12458316.8684028,37575,67.6489,5939484.2544335
2025-12-25T08:00:00+00:00,87837.59,87888.0,87351.96,87584.65,461.19047,2025-12-25T08:59:59.999000+00:00,40379167.9457677,110903,231.97848,20307722.6058028
2025-12-25T09:00:00+00:00,87584.65,87603.78,87450.01,87526.48,318.47286,2025-12-25T09:59:59.999000+00:00,27865796.1019297,61508,214.08189,18731486.8212626
2025-12-25T10:00:00+00:00,87526.47,87533.36,87251.6,87414.14,276.87514,2025-12-25T10:59:59.999000+00:00,24196539.548048,79567,116.9946,10224286.6276255
2025-12-25T11:00:00+00:00,87414.15,87591.32,87414.14,87519.44,147.21369,2025-12-25T11:59:59.999000+00:00,12882699.6004865,57332,75.25443,6585054.7633126
2025-12-25T12:00:00+00:00,87519.45,87586.92,87476.49,87566.0,142.98872,2025-12-25T12:59:59.999000+00:00,12517019.024257,53856,55.6101,4867917.6219731
2025-12-25T13:00:00+00:00,87566.0,87683.87,87398.78,87638.25,370.11784,2025-12-25T13:59:59.999000+00:00,32403304.868746,88143,180.64097,15815611.3474423
2025-12-25T14:00:00+00:00,87638.25,87759.33,87550.0,87718.21,282.91916,2025-12-25T14:59:59.999000+00:00,24802450.9195968,69338,152.0546,13329914.9085098
2025-12-25T15:00:00+00:00,87718.22,88592.74,87714.0,88371.27,1137.4468,2025-12-25T15:59:59.999000+00:00,100326295.5538902,247181,549.48749,48467894.0802415
2025-12-25T16:00:00+00:00,88371.27,88478.0,87993.21,88086.72,533.77153,2025-12-25T16:59:59.999000+00:00,47119637.64031,139770,143.27086,12646067.2805203
2025-12-25T17:00:00+00:00,88086.73,88211.18,88000.32,88139.08,203.97629,2025-12-25T17:59:59.999000+00:00,17972185.8738268,83948,100.6698,8869566.3212225
2025-12-25T18:00:00+00:00,88139.07,88314.37,88139.07,88241.26,193.54871,2025-12-25T18:59:59.999000+00:00,17082440.8345733,58921,74.20784,6549357.1221525
2025-12-25T19:00:00+00:00,88241.26,88249.51,88075.99,88151.18,108.25003,2025-12-25T19:59:59.999000+00:00,9541188.6585906,35950,45.01508,3967408.6608282
2025-12-25T20:00:00+00:00,88151.19,88167.65,87650.0,87892.69,287.61054,2025-12-25T20:59:59.999000+00:00,25270417.7306245,87891,127.41598,11194653.1400332
2025-12-25T21:00:00+00:00,87892.69,87982.98,87820.0,87901.21,144.90662,2025-12-25T21:59:59.999000+00:00,12741398.3697807,49022,71.30455,6269698.9085287
2025-12-25T22:00:00+00:00,87901.22,87915.1,87311.0,87650.0,459.19007,2025-12-25T22:59:59.999000+00:00,40239100.5487375,166489,255.86382,22424012.4240715
2025-12-25T23:00:00+00:00,87649.99,87771.01,86934.72,87225.27,806.5574,2025-12-25T23:59:59.999000+00:00,70437000.2217017,206017,409.73824,35795032.295394
2025-12-26T00:00:00+00:00,87225.27,87320.1,86891.7,87120.0,573.22847,2025-12-26T00:59:59.999000+00:00,49935227.1029355,165565,288.03358,25090875.7298005
2025-12-26T01:00:00+00:00,87119.99,87500.0,87119.99,87432.26,232.7474,2025-12-26T01:59:59.999000+00:00,20326955.3772332,106655,136.86022,11952852.3601129
2025-12-26T02:00:00+00:00,87432.26,89440.0,87416.04,89199.99,2823.54617,2025-12-26T02:59:59.999000+00:00,251089970.4344845,625085,1593.05205,141674955.9122369
2025-12-26T03:00:00+00:00,89200.0,89289.99,88714.36,88844.87,1335.10374,2025-12-26T03:59:59.999000+00:00,118783962.1219168,258855,875.95092,77947116.2573949
2025-12-26T04:00:00+00:00,88844.88,89153.17,88516.73,88969.24,561.2344,2025-12-26T04:59:59.999000+00:00,49862110.4435067,143952,295.93183,26305127.7670246
2025-12-26T05:00:00+00:00,88969.24,89045.71,88828.06,88996.58,281.22768,2025-12-26T05:59:59.999000+00:00,25005150.9900856,89812,135.10785,12013564.6061228
2025-12-26T06:00:00+00:00,88996.58,89250.0,88996.58,89124.24,512.77497,2025-12-26T06:59:59.999000+00:00,45695675.5249585,109191,272.13269,24250551.4129293
2025-12-26T07:00:00+00:00,89124.24,89567.75,88347.45,88470.75,1799.23903,2025-12-26T07:59:59.999000+00:00,160039368.8814504,218076,823.41669,73279681.097895
2025-12-26T08:00:00+00:00,88470.75,88886.0,88414.81,88742.28,449.86032,2025-12-26T08:59:59.999000+00:00,39891735.2615824,188120,221.35972,19630231.3430548
2025-12-26T09:00:00+00:00,88742.28,88918.59,88649.63,88811.76,363.34862,2025-12-26T09:59:59.999000+00:00,32256693.4800493,87772,172.94822,15355744.1692165
2025-12-26T10:00:00+00:00,88811.77,88882.01,88680.0,88748.34,245.05773,2025-12-26T10:59:59.999000+00:00,21755729.70345,94271,110.28853,9791316.3773803
2025-12-26T11:00:00+00:00,88748.35,88754.69,88532.0,88533.42,192.05882,2025-12-26T11:59:59.999000+00:00,17023131.0697776,84154,62.19749,5512700.8680144
2025-12-26T12:00:00+00:00,88533.43,88761.45,88533.42,88678.9,338.36189,2025-12-26T12:59:59.999000+00:00,30009950.607559,85019,102.90943,9125759.813441
2025-12-26T13:00:00+00:00,88678.89,89050.0,88618.14,88992.88,360.81787,2025-12-26T13:59:59.999000+00:00,32074215.2592463,102843,209.39164,18613033.5652521
2025-12-26T14:00:00+00:00,88992.88,89049.88,87345.88,87380.43,1728.76389,2025-12-26T14:59:59.999000+00:00,152345013.9507892,455552,681.51974,60102866.0185889
2025-12-26T15:00:00+00:00,87380.44,87381.0,86655.08,87137.81,3504.43069,2025-12-26T15:59:59.999000+00:00,304859627.9218892,669977,1393.26392,121207880.1638665
2025-12-26T16:00:00+00:00,87137.81,87380.0,86850.38,86855.82,711.31648,2025-12-26T16:59:59.999000+00:00,61997604.2298371,301744,311.56768,27160915.3866516
2025-12-26T17:00:00+00:00,86855.83,87463.77,86818.18,87331.91,460.45969,2025-12-26T17:59:59.999000+00:00,40150217.5830065,198333,267.53995,23331531.6479138
2025-12-26T18:00:00+00:00,87331.91,87380.0,87117.11,87277.77,386.97537,2025-12-26T18:59:59.999000+00:00,33773796.106158,133783,184.16774,16074045.4706786
2025-12-26T19:00:00+00:00,87277.78,87580.29,87246.0,87501.83,382.01197,2025-12-26T19:59:59.999000+00:00,33390696.1697904,91103,226.39159,19788006.4885735
2025-12-26T20:00:00+00:00,87501.83,87792.7,87399.71,87585.77,275.036,2025-12-26T20:59:59.999000+00:00,24098159.800419,106126,132.52519,11611432.8711602
2025-12-26T21:00:00+00:00,87585.76,87697.81,87460.57,87470.59,309.65661,2025-12-26T21:59:59.999000+00:00,27114240.6399672,64900,132.19556,11575436.1242953
2025-12-26T22:00:00+00:00,87470.59,87592.67,87321.4,87550.0,304.7143,2025-12-26T22:59:59.999000+00:00,26649873.8665631,72931,131.94456,11539667.833798
2025-12-26T23:00:00+00:00,87549.99,87550.09,87331.85,87369.56,212.64294,2025-12-26T23:59:59.999000+00:00,18593009.1099905,55663,86.10934,7529584.439504
2025-12-27T00:00:00+00:00,87369.56,87414.26,87253.05,87401.07,201.59724,2025-12-27T00:59:59.999000+00:00,17609379.1198809,46779,78.23019,6833128.2179168
2025-12-27T01:00:00+00:00,87401.08,87492.66,87333.0,87475.03,129.68193,2025-12-27T01:59:59.999000+00:00,11335666.2295581,34679,76.41778,6680031.9818151
2025-12-27T02:00:00+00:00,87475.03,87492.66,87392.64,87446.02,170.0172,2025-12-27T02:59:59.999000+00:00,14866368.5854234,31631,54.15473,4735520.2307014
2025-12-27T03:00:00+00:00,87446.01,87532.0,87386.97,87514.22,174.05379,2025-12-27T03:59:59.999000+00:00,15222504.0715527,31310,72.63851,6353109.9774545
2025-12-27T04:00:00+00:00,87514.23,87516.84,87463.32,87470.19,106.03892,2025-12-27T04:59:59.999000+00:00,9277027.3744126,20336,47.88341,4189278.5257702
2025-12-27T05:00:00+00:00,87470.19,87512.8,87446.19,87506.0,107.21243,2025-12-27T05:59:59.999000+00:00,9378838.1465968,22458,44.47212,3890379.9502414
2025-12-27T06:00:00+00:00,87506.01,87566.0,87417.93,87469.02,148.91554,2025-12-27T06:59:59.999000+00:00,13027333.4198523,38916,69.3053,6063303.9389504
2025-12-27T07:00:00+00:00,87469.02,87702.0,87469.01,87539.26,153.18664,2025-12-27T07:59:59.999000+00:00,13415643.6844538,44624,90.42707,7918929.4193276
2025-12-27T08:00:00+00:00,87539.26,87677.0,87539.25,87593.0,113.75997,2025-12-27T08:59:59.999000+00:00,9965732.7834683,39190,61.08037,5350778.127114
2025-12-27T09:00:00+00:00,87593.01,87665.62,87533.84,87618.91,478.79096,2025-12-27T09:59:59.999000+00:00,41944023.7387751,48047,181.7828,15924504.3607
2025-12-27T10:00:00+00:00,87618.9,87627.67,87370.73,87503.01,293.11984,2025-12-27T10:59:59.999000+00:00,25654672.7365598,67014,168.96839,14789119.7577652
2025-12-27T11:00:00+00:00,87503.02,87549.97,87442.15,87475.98,192.08386,2025-12-27T11:59:59.999000+00:00,16807343.946823,49027,109.18639,9553598.9107361
2025-12-27T12:00:00+00:00,87475.99,87515.21,87422.41,87474.28,86.49536,2025-12-27T12:59:59.999000+00:00,7566039.0025085,34675,30.50089,2668035.0179178
2025-12-27T13:00:00+00:00,87474.28,87478.37,87308.05,87452.78,204.72599,2025-12-27T13:59:59.999000+00:00,17898608.055554,41642,69.56738,6082250.3863052
2025-12-27T14:00:00+00:00,87452.79,87544.91,87390.16,87544.9,306.42504,2025-12-27T14:59:59.999000+00:00,26795771.1690785,47173,82.28878,7197263.2480122
2025-12-27T15:00:00+00:00,87544.89,87589.99,87484.71,87551.25,151.74415,2025-12-27T15:59:59.999000+00:00,13285386.3025827,41014,54.81782,4799087.3982241
2025-12-27T16:00:00+00:00,87551.26,87583.47,87442.08,87498.41,152.77888,2025-12-27T16:59:59.999000+00:00,13369792.2143066,42386,70.76408,6191793.046627
2025-12-27T17:00:00+00:00,87498.42,87562.79,87467.33,87562.58,129.16436,2025-12-27T17:59:59.999000+00:00,11304447.0283618,27995,83.66932,7322611.0149493
2025-12-27T18:00:00+00:00,87562.57,87572.41,87463.76,87500.01,152.40591,2025-12-27T18:59:59.999000+00:00,13337679.6357705,29788,80.31853,7028502.4565966
2025-12-27T19:00:00+00:00,87500.01,87591.0,87500.0,87569.39,132.24207,2025-12-27T19:59:59.999000+00:00,11577520.9763348,20573,87.23984,7637484.3378027
2025-12-27T20:00:00+00:00,87569.39,87635.77,87523.78,87555.92,113.31975,2025-12-27T20:59:59.999000+00:00,9924549.6199007,23169,53.46177,4682087.6673752
2025-12-27T21:00:00+00:00,87555.92,87668.23,87555.91,87668.22,95.93035,2025-12-27T21:59:59.999000+00:00,8406753.2606719,15779,44.2893,3880936.7230508
2025-12-27T22:00:00+00:00,87668.23,87955.0,87499.99,87565.99,386.61743,2025-12-27T22:59:59.999000+00:00,33916590.1004209,98328,199.12123,17470523.207349
2025-12-27T23:00:00+00:00,87566.0,87984.0,87565.99,87877.01,289.24395,2025-12-27T23:59:59.999000+00:00,25386534.0715883,61003,155.13805,13618223.3365398
2025-12-28T00:00:00+00:00,87877.0,87961.37,87705.97,87854.96,205.17782,2025-12-28T00:59:59.999000+00:00,18024126.0232701,67515,91.12008,8005457.2591443
2025-12-28T01:00:00+00:00,87854.97,87945.39,87739.06,87785.96,153.21984,2025-12-28T01:59:59.999000+00:00,13458490.7574559,52627,79.26471,6962898.4573655
2025-12-28T02:00:00+00:00,87785.97,87872.67,87755.8,87810.78,104.97363,2025-12-28T02:59:59.999000+00:00,9217557.5918419,24482,45.66026,4009473.5874442
2025-12-28T03:00:00+00:00,87810.79,87845.45,87725.47,87740.01,208.71524,2025-12-28T03:59:59.999000+00:00,18320019.4896985,27249,84.10604,7382449.0850429
2025-12-28T04:00:00+00:00,87740.0,87837.99,87693.0,87724.87,151.07627,2025-12-28T04:59:59.999000+00:00,13258579.6052855,39427,86.93961,7630259.0745505
2025-12-28T05:00:00+00:00,87724.86,87724.87,87614.79,87657.93,115.90545,2025-12-28T05:59:59.999000+00:00,10161728.163607,48109,46.57542,4083326.5750721
2025-12-28T06:00:00+00:00,87657.94,87784.2,87647.42,87732.0,93.33462,2025-12-28T06:59:59.999000+00:00,8189060.0007858,29520,59.53364,5223350.9567669
2025-12-28T07:00:00+00:00,87732.01,87734.98,87675.87,87730.85,81.91388,2025-12-28T07:59:59.999000+00:00,7184201.3966807,30339,42.59004,3735295.8429884
2025-12-28T08:00:00+00:00,87730.86,87972.95,87730.86,87805.0,172.52967,2025-12-28T08:59:59.999000+00:00,15153115.3934547,48907,90.30296,7930871.5938058
2025-12-28T09:00:00+00:00,87805.0,87900.0,87720.0,87800.0,198.63592,2025-12-28T09:59:59.999000+00:00,17443987.3819493,44154,90.52476,7950514.773372
2025-12-28T10:00:00+00:00,87800.0,88010.0,87799.99,87856.91,246.43833,2025-12-28T10:59:59.999000+00:00,21666432.377685,66939,147.5971,12977215.2240419
2025-12-28T11:00:00+00:00,87856.91,87923.5,87818.58,87883.25,142.43984,2025-12-28T11:59:59.999000+00:00,12517356.9459791,39732,67.30431,5914539.8027412
2025-12-28T12:00:00+00:00,87883.25,87891.32,87794.86,87850.6,130.62309,2025-12-28T12:59:59.999000+00:00,11474384.9786808,35809,54.84478,4817693.8470222
2025-12-28T13:00:00+00:00,87850.59,87962.45,87820.0,87896.59,171.73272,2025-12-28T13:59:59.999000+00:00,15094826.9458457,47893,81.32012,7148010.6092172
2025-12-28T14:00:00+00:00,87896.6,88088.75,87896.59,87910.0,249.63472,2025-12-28T14:59:59.999000+00:00,21962867.7679026,57362,141.89489,12484916.9164928
2025-12-28T15:00:00+00:00,87910.0,88006.0,87824.18,87836.27,269.26609,2025-12-28T15:59:59.999000+00:00,23675798.265203,60148,115.64017,10168977.5950575
2025-12-28T16:00:00+00:00,87836.27,87898.42,87740.0,87814.04,180.88996,2025-12-28T16:59:59.999000+00:00,15887328.5646229,52321,78.90907,6930488.0635026
2025-12-28T17:00:00+00:00,87814.04,87931.59,87760.0,87760.0,91.8913,2025-12-28T17:59:59.999000+00:00,8071988.8833603,35718,51.17953,4495891.6702272
2025-12-28T18:00:00+00:00,87760.01,87768.79,87500.26,87598.49,404.22039,2025-12-28T18:59:59.999000+00:00,35423923.2748412,92078,205.3183,17995200.1911103
2025-12-28T19:00:00+00:00,87598.49,87698.3,87511.27,87520.75,204.83537,2025-12-28T19:59:59.999000+00:00,17941714.4591291,59419,93.45574,8185846.6298557
2025-12-28T20:00:00+00:00,87520.75,87655.28,87446.73,87514.76,144.33445,2025-12-28T20:59:59.999000+00:00,12637146.6047067,48786,65.55309,5740106.532211
2025-12-28T21:00:00+00:00,87514.75,87592.67,87435.0,87588.37,122.38811,2025-12-28T21:59:59.999000+00:00,10712941.5570702,42379,66.64508,5833643.0217115
2025-12-28T22:00:00+00:00,87588.37,87992.7,87481.55,87900.09,295.38221,2025-12-28T22:59:59.999000+00:00,25906849.2073399,81754,181.15396,15889496.0371731
2025-12-28T23:00:00+00:00,87900.09,88049.53,87634.92,87952.71,306.73393,2025-12-28T23:59:59.999000+00:00,26942873.5138804,108759,163.3185,14346204.8414975
2025-12-29T00:00:00+00:00,87952.71,88444.19,87813.17,88295.69,572.37767,2025-12-29T00:59:59.999000+00:00,50461287.0846311,212733,330.31271,29120998.6802949
2025-12-29T01:00:00+00:00,88295.68,88480.0,87849.42,88445.57,562.88296,2025-12-29T01:59:59.999000+00:00,49665433.156139,183947,296.9453,26206495.2189171
2025-12-29T02:00:00+00:00,88445.57,89383.74,88445.57,89163.25,1796.47871,2025-12-29T02:59:59.999000+00:00,159960011.2746438,382368,899.80193,80105029.7778395
2025-12-29T03:00:00+00:00,89163.25,90169.06,89101.79,90123.55,1827.31757,2025-12-29T03:59:59.999000+00:00,164015385.1814007,310876,1018.33028,91377867.4673844
2025-12-29T04:00:00+00:00,90123.55,90406.08,89952.81,90143.06,1199.9569,2025-12-29T04:59:59.999000+00:00,108197607.3439337,203744,584.15711,52670300.8993762
2025-12-29T05:00:00+00:00,90143.07,90300.07,89931.37,89984.0,828.28612,2025-12-29T05:59:59.999000+00:00,74661970.9612349,115781,267.07546,24076778.3914442
2025-12-29T06:00:00+00:00,89984.0,90121.21,89749.87,89777.26,503.12838,2025-12-29T06:59:59.999000+00:00,45242769.0404608,115245,217.73072,19577630.0558205
2025-12-29T07:00:00+00:00,89777.25,89846.71,89507.03,89617.71,971.61551,2025-12-29T07:59:59.999000+00:00,87076957.3734732,151168,408.27748,36588669.1452125
2025-12-29T08:00:00+00:00,89617.71,89825.01,89444.47,89555.1,990.67432,2025-12-29T08:59:59.999000+00:00,88804889.0688983,139885,572.48393,51321590.5342374
2025-12-29T09:00:00+00:00,89555.1,89618.22,87770.1,88100.05,2360.59949,2025-12-29T09:59:59.999000+00:00,209097905.3464183,416500,1167.2274,103390400.5334423
2025-12-29T10:00:00+00:00,88100.5,88270.02,87653.69,87780.01,807.41906,2025-12-29T10:59:59.999000+00:00,71049048.750412,191119,489.2728,43061814.9644736
2025-12-29T11:00:00+00:00,87780.0,87793.27,87567.65,87567.66,450.07731,2025-12-29T11:59:59.999000+00:00,39466323.795173,120704,232.27251,20368556.6095085
2025-12-29T12:00:00+00:00,87567.65,87636.34,86806.5,87397.0,1590.97728,2025-12-29T12:59:59.999000+00:00,138730527.5457534,321701,809.90041,70620463.1174291
2025-12-29T13:00:00+00:00,87396.99,87537.23,87165.04,87387.71,611.5172,2025-12-29T13:59:59.999000+00:00,53414130.5290312,145529,288.48983,25201191.458889
2025-12-29T14:00:00+00:00,87387.7,88190.71,87259.3,87429.96,985.6991,2025-12-29T14:59:59.999000+00:00,86502726.7641623,405908,441.63441,38759887.5084313
2025-12-29T15:00:00+00:00,87429.97,87918.69,87222.41,87691.62,990.15708,2025-12-29T15:59:59.999000+00:00,86767138.2494708,356588,635.06992,55659465.7883396
2025-12-29T16:00:00+00:00,87691.62,87840.08,87439.03,87627.11,372.34157,2025-12-29T16:59:59.999000+00:00,32636428.1369029,197041,196.49455,17222828.5761921
2025-12-29T17:00:00+00:00,87627.11,87850.0,87350.0,87849.99,322.83525,2025-12-29T17:59:59.999000+00:00,28286369.9071058,165515,163.45274,14323892.1493717
2025-12-29T18:00:00+00:00,87850.0,87996.22,87361.53,87464.77,459.75861,2025-12-29T18:59:59.999000+00:00,40332552.3420661,163097,180.70662,15856224.219003
2025-12-29T19:00:00+00:00,87464.78,87668.23,87312.34,87366.23,302.7479,2025-12-29T19:59:59.999000+00:00,26482163.6167359,129675,145.71975,12746903.1385341
2025-12-29T20:00:00+00:00,87366.23,87597.59,87085.8,87212.01,665.4604,2025-12-29T20:59:59.999000+00:00,58090700.6464765,178859,364.03841,31775623.1045346
2025-12-29T21:00:00+00:00,87212.01,87371.62,87173.31,87337.85,221.04149,2025-12-29T21:59:59.999000+00:00,19294585.8868112,64986,131.58169,11485037.9376463
2025-12-29T22:00:00+00:00,87337.85,87404.29,87071.49,87351.05,310.53727,2025-12-29T22:59:59.999000+00:00,27093518.5312677,75542,149.81863,13071458.2518969
2025-12-29T23:00:00+00:00,87351.05,87395.07,87188.0,87237.13,191.0986,2025-12-29T23:59:59.999000+00:00,16681562.5051927,45078,88.30643,7709127.8472832
2025-12-30T00:00:00+00:00,87237.13,87359.4,87105.09,87250.23,230.51064,2025-12-30T00:59:59.999000+00:00,20107883.5039278,84788,112.15293,9784520.3301826
2025-12-30T01:00:00+00:00,87250.22,87356.62,87117.87,87308.23,239.57935,2025-12-30T01:59:59.999000+00:00,20901541.6989855,84406,97.89468,8540991.4750522
2025-12-30T02:00:00+00:00,87308.23,87347.7,86986.82,87111.0,471.28819,2025-12-30T02:59:59.999000+00:00,41060302.7187254,140391,158.31849,13797052.5114836
2025-12-30T03:00:00+00:00,87110.99,87423.65,86845.66,87379.0,579.19187,2025-12-30T03:59:59.999000+00:00,50472444.3021707,141836,273.12491,23822553.1889959
2025-12-30T04:00:00+00:00,87378.99,87492.66,87294.67,87300.0,292.49013,2025-12-30T04:59:59.999000+00:00,25565112.1463612,73565,174.81843,15281657.0427982
2025-12-30T05:00:00+00:00,87300.01,87359.43,87157.07,87255.97,140.45208,2025-12-30T05:59:59.999000+00:00,12256235.0566267,54038,66.48043,5801233.2201215
2025-12-30T06:00:00+00:00,87255.98,87527.42,87241.91,87443.17,234.42509,2025-12-30T06:59:59.999000+00:00,20493423.9081798,60913,132.66333,11596238.1002124
2025-12-30T07:00:00+00:00,87443.17,87600.0,87369.98,87502.85,410.22407,2025-12-30T07:59:59.999000+00:00,35889450.6001774,81234,247.37132,21643828.9024161
2025-12-30T08:00:00+00:00,87502.85,88224.76,87502.84,87872.68,1026.69682,2025-12-30T08:59:59.999000+00:00,90249339.7099585,224475,539.70559,47437327.857403
2025-12-30T09:00:00+00:00,87872.68,88046.37,87657.44,87992.7,436.16992,2025-12-30T09:59:59.999000+00:00,38314247.5940842,105019,225.36799,19804890.6688133
2025-12-30T10:00:00+00:00,87992.7,88179.38,87906.94,87949.51,416.39591,2025-12-30T10:59:59.999000+00:00,36657980.4134802,106378,209.37592,18435013.1501459
2025-12-30T11:00:00+00:00,87949.52,88026.36,87735.09,87903.89,588.98774,2025-12-30T11:59:59.999000+00:00,51760638.5824248,97489,237.10588,20843794.7474829
2025-12-30T12:00:00+00:00,87903.89,88090.79,87901.7,88023.54,497.15542,2025-12-30T12:59:59.999000+00:00,43745783.7414248,89994,283.41856,24939653.6304246
2025-12-30T13:00:00+00:00,88023.53,88136.0,87918.6,88110.02,448.15717,2025-12-30T13:59:59.999000+00:00,39448599.172438,127587,288.39591,25384773.7658624
2025-12-30T14:00:00+00:00,88110.02,89010.12,87834.01,88875.83,1626.18161,2025-12-30T14:59:59.999000+00:00,143764605.8896939,438625,855.03327,75622236.8908025
2025-12-30T15:00:00+00:00,88875.82,89159.52,88204.14,89016.35,1310.95153,2025-12-30T15:59:59.999000+00:00,116198817.9569019,445767,569.67781,50499959.9748399
2025-12-30T16:00:00+00:00,89016.36,89400.0,88577.42,88742.63,1418.9593,2025-12-30T16:59:59.999000+00:00,126318561.1411228,362037,617.19534,54939414.7855305
2025-12-30T17:00:00+00:00,88742.63,88900.72,88129.91,88371.34,713.60336,2025-12-30T17:59:59.999000+00:00,63143227.6912023,208170,366.08129,32396232.2584007
2025-12-30T18:00:00+00:00,88371.34,88493.62,88132.59,88304.0,434.34765,2025-12-30T18:59:59.999000+00:00,38370046.506975,135879,225.28761,19903411.8290046
2025-12-30T19:00:00+00:00,88304.01,88422.22,87960.2,88226.16,345.47514,2025-12-30T19:59:59.999000+00:00,30463499.2673066,146725,176.05938,15526159.5477254
2025-12-30T20:00:00+00:00,88226.15,88226.15,87886.46,87947.15,439.95021,2025-12-30T20:59:59.999000+00:00,38739835.5236261,106907,245.14124,21588276.4987237
2025-12-30T21:00:00+00:00,87947.15,88330.13,87891.15,88287.27,253.18432,2025-12-30T21:59:59.999000+00:00,22319329.8471813,81650,165.88801,14621972.0062489
2025-12-30T22:00:00+00:00,88287.28,88470.0,88287.28,88430.19,280.86597,2025-12-30T22:59:59.999000+00:00,24821801.7006914,68564,126.11188,11145673.0708709
2025-12-30T23:00:00+00:00,88430.18,88573.65,88371.33,88485.49,270.66652,2025-12-30T23:59:59.999000+00:00,23953695.805009,75739,168.89069,14946521.9490017
2025-12-31T00:00:00+00:00,88485.5,88485.5,88251.93,88255.54,243.9475,2025-12-31T00:59:59.999000+00:00,21555913.8846294,81429,125.88466,11123038.3896287
2025-12-31T01:00:00+00:00,88255.54,88784.0,88172.15,88649.33,355.7574,2025-12-31T01:59:59.999000+00:00,31504828.3020461,121981,234.19028,20739440.1276006
2025-12-31T02:00:00+00:00,88649.32,88742.0,88521.84,88673.6,258.23398,2025-12-31T02:59:59.999000+00:00,22890349.0803435,96189,112.99674,10015943.7100817
2025-12-31T03:00:00+00:00,88673.61,88819.8,88379.09,88453.04,274.04184,2025-12-31T03:59:59.999000+00:00,24271019.6382449,87109,117.64555,10420731.1538906
2025-12-31T04:00:00+00:00,88453.04,88549.5,88325.06,88325.06,158.17484,2025-12-31T04:59:59.999000+00:00,13986485.0569099,57895,56.28424,4977181.0745828
2025-12-31T05:00:00+00:00,88325.07,88526.06,88325.07,88463.09,296.57164,2025-12-31T05:59:59.999000+00:00,26232034.5839599,52160,127.88972,11311088.2229551
2025-12-31T06:00:00+00:00,88463.1,88561.69,88463.09,88512.92,212.68538,2025-12-31T06:59:59.999000+00:00,18826942.8001015,36817,100.18604,8868157.1394158
2025-12-31T07:00:00+00:00,88512.93,88638.76,88431.08,88613.12,304.98001,2025-12-31T07:59:59.999000+00:00,27006261.5326755,54121,125.64117,11125622.4184163
2025-12-31T08:00:00+00:00,88613.11,88733.33,88393.52,88434.65,277.76782,2025-12-31T08:59:59.999000+00:00,24605027.1707768,64419,118.87981,10531128.4961815
2025-12-31T09:00:00+00:00,88434.66,88715.27,88434.65,88660.1,315.83327,2025-12-31T09:59:59.999000+00:00,27985437.0843613,66594,119.12789,10554748.9749591
2025-12-31T10:00:00+00:00,88660.1,88897.99,88660.09,88847.26,482.82711,2025-12-31T10:59:59.999000+00:00,42857989.4146864,81571,219.25445,19462888.9995688
2025-12-31T11:00:00+00:00,88847.27,89046.6,88802.97,89011.52,598.23924,2025-12-31T11:59:59.999000+00:00,53208911.3411715,108313,271.47955,24149120.4543556
2025-12-31T12:00:00+00:00,89011.51,89044.74,88677.32,88775.96,545.9639,2025-12-31T12:59:59.999000+00:00,48522501.0491861,93697,199.27365,17712733.5390981
2025-12-31T13:00:00+00:00,88775.96,89045.98,88741.54,88991.88,300.73941,2025-12-31T13:59:59.999000+00:00,26721411.1757689,76743,121.44681,10791052.931241
2025-12-31T14:00:00+00:00,88991.88,89200.0,88278.35,88479.99,1133.76043,2025-12-31T14:59:59.999000+00:00,100608714.7572863,331796,513.80224,45607110.8148186
2025-12-31T15:00:00+00:00,88479.99,88487.68,87766.59,87953.97,1281.39241,2025-12-31T15:59:59.999000+00:00,112881626.9062611,404862,599.52418,52818800.3190406
2025-12-31T16:00:00+00:00,87953.97,88053.49,87400.41,87656.98,1249.28961,2025-12-31T16:59:59.999000+00:00,109592505.4611894,323056,577.30152,50644889.51021
2025-12-31T17:00:00+00:00,87656.99,87741.99,87489.59,87620.82,629.77671,2025-12-31T17:59:59.999000+00:00,55168626.7234759,174409,381.4076,33409522.1251976
2025-12-31T18:00:00+00:00,87620.82,87980.0,87574.12,87684.07,434.88825,2025-12-31T18:59:59.999000+00:00,38193379.906556,126043,234.22866,20568716.9774643
2025-12-31T19:00:00+00:00,87684.08,87870.02,87516.7,87541.85,622.18859,2025-12-31T19:59:59.999000+00:00,54562004.8326012,128037,299.31945,26250097.4526352
2025-12-31T20:00:00+00:00,87541.85,87712.13,87250.0,87662.01,770.32743,2025-12-31T20:59:59.999000+00:00,67373956.253502,171298,356.3942,31175884.5476577
2025-12-31T21:00:00+00:00,87662.01,87879.04,87662.01,87799.97,383.8555,2025-12-31T21:59:59.999000+00:00,33694455.449848,65264,197.12323,17302236.1433511
2025-12-31T22:00:00+00:00,87799.97,87879.04,87656.19,87728.29,236.18697,2025-12-31T22:59:59.999000+00:00,20734073.1065609,55353,135.86396,11927263.7671692
2025-12-31T23:00:00+00:00,87728.3,87728.3,87619.67,87648.22,191.19123,2025-12-31T23:59:59.999000+00:00,16762379.7673843,38240,86.88848,7617579.6750289
2026-01-01T00:00:00+00:00,87648.21,87849.26,87632.74,87809.23,233.66036,2026-01-01T00:59:59.999000+00:00,20507946.7609362,44782,150.35907,13196771.5340298
2026-01-01T01:00:00+00:00,87809.24,88050.0,87809.23,87960.0,241.44162,2026-01-01T01:59:59.999000+00:00,21231160.062771,63768,142.20649,12504473.2676089
2026-01-01T02:00:00+00:00,87960.01,88088.1,87895.37,87914.0,209.5586,2026-01-01T02:59:59.999000+00:00,18436281.0295548,59893,107.33226,9443167.9139229
2026-01-01T03:00:00+00:00,87914.0,88015.7,87832.09,87846.02,149.08354,2026-01-01T03:59:59.999000+00:00,13108299.0826081,46780,68.74735,6045057.1457828
2026-01-01T04:00:00+00:00,87846.01,87854.81,87550.43,87590.4,476.17901,2026-01-01T04:59:59.999000+00:00,41725137.0642797,93385,200.12394,17534889.3749658
2026-01-01T05:00:00+00:00,87590.41,87749.34,87590.4,87704.39,283.17436,2026-01-01T05:59:59.999000+00:00,24830402.2759566,48725,136.36138,11956319.9329597
2026-01-01T06:00:00+00:00,87704.39,87704.39,87636.29,87658.0,123.89656,2026-01-01T06:59:59.999000+00:00,10860587.4419924,18851,60.6116,5312992.8247123
2026-01-01T07:00:00+00:00,87658.01,87673.01,87596.0,87631.88,225.27492,2026-01-01T07:59:59.999000+00:00,19745338.3127219,33974,113.28858,9929665.8806926
2026-01-01T08:00:00+00:00,87631.88,87811.13,87631.87,87770.9,285.21745,2026-01-01T08:59:59.999000+00:00,25024046.8691781,57693,157.96273,13858232.6163919
2026-01-01T09:00:00+00:00,87770.89,87965.25,87751.82,87877.99,210.22963,2026-01-01T09:59:59.999000+00:00,18471190.0141023,44691,80.34111,7058023.489279
2026-01-01T10:00:00+00:00,87877.99,87883.8,87799.17,87863.76,128.0738,2026-01-01T10:59:59.999000+00:00,11252542.9288064,31910,38.12771,3349448.3127827
2026-01-01T11:00:00+00:00,87863.75,88024.64,87859.36,88024.64,196.30405,2026-01-01T11:59:59.999000+00:00,17262331.2865473,43344,91.9633,8087324.2317403
2026-01-01T12:00:00+00:00,88024.64,88036.42,87925.28,87950.0,200.13556,2026-01-01T12:59:59.999000+00:00,17610151.0732685,45595,87.99841,7742694.706255
2026-01-01T13:00:00+00:00,87950.0,88019.82,87860.66,87922.64,155.72883,2026-01-01T13:59:59.999000+00:00,13697277.3669199,47498,60.77944,5345543.5337421
2026-01-01T14:00:00+00:00,87922.63,87970.59,87810.66,87967.05,390.01531,2026-01-01T14:59:59.999000+00:00,34278913.3460235,75629,214.88805,18885395.761705
2026-01-01T15:00:00+00:00,87967.05,88113.45,87916.39,88032.18,260.01234,2026-01-01T15:59:59.999000+00:00,22882904.6267553,82662,153.69594,13526204.4760484
2026-01-01T16:00:00+00:00,88032.17,88048.7,87879.03,87988.76,189.99476,2026-01-01T16:59:59.999000+00:00,16712664.4376522,65072,86.02896,7567080.4937269
2026-01-01T17:00:00+00:00,87988.77,88500.0,87976.0,88316.37,476.08554,2026-01-01T17:59:59.999000+00:00,42041928.0886382,131127,255.52771,22560754.2991137
2026-01-01T18:00:00+00:00,88316.38,88364.0,88105.08,88193.94,257.59166,2026-01-01T18:59:59.999000+00:00,22723761.6160789,78932,103.6795,9145095.8727243
2026-01-01T19:00:00+00:00,88193.94,88431.23,88062.32,88391.15,216.66303,2026-01-01T19:59:59.999000+00:00,19115827.4978277,51037,103.76027,9157513.6328154
2026-01-01T20:00:00+00:00,88391.16,88391.16,88240.0,88258.12,135.39527,2026-01-01T20:59:59.999000+00:00,11957218.4248912,48126,55.03448,4860177.1590907
2026-01-01T21:00:00+00:00,88258.12,88447.84,88254.08,88377.67,168.57205,2026-01-01T21:59:59.999000+00:00,14893607.2858784,52927,90.36474,7983328.2104275
2026-01-01T22:00:00+00:00,88377.67,88699.99,88377.67,88645.57,474.23054,2026-01-01T22:59:59.999000+00:00,41993703.7305418,82915,273.87418,24251409.0276867
2026-01-01T23:00:00+00:00,88645.57,88919.45,88474.63,88839.04,593.05254,2026-01-01T23:59:59.999000+00:00,52628414.6671698,99965,290.58816,25788513.5901773
2026-01-02T00:00:00+00:00,88839.05,88890.09,88594.39,88833.97,448.72758,2026-01-02T00:59:59.999000+00:00,39827833.4419303,115730,211.53331,18776286.1951227
2026-01-02T01:00:00+00:00,88833.96,88877.12,88525.73,88639.89,242.38673,2026-01-02T01:59:59.999000+00:00,21495244.3141405,72369,108.56745,9627943.8103506
2026-01-02T02:00:00+00:00,88639.89,88665.1,88379.88,88637.03,253.81052,2026-01-02T02:59:59.999000+00:00,22461052.253633,80520,146.01859,12921636.3021329
2026-01-02T03:00:00+00:00,88637.02,89120.01,88573.64,88950.65,670.13653,2026-01-02T03:59:59.999000+00:00,59603555.4706095,172283,408.86406,36364539.2041424
2026-01-02T04:00:00+00:00,88950.64,88992.0,88629.0,88637.64,287.46487,2026-01-02T04:59:59.999000+00:00,25529482.4641363,106611,119.81879,10641979.082964
2026-01-02T05:00:00+00:00,88637.64,88787.56,88576.56,88765.2,223.91609,2026-01-02T05:59:59.999000+00:00,19860826.9354896,59571,133.36332,11829201.6138258
2026-01-02T06:00:00+00:00,88765.21,89079.44,88715.44,88935.04,291.36506,2026-01-02T06:59:59.999000+00:00,25900581.5089478,80603,145.2968,12917352.0959631
2026-01-02T07:00:00+00:00,88935.05,89068.62,88794.01,88857.61,387.57118,2026-01-02T07:59:59.999000+00:00,34459745.0828025,80222,148.46219,13204440.566786
2026-01-02T08:00:00+00:00,88857.6,89200.0,88758.94,89178.13,436.78167,2026-01-02T08:59:59.999000+00:00,38879305.6897606,99179,223.4685,19899830.9825771
2026-01-02T09:00:00+00:00,89178.13,89484.06,89106.34,89467.32,885.84196,2026-01-02T09:59:59.999000+00:00,79087555.9874261,177464,462.07255,41258459.9425621
2026-01-02T10:00:00+00:00,89467.32,89942.44,89451.34,89666.29,1401.67184,2026-01-02T10:59:59.999000+00:00,125752904.41737,207990,707.44878,63461409.4070567
2026-01-02T11:00:00+00:00,89666.3,89682.04,89360.0,89502.95,610.27074,2026-01-02T11:59:59.999000+00:00,54620614.33435,113641,183.76402,16447410.5919128
2026-01-02T12:00:00+00:00,89502.94,89593.17,89387.01,89400.0,388.55376,2026-01-02T12:59:59.999000+00:00,34769665.9270056,120082,183.1617,16390034.04319
2026-01-02T13:00:00+00:00,89400.0,89688.6,89309.94,89348.68,481.02676,2026-01-02T13:59:59.999000+00:00,43043582.6357077,113714,201.6959,18052826.4358388
2026-01-02T14:00:00+00:00,89348.67,90135.0,88459.96,89580.0,2152.74387,2026-01-02T14:59:59.999000+00:00,192276679.8140793,580437,1149.17536,102706010.2159958
2026-01-02T15:00:00+00:00,89580.01,89888.0,88800.0,89418.11,1551.51931,2026-01-02T15:59:59.999000+00:00,138737052.728366,730725,797.36023,71299176.9417904
2026-01-02T16:00:00+00:00,89418.1,90800.0,89205.92,90376.05,2486.21857,2026-01-02T16:59:59.999000+00:00,224050595.7001026,642106,1301.6952,117319925.2693765
2026-01-02T17:00:00+00:00,90376.05,90961.81,90185.43,90370.52,1336.49207,2026-01-02T17:59:59.999000+00:00,121091367.0332787,468601,704.98348,63880368.0868276
2026-01-02T18:00:00+00:00,90370.52,90555.99,89552.18,89773.1,847.22983,2026-01-02T18:59:59.999000+00:00,76363015.036463,317908,441.80648,39826787.7409146
2026-01-02T19:00:00+00:00,89773.1,90157.03,89650.0,89897.23,485.53154,2026-01-02T19:59:59.999000+00:00,43663629.952064,241941,279.77825,25161648.1436558
2026-01-02T20:00:00+00:00,89897.23,90075.0,89636.77,89740.0,538.07124,2026-01-02T20:59:59.999000+00:00,48348066.9521144,177842,272.96706,24527692.6421928
2026-01-02T21:00:00+00:00,89740.01,90175.01,89728.37,90065.8,330.88507,2026-01-02T21:59:59.999000+00:00,29766789.5253367,75887,238.16185,21425059.4857288
2026-01-02T22:00:00+00:00,90065.8,90400.0,90026.54,90195.37,409.68756,2026-01-02T22:59:59.999000+00:00,36954309.5050379,116197,255.83574,23076837.6055298
2026-01-02T23:00:00+00:00,90195.37,90201.67,89902.16,89995.13,249.06866,2026-01-02T23:59:59.999000+00:00,22415404.1769354,58588,104.05486,9363417.5575815
2026-01-03T00:00:00+00:00,89995.14,90195.77,89966.48,90156.19,298.52212,2026-01-03T00:59:59.999000+00:00,26886366.7694524,81641,180.1004,16220687.329574
2026-01-03T01:00:00+00:00,90156.19,90292.87,90077.69,90282.69,236.37769,2026-01-03T01:59:59.999000+00:00,21314845.4245481,65113,141.89815,12795662.4589339
2026-01-03T02:00:00+00:00,90282.68,90418.32,90129.53,90340.0,305.59164,2026-01-03T02:59:59.999000+00:00,27587589.5059675,70392,187.49474,16927196.5803419
2026-01-03T03:00:00+00:00,90340.01,90376.49,90200.0,90321.22,185.70264,2026-01-03T03:59:59.999000+00:00,16761130.3876518,53185,113.41769,10236903.0307556
2026-01-03T04:00:00+00:00,90321.23,90480.62,90053.53,90170.0,411.08569,2026-01-03T04:59:59.999000+00:00,37079943.0407436,72709,182.90495,16497754.1231699
2026-01-03T05:00:00+00:00,90170.01,90198.0,89924.48,90031.1,222.72398,2026-01-03T05:59:59.999000+00:00,20053761.3992106,57438,114.20318,10283350.4182688
2026-01-03T06:00:00+00:00,90031.1,90134.6,89850.1,89871.05,273.68226,2026-01-03T06:59:59.999000+00:00,24628121.3434029,65711,97.8735,8807130.5071833
2026-01-03T07:00:00+00:00,89871.04,89950.88,89314.01,89577.13,869.92487,2026-01-03T07:59:59.999000+00:00,77933735.3047373,194521,399.95176,35821766.9832437
2026-01-03T08:00:00+00:00,89577.13,89831.9,89420.75,89670.51,458.1693,2026-01-03T08:59:59.999000+00:00,41071341.8945371,113976,242.77712,21764241.1121471
2026-01-03T09:00:00+00:00,89670.51,89982.11,89634.95,89791.99,409.91195,2026-01-03T09:59:59.999000+00:00,36825802.6529604,88981,251.14333,22567057.9622483
2026-01-03T10:00:00+00:00,89792.0,89881.1,89715.21,89754.47,270.67124,2026-01-03T10:59:59.999000+00:00,24302447.4913357,60330,176.66353,15862012.5916486
2026-01-03T11:00:00+00:00,89754.48,89782.81,89679.14,89752.74,162.35671,2026-01-03T11:59:59.999000+00:00,14569739.129001,53326,71.15101,6385257.3771665
2026-01-03T12:00:00+00:00,89752.75,90046.0,89664.93,90039.13,374.21001,2026-01-03T12:59:59.999000+00:00,33633373.2525115,70906,279.31212,25106093.444149
2026-01-03T13:00:00+00:00,90039.12,90065.74,89920.01,90004.96,287.30479,2026-01-03T13:59:59.999000+00:00,25855679.0740704,61182,104.68058,9420717.3892502
2026-01-03T14:00:00+00:00,90004.97,90249.99,89960.0,90126.02,298.26434,2026-01-03T14:59:59.999000+00:00,26880883.7929342,85230,171.43583,15451710.0568519
2026-01-03T15:00:00+00:00,90126.02,90126.02,89968.0,89969.31,155.37202,2026-01-03T15:59:59.999000+00:00,13988034.6605375,56642,56.46518,5083579.6543866
2026-01-03T16:00:00+00:00,89969.31,90219.67,89918.59,90105.24,200.27276,2026-01-03T16:59:59.999000+00:00,18041603.7522372,76865,117.79048,10611447.1757536
2026-01-03T17:00:00+00:00,90105.24,90123.77,90026.93,90093.99,83.86507,2026-01-03T17:59:59.999000+00:00,7554460.2426427,33959,33.19035,2989664.5230061
2026-01-03T18:00:00+00:00,90094.0,90197.88,90035.52,90138.87,141.85601,2026-01-03T18:59:59.999000+00:00,12783987.4785279,33931,66.9593,6034161.9348189
2026-01-03T19:00:00+00:00,90138.87,90156.19,90060.0,90123.77,90.08443,2026-01-03T19:59:59.999000+00:00,8117705.4350655,28531,42.11074,3794868.0305893
2026-01-03T20:00:00+00:00,90123.76,90372.4,90017.23,90372.39,179.02196,2026-01-03T20:59:59.999000+00:00,16153632.3829694,47608,121.25127,10942128.1045052
2026-01-03T21:00:00+00:00,90372.4,90741.16,90318.29,90564.31,398.89642,2026-01-03T21:59:59.999000+00:00,36114000.4208398,86357,263.472,23853442.7448834
2026-01-03T22:00:00+00:00,90564.32,90738.99,90497.52,90590.04,433.4938,2026-01-03T22:59:59.999000+00:00,39275316.4846212,66538,175.61166,15911473.7583353
2026-01-03T23:00:00+00:00,90590.04,90700.0,90469.39,90628.01,310.10546,2026-01-03T23:59:59.999000+00:00,28101272.2888598,59142,199.86196,18111246.0103717
2026-01-04T00:00:00+00:00,90628.01,91610.17,90628.0,91341.47,1737.64298,2026-01-04T00:59:59.999000+00:00,158558892.3386062,322197,926.50677,84505704.0915639
2026-01-04T01:00:00+00:00,91341.48,91475.52,91005.37,91235.37,375.26249,2026-01-04T01:59:59.999000+00:00,34223263.8283625,133503,192.60117,17565643.2101166
2026-01-04T02:00:00+00:00,91235.37,91292.0,91080.06,91124.0,278.2894,2026-01-04T02:59:59.999000+00:00,25369752.8617987,71613,130.0398,11854676.8541436
2026-01-04T03:00:00+00:00,91124.0,91350.0,91080.06,91236.78,328.23931,2026-01-04T03:59:59.999000+00:00,29946334.0419829,80669,177.50217,16196520.7727438
2026-01-04T04:00:00+00:00,91236.78,91587.72,91183.15,91400.0,457.69348,2026-01-04T04:59:59.999000+00:00,41850409.7501256,88150,315.87262,28885572.7791037
2026-01-04T05:00:00+00:00,91400.01,91490.68,91348.31,91480.04,172.44443,2026-01-04T05:59:59.999000+00:00,15766236.381846,45214,90.04964,8232820.6670807
2026-01-04T06:00:00+00:00,91480.04,91810.0,91237.54,91237.55,747.06543,2026-01-04T06:59:59.999000+00:00,68409504.6034506,148630,362.91102,33232399.483352
2026-01-04T07:00:00+00:00,91237.54,91546.31,91211.25,91532.0,456.46078,2026-01-04T07:59:59.999000+00:00,41723722.5316965,89003,215.06472,19660405.9464431
2026-01-04T08:00:00+00:00,91532.0,91536.0,91174.46,91374.99,620.80815,2026-01-04T08:59:59.999000+00:00,56695011.2435151,106855,244.30569,22314934.4929532
2026-01-04T09:00:00+00:00,91374.99,91485.21,91244.29,91468.28,941.08164,2026-01-04T09:59:59.999000+00:00,85983138.8692192,113084,505.34914,46185524.4949673
2026-01-04T10:00:00+00:00,91468.28,91620.5,91422.67,91600.62,665.01473,2026-01-04T10:59:59.999000+00:00,60859395.1394738,107886,366.01408,33497827.0599575
2026-01-04T11:00:00+00:00,91600.62,91600.62,91236.19,91300.0,369.35457,2026-01-04T11:59:59.999000+00:00,33752453.3586116,72305,108.42064,9906731.7803632
2026-01-04T12:00:00+00:00,91300.01,91360.0,91084.0,91150.98,454.56858,2026-01-04T12:59:59.999000+00:00,41461624.7198775,88915,220.15042,20078267.2560911
2026-01-04T13:00:00+00:00,91150.99,91276.94,91014.1,91264.0,272.68922,2026-01-04T13:59:59.999000+00:00,24861053.8530088,73283,164.35965,14985784.7480719
2026-01-04T14:00:00+00:00,91264.0,91419.22,91146.86,91336.39,272.07953,2026-01-04T14:59:59.999000+00:00,24829259.1015691,75469,136.18581,12428952.6608314
2026-01-04T15:00:00+00:00,91336.39,91381.6,91096.27,91334.94,316.98098,2026-01-04T15:59:59.999000+00:00,28928198.0292618,76713,155.46409,14187488.8193129
2026-01-04T16:00:00+00:00,91334.94,91455.9,91244.6,91321.0,326.44422,2026-01-04T16:59:59.999000+00:00,29817554.0801891,78170,144.71144,13218392.4515587
2026-01-04T17:00:00+00:00,91321.0,91436.21,91306.77,91335.73,137.11227,2026-01-04T17:59:59.999000+00:00,12528936.2197065,55337,78.38529,7162497.5318511
2026-01-04T18:00:00+00:00,91335.72,91335.73,91000.0,91205.39,304.66859,2026-01-04T18:59:59.999000+00:00,27771316.301531,84192,134.17556,12231280.9114275
2026-01-04T19:00:00+00:00,91205.38,91205.39,90863.47,91138.07,372.30446,2026-01-04T19:59:59.999000+00:00,33894639.2860354,82309,177.32362,16145071.643502
2026-01-04T20:00:00+00:00,91138.06,91349.38,91132.0,91313.94,147.52188,2026-01-04T20:59:59.999000+00:00,13464005.5325888,37979,87.96989,8027743.1990405
2026-01-04T21:00:00+00:00,91313.93,91421.96,91182.71,91279.99,135.33795,2026-01-04T21:59:59.999000+00:00,12357459.5661361,35279,78.27654,7147778.0010666
2026-01-04T22:00:00+00:00,91279.99,91401.98,91150.47,91220.01,149.03275,2026-01-04T22:59:59.999000+00:00,13599229.8114452,43433,86.60658,7902174.162886
2026-01-04T23:00:00+00:00,91220.0,91590.0,91220.0,91529.73,388.43188,2026-01-04T23:59:59.999000+00:00,35509589.0711704,96849,222.74754,20364478.5735916
2026-01-05T00:00:00+00:00,91529.74,92426.82,91514.81,92405.46,2061.87264,2026-01-05T00:59:59.999000+00:00,189649222.155562,299652,1196.27012,110037724.4830891
2026-01-05T01:00:00+00:00,92405.46,93388.0,92280.69,92967.28,1977.50385,2026-01-05T01:59:59.999000+00:00,183769547.038017,306881,1175.07354,109182726.5250583
2026-01-05T02:00:00+00:00,92967.29,93157.99,92724.98,93033.11,913.68581,2026-01-05T02:59:59.999000+00:00,84914009.8434294,153335,528.6395,49134896.3619322
2026-01-05T03:00:00+00:00,93033.11,93204.7,92871.26,92878.22,595.50021,2026-01-05T03:59:59.999000+00:00,55388688.3219482,77230,361.95972,33666989.70079
2026-01-05T04:00:00+00:00,92878.22,92947.87,92330.46,92595.07,588.83873,2026-01-05T04:59:59.999000+00:00,54539417.8082364,115433,230.08077,21317051.840834
2026-01-05T05:00:00+00:00,92595.07,92720.73,92340.39,92359.99,400.538,2026-01-05T05:59:59.999000+00:00,37076152.8839146,85061,188.6867,17471056.1919659
2026-01-05T06:00:00+00:00,92359.99,92500.0,92155.0,92491.81,320.70875,2026-01-05T06:59:59.999000+00:00,29624611.9971595,107099,156.64752,14471091.5833521
2026-01-05T07:00:00+00:00,92491.82,92644.31,92484.72,92520.63,528.78142,2026-01-05T07:59:59.999000+00:00,48937988.8421518,85352,144.49954,13374732.3889354
2026-01-05T08:00:00+00:00,92520.63,92774.28,92446.0,92467.53,603.26757,2026-01-05T08:59:59.999000+00:00,55847216.8658828,108972,284.22678,26316849.3499147
2026-01-05T09:00:00+00:00,92467.54,92845.53,92320.17,92688.6,645.33375,2026-01-05T09:59:59.999000+00:00,59698241.2831234,140607,232.49488,21514563.4261596
2026-01-05T10:00:00+00:00,92688.61,93151.0,92679.12,93080.0,681.83063,2026-01-05T10:59:59.999000+00:00,63376318.1386828,168851,405.80712,37723263.8963845
2026-01-05T11:00:00+00:00,93080.0,93151.0,92883.03,93134.26,567.75651,2026-01-05T11:59:59.999000+00:00,52809102.9082343,127485,296.12672,27544428.4803673
2026-01-05T12:00:00+00:00,93134.25,93206.2,92752.6,92874.28,453.5887,2026-01-05T12:59:59.999000+00:00,42177279.4152014,157413,202.25174,18809275.4854893
2026-01-05T13:00:00+00:00,92874.28,93020.0,92535.41,92742.74,486.24906,2026-01-05T13:59:59.999000+00:00,45101208.84313,187706,221.05863,20506781.1067503
2026-01-05T14:00:00+00:00,92742.73,93666.0,92407.13,93428.0,1355.05943,2026-01-05T14:59:59.999000+00:00,126149957.6084332,551060,739.23704,68836951.6546134
2026-01-05T15:00:00+00:00,93428.0,94000.0,93170.95,93957.73,1929.19905,2026-01-05T15:59:59.999000+00:00,180679301.2364023,601853,1077.30202,100942116.8847839
2026-01-05T16:00:00+00:00,93957.74,94076.35,93586.65,93701.31,1298.79178,2026-01-05T16:59:59.999000+00:00,121894489.2667217,444362,623.54494,58535416.6620621
2026-01-05T17:00:00+00:00,93701.3,94477.69,93250.0,94317.84,1154.3191,2026-01-05T17:59:59.999000+00:00,108402775.8479575,382161,681.73958,64058857.2096408
2026-01-05T18:00:00+00:00,94317.84,94500.0,93920.0,94449.62,974.95833,2026-01-05T18:59:59.999000+00:00,91826115.8916036,303661,537.49439,50638850.8542904
2026-01-05T19:00:00+00:00,94449.61,94500.0,94131.44,94303.4,762.3129,2026-01-05T19:59:59.999000+00:00,71900899.0040726,291624,375.80498,35445435.9138135
2026-01-05T20:00:00+00:00,94303.4,94789.08,94038.0,94177.99,1133.04005,2026-01-05T20:59:59.999000+00:00,106976971.5498423,311640,611.69016,57765422.1568153
2026-01-05T21:00:00+00:00,94178.0,94227.4,93800.0,94095.78,474.75745,2026-01-05T21:59:59.999000+00:00,44656988.9144549,164089,276.65604,26028038.7104388
2026-01-05T22:00:00+00:00,94095.78,94406.0,94012.3,94171.22,370.72137,2026-01-05T22:59:59.999000+00:00,34936629.3278215,160482,187.30534,17651349.3119051
2026-01-05T23:00:00+00:00,94171.21,94194.01,93859.7,93859.71,394.98075,2026-01-05T23:59:59.999000+00:00,37122108.5560928,153480,158.37173,14884881.7523168
2026-01-06T00:00:00+00:00,93859.71,93993.07,93555.93,93816.7,522.32093,2026-01-06T00:59:59.999000+00:00,48955040.1461307,166799,194.55271,18238733.0185517
2026-01-06T01:00:00+00:00,93816.7,94161.86,93739.37,93771.82,384.14412,2026-01-06T01:59:59.999000+00:00,36080904.924483,182061,185.90703,17463384.494408
2026-01-06T02:00:00+00:00,93771.82,93870.66,93529.18,93620.6,336.13865,2026-01-06T02:59:59.999000+00:00,31488283.8830439,142979,146.81622,13753576.8099017
2026-01-06T03:00:00+00:00,93620.6,93943.88,93601.96,93769.24,285.34343,2026-01-06T03:59:59.999000+00:00,26760667.7161107,109124,133.05301,12478397.4825628
2026-01-06T04:00:00+00:00,93769.25,94000.0,93734.25,93801.07,231.47521,2026-01-06T04:59:59.999000+00:00,21729030.6870655,81153,104.09393,9771849.2089507
2026-01-06T05:00:00+00:00,93801.07,93816.0,93572.11,93599.99,407.00036,2026-01-06T05:59:59.999000+00:00,38129259.0965468,125885,134.53914,12603684.5371923
2026-01-06T06:00:00+00:00,93599.99,93951.07,93538.83,93780.01,538.64562,2026-01-06T06:59:59.999000+00:00,50512295.7184309,114159,327.16559,30679972.4412022
2026-01-06T07:00:00+00:00,93780.01,93782.6,93137.98,93255.08,860.27324,2026-01-06T07:59:59.999000+00:00,80361213.5406422,165437,279.90078,26136199.6397895
2026-01-06T08:00:00+00:00,93255.08,93420.11,93167.29,93240.17,355.74138,2026-01-06T08:59:59.999000+00:00,33184695.1300854,110342,175.38222,16360968.9540419
2026-01-06T09:00:00+00:00,93240.18,93569.61,93229.37,93462.72,327.55172,2026-01-06T09:59:59.999000+00:00,30610133.8489971,101399,187.00605,17476923.4308634
2026-01-06T10:00:00+00:00,93462.72,93654.49,93413.2,93579.56,273.28705,2026-01-06T10:59:59.999000+00:00,25567702.1656725,91698,152.05871,14225269.4134269
2026-01-06T11:00:00+00:00,93579.56,93895.0,93571.43,93840.0,403.66589,2026-01-06T11:59:59.999000+00:00,37857235.5575823,94773,243.89996,22873912.173829
2026-01-06T12:00:00+00:00,93839.99,93981.1,93784.3,93872.16,338.69848,2026-01-06T12:59:59.999000+00:00,31794741.2095956,104990,137.53133,12912494.6385904
2026-01-06T13:00:00+00:00,93872.17,93872.17,93636.75,93716.53,315.19532,2026-01-06T13:59:59.999000+00:00,29547136.5496768,130016,140.54363,13175336.0857928
2026-01-06T14:00:00+00:00,93716.53,94444.44,93531.28,93836.81,1676.33623,2026-01-06T14:59:59.999000+00:00,157668128.5064386,515505,899.73824,84633885.5087976
2026-01-06T15:00:00+00:00,93836.81,94311.22,93352.01,93648.99,1417.41756,2026-01-06T15:59:59.999000+00:00,132841979.6036109,489694,582.4363,54611624.2271559
2026-01-06T16:00:00+00:00,93649.0,93775.6,92336.0,92692.32,2208.46324,2026-01-06T16:59:59.999000+00:00,205252259.2747136,474802,724.53229,67324477.8307362
2026-01-06T17:00:00+00:00,92692.32,92773.05,91539.68,91589.24,1784.74974,2026-01-06T17:59:59.999000+00:00,164536837.9362633,440236,731.81428,67473341.4833
2026-01-06T18:00:00+00:00,91589.23,92221.52,91262.94,92034.09,1427.50922,2026-01-06T18:59:59.999000+00:00,131135738.4460426,366881,633.59011,58204992.8478322
2026-01-06T19:00:00+00:00,92034.09,92361.82,91902.0,92104.5,733.78195,2026-01-06T19:59:59.999000+00:00,67617117.4001446,163231,240.76203,22190075.2460702
2026-01-06T20:00:00+00:00,92104.49,92698.04,92098.29,92505.32,775.34743,2026-01-06T20:59:59.999000+00:00,71714564.5206701,170371,307.53102,28437799.6421868
2026-01-06T21:00:00+00:00,92505.31,93845.03,92372.4,93258.05,1874.69965,2026-01-06T21:59:59.999000+00:00,174972927.3321582,367522,889.51815,83034619.6040756
2026-01-06T22:00:00+00:00,93258.04,93533.78,92966.75,93362.68,713.98511,2026-01-06T22:59:59.999000+00:00,66551197.2419189,175052,355.35904,33124780.5810217
2026-01-06T23:00:00+00:00,93362.67,93792.17,93333.32,93747.97,354.64676,2026-01-06T23:59:59.999000+00:00,33176451.8623508,134577,201.0898,18811894.0966837
2026-01-07T00:00:00+00:00,93747.97,93747.97,92626.31,92709.52,843.19542,2026-01-07T00:59:59.999000+00:00,78606551.1930393,211787,233.00402,21732290.6206643
2026-01-07T01:00:00+00:00,92709.36,92902.52,92330.33,92435.35,936.694,2026-01-07T01:59:59.999000+00:00,86721538.9106452,273209,396.35054,36699479.5303809
2026-01-07T02:00:00+00:00,92435.36,93060.0,92236.07,92949.77,598.87784,2026-01-07T02:59:59.999000+00:00,55487591.2330789,190023,339.32387,31453577.5935471
2026-01-07T03:00:00+00:00,92949.77,93108.69,92747.12,92815.83,294.44853,2026-01-07T03:59:59.999000+00:00,27355876.5977339,116912,143.40272,13324522.2878122
2026-01-07T04:00:00+00:00,92815.83,92930.35,92610.0,92670.29,319.36155,2026-01-07T04:59:59.999000+00:00,29623728.3793849,92688,148.73609,13797403.1396134
2026-01-07T05:00:00+00:00,92670.3,92847.16,92500.0,92529.54,227.33033,2026-01-07T05:59:59.999000+00:00,21068033.6717633,84071,94.63491,8772424.4025596
2026-01-07T06:00:00+00:00,92529.53,92899.57,92523.75,92614.84,240.63686,2026-01-07T06:59:59.999000+00:00,22304626.9776517,73327,125.67184,11649611.4458095
2026-01-07T07:00:00+00:00,92614.84,92895.56,92614.83,92879.13,256.24423,2026-01-07T07:59:59.999000+00:00,23778321.8573392,68392,149.95681,13916828.878488
2026-01-07T08:00:00+00:00,92879.14,92961.53,92698.09,92718.9,263.5062,2026-01-07T08:59:59.999000+00:00,24461703.7047227,91588,124.53208,11561520.8250367
2026-01-07T09:00:00+00:00,92718.9,92718.91,91600.0,91716.14,1258.05952,2026-01-07T09:59:59.999000+00:00,115761847.6736769,260099,403.15517,37068244.8075932
2026-01-07T10:00:00+00:00,91716.14,92000.0,91600.0,91975.31,538.05487,2026-01-07T10:59:59.999000+00:00,49412930.1531561,125884,320.4383,29425676.0894622
2026-01-07T11:00:00+00:00,91975.31,92253.16,91928.21,92087.21,542.17686,2026-01-07T11:59:59.999000+00:00,49944630.7619141,93143,336.86226,31023003.5704014
2026-01-07T12:00:00+00:00,92087.21,92176.98,91977.73,91997.86,317.95554,2026-01-07T12:59:59.999000+00:00,29268783.531261,92912,156.37844,14395225.314938
2026-01-07T13:00:00+00:00,91997.85,92299.4,91864.52,92044.67,443.04448,2026-01-07T13:59:59.999000+00:00,40792088.8842013,140259,279.15076,25704533.4092084
2026-01-07T14:00:00+00:00,92044.67,92135.1,91353.39,91959.04,1427.59818,2026-01-07T14:59:59.999000+00:00,130930406.2283532,450857,677.9017,62188955.2221335
2026-01-07T15:00:00+00:00,91959.05,92000.0,91024.0,91349.96,1434.72957,2026-01-07T15:59:59.999000+00:00,131116899.5152369,488160,716.31768,65474898.1061433
2026-01-07T16:00:00+00:00,91349.95,91790.0,91150.0,91264.54,677.82559,2026-01-07T16:59:59.999000+00:00,61985359.9726776,299989,288.80289,26411411.7194606
2026-01-07T17:00:00+00:00,91264.55,91698.15,91026.01,91252.14,548.07377,2026-01-07T17:59:59.999000+00:00,50083229.0606949,216287,270.10238,24682505.1132253
2026-01-07T18:00:00+00:00,91252.13,91441.35,90733.14,90901.39,816.16719,2026-01-07T18:59:59.999000+00:00,74352216.2687724,235891,282.73588,25766094.8564356
2026-01-07T19:00:00+00:00,90901.38,91280.07,90675.52,91186.07,611.7426,2026-01-07T19:59:59.999000+00:00,55627154.2593769,209559,321.09879,29202977.121872
2026-01-07T20:00:00+00:00,91186.07,91300.75,90778.32,91047.49,438.79062,2026-01-07T20:59:59.999000+00:00,39948795.7775733,180048,217.40154,19795482.336842
2026-01-07T21:00:00+00:00,91047.49,91231.9,91035.77,91089.5,245.38775,2026-01-07T21:59:59.999000+00:00,22366457.739541,74138,115.67493,10543662.4880555
2026-01-07T22:00:00+00:00,91089.5,91383.14,90873.08,91180.85,362.9278,2026-01-07T22:59:59.999000+00:00,33064251.925617,119899,194.97882,17767201.5758419
2026-01-07T23:00:00+00:00,91180.85,91489.6,91004.1,91364.16,633.66095,2026-01-07T23:59:59.999000+00:00,57843928.6975619,151130,378.25712,34531935.692673
2026-01-08T00:00:00+00:00,91364.16,91529.72,91072.16,91394.71,369.48198,2026-01-08T00:59:59.999000+00:00,33733553.4427764,119409,225.40253,20580670.4725384
2026-01-08T01:00:00+00:00,91394.7,91687.99,91300.0,91428.4,306.46699,2026-01-08T01:59:59.999000+00:00,28031823.6579681,96028,179.38538,16410864.6435588
2026-01-08T02:00:00+00:00,91428.39,91473.0,90764.0,90956.49,571.10105,2026-01-08T02:59:59.999000+00:00,52005839.7310229,189456,193.68964,17647913.1650815
2026-01-08T03:00:00+00:00,90956.5,91142.51,90616.36,90813.4,547.79189,2026-01-08T03:59:59.999000+00:00,49805724.0545918,161197,243.47647,22143430.3356298
2026-01-08T04:00:00+00:00,90813.4,91168.0,90700.0,91022.75,357.33917,2026-01-08T04:59:59.999000+00:00,32500747.0972737,132099,187.57547,17061198.0353821
2026-01-08T05:00:00+00:00,91022.74,91188.0,90786.14,90829.58,295.83835,2026-01-08T05:59:59.999000+00:00,26923217.4850373,89702,111.13287,10115339.8418873
2026-01-08T06:00:00+00:00,90829.58,90872.0,89897.01,89898.01,1360.25581,2026-01-08T06:59:59.999000+00:00,122847330.8286725,256294,469.05845,42372378.5017637
2026-01-08T07:00:00+00:00,89898.0,90588.0,89641.84,90548.02,1094.34311,2026-01-08T07:59:59.999000+00:00,98667869.0426226,264914,659.85163,59515819.1885696
2026-01-08T08:00:00+00:00,90548.02,90917.22,90155.05,90227.25,841.98085,2026-01-08T08:59:59.999000+00:00,76220655.8247902,221819,334.58047,30310795.22263
2026-01-08T09:00:00+00:00,90227.25,90374.78,89956.0,90010.0,514.04982,2026-01-08T09:59:59.999000+00:00,46336423.8483364,185832,193.55643,17446376.77305
2026-01-08T10:00:00+00:00,90009.99,90493.18,89777.25,90410.1,526.53398,2026-01-08T10:59:59.999000+00:00,47460887.4812777,188338,310.57275,27997186.0651939
2026-01-08T11:00:00+00:00,90409.61,90487.31,90022.26,90226.77,548.71612,2026-01-08T11:59:59.999000+00:00,49495321.9785403,173607,260.78156,23522180.6579493
2026-01-08T12:00:00+00:00,90226.77,90240.85,89781.96,89989.21,992.96975,2026-01-08T12:59:59.999000+00:00,89331003.8276578,193838,563.30519,50684067.312906
2026-01-08T13:00:00+00:00,89989.2,90105.08,89861.59,89962.14,441.44929,2026-01-08T13:59:59.999000+00:00,39724364.6900747,115446,200.09981,18006132.2703452
2026-01-08T14:00:00+00:00,89962.14,90171.0,89311.0,90024.01,1521.76403,2026-01-08T14:59:59.999000+00:00,136559118.2526891,505197,858.48294,77048528.4273208
2026-01-08T15:00:00+00:00,90024.0,90847.52,89820.89,90781.57,1428.07575,2026-01-08T15:59:59.999000+00:00,129111709.5668539,472603,868.87743,78563566.2734137
2026-01-08T16:00:00+00:00,90781.57,90926.84,90312.89,90926.84,855.68064,2026-01-08T16:59:59.999000+00:00,77596380.1305596,335170,419.90519,38082691.1519617
2026-01-08T17:00:00+00:00,90926.84,91440.0,90842.0,91366.39,874.20589,2026-01-08T17:59:59.999000+00:00,79680065.7709655,325519,464.61994,42344332.7385134
2026-01-08T18:00:00+00:00,91366.39,91469.0,90952.0,91117.35,517.40477,2026-01-08T18:59:59.999000+00:00,47183644.867746,188098,244.61985,22312309.24636
2026-01-08T19:00:00+00:00,91117.35,91333.0,90812.98,90937.41,409.298,2026-01-08T19:59:59.999000+00:00,37287326.5615819,154408,191.40225,17438072.8876884
2026-01-08T20:00:00+00:00,90937.42,90996.02,90568.11,90927.62,476.53275,2026-01-08T20:59:59.999000+00:00,43240646.0356227,211369,234.14305,21250265.5257094
2026-01-08T21:00:00+00:00,90927.63,91336.63,90917.7,91272.96,629.96765,2026-01-08T21:59:59.999000+00:00,57424581.7793647,135883,428.67674,39076889.0202756
2026-01-08T22:00:00+00:00,91272.96,91493.0,91033.11,91231.9,417.67218,2026-01-08T22:59:59.999000+00:00,38122503.3617799,108750,220.85373,20160059.4428508
2026-01-08T23:00:00+00:00,91231.89,91336.63,91046.87,91099.99,233.87135,2026-01-08T23:59:59.999000+00:00,21331761.8895825,98496,128.02597,11677609.774612
2026-01-09T00:00:00+00:00,91100.0,91307.72,91058.7,91290.33,179.40576,2026-01-09T00:59:59.999000+00:00,16354337.0570272,66851,103.14429,9403907.6140843
2026-01-09T01:00:00+00:00,91290.34,91632.1,90850.0,91056.19,545.56598,2026-01-09T01:59:59.999000+00:00,49757577.7307238,189294,280.32954,25578657.2698156
2026-01-09T02:00:00+00:00,91056.2,91481.19,91023.0,91038.38,431.1021,2026-01-09T02:59:59.999000+00:00,39361586.4708474,124697,223.24439,20382492.4479019
2026-01-09T03:00:00+00:00,91038.39,91271.73,90941.44,91220.23,417.7946,2026-01-09T03:59:59.999000+00:00,38066193.8777675,103491,232.08315,21152316.9880186
2026-01-09T04:00:00+00:00,91220.24,91236.72,90933.3,91012.8,322.36121,2026-01-09T04:59:59.999000+00:00,29353402.4243937,61384,223.5959,20359751.2595038
2026-01-09T05:00:00+00:00,91012.81,91119.81,90882.71,91091.82,292.21625,2026-01-09T05:59:59.999000+00:00,26587701.3631291,78359,86.28308,7852463.4575051
2026-01-09T06:00:00+00:00,91091.82,91146.47,90989.29,91137.58,209.50276,2026-01-09T06:59:59.999000+00:00,19082406.0553164,79055,111.57531,10162750.2878603
2026-01-09T07:00:00+00:00,91137.58,91137.58,90738.34,90741.84,669.4759,2026-01-09T07:59:59.999000+00:00,60867731.2458857,96229,192.39522,17498548.2197345
2026-01-09T08:00:00+00:00,90741.85,90843.77,89694.66,90033.52,1141.88324,2026-01-09T08:59:59.999000+00:00,103108658.0050404,257771,419.14512,37827298.9972533
2026-01-09T09:00:00+00:00,90033.52,90481.2,90014.6,90338.46,507.45187,2026-01-09T09:59:59.999000+00:00,45801851.9417319,150524,308.31787,27828992.7860517
2026-01-09T10:00:00+00:00,90338.47,90558.01,90283.47,90485.87,396.79277,2026-01-09T10:59:59.999000+00:00,35907686.783534,73802,263.68812,23863422.6243514
2026-01-09T11:00:00+00:00,90485.87,90691.32,90404.21,90463.11,540.59585,2026-01-09T11:59:59.999000+00:00,48946728.4408636,101830,330.07195,29887895.9346976
2026-01-09T12:00:00+00:00,90463.12,90603.53,90235.13,90449.23,690.17113,2026-01-09T12:59:59.999000+00:00,62398997.6450537,128450,423.84583,38322108.8606844
2026-01-09T13:00:00+00:00,90449.22,90938.62,90405.15,90607.66,722.68305,2026-01-09T13:59:59.999000+00:00,65511120.5252976,190300,408.75205,37055132.3378585
2026-01-09T14:00:00+00:00,90607.66,90666.91,89940.0,90150.0,840.37741,2026-01-09T14:59:59.999000+00:00,75843407.6893101,402856,386.49771,34877107.7429767
2026-01-09T15:00:00+00:00,90150.01,92082.55,89850.0,91176.47,3441.12901,2026-01-09T15:59:59.999000+00:00,314155614.561941,691261,2214.57367,202309170.3644479
2026-01-09T16:00:00+00:00,91176.48,91783.32,91175.79,91623.89,1143.47636,2026-01-09T16:59:59.999000+00:00,104597705.4900326,331382,600.4643,54934380.5887271
2026-01-09T17:00:00+00:00,91623.89,91680.41,91012.0,91422.23,688.89123,2026-01-09T17:59:59.999000+00:00,62978408.1295694,202371,388.42718,35518728.3331644
2026-01-09T18:00:00+00:00,91422.23,91507.82,90340.0,90820.31,551.14415,2026-01-09T18:59:59.999000+00:00,50051115.8092827,223971,252.25944,22904124.0697452
2026-01-09T19:00:00+00:00,90820.3,90820.3,90190.0,90332.15,578.57871,2026-01-09T19:59:59.999000+00:00,52340869.6058219,202007,235.33828,21288379.6413913
2026-01-09T20:00:00+00:00,90332.14,90580.62,90235.0,90303.36,313.31668,2026-01-09T20:59:59.999000+00:00,28319043.273391,183199,160.94754,14545143.6557557
2026-01-09T21:00:00+00:00,90303.37,90643.81,90113.87,90541.97,207.05117,2026-01-09T21:59:59.999000+00:00,18724258.0208172,98202,115.7709,10472317.8019448
2026-01-09T22:00:00+00:00,90541.98,90723.06,90353.91,90630.08,575.52178,2026-01-09T22:59:59.999000+00:00,52123146.8769888,81451,470.13478,42579632.9241168
2026-01-09T23:00:00+00:00,90630.08,90732.01,90604.58,90641.28,183.79042,2026-01-09T23:59:59.999000+00:00,16667631.1632815,36966,81.54708,7395015.0299427
2026-01-10T00:00:00+00:00,90641.27,90693.89,90527.99,90600.0,151.21516,2026-01-10T00:59:59.999000+00:00,13701902.3735503,37220,65.93167,5973921.0661921
2026-01-10T01:00:00+00:00,90600.0,90732.2,90587.0,90688.0,113.18366,2026-01-10T01:59:59.999000+00:00,10262272.4993034,34891,50.09778,4542536.6089121
2026-01-10T02:00:00+00:00,90688.0,90782.23,90607.02,90697.17,139.70054,2026-01-10T02:59:59.999000+00:00,12671912.5067068,35685,61.15488,5547983.9544766
2026-01-10T03:00:00+00:00,90697.17,90697.18,90554.26,90626.14,124.89032,2026-01-10T03:59:59.999000+00:00,11317068.7293415,31585,53.66679,4862758.4821539
2026-01-10T04:00:00+00:00,90626.15,90649.99,90408.23,90448.3,164.87324,2026-01-10T04:59:59.999000+00:00,14922512.9067777,39419,62.97568,5699697.5161526
2026-01-10T05:00:00+00:00,90448.3,90617.62,90431.45,90603.52,84.41081,2026-01-10T05:59:59.999000+00:00,7642878.7467008,25286,47.71675,4320455.091278
2026-01-10T06:00:00+00:00,90603.52,90603.53,90474.35,90505.47,74.15884,2026-01-10T06:59:59.999000+00:00,6713244.117938,27127,23.77635,2152369.6182457
2026-01-10T07:00:00+00:00,90505.48,90682.7,90505.47,90678.5,168.18359,2026-01-10T07:59:59.999000+00:00,15241142.8896616,37059,103.02323,9336460.5354965
2026-01-10T08:00:00+00:00,90678.5,90773.33,90618.28,90661.95,288.33994,2026-01-10T08:59:59.999000+00:00,26152369.5182737,46957,206.99239,18775986.2236371
2026-01-10T09:00:00+00:00,90661.94,90768.97,90630.09,90768.96,158.69299,2026-01-10T09:59:59.999000+00:00,14392865.2923233,43579,103.97924,9430552.1239356
2026-01-10T10:00:00+00:00,90768.97,90832.0,90728.45,90828.0,126.67512,2026-01-10T10:59:59.999000+00:00,11499886.306009,32426,68.33333,6203463.5285707
2026-01-10T11:00:00+00:00,90828.0,90828.0,90708.25,90723.86,73.68827,2026-01-10T11:59:59.999000+00:00,6688778.3083441,27329,32.30732,2932626.0030564
2026-01-10T12:00:00+00:00,90723.87,90788.78,90665.75,90733.71,94.62022,2026-01-10T12:59:59.999000+00:00,8584820.7017594,30663,41.406,3756812.0873179
2026-01-10T13:00:00+00:00,90733.71,90772.78,90633.86,90656.51,82.9916,2026-01-10T13:59:59.999000+00:00,7528159.810633,30114,36.79024,3337434.5084181
2026-01-10T14:00:00+00:00,90656.52,90658.69,90538.46,90591.01,144.35468,2026-01-10T14:59:59.999000+00:00,13079157.7583981,32897,59.30685,5373002.555296
2026-01-10T15:00:00+00:00,90591.01,90665.76,90584.17,90665.75,92.51513,2026-01-10T15:59:59.999000+00:00,8383961.5503263,28452,45.9529,4164331.2542409
2026-01-10T16:00:00+00:00,90665.76,90725.74,90609.56,90676.66,142.80125,2026-01-10T16:59:59.999000+00:00,12948546.5294328,30591,77.01998,6984027.0727344
2026-01-10T17:00:00+00:00,90676.66,90746.0,90544.96,90544.96,152.86625,2026-01-10T17:59:59.999000+00:00,13859479.813327,25680,63.9941,5802498.9492128
2026-01-10T18:00:00+00:00,90544.96,90595.63,90504.55,90595.62,158.53961,2026-01-10T18:59:59.999000+00:00,14356043.7554219,18843,72.26521,6543321.700661
2026-01-10T19:00:00+00:00,90595.62,90631.37,90580.61,90626.54,75.9405,2026-01-10T19:59:59.999000+00:00,6880967.3693792,18803,44.75046,4054895.7368604
2026-01-10T20:00:00+00:00,90626.54,90659.03,90571.0,90572.86,99.38243,2026-01-10T20:59:59.999000+00:00,9006115.2411453,21672,52.97717,4800741.5002839
2026-01-10T21:00:00+00:00,90572.86,90572.86,90500.38,90510.74,144.94285,2026-01-10T21:59:59.999000+00:00,13122142.5459319,26033,56.75124,5137916.5556104
2026-01-10T22:00:00+00:00,90510.75,90600.0,90404.0,90427.76,161.64189,2026-01-10T22:59:59.999000+00:00,14625298.8343611,48596,79.92383,7230973.6489935
2026-01-10T23:00:00+00:00,90427.76,90567.15,90427.75,90504.7,85.50833,2026-01-10T23:59:59.999000+00:00,7739847.3752519,35450,40.88044,3699993.0878503
2026-01-11T00:00:00+00:00,90504.7,90650.75,90451.1,90640.44,114.3636,2026-01-11T00:59:59.999000+00:00,10358138.7038822,35593,56.18734,5088853.7991611
2026-01-11T01:00:00+00:00,90640.44,90675.53,90558.95,90628.23,83.46973,2026-01-11T01:59:59.999000+00:00,7563785.796653,31674,33.35219,3022292.6256257
2026-01-11T02:00:00+00:00,90628.24,90731.9,90615.34,90699.0,123.06702,2026-01-11T02:59:59.999000+00:00,11160725.0984368,30948,82.59798,7491195.383236
2026-01-11T03:00:00+00:00,90699.0,90737.95,90631.64,90733.5,142.98004,2026-01-11T03:59:59.999000+00:00,12968428.2919336,26784,97.80473,8871410.4173432
2026-01-11T04:00:00+00:00,90733.49,90785.48,90661.53,90785.48,141.85581,2026-01-11T04:59:59.999000+00:00,12871120.5033088,28074,76.34248,6927417.3006989
2026-01-11T05:00:00+00:00,90785.48,90850.0,90740.0,90774.43,128.06651,2026-01-11T05:59:59.999000+00:00,11627727.3030219,23383,69.4974,6310446.1617186
2026-01-11T06:00:00+00:00,90774.42,90796.83,90585.34,90744.0,169.88277,2026-01-11T06:59:59.999000+00:00,15412197.3572988,34900,38.28023,3471217.519573
2026-01-11T07:00:00+00:00,90744.0,90749.0,90675.52,90710.79,107.03833,2026-01-11T07:59:59.999000+00:00,9709646.7337183,24476,58.83409,5336757.5129058
2026-01-11T08:00:00+00:00,90710.8,90816.0,90610.27,90790.01,261.70108,2026-01-11T08:59:59.999000+00:00,23744946.1127412,46779,152.41648,13829469.6832485
2026-01-11T09:00:00+00:00,90790.01,90815.44,90675.6,90740.02,180.86038,2026-01-11T09:59:59.999000+00:00,16416616.2041296,41003,107.77357,9783232.5172814
2026-01-11T10:00:00+00:00,90740.01,90740.02,90692.79,90736.67,123.08314,2026-01-11T10:59:59.999000+00:00,11165941.9638824,23647,43.46678,3943191.4751966
2026-01-11T11:00:00+00:00,90736.66,90756.0,90695.05,90754.99,128.73157,2026-01-11T11:59:59.999000+00:00,11678410.9516643,22876,66.02039,5989424.9778473
2026-01-11T12:00:00+00:00,90754.99,91020.0,90720.21,90938.13,211.42505,2026-01-11T12:59:59.999000+00:00,19216961.513172,48687,139.63152,12691392.5181674
2026-01-11T13:00:00+00:00,90938.12,90972.33,90821.47,90849.45,154.00693,2026-01-11T13:59:59.999000+00:00,13998008.9082813,35473,64.97936,5906244.9157774
2026-01-11T14:00:00+00:00,90849.45,91191.5,90849.45,91127.16,282.45011,2026-01-11T14:59:59.999000+00:00,25709863.727763,59598,194.75325,17727546.810761
2026-01-11T15:00:00+00:00,91127.17,91153.99,90708.25,90875.79,496.14604,2026-01-11T15:59:59.999000+00:00,45113393.2535202,107151,217.19334,19751138.3498042
2026-01-11T16:00:00+00:00,90875.79,91283.89,90875.79,91039.15,389.24788,2026-01-11T16:59:59.999000+00:00,35450611.8269002,103535,237.75502,21653400.9728299
2026-01-11T17:00:00+00:00,91039.14,91147.82,90904.07,90986.68,234.85682,2026-01-11T17:59:59.999000+00:00,21381002.3161935,49086,130.00668,11837586.9905958
2026-01-11T18:00:00+00:00,90986.68,90986.69,90793.43,90886.68,177.99755,2026-01-11T18:59:59.999000+00:00,16177030.2302688,39486,90.38306,8214562.2915401
2026-01-11T19:00:00+00:00,90886.68,90922.08,90673.3,90690.8,159.3051,2026-01-11T19:59:59.999000+00:00,14465291.9573718,40883,61.86289,5617586.9550582
2026-01-11T20:00:00+00:00,90690.81,90743.72,90370.85,90708.26,497.31755,2026-01-11T20:59:59.999000+00:00,45036880.2078073,103097,254.53505,23053469.7182505
2026-01-11T21:00:00+00:00,90708.25,90838.69,90590.61,90757.06,217.97309,2026-01-11T21:59:59.999000+00:00,19771921.7263585,68074,99.09205,8989641.6168629
2026-01-11T22:00:00+00:00,90757.07,90757.07,90453.36,90526.02,255.60666,2026-01-11T22:59:59.999000+00:00,23160661.0716015,78400,117.61716,10657619.627218
2026-01-11T23:00:00+00:00,90526.01,91041.79,90236.0,91013.65,695.70318,2026-01-11T23:59:59.999000+00:00,63086552.1720409,178422,377.97864,34282606.6681701
2026-01-12T00:00:00+00:00,91013.66,91258.66,90700.29,91258.65,740.6183,2026-01-12T00:59:59.999000+00:00,67422774.3212346,236531,432.3231,39364568.6278295
2026-01-12T01:00:00+00:00,91258.66,91799.0,91086.0,91412.44,973.78286,2026-01-12T01:59:59.999000+00:00,89049388.953835,301802,424.44587,38820996.4357584
2026-01-12T02:00:00+00:00,91412.44,92384.4,91374.0,92203.56,1103.07593,2026-01-12T02:59:59.999000+00:00,101405941.0052577,232119,666.66968,61287538.8763173
2026-01-12T03:00:00+00:00,92203.56,92519.95,91808.11,91808.12,968.99203,2026-01-12T03:59:59.999000+00:00,89374965.3693211,182727,441.36599,40717740.7259091
2026-01-12T04:00:00+00:00,91808.12,92290.81,91741.82,92175.78,651.2656,2026-01-12T04:59:59.999000+00:00,59926169.5062687,96929,457.61368,42105427.5549338
2026-01-12T05:00:00+00:00,92175.79,92267.66,92037.51,92111.86,274.66206,2026-01-12T05:59:59.999000+00:00,25310274.767079,66665,138.357,12750324.1346756
2026-01-12T06:00:00+00:00,92111.87,92207.01,91805.43,91836.34,279.64865,2026-01-12T06:59:59.999000+00:00,25721954.1043002,81939,109.58839,10079986.6834412
2026-01-12T07:00:00+00:00,91836.35,91970.0,91381.36,91408.09,500.6572,2026-01-12T07:59:59.999000+00:00,45870490.3792642,128401,173.64866,15913840.5438357
2026-01-12T08:00:00+00:00,91408.09,91630.13,90388.89,90752.27,1298.94335,2026-01-12T08:59:59.999000+00:00,118140514.2537706,286110,568.83138,51716991.8894187
2026-01-12T09:00:00+00:00,90752.28,90942.85,90648.15,90685.64,605.22242,2026-01-12T09:59:59.999000+00:00,54972496.0593562,126708,397.65807,36122439.9436911
2026-01-12T10:00:00+00:00,90685.65,90793.18,90370.0,90433.46,399.68146,2026-01-12T10:59:59.999000+00:00,36199198.365358,89435,145.54288,13182885.0616362
2026-01-12T11:00:00+00:00,90433.45,90824.86,90425.36,90620.96,457.29481,2026-01-12T11:59:59.999000+00:00,41439608.7912533,78793,268.56618,24338391.900743
2026-01-12T12:00:00+00:00,90620.95,90863.74,90615.66,90789.37,244.81991,2026-01-12T12:59:59.999000+00:00,22216103.2766407,61466,129.41591,11743189.3389049
2026-01-12T13:00:00+00:00,90789.37,90829.73,90538.0,90636.01,327.61952,2026-01-12T13:59:59.999000+00:00,29702070.6737181,78578,154.41588,13999630.541884
2026-01-12T14:00:00+00:00,90636.0,91131.39,90128.44,90908.95,1300.15719,2026-01-12T14:59:59.999000+00:00,117823737.0516995,359097,593.80287,53858959.4181896
2026-01-12T15:00:00+00:00,90908.95,91665.0,90705.91,91665.0,1031.47333,2026-01-12T15:59:59.999000+00:00,94187562.5716488,378241,509.9221,46560583.2226363
2026-01-12T16:00:00+00:00,91664.99,92332.0,91567.81,92123.52,1578.09092,2026-01-12T16:59:59.999000+00:00,145195403.7289418,336905,803.99051,73977119.0765785
2026-01-12T17:00:00+00:00,92123.51,92306.62,91000.53,91522.83,1208.45838,2026-01-12T17:59:59.999000+00:00,110726529.7094958,319399,566.21811,51871600.5529943
2026-01-12T18:00:00+00:00,91522.83,91943.26,91411.79,91691.8,505.47425,2026-01-12T18:59:59.999000+00:00,46353648.2357543,168528,252.30844,23136218.260455
2026-01-12T19:00:00+00:00,91691.8,91880.0,91434.8,91861.27,337.94969,2026-01-12T19:59:59.999000+00:00,30993359.1748906,103631,176.75781,16212163.6006975
2026-01-12T20:00:00+00:00,91861.27,92046.23,91417.99,91484.86,374.00813,2026-01-12T20:59:59.999000+00:00,34311949.2491912,110836,179.19178,16450713.5009696
2026-01-12T21:00:00+00:00,91484.87,91502.37,90938.2,91055.17,398.88227,2026-01-12T21:59:59.999000+00:00,36389775.9173661,118967,176.27284,16086756.510072
2026-01-12T22:00:00+00:00,91055.17,91441.34,91052.21,91244.99,313.86446,2026-01-12T22:59:59.999000+00:00,28651859.5979548,95575,153.61009,14021327.8012319
2026-01-12T23:00:00+00:00,91244.99,91311.68,91059.88,91296.2,313.43996,2026-01-12T23:59:59.999000+00:00,28579087.2057061,60127,172.02558,15685405.977919
2026-01-13T00:00:00+00:00,91296.2,91546.08,91249.0,91482.74,334.56358,2026-01-13T00:59:59.999000+00:00,30583531.164978,99713,186.43667,17043676.0644069
2026-01-13T01:00:00+00:00,91482.74,91546.08,91042.66,91185.35,442.20574,2026-01-13T01:59:59.999000+00:00,40358147.3350462,91135,120.25248,10973229.1064906
2026-01-13T02:00:00+00:00,91185.34,91382.82,91097.8,91118.3,271.94314,2026-01-13T02:59:59.999000+00:00,24812532.8568333,65997,126.11917,11512232.1648623
2026-01-13T03:00:00+00:00,91118.3,91453.45,91118.29,91408.91,263.81213,2026-01-13T03:59:59.999000+00:00,24087481.0996037,68344,148.14911,13526726.2836486
2026-01-13T04:00:00+00:00,91408.9,91650.81,91350.71,91515.16,272.26771,2026-01-13T04:59:59.999000+00:00,24901458.2460737,64118,134.25756,12280155.8280611
2026-01-13T05:00:00+00:00,91515.17,92255.94,91472.36,91920.99,991.25943,2026-01-13T05:59:59.999000+00:00,91168119.2785067,184747,551.99687,50768388.8968472
2026-01-13T06:00:00+00:00,91921.0,92275.38,91806.19,92184.36,600.50125,2026-01-13T06:59:59.999000+00:00,55277697.6369313,107624,294.85358,27144123.5353097
2026-01-13T07:00:00+00:00,92184.37,92212.48,91905.33,91942.0,704.5617,2026-01-13T07:59:59.999000+00:00,64826922.9153475,88949,348.27389,32043661.9672607
2026-01-13T08:00:00+00:00,91941.99,92250.66,91924.27,92165.9,528.9889,2026-01-13T08:59:59.999000+00:00,48705435.4088285,75204,311.28896,28659448.5302197
2026-01-13T09:00:00+00:00,92165.89,92672.11,91950.0,92269.42,1215.58278,2026-01-13T09:59:59.999000+00:00,112280363.6818795,224444,672.9201,62167240.4348378
2026-01-13T10:00:00+00:00,92269.42,92350.03,92021.15,92128.62,394.76711,2026-01-13T10:59:59.999000+00:00,36403040.9553352,98470,220.72603,20357634.7959146
2026-01-13T11:00:00+00:00,92128.63,92261.04,91972.44,92000.74,405.87783,2026-01-13T11:59:59.999000+00:00,37387171.8967509,75649,228.50471,21049807.5007394
2026-01-13T12:00:00+00:00,92000.73,92153.84,91910.25,92109.35,280.96679,2026-01-13T12:59:59.999000+00:00,25864491.5591575,70139,142.82606,13147945.6890194
2026-01-13T13:00:00+00:00,92109.35,92606.42,91978.66,92076.12,1336.2017,2026-01-13T13:59:59.999000+00:00,123266941.9746228,205608,705.82995,65134106.1803169
2026-01-13T14:00:00+00:00,92076.11,92915.12,91787.61,92462.03,1289.79234,2026-01-13T14:59:59.999000+00:00,119241496.7457638,410164,694.47421,64203092.8870376
2026-01-13T15:00:00+00:00,92462.03,93450.0,92132.66,93449.99,1429.93474,2026-01-13T15:59:59.999000+00:00,132713893.1290645,484285,748.52431,69516362.4457033
2026-01-13T16:00:00+00:00,93449.99,93760.0,93078.31,93389.63,1920.2444,2026-01-13T16:59:59.999000+00:00,179535419.7088993,406061,970.0811,90691629.3802516
2026-01-13T17:00:00+00:00,93389.63,93498.72,93100.0,93241.99,796.01222,2026-01-13T17:59:59.999000+00:00,74293994.368898,283288,393.19693,36698483.6430663
2026-01-13T18:00:00+00:00,93241.99,93871.29,93198.09,93633.71,950.82758,2026-01-13T18:59:59.999000+00:00,88974042.0871909,317172,537.82055,50322216.220331
2026-01-13T19:00:00+00:00,93633.71,94231.82,93475.07,94226.84,1085.51387,2026-01-13T19:59:59.999000+00:00,101954774.8606338,279588,672.03523,63131842.5304811
2026-01-13T20:00:00+00:00,94226.85,94500.0,94113.13,94408.7,1604.35758,2026-01-13T20:59:59.999000+00:00,151313488.6376717,391538,959.9293,90533806.5811644
2026-01-13T21:00:00+00:00,94408.7,94507.99,94062.0,94087.23,1173.77039,2026-01-13T21:59:59.999000+00:00,110747772.1048761,200851,509.59915,48089623.6541425
2026-01-13T22:00:00+00:00,94087.23,96495.0,94087.23,95757.21,3452.31954,2026-01-13T22:59:59.999000+00:00,329266760.0226827,510671,2082.98227,198574596.3879838
2026-01-13T23:00:00+00:00,95757.19,96107.97,95055.01,95414.0,1275.24237,2026-01-13T23:59:59.999000+00:00,121805823.4421282,221312,644.15237,61497131.5408864
2026-01-14T00:00:00+00:00,95413.99,95647.91,95154.04,95236.84,662.80362,2026-01-14T00:59:59.999000+00:00,63232914.5001384,211166,286.34976,27324919.5811881
2026-01-14T01:00:00+00:00,95236.84,95582.0,95116.03,95245.6,749.06956,2026-01-14T01:59:59.999000+00:00,71425074.3072696,186256,344.22043,32823616.7187864
2026-01-14T02:00:00+00:00,95245.61,95562.0,95190.06,95347.46,588.58584,2026-01-14T02:59:59.999000+00:00,56155851.35054,140954,352.56752,33639541.6676234
2026-01-14T03:00:00+00:00,95347.47,95722.01,95285.5,95720.99,381.4409,2026-01-14T03:59:59.999000+00:00,36426060.5643937,105137,242.18344,23128995.8431617
2026-01-14T04:00:00+00:00,95720.99,95799.22,95224.44,95245.16,460.39311,2026-01-14T04:59:59.999000+00:00,43965701.2470226,112276,176.91138,16893214.4451259
2026-01-14T05:00:00+00:00,95245.17,95270.25,94972.0,95005.0,669.59606,2026-01-14T05:59:59.999000+00:00,63674115.4451371,143424,336.71435,32022075.5499907
2026-01-14T06:00:00+00:00,95005.01,95028.88,94559.28,95028.87,859.31999,2026-01-14T06:59:59.999000+00:00,81469236.5915891,172887,393.90281,37351597.1880549
2026-01-14T07:00:00+00:00,95028.88,95233.99,94850.0,95205.1,884.32504,2026-01-14T07:59:59.999000+00:00,84039989.2928535,146867,344.05435,32701029.5402446
2026-01-14T08:00:00+00:00,95205.11,95315.15,94900.0,94900.01,380.43239,2026-01-14T08:59:59.999000+00:00,36187170.2550369,91691,142.13383,13523841.9636879
2026-01-14T09:00:00+00:00,94900.01,95186.51,94870.01,95088.24,468.07232,2026-01-14T09:59:59.999000+00:00,44474843.3846391,108766,197.65651,18784710.1527276
2026-01-14T10:00:00+00:00,95088.24,95291.98,94888.0,95091.75,526.44388,2026-01-14T10:59:59.999000+00:00,50050229.9572324,145073,310.79546,29549647.9271994
2026-01-14T11:00:00+00:00,95091.49,95091.49,94737.95,94792.99,381.08629,2026-01-14T11:59:59.999000+00:00,36173278.5586957,129577,168.36051,15980699.446128
2026-01-14T12:00:00+00:00,94793.0,95154.78,94680.67,95077.56,424.37035,2026-01-14T12:59:59.999000+00:00,40317926.4597154,104406,230.619,21911943.1202956
2026-01-14T13:00:00+00:00,95077.56,95241.7,94890.68,94998.19,454.3002,2026-01-14T13:59:59.999000+00:00,43178714.1357113,136858,186.78505,17758156.0835255
2026-01-14T14:00:00+00:00,94998.2,96827.0,94982.56,96493.15,2348.26402,2026-01-14T14:59:59.999000+00:00,225571692.4672563,551201,1381.64993,132711182.388361
2026-01-14T15:00:00+00:00,96493.14,97084.68,96188.25,96764.57,2804.69067,2026-01-14T15:59:59.999000+00:00,271277126.8687817,643474,1727.412,167133181.788608
2026-01-14T16:00:00+00:00,96764.57,97693.66,96730.77,97293.24,2448.97546,2026-01-14T16:59:59.999000+00:00,238279343.0451039,464762,1363.41937,132650941.8993257
2026-01-14T17:00:00+00:00,97293.23,97777.0,96800.0,96956.07,2017.29615,2026-01-14T17:59:59.999000+00:00,196376789.9488918,392665,1073.86833,104561146.9843152
2026-01-14T18:00:00+00:00,96956.07,97110.0,96246.56,96806.55,1150.91366,2026-01-14T18:59:59.999000+00:00,111305291.3082024,347447,599.36692,57968809.5500341
2026-01-14T19:00:00+00:00,96806.54,97640.68,96688.36,97267.42,1063.44638,2026-01-14T19:59:59.999000+00:00,103399873.5530589,265189,624.3338,60705493.3875536
2026-01-14T20:00:00+00:00,97267.42,97924.49,97209.25,97655.28,1157.33493,2026-01-14T20:59:59.999000+00:00,112929445.3290575,336141,637.39155,62203705.6973349
2026-01-14T21:00:00+00:00,97655.27,97717.72,97390.0,97564.0,494.72849,2026-01-14T21:59:59.999000+00:00,48253636.6400156,149498,234.54548,22876236.179899
2026-01-14T22:00:00+00:00,97563.99,97587.34,96772.02,96878.34,1038.79474,2026-01-14T22:59:59.999000+00:00,100927082.0816056,147847,398.95589,38773797.3111462
2026-01-14T23:00:00+00:00,96878.34,97371.33,96865.34,96951.78,437.21023,2026-01-14T23:59:59.999000+00:00,42444434.3566662,112650,220.79062,21436978.1829854
2026-01-15T00:00:00+00:00,96951.78,97000.0,96500.0,96658.03,798.45682,2026-01-15T00:59:59.999000+00:00,77210321.707665,131533,396.09145,38303464.6267793
2026-01-15T01:00:00+00:00,96658.03,96959.09,96297.32,96445.31,701.30226,2026-01-15T01:59:59.999000+00:00,67731283.8408212,141522,291.34379,28149530.9832696
2026-01-15T02:00:00+00:00,96445.32,96617.06,96095.8,96339.91,530.33501,2026-01-15T02:59:59.999000+00:00,51093160.6377892,150187,257.91991,24856454.935765
2026-01-15T03:00:00+00:00,96339.92,96393.58,95777.0,95985.1,791.5879,2026-01-15T03:59:59.999000+00:00,76019510.388468,161564,311.35652,29904545.0712206
2026-01-15T04:00:00+00:00,95985.11,96387.42,95952.89,96316.27,483.75975,2026-01-15T04:59:59.999000+00:00,46538137.7049848,105077,275.13379,26466000.07853
2026-01-15T05:00:00+00:00,96316.27,96510.57,96247.64,96429.71,419.70339,2026-01-15T05:59:59.999000+00:00,40448534.1117127,105570,226.49686,21828516.4153385
2026-01-15T06:00:00+00:00,96429.71,96588.45,96172.41,96243.78,473.63021,2026-01-15T06:59:59.999000+00:00,45650185.5096551,111856,242.60438,23379254.526871
2026-01-15T07:00:00+00:00,96243.79,96760.15,96191.79,96630.48,679.19921,2026-01-15T07:59:59.999000+00:00,65541634.8200944,140374,316.24045,30510707.4120484
2026-01-15T08:00:00+00:00,96630.47,96662.0,96289.98,96643.0,760.49437,2026-01-15T08:59:59.999000+00:00,73390718.9296921,161833,368.91745,35601191.0881319
2026-01-15T09:00:00+00:00,96643.01,97193.34,96559.19,97040.75,1029.77719,2026-01-15T09:59:59.999000+00:00,99768653.298361,175329,643.49837,62363582.3101365
2026-01-15T10:00:00+00:00,97040.75,97070.39,96750.0,96818.68,414.89635,2026-01-15T10:59:59.999000+00:00,40197067.9681167,92198,171.31332,16593329.69507
2026-01-15T11:00:00+00:00,96818.68,96935.39,96580.03,96581.08,588.17595,2026-01-15T11:59:59.999000+00:00,56880574.2964909,83237,254.60254,24628308.9509122
2026-01-15T12:00:00+00:00,96581.07,96994.65,96525.24,96981.65,332.6743,2026-01-15T12:59:59.999000+00:00,32174433.0384282,102750,177.69153,17189353.8076101
2026-01-15T13:00:00+00:00,96981.66,97032.99,96620.12,96846.75,496.85903,2026-01-15T13:59:59.999000+00:00,48137987.3321451,122217,279.07068,27040341.659857
2026-01-15T14:00:00+00:00,96846.74,97165.03,95592.69,96063.43,1629.09421,2026-01-15T14:59:59.999000+00:00,156970589.0999748,456054,690.96921,66635196.4548309
2026-01-15T15:00:00+00:00,96063.43,96791.67,95435.91,96737.04,2359.5541,2026-01-15T15:59:59.999000+00:00,226596271.3726547,549210,1467.00969,140896866.8034823
2026-01-15T16:00:00+00:00,96737.04,96969.99,96272.72,96738.51,1973.14331,2026-01-15T16:59:59.999000+00:00,190549206.6840092,412838,1158.68622,111890086.2854578
2026-01-15T17:00:00+00:00,96738.5,97163.0,96426.18,96636.35,2398.07402,2026-01-15T17:59:59.999000+00:00,232115123.5958899,261756,1648.07052,159531234.4958902
2026-01-15T18:00:00+00:00,96636.35,96650.51,95745.25,95835.0,2117.40598,2026-01-15T18:59:59.999000+00:00,203481921.609949,266973,574.11439,55213437.9846512
2026-01-15T19:00:00+00:00,95835.01,95920.31,95183.13,95516.01,1380.26708,2026-01-15T19:59:59.999000+00:00,131968662.6037234,297768,436.78129,41745208.9782385
2026-01-15T20:00:00+00:00,95516.01,95660.0,95134.48,95260.67,524.36978,2026-01-15T20:59:59.999000+00:00,49996502.2068322,192358,232.37827,22152577.4109648
2026-01-15T21:00:00+00:00,95260.68,95631.08,95196.0,95584.35,297.62442,2026-01-15T21:59:59.999000+00:00,28406202.5960888,86531,194.24325,18539439.6909341
2026-01-15T22:00:00+00:00,95584.36,95871.0,95488.91,95583.87,269.05055,2026-01-15T22:59:59.999000+00:00,25737435.9009425,109645,125.28313,11984628.0615685
2026-01-15T23:00:00+00:00,95583.87,95718.31,95378.58,95604.8,276.3785,2026-01-15T23:59:59.999000+00:00,26404063.5892447,74715,101.51066,9699805.3839264
2026-01-16T00:00:00+00:00,95604.81,95828.01,95570.96,95633.5,207.12295,2026-01-16T00:59:59.999000+00:00,19823794.3036378,96749,105.55232,10103577.0667332
2026-01-16T01:00:00+00:00,95633.5,95855.12,95420.75,95664.18,401.56495,2026-01-16T01:59:59.999000+00:00,38399871.0742736,100015,181.33311,17338240.5251453
2026-01-16T02:00:00+00:00,95664.17,95687.47,95393.9,95504.4,384.29986,2026-01-16T02:59:59.999000+00:00,36709576.275883,107593,172.16909,16445731.6369813
2026-01-16T03:00:00+00:00,95504.4,95586.6,95321.58,95354.69,214.15334,2026-01-16T03:59:59.999000+00:00,20445038.0468628,58409,87.97233,8399405.7831904
2026-01-16T04:00:00+00:00,95354.69,95582.41,95133.03,95261.29,700.90747,2026-01-16T04:59:59.999000+00:00,66789226.0212817,95333,243.97575,23252941.6897475
2026-01-16T05:00:00+00:00,95261.3,95676.73,95242.18,95660.37,746.7663,2026-01-16T05:59:59.999000+00:00,71262552.000743,123940,295.91178,28252039.9560144
2026-01-16T06:00:00+00:00,95660.38,95816.83,95534.0,95741.21,443.54681,2026-01-16T06:59:59.999000+00:00,42437192.1449668,79327,227.48797,21768220.688907
2026-01-16T07:00:00+00:00,95741.22,95788.34,95489.6,95653.16,403.70542,2026-01-16T07:59:59.999000+00:00,38594352.6221026,59641,171.06274,16350845.0127915
2026-01-16T08:00:00+00:00,95653.16,95871.47,95570.68,95676.0,594.74259,2026-01-16T08:59:59.999000+00:00,56945464.9940511,92809,333.81403,31966230.3067327
2026-01-16T09:00:00+00:00,95676.01,95788.17,95601.5,95613.53,177.27273,2026-01-16T09:59:59.999000+00:00,16960340.7095286,52411,77.83219,7445879.8683327
2026-01-16T10:00:00+00:00,95613.53,95637.0,95280.51,95307.35,538.64006,2026-01-16T10:59:59.999000+00:00,51380354.2372119,73987,146.8001,14005788.0630918
2026-01-16T11:00:00+00:00,95307.35,95470.0,95261.43,95429.09,303.73259,2026-01-16T11:59:59.999000+00:00,28964485.2425944,69302,143.92687,13725497.7683167
2026-01-16T12:00:00+00:00,95429.09,95569.0,95353.5,95458.55,289.70117,2026-01-16T12:59:59.999000+00:00,27660389.986314,64285,143.92815,13741771.7949804
2026-01-16T13:00:00+00:00,95458.55,95579.0,95288.05,95448.87,277.92918,2026-01-16T13:59:59.999000+00:00,26532430.830861,78021,119.03808,11364519.3000552
2026-01-16T14:00:00+00:00,95448.86,95809.08,95192.35,95192.36,624.83754,2026-01-16T14:59:59.999000+00:00,59641122.5170313,278449,325.38446,31066033.2092272
2026-01-16T15:00:00+00:00,95192.36,95663.15,94293.46,94585.98,1821.66491,2026-01-16T15:59:59.999000+00:00,172736137.7393761,506139,724.01442,68653679.2031257
2026-01-16T16:00:00+00:00,94585.99,94990.73,94508.0,94872.55,811.28371,2026-01-16T16:59:59.999000+00:00,76907226.5085803,245123,407.38973,38618699.7785256
2026-01-16T17:00:00+00:00,94872.55,95130.49,94555.88,95076.08,513.23212,2026-01-16T17:59:59.999000+00:00,48677489.8692421,149324,309.70907,29388265.4466841
2026-01-16T18:00:00+00:00,95076.09,95215.74,94960.04,95001.19,353.51337,2026-01-16T18:59:59.999000+00:00,33622976.6448924,131479,134.88787,12830206.3168299
2026-01-16T19:00:00+00:00,95001.19,95055.31,94841.31,95002.09,176.56522,2026-01-16T19:59:59.999000+00:00,16767832.5105586,102582,68.38386,6494196.5223585
2026-01-16T20:00:00+00:00,95002.09,95561.5,94682.0,95553.6,414.87593,2026-01-16T20:59:59.999000+00:00,39477455.8567747,148737,235.54461,22425606.896915
2026-01-16T21:00:00+00:00,95553.61,95600.0,95359.69,95523.52,341.14068,2026-01-16T21:59:59.999000+00:00,32576361.5351295,126362,175.63889,16771807.623791
2026-01-16T22:00:00+00:00,95523.52,95574.0,95260.64,95514.0,283.10566,2026-01-16T22:59:59.999000+00:00,27010015.8581114,89750,148.38164,14157008.4115838
2026-01-16T23:00:00+00:00,95513.99,95577.89,95433.83,95550.94,143.41004,2026-01-16T23:59:59.999000+00:00,13697720.5472427,41792,74.93046,7156985.211407
2026-01-17T00:00:00+00:00,95550.94,95578.2,95433.94,95465.97,129.13356,2026-01-17T00:59:59.999000+00:00,12333379.7447416,42278,56.94662,5438751.172662
2026-01-17T01:00:00+00:00,95465.97,95530.0,95384.86,95399.93,104.26658,2026-01-17T01:59:59.999000+00:00,9952999.3195947,33643,39.64163,3783734.5962361
2026-01-17T02:00:00+00:00,95399.94,95412.86,95200.0,95371.35,155.12882,2026-01-17T02:59:59.999000+00:00,14783878.3038732,46071,58.65443,5589890.3882187
2026-01-17T03:00:00+00:00,95371.36,95384.87,95270.79,95372.95,132.4524,2026-01-17T03:59:59.999000+00:00,12625361.2897151,31223,62.43815,5951849.3092564
2026-01-17T04:00:00+00:00,95372.94,95372.95,95260.64,95303.64,131.52683,2026-01-17T04:59:59.999000+00:00,12536056.3146973,26920,71.73685,6836915.3740202
2026-01-17T05:00:00+00:00,95303.63,95373.64,95275.05,95323.67,103.95781,2026-01-17T05:59:59.999000+00:00,9909257.3175994,21827,56.94479,5427650.3975057
2026-01-17T06:00:00+00:00,95323.68,95347.89,95186.29,95240.07,125.70578,2026-01-17T06:59:59.999000+00:00,11975368.1635899,33787,64.62622,6156585.7573405
2026-01-17T07:00:00+00:00,95240.08,95240.08,95041.7,95101.67,197.34545,2026-01-17T07:59:59.999000+00:00,18773188.9412781,65981,66.76559,6350790.5690231
2026-01-17T08:00:00+00:00,95101.67,95260.65,95021.67,95247.51,164.49559,2026-01-17T08:59:59.999000+00:00,15659953.4439283,44186,107.55512,10239534.6574438
2026-01-17T09:00:00+00:00,95247.51,95290.08,95176.9,95260.65,104.24877,2026-01-17T09:59:59.999000+00:00,9928643.4488739,26817,57.71365,5496789.605044
2026-01-17T10:00:00+00:00,95260.65,95271.21,95116.47,95116.48,127.2407,2026-01-17T10:59:59.999000+00:00,12110772.5106077,30477,41.10414,3912496.4544058
2026-01-17T11:00:00+00:00,95116.48,95323.86,95073.57,95323.86,218.85009,2026-01-17T11:59:59.999000+00:00,20843895.2805012,55913,155.66239,14827339.5701639
2026-01-17T12:00:00+00:00,95323.85,95412.84,95243.63,95251.15,215.62364,2026-01-17T12:59:59.999000+00:00,20547548.5236641,51130,106.96527,10193764.9874221
2026-01-17T13:00:00+00:00,95251.15,95438.33,95198.81,95438.32,227.83624,2026-01-17T13:59:59.999000+00:00,21721600.6485511,46602,114.54046,10921773.326096
2026-01-17T14:00:00+00:00,95438.32,95544.07,95357.02,95471.18,259.56584,2026-01-17T14:59:59.999000+00:00,24774942.507923,53111,129.31944,12343473.7837823
2026-01-17T15:00:00+00:00,95471.17,95639.45,95433.81,95573.64,747.96943,2026-01-17T15:59:59.999000+00:00,71460855.4409579,89656,326.21851,31167403.7281272
2026-01-17T16:00:00+00:00,95573.65,95576.14,95212.25,95315.23,330.67135,2026-01-17T16:59:59.999000+00:00,31539189.7186571,74432,164.19395,15659912.3114078
2026-01-17T17:00:00+00:00,95315.23,95440.8,95295.17,95357.24,141.2049,2026-01-17T17:59:59.999000+00:00,13467403.4593255,40606,92.9496,8864929.7932627
2026-01-17T18:00:00+00:00,95357.23,95465.98,95346.0,95428.25,100.5073,2026-01-17T18:59:59.999000+00:00,9591156.00176,27449,46.30847,4418866.9293747
2026-01-17T19:00:00+00:00,95428.25,95428.25,95290.7,95291.38,64.10708,2026-01-17T19:59:59.999000+00:00,6112635.8436299,22370,24.7918,2363845.0065758
2026-01-17T20:00:00+00:00,95291.37,95383.84,95291.36,95378.18,65.25873,2026-01-17T20:59:59.999000+00:00,6221173.6744376,17756,43.84379,4179583.9940604
2026-01-17T21:00:00+00:00,95378.19,95412.86,95283.99,95302.94,114.01955,2026-01-17T21:59:59.999000+00:00,10869551.2044608,33847,37.20458,3546778.1990171
2026-01-17T22:00:00+00:00,95302.94,95302.94,95050.0,95170.97,209.18455,2026-01-17T22:59:59.999000+00:00,19908190.8141053,63931,78.76882,7496649.5648024
2026-01-17T23:00:00+00:00,95170.98,95208.96,95123.79,95147.77,110.50038,2026-01-17T23:59:59.999000+00:00,10514939.7554352,40514,54.95856,5229766.4957214
2026-01-18T00:00:00+00:00,95147.77,95250.0,95067.83,95112.47,179.02691,2026-01-18T00:59:59.999000+00:00,17033981.0994389,49687,66.57474,6335556.3485806
2026-01-18T01:00:00+00:00,95112.48,95112.48,94876.33,94966.9,243.7208,2026-01-18T01:59:59.999000+00:00,23147043.7326127,86641,87.24663,8285712.4498703
2026-01-18T02:00:00+00:00,94966.89,95069.07,94880.53,95022.01,148.4607,2026-01-18T02:59:59.999000+00:00,14101526.9336341,43816,62.24583,5912013.3675226
2026-01-18T03:00:00+00:00,95022.01,95205.74,95022.01,95200.29,149.82604,2026-01-18T03:59:59.999000+00:00,14251453.6133616,36300,86.46705,8225325.7276773
2026-01-18T04:00:00+00:00,95200.29,95200.3,95075.3,95095.68,90.87843,2026-01-18T04:59:59.999000+00:00,8645007.6968047,31566,53.94607,5131516.116952
2026-01-18T05:00:00+00:00,95095.68,95260.0,95059.27,95188.55,176.45319,2026-01-18T05:59:59.999000+00:00,16785093.1049602,40838,105.81543,10065250.0853076
2026-01-18T06:00:00+00:00,95188.54,95199.62,95144.3,95171.43,144.72253,2026-01-18T06:59:59.999000+00:00,13774214.4880045,28764,69.70778,6634741.6940283
2026-01-18T07:00:00+00:00,95171.44,95183.3,95028.27,95028.27,293.23856,2026-01-18T07:59:59.999000+00:00,27885692.2710129,39985,101.7285,9673217.3753184
2026-01-18T08:00:00+00:00,95028.27,95195.0,95021.44,95183.93,124.9626,2026-01-18T08:59:59.999000+00:00,11883814.83177,27524,79.83314,7591366.8463504
2026-01-18T09:00:00+00:00,95183.93,95295.35,95149.18,95275.73,312.28376,2026-01-18T09:59:59.999000+00:00,29736760.2230327,40688,189.7382,18067225.7191768
2026-01-18T10:00:00+00:00,95275.73,95295.39,95088.0,95180.66,344.24187,2026-01-18T10:59:59.999000+00:00,32751810.609603,56874,122.91328,11695768.0257099
2026-01-18T11:00:00+00:00,95180.67,95180.67,95061.65,95168.06,178.51779,2026-01-18T11:59:59.999000+00:00,16980666.7751224,31122,86.15745,8195658.5836288
2026-01-18T12:00:00+00:00,95168.06,95178.09,95081.32,95113.25,122.90856,2026-01-18T12:59:59.999000+00:00,11692086.5742915,33227,55.83721,5311318.5624691
2026-01-18T13:00:00+00:00,95113.24,95205.4,94910.0,95146.82,328.31194,2026-01-18T13:59:59.999000+00:00,31213377.2174231,60918,154.99751,14738123.2625048
2026-01-18T14:00:00+00:00,95146.82,95376.24,94928.51,94955.79,530.3533,2026-01-18T14:59:59.999000+00:00,50466659.255687,81512,186.96187,17788609.4973532
2026-01-18T15:00:00+00:00,94955.78,95125.47,94915.21,95119.28,195.60522,2026-01-18T15:59:59.999000+00:00,18590160.7550547,56729,126.42927,12016218.6093492
2026-01-18T16:00:00+00:00,95119.27,95186.3,95073.02,95169.35,105.98121,2026-01-18T16:59:59.999000+00:00,10083119.2122302,58512,57.24624,5446617.4397697
2026-01-18T17:00:00+00:00,95169.35,95280.24,95140.61,95274.36,147.92595,2026-01-18T17:59:59.999000+00:00,14086756.278681,38716,79.96272,7615170.1228589
2026-01-18T18:00:00+00:00,95274.35,95521.71,95180.9,95439.6,407.32335,2026-01-18T18:59:59.999000+00:00,38855140.9798155,81840,271.90418,25940696.9239966
2026-01-18T19:00:00+00:00,95439.6,95514.0,95333.99,95380.99,260.23192,2026-01-18T19:59:59.999000+00:00,24840217.496107,56067,137.18888,13096413.2724711
2026-01-18T20:00:00+00:00,95380.99,95441.22,95285.2,95304.01,77.90234,2026-01-18T20:59:59.999000+00:00,7428451.9884959,44321,37.2435,3551495.1329308
2026-01-18T21:00:00+00:00,95304.01,95430.45,95284.23,95430.44,81.51777,2026-01-18T21:59:59.999000+00:00,7773941.730268,30857,46.00863,4387667.7001771
2026-01-18T22:00:00+00:00,95430.45,95531.12,95412.86,95498.61,319.96465,2026-01-18T22:59:59.999000+00:00,30548277.0054506,38612,149.67411,14289997.2946326
2026-01-18T23:00:00+00:00,95498.6,95498.6,93615.4,93673.14,1930.8188,2026-01-18T23:59:59.999000+00:00,182218489.3948496,393669,691.52782,65222082.6626432
2026-01-19T00:00:00+00:00,93673.14,93673.14,91910.2,92711.02,4221.82713,2026-01-19T00:59:59.999000+00:00,391410938.6331806,702026,2013.05803,186611115.7512224
2026-01-19T01:00:00+00:00,92711.02,92875.68,92247.97,92586.65,910.87085,2026-01-19T01:59:59.999000+00:00,84357357.547964,269217,496.52291,45989922.4976325
2026-01-19T02:00:00+00:00,92586.65,92672.0,92383.94,92566.8,452.44264,2026-01-19T02:59:59.999000+00:00,41866839.3239806,123754,241.18739,22320939.6166393
2026-01-19T03:00:00+00:00,92566.8,92776.83,92500.0,92690.09,556.40187,2026-01-19T03:59:59.999000+00:00,51547488.4105106,95858,357.82667,33152814.733038
2026-01-19T04:00:00+00:00,92690.08,92748.32,92502.58,92665.0,506.12587,2026-01-19T04:59:59.999000+00:00,46897062.7167491,78066,276.93937,25660341.586818
2026-01-19T05:00:00+00:00,92665.0,92811.11,92504.24,92511.77,357.86057,2026-01-19T05:59:59.999000+00:00,33155413.5068228,82901,156.53744,14504373.5345006
2026-01-19T06:00:00+00:00,92511.77,92629.26,92385.07,92583.27,427.02868,2026-01-19T06:59:59.999000+00:00,39509044.8992712,91151,198.01101,18321840.8565163
2026-01-19T07:00:00+00:00,92583.27,92861.41,92562.0,92841.62,421.22196,2026-01-19T07:59:59.999000+00:00,39041176.4243754,76549,260.93848,24186721.0896519
2026-01-19T08:00:00+00:00,92841.62,93368.44,92702.56,93259.09,865.57873,2026-01-19T08:59:59.999000+00:00,80546697.2389417,176880,530.47081,49361403.1586547
2026-01-19T09:00:00+00:00,93259.09,93268.12,92950.0,93060.06,474.82948,2026-01-19T09:59:59.999000+00:00,44196467.4640452,110099,182.53195,16989681.1529291
2026-01-19T10:00:00+00:00,93060.06,93081.3,92900.0,93064.88,263.24721,2026-01-19T10:59:59.999000+00:00,24484592.4256117,67109,104.5693,9724952.5254565
2026-01-19T11:00:00+00:00,93064.88,93317.29,92969.94,93191.96,305.33086,2026-01-19T11:59:59.999000+00:00,28432976.2766434,78560,143.67401,13380842.9756349
2026-01-19T12:00:00+00:00,93191.96,93226.44,92979.48,93070.6,586.84126,2026-01-19T12:59:59.999000+00:00,54621385.3706759,104693,222.62159,20724439.2708684
2026-01-19T13:00:00+00:00,93070.6,93151.37,92807.34,93031.86,326.88604,2026-01-19T13:59:59.999000+00:00,30400138.4252589,102007,171.39977,15940914.3829418
2026-01-19T14:00:00+00:00,93031.85,93039.6,92700.0,92812.43,417.89495,2026-01-19T14:59:59.999000+00:00,38806573.8985929,145088,147.7005,13716395.2425601
2026-01-19T15:00:00+00:00,92812.43,93081.0,92812.43,93068.62,467.20202,2026-01-19T15:59:59.999000+00:00,43446684.6490102,141265,232.03944,21579156.7805882
2026-01-19T16:00:00+00:00,93068.62,93420.0,92994.0,93301.86,380.00206,2026-01-19T16:59:59.999000+00:00,35406985.5592712,123287,207.01737,19290192.7340499
2026-01-19T17:00:00+00:00,93301.85,93389.45,93150.0,93242.99,357.60248,2026-01-19T17:59:59.999000+00:00,33349780.3775494,97174,144.32229,13460561.8598108
2026-01-19T18:00:00+00:00,93242.99,93259.39,92930.0,93065.84,235.78814,2026-01-19T18:59:59.999000+00:00,21945773.3812349,90042,100.11119,9317585.1907198
2026-01-19T19:00:00+00:00,93065.83,93154.32,93000.0,93105.85,179.79114,2026-01-19T19:59:59.999000+00:00,16736741.3376331,62703,89.17487,8300990.2727336
2026-01-19T20:00:00+00:00,93105.85,93274.82,93084.15,93141.94,178.48795,2026-01-19T20:59:59.999000+00:00,16632391.3960474,60208,74.42996,6936015.2552972
2026-01-19T21:00:00+00:00,93141.95,93342.36,93000.03,93003.42,240.63302,2026-01-19T21:59:59.999000+00:00,22411713.1928529,72412,85.95994,8008103.6354869
2026-01-19T22:00:00+00:00,93003.41,93060.0,92565.78,92565.78,374.00927,2026-01-19T22:59:59.999000+00:00,34725541.5531496,131360,136.84898,12707060.4928329
2026-01-19T23:00:00+00:00,92565.78,92750.0,92158.48,92631.0,787.62329,2026-01-19T23:59:59.999000+00:00,72840572.0396743,276657,332.94918,30794640.2992284
2026-01-20T00:00:00+00:00,92630.99,92870.0,92370.25,92717.9,325.00059,2026-01-20T00:59:59.999000+00:00,30102457.9914028,155194,158.69077,14702193.4558664
2026-01-20T01:00:00+00:00,92717.9,92867.28,92525.8,92716.48,251.70499,2026-01-20T01:59:59.999000+00:00,23345364.1616837,130991,124.67081,11563047.9038686
2026-01-20T02:00:00+00:00,92716.47,92729.94,92370.68,92552.16,354.36518,2026-01-20T02:59:59.999000+00:00,32797176.3846928,114769,161.45433,14942761.2924544
2026-01-20T03:00:00+00:00,92552.15,92650.0,92264.7,92434.92,329.07012,2026-01-20T03:59:59.999000+00:00,30412930.7517008,95090,155.60893,14381361.1386524
2026-01-20T04:00:00+00:00,92434.93,92470.37,92000.01,92062.61,363.95619,2026-01-20T04:59:59.999000+00:00,33572610.720101,107826,139.39075,12860568.1815468
2026-01-20T05:00:00+00:00,92062.62,92084.8,91294.11,91624.18,1546.22756,2026-01-20T05:59:59.999000+00:00,141757402.065688,315551,661.93069,60669724.0324333
2026-01-20T06:00:00+00:00,91624.19,91625.31,90771.78,90929.98,1830.88581,2026-01-20T06:59:59.999000+00:00,166768293.1083636,441480,617.53615,56252123.5619391
2026-01-20T07:00:00+00:00,90929.98,91319.05,90862.83,91177.98,907.06352,2026-01-20T07:59:59.999000+00:00,82622571.7397585,236698,542.22614,49402318.7670701
2026-01-20T08:00:00+00:00,91177.99,91255.7,90693.0,91116.0,1083.7965,2026-01-20T08:59:59.999000+00:00,98630495.5272586,285537,586.61867,53394569.0465821
2026-01-20T09:00:00+00:00,91116.0,91116.0,90899.0,91036.25,381.95269,2026-01-20T09:59:59.999000+00:00,34762916.8313414,162372,166.74136,15175448.7466693
2026-01-20T10:00:00+00:00,91036.25,91294.11,90998.08,91269.58,415.15786,2026-01-20T10:59:59.999000+00:00,37848309.688842,114704,219.89195,20051701.6764827
2026-01-20T11:00:00+00:00,91269.57,91442.88,91214.36,91218.99,373.22315,2026-01-20T11:59:59.999000+00:00,34087811.1839246,108481,173.65031,15863055.0395339
2026-01-20T12:00:00+00:00,91218.99,91318.94,91027.74,91280.31,528.8374,2026-01-20T12:59:59.999000+00:00,48220478.3533605,119911,214.06654,19520357.9448416
2026-01-20T13:00:00+00:00,91280.31,91289.64,90777.0,90958.88,722.76892,2026-01-20T13:59:59.999000+00:00,65770756.0511339,207128,331.6744,30179794.2525064
2026-01-20T14:00:00+00:00,90958.89,91371.11,90272.53,90531.15,1809.16854,2026-01-20T14:59:59.999000+00:00,164126014.7454009,520202,668.63786,60723663.1887011
2026-01-20T15:00:00+00:00,90531.15,90808.04,89859.06,90684.95,1977.53179,2026-01-20T15:59:59.999000+00:00,178552707.2072527,606797,785.97377,71004036.0551636
2026-01-20T16:00:00+00:00,90684.95,90974.49,90023.99,90165.51,895.41274,2026-01-20T16:59:59.999000+00:00,81028210.2057234,317966,491.87261,44508397.9767488
2026-01-20T17:00:00+00:00,90165.5,90505.68,89431.1,89775.46,1552.7044,2026-01-20T17:59:59.999000+00:00,139581504.4128627,395574,655.08528,58892555.8123816
2026-01-20T18:00:00+00:00,89775.47,89958.0,89395.07,89501.0,885.28879,2026-01-20T18:59:59.999000+00:00,79384326.4760135,289572,393.9128,35326625.3300864
2026-01-20T19:00:00+00:00,89501.0,89795.45,89292.48,89725.76,781.3523,2026-01-20T19:59:59.999000+00:00,69951877.5988968,302962,362.62038,32474433.9144529
2026-01-20T20:00:00+00:00,89725.77,89854.2,89400.0,89733.99,735.02193,2026-01-20T20:59:59.999000+00:00,65911438.0631075,293155,387.7669,34771907.6875342
2026-01-20T21:00:00+00:00,89734.0,89829.11,89428.0,89476.01,445.56945,2026-01-20T21:59:59.999000+00:00,39931698.4964387,116075,188.36396,16880650.2156364
2026-01-20T22:00:00+00:00,89476.01,89645.56,87900.0,88509.18,2094.09769,2026-01-20T22:59:59.999000+00:00,185475937.0004137,331820,789.79418,69930646.7063052
2026-01-20T23:00:00+00:00,88509.18,88534.21,87895.98,88427.66,1417.16799,2026-01-20T23:59:59.999000+00:00,125033379.8288162,294176,651.0167,57464482.2116369
2026-01-21T00:00:00+00:00,88427.66,88982.0,88250.0,88936.01,1052.93124,2026-01-21T00:59:59.999000+00:00,93361861.6043212,253642,587.04316,52067024.8243144
2026-01-21T01:00:00+00:00,88936.01,89165.2,88850.0,89020.91,502.12138,2026-01-21T01:59:59.999000+00:00,44702258.33917,140581,307.71535,27395693.0259758
2026-01-21T02:00:00+00:00,89020.91,89381.86,89000.0,89048.57,884.94036,2026-01-21T02:59:59.999000+00:00,78907747.1553822,132834,458.36961,40872915.6892224
2026-01-21T03:00:00+00:00,89048.56,89598.8,89046.0,89432.33,540.55763,2026-01-21T03:59:59.999000+00:00,48264969.0153942,122492,292.71672,26138524.1933667
2026-01-21T04:00:00+00:00,89432.33,89630.0,89354.72,89448.89,300.28776,2026-01-21T04:59:59.999000+00:00,26868234.176489,70674,158.11215,14148403.9957014
2026-01-21T05:00:00+00:00,89448.89,90120.44,89437.25,89950.04,554.5838,2026-01-21T05:59:59.999000+00:00,49823815.0805803,116900,320.8803,28827476.8497121
2026-01-21T06:00:00+00:00,89950.03,89950.04,89491.96,89649.62,369.00614,2026-01-21T06:59:59.999000+00:00,33127200.6306845,96918,187.29552,16816995.4666009
2026-01-21T07:00:00+00:00,89649.63,89767.29,89093.28,89213.95,825.75082,2026-01-21T07:59:59.999000+00:00,73783854.6184479,148138,414.63151,37038115.0635731
2026-01-21T08:00:00+00:00,89213.96,89385.4,89000.0,89197.35,723.12982,2026-01-21T08:59:59.999000+00:00,64516823.5861561,172933,424.97386,37917410.7865002
2026-01-21T09:00:00+00:00,89197.36,89493.46,89080.0,89112.3,307.89975,2026-01-21T09:59:59.999000+00:00,27502367.1913237,128205,161.40824,14420268.0085145
2026-01-21T10:00:00+00:00,89112.3,89395.08,89080.0,89248.99,328.36365,2026-01-21T10:59:59.999000+00:00,29320040.4575071,136106,193.99107,17320689.9629411
2026-01-21T11:00:00+00:00,89248.99,89382.0,88700.0,88789.99,651.53578,2026-01-21T11:59:59.999000+00:00,57993294.2893378,123830,263.31975,23453861.8072279
2026-01-21T12:00:00+00:00,88789.99,88849.39,88196.72,88736.31,1271.35096,2026-01-21T12:59:59.999000+00:00,112532483.1207219,317271,480.6849,42546573.1266173
2026-01-21T13:00:00+00:00,88736.31,89020.32,88558.67,88672.64,735.83253,2026-01-21T13:59:59.999000+00:00,65348300.7484765,213635,380.41574,33788677.5939441
2026-01-21T14:00:00+00:00,88672.64,89993.88,88611.15,89805.43,1602.75733,2026-01-21T14:59:59.999000+00:00,143481719.2185195,650539,885.03021,79218755.7750266
2026-01-21T15:00:00+00:00,89805.43,90574.0,89759.59,90288.04,1074.26054,2026-01-21T15:59:59.999000+00:00,96857800.5869004,467233,554.23418,49972877.984049
2026-01-21T16:00:00+00:00,90288.04,90360.0,87590.0,87602.4,2075.92566,2026-01-21T16:59:59.999000+00:00,184109719.290027,655267,744.55419,66079615.9177092
2026-01-21T17:00:00+00:00,87602.39,88156.47,87263.53,87932.38,1818.07575,2026-01-21T17:59:59.999000+00:00,159513454.241263,701665,839.40127,73677675.0488766
2026-01-21T18:00:00+00:00,87932.37,88657.23,87585.05,88485.43,743.38561,2026-01-21T18:59:59.999000+00:00,65482086.0942869,436098,407.20918,35877010.6818566
2026-01-21T19:00:00+00:00,88485.43,90450.0,88280.55,90355.56,1787.81485,2026-01-21T19:59:59.999000+00:00,160259108.363609,567939,969.1334,86889151.7110472
2026-01-21T20:00:00+00:00,90355.56,90377.0,89392.0,90214.01,1099.33527,2026-01-21T20:59:59.999000+00:00,98868681.9376825,387026,604.66537,54404156.952124
2026-01-21T21:00:00+00:00,90214.02,90339.58,89950.36,90249.18,428.70398,2026-01-21T21:59:59.999000+00:00,38647717.7233863,134900,199.91438,18022402.0508423
2026-01-21T22:00:00+00:00,90249.18,90377.0,89752.38,89763.51,414.26891,2026-01-21T22:59:59.999000+00:00,37322229.9868783,107323,187.45982,16898375.7996763
2026-01-21T23:00:00+00:00,89763.51,90212.89,89344.98,89454.73,524.6842,2026-01-21T23:59:59.999000+00:00,47112347.903158,136904,242.05314,21739098.7667809
2026-01-22T00:00:00+00:00,89454.73,90032.5,89454.72,89908.49,394.22125,2026-01-22T00:59:59.999000+00:00,35393552.0774335,135502,263.85758,23690631.7993235
2026-01-22T01:00:00+00:00,89908.5,90198.51,89826.38,90113.19,341.32729,2026-01-22T01:59:59.999000+00:00,30738759.5866421,146439,207.86955,18720851.690744
2026-01-22T02:00:00+00:00,90113.2,90359.99,89851.03,89938.3,436.55946,2026-01-22T02:59:59.999000+00:00,39343394.3062924,138237,270.82084,24406620.7852639
2026-01-22T03:00:00+00:00,89938.3,90166.67,89702.84,89899.51,389.70123,2026-01-22T03:59:59.999000+00:00,35047454.3126063,105070,207.81803,18694070.5813347
2026-01-22T04:00:00+00:00,89899.51,90076.77,89826.67,89998.91,327.01022,2026-01-22T04:59:59.999000+00:00,29416703.7388708,94675,161.70079,14545232.1114831
2026-01-22T05:00:00+00:00,89998.91,90075.8,89928.09,90026.3,201.60447,2026-01-22T05:59:59.999000+00:00,18145248.0613226,66691,108.03197,9723352.9681622
2026-01-22T06:00:00+00:00,90026.3,90215.79,89900.0,90172.11,274.11012,2026-01-22T06:59:59.999000+00:00,24693957.0854474,85096,146.30745,13178930.1767961
2026-01-22T07:00:00+00:00,90172.12,90196.99,89802.0,89818.79,410.94787,2026-01-22T07:59:59.999000+00:00,36969276.7974892,83341,188.33502,16940226.8621756
2026-01-22T08:00:00+00:00,89818.79,89968.28,89760.0,89920.16,241.50947,2026-01-22T08:59:59.999000+00:00,21700455.7574718,90506,97.23982,8738508.5413726
2026-01-22T09:00:00+00:00,89920.16,90113.43,89883.8,90033.02,235.39671,2026-01-22T09:59:59.999000+00:00,21191988.899434,65957,121.7935,10964011.1294866
2026-01-22T10:00:00+00:00,90033.02,90101.83,89960.0,90078.77,307.75831,2026-01-22T10:59:59.999000+00:00,27711216.6446879,77758,136.50608,12291169.9474606
2026-01-22T11:00:00+00:00,90078.76,90150.0,89897.87,89941.26,341.2419,2026-01-22T11:59:59.999000+00:00,30711268.8128746,114002,183.39791,16507301.1224639
2026-01-22T12:00:00+00:00,89941.26,90099.99,89873.09,90021.09,250.41912,2026-01-22T12:59:59.999000+00:00,22536795.2749544,83801,120.95433,10887283.9774023
2026-01-22T13:00:00+00:00,90021.09,90340.0,89478.92,89619.81,800.98427,2026-01-22T13:59:59.999000+00:00,71982807.8794713,178221,471.47481,42385442.131331
2026-01-22T14:00:00+00:00,89619.81,89742.67,89039.78,89088.59,1132.03645,2026-01-22T14:59:59.999000+00:00,101224699.8792096,378646,518.49113,46373655.3274875
2026-01-22T15:00:00+00:00,89088.6,89445.24,88515.37,89000.01,1328.81681,2026-01-22T15:59:59.999000+00:00,118224897.3616132,528273,602.95901,53668012.510049
2026-01-22T16:00:00+00:00,89000.0,89270.0,88676.95,89054.06,820.87315,2026-01-22T16:59:59.999000+00:00,73028088.6081551,356586,422.14091,37563634.6704802
2026-01-22T17:00:00+00:00,89054.07,89616.04,89024.55,89550.01,536.51415,2026-01-22T17:59:59.999000+00:00,47913832.3887221,252258,311.15309,27790923.52245
2026-01-22T18:00:00+00:00,89550.0,89797.5,89301.9,89333.94,457.15553,2026-01-22T18:59:59.999000+00:00,40956830.6437863,176831,268.40461,24047916.6469553
2026-01-22T19:00:00+00:00,89333.93,89924.46,89114.48,89777.9,489.86443,2026-01-22T19:59:59.999000+00:00,43875849.5227187,183359,246.72069,22104770.6416748
2026-01-22T20:00:00+00:00,89777.89,89946.13,89398.87,89409.72,338.82702,2026-01-22T20:59:59.999000+00:00,30388254.984369,138795,119.77586,10742603.6756476
2026-01-22T21:00:00+00:00,89409.73,89669.21,89238.32,89268.66,272.77807,2026-01-22T21:59:59.999000+00:00,24408576.5098995,93973,128.92902,11538552.16809
2026-01-22T22:00:00+00:00,89268.66,89566.0,89140.13,89346.99,294.98276,2026-01-22T22:59:59.999000+00:00,26348242.2131292,94049,127.80995,11417822.7309932
2026-01-22T23:00:00+00:00,89346.99,89583.62,89170.74,89559.67,200.86486,2026-01-22T23:59:59.999000+00:00,17958472.0093876,75346,97.05571,8676964.804162
2026-01-23T00:00:00+00:00,89559.68,89638.84,89450.48,89520.01,225.79843,2026-01-23T00:59:59.999000+00:00,20227099.557385,74265,97.54948,8737366.243605
2026-01-23T01:00:00+00:00,89520.01,89939.39,89520.01,89939.38,281.57226,2026-01-23T01:59:59.999000+00:00,25260489.4843252,120368,171.38561,15376930.6662839
2026-01-23T02:00:00+00:00,89939.39,89979.97,89655.41,89663.48,375.68609,2026-01-23T02:59:59.999000+00:00,33749968.0169639,109141,191.8853,17239734.2183978
2026-01-23T03:00:00+00:00,89663.47,89924.78,89646.18,89924.78,261.08428,2026-01-23T03:59:59.999000+00:00,23457120.1769413,67420,136.89708,12298641.8163158
2026-01-23T04:00:00+00:00,89924.78,90088.94,89871.73,89965.42,430.92263,2026-01-23T04:59:59.999000+00:00,38775185.3175403,85316,207.56338,18677377.9023782
2026-01-23T05:00:00+00:00,89965.43,89969.02,89473.99,89616.03,360.8873,2026-01-23T05:59:59.999000+00:00,32370743.9279113,142526,135.90851,12187407.1824866
2026-01-23T06:00:00+00:00,89616.04,89799.36,89400.0,89509.59,450.16637,2026-01-23T06:59:59.999000+00:00,40343409.2239201,192856,193.52405,17343386.3333391
2026-01-23T07:00:00+00:00,89509.59,89686.4,89447.52,89549.45,487.74127,2026-01-23T07:59:59.999000+00:00,43686414.8496973,139576,303.99604,27228250.8760758
2026-01-23T08:00:00+00:00,89549.45,89632.18,89133.35,89221.46,544.19233,2026-01-23T08:59:59.999000+00:00,48630037.1656888,163822,212.86097,19021581.9262483
2026-01-23T09:00:00+00:00,89221.46,89388.71,88897.81,88977.72,632.36708,2026-01-23T09:59:59.999000+00:00,56323911.654273,182420,275.28757,24525093.4930782
2026-01-23T10:00:00+00:00,88977.72,89160.74,88860.44,89046.49,334.46792,2026-01-23T10:59:59.999000+00:00,29785566.9586247,124155,166.50402,14828123.366945
2026-01-23T11:00:00+00:00,89046.49,89355.51,89000.0,89202.48,481.66038,2026-01-23T11:59:59.999000+00:00,42971811.4394583,109768,238.08436,21239280.1860913
2026-01-23T12:00:00+00:00,89202.47,89383.09,89099.2,89267.83,219.71914,2026-01-23T12:59:59.999000+00:00,19603870.8833432,76739,91.66868,8178608.2061393
2026-01-23T13:00:00+00:00,89267.83,89450.18,89237.65,89350.81,297.7631,2026-01-23T13:59:59.999000+00:00,26604918.7748797,91866,143.68762,12837119.3230873
2026-01-23T14:00:00+00:00,89350.8,89733.71,88663.65,89017.85,1240.76676,2026-01-23T14:59:59.999000+00:00,110619204.0195516,414675,622.67095,55523269.5933889
2026-01-23T15:00:00+00:00,89017.85,89865.53,88578.36,89761.61,1078.68425,2026-01-23T15:59:59.999000+00:00,96243206.6437359,492091,571.41557,51006360.0864857
2026-01-23T16:00:00+00:00,89761.61,90490.06,89489.0,90124.85,1266.72506,2026-01-23T16:59:59.999000+00:00,114021389.2761908,405652,676.42211,60913271.5153422
2026-01-23T17:00:00+00:00,90124.86,91224.99,89978.4,90600.0,1346.59832,2026-01-23T17:59:59.999000+00:00,122150559.1579712,398344,711.78054,64567746.8682476
2026-01-23T18:00:00+00:00,90600.0,91039.75,90449.42,90530.45,698.45416,2026-01-23T18:59:59.999000+00:00,63400382.8419608,264098,319.05446,28964642.6640803
2026-01-23T19:00:00+00:00,90530.44,90534.59,89612.01,89982.79,1118.99851,2026-01-23T19:59:59.999000+00:00,100717053.2765615,342778,583.76444,52523573.4918452
2026-01-23T20:00:00+00:00,89982.79,90156.06,89200.68,89503.68,917.72716,2026-01-23T20:59:59.999000+00:00,82207422.3912285,333082,417.22584,37387041.7369312
2026-01-23T21:00:00+00:00,89503.67,89691.18,89317.0,89349.99,308.4371,2026-01-23T21:59:59.999000+00:00,27610864.8785725,126154,148.00812,13251398.1807857
2026-01-23T22:00:00+00:00,89349.99,89752.45,89335.35,89624.61,406.19522,2026-01-23T22:59:59.999000+00:00,36410141.3887153,106372,226.14637,20268274.8328244
2026-01-23T23:00:00+00:00,89624.6,89631.0,89472.13,89600.26,151.87407,2026-01-23T23:59:59.999000+00:00,13601494.3734028,56423,67.88561,6079933.4219512
2026-01-24T00:00:00+00:00,89600.26,89625.41,89424.39,89452.83,130.78736,2026-01-24T00:59:59.999000+00:00,11706521.4364811,54271,48.66749,4356150.2327793
2026-01-24T01:00:00+00:00,89452.83,89588.72,89450.58,89550.24,118.84415,2026-01-24T01:59:59.999000+00:00,10639266.3490069,49431,67.33318,6028060.7290617
2026-01-24T02:00:00+00:00,89550.24,89722.57,89550.24,89702.85,142.98732,2026-01-24T02:59:59.999000+00:00,12818440.4826314,46645,75.07257,6730334.1817815
2026-01-24T03:00:00+00:00,89702.85,89957.39,89670.88,89770.02,368.35777,2026-01-24T03:59:59.999000+00:00,33088823.0283628,77464,180.99679,16261795.6198167
2026-01-24T04:00:00+00:00,89770.03,89853.38,89709.08,89829.35,167.98668,2026-01-24T04:59:59.999000+00:00,15080561.9524668,44994,81.61398,7326406.8189799
2026-01-24T05:00:00+00:00,89829.36,89849.78,89751.21,89775.2,112.02746,2026-01-24T05:59:59.999000+00:00,10059724.6312241,31139,53.74322,4825749.6161822
2026-01-24T06:00:00+00:00,89775.2,89784.88,89602.22,89649.32,420.23986,2026-01-24T06:59:59.999000+00:00,37691777.4562358,33567,140.19194,12571399.6810586
2026-01-24T07:00:00+00:00,89649.33,89692.31,89572.81,89620.1,254.69309,2026-01-24T07:59:59.999000+00:00,22825480.7101663,35223,107.84785,9664565.3171739
2026-01-24T08:00:00+00:00,89620.11,89686.43,89583.02,89660.88,190.29089,2026-01-24T08:59:59.999000+00:00,17055443.0413444,30316,69.41292,6221486.0409601
2026-01-24T09:00:00+00:00,89660.88,89660.88,89600.0,89600.0,126.61337,2026-01-24T09:59:59.999000+00:00,11346122.4741199,21637,31.72485,2843109.7659629
2026-01-24T10:00:00+00:00,89600.01,89654.79,89577.97,89626.8,82.58886,2026-01-24T10:59:59.999000+00:00,7401312.2823944,28210,45.5936,4085756.8400331
2026-01-24T11:00:00+00:00,89626.79,89676.26,89595.4,89595.4,114.10267,2026-01-24T11:59:59.999000+00:00,10227107.3755379,26930,51.3838,4605602.6566306
2026-01-24T12:00:00+00:00,89595.41,89595.41,89486.87,89537.82,179.07545,2026-01-24T12:59:59.999000+00:00,16034753.8593152,36036,79.99446,7162782.4310119
2026-01-24T13:00:00+00:00,89537.82,89540.44,89368.21,89368.22,156.7089,2026-01-24T13:59:59.999000+00:00,14027239.1242983,22599,53.56973,4795495.0443547
2026-01-24T14:00:00+00:00,89368.22,89512.05,89171.75,89450.03,346.65964,2026-01-24T14:59:59.999000+00:00,30991676.2894086,74368,155.84285,13934065.0695871
2026-01-24T15:00:00+00:00,89450.03,89492.14,89263.64,89275.77,334.47117,2026-01-24T15:59:59.999000+00:00,29911041.6159845,60978,148.36122,13268140.692428
2026-01-24T16:00:00+00:00,89275.77,89369.79,89162.08,89290.01,235.06029,2026-01-24T16:59:59.999000+00:00,20979333.7424661,62178,94.7996,8460782.7132658
2026-01-24T17:00:00+00:00,89290.01,89414.38,89252.93,89406.5,135.14408,2026-01-24T17:59:59.999000+00:00,12076145.8526235,38632,68.42582,6114218.9017339
2026-01-24T18:00:00+00:00,89406.5,89461.4,89382.05,89395.23,84.40453,2026-01-24T18:59:59.999000+00:00,7547175.0172801,24508,32.13501,2873371.1525364
2026-01-24T19:00:00+00:00,89395.22,89395.23,89276.58,89331.36,105.47816,2026-01-24T19:59:59.999000+00:00,9421441.1023654,27591,52.16627,4659328.9810032
2026-01-24T20:00:00+00:00,89331.36,89399.99,89331.35,89380.01,46.43346,2026-01-24T20:59:59.999000+00:00,4150192.5240642,17275,18.16672,1623737.0962501
2026-01-24T21:00:00+00:00,89380.0,89386.61,89270.0,89386.61,99.49846,2026-01-24T21:59:59.999000+00:00,8888214.8504699,35678,49.37794,4410941.3993587
2026-01-24T22:00:00+00:00,89386.61,89489.84,89304.85,89430.0,137.03504,2026-01-24T22:59:59.999000+00:00,12249614.9033957,36005,73.15909,6539637.1845466
2026-01-24T23:00:00+00:00,89429.99,89474.65,89215.59,89225.34,137.07871,2026-01-24T23:59:59.999000+00:00,12246735.9902379,44179,56.38849,5038275.2731968
2026-01-25T00:00:00+00:00,89225.34,89315.18,89183.49,89315.18,121.64277,2026-01-25T00:59:59.999000+00:00,10856029.8429287,39947,56.35211,5029154.5717867
2026-01-25T01:00:00+00:00,89315.18,89319.13,89102.58,89176.31,180.68432,2026-01-25T01:59:59.999000+00:00,16117384.4460897,55049,69.88634,6233890.5046297
2026-01-25T02:00:00+00:00,89176.31,89268.36,89129.62,89139.04,174.6544,2026-01-25T02:59:59.999000+00:00,15575185.1765925,36191,55.15959,4919653.3860612
2026-01-25T03:00:00+00:00,89139.04,89176.72,88838.72,88960.35,472.84604,2026-01-25T03:59:59.999000+00:00,42060978.3127849,84796,161.72339,14385161.4914938
2026-01-25T04:00:00+00:00,88960.36,89090.13,88941.03,89006.96,349.85772,2026-01-25T04:59:59.999000+00:00,31136560.8069822,54139,113.81429,10130359.0252166
2026-01-25T05:00:00+00:00,89006.97,89045.44,88870.45,88990.9,204.95163,2026-01-25T05:59:59.999000+00:00,18235063.2148071,44545,75.97381,6758235.7504553
2026-01-25T06:00:00+00:00,88990.89,88990.9,88649.98,88831.36,567.42395,2026-01-25T06:59:59.999000+00:00,50381036.0676413,98343,179.14173,15904117.065
2026-01-25T07:00:00+00:00,88831.36,88831.36,88635.84,88659.99,242.80483,2026-01-25T07:59:59.999000+00:00,21547715.5374308,44904,70.74317,6277450.3338315
2026-01-25T08:00:00+00:00,88659.99,88760.0,88136.0,88300.01,461.92857,2026-01-25T08:59:59.999000+00:00,40851960.9313847,140229,191.44379,16927455.0205953
2026-01-25T09:00:00+00:00,88300.0,88488.0,88238.5,88398.38,288.59867,2026-01-25T09:59:59.999000+00:00,25506354.2324795,76967,165.6822,14642516.2295288
2026-01-25T10:00:00+00:00,88398.38,88671.27,88398.37,88659.51,354.58647,2026-01-25T10:59:59.999000+00:00,31405404.9432245,79138,270.05873,23919978.0381317
2026-01-25T11:00:00+00:00,88659.52,88710.0,88536.11,88570.17,171.64836,2026-01-25T11:59:59.999000+00:00,15212634.2789366,65142,76.68027,6795788.3296795
2026-01-25T12:00:00+00:00,88570.17,88800.0,88450.0,88791.99,329.09813,2026-01-25T12:59:59.999000+00:00,29177641.7523357,87586,211.47307,18751405.5093855
2026-01-25T13:00:00+00:00,88791.98,88971.89,88650.98,88921.0,278.06,2026-01-25T13:59:59.999000+00:00,24700277.620608,78667,163.04802,14484427.0416545
2026-01-25T14:00:00+00:00,88920.99,88938.94,88624.55,88710.1,293.57615,2026-01-25T14:59:59.999000+00:00,26055978.0388719,108362,135.57887,12032507.2847252
2026-01-25T15:00:00+00:00,88710.1,88760.35,88340.75,88446.5,370.5229,2026-01-25T15:59:59.999000+00:00,32827200.3032494,96007,104.87037,9291655.6910606
2026-01-25T16:00:00+00:00,88446.51,88448.85,87560.0,88077.26,1878.84709,2026-01-25T16:59:59.999000+00:00,165235553.5458449,468100,823.60154,72426332.4791892
2026-01-25T17:00:00+00:00,88077.25,88108.24,87767.18,87892.17,467.38462,2026-01-25T17:59:59.999000+00:00,41090239.1668247,169555,229.96858,20215260.3387842
2026-01-25T18:00:00+00:00,87892.16,87983.29,86827.1,87420.01,1893.52035,2026-01-25T18:59:59.999000+00:00,165424807.0181776,407600,693.10402,60564715.601285
2026-01-25T19:00:00+00:00,87420.01,87508.15,86194.85,86495.16,1925.07483,2026-01-25T19:59:59.999000+00:00,166857531.0254499,450599,878.05254,76118912.6232985
2026-01-25T20:00:00+00:00,86495.17,86718.75,86222.02,86654.61,753.5591,2026-01-25T20:59:59.999000+00:00,65145981.6889179,265018,392.47658,33931678.8796612
2026-01-25T21:00:00+00:00,86654.6,87013.79,86400.0,86568.5,666.32154,2026-01-25T21:59:59.999000+00:00,57785249.9328097,216659,307.3082,26662877.4507271
2026-01-25T22:00:00+00:00,86568.51,86694.78,86217.32,86521.39,849.36578,2026-01-25T22:59:59.999000+00:00,73408535.4581099,219563,322.44562,27870784.1015816
2026-01-25T23:00:00+00:00,86521.39,86791.91,86074.72,86670.36,1129.26197,2026-01-25T23:59:59.999000+00:00,97638386.4990989,333072,520.68974,45030267.8196327
2026-01-26T00:00:00+00:00,86670.36,87167.84,86509.63,86854.86,788.16762,2026-01-26T00:59:59.999000+00:00,68482189.6582706,263131,434.29565,37733690.3293575
2026-01-26T01:00:00+00:00,86854.86,87809.99,86815.37,87698.73,1118.1087,2026-01-26T01:59:59.999000+00:00,97836414.2575088,342348,539.64417,47203846.513811
2026-01-26T02:00:00+00:00,87698.74,87973.11,87435.18,87563.38,1015.63506,2026-01-26T02:59:59.999000+00:00,89065695.618653,239682,650.24674,57026733.7073193
2026-01-26T03:00:00+00:00,87563.39,87691.41,87062.76,87282.05,1083.65608,2026-01-26T03:59:59.999000+00:00,94738825.5938163,177714,758.20686,66297307.6452974
2026-01-26T04:00:00+00:00,87282.04,87953.0,87244.27,87737.06,1109.49828,2026-01-26T04:59:59.999000+00:00,97258518.4341198,174138,864.39881,75761961.2446084
2026-01-26T05:00:00+00:00,87737.06,87956.27,87673.12,87826.01,765.12364,2026-01-26T05:59:59.999000+00:00,67203166.5457402,128751,466.6058,40990329.9482746
2026-01-26T06:00:00+00:00,87826.01,88031.73,87764.0,87937.44,915.62979,2026-01-26T06:59:59.999000+00:00,80475799.2344102,165310,491.74455,43217391.512666
2026-01-26T07:00:00+00:00,87937.45,88074.48,87701.72,88000.64,768.40988,2026-01-26T07:59:59.999000+00:00,67547263.0391853,175427,314.44474,27643959.3545074
2026-01-26T08:00:00+00:00,88000.64,88424.45,87846.89,87975.39,790.54723,2026-01-26T08:59:59.999000+00:00,69666665.1200189,184950,354.11873,31218048.1971282
2026-01-26T09:00:00+00:00,87975.39,88000.0,87600.69,87663.12,543.28474,2026-01-26T09:59:59.999000+00:00,47680981.1565297,138866,230.70073,20246308.6894261
2026-01-26T10:00:00+00:00,87663.12,87950.0,87660.0,87897.55,242.4813,2026-01-26T10:59:59.999000+00:00,21305516.2955825,76937,135.0438,11863886.7011222
2026-01-26T11:00:00+00:00,87897.55,87980.0,87765.99,87855.0,244.05793,2026-01-26T11:59:59.999000+00:00,21445468.6623733,60606,98.23771,8632766.4512605
2026-01-26T12:00:00+00:00,87855.01,87971.99,87735.38,87799.45,288.85651,2026-01-26T12:59:59.999000+00:00,25377614.242861,75949,132.277,11621399.2074522
2026-01-26T13:00:00+00:00,87799.44,88048.0,87681.4,87960.01,556.52991,2026-01-26T13:59:59.999000+00:00,48924689.4723341,128722,289.66965,25470685.804241
2026-01-26T14:00:00+00:00,87960.01,88508.41,87450.08,88178.1,1822.59356,2026-01-26T14:59:59.999000+00:00,160331184.3842121,419334,863.86654,76035164.6410811
2026-01-26T15:00:00+00:00,88178.09,88860.0,87325.03,87641.41,1769.32177,2026-01-26T15:59:59.999000+00:00,155989708.3162709,580752,824.59874,72755354.371808
2026-01-26T16:00:00+00:00,87641.41,87964.6,87206.0,87606.99,686.77865,2026-01-26T16:59:59.999000+00:00,60155439.8890202,393493,344.62579,30187314.9727582
2026-01-26T17:00:00+00:00,87607.0,87789.47,87035.51,87700.62,580.63374,2026-01-26T17:59:59.999000+00:00,50746640.390858,237495,265.96096,23250440.1409486
2026-01-26T18:00:00+00:00,87700.61,88403.73,87639.26,88403.72,550.84106,2026-01-26T18:59:59.999000+00:00,48498350.490855,221827,301.58921,26556656.4349171
2026-01-26T19:00:00+00:00,88403.73,88537.95,87950.0,88013.19,515.97407,2026-01-26T19:59:59.999000+00:00,45557680.8304924,170095,252.19312,22268252.5260665
2026-01-26T20:00:00+00:00,88013.19,88118.0,87542.05,87629.22,428.9526,2026-01-26T20:59:59.999000+00:00,37667408.6104398,134985,175.70239,15430440.5403675
2026-01-26T21:00:00+00:00,87629.23,88238.29,87573.35,88064.69,392.85938,2026-01-26T21:59:59.999000+00:00,34555671.8140567,120424,201.54312,17724155.3416619
2026-01-26T22:00:00+00:00,88064.69,88270.29,88001.75,88140.01,324.81747,2026-01-26T22:59:59.999000+00:00,28628819.9598031,86909,175.9362,15506812.545467
2026-01-26T23:00:00+00:00,88140.01,88659.09,88021.86,88347.08,463.75556,2026-01-26T23:59:59.999000+00:00,40996046.9718029,100238,263.29105,23271483.8734421
2026-01-27T00:00:00+00:00,88347.08,88457.3,88200.0,88353.97,302.20293,2026-01-27T00:59:59.999000+00:00,26687147.3612553,71831,88.36082,7802608.1595419
2026-01-27T01:00:00+00:00,88353.97,88700.0,88194.82,88550.61,340.87375,2026-01-27T01:59:59.999000+00:00,30156484.3477949,87589,183.80788,16266020.3977362
2026-01-27T02:00:00+00:00,88550.61,88858.96,88550.61,88831.6,479.8981,2026-01-27T02:59:59.999000+00:00,42577968.4268717,112810,299.73699,26597403.6427731
2026-01-27T03:00:00+00:00,88831.59,88898.0,88582.57,88788.0,526.26275,2026-01-27T03:59:59.999000+00:00,46693946.2523651,120654,364.66993,32357842.9745145
2026-01-27T04:00:00+00:00,88787.99,89010.0,88511.88,88579.58,508.81601,2026-01-27T04:59:59.999000+00:00,45164058.1670672,104113,254.20774,22575327.546076
2026-01-27T05:00:00+00:00,88579.58,88586.26,88399.99,88456.3,306.33125,2026-01-27T05:59:59.999000+00:00,27107140.3228857,70906,115.48617,10218958.0697455
2026-01-27T06:00:00+00:00,88456.31,88522.86,88278.03,88332.67,277.06987,2026-01-27T06:59:59.999000+00:00,24495093.100864,71584,136.80406,12098292.5462865
2026-01-27T07:00:00+00:00,88332.68,88555.14,88312.6,88320.41,356.10224,2026-01-27T07:59:59.999000+00:00,31496002.0542083,79642,150.6379,13322946.1841939
2026-01-27T08:00:00+00:00,88320.41,88397.85,88120.04,88170.82,305.95946,2026-01-27T08:59:59.999000+00:00,27002916.6209218,83728,142.70443,12595986.8555285
2026-01-27T09:00:00+00:00,88170.83,88170.83,87868.0,87886.82,501.6008,2026-01-27T09:59:59.999000+00:00,44143767.830822,101016,154.59661,13606054.5764877
2026-01-27T10:00:00+00:00,87886.82,88055.75,87743.84,87786.53,315.39119,2026-01-27T10:59:59.999000+00:00,27724024.8802645,74489,154.14586,13554677.3573122
2026-01-27T11:00:00+00:00,87786.53,88093.19,87743.52,87992.74,339.68763,2026-01-27T11:59:59.999000+00:00,29870980.2452884,79857,195.43601,17188925.4217125
2026-01-27T12:00:00+00:00,87992.74,88165.24,87955.98,87986.96,497.99816,2026-01-27T12:59:59.999000+00:00,43848804.3922487,84050,290.20735,25554184.3383473
2026-01-27T13:00:00+00:00,87986.96,88076.82,87799.2,87982.15,400.06912,2026-01-27T13:59:59.999000+00:00,35171899.8328785,83939,170.64718,15003356.5926733
2026-01-27T14:00:00+00:00,87982.15,88474.23,87659.23,87745.02,762.91064,2026-01-27T14:59:59.999000+00:00,67178134.7442039,332854,413.66124,36434417.9349932
2026-01-27T15:00:00+00:00,87745.02,88189.44,87578.67,88047.46,838.96558,2026-01-27T15:59:59.999000+00:00,73699275.5564265,375257,440.63295,38714903.3472607
2026-01-27T16:00:00+00:00,88047.46,88819.89,88002.57,88641.44,1128.77578,2026-01-27T16:59:59.999000+00:00,99918119.0098772,418968,586.58003,51928127.4268598
2026-01-27T17:00:00+00:00,88641.43,88699.45,87304.33,87546.58,1183.80567,2026-01-27T17:59:59.999000+00:00,103929166.5302376,363260,499.04049,43790288.37329
2026-01-27T18:00:00+00:00,87546.58,88510.15,87450.0,88285.05,865.62099,2026-01-27T18:59:59.999000+00:00,76057266.5394779,264807,542.81155,47703774.2522553
2026-01-27T19:00:00+00:00,88285.05,88549.32,88049.89,88408.77,469.70931,2026-01-27T19:59:59.999000+00:00,41485439.9913527,182020,189.38076,16725791.2655365
2026-01-27T20:00:00+00:00,88408.78,89497.19,88373.49,89396.16,1024.56489,2026-01-27T20:59:59.999000+00:00,91255268.933033,283254,620.55259,55278913.0587564
2026-01-27T21:00:00+00:00,89396.03,89523.16,89008.75,89081.46,689.88066,2026-01-27T21:59:59.999000+00:00,61592218.2642424,162970,396.94736,35440047.4560958
2026-01-27T22:00:00+00:00,89081.47,89421.91,89021.61,89243.63,281.54432,2026-01-27T22:59:59.999000+00:00,25118044.7807661,89337,145.84083,13012829.7326386
2026-01-27T23:00:00+00:00,89243.63,89515.78,89143.92,89250.0,421.36315,2026-01-27T23:59:59.999000+00:00,37653685.4041498,88401,185.97264,16616918.5466643
2026-01-28T00:00:00+00:00,89249.99,89468.01,89154.8,89467.72,258.84583,2026-01-28T00:59:59.999000+00:00,23110231.4936531,82957,141.59178,12642961.1604823
2026-01-28T01:00:00+00:00,89467.73,89497.96,89196.87,89404.57,267.52883,2026-01-28T01:59:59.999000+00:00,23913648.5543132,94523,114.27414,10214104.1767906
2026-01-28T02:00:00+00:00,89404.57,89453.89,89100.01,89285.77,214.15071,2026-01-28T02:59:59.999000+00:00,19115380.6604222,95501,84.60304,7552997.9264207
2026-01-28T03:00:00+00:00,89285.78,89311.87,88985.0,89126.67,353.861,2026-01-28T03:59:59.999000+00:00,31534275.3485127,100661,141.75568,12631132.5799468
2026-01-28T04:00:00+00:00,89126.68,89160.0,88840.0,88975.04,312.10964,2026-01-28T04:59:59.999000+00:00,27767899.2844448,84659,117.11249,10419003.0719747
2026-01-28T05:00:00+00:00,88975.03,89105.56,88849.0,89084.1,326.80822,2026-01-28T05:59:59.999000+00:00,29083986.9724763,79849,157.96758,14057987.5623134
2026-01-28T06:00:00+00:00,89084.1,89400.0,89084.1,89317.47,340.81001,2026-01-28T06:59:59.999000+00:00,30419246.8216401,92617,164.76254,14706651.5046906
2026-01-28T07:00:00+00:00,89317.47,89358.51,89099.81,89134.35,370.1952,2026-01-28T07:59:59.999000+00:00,33026854.0632143,86566,107.43314,9585499.5361867
2026-01-28T08:00:00+00:00,89134.35,89258.02,88833.65,88925.47,515.45435,2026-01-28T08:59:59.999000+00:00,45910123.4404242,115975,194.40587,17318015.3359525
2026-01-28T09:00:00+00:00,88925.47,89567.26,88849.99,89567.25,490.95043,2026-01-28T09:59:59.999000+00:00,43784950.1117769,126229,290.77963,25940608.9336921
2026-01-28T10:00:00+00:00,89567.25,89703.87,89330.22,89403.77,688.45427,2026-01-28T10:59:59.999000+00:00,61615392.4810216,160113,318.73352,28527394.4536478
2026-01-28T11:00:00+00:00,89403.76,90156.72,89313.13,90080.0,1092.21486,2026-01-28T11:59:59.999000+00:00,97997265.4981678,198930,618.33581,55497385.0940625
2026-01-28T12:00:00+00:00,90079.99,90176.88,89790.0,89998.69,946.78783,2026-01-28T12:59:59.999000+00:00,85173012.3242574,179417,440.74467,39656938.8392127
2026-01-28T13:00:00+00:00,89998.69,90488.0,89969.42,90257.91,1485.47795,2026-01-28T13:59:59.999000+00:00,134099074.0996094,250842,891.64888,80496508.8186037
2026-01-28T14:00:00+00:00,90257.91,90276.78,89460.01,89617.27,997.73721,2026-01-28T14:59:59.999000+00:00,89678134.5257839,383355,434.72264,39075659.8012547
2026-01-28T15:00:00+00:00,89617.27,89849.75,88904.61,89479.66,998.88376,2026-01-28T15:59:59.999000+00:00,89225868.6226386,429398,470.16576,42003345.8753531
2026-01-28T16:00:00+00:00,89479.66,89830.0,89248.61,89629.66,744.86311,2026-01-28T16:59:59.999000+00:00,66715151.0850041,280620,435.22008,38990267.6745405
2026-01-28T17:00:00+00:00,89629.66,90600.0,89277.21,90169.88,923.32635,2026-01-28T17:59:59.999000+00:00,83089378.7851436,248746,524.07782,47168592.5273256
2026-01-28T18:00:00+00:00,90169.89,90178.91,89312.88,89546.24,748.51147,2026-01-28T18:59:59.999000+00:00,67166682.9999748,227936,299.35963,26861146.8959033
2026-01-28T19:00:00+00:00,89544.0,89719.58,89006.36,89402.58,893.3832,2026-01-28T19:59:59.999000+00:00,79834899.0353197,484460,425.74518,38049321.267968
2026-01-28T20:00:00+00:00,89402.57,89896.0,89010.0,89130.63,590.94624,2026-01-28T20:59:59.999000+00:00,52856777.9366923,227613,277.1544,24795982.2777661
2026-01-28T21:00:00+00:00,89130.63,89490.24,88878.01,89412.17,381.49994,2026-01-28T21:59:59.999000+00:00,34020454.60423,191513,180.95878,16143776.7681903
2026-01-28T22:00:00+00:00,89412.18,89479.04,89138.0,89396.15,156.23518,2026-01-28T22:59:59.999000+00:00,13952427.2700456,73786,67.9292,6066578.3321096
2026-01-28T23:00:00+00:00,89396.15,89471.41,89209.48,89299.99,233.14943,2026-01-28T23:59:59.999000+00:00,20828724.8327052,89525,115.9611,10359170.9007481
2026-01-29T00:00:00+00:00,89300.0,89348.0,88900.0,89143.91,431.21285,2026-01-29T00:59:59.999000+00:00,38417474.5770297,154141,141.87832,12640673.9063103
2026-01-29T01:00:00+00:00,89143.92,89159.99,88548.87,88603.56,624.81108,2026-01-29T01:59:59.999000+00:00,55457853.9165003,206468,259.68948,23044009.9421906
2026-01-29T02:00:00+00:00,88603.56,88754.64,87704.0,87907.06,1097.35161,2026-01-29T02:59:59.999000+00:00,96803584.8005459,306119,419.04418,36961771.5826971
2026-01-29T03:00:00+00:00,87907.05,88265.39,87771.3,88053.71,769.73434,2026-01-29T03:59:59.999000+00:00,67779202.9122534,174848,444.52824,39143208.0258303
2026-01-29T04:00:00+00:00,88053.71,88345.66,87901.23,88315.2,311.3438,2026-01-29T04:59:59.999000+00:00,27429649.7762003,86833,191.39502,16861932.614084
2026-01-29T05:00:00+00:00,88315.2,88408.08,88142.66,88186.54,354.31355,2026-01-29T05:59:59.999000+00:00,31282812.214044,77402,183.84328,16230270.8346733
2026-01-29T06:00:00+00:00,88186.53,88338.67,88168.9,88319.35,284.51762,2026-01-29T06:59:59.999000+00:00,25114183.5432259,71779,138.98991,12268781.611376
2026-01-29T07:00:00+00:00,88319.35,88430.05,88250.0,88352.97,526.73614,2026-01-29T07:59:59.999000+00:00,46525841.6853345,83926,255.17139,22539814.2296282
2026-01-29T08:00:00+00:00,88352.96,88500.0,87907.8,88064.16,823.67262,2026-01-29T08:59:59.999000+00:00,72619731.0935992,133101,352.84347,31109187.8560641
2026-01-29T09:00:00+00:00,88064.16,88160.0,87892.0,87892.01,372.84765,2026-01-29T09:59:59.999000+00:00,32816440.5269267,70955,168.79369,14859103.2412823
2026-01-29T10:00:00+00:00,87892.0,88046.59,87832.18,87946.46,575.41561,2026-01-29T10:59:59.999000+00:00,50598572.7051307,76150,271.93503,23913569.8377745
2026-01-29T11:00:00+00:00,87946.47,88066.94,87750.01,87846.5,527.10516,2026-01-29T11:59:59.999000+00:00,46315623.7491573,94975,239.93961,21082629.2685971
2026-01-29T12:00:00+00:00,87846.5,88121.29,87817.97,88121.21,516.69113,2026-01-29T12:59:59.999000+00:00,45460648.3727793,76207,225.81118,19868949.619024
2026-01-29T13:00:00+00:00,88121.21,88182.29,87951.67,88052.88,283.13252,2026-01-29T13:59:59.999000+00:00,24940417.0993889,57434,154.28223,13590024.7293876
2026-01-29T14:00:00+00:00,88052.87,88075.23,87008.0,87014.4,1065.77381,2026-01-29T14:59:59.999000+00:00,93374914.345016,290797,441.5565,38703684.6005264
2026-01-29T15:00:00+00:00,87014.4,87039.51,84366.56,84934.02,8241.9564,2026-01-29T15:59:59.999000+00:00,704778894.1693392,1042655,2523.48048,215610937.2620436
2026-01-29T16:00:00+00:00,84934.02,85392.2,84268.17,85270.0,4076.75879,2026-01-29T16:59:59.999000+00:00,345397425.3576127,593102,1401.38362,118808828.8594498
2026-01-29T17:00:00+00:00,85270.01,85638.3,84012.78,84261.66,2652.67947,2026-01-29T17:59:59.999000+00:00,225382759.8545018,446250,1324.41017,112608321.8861556
2026-01-29T18:00:00+00:00,84261.66,84630.55,83415.0,83477.02,2305.76692,2026-01-29T18:59:59.999000+00:00,193585102.9618309,544877,976.43448,82004093.3955463
2026-01-29T19:00:00+00:00,83477.02,84334.97,83383.33,84012.11,1752.68525,2026-01-29T19:59:59.999000+00:00,147018710.513196,358783,825.1225,69200767.7370579
2026-01-29T20:00:00+00:00,84012.11,84398.36,83824.9,84216.91,1089.07114,2026-01-29T20:59:59.999000+00:00,91564837.8931266,267279,578.87156,48674187.9515453
2026-01-29T21:00:00+00:00,84216.91,84706.32,84200.0,84526.57,780.67473,2026-01-29T21:59:59.999000+00:00,65919385.0788075,197629,458.72077,38740970.0158613
2026-01-29T22:00:00+00:00,84526.57,84615.74,84306.24,84570.05,335.13893,2026-01-29T22:59:59.999000+00:00,28311519.480255,82910,165.54596,13984016.0485878
2026-01-29T23:00:00+00:00,84570.04,84737.69,84445.7,84650.16,631.99089,2026-01-29T23:59:59.999000+00:00,53486001.2842017,104129,241.91799,20470649.0203254
2026-01-30T00:00:00+00:00,84650.16,84735.75,84100.0,84192.0,730.18491,2026-01-30T00:59:59.999000+00:00,61634913.7488723,130537,257.86415,21771651.1645771
2026-01-30T01:00:00+00:00,84192.0,84192.01,81118.0,82468.02,6080.28823,2026-01-30T01:59:59.999000+00:00,501827611.8484488,730326,2320.55154,191250439.7402665
2026-01-30T02:00:00+00:00,82468.01,82535.89,81154.0,82164.88,3963.98084,2026-01-30T02:59:59.999000+00:00,324465120.7903256,728018,1605.82573,131438091.8888643
2026-01-30T03:00:00+00:00,82164.88,82738.89,82036.35,82676.43,1470.66915,2026-01-30T03:59:59.999000+00:00,121099969.4493413,281534,656.08506,54036672.3013854
2026-01-30T04:00:00+00:00,82676.42,83332.2,82676.42,82938.92,1147.37787,2026-01-30T04:59:59.999000+00:00,95245959.7154891,206977,571.58317,47445368.111155
2026-01-30T05:00:00+00:00,82938.92,83329.36,82903.23,82914.19,818.20759,2026-01-30T05:59:59.999000+00:00,67997774.5118739,157432,380.67497,31633055.7938778
2026-01-30T06:00:00+00:00,82914.2,82919.21,82056.08,82602.81,1199.37024,2026-01-30T06:59:59.999000+00:00,99063064.6070744,258558,478.05819,39487080.5040548
2026-01-30T07:00:00+00:00,82602.81,83100.0,82483.27,82816.98,1624.46252,2026-01-30T07:59:59.999000+00:00,134405059.2115771,255287,1071.85178,88687959.3358376
2026-01-30T08:00:00+00:00,82816.98,82995.41,82438.8,82671.7,959.74241,2026-01-30T08:59:59.999000+00:00,79380727.2262554,213661,617.57305,51088581.0251581
2026-01-30T09:00:00+00:00,82671.7,82834.19,82160.0,82363.72,1026.26025,2026-01-30T09:59:59.999000+00:00,84642791.5124561,265314,544.984,44959418.8163671
2026-01-30T10:00:00+00:00,82363.71,82897.41,82172.02,82833.92,661.3904,2026-01-30T10:59:59.999000+00:00,54587859.5049429,227004,393.09081,32447168.5153356
2026-01-30T11:00:00+00:00,82833.92,83314.85,82682.15,83151.36,607.68303,2026-01-30T11:59:59.999000+00:00,50393061.8251982,181536,364.5677,30234690.5459603
2026-01-30T12:00:00+00:00,83151.36,83329.35,82650.0,82800.5,693.0162,2026-01-30T12:59:59.999000+00:00,57454381.4256739,189580,327.88671,27180039.2775335
2026-01-30T13:00:00+00:00,82800.49,83087.34,82421.64,82740.92,760.57185,2026-01-30T13:59:59.999000+00:00,62923812.7135169,260033,412.15499,34102923.811943
2026-01-30T14:00:00+00:00,82740.93,83797.99,82738.68,83098.0,1785.40114,2026-01-30T14:59:59.999000+00:00,148576592.0073549,560365,1000.83665,83296212.2793779
2026-01-30T15:00:00+00:00,83098.0,83616.46,82382.01,82883.94,1512.89136,2026-01-30T15:59:59.999000+00:00,125728110.9064015,716661,748.05031,62192927.1606368
2026-01-30T16:00:00+00:00,82882.84,83493.6,82549.35,83149.0,956.54558,2026-01-30T16:59:59.999000+00:00,79451323.2658162,531783,420.68817,34950196.3537592
2026-01-30T17:00:00+00:00,83149.0,83475.8,82641.6,82943.23,1094.09504,2026-01-30T17:59:59.999000+00:00,90878216.4594951,535245,551.45699,45814508.9829351
2026-01-30T18:00:00+00:00,82943.23,84160.0,81871.37,83931.13,2213.77003,2026-01-30T18:59:59.999000+00:00,183445167.7066359,777890,1051.02981,87201914.2414213
2026-01-30T19:00:00+00:00,83931.13,84621.16,83917.36,84242.99,1851.84536,2026-01-30T19:59:59.999000+00:00,156092177.8293766,627150,939.83278,79226169.4410703
2026-01-30T20:00:00+00:00,84243.0,84299.99,83539.2,83906.34,2390.62988,2026-01-30T20:59:59.999000+00:00,200668721.910862,642136,1194.25504,100266904.8958475
2026-01-30T21:00:00+00:00,83906.34,84523.11,83790.44,84273.7,835.94444,2026-01-30T21:59:59.999000+00:00,70417008.9965236,253269,468.13365,39440995.011898
2026-01-30T22:00:00+00:00,84273.71,84327.06,83918.42,84219.99,454.50219,2026-01-30T22:59:59.999000+00:00,38214283.136958,167317,196.83717,16550130.5576052
2026-01-30T23:00:00+00:00,84220.0,84298.96,83933.82,84260.49,357.01742,2026-01-30T23:59:59.999000+00:00,30030356.1713623,101216,175.72542,14783685.3498136
2026-01-31T00:00:00+00:00,84260.5,84270.02,84014.01,84067.83,380.99765,2026-01-31T00:59:59.999000+00:00,32060607.1140464,99962,139.8544,11768212.1361917
2026-01-31T01:00:00+00:00,84067.83,84266.22,83908.0,83999.99,474.79523,2026-01-31T01:59:59.999000+00:00,39922697.9120194,102397,204.29095,17178178.8277945
2026-01-31T02:00:00+00:00,84000.0,84183.42,83815.02,84130.01,514.80351,2026-01-31T02:59:59.999000+00:00,43239036.1952878,110835,287.34323,24136643.2977538
2026-01-31T03:00:00+00:00,84130.01,84232.0,84022.69,84022.69,356.74317,2026-01-31T03:59:59.999000+00:00,30016580.5948519,76399,232.84659,19592457.4458259
2026-01-31T04:00:00+00:00,84022.7,84146.22,83941.43,83992.45,214.26773,2026-01-31T04:59:59.999000+00:00,18013269.9062507,69101,109.60979,9214741.0045145
2026-01-31T05:00:00+00:00,83992.44,84097.37,83903.7,84000.01,249.62585,2026-01-31T05:59:59.999000+00:00,20967094.4653515,73730,144.00044,12094507.3734667
2026-01-31T06:00:00+00:00,84000.01,84050.51,83638.4,83786.09,407.33324,2026-01-31T06:59:59.999000+00:00,34134993.0959037,93835,151.12051,12662089.1294331
2026-01-31T07:00:00+00:00,83786.09,83805.02,83404.67,83546.81,478.7189,2026-01-31T07:59:59.999000+00:00,40014037.4359084,94324,197.76429,16526599.1513303
2026-01-31T08:00:00+00:00,83546.82,83629.08,82560.75,83074.07,1142.87539,2026-01-31T08:59:59.999000+00:00,94883157.8509379,314551,453.61009,37656221.2823303
2026-01-31T09:00:00+00:00,83074.08,83300.0,82894.0,83109.1,471.08907,2026-01-31T09:59:59.999000+00:00,39167263.9830662,169958,241.33064,20069327.2577611
2026-01-31T10:00:00+00:00,83109.1,83203.26,82917.32,83160.0,515.13254,2026-01-31T10:59:59.999000+00:00,42811420.6797339,116996,276.36336,22970630.5543728
2026-01-31T11:00:00+00:00,83160.0,83160.0,82851.97,83020.0,279.69189,2026-01-31T11:59:59.999000+00:00,23220354.0229587,118802,141.74852,11768202.5906749
2026-01-31T12:00:00+00:00,83020.0,83140.0,82720.0,82762.0,537.57574,2026-01-31T12:59:59.999000+00:00,44555733.8412743,160068,259.64701,21518677.4976424
2026-01-31T13:00:00+00:00,82761.99,82919.29,82478.59,82767.99,539.85854,2026-01-31T13:59:59.999000+00:00,44642719.0962285,195158,232.42076,19223098.0433838
2026-01-31T14:00:00+00:00,82768.0,82928.2,80825.76,81479.99,4166.24097,2026-01-31T14:59:59.999000+00:00,339638421.9088188,722011,1635.76866,133363500.899368
2026-01-31T15:00:00+00:00,81480.0,81789.68,81088.0,81302.15,1568.15407,2026-01-31T15:59:59.999000+00:00,127554126.942484,392138,775.5784,63091501.7673174
2026-01-31T16:00:00+00:00,81302.16,82200.0,80098.01,80365.04,5113.56418,2026-01-31T16:59:59.999000+00:00,413298570.0582603,736832,2477.8717,200186273.8069087
2026-01-31T17:00:00+00:00,80365.05,80550.74,78159.9,78893.92,6669.26832,2026-01-31T17:59:59.999000+00:00,528254556.0216781,909684,2837.73589,224512910.3645469
2026-01-31T18:00:00+00:00,78893.92,79143.64,75719.9,78038.38,7783.32311,2026-01-31T18:59:59.999000+00:00,603507189.9175195,847095,3016.3554,234088814.117893
2026-01-31T19:00:00+00:00,78038.39,78576.3,77194.0,77750.01,2463.45994,2026-01-31T19:59:59.999000+00:00,191947689.197807,555966,1263.97021,98510979.4939825
2026-01-31T20:00:00+00:00,77750.01,78141.95,77092.34,77999.03,1378.50317,2026-01-31T20:59:59.999000+00:00,106947266.5932428,426367,748.0296,58047647.3384668
2026-01-31T21:00:00+00:00,77999.02,78365.02,77372.69,78292.0,1330.5666,2026-01-31T21:59:59.999000+00:00,103689804.0304607,417345,789.25062,61525165.4527333
2026-01-31T22:00:00+00:00,78292.0,78499.94,78000.0,78155.17,902.43744,2026-01-31T22:59:59.999000+00:00,70594211.6578053,233979,513.78442,40193472.8961443
2026-01-31T23:00:00+00:00,78155.16,79240.0,78078.67,78741.09,1552.86508,2026-01-31T23:59:59.999000+00:00,122183291.1011483,347443,829.3181,65220394.2528598
2026-02-01T00:00:00+00:00,78741.1,79424.0,78644.09,78902.31,1738.02598,2026-02-01T00:59:59.999000+00:00,137406050.2797791,453145,922.66296,72972570.892902
2026-02-01T01:00:00+00:00,78902.31,78943.62,78284.0,78532.17,1163.10084,2026-02-01T01:59:59.999000+00:00,91401610.5329853,365358,431.91227,33937511.8118997
2026-02-01T02:00:00+00:00,78532.32,79060.44,78378.0,78900.01,762.94469,2026-02-01T02:59:59.999000+00:00,60059542.1075661,280075,405.87848,31954747.5989653
2026-02-01T03:00:00+00:00,78900.01,79008.36,78666.73,78868.28,594.31033,2026-02-01T03:59:59.999000+00:00,46838113.0947163,198452,304.95888,24033801.3198636
2026-02-01T04:00:00+00:00,78868.29,79119.3,78720.97,78971.75,441.04188,2026-02-01T04:59:59.999000+00:00,34823785.6762405,154405,246.77599,19486032.7619342
2026-02-01T05:00:00+00:00,78973.22,79006.0,78527.13,78620.91,744.7428,2026-02-01T05:59:59.999000+00:00,58660566.0800846,198307,391.59057,30847430.7585837
2026-02-01T06:00:00+00:00,78620.9,78824.1,78266.63,78300.0,568.62406,2026-02-01T06:59:59.999000+00:00,44665527.2636759,200310,254.10936,19963285.0831139
2026-02-01T07:00:00+00:00,78300.01,78724.01,77967.69,78343.0,808.74546,2026-02-01T07:59:59.999000+00:00,63296409.9875797,291017,361.65344,28313688.908586
2026-02-01T08:00:00+00:00,78343.0,78863.0,78252.64,78604.02,567.72389,2026-02-01T08:59:59.999000+00:00,44603722.9275774,223580,262.43775,20622606.6589598
2026-02-01T09:00:00+00:00,78604.02,79136.1,78551.15,79034.45,479.76229,2026-02-01T09:59:59.999000+00:00,37807903.1491442,189051,280.94149,22142689.3087337
2026-02-01T10:00:00+00:00,79034.45,79220.72,78148.1,78279.73,863.43565,2026-02-01T10:59:59.999000+00:00,67942607.3662948,312831,406.14845,31973842.5881494
2026-02-01T11:00:00+00:00,78279.73,78877.89,78279.72,78743.56,539.38656,2026-02-01T11:59:59.999000+00:00,42379299.7466323,218909,263.27303,20688427.9339882
2026-02-01T12:00:00+00:00,78743.57,78760.0,78244.0,78459.67,620.90729,2026-02-01T12:59:59.999000+00:00,48748335.8178633,206071,293.37869,23031725.4878278
2026-02-01T13:00:00+00:00,78459.68,78768.68,78203.21,78317.51,482.47432,2026-02-01T13:59:59.999000+00:00,37895543.502112,205226,244.12629,19177546.382629
2026-02-01T14:00:00+00:00,78317.51,78520.0,77236.68,78211.12,1658.37078,2026-02-01T14:59:59.999000+00:00,129207311.4579532,617614,713.00138,55590941.568606
2026-02-01T15:00:00+00:00,78211.12,78254.2,76761.98,77593.4,2045.87767,2026-02-01T15:59:59.999000+00:00,158134003.9331339,662084,909.40212,70290644.5312283
2026-02-01T16:00:00+00:00,77593.4,77838.48,77087.76,77494.77,1084.57336,2026-02-01T16:59:59.999000+00:00,83953794.73546,493272,482.31522,37345135.5910351
2026-02-01T17:00:00+00:00,77494.77,77748.0,77300.0,77745.32,549.82327,2026-02-01T17:59:59.999000+00:00,42635456.7780305,327533,261.88172,20308633.9408076
2026-02-01T18:00:00+00:00,77745.33,78443.1,77727.27,78029.28,791.63632,2026-02-01T18:59:59.999000+00:00,61808538.3951773,329953,374.37785,29229801.4747976
2026-02-01T19:00:00+00:00,78029.29,78106.1,77000.01,77174.78,457.49789,2026-02-01T19:59:59.999000+00:00,35473923.355168,257502,188.62527,14622471.1989219
2026-02-01T20:00:00+00:00,77174.77,77740.91,76606.0,77103.04,1125.71882,2026-02-01T20:59:59.999000+00:00,86838139.9915463,371114,557.42459,43001403.0436199
2026-02-01T21:00:00+00:00,77103.04,77161.26,76359.87,76526.03,1221.6059,2026-02-01T21:59:59.999000+00:00,93722521.8360675,370566,570.76691,43801726.9311886
2026-02-01T22:00:00+00:00,76526.03,77779.63,76456.78,77249.31,1235.13318,2026-02-01T22:59:59.999000+00:00,95296146.2358238,398499,665.87409,51377361.8140265
2026-02-01T23:00:00+00:00,77249.31,77610.72,75700.0,76968.21,4850.01845,2026-02-01T23:59:59.999000+00:00,371321702.7967746,677032,2238.22712,171381715.1498494
2026-02-02T00:00:00+00:00,76968.22,78231.26,76606.39,77672.61,1960.16053,2026-02-02T00:59:59.999000+00:00,151925957.2240549,704706,1139.69392,88352315.8755212
2026-02-02T01:00:00+00:00,77672.61,77942.28,76619.69,77518.87,1238.02224,2026-02-02T01:59:59.999000+00:00,95892495.7672463,521896,596.18585,46195395.8592894
2026-02-02T02:00:00+00:00,77518.87,77555.62,76449.84,76491.17,1406.18164,2026-02-02T02:59:59.999000+00:00,108215443.9611382,410082,753.71926,58011134.5036021
2026-02-02T03:00:00+00:00,76491.18,76575.93,74604.0,76292.98,6845.40126,2026-02-02T03:59:59.999000+00:00,515668508.2372719,1008654,3047.18614,229589264.6985146
2026-02-02T04:00:00+00:00,76292.98,76621.28,75335.9,75894.15,2387.03559,2026-02-02T04:59:59.999000+00:00,181531495.4632673,505862,1044.63896,79467738.242802
2026-02-02T05:00:00+00:00,75894.15,75999.99,74911.14,75502.1,2327.56014,2026-02-02T05:59:59.999000+00:00,175315426.6760915,558104,967.9071,72872638.9795263
2026-02-02T06:00:00+00:00,75502.1,76834.71,74957.51,76549.32,3207.27225,2026-02-02T06:59:59.999000+00:00,243242170.891786,676199,1501.47771,113870259.4456723
2026-02-02T07:00:00+00:00,76549.32,76958.0,76327.9,76660.79,1646.53051,2026-02-02T07:59:59.999000+00:00,126151849.8380286,462448,1023.63814,78438495.8825818
2026-02-02T08:00:00+00:00,76660.78,77191.15,76628.28,76881.28,1422.14452,2026-02-02T08:59:59.999000+00:00,109369558.0734551,361539,770.13402,59241711.1932929
2026-02-02T09:00:00+00:00,76881.28,77815.0,76652.0,77725.33,2196.40917,2026-02-02T09:59:59.999000+00:00,170180164.5523161,459943,1413.78804,109607911.2796545
2026-02-02T10:00:00+00:00,77725.33,77876.69,77474.85,77504.54,1049.86427,2026-02-02T10:59:59.999000+00:00,81521120.0469882,268374,543.52141,42211713.5469137
2026-02-02T11:00:00+00:00,77504.54,77970.62,77451.11,77759.99,983.08962,2026-02-02T11:59:59.999000+00:00,76466338.0066646,268090,567.85822,44168918.9969799
2026-02-02T12:00:00+00:00,77760.0,78434.0,77706.0,77988.51,1103.97039,2026-02-02T12:59:59.999000+00:00,86120645.2539989,320801,605.53233,47248433.8897871
2026-02-02T13:00:00+00:00,77988.5,78458.0,77800.0,78224.79,960.76337,2026-02-02T13:59:59.999000+00:00,74925553.9733863,323067,528.73139,41239378.8669447
2026-02-02T14:00:00+00:00,78224.8,78885.0,77626.44,77844.79,2220.07608,2026-02-02T14:59:59.999000+00:00,173737983.5153101,637819,1153.76298,90315260.7372072
2026-02-02T15:00:00+00:00,77844.78,79360.0,77564.62,78850.06,3238.00821,2026-02-02T15:59:59.999000+00:00,254419599.0376599,737827,1710.02556,134410557.4832805
2026-02-02T16:00:00+00:00,78850.06,79288.28,78584.0,78634.76,1987.74899,2026-02-02T16:59:59.999000+00:00,156956832.6214821,471630,1042.30394,82301015.8434587
2026-02-02T17:00:00+00:00,78634.75,79213.99,78603.93,78988.64,1407.01094,2026-02-02T17:59:59.999000+00:00,111114462.8952639,304161,764.30826,60356258.8207944
2026-02-02T18:00:00+00:00,78988.65,78988.65,78369.13,78569.84,992.65857,2026-02-02T18:59:59.999000+00:00,78078120.42547,222556,514.59496,40475534.8165471
2026-02-02T19:00:00+00:00,78569.83,78697.99,78283.27,78341.5,1074.65868,2026-02-02T19:59:59.999000+00:00,84304394.8144783,198583,492.90713,38673650.5972806
2026-02-02T20:00:00+00:00,78341.5,78667.38,77888.0,78008.59,902.54602,2026-02-02T20:59:59.999000+00:00,70657975.7753948,266195,448.12636,35083797.125187
2026-02-02T21:00:00+00:00,78008.59,78552.76,77922.0,78532.06,507.24426,2026-02-02T21:59:59.999000+00:00,39730737.4157416,157928,275.71072,21590891.3717941
2026-02-02T22:00:00+00:00,78532.07,78853.35,78528.21,78795.2,488.24484,2026-02-02T22:59:59.999000+00:00,38437882.7438306,108362,272.58865,21458653.0262783
2026-02-02T23:00:00+00:00,78795.2,78962.78,78560.0,78738.61,720.98807,2026-02-02T23:59:59.999000+00:00,56787727.2510044,130752,302.1101,23796510.14053
2026-02-03T00:00:00+00:00,78738.6,79099.99,78408.05,79065.24,994.28607,2026-02-03T00:59:59.999000+00:00,78313035.3122505,228795,467.36015,36816816.1072825
2026-02-03T01:00:00+00:00,79065.24,79186.81,78716.79,79017.63,990.1874,2026-02-03T01:59:59.999000+00:00,78146233.8310405,277959,478.04014,37724295.956261
2026-02-03T02:00:00+00:00,79017.64,79017.64,77800.0,77808.01,959.76758,2026-02-03T02:59:59.999000+00:00,75198186.2074744,317922,399.234,31298558.1164894
2026-02-03T03:00:00+00:00,77808.02,78907.18,77644.09,78753.32,1068.28743,2026-02-03T03:59:59.999000+00:00,83564575.0898859,359662,594.50101,46524327.4808948
2026-02-03T04:00:00+00:00,78753.32,78999.99,78488.0,78798.39,719.00577,2026-02-03T04:59:59.999000+00:00,56613939.9310998,196951,355.62414,27996660.3508644
2026-02-03T05:00:00+00:00,78798.38,78809.78,78218.98,78240.45,581.74505,2026-02-03T05:59:59.999000+00:00,45652579.228918,191874,209.60593,16445972.6246198
2026-02-03T06:00:00+00:00,78240.45,78665.91,77950.0,78594.17,881.03721,2026-02-03T06:59:59.999000+00:00,69038743.0281444,228656,499.41783,39138147.6180918
2026-02-03T07:00:00+00:00,78594.01,78923.93,78488.01,78794.67,705.05984,2026-02-03T07:59:59.999000+00:00,55530426.9854914,244462,355.62027,28004843.7831896
2026-02-03T08:00:00+00:00,78794.67,79084.29,78464.6,78747.96,840.3253,2026-02-03T08:59:59.999000+00:00,66242596.4651168,238750,408.69041,32230413.1747791
2026-02-03T09:00:00+00:00,78747.96,78841.35,77950.0,78400.01,972.9435,2026-02-03T09:59:59.999000+00:00,76147845.4785854,315913,456.8248,35761132.6968808
2026-02-03T10:00:00+00:00,78400.01,78560.0,78070.0,78120.36,505.87116,2026-02-03T10:59:59.999000+00:00,39628503.7827413,193078,258.37989,20243450.2039841
2026-02-03T11:00:00+00:00,78120.36,78349.24,78004.08,78079.5,475.83471,2026-02-03T11:59:59.999000+00:00,37200545.498043,204193,238.74726,18666859.4779924
2026-02-03T12:00:00+00:00,78079.5,78416.9,78000.0,78330.26,933.6271,2026-02-03T12:59:59.999000+00:00,73046161.9925693,220572,465.58114,36425273.8118343
2026-02-03T13:00:00+00:00,78330.26,78458.89,78187.91,78307.65,529.49211,2026-02-03T13:59:59.999000+00:00,41482980.8590999,200836,281.78483,22076049.1892763
2026-02-03T14:00:00+00:00,78307.65,78434.61,77156.24,77201.22,2011.4149,2026-02-03T14:59:59.999000+00:00,156645912.6836947,633581,926.0144,72123007.3539735
2026-02-03T15:00:00+00:00,77201.21,78196.83,77055.54,78132.33,2069.08407,2026-02-03T15:59:59.999000+00:00,160665503.5248955,733502,1026.1779,79692656.2537937
2026-02-03T16:00:00+00:00,78132.34,78134.53,76400.0,76488.08,3199.23624,2026-02-03T16:59:59.999000+00:00,245981816.8559154,642874,1278.95033,98394462.2815596
2026-02-03T17:00:00+00:00,76488.08,76525.44,74882.28,74915.79,3210.53566,2026-02-03T17:59:59.999000+00:00,242729330.6644105,689063,1364.81192,103218338.539984
2026-02-03T18:00:00+00:00,74915.79,75302.76,73137.66,73139.13,8932.04301,2026-02-03T18:59:59.999000+00:00,662015509.4482327,967046,3129.71123,232003885.5395887
2026-02-03T19:00:00+00:00,73139.12,75291.1,72945.5,74935.0,3497.82279,2026-02-03T19:59:59.999000+00:00,259852834.7899189,778817,1785.7168,132746867.5367144
2026-02-03T20:00:00+00:00,74935.0,76721.25,74586.54,76475.52,2122.86901,2026-02-03T20:59:59.999000+00:00,161031555.0181568,585369,1099.00009,83390169.0767391
2026-02-03T21:00:00+00:00,76475.53,76960.0,76124.05,76239.43,1110.97152,2026-02-03T21:59:59.999000+00:00,85109474.6990175,256759,437.95238,33544089.1227455
2026-02-03T22:00:00+00:00,76239.43,76299.19,75406.79,75708.83,1013.97922,2026-02-03T22:59:59.999000+00:00,76895512.1925046,269874,442.00076,33514098.0041276
2026-02-03T23:00:00+00:00,75708.82,76000.0,75428.16,75770.21,794.68224,2026-02-03T23:59:59.999000+00:00,60169205.0075847,222937,345.13492,26139022.1343732
2026-02-04T00:00:00+00:00,75770.21,76264.0,75467.22,75910.88,730.62893,2026-02-04T00:59:59.999000+00:00,55437918.7244514,266456,336.63938,25551020.4484119
2026-02-04T01:00:00+00:00,75910.88,76798.12,75910.88,76423.73,952.72942,2026-02-04T01:59:59.999000+00:00,72897015.3908048,307695,412.97301,31584950.0866599
2026-02-04T02:00:00+00:00,76423.73,76610.04,75707.41,75963.35,853.38888,2026-02-04T02:59:59.999000+00:00,64992664.0666588,278097,353.53158,26916926.6586633
2026-02-04T03:00:00+00:00,75963.35,76971.52,75906.05,76698.17,1036.93598,2026-02-04T03:59:59.999000+00:00,79410992.5857394,265909,472.80023,36199475.0641969
2026-02-04T04:00:00+00:00,76698.17,76830.69,76413.64,76479.75,577.39018,2026-02-04T04:59:59.999000+00:00,44242660.5863415,169462,199.31132,15273414.9889836
2026-02-04T05:00:00+00:00,76479.75,76526.8,76105.3,76279.99,1056.73491,2026-02-04T05:59:59.999000+00:00,80712761.8690646,186617,467.07386,35678317.4723748
2026-02-04T06:00:00+00:00,76280.0,76780.0,76259.9,76652.68,609.34015,2026-02-04T06:59:59.999000+00:00,46651495.7654055,166410,268.47895,20553972.7239502
2026-02-04T07:00:00+00:00,76652.68,76657.31,76335.46,76514.3,593.58526,2026-02-04T07:59:59.999000+00:00,45408088.1021638,182983,270.9918,20731859.0443246
2026-02-04T08:00:00+00:00,76514.3,76600.0,76068.69,76587.26,736.19473,2026-02-04T08:59:59.999000+00:00,56208328.136606,238936,353.98886,27029048.8818258
2026-02-04T09:00:00+00:00,76587.26,76607.69,75967.1,76119.0,632.82215,2026-02-04T09:59:59.999000+00:00,48225371.7965558,216509,264.26983,20137964.0505506
2026-02-04T10:00:00+00:00,76119.0,76338.65,76069.0,76302.1,440.91077,2026-02-04T10:59:59.999000+00:00,33597954.7072301,164088,231.97092,17677717.9637299
2026-02-04T11:00:00+00:00,76302.1,76302.1,75666.0,76017.25,1102.73317,2026-02-04T11:59:59.999000+00:00,83792805.8323244,285632,456.01468,34661048.4292711
2026-02-04T12:00:00+00:00,76017.25,76260.85,76000.0,76180.85,942.91713,2026-02-04T12:59:59.999000+00:00,71794358.5761299,214446,405.03502,30839146.9120943
2026-02-04T13:00:00+00:00,76180.84,76186.98,74867.0,74867.0,1563.62436,2026-02-04T13:59:59.999000+00:00,118061599.3709951,349449,520.65201,39295625.4165197
2026-02-04T14:00:00+00:00,74867.0,75769.23,74256.0,74359.53,2801.90282,2026-02-04T14:59:59.999000+00:00,210491604.9004639,868555,1468.83731,110410185.0504138
2026-02-04T15:00:00+00:00,74359.53,75328.28,73794.11,74136.36,3644.50098,2026-02-04T15:59:59.999000+00:00,271400714.1182592,1173949,1804.31707,134399479.899838
2026-02-04T16:00:00+00:00,74136.48,74249.83,73076.92,73636.01,3089.62892,2026-02-04T16:59:59.999000+00:00,227540704.7001799,970474,1482.0829,109183028.8562666
2026-02-04T17:00:00+00:00,73635.63,73863.92,72169.0,72576.08,5764.80542,2026-02-04T17:59:59.999000+00:00,419684604.4284931,1102629,2253.30867,164223365.5653085
2026-02-04T18:00:00+00:00,72576.08,74140.0,72273.68,73425.96,3480.01439,2026-02-04T18:59:59.999000+00:00,254764287.1152172,970515,1703.67893,124779121.3725065
2026-02-04T19:00:00+00:00,73425.97,74007.28,73041.41,73923.29,1609.77508,2026-02-04T19:59:59.999000+00:00,118423183.226987,577511,891.51733,65603729.9533079
2026-02-04T20:00:00+00:00,73923.3,74144.0,73425.56,73516.3,1052.61663,2026-02-04T20:59:59.999000+00:00,77594042.5259137,388741,494.33387,36444987.8702095
2026-02-04T21:00:00+00:00,73516.3,73654.0,72210.0,72799.99,1379.23839,2026-02-04T21:59:59.999000+00:00,100568403.1521278,400346,592.614,43195080.6636629
2026-02-04T22:00:00+00:00,72800.0,73680.0,71888.0,72543.38,2426.62344,2026-02-04T22:59:59.999000+00:00,176152689.4600842,609621,986.4663,71645348.4990047
2026-02-04T23:00:00+00:00,72543.38,73520.59,72468.12,73165.83,1296.31791,2026-02-04T23:59:59.999000+00:00,94780382.4009493,368972,583.46786,42649952.9569975
2026-02-05T00:00:00+00:00,73165.84,73325.6,72754.21,72868.02,1031.56586,2026-02-05T00:59:59.999000+00:00,75337771.8942535,356907,523.34494,38220159.2265505
2026-02-05T01:00:00+00:00,72868.02,73341.18,71995.09,72421.26,1796.49365,2026-02-05T01:59:59.999000+00:00,130473959.3343069,690479,883.14755,64143754.042292
2026-02-05T02:00:00+00:00,72421.26,72854.39,71305.55,71454.44,2979.51665,2026-02-05T02:59:59.999000+00:00,214636071.1676868,837656,1352.78713,97501775.2117885
2026-02-05T03:00:00+00:00,71454.44,71884.47,71152.78,71223.25,2548.86017,2026-02-05T03:59:59.999000+00:00,182242795.7681116,805760,1208.59699,86450029.3528143
2026-02-05T04:00:00+00:00,71223.25,71437.68,70701.0,70888.08,4293.99043,2026-02-05T04:59:59.999000+00:00,305106384.5832097,797850,1760.53394,125129873.9829473
2026-02-05T05:00:00+00:00,70888.09,71150.16,70140.0,70732.72,4302.51294,2026-02-05T05:59:59.999000+00:00,303984571.0072998,532800,1727.42864,122108114.1273522
2026-02-05T06:00:00+00:00,70732.73,70984.62,70434.05,70951.51,2020.09726,2026-02-05T06:59:59.999000+00:00,142822029.3424882,383311,934.84608,66100630.7405852
2026-02-05T07:00:00+00:00,70951.51,71622.82,70644.73,70756.85,2612.40429,2026-02-05T07:59:59.999000+00:00,185976735.3058596,359743,1363.5714,97078653.0768581
2026-02-05T08:00:00+00:00,70756.86,71550.0,70683.58,71054.99,1815.06036,2026-02-05T08:59:59.999000+00:00,129188750.9857679,314450,921.2609,65567736.7264616
2026-02-05T09:00:00+00:00,71054.99,71978.58,71049.35,71550.0,1842.40706,2026-02-05T09:59:59.999000+00:00,131910817.565504,329695,997.84614,71417300.788797
2026-02-05T10:00:00+00:00,71549.99,71726.79,70656.59,70858.13,1618.18196,2026-02-05T10:59:59.999000+00:00,115265285.2797737,267101,777.75946,55407974.9523044
2026-02-05T11:00:00+00:00,70858.13,71063.94,69922.0,70318.35,4107.09256,2026-02-05T11:59:59.999000+00:00,288854871.8430211,543392,1890.06782,132983468.7444113
2026-02-05T12:00:00+00:00,70318.35,70603.49,69163.0,69563.57,5331.37678,2026-02-05T12:59:59.999000+00:00,371089288.0188878,717000,2324.14485,161789562.182135
2026-02-05T13:00:00+00:00,69563.56,69831.85,69261.11,69688.94,2587.65964,2026-02-05T13:59:59.999000+00:00,179923506.1319959,416975,1341.14659,93261444.0576976
2026-02-05T14:00:00+00:00,69688.94,70872.04,69285.71,69404.76,3459.24538,2026-02-05T14:59:59.999000+00:00,242510251.613791,652011,1784.5165,125145176.3629074
2026-02-05T15:00:00+00:00,69404.75,69616.29,66720.15,67489.07,13836.57347,2026-02-05T15:59:59.999000+00:00,937898948.9260927,1181032,6481.68742,438924818.5615984
2026-02-05T16:00:00+00:00,67489.08,68681.81,66955.34,68295.15,5860.78146,2026-02-05T16:59:59.999000+00:00,397405538.4305222,789436,3205.92477,217429845.688984
2026-02-05T17:00:00+00:00,68295.15,68374.79,66152.0,66181.69,6127.2285,2026-02-05T17:59:59.999000+00:00,410910104.4300714,840267,2745.12221,184180920.6842559
2026-02-05T18:00:00+00:00,66181.68,66542.87,65385.0,66347.0,5703.68497,2026-02-05T18:59:59.999000+00:00,376039663.6153991,716550,2716.11474,179133309.2031504
2026-02-05T19:00:00+00:00,66347.01,66637.46,65200.0,65265.65,3605.53717,2026-02-05T19:59:59.999000+00:00,237574235.8678654,578735,1617.61819,106595978.9069486
2026-02-05T20:00:00+00:00,65265.66,65700.0,62345.0,63775.67,13269.97533,2026-02-05T20:59:59.999000+00:00,847911013.9792558,1111134,5271.52963,336795535.5242332
2026-02-05T21:00:00+00:00,63775.66,64775.0,62888.34,63213.34,6727.66673,2026-02-05T21:59:59.999000+00:00,429210097.5477524,962432,2952.92771,188451704.3160317
2026-02-05T22:00:00+00:00,63213.34,64615.88,62690.9,63907.86,4776.16051,2026-02-05T22:59:59.999000+00:00,303744055.4206754,617119,2223.9106,141552814.6576069
2026-02-05T23:00:00+00:00,63907.86,64908.0,62717.48,62909.86,4044.75586,2026-02-05T23:59:59.999000+00:00,258728846.2211016,562175,2036.81586,130378921.9145281
2026-02-06T00:00:00+00:00,62909.87,63861.87,60000.0,63509.39,15965.67588,2026-02-06T00:59:59.999000+00:00,983313849.2310015,1514013,7642.87009,471212447.9948199
2026-02-06T01:00:00+00:00,63509.4,65760.0,63509.39,65714.96,6085.05108,2026-02-06T01:59:59.999000+00:00,392761574.6051488,877667,3450.67867,222740637.1853677
2026-02-06T02:00:00+00:00,65714.96,66010.0,64201.28,64990.1,4172.0595,2026-02-06T02:59:59.999000+00:00,271191994.1508989,741794,1941.58254,126196776.8253673
2026-02-06T03:00:00+00:00,64990.11,65172.13,63770.17,64168.33,2757.61679,2026-02-06T03:59:59.999000+00:00,177857647.7280151,602939,1196.97389,77263663.3093777
2026-02-06T04:00:00+00:00,64168.33,65000.0,63914.62,64905.84,2678.77331,2026-02-06T04:59:59.999000+00:00,173066189.5546315,404064,1299.68406,84050116.9604724
2026-02-06T05:00:00+00:00,64905.54,66826.5,64800.01,66408.11,3077.34633,2026-02-06T05:59:59.999000+00:00,202469458.4421068,477248,1854.85555,122035437.3131502
2026-02-06T06:00:00+00:00,66408.11,66800.0,64856.88,64988.26,3562.00258,2026-02-06T06:59:59.999000+00:00,234112425.3489971,544910,1654.85565,108755180.5386849
2026-02-06T07:00:00+00:00,64988.26,65543.79,64654.11,64856.0,3886.24107,2026-02-06T07:59:59.999000+00:00,252781089.2087666,496113,2339.72251,152207128.5429122
2026-02-06T08:00:00+00:00,64856.0,65206.11,64500.0,64895.05,2403.94942,2026-02-06T08:59:59.999000+00:00,155914537.165812,427947,1291.6825,83795848.5754033
2026-02-06T09:00:00+00:00,64895.04,66163.0,64764.7,65799.55,2736.04998,2026-02-06T09:59:59.999000+00:00,179306872.5209807,378058,1656.34569,108501995.900629
2026-02-06T10:00:00+00:00,65799.55,66220.0,65550.0,65967.51,2067.37547,2026-02-06T10:59:59.999000+00:00,136334280.7549651,362698,1020.20231,67282780.3166772
2026-02-06T11:00:00+00:00,65967.51,66755.13,65772.17,66631.32,2445.47098,2026-02-06T11:59:59.999000+00:00,161964875.8728817,324146,1442.171,95528319.4378613
2026-02-06T12:00:00+00:00,66631.32,66631.32,66114.49,66557.93,1895.66919,2026-02-06T12:59:59.999000+00:00,125778916.8434325,346133,988.45472,65591489.0367176
2026-02-06T13:00:00+00:00,66557.93,67690.7,66480.82,67316.82,4063.76595,2026-02-06T13:59:59.999000+00:00,272654657.9282015,711990,1996.65136,133934329.974412
2026-02-06T14:00:00+00:00,67316.82,68647.45,66629.36,68194.89,5594.57909,2026-02-06T14:59:59.999000+00:00,379143904.8943248,1003136,2880.06389,195387232.3945946
2026-02-06T15:00:00+00:00,68194.9,69192.0,67772.0,68626.0,6052.81042,2026-02-06T15:59:59.999000+00:00,414111171.7194836,938035,3674.29759,251428717.9131474
2026-02-06T16:00:00+00:00,68625.99,70224.62,68428.19,69954.01,6892.60997,2026-02-06T16:59:59.999000+00:00,479317269.1977095,648731,4472.81406,311087726.3504231
2026-02-06T17:00:00+00:00,69954.01,71500.0,69593.43,70753.53,5224.54006,2026-02-06T17:59:59.999000+00:00,369124574.3022497,551751,2896.98479,204681730.2286094
2026-02-06T18:00:00+00:00,70753.53,70816.0,69340.91,69776.68,3217.47319,2026-02-06T18:59:59.999000+00:00,225053850.2912317,495341,1627.24151,113780696.5133758
2026-02-06T19:00:00+00:00,69776.68,70952.0,69662.22,70731.46,1949.07605,2026-02-06T19:59:59.999000+00:00,136943234.1394525,306508,1178.95985,82821154.1720647
2026-02-06T20:00:00+00:00,70731.45,70996.77,70000.12,70000.13,1842.94729,2026-02-06T20:59:59.999000+00:00,129947383.6715928,400315,861.50595,60769187.7713038
2026-02-06T21:00:00+00:00,70000.14,70508.75,69837.35,70358.43,1079.99332,2026-02-06T21:59:59.999000+00:00,75802762.6155608,237693,530.13318,37209921.8044486
2026-02-06T22:00:00+00:00,70358.44,71577.09,70279.09,71354.46,1439.41821,2026-02-06T22:59:59.999000+00:00,102200267.2138324,221121,879.82483,62475890.1460992
2026-02-06T23:00:00+00:00,71354.46,71751.33,70505.0,70580.26,1448.72018,2026-02-06T23:59:59.999000+00:00,102903883.2102278,216177,698.95579,49687740.0747689
2026-02-07T00:00:00+00:00,70580.26,70600.0,69718.0,69958.0,1684.48527,2026-02-07T00:59:59.999000+00:00,118072968.6667561,413634,696.69651,48842836.7275121
2026-02-07T01:00:00+00:00,69958.0,70680.54,69741.87,70471.49,1257.48702,2026-02-07T01:59:59.999000+00:00,88220183.922375,264599,647.10163,45420411.8106593
2026-02-07T02:00:00+00:00,70471.48,70624.49,70151.51,70361.37,828.17189,2026-02-07T02:59:59.999000+00:00,58301106.6330102,218091,454.90696,32025668.6013638
2026-02-07T03:00:00+00:00,70361.36,70928.75,70270.0,70918.99,917.62946,2026-02-07T03:59:59.999000+00:00,64842409.4162871,242966,510.70312,36083840.3607187
2026-02-07T04:00:00+00:00,70918.99,71690.07,70604.55,70768.13,1760.77139,2026-02-07T04:59:59.999000+00:00,125188978.6930477,378067,1016.51113,72287363.2624898
2026-02-07T05:00:00+00:00,70768.0,71191.88,69800.0,70161.5,1954.17044,2026-02-07T05:59:59.999000+00:00,137566141.3869366,316337,689.50227,48598439.0354855
2026-02-07T06:00:00+00:00,70161.51,70310.0,68757.68,68769.65,3067.81307,2026-02-07T06:59:59.999000+00:00,214133020.9763347,372927,1040.26219,72601950.3594011
2026-02-07T07:00:00+00:00,68769.66,69084.55,67300.0,68087.14,6488.56676,2026-02-07T07:59:59.999000+00:00,441858383.6604056,803328,2623.42794,178645147.347486
2026-02-07T08:00:00+00:00,68087.13,68790.0,67747.65,68495.01,2785.44241,2026-02-07T08:59:59.999000+00:00,190356131.1229834,401908,1042.70512,71280935.2868888
2026-02-07T09:00:00+00:00,68495.01,68763.28,67885.86,68138.2,2704.83478,2026-02-07T09:59:59.999000+00:00,184801016.5309009,292045,807.41382,55160545.0853224
2026-02-07T10:00:00+00:00,68138.19,68299.3,67582.48,67987.0,2026.15669,2026-02-07T10:59:59.999000+00:00,137633090.3383656,246732,625.99064,42519593.3557006
2026-02-07T11:00:00+00:00,67986.99,68157.21,67700.0,67972.65,1172.5817,2026-02-07T11:59:59.999000+00:00,79653190.267499,201136,447.58237,30408209.4507875
2026-02-07T12:00:00+00:00,67972.65,69999.99,67901.89,69024.98,3372.78032,2026-02-07T12:59:59.999000+00:00,233199087.3574486,605815,1692.54441,117020435.7873134
2026-02-07T13:00:00+00:00,69024.98,69364.5,68821.64,69093.98,1462.50623,2026-02-07T13:59:59.999000+00:00,101012427.61148,274572,586.16093,40491870.6294156
2026-02-07T14:00:00+00:00,69093.98,69187.27,68358.75,68645.99,1780.47515,2026-02-07T14:59:59.999000+00:00,122573950.3176169,288450,558.17314,38410304.90437
2026-02-07T15:00:00+00:00,68646.0,69762.46,68556.0,69151.5,2675.07885,2026-02-07T15:59:59.999000+00:00,185176063.5017746,402218,1170.33424,81016310.051607
2026-02-07T16:00:00+00:00,69151.5,69898.0,68822.51,68957.16,3767.46183,2026-02-07T16:59:59.999000+00:00,261363746.2750567,574985,1760.97508,122197934.2142493
2026-02-07T17:00:00+00:00,68957.16,69408.0,68531.5,69188.81,1260.95907,2026-02-07T17:59:59.999000+00:00,86929846.3692334,212789,536.46724,37013339.56066
2026-02-07T18:00:00+00:00,69188.81,69690.89,69009.09,69514.11,815.22684,2026-02-07T18:59:59.999000+00:00,56549764.4607476,154987,518.85081,35989906.2754178
2026-02-07T19:00:00+00:00,69514.11,69577.43,69266.66,69373.61,549.67003,2026-02-07T19:59:59.999000+00:00,38143830.7199442,109331,315.16392,21867988.1446047
2026-02-07T20:00:00+00:00,69373.61,69728.83,69252.72,69631.18,431.2072,2026-02-07T20:59:59.999000+00:00,29957363.2304844,89754,217.13825,15087514.8419554
2026-02-07T21:00:00+00:00,69631.18,69699.16,69356.16,69497.99,322.93251,2026-02-07T21:59:59.999000+00:00,22450189.2663311,87548,160.91043,11186783.7714783
2026-02-07T22:00:00+00:00,69497.99,69727.86,69325.67,69399.34,469.65551,2026-02-07T22:59:59.999000+00:00,32660664.8711183,82455,304.2006,21160631.1288589
2026-02-07T23:00:00+00:00,69399.34,69462.42,68787.34,69289.38,699.41594,2026-02-07T23:59:59.999000+00:00,48340323.4730147,132753,342.49958,23671863.4356949
2026-02-08T00:00:00+00:00,69289.37,69432.0,68888.0,69133.79,682.62238,2026-02-08T00:59:59.999000+00:00,47181564.7497188,175220,355.28061,24555302.6335914
2026-02-08T01:00:00+00:00,69133.8,69500.0,69095.17,69379.57,433.38727,2026-02-08T01:59:59.999000+00:00,30025992.3580857,164140,230.33663,15957092.2176228
2026-02-08T02:00:00+00:00,69379.57,69696.57,69167.42,69370.7,452.71707,2026-02-08T02:59:59.999000+00:00,31414296.8565434,157898,207.72562,14416555.9175508
2026-02-08T03:00:00+00:00,69370.69,69443.9,69069.65,69099.99,457.68257,2026-02-08T03:59:59.999000+00:00,31704832.7965277,139432,190.23878,13179599.0741574
2026-02-08T04:00:00+00:00,69100.0,69372.06,68952.01,69340.16,390.41434,2026-02-08T04:59:59.999000+00:00,27020239.2417695,103999,177.05008,12254392.0998411
2026-02-08T05:00:00+00:00,69340.15,69422.43,69146.47,69220.52,386.01063,2026-02-08T05:59:59.999000+00:00,26731881.2179781,93924,178.54514,12365187.8230291
2026-02-08T06:00:00+00:00,69220.53,69518.56,69090.0,69361.18,1121.01748,2026-02-08T06:59:59.999000+00:00,77723429.1054979,137777,839.68471,58223035.8207497
2026-02-08T07:00:00+00:00,69361.18,69719.07,69215.69,69710.69,980.72904,2026-02-08T07:59:59.999000+00:00,68103004.9448665,144334,675.84382,46931598.5853913
2026-02-08T08:00:00+00:00,69710.69,70796.99,69514.15,70665.59,1875.5789,2026-02-08T08:59:59.999000+00:00,131710133.3273272,354978,1184.85913,83171590.3857144
2026-02-08T09:00:00+00:00,70665.59,70712.71,70094.71,70107.19,1028.89501,2026-02-08T09:59:59.999000+00:00,72373851.2606664,253473,481.09927,33859109.4045382
2026-02-08T10:00:00+00:00,70107.2,70449.99,69890.52,70266.41,1062.517,2026-02-08T10:59:59.999000+00:00,74583893.8340363,239518,507.09242,35594867.4390857
2026-02-08T11:00:00+00:00,70266.41,71220.0,70210.26,70999.98,1342.32428,2026-02-08T11:59:59.999000+00:00,95018976.3921083,291448,785.30653,55610983.9994574
2026-02-08T12:00:00+00:00,70999.99,71281.74,70707.39,71249.95,791.13826,2026-02-08T12:59:59.999000+00:00,56143063.1114847,213041,445.20371,31597739.9272769
2026-02-08T13:00:00+00:00,71249.65,71517.27,70956.0,71514.77,1080.90623,2026-02-08T13:59:59.999000+00:00,77076868.8214099,231715,652.47047,46544383.669969
2026-02-08T14:00:00+00:00,71514.77,71554.95,71105.0,71262.19,872.42876,2026-02-08T14:59:59.999000+00:00,62214168.0760228,209384,450.34528,32118223.4103344
2026-02-08T15:00:00+00:00,71262.18,71465.93,70786.18,71188.99,914.74435,2026-02-08T15:59:59.999000+00:00,65075653.8982066,262103,468.85249,33357404.6668694
2026-02-08T16:00:00+00:00,71188.99,71256.97,70251.33,70416.0,1094.49116,2026-02-08T16:59:59.999000+00:00,77504663.1349606,263539,387.94391,27470483.1889267
2026-02-08T17:00:00+00:00,70415.99,70871.66,70407.42,70785.99,515.39696,2026-02-08T17:59:59.999000+00:00,36440176.2053608,188931,292.10549,20654464.8845197
2026-02-08T18:00:00+00:00,70786.0,71418.0,70750.0,71147.25,643.64182,2026-02-08T18:59:59.999000+00:00,45783995.8782411,209719,377.72218,26866491.804783
2026-02-08T19:00:00+00:00,71147.24,71538.05,71142.77,71422.97,466.64362,2026-02-08T19:59:59.999000+00:00,33292167.8401641,136973,295.05791,21055646.5703045
2026-02-08T20:00:00+00:00,71422.96,71427.73,70700.03,70835.17,803.14197,2026-02-08T20:59:59.999000+00:00,57045644.4028484,162157,262.03912,18613983.9162033
2026-02-08T21:00:00+00:00,70835.17,71136.03,70524.14,70700.0,621.70092,2026-02-08T21:59:59.999000+00:00,44020466.6234867,129951,241.296,17098624.0099885
2026-02-08T22:00:00+00:00,70700.01,71100.04,70652.11,71066.09,568.07657,2026-02-08T22:59:59.999000+00:00,40259624.5113892,107651,333.49784,23638210.341691
2026-02-08T23:00:00+00:00,71066.09,72271.41,70000.0,70330.38,2834.32509,2026-02-08T23:59:59.999000+00:00,201555170.0641414,499144,1416.15524,100763895.490224
2026-02-09T00:00:00+00:00,70330.38,70774.4,70123.02,70502.38,961.77536,2026-02-09T00:59:59.999000+00:00,67768544.2528428,330826,487.04203,34324357.5132143
2026-02-09T01:00:00+00:00,70502.37,70926.4,70068.18,70369.53,1060.82602,2026-02-09T01:59:59.999000+00:00,74741798.6926714,342236,554.86518,39113330.9818756
2026-02-09T02:00:00+00:00,70369.53,71000.0,70220.12,70629.99,832.82995,2026-02-09T02:59:59.999000+00:00,58791332.9583933,287254,416.11835,29375524.9345652
2026-02-09T03:00:00+00:00,70629.99,71453.53,70614.07,71307.56,1165.88308,2026-02-09T03:59:59.999000+00:00,82794003.1535703,261041,679.28186,48241844.8066665
2026-02-09T04:00:00+00:00,71307.56,71359.37,70924.13,71005.01,663.12266,2026-02-09T04:59:59.999000+00:00,47166265.4685103,159643,274.62295,19530722.9352097
2026-02-09T05:00:00+00:00,71005.01,71112.0,70805.0,71044.51,554.37782,2026-02-09T05:59:59.999000+00:00,39327663.6922673,160207,253.73987,18002507.991685
2026-02-09T06:00:00+00:00,71044.51,71044.52,70311.7,70667.95,697.3032,2026-02-09T06:59:59.999000+00:00,49234810.8634091,216849,309.36944,21842190.21666
2026-02-09T07:00:00+00:00,70667.96,70902.51,70331.57,70422.59,1015.80172,2026-02-09T07:59:59.999000+00:00,71680414.5784966,215292,398.66041,28142242.1952758
2026-02-09T08:00:00+00:00,70422.59,70608.83,69393.97,69873.99,1595.15551,2026-02-09T08:59:59.999000+00:00,111547468.1522962,343062,742.91015,51925737.8303015
2026-02-09T09:00:00+00:00,69873.45,70116.0,69478.63,69630.35,1112.26419,2026-02-09T09:59:59.999000+00:00,77626458.6723725,259871,535.66941,37387674.6270535
2026-02-09T10:00:00+00:00,69630.35,69730.38,68420.58,68727.88,2052.69575,2026-02-09T10:59:59.999000+00:00,141565979.9300593,451622,888.94943,61355462.0185992
2026-02-09T11:00:00+00:00,68727.88,69022.89,68573.31,68928.72,1348.78221,2026-02-09T11:59:59.999000+00:00,92828891.8414746,268825,624.98121,43013986.3082
2026-02-09T12:00:00+00:00,68928.71,69262.91,68857.97,69147.01,1009.44887,2026-02-09T12:59:59.999000+00:00,69738596.4344284,229797,567.13806,39183246.2490767
2026-02-09T13:00:00+00:00,69147.02,69299.99,68586.48,68594.57,1029.85836,2026-02-09T13:59:59.999000+00:00,71071908.3812637,247261,438.12488,30259973.8146557
2026-02-09T14:00:00+00:00,68594.56,69755.59,68308.0,69272.0,2516.24849,2026-02-09T14:59:59.999000+00:00,173490796.2842965,697065,1314.11971,90607418.6738838
2026-02-09T15:00:00+00:00,69271.99,69884.82,68780.0,69563.37,2308.23216,2026-02-09T15:59:59.999000+00:00,160210438.5133536,428206,1178.83081,81825239.1754885
2026-02-09T16:00:00+00:00,69563.37,70428.48,69100.0,70093.01,1734.77412,2026-02-09T16:59:59.999000+00:00,121079636.5121444,343060,860.85178,60083146.0262629
2026-02-09T17:00:00+00:00,70093.0,71000.0,69870.65,70612.29,2206.43168,2026-02-09T17:59:59.999000+00:00,155504067.1043777,321224,1112.96889,78450704.5996377
2026-02-09T18:00:00+00:00,70612.29,71012.0,70088.88,70418.68,1419.6332,2026-02-09T18:59:59.999000+00:00,100051357.1772337,294785,657.50258,46347078.828387
2026-02-09T19:00:00+00:00,70418.67,71075.31,70260.0,70957.01,878.36448,2026-02-09T19:59:59.999000+00:00,62138771.4054881,217640,455.03972,32192659.7194286
2026-02-09T20:00:00+00:00,70957.01,71126.0,70500.0,70738.71,948.93614,2026-02-09T20:59:59.999000+00:00,67144941.4506941,201376,338.42569,23961269.4400556
2026-02-09T21:00:00+00:00,70738.71,70807.75,69823.52,70400.0,1102.83201,2026-02-09T21:59:59.999000+00:00,77473655.1544195,167552,376.63253,26456729.0756644
2026-02-09T22:00:00+00:00,70400.01,70719.7,70271.13,70372.96,530.94981,2026-02-09T22:59:59.999000+00:00,37410318.9061587,105205,237.21311,16715957.0454207
2026-02-09T23:00:00+00:00,70372.96,70572.84,70083.45,70138.0,406.20163,2026-02-09T23:59:59.999000+00:00,28571419.8407555,94870,151.57681,10662611.6757049
2026-02-10T00:00:00+00:00,70138.0,70255.36,69743.8,69827.33,569.13678,2026-02-10T00:59:59.999000+00:00,39810350.5140406,136081,236.8614,16569442.1997639
2026-02-10T01:00:00+00:00,69827.34,70527.59,69827.34,70486.82,544.68673,2026-02-10T01:59:59.999000+00:00,38262791.3485826,162390,303.64399,21335501.1578535
2026-02-10T02:00:00+00:00,70486.82,70486.82,69982.27,70102.89,444.00707,2026-02-10T02:59:59.999000+00:00,31189347.9740572,129871,199.97809,14051054.6721154
2026-02-10T03:00:00+00:00,70102.9,70166.22,69208.61,69511.83,911.79715,2026-02-10T03:59:59.999000+00:00,63441867.9434131,220709,344.50562,23963693.2154966
2026-02-10T04:00:00+00:00,69511.83,69906.5,69469.58,69831.62,489.42781,2026-02-10T04:59:59.999000+00:00,34130215.726842,121034,223.92267,15615567.3536813
2026-02-10T05:00:00+00:00,69831.62,69864.0,69210.76,69447.64,565.92441,2026-02-10T05:59:59.999000+00:00,39340019.4798015,143803,176.65513,12280117.1365737
2026-02-10T06:00:00+00:00,69447.63,69499.9,68682.0,68921.35,1241.02042,2026-02-10T06:59:59.999000+00:00,85688190.5945981,232994,509.32719,35157739.2765175
2026-02-10T07:00:00+00:00,68921.36,69218.64,68852.43,68919.66,837.11514,2026-02-10T07:59:59.999000+00:00,57779515.4584042,148370,384.30147,26526725.8262145
2026-02-10T08:00:00+00:00,68919.66,69226.16,68725.81,69142.0,730.03493,2026-02-10T08:59:59.999000+00:00,50363284.5368462,154136,303.56159,20947339.6423135
2026-02-10T09:00:00+00:00,69141.99,69417.7,68950.0,69151.5,1044.9818,2026-02-10T09:59:59.999000+00:00,72310416.4720702,133342,397.44611,27509008.0369971
2026-02-10T10:00:00+00:00,69151.5,69258.52,68921.64,68921.68,686.30742,2026-02-10T10:59:59.999000+00:00,47416474.5771903,109615,303.67404,20980523.4928062
2026-02-10T11:00:00+00:00,68921.68,69085.79,68459.89,68535.01,1128.13956,2026-02-10T11:59:59.999000+00:00,77588218.6368433,167675,498.88632,34314566.6448859
2026-02-10T12:00:00+00:00,68535.02,68855.35,68434.0,68610.12,821.53118,2026-02-10T12:59:59.999000+00:00,56402818.821165,170732,375.81996,25803502.7182525
2026-02-10T13:00:00+00:00,68610.11,69143.6,68370.23,69027.95,992.44284,2026-02-10T13:59:59.999000+00:00,68255677.5672345,194907,613.99059,42237577.9719238
2026-02-10T14:00:00+00:00,69027.94,69591.2,67800.0,68460.4,2352.751,2026-02-10T14:59:59.999000+00:00,161562057.1233735,486617,1180.68417,81158491.5888521
2026-02-10T15:00:00+00:00,68460.4,69519.72,68300.9,69293.37,1676.38862,2026-02-10T15:59:59.999000+00:00,115782796.9454891,475112,881.48513,60885281.0809624
2026-02-10T16:00:00+00:00,69293.37,69810.35,68945.23,69517.71,1394.08093,2026-02-10T16:59:59.999000+00:00,96781083.3326624,350174,704.43646,48924189.3890249
2026-02-10T17:00:00+00:00,69517.71,69993.65,69309.35,69925.31,899.7843,2026-02-10T17:59:59.999000+00:00,62720331.846809,244237,430.39232,30004334.3857932
2026-02-10T18:00:00+00:00,69925.31,69943.44,68604.63,68894.36,897.73226,2026-02-10T18:59:59.999000+00:00,62089175.153055,253618,334.3267,23134321.818808
2026-02-10T19:00:00+00:00,68894.36,69303.99,68690.32,69062.01,805.90106,2026-02-10T19:59:59.999000+00:00,55572782.7470791,169896,277.18136,19120237.584461
2026-02-10T20:00:00+00:00,69062.0,69136.91,68629.47,68753.7,425.90627,2026-02-10T20:59:59.999000+00:00,29320035.5685648,116804,172.62457,11883032.1418908
2026-02-10T21:00:00+00:00,68753.69,69005.45,68362.0,68656.21,402.88764,2026-02-10T21:59:59.999000+00:00,27663212.8762482,97798,158.09983,10854003.6601663
2026-02-10T22:00:00+00:00,68656.22,68860.4,68566.8,68707.18,289.48213,2026-02-10T22:59:59.999000+00:00,19883125.4812124,70935,120.5715,8281767.1176312
2026-02-10T23:00:00+00:00,68707.18,68860.09,68506.2,68841.29,222.30327,2026-02-10T23:59:59.999000+00:00,15269832.634343,67808,104.83435,7201932.1405402
2026-02-11T00:00:00+00:00,68841.28,69244.45,68784.47,69201.14,437.64105,2026-02-11T00:59:59.999000+00:00,30225058.8763807,135294,256.29365,17702369.9135593
2026-02-11T01:00:00+00:00,69201.14,69292.88,68914.73,68982.0,303.52695,2026-02-11T01:59:59.999000+00:00,20966180.3383359,131963,135.86504,9384383.2912764
2026-02-11T02:00:00+00:00,68982.0,69168.52,68603.4,68677.33,398.35346,2026-02-11T02:59:59.999000+00:00,27454980.6228569,144673,136.88764,9435019.4760806
2026-02-11T03:00:00+00:00,68677.34,68751.91,68011.11,68187.99,778.71298,2026-02-11T03:59:59.999000+00:00,53217212.3124587,196239,355.97611,24325476.9555318
2026-02-11T04:00:00+00:00,68188.0,68325.0,67368.0,67584.46,1295.18481,2026-02-11T04:59:59.999000+00:00,87746462.6247363,328387,520.44883,35258555.3434606
2026-02-11T05:00:00+00:00,67584.47,67810.0,67397.86,67404.28,744.08532,2026-02-11T05:59:59.999000+00:00,50290412.7592139,197283,286.29371,19357044.2522052
2026-02-11T06:00:00+00:00,67404.28,67491.84,66557.99,66820.32,1841.79675,2026-02-11T06:59:59.999000+00:00,123318157.9634703,347146,784.22102,52509010.0530297
2026-02-11T07:00:00+00:00,66819.84,67254.6,66652.27,67032.72,1293.95919,2026-02-11T07:59:59.999000+00:00,86682150.833235,219826,892.03386,59759759.5559202
2026-02-11T08:00:00+00:00,67032.71,67134.42,66793.93,66981.07,871.78483,2026-02-11T08:59:59.999000+00:00,58380325.3033013,207633,310.21425,20775633.0258748
2026-02-11T09:00:00+00:00,66981.08,67110.04,66716.02,66872.03,712.9704,2026-02-11T09:59:59.999000+00:00,47693579.9612987,178928,299.66798,20045633.8041864
2026-02-11T10:00:00+00:00,66872.03,66891.64,66369.49,66531.99,1318.02907,2026-02-11T10:59:59.999000+00:00,87800595.8133942,248887,441.13704,29400721.1173702
2026-02-11T11:00:00+00:00,66531.99,67110.77,66500.84,67053.03,1011.30301,2026-02-11T11:59:59.999000+00:00,67679358.969349,199821,660.63733,44217112.0860446
2026-02-11T12:00:00+00:00,67053.03,67424.24,66959.67,67133.5,1251.20611,2026-02-11T12:59:59.999000+00:00,84054772.6819226,222546,738.82838,49635259.4763888
2026-02-11T13:00:00+00:00,67133.51,67674.3,66799.58,67454.49,1973.91228,2026-02-11T13:59:59.999000+00:00,132751742.3107572,359623,1149.88435,77364199.8526344
2026-02-11T14:00:00+00:00,67454.49,68834.34,66435.62,66584.6,3127.14059,2026-02-11T14:59:59.999000+00:00,211632639.1708722,810313,1483.21852,100445969.2558271
2026-02-11T15:00:00+00:00,66584.61,66818.18,65756.0,66519.73,2796.32516,2026-02-11T15:59:59.999000+00:00,185248700.1441613,800810,1390.22989,92100326.9096852
2026-02-11T16:00:00+00:00,66519.72,67250.0,65952.0,66039.09,1746.45856,2026-02-11T16:59:59.999000+00:00,116242241.771012,469465,862.99071,57441043.0808159
2026-02-11T17:00:00+00:00,66039.08,66921.12,65876.0,66518.26,1110.21085,2026-02-11T17:59:59.999000+00:00,73813476.5234736,321975,507.37519,33734075.6199125
2026-02-11T18:00:00+00:00,66518.26,67305.28,66150.66,67275.34,935.25515,2026-02-11T18:59:59.999000+00:00,62529895.7794895,307112,542.08533,36257213.6850346
2026-02-11T19:00:00+00:00,67275.34,67860.44,67105.79,67586.67,1212.94694,2026-02-11T19:59:59.999000+00:00,81946891.5117258,325778,701.10117,47368429.3769985
2026-02-11T20:00:00+00:00,67586.66,67757.7,67190.0,67555.98,514.2706,2026-02-11T20:59:59.999000+00:00,34711553.6279324,216129,283.96396,19164217.3774689
2026-02-11T21:00:00+00:00,67555.98,68369.77,67417.04,67811.17,1823.53852,2026-02-11T21:59:59.999000+00:00,124018939.5806714,244020,1058.11979,71988456.3209786
2026-02-11T22:00:00+00:00,67810.2,67872.68,67387.24,67433.14,541.63723,2026-02-11T22:59:59.999000+00:00,36617539.9792063,163338,262.90668,17772378.4929846
2026-02-11T23:00:00+00:00,67433.54,67563.77,66787.7,67082.52,677.99621,2026-02-11T23:59:59.999000+00:00,45491078.0848594,179388,275.12954,18461459.9462184
2026-02-12T00:00:00+00:00,67082.52,67700.0,67055.53,67460.75,581.7604,2026-02-12T00:59:59.999000+00:00,39211974.1398101,203567,269.53763,18160034.5415452
2026-02-12T01:00:00+00:00,67460.75,68047.48,67460.75,67699.01,549.26066,2026-02-12T01:59:59.999000+00:00,37211399.1411577,220543,269.36352,18251269.7728767
2026-02-12T02:00:00+00:00,67699.01,67800.0,67418.0,67439.14,554.16819,2026-02-12T02:59:59.999000+00:00,37470612.9285477,180616,272.90494,18455528.6883314
2026-02-12T03:00:00+00:00,67439.14,67596.0,67306.61,67580.99,415.78114,2026-02-12T03:59:59.999000+00:00,28048882.8037901,165350,154.11357,10396439.2391996
2026-02-12T04:00:00+00:00,67581.0,67682.69,67000.0,67018.4,588.3789,2026-02-12T04:59:59.999000+00:00,39616447.9746256,199477,248.03708,16696575.5790656
2026-02-12T05:00:00+00:00,67018.4,67209.99,66670.45,67141.93,683.92376,2026-02-12T05:59:59.999000+00:00,45812041.2346521,227846,345.95504,23176429.5150219
2026-02-12T06:00:00+00:00,67141.92,67355.93,67014.0,67125.57,830.7495,2026-02-12T06:59:59.999000+00:00,55846200.5276977,203648,578.56424,38899837.8888399
2026-02-12T07:00:00+00:00,67125.57,67330.0,66935.64,67217.72,607.54971,2026-02-12T07:59:59.999000+00:00,40788654.4979724,192472,341.50969,22929504.7468604
2026-02-12T08:00:00+00:00,67217.71,67344.0,66891.6,67141.15,783.02638,2026-02-12T08:59:59.999000+00:00,52571326.3321116,193638,286.79368,19251897.3571078
2026-02-12T09:00:00+00:00,67141.15,67699.1,67050.0,67550.47,644.02356,2026-02-12T09:59:59.999000+00:00,43399542.4479177,170414,336.36278,22674902.2060599
2026-02-12T10:00:00+00:00,67550.46,68026.6,67404.02,68014.01,843.40689,2026-02-12T10:59:59.999000+00:00,57121498.6961393,199066,534.97158,36246986.5442481
2026-02-12T11:00:00+00:00,68014.0,68299.0,67740.0,68076.01,1397.59947,2026-02-12T11:59:59.999000+00:00,95109373.0411374,296808,808.81821,55051857.6515511
2026-02-12T12:00:00+00:00,68076.01,68162.02,67720.0,67865.31,829.25823,2026-02-12T12:59:59.999000+00:00,56323940.5916272,250851,410.62516,27891392.8128403
2026-02-12T13:00:00+00:00,67865.32,68397.5,67680.82,68376.58,960.32991,2026-02-12T13:59:59.999000+00:00,65269193.8738526,244445,590.64117,40146349.8494111
2026-02-12T14:00:00+00:00,68376.58,68410.52,67493.78,67577.02,1431.75163,2026-02-12T14:59:59.999000+00:00,97181824.9373724,456051,611.38492,41512534.5022316
2026-02-12T15:00:00+00:00,67577.02,68000.0,67014.98,67134.74,1602.90239,2026-02-12T15:59:59.999000+00:00,108089490.470855,558908,807.61844,54466714.8703347
2026-02-12T16:00:00+00:00,67134.74,67232.04,65556.0,65863.37,3193.11571,2026-02-12T16:59:59.999000+00:00,211801973.5289184,811065,1569.73243,104122258.66619
2026-02-12T17:00:00+00:00,65863.38,66265.06,65374.56,65413.99,2100.56023,2026-02-12T17:59:59.999000+00:00,138238037.6895433,513572,955.04858,62896921.5208621
2026-02-12T18:00:00+00:00,65414.0,65800.0,65118.0,65590.95,1612.17039,2026-02-12T18:59:59.999000+00:00,105503653.1813719,424472,730.26265,47818254.670477
2026-02-12T19:00:00+00:00,65590.95,66117.51,65274.4,65788.36,1027.63649,2026-02-12T19:59:59.999000+00:00,67591329.1763861,298386,546.31933,35944314.4197371
2026-02-12T20:00:00+00:00,65788.36,66042.24,65215.06,65428.56,894.16583,2026-02-12T20:59:59.999000+00:00,58625431.2433653,284202,394.89164,25891415.0952636
2026-02-12T21:00:00+00:00,65428.24,65900.0,65428.24,65849.87,590.26423,2026-02-12T21:59:59.999000+00:00,38756907.4425294,165882,306.05682,20098526.2824908
2026-02-12T22:00:00+00:00,65849.86,66399.94,65643.34,66288.0,642.82133,2026-02-12T22:59:59.999000+00:00,42436010.1859102,142177,380.68536,25124233.4538238
2026-02-12T23:00:00+00:00,66288.01,66488.9,66156.47,66272.17,907.1379,2026-02-12T23:59:59.999000+00:00,60136399.2469154,174824,351.52665,23314672.198992
2026-02-13T00:00:00+00:00,66272.17,66527.09,65872.46,65918.6,765.38996,2026-02-13T00:59:59.999000+00:00,50644792.2319361,215361,350.26627,23181465.0240901
2026-02-13T01:00:00+00:00,65918.61,66619.9,65918.61,66454.95,771.58544,2026-02-13T01:59:59.999000+00:00,51166841.2063765,266624,466.96718,30969570.8255915
2026-02-13T02:00:00+00:00,66454.95,66759.61,66384.0,66663.08,476.45341,2026-02-13T02:59:59.999000+00:00,31710669.9083069,184746,235.20759,15654972.5373389
2026-02-13T03:00:00+00:00,66663.08,66814.0,66462.4,66553.08,569.96335,2026-02-13T03:59:59.999000+00:00,37949481.2028945,162602,301.92309,20097429.3053433
2026-02-13T04:00:00+00:00,66553.09,66671.62,66308.48,66329.22,462.15015,2026-02-13T04:59:59.999000+00:00,30724197.2238086,157876,185.26111,12315654.5380657
2026-02-13T05:00:00+00:00,66329.22,66502.27,66175.79,66175.79,484.2505,2026-02-13T05:59:59.999000+00:00,32124634.0534295,147757,165.94076,11011033.5903533
2026-02-13T06:00:00+00:00,66175.79,66397.86,66002.98,66359.28,613.96613,2026-02-13T06:59:59.999000+00:00,40621299.8278426,160630,282.20203,18673732.7926393
2026-02-13T07:00:00+00:00,66359.28,66568.47,66050.21,66208.96,868.05316,2026-02-13T07:59:59.999000+00:00,57565605.3792529,183203,396.20774,26280550.9719196
2026-02-13T08:00:00+00:00,66208.96,66747.38,66191.52,66699.96,603.02656,2026-02-13T08:59:59.999000+00:00,40078752.8555345,187994,262.67207,17457847.1582014
2026-02-13T09:00:00+00:00,66699.96,67062.93,66612.86,66959.71,592.93469,2026-02-13T09:59:59.999000+00:00,39624678.9222755,194904,320.03225,21392492.5647403
2026-02-13T10:00:00+00:00,66959.72,67116.0,66800.0,66977.66,516.91289,2026-02-13T10:59:59.999000+00:00,34605858.6203406,254549,308.38634,20645659.8049739
2026-02-13T11:00:00+00:00,66977.66,67226.66,66783.38,67171.42,488.71065,2026-02-13T11:59:59.999000+00:00,32733185.4967994,207167,291.83111,19550116.0679029
2026-02-13T12:00:00+00:00,67171.41,67212.28,66918.38,67084.0,405.35988,2026-02-13T12:59:59.999000+00:00,27185944.9618818,206570,197.83217,13265909.283446
2026-02-13T13:00:00+00:00,67084.01,67615.34,66938.0,67274.15,1624.06539,2026-02-13T13:59:59.999000+00:00,109272120.8045198,452466,806.23388,54256629.6073702
2026-02-13T14:00:00+00:00,67274.14,68028.45,66867.47,67733.51,1724.03844,2026-02-13T14:59:59.999000+00:00,116413553.298867,668933,852.25537,57548365.5116581
2026-02-13T15:00:00+00:00,67733.51,69309.8,67692.0,68692.12,3133.0872,2026-02-13T15:59:59.999000+00:00,214789893.1491933,942964,1705.2285,116880589.0698542
2026-02-13T16:00:00+00:00,68692.12,69482.97,68540.83,68954.69,1775.68698,2026-02-13T16:59:59.999000+00:00,122614194.0811679,536494,1001.36964,69148420.1941274
2026-02-13T17:00:00+00:00,68954.69,69250.25,68636.36,69047.99,921.29676,2026-02-13T17:59:59.999000+00:00,63587961.1983954,364138,497.98073,34380103.6152946
2026-02-13T18:00:00+00:00,69048.0,69411.44,68903.27,69129.99,1063.59333,2026-02-13T18:59:59.999000+00:00,73547470.5710541,300368,677.14938,46829494.9813957
2026-02-13T19:00:00+00:00,69129.99,69236.33,68918.79,68938.91,560.0454,2026-02-13T19:59:59.999000+00:00,38687457.4381317,173173,269.6514,18629460.1012985
2026-02-13T20:00:00+00:00,68938.91,68973.35,68683.32,68777.12,555.3285,2026-02-13T20:59:59.999000+00:00,38226877.9072756,198907,272.7752,18778216.9553765
2026-02-13T21:00:00+00:00,68777.13,69079.4,68731.75,68902.48,463.4195,2026-02-13T21:59:59.999000+00:00,31936330.9010045,100504,240.21536,16555380.7507698
2026-02-13T22:00:00+00:00,68902.48,69000.0,68726.4,68995.28,544.04056,2026-02-13T22:59:59.999000+00:00,37474666.3619381,110804,209.86689,14456773.6927903
2026-02-13T23:00:00+00:00,68995.29,69000.0,68829.2,68853.96,261.19072,2026-02-13T23:59:59.999000+00:00,17999554.727828,72108,127.79281,8806671.6723126
2026-02-14T00:00:00+00:00,68853.97,69137.5,68768.56,69090.24,447.10398,2026-02-14T00:59:59.999000+00:00,30832544.5210388,100209,268.56398,18523373.1926509
2026-02-14T01:00:00+00:00,69090.25,69108.8,68921.54,68964.51,344.69001,2026-02-14T01:59:59.999000+00:00,23789457.7991697,96413,138.95784,9590444.0317372
2026-02-14T02:00:00+00:00,68964.51,69006.34,68845.6,68884.21,261.74234,2026-02-14T02:59:59.999000+00:00,18041396.9799985,88460,140.51701,9685073.1269635
2026-02-14T03:00:00+00:00,68884.21,69027.14,68852.0,68981.99,238.3937,2026-02-14T03:59:59.999000+00:00,16429572.0980897,75207,142.64239,9830079.8627235
2026-02-14T04:00:00+00:00,68982.0,68995.11,68789.59,68790.0,489.78591,2026-02-14T04:59:59.999000+00:00,33734130.4208478,55548,268.74209,18509826.254569
2026-02-14T05:00:00+00:00,68790.01,68910.0,68760.0,68773.42,308.2603,2026-02-14T05:59:59.999000+00:00,21219379.593678,73496,164.89664,11350577.9313994
2026-02-14T06:00:00+00:00,68773.41,68936.98,68730.13,68936.98,470.43757,2026-02-14T06:59:59.999000+00:00,32391746.9124992,84944,293.32009,20195791.0097051
2026-02-14T07:00:00+00:00,68936.98,69343.0,68884.56,69219.26,919.89001,2026-02-14T07:59:59.999000+00:00,63569260.4455779,120319,526.18175,36366576.8691525
2026-02-14T08:00:00+00:00,69219.27,69870.99,69218.71,69746.2,1347.80343,2026-02-14T08:59:59.999000+00:00,93841971.2813988,287463,788.9165,54919452.0565701
2026-02-14T09:00:00+00:00,69746.2,69900.0,69566.78,69714.93,555.36385,2026-02-14T09:59:59.999000+00:00,38730985.4836151,138781,338.22699,23591277.6931903
2026-02-14T10:00:00+00:00,69714.94,69714.94,69585.15,69671.86,257.25533,2026-02-14T10:59:59.999000+00:00,17913813.3296065,75721,111.9932,7798521.1046876
2026-02-14T11:00:00+00:00,69671.86,70560.01,69671.86,70505.74,1370.55448,2026-02-14T11:59:59.999000+00:00,96212969.1348694,334830,818.30483,57444966.4629534
2026-02-14T12:00:00+00:00,70505.74,70533.67,69600.0,69640.2,1278.19574,2026-02-14T12:59:59.999000+00:00,89591858.7315906,319629,439.51073,30811463.4370241
2026-02-14T13:00:00+00:00,69640.2,69771.91,69064.6,69460.0,3393.7597,2026-02-14T13:59:59.999000+00:00,235577316.5119321,379155,863.38592,59954763.7138666
2026-02-14T14:00:00+00:00,69460.0,69856.7,69208.09,69701.66,1680.0126,2026-02-14T14:59:59.999000+00:00,116698927.2874981,236657,492.98915,34273567.0336119
2026-02-14T15:00:00+00:00,69701.66,70048.39,69560.0,69778.28,751.6532,2026-02-14T15:59:59.999000+00:00,52472907.2778822,209732,340.57963,23782852.5403397
2026-02-14T16:00:00+00:00,69778.28,69815.0,69283.02,69755.1,1006.67903,2026-02-14T16:59:59.999000+00:00,70041719.4761526,269260,308.99116,21497238.6001969
2026-02-14T17:00:00+00:00,69755.1,69930.9,69609.0,69739.38,685.87401,2026-02-14T17:59:59.999000+00:00,47858849.3320298,199633,213.55655,14901526.683262
2026-02-14T18:00:00+00:00,69739.38,69856.7,69672.55,69772.31,270.42048,2026-02-14T18:59:59.999000+00:00,18867001.5321533,96140,134.16412,9360334.1411598
2026-02-14T19:00:00+00:00,69772.3,69920.6,69619.52,69873.99,332.30706,2026-02-14T19:59:59.999000+00:00,23200815.8308139,129138,199.58392,13934008.8621235
2026-02-14T20:00:00+00:00,69873.99,70028.59,69732.75,70023.09,434.13483,2026-02-14T20:59:59.999000+00:00,30348597.058958,103572,302.79621,21168002.5695673
2026-02-14T21:00:00+00:00,70023.1,70250.46,69668.05,69935.86,640.89584,2026-02-14T21:59:59.999000+00:00,44887673.1457203,138657,287.51326,20139082.9674697
2026-02-14T22:00:00+00:00,69935.86,70100.0,69781.0,69959.75,292.90739,2026-02-14T22:59:59.999000+00:00,20491652.4459006,98626,149.32309,10446503.6375842
2026-02-14T23:00:00+00:00,69959.74,70020.0,69723.18,69822.95,336.66314,2026-02-14T23:59:59.999000+00:00,23514767.7290055,91573,124.27718,8680769.482433
2026-02-15T00:00:00+00:00,69822.94,69864.74,69600.0,69777.07,292.27775,2026-02-15T00:59:59.999000+00:00,20375685.459802,113009,112.73407,7859149.3477618
2026-02-15T01:00:00+00:00,69777.06,69902.7,69350.0,69717.65,400.20039,2026-02-15T01:59:59.999000+00:00,27859273.3290135,122744,171.77474,11957816.8434757
2026-02-15T02:00:00+00:00,69717.65,69753.9,69341.27,69480.01,375.21945,2026-02-15T02:59:59.999000+00:00,26085178.062867,108988,148.1553,10298018.5081037
2026-02-15T03:00:00+00:00,69480.0,69990.02,69251.5,69954.5,697.2437,2026-02-15T03:59:59.999000+00:00,48534910.1196413,194822,366.59436,25530758.1783354
2026-02-15T04:00:00+00:00,69954.5,70518.57,69459.35,70183.99,2275.16813,2026-02-15T04:59:59.999000+00:00,159529154.2707349,270353,827.25539,58079383.39421
2026-02-15T05:00:00+00:00,70184.0,70472.43,70132.54,70267.61,540.45783,2026-02-15T05:59:59.999000+00:00,38009718.491027,124166,303.6488,21355467.8012736
2026-02-15T06:00:00+00:00,70267.6,70540.99,70184.09,70405.12,505.71551,2026-02-15T06:59:59.999000+00:00,35590926.9296122,113908,281.15082,19790972.9483636
2026-02-15T07:00:00+00:00,70405.12,70926.42,70307.11,70828.42,1425.80275,2026-02-15T07:59:59.999000+00:00,100818700.42052,291940,913.8012,64616278.8702262
2026-02-15T08:00:00+00:00,70828.43,70983.0,70182.31,70446.52,898.37828,2026-02-15T08:59:59.999000+00:00,63427044.002684,265646,519.49674,36687132.0991956
2026-02-15T09:00:00+00:00,70446.52,70668.0,70370.3,70419.11,334.99126,2026-02-15T09:59:59.999000+00:00,23626782.6819129,146335,172.22452,12149020.9028908
2026-02-15T10:00:00+00:00,70419.12,70523.94,70208.16,70427.02,382.24903,2026-02-15T10:59:59.999000+00:00,26896459.0414896,149283,178.68224,12572428.8915949
2026-02-15T11:00:00+00:00,70427.02,70543.14,70267.6,70295.22,457.63561,2026-02-15T11:59:59.999000+00:00,32196739.0953158,113356,102.36833,7203390.0876977
2026-02-15T12:00:00+00:00,70295.22,70418.48,69309.87,69314.21,1027.34588,2026-02-15T12:59:59.999000+00:00,71858774.6782687,279392,331.67351,23189420.3976197
2026-02-15T13:00:00+00:00,69314.22,69620.06,68772.2,68930.0,1749.29694,2026-02-15T13:59:59.999000+00:00,121033375.9862923,411616,582.65222,40318433.6389265
2026-02-15T14:00:00+00:00,68930.0,69219.71,68845.72,69170.51,629.32577,2026-02-15T14:59:59.999000+00:00,43453116.7417166,216795,264.84222,18286125.0753474
2026-02-15T15:00:00+00:00,69170.51,69255.6,68888.0,69099.99,446.59665,2026-02-15T15:59:59.999000+00:00,30843191.1205264,178676,251.9965,17403096.3901582
2026-02-15T16:00:00+00:00,69100.0,69100.0,68658.0,69017.75,1442.09011,2026-02-15T16:59:59.999000+00:00,99361312.7351733,172962,419.37001,28908508.6654069
2026-02-15T17:00:00+00:00,69017.76,69085.22,68203.6,68641.21,1194.71218,2026-02-15T17:59:59.999000+00:00,81977689.7653447,246222,407.61798,27965736.4919916
2026-02-15T18:00:00+00:00,68641.21,68800.0,68274.31,68451.44,2695.36643,2026-02-15T18:59:59.999000+00:00,184610012.4697822,289477,762.31269,52241490.4256496
2026-02-15T19:00:00+00:00,68451.45,68560.84,68000.0,68286.63,2807.35363,2026-02-15T19:59:59.999000+00:00,191406342.8788313,287968,878.11271,59906270.2491414
2026-02-15T20:00:00+00:00,68286.64,68560.22,68120.0,68450.0,399.94279,2026-02-15T20:59:59.999000+00:00,27348409.7449498,114691,207.25217,14173543.4850022
2026-02-15T21:00:00+00:00,68450.0,68950.16,68450.0,68852.01,407.5596,2026-02-15T21:59:59.999000+00:00,28025359.5098478,117563,242.95638,16706942.9548345
2026-02-15T22:00:00+00:00,68852.01,69078.49,68801.06,68999.96,384.07496,2026-02-15T22:59:59.999000+00:00,26485471.7440331,101944,190.68455,13149329.840813
2026-02-15T23:00:00+00:00,68999.96,68999.96,68319.64,68832.58,521.04745,2026-02-15T23:59:59.999000+00:00,35740942.8574281,166777,224.23517,15384383.6328796
2026-02-16T00:00:00+00:00,68832.59,69065.5,68700.0,68845.81,349.86984,2026-02-16T00:59:59.999000+00:00,24099016.1063651,152975,191.04234,13159468.4757311
2026-02-16T01:00:00+00:00,68845.81,69041.97,68454.54,68630.81,270.08273,2026-02-16T01:59:59.999000+00:00,18563135.3251769,134938,112.70345,7747962.2602354
2026-02-16T02:00:00+00:00,68630.81,68734.0,68243.68,68320.48,683.734,2026-02-16T02:59:59.999000+00:00,46809184.4938676,183640,207.46912,14201582.3457946
2026-02-16T03:00:00+00:00,68320.49,68463.96,68143.22,68424.82,453.41167,2026-02-16T03:59:59.999000+00:00,30966321.1575135,125124,184.19929,12583164.9159281
2026-02-16T04:00:00+00:00,68424.82,68894.52,68417.17,68870.07,465.20741,2026-02-16T04:59:59.999000+00:00,31967077.7521885,96129,260.05163,17871786.5135304
2026-02-16T05:00:00+00:00,68870.07,68900.0,68293.28,68385.29,353.88428,2026-02-16T05:59:59.999000+00:00,24241319.3902856,119780,150.46105,10304184.4651864
2026-02-16T06:00:00+00:00,68385.29,68527.8,68228.76,68450.8,240.56615,2026-02-16T06:59:59.999000+00:00,16454218.1625968,91793,133.71468,9145941.376983
2026-02-16T07:00:00+00:00,68450.8,68672.59,68380.0,68587.9,362.20306,2026-02-16T07:59:59.999000+00:00,24826036.0178163,105665,208.29765,14276562.6022176
2026-02-16T08:00:00+00:00,68587.89,68798.7,68542.63,68762.85,301.81895,2026-02-16T08:59:59.999000+00:00,20734468.2709922,74059,184.47707,12672633.6460877
2026-02-16T09:00:00+00:00,68762.86,69060.77,68748.02,68992.71,453.08481,2026-02-16T09:59:59.999000+00:00,31234383.695342,118343,271.52581,18716923.7701864
2026-02-16T10:00:00+00:00,68992.7,68992.71,68690.85,68798.22,358.68374,2026-02-16T10:59:59.999000+00:00,24693641.8221535,108798,171.99257,11841516.8455718
2026-02-16T11:00:00+00:00,68798.21,68918.22,68338.9,68812.83,495.50759,2026-02-16T11:59:59.999000+00:00,34009382.6813148,191379,274.47589,18843687.1764405
2026-02-16T12:00:00+00:00,68812.84,69848.48,68807.54,69763.24,1602.28029,2026-02-16T12:59:59.999000+00:00,111155436.3429902,462924,1023.24745,70991948.4303448
2026-02-16T13:00:00+00:00,69763.24,70126.67,68225.0,68395.1,1720.62066,2026-02-16T13:59:59.999000+00:00,118672439.2142635,610800,845.76867,58337748.8189304
2026-02-16T14:00:00+00:00,68395.11,68718.3,68260.39,68427.64,1092.6004,2026-02-16T14:59:59.999000+00:00,74818398.6495674,430913,674.3551,46186630.5619069
2026-02-16T15:00:00+00:00,68427.64,68607.22,67294.11,67539.52,2148.07022,2026-02-16T15:59:59.999000+00:00,145618154.7085753,645257,1010.59149,68617066.4625839
2026-02-16T16:00:00+00:00,67539.53,67974.86,67513.94,67888.7,895.58119,2026-02-16T16:59:59.999000+00:00,60673534.1205899,369266,419.33683,28408977.9459743
2026-02-16T17:00:00+00:00,67888.7,68074.12,67600.93,67951.86,501.76328,2026-02-16T17:59:59.999000+00:00,34055626.9872489,226202,262.01422,17787173.2788486
2026-02-16T18:00:00+00:00,67951.85,68245.34,67830.82,67860.13,606.24788,2026-02-16T18:59:59.999000+00:00,41253708.7489883,177502,331.78737,22594019.6615457
2026-02-16T19:00:00+00:00,67860.13,68130.0,67824.91,67913.43,262.97624,2026-02-16T19:59:59.999000+00:00,17876995.5170008,118053,156.25447,10622167.950738
2026-02-16T20:00:00+00:00,67913.44,68549.14,67827.11,68530.0,457.58536,2026-02-16T20:59:59.999000+00:00,31196314.6887313,161220,274.46055,18712924.6012989
2026-02-16T21:00:00+00:00,68530.0,68933.85,68427.18,68862.88,534.27425,2026-02-16T21:59:59.999000+00:00,36641162.8823805,204619,318.38063,21833144.8670166
2026-02-16T22:00:00+00:00,68862.89,68890.0,68509.07,68591.02,556.75779,2026-02-16T22:59:59.999000+00:00,38245307.3229647,179942,278.3969,19120691.8950721
2026-02-16T23:00:00+00:00,68591.01,68978.88,68538.57,68892.43,348.95355,2026-02-16T23:59:59.999000+00:00,23992654.1946835,144528,208.42717,14331282.8993386
2026-02-17T00:00:00+00:00,68892.43,69042.74,68704.36,68878.27,476.69143,2026-02-17T00:59:59.999000+00:00,32831859.4898631,185296,278.63862,19191583.7830394
2026-02-17T01:00:00+00:00,68878.27,68996.67,68563.16,68618.11,499.89142,2026-02-17T01:59:59.999000+00:00,34393735.6027093,174433,191.622,13191480.8677344
2026-02-17T02:00:00+00:00,68618.12,69241.5,68387.2,68838.48,625.65656,2026-02-17T02:59:59.999000+00:00,43119060.8006469,239182,309.99904,21372072.0832383
2026-02-17T03:00:00+00:00,68838.48,68860.68,68470.0,68474.9,367.85689,2026-02-17T03:59:59.999000+00:00,25248756.1443689,150703,165.27842,11341274.9705047
2026-02-17T04:00:00+00:00,68474.9,68707.49,68288.0,68481.67,329.69022,2026-02-17T04:59:59.999000+00:00,22578481.184691,126729,166.1273,11377399.8609402
2026-02-17T05:00:00+00:00,68481.68,68510.76,67892.0,68245.71,633.07748,2026-02-17T05:59:59.999000+00:00,43155493.046749,224711,243.75404,16613520.1227803
2026-02-17T06:00:00+00:00,68245.71,68519.99,68242.49,68400.0,230.38739,2026-02-17T06:59:59.999000+00:00,15754930.5354371,110514,112.72436,7707877.2013126
2026-02-17T07:00:00+00:00,68400.01,68480.0,68165.02,68388.12,314.74756,2026-02-17T07:59:59.999000+00:00,21514447.6970374,148765,135.24788,9245885.6275168
2026-02-17T08:00:00+00:00,68388.12,68479.17,68130.78,68177.53,285.96667,2026-02-17T08:59:59.999000+00:00,19526819.9705075,120964,131.32692,8968190.6029754
2026-02-17T09:00:00+00:00,68177.53,68308.37,67992.03,68126.28,404.18575,2026-02-17T09:59:59.999000+00:00,27528890.1476998,143569,218.28502,14868843.5843664
2026-02-17T10:00:00+00:00,68126.29,68194.46,67704.96,67845.3,504.39951,2026-02-17T10:59:59.999000+00:00,34246041.057354,204591,211.78437,14378605.1261769
2026-02-17T11:00:00+00:00,67845.3,67935.73,67690.0,67854.6,507.67784,2026-02-17T11:59:59.999000+00:00,34437507.9543522,152220,212.62467,14422381.2160921
2026-02-17T12:00:00+00:00,67854.6,68299.4,67827.52,67919.49,607.94036,2026-02-17T12:59:59.999000+00:00,41383339.505404,184535,287.68136,19583946.7406758
2026-02-17T13:00:00+00:00,67919.49,68360.5,67734.36,68136.34,716.87733,2026-02-17T13:59:59.999000+00:00,48813768.3814798,269245,403.59257,27486630.9055475
2026-02-17T14:00:00+00:00,68136.35,68337.6,66734.3,66875.06,2328.63639,2026-02-17T14:59:59.999000+00:00,157061435.467663,656494,887.05297,59786245.817114
2026-02-17T15:00:00+00:00,66875.06,67409.99,66621.06,67392.05,2309.0413,2026-02-17T15:59:59.999000+00:00,154669522.9097639,771142,940.83817,63033344.700724
2026-02-17T16:00:00+00:00,67392.06,68158.1,67317.6,67517.36,1448.76651,2026-02-17T16:59:59.999000+00:00,98171812.0719312,587663,717.80704,48651666.9823193
2026-02-17T17:00:00+00:00,67517.36,67714.28,66881.08,67244.22,1144.38591,2026-02-17T17:59:59.999000+00:00,76949907.5918262,403692,494.53644,33249478.3625689
2026-02-17T18:00:00+00:00,67244.22,68227.41,67127.86,68098.62,824.93415,2026-02-17T18:59:59.999000+00:00,55916646.6418171,358582,468.34635,31774680.7136281
2026-02-17T19:00:00+00:00,68098.63,68235.39,67695.45,67793.32,785.88027,2026-02-17T19:59:59.999000+00:00,53420813.4007667,260283,434.11912,29530947.5315397
2026-02-17T20:00:00+00:00,67793.32,67928.08,67484.16,67753.3,471.88623,2026-02-17T20:59:59.999000+00:00,31941730.6724797,221730,201.01181,13607719.6638029
2026-02-17T21:00:00+00:00,67753.3,67926.29,67538.0,67680.54,253.25027,2026-02-17T21:59:59.999000+00:00,17137159.7114029,110474,118.57698,8025297.2044127
2026-02-17T22:00:00+00:00,67680.55,67788.42,67513.42,67527.72,176.97341,2026-02-17T22:59:59.999000+00:00,11969671.9152393,78072,92.46528,6255196.1449205
2026-02-17T23:00:00+00:00,67527.72,67617.46,67394.0,67503.52,240.26836,2026-02-17T23:59:59.999000+00:00,16215819.393622,111264,115.01034,7761921.0793094
2026-02-18T00:00:00+00:00,67503.52,67627.97,67290.3,67302.65,186.99827,2026-02-18T00:59:59.999000+00:00,12615533.5074918,109042,74.58903,5032924.5437478
2026-02-18T01:00:00+00:00,67302.65,67378.26,66892.03,67165.2,545.6883,2026-02-18T01:59:59.999000+00:00,36620759.6061635,175124,268.86622,18041807.2218896
2026-02-18T02:00:00+00:00,67165.21,67421.99,67153.36,67335.04,250.64041,2026-02-18T02:59:59.999000+00:00,16870373.5460907,114532,129.39207,8709465.8079853
2026-02-18T03:00:00+00:00,67335.04,67705.65,67326.98,67629.11,243.56061,2026-02-18T03:59:59.999000+00:00,16446761.117609,96356,123.95935,8371503.5978181
2026-02-18T04:00:00+00:00,67629.1,67900.0,67500.1,67823.54,328.68469,2026-02-18T04:59:59.999000+00:00,22243476.5194203,91762,191.77327,12980371.915418
2026-02-18T05:00:00+00:00,67823.55,67938.0,67606.45,67654.8,311.88419,2026-02-18T05:59:59.999000+00:00,21128145.6625766,104644,152.69595,10342542.8073675
2026-02-18T06:00:00+00:00,67654.81,67976.51,67614.91,67850.52,264.75627,2026-02-18T06:59:59.999000+00:00,17960360.6023001,92905,166.27796,11280352.1311913
2026-02-18T07:00:00+00:00,67850.53,68219.81,67702.7,68106.44,528.49446,2026-02-18T07:59:59.999000+00:00,35941990.7737978,122071,325.6069,22143426.5146986
2026-02-18T08:00:00+00:00,68106.44,68476.22,68071.58,68132.82,532.69792,2026-02-18T08:59:59.999000+00:00,36350615.4462983,171158,288.11029,19662145.4797807
2026-02-18T09:00:00+00:00,68132.83,68276.0,68010.11,68157.79,339.37122,2026-02-18T09:59:59.999000+00:00,23135663.3989537,105396,148.8863,10150776.8044821
2026-02-18T10:00:00+00:00,68157.8,68184.41,67731.95,67801.26,395.11187,2026-02-18T10:59:59.999000+00:00,26850923.4298862,110050,151.21233,10277000.0696782
2026-02-18T11:00:00+00:00,67801.26,67805.08,67076.9,67369.75,654.97357,2026-02-18T11:59:59.999000+00:00,44120793.5485731,216504,359.57958,24214540.1715609
2026-02-18T12:00:00+00:00,67369.75,67689.76,67345.0,67458.06,459.50762,2026-02-18T12:59:59.999000+00:00,31028771.5022215,157581,205.73689,13893328.0239445
2026-02-18T13:00:00+00:00,67458.06,67599.7,67051.81,67236.88,549.44565,2026-02-18T13:59:59.999000+00:00,36995316.4017249,156706,288.60377,19436152.3531659
2026-02-18T14:00:00+00:00,67236.89,67362.26,66717.3,67223.76,1553.71672,2026-02-18T14:59:59.999000+00:00,104276330.1084077,415141,811.57233,54483778.2356013
2026-02-18T15:00:00+00:00,67223.77,68347.72,67192.25,67694.01,1767.46696,2026-02-18T15:59:59.999000+00:00,119790602.6455788,452220,963.06724,65254401.0405768
2026-02-18T16:00:00+00:00,67694.01,67706.94,66994.23,67145.34,1029.31402,2026-02-18T16:59:59.999000+00:00,69182274.9522576,347519,529.17055,35564992.7051064
2026-02-18T17:00:00+00:00,67145.35,67486.97,67057.13,67187.39,676.97648,2026-02-18T17:59:59.999000+00:00,45471383.8174114,221841,422.82147,28397976.7586609
2026-02-18T18:00:00+00:00,67187.4,67229.76,66200.0,66359.99,1304.49131,2026-02-18T18:59:59.999000+00:00,86893863.6723797,337519,557.94187,37162376.6968097
2026-02-18T19:00:00+00:00,66360.0,66619.0,65870.0,66177.14,1301.14212,2026-02-18T19:59:59.999000+00:00,86145711.7909713,399451,560.08076,37104362.7546133
2026-02-18T20:00:00+00:00,66177.15,66550.0,66141.9,66268.39,682.91387,2026-02-18T20:59:59.999000+00:00,45289999.4612853,227539,350.55167,23249010.8384171
2026-02-18T21:00:00+00:00,66268.4,66504.2,66053.6,66342.76,909.37392,2026-02-18T21:59:59.999000+00:00,60316585.3718223,143428,430.46357,28548205.1733241
2026-02-18T22:00:00+00:00,66342.76,66477.7,66232.02,66408.82,352.09134,2026-02-18T22:59:59.999000+00:00,23364113.1423173,85916,208.20588,13814890.7038734
2026-02-18T23:00:00+00:00,66408.83,66502.49,66275.71,66461.0,323.1366,2026-02-18T23:59:59.999000+00:00,21453174.6265847,94592,185.89182,12341845.7888534
2026-02-19T00:00:00+00:00,66461.0,66597.03,66345.0,66446.49,297.42224,2026-02-19T00:59:59.999000+00:00,19768270.2570895,96766,170.61261,11339932.9063941
2026-02-19T01:00:00+00:00,66446.49,66884.16,66446.48,66866.62,415.14671,2026-02-19T01:59:59.999000+00:00,27693425.9698678,120546,249.97778,16673952.880401
2026-02-19T02:00:00+00:00,66866.63,66958.9,66639.99,66835.2,362.58869,2026-02-19T02:59:59.999000+00:00,24221979.0763845,109716,178.55376,11927292.0282124
2026-02-19T03:00:00+00:00,66835.2,66997.07,66727.27,66980.91,262.07528,2026-02-19T03:59:59.999000+00:00,17531802.1213818,84192,130.37981,8722666.1018402
2026-02-19T04:00:00+00:00,66980.91,67070.56,66759.0,66802.75,389.01702,2026-02-19T04:59:59.999000+00:00,26030073.5866599,96372,210.35619,14076278.4859638
2026-02-19T05:00:00+00:00,66802.74,66893.06,66679.76,66871.35,253.79395,2026-02-19T05:59:59.999000+00:00,16948445.6870005,107077,108.91988,7274275.849878
2026-02-19T06:00:00+00:00,66871.34,67290.4,66865.43,67150.12,468.59633,2026-02-19T06:59:59.999000+00:00,31435110.6806659,121623,216.50408,14528145.5203052
2026-02-19T07:00:00+00:00,67150.12,67320.0,67028.7,67206.45,481.75258,2026-02-19T07:59:59.999000+00:00,32368777.8469835,115478,257.44479,17297228.3880647
2026-02-19T08:00:00+00:00,67206.45,67206.45,66785.56,66966.12,559.76369,2026-02-19T08:59:59.999000+00:00,37500641.9084665,153588,214.64724,14374468.9622949
2026-02-19T09:00:00+00:00,66966.12,67191.83,66754.23,66836.0,463.29328,2026-02-19T09:59:59.999000+00:00,31026826.6742094,150421,197.28653,13215112.7086151
2026-02-19T10:00:00+00:00,66836.01,66958.4,66741.77,66843.08,368.25421,2026-02-19T10:59:59.999000+00:00,24621292.144488,138468,178.41529,11928186.71502
2026-02-19T11:00:00+00:00,66843.08,66936.42,66478.02,66496.02,488.02461,2026-02-19T11:59:59.999000+00:00,32553190.9142174,123820,174.07619,11611255.9188242
2026-02-19T12:00:00+00:00,66496.03,66680.7,66325.34,66516.67,484.41025,2026-02-19T12:59:59.999000+00:00,32229441.3476383,158343,264.96152,17630606.6895998
2026-02-19T13:00:00+00:00,66516.67,66556.59,65763.0,65913.37,1377.50527,2026-02-19T13:59:59.999000+00:00,91076471.9692439,344861,621.78212,41110616.2313904
2026-02-19T14:00:00+00:00,65913.38,66662.3,65631.83,66421.2,1506.37269,2026-02-19T14:59:59.999000+00:00,99640891.2550958,539424,759.20707,50219788.8846536
2026-02-19T15:00:00+00:00,66421.2,66755.39,65966.0,66398.0,1083.30553,2026-02-19T15:59:59.999000+00:00,71830366.6870001,466811,576.39327,38219092.8287284
2026-02-19T16:00:00+00:00,66398.01,66514.95,65899.25,66293.53,940.96239,2026-02-19T16:59:59.999000+00:00,62339504.698632,348109,470.05324,31136451.7257804
2026-02-19T17:00:00+00:00,66293.53,67049.99,66173.15,66369.42,899.04062,2026-02-19T17:59:59.999000+00:00,59887417.1161086,322744,461.23271,30735147.8087894
2026-02-19T18:00:00+00:00,66369.42,67073.13,66228.49,67030.49,865.51701,2026-02-19T18:59:59.999000+00:00,57796080.4208611,305128,474.60913,31691243.1850845
2026-02-19T19:00:00+00:00,67030.5,67198.1,66700.0,67050.0,706.47789,2026-02-19T19:59:59.999000+00:00,47303560.6535252,253657,350.37677,23463503.3337205
2026-02-19T20:00:00+00:00,67050.0,67166.98,66823.03,67149.11,444.88336,2026-02-19T20:59:59.999000+00:00,29818017.1340549,176491,218.71227,14661396.6225823
2026-02-19T21:00:00+00:00,67149.11,67168.86,66900.92,66916.51,265.40447,2026-02-19T21:59:59.999000+00:00,17788961.5150816,100053,136.89365,9175588.4215856
2026-02-19T22:00:00+00:00,66916.51,67000.0,66652.34,66915.14,854.02212,2026-02-19T22:59:59.999000+00:00,57062680.9857794,135345,330.68106,22094084.4653194
2026-02-19T23:00:00+00:00,66915.15,67023.61,66814.76,67003.73,304.63969,2026-02-19T23:59:59.999000+00:00,20390342.131717,110318,154.63045,10349906.4090592
2026-02-20T00:00:00+00:00,67003.73,67486.62,66949.41,67228.91,595.00262,2026-02-20T00:59:59.999000+00:00,40022489.5393102,178821,348.23317,23424979.4705277
2026-02-20T01:00:00+00:00,67228.91,67355.79,67150.0,67279.9,313.31598,2026-02-20T01:59:59.999000+00:00,21074433.2364037,112851,155.36229,10450299.2875819
2026-02-20T02:00:00+00:00,67279.91,67347.76,67181.28,67242.03,232.09759,2026-02-20T02:59:59.999000+00:00,15614839.0918362,74836,99.60613,6701152.097878
2026-02-20T03:00:00+00:00,67242.03,67488.67,67241.24,67366.25,332.50492,2026-02-20T03:59:59.999000+00:00,22398832.0958501,93214,162.84419,10970597.4536144
2026-02-20T04:00:00+00:00,67366.25,67402.23,67115.38,67264.83,362.39174,2026-02-20T04:59:59.999000+00:00,24377152.5494792,103295,152.50473,10258435.3982652
2026-02-20T05:00:00+00:00,67264.83,68006.0,67203.19,67790.1,1107.38598,2026-02-20T05:59:59.999000+00:00,75000976.3491005,167412,669.31185,45339891.2399562
2026-02-20T06:00:00+00:00,67790.11,67894.2,67660.12,67847.47,482.66553,2026-02-20T06:59:59.999000+00:00,32722188.0145218,116908,197.64457,13402045.4392423
2026-02-20T07:00:00+00:00,67847.47,67990.0,67767.4,67825.91,459.03505,2026-02-20T07:59:59.999000+00:00,31160035.9162284,101693,243.62231,16537846.3946126
2026-02-20T08:00:00+00:00,67825.91,67950.85,67747.33,67879.99,290.00035,2026-02-20T08:59:59.999000+00:00,19674383.3965216,78412,139.63955,9473558.6755641
2026-02-20T09:00:00+00:00,67879.99,68230.01,67879.99,68218.85,996.7879,2026-02-20T09:59:59.999000+00:00,67923220.9147572,158380,601.71985,40993299.1437344
2026-02-20T10:00:00+00:00,68218.85,68318.39,67843.42,67948.99,638.74258,2026-02-20T10:59:59.999000+00:00,43509991.6746788,139500,243.19302,16572343.7058681
2026-02-20T11:00:00+00:00,67948.99,67983.91,67280.6,67318.41,1489.10389,2026-02-20T11:59:59.999000+00:00,100771194.4243672,165055,485.85945,32888267.8759926
2026-02-20T12:00:00+00:00,67318.41,67594.0,67276.41,67541.77,603.15784,2026-02-20T12:59:59.999000+00:00,40673530.4172987,126474,277.43862,18712645.4215856
2026-02-20T13:00:00+00:00,67541.78,67541.78,66280.2,66801.62,7078.59491,2026-02-20T13:59:59.999000+00:00,472253687.9468413,454409,2119.20607,141479095.3680397
2026-02-20T14:00:00+00:00,66801.62,67317.5,66532.87,67069.65,5263.48808,2026-02-20T14:59:59.999000+00:00,351827433.3575017,410056,1855.50254,124130978.5892692
2026-02-20T15:00:00+00:00,67069.65,68083.98,66536.64,67582.95,3143.21056,2026-02-20T15:59:59.999000+00:00,211814571.1295458,714853,1772.53337,119461196.668753
2026-02-20T16:00:00+00:00,67582.95,67921.7,67283.24,67795.47,1312.90303,2026-02-20T16:59:59.999000+00:00,88816721.1589468,375856,707.32696,47859565.2360373
2026-02-20T17:00:00+00:00,67795.48,67795.48,66952.11,67613.37,6085.1555,2026-02-20T17:59:59.999000+00:00,408873497.9426541,484654,1945.93461,130843274.9492769
2026-02-20T18:00:00+00:00,67613.38,68000.0,67466.11,67924.21,1321.6326,2026-02-20T18:59:59.999000+00:00,89503419.244067,343806,786.7587,53289293.1384073
2026-02-20T19:00:00+00:00,67924.22,68000.0,67548.85,67646.03,854.45567,2026-02-20T19:59:59.999000+00:00,57862470.8173443,191461,482.35593,32662599.7810234
2026-02-20T20:00:00+00:00,67646.03,67885.55,67520.3,67750.4,685.93834,2026-02-20T20:59:59.999000+00:00,46455639.6891256,145535,468.20153,31713251.7324231
2026-02-20T21:00:00+00:00,67750.4,67840.0,67639.29,67825.87,451.92527,2026-02-20T21:59:59.999000+00:00,30617763.5939987,85988,292.40619,19810205.9044779
2026-02-20T22:00:00+00:00,67825.87,68116.6,67639.31,68078.13,669.63597,2026-02-20T22:59:59.999000+00:00,45477160.748621,126846,420.74064,28579230.4329588
2026-02-20T23:00:00+00:00,68078.13,68233.99,67914.0,68020.01,582.73901,2026-02-20T23:59:59.999000+00:00,39653517.3188474,94597,373.51407,25415989.7401516
2026-02-21T00:00:00+00:00,68020.0,68051.16,67787.19,67841.0,537.54494,2026-02-21T00:59:59.999000+00:00,36503123.1142353,75978,269.29884,18290386.2004525
2026-02-21T01:00:00+00:00,67841.0,68005.99,67841.0,67951.24,250.62697,2026-02-21T01:59:59.999000+00:00,17018896.0981025,49808,169.25187,11492524.521719
2026-02-21T02:00:00+00:00,67951.25,68099.54,67913.3,68001.05,224.56497,2026-02-21T02:59:59.999000+00:00,15273167.6212178,46942,135.36924,9205980.7200145
2026-02-21T03:00:00+00:00,68001.04,68001.04,67534.69,67667.77,569.35853,2026-02-21T03:59:59.999000+00:00,38568911.2954951,89390,239.29104,16208369.6881893
2026-02-21T04:00:00+00:00,67667.77,67846.88,67593.99,67816.97,228.62441,2026-02-21T04:59:59.999000+00:00,15476797.7569085,54930,137.21523,9289570.3993341
2026-02-21T05:00:00+00:00,67816.98,67888.4,67799.7,67851.93,141.24714,2026-02-21T05:59:59.999000+00:00,9583260.4722714,38996,74.53693,5057273.6802161
2026-02-21T06:00:00+00:00,67851.93,67924.39,67750.96,67793.38,228.15051,2026-02-21T06:59:59.999000+00:00,15479586.4501597,43150,106.8318,7248873.0406117
2026-02-21T07:00:00+00:00,67793.39,67884.74,67749.59,67856.01,118.21011,2026-02-21T07:59:59.999000+00:00,8019341.9967608,29901,47.02708,3190233.0947628
2026-02-21T08:00:00+00:00,67856.01,68079.41,67807.3,68055.03,293.16321,2026-02-21T08:59:59.999000+00:00,19924434.137958,49379,144.5521,9825653.8205495
2026-02-21T09:00:00+00:00,68055.04,68314.54,67978.9,68147.53,599.79254,2026-02-21T09:59:59.999000+00:00,40896879.3832183,81854,339.41056,23144986.7058634
2026-02-21T10:00:00+00:00,68147.54,68250.0,68139.65,68215.54,212.21766,2026-02-21T10:59:59.999000+00:00,14472075.0922083,51695,119.84701,8172946.5746401
2026-02-21T11:00:00+00:00,68215.55,68283.34,68084.0,68092.45,279.32431,2026-02-21T11:59:59.999000+00:00,19046317.1113686,65994,131.67425,8978584.9496629
2026-02-21T12:00:00+00:00,68092.45,68218.2,67915.0,68203.42,307.88407,2026-02-21T12:59:59.999000+00:00,20948027.6138591,67237,131.56462,8953230.2707026
2026-02-21T13:00:00+00:00,68203.42,68260.0,68106.89,68259.99,202.25945,2026-02-21T13:59:59.999000+00:00,13792714.4828962,55923,101.58287,6927879.1738677
2026-02-21T14:00:00+00:00,68259.99,68644.0,68180.53,68450.01,880.51744,2026-02-21T14:59:59.999000+00:00,60288723.1540272,133782,469.31037,32130760.6913499
2026-02-21T15:00:00+00:00,68450.01,68698.7,68417.0,68615.0,427.6444,2026-02-21T15:59:59.999000+00:00,29312462.7447591,88325,241.61513,16561413.9728736
2026-02-21T16:00:00+00:00,68615.01,68630.76,68101.78,68322.6,658.4992,2026-02-21T16:59:59.999000+00:00,44974618.7944532,120356,324.1624,22134659.4230727
2026-02-21T17:00:00+00:00,68322.61,68474.01,68200.0,68437.45,212.23015,2026-02-21T17:59:59.999000+00:00,14503939.3377244,68453,107.66631,7358350.2812262
2026-02-21T18:00:00+00:00,68437.45,68644.0,68383.08,68574.0,320.28262,2026-02-21T18:59:59.999000+00:00,21949099.1093757,61749,156.57328,10730308.7222691
2026-02-21T19:00:00+00:00,68573.99,68658.5,68526.81,68543.51,219.15242,2026-02-21T19:59:59.999000+00:00,15032657.712759,45846,91.05307,6246088.6234139
2026-02-21T20:00:00+00:00,68543.51,68605.63,68190.0,68211.19,369.37236,2026-02-21T20:59:59.999000+00:00,25272806.5810685,55084,142.90406,9781683.4459063
2026-02-21T21:00:00+00:00,68211.19,68390.93,68183.1,68379.95,170.62817,2026-02-21T21:59:59.999000+00:00,11653813.845771,47826,71.16066,4860545.598399
2026-02-21T22:00:00+00:00,68379.95,68437.56,67900.0,67972.0,378.72918,2026-02-21T22:59:59.999000+00:00,25804428.160763,97095,153.64839,10469269.6560256
2026-02-21T23:00:00+00:00,67972.0,68124.54,67941.02,67975.93,202.81655,2026-02-21T23:59:59.999000+00:00,13795996.7798382,73846,97.91495,6660119.4221575
2026-02-22T00:00:00+00:00,67975.93,68060.4,67809.78,67946.0,294.60551,2026-02-22T00:59:59.999000+00:00,20008866.2211614,83722,151.69981,10303781.4453678
2026-02-22T01:00:00+00:00,67946.0,68171.46,67945.99,68159.31,265.09117,2026-02-22T01:59:59.999000+00:00,18046382.7046557,55953,148.99536,10142053.8426252
2026-02-22T02:00:00+00:00,68159.32,68222.16,67872.76,67909.68,289.41881,2026-02-22T02:59:59.999000+00:00,19691797.4242293,62081,135.74391,9238394.7932357
2026-02-22T03:00:00+00:00,67909.67,68062.03,67824.9,68041.43,265.36653,2026-02-22T03:59:59.999000+00:00,18026545.0148039,92264,114.08342,7751762.1295708
2026-02-22T04:00:00+00:00,68041.42,68086.0,67966.52,67983.5,199.56269,2026-02-22T04:59:59.999000+00:00,13573046.7736926,70295,95.63377,6504495.2567398
2026-02-22T05:00:00+00:00,67983.5,68011.75,67881.81,67977.52,154.76424,2026-02-22T05:59:59.999000+00:00,10512242.0996805,40925,68.67781,4664537.5358421
2026-02-22T06:00:00+00:00,67977.52,68178.79,67972.89,68038.13,303.09242,2026-02-22T06:59:59.999000+00:00,20636085.8281022,64813,159.88991,10886519.8123905
2026-02-22T07:00:00+00:00,68038.14,68095.57,67990.5,68005.3,266.37265,2026-02-22T07:59:59.999000+00:00,18121867.3910548,58798,74.08616,5039979.8200892
2026-02-22T08:00:00+00:00,68005.3,68019.46,67912.02,67950.1,183.6609,2026-02-22T08:59:59.999000+00:00,12483078.7767714,58833,57.59006,3914364.6523303
2026-02-22T09:00:00+00:00,67950.11,68101.46,67948.74,68053.32,173.06503,2026-02-22T09:59:59.999000+00:00,11773696.2564003,60398,68.78067,4679124.6918153
2026-02-22T10:00:00+00:00,68053.33,68153.2,68012.78,68129.56,204.92643,2026-02-22T10:59:59.999000+00:00,13953874.7290934,44822,97.76464,6657559.8393993
2026-02-22T11:00:00+00:00,68129.57,68245.0,68129.56,68219.97,171.48901,2026-02-22T11:59:59.999000+00:00,11696675.6991039,42390,97.08597,6621413.9479364
2026-02-22T12:00:00+00:00,68219.97,68232.4,67871.59,67928.22,372.42816,2026-02-22T12:59:59.999000+00:00,25323319.842037,122560,133.86033,9102353.6167801
2026-02-22T13:00:00+00:00,67928.23,68040.8,67571.08,67652.38,679.59468,2026-02-22T13:59:59.999000+00:00,46035187.8809877,168088,294.76008,19965760.8119693
2026-02-22T14:00:00+00:00,67652.38,67682.47,67353.75,67443.89,825.57077,2026-02-22T14:59:59.999000+00:00,55736347.1554749,188976,327.91328,22140869.1829276
2026-02-22T15:00:00+00:00,67443.89,67813.2,67303.5,67684.14,653.6397,2026-02-22T15:59:59.999000+00:00,44164911.328901,170776,289.27921,19546425.5301584
2026-02-22T16:00:00+00:00,67684.15,67718.13,67513.83,67632.76,299.2772,2026-02-22T16:59:59.999000+00:00,20231482.93391,92266,167.63787,11331425.5784853
2026-02-22T17:00:00+00:00,67632.76,67635.22,67190.0,67384.49,691.10182,2026-02-22T17:59:59.999000+00:00,46546501.6392526,140621,315.39571,21244769.4819188
2026-02-22T18:00:00+00:00,67384.48,67461.41,67313.54,67422.62,362.52705,2026-02-22T18:59:59.999000+00:00,24429993.5485048,90343,210.98643,14218152.7838445
2026-02-22T19:00:00+00:00,67422.63,67488.7,67403.37,67428.32,222.75597,2026-02-22T19:59:59.999000+00:00,15024842.134125,62926,146.17007,9859022.9482042
2026-02-22T20:00:00+00:00,67428.32,67491.96,67350.0,67401.74,272.50364,2026-02-22T20:59:59.999000+00:00,18372080.5854296,73585,166.34347,11214901.0573605
2026-02-22T21:00:00+00:00,67401.74,67643.94,67401.74,67612.66,235.86316,2026-02-22T21:59:59.999000+00:00,15926684.137895,64457,163.71707,11054416.3677196
2026-02-22T22:00:00+00:00,67612.66,67751.44,67485.34,67666.16,369.66378,2026-02-22T22:59:59.999000+00:00,24995313.8876005,99426,217.34086,14694897.7367339
2026-02-22T23:00:00+00:00,67666.16,67730.98,67469.58,67643.4,418.79352,2026-02-22T23:59:59.999000+00:00,28302511.5845461,151582,270.857,18304110.7474937
2026-02-23T00:00:00+00:00,67643.39,67684.86,66715.01,66740.47,765.22691,2026-02-23T00:59:59.999000+00:00,51413335.5848734,210130,365.47371,24570719.2773036
2026-02-23T01:00:00+00:00,66740.47,66740.47,64290.71,64427.65,7324.06208,2026-02-23T01:59:59.999000+00:00,477928086.1141628,1305590,3683.80693,240422243.2795412
2026-02-23T02:00:00+00:00,64427.64,64916.85,64325.98,64783.56,1843.2569,2026-02-23T02:59:59.999000+00:00,119247277.9594002,505007,1018.47651,65891228.4641627
2026-02-23T03:00:00+00:00,64783.56,65079.79,64700.0,64934.17,1090.11911,2026-02-23T03:59:59.999000+00:00,70727856.9636311,227389,654.57612,42469530.0941015
2026-02-23T04:00:00+00:00,64934.18,65040.29,64685.64,64808.31,792.86138,2026-02-23T04:59:59.999000+00:00,51413999.4330287,149398,410.1901,26604499.4800909
2026-02-23T05:00:00+00:00,64808.31,65294.8,64796.85,65070.9,1215.1894,2026-02-23T05:59:59.999000+00:00,79037628.8856667,195387,650.36181,42317184.7084263
2026-02-23T06:00:00+00:00,65070.9,65802.09,65033.9,65757.32,1085.08146,2026-02-23T06:59:59.999000+00:00,71028640.5901827,233923,576.23924,37716964.0166815
2026-02-23T07:00:00+00:00,65757.33,66015.22,65641.55,65958.94,1026.69503,2026-02-23T07:59:59.999000+00:00,67606931.3646946,209175,611.05157,40238560.9365221
2026-02-23T08:00:00+00:00,65958.94,65958.94,65565.78,65676.44,895.54696,2026-02-23T08:59:59.999000+00:00,58860907.2588128,178507,352.45228,23162415.7538242
2026-02-23T09:00:00+00:00,65676.44,66456.5,65672.76,66404.91,974.96031,2026-02-23T09:59:59.999000+00:00,64432239.7226789,255269,513.34958,33920673.872897
2026-02-23T10:00:00+00:00,66404.92,66600.0,66220.0,66319.69,789.042,2026-02-23T10:59:59.999000+00:00,52379998.0261662,210955,298.30583,19803012.6742624
2026-02-23T11:00:00+00:00,66319.69,66487.37,66114.22,66207.23,534.45165,2026-02-23T11:59:59.999000+00:00,35415988.56663,149814,210.04652,13920257.3322424
2026-02-23T12:00:00+00:00,66207.23,66511.51,65886.51,66280.4,754.07687,2026-02-23T12:59:59.999000+00:00,49921026.7866198,225640,358.19062,23715612.1311291
2026-02-23T13:00:00+00:00,66280.4,66430.52,66103.35,66132.66,807.41354,2026-02-23T13:59:59.999000+00:00,53490654.0853805,212415,308.18361,20418866.9076792
2026-02-23T14:00:00+00:00,66132.65,66264.95,65529.73,65923.53,971.74614,2026-02-23T14:59:59.999000+00:00,64092142.7637402,520298,424.68303,28011164.1827241
2026-02-23T15:00:00+00:00,65923.52,66250.0,65579.53,65660.1,1263.10354,2026-02-23T15:59:59.999000+00:00,83174956.870959,516710,698.65567,46010258.5486569
2026-02-23T16:00:00+00:00,65660.1,65724.28,65178.83,65364.65,1502.46383,2026-02-23T16:59:59.999000+00:00,98343162.1901302,520635,752.99963,49283553.3951786
2026-02-23T17:00:00+00:00,65364.66,65451.01,64152.04,64813.26,2524.7894,2026-02-23T17:59:59.999000+00:00,163403118.873961,627848,1262.74626,81680772.2596466
2026-02-23T18:00:00+00:00,64813.27,65194.51,64586.0,64635.49,994.68933,2026-02-23T18:59:59.999000+00:00,64482739.0033994,420741,561.7542,36425295.7302302
2026-02-23T19:00:00+00:00,64635.49,64855.18,64048.71,64295.1,2158.00321,2026-02-23T19:59:59.999000+00:00,138806257.886339,419764,716.24097,46108329.0782117
2026-02-23T20:00:00+00:00,64295.11,64487.94,63888.79,64473.14,1313.21455,2026-02-23T20:59:59.999000+00:00,84224279.2922649,408923,650.35046,41717684.5120716
2026-02-23T21:00:00+00:00,64473.14,64783.54,64459.44,64580.66,593.24685,2026-02-23T21:59:59.999000+00:00,38323813.6597478,204519,295.1764,19067357.3144562
2026-02-23T22:00:00+00:00,64580.66,65035.98,64555.59,64725.56,1451.85665,2026-02-23T22:59:59.999000+00:00,94209247.0817206,217700,819.91049,53203870.2390237
2026-02-23T23:00:00+00:00,64725.56,64900.63,64538.9,64656.02,404.81213,2026-02-23T23:59:59.999000+00:00,26194367.1573261,142958,195.41704,12648805.8698988
2026-02-24T00:00:00+00:00,64656.01,65026.75,64656.01,64941.43,437.59997,2026-02-24T00:59:59.999000+00:00,28394295.4237613,177061,259.95852,16866530.8971787
2026-02-24T01:00:00+00:00,64941.42,64941.42,63433.84,64160.27,2402.75927,2026-02-24T01:59:59.999000+00:00,154070890.4248766,718761,1068.01848,68483245.2595411
2026-02-24T02:00:00+00:00,64160.26,64500.0,64000.0,64109.81,599.63527,2026-02-24T02:59:59.999000+00:00,38496872.2910538,344368,303.3393,19476990.1797251
2026-02-24T03:00:00+00:00,64109.8,64109.8,63342.9,63595.51,1312.76931,2026-02-24T03:59:59.999000+00:00,83620007.2410343,507336,540.37781,34422123.671325
2026-02-24T04:00:00+00:00,63595.51,63628.52,62868.69,63378.84,2096.9105,2026-02-24T04:59:59.999000+00:00,132511806.9536808,495595,871.90293,55101898.3247378
2026-02-24T05:00:00+00:00,63378.84,63551.58,62700.8,63104.79,1274.07037,2026-02-24T05:59:59.999000+00:00,80342774.0867165,386025,646.83569,40802314.0824051
2026-02-24T06:00:00+00:00,63104.79,63322.28,62900.0,63082.79,677.94768,2026-02-24T06:59:59.999000+00:00,42806880.103254,255552,309.65523,19556887.4533166
2026-02-24T07:00:00+00:00,63082.79,63367.2,62866.42,63192.96,890.96125,2026-02-24T07:59:59.999000+00:00,56269393.7097431,233145,439.47521,27764484.4911209
2026-02-24T08:00:00+00:00,63192.79,63444.66,63009.92,63392.15,669.14656,2026-02-24T08:59:59.999000+00:00,42333900.7065023,220679,376.79334,23837920.5345107
2026-02-24T09:00:00+00:00,63392.15,63411.8,62908.92,63249.99,657.17066,2026-02-24T09:59:59.999000+00:00,41505196.0000529,220043,314.10664,19841305.499893
2026-02-24T10:00:00+00:00,63250.0,63369.71,63112.7,63284.5,447.19211,2026-02-24T10:59:59.999000+00:00,28277310.2949381,147941,217.51395,13752979.2298824
2026-02-24T11:00:00+00:00,63284.51,63317.95,63063.63,63227.1,461.08382,2026-02-24T11:59:59.999000+00:00,29133820.9825727,132175,224.89144,14209279.3323806
2026-02-24T12:00:00+00:00,63227.11,63343.59,62965.21,62969.05,642.15852,2026-02-24T12:59:59.999000+00:00,40546764.2652463,164127,308.61402,19491152.9277853
2026-02-24T13:00:00+00:00,62969.04,63100.0,62510.28,62900.0,2362.19948,2026-02-24T13:59:59.999000+00:00,148398280.19746,377096,1295.55202,81347672.0709841
2026-02-24T14:00:00+00:00,62900.01,63834.21,62762.03,63453.99,1408.18955,2026-02-24T14:59:59.999000+00:00,89000111.5284155,621688,642.66735,40626640.4575965
2026-02-24T15:00:00+00:00,63454.0,64031.76,63300.0,63973.97,1127.10688,2026-02-24T15:59:59.999000+00:00,71836642.6740974,557584,604.28829,38514364.6347379
2026-02-24T16:00:00+00:00,63973.98,64428.9,63689.54,64265.52,1423.20973,2026-02-24T16:59:59.999000+00:00,91237664.0230626,532595,774.1109,49637193.7639093
2026-02-24T17:00:00+00:00,64265.53,64520.0,64042.8,64219.71,1017.32505,2026-02-24T17:59:59.999000+00:00,65365207.3539994,334080,490.83675,31543803.4202157
2026-02-24T18:00:00+00:00,64219.7,64500.0,63872.72,64435.06,809.89318,2026-02-24T18:59:59.999000+00:00,52049371.9993315,266863,345.95255,22240345.0988491
2026-02-24T19:00:00+00:00,64435.05,64743.11,64250.52,64435.03,722.29463,2026-02-24T19:59:59.999000+00:00,46575773.50747,254868,381.13647,24577765.500693
2026-02-24T20:00:00+00:00,64435.03,64591.99,64318.03,64472.9,409.22444,2026-02-24T20:59:59.999000+00:00,26378082.8009519,178466,187.41335,12081811.7000112
2026-02-24T21:00:00+00:00,64472.9,64472.9,63820.5,64042.66,576.40912,2026-02-24T21:59:59.999000+00:00,36937918.6490745,175796,225.42259,14439840.495059
2026-02-24T22:00:00+00:00,64042.66,64227.81,63973.79,64120.95,288.16182,2026-02-24T22:59:59.999000+00:00,18478919.9673859,120415,140.42795,9004428.0364431
2026-02-24T23:00:00+00:00,64120.96,64248.65,63853.99,64058.15,389.41705,2026-02-24T23:59:59.999000+00:00,24944274.5352537,131370,181.31948,11614454.8553972
2026-02-25T00:00:00+00:00,64058.15,64319.29,63913.27,64224.3,292.38037,2026-02-25T00:59:59.999000+00:00,18748391.7802803,135894,147.19221,9441168.7598231
2026-02-25T01:00:00+00:00,64224.29,66300.0,64145.2,65896.75,2840.08056,2026-02-25T01:59:59.999000+00:00,186553497.9886753,728922,1575.47713,103400109.7530749
2026-02-25T02:00:00+00:00,65896.74,66310.0,65866.66,65884.83,1252.91602,2026-02-25T02:59:59.999000+00:00,82788548.1972271,331915,603.01826,39853948.6295619
2026-02-25T03:00:00+00:00,65884.84,65955.87,65350.28,65391.73,801.79518,2026-02-25T03:59:59.999000+00:00,52599200.701555,275871,406.04783,26639948.6824499
2026-02-25T04:00:00+00:00,65391.74,65650.0,65116.65,65457.99,723.49717,2026-02-25T04:59:59.999000+00:00,47351907.2407518,210217,367.59794,24060841.9741403
2026-02-25T05:00:00+00:00,65458.0,65511.21,64755.26,64882.76,831.61343,2026-02-25T05:59:59.999000+00:00,54116037.4659125,238985,321.02522,20885429.69215
2026-02-25T06:00:00+00:00,64882.77,65124.04,64865.78,64898.22,394.76962,2026-02-25T06:59:59.999000+00:00,25657252.3878366,133561,162.39245,10556063.9540582
2026-02-25T07:00:00+00:00,64898.22,65193.25,64781.18,65028.3,682.59011,2026-02-25T07:59:59.999000+00:00,44377722.870949,175452,333.64546,21694377.5587094
2026-02-25T08:00:00+00:00,65028.3,65586.87,64955.79,65530.49,694.36389,2026-02-25T08:59:59.999000+00:00,45336298.8017456,226622,472.55057,30846035.1343168
2026-02-25T09:00:00+00:00,65530.48,65692.62,65396.47,65558.71,545.80832,2026-02-25T09:59:59.999000+00:00,35769140.7936332,172294,286.20326,18757604.6762316
2026-02-25T10:00:00+00:00,65558.71,65648.74,65345.0,65400.87,315.12553,2026-02-25T10:59:59.999000+00:00,20626885.5352027,109018,162.15126,10612545.4231633
2026-02-25T11:00:00+00:00,65400.87,65485.91,65200.8,65430.04,442.6001,2026-02-25T11:59:59.999000+00:00,28925749.7308877,135299,240.18925,15697450.020483
2026-02-25T12:00:00+00:00,65430.04,66240.0,65324.62,66068.94,1316.71816,2026-02-25T12:59:59.999000+00:00,86734789.4956407,260808,733.57331,48301098.6486266
2026-02-25T13:00:00+00:00,66068.94,66684.1,66025.39,66248.62,1860.04287,2026-02-25T13:59:59.999000+00:00,123339028.5424222,286178,1102.46723,73101311.1553556
2026-02-25T14:00:00+00:00,66248.63,67009.78,66202.66,66973.2,2180.16784,2026-02-25T14:59:59.999000+00:00,145132058.0582635,466302,1369.18678,91166111.8926092
2026-02-25T15:00:00+00:00,66973.19,67578.0,66715.13,67412.33,2522.90832,2026-02-25T15:59:59.999000+00:00,169507855.1542505,542162,1559.66491,104802096.5323239
2026-02-25T16:00:00+00:00,67412.32,68332.0,67404.0,68297.35,2059.42933,2026-02-25T16:59:59.999000+00:00,139813571.1948698,401863,1227.83858,83369478.0905434
2026-02-25T17:00:00+00:00,68297.35,68879.96,68016.53,68674.2,2463.18666,2026-02-25T17:59:59.999000+00:00,168786768.5054116,464579,1262.94653,86591141.7286811
2026-02-25T18:00:00+00:00,68674.2,69550.0,68373.33,69328.07,2105.00773,2026-02-25T18:59:59.999000+00:00,145526785.8736392,393399,1084.47708,74962794.2258217
2026-02-25T19:00:00+00:00,69328.06,69406.93,68764.94,69038.26,1672.83962,2026-02-25T19:59:59.999000+00:00,115438135.6977093,277301,696.80553,48071355.8865963
2026-02-25T20:00:00+00:00,69038.26,69374.95,68619.22,69148.69,1076.93003,2026-02-25T20:59:59.999000+00:00,74300233.004162,240410,504.65119,34831864.9416372
2026-02-25T21:00:00+00:00,69148.69,69988.83,68773.83,68919.72,1562.1195,2026-02-25T21:59:59.999000+00:00,108221103.7932865,408272,753.74962,52246511.9942365
2026-02-25T22:00:00+00:00,68919.72,69176.0,68055.91,68432.13,1092.88431,2026-02-25T22:59:59.999000+00:00,74950598.3032016,233470,512.20726,35117431.959284
2026-02-25T23:00:00+00:00,68432.13,68696.97,67600.0,67988.04,1020.21792,2026-02-25T23:59:59.999000+00:00,69488141.7269213,247921,497.86099,33898255.6943941
2026-02-26T00:00:00+00:00,67988.04,68539.17,67727.52,68335.99,1134.56842,2026-02-26T00:59:59.999000+00:00,77352015.3656892,298508,668.01659,45535050.5911491
2026-02-26T01:00:00+00:00,68335.99,68700.0,68210.35,68248.3,619.19035,2026-02-26T01:59:59.999000+00:00,42366665.7717037,207502,287.23812,19658888.6624845
2026-02-26T02:00:00+00:00,68248.3,68351.0,67779.93,68257.45,833.1941,2026-02-26T02:59:59.999000+00:00,56667194.4748912,233657,417.65474,28403789.2037133
2026-02-26T03:00:00+00:00,68257.46,68379.59,68044.18,68216.86,408.51743,2026-02-26T03:59:59.999000+00:00,27857628.50825,159656,192.36795,13118001.8195884
2026-02-26T04:00:00+00:00,68216.87,68860.0,68179.62,68571.36,587.55874,2026-02-26T04:59:59.999000+00:00,40304104.4766703,206550,321.07807,22022797.3111382
2026-02-26T05:00:00+00:00,68571.36,68571.37,68127.58,68443.81,486.81983,2026-02-26T05:59:59.999000+00:00,33270378.5995228,197086,246.16169,16823279.3080025
2026-02-26T06:00:00+00:00,68443.82,68522.0,68042.9,68176.75,618.63359,2026-02-26T06:59:59.999000+00:00,42244843.4805846,150849,272.99163,18645928.7932975
2026-02-26T07:00:00+00:00,68176.75,68290.18,67817.87,67825.04,840.14406,2026-02-26T07:59:59.999000+00:00,57163396.6206198,162726,277.63138,18898315.6925496
2026-02-26T08:00:00+00:00,67825.05,68236.0,67792.0,67954.01,761.69108,2026-02-26T08:59:59.999000+00:00,51807155.8530204,195255,393.02712,26735885.2773727
2026-02-26T09:00:00+00:00,67954.0,68644.59,67933.25,68589.41,1095.31619,2026-02-26T09:59:59.999000+00:00,74884093.2230868,178292,658.94281,45065174.5276737
2026-02-26T10:00:00+00:00,68589.41,68722.64,68257.64,68301.62,688.66072,2026-02-26T10:59:59.999000+00:00,47155991.9019326,162357,340.52233,23317962.4233416
2026-02-26T11:00:00+00:00,68301.61,68404.25,67965.46,68051.31,722.94931,2026-02-26T11:59:59.999000+00:00,49283812.4216666,149497,300.82291,20511760.8124713
2026-02-26T12:00:00+00:00,68051.3,68303.83,68009.88,68171.56,642.07881,2026-02-26T12:59:59.999000+00:00,43776075.9603184,177554,350.63628,23906183.8218189
2026-02-26T13:00:00+00:00,68171.55,68213.98,67848.69,67905.35,698.96783,2026-02-26T13:59:59.999000+00:00,47562785.1908964,212302,336.50851,22901580.9390547
2026-02-26T14:00:00+00:00,67905.34,68272.21,67264.22,67697.74,1769.26733,2026-02-26T14:59:59.999000+00:00,119875677.6832928,490673,769.44178,52136404.3652756
2026-02-26T15:00:00+00:00,67696.89,67743.36,66761.16,67382.0,2095.8814,2026-02-26T15:59:59.999000+00:00,140817662.2191817,586764,1033.2485,69433914.2870323
2026-02-26T16:00:00+00:00,67382.0,67566.85,66500.0,66643.55,2050.20093,2026-02-26T16:59:59.999000+00:00,137149109.805884,447034,902.12577,60385336.654616
2026-02-26T17:00:00+00:00,66643.56,67044.1,66600.46,66826.8,885.82755,2026-02-26T17:59:59.999000+00:00,59211744.4880778,303680,448.45505,29975941.708585
2026-02-26T18:00:00+00:00,66826.8,67373.9,66575.73,67310.53,1058.47196,2026-02-26T18:59:59.999000+00:00,70966435.7052236,267395,599.04363,40187308.8122195
2026-02-26T19:00:00+00:00,67310.53,67903.12,67285.99,67589.22,1235.95013,2026-02-26T19:59:59.999000+00:00,83561525.723629,233823,629.95126,42586668.2643402
2026-02-26T20:00:00+00:00,67589.21,67831.11,67269.42,67414.07,597.88987,2026-02-26T20:59:59.999000+00:00,40364486.062573,145007,255.61993,17263968.1308737
2026-02-26T21:00:00+00:00,67414.07,67575.97,67150.14,67463.65,299.84732,2026-02-26T21:59:59.999000+00:00,20205025.3693442,110309,153.19526,10324645.5016126
2026-02-26T22:00:00+00:00,67463.65,67630.22,67301.75,67572.3,291.6336,2026-02-26T22:59:59.999000+00:00,19684545.6471413,63695,142.0729,9593702.7542288
2026-02-26T23:00:00+00:00,67572.3,67656.11,67390.65,67485.18,314.51737,2026-02-26T23:59:59.999000+00:00,21242311.0113606,85966,175.74626,11871562.7906273
2026-02-27T00:00:00+00:00,67485.19,67537.84,67000.0,67226.5,462.9103,2026-02-27T00:59:59.999000+00:00,31138039.1838238,161051,168.68501,11341924.0965724
2026-02-27T01:00:00+00:00,67226.5,67398.86,66885.0,67352.26,818.15438,2026-02-27T01:59:59.999000+00:00,54951585.6313265,221491,411.76727,27662945.6276272
2026-02-27T02:00:00+00:00,67352.26,67546.15,67263.56,67266.58,463.09611,2026-02-27T02:59:59.999000+00:00,31216056.8157792,155380,246.08841,16588149.4286644
2026-02-27T03:00:00+00:00,67266.58,67712.16,67099.71,67600.84,415.67371,2026-02-27T03:59:59.999000+00:00,27986842.7875196,122053,229.63541,15464277.6752863
2026-02-27T04:00:00+00:00,67600.84,68216.8,67578.67,67747.49,1318.53811,2026-02-27T04:59:59.999000+00:00,89492574.2412964,220102,662.93004,44997868.3563247
2026-02-27T05:00:00+00:00,67747.49,67924.0,67683.3,67724.99,411.56603,2026-02-27T05:59:59.999000+00:00,27904096.6987243,103479,238.67979,16181696.2450644
2026-02-27T06:00:00+00:00,67725.0,67823.9,67525.46,67658.14,398.60368,2026-02-27T06:59:59.999000+00:00,26971881.7626564,100102,154.17927,10436217.0687114
2026-02-27T07:00:00+00:00,67658.14,67774.48,67459.3,67690.6,896.56486,2026-02-27T07:59:59.999000+00:00,60619500.3945688,128527,506.89097,34284562.8020839
2026-02-27T08:00:00+00:00,67690.6,68079.83,67655.86,67926.24,712.98047,2026-02-27T08:59:59.999000+00:00,48423658.1192123,134785,340.57652,23129987.0766183
2026-02-27T09:00:00+00:00,67926.25,68149.93,67284.22,67355.73,1377.2902,2026-02-27T09:59:59.999000+00:00,93459080.2098035,161150,407.7591,27655595.6504278
2026-02-27T10:00:00+00:00,67355.72,67416.78,66574.0,66604.91,1414.83211,2026-02-27T10:59:59.999000+00:00,94615802.5404306,200521,560.28646,37473827.1690755
2026-02-27T11:00:00+00:00,66604.9,66778.68,65960.01,66126.99,1399.59256,2026-02-27T11:59:59.999000+00:00,92832488.5939232,172892,607.8794,40309538.0982945
2026-02-27T12:00:00+00:00,66126.99,66217.42,65734.71,65928.01,1855.03329,2026-02-27T12:59:59.999000+00:00,122330522.2919698,148952,964.24818,63592352.4606257
2026-02-27T13:00:00+00:00,65928.01,66344.9,65649.34,66270.55,1278.55317,2026-02-27T13:59:59.999000+00:00,84381366.9939421,173926,646.82095,42695906.1402171
2026-02-27T14:00:00+00:00,66270.55,66334.87,65686.64,65887.59,1404.23206,2026-02-27T14:59:59.999000+00:00,92690097.8410924,293644,733.61076,48412822.2068334
2026-02-27T15:00:00+00:00,65887.59,66311.11,65845.18,66095.4,957.11978,2026-02-27T15:59:59.999000+00:00,63243068.1122629,257350,483.46987,31947647.7978903
2026-02-27T16:00:00+00:00,66095.4,66121.03,65462.93,65475.21,1135.56487,2026-02-27T16:59:59.999000+00:00,74680165.610414,230480,446.03373,29336920.9785168
2026-02-27T17:00:00+00:00,65475.21,65765.06,65113.72,65703.19,1265.39709,2026-02-27T17:59:59.999000+00:00,82804750.0516629,238209,701.41209,45913581.3907777
2026-02-27T18:00:00+00:00,65703.18,65788.07,65228.33,65314.76,623.00837,2026-02-27T18:59:59.999000+00:00,40810449.0720163,151605,309.04405,20258381.8150138
2026-02-27T19:00:00+00:00,65314.76,65457.35,65172.6,65392.18,851.95591,2026-02-27T19:59:59.999000+00:00,55670464.7039613,117356,449.55886,29380661.1110606
2026-02-27T20:00:00+00:00,65392.18,65666.66,65392.18,65594.67,444.86468,2026-02-27T20:59:59.999000+00:00,29170190.3122599,110666,220.82377,14478663.6666055
2026-02-27T21:00:00+00:00,65594.67,65749.94,65400.0,65527.59,282.6564,2026-02-27T21:59:59.999000+00:00,18544264.0214933,80506,136.78752,8975328.7787078
2026-02-27T22:00:00+00:00,65527.59,65673.33,64914.46,65637.99,713.5349,2026-02-27T22:59:59.999000+00:00,46582991.7085998,104817,294.99813,19286699.2022138
2026-02-27T23:00:00+00:00,65638.0,65953.2,65551.67,65872.1,326.8612,2026-02-27T23:59:59.999000+00:00,21513885.8632335,67020,185.04361,12180687.6814487
2026-02-28T00:00:00+00:00,65872.09,66025.52,65721.13,65942.0,334.42449,2026-02-28T00:59:59.999000+00:00,22033745.7800249,67480,168.28229,11089712.3809546
2026-02-28T01:00:00+00:00,65942.01,65971.93,65743.71,65770.36,267.81274,2026-02-28T01:59:59.999000+00:00,17640879.3660715,71083,152.57004,10051792.4037507
2026-02-28T02:00:00+00:00,65770.36,66018.85,65761.94,65961.13,204.09288,2026-02-28T02:59:59.999000+00:00,13457284.7651456,56507,112.54049,7420482.5477721
2026-02-28T03:00:00+00:00,65961.13,65982.34,65745.39,65797.42,239.41397,2026-02-28T03:59:59.999000+00:00,15767725.6473301,63285,97.71246,6436062.427713
2026-02-28T04:00:00+00:00,65797.42,65818.44,65488.0,65663.2,311.53682,2026-02-28T04:59:59.999000+00:00,20454833.4143187,79273,107.19896,7039738.2307553
2026-02-28T05:00:00+00:00,65663.21,65729.65,65500.0,65591.03,300.20395,2026-02-28T05:59:59.999000+00:00,19691152.3827437,69264,102.64567,6733400.837967
2026-02-28T06:00:00+00:00,65591.03,65591.04,63030.0,63216.01,3175.19445,2026-02-28T06:59:59.999000+00:00,203699115.89985,615840,1289.80747,82713203.0820612
2026-02-28T07:00:00+00:00,63216.01,64327.22,63038.0,63826.0,2127.97927,2026-02-28T07:59:59.999000+00:00,135680221.7236071,416921,1082.02848,68953873.8075275
2026-02-28T08:00:00+00:00,63825.99,63877.09,63411.39,63473.28,1118.13838,2026-02-28T08:59:59.999000+00:00,71149963.6515905,264171,529.20575,33679179.5557958
2026-02-28T09:00:00+00:00,63473.27,64005.35,63372.1,63658.54,737.11739,2026-02-28T09:59:59.999000+00:00,46946317.9929025,220795,439.40455,27997595.4161298
2026-02-28T10:00:00+00:00,63658.55,64053.93,63452.64,64010.39,1633.42712,2026-02-28T10:59:59.999000+00:00,104290889.6353478,197769,878.14376,56077416.5390825
2026-02-28T11:00:00+00:00,64010.38,64307.44,63791.25,63844.2,1245.63976,2026-02-28T11:59:59.999000+00:00,79810960.2047814,156555,664.42721,42571700.9937781
2026-02-28T12:00:00+00:00,63844.2,64082.66,63827.2,64017.19,474.84169,2026-02-28T12:59:59.999000+00:00,30383260.392442,95364,316.81442,20275237.5098841
2026-02-28T13:00:00+00:00,64017.18,65216.97,63888.89,65106.44,1748.13055,2026-02-28T13:59:59.999000+00:00,112602961.6547146,239934,1029.37855,66289860.6445105
2026-02-28T14:00:00+00:00,65106.45,65360.51,64278.5,64435.61,1331.97244,2026-02-28T14:59:59.999000+00:00,86384184.1959513,331907,673.00491,43665522.5141453
2026-02-28T15:00:00+00:00,64435.62,65020.75,64200.0,64841.18,731.53889,2026-02-28T15:59:59.999000+00:00,47296650.1036484,205062,397.03404,25679345.3462473
2026-02-28T16:00:00+00:00,64841.17,65206.25,64681.81,65094.3,500.23365,2026-02-28T16:59:59.999000+00:00,32507176.3279884,199610,293.70961,19091198.4257341
2026-02-28T17:00:00+00:00,65094.29,65555.0,64828.03,65442.62,595.58409,2026-02-28T17:59:59.999000+00:00,38777841.0138276,175603,280.29737,18263588.7278774
2026-02-28T18:00:00+00:00,65442.61,66157.61,65185.7,65911.84,830.58148,2026-02-28T18:59:59.999000+00:00,54542262.564758,278973,472.47092,31037923.3736613
2026-02-28T19:00:00+00:00,65911.83,66666.65,65602.65,66362.01,1072.73124,2026-02-28T19:59:59.999000+00:00,71025218.8431786,322392,656.72635,43494282.081443
2026-02-28T20:00:00+00:00,66362.01,67151.68,66190.61,66959.62,840.13263,2026-02-28T20:59:59.999000+00:00,56107117.2412369,329810,476.84339,31844199.4239258
2026-02-28T21:00:00+00:00,66959.63,67055.56,66368.42,66723.22,934.75984,2026-02-28T21:59:59.999000+00:00,62309093.5704764,248442,433.85291,28933925.1323296
2026-02-28T22:00:00+00:00,66723.23,67760.0,66608.82,67103.64,1310.09118,2026-02-28T22:59:59.999000+00:00,87950234.2035777,395017,675.31952,45344629.2227813
2026-02-28T23:00:00+00:00,67103.63,67210.0,66733.73,66973.26,483.13759,2026-02-28T23:59:59.999000+00:00,32355317.6860528,167457,201.6889,13506519.8065549
2026-03-01T00:00:00+00:00,66973.26,67121.8,66620.5,66791.29,560.35194,2026-03-01T00:59:59.999000+00:00,37472155.8090198,185423,304.82012,20393713.924538
2026-03-01T01:00:00+00:00,66791.29,67703.32,66042.72,67339.36,1630.19028,2026-03-01T01:59:59.999000+00:00,108995343.8342873,360834,899.21803,60174380.3804906
2026-03-01T02:00:00+00:00,67339.36,68199.99,67339.36,67620.65,1861.8227,2026-03-01T02:59:59.999000+00:00,126344237.8842943,418773,939.97406,63793129.9318799
2026-03-01T03:00:00+00:00,67620.65,67813.33,67400.0,67502.16,637.99716,2026-03-01T03:59:59.999000+00:00,43121410.1606624,169341,298.67476,20191065.0665455
2026-03-01T04:00:00+00:00,67502.16,67612.14,67079.36,67346.5,631.60541,2026-03-01T04:59:59.999000+00:00,42519575.5040446,135372,261.03313,17570640.6294203
2026-03-01T05:00:00+00:00,67346.5,67574.65,67200.0,67292.09,437.89406,2026-03-01T05:59:59.999000+00:00,29525060.4947155,106422,212.55241,14331212.101264
2026-03-01T06:00:00+00:00,67292.08,67345.8,66749.35,66926.68,1159.96329,2026-03-01T06:59:59.999000+00:00,77705015.278952,151457,474.15445,31765848.9143301
2026-03-01T07:00:00+00:00,66926.69,67235.72,66784.58,67141.39,937.93278,2026-03-01T07:59:59.999000+00:00,62919705.9290609,118317,491.73358,32982031.5557483
2026-03-01T08:00:00+00:00,67141.4,67292.3,66389.33,66560.14,1475.81311,2026-03-01T08:59:59.999000+00:00,98529048.3395499,214840,381.01048,25485843.2601689
2026-03-01T09:00:00+00:00,66560.14,66771.1,66246.95,66410.08,815.73368,2026-03-01T09:59:59.999000+00:00,54247848.6586604,263885,372.03993,24741013.2446076
2026-03-01T10:00:00+00:00,66410.09,66731.47,66215.71,66467.06,621.17753,2026-03-01T10:59:59.999000+00:00,41300697.7144149,171523,361.133,24014426.4982667
2026-03-01T11:00:00+00:00,66467.07,66661.61,66372.27,66468.03,338.19615,2026-03-01T11:59:59.999000+00:00,22491257.9479955,96844,176.37133,11731300.6931366
2026-03-01T12:00:00+00:00,66468.04,66550.0,66241.97,66296.48,388.82935,2026-03-01T12:59:59.999000+00:00,25829283.0339094,118538,210.85385,14009629.5613687
2026-03-01T13:00:00+00:00,66296.48,67360.57,66132.27,66934.79,1311.02111,2026-03-01T13:59:59.999000+00:00,87608503.262535,297279,701.5774,46919088.2002688
2026-03-01T14:00:00+00:00,66934.8,67320.19,66752.58,66847.8,911.62631,2026-03-01T14:59:59.999000+00:00,61042094.2556565,338803,465.29871,31173781.3739263
2026-03-01T15:00:00+00:00,66847.8,67243.69,66828.6,66842.42,1028.55576,2026-03-01T15:59:59.999000+00:00,69002328.9113976,222798,606.52153,40679415.4993612
2026-03-01T16:00:00+00:00,66842.42,67112.37,65730.28,66135.45,1500.74296,2026-03-01T16:59:59.999000+00:00,99766384.5092212,330626,659.11423,43887446.6750945
2026-03-01T17:00:00+00:00,66135.45,66219.77,65699.98,65979.61,952.1973,2026-03-01T17:59:59.999000+00:00,62838531.0553748,254671,421.71538,27834795.2032451
2026-03-01T18:00:00+00:00,65979.61,66657.44,65979.61,66316.83,906.08265,2026-03-01T18:59:59.999000+00:00,60132822.6510922,170597,526.66111,34951018.5919138
2026-03-01T19:00:00+00:00,66316.84,66345.95,65772.29,65962.17,541.15631,2026-03-01T19:59:59.999000+00:00,35736876.9648154,128244,244.35122,16138690.2781539
2026-03-01T20:00:00+00:00,65962.16,65962.16,65084.02,65300.0,961.21349,2026-03-01T20:59:59.999000+00:00,62863578.4555896,265153,447.74648,29269497.5586031
2026-03-01T21:00:00+00:00,65300.01,65756.5,65281.83,65666.2,996.50526,2026-03-01T21:59:59.999000+00:00,65304755.1816099,151136,484.75362,31771829.1311726
2026-03-01T22:00:00+00:00,65666.19,66491.43,65056.0,65268.71,1763.29476,2026-03-01T22:59:59.999000+00:00,115821632.1689529,328553,861.74246,56632245.4832955
2026-03-01T23:00:00+00:00,65268.71,66080.0,65125.67,65776.47,831.95524,2026-03-01T23:59:59.999000+00:00,54665594.9003881,312584,406.72074,26719879.0916616
2026-03-02T00:00:00+00:00,65776.48,66796.44,65761.04,66501.52,990.0826,2026-03-02T00:59:59.999000+00:00,65630671.0812527,405499,499.72613,33145828.9875898
2026-03-02T01:00:00+00:00,66501.52,67079.0,66358.45,66532.02,886.93071,2026-03-02T01:59:59.999000+00:00,59150628.8683982,419193,502.17903,33504019.0663022
2026-03-02T02:00:00+00:00,66532.02,66609.94,65890.5,66276.77,554.16265,2026-03-02T02:59:59.999000+00:00,36701143.3502719,265409,248.11387,16430769.8265017
2026-03-02T03:00:00+00:00,66276.77,67037.22,66101.07,66820.03,509.4124,2026-03-02T03:59:59.999000+00:00,33978536.7823761,213840,274.10188,18282019.8500224
2026-03-02T04:00:00+00:00,66820.03,66975.74,66633.13,66862.12,750.65203,2026-03-02T04:59:59.999000+00:00,50131953.9356588,162748,271.26539,18118331.8249845
2026-03-02T05:00:00+00:00,66862.11,66995.64,66547.81,66730.78,887.19458,2026-03-02T05:59:59.999000+00:00,59244202.7320843,232259,348.4166,23268523.6042983
2026-03-02T06:00:00+00:00,66730.78,66739.45,66062.83,66204.9,677.75967,2026-03-02T06:59:59.999000+00:00,44937679.3644427,241606,340.51962,22567440.9744947
2026-03-02T07:00:00+00:00,66204.9,66209.46,65542.6,66007.52,1294.85905,2026-03-02T07:59:59.999000+00:00,85220358.8875641,281351,645.45005,42493627.6169838
2026-03-02T08:00:00+00:00,66007.8,66306.0,65654.54,66282.0,1104.41132,2026-03-02T08:59:59.999000+00:00,72841996.8023945,267013,575.44129,37962290.9892845
2026-03-02T09:00:00+00:00,66281.99,66720.84,66164.96,66168.62,1786.28426,2026-03-02T09:59:59.999000+00:00,118645127.3984043,329541,509.91802,33870518.2610728
2026-03-02T10:00:00+00:00,66168.61,66381.74,66079.24,66316.4,436.29038,2026-03-02T10:59:59.999000+00:00,28898262.5838375,215364,229.33286,15189976.7699559
2026-03-02T11:00:00+00:00,66316.39,66462.4,66003.59,66359.68,1034.77975,2026-03-02T11:59:59.999000+00:00,68475239.1618199,239015,323.90079,21446842.130983
2026-03-02T12:00:00+00:00,66359.67,66391.38,65874.92,65963.43,763.09374,2026-03-02T12:59:59.999000+00:00,50401600.653459,218778,201.16637,13298999.8098684
2026-03-02T13:00:00+00:00,65963.43,66157.28,65350.0,65440.01,1576.81345,2026-03-02T13:59:59.999000+00:00,103639038.0614132,424092,765.14888,50338098.5982654
2026-03-02T14:00:00+00:00,65440.01,67220.81,65259.21,67177.06,3015.13713,2026-03-02T14:59:59.999000+00:00,199785731.3222263,806093,1723.53377,114281382.4924926
2026-03-02T15:00:00+00:00,67177.05,69617.74,66975.29,69130.2,5476.56874,2026-03-02T15:59:59.999000+00:00,375756893.6699452,1081007,2975.20288,203967562.4986017
2026-03-02T16:00:00+00:00,69130.2,70096.0,68933.69,69428.62,3440.03188,2026-03-02T16:59:59.999000+00:00,239243971.9392249,803375,1836.93962,127808569.9205488
2026-03-02T17:00:00+00:00,69428.62,69578.0,68793.88,69198.0,1445.4415,2026-03-02T17:59:59.999000+00:00,100066445.6557753,398888,731.75075,50670972.7600098
2026-03-02T18:00:00+00:00,69198.0,69268.15,68727.83,68877.67,1055.7431,2026-03-02T18:59:59.999000+00:00,72890341.3939118,295800,540.30343,37312268.6352209
2026-03-02T19:00:00+00:00,68877.67,69049.32,68576.18,68966.53,886.89114,2026-03-02T19:59:59.999000+00:00,61051191.1887253,237949,486.40403,33488726.657798
2026-03-02T20:00:00+00:00,68966.52,69505.0,68584.9,69106.58,1028.13825,2026-03-02T20:59:59.999000+00:00,71043152.6785969,326162,506.70467,35002634.0382413
2026-03-02T21:00:00+00:00,69106.58,69539.77,69000.71,69413.82,441.38382,2026-03-02T21:59:59.999000+00:00,30595523.0136072,167971,245.80531,17035569.96637
2026-03-02T22:00:00+00:00,69413.82,69501.62,69136.36,69440.49,1330.59238,2026-03-02T22:59:59.999000+00:00,92217914.7460172,173563,337.82947,23422388.8338796
2026-03-02T23:00:00+00:00,69440.48,69479.58,68740.0,68830.06,637.72978,2026-03-02T23:59:59.999000+00:00,44031236.57451,191010,216.75898,14964180.4343804
2026-03-03T00:00:00+00:00,68830.06,69166.61,68644.38,69092.88,602.91075,2026-03-03T00:59:59.999000+00:00,41560858.7763925,189176,364.57996,25143881.2944756
2026-03-03T01:00:00+00:00,69092.89,69258.08,68755.0,68760.01,452.46998,2026-03-03T01:59:59.999000+00:00,31208530.0419111,195061,243.44462,16794954.3184468
2026-03-03T02:00:00+00:00,68760.01,68774.13,68210.71,68512.17,848.26905,2026-03-03T02:59:59.999000+00:00,58081343.1407923,253808,311.37653,21324751.2433965
2026-03-03T03:00:00+00:00,68512.17,68550.0,68231.47,68377.94,458.44735,2026-03-03T03:59:59.999000+00:00,31344011.8534278,156591,178.23653,12185247.9823879
2026-03-03T04:00:00+00:00,68377.94,68454.63,68050.11,68123.2,436.46143,2026-03-03T04:59:59.999000+00:00,29788970.8571088,154510,132.74586,9061643.2207957
2026-03-03T05:00:00+00:00,68123.19,68617.42,67845.84,67947.75,913.85345,2026-03-03T05:59:59.999000+00:00,62339389.3343166,235064,417.44453,28511696.3578642
2026-03-03T06:00:00+00:00,67947.75,68250.24,67800.0,68106.73,821.19287,2026-03-03T06:59:59.999000+00:00,55804431.4692866,196778,422.87924,28741017.5377864
2026-03-03T07:00:00+00:00,68106.73,68275.2,67951.24,68172.8,1165.60519,2026-03-03T07:59:59.999000+00:00,79432831.2884551,201989,532.89706,36315112.0371739
2026-03-03T08:00:00+00:00,68172.79,68311.83,66905.0,67003.3,1883.4522,2026-03-03T08:59:59.999000+00:00,127271273.3762192,440334,817.6137,55221055.5051164
2026-03-03T09:00:00+00:00,67003.3,67184.71,66340.14,66647.98,1767.88336,2026-03-03T09:59:59.999000+00:00,118012670.6695717,512555,868.55802,58008646.291905
2026-03-03T10:00:00+00:00,66647.98,67030.75,66440.46,66860.3,1159.50732,2026-03-03T10:59:59.999000+00:00,77269960.4336675,351135,745.91752,49722148.337379
2026-03-03T11:00:00+00:00,66860.3,67166.5,66779.37,67026.61,1271.91624,2026-03-03T11:59:59.999000+00:00,85196648.374394,349395,537.03866,35969372.2324295
2026-03-03T12:00:00+00:00,67026.6,67973.2,67025.93,67399.85,1323.51079,2026-03-03T12:59:59.999000+00:00,89304575.8798681,423380,662.74841,44710711.0443232
2026-03-03T13:00:00+00:00,67399.85,67435.0,66635.3,66931.31,709.75818,2026-03-03T13:59:59.999000+00:00,47553695.1800491,352901,286.5987,19204020.0325498
2026-03-03T14:00:00+00:00,66931.32,67603.94,66158.0,66568.95,1714.82463,2026-03-03T14:59:59.999000+00:00,114651598.1468237,638453,919.83494,61528511.3742908
2026-03-03T15:00:00+00:00,66568.95,67834.93,66471.79,67725.81,1695.1952,2026-03-03T15:59:59.999000+00:00,113864722.5797228,611336,928.83647,62399680.6917405
2026-03-03T16:00:00+00:00,67725.82,68999.0,67473.09,68175.9,2581.91143,2026-03-03T16:59:59.999000+00:00,176151461.9339376,707169,1407.03544,95999626.3001532
2026-03-03T17:00:00+00:00,68175.89,68400.0,67626.53,68318.66,982.14848,2026-03-03T17:59:59.999000+00:00,66796344.162339,408159,462.43279,31465479.467424
2026-03-03T18:00:00+00:00,68318.66,68914.01,67976.47,68628.49,974.13002,2026-03-03T18:59:59.999000+00:00,66742971.6634684,292195,549.56235,37661369.7291939
2026-03-03T19:00:00+00:00,68628.5,68888.88,68312.83,68435.0,946.51026,2026-03-03T19:59:59.999000+00:00,64977883.3604661,288474,478.02738,32825803.1176438
2026-03-03T20:00:00+00:00,68435.0,68591.24,68092.1,68266.0,592.99873,2026-03-03T20:59:59.999000+00:00,40519667.506205,247601,260.54144,17804851.7780971
2026-03-03T21:00:00+00:00,68265.99,68265.99,67832.3,68024.62,519.92364,2026-03-03T21:59:59.999000+00:00,35360588.2913258,153363,183.20573,12458716.269151
2026-03-03T22:00:00+00:00,68024.63,68524.54,68024.62,68327.2,573.87256,2026-03-03T22:59:59.999000+00:00,39200969.4515888,146640,343.75026,23479061.421058
2026-03-03T23:00:00+00:00,68327.2,68860.0,68245.64,68338.0,575.48869,2026-03-03T23:59:59.999000+00:00,39413272.1716806,142052,276.31586,18923658.5099122
2026-03-04T00:00:00+00:00,68338.01,68413.9,67857.61,68093.19,767.61923,2026-03-04T00:59:59.999000+00:00,52334657.7814632,241607,347.08972,23675065.271227
2026-03-04T01:00:00+00:00,68093.2,68909.34,67963.28,68405.0,1294.62328,2026-03-04T01:59:59.999000+00:00,88494146.0113176,299771,732.71897,50097573.17427
2026-03-04T02:00:00+00:00,68405.0,68447.72,67984.56,68323.33,798.11328,2026-03-04T02:59:59.999000+00:00,54463496.1598714,246304,301.48167,20572128.5604341
2026-03-04T03:00:00+00:00,68323.33,68383.63,67400.0,67732.2,954.50771,2026-03-04T03:59:59.999000+00:00,64851113.8399163,313532,440.95803,29977667.2067486
2026-03-04T04:00:00+00:00,67732.19,67954.89,67467.6,67786.0,1066.3898,2026-03-04T04:59:59.999000+00:00,72134832.2005176,213715,610.45321,41294685.4277867
2026-03-04T05:00:00+00:00,67786.0,68397.84,67682.64,68206.59,666.28769,2026-03-04T05:59:59.999000+00:00,45326723.2043198,188189,382.73122,26050984.6743275
2026-03-04T06:00:00+00:00,68206.58,68678.76,68048.63,68508.02,1288.48108,2026-03-04T06:59:59.999000+00:00,88097662.4778182,219837,643.39191,43980380.4578281
2026-03-04T07:00:00+00:00,68508.02,69668.0,68349.49,69493.13,2067.68212,2026-03-04T07:59:59.999000+00:00,142520751.0953801,252721,1298.67419,89517762.1765717
2026-03-04T08:00:00+00:00,69493.14,71163.0,69098.91,71011.4,4675.3565,2026-03-04T08:59:59.999000+00:00,327290595.3304371,586293,2610.42231,182914159.004568
2026-03-04T09:00:00+00:00,71011.4,71893.0,70724.26,71520.76,4196.19004,2026-03-04T09:59:59.999000+00:00,299255732.0506253,687306,1989.52204,141928098.931698
2026-03-04T10:00:00+00:00,71520.76,71878.17,71200.0,71348.92,2079.39146,2026-03-04T10:59:59.999000+00:00,148652635.758154,516894,1199.7012,85764624.8450949
2026-03-04T11:00:00+00:00,71348.92,71499.75,70928.25,71111.4,1195.15977,2026-03-04T11:59:59.999000+00:00,85049409.473498,289952,549.9612,39134539.9083836
2026-03-04T12:00:00+00:00,71111.4,71364.14,70588.0,71339.71,1486.53558,2026-03-04T12:59:59.999000+00:00,105430863.9355893,360115,800.56426,56804574.3880166
2026-03-04T13:00:00+00:00,71339.72,71624.99,71214.4,71477.17,1568.2684,2026-03-04T13:59:59.999000+00:00,112002437.032079,346193,988.27996,70586897.6346114
2026-03-04T14:00:00+00:00,71477.17,72633.0,71300.1,71621.04,4139.0795,2026-03-04T14:59:59.999000+00:00,297533314.8571635,760246,2287.4315,164480012.4413244
2026-03-04T15:00:00+00:00,71621.03,73479.75,71580.62,73396.88,4184.35996,2026-03-04T15:59:59.999000+00:00,304173676.0423137,781928,2533.5852,184213279.6903924
2026-03-04T16:00:00+00:00,73396.87,73500.0,72541.69,73294.84,2627.55973,2026-03-04T16:59:59.999000+00:00,192131578.9850452,557554,1346.87541,98510700.466359
2026-03-04T17:00:00+00:00,73294.84,73759.99,72932.8,73218.92,2258.8783,2026-03-04T17:59:59.999000+00:00,165541863.3706577,452235,1204.83787,88311380.3697446
2026-03-04T18:00:00+00:00,73218.93,73700.0,72912.11,73693.5,1121.5369,2026-03-04T18:59:59.999000+00:00,82245968.821292,251850,564.64648,41422860.6272948
2026-03-04T19:00:00+00:00,73693.5,74050.0,73516.0,73611.1,2657.03129,2026-03-04T19:59:59.999000+00:00,195999870.622542,342821,1111.79542,82036651.3546973
2026-03-04T20:00:00+00:00,73611.67,73716.0,73001.05,73019.68,904.52712,2026-03-04T20:59:59.999000+00:00,66376219.6584969,228306,386.23897,28350476.2441129
2026-03-04T21:00:00+00:00,73019.69,73322.93,72878.0,73309.72,836.52696,2026-03-04T21:59:59.999000+00:00,61168160.3153545,144802,377.63127,27616200.9048401
2026-03-04T22:00:00+00:00,73309.73,73523.31,72638.29,72705.86,894.79856,2026-03-04T22:59:59.999000+00:00,65349896.7386132,168561,361.90744,26422612.9286133
2026-03-04T23:00:00+00:00,72705.86,72880.88,72313.04,72666.77,1190.17184,2026-03-04T23:59:59.999000+00:00,86438841.869995,167570,570.45298,41435741.241233
2026-03-05T00:00:00+00:00,72666.77,73000.0,72553.65,72760.0,1004.77646,2026-03-05T00:59:59.999000+00:00,73139076.4296564,252475,477.20213,34741115.1495509
2026-03-05T01:00:00+00:00,72759.99,73306.82,72409.1,72538.72,821.18852,2026-03-05T01:59:59.999000+00:00,59799730.3107372,302651,380.23971,27702926.0930457
2026-03-05T02:00:00+00:00,72538.72,72916.5,72336.76,72506.19,628.62779,2026-03-05T02:59:59.999000+00:00,45648401.5117208,212003,329.13049,23907058.4318861
2026-03-05T03:00:00+00:00,72506.18,72750.0,72344.51,72497.89,668.37206,2026-03-05T03:59:59.999000+00:00,48476454.4618855,165156,326.24941,23668780.5562959
2026-03-05T04:00:00+00:00,72497.89,73081.08,72447.96,72815.7,750.0071,2026-03-05T04:59:59.999000+00:00,54565200.1377641,181170,349.52489,25433737.0636354
2026-03-05T05:00:00+00:00,72815.7,72912.82,72260.74,72412.15,1085.89796,2026-03-05T05:59:59.999000+00:00,78737206.3327887,166406,580.91964,42111020.1359776
2026-03-05T06:00:00+00:00,72412.15,72655.23,72037.56,72553.62,1063.1049,2026-03-05T06:59:59.999000+00:00,76894766.1447207,245508,489.4605,35407940.4878507
2026-03-05T07:00:00+00:00,72553.63,72675.07,71759.95,72055.5,1447.01462,2026-03-05T07:59:59.999000+00:00,104466436.7071133,222815,534.37525,38579668.7068371
2026-03-05T08:00:00+00:00,72055.5,72370.21,71757.17,72333.7,1421.17898,2026-03-05T08:59:59.999000+00:00,102408460.193019,268245,590.65896,42550582.5160762
2026-03-05T09:00:00+00:00,72333.7,72875.85,72298.83,72591.59,1160.78148,2026-03-05T09:59:59.999000+00:00,84235303.960548,316708,551.43029,40022387.0222612
2026-03-05T10:00:00+00:00,72591.59,73558.15,72517.06,73388.92,1589.2678,2026-03-05T10:59:59.999000+00:00,116226707.1268962,338456,780.162,57066702.1335163
2026-03-05T11:00:00+00:00,73388.91,73449.96,72766.75,72915.79,2091.15218,2026-03-05T11:59:59.999000+00:00,152646939.5547675,333260,681.2703,49726485.1771996
2026-03-05T12:00:00+00:00,72915.8,73063.38,72666.93,72890.73,729.99152,2026-03-05T12:59:59.999000+00:00,53195508.0628204,260162,344.0574,25076822.0590603
2026-03-05T13:00:00+00:00,72890.73,72935.3,72189.7,72467.79,1108.98859,2026-03-05T13:59:59.999000+00:00,80452507.1986822,292588,548.92499,39822896.6534499
2026-03-05T14:00:00+00:00,72467.79,72835.73,71944.18,72609.29,1446.63499,2026-03-05T14:59:59.999000+00:00,104709737.436009,544050,718.67679,52041775.4330558
2026-03-05T15:00:00+00:00,72609.3,72770.0,71168.65,71652.77,2321.94313,2026-03-05T15:59:59.999000+00:00,166313754.1337451,620422,1038.04967,74371044.7507696
2026-03-05T16:00:00+00:00,71652.77,71654.65,70786.06,71305.92,1736.25108,2026-03-05T16:59:59.999000+00:00,123506338.353125,454036,865.20175,61570923.2592458
2026-03-05T17:00:00+00:00,71305.92,71572.0,70645.47,70704.41,1223.37093,2026-03-05T17:59:59.999000+00:00,86833049.9407725,387762,567.0445,40249358.3555472
2026-03-05T18:00:00+00:00,70703.37,71090.32,70656.63,70990.65,720.55573,2026-03-05T18:59:59.999000+00:00,51096847.5108384,300099,401.39994,28464460.4371853
2026-03-05T19:00:00+00:00,70990.66,71430.78,70870.0,70918.07,626.47744,2026-03-05T19:59:59.999000+00:00,44577751.6958417,240026,343.63549,24458166.7419777
2026-03-05T20:00:00+00:00,70918.08,71394.45,70840.0,71236.51,496.74041,2026-03-05T20:59:59.999000+00:00,35340949.6390138,270840,238.80277,16986495.6107933
2026-03-05T21:00:00+00:00,71236.51,71572.3,71023.52,71141.93,546.48691,2026-03-05T21:59:59.999000+00:00,39002240.0091775,149094,341.12449,24354877.6451979
2026-03-05T22:00:00+00:00,71141.93,71364.45,71074.45,71208.54,834.62565,2026-03-05T22:59:59.999000+00:00,59421996.2665663,106955,379.51418,27019561.7534396
2026-03-05T23:00:00+00:00,71208.54,71292.44,70777.0,70890.72,1067.0763,2026-03-05T23:59:59.999000+00:00,75819327.2696248,78273,442.45913,31438676.298922
2026-03-06T00:00:00+00:00,70891.02,71047.95,70784.0,70988.19,673.4608,2026-03-06T00:59:59.999000+00:00,47777274.212754,135225,363.11,25759646.77436
2026-03-06T01:00:00+00:00,70988.19,71301.74,70344.03,71257.2,1057.89391,2026-03-06T01:59:59.999000+00:00,74940690.90176,315462,552.1601,39148526.5557649
2026-03-06T02:00:00+00:00,71257.2,71419.98,71036.0,71252.43,752.48392,2026-03-06T02:59:59.999000+00:00,53626996.7768066,232746,396.98991,28289484.1433517
2026-03-06T03:00:00+00:00,71252.43,71305.42,71000.0,71080.38,548.09403,2026-03-06T03:59:59.999000+00:00,38985465.4342699,175381,264.35355,18802778.4766972
2026-03-06T04:00:00+00:00,71080.37,71120.17,70270.21,70613.61,667.82412,2026-03-06T04:59:59.999000+00:00,47178897.430229,219688,257.06967,18154318.6800615
2026-03-06T05:00:00+00:00,70613.61,70658.01,70143.19,70436.19,966.11543,2026-03-06T05:59:59.999000+00:00,67995384.860272,260065,443.92548,31239489.9073871
2026-03-06T06:00:00+00:00,70436.18,70853.37,70261.23,70597.23,672.31367,2026-03-06T06:59:59.999000+00:00,47417462.2128617,194973,341.42141,24083644.1750506
2026-03-06T07:00:00+00:00,70597.23,71192.76,70468.97,71056.44,782.05786,2026-03-06T07:59:59.999000+00:00,55439475.4087269,217516,378.46061,26827473.2218727
2026-03-06T08:00:00+00:00,71056.44,71067.58,70735.85,70789.49,569.42569,2026-03-06T08:59:59.999000+00:00,40385093.1565558,159042,221.76006,15727801.0823312
2026-03-06T09:00:00+00:00,70789.49,70808.65,70300.0,70565.56,637.9756,2026-03-06T09:59:59.999000+00:00,44991114.0466373,199817,369.79176,26081729.2064115
2026-03-06T10:00:00+00:00,70565.56,70800.0,70467.88,70527.93,469.81877,2026-03-06T10:59:59.999000+00:00,33173755.5615475,123402,179.74848,12694818.419936
2026-03-06T11:00:00+00:00,70527.93,70643.27,70184.01,70212.95,763.93539,2026-03-06T11:59:59.999000+00:00,53803318.3671853,123500,288.4222,20321490.4077087
2026-03-06T12:00:00+00:00,70212.94,70224.84,69660.0,69907.0,1907.43626,2026-03-06T12:59:59.999000+00:00,133409630.0955497,225434,663.89046,46429447.3478956
2026-03-06T13:00:00+00:00,69907.0,70341.76,69208.0,69208.0,2069.72961,2026-03-06T13:59:59.999000+00:00,144575620.5566266,296399,949.31888,66379322.1202558
2026-03-06T14:00:00+00:00,69213.18,69273.87,68176.47,68409.89,3148.50679,2026-03-06T14:59:59.999000+00:00,216588025.4734063,538802,1365.66727,93909733.5031407
2026-03-06T15:00:00+00:00,68409.89,69100.0,68306.0,68504.71,1428.68549,2026-03-06T15:59:59.999000+00:00,98087187.0506269,354101,713.5483,49001601.8150662
2026-03-06T16:00:00+00:00,68504.71,68795.44,68222.0,68446.52,955.00949,2026-03-06T16:59:59.999000+00:00,65401024.3488283,315737,487.45751,33386274.6937646
2026-03-06T17:00:00+00:00,68446.52,68642.69,67744.78,67955.1,1236.78923,2026-03-06T17:59:59.999000+00:00,84255168.5098345,317746,454.06868,30925465.6275023
2026-03-06T18:00:00+00:00,67955.1,68476.47,67955.1,68181.2,514.98068,2026-03-06T18:59:59.999000+00:00,35167267.1401423,227918,269.37397,18395591.3795494
2026-03-06T19:00:00+00:00,68181.2,68485.01,68004.15,68131.79,617.63492,2026-03-06T19:59:59.999000+00:00,42154652.7901468,169687,339.03307,23156675.9507216
2026-03-06T20:00:00+00:00,68131.79,68285.71,67777.0,68111.03,668.6183,2026-03-06T20:59:59.999000+00:00,45480604.6255646,223609,367.54613,25010704.7959998
2026-03-06T21:00:00+00:00,68111.03,68333.33,67919.72,68289.1,604.80896,2026-03-06T21:59:59.999000+00:00,41187304.4272465,105815,321.53643,21895238.112866
2026-03-06T22:00:00+00:00,68289.11,68440.92,68221.38,68319.89,304.91261,2026-03-06T22:59:59.999000+00:00,20834842.7612868,90839,185.47281,12673657.9604984
2026-03-06T23:00:00+00:00,68319.9,68371.24,68105.71,68114.02,611.37569,2026-03-06T23:59:59.999000+00:00,41744942.7260227,79995,289.96677,19796843.4240192
2026-03-07T00:00:00+00:00,68114.02,68394.09,68105.73,68290.45,653.38105,2026-03-07T00:59:59.999000+00:00,44564400.7733383,83943,323.34191,22049964.4720036
2026-03-07T01:00:00+00:00,68290.46,68369.11,68180.95,68262.01,316.06145,2026-03-07T01:59:59.999000+00:00,21570423.165378,72253,167.11561,11405340.2891434
2026-03-07T02:00:00+00:00,68262.01,68367.73,68060.6,68350.04,316.96409,2026-03-07T02:59:59.999000+00:00,21617157.8149771,62505,133.7003,9120517.6961367
2026-03-07T03:00:00+00:00,68350.05,68551.04,68095.5,68095.5,450.32011,2026-03-07T03:59:59.999000+00:00,30749009.8459694,87323,225.59888,15410124.9927793
2026-03-07T04:00:00+00:00,68095.5,68147.73,67817.0,68063.43,621.66509,2026-03-07T04:59:59.999000+00:00,42274870.8242114,106901,247.45602,16831293.8281453
2026-03-07T05:00:00+00:00,68063.42,68140.49,67908.0,68018.26,493.88772,2026-03-07T05:59:59.999000+00:00,33592641.7853303,70294,206.08538,14018974.7641435
2026-03-07T06:00:00+00:00,68018.27,68021.14,67612.21,67690.86,489.36583,2026-03-07T06:59:59.999000+00:00,33200006.7260614,104999,191.29412,12976688.9703053
2026-03-07T07:00:00+00:00,67690.86,67865.23,67446.41,67842.67,768.74899,2026-03-07T07:59:59.999000+00:00,52009471.5608784,141564,336.31511,22759248.274533
2026-03-07T08:00:00+00:00,67842.67,68045.07,67720.98,67795.4,465.95331,2026-03-07T08:59:59.999000+00:00,31635496.4510812,85222,257.91716,17511880.1234548
2026-03-07T09:00:00+00:00,67795.4,68074.97,67738.31,68000.0,332.46219,2026-03-07T09:59:59.999000+00:00,22592399.2636751,68591,178.17576,12107251.059262
2026-03-07T10:00:00+00:00,68000.0,68102.73,67870.43,67880.31,319.42039,2026-03-07T10:59:59.999000+00:00,21716886.8009114,61561,152.93939,10399101.0010187
2026-03-07T11:00:00+00:00,67880.31,68232.27,67841.67,68010.01,372.24149,2026-03-07T11:59:59.999000+00:00,25340062.1786888,89555,203.48066,13850976.6607863
2026-03-07T12:00:00+00:00,68010.0,68085.41,67900.01,67992.54,359.03867,2026-03-07T12:59:59.999000+00:00,24423180.0025124,68180,208.38165,14176901.714149
2026-03-07T13:00:00+00:00,67992.54,68081.16,67855.82,67931.06,318.23636,2026-03-07T13:59:59.999000+00:00,21634489.8811193,70911,187.66364,12759820.6135372
2026-03-07T14:00:00+00:00,67931.06,68083.79,67609.44,68016.7,473.27443,2026-03-07T14:59:59.999000+00:00,32120552.1668629,117313,252.64715,17155929.6156072
2026-03-07T15:00:00+00:00,68016.7,68034.67,67769.89,67877.45,577.84468,2026-03-07T15:59:59.999000+00:00,39260828.8447617,100557,190.26049,12925907.4686075
2026-03-07T16:00:00+00:00,67877.45,67889.68,67702.2,67783.63,349.2691,2026-03-07T16:59:59.999000+00:00,23679411.6732413,61584,119.7188,8116366.8303604
2026-03-07T17:00:00+00:00,67783.63,67935.01,67768.97,67788.41,217.68104,2026-03-07T17:59:59.999000+00:00,14772940.2743698,41860,146.9439,9972905.393394
2026-03-07T18:00:00+00:00,67788.4,67788.41,67480.0,67568.13,1180.24782,2026-03-07T18:59:59.999000+00:00,79790302.2148488,112179,388.46306,26265129.2550176
2026-03-07T19:00:00+00:00,67568.13,67572.35,66915.26,67080.34,1312.2302,2026-03-07T19:59:59.999000+00:00,88227030.3245048,161182,521.42837,35044741.6220849
2026-03-07T20:00:00+00:00,67080.33,67437.5,67068.01,67402.98,590.47118,2026-03-07T20:59:59.999000+00:00,39750285.6504176,85902,336.39316,22644472.3224553
2026-03-07T21:00:00+00:00,67402.98,67483.05,67281.34,67452.98,638.99995,2026-03-07T21:59:59.999000+00:00,43065200.9617147,71562,290.96984,19608550.0571136
2026-03-07T22:00:00+00:00,67452.97,67469.87,67101.31,67258.65,706.81324,2026-03-07T22:59:59.999000+00:00,47551769.7313509,81216,423.19785,28467907.7880614
2026-03-07T23:00:00+00:00,67258.65,67403.85,67183.39,67262.91,394.96477,2026-03-07T23:59:59.999000+00:00,26591042.9368438,60319,221.28028,14897523.5445913
2026-03-08T00:00:00+00:00,67262.91,67481.96,67181.04,67194.77,552.27054,2026-03-08T00:59:59.999000+00:00,37183673.0335401,73818,290.25662,19540895.5529788
2026-03-08T01:00:00+00:00,67194.77,67353.57,67090.0,67297.27,565.85563,2026-03-08T01:59:59.999000+00:00,38036873.4873874,74570,378.9445,25470883.9832828
2026-03-08T02:00:00+00:00,67297.27,67426.52,66833.58,66925.44,765.90711,2026-03-08T02:59:59.999000+00:00,51437285.6604402,132299,317.07678,21295636.0095867
2026-03-08T03:00:00+00:00,66925.45,67083.1,66850.0,67000.26,999.40624,2026-03-08T03:59:59.999000+00:00,66946575.7330243,111969,503.04748,33691412.8570351
2026-03-08T04:00:00+00:00,67000.26,67100.01,66547.15,66637.36,1206.88314,2026-03-08T04:59:59.999000+00:00,80747936.6162141,129009,585.89511,39219130.0714527
2026-03-08T05:00:00+00:00,66637.35,67250.24,66617.76,67149.93,402.00353,2026-03-08T05:59:59.999000+00:00,26963472.0570087,105942,273.45538,18339091.0366382
2026-03-08T06:00:00+00:00,67149.93,67231.86,67035.18,67161.52,246.63235,2026-03-08T06:59:59.999000+00:00,16557000.7272332,67445,114.34633,7676597.313186
2026-03-08T07:00:00+00:00,67161.52,67465.11,67154.91,67319.91,1010.57902,2026-03-08T07:59:59.999000+00:00,68045866.1766192,103709,528.57388,35590974.5026674
2026-03-08T08:00:00+00:00,67319.9,67577.36,67156.93,67539.33,1008.6246,2026-03-08T08:59:59.999000+00:00,67911806.4816908,97378,674.14541,45395458.9316259
2026-03-08T09:00:00+00:00,67539.34,67905.03,67474.0,67681.0,1111.87857,2026-03-08T09:59:59.999000+00:00,75303923.5417753,143975,596.68791,40410634.6922535
2026-03-08T10:00:00+00:00,67681.0,68200.0,67680.99,67904.14,646.22527,2026-03-08T10:59:59.999000+00:00,43919617.6200786,116368,399.44896,27147612.8107123
2026-03-08T11:00:00+00:00,67904.15,67904.15,67411.76,67515.0,536.67584,2026-03-08T11:59:59.999000+00:00,36267951.335365,126127,238.98642,16150872.6523478
2026-03-08T12:00:00+00:00,67515.0,67650.94,66888.0,67324.72,902.41572,2026-03-08T12:59:59.999000+00:00,60640938.3715044,154717,302.90858,20368385.8033338
2026-03-08T13:00:00+00:00,67324.71,67431.81,66761.68,67234.86,1987.5897,2026-03-08T13:59:59.999000+00:00,133233852.2048061,170402,1129.6549,75732552.2526471
2026-03-08T14:00:00+00:00,67234.86,67426.69,67055.73,67339.76,695.31699,2026-03-08T14:59:59.999000+00:00,46777039.4381819,109550,340.0336,22876911.2789344
2026-03-08T15:00:00+00:00,67339.75,67369.36,67080.0,67218.23,879.16155,2026-03-08T15:59:59.999000+00:00,59102900.8079914,99341,408.33233,27455399.5248788
2026-03-08T16:00:00+00:00,67218.23,67268.44,66802.47,66872.15,538.7559,2026-03-08T16:59:59.999000+00:00,36098321.7767463,98700,283.88361,19016988.3838062
2026-03-08T17:00:00+00:00,66872.15,67179.98,66800.01,67065.0,812.42846,2026-03-08T17:59:59.999000+00:00,54494433.4921552,88443,439.64027,29483989.4779248
2026-03-08T18:00:00+00:00,67065.0,67076.0,66745.54,66804.0,487.97779,2026-03-08T18:59:59.999000+00:00,32622695.4922862,84701,189.74174,12685232.0173015
2026-03-08T19:00:00+00:00,66803.99,67485.24,66779.82,67337.42,711.10669,2026-03-08T19:59:59.999000+00:00,47772503.8726269,107904,415.16433,27870802.6670732
2026-03-08T20:00:00+00:00,67337.41,67609.08,67028.45,67238.8,1144.93227,2026-03-08T20:59:59.999000+00:00,77029749.7221912,112963,842.20665,56667800.1390331
2026-03-08T21:00:00+00:00,67238.79,67266.0,66712.69,67020.01,959.03531,2026-03-08T21:59:59.999000+00:00,64213546.0950958,99665,451.12798,30208462.6319872
2026-03-08T22:00:00+00:00,67020.01,67020.01,65618.49,66236.8,2742.02435,2026-03-08T22:59:59.999000+00:00,181173952.0318978,430752,1275.51945,84246546.8721986
2026-03-08T23:00:00+00:00,66236.8,66569.24,65930.3,65971.2,679.95244,2026-03-08T23:59:59.999000+00:00,45040244.5395945,188645,289.57104,19190087.706786
2026-03-09T00:00:00+00:00,65971.2,66773.0,65821.97,66370.01,951.35538,2026-03-09T00:59:59.999000+00:00,63113288.0332073,313706,495.71664,32893564.7520784
2026-03-09T01:00:00+00:00,66370.01,66698.05,66131.25,66196.01,2263.78882,2026-03-09T01:59:59.999000+00:00,150347237.3189297,268340,951.00383,63147599.5557804
2026-03-09T02:00:00+00:00,66196.01,66707.58,65959.0,66537.32,752.57114,2026-03-09T02:59:59.999000+00:00,49871301.5534219,211513,369.22638,24484125.4170239
2026-03-09T03:00:00+00:00,66537.32,67668.64,66512.88,67205.05,1256.29482,2026-03-09T03:59:59.999000+00:00,84452754.7378515,293518,718.9905,48331824.7655979
2026-03-09T04:00:00+00:00,67205.06,67610.0,67093.09,67130.14,848.47762,2026-03-09T04:59:59.999000+00:00,57142240.0814376,140539,372.64808,25116314.1304581
2026-03-09T05:00:00+00:00,67131.1,68069.29,67113.02,67911.16,1145.71148,2026-03-09T05:59:59.999000+00:00,77547072.4244785,216712,684.84514,46341158.9033091
2026-03-09T06:00:00+00:00,67911.15,67939.55,67236.78,67267.18,578.70307,2026-03-09T06:59:59.999000+00:00,39117363.5721108,141343,260.65907,17629292.13007
2026-03-09T07:00:00+00:00,67267.18,67575.81,66853.48,67555.13,1253.45589,2026-03-09T07:59:59.999000+00:00,84322671.6734625,194383,745.11015,50169580.8684883
2026-03-09T08:00:00+00:00,67555.13,67929.19,67391.89,67814.69,1615.43129,2026-03-09T08:59:59.999000+00:00,109348618.0226385,192736,684.89039,46356780.0916831
2026-03-09T09:00:00+00:00,67814.69,68460.09,67566.65,67981.02,1225.43841,2026-03-09T09:59:59.999000+00:00,83362455.887204,207463,679.48258,46205844.607135
2026-03-09T10:00:00+00:00,67981.03,68088.92,67556.72,67608.13,687.12244,2026-03-09T10:59:59.999000+00:00,46607784.4841596,181061,326.35228,22140093.3362161
2026-03-09T11:00:00+00:00,67608.13,67855.82,67344.45,67764.98,577.58612,2026-03-09T11:59:59.999000+00:00,39060624.2572437,137039,319.92424,21642538.7467684
2026-03-09T12:00:00+00:00,67764.99,68348.26,67759.57,68151.93,970.32854,2026-03-09T12:59:59.999000+00:00,66060871.6906856,164855,491.5151,33460304.6809305
2026-03-09T13:00:00+00:00,68151.93,69300.0,68133.93,68976.0,2460.13662,2026-03-09T13:59:59.999000+00:00,169261402.755553,435691,1311.29961,90214668.2843755
2026-03-09T14:00:00+00:00,68975.8,69480.0,68696.28,69151.5,2377.05802,2026-03-09T14:59:59.999000+00:00,164354516.5680009,402611,1066.94676,73791086.2155926
2026-03-09T15:00:00+00:00,69151.5,69254.87,68717.86,68863.66,1995.45638,2026-03-09T15:59:59.999000+00:00,137662816.8908222,241028,979.65733,67593235.7243941
2026-03-09T16:00:00+00:00,68863.67,69225.0,68614.47,68960.12,1086.01117,2026-03-09T16:59:59.999000+00:00,74837204.8886645,233178,484.17741,33366617.5783733
2026-03-09T17:00:00+00:00,68960.12,69088.49,68270.34,68600.71,889.54053,2026-03-09T17:59:59.999000+00:00,61099724.3619644,210972,365.35196,25095236.4855823
2026-03-09T18:00:00+00:00,68600.71,68705.76,68179.12,68356.37,1350.25926,2026-03-09T18:59:59.999000+00:00,92411757.9144711,153028,495.86778,33944612.4194047
2026-03-09T19:00:00+00:00,68356.37,69516.65,68356.37,68991.93,1713.56623,2026-03-09T19:59:59.999000+00:00,118199868.3614658,338338,840.18502,57972468.7806393
2026-03-09T20:00:00+00:00,68991.93,69145.28,68762.2,68961.71,507.40424,2026-03-09T20:59:59.999000+00:00,34986726.5361524,117912,219.42368,15130382.3807522
2026-03-09T21:00:00+00:00,68961.15,69102.53,68660.94,68919.72,782.51759,2026-03-09T21:59:59.999000+00:00,53956807.3532987,96128,369.66679,25491264.3424037
2026-03-09T22:00:00+00:00,68919.71,69030.56,68597.0,68635.88,943.05059,2026-03-09T22:59:59.999000+00:00,64865041.235744,109448,520.01159,35775875.2226492
2026-03-09T23:00:00+00:00,68635.88,68694.73,68384.69,68432.16,665.45565,2026-03-09T23:59:59.999000+00:00,45631900.846712,92125,348.50147,23901303.4962003
2026-03-10T00:00:00+00:00,68432.16,69290.42,68391.41,69157.37,1134.03591,2026-03-10T00:59:59.999000+00:00,78074046.4087129,166033,715.05337,49232054.1943723
2026-03-10T01:00:00+00:00,69157.36,69389.06,68786.04,69260.01,1073.3002,2026-03-10T01:59:59.999000+00:00,74165831.9947707,146468,529.39036,36559807.3204544
2026-03-10T02:00:00+00:00,69260.0,70578.29,69103.12,70272.01,2010.9648,2026-03-10T02:59:59.999000+00:00,140668085.5883407,302463,1099.19996,76926300.0744873
2026-03-10T03:00:00+00:00,70272.0,70370.86,69390.0,69429.85,1096.27179,2026-03-10T03:59:59.999000+00:00,76705746.4652367,202161,383.81587,26850712.8050578
2026-03-10T04:00:00+00:00,69429.85,70132.27,69429.85,70072.94,1112.05227,2026-03-10T04:59:59.999000+00:00,77615817.0259599,147965,512.44854,35752753.5531902
2026-03-10T05:00:00+00:00,70072.95,70355.06,69885.71,69971.34,874.03346,2026-03-10T05:59:59.999000+00:00,61315699.9675704,142006,566.3949,39747967.446739
2026-03-10T06:00:00+00:00,69971.34,70185.24,69750.62,69910.91,1140.99151,2026-03-10T06:59:59.999000+00:00,79821412.8038765,124604,507.24684,35487767.7746098
2026-03-10T07:00:00+00:00,69910.91,70546.74,69805.7,70406.01,1780.20471,2026-03-10T07:59:59.999000+00:00,125086478.9579068,182489,933.29394,65608629.4993554
2026-03-10T08:00:00+00:00,70406.01,71097.64,70369.0,70709.37,1852.19984,2026-03-10T08:59:59.999000+00:00,131134120.1548492,239805,1084.16441,76765141.1185667
2026-03-10T09:00:00+00:00,70709.37,71300.0,70653.24,71078.92,1664.83143,2026-03-10T09:59:59.999000+00:00,118112151.5065613,170047,962.01684,68212770.7339437
2026-03-10T10:00:00+00:00,71078.92,71086.86,70660.89,70774.04,1808.06147,2026-03-10T10:59:59.999000+00:00,128012273.6792558,136390,802.70499,56825002.4021433
2026-03-10T11:00:00+00:00,70774.04,70865.73,70540.4,70580.94,945.42456,2026-03-10T11:59:59.999000+00:00,66804940.4073748,122029,523.72708,37009882.287201
2026-03-10T12:00:00+00:00,70580.95,70628.19,70290.88,70519.86,702.95479,2026-03-10T12:59:59.999000+00:00,49533551.8679385,144392,294.37665,20746345.6364818
2026-03-10T13:00:00+00:00,70519.86,70926.46,69723.25,69921.12,1644.54716,2026-03-10T13:59:59.999000+00:00,115579646.8775816,362755,792.78943,55735974.5505466
2026-03-10T14:00:00+00:00,69921.12,71527.54,69266.06,71467.81,2553.72955,2026-03-10T14:59:59.999000+00:00,179512426.0265031,518508,1291.3137,90897330.0936708
2026-03-10T15:00:00+00:00,71467.81,71777.0,70900.05,71346.16,2098.87598,2026-03-10T15:59:59.999000+00:00,149613059.4382352,428552,1141.80049,81417667.8317248
2026-03-10T16:00:00+00:00,71346.17,71700.0,70943.31,71268.59,1291.34054,2026-03-10T16:59:59.999000+00:00,92113980.2648867,282437,686.48342,48988579.8755119
2026-03-10T17:00:00+00:00,71268.58,71452.0,70512.64,70868.61,1383.6295,2026-03-10T17:59:59.999000+00:00,98194404.2013598,263559,531.81834,37765604.785681
2026-03-10T18:00:00+00:00,70868.62,70914.9,69901.0,70013.87,1837.40169,2026-03-10T18:59:59.999000+00:00,129063485.3000435,409572,937.34758,65809035.4468017
2026-03-10T19:00:00+00:00,70013.87,70290.0,69739.0,70043.63,992.60769,2026-03-10T19:59:59.999000+00:00,69495643.9666933,229600,512.20429,35865704.5049819
2026-03-10T20:00:00+00:00,70043.63,70350.0,70007.52,70235.6,671.88971,2026-03-10T20:59:59.999000+00:00,47179926.0378258,104421,331.80815,23300993.1925712
2026-03-10T21:00:00+00:00,70236.34,70417.3,69541.91,69763.01,830.8687,2026-03-10T21:59:59.999000+00:00,58065221.1395525,120034,366.13855,25589090.5951125
2026-03-10T22:00:00+00:00,69763.02,69869.9,69452.42,69721.58,937.20086,2026-03-10T22:59:59.999000+00:00,65279899.7421198,110217,464.68161,32370447.396786
2026-03-10T23:00:00+00:00,69721.58,69981.8,69698.46,69948.63,1165.15914,2026-03-10T23:59:59.999000+00:00,81377771.617365,119557,483.60908,33773403.9804543
2026-03-11T00:00:00+00:00,69948.64,70173.25,69759.63,70044.87,728.92961,2026-03-11T00:59:59.999000+00:00,51015675.9337362,154124,338.21923,23674730.7289685
2026-03-11T01:00:00+00:00,70044.87,70144.0,69880.0,70071.26,947.24879,2026-03-11T01:59:59.999000+00:00,66359225.6404928,132156,555.9882,38948457.1882948
2026-03-11T02:00:00+00:00,70071.26,70119.59,69614.0,69810.72,1612.87548,2026-03-11T02:59:59.999000+00:00,112718433.7356584,133771,971.95761,67947296.6601135
2026-03-11T03:00:00+00:00,69810.73,69887.11,69488.7,69551.91,1113.41409,2026-03-11T03:59:59.999000+00:00,77509258.7561781,121595,556.74333,38736107.4624214
2026-03-11T04:00:00+00:00,69551.91,70281.87,69501.55,70130.99,759.416,2026-03-11T04:59:59.999000+00:00,53066815.3556364,131224,454.60323,31788196.4984953
2026-03-11T05:00:00+00:00,70130.99,70200.96,69420.0,69510.36,757.81378,2026-03-11T05:59:59.999000+00:00,52878113.285076,114902,392.62501,27394713.8082939
2026-03-11T06:00:00+00:00,69510.37,69996.0,69500.01,69950.01,391.73761,2026-03-11T06:59:59.999000+00:00,27328456.6238824,93779,261.2875,18225285.6600717
2026-03-11T07:00:00+00:00,69950.01,70018.49,69500.67,69648.29,1171.57725,2026-03-11T07:59:59.999000+00:00,81632029.4375313,106664,664.86162,46320922.372203
2026-03-11T08:00:00+00:00,69648.28,69786.32,69500.0,69662.24,672.55865,2026-03-11T08:59:59.999000+00:00,46836525.6595301,126367,340.43306,23704955.305474
2026-03-11T09:00:00+00:00,69662.24,69752.06,69384.5,69466.75,939.05652,2026-03-11T09:59:59.999000+00:00,65311207.4985945,121558,480.57305,33430684.0275474
2026-03-11T10:00:00+00:00,69466.75,69726.45,69390.91,69604.9,1028.34397,2026-03-11T10:59:59.999000+00:00,71507949.2072852,111343,568.42826,39530029.9244879
2026-03-11T11:00:00+00:00,69604.9,69755.1,69150.28,69173.0,898.77254,2026-03-11T11:59:59.999000+00:00,62484014.9725071,163264,537.36904,37374700.4255775
2026-03-11T12:00:00+00:00,69172.99,69777.66,68977.91,69361.13,1045.64069,2026-03-11T12:59:59.999000+00:00,72482029.0024468,228899,510.41277,35394305.4775331
2026-03-11T13:00:00+00:00,69361.13,71091.18,69331.04,70186.09,2647.32148,2026-03-11T13:59:59.999000+00:00,185985830.5199639,529759,1327.90532,93335113.4047134
2026-03-11T14:00:00+00:00,70186.08,70987.0,69906.77,70578.7,2251.77658,2026-03-11T14:59:59.999000+00:00,158748245.6784529,515782,1118.16259,78864176.8080441
2026-03-11T15:00:00+00:00,70578.7,70654.43,69702.25,70227.91,1844.6963,2026-03-11T15:59:59.999000+00:00,129415293.3242539,427890,846.35834,59386902.9926074
2026-03-11T16:00:00+00:00,70227.92,70826.39,70161.78,70570.71,1837.92404,2026-03-11T16:59:59.999000+00:00,129634949.1817059,312976,946.41941,66762795.6896593
2026-03-11T17:00:00+00:00,70570.71,71321.0,70512.01,70785.99,2122.20651,2026-03-11T17:59:59.999000+00:00,150535351.4770523,401049,1188.53693,84314437.8180486
2026-03-11T18:00:00+00:00,70785.99,70895.31,70415.27,70617.64,1134.13411,2026-03-11T18:59:59.999000+00:00,80176341.8814401,225379,441.85105,31232309.0832405
2026-03-11T19:00:00+00:00,70617.63,70742.38,70375.68,70641.82,644.23151,2026-03-11T19:59:59.999000+00:00,45451849.5017888,134850,278.53724,19650192.7914061
2026-03-11T20:00:00+00:00,70641.81,70700.0,70394.23,70634.96,383.34496,2026-03-11T20:59:59.999000+00:00,27035743.9910186,84807,167.08903,11784374.4350322
2026-03-11T21:00:00+00:00,70634.96,70777.17,70499.94,70741.26,576.42683,2026-03-11T21:59:59.999000+00:00,40712429.179373,91756,263.59854,18621267.8145628
2026-03-11T22:00:00+00:00,70741.27,70950.0,70241.53,70373.01,1098.26512,2026-03-11T22:59:59.999000+00:00,77379570.1214923,166748,519.34214,36588531.364405
2026-03-11T23:00:00+00:00,70373.01,70505.0,70125.83,70191.86,641.563,2026-03-11T23:59:59.999000+00:00,45095256.2690708,129213,284.01365,19961317.8585211
2026-03-12T00:00:00+00:00,70191.86,70353.87,70130.23,70225.34,658.09363,2026-03-12T00:59:59.999000+00:00,46228139.6227386,138129,317.18589,22283358.293625
2026-03-12T01:00:00+00:00,70225.34,70226.94,69754.94,69841.31,760.55263,2026-03-12T01:59:59.999000+00:00,53169446.2990452,157245,285.61072,19969826.3294153
2026-03-12T02:00:00+00:00,69841.3,69887.93,69226.52,69286.56,742.38929,2026-03-12T02:59:59.999000+00:00,51629110.6259803,171137,338.95989,23578155.6501756
2026-03-12T03:00:00+00:00,69286.55,69628.25,69246.23,69446.61,415.13842,2026-03-12T03:59:59.999000+00:00,28825295.2765299,112007,221.44542,15378158.876587
2026-03-12T04:00:00+00:00,69446.61,69676.88,69296.43,69372.0,436.68208,2026-03-12T04:59:59.999000+00:00,30325784.6267226,99781,218.71881,15192627.1895145
2026-03-12T05:00:00+00:00,69372.0,69539.61,69205.91,69480.54,734.74043,2026-03-12T05:59:59.999000+00:00,50971654.4971535,127719,379.37387,26331054.5936055
2026-03-12T06:00:00+00:00,69480.54,69561.84,69315.63,69501.44,719.76894,2026-03-12T06:59:59.999000+00:00,49991908.7100665,90401,319.31786,22185858.0733953
2026-03-12T07:00:00+00:00,69501.45,69865.98,69408.88,69826.19,830.78197,2026-03-12T07:59:59.999000+00:00,57885148.7955321,111343,487.13582,33949601.6055635
2026-03-12T08:00:00+00:00,69826.19,70116.37,69698.33,69917.37,1246.32882,2026-03-12T08:59:59.999000+00:00,87076632.5655065,139433,751.49187,52507418.1439023
2026-03-12T09:00:00+00:00,69917.36,70400.0,69580.0,69952.51,1284.31562,2026-03-12T09:59:59.999000+00:00,89699461.6545861,157443,613.92549,42898731.6238814
2026-03-12T10:00:00+00:00,69952.51,70511.0,69856.0,70412.11,911.03902,2026-03-12T10:59:59.999000+00:00,64018984.0474414,165657,589.88786,41457023.5372283
2026-03-12T11:00:00+00:00,70412.1,70800.0,70367.97,70427.91,1207.70061,2026-03-12T11:59:59.999000+00:00,85173933.9076723,174254,629.93222,44427743.3678311
2026-03-12T12:00:00+00:00,70427.9,70617.66,70277.38,70381.8,847.51801,2026-03-12T12:59:59.999000+00:00,59657137.372089,149340,392.52776,27637689.0742226
2026-03-12T13:00:00+00:00,70381.8,70534.65,69645.0,69972.15,1340.7754,2026-03-12T13:59:59.999000+00:00,93920760.4321107,348528,496.04264,34786511.7498968
2026-03-12T14:00:00+00:00,69972.2,70660.69,69355.34,69590.09,2130.67842,2026-03-12T14:59:59.999000+00:00,149115866.8914535,459799,970.33378,67949172.2857385
2026-03-12T15:00:00+00:00,69590.09,70565.43,69476.14,70334.88,1778.50463,2026-03-12T15:59:59.999000+00:00,124760716.8675455,350862,1005.50379,70544561.57584
2026-03-12T16:00:00+00:00,70334.89,70569.15,69905.71,70381.16,1271.41787,2026-03-12T16:59:59.999000+00:00,89345926.6702391,321811,604.77243,42525565.7862861
2026-03-12T17:00:00+00:00,70381.15,70547.19,70076.16,70212.06,843.93551,2026-03-12T17:59:59.999000+00:00,59370577.7437952,222907,342.18146,24081918.6552384
2026-03-12T18:00:00+00:00,70212.05,70303.51,69800.0,69819.64,742.85798,2026-03-12T18:59:59.999000+00:00,52009176.0420078,219259,250.31095,17519557.390961
2026-03-12T19:00:00+00:00,69819.64,70548.81,69770.85,70432.32,757.84664,2026-03-12T19:59:59.999000+00:00,53200867.8593337,198607,359.49665,25228828.5454945
2026-03-12T20:00:00+00:00,70432.33,70555.2,70111.28,70164.49,618.18553,2026-03-12T20:59:59.999000+00:00,43474995.7895671,104959,139.05377,9778113.645306
2026-03-12T21:00:00+00:00,70164.5,70470.0,70164.5,70268.55,355.90233,2026-03-12T21:59:59.999000+00:00,25020855.4347661,80720,145.9291,10258067.4416387
2026-03-12T22:00:00+00:00,70268.54,70305.26,70013.17,70175.64,467.42484,2026-03-12T22:59:59.999000+00:00,32790823.7364333,93322,194.83961,13666140.3212258
2026-03-12T23:00:00+00:00,70175.64,70734.25,70159.35,70541.34,894.58188,2026-03-12T23:59:59.999000+00:00,63082019.0417902,149396,491.0563,34622428.1423445
2026-03-13T00:00:00+00:00,70541.34,72000.0,70386.01,71475.61,2857.31114,2026-03-13T00:59:59.999000+00:00,204003741.7417407,447875,1521.98144,108683303.5245328
2026-03-13T01:00:00+00:00,71475.6,71759.95,71283.99,71672.39,975.74666,2026-03-13T01:59:59.999000+00:00,69838722.7783189,207345,508.42321,36394484.4627694
2026-03-13T02:00:00+00:00,71672.38,71696.68,71045.52,71143.8,994.81538,2026-03-13T02:59:59.999000+00:00,71057418.8782328,147297,444.89169,31779385.2881394
2026-03-13T03:00:00+00:00,71143.8,71508.87,70964.43,71405.75,927.82134,2026-03-13T03:59:59.999000+00:00,66056954.0559826,125941,517.00627,36814693.5817613
2026-03-13T04:00:00+00:00,71405.76,71493.77,71214.01,71393.94,780.92498,2026-03-13T04:59:59.999000+00:00,55704470.2293071,105161,429.05759,30613404.5747512
2026-03-13T05:00:00+00:00,71393.93,71637.54,71242.02,71546.29,1178.90406,2026-03-13T05:59:59.999000+00:00,84248439.8924405,123561,534.01478,38173855.7671445
2026-03-13T06:00:00+00:00,71546.28,71593.22,71180.19,71342.0,1081.97604,2026-03-13T06:59:59.999000+00:00,77171125.7792021,150177,490.67581,34990106.4454284
2026-03-13T07:00:00+00:00,71342.0,71672.76,71236.08,71612.22,1139.8319,2026-03-13T07:59:59.999000+00:00,81522832.3783298,159629,503.1194,35983763.8496216
2026-03-13T08:00:00+00:00,71612.23,72142.85,71385.28,71821.02,1820.16796,2026-03-13T08:59:59.999000+00:00,130690293.663342,217230,1045.73072,75130074.9673487
2026-03-13T09:00:00+00:00,71821.01,72100.37,71589.81,72006.57,925.21442,2026-03-13T09:59:59.999000+00:00,66508448.5171097,162525,455.84141,32768847.2844907
2026-03-13T10:00:00+00:00,72006.56,72575.98,71995.53,72458.12,1635.35127,2026-03-13T10:59:59.999000+00:00,118324633.3554524,241574,977.58174,70716837.5122658
2026-03-13T11:00:00+00:00,72458.11,72526.12,72207.41,72228.82,724.41705,2026-03-13T11:59:59.999000+00:00,52397201.7206911,149943,357.62998,25866649.6796122
2026-03-13T12:00:00+00:00,72228.81,72884.68,72210.0,72784.73,1142.93241,2026-03-13T12:59:59.999000+00:00,82959993.1854541,212778,644.58335,46790473.9487379
2026-03-13T13:00:00+00:00,72784.73,73585.27,72684.88,73379.18,3297.40201,2026-03-13T13:59:59.999000+00:00,241097528.6949649,477827,1931.71775,141247573.2217981
2026-03-13T14:00:00+00:00,73379.18,73913.74,72350.0,72382.72,4558.05031,2026-03-13T14:59:59.999000+00:00,334106334.1847983,564986,2529.86386,185705485.1854895
2026-03-13T15:00:00+00:00,72382.72,72829.12,71736.34,71831.46,3305.45471,2026-03-13T15:59:59.999000+00:00,239050157.5478845,438775,1325.21277,95830716.805797
2026-03-13T16:00:00+00:00,71831.46,72100.0,71154.54,71885.57,2334.3461,2026-03-13T16:59:59.999000+00:00,167297707.4435212,367885,1217.29936,87233466.4845246
2026-03-13T17:00:00+00:00,71885.56,72249.99,70914.09,71037.93,1889.70074,2026-03-13T17:59:59.999000+00:00,135327579.9266234,314897,833.8673,59725555.6929017
2026-03-13T18:00:00+00:00,71037.93,71350.94,70841.23,71055.45,738.18799,2026-03-13T18:59:59.999000+00:00,52460602.4982365,185458,435.35541,30942598.7866613
2026-03-13T19:00:00+00:00,71055.45,71309.94,71006.19,71189.95,507.07823,2026-03-13T19:59:59.999000+00:00,36078150.8596757,135846,300.31229,21370349.6207739
2026-03-13T20:00:00+00:00,71189.96,71469.53,71150.0,71346.84,554.4729,2026-03-13T20:59:59.999000+00:00,39557395.3268254,82040,263.20719,18773234.6061628
2026-03-13T21:00:00+00:00,71346.84,71491.03,71058.25,71104.65,650.14338,2026-03-13T21:59:59.999000+00:00,46300852.6943213,91739,322.85238,22990818.6221854
2026-03-13T22:00:00+00:00,71104.65,71189.26,70559.02,70814.0,863.33877,2026-03-13T22:59:59.999000+00:00,61109068.293421,122482,301.43608,21334052.213835
2026-03-13T23:00:00+00:00,70814.0,71005.3,70688.45,70930.0,1113.02703,2026-03-13T23:59:59.999000+00:00,78898872.6502711,79519,418.68082,29670920.8318981
2026-03-14T00:00:00+00:00,70930.01,70951.8,70555.0,70631.97,763.50434,2026-03-14T00:59:59.999000+00:00,54020310.8233432,90705,290.87532,20585052.4014245
2026-03-14T01:00:00+00:00,70631.96,70941.05,70481.7,70831.7,791.55133,2026-03-14T01:59:59.999000+00:00,55995239.1522559,77309,366.21167,25920711.6129912
2026-03-14T02:00:00+00:00,70831.7,70948.66,70735.21,70783.27,1013.67533,2026-03-14T02:59:59.999000+00:00,71788879.9794518,62054,535.58233,37930557.7474619
2026-03-14T03:00:00+00:00,70783.27,71185.23,70783.26,71081.3,944.72261,2026-03-14T03:59:59.999000+00:00,67127111.5411552,99055,480.25798,34123485.8922443
2026-03-14T04:00:00+00:00,71081.31,71307.92,71021.11,71039.58,707.08065,2026-03-14T04:59:59.999000+00:00,50331966.5420868,82297,399.29759,28424451.8896986
2026-03-14T05:00:00+00:00,71039.57,71151.3,70916.96,71013.75,759.3407,2026-03-14T05:59:59.999000+00:00,53948310.1352683,65417,318.78579,22650965.8434636
2026-03-14T06:00:00+00:00,71013.75,71013.75,70317.0,70622.08,712.17672,2026-03-14T06:59:59.999000+00:00,50317200.4154839,112553,289.84776,20472019.2684383
2026-03-14T07:00:00+00:00,70622.09,70743.88,70489.03,70596.68,750.98425,2026-03-14T07:59:59.999000+00:00,53005696.250803,74850,313.8549,22161603.0437481
2026-03-14T08:00:00+00:00,70596.68,70710.76,70536.58,70585.63,461.44808,2026-03-14T08:59:59.999000+00:00,32592416.6223408,63044,148.85982,10514806.5728264
2026-03-14T09:00:00+00:00,70585.64,70728.07,70400.0,70501.16,893.97396,2026-03-14T09:59:59.999000+00:00,63112977.0128975,69325,445.23634,31445345.4268625
2026-03-14T10:00:00+00:00,70501.16,70575.1,70389.08,70570.44,624.35522,2026-03-14T10:59:59.999000+00:00,44014707.4747614,61630,334.83057,23602070.7640444
2026-03-14T11:00:00+00:00,70570.44,70784.38,70562.66,70751.42,515.18098,2026-03-14T11:59:59.999000+00:00,36404107.9066938,56831,244.00886,17247956.9511166
2026-03-14T12:00:00+00:00,70751.42,70835.48,70616.44,70780.59,472.56223,2026-03-14T12:59:59.999000+00:00,33418071.008202,64278,255.18751,18050740.3076998
2026-03-14T13:00:00+00:00,70780.59,70930.56,70711.54,70847.35,886.4995,2026-03-14T13:59:59.999000+00:00,62792222.3155092,66703,452.86254,32075437.3839452
2026-03-14T14:00:00+00:00,70847.34,70941.17,70578.76,70599.22,329.16955,2026-03-14T14:59:59.999000+00:00,23284306.109243,69697,110.3207,7805325.0124781
2026-03-14T15:00:00+00:00,70599.23,70728.59,70501.0,70580.09,849.34654,2026-03-14T15:59:59.999000+00:00,59985509.8440382,115615,470.29212,33223621.0371717
2026-03-14T16:00:00+00:00,70580.09,70709.4,70500.0,70672.53,379.28346,2026-03-14T16:59:59.999000+00:00,26785874.5755472,94780,178.12621,12579678.0622355
2026-03-14T17:00:00+00:00,70672.52,70733.02,70590.0,70617.01,134.37087,2026-03-14T17:59:59.999000+00:00,9494948.4680063,43189,55.54331,3925343.7450748
2026-03-14T18:00:00+00:00,70617.01,70708.88,70559.35,70668.23,95.80359,2026-03-14T18:59:59.999000+00:00,6766471.9540272,35429,52.19609,3686893.2755864
2026-03-14T19:00:00+00:00,70668.23,70740.34,70595.14,70700.0,77.47303,2026-03-14T19:59:59.999000+00:00,5475355.0236486,38122,39.04964,2759696.328222
2026-03-14T20:00:00+00:00,70699.99,70856.4,70650.09,70805.71,114.01852,2026-03-14T20:59:59.999000+00:00,8069431.89204,40654,57.61869,4077918.7793059
2026-03-14T21:00:00+00:00,70805.71,70825.04,70661.06,70799.99,113.91325,2026-03-14T21:59:59.999000+00:00,8057008.9442708,39978,47.36598,3350089.3305207
2026-03-14T22:00:00+00:00,70799.99,70805.15,70695.29,70710.91,89.24315,2026-03-14T22:59:59.999000+00:00,6313684.4467817,36613,40.33277,2853444.4221308
2026-03-14T23:00:00+00:00,70710.9,71253.17,70710.9,71211.95,537.56951,2026-03-14T23:59:59.999000+00:00,38206822.5084211,101611,315.55655,22428190.2598712
2026-03-15T00:00:00+00:00,71211.95,71220.74,70967.59,70985.28,576.24004,2026-03-15T00:59:59.999000+00:00,40958581.1998472,74849,241.74548,17182000.8894792
2026-03-15T01:00:00+00:00,70985.29,71037.41,70858.82,70985.83,340.54476,2026-03-15T01:59:59.999000+00:00,24169176.6373892,59567,105.05709,7456337.5162558
2026-03-15T02:00:00+00:00,70985.84,71634.08,70985.84,71450.53,895.09143,2026-03-15T02:59:59.999000+00:00,63889832.7522301,140545,583.8561,41664877.9756452
2026-03-15T03:00:00+00:00,71450.54,71538.03,71240.68,71363.14,779.68802,2026-03-15T03:59:59.999000+00:00,55654415.2399028,83200,394.52395,28161890.7805078
2026-03-15T04:00:00+00:00,71363.13,71661.55,71330.66,71606.32,779.77883,2026-03-15T04:59:59.999000+00:00,55796321.5888418,93302,461.97142,33061911.1574482
2026-03-15T05:00:00+00:00,71606.31,71800.68,71476.0,71489.68,792.96245,2026-03-15T05:59:59.999000+00:00,56807962.4109246,85195,495.91287,35528196.9752229
2026-03-15T06:00:00+00:00,71489.67,71595.43,71373.75,71458.41,528.89919,2026-03-15T06:59:59.999000+00:00,37808904.5154468,57302,272.96707,19516913.1877099
2026-03-15T07:00:00+00:00,71458.41,71658.44,71411.88,71453.59,276.05348,2026-03-15T07:59:59.999000+00:00,19746738.9790706,58664,126.85831,9074971.110459
2026-03-15T08:00:00+00:00,71453.59,71736.72,71453.59,71717.5,551.40345,2026-03-15T08:59:59.999000+00:00,39498086.4857878,68388,370.02576,26508757.5267056
2026-03-15T09:00:00+00:00,71717.5,71940.49,71713.9,71791.1,640.93656,2026-03-15T09:59:59.999000+00:00,46046291.7648227,82395,337.62632,24256314.2973935
2026-03-15T10:00:00+00:00,71791.11,71919.19,71714.37,71783.09,525.0135,2026-03-15T10:59:59.999000+00:00,37699169.0564608,93978,207.44276,14897848.8916607
2026-03-15T11:00:00+00:00,71783.1,71888.0,71659.71,71839.42,452.79199,2026-03-15T11:59:59.999000+00:00,32492823.5183104,65814,211.60724,15189636.3172721
2026-03-15T12:00:00+00:00,71839.41,71839.42,71560.21,71610.33,324.76249,2026-03-15T12:59:59.999000+00:00,23280309.1743433,64810,109.74819,7867359.0758295
2026-03-15T13:00:00+00:00,71610.33,71679.81,71263.99,71607.54,1108.48189,2026-03-15T13:59:59.999000+00:00,79197831.0386912,146151,415.48591,29681169.2861992
2026-03-15T14:00:00+00:00,71607.54,71635.56,71341.68,71622.03,452.09243,2026-03-15T14:59:59.999000+00:00,32336480.9928193,86255,236.28649,16901491.0825957
2026-03-15T15:00:00+00:00,71622.04,71626.0,71410.0,71481.24,210.01259,2026-03-15T15:59:59.999000+00:00,15021352.8862021,64847,115.86804,8287023.2150631
2026-03-15T16:00:00+00:00,71481.24,71586.75,71320.08,71437.35,302.61771,2026-03-15T16:59:59.999000+00:00,21612440.3547793,81461,183.79638,13124617.4083842
2026-03-15T17:00:00+00:00,71437.35,71989.93,71409.74,71819.95,365.80062,2026-03-15T17:59:59.999000+00:00,26213703.8802455,92949,249.11859,17849277.992018
2026-03-15T18:00:00+00:00,71819.96,71885.55,71321.87,71390.53,321.10675,2026-03-15T18:59:59.999000+00:00,23004719.4334995,102918,132.32941,9482115.6516693
2026-03-15T19:00:00+00:00,71390.53,71582.83,71338.67,71549.94,251.59972,2026-03-15T19:59:59.999000+00:00,17979205.8994919,69282,123.97206,8859526.3270762
2026-03-15T20:00:00+00:00,71549.94,71930.0,71433.75,71730.81,236.54566,2026-03-15T20:59:59.999000+00:00,16966679.8395022,76529,138.53196,9935537.4133054
2026-03-15T21:00:00+00:00,71730.81,72222.0,71629.99,72109.58,459.80342,2026-03-15T21:59:59.999000+00:00,33098771.4654676,136792,297.88651,21443018.8746357
2026-03-15T22:00:00+00:00,72109.59,73081.77,71725.74,72749.44,1471.44945,2026-03-15T22:59:59.999000+00:00,106597993.6354891,312854,860.63713,62361678.2369586
2026-03-15T23:00:00+00:00,72749.45,73199.0,72420.44,72815.24,1393.63061,2026-03-15T23:59:59.999000+00:00,101457162.4940856,310966,633.76272,46148048.5732817
2026-03-16T00:00:00+00:00,72815.25,73008.94,72452.26,72531.26,685.4345,2026-03-16T00:59:59.999000+00:00,49831121.870366,192017,301.5264,21927689.2679714
2026-03-16T01:00:00+00:00,72531.27,72852.28,72270.41,72752.9,715.87613,2026-03-16T01:59:59.999000+00:00,51927454.8302493,177405,398.90863,28933676.7060399
2026-03-16T02:00:00+00:00,72752.9,72852.28,72368.08,72514.69,487.11967,2026-03-16T02:59:59.999000+00:00,35345119.0092013,115887,207.07677,15022955.5163685
2026-03-16T03:00:00+00:00,72514.69,74330.34,72436.02,73573.32,3424.72669,2026-03-16T03:59:59.999000+00:00,252338861.1533925,366280,1966.08604,144809434.8245743
2026-03-16T04:00:00+00:00,73573.31,74451.03,73573.31,73835.62,1907.76761,2026-03-16T04:59:59.999000+00:00,140906402.9934409,290004,1083.94445,80057293.4841735
2026-03-16T05:00:00+00:00,73835.62,74258.07,73720.0,74207.49,1421.12171,2026-03-16T05:59:59.999000+00:00,105134458.9458207,215798,809.50042,59893528.5148332
2026-03-16T06:00:00+00:00,74207.49,74207.5,73610.0,73714.36,1229.39836,2026-03-16T06:59:59.999000+00:00,90726199.7339627,158160,648.93986,47886720.7401718
2026-03-16T07:00:00+00:00,73714.36,73924.83,73385.18,73456.68,958.93738,2026-03-16T07:59:59.999000+00:00,70613358.7576705,152215,394.68031,29071710.10333
2026-03-16T08:00:00+00:00,73456.69,73776.13,72888.8,73135.0,1562.06854,2026-03-16T08:59:59.999000+00:00,114514605.4745851,209593,691.46745,50702808.5475516
2026-03-16T09:00:00+00:00,73135.0,73331.88,73057.25,73260.92,531.7209,2026-03-16T09:59:59.999000+00:00,38927469.1253408,133598,316.14431,23143819.6979336
2026-03-16T10:00:00+00:00,73260.92,73783.42,73202.89,73783.42,1038.45265,2026-03-16T10:59:59.999000+00:00,76260137.3608895,184479,578.81775,42511701.2433605
2026-03-16T11:00:00+00:00,73783.42,73838.76,73515.33,73552.77,680.69185,2026-03-16T11:59:59.999000+00:00,50121191.944247,127126,447.90929,32977499.4626694
2026-03-16T12:00:00+00:00,73552.78,74044.0,73465.46,73864.8,921.55759,2026-03-16T12:59:59.999000+00:00,67990691.367264,194935,567.833,41891954.325967
2026-03-16T13:00:00+00:00,73864.81,74509.52,73787.0,74109.55,1593.51066,2026-03-16T13:59:59.999000+00:00,118203124.5684483,360226,899.15143,66711421.6417789
2026-03-16T14:00:00+00:00,74109.56,74460.19,72990.52,73565.54,2204.69587,2026-03-16T14:59:59.999000+00:00,162296720.9469922,497277,936.977,69015699.1813488
2026-03-16T15:00:00+00:00,73565.54,74030.0,73186.5,73274.76,1024.65577,2026-03-16T15:59:59.999000+00:00,75431246.7543991,324467,573.42492,42229507.668847
2026-03-16T16:00:00+00:00,73274.75,73901.95,73160.66,73760.63,1016.72181,2026-03-16T16:59:59.999000+00:00,74715648.1741252,261544,576.11209,42336789.9303625
2026-03-16T17:00:00+00:00,73760.63,74065.7,73648.7,73943.18,906.04408,2026-03-16T17:59:59.999000+00:00,66928450.7765156,228475,494.60911,36539720.0705263
2026-03-16T18:00:00+00:00,73943.17,74356.32,73860.0,73913.6,1086.95746,2026-03-16T18:59:59.999000+00:00,80587604.5619049,248657,591.82536,43881928.2754586
2026-03-16T19:00:00+00:00,73913.6,74418.6,73781.54,73963.0,1122.08511,2026-03-16T19:59:59.999000+00:00,83109928.5004296,260104,505.79488,37476956.2388221
2026-03-16T20:00:00+00:00,73963.0,74248.95,73863.2,74236.9,424.59345,2026-03-16T20:59:59.999000+00:00,31431973.834333,106316,235.27597,17418196.9074471
2026-03-16T21:00:00+00:00,74236.9,74799.0,74150.0,74401.36,1246.95221,2026-03-16T21:59:59.999000+00:00,92851013.2751242,217232,693.47258,51648436.9929053
2026-03-16T22:00:00+00:00,74401.35,74899.99,74378.43,74772.66,1058.73068,2026-03-16T22:59:59.999000+00:00,79141789.1017246,202153,625.36327,46748104.6454871
2026-03-16T23:00:00+00:00,74773.56,74909.08,74250.21,74884.67,1159.70951,2026-03-16T23:59:59.999000+00:00,86524938.5044366,172534,659.38126,49207605.2115505
2026-03-17T00:00:00+00:00,74884.67,75520.23,74614.18,75318.48,2173.5367,2026-03-17T00:59:59.999000+00:00,163272681.0680661,382299,1260.96506,94729074.7566572
2026-03-17T01:00:00+00:00,75318.48,76000.0,75074.37,75623.91,1953.08873,2026-03-17T01:59:59.999000+00:00,147844292.5122705,388081,1101.9352,83434678.949998
2026-03-17T02:00:00+00:00,75623.91,75677.66,75114.67,75198.02,1068.24779,2026-03-17T02:59:59.999000+00:00,80409047.9060234,201315,449.88189,33863044.6194853
2026-03-17T03:00:00+00:00,75198.02,75326.15,74268.73,74463.98,1730.33731,2026-03-17T03:59:59.999000+00:00,129211808.1188872,273481,606.27931,45267757.1743351
2026-03-17T04:00:00+00:00,74463.98,74712.89,73980.16,74252.01,2017.11887,2026-03-17T04:59:59.999000+00:00,149878834.2284838,207989,777.61764,57807023.3492339
2026-03-17T05:00:00+00:00,74252.0,74459.99,73784.0,74036.74,1250.81696,2026-03-17T05:59:59.999000+00:00,92741265.8537059,158714,619.89994,45969941.7350126
2026-03-17T06:00:00+00:00,74036.74,74276.66,73877.56,74085.45,879.74749,2026-03-17T06:59:59.999000+00:00,65170987.6414419,158321,412.7396,30574490.1103464
2026-03-17T07:00:00+00:00,74085.46,74457.72,74066.4,74249.32,771.242,2026-03-17T07:59:59.999000+00:00,57320413.0338344,130753,335.20905,24914520.6244082
2026-03-17T08:00:00+00:00,74249.32,74452.97,74108.01,74188.38,461.65295,2026-03-17T08:59:59.999000+00:00,34300888.5394079,123000,248.97782,18502918.6975121
2026-03-17T09:00:00+00:00,74188.38,74406.03,73841.62,73937.16,864.16263,2026-03-17T09:59:59.999000+00:00,64069912.3563151,149015,400.73911,29713847.1626438
2026-03-17T10:00:00+00:00,73937.16,73960.74,73560.98,73729.45,1049.0691,2026-03-17T10:59:59.999000+00:00,77324957.2381234,187842,473.06848,34867011.9216359
2026-03-17T11:00:00+00:00,73729.45,74224.16,73682.01,74033.11,647.95804,2026-03-17T11:59:59.999000+00:00,47936681.0442032,149448,382.22243,28276684.7120773
2026-03-17T12:00:00+00:00,74033.1,74170.55,73672.25,73739.74,614.23436,2026-03-17T12:59:59.999000+00:00,45388987.2828269,161550,286.73288,21197686.3728223
2026-03-17T13:00:00+00:00,73739.74,74167.39,73399.19,73615.48,1159.88444,2026-03-17T13:59:59.999000+00:00,85569440.6971207,284567,529.8566,39104660.1565815
2026-03-17T14:00:00+00:00,73615.49,74425.31,73424.79,74381.7,1362.71508,2026-03-17T14:59:59.999000+00:00,100890945.9751623,323276,836.68701,61988447.9781554
2026-03-17T15:00:00+00:00,74381.69,74893.94,73669.91,73914.39,1370.72331,2026-03-17T15:59:59.999000+00:00,101702489.4422837,360212,697.49503,51782084.4339894
2026-03-17T16:00:00+00:00,73914.4,74350.0,73855.24,74155.69,747.87279,2026-03-17T16:59:59.999000+00:00,55423218.2592146,233529,381.95374,28308793.6890775
2026-03-17T17:00:00+00:00,74155.68,74594.0,74006.58,74523.75,826.10844,2026-03-17T17:59:59.999000+00:00,61395169.4723077,194133,531.36723,39489267.5143969
2026-03-17T18:00:00+00:00,74523.76,74769.17,74386.11,74683.04,707.46038,2026-03-17T18:59:59.999000+00:00,52772145.3305212,180130,334.51481,24954362.4945142
2026-03-17T19:00:00+00:00,74683.04,74800.0,74427.25,74512.17,768.60522,2026-03-17T19:59:59.999000+00:00,57373452.1481439,184663,366.85381,27383630.6813228
2026-03-17T20:00:00+00:00,74511.21,74685.5,74359.87,74506.75,466.76372,2026-03-17T20:59:59.999000+00:00,34772329.9030658,88217,170.09313,12673187.2932662
2026-03-17T21:00:00+00:00,74506.75,74799.0,74450.01,74685.42,618.20101,2026-03-17T21:59:59.999000+00:00,46134120.5455888,99979,220.91886,16489218.7857418
2026-03-17T22:00:00+00:00,74685.42,74772.14,73934.0,74307.08,488.30847,2026-03-17T22:59:59.999000+00:00,36283519.4452543,117429,175.53398,13041252.8349503
2026-03-17T23:00:00+00:00,74307.08,74398.74,73871.74,73909.36,523.41057,2026-03-17T23:59:59.999000+00:00,38789143.2904205,125244,189.70969,14063272.7327219
2026-03-18T00:00:00+00:00,73909.37,74063.22,73535.36,73867.88,673.31061,2026-03-18T00:59:59.999000+00:00,49682584.1137638,167341,298.32738,22010900.2468923
2026-03-18T01:00:00+00:00,73867.88,74211.43,73820.69,74072.3,537.72886,2026-03-18T01:59:59.999000+00:00,39828402.9654988,125019,333.93251,24731973.6331497
2026-03-18T02:00:00+00:00,74072.3,74476.0,74051.78,74338.93,549.53806,2026-03-18T02:59:59.999000+00:00,40811427.7017298,109262,348.98605,25921496.388844
2026-03-18T03:00:00+00:00,74338.93,74672.34,74250.27,74446.14,459.80928,2026-03-18T03:59:59.999000+00:00,34232788.8454588,99545,237.46998,17685115.0271218
2026-03-18T04:00:00+00:00,74446.14,74486.3,74137.02,74175.49,472.35206,2026-03-18T04:59:59.999000+00:00,35080561.3620802,71860,252.08898,18723547.0091265
2026-03-18T05:00:00+00:00,74175.48,74312.11,73830.76,73950.0,662.80056,2026-03-18T05:59:59.999000+00:00,49098987.0238813,93727,326.37308,24186400.4334686
2026-03-18T06:00:00+00:00,73950.01,74225.82,73938.1,73954.03,652.79254,2026-03-18T06:59:59.999000+00:00,48353951.7830329,86917,330.80609,24502075.0733201
2026-03-18T07:00:00+00:00,73954.03,73997.04,73700.01,73883.8,504.7237,2026-03-18T07:59:59.999000+00:00,37273568.6402254,95673,254.56034,18803323.7975272
2026-03-18T08:00:00+00:00,73883.8,74130.02,73863.31,74044.89,735.50464,2026-03-18T08:59:59.999000+00:00,54449676.9735749,103840,444.55284,32909425.4483466
2026-03-18T09:00:00+00:00,74044.9,74281.33,74042.85,74181.08,347.16358,2026-03-18T09:59:59.999000+00:00,25751313.7726573,78474,191.19985,14182667.9432136
2026-03-18T10:00:00+00:00,74181.08,74267.77,73816.26,73946.35,478.90858,2026-03-18T10:59:59.999000+00:00,35455513.1030814,104858,296.02164,21918425.7723871
2026-03-18T11:00:00+00:00,73946.35,74074.84,72800.0,72952.85,1877.69179,2026-03-18T11:59:59.999000+00:00,137492092.1511136,323995,880.59828,64465510.125125
2026-03-18T12:00:00+00:00,72952.85,72981.79,72271.11,72361.24,1819.95371,2026-03-18T12:59:59.999000+00:00,132134038.6586083,381589,729.298,52950337.0834718
2026-03-18T13:00:00+00:00,72361.13,72556.81,71980.0,72133.49,1607.02731,2026-03-18T13:59:59.999000+00:00,116178939.0124459,362221,721.53033,52173109.6070998
2026-03-18T14:00:00+00:00,72133.48,72222.45,71100.0,71193.23,2385.98822,2026-03-18T14:59:59.999000+00:00,170982942.4830057,491438,1046.95524,75038358.966619
2026-03-18T15:00:00+00:00,71193.23,71531.54,70857.21,71467.82,2560.23665,2026-03-18T15:59:59.999000+00:00,182418304.3512396,378945,1265.98981,90238018.3006788
2026-03-18T16:00:00+00:00,71467.82,71565.78,71037.34,71314.08,967.21409,2026-03-18T16:59:59.999000+00:00,68958245.9754665,255278,536.16984,38232921.3386763
2026-03-18T17:00:00+00:00,71314.07,71750.0,71199.87,71595.21,1025.9984,2026-03-18T17:59:59.999000+00:00,73322010.7571601,215722,610.16456,43614254.5944398
2026-03-18T18:00:00+00:00,71595.21,72000.5,70947.78,71096.74,1475.11719,2026-03-18T18:59:59.999000+00:00,105582814.3789975,363504,778.66676,55792496.8244388
2026-03-18T19:00:00+00:00,71096.75,71486.14,70933.85,71072.38,867.91916,2026-03-18T19:59:59.999000+00:00,61780360.736042,222685,435.16498,30982334.2179038
2026-03-18T20:00:00+00:00,71072.38,71333.33,70500.0,71214.67,1180.62213,2026-03-18T20:59:59.999000+00:00,83694690.5456456,239576,597.87237,42413016.4551434
2026-03-18T21:00:00+00:00,71214.67,71451.22,71167.15,71263.67,338.26453,2026-03-18T21:59:59.999000+00:00,24124075.7017988,112777,198.72672,14172630.0640832
2026-03-18T22:00:00+00:00,71263.67,71269.02,70944.56,71153.66,520.94837,2026-03-18T22:59:59.999000+00:00,37019284.4275539,104410,232.85691,16547495.9473414
2026-03-18T23:00:00+00:00,71153.67,71365.4,71069.69,71246.54,691.26691,2026-03-18T23:59:59.999000+00:00,49243263.5136803,145241,360.85803,25709648.3988376
2026-03-19T00:00:00+00:00,71246.55,71321.81,70976.69,71002.17,887.95607,2026-03-19T00:59:59.999000+00:00,63132633.6989165,142997,418.18834,29732698.5833882
2026-03-19T01:00:00+00:00,71002.18,71182.44,70951.93,71115.23,391.40796,2026-03-19T01:59:59.999000+00:00,27811412.5209495,111388,158.79462,11283467.6348878
2026-03-19T02:00:00+00:00,71115.24,71252.83,70902.37,71055.44,554.97617,2026-03-19T02:59:59.999000+00:00,39481245.7808288,102738,194.7154,13850884.7430918
2026-03-19T03:00:00+00:00,71055.44,71613.79,71053.33,71215.39,593.60943,2026-03-19T03:59:59.999000+00:00,42349252.2232287,136187,283.05616,20196707.2835908
2026-03-19T04:00:00+00:00,71215.39,71215.39,70654.86,70822.07,702.86032,2026-03-19T04:59:59.999000+00:00,49785063.0975735,155872,314.52316,22276550.6840513
2026-03-19T05:00:00+00:00,70822.06,70909.88,70661.56,70826.54,416.16191,2026-03-19T05:59:59.999000+00:00,29463160.9589521,106887,226.70574,16052531.3408116
2026-03-19T06:00:00+00:00,70826.55,70979.99,70505.0,70583.22,619.8514,2026-03-19T06:59:59.999000+00:00,43825028.6582231,136364,247.00622,17465821.7505493
2026-03-19T07:00:00+00:00,70583.22,70600.04,69478.51,70191.17,2753.9557,2026-03-19T07:59:59.999000+00:00,192871533.9309172,360127,1132.30875,79286894.4500579
2026-03-19T08:00:00+00:00,70191.16,70300.0,69900.0,69985.19,1015.64209,2026-03-19T08:59:59.999000+00:00,71193379.2209247,202958,381.64144,26754249.926394
2026-03-19T09:00:00+00:00,69985.19,70560.91,69971.99,70513.0,1262.65596,2026-03-19T09:59:59.999000+00:00,88780872.216809,223886,679.0493,47751143.2168706
2026-03-19T10:00:00+00:00,70513.0,70538.74,70117.0,70133.72,613.17552,2026-03-19T10:59:59.999000+00:00,43160949.0815586,124422,268.86791,18926095.2312973
2026-03-19T11:00:00+00:00,70133.73,70259.37,69909.09,69952.75,542.70053,2026-03-19T11:59:59.999000+00:00,38023878.221242,123680,195.64389,13710962.3086973
2026-03-19T12:00:00+00:00,69952.75,69952.76,69105.49,69290.27,1452.42038,2026-03-19T12:59:59.999000+00:00,101065558.9525731,274900,582.80236,40550959.2885875
2026-03-19T13:00:00+00:00,69290.28,70084.35,69081.51,69905.65,1720.19325,2026-03-19T13:59:59.999000+00:00,119458350.6730793,473306,890.86947,61894862.1215712
2026-03-19T14:00:00+00:00,69905.65,70179.53,69096.16,69482.25,1636.49639,2026-03-19T14:59:59.999000+00:00,113585518.8772272,399716,715.77467,49706895.8911053
2026-03-19T15:00:00+00:00,69482.24,69917.87,68793.35,69412.51,1898.28931,2026-03-19T15:59:59.999000+00:00,131477295.1536006,389361,953.88696,66097686.0576532
2026-03-19T16:00:00+00:00,69412.52,69642.35,69177.19,69455.86,858.32753,2026-03-19T16:59:59.999000+00:00,59567168.9730007,279945,492.02558,34145080.4410059
2026-03-19T17:00:00+00:00,69455.86,69954.18,69122.03,69854.16,759.67868,2026-03-19T17:59:59.999000+00:00,52817725.5973047,236298,479.07306,33319285.2970692
2026-03-19T18:00:00+00:00,69854.15,69931.1,69581.55,69821.21,442.61763,2026-03-19T18:59:59.999000+00:00,30873259.5011859,167373,235.69976,16441236.5462337
2026-03-19T19:00:00+00:00,69821.21,70596.42,69805.33,70271.99,1190.55299,2026-03-19T19:59:59.999000+00:00,83703288.5506289,350207,691.8917,48642043.0250229
2026-03-19T20:00:00+00:00,70272.0,70676.0,70201.0,70483.03,488.71031,2026-03-19T20:59:59.999000+00:00,34420949.7359931,107844,319.73708,22522900.9815392
2026-03-19T21:00:00+00:00,70483.03,70695.6,70371.19,70413.47,418.78383,2026-03-19T21:59:59.999000+00:00,29539657.8584004,111392,183.96126,12975608.4454932
2026-03-19T22:00:00+00:00,70413.46,70501.89,69954.05,70183.99,551.7482,2026-03-19T22:59:59.999000+00:00,38750806.9463924,123086,203.93185,14325277.0161635
2026-03-19T23:00:00+00:00,70184.0,70282.47,69718.23,69930.0,592.04663,2026-03-19T23:59:59.999000+00:00,41435959.4309024,131592,238.98208,16724781.0222556
2026-03-20T00:00:00+00:00,69930.01,70311.12,69837.1,70181.0,871.72419,2026-03-20T00:59:59.999000+00:00,61099657.9975766,140310,554.94529,38898667.0332695
2026-03-20T01:00:00+00:00,70181.0,70588.5,70181.0,70403.79,526.82154,2026-03-20T01:59:59.999000+00:00,37099306.9997249,143190,329.31045,23190657.1536293
2026-03-20T02:00:00+00:00,70403.8,70516.16,70086.86,70415.47,312.91426,2026-03-20T02:59:59.999000+00:00,21995861.2324314,109755,166.84802,11730603.9873186
2026-03-20T03:00:00+00:00,70415.48,70809.43,70388.0,70729.92,711.57589,2026-03-20T03:59:59.999000+00:00,50275539.8980256,140086,435.33283,30760018.4686851
2026-03-20T04:00:00+00:00,70729.93,70969.71,70557.91,70783.69,546.53749,2026-03-20T04:59:59.999000+00:00,38690338.0895582,99782,309.33071,21900147.344654
2026-03-20T05:00:00+00:00,70783.7,70867.44,70521.73,70606.24,367.69531,2026-03-20T05:59:59.999000+00:00,25988752.0068573,64317,206.54952,14599142.0900696
2026-03-20T06:00:00+00:00,70606.23,70646.93,70346.49,70502.9,758.81391,2026-03-20T06:59:59.999000+00:00,53499958.365418,81917,269.05386,18967937.8133292
2026-03-20T07:00:00+00:00,70502.91,70939.58,70160.06,70854.66,936.89906,2026-03-20T07:59:59.999000+00:00,66155511.481538,108110,462.02032,32633393.3610895
2026-03-20T08:00:00+00:00,70854.66,71367.0,70800.0,71042.23,1011.96314,2026-03-20T08:59:59.999000+00:00,71994361.9832055,155511,529.21105,37652148.1122338
2026-03-20T09:00:00+00:00,71042.23,71042.23,70419.65,70583.8,885.49116,2026-03-20T09:59:59.999000+00:00,62625465.6597395,145152,272.20455,19240215.3407964
2026-03-20T10:00:00+00:00,70583.81,70670.43,70218.68,70611.68,609.11713,2026-03-20T10:59:59.999000+00:00,42907563.099605,152511,244.38509,17218604.0789732
2026-03-20T11:00:00+00:00,70611.68,70810.81,70303.36,70478.71,605.56445,2026-03-20T11:59:59.999000+00:00,42745068.2254737,117297,311.92509,22032454.8701296
2026-03-20T12:00:00+00:00,70478.71,70685.63,70251.0,70342.63,613.27107,2026-03-20T12:59:59.999000+00:00,43204525.1355932,160744,254.20593,17911384.7212939
2026-03-20T13:00:00+00:00,70342.63,70613.75,69795.7,69863.84,1225.89394,2026-03-20T13:59:59.999000+00:00,86023937.1145009,381953,509.54543,35757176.5220306
2026-03-20T14:00:00+00:00,69863.85,70268.66,69589.38,69731.21,1679.84994,2026-03-20T14:59:59.999000+00:00,117344085.0041177,462646,716.40904,50067965.4789292
2026-03-20T15:00:00+00:00,69731.2,70002.68,69480.0,69860.09,1196.90076,2026-03-20T15:59:59.999000+00:00,83493362.9269841,339941,599.75445,41849006.2054136
2026-03-20T16:00:00+00:00,69860.09,70100.0,69608.54,69829.26,922.25773,2026-03-20T16:59:59.999000+00:00,64460463.4445135,275811,448.11597,31326017.3601415
2026-03-20T17:00:00+00:00,69829.27,70039.78,69388.0,70000.0,998.84797,2026-03-20T17:59:59.999000+00:00,69631317.2331938,297124,513.14661,35779801.1458225
2026-03-20T18:00:00+00:00,69999.99,70071.81,69525.33,69770.0,630.4796,2026-03-20T18:59:59.999000+00:00,44016722.1628272,260214,310.11685,21652969.7218576
2026-03-20T19:00:00+00:00,69770.01,70190.18,69673.76,70177.86,528.39593,2026-03-20T19:59:59.999000+00:00,36948768.0069334,208941,273.63077,19136712.4874544
2026-03-20T20:00:00+00:00,70177.85,70259.28,69754.71,70057.66,435.39665,2026-03-20T20:59:59.999000+00:00,30481116.0043509,133775,215.06058,15057870.4671932
2026-03-20T21:00:00+00:00,70057.66,70726.13,69946.65,70540.73,780.46042,2026-03-20T21:59:59.999000+00:00,54974110.4109655,170683,395.03924,27827182.8926799
2026-03-20T22:00:00+00:00,70540.72,70923.75,70532.0,70767.85,591.69583,2026-03-20T22:59:59.999000+00:00,41874784.3225354,122849,300.29425,21252105.2227182
2026-03-20T23:00:00+00:00,70767.85,70771.13,70430.0,70510.73,372.60008,2026-03-20T23:59:59.999000+00:00,26282263.8830011,97352,174.97621,12339756.3471025
2026-03-21T00:00:00+00:00,70510.73,70826.0,70467.36,70682.19,274.67077,2026-03-21T00:59:59.999000+00:00,19405449.3986766,96177,169.15519,11952860.5102802
2026-03-21T01:00:00+00:00,70682.2,70758.5,70445.36,70464.59,375.95226,2026-03-21T01:59:59.999000+00:00,26534792.438015,69998,154.45884,10906254.4557923
2026-03-21T02:00:00+00:00,70464.6,70785.9,70431.67,70737.6,316.88084,2026-03-21T02:59:59.999000+00:00,22370737.7659312,68014,201.04398,14192879.1248936
2026-03-21T03:00:00+00:00,70737.6,70784.07,70632.39,70657.35,226.82019,2026-03-21T03:59:59.999000+00:00,16033191.9620646,56042,62.52815,4419808.6900916
2026-03-21T04:00:00+00:00,70657.35,70819.0,70617.05,70642.13,487.10407,2026-03-21T04:59:59.999000+00:00,34443455.0160256,70878,264.12264,18677249.464946
2026-03-21T05:00:00+00:00,70642.14,70834.46,70635.1,70697.94,941.44912,2026-03-21T05:59:59.999000+00:00,66603042.4535142,71248,554.01103,39195238.1042482
2026-03-21T06:00:00+00:00,70697.94,70831.14,70693.06,70774.65,857.26608,2026-03-21T06:59:59.999000+00:00,60670292.1252123,66267,375.51803,26575005.7309958
2026-03-21T07:00:00+00:00,70773.55,70879.76,70677.44,70727.33,431.42703,2026-03-21T07:59:59.999000+00:00,30532258.996225,57015,224.39041,15880022.983717
2026-03-21T08:00:00+00:00,70727.33,70753.79,70492.02,70594.43,956.10118,2026-03-21T08:59:59.999000+00:00,67518854.9824309,77638,348.51309,24606216.8227858
2026-03-21T09:00:00+00:00,70594.42,70735.36,70570.4,70661.59,204.69969,2026-03-21T09:59:59.999000+00:00,14464878.7014822,53011,89.96878,6357957.3403568
2026-03-21T10:00:00+00:00,70661.59,70695.32,70559.69,70605.64,524.32782,2026-03-21T10:59:59.999000+00:00,37025258.3172845,42966,245.1937,17321678.6046276
2026-03-21T11:00:00+00:00,70605.64,70652.73,70567.79,70652.72,360.21459,2026-03-21T11:59:59.999000+00:00,25434634.4188194,28847,284.08518,20059421.1514276
2026-03-21T12:00:00+00:00,70652.73,70800.0,70652.73,70722.61,199.41863,2026-03-21T12:59:59.999000+00:00,14106130.8143339,51001,99.56019,7042657.9988177
2026-03-21T13:00:00+00:00,70722.61,70812.74,70707.12,70740.18,171.5437,2026-03-21T13:59:59.999000+00:00,12135958.9607566,44402,95.27531,6740278.623621
2026-03-21T14:00:00+00:00,70740.18,71100.94,70592.53,70629.1,873.72717,2026-03-21T14:59:59.999000+00:00,61936438.3848319,106164,458.78074,32541148.4594017
2026-03-21T15:00:00+00:00,70629.09,70760.0,70453.09,70630.02,399.45062,2026-03-21T15:59:59.999000+00:00,28208569.2160207,74229,115.52671,8158132.7823083
2026-03-21T16:00:00+00:00,70630.02,70652.64,70251.0,70301.66,435.70425,2026-03-21T16:59:59.999000+00:00,30701496.8712734,76254,150.61495,10607744.5109579
2026-03-21T17:00:00+00:00,70301.66,70426.18,70210.0,70304.08,444.648,2026-03-21T17:59:59.999000+00:00,31287458.6722962,57273,261.83878,18426976.4218456
2026-03-21T18:00:00+00:00,70303.45,70534.38,70290.48,70389.19,200.5858,2026-03-21T18:59:59.999000+00:00,14124440.9230679,40969,114.40981,8057290.4394987
2026-03-21T19:00:00+00:00,70389.18,70448.79,70324.7,70396.0,140.45698,2026-03-21T19:59:59.999000+00:00,9888500.0905668,32378,68.06685,4791996.2680488
2026-03-21T20:00:00+00:00,70396.01,70508.11,70358.9,70462.28,697.39549,2026-03-21T20:59:59.999000+00:00,49130109.4041652,43747,368.03195,25931999.4768281
2026-03-21T21:00:00+00:00,70462.27,70516.82,70268.06,70345.57,629.83259,2026-03-21T21:59:59.999000+00:00,44342352.9752723,49380,294.03196,20709908.5138829
2026-03-21T22:00:00+00:00,70345.57,70384.95,70265.55,70277.22,737.88495,2026-03-21T22:59:59.999000+00:00,51880485.9636608,49969,428.89667,30156267.0129906
2026-03-21T23:00:00+00:00,70277.21,70293.82,68571.42,68918.12,2509.60568,2026-03-21T23:59:59.999000+00:00,173915093.1744968,256219,951.67019,65847367.4417909
2026-03-22T00:00:00+00:00,68918.12,69155.86,68228.5,68954.71,2161.16442,2026-03-22T00:59:59.999000+00:00,148582479.946055,367565,1101.38693,75739058.6889353
2026-03-22T01:00:00+00:00,68954.7,69100.0,68762.31,68962.4,809.55651,2026-03-22T01:59:59.999000+00:00,55826958.6184656,143545,408.40998,28168959.954414
2026-03-22T02:00:00+00:00,68962.4,69411.1,68951.21,69278.12,506.62838,2026-03-22T02:59:59.999000+00:00,35062455.402669,136935,295.53734,20453133.7726635
2026-03-22T03:00:00+00:00,69278.12,69588.79,69123.13,69339.99,671.1404,2026-03-22T03:59:59.999000+00:00,46551314.3299314,126421,344.11045,23866710.4988547
2026-03-22T04:00:00+00:00,69340.0,69526.85,69215.89,69358.0,626.75701,2026-03-22T04:59:59.999000+00:00,43467744.8603295,92158,378.67115,26263706.0945185
2026-03-22T05:00:00+00:00,69358.0,69358.0,69150.0,69153.41,322.14134,2026-03-22T05:59:59.999000+00:00,22300123.3676617,69460,120.08091,8311424.6375514
2026-03-22T06:00:00+00:00,69153.41,69245.79,69059.87,69164.06,378.08519,2026-03-22T06:59:59.999000+00:00,26142665.6098258,71456,173.24622,11978537.5824781
2026-03-22T07:00:00+00:00,69164.06,69250.08,68892.93,68919.38,432.94301,2026-03-22T07:59:59.999000+00:00,29913547.40772,88187,187.53801,12959695.4787893
2026-03-22T08:00:00+00:00,68919.37,68990.67,68523.96,68804.77,1053.77702,2026-03-22T08:59:59.999000+00:00,72448197.0630733,151020,411.86597,28323106.7918874
2026-03-22T09:00:00+00:00,68804.77,68901.65,68587.78,68826.2,383.82763,2026-03-22T09:59:59.999000+00:00,26392580.3100595,101810,186.07681,12796875.3791612
2026-03-22T10:00:00+00:00,68826.21,68847.83,68584.27,68648.17,360.03346,2026-03-22T10:59:59.999000+00:00,24736844.4503235,83416,185.92382,12772897.3472235
2026-03-22T11:00:00+00:00,68648.16,68691.03,68110.55,68217.95,784.4316,2026-03-22T11:59:59.999000+00:00,53643521.3441214,161951,361.78492,24743723.1474894
2026-03-22T12:00:00+00:00,68217.94,68763.18,68199.04,68654.83,484.243,2026-03-22T12:59:59.999000+00:00,33167690.1516101,137952,314.90531,21566881.8126425
2026-03-22T13:00:00+00:00,68654.83,68957.24,68548.32,68700.02,548.07349,2026-03-22T13:59:59.999000+00:00,37687958.9033296,120737,306.87403,21101715.1945945
2026-03-22T14:00:00+00:00,68700.02,68915.27,68542.1,68711.66,385.54476,2026-03-22T14:59:59.999000+00:00,26501930.1461422,113564,201.1362,13826561.6336786
2026-03-22T15:00:00+00:00,68711.66,69005.71,68700.0,68847.96,391.17296,2026-03-22T15:59:59.999000+00:00,26931920.972406,105167,225.94324,15559377.0436996
2026-03-22T16:00:00+00:00,68847.97,68885.53,68665.62,68805.58,258.25035,2026-03-22T16:59:59.999000+00:00,17758720.8148598,66985,128.42687,8831271.9330034
2026-03-22T17:00:00+00:00,68805.58,68848.32,68665.34,68673.02,252.16281,2026-03-22T17:59:59.999000+00:00,17337039.1028039,68536,84.97551,5843691.7202469
2026-03-22T18:00:00+00:00,68672.85,68743.18,68344.57,68618.58,340.01718,2026-03-22T18:59:59.999000+00:00,23311468.182903,87870,134.64772,9232220.0058332
2026-03-22T19:00:00+00:00,68618.57,68626.07,68145.01,68199.93,472.99305,2026-03-22T19:59:59.999000+00:00,32325243.9586865,99026,157.82885,10784369.4962822
2026-03-22T20:00:00+00:00,68199.93,68498.4,68080.0,68176.46,319.53245,2026-03-22T20:59:59.999000+00:00,21820024.6954655,107966,153.24118,10466142.8476257
2026-03-22T21:00:00+00:00,68176.47,68228.71,67360.66,67899.97,1535.47353,2026-03-22T21:59:59.999000+00:00,104013959.1378057,295974,662.10631,44847997.0422109
2026-03-22T22:00:00+00:00,67899.97,68396.94,67571.67,68339.37,856.561,2026-03-22T22:59:59.999000+00:00,58308016.2851174,283518,519.24353,35339852.4523122
2026-03-22T23:00:00+00:00,68339.38,68474.0,67839.99,67859.0,509.27627,2026-03-22T23:59:59.999000+00:00,34694070.258332,187933,248.36207,16922177.6957389
2026-03-23T00:00:00+00:00,67859.0,68161.41,67445.18,67669.99,823.69218,2026-03-23T00:59:59.999000+00:00,55883049.5501282,295600,419.87487,28494425.061676
2026-03-23T01:00:00+00:00,67670.0,68157.31,67536.01,67905.0,628.21786,2026-03-23T01:59:59.999000+00:00,42680039.5446919,227841,309.02578,20994803.8254908
2026-03-23T02:00:00+00:00,67905.0,68400.0,67801.67,68320.72,627.90507,2026-03-23T02:59:59.999000+00:00,42788203.2431608,173508,367.01686,25002480.5470148
2026-03-23T03:00:00+00:00,68320.72,68585.12,68059.88,68074.6,415.80047,2026-03-23T03:59:59.999000+00:00,28383728.4971708,148043,191.92998,13101321.6890798
2026-03-23T04:00:00+00:00,68074.6,68550.0,68057.56,68541.0,486.61149,2026-03-23T04:59:59.999000+00:00,33238892.4936148,104776,362.15043,24741089.7670708
2026-03-23T05:00:00+00:00,68541.0,68915.4,68541.0,68899.92,1162.54953,2026-03-23T05:59:59.999000+00:00,79881933.7912627,187688,676.30235,46472773.6664655
2026-03-23T06:00:00+00:00,68899.92,68904.42,67698.86,67874.19,1218.88217,2026-03-23T06:59:59.999000+00:00,83204700.8616866,261593,531.68844,36288055.9441299
2026-03-23T07:00:00+00:00,67874.2,68464.42,67502.48,68333.16,1946.35809,2026-03-23T07:59:59.999000+00:00,132575275.2747228,302421,1133.44197,77223086.4238469
2026-03-23T08:00:00+00:00,68333.16,68696.91,68328.55,68434.26,1238.43118,2026-03-23T08:59:59.999000+00:00,84871298.0112531,239004,598.10001,40987133.8806492
2026-03-23T09:00:00+00:00,68434.27,68471.11,67916.14,68334.01,382.31585,2026-03-23T09:59:59.999000+00:00,26074091.5403326,182959,183.49295,12515020.8083014
2026-03-23T10:00:00+00:00,68334.01,68714.28,68299.82,68551.02,494.85509,2026-03-23T10:59:59.999000+00:00,33884192.7179699,172107,302.62361,20717092.1677315
2026-03-23T11:00:00+00:00,68551.02,71499.0,68544.15,70122.15,7050.35572,2026-03-23T11:59:59.999000+00:00,497532188.0501147,913738,3582.17996,252760939.8348951
2026-03-23T12:00:00+00:00,70122.15,70877.35,69671.95,70752.15,1915.66623,2026-03-23T12:59:59.999000+00:00,134656253.9430293,525908,1115.70217,78440938.7115986
2026-03-23T13:00:00+00:00,70752.14,71587.98,70600.0,71481.13,1712.52184,2026-03-23T13:59:59.999000+00:00,121717067.7468882,563242,912.92681,64909742.1349556
2026-03-23T14:00:00+00:00,71481.13,71817.09,71127.14,71446.46,1663.17727,2026-03-23T14:59:59.999000+00:00,118909727.8088089,485299,775.81507,55469926.0671184
2026-03-23T15:00:00+00:00,71446.46,71660.01,70103.21,70131.48,2051.70929,2026-03-23T15:59:59.999000+00:00,145102024.6338804,380522,823.63501,58256071.5605457
2026-03-23T16:00:00+00:00,70131.48,70753.43,70131.47,70561.54,1367.86918,2026-03-23T16:59:59.999000+00:00,96293308.7852247,395790,668.43418,47055017.9086344
2026-03-23T17:00:00+00:00,70561.54,71119.09,70363.63,71085.16,673.70407,2026-03-23T17:59:59.999000+00:00,47696237.2137471,243080,372.59124,26383598.8048395
2026-03-23T18:00:00+00:00,71085.16,71195.21,70879.85,71076.22,593.89042,2026-03-23T18:59:59.999000+00:00,42182922.3566825,191543,299.40421,21269560.1358968
2026-03-23T19:00:00+00:00,71076.22,71246.01,70649.4,70679.05,615.8582,2026-03-23T19:59:59.999000+00:00,43704405.6896299,142253,345.03172,24497526.2773321
2026-03-23T20:00:00+00:00,70679.04,70983.33,70559.03,70915.59,394.04509,2026-03-23T20:59:59.999000+00:00,27895155.7133032,88010,237.74674,16833322.7704563
2026-03-23T21:00:00+00:00,70915.59,70998.0,70827.66,70851.35,222.54858,2026-03-23T21:59:59.999000+00:00,15783456.4016996,61694,111.34205,7896258.6138043
2026-03-23T22:00:00+00:00,70851.36,70896.76,70520.22,70780.22,279.983,2026-03-23T22:59:59.999000+00:00,19787285.5635812,106672,124.72015,8815077.4577914
2026-03-23T23:00:00+00:00,70780.22,70998.0,70404.39,70906.45,368.14332,2026-03-23T23:59:59.999000+00:00,26029729.7991102,116439,195.79574,13845511.3964569
2026-03-24T00:00:00+00:00,70906.45,71099.96,70423.36,70679.2,735.8297,2026-03-24T00:59:59.999000+00:00,52063466.7972113,179012,348.91554,24696127.8710482
2026-03-24T01:00:00+00:00,70679.2,70891.53,70278.46,70516.57,730.30371,2026-03-24T01:59:59.999000+00:00,51552200.8812983,152627,308.74452,21816620.7817592
2026-03-24T02:00:00+00:00,70516.57,70698.0,70369.46,70453.37,431.98798,2026-03-24T02:59:59.999000+00:00,30466918.5198214,128346,205.69315,14508573.5049276
2026-03-24T03:00:00+00:00,70453.38,70583.36,70404.54,70542.9,380.97532,2026-03-24T03:59:59.999000+00:00,26853045.4181122,97350,172.38846,12150363.6186865
2026-03-24T04:00:00+00:00,70542.9,70741.64,70247.91,70372.44,474.91642,2026-03-24T04:59:59.999000+00:00,33468232.6465762,107640,175.45645,12371213.0628466
2026-03-24T05:00:00+00:00,70372.45,70374.38,70119.06,70283.85,641.69358,2026-03-24T05:59:59.999000+00:00,45070852.1777721,119949,266.09114,18688182.3223497
2026-03-24T06:00:00+00:00,70283.84,70572.83,70253.23,70541.38,850.05748,2026-03-24T06:59:59.999000+00:00,59847193.0241473,108110,378.02709,26619988.5759306
2026-03-24T07:00:00+00:00,70541.39,71400.0,70488.0,71291.7,1722.67702,2026-03-24T07:59:59.999000+00:00,122202364.7720414,189414,887.04183,62925660.2913005
2026-03-24T08:00:00+00:00,71291.7,71349.1,70850.11,70964.15,725.27631,2026-03-24T08:59:59.999000+00:00,51536886.8034741,138808,272.54121,19369114.7328218
2026-03-24T09:00:00+00:00,70964.16,71368.61,70851.77,71316.97,511.50447,2026-03-24T09:59:59.999000+00:00,36378678.1720985,116743,281.85817,20044216.707058
2026-03-24T10:00:00+00:00,71316.98,71328.59,71078.09,71272.87,680.81546,2026-03-24T10:59:59.999000+00:00,48487843.3837303,112622,342.16617,24367909.3386176
2026-03-24T11:00:00+00:00,71272.87,71327.26,70964.94,71157.77,560.33228,2026-03-24T11:59:59.999000+00:00,39860053.2040581,136770,332.95753,23688403.8372548
2026-03-24T12:00:00+00:00,71157.77,71177.66,70860.18,70956.48,460.8181,2026-03-24T12:59:59.999000+00:00,32706339.98693,124099,179.4111,12735276.0467451
2026-03-24T13:00:00+00:00,70956.48,71059.59,69968.02,70100.46,1729.62355,2026-03-24T13:59:59.999000+00:00,121812661.2865382,345875,577.98892,40716365.1359618
2026-03-24T14:00:00+00:00,70100.46,70462.91,69507.34,69869.93,1973.02189,2026-03-24T14:59:59.999000+00:00,137890893.5955135,430775,889.24156,62155540.4132767
2026-03-24T15:00:00+00:00,69869.93,70255.37,69770.85,69873.04,1419.67177,2026-03-24T15:59:59.999000+00:00,99418672.6364159,298117,737.0458,51641483.9551931
2026-03-24T16:00:00+00:00,69873.04,70001.92,69340.08,69476.87,889.76128,2026-03-24T16:59:59.999000+00:00,61969153.6234048,227733,363.29246,25312450.2842311
2026-03-24T17:00:00+00:00,69476.88,69512.73,68923.07,69238.43,1294.24297,2026-03-24T17:59:59.999000+00:00,89493283.2408422,285284,596.57536,41258895.7118761
2026-03-24T18:00:00+00:00,69238.44,69746.4,69168.64,69430.24,808.06583,2026-03-24T18:59:59.999000+00:00,56104059.1422348,188647,415.35515,28839523.9017511
2026-03-24T19:00:00+00:00,69430.25,69700.0,69277.04,69377.33,547.42601,2026-03-24T19:59:59.999000+00:00,38041000.3137931,119554,291.68374,20271124.5992134
2026-03-24T20:00:00+00:00,69377.33,70295.54,69296.15,70093.19,1018.45154,2026-03-24T20:59:59.999000+00:00,71265625.7702262,228994,614.78938,43017177.5597564
2026-03-24T21:00:00+00:00,70093.19,70400.0,69901.39,70332.93,686.65263,2026-03-24T21:59:59.999000+00:00,48165041.6047448,120092,349.77796,24535457.4607182
2026-03-24T22:00:00+00:00,70332.93,70586.86,70140.5,70316.96,686.91503,2026-03-24T22:59:59.999000+00:00,48341500.0978618,118774,301.35997,21206478.6072687
2026-03-24T23:00:00+00:00,70316.96,70832.54,70270.0,70556.74,741.40211,2026-03-24T23:59:59.999000+00:00,52365262.111118,115993,443.44777,31317890.9743199
2026-03-25T00:00:00+00:00,70556.74,71100.28,70476.9,70812.48,705.37586,2026-03-25T00:59:59.999000+00:00,49962359.1000241,120704,458.25038,32465532.3500346
