ts,equity
2025-09-26 01:00:00+00:00,10000.0
2025-09-26 01:15:00+00:00,10000.0
2025-09-26 01:30:00+00:00,10000.0
2025-09-26 01:45:00+00:00,10000.0
2025-09-26 02:00:00+00:00,10000.0
2025-09-26 02:15:00+00:00,10000.0
2025-09-26 02:30:00+00:00,10000.0
2025-09-26 02:45:00+00:00,10000.0
2025-09-26 03:00:00+00:00,10000.0
2025-09-26 03:15:00+00:00,10000.0
2025-09-26 03:30:00+00:00,10000.0
2025-09-26 03:45:00+00:00,10000.0
2025-09-26 04:00:00+00:00,10000.0
2025-09-26 04:15:00+00:00,10000.0
2025-09-26 04:30:00+00:00,10000.0
2025-09-26 04:45:00+00:00,10000.0
2025-09-26 05:00:00+00:00,10000.0
2025-09-26 05:15:00+00:00,10000.0
2025-09-26 05:30:00+00:00,10000.0
2025-09-26 05:45:00+00:00,10000.0
2025-09-26 06:00:00+00:00,10000.0
2025-09-26 06:15:00+00:00,10000.0
2025-09-26 06:30:00+00:00,10000.0
2025-09-26 06:45:00+00:00,10000.0
2025-09-26 07:00:00+00:00,10000.0
2025-09-26 07:15:00+00:00,10000.0
2025-09-26 07:30:00+00:00,10000.0
2025-09-26 07:45:00+00:00,10000.0
2025-09-26 08:00:00+00:00,10000.0
2025-09-26 08:15:00+00:00,10000.0
2025-09-26 08:30:00+00:00,10000.0
2025-09-26 08:45:00+00:00,10000.0
2025-09-26 09:00:00+00:00,10000.0
2025-09-26 09:15:00+00:00,10000.0
2025-09-26 09:30:00+00:00,10000.0
2025-09-26 09:45:00+00:00,10000.0
2025-09-26 10:00:00+00:00,10000.0
2025-09-26 10:15:00+00:00,10000.0
2025-09-26 10:30:00+00:00,10000.0
2025-09-26 10:45:00+00:00,10000.0
2025-09-26 11:00:00+00:00,10000.0
2025-09-26 11:15:00+00:00,10000.0
2025-09-26 11:30:00+00:00,10000.0
2025-09-26 11:45:00+00:00,10000.0
2025-09-26 12:00:00+00:00,10000.0
2025-09-26 12:15:00+00:00,10000.0
2025-09-26 12:30:00+00:00,10000.0
2025-09-26 12:45:00+00:00,10000.0
2025-09-26 13:00:00+00:00,10000.0
2025-09-26 13:15:00+00:00,10000.0
2025-09-26 13:30:00+00:00,10000.0
2025-09-26 13:45:00+00:00,10000.0
2025-09-26 14:00:00+00:00,10000.0
2025-09-26 14:15:00+00:00,10000.0
2025-09-26 14:30:00+00:00,10000.0
2025-09-26 14:45:00+00:00,10000.0
2025-09-26 15:00:00+00:00,10000.0
2025-09-26 15:15:00+00:00,10000.0
2025-09-26 15:30:00+00:00,10000.0
2025-09-26 15:45:00+00:00,10000.0
2025-09-26 16:00:00+00:00,10000.0
2025-09-26 16:15:00+00:00,9900.0
2025-09-26 16:30:00+00:00,9900.0
2025-09-26 16:45:00+00:00,9900.0
2025-09-26 17:00:00+00:00,9900.0
2025-09-26 17:15:00+00:00,9900.0
2025-09-26 17:30:00+00:00,9900.0
2025-09-26 17:45:00+00:00,9900.0
2025-09-26 18:00:00+00:00,9900.0
2025-09-26 18:15:00+00:00,9900.0
2025-09-26 18:30:00+00:00,9900.0
2025-09-26 18:45:00+00:00,9900.0
2025-09-26 19:00:00+00:00,9900.0
2025-09-26 19:15:00+00:00,9900.0
2025-09-26 19:30:00+00:00,9900.0
2025-09-26 19:45:00+00:00,9900.0
2025-09-26 20:00:00+00:00,9900.0
2025-09-26 20:15:00+00:00,9900.0
2025-09-26 20:30:00+00:00,9900.0
2025-09-26 20:45:00+00:00,9900.0
2025-09-26 21:00:00+00:00,9900.0
2025-09-26 21:15:00+00:00,9900.0
2025-09-26 21:30:00+00:00,9900.0
2025-09-26 21:45:00+00:00,9900.0
2025-09-26 22:00:00+00:00,9900.0
2025-09-26 22:15:00+00:00,9900.0
2025-09-26 22:30:00+00:00,9900.0
2025-09-26 22:45:00+00:00,9900.0
2025-09-26 23:00:00+00:00,9900.0
2025-09-26 23:15:00+00:00,9900.0
2025-09-26 23:30:00+00:00,9900.0
2025-09-26 23:45:00+00:00,9900.0
2025-09-27 00:00:00+00:00,9900.0
2025-09-27 00:15:00+00:00,9900.0
2025-09-27 00:30:00+00:00,9900.0
2025-09-27 00:45:00+00:00,10098.0
2025-09-27 01:00:00+00:00,10098.0
2025-09-27 01:15:00+00:00,10098.0
2025-09-27 01:30:00+00:00,10098.0
2025-09-27 01:45:00+00:00,10098.0
2025-09-27 02:00:00+00:00,10098.0
2025-09-27 02:15:00+00:00,10098.0
2025-09-27 02:30:00+00:00,10098.0
2025-09-27 02:45:00+00:00,10098.0
2025-09-27 03:00:00+00:00,10098.0
2025-09-27 03:15:00+00:00,10098.0
2025-09-27 03:30:00+00:00,10098.0
2025-09-27 03:45:00+00:00,10098.0
2025-09-27 04:00:00+00:00,10098.0
2025-09-27 04:15:00+00:00,10098.0
2025-09-27 04:30:00+00:00,10098.0
2025-09-27 04:45:00+00:00,10098.0
2025-09-27 05:00:00+00:00,10098.0
2025-09-27 05:15:00+00:00,10098.0
2025-09-27 05:30:00+00:00,10098.0
2025-09-27 05:45:00+00:00,10098.0
2025-09-27 06:00:00+00:00,10098.0
2025-09-27 06:15:00+00:00,10098.0
2025-09-27 06:30:00+00:00,10098.0
2025-09-27 06:45:00+00:00,10098.0
2025-09-27 07:00:00+00:00,10098.0
2025-09-27 07:15:00+00:00,10098.0
2025-09-27 07:30:00+00:00,10098.0
2025-09-27 07:45:00+00:00,10098.0
2025-09-27 08:00:00+00:00,10098.0
2025-09-27 08:15:00+00:00,10098.0
2025-09-27 08:30:00+00:00,10098.0
2025-09-27 08:45:00+00:00,10098.0
2025-09-27 09:00:00+00:00,10098.0
2025-09-27 09:15:00+00:00,10098.0
2025-09-27 09:30:00+00:00,10098.0
2025-09-27 09:45:00+00:00,10098.0
2025-09-27 10:00:00+00:00,10098.0
2025-09-27 10:15:00+00:00,10098.0
2025-09-27 10:30:00+00:00,10098.0
2025-09-27 10:45:00+00:00,10098.0
2025-09-27 11:00:00+00:00,10098.0
2025-09-27 11:15:00+00:00,10098.0
2025-09-27 11:30:00+00:00,10098.0
2025-09-27 11:45:00+00:00,10098.0
2025-09-27 12:00:00+00:00,10098.0
2025-09-27 12:15:00+00:00,10098.0
2025-09-27 12:30:00+00:00,10098.0
2025-09-27 12:45:00+00:00,10098.0
2025-09-27 13:00:00+00:00,10098.0
2025-09-27 13:15:00+00:00,10098.0
2025-09-27 13:30:00+00:00,10098.0
2025-09-27 13:45:00+00:00,10098.0
2025-09-27 14:00:00+00:00,10098.0
2025-09-27 14:15:00+00:00,10098.0
2025-09-27 14:30:00+00:00,10098.0
2025-09-27 14:45:00+00:00,10098.0
2025-09-27 15:00:00+00:00,10098.0
2025-09-27 15:15:00+00:00,10098.0
2025-09-27 15:30:00+00:00,10098.0
2025-09-27 15:45:00+00:00,10098.0
2025-09-27 16:00:00+00:00,10098.0
2025-09-27 16:15:00+00:00,10098.0
2025-09-27 16:30:00+00:00,10098.0
2025-09-27 16:45:00+00:00,10098.0
2025-09-27 17:00:00+00:00,10098.0
2025-09-27 17:15:00+00:00,10098.0
2025-09-27 17:30:00+00:00,10098.0
2025-09-27 17:45:00+00:00,10098.0
2025-09-27 18:00:00+00:00,10098.0
2025-09-27 18:15:00+00:00,10098.0
2025-09-27 18:30:00+00:00,10098.0
2025-09-27 18:45:00+00:00,10098.0
2025-09-27 19:00:00+00:00,10098.0
2025-09-27 19:15:00+00:00,10098.0
2025-09-27 19:30:00+00:00,10098.0
2025-09-27 19:45:00+00:00,10098.0
2025-09-27 20:00:00+00:00,10098.0
2025-09-27 20:15:00+00:00,10098.0
2025-09-27 20:30:00+00:00,10098.0
2025-09-27 20:45:00+00:00,10098.0
2025-09-27 21:00:00+00:00,10098.0
2025-09-27 21:15:00+00:00,10098.0
2025-09-27 21:30:00+00:00,10098.0
2025-09-27 21:45:00+00:00,10098.0
2025-09-27 22:00:00+00:00,10098.0
2025-09-27 22:15:00+00:00,10098.0
2025-09-27 22:30:00+00:00,10098.0
2025-09-27 22:45:00+00:00,10098.0
2025-09-27 23:00:00+00:00,10098.0
2025-09-27 23:15:00+00:00,10098.0
2025-09-27 23:30:00+00:00,10098.0
2025-09-27 23:45:00+00:00,10098.0
2025-09-28 00:00:00+00:00,10098.0
2025-09-28 00:15:00+00:00,10098.0
2025-09-28 00:30:00+00:00,10098.0
2025-09-28 00:45:00+00:00,10098.0
2025-09-28 01:00:00+00:00,10098.0
2025-09-28 01:15:00+00:00,10098.0
2025-09-28 01:30:00+00:00,10098.0
2025-09-28 01:45:00+00:00,10098.0
2025-09-28 02:00:00+00:00,10098.0
2025-09-28 02:15:00+00:00,10098.0
2025-09-28 02:30:00+00:00,10098.0
2025-09-28 02:45:00+00:00,10098.0
2025-09-28 03:00:00+00:00,10098.0
2025-09-28 03:15:00+00:00,10098.0
2025-09-28 03:30:00+00:00,10098.0
2025-09-28 03:45:00+00:00,10098.0
2025-09-28 04:00:00+00:00,10098.0
2025-09-28 04:15:00+00:00,10098.0
2025-09-28 04:30:00+00:00,10098.0
2025-09-28 04:45:00+00:00,10098.0
2025-09-28 05:00:00+00:00,10098.0
2025-09-28 05:15:00+00:00,10098.0
2025-09-28 05:30:00+00:00,10098.0
2025-09-28 05:45:00+00:00,10098.0
2025-09-28 06:00:00+00:00,10098.0
2025-09-28 06:15:00+00:00,10098.0
2025-09-28 06:30:00+00:00,10098.0
2025-09-28 06:45:00+00:00,10098.0
2025-09-28 07:00:00+00:00,10098.0
2025-09-28 07:15:00+00:00,10098.0
2025-09-28 07:30:00+00:00,10098.0
2025-09-28 07:45:00+00:00,10098.0
2025-09-28 08:00:00+00:00,10098.0
2025-09-28 08:15:00+00:00,10098.0
2025-09-28 08:30:00+00:00,10098.0
2025-09-28 08:45:00+00:00,10098.0
2025-09-28 09:00:00+00:00,10098.0
2025-09-28 09:15:00+00:00,10098.0
2025-09-28 09:30:00+00:00,10098.0
2025-09-28 09:45:00+00:00,10098.0
2025-09-28 10:00:00+00:00,10098.0
2025-09-28 10:15:00+00:00,10098.0
2025-09-28 10:30:00+00:00,10098.0
2025-09-28 10:45:00+00:00,10098.0
2025-09-28 11:00:00+00:00,10098.0
2025-09-28 11:15:00+00:00,10098.0
2025-09-28 11:30:00+00:00,10098.0
2025-09-28 11:45:00+00:00,10098.0
2025-09-28 12:00:00+00:00,10098.0
2025-09-28 12:15:00+00:00,10098.0
2025-09-28 12:30:00+00:00,10098.0
2025-09-28 12:45:00+00:00,10098.0
2025-09-28 13:00:00+00:00,10098.0
2025-09-28 13:15:00+00:00,10098.0
2025-09-28 13:30:00+00:00,10098.0
2025-09-28 13:45:00+00:00,10098.0
2025-09-28 14:00:00+00:00,10098.0
2025-09-28 14:15:00+00:00,10098.0
2025-09-28 14:30:00+00:00,10098.0
2025-09-28 14:45:00+00:00,10098.0
2025-09-28 15:00:00+00:00,10098.0
2025-09-28 15:15:00+00:00,10098.0
2025-09-28 15:30:00+00:00,9997.02
2025-09-28 15:45:00+00:00,9997.02
2025-09-28 16:00:00+00:00,9997.02
2025-09-28 16:15:00+00:00,9997.02
2025-09-28 16:30:00+00:00,9997.02
2025-09-28 16:45:00+00:00,9997.02
2025-09-28 17:00:00+00:00,9997.02
2025-09-28 17:15:00+00:00,9997.02
2025-09-28 17:30:00+00:00,9997.02
2025-09-28 17:45:00+00:00,9997.02
2025-09-28 18:00:00+00:00,9997.02
2025-09-28 18:15:00+00:00,9997.02
2025-09-28 18:30:00+00:00,9997.02
2025-09-28 18:45:00+00:00,9997.02
2025-09-28 19:00:00+00:00,9997.02
2025-09-28 19:15:00+00:00,9997.02
2025-09-28 19:30:00+00:00,9997.02
2025-09-28 19:45:00+00:00,9997.02
2025-09-28 20:00:00+00:00,9997.02
2025-09-28 20:15:00+00:00,9997.02
2025-09-28 20:30:00+00:00,9997.02
2025-09-28 20:45:00+00:00,9997.02
2025-09-28 21:00:00+00:00,9997.02
2025-09-28 21:15:00+00:00,9997.02
2025-09-28 21:30:00+00:00,9997.02
2025-09-28 21:45:00+00:00,9997.02
2025-09-28 22:00:00+00:00,10196.9604
2025-09-28 22:15:00+00:00,10196.9604
2025-09-28 22:30:00+00:00,10196.9604
2025-09-28 22:45:00+00:00,10196.9604
2025-09-28 23:00:00+00:00,10196.9604
2025-09-28 23:15:00+00:00,10196.9604
2025-09-28 23:30:00+00:00,10196.9604
2025-09-28 23:45:00+00:00,10196.9604
2025-09-29 00:00:00+00:00,10196.9604
2025-09-29 00:15:00+00:00,10196.9604
2025-09-29 00:30:00+00:00,10196.9604
2025-09-29 00:45:00+00:00,10196.9604
2025-09-29 01:00:00+00:00,10196.9604
2025-09-29 01:15:00+00:00,10196.9604
2025-09-29 01:30:00+00:00,10196.9604
2025-09-29 01:45:00+00:00,10196.9604
2025-09-29 02:00:00+00:00,10196.9604
2025-09-29 02:15:00+00:00,10196.9604
2025-09-29 02:30:00+00:00,10196.9604
2025-09-29 02:45:00+00:00,10196.9604
2025-09-29 03:00:00+00:00,10196.9604
2025-09-29 03:15:00+00:00,10196.9604
2025-09-29 03:30:00+00:00,10196.9604
2025-09-29 03:45:00+00:00,10196.9604
2025-09-29 04:00:00+00:00,10196.9604
2025-09-29 04:15:00+00:00,10196.9604
2025-09-29 04:30:00+00:00,10196.9604
2025-09-29 04:45:00+00:00,10196.9604
2025-09-29 05:00:00+00:00,10196.9604
2025-09-29 05:15:00+00:00,10196.9604
2025-09-29 05:30:00+00:00,10196.9604
2025-09-29 05:45:00+00:00,10196.9604
2025-09-29 06:00:00+00:00,10196.9604
2025-09-29 06:15:00+00:00,10196.9604
2025-09-29 06:30:00+00:00,10196.9604
2025-09-29 06:45:00+00:00,10196.9604
2025-09-29 07:00:00+00:00,10196.9604
2025-09-29 07:15:00+00:00,10196.9604
2025-09-29 07:30:00+00:00,10196.9604
2025-09-29 07:45:00+00:00,10196.9604
2025-09-29 08:00:00+00:00,10196.9604
2025-09-29 08:15:00+00:00,10196.9604
2025-09-29 08:30:00+00:00,10196.9604
2025-09-29 08:45:00+00:00,10196.9604
2025-09-29 09:00:00+00:00,10196.9604
2025-09-29 09:15:00+00:00,10196.9604
2025-09-29 09:30:00+00:00,10196.9604
2025-09-29 09:45:00+00:00,10196.9604
2025-09-29 10:00:00+00:00,10196.9604
2025-09-29 10:15:00+00:00,10196.9604
2025-09-29 10:30:00+00:00,10196.9604
2025-09-29 10:45:00+00:00,10196.9604
2025-09-29 11:00:00+00:00,10196.9604
2025-09-29 11:15:00+00:00,10196.9604
2025-09-29 11:30:00+00:00,10196.9604
2025-09-29 11:45:00+00:00,10196.9604
2025-09-29 12:00:00+00:00,10196.9604
2025-09-29 12:15:00+00:00,10196.9604
2025-09-29 12:30:00+00:00,10196.9604
2025-09-29 12:45:00+00:00,10196.9604
2025-09-29 13:00:00+00:00,10196.9604
2025-09-29 13:15:00+00:00,10196.9604
2025-09-29 13:30:00+00:00,10196.9604
2025-09-29 13:45:00+00:00,10196.9604
2025-09-29 14:00:00+00:00,10196.9604
2025-09-29 14:15:00+00:00,10196.9604
2025-09-29 14:30:00+00:00,10196.9604
2025-09-29 14:45:00+00:00,10196.9604
2025-09-29 15:00:00+00:00,10196.9604
2025-09-29 15:15:00+00:00,10094.9908
2025-09-29 15:30:00+00:00,10094.9908
2025-09-29 15:45:00+00:00,10094.9908
2025-09-29 16:00:00+00:00,10094.9908
2025-09-29 16:15:00+00:00,10094.9908
2025-09-29 16:30:00+00:00,10094.9908
2025-09-29 16:45:00+00:00,10094.9908
2025-09-29 17:00:00+00:00,10094.9908
2025-09-29 17:15:00+00:00,10094.9908
2025-09-29 17:30:00+00:00,10094.9908
2025-09-29 17:45:00+00:00,10094.9908
2025-09-29 18:00:00+00:00,10094.9908
2025-09-29 18:15:00+00:00,10094.9908
2025-09-29 18:30:00+00:00,10094.9908
2025-09-29 18:45:00+00:00,10094.9908
2025-09-29 19:00:00+00:00,10296.8906
2025-09-29 19:15:00+00:00,10296.8906
2025-09-29 19:30:00+00:00,10296.8906
2025-09-29 19:45:00+00:00,10296.8906
2025-09-29 20:00:00+00:00,10296.8906
2025-09-29 20:15:00+00:00,10296.8906
2025-09-29 20:30:00+00:00,10296.8906
2025-09-29 20:45:00+00:00,10296.8906
2025-09-29 21:00:00+00:00,10296.8906
2025-09-29 21:15:00+00:00,10296.8906
2025-09-29 21:30:00+00:00,10296.8906
2025-09-29 21:45:00+00:00,10296.8906
2025-09-29 22:00:00+00:00,10296.8906
2025-09-29 22:15:00+00:00,10296.8906
2025-09-29 22:30:00+00:00,10296.8906
2025-09-29 22:45:00+00:00,10296.8906
2025-09-29 23:00:00+00:00,10296.8906
2025-09-29 23:15:00+00:00,10296.8906
2025-09-29 23:30:00+00:00,10296.8906
2025-09-29 23:45:00+00:00,10296.8906
2025-09-30 00:00:00+00:00,10296.8906
2025-09-30 00:15:00+00:00,10296.8906
2025-09-30 00:30:00+00:00,10296.8906
2025-09-30 00:45:00+00:00,10296.8906
2025-09-30 01:00:00+00:00,10296.8906
2025-09-30 01:15:00+00:00,10296.8906
2025-09-30 01:30:00+00:00,10296.8906
2025-09-30 01:45:00+00:00,10296.8906
2025-09-30 02:00:00+00:00,10296.8906
2025-09-30 02:15:00+00:00,10296.8906
2025-09-30 02:30:00+00:00,10296.8906
2025-09-30 02:45:00+00:00,10296.8906
2025-09-30 03:00:00+00:00,10296.8906
2025-09-30 03:15:00+00:00,10296.8906
2025-09-30 03:30:00+00:00,10296.8906
2025-09-30 03:45:00+00:00,10296.8906
2025-09-30 04:00:00+00:00,10296.8906
2025-09-30 04:15:00+00:00,10296.8906
2025-09-30 04:30:00+00:00,10296.8906
2025-09-30 04:45:00+00:00,10296.8906
2025-09-30 05:00:00+00:00,10296.8906
2025-09-30 05:15:00+00:00,10296.8906
2025-09-30 05:30:00+00:00,10296.8906
2025-09-30 05:45:00+00:00,10296.8906
2025-09-30 06:00:00+00:00,10296.8906
2025-09-30 06:15:00+00:00,10296.8906
2025-09-30 06:30:00+00:00,10296.8906
2025-09-30 06:45:00+00:00,10296.8906
2025-09-30 07:00:00+00:00,10296.8906
2025-09-30 07:15:00+00:00,10296.8906
2025-09-30 07:30:00+00:00,10193.9217
2025-09-30 07:45:00+00:00,10193.9217
2025-09-30 08:00:00+00:00,10193.9217
2025-09-30 08:15:00+00:00,10193.9217
2025-09-30 08:30:00+00:00,10193.9217
2025-09-30 08:45:00+00:00,10193.9217
2025-09-30 09:00:00+00:00,10193.9217
2025-09-30 09:15:00+00:00,10193.9217
2025-09-30 09:30:00+00:00,10193.9217
2025-09-30 09:45:00+00:00,10193.9217
2025-09-30 10:00:00+00:00,10193.9217
2025-09-30 10:15:00+00:00,10193.9217
2025-09-30 10:30:00+00:00,10193.9217
2025-09-30 10:45:00+00:00,10193.9217
2025-09-30 11:00:00+00:00,10193.9217
2025-09-30 11:15:00+00:00,10193.9217
2025-09-30 11:30:00+00:00,10193.9217
2025-09-30 11:45:00+00:00,10193.9217
2025-09-30 12:00:00+00:00,10193.9217
2025-09-30 12:15:00+00:00,10193.9217
2025-09-30 12:30:00+00:00,10193.9217
2025-09-30 12:45:00+00:00,10193.9217
2025-09-30 13:00:00+00:00,10193.9217
2025-09-30 13:15:00+00:00,10193.9217
2025-09-30 13:30:00+00:00,10193.9217
2025-09-30 13:45:00+00:00,10193.9217
2025-09-30 14:00:00+00:00,10193.9217
2025-09-30 14:15:00+00:00,10193.9217
2025-09-30 14:30:00+00:00,10193.9217
2025-09-30 14:45:00+00:00,10193.9217
2025-09-30 15:00:00+00:00,10193.9217
2025-09-30 15:15:00+00:00,10193.9217
2025-09-30 15:30:00+00:00,10193.9217
2025-09-30 15:45:00+00:00,10193.9217
2025-09-30 16:00:00+00:00,10193.9217
2025-09-30 16:15:00+00:00,10193.9217
2025-09-30 16:30:00+00:00,10193.9217
2025-09-30 16:45:00+00:00,10193.9217
2025-09-30 17:00:00+00:00,10193.9217
2025-09-30 17:15:00+00:00,10193.9217
2025-09-30 17:30:00+00:00,10193.9217
2025-09-30 17:45:00+00:00,10193.9217
2025-09-30 18:00:00+00:00,10193.9217
2025-09-30 18:15:00+00:00,10193.9217
2025-09-30 18:30:00+00:00,10193.9217
2025-09-30 18:45:00+00:00,10193.9217
2025-09-30 19:00:00+00:00,10193.9217
2025-09-30 19:15:00+00:00,10193.9217
2025-09-30 19:30:00+00:00,10193.9217
2025-09-30 19:45:00+00:00,10193.9217
2025-09-30 20:00:00+00:00,10193.9217
2025-09-30 20:15:00+00:00,10193.9217
2025-09-30 20:30:00+00:00,10193.9217
2025-09-30 20:45:00+00:00,10193.9217
2025-09-30 21:00:00+00:00,10193.9217
2025-09-30 21:15:00+00:00,10193.9217
2025-09-30 21:30:00+00:00,10193.9217
2025-09-30 21:45:00+00:00,10193.9217
2025-09-30 22:00:00+00:00,10193.9217
2025-09-30 22:15:00+00:00,10193.9217
2025-09-30 22:30:00+00:00,10193.9217
2025-09-30 22:45:00+00:00,10193.9217
2025-09-30 23:00:00+00:00,10193.9217
2025-09-30 23:15:00+00:00,10193.9217
2025-09-30 23:30:00+00:00,10193.9217
2025-09-30 23:45:00+00:00,10193.9217
2025-10-01 00:00:00+00:00,10193.9217
2025-10-01 00:15:00+00:00,10193.9217
2025-10-01 00:30:00+00:00,10193.9217
2025-10-01 00:45:00+00:00,10193.9217
2025-10-01 01:00:00+00:00,10193.9217
2025-10-01 01:15:00+00:00,10193.9217
2025-10-01 01:30:00+00:00,10193.9217
2025-10-01 01:45:00+00:00,10193.9217
2025-10-01 02:00:00+00:00,10193.9217
2025-10-01 02:15:00+00:00,10193.9217
2025-10-01 02:30:00+00:00,10193.9217
2025-10-01 02:45:00+00:00,10193.9217
2025-10-01 03:00:00+00:00,10193.9217
2025-10-01 03:15:00+00:00,10193.9217
2025-10-01 03:30:00+00:00,10193.9217
2025-10-01 03:45:00+00:00,10193.9217
2025-10-01 04:00:00+00:00,10193.9217
2025-10-01 04:15:00+00:00,10193.9217
2025-10-01 04:30:00+00:00,10193.9217
2025-10-01 04:45:00+00:00,10193.9217
2025-10-01 05:00:00+00:00,10193.9217
2025-10-01 05:15:00+00:00,10193.9217
2025-10-01 05:30:00+00:00,10193.9217
2025-10-01 05:45:00+00:00,10193.9217
2025-10-01 06:00:00+00:00,10091.9825
2025-10-01 06:15:00+00:00,10091.9825
2025-10-01 06:30:00+00:00,10091.9825
2025-10-01 06:45:00+00:00,10091.9825
2025-10-01 07:00:00+00:00,10091.9825
2025-10-01 07:15:00+00:00,10091.9825
2025-10-01 07:30:00+00:00,10091.9825
2025-10-01 07:45:00+00:00,10091.9825
2025-10-01 08:00:00+00:00,10091.9825
2025-10-01 08:15:00+00:00,10091.9825
2025-10-01 08:30:00+00:00,10091.9825
2025-10-01 08:45:00+00:00,10091.9825
2025-10-01 09:00:00+00:00,10091.9825
2025-10-01 09:15:00+00:00,10091.9825
2025-10-01 09:30:00+00:00,10091.9825
2025-10-01 09:45:00+00:00,10091.9825
2025-10-01 10:00:00+00:00,9991.0627
2025-10-01 10:15:00+00:00,9991.0627
2025-10-01 10:30:00+00:00,9991.0627
2025-10-01 10:45:00+00:00,9991.0627
2025-10-01 11:00:00+00:00,9991.0627
2025-10-01 11:15:00+00:00,9991.0627
2025-10-01 11:30:00+00:00,9991.0627
2025-10-01 11:45:00+00:00,9991.0627
2025-10-01 12:00:00+00:00,9991.0627
2025-10-01 12:15:00+00:00,9991.0627
2025-10-01 12:30:00+00:00,9991.0627
2025-10-01 12:45:00+00:00,9991.0627
2025-10-01 13:00:00+00:00,9991.0627
2025-10-01 13:15:00+00:00,9991.0627
2025-10-01 13:30:00+00:00,9991.0627
2025-10-01 13:45:00+00:00,9991.0627
2025-10-01 14:00:00+00:00,9991.0627
2025-10-01 14:15:00+00:00,9991.0627
2025-10-01 14:30:00+00:00,9991.0627
2025-10-01 14:45:00+00:00,9991.0627
2025-10-01 15:00:00+00:00,9891.152
2025-10-01 15:15:00+00:00,9891.152
2025-10-01 15:30:00+00:00,9891.152
2025-10-01 15:45:00+00:00,9891.152
2025-10-01 16:00:00+00:00,9891.152
2025-10-01 16:15:00+00:00,9891.152
2025-10-01 16:30:00+00:00,9891.152
2025-10-01 16:45:00+00:00,9891.152
2025-10-01 17:00:00+00:00,9891.152
2025-10-01 17:15:00+00:00,9891.152
2025-10-01 17:30:00+00:00,9891.152
2025-10-01 17:45:00+00:00,9891.152
2025-10-01 18:00:00+00:00,9891.152
2025-10-01 18:15:00+00:00,9891.152
2025-10-01 18:30:00+00:00,9891.152
2025-10-01 18:45:00+00:00,9891.152
2025-10-01 19:00:00+00:00,9891.152
2025-10-01 19:15:00+00:00,9891.152
2025-10-01 19:30:00+00:00,9891.152
2025-10-01 19:45:00+00:00,9891.152
2025-10-01 20:00:00+00:00,9891.152
2025-10-01 20:15:00+00:00,9891.152
2025-10-01 20:30:00+00:00,9891.152
2025-10-01 20:45:00+00:00,9891.152
2025-10-01 21:00:00+00:00,9891.152
2025-10-01 21:15:00+00:00,9891.152
2025-10-01 21:30:00+00:00,9891.152
2025-10-01 21:45:00+00:00,9891.152
2025-10-01 22:00:00+00:00,9891.152
2025-10-01 22:15:00+00:00,9891.152
2025-10-01 22:30:00+00:00,9891.152
2025-10-01 22:45:00+00:00,9891.152
2025-10-01 23:00:00+00:00,9891.152
2025-10-01 23:15:00+00:00,9891.152
2025-10-01 23:30:00+00:00,9891.152
2025-10-01 23:45:00+00:00,9891.152
2025-10-02 00:00:00+00:00,10088.9751
2025-10-02 00:15:00+00:00,10088.9751
2025-10-02 00:30:00+00:00,10088.9751
2025-10-02 00:45:00+00:00,10088.9751
2025-10-02 01:00:00+00:00,10088.9751
2025-10-02 01:15:00+00:00,10088.9751
2025-10-02 01:30:00+00:00,10088.9751
2025-10-02 01:45:00+00:00,10088.9751
2025-10-02 02:00:00+00:00,10088.9751
2025-10-02 02:15:00+00:00,10088.9751
2025-10-02 02:30:00+00:00,10088.9751
2025-10-02 02:45:00+00:00,10088.9751
2025-10-02 03:00:00+00:00,10088.9751
2025-10-02 03:15:00+00:00,10088.9751
2025-10-02 03:30:00+00:00,10088.9751
2025-10-02 03:45:00+00:00,10088.9751
2025-10-02 04:00:00+00:00,10088.9751
2025-10-02 04:15:00+00:00,10088.9751
2025-10-02 04:30:00+00:00,10088.9751
2025-10-02 04:45:00+00:00,10088.9751
2025-10-02 05:00:00+00:00,10088.9751
2025-10-02 05:15:00+00:00,10088.9751
2025-10-02 05:30:00+00:00,10088.9751
2025-10-02 05:45:00+00:00,10088.9751
2025-10-02 06:00:00+00:00,10088.9751
2025-10-02 06:15:00+00:00,10088.9751
2025-10-02 06:30:00+00:00,10290.7546
2025-10-02 06:45:00+00:00,10290.7546
2025-10-02 07:00:00+00:00,10290.7546
2025-10-02 07:15:00+00:00,10290.7546
2025-10-02 07:30:00+00:00,10290.7546
2025-10-02 07:45:00+00:00,10290.7546
2025-10-02 08:00:00+00:00,10290.7546
2025-10-02 08:15:00+00:00,10290.7546
2025-10-02 08:30:00+00:00,10290.7546
2025-10-02 08:45:00+00:00,10290.7546
2025-10-02 09:00:00+00:00,10290.7546
2025-10-02 09:15:00+00:00,10290.7546
2025-10-02 09:30:00+00:00,10290.7546
2025-10-02 09:45:00+00:00,10290.7546
2025-10-02 10:00:00+00:00,10290.7546
2025-10-02 10:15:00+00:00,10290.7546
2025-10-02 10:30:00+00:00,10290.7546
2025-10-02 10:45:00+00:00,10290.7546
2025-10-02 11:00:00+00:00,10290.7546
2025-10-02 11:15:00+00:00,10290.7546
2025-10-02 11:30:00+00:00,10290.7546
2025-10-02 11:45:00+00:00,10290.7546
2025-10-02 12:00:00+00:00,10290.7546
2025-10-02 12:15:00+00:00,10290.7546
2025-10-02 12:30:00+00:00,10290.7546
2025-10-02 12:45:00+00:00,10290.7546
2025-10-02 13:00:00+00:00,10290.7546
2025-10-02 13:15:00+00:00,10290.7546
2025-10-02 13:30:00+00:00,10290.7546
2025-10-02 13:45:00+00:00,10290.7546
2025-10-02 14:00:00+00:00,10290.7546
2025-10-02 14:15:00+00:00,10290.7546
2025-10-02 14:30:00+00:00,10290.7546
2025-10-02 14:45:00+00:00,10290.7546
2025-10-02 15:00:00+00:00,10290.7546
2025-10-02 15:15:00+00:00,10290.7546
2025-10-02 15:30:00+00:00,10290.7546
2025-10-02 15:45:00+00:00,10290.7546
2025-10-02 16:00:00+00:00,10290.7546
2025-10-02 16:15:00+00:00,10290.7546
2025-10-02 16:30:00+00:00,10187.847
2025-10-02 16:45:00+00:00,10187.847
2025-10-02 17:00:00+00:00,10187.847
2025-10-02 17:15:00+00:00,10187.847
2025-10-02 17:30:00+00:00,10187.847
2025-10-02 17:45:00+00:00,10187.847
2025-10-02 18:00:00+00:00,10187.847
2025-10-02 18:15:00+00:00,10187.847
2025-10-02 18:30:00+00:00,10187.847
2025-10-02 18:45:00+00:00,10187.847
2025-10-02 19:00:00+00:00,10391.604
2025-10-02 19:15:00+00:00,10391.604
2025-10-02 19:30:00+00:00,10391.604
2025-10-02 19:45:00+00:00,10391.604
2025-10-02 20:00:00+00:00,10391.604
2025-10-02 20:15:00+00:00,10391.604
2025-10-02 20:30:00+00:00,10391.604
2025-10-02 20:45:00+00:00,10391.604
2025-10-02 21:00:00+00:00,10391.604
2025-10-02 21:15:00+00:00,10391.604
2025-10-02 21:30:00+00:00,10391.604
2025-10-02 21:45:00+00:00,10391.604
2025-10-02 22:00:00+00:00,10391.604
2025-10-02 22:15:00+00:00,10391.604
2025-10-02 22:30:00+00:00,10391.604
2025-10-02 22:45:00+00:00,10391.604
2025-10-02 23:00:00+00:00,10391.604
2025-10-02 23:15:00+00:00,10391.604
2025-10-02 23:30:00+00:00,10391.604
2025-10-02 23:45:00+00:00,10391.604
2025-10-03 00:00:00+00:00,10391.604
2025-10-03 00:15:00+00:00,10391.604
2025-10-03 00:30:00+00:00,10391.604
2025-10-03 00:45:00+00:00,10391.604
2025-10-03 01:00:00+00:00,10391.604
2025-10-03 01:15:00+00:00,10391.604
2025-10-03 01:30:00+00:00,10391.604
2025-10-03 01:45:00+00:00,10391.604
2025-10-03 02:00:00+00:00,10391.604
2025-10-03 02:15:00+00:00,10391.604
2025-10-03 02:30:00+00:00,10391.604
2025-10-03 02:45:00+00:00,10391.604
2025-10-03 03:00:00+00:00,10391.604
2025-10-03 03:15:00+00:00,10391.604
2025-10-03 03:30:00+00:00,10391.604
2025-10-03 03:45:00+00:00,10391.604
2025-10-03 04:00:00+00:00,10391.604
2025-10-03 04:15:00+00:00,10391.604
2025-10-03 04:30:00+00:00,10391.604
2025-10-03 04:45:00+00:00,10391.604
2025-10-03 05:00:00+00:00,10391.604
2025-10-03 05:15:00+00:00,10391.604
2025-10-03 05:30:00+00:00,10391.604
2025-10-03 05:45:00+00:00,10391.604
2025-10-03 06:00:00+00:00,10391.604
2025-10-03 06:15:00+00:00,10391.604
2025-10-03 06:30:00+00:00,10391.604
2025-10-03 06:45:00+00:00,10391.604
2025-10-03 07:00:00+00:00,10391.604
2025-10-03 07:15:00+00:00,10391.604
2025-10-03 07:30:00+00:00,10391.604
2025-10-03 07:45:00+00:00,10391.604
2025-10-03 08:00:00+00:00,10391.604
2025-10-03 08:15:00+00:00,10391.604
2025-10-03 08:30:00+00:00,10391.604
2025-10-03 08:45:00+00:00,10391.604
2025-10-03 09:00:00+00:00,10391.604
2025-10-03 09:15:00+00:00,10391.604
2025-10-03 09:30:00+00:00,10391.604
2025-10-03 09:45:00+00:00,10391.604
2025-10-03 10:00:00+00:00,10391.604
2025-10-03 10:15:00+00:00,10391.604
2025-10-03 10:30:00+00:00,10391.604
2025-10-03 10:45:00+00:00,10391.604
2025-10-03 11:00:00+00:00,10391.604
2025-10-03 11:15:00+00:00,10391.604
2025-10-03 11:30:00+00:00,10391.604
2025-10-03 11:45:00+00:00,10391.604
2025-10-03 12:00:00+00:00,10391.604
2025-10-03 12:15:00+00:00,10391.604
2025-10-03 12:30:00+00:00,10391.604
2025-10-03 12:45:00+00:00,10391.604
2025-10-03 13:00:00+00:00,10391.604
2025-10-03 13:15:00+00:00,10391.604
2025-10-03 13:30:00+00:00,10391.604
2025-10-03 13:45:00+00:00,10391.604
2025-10-03 14:00:00+00:00,10391.604
2025-10-03 14:15:00+00:00,10391.604
2025-10-03 14:30:00+00:00,10391.604
2025-10-03 14:45:00+00:00,10391.604
2025-10-03 15:00:00+00:00,10391.604
2025-10-03 15:15:00+00:00,10391.604
2025-10-03 15:30:00+00:00,10391.604
2025-10-03 15:45:00+00:00,10391.604
2025-10-03 16:00:00+00:00,10391.604
2025-10-03 16:15:00+00:00,10391.604
2025-10-03 16:30:00+00:00,10391.604
2025-10-03 16:45:00+00:00,10391.604
2025-10-03 17:00:00+00:00,10391.604
2025-10-03 17:15:00+00:00,10391.604
2025-10-03 17:30:00+00:00,10391.604
2025-10-03 17:45:00+00:00,10391.604
2025-10-03 18:00:00+00:00,10391.604
2025-10-03 18:15:00+00:00,10391.604
2025-10-03 18:30:00+00:00,10391.604
2025-10-03 18:45:00+00:00,10391.604
2025-10-03 19:00:00+00:00,10391.604
2025-10-03 19:15:00+00:00,10391.604
2025-10-03 19:30:00+00:00,10391.604
2025-10-03 19:45:00+00:00,10391.604
2025-10-03 20:00:00+00:00,10391.604
2025-10-03 20:15:00+00:00,10391.604
2025-10-03 20:30:00+00:00,10391.604
2025-10-03 20:45:00+00:00,10391.604
2025-10-03 21:00:00+00:00,10391.604
2025-10-03 21:15:00+00:00,10391.604
2025-10-03 21:30:00+00:00,10391.604
2025-10-03 21:45:00+00:00,10391.604
2025-10-03 22:00:00+00:00,10391.604
2025-10-03 22:15:00+00:00,10391.604
2025-10-03 22:30:00+00:00,10391.604
2025-10-03 22:45:00+00:00,10391.604
2025-10-03 23:00:00+00:00,10391.604
2025-10-03 23:15:00+00:00,10391.604
2025-10-03 23:30:00+00:00,10391.604
2025-10-03 23:45:00+00:00,10391.604
2025-10-04 00:00:00+00:00,10391.604
2025-10-04 00:15:00+00:00,10391.604
2025-10-04 00:30:00+00:00,10391.604
2025-10-04 00:45:00+00:00,10391.604
2025-10-04 01:00:00+00:00,10391.604
2025-10-04 01:15:00+00:00,10391.604
2025-10-04 01:30:00+00:00,10391.604
2025-10-04 01:45:00+00:00,10391.604
2025-10-04 02:00:00+00:00,10391.604
2025-10-04 02:15:00+00:00,10391.604
2025-10-04 02:30:00+00:00,10391.604
2025-10-04 02:45:00+00:00,10391.604
2025-10-04 03:00:00+00:00,10391.604
2025-10-04 03:15:00+00:00,10391.604
2025-10-04 03:30:00+00:00,10391.604
2025-10-04 03:45:00+00:00,10391.604
2025-10-04 04:00:00+00:00,10391.604
2025-10-04 04:15:00+00:00,10391.604
2025-10-04 04:30:00+00:00,10391.604
2025-10-04 04:45:00+00:00,10391.604
2025-10-04 05:00:00+00:00,10391.604
2025-10-04 05:15:00+00:00,10391.604
2025-10-04 05:30:00+00:00,10391.604
2025-10-04 05:45:00+00:00,10391.604
2025-10-04 06:00:00+00:00,10391.604
2025-10-04 06:15:00+00:00,10391.604
2025-10-04 06:30:00+00:00,10391.604
2025-10-04 06:45:00+00:00,10391.604
2025-10-04 07:00:00+00:00,10391.604
2025-10-04 07:15:00+00:00,10391.604
2025-10-04 07:30:00+00:00,10391.604
2025-10-04 07:45:00+00:00,10391.604
2025-10-04 08:00:00+00:00,10391.604
2025-10-04 08:15:00+00:00,10391.604
2025-10-04 08:30:00+00:00,10391.604
2025-10-04 08:45:00+00:00,10391.604
2025-10-04 09:00:00+00:00,10391.604
2025-10-04 09:15:00+00:00,10391.604
2025-10-04 09:30:00+00:00,10391.604
2025-10-04 09:45:00+00:00,10287.6879
2025-10-04 10:00:00+00:00,10287.6879
2025-10-04 10:15:00+00:00,10287.6879
2025-10-04 10:30:00+00:00,10287.6879
2025-10-04 10:45:00+00:00,10287.6879
2025-10-04 11:00:00+00:00,10287.6879
2025-10-04 11:15:00+00:00,10287.6879
2025-10-04 11:30:00+00:00,10287.6879
2025-10-04 11:45:00+00:00,10287.6879
2025-10-04 12:00:00+00:00,10287.6879
2025-10-04 12:15:00+00:00,10287.6879
2025-10-04 12:30:00+00:00,10287.6879
2025-10-04 12:45:00+00:00,10493.4417
2025-10-04 13:00:00+00:00,10493.4417
2025-10-04 13:15:00+00:00,10493.4417
2025-10-04 13:30:00+00:00,10493.4417
2025-10-04 13:45:00+00:00,10493.4417
2025-10-04 14:00:00+00:00,10493.4417
2025-10-04 14:15:00+00:00,10493.4417
2025-10-04 14:30:00+00:00,10493.4417
2025-10-04 14:45:00+00:00,10493.4417
2025-10-04 15:00:00+00:00,10493.4417
2025-10-04 15:15:00+00:00,10493.4417
2025-10-04 15:30:00+00:00,10493.4417
2025-10-04 15:45:00+00:00,10493.4417
2025-10-04 16:00:00+00:00,10493.4417
2025-10-04 16:15:00+00:00,10493.4417
2025-10-04 16:30:00+00:00,10493.4417
2025-10-04 16:45:00+00:00,10493.4417
2025-10-04 17:00:00+00:00,10493.4417
2025-10-04 17:15:00+00:00,10493.4417
2025-10-04 17:30:00+00:00,10493.4417
2025-10-04 17:45:00+00:00,10493.4417
2025-10-04 18:00:00+00:00,10493.4417
2025-10-04 18:15:00+00:00,10493.4417
2025-10-04 18:30:00+00:00,10493.4417
2025-10-04 18:45:00+00:00,10493.4417
2025-10-04 19:00:00+00:00,10493.4417
2025-10-04 19:15:00+00:00,10493.4417
2025-10-04 19:30:00+00:00,10493.4417
2025-10-04 19:45:00+00:00,10493.4417
2025-10-04 20:00:00+00:00,10493.4417
2025-10-04 20:15:00+00:00,10493.4417
2025-10-04 20:30:00+00:00,10388.5073
2025-10-04 20:45:00+00:00,10388.5073
2025-10-04 21:00:00+00:00,10388.5073
2025-10-04 21:15:00+00:00,10388.5073
2025-10-04 21:30:00+00:00,10388.5073
2025-10-04 21:45:00+00:00,10388.5073
2025-10-04 22:00:00+00:00,10284.6222
2025-10-04 22:15:00+00:00,10284.6222
2025-10-04 22:30:00+00:00,10284.6222
2025-10-04 22:45:00+00:00,10284.6222
2025-10-04 23:00:00+00:00,10284.6222
2025-10-04 23:15:00+00:00,10284.6222
2025-10-04 23:30:00+00:00,10284.6222
2025-10-04 23:45:00+00:00,10284.6222
2025-10-05 00:00:00+00:00,10284.6222
2025-10-05 00:15:00+00:00,10181.776
2025-10-05 00:30:00+00:00,10181.776
2025-10-05 00:45:00+00:00,10181.776
2025-10-05 01:00:00+00:00,10181.776
2025-10-05 01:15:00+00:00,10181.776
2025-10-05 01:30:00+00:00,10181.776
2025-10-05 01:45:00+00:00,10181.776
2025-10-05 02:00:00+00:00,10079.9582
2025-10-05 02:15:00+00:00,10079.9582
2025-10-05 02:30:00+00:00,10079.9582
2025-10-05 02:45:00+00:00,10079.9582
2025-10-05 03:00:00+00:00,10079.9582
2025-10-05 03:15:00+00:00,10079.9582
2025-10-05 03:30:00+00:00,10079.9582
2025-10-05 03:45:00+00:00,10079.9582
2025-10-05 04:00:00+00:00,10079.9582
2025-10-05 04:15:00+00:00,10079.9582
2025-10-05 04:30:00+00:00,10079.9582
2025-10-05 04:45:00+00:00,10079.9582
2025-10-05 05:00:00+00:00,10079.9582
2025-10-05 05:15:00+00:00,10079.9582
2025-10-05 05:30:00+00:00,10079.9582
2025-10-05 05:45:00+00:00,10079.9582
2025-10-05 06:00:00+00:00,10079.9582
2025-10-05 06:15:00+00:00,10079.9582
2025-10-05 06:30:00+00:00,10079.9582
2025-10-05 06:45:00+00:00,10079.9582
2025-10-05 07:00:00+00:00,10079.9582
2025-10-05 07:15:00+00:00,10079.9582
2025-10-05 07:30:00+00:00,10079.9582
2025-10-05 07:45:00+00:00,10079.9582
2025-10-05 08:00:00+00:00,10079.9582
2025-10-05 08:15:00+00:00,10079.9582
2025-10-05 08:30:00+00:00,10079.9582
2025-10-05 08:45:00+00:00,10079.9582
2025-10-05 09:00:00+00:00,10079.9582
2025-10-05 09:15:00+00:00,10079.9582
2025-10-05 09:30:00+00:00,10079.9582
2025-10-05 09:45:00+00:00,10079.9582
2025-10-05 10:00:00+00:00,10079.9582
2025-10-05 10:15:00+00:00,10079.9582
2025-10-05 10:30:00+00:00,10079.9582
2025-10-05 10:45:00+00:00,10079.9582
2025-10-05 11:00:00+00:00,10079.9582
2025-10-05 11:15:00+00:00,10079.9582
2025-10-05 11:30:00+00:00,10079.9582
2025-10-05 11:45:00+00:00,10079.9582
2025-10-05 12:00:00+00:00,10079.9582
2025-10-05 12:15:00+00:00,10079.9582
2025-10-05 12:30:00+00:00,10079.9582
2025-10-05 12:45:00+00:00,10079.9582
2025-10-05 13:00:00+00:00,10079.9582
2025-10-05 13:15:00+00:00,10079.9582
2025-10-05 13:30:00+00:00,10079.9582
2025-10-05 13:45:00+00:00,10079.9582
2025-10-05 14:00:00+00:00,10079.9582
2025-10-05 14:15:00+00:00,10079.9582
2025-10-05 14:30:00+00:00,10079.9582
2025-10-05 14:45:00+00:00,10079.9582
2025-10-05 15:00:00+00:00,10079.9582
2025-10-05 15:15:00+00:00,10079.9582
2025-10-05 15:30:00+00:00,10079.9582
2025-10-05 15:45:00+00:00,10079.9582
2025-10-05 16:00:00+00:00,10079.9582
2025-10-05 16:15:00+00:00,10079.9582
2025-10-05 16:30:00+00:00,10079.9582
2025-10-05 16:45:00+00:00,10079.9582
2025-10-05 17:00:00+00:00,10079.9582
2025-10-05 17:15:00+00:00,10079.9582
2025-10-05 17:30:00+00:00,10079.9582
2025-10-05 17:45:00+00:00,10079.9582
2025-10-05 18:00:00+00:00,10079.9582
2025-10-05 18:15:00+00:00,10079.9582
2025-10-05 18:30:00+00:00,10079.9582
2025-10-05 18:45:00+00:00,10079.9582
2025-10-05 19:00:00+00:00,9979.1586
2025-10-05 19:15:00+00:00,9979.1586
2025-10-05 19:30:00+00:00,9979.1586
2025-10-05 19:45:00+00:00,9979.1586
2025-10-05 20:00:00+00:00,9979.1586
2025-10-05 20:15:00+00:00,9979.1586
2025-10-05 20:30:00+00:00,9979.1586
2025-10-05 20:45:00+00:00,9979.1586
2025-10-05 21:00:00+00:00,9979.1586
2025-10-05 21:15:00+00:00,9979.1586
2025-10-05 21:30:00+00:00,9979.1586
2025-10-05 21:45:00+00:00,9979.1586
2025-10-05 22:00:00+00:00,9979.1586
2025-10-05 22:15:00+00:00,9979.1586
2025-10-05 22:30:00+00:00,9979.1586
2025-10-05 22:45:00+00:00,9979.1586
2025-10-05 23:00:00+00:00,9979.1586
2025-10-05 23:15:00+00:00,9979.1586
2025-10-05 23:30:00+00:00,9979.1586
2025-10-05 23:45:00+00:00,9979.1586
2025-10-06 00:00:00+00:00,9979.1586
2025-10-06 00:15:00+00:00,9979.1586
2025-10-06 00:30:00+00:00,9979.1586
2025-10-06 00:45:00+00:00,9979.1586
2025-10-06 01:00:00+00:00,9979.1586
2025-10-06 01:15:00+00:00,9979.1586
2025-10-06 01:30:00+00:00,9979.1586
2025-10-06 01:45:00+00:00,9979.1586
2025-10-06 02:00:00+00:00,9979.1586
2025-10-06 02:15:00+00:00,9979.1586
2025-10-06 02:30:00+00:00,9979.1586
2025-10-06 02:45:00+00:00,9979.1586
2025-10-06 03:00:00+00:00,9979.1586
2025-10-06 03:15:00+00:00,9979.1586
2025-10-06 03:30:00+00:00,9979.1586
2025-10-06 03:45:00+00:00,9979.1586
2025-10-06 04:00:00+00:00,9979.1586
2025-10-06 04:15:00+00:00,9979.1586
2025-10-06 04:30:00+00:00,9979.1586
2025-10-06 04:45:00+00:00,9979.1586
2025-10-06 05:00:00+00:00,9979.1586
2025-10-06 05:15:00+00:00,9979.1586
2025-10-06 05:30:00+00:00,9979.1586
2025-10-06 05:45:00+00:00,9979.1586
2025-10-06 06:00:00+00:00,9979.1586
2025-10-06 06:15:00+00:00,10178.7418
2025-10-06 06:30:00+00:00,10178.7418
2025-10-06 06:45:00+00:00,10178.7418
2025-10-06 07:00:00+00:00,10178.7418
2025-10-06 07:15:00+00:00,10178.7418
2025-10-06 07:30:00+00:00,10178.7418
2025-10-06 07:45:00+00:00,10178.7418
2025-10-06 08:00:00+00:00,10178.7418
2025-10-06 08:15:00+00:00,10178.7418
2025-10-06 08:30:00+00:00,10178.7418
2025-10-06 08:45:00+00:00,10178.7418
2025-10-06 09:00:00+00:00,10178.7418
2025-10-06 09:15:00+00:00,10178.7418
2025-10-06 09:30:00+00:00,10178.7418
2025-10-06 09:45:00+00:00,10178.7418
2025-10-06 10:00:00+00:00,10178.7418
2025-10-06 10:15:00+00:00,10178.7418
2025-10-06 10:30:00+00:00,10178.7418
2025-10-06 10:45:00+00:00,10178.7418
2025-10-06 11:00:00+00:00,10178.7418
2025-10-06 11:15:00+00:00,10178.7418
2025-10-06 11:30:00+00:00,10178.7418
2025-10-06 11:45:00+00:00,10178.7418
2025-10-06 12:00:00+00:00,10178.7418
2025-10-06 12:15:00+00:00,10178.7418
2025-10-06 12:30:00+00:00,10178.7418
2025-10-06 12:45:00+00:00,10178.7418
2025-10-06 13:00:00+00:00,10178.7418
2025-10-06 13:15:00+00:00,10178.7418
2025-10-06 13:30:00+00:00,10178.7418
2025-10-06 13:45:00+00:00,10178.7418
2025-10-06 14:00:00+00:00,10178.7418
2025-10-06 14:15:00+00:00,10178.7418
2025-10-06 14:30:00+00:00,10178.7418
2025-10-06 14:45:00+00:00,10178.7418
2025-10-06 15:00:00+00:00,10178.7418
2025-10-06 15:15:00+00:00,10178.7418
2025-10-06 15:30:00+00:00,10178.7418
2025-10-06 15:45:00+00:00,10178.7418
2025-10-06 16:00:00+00:00,10178.7418
2025-10-06 16:15:00+00:00,10178.7418
2025-10-06 16:30:00+00:00,10178.7418
2025-10-06 16:45:00+00:00,10178.7418
2025-10-06 17:00:00+00:00,10178.7418
2025-10-06 17:15:00+00:00,10178.7418
2025-10-06 17:30:00+00:00,10178.7418
2025-10-06 17:45:00+00:00,10178.7418
2025-10-06 18:00:00+00:00,10178.7418
2025-10-06 18:15:00+00:00,10178.7418
2025-10-06 18:30:00+00:00,10178.7418
2025-10-06 18:45:00+00:00,10178.7418
2025-10-06 19:00:00+00:00,10178.7418
2025-10-06 19:15:00+00:00,10178.7418
2025-10-06 19:30:00+00:00,10178.7418
2025-10-06 19:45:00+00:00,10178.7418
2025-10-06 20:00:00+00:00,10178.7418
2025-10-06 20:15:00+00:00,10178.7418
2025-10-06 20:30:00+00:00,10178.7418
2025-10-06 20:45:00+00:00,10178.7418
2025-10-06 21:00:00+00:00,10178.7418
2025-10-06 21:15:00+00:00,10178.7418
2025-10-06 21:30:00+00:00,10178.7418
2025-10-06 21:45:00+00:00,10178.7418
2025-10-06 22:00:00+00:00,10178.7418
2025-10-06 22:15:00+00:00,10178.7418
2025-10-06 22:30:00+00:00,10178.7418
2025-10-06 22:45:00+00:00,10178.7418
2025-10-06 23:00:00+00:00,10178.7418
2025-10-06 23:15:00+00:00,10178.7418
2025-10-06 23:30:00+00:00,10178.7418
2025-10-06 23:45:00+00:00,10178.7418
2025-10-07 00:00:00+00:00,10178.7418
2025-10-07 00:15:00+00:00,10178.7418
2025-10-07 00:30:00+00:00,10178.7418
2025-10-07 00:45:00+00:00,10178.7418
2025-10-07 01:00:00+00:00,10178.7418
2025-10-07 01:15:00+00:00,10178.7418
2025-10-07 01:30:00+00:00,10178.7418
2025-10-07 01:45:00+00:00,10178.7418
2025-10-07 02:00:00+00:00,10178.7418
2025-10-07 02:15:00+00:00,10178.7418
2025-10-07 02:30:00+00:00,10178.7418
2025-10-07 02:45:00+00:00,10178.7418
2025-10-07 03:00:00+00:00,10382.3166
2025-10-07 03:15:00+00:00,10382.3166
2025-10-07 03:30:00+00:00,10382.3166
2025-10-07 03:45:00+00:00,10382.3166
2025-10-07 04:00:00+00:00,10382.3166
2025-10-07 04:15:00+00:00,10382.3166
2025-10-07 04:30:00+00:00,10382.3166
2025-10-07 04:45:00+00:00,10382.3166
2025-10-07 05:00:00+00:00,10382.3166
2025-10-07 05:15:00+00:00,10382.3166
2025-10-07 05:30:00+00:00,10382.3166
2025-10-07 05:45:00+00:00,10382.3166
2025-10-07 06:00:00+00:00,10382.3166
2025-10-07 06:15:00+00:00,10382.3166
2025-10-07 06:30:00+00:00,10382.3166
2025-10-07 06:45:00+00:00,10382.3166
2025-10-07 07:00:00+00:00,10382.3166
2025-10-07 07:15:00+00:00,10382.3166
2025-10-07 07:30:00+00:00,10382.3166
2025-10-07 07:45:00+00:00,10382.3166
2025-10-07 08:00:00+00:00,10382.3166
2025-10-07 08:15:00+00:00,10278.4935
2025-10-07 08:30:00+00:00,10278.4935
2025-10-07 08:45:00+00:00,10278.4935
2025-10-07 09:00:00+00:00,10278.4935
2025-10-07 09:15:00+00:00,10278.4935
2025-10-07 09:30:00+00:00,10278.4935
2025-10-07 09:45:00+00:00,10278.4935
2025-10-07 10:00:00+00:00,10278.4935
2025-10-07 10:15:00+00:00,10278.4935
2025-10-07 10:30:00+00:00,10278.4935
2025-10-07 10:45:00+00:00,10278.4935
2025-10-07 11:00:00+00:00,10278.4935
2025-10-07 11:15:00+00:00,10278.4935
2025-10-07 11:30:00+00:00,10278.4935
2025-10-07 11:45:00+00:00,10278.4935
2025-10-07 12:00:00+00:00,10278.4935
2025-10-07 12:15:00+00:00,10278.4935
2025-10-07 12:30:00+00:00,10278.4935
2025-10-07 12:45:00+00:00,10278.4935
2025-10-07 13:00:00+00:00,10278.4935
2025-10-07 13:15:00+00:00,10278.4935
2025-10-07 13:30:00+00:00,10278.4935
2025-10-07 13:45:00+00:00,10278.4935
2025-10-07 14:00:00+00:00,10278.4935
2025-10-07 14:15:00+00:00,10278.4935
2025-10-07 14:30:00+00:00,10278.4935
2025-10-07 14:45:00+00:00,10278.4935
2025-10-07 15:00:00+00:00,10278.4935
2025-10-07 15:15:00+00:00,10278.4935
2025-10-07 15:30:00+00:00,10278.4935
2025-10-07 15:45:00+00:00,10278.4935
2025-10-07 16:00:00+00:00,10278.4935
2025-10-07 16:15:00+00:00,10278.4935
2025-10-07 16:30:00+00:00,10278.4935
2025-10-07 16:45:00+00:00,10278.4935
2025-10-07 17:00:00+00:00,10278.4935
2025-10-07 17:15:00+00:00,10278.4935
2025-10-07 17:30:00+00:00,10278.4935
2025-10-07 17:45:00+00:00,10278.4935
2025-10-07 18:00:00+00:00,10278.4935
2025-10-07 18:15:00+00:00,10175.7085
2025-10-07 18:30:00+00:00,10175.7085
2025-10-07 18:45:00+00:00,10175.7085
2025-10-07 19:00:00+00:00,10175.7085
2025-10-07 19:15:00+00:00,10175.7085
2025-10-07 19:30:00+00:00,10175.7085
2025-10-07 19:45:00+00:00,10175.7085
2025-10-07 20:00:00+00:00,10175.7085
2025-10-07 20:15:00+00:00,10175.7085
2025-10-07 20:30:00+00:00,10175.7085
2025-10-07 20:45:00+00:00,10175.7085
2025-10-07 21:00:00+00:00,10379.2227
2025-10-07 21:15:00+00:00,10379.2227
2025-10-07 21:30:00+00:00,10379.2227
2025-10-07 21:45:00+00:00,10379.2227
2025-10-07 22:00:00+00:00,10379.2227
2025-10-07 22:15:00+00:00,10379.2227
2025-10-07 22:30:00+00:00,10379.2227
2025-10-07 22:45:00+00:00,10379.2227
2025-10-07 23:00:00+00:00,10379.2227
2025-10-07 23:15:00+00:00,10379.2227
2025-10-07 23:30:00+00:00,10379.2227
2025-10-07 23:45:00+00:00,10379.2227
2025-10-08 00:00:00+00:00,10379.2227
2025-10-08 00:15:00+00:00,10379.2227
2025-10-08 00:30:00+00:00,10379.2227
2025-10-08 00:45:00+00:00,10379.2227
2025-10-08 01:00:00+00:00,10379.2227
2025-10-08 01:15:00+00:00,10379.2227
2025-10-08 01:30:00+00:00,10379.2227
2025-10-08 01:45:00+00:00,10379.2227
2025-10-08 02:00:00+00:00,10379.2227
2025-10-08 02:15:00+00:00,10379.2227
2025-10-08 02:30:00+00:00,10379.2227
2025-10-08 02:45:00+00:00,10379.2227
2025-10-08 03:00:00+00:00,10379.2227
2025-10-08 03:15:00+00:00,10379.2227
2025-10-08 03:30:00+00:00,10379.2227
2025-10-08 03:45:00+00:00,10379.2227
2025-10-08 04:00:00+00:00,10379.2227
2025-10-08 04:15:00+00:00,10379.2227
2025-10-08 04:30:00+00:00,10379.2227
2025-10-08 04:45:00+00:00,10379.2227
2025-10-08 05:00:00+00:00,10379.2227
2025-10-08 05:15:00+00:00,10379.2227
2025-10-08 05:30:00+00:00,10379.2227
2025-10-08 05:45:00+00:00,10379.2227
2025-10-08 06:00:00+00:00,10379.2227
2025-10-08 06:15:00+00:00,10379.2227
2025-10-08 06:30:00+00:00,10586.8072
2025-10-08 06:45:00+00:00,10586.8072
2025-10-08 07:00:00+00:00,10586.8072
2025-10-08 07:15:00+00:00,10586.8072
2025-10-08 07:30:00+00:00,10586.8072
2025-10-08 07:45:00+00:00,10586.8072
2025-10-08 08:00:00+00:00,10586.8072
2025-10-08 08:15:00+00:00,10586.8072
2025-10-08 08:30:00+00:00,10798.5433
2025-10-08 08:45:00+00:00,10798.5433
2025-10-08 09:00:00+00:00,10798.5433
2025-10-08 09:15:00+00:00,10798.5433
2025-10-08 09:30:00+00:00,10798.5433
2025-10-08 09:45:00+00:00,10798.5433
2025-10-08 10:00:00+00:00,10798.5433
2025-10-08 10:15:00+00:00,10798.5433
2025-10-08 10:30:00+00:00,10798.5433
2025-10-08 10:45:00+00:00,10798.5433
2025-10-08 11:00:00+00:00,10798.5433
2025-10-08 11:15:00+00:00,10798.5433
2025-10-08 11:30:00+00:00,10798.5433
2025-10-08 11:45:00+00:00,10798.5433
2025-10-08 12:00:00+00:00,10798.5433
2025-10-08 12:15:00+00:00,10798.5433
2025-10-08 12:30:00+00:00,10798.5433
2025-10-08 12:45:00+00:00,10798.5433
2025-10-08 13:00:00+00:00,10798.5433
2025-10-08 13:15:00+00:00,10798.5433
2025-10-08 13:30:00+00:00,10798.5433
2025-10-08 13:45:00+00:00,10798.5433
2025-10-08 14:00:00+00:00,10798.5433
2025-10-08 14:15:00+00:00,10798.5433
2025-10-08 14:30:00+00:00,10798.5433
2025-10-08 14:45:00+00:00,10690.5579
2025-10-08 15:00:00+00:00,10690.5579
2025-10-08 15:15:00+00:00,10690.5579
2025-10-08 15:30:00+00:00,10690.5579
2025-10-08 15:45:00+00:00,10690.5579
2025-10-08 16:00:00+00:00,10690.5579
2025-10-08 16:15:00+00:00,10690.5579
2025-10-08 16:30:00+00:00,10690.5579
2025-10-08 16:45:00+00:00,10690.5579
2025-10-08 17:00:00+00:00,10690.5579
2025-10-08 17:15:00+00:00,10690.5579
2025-10-08 17:30:00+00:00,10690.5579
2025-10-08 17:45:00+00:00,10690.5579
2025-10-08 18:00:00+00:00,10690.5579
2025-10-08 18:15:00+00:00,10904.369
2025-10-08 18:30:00+00:00,10904.369
2025-10-08 18:45:00+00:00,10904.369
2025-10-08 19:00:00+00:00,10904.369
2025-10-08 19:15:00+00:00,10904.369
2025-10-08 19:30:00+00:00,10904.369
2025-10-08 19:45:00+00:00,10904.369
2025-10-08 20:00:00+00:00,10904.369
2025-10-08 20:15:00+00:00,10904.369
2025-10-08 20:30:00+00:00,10904.369
2025-10-08 20:45:00+00:00,10904.369
2025-10-08 21:00:00+00:00,10904.369
2025-10-08 21:15:00+00:00,10904.369
2025-10-08 21:30:00+00:00,10904.369
2025-10-08 21:45:00+00:00,10904.369
2025-10-08 22:00:00+00:00,10904.369
2025-10-08 22:15:00+00:00,10904.369
2025-10-08 22:30:00+00:00,10904.369
2025-10-08 22:45:00+00:00,10795.3254
2025-10-08 23:00:00+00:00,10795.3254
2025-10-08 23:15:00+00:00,10795.3254
2025-10-08 23:30:00+00:00,10795.3254
2025-10-08 23:45:00+00:00,10795.3254
2025-10-09 00:00:00+00:00,10795.3254
2025-10-09 00:15:00+00:00,10795.3254
2025-10-09 00:30:00+00:00,10795.3254
2025-10-09 00:45:00+00:00,11011.2319
2025-10-09 01:00:00+00:00,11011.2319
2025-10-09 01:15:00+00:00,11011.2319
2025-10-09 01:30:00+00:00,11011.2319
2025-10-09 01:45:00+00:00,11011.2319
2025-10-09 02:00:00+00:00,10901.1195
2025-10-09 02:15:00+00:00,10901.1195
2025-10-09 02:30:00+00:00,10901.1195
2025-10-09 02:45:00+00:00,10901.1195
2025-10-09 03:00:00+00:00,10901.1195
2025-10-09 03:15:00+00:00,10901.1195
2025-10-09 03:30:00+00:00,10901.1195
2025-10-09 03:45:00+00:00,10901.1195
2025-10-09 04:00:00+00:00,10901.1195
2025-10-09 04:15:00+00:00,10901.1195
2025-10-09 04:30:00+00:00,10901.1195
2025-10-09 04:45:00+00:00,10901.1195
2025-10-09 05:00:00+00:00,10901.1195
2025-10-09 05:15:00+00:00,10901.1195
2025-10-09 05:30:00+00:00,10901.1195
2025-10-09 05:45:00+00:00,10901.1195
2025-10-09 06:00:00+00:00,10901.1195
2025-10-09 06:15:00+00:00,10901.1195
2025-10-09 06:30:00+00:00,10901.1195
2025-10-09 06:45:00+00:00,10901.1195
2025-10-09 07:00:00+00:00,10901.1195
2025-10-09 07:15:00+00:00,10901.1195
2025-10-09 07:30:00+00:00,10901.1195
2025-10-09 07:45:00+00:00,10901.1195
2025-10-09 08:00:00+00:00,10901.1195
2025-10-09 08:15:00+00:00,10901.1195
2025-10-09 08:30:00+00:00,10901.1195
2025-10-09 08:45:00+00:00,10901.1195
2025-10-09 09:00:00+00:00,10901.1195
2025-10-09 09:15:00+00:00,10901.1195
2025-10-09 09:30:00+00:00,10901.1195
2025-10-09 09:45:00+00:00,10901.1195
2025-10-09 10:00:00+00:00,10901.1195
2025-10-09 10:15:00+00:00,10901.1195
2025-10-09 10:30:00+00:00,10901.1195
2025-10-09 10:45:00+00:00,10901.1195
2025-10-09 11:00:00+00:00,10901.1195
2025-10-09 11:15:00+00:00,10901.1195
2025-10-09 11:30:00+00:00,10901.1195
2025-10-09 11:45:00+00:00,10901.1195
2025-10-09 12:00:00+00:00,10901.1195
2025-10-09 12:15:00+00:00,10901.1195
2025-10-09 12:30:00+00:00,10901.1195
2025-10-09 12:45:00+00:00,10901.1195
2025-10-09 13:00:00+00:00,10901.1195
2025-10-09 13:15:00+00:00,10901.1195
2025-10-09 13:30:00+00:00,10901.1195
2025-10-09 13:45:00+00:00,10901.1195
2025-10-09 14:00:00+00:00,10901.1195
2025-10-09 14:15:00+00:00,10901.1195
2025-10-09 14:30:00+00:00,10901.1195
2025-10-09 14:45:00+00:00,10901.1195
2025-10-09 15:00:00+00:00,10901.1195
2025-10-09 15:15:00+00:00,10901.1195
2025-10-09 15:30:00+00:00,10901.1195
2025-10-09 15:45:00+00:00,10901.1195
2025-10-09 16:00:00+00:00,10901.1195
2025-10-09 16:15:00+00:00,10901.1195
2025-10-09 16:30:00+00:00,11119.1419
2025-10-09 16:45:00+00:00,11119.1419
2025-10-09 17:00:00+00:00,11119.1419
2025-10-09 17:15:00+00:00,11119.1419
2025-10-09 17:30:00+00:00,11119.1419
2025-10-09 17:45:00+00:00,11119.1419
2025-10-09 18:00:00+00:00,11119.1419
2025-10-09 18:15:00+00:00,11119.1419
2025-10-09 18:30:00+00:00,11119.1419
2025-10-09 18:45:00+00:00,11119.1419
2025-10-09 19:00:00+00:00,11119.1419
2025-10-09 19:15:00+00:00,11119.1419
2025-10-09 19:30:00+00:00,11119.1419
2025-10-09 19:45:00+00:00,11119.1419
2025-10-09 20:00:00+00:00,11119.1419
2025-10-09 20:15:00+00:00,11119.1419
2025-10-09 20:30:00+00:00,11119.1419
2025-10-09 20:45:00+00:00,11119.1419
2025-10-09 21:00:00+00:00,11119.1419
2025-10-09 21:15:00+00:00,11119.1419
2025-10-09 21:30:00+00:00,11119.1419
2025-10-09 21:45:00+00:00,11119.1419
2025-10-09 22:00:00+00:00,11119.1419
2025-10-09 22:15:00+00:00,11119.1419
2025-10-09 22:30:00+00:00,11119.1419
2025-10-09 22:45:00+00:00,11119.1419
2025-10-09 23:00:00+00:00,11119.1419
2025-10-09 23:15:00+00:00,11119.1419
2025-10-09 23:30:00+00:00,11119.1419
2025-10-09 23:45:00+00:00,11119.1419
2025-10-10 00:00:00+00:00,11119.1419
2025-10-10 00:15:00+00:00,11119.1419
2025-10-10 00:30:00+00:00,11119.1419
2025-10-10 00:45:00+00:00,11119.1419
2025-10-10 01:00:00+00:00,11119.1419
2025-10-10 01:15:00+00:00,11119.1419
2025-10-10 01:30:00+00:00,11341.5248
2025-10-10 01:45:00+00:00,11341.5248
2025-10-10 02:00:00+00:00,11341.5248
2025-10-10 02:15:00+00:00,11341.5248
2025-10-10 02:30:00+00:00,11341.5248
2025-10-10 02:45:00+00:00,11341.5248
2025-10-10 03:00:00+00:00,11341.5248
2025-10-10 03:15:00+00:00,11228.1095
2025-10-10 03:30:00+00:00,11228.1095
2025-10-10 03:45:00+00:00,11228.1095
2025-10-10 04:00:00+00:00,11228.1095
2025-10-10 04:15:00+00:00,11228.1095
2025-10-10 04:30:00+00:00,11228.1095
2025-10-10 04:45:00+00:00,11228.1095
2025-10-10 05:00:00+00:00,11228.1095
2025-10-10 05:15:00+00:00,11228.1095
2025-10-10 05:30:00+00:00,11228.1095
2025-10-10 05:45:00+00:00,11228.1095
2025-10-10 06:00:00+00:00,11228.1095
2025-10-10 06:15:00+00:00,11228.1095
2025-10-10 06:30:00+00:00,11228.1095
2025-10-10 06:45:00+00:00,11228.1095
2025-10-10 07:00:00+00:00,11228.1095
2025-10-10 07:15:00+00:00,11228.1095
2025-10-10 07:30:00+00:00,11228.1095
2025-10-10 07:45:00+00:00,11228.1095
2025-10-10 08:00:00+00:00,11228.1095
2025-10-10 08:15:00+00:00,11228.1095
2025-10-10 08:30:00+00:00,11228.1095
2025-10-10 08:45:00+00:00,11228.1095
2025-10-10 09:00:00+00:00,11228.1095
2025-10-10 09:15:00+00:00,11228.1095
2025-10-10 09:30:00+00:00,11228.1095
2025-10-10 09:45:00+00:00,11228.1095
2025-10-10 10:00:00+00:00,11228.1095
2025-10-10 10:15:00+00:00,11228.1095
2025-10-10 10:30:00+00:00,11228.1095
2025-10-10 10:45:00+00:00,11228.1095
2025-10-10 11:00:00+00:00,11228.1095
2025-10-10 11:15:00+00:00,11228.1095
2025-10-10 11:30:00+00:00,11228.1095
2025-10-10 11:45:00+00:00,11228.1095
2025-10-10 12:00:00+00:00,11228.1095
2025-10-10 12:15:00+00:00,11228.1095
2025-10-10 12:30:00+00:00,11228.1095
2025-10-10 12:45:00+00:00,11228.1095
2025-10-10 13:00:00+00:00,11228.1095
2025-10-10 13:15:00+00:00,11228.1095
2025-10-10 13:30:00+00:00,11228.1095
2025-10-10 13:45:00+00:00,11228.1095
2025-10-10 14:00:00+00:00,11228.1095
2025-10-10 14:15:00+00:00,11228.1095
2025-10-10 14:30:00+00:00,11228.1095
2025-10-10 14:45:00+00:00,11228.1095
2025-10-10 15:00:00+00:00,11228.1095
2025-10-10 15:15:00+00:00,11228.1095
2025-10-10 15:30:00+00:00,11452.6717
2025-10-10 15:45:00+00:00,11452.6717
2025-10-10 16:00:00+00:00,11452.6717
2025-10-10 16:15:00+00:00,11452.6717
2025-10-10 16:30:00+00:00,11452.6717
2025-10-10 16:45:00+00:00,11452.6717
2025-10-10 17:00:00+00:00,11452.6717
2025-10-10 17:15:00+00:00,11452.6717
2025-10-10 17:30:00+00:00,11452.6717
2025-10-10 17:45:00+00:00,11452.6717
2025-10-10 18:00:00+00:00,11452.6717
2025-10-10 18:15:00+00:00,11452.6717
2025-10-10 18:30:00+00:00,11452.6717
2025-10-10 18:45:00+00:00,11452.6717
2025-10-10 19:00:00+00:00,11452.6717
2025-10-10 19:15:00+00:00,11452.6717
2025-10-10 19:30:00+00:00,11452.6717
2025-10-10 19:45:00+00:00,11452.6717
2025-10-10 20:00:00+00:00,11452.6717
2025-10-10 20:15:00+00:00,11452.6717
2025-10-10 20:30:00+00:00,11452.6717
2025-10-10 20:45:00+00:00,11452.6717
2025-10-10 21:00:00+00:00,11681.7251
2025-10-10 21:15:00+00:00,11681.7251
2025-10-10 21:30:00+00:00,11681.7251
2025-10-10 21:45:00+00:00,11681.7251
2025-10-10 22:00:00+00:00,11681.7251
2025-10-10 22:15:00+00:00,11681.7251
2025-10-10 22:30:00+00:00,11681.7251
2025-10-10 22:45:00+00:00,11681.7251
2025-10-10 23:00:00+00:00,11681.7251
2025-10-10 23:15:00+00:00,11681.7251
2025-10-10 23:30:00+00:00,11681.7251
2025-10-10 23:45:00+00:00,11681.7251
2025-10-11 00:00:00+00:00,11681.7251
2025-10-11 00:15:00+00:00,11681.7251
2025-10-11 00:30:00+00:00,11681.7251
2025-10-11 00:45:00+00:00,11681.7251
2025-10-11 01:00:00+00:00,11681.7251
2025-10-11 01:15:00+00:00,11681.7251
2025-10-11 01:30:00+00:00,11681.7251
2025-10-11 01:45:00+00:00,11681.7251
2025-10-11 02:00:00+00:00,11681.7251
2025-10-11 02:15:00+00:00,11681.7251
2025-10-11 02:30:00+00:00,11681.7251
2025-10-11 02:45:00+00:00,11681.7251
2025-10-11 03:00:00+00:00,11681.7251
2025-10-11 03:15:00+00:00,11681.7251
2025-10-11 03:30:00+00:00,11681.7251
2025-10-11 03:45:00+00:00,11681.7251
2025-10-11 04:00:00+00:00,11681.7251
2025-10-11 04:15:00+00:00,11681.7251
2025-10-11 04:30:00+00:00,11681.7251
2025-10-11 04:45:00+00:00,11681.7251
2025-10-11 05:00:00+00:00,11681.7251
2025-10-11 05:15:00+00:00,11681.7251
2025-10-11 05:30:00+00:00,11681.7251
2025-10-11 05:45:00+00:00,11681.7251
2025-10-11 06:00:00+00:00,11681.7251
2025-10-11 06:15:00+00:00,11681.7251
2025-10-11 06:30:00+00:00,11681.7251
2025-10-11 06:45:00+00:00,11681.7251
2025-10-11 07:00:00+00:00,11681.7251
2025-10-11 07:15:00+00:00,11681.7251
2025-10-11 07:30:00+00:00,11681.7251
2025-10-11 07:45:00+00:00,11681.7251
2025-10-11 08:00:00+00:00,11681.7251
2025-10-11 08:15:00+00:00,11681.7251
2025-10-11 08:30:00+00:00,11681.7251
2025-10-11 08:45:00+00:00,11681.7251
2025-10-11 09:00:00+00:00,11681.7251
2025-10-11 09:15:00+00:00,11681.7251
2025-10-11 09:30:00+00:00,11681.7251
2025-10-11 09:45:00+00:00,11681.7251
2025-10-11 10:00:00+00:00,11681.7251
2025-10-11 10:15:00+00:00,11681.7251
2025-10-11 10:30:00+00:00,11681.7251
2025-10-11 10:45:00+00:00,11681.7251
2025-10-11 11:00:00+00:00,11681.7251
2025-10-11 11:15:00+00:00,11681.7251
2025-10-11 11:30:00+00:00,11681.7251
2025-10-11 11:45:00+00:00,11681.7251
2025-10-11 12:00:00+00:00,11681.7251
2025-10-11 12:15:00+00:00,11681.7251
2025-10-11 12:30:00+00:00,11681.7251
2025-10-11 12:45:00+00:00,11681.7251
2025-10-11 13:00:00+00:00,11681.7251
2025-10-11 13:15:00+00:00,11681.7251
2025-10-11 13:30:00+00:00,11681.7251
2025-10-11 13:45:00+00:00,11681.7251
2025-10-11 14:00:00+00:00,11681.7251
2025-10-11 14:15:00+00:00,11681.7251
2025-10-11 14:30:00+00:00,11681.7251
2025-10-11 14:45:00+00:00,11681.7251
2025-10-11 15:00:00+00:00,11681.7251
2025-10-11 15:15:00+00:00,11681.7251
2025-10-11 15:30:00+00:00,11681.7251
2025-10-11 15:45:00+00:00,11681.7251
2025-10-11 16:00:00+00:00,11681.7251
2025-10-11 16:15:00+00:00,11681.7251
2025-10-11 16:30:00+00:00,11681.7251
2025-10-11 16:45:00+00:00,11681.7251
2025-10-11 17:00:00+00:00,11681.7251
2025-10-11 17:15:00+00:00,11681.7251
2025-10-11 17:30:00+00:00,11681.7251
2025-10-11 17:45:00+00:00,11681.7251
2025-10-11 18:00:00+00:00,11681.7251
2025-10-11 18:15:00+00:00,11681.7251
2025-10-11 18:30:00+00:00,11681.7251
2025-10-11 18:45:00+00:00,11681.7251
2025-10-11 19:00:00+00:00,11681.7251
2025-10-11 19:15:00+00:00,11681.7251
2025-10-11 19:30:00+00:00,11681.7251
2025-10-11 19:45:00+00:00,11681.7251
2025-10-11 20:00:00+00:00,11681.7251
2025-10-11 20:15:00+00:00,11681.7251
2025-10-11 20:30:00+00:00,11681.7251
2025-10-11 20:45:00+00:00,11681.7251
2025-10-11 21:00:00+00:00,11681.7251
2025-10-11 21:15:00+00:00,11681.7251
2025-10-11 21:30:00+00:00,11681.7251
2025-10-11 21:45:00+00:00,11681.7251
2025-10-11 22:00:00+00:00,11681.7251
2025-10-11 22:15:00+00:00,11681.7251
2025-10-11 22:30:00+00:00,11681.7251
2025-10-11 22:45:00+00:00,11681.7251
2025-10-11 23:00:00+00:00,11681.7251
2025-10-11 23:15:00+00:00,11681.7251
2025-10-11 23:30:00+00:00,11681.7251
2025-10-11 23:45:00+00:00,11681.7251
2025-10-12 00:00:00+00:00,11681.7251
2025-10-12 00:15:00+00:00,11915.3596
2025-10-12 00:30:00+00:00,11915.3596
2025-10-12 00:45:00+00:00,11915.3596
2025-10-12 01:00:00+00:00,11915.3596
2025-10-12 01:15:00+00:00,11915.3596
2025-10-12 01:30:00+00:00,11915.3596
2025-10-12 01:45:00+00:00,11915.3596
2025-10-12 02:00:00+00:00,11915.3596
2025-10-12 02:15:00+00:00,11915.3596
2025-10-12 02:30:00+00:00,11796.2061
2025-10-12 02:45:00+00:00,11796.2061
2025-10-12 03:00:00+00:00,11796.2061
2025-10-12 03:15:00+00:00,11796.2061
2025-10-12 03:30:00+00:00,11796.2061
2025-10-12 03:45:00+00:00,11796.2061
2025-10-12 04:00:00+00:00,11796.2061
2025-10-12 04:15:00+00:00,11796.2061
2025-10-12 04:30:00+00:00,11796.2061
2025-10-12 04:45:00+00:00,11796.2061
2025-10-12 05:00:00+00:00,11796.2061
2025-10-12 05:15:00+00:00,11796.2061
2025-10-12 05:30:00+00:00,11796.2061
2025-10-12 05:45:00+00:00,11796.2061
2025-10-12 06:00:00+00:00,11796.2061
2025-10-12 06:15:00+00:00,11796.2061
2025-10-12 06:30:00+00:00,11796.2061
2025-10-12 06:45:00+00:00,11796.2061
2025-10-12 07:00:00+00:00,11796.2061
2025-10-12 07:15:00+00:00,11796.2061
2025-10-12 07:30:00+00:00,11796.2061
2025-10-12 07:45:00+00:00,11796.2061
2025-10-12 08:00:00+00:00,11796.2061
2025-10-12 08:15:00+00:00,11796.2061
2025-10-12 08:30:00+00:00,11796.2061
2025-10-12 08:45:00+00:00,11796.2061
2025-10-12 09:00:00+00:00,11796.2061
2025-10-12 09:15:00+00:00,11796.2061
2025-10-12 09:30:00+00:00,11796.2061
2025-10-12 09:45:00+00:00,11796.2061
2025-10-12 10:00:00+00:00,11796.2061
2025-10-12 10:15:00+00:00,11796.2061
2025-10-12 10:30:00+00:00,11796.2061
2025-10-12 10:45:00+00:00,11796.2061
2025-10-12 11:00:00+00:00,11796.2061
2025-10-12 11:15:00+00:00,11796.2061
2025-10-12 11:30:00+00:00,11796.2061
2025-10-12 11:45:00+00:00,11796.2061
2025-10-12 12:00:00+00:00,11796.2061
2025-10-12 12:15:00+00:00,11796.2061
2025-10-12 12:30:00+00:00,11796.2061
2025-10-12 12:45:00+00:00,11796.2061
2025-10-12 13:00:00+00:00,11796.2061
2025-10-12 13:15:00+00:00,11796.2061
2025-10-12 13:30:00+00:00,11796.2061
2025-10-12 13:45:00+00:00,11796.2061
2025-10-12 14:00:00+00:00,11796.2061
2025-10-12 14:15:00+00:00,11796.2061
2025-10-12 14:30:00+00:00,11796.2061
2025-10-12 14:45:00+00:00,11796.2061
2025-10-12 15:00:00+00:00,11796.2061
2025-10-12 15:15:00+00:00,11796.2061
2025-10-12 15:30:00+00:00,11796.2061
2025-10-12 15:45:00+00:00,11796.2061
2025-10-12 16:00:00+00:00,11796.2061
2025-10-12 16:15:00+00:00,11796.2061
2025-10-12 16:30:00+00:00,11796.2061
2025-10-12 16:45:00+00:00,11796.2061
2025-10-12 17:00:00+00:00,11796.2061
2025-10-12 17:15:00+00:00,11796.2061
2025-10-12 17:30:00+00:00,11796.2061
2025-10-12 17:45:00+00:00,11796.2061
2025-10-12 18:00:00+00:00,11796.2061
2025-10-12 18:15:00+00:00,11796.2061
2025-10-12 18:30:00+00:00,11796.2061
2025-10-12 18:45:00+00:00,11796.2061
2025-10-12 19:00:00+00:00,11796.2061
2025-10-12 19:15:00+00:00,11796.2061
2025-10-12 19:30:00+00:00,11796.2061
2025-10-12 19:45:00+00:00,11796.2061
2025-10-12 20:00:00+00:00,11796.2061
2025-10-12 20:15:00+00:00,11796.2061
2025-10-12 20:30:00+00:00,11796.2061
2025-10-12 20:45:00+00:00,11796.2061
2025-10-12 21:00:00+00:00,11796.2061
2025-10-12 21:15:00+00:00,11796.2061
2025-10-12 21:30:00+00:00,11796.2061
2025-10-12 21:45:00+00:00,11796.2061
2025-10-12 22:00:00+00:00,11796.2061
2025-10-12 22:15:00+00:00,11796.2061
2025-10-12 22:30:00+00:00,11796.2061
2025-10-12 22:45:00+00:00,11796.2061
2025-10-12 23:00:00+00:00,11796.2061
2025-10-12 23:15:00+00:00,11796.2061
2025-10-12 23:30:00+00:00,11796.2061
2025-10-12 23:45:00+00:00,11796.2061
2025-10-13 00:00:00+00:00,11796.2061
2025-10-13 00:15:00+00:00,11796.2061
2025-10-13 00:30:00+00:00,11796.2061
2025-10-13 00:45:00+00:00,11796.2061
2025-10-13 01:00:00+00:00,11796.2061
2025-10-13 01:15:00+00:00,11796.2061
2025-10-13 01:30:00+00:00,11796.2061
2025-10-13 01:45:00+00:00,11796.2061
2025-10-13 02:00:00+00:00,11796.2061
2025-10-13 02:15:00+00:00,11796.2061
2025-10-13 02:30:00+00:00,11796.2061
2025-10-13 02:45:00+00:00,11796.2061
2025-10-13 03:00:00+00:00,11796.2061
2025-10-13 03:15:00+00:00,11796.2061
2025-10-13 03:30:00+00:00,11796.2061
2025-10-13 03:45:00+00:00,11796.2061
2025-10-13 04:00:00+00:00,11796.2061
2025-10-13 04:15:00+00:00,11796.2061
2025-10-13 04:30:00+00:00,11796.2061
2025-10-13 04:45:00+00:00,11796.2061
2025-10-13 05:00:00+00:00,11796.2061
2025-10-13 05:15:00+00:00,11796.2061
2025-10-13 05:30:00+00:00,11796.2061
2025-10-13 05:45:00+00:00,11796.2061
2025-10-13 06:00:00+00:00,11796.2061
2025-10-13 06:15:00+00:00,11796.2061
2025-10-13 06:30:00+00:00,11796.2061
2025-10-13 06:45:00+00:00,11796.2061
2025-10-13 07:00:00+00:00,11796.2061
2025-10-13 07:15:00+00:00,11796.2061
2025-10-13 07:30:00+00:00,11796.2061
2025-10-13 07:45:00+00:00,11796.2061
2025-10-13 08:00:00+00:00,11796.2061
2025-10-13 08:15:00+00:00,11796.2061
2025-10-13 08:30:00+00:00,11796.2061
2025-10-13 08:45:00+00:00,11796.2061
2025-10-13 09:00:00+00:00,11796.2061
2025-10-13 09:15:00+00:00,11796.2061
2025-10-13 09:30:00+00:00,11796.2061
2025-10-13 09:45:00+00:00,11796.2061
2025-10-13 10:00:00+00:00,11796.2061
2025-10-13 10:15:00+00:00,11796.2061
2025-10-13 10:30:00+00:00,11796.2061
2025-10-13 10:45:00+00:00,11796.2061
2025-10-13 11:00:00+00:00,11796.2061
2025-10-13 11:15:00+00:00,11796.2061
2025-10-13 11:30:00+00:00,11796.2061
2025-10-13 11:45:00+00:00,11796.2061
2025-10-13 12:00:00+00:00,11796.2061
2025-10-13 12:15:00+00:00,11796.2061
2025-10-13 12:30:00+00:00,11796.2061
2025-10-13 12:45:00+00:00,11796.2061
2025-10-13 13:00:00+00:00,11796.2061
2025-10-13 13:15:00+00:00,11796.2061
2025-10-13 13:30:00+00:00,11796.2061
2025-10-13 13:45:00+00:00,11796.2061
2025-10-13 14:00:00+00:00,11796.2061
2025-10-13 14:15:00+00:00,11796.2061
2025-10-13 14:30:00+00:00,11796.2061
2025-10-13 14:45:00+00:00,11796.2061
2025-10-13 15:00:00+00:00,11796.2061
2025-10-13 15:15:00+00:00,11796.2061
2025-10-13 15:30:00+00:00,11796.2061
2025-10-13 15:45:00+00:00,11796.2061
2025-10-13 16:00:00+00:00,11796.2061
2025-10-13 16:15:00+00:00,11796.2061
2025-10-13 16:30:00+00:00,11796.2061
2025-10-13 16:45:00+00:00,11796.2061
2025-10-13 17:00:00+00:00,11796.2061
2025-10-13 17:15:00+00:00,11796.2061
2025-10-13 17:30:00+00:00,11796.2061
2025-10-13 17:45:00+00:00,11796.2061
2025-10-13 18:00:00+00:00,11796.2061
2025-10-13 18:15:00+00:00,11796.2061
2025-10-13 18:30:00+00:00,11796.2061
2025-10-13 18:45:00+00:00,11796.2061
2025-10-13 19:00:00+00:00,11796.2061
2025-10-13 19:15:00+00:00,11796.2061
2025-10-13 19:30:00+00:00,11796.2061
2025-10-13 19:45:00+00:00,11796.2061
2025-10-13 20:00:00+00:00,11796.2061
2025-10-13 20:15:00+00:00,11796.2061
2025-10-13 20:30:00+00:00,11796.2061
2025-10-13 20:45:00+00:00,11678.244
2025-10-13 21:00:00+00:00,11678.244
2025-10-13 21:15:00+00:00,11678.244
2025-10-13 21:30:00+00:00,11678.244
2025-10-13 21:45:00+00:00,11561.4616
2025-10-13 22:00:00+00:00,11561.4616
2025-10-13 22:15:00+00:00,11561.4616
2025-10-13 22:30:00+00:00,11561.4616
2025-10-13 22:45:00+00:00,11561.4616
2025-10-13 23:00:00+00:00,11561.4616
2025-10-13 23:15:00+00:00,11445.8469
2025-10-13 23:30:00+00:00,11445.8469
2025-10-13 23:45:00+00:00,11445.8469
2025-10-14 00:00:00+00:00,11331.3885
2025-10-14 00:15:00+00:00,11331.3885
2025-10-14 00:30:00+00:00,11331.3885
2025-10-14 00:45:00+00:00,11331.3885
2025-10-14 01:00:00+00:00,11331.3885
2025-10-14 01:15:00+00:00,11331.3885
2025-10-14 01:30:00+00:00,11331.3885
2025-10-14 01:45:00+00:00,11331.3885
2025-10-14 02:00:00+00:00,11331.3885
2025-10-14 02:15:00+00:00,11331.3885
2025-10-14 02:30:00+00:00,11331.3885
2025-10-14 02:45:00+00:00,11218.0746
2025-10-14 03:00:00+00:00,11218.0746
2025-10-14 03:15:00+00:00,11218.0746
2025-10-14 03:30:00+00:00,11218.0746
2025-10-14 03:45:00+00:00,11218.0746
2025-10-14 04:00:00+00:00,11218.0746
2025-10-14 04:15:00+00:00,11218.0746
2025-10-14 04:30:00+00:00,11105.8938
2025-10-14 04:45:00+00:00,11105.8938
2025-10-14 05:00:00+00:00,11105.8938
2025-10-14 05:15:00+00:00,11105.8938
2025-10-14 05:30:00+00:00,11105.8938
2025-10-14 05:45:00+00:00,11105.8938
2025-10-14 06:00:00+00:00,11105.8938
2025-10-14 06:15:00+00:00,11105.8938
2025-10-14 06:30:00+00:00,11105.8938
2025-10-14 06:45:00+00:00,11105.8938
2025-10-14 07:00:00+00:00,11105.8938
2025-10-14 07:15:00+00:00,11105.8938
2025-10-14 07:30:00+00:00,11105.8938
2025-10-14 07:45:00+00:00,11105.8938
2025-10-14 08:00:00+00:00,11105.8938
2025-10-14 08:15:00+00:00,11105.8938
2025-10-14 08:30:00+00:00,11105.8938
2025-10-14 08:45:00+00:00,11105.8938
2025-10-14 09:00:00+00:00,11105.8938
2025-10-14 09:15:00+00:00,11105.8938
2025-10-14 09:30:00+00:00,11105.8938
2025-10-14 09:45:00+00:00,11105.8938
2025-10-14 10:00:00+00:00,11105.8938
2025-10-14 10:15:00+00:00,11105.8938
2025-10-14 10:30:00+00:00,11105.8938
2025-10-14 10:45:00+00:00,11105.8938
2025-10-14 11:00:00+00:00,11105.8938
2025-10-14 11:15:00+00:00,11105.8938
2025-10-14 11:30:00+00:00,11105.8938
2025-10-14 11:45:00+00:00,11105.8938
2025-10-14 12:00:00+00:00,11105.8938
2025-10-14 12:15:00+00:00,11105.8938
2025-10-14 12:30:00+00:00,11105.8938
2025-10-14 12:45:00+00:00,11105.8938
2025-10-14 13:00:00+00:00,11105.8938
2025-10-14 13:15:00+00:00,11105.8938
2025-10-14 13:30:00+00:00,11105.8938
2025-10-14 13:45:00+00:00,11105.8938
2025-10-14 14:00:00+00:00,11105.8938
2025-10-14 14:15:00+00:00,11105.8938
2025-10-14 14:30:00+00:00,11105.8938
2025-10-14 14:45:00+00:00,11105.8938
2025-10-14 15:00:00+00:00,11105.8938
2025-10-14 15:15:00+00:00,11105.8938
2025-10-14 15:30:00+00:00,11105.8938
2025-10-14 15:45:00+00:00,11105.8938
2025-10-14 16:00:00+00:00,11105.8938
2025-10-14 16:15:00+00:00,11105.8938
2025-10-14 16:30:00+00:00,11105.8938
2025-10-14 16:45:00+00:00,11105.8938
2025-10-14 17:00:00+00:00,11105.8938
2025-10-14 17:15:00+00:00,11105.8938
2025-10-14 17:30:00+00:00,11105.8938
2025-10-14 17:45:00+00:00,11105.8938
2025-10-14 18:00:00+00:00,11105.8938
2025-10-14 18:15:00+00:00,11105.8938
2025-10-14 18:30:00+00:00,11105.8938
2025-10-14 18:45:00+00:00,11105.8938
2025-10-14 19:00:00+00:00,11105.8938
2025-10-14 19:15:00+00:00,11105.8938
2025-10-14 19:30:00+00:00,11105.8938
2025-10-14 19:45:00+00:00,11105.8938
2025-10-14 20:00:00+00:00,11105.8938
2025-10-14 20:15:00+00:00,11105.8938
2025-10-14 20:30:00+00:00,11105.8938
2025-10-14 20:45:00+00:00,11105.8938
2025-10-14 21:00:00+00:00,11105.8938
2025-10-14 21:15:00+00:00,11105.8938
2025-10-14 21:30:00+00:00,11105.8938
2025-10-14 21:45:00+00:00,11105.8938
2025-10-14 22:00:00+00:00,11105.8938
2025-10-14 22:15:00+00:00,11105.8938
2025-10-14 22:30:00+00:00,11105.8938
2025-10-14 22:45:00+00:00,11105.8938
2025-10-14 23:00:00+00:00,11105.8938
2025-10-14 23:15:00+00:00,11105.8938
2025-10-14 23:30:00+00:00,11105.8938
2025-10-14 23:45:00+00:00,11105.8938
2025-10-15 00:00:00+00:00,11105.8938
2025-10-15 00:15:00+00:00,11105.8938
2025-10-15 00:30:00+00:00,11105.8938
2025-10-15 00:45:00+00:00,11105.8938
2025-10-15 01:00:00+00:00,11105.8938
2025-10-15 01:15:00+00:00,11105.8938
2025-10-15 01:30:00+00:00,11105.8938
2025-10-15 01:45:00+00:00,11105.8938
2025-10-15 02:00:00+00:00,11105.8938
2025-10-15 02:15:00+00:00,11105.8938
2025-10-15 02:30:00+00:00,11105.8938
2025-10-15 02:45:00+00:00,11105.8938
2025-10-15 03:00:00+00:00,11105.8938
2025-10-15 03:15:00+00:00,11105.8938
2025-10-15 03:30:00+00:00,11105.8938
2025-10-15 03:45:00+00:00,11105.8938
2025-10-15 04:00:00+00:00,11105.8938
2025-10-15 04:15:00+00:00,11105.8938
2025-10-15 04:30:00+00:00,11105.8938
2025-10-15 04:45:00+00:00,11105.8938
2025-10-15 05:00:00+00:00,11105.8938
2025-10-15 05:15:00+00:00,11105.8938
2025-10-15 05:30:00+00:00,11328.0117
2025-10-15 05:45:00+00:00,11328.0117
2025-10-15 06:00:00+00:00,11328.0117
2025-10-15 06:15:00+00:00,11328.0117
2025-10-15 06:30:00+00:00,11328.0117
2025-10-15 06:45:00+00:00,11328.0117
2025-10-15 07:00:00+00:00,11328.0117
2025-10-15 07:15:00+00:00,11328.0117
2025-10-15 07:30:00+00:00,11328.0117
2025-10-15 07:45:00+00:00,11328.0117
2025-10-15 08:00:00+00:00,11214.7316
2025-10-15 08:15:00+00:00,11214.7316
2025-10-15 08:30:00+00:00,11214.7316
2025-10-15 08:45:00+00:00,11214.7316
2025-10-15 09:00:00+00:00,11214.7316
2025-10-15 09:15:00+00:00,11214.7316
2025-10-15 09:30:00+00:00,11214.7316
2025-10-15 09:45:00+00:00,11214.7316
2025-10-15 10:00:00+00:00,11214.7316
2025-10-15 10:15:00+00:00,11214.7316
2025-10-15 10:30:00+00:00,11214.7316
2025-10-15 10:45:00+00:00,11214.7316
2025-10-15 11:00:00+00:00,11214.7316
2025-10-15 11:15:00+00:00,11439.0262
2025-10-15 11:30:00+00:00,11439.0262
2025-10-15 11:45:00+00:00,11439.0262
2025-10-15 12:00:00+00:00,11439.0262
2025-10-15 12:15:00+00:00,11439.0262
2025-10-15 12:30:00+00:00,11439.0262
2025-10-15 12:45:00+00:00,11439.0262
2025-10-15 13:00:00+00:00,11439.0262
2025-10-15 13:15:00+00:00,11439.0262
2025-10-15 13:30:00+00:00,11439.0262
2025-10-15 13:45:00+00:00,11439.0262
2025-10-15 14:00:00+00:00,11439.0262
2025-10-15 14:15:00+00:00,11439.0262
2025-10-15 14:30:00+00:00,11439.0262
2025-10-15 14:45:00+00:00,11439.0262
2025-10-15 15:00:00+00:00,11439.0262
2025-10-15 15:15:00+00:00,11439.0262
2025-10-15 15:30:00+00:00,11439.0262
2025-10-15 15:45:00+00:00,11439.0262
2025-10-15 16:00:00+00:00,11439.0262
2025-10-15 16:15:00+00:00,11439.0262
2025-10-15 16:30:00+00:00,11439.0262
2025-10-15 16:45:00+00:00,11439.0262
2025-10-15 17:00:00+00:00,11439.0262
2025-10-15 17:15:00+00:00,11439.0262
2025-10-15 17:30:00+00:00,11439.0262
2025-10-15 17:45:00+00:00,11439.0262
2025-10-15 18:00:00+00:00,11439.0262
2025-10-15 18:15:00+00:00,11439.0262
2025-10-15 18:30:00+00:00,11439.0262
2025-10-15 18:45:00+00:00,11439.0262
2025-10-15 19:00:00+00:00,11439.0262
2025-10-15 19:15:00+00:00,11439.0262
2025-10-15 19:30:00+00:00,11439.0262
2025-10-15 19:45:00+00:00,11439.0262
2025-10-15 20:00:00+00:00,11439.0262
2025-10-15 20:15:00+00:00,11439.0262
2025-10-15 20:30:00+00:00,11439.0262
2025-10-15 20:45:00+00:00,11439.0262
2025-10-15 21:00:00+00:00,11439.0262
2025-10-15 21:15:00+00:00,11439.0262
2025-10-15 21:30:00+00:00,11439.0262
2025-10-15 21:45:00+00:00,11439.0262
2025-10-15 22:00:00+00:00,11439.0262
2025-10-15 22:15:00+00:00,11439.0262
2025-10-15 22:30:00+00:00,11439.0262
2025-10-15 22:45:00+00:00,11439.0262
2025-10-15 23:00:00+00:00,11439.0262
2025-10-15 23:15:00+00:00,11439.0262
2025-10-15 23:30:00+00:00,11439.0262
2025-10-15 23:45:00+00:00,11439.0262
2025-10-16 00:00:00+00:00,11439.0262
2025-10-16 00:15:00+00:00,11439.0262
2025-10-16 00:30:00+00:00,11439.0262
2025-10-16 00:45:00+00:00,11439.0262
2025-10-16 01:00:00+00:00,11439.0262
2025-10-16 01:15:00+00:00,11439.0262
2025-10-16 01:30:00+00:00,11439.0262
2025-10-16 01:45:00+00:00,11439.0262
2025-10-16 02:00:00+00:00,11439.0262
2025-10-16 02:15:00+00:00,11439.0262
2025-10-16 02:30:00+00:00,11439.0262
2025-10-16 02:45:00+00:00,11439.0262
2025-10-16 03:00:00+00:00,11439.0262
2025-10-16 03:15:00+00:00,11439.0262
2025-10-16 03:30:00+00:00,11439.0262
2025-10-16 03:45:00+00:00,11439.0262
2025-10-16 04:00:00+00:00,11439.0262
2025-10-16 04:15:00+00:00,11439.0262
2025-10-16 04:30:00+00:00,11439.0262
2025-10-16 04:45:00+00:00,11439.0262
2025-10-16 05:00:00+00:00,11439.0262
2025-10-16 05:15:00+00:00,11439.0262
2025-10-16 05:30:00+00:00,11439.0262
2025-10-16 05:45:00+00:00,11439.0262
2025-10-16 06:00:00+00:00,11439.0262
2025-10-16 06:15:00+00:00,11439.0262
2025-10-16 06:30:00+00:00,11439.0262
2025-10-16 06:45:00+00:00,11439.0262
2025-10-16 07:00:00+00:00,11439.0262
2025-10-16 07:15:00+00:00,11439.0262
2025-10-16 07:30:00+00:00,11439.0262
2025-10-16 07:45:00+00:00,11439.0262
2025-10-16 08:00:00+00:00,11439.0262
2025-10-16 08:15:00+00:00,11439.0262
2025-10-16 08:30:00+00:00,11439.0262
2025-10-16 08:45:00+00:00,11439.0262
2025-10-16 09:00:00+00:00,11439.0262
2025-10-16 09:15:00+00:00,11439.0262
2025-10-16 09:30:00+00:00,11324.636
2025-10-16 09:45:00+00:00,11324.636
2025-10-16 10:00:00+00:00,11324.636
2025-10-16 10:15:00+00:00,11324.636
2025-10-16 10:30:00+00:00,11324.636
2025-10-16 10:45:00+00:00,11324.636
2025-10-16 11:00:00+00:00,11324.636
2025-10-16 11:15:00+00:00,11324.636
2025-10-16 11:30:00+00:00,11324.636
2025-10-16 11:45:00+00:00,11324.636
2025-10-16 12:00:00+00:00,11324.636
2025-10-16 12:15:00+00:00,11324.636
2025-10-16 12:30:00+00:00,11324.636
2025-10-16 12:45:00+00:00,11324.636
2025-10-16 13:00:00+00:00,11324.636
2025-10-16 13:15:00+00:00,11324.636
2025-10-16 13:30:00+00:00,11551.1287
2025-10-16 13:45:00+00:00,11551.1287
2025-10-16 14:00:00+00:00,11551.1287
2025-10-16 14:15:00+00:00,11551.1287
2025-10-16 14:30:00+00:00,11551.1287
2025-10-16 14:45:00+00:00,11551.1287
2025-10-16 15:00:00+00:00,11435.6174
2025-10-16 15:15:00+00:00,11435.6174
2025-10-16 15:30:00+00:00,11435.6174
2025-10-16 15:45:00+00:00,11664.3297
2025-10-16 16:00:00+00:00,11664.3297
2025-10-16 16:15:00+00:00,11664.3297
2025-10-16 16:30:00+00:00,11664.3297
2025-10-16 16:45:00+00:00,11664.3297
2025-10-16 17:00:00+00:00,11664.3297
2025-10-16 17:15:00+00:00,11664.3297
2025-10-16 17:30:00+00:00,11664.3297
2025-10-16 17:45:00+00:00,11664.3297
2025-10-16 18:00:00+00:00,11664.3297
2025-10-16 18:15:00+00:00,11664.3297
2025-10-16 18:30:00+00:00,11664.3297
2025-10-16 18:45:00+00:00,11664.3297
2025-10-16 19:00:00+00:00,11664.3297
2025-10-16 19:15:00+00:00,11664.3297
2025-10-16 19:30:00+00:00,11664.3297
2025-10-16 19:45:00+00:00,11664.3297
2025-10-16 20:00:00+00:00,11664.3297
2025-10-16 20:15:00+00:00,11664.3297
2025-10-16 20:30:00+00:00,11664.3297
2025-10-16 20:45:00+00:00,11664.3297
2025-10-16 21:00:00+00:00,11664.3297
2025-10-16 21:15:00+00:00,11664.3297
2025-10-16 21:30:00+00:00,11664.3297
2025-10-16 21:45:00+00:00,11664.3297
2025-10-16 22:00:00+00:00,11664.3297
2025-10-16 22:15:00+00:00,11664.3297
2025-10-16 22:30:00+00:00,11664.3297
2025-10-16 22:45:00+00:00,11664.3297
2025-10-16 23:00:00+00:00,11664.3297
2025-10-16 23:15:00+00:00,11664.3297
2025-10-16 23:30:00+00:00,11664.3297
2025-10-16 23:45:00+00:00,11664.3297
2025-10-17 00:00:00+00:00,11664.3297
2025-10-17 00:15:00+00:00,11664.3297
2025-10-17 00:30:00+00:00,11547.6864
2025-10-17 00:45:00+00:00,11547.6864
2025-10-17 01:00:00+00:00,11547.6864
2025-10-17 01:15:00+00:00,11547.6864
2025-10-17 01:30:00+00:00,11547.6864
2025-10-17 01:45:00+00:00,11547.6864
2025-10-17 02:00:00+00:00,11547.6864
2025-10-17 02:15:00+00:00,11547.6864
2025-10-17 02:30:00+00:00,11547.6864
2025-10-17 02:45:00+00:00,11547.6864
2025-10-17 03:00:00+00:00,11547.6864
2025-10-17 03:15:00+00:00,11547.6864
2025-10-17 03:30:00+00:00,11547.6864
2025-10-17 03:45:00+00:00,11547.6864
2025-10-17 04:00:00+00:00,11547.6864
2025-10-17 04:15:00+00:00,11547.6864
2025-10-17 04:30:00+00:00,11547.6864
2025-10-17 04:45:00+00:00,11547.6864
2025-10-17 05:00:00+00:00,11547.6864
2025-10-17 05:15:00+00:00,11547.6864
2025-10-17 05:30:00+00:00,11547.6864
2025-10-17 05:45:00+00:00,11547.6864
2025-10-17 06:00:00+00:00,11547.6864
2025-10-17 06:15:00+00:00,11547.6864
2025-10-17 06:30:00+00:00,11547.6864
2025-10-17 06:45:00+00:00,11547.6864
2025-10-17 07:00:00+00:00,11547.6864
2025-10-17 07:15:00+00:00,11547.6864
2025-10-17 07:30:00+00:00,11547.6864
2025-10-17 07:45:00+00:00,11547.6864
2025-10-17 08:00:00+00:00,11547.6864
2025-10-17 08:15:00+00:00,11547.6864
2025-10-17 08:30:00+00:00,11547.6864
2025-10-17 08:45:00+00:00,11547.6864
2025-10-17 09:00:00+00:00,11547.6864
2025-10-17 09:15:00+00:00,11547.6864
2025-10-17 09:30:00+00:00,11547.6864
2025-10-17 09:45:00+00:00,11547.6864
2025-10-17 10:00:00+00:00,11547.6864
2025-10-17 10:15:00+00:00,11547.6864
2025-10-17 10:30:00+00:00,11547.6864
2025-10-17 10:45:00+00:00,11547.6864
2025-10-17 11:00:00+00:00,11547.6864
2025-10-17 11:15:00+00:00,11547.6864
2025-10-17 11:30:00+00:00,11547.6864
2025-10-17 11:45:00+00:00,11547.6864
2025-10-17 12:00:00+00:00,11547.6864
2025-10-17 12:15:00+00:00,11547.6864
2025-10-17 12:30:00+00:00,11547.6864
2025-10-17 12:45:00+00:00,11547.6864
2025-10-17 13:00:00+00:00,11547.6864
2025-10-17 13:15:00+00:00,11547.6864
2025-10-17 13:30:00+00:00,11547.6864
2025-10-17 13:45:00+00:00,11547.6864
2025-10-17 14:00:00+00:00,11547.6864
2025-10-17 14:15:00+00:00,11547.6864
2025-10-17 14:30:00+00:00,11547.6864
2025-10-17 14:45:00+00:00,11547.6864
2025-10-17 15:00:00+00:00,11547.6864
2025-10-17 15:15:00+00:00,11547.6864
2025-10-17 15:30:00+00:00,11547.6864
2025-10-17 15:45:00+00:00,11547.6864
2025-10-17 16:00:00+00:00,11547.6864
2025-10-17 16:15:00+00:00,11547.6864
2025-10-17 16:30:00+00:00,11547.6864
2025-10-17 16:45:00+00:00,11547.6864
2025-10-17 17:00:00+00:00,11547.6864
2025-10-17 17:15:00+00:00,11547.6864
2025-10-17 17:30:00+00:00,11547.6864
2025-10-17 17:45:00+00:00,11547.6864
2025-10-17 18:00:00+00:00,11547.6864
2025-10-17 18:15:00+00:00,11547.6864
2025-10-17 18:30:00+00:00,11547.6864
2025-10-17 18:45:00+00:00,11547.6864
2025-10-17 19:00:00+00:00,11547.6864
2025-10-17 19:15:00+00:00,11547.6864
2025-10-17 19:30:00+00:00,11547.6864
2025-10-17 19:45:00+00:00,11547.6864
2025-10-17 20:00:00+00:00,11547.6864
2025-10-17 20:15:00+00:00,11547.6864
2025-10-17 20:30:00+00:00,11547.6864
2025-10-17 20:45:00+00:00,11547.6864
2025-10-17 21:00:00+00:00,11547.6864
2025-10-17 21:15:00+00:00,11547.6864
2025-10-17 21:30:00+00:00,11547.6864
2025-10-17 21:45:00+00:00,11547.6864
2025-10-17 22:00:00+00:00,11547.6864
2025-10-17 22:15:00+00:00,11547.6864
2025-10-17 22:30:00+00:00,11547.6864
2025-10-17 22:45:00+00:00,11547.6864
2025-10-17 23:00:00+00:00,11547.6864
2025-10-17 23:15:00+00:00,11547.6864
2025-10-17 23:30:00+00:00,11547.6864
2025-10-17 23:45:00+00:00,11547.6864
2025-10-18 00:00:00+00:00,11547.6864
2025-10-18 00:15:00+00:00,11547.6864
2025-10-18 00:30:00+00:00,11547.6864
2025-10-18 00:45:00+00:00,11547.6864
2025-10-18 01:00:00+00:00,11547.6864
2025-10-18 01:15:00+00:00,11547.6864
2025-10-18 01:30:00+00:00,11547.6864
2025-10-18 01:45:00+00:00,11547.6864
2025-10-18 02:00:00+00:00,11432.2096
2025-10-18 02:15:00+00:00,11432.2096
2025-10-18 02:30:00+00:00,11432.2096
2025-10-18 02:45:00+00:00,11432.2096
2025-10-18 03:00:00+00:00,11317.8875
2025-10-18 03:15:00+00:00,11317.8875
2025-10-18 03:30:00+00:00,11317.8875
2025-10-18 03:45:00+00:00,11317.8875
2025-10-18 04:00:00+00:00,11317.8875
2025-10-18 04:15:00+00:00,11317.8875
2025-10-18 04:30:00+00:00,11317.8875
2025-10-18 04:45:00+00:00,11317.8875
2025-10-18 05:00:00+00:00,11317.8875
2025-10-18 05:15:00+00:00,11317.8875
2025-10-18 05:30:00+00:00,11317.8875
2025-10-18 05:45:00+00:00,11317.8875
2025-10-18 06:00:00+00:00,11204.7086
2025-10-18 06:15:00+00:00,11204.7086
2025-10-18 06:30:00+00:00,11204.7086
2025-10-18 06:45:00+00:00,11204.7086
2025-10-18 07:00:00+00:00,11428.8028
2025-10-18 07:15:00+00:00,11428.8028
2025-10-18 07:30:00+00:00,11428.8028
2025-10-18 07:45:00+00:00,11428.8028
2025-10-18 08:00:00+00:00,11428.8028
2025-10-18 08:15:00+00:00,11428.8028
2025-10-18 08:30:00+00:00,11428.8028
2025-10-18 08:45:00+00:00,11428.8028
2025-10-18 09:00:00+00:00,11428.8028
2025-10-18 09:15:00+00:00,11428.8028
2025-10-18 09:30:00+00:00,11428.8028
2025-10-18 09:45:00+00:00,11428.8028
2025-10-18 10:00:00+00:00,11428.8028
2025-10-18 10:15:00+00:00,11428.8028
2025-10-18 10:30:00+00:00,11428.8028
2025-10-18 10:45:00+00:00,11428.8028
2025-10-18 11:00:00+00:00,11428.8028
2025-10-18 11:15:00+00:00,11428.8028
2025-10-18 11:30:00+00:00,11428.8028
2025-10-18 11:45:00+00:00,11428.8028
2025-10-18 12:00:00+00:00,11428.8028
2025-10-18 12:15:00+00:00,11428.8028
2025-10-18 12:30:00+00:00,11428.8028
2025-10-18 12:45:00+00:00,11428.8028
2025-10-18 13:00:00+00:00,11428.8028
2025-10-18 13:15:00+00:00,11428.8028
2025-10-18 13:30:00+00:00,11428.8028
2025-10-18 13:45:00+00:00,11428.8028
2025-10-18 14:00:00+00:00,11428.8028
2025-10-18 14:15:00+00:00,11428.8028
2025-10-18 14:30:00+00:00,11428.8028
2025-10-18 14:45:00+00:00,11428.8028
2025-10-18 15:00:00+00:00,11428.8028
2025-10-18 15:15:00+00:00,11428.8028
2025-10-18 15:30:00+00:00,11428.8028
2025-10-18 15:45:00+00:00,11428.8028
2025-10-18 16:00:00+00:00,11428.8028
2025-10-18 16:15:00+00:00,11428.8028
2025-10-18 16:30:00+00:00,11428.8028
2025-10-18 16:45:00+00:00,11314.5148
2025-10-18 17:00:00+00:00,11314.5148
2025-10-18 17:15:00+00:00,11314.5148
2025-10-18 17:30:00+00:00,11314.5148
2025-10-18 17:45:00+00:00,11201.3696
2025-10-18 18:00:00+00:00,11201.3696
2025-10-18 18:15:00+00:00,11201.3696
2025-10-18 18:30:00+00:00,11201.3696
2025-10-18 18:45:00+00:00,11201.3696
2025-10-18 19:00:00+00:00,11201.3696
2025-10-18 19:15:00+00:00,11089.3559
2025-10-18 19:30:00+00:00,11089.3559
2025-10-18 19:45:00+00:00,11089.3559
2025-10-18 20:00:00+00:00,11089.3559
2025-10-18 20:15:00+00:00,11089.3559
2025-10-18 20:30:00+00:00,11089.3559
2025-10-18 20:45:00+00:00,11089.3559
2025-10-18 21:00:00+00:00,11089.3559
2025-10-18 21:15:00+00:00,11089.3559
2025-10-18 21:30:00+00:00,11089.3559
2025-10-18 21:45:00+00:00,11089.3559
2025-10-18 22:00:00+00:00,11089.3559
2025-10-18 22:15:00+00:00,11089.3559
2025-10-18 22:30:00+00:00,11089.3559
2025-10-18 22:45:00+00:00,10978.4624
2025-10-18 23:00:00+00:00,10978.4624
2025-10-18 23:15:00+00:00,10978.4624
2025-10-18 23:30:00+00:00,10978.4624
2025-10-18 23:45:00+00:00,10978.4624
2025-10-19 00:00:00+00:00,10978.4624
2025-10-19 00:15:00+00:00,10978.4624
2025-10-19 00:30:00+00:00,10978.4624
2025-10-19 00:45:00+00:00,10978.4624
2025-10-19 01:00:00+00:00,10978.4624
2025-10-19 01:15:00+00:00,10978.4624
2025-10-19 01:30:00+00:00,10978.4624
2025-10-19 01:45:00+00:00,10978.4624
2025-10-19 02:00:00+00:00,10978.4624
2025-10-19 02:15:00+00:00,10978.4624
2025-10-19 02:30:00+00:00,10978.4624
2025-10-19 02:45:00+00:00,10978.4624
2025-10-19 03:00:00+00:00,10978.4624
2025-10-19 03:15:00+00:00,10978.4624
2025-10-19 03:30:00+00:00,10978.4624
2025-10-19 03:45:00+00:00,10978.4624
2025-10-19 04:00:00+00:00,10978.4624
2025-10-19 04:15:00+00:00,10978.4624
2025-10-19 04:30:00+00:00,10978.4624
2025-10-19 04:45:00+00:00,10978.4624
2025-10-19 05:00:00+00:00,10868.6777
2025-10-19 05:15:00+00:00,10868.6777
2025-10-19 05:30:00+00:00,10868.6777
2025-10-19 05:45:00+00:00,10868.6777
2025-10-19 06:00:00+00:00,10868.6777
2025-10-19 06:15:00+00:00,10868.6777
2025-10-19 06:30:00+00:00,10868.6777
2025-10-19 06:45:00+00:00,10868.6777
2025-10-19 07:00:00+00:00,10868.6777
2025-10-19 07:15:00+00:00,10868.6777
2025-10-19 07:30:00+00:00,10868.6777
2025-10-19 07:45:00+00:00,10868.6777
2025-10-19 08:00:00+00:00,10868.6777
2025-10-19 08:15:00+00:00,10759.991
2025-10-19 08:30:00+00:00,10759.991
2025-10-19 08:45:00+00:00,10759.991
2025-10-19 09:00:00+00:00,10759.991
2025-10-19 09:15:00+00:00,10759.991
2025-10-19 09:30:00+00:00,10652.391
2025-10-19 09:45:00+00:00,10652.391
2025-10-19 10:00:00+00:00,10652.391
2025-10-19 10:15:00+00:00,10652.391
2025-10-19 10:30:00+00:00,10652.391
2025-10-19 10:45:00+00:00,10652.391
2025-10-19 11:00:00+00:00,10652.391
2025-10-19 11:15:00+00:00,10652.391
2025-10-19 11:30:00+00:00,10652.391
2025-10-19 11:45:00+00:00,10652.391
2025-10-19 12:00:00+00:00,10652.391
2025-10-19 12:15:00+00:00,10652.391
2025-10-19 12:30:00+00:00,10652.391
2025-10-19 12:45:00+00:00,10652.391
2025-10-19 13:00:00+00:00,10652.391
2025-10-19 13:15:00+00:00,10652.391
2025-10-19 13:30:00+00:00,10652.391
2025-10-19 13:45:00+00:00,10652.391
2025-10-19 14:00:00+00:00,10652.391
2025-10-19 14:15:00+00:00,10652.391
2025-10-19 14:30:00+00:00,10652.391
2025-10-19 14:45:00+00:00,10652.391
2025-10-19 15:00:00+00:00,10652.391
2025-10-19 15:15:00+00:00,10652.391
2025-10-19 15:30:00+00:00,10652.391
2025-10-19 15:45:00+00:00,10652.391
2025-10-19 16:00:00+00:00,10652.391
2025-10-19 16:15:00+00:00,10652.391
2025-10-19 16:30:00+00:00,10652.391
2025-10-19 16:45:00+00:00,10652.391
2025-10-19 17:00:00+00:00,10652.391
2025-10-19 17:15:00+00:00,10652.391
2025-10-19 17:30:00+00:00,10652.391
2025-10-19 17:45:00+00:00,10652.391
2025-10-19 18:00:00+00:00,10652.391
2025-10-19 18:15:00+00:00,10652.391
2025-10-19 18:30:00+00:00,10652.391
2025-10-19 18:45:00+00:00,10652.391
2025-10-19 19:00:00+00:00,10652.391
2025-10-19 19:15:00+00:00,10652.391
2025-10-19 19:30:00+00:00,10652.391
2025-10-19 19:45:00+00:00,10652.391
2025-10-19 20:00:00+00:00,10652.391
2025-10-19 20:15:00+00:00,10652.391
2025-10-19 20:30:00+00:00,10652.391
2025-10-19 20:45:00+00:00,10652.391
2025-10-19 21:00:00+00:00,10652.391
2025-10-19 21:15:00+00:00,10652.391
2025-10-19 21:30:00+00:00,10652.391
2025-10-19 21:45:00+00:00,10652.391
2025-10-19 22:00:00+00:00,10652.391
2025-10-19 22:15:00+00:00,10652.391
2025-10-19 22:30:00+00:00,10652.391
2025-10-19 22:45:00+00:00,10652.391
2025-10-19 23:00:00+00:00,10652.391
2025-10-19 23:15:00+00:00,10652.391
2025-10-19 23:30:00+00:00,10652.391
2025-10-19 23:45:00+00:00,10652.391
2025-10-20 00:00:00+00:00,10652.391
2025-10-20 00:15:00+00:00,10545.8671
2025-10-20 00:30:00+00:00,10545.8671
2025-10-20 00:45:00+00:00,10545.8671
2025-10-20 01:00:00+00:00,10545.8671
2025-10-20 01:15:00+00:00,10545.8671
2025-10-20 01:30:00+00:00,10545.8671
2025-10-20 01:45:00+00:00,10545.8671
2025-10-20 02:00:00+00:00,10545.8671
2025-10-20 02:15:00+00:00,10545.8671
2025-10-20 02:30:00+00:00,10545.8671
2025-10-20 02:45:00+00:00,10545.8671
2025-10-20 03:00:00+00:00,10545.8671
2025-10-20 03:15:00+00:00,10545.8671
2025-10-20 03:30:00+00:00,10545.8671
2025-10-20 03:45:00+00:00,10545.8671
2025-10-20 04:00:00+00:00,10545.8671
2025-10-20 04:15:00+00:00,10545.8671
2025-10-20 04:30:00+00:00,10545.8671
2025-10-20 04:45:00+00:00,10545.8671
2025-10-20 05:00:00+00:00,10545.8671
2025-10-20 05:15:00+00:00,10545.8671
2025-10-20 05:30:00+00:00,10545.8671
2025-10-20 05:45:00+00:00,10545.8671
2025-10-20 06:00:00+00:00,10545.8671
2025-10-20 06:15:00+00:00,10545.8671
2025-10-20 06:30:00+00:00,10545.8671
2025-10-20 06:45:00+00:00,10545.8671
2025-10-20 07:00:00+00:00,10545.8671
2025-10-20 07:15:00+00:00,10545.8671
2025-10-20 07:30:00+00:00,10545.8671
2025-10-20 07:45:00+00:00,10545.8671
2025-10-20 08:00:00+00:00,10545.8671
2025-10-20 08:15:00+00:00,10545.8671
2025-10-20 08:30:00+00:00,10545.8671
2025-10-20 08:45:00+00:00,10545.8671
2025-10-20 09:00:00+00:00,10545.8671
2025-10-20 09:15:00+00:00,10545.8671
2025-10-20 09:30:00+00:00,10545.8671
2025-10-20 09:45:00+00:00,10545.8671
2025-10-20 10:00:00+00:00,10545.8671
2025-10-20 10:15:00+00:00,10545.8671
2025-10-20 10:30:00+00:00,10545.8671
2025-10-20 10:45:00+00:00,10545.8671
2025-10-20 11:00:00+00:00,10440.4085
2025-10-20 11:15:00+00:00,10440.4085
2025-10-20 11:30:00+00:00,10440.4085
2025-10-20 11:45:00+00:00,10440.4085
2025-10-20 12:00:00+00:00,10440.4085
2025-10-20 12:15:00+00:00,10440.4085
2025-10-20 12:30:00+00:00,10440.4085
2025-10-20 12:45:00+00:00,10440.4085
2025-10-20 13:00:00+00:00,10440.4085
2025-10-20 13:15:00+00:00,10440.4085
2025-10-20 13:30:00+00:00,10440.4085
2025-10-20 13:45:00+00:00,10440.4085
2025-10-20 14:00:00+00:00,10440.4085
2025-10-20 14:15:00+00:00,10440.4085
2025-10-20 14:30:00+00:00,10440.4085
2025-10-20 14:45:00+00:00,10440.4085
2025-10-20 15:00:00+00:00,10440.4085
2025-10-20 15:15:00+00:00,10440.4085
2025-10-20 15:30:00+00:00,10440.4085
2025-10-20 15:45:00+00:00,10440.4085
2025-10-20 16:00:00+00:00,10440.4085
2025-10-20 16:15:00+00:00,10440.4085
2025-10-20 16:30:00+00:00,10440.4085
2025-10-20 16:45:00+00:00,10440.4085
2025-10-20 17:00:00+00:00,10440.4085
2025-10-20 17:15:00+00:00,10440.4085
2025-10-20 17:30:00+00:00,10440.4085
2025-10-20 17:45:00+00:00,10440.4085
2025-10-20 18:00:00+00:00,10440.4085
2025-10-20 18:15:00+00:00,10440.4085
2025-10-20 18:30:00+00:00,10440.4085
2025-10-20 18:45:00+00:00,10440.4085
2025-10-20 19:00:00+00:00,10440.4085
2025-10-20 19:15:00+00:00,10440.4085
2025-10-20 19:30:00+00:00,10440.4085
2025-10-20 19:45:00+00:00,10440.4085
2025-10-20 20:00:00+00:00,10440.4085
2025-10-20 20:15:00+00:00,10440.4085
2025-10-20 20:30:00+00:00,10440.4085
2025-10-20 20:45:00+00:00,10440.4085
2025-10-20 21:00:00+00:00,10440.4085
2025-10-20 21:15:00+00:00,10440.4085
2025-10-20 21:30:00+00:00,10440.4085
2025-10-20 21:45:00+00:00,10440.4085
2025-10-20 22:00:00+00:00,10440.4085
2025-10-20 22:15:00+00:00,10440.4085
2025-10-20 22:30:00+00:00,10440.4085
2025-10-20 22:45:00+00:00,10440.4085
2025-10-20 23:00:00+00:00,10440.4085
2025-10-20 23:15:00+00:00,10440.4085
2025-10-20 23:30:00+00:00,10440.4085
2025-10-20 23:45:00+00:00,10440.4085
2025-10-21 00:00:00+00:00,10440.4085
2025-10-21 00:15:00+00:00,10440.4085
2025-10-21 00:30:00+00:00,10440.4085
2025-10-21 00:45:00+00:00,10440.4085
2025-10-21 01:00:00+00:00,10440.4085
2025-10-21 01:15:00+00:00,10440.4085
2025-10-21 01:30:00+00:00,10440.4085
2025-10-21 01:45:00+00:00,10440.4085
2025-10-21 02:00:00+00:00,10440.4085
2025-10-21 02:15:00+00:00,10440.4085
2025-10-21 02:30:00+00:00,10440.4085
2025-10-21 02:45:00+00:00,10440.4085
2025-10-21 03:00:00+00:00,10440.4085
2025-10-21 03:15:00+00:00,10440.4085
2025-10-21 03:30:00+00:00,10440.4085
2025-10-21 03:45:00+00:00,10440.4085
2025-10-21 04:00:00+00:00,10440.4085
2025-10-21 04:15:00+00:00,10440.4085
2025-10-21 04:30:00+00:00,10440.4085
2025-10-21 04:45:00+00:00,10440.4085
2025-10-21 05:00:00+00:00,10440.4085
2025-10-21 05:15:00+00:00,10440.4085
2025-10-21 05:30:00+00:00,10440.4085
2025-10-21 05:45:00+00:00,10440.4085
2025-10-21 06:00:00+00:00,10440.4085
2025-10-21 06:15:00+00:00,10440.4085
2025-10-21 06:30:00+00:00,10440.4085
2025-10-21 06:45:00+00:00,10440.4085
2025-10-21 07:00:00+00:00,10440.4085
2025-10-21 07:15:00+00:00,10440.4085
2025-10-21 07:30:00+00:00,10440.4085
2025-10-21 07:45:00+00:00,10440.4085
2025-10-21 08:00:00+00:00,10440.4085
2025-10-21 08:15:00+00:00,10440.4085
2025-10-21 08:30:00+00:00,10440.4085
2025-10-21 08:45:00+00:00,10440.4085
2025-10-21 09:00:00+00:00,10440.4085
2025-10-21 09:15:00+00:00,10440.4085
2025-10-21 09:30:00+00:00,10440.4085
2025-10-21 09:45:00+00:00,10440.4085
2025-10-21 10:00:00+00:00,10440.4085
2025-10-21 10:15:00+00:00,10440.4085
2025-10-21 10:30:00+00:00,10440.4085
2025-10-21 10:45:00+00:00,10440.4085
2025-10-21 11:00:00+00:00,10440.4085
2025-10-21 11:15:00+00:00,10440.4085
2025-10-21 11:30:00+00:00,10440.4085
2025-10-21 11:45:00+00:00,10440.4085
2025-10-21 12:00:00+00:00,10440.4085
2025-10-21 12:15:00+00:00,10440.4085
2025-10-21 12:30:00+00:00,10440.4085
2025-10-21 12:45:00+00:00,10440.4085
2025-10-21 13:00:00+00:00,10440.4085
2025-10-21 13:15:00+00:00,10440.4085
2025-10-21 13:30:00+00:00,10440.4085
2025-10-21 13:45:00+00:00,10440.4085
2025-10-21 14:00:00+00:00,10440.4085
2025-10-21 14:15:00+00:00,10440.4085
2025-10-21 14:30:00+00:00,10440.4085
2025-10-21 14:45:00+00:00,10440.4085
2025-10-21 15:00:00+00:00,10440.4085
2025-10-21 15:15:00+00:00,10440.4085
2025-10-21 15:30:00+00:00,10440.4085
2025-10-21 15:45:00+00:00,10440.4085
2025-10-21 16:00:00+00:00,10440.4085
2025-10-21 16:15:00+00:00,10440.4085
2025-10-21 16:30:00+00:00,10440.4085
2025-10-21 16:45:00+00:00,10440.4085
2025-10-21 17:00:00+00:00,10440.4085
2025-10-21 17:15:00+00:00,10440.4085
2025-10-21 17:30:00+00:00,10440.4085
2025-10-21 17:45:00+00:00,10440.4085
2025-10-21 18:00:00+00:00,10440.4085
2025-10-21 18:15:00+00:00,10440.4085
2025-10-21 18:30:00+00:00,10440.4085
2025-10-21 18:45:00+00:00,10440.4085
2025-10-21 19:00:00+00:00,10440.4085
2025-10-21 19:15:00+00:00,10440.4085
2025-10-21 19:30:00+00:00,10440.4085
2025-10-21 19:45:00+00:00,10440.4085
2025-10-21 20:00:00+00:00,10440.4085
2025-10-21 20:15:00+00:00,10440.4085
2025-10-21 20:30:00+00:00,10440.4085
2025-10-21 20:45:00+00:00,10440.4085
2025-10-21 21:00:00+00:00,10440.4085
2025-10-21 21:15:00+00:00,10440.4085
2025-10-21 21:30:00+00:00,10440.4085
2025-10-21 21:45:00+00:00,10440.4085
2025-10-21 22:00:00+00:00,10440.4085
2025-10-21 22:15:00+00:00,10440.4085
2025-10-21 22:30:00+00:00,10440.4085
2025-10-21 22:45:00+00:00,10440.4085
2025-10-21 23:00:00+00:00,10440.4085
2025-10-21 23:15:00+00:00,10440.4085
2025-10-21 23:30:00+00:00,10440.4085
2025-10-21 23:45:00+00:00,10440.4085
2025-10-22 00:00:00+00:00,10440.4085
2025-10-22 00:15:00+00:00,10440.4085
2025-10-22 00:30:00+00:00,10440.4085
2025-10-22 00:45:00+00:00,10440.4085
2025-10-22 01:00:00+00:00,10440.4085
2025-10-22 01:15:00+00:00,10440.4085
2025-10-22 01:30:00+00:00,10440.4085
2025-10-22 01:45:00+00:00,10440.4085
2025-10-22 02:00:00+00:00,10440.4085
2025-10-22 02:15:00+00:00,10440.4085
2025-10-22 02:30:00+00:00,10440.4085
2025-10-22 02:45:00+00:00,10440.4085
2025-10-22 03:00:00+00:00,10440.4085
2025-10-22 03:15:00+00:00,10440.4085
2025-10-22 03:30:00+00:00,10440.4085
2025-10-22 03:45:00+00:00,10440.4085
2025-10-22 04:00:00+00:00,10440.4085
2025-10-22 04:15:00+00:00,10440.4085
2025-10-22 04:30:00+00:00,10440.4085
2025-10-22 04:45:00+00:00,10440.4085
2025-10-22 05:00:00+00:00,10440.4085
2025-10-22 05:15:00+00:00,10440.4085
2025-10-22 05:30:00+00:00,10440.4085
2025-10-22 05:45:00+00:00,10440.4085
2025-10-22 06:00:00+00:00,10440.4085
2025-10-22 06:15:00+00:00,10440.4085
2025-10-22 06:30:00+00:00,10440.4085
2025-10-22 06:45:00+00:00,10440.4085
2025-10-22 07:00:00+00:00,10440.4085
2025-10-22 07:15:00+00:00,10440.4085
2025-10-22 07:30:00+00:00,10440.4085
2025-10-22 07:45:00+00:00,10440.4085
2025-10-22 08:00:00+00:00,10440.4085
2025-10-22 08:15:00+00:00,10440.4085
2025-10-22 08:30:00+00:00,10440.4085
2025-10-22 08:45:00+00:00,10440.4085
2025-10-22 09:00:00+00:00,10440.4085
2025-10-22 09:15:00+00:00,10440.4085
2025-10-22 09:30:00+00:00,10440.4085
2025-10-22 09:45:00+00:00,10649.2166
2025-10-22 10:00:00+00:00,10649.2166
2025-10-22 10:15:00+00:00,10649.2166
2025-10-22 10:30:00+00:00,10649.2166
2025-10-22 10:45:00+00:00,10649.2166
2025-10-22 11:00:00+00:00,10649.2166
2025-10-22 11:15:00+00:00,10649.2166
2025-10-22 11:30:00+00:00,10649.2166
2025-10-22 11:45:00+00:00,10649.2166
2025-10-22 12:00:00+00:00,10649.2166
2025-10-22 12:15:00+00:00,10542.7245
2025-10-22 12:30:00+00:00,10542.7245
2025-10-22 12:45:00+00:00,10542.7245
2025-10-22 13:00:00+00:00,10542.7245
2025-10-22 13:15:00+00:00,10542.7245
2025-10-22 13:30:00+00:00,10542.7245
2025-10-22 13:45:00+00:00,10542.7245
2025-10-22 14:00:00+00:00,10542.7245
2025-10-22 14:15:00+00:00,10542.7245
2025-10-22 14:30:00+00:00,10542.7245
2025-10-22 14:45:00+00:00,10542.7245
2025-10-22 15:00:00+00:00,10542.7245
2025-10-22 15:15:00+00:00,10542.7245
2025-10-22 15:30:00+00:00,10542.7245
2025-10-22 15:45:00+00:00,10542.7245
2025-10-22 16:00:00+00:00,10542.7245
2025-10-22 16:15:00+00:00,10542.7245
2025-10-22 16:30:00+00:00,10542.7245
2025-10-22 16:45:00+00:00,10542.7245
2025-10-22 17:00:00+00:00,10542.7245
2025-10-22 17:15:00+00:00,10542.7245
2025-10-22 17:30:00+00:00,10542.7245
2025-10-22 17:45:00+00:00,10542.7245
2025-10-22 18:00:00+00:00,10542.7245
2025-10-22 18:15:00+00:00,10542.7245
2025-10-22 18:30:00+00:00,10542.7245
2025-10-22 18:45:00+00:00,10542.7245
2025-10-22 19:00:00+00:00,10542.7245
2025-10-22 19:15:00+00:00,10542.7245
2025-10-22 19:30:00+00:00,10542.7245
2025-10-22 19:45:00+00:00,10542.7245
2025-10-22 20:00:00+00:00,10542.7245
2025-10-22 20:15:00+00:00,10542.7245
2025-10-22 20:30:00+00:00,10542.7245
2025-10-22 20:45:00+00:00,10542.7245
2025-10-22 21:00:00+00:00,10753.579
2025-10-22 21:15:00+00:00,10753.579
2025-10-22 21:30:00+00:00,10753.579
2025-10-22 21:45:00+00:00,10753.579
2025-10-22 22:00:00+00:00,10646.0432
2025-10-22 22:15:00+00:00,10646.0432
2025-10-22 22:30:00+00:00,10646.0432
2025-10-22 22:45:00+00:00,10646.0432
2025-10-22 23:00:00+00:00,10646.0432
2025-10-22 23:15:00+00:00,10646.0432
2025-10-22 23:30:00+00:00,10646.0432
2025-10-22 23:45:00+00:00,10646.0432
2025-10-23 00:00:00+00:00,10646.0432
2025-10-23 00:15:00+00:00,10646.0432
2025-10-23 00:30:00+00:00,10646.0432
2025-10-23 00:45:00+00:00,10646.0432
2025-10-23 01:00:00+00:00,10646.0432
2025-10-23 01:15:00+00:00,10646.0432
2025-10-23 01:30:00+00:00,10646.0432
2025-10-23 01:45:00+00:00,10646.0432
2025-10-23 02:00:00+00:00,10646.0432
2025-10-23 02:15:00+00:00,10646.0432
2025-10-23 02:30:00+00:00,10646.0432
2025-10-23 02:45:00+00:00,10646.0432
2025-10-23 03:00:00+00:00,10646.0432
2025-10-23 03:15:00+00:00,10646.0432
2025-10-23 03:30:00+00:00,10646.0432
2025-10-23 03:45:00+00:00,10646.0432
2025-10-23 04:00:00+00:00,10646.0432
2025-10-23 04:15:00+00:00,10646.0432
2025-10-23 04:30:00+00:00,10646.0432
2025-10-23 04:45:00+00:00,10646.0432
2025-10-23 05:00:00+00:00,10646.0432
2025-10-23 05:15:00+00:00,10646.0432
2025-10-23 05:30:00+00:00,10646.0432
2025-10-23 05:45:00+00:00,10646.0432
2025-10-23 06:00:00+00:00,10646.0432
2025-10-23 06:15:00+00:00,10646.0432
2025-10-23 06:30:00+00:00,10646.0432
2025-10-23 06:45:00+00:00,10646.0432
2025-10-23 07:00:00+00:00,10646.0432
2025-10-23 07:15:00+00:00,10646.0432
2025-10-23 07:30:00+00:00,10646.0432
2025-10-23 07:45:00+00:00,10646.0432
2025-10-23 08:00:00+00:00,10646.0432
2025-10-23 08:15:00+00:00,10646.0432
2025-10-23 08:30:00+00:00,10646.0432
2025-10-23 08:45:00+00:00,10646.0432
2025-10-23 09:00:00+00:00,10646.0432
2025-10-23 09:15:00+00:00,10646.0432
2025-10-23 09:30:00+00:00,10646.0432
2025-10-23 09:45:00+00:00,10646.0432
2025-10-23 10:00:00+00:00,10646.0432
2025-10-23 10:15:00+00:00,10646.0432
2025-10-23 10:30:00+00:00,10646.0432
2025-10-23 10:45:00+00:00,10646.0432
2025-10-23 11:00:00+00:00,10646.0432
2025-10-23 11:15:00+00:00,10646.0432
2025-10-23 11:30:00+00:00,10646.0432
2025-10-23 11:45:00+00:00,10646.0432
2025-10-23 12:00:00+00:00,10646.0432
2025-10-23 12:15:00+00:00,10646.0432
2025-10-23 12:30:00+00:00,10646.0432
2025-10-23 12:45:00+00:00,10646.0432
2025-10-23 13:00:00+00:00,10646.0432
2025-10-23 13:15:00+00:00,10646.0432
2025-10-23 13:30:00+00:00,10646.0432
2025-10-23 13:45:00+00:00,10646.0432
2025-10-23 14:00:00+00:00,10646.0432
2025-10-23 14:15:00+00:00,10646.0432
2025-10-23 14:30:00+00:00,10646.0432
2025-10-23 14:45:00+00:00,10646.0432
2025-10-23 15:00:00+00:00,10646.0432
2025-10-23 15:15:00+00:00,10646.0432
2025-10-23 15:30:00+00:00,10646.0432
2025-10-23 15:45:00+00:00,10646.0432
2025-10-23 16:00:00+00:00,10646.0432
2025-10-23 16:15:00+00:00,10646.0432
2025-10-23 16:30:00+00:00,10646.0432
2025-10-23 16:45:00+00:00,10646.0432
2025-10-23 17:00:00+00:00,10646.0432
2025-10-23 17:15:00+00:00,10646.0432
2025-10-23 17:30:00+00:00,10646.0432
2025-10-23 17:45:00+00:00,10646.0432
2025-10-23 18:00:00+00:00,10646.0432
2025-10-23 18:15:00+00:00,10646.0432
2025-10-23 18:30:00+00:00,10646.0432
2025-10-23 18:45:00+00:00,10646.0432
2025-10-23 19:00:00+00:00,10646.0432
2025-10-23 19:15:00+00:00,10646.0432
2025-10-23 19:30:00+00:00,10646.0432
2025-10-23 19:45:00+00:00,10646.0432
2025-10-23 20:00:00+00:00,10646.0432
2025-10-23 20:15:00+00:00,10646.0432
2025-10-23 20:30:00+00:00,10646.0432
2025-10-23 20:45:00+00:00,10646.0432
2025-10-23 21:00:00+00:00,10646.0432
2025-10-23 21:15:00+00:00,10646.0432
2025-10-23 21:30:00+00:00,10646.0432
2025-10-23 21:45:00+00:00,10646.0432
2025-10-23 22:00:00+00:00,10646.0432
2025-10-23 22:15:00+00:00,10646.0432
2025-10-23 22:30:00+00:00,10646.0432
2025-10-23 22:45:00+00:00,10646.0432
2025-10-23 23:00:00+00:00,10646.0432
2025-10-23 23:15:00+00:00,10646.0432
2025-10-23 23:30:00+00:00,10646.0432
2025-10-23 23:45:00+00:00,10646.0432
2025-10-24 00:00:00+00:00,10646.0432
2025-10-24 00:15:00+00:00,10646.0432
2025-10-24 00:30:00+00:00,10646.0432
2025-10-24 00:45:00+00:00,10646.0432
2025-10-24 01:00:00+00:00,10646.0432
2025-10-24 01:15:00+00:00,10646.0432
2025-10-24 01:30:00+00:00,10646.0432
2025-10-24 01:45:00+00:00,10646.0432
2025-10-24 02:00:00+00:00,10646.0432
2025-10-24 02:15:00+00:00,10646.0432
2025-10-24 02:30:00+00:00,10646.0432
2025-10-24 02:45:00+00:00,10646.0432
2025-10-24 03:00:00+00:00,10646.0432
2025-10-24 03:15:00+00:00,10646.0432
2025-10-24 03:30:00+00:00,10646.0432
2025-10-24 03:45:00+00:00,10646.0432
2025-10-24 04:00:00+00:00,10646.0432
2025-10-24 04:15:00+00:00,10646.0432
2025-10-24 04:30:00+00:00,10646.0432
2025-10-24 04:45:00+00:00,10646.0432
2025-10-24 05:00:00+00:00,10646.0432
2025-10-24 05:15:00+00:00,10646.0432
2025-10-24 05:30:00+00:00,10646.0432
2025-10-24 05:45:00+00:00,10646.0432
2025-10-24 06:00:00+00:00,10646.0432
2025-10-24 06:15:00+00:00,10646.0432
2025-10-24 06:30:00+00:00,10646.0432
2025-10-24 06:45:00+00:00,10646.0432
2025-10-24 07:00:00+00:00,10646.0432
2025-10-24 07:15:00+00:00,10646.0432
2025-10-24 07:30:00+00:00,10646.0432
2025-10-24 07:45:00+00:00,10646.0432
2025-10-24 08:00:00+00:00,10646.0432
2025-10-24 08:15:00+00:00,10646.0432
2025-10-24 08:30:00+00:00,10646.0432
2025-10-24 08:45:00+00:00,10646.0432
2025-10-24 09:00:00+00:00,10646.0432
2025-10-24 09:15:00+00:00,10646.0432
2025-10-24 09:30:00+00:00,10646.0432
2025-10-24 09:45:00+00:00,10646.0432
2025-10-24 10:00:00+00:00,10646.0432
2025-10-24 10:15:00+00:00,10646.0432
2025-10-24 10:30:00+00:00,10646.0432
2025-10-24 10:45:00+00:00,10646.0432
2025-10-24 11:00:00+00:00,10646.0432
2025-10-24 11:15:00+00:00,10646.0432
2025-10-24 11:30:00+00:00,10646.0432
2025-10-24 11:45:00+00:00,10646.0432
2025-10-24 12:00:00+00:00,10646.0432
2025-10-24 12:15:00+00:00,10646.0432
2025-10-24 12:30:00+00:00,10646.0432
2025-10-24 12:45:00+00:00,10646.0432
2025-10-24 13:00:00+00:00,10646.0432
2025-10-24 13:15:00+00:00,10646.0432
2025-10-24 13:30:00+00:00,10646.0432
2025-10-24 13:45:00+00:00,10646.0432
2025-10-24 14:00:00+00:00,10646.0432
2025-10-24 14:15:00+00:00,10646.0432
2025-10-24 14:30:00+00:00,10646.0432
2025-10-24 14:45:00+00:00,10646.0432
2025-10-24 15:00:00+00:00,10646.0432
2025-10-24 15:15:00+00:00,10646.0432
2025-10-24 15:30:00+00:00,10646.0432
2025-10-24 15:45:00+00:00,10646.0432
2025-10-24 16:00:00+00:00,10646.0432
2025-10-24 16:15:00+00:00,10646.0432
2025-10-24 16:30:00+00:00,10646.0432
2025-10-24 16:45:00+00:00,10646.0432
2025-10-24 17:00:00+00:00,10646.0432
2025-10-24 17:15:00+00:00,10646.0432
2025-10-24 17:30:00+00:00,10646.0432
2025-10-24 17:45:00+00:00,10646.0432
2025-10-24 18:00:00+00:00,10646.0432
2025-10-24 18:15:00+00:00,10646.0432
2025-10-24 18:30:00+00:00,10646.0432
2025-10-24 18:45:00+00:00,10646.0432
2025-10-24 19:00:00+00:00,10646.0432
2025-10-24 19:15:00+00:00,10646.0432
2025-10-24 19:30:00+00:00,10646.0432
2025-10-24 19:45:00+00:00,10646.0432
2025-10-24 20:00:00+00:00,10646.0432
2025-10-24 20:15:00+00:00,10646.0432
2025-10-24 20:30:00+00:00,10646.0432
2025-10-24 20:45:00+00:00,10646.0432
2025-10-24 21:00:00+00:00,10646.0432
2025-10-24 21:15:00+00:00,10646.0432
2025-10-24 21:30:00+00:00,10646.0432
2025-10-24 21:45:00+00:00,10646.0432
2025-10-24 22:00:00+00:00,10646.0432
2025-10-24 22:15:00+00:00,10646.0432
2025-10-24 22:30:00+00:00,10646.0432
2025-10-24 22:45:00+00:00,10646.0432
2025-10-24 23:00:00+00:00,10646.0432
2025-10-24 23:15:00+00:00,10646.0432
2025-10-24 23:30:00+00:00,10646.0432
2025-10-24 23:45:00+00:00,10646.0432
2025-10-25 00:00:00+00:00,10646.0432
2025-10-25 00:15:00+00:00,10646.0432
2025-10-25 00:30:00+00:00,10646.0432
2025-10-25 00:45:00+00:00,10646.0432
2025-10-25 01:00:00+00:00,10646.0432
2025-10-25 01:15:00+00:00,10646.0432
2025-10-25 01:30:00+00:00,10646.0432
2025-10-25 01:45:00+00:00,10646.0432
2025-10-25 02:00:00+00:00,10646.0432
2025-10-25 02:15:00+00:00,10646.0432
2025-10-25 02:30:00+00:00,10646.0432
2025-10-25 02:45:00+00:00,10646.0432
2025-10-25 03:00:00+00:00,10646.0432
2025-10-25 03:15:00+00:00,10646.0432
2025-10-25 03:30:00+00:00,10646.0432
2025-10-25 03:45:00+00:00,10646.0432
2025-10-25 04:00:00+00:00,10646.0432
2025-10-25 04:15:00+00:00,10646.0432
2025-10-25 04:30:00+00:00,10646.0432
2025-10-25 04:45:00+00:00,10646.0432
2025-10-25 05:00:00+00:00,10646.0432
2025-10-25 05:15:00+00:00,10646.0432
2025-10-25 05:30:00+00:00,10646.0432
2025-10-25 05:45:00+00:00,10646.0432
2025-10-25 06:00:00+00:00,10646.0432
2025-10-25 06:15:00+00:00,10646.0432
2025-10-25 06:30:00+00:00,10646.0432
2025-10-25 06:45:00+00:00,10646.0432
2025-10-25 07:00:00+00:00,10646.0432
2025-10-25 07:15:00+00:00,10646.0432
2025-10-25 07:30:00+00:00,10646.0432
2025-10-25 07:45:00+00:00,10646.0432
2025-10-25 08:00:00+00:00,10646.0432
2025-10-25 08:15:00+00:00,10646.0432
2025-10-25 08:30:00+00:00,10646.0432
2025-10-25 08:45:00+00:00,10646.0432
2025-10-25 09:00:00+00:00,10646.0432
2025-10-25 09:15:00+00:00,10646.0432
2025-10-25 09:30:00+00:00,10646.0432
2025-10-25 09:45:00+00:00,10646.0432
2025-10-25 10:00:00+00:00,10646.0432
2025-10-25 10:15:00+00:00,10646.0432
2025-10-25 10:30:00+00:00,10646.0432
2025-10-25 10:45:00+00:00,10646.0432
2025-10-25 11:00:00+00:00,10646.0432
2025-10-25 11:15:00+00:00,10646.0432
2025-10-25 11:30:00+00:00,10646.0432
2025-10-25 11:45:00+00:00,10646.0432
2025-10-25 12:00:00+00:00,10646.0432
2025-10-25 12:15:00+00:00,10646.0432
2025-10-25 12:30:00+00:00,10646.0432
2025-10-25 12:45:00+00:00,10646.0432
2025-10-25 13:00:00+00:00,10646.0432
2025-10-25 13:15:00+00:00,10646.0432
2025-10-25 13:30:00+00:00,10646.0432
2025-10-25 13:45:00+00:00,10646.0432
2025-10-25 14:00:00+00:00,10646.0432
2025-10-25 14:15:00+00:00,10646.0432
2025-10-25 14:30:00+00:00,10646.0432
2025-10-25 14:45:00+00:00,10646.0432
2025-10-25 15:00:00+00:00,10646.0432
2025-10-25 15:15:00+00:00,10646.0432
2025-10-25 15:30:00+00:00,10646.0432
2025-10-25 15:45:00+00:00,10646.0432
2025-10-25 16:00:00+00:00,10646.0432
2025-10-25 16:15:00+00:00,10646.0432
2025-10-25 16:30:00+00:00,10646.0432
2025-10-25 16:45:00+00:00,10646.0432
2025-10-25 17:00:00+00:00,10646.0432
2025-10-25 17:15:00+00:00,10646.0432
2025-10-25 17:30:00+00:00,10646.0432
2025-10-25 17:45:00+00:00,10646.0432
2025-10-25 18:00:00+00:00,10646.0432
2025-10-25 18:15:00+00:00,10646.0432
2025-10-25 18:30:00+00:00,10646.0432
2025-10-25 18:45:00+00:00,10646.0432
2025-10-25 19:00:00+00:00,10646.0432
2025-10-25 19:15:00+00:00,10646.0432
2025-10-25 19:30:00+00:00,10646.0432
2025-10-25 19:45:00+00:00,10646.0432
2025-10-25 20:00:00+00:00,10646.0432
2025-10-25 20:15:00+00:00,10646.0432
2025-10-25 20:30:00+00:00,10646.0432
2025-10-25 20:45:00+00:00,10646.0432
2025-10-25 21:00:00+00:00,10646.0432
2025-10-25 21:15:00+00:00,10646.0432
2025-10-25 21:30:00+00:00,10646.0432
2025-10-25 21:45:00+00:00,10646.0432
2025-10-25 22:00:00+00:00,10646.0432
2025-10-25 22:15:00+00:00,10646.0432
2025-10-25 22:30:00+00:00,10646.0432
2025-10-25 22:45:00+00:00,10646.0432
2025-10-25 23:00:00+00:00,10646.0432
2025-10-25 23:15:00+00:00,10646.0432
2025-10-25 23:30:00+00:00,10646.0432
2025-10-25 23:45:00+00:00,10646.0432
2025-10-26 00:00:00+00:00,10646.0432
2025-10-26 00:15:00+00:00,10646.0432
2025-10-26 00:30:00+00:00,10646.0432
2025-10-26 00:45:00+00:00,10646.0432
2025-10-26 01:00:00+00:00,10646.0432
2025-10-26 01:15:00+00:00,10646.0432
2025-10-26 01:30:00+00:00,10646.0432
2025-10-26 01:45:00+00:00,10646.0432
2025-10-26 02:00:00+00:00,10646.0432
2025-10-26 02:15:00+00:00,10646.0432
2025-10-26 02:30:00+00:00,10646.0432
2025-10-26 02:45:00+00:00,10646.0432
2025-10-26 03:00:00+00:00,10646.0432
2025-10-26 03:15:00+00:00,10646.0432
2025-10-26 03:30:00+00:00,10646.0432
2025-10-26 03:45:00+00:00,10646.0432
2025-10-26 04:00:00+00:00,10646.0432
2025-10-26 04:15:00+00:00,10646.0432
2025-10-26 04:30:00+00:00,10646.0432
2025-10-26 04:45:00+00:00,10646.0432
2025-10-26 05:00:00+00:00,10646.0432
2025-10-26 05:15:00+00:00,10646.0432
2025-10-26 05:30:00+00:00,10646.0432
2025-10-26 05:45:00+00:00,10646.0432
2025-10-26 06:00:00+00:00,10646.0432
2025-10-26 06:15:00+00:00,10646.0432
2025-10-26 06:30:00+00:00,10646.0432
2025-10-26 06:45:00+00:00,10646.0432
2025-10-26 07:00:00+00:00,10646.0432
2025-10-26 07:15:00+00:00,10646.0432
2025-10-26 07:30:00+00:00,10646.0432
2025-10-26 07:45:00+00:00,10646.0432
2025-10-26 08:00:00+00:00,10646.0432
2025-10-26 08:15:00+00:00,10646.0432
2025-10-26 08:30:00+00:00,10646.0432
2025-10-26 08:45:00+00:00,10646.0432
2025-10-26 09:00:00+00:00,10646.0432
2025-10-26 09:15:00+00:00,10646.0432
2025-10-26 09:30:00+00:00,10646.0432
2025-10-26 09:45:00+00:00,10646.0432
2025-10-26 10:00:00+00:00,10646.0432
2025-10-26 10:15:00+00:00,10646.0432
2025-10-26 10:30:00+00:00,10646.0432
2025-10-26 10:45:00+00:00,10646.0432
2025-10-26 11:00:00+00:00,10646.0432
2025-10-26 11:15:00+00:00,10646.0432
2025-10-26 11:30:00+00:00,10646.0432
2025-10-26 11:45:00+00:00,10646.0432
2025-10-26 12:00:00+00:00,10646.0432
2025-10-26 12:15:00+00:00,10646.0432
2025-10-26 12:30:00+00:00,10646.0432
2025-10-26 12:45:00+00:00,10646.0432
2025-10-26 13:00:00+00:00,10646.0432
2025-10-26 13:15:00+00:00,10646.0432
2025-10-26 13:30:00+00:00,10646.0432
2025-10-26 13:45:00+00:00,10646.0432
2025-10-26 14:00:00+00:00,10646.0432
2025-10-26 14:15:00+00:00,10646.0432
2025-10-26 14:30:00+00:00,10646.0432
2025-10-26 14:45:00+00:00,10646.0432
2025-10-26 15:00:00+00:00,10646.0432
2025-10-26 15:15:00+00:00,10646.0432
2025-10-26 15:30:00+00:00,10646.0432
2025-10-26 15:45:00+00:00,10646.0432
2025-10-26 16:00:00+00:00,10646.0432
2025-10-26 16:15:00+00:00,10646.0432
2025-10-26 16:30:00+00:00,10646.0432
2025-10-26 16:45:00+00:00,10646.0432
2025-10-26 17:00:00+00:00,10646.0432
2025-10-26 17:15:00+00:00,10646.0432
2025-10-26 17:30:00+00:00,10646.0432
2025-10-26 17:45:00+00:00,10646.0432
2025-10-26 18:00:00+00:00,10646.0432
2025-10-26 18:15:00+00:00,10646.0432
2025-10-26 18:30:00+00:00,10646.0432
2025-10-26 18:45:00+00:00,10646.0432
2025-10-26 19:00:00+00:00,10646.0432
2025-10-26 19:15:00+00:00,10646.0432
2025-10-26 19:30:00+00:00,10646.0432
2025-10-26 19:45:00+00:00,10646.0432
2025-10-26 20:00:00+00:00,10646.0432
2025-10-26 20:15:00+00:00,10646.0432
2025-10-26 20:30:00+00:00,10646.0432
2025-10-26 20:45:00+00:00,10646.0432
2025-10-26 21:00:00+00:00,10646.0432
2025-10-26 21:15:00+00:00,10646.0432
2025-10-26 21:30:00+00:00,10646.0432
2025-10-26 21:45:00+00:00,10646.0432
2025-10-26 22:00:00+00:00,10646.0432
2025-10-26 22:15:00+00:00,10646.0432
2025-10-26 22:30:00+00:00,10646.0432
2025-10-26 22:45:00+00:00,10646.0432
2025-10-26 23:00:00+00:00,10646.0432
2025-10-26 23:15:00+00:00,10646.0432
2025-10-26 23:30:00+00:00,10646.0432
2025-10-26 23:45:00+00:00,10646.0432
2025-10-27 00:00:00+00:00,10646.0432
2025-10-27 00:15:00+00:00,10646.0432
2025-10-27 00:30:00+00:00,10646.0432
2025-10-27 00:45:00+00:00,10646.0432
2025-10-27 01:00:00+00:00,10646.0432
2025-10-27 01:15:00+00:00,10646.0432
2025-10-27 01:30:00+00:00,10646.0432
2025-10-27 01:45:00+00:00,10646.0432
2025-10-27 02:00:00+00:00,10646.0432
2025-10-27 02:15:00+00:00,10646.0432
2025-10-27 02:30:00+00:00,10646.0432
2025-10-27 02:45:00+00:00,10646.0432
2025-10-27 03:00:00+00:00,10646.0432
2025-10-27 03:15:00+00:00,10646.0432
2025-10-27 03:30:00+00:00,10646.0432
2025-10-27 03:45:00+00:00,10646.0432
2025-10-27 04:00:00+00:00,10646.0432
2025-10-27 04:15:00+00:00,10646.0432
2025-10-27 04:30:00+00:00,10646.0432
2025-10-27 04:45:00+00:00,10646.0432
2025-10-27 05:00:00+00:00,10646.0432
2025-10-27 05:15:00+00:00,10646.0432
2025-10-27 05:30:00+00:00,10646.0432
2025-10-27 05:45:00+00:00,10646.0432
2025-10-27 06:00:00+00:00,10646.0432
2025-10-27 06:15:00+00:00,10646.0432
2025-10-27 06:30:00+00:00,10646.0432
2025-10-27 06:45:00+00:00,10646.0432
2025-10-27 07:00:00+00:00,10646.0432
2025-10-27 07:15:00+00:00,10646.0432
2025-10-27 07:30:00+00:00,10646.0432
2025-10-27 07:45:00+00:00,10646.0432
2025-10-27 08:00:00+00:00,10646.0432
2025-10-27 08:15:00+00:00,10646.0432
2025-10-27 08:30:00+00:00,10646.0432
2025-10-27 08:45:00+00:00,10646.0432
2025-10-27 09:00:00+00:00,10646.0432
2025-10-27 09:15:00+00:00,10646.0432
2025-10-27 09:30:00+00:00,10646.0432
2025-10-27 09:45:00+00:00,10646.0432
2025-10-27 10:00:00+00:00,10646.0432
2025-10-27 10:15:00+00:00,10646.0432
2025-10-27 10:30:00+00:00,10646.0432
2025-10-27 10:45:00+00:00,10646.0432
2025-10-27 11:00:00+00:00,10646.0432
2025-10-27 11:15:00+00:00,10646.0432
2025-10-27 11:30:00+00:00,10646.0432
2025-10-27 11:45:00+00:00,10646.0432
2025-10-27 12:00:00+00:00,10646.0432
2025-10-27 12:15:00+00:00,10646.0432
2025-10-27 12:30:00+00:00,10646.0432
2025-10-27 12:45:00+00:00,10646.0432
2025-10-27 13:00:00+00:00,10646.0432
2025-10-27 13:15:00+00:00,10646.0432
2025-10-27 13:30:00+00:00,10646.0432
2025-10-27 13:45:00+00:00,10646.0432
2025-10-27 14:00:00+00:00,10646.0432
2025-10-27 14:15:00+00:00,10646.0432
2025-10-27 14:30:00+00:00,10646.0432
2025-10-27 14:45:00+00:00,10646.0432
2025-10-27 15:00:00+00:00,10646.0432
2025-10-27 15:15:00+00:00,10646.0432
2025-10-27 15:30:00+00:00,10646.0432
2025-10-27 15:45:00+00:00,10646.0432
2025-10-27 16:00:00+00:00,10646.0432
2025-10-27 16:15:00+00:00,10646.0432
2025-10-27 16:30:00+00:00,10646.0432
2025-10-27 16:45:00+00:00,10646.0432
2025-10-27 17:00:00+00:00,10646.0432
2025-10-27 17:15:00+00:00,10646.0432
2025-10-27 17:30:00+00:00,10646.0432
2025-10-27 17:45:00+00:00,10646.0432
2025-10-27 18:00:00+00:00,10646.0432
2025-10-27 18:15:00+00:00,10646.0432
2025-10-27 18:30:00+00:00,10646.0432
2025-10-27 18:45:00+00:00,10646.0432
2025-10-27 19:00:00+00:00,10646.0432
2025-10-27 19:15:00+00:00,10646.0432
2025-10-27 19:30:00+00:00,10646.0432
2025-10-27 19:45:00+00:00,10646.0432
2025-10-27 20:00:00+00:00,10646.0432
2025-10-27 20:15:00+00:00,10646.0432
2025-10-27 20:30:00+00:00,10646.0432
2025-10-27 20:45:00+00:00,10646.0432
2025-10-27 21:00:00+00:00,10646.0432
2025-10-27 21:15:00+00:00,10646.0432
2025-10-27 21:30:00+00:00,10646.0432
2025-10-27 21:45:00+00:00,10646.0432
2025-10-27 22:00:00+00:00,10646.0432
2025-10-27 22:15:00+00:00,10646.0432
2025-10-27 22:30:00+00:00,10646.0432
2025-10-27 22:45:00+00:00,10646.0432
2025-10-27 23:00:00+00:00,10646.0432
2025-10-27 23:15:00+00:00,10646.0432
2025-10-27 23:30:00+00:00,10646.0432
2025-10-27 23:45:00+00:00,10646.0432
2025-10-28 00:00:00+00:00,10646.0432
2025-10-28 00:15:00+00:00,10646.0432
2025-10-28 00:30:00+00:00,10646.0432
2025-10-28 00:45:00+00:00,10646.0432
2025-10-28 01:00:00+00:00,10646.0432
2025-10-28 01:15:00+00:00,10646.0432
2025-10-28 01:30:00+00:00,10646.0432
2025-10-28 01:45:00+00:00,10646.0432
2025-10-28 02:00:00+00:00,10646.0432
2025-10-28 02:15:00+00:00,10646.0432
2025-10-28 02:30:00+00:00,10646.0432
2025-10-28 02:45:00+00:00,10646.0432
2025-10-28 03:00:00+00:00,10646.0432
2025-10-28 03:15:00+00:00,10646.0432
2025-10-28 03:30:00+00:00,10646.0432
2025-10-28 03:45:00+00:00,10646.0432
2025-10-28 04:00:00+00:00,10646.0432
2025-10-28 04:15:00+00:00,10646.0432
2025-10-28 04:30:00+00:00,10646.0432
2025-10-28 04:45:00+00:00,10646.0432
2025-10-28 05:00:00+00:00,10646.0432
2025-10-28 05:15:00+00:00,10646.0432
2025-10-28 05:30:00+00:00,10646.0432
2025-10-28 05:45:00+00:00,10646.0432
2025-10-28 06:00:00+00:00,10646.0432
2025-10-28 06:15:00+00:00,10646.0432
2025-10-28 06:30:00+00:00,10646.0432
2025-10-28 06:45:00+00:00,10646.0432
2025-10-28 07:00:00+00:00,10646.0432
2025-10-28 07:15:00+00:00,10646.0432
2025-10-28 07:30:00+00:00,10646.0432
2025-10-28 07:45:00+00:00,10646.0432
2025-10-28 08:00:00+00:00,10646.0432
2025-10-28 08:15:00+00:00,10646.0432
2025-10-28 08:30:00+00:00,10646.0432
2025-10-28 08:45:00+00:00,10646.0432
2025-10-28 09:00:00+00:00,10646.0432
2025-10-28 09:15:00+00:00,10646.0432
2025-10-28 09:30:00+00:00,10646.0432
2025-10-28 09:45:00+00:00,10646.0432
2025-10-28 10:00:00+00:00,10646.0432
2025-10-28 10:15:00+00:00,10646.0432
2025-10-28 10:30:00+00:00,10646.0432
2025-10-28 10:45:00+00:00,10646.0432
2025-10-28 11:00:00+00:00,10646.0432
2025-10-28 11:15:00+00:00,10646.0432
2025-10-28 11:30:00+00:00,10646.0432
2025-10-28 11:45:00+00:00,10646.0432
2025-10-28 12:00:00+00:00,10646.0432
2025-10-28 12:15:00+00:00,10646.0432
2025-10-28 12:30:00+00:00,10646.0432
2025-10-28 12:45:00+00:00,10646.0432
2025-10-28 13:00:00+00:00,10646.0432
2025-10-28 13:15:00+00:00,10646.0432
2025-10-28 13:30:00+00:00,10646.0432
2025-10-28 13:45:00+00:00,10646.0432
2025-10-28 14:00:00+00:00,10646.0432
2025-10-28 14:15:00+00:00,10646.0432
2025-10-28 14:30:00+00:00,10646.0432
2025-10-28 14:45:00+00:00,10646.0432
2025-10-28 15:00:00+00:00,10646.0432
2025-10-28 15:15:00+00:00,10646.0432
2025-10-28 15:30:00+00:00,10646.0432
2025-10-28 15:45:00+00:00,10646.0432
2025-10-28 16:00:00+00:00,10646.0432
2025-10-28 16:15:00+00:00,10646.0432
2025-10-28 16:30:00+00:00,10646.0432
2025-10-28 16:45:00+00:00,10646.0432
2025-10-28 17:00:00+00:00,10646.0432
2025-10-28 17:15:00+00:00,10646.0432
2025-10-28 17:30:00+00:00,10646.0432
2025-10-28 17:45:00+00:00,10646.0432
2025-10-28 18:00:00+00:00,10646.0432
2025-10-28 18:15:00+00:00,10646.0432
2025-10-28 18:30:00+00:00,10646.0432
2025-10-28 18:45:00+00:00,10646.0432
2025-10-28 19:00:00+00:00,10646.0432
2025-10-28 19:15:00+00:00,10646.0432
2025-10-28 19:30:00+00:00,10646.0432
2025-10-28 19:45:00+00:00,10646.0432
2025-10-28 20:00:00+00:00,10646.0432
2025-10-28 20:15:00+00:00,10646.0432
2025-10-28 20:30:00+00:00,10646.0432
2025-10-28 20:45:00+00:00,10539.5827
2025-10-28 21:00:00+00:00,10539.5827
2025-10-28 21:15:00+00:00,10539.5827
2025-10-28 21:30:00+00:00,10539.5827
2025-10-28 21:45:00+00:00,10539.5827
2025-10-28 22:00:00+00:00,10539.5827
2025-10-28 22:15:00+00:00,10539.5827
2025-10-28 22:30:00+00:00,10539.5827
2025-10-28 22:45:00+00:00,10539.5827
2025-10-28 23:00:00+00:00,10539.5827
2025-10-28 23:15:00+00:00,10539.5827
2025-10-28 23:30:00+00:00,10539.5827
2025-10-28 23:45:00+00:00,10539.5827
2025-10-29 00:00:00+00:00,10539.5827
2025-10-29 00:15:00+00:00,10539.5827
2025-10-29 00:30:00+00:00,10539.5827
2025-10-29 00:45:00+00:00,10539.5827
2025-10-29 01:00:00+00:00,10539.5827
2025-10-29 01:15:00+00:00,10539.5827
2025-10-29 01:30:00+00:00,10539.5827
2025-10-29 01:45:00+00:00,10539.5827
2025-10-29 02:00:00+00:00,10539.5827
2025-10-29 02:15:00+00:00,10539.5827
2025-10-29 02:30:00+00:00,10539.5827
2025-10-29 02:45:00+00:00,10539.5827
2025-10-29 03:00:00+00:00,10539.5827
2025-10-29 03:15:00+00:00,10539.5827
2025-10-29 03:30:00+00:00,10539.5827
2025-10-29 03:45:00+00:00,10539.5827
2025-10-29 04:00:00+00:00,10539.5827
2025-10-29 04:15:00+00:00,10539.5827
2025-10-29 04:30:00+00:00,10539.5827
2025-10-29 04:45:00+00:00,10539.5827
2025-10-29 05:00:00+00:00,10539.5827
2025-10-29 05:15:00+00:00,10539.5827
2025-10-29 05:30:00+00:00,10539.5827
2025-10-29 05:45:00+00:00,10539.5827
2025-10-29 06:00:00+00:00,10539.5827
2025-10-29 06:15:00+00:00,10539.5827
2025-10-29 06:30:00+00:00,10539.5827
2025-10-29 06:45:00+00:00,10539.5827
2025-10-29 07:00:00+00:00,10539.5827
2025-10-29 07:15:00+00:00,10539.5827
2025-10-29 07:30:00+00:00,10539.5827
2025-10-29 07:45:00+00:00,10434.1869
2025-10-29 08:00:00+00:00,10434.1869
2025-10-29 08:15:00+00:00,10434.1869
2025-10-29 08:30:00+00:00,10434.1869
2025-10-29 08:45:00+00:00,10434.1869
2025-10-29 09:00:00+00:00,10434.1869
2025-10-29 09:15:00+00:00,10434.1869
2025-10-29 09:30:00+00:00,10434.1869
2025-10-29 09:45:00+00:00,10434.1869
2025-10-29 10:00:00+00:00,10434.1869
2025-10-29 10:15:00+00:00,10434.1869
2025-10-29 10:30:00+00:00,10329.845
2025-10-29 10:45:00+00:00,10329.845
2025-10-29 11:00:00+00:00,10329.845
2025-10-29 11:15:00+00:00,10329.845
2025-10-29 11:30:00+00:00,10329.845
2025-10-29 11:45:00+00:00,10329.845
2025-10-29 12:00:00+00:00,10329.845
2025-10-29 12:15:00+00:00,10329.845
2025-10-29 12:30:00+00:00,10329.845
2025-10-29 12:45:00+00:00,10329.845
2025-10-29 13:00:00+00:00,10226.5466
2025-10-29 13:15:00+00:00,10226.5466
2025-10-29 13:30:00+00:00,10226.5466
2025-10-29 13:45:00+00:00,10226.5466
2025-10-29 14:00:00+00:00,10226.5466
2025-10-29 14:15:00+00:00,10226.5466
2025-10-29 14:30:00+00:00,10226.5466
2025-10-29 14:45:00+00:00,10226.5466
2025-10-29 15:00:00+00:00,10226.5466
2025-10-29 15:15:00+00:00,10226.5466
2025-10-29 15:30:00+00:00,10431.0775
2025-10-29 15:45:00+00:00,10431.0775
2025-10-29 16:00:00+00:00,10431.0775
2025-10-29 16:15:00+00:00,10431.0775
2025-10-29 16:30:00+00:00,10431.0775
2025-10-29 16:45:00+00:00,10431.0775
2025-10-29 17:00:00+00:00,10431.0775
2025-10-29 17:15:00+00:00,10431.0775
2025-10-29 17:30:00+00:00,10431.0775
2025-10-29 17:45:00+00:00,10431.0775
2025-10-29 18:00:00+00:00,10431.0775
2025-10-29 18:15:00+00:00,10431.0775
2025-10-29 18:30:00+00:00,10431.0775
2025-10-29 18:45:00+00:00,10431.0775
2025-10-29 19:00:00+00:00,10431.0775
2025-10-29 19:15:00+00:00,10431.0775
2025-10-29 19:30:00+00:00,10431.0775
2025-10-29 19:45:00+00:00,10431.0775
2025-10-29 20:00:00+00:00,10326.7667
2025-10-29 20:15:00+00:00,10326.7667
2025-10-29 20:30:00+00:00,10326.7667
2025-10-29 20:45:00+00:00,10326.7667
2025-10-29 21:00:00+00:00,10326.7667
2025-10-29 21:15:00+00:00,10326.7667
2025-10-29 21:30:00+00:00,10326.7667
2025-10-29 21:45:00+00:00,10326.7667
2025-10-29 22:00:00+00:00,10326.7667
2025-10-29 22:15:00+00:00,10326.7667
2025-10-29 22:30:00+00:00,10326.7667
2025-10-29 22:45:00+00:00,10326.7667
2025-10-29 23:00:00+00:00,10326.7667
2025-10-29 23:15:00+00:00,10326.7667
2025-10-29 23:30:00+00:00,10533.3021
2025-10-29 23:45:00+00:00,10533.3021
2025-10-30 00:00:00+00:00,10427.9691
2025-10-30 00:15:00+00:00,10427.9691
2025-10-30 00:30:00+00:00,10427.9691
2025-10-30 00:45:00+00:00,10427.9691
2025-10-30 01:00:00+00:00,10427.9691
2025-10-30 01:15:00+00:00,10427.9691
2025-10-30 01:30:00+00:00,10427.9691
2025-10-30 01:45:00+00:00,10427.9691
2025-10-30 02:00:00+00:00,10427.9691
2025-10-30 02:15:00+00:00,10427.9691
2025-10-30 02:30:00+00:00,10427.9691
2025-10-30 02:45:00+00:00,10427.9691
2025-10-30 03:00:00+00:00,10427.9691
2025-10-30 03:15:00+00:00,10427.9691
2025-10-30 03:30:00+00:00,10427.9691
2025-10-30 03:45:00+00:00,10427.9691
2025-10-30 04:00:00+00:00,10427.9691
2025-10-30 04:15:00+00:00,10427.9691
2025-10-30 04:30:00+00:00,10427.9691
2025-10-30 04:45:00+00:00,10427.9691
2025-10-30 05:00:00+00:00,10427.9691
2025-10-30 05:15:00+00:00,10427.9691
2025-10-30 05:30:00+00:00,10427.9691
2025-10-30 05:45:00+00:00,10427.9691
2025-10-30 06:00:00+00:00,10427.9691
2025-10-30 06:15:00+00:00,10427.9691
2025-10-30 06:30:00+00:00,10427.9691
2025-10-30 06:45:00+00:00,10427.9691
2025-10-30 07:00:00+00:00,10427.9691
2025-10-30 07:15:00+00:00,10427.9691
2025-10-30 07:30:00+00:00,10427.9691
2025-10-30 07:45:00+00:00,10427.9691
2025-10-30 08:00:00+00:00,10427.9691
2025-10-30 08:15:00+00:00,10427.9691
2025-10-30 08:30:00+00:00,10427.9691
2025-10-30 08:45:00+00:00,10427.9691
2025-10-30 09:00:00+00:00,10427.9691
2025-10-30 09:15:00+00:00,10427.9691
2025-10-30 09:30:00+00:00,10427.9691
2025-10-30 09:45:00+00:00,10427.9691
2025-10-30 10:00:00+00:00,10427.9691
2025-10-30 10:15:00+00:00,10427.9691
2025-10-30 10:30:00+00:00,10427.9691
2025-10-30 10:45:00+00:00,10427.9691
2025-10-30 11:00:00+00:00,10427.9691
2025-10-30 11:15:00+00:00,10427.9691
2025-10-30 11:30:00+00:00,10427.9691
2025-10-30 11:45:00+00:00,10427.9691
2025-10-30 12:00:00+00:00,10323.6894
2025-10-30 12:15:00+00:00,10323.6894
2025-10-30 12:30:00+00:00,10323.6894
2025-10-30 12:45:00+00:00,10323.6894
2025-10-30 13:00:00+00:00,10323.6894
2025-10-30 13:15:00+00:00,10323.6894
2025-10-30 13:30:00+00:00,10530.1632
2025-10-30 13:45:00+00:00,10530.1632
2025-10-30 14:00:00+00:00,10530.1632
2025-10-30 14:15:00+00:00,10530.1632
2025-10-30 14:30:00+00:00,10530.1632
2025-10-30 14:45:00+00:00,10530.1632
2025-10-30 15:00:00+00:00,10530.1632
2025-10-30 15:15:00+00:00,10530.1632
2025-10-30 15:30:00+00:00,10530.1632
2025-10-30 15:45:00+00:00,10530.1632
2025-10-30 16:00:00+00:00,10530.1632
2025-10-30 16:15:00+00:00,10530.1632
2025-10-30 16:30:00+00:00,10530.1632
2025-10-30 16:45:00+00:00,10530.1632
2025-10-30 17:00:00+00:00,10530.1632
2025-10-30 17:15:00+00:00,10530.1632
2025-10-30 17:30:00+00:00,10530.1632
2025-10-30 17:45:00+00:00,10530.1632
2025-10-30 18:00:00+00:00,10530.1632
2025-10-30 18:15:00+00:00,10530.1632
2025-10-30 18:30:00+00:00,10530.1632
2025-10-30 18:45:00+00:00,10530.1632
2025-10-30 19:00:00+00:00,10530.1632
2025-10-30 19:15:00+00:00,10530.1632
2025-10-30 19:30:00+00:00,10530.1632
2025-10-30 19:45:00+00:00,10530.1632
2025-10-30 20:00:00+00:00,10530.1632
2025-10-30 20:15:00+00:00,10530.1632
2025-10-30 20:30:00+00:00,10530.1632
2025-10-30 20:45:00+00:00,10530.1632
2025-10-30 21:00:00+00:00,10530.1632
2025-10-30 21:15:00+00:00,10530.1632
2025-10-30 21:30:00+00:00,10530.1632
2025-10-30 21:45:00+00:00,10530.1632
2025-10-30 22:00:00+00:00,10530.1632
2025-10-30 22:15:00+00:00,10530.1632
2025-10-30 22:30:00+00:00,10530.1632
2025-10-30 22:45:00+00:00,10530.1632
2025-10-30 23:00:00+00:00,10530.1632
2025-10-30 23:15:00+00:00,10530.1632
2025-10-30 23:30:00+00:00,10530.1632
2025-10-30 23:45:00+00:00,10530.1632
2025-10-31 00:00:00+00:00,10530.1632
2025-10-31 00:15:00+00:00,10530.1632
2025-10-31 00:30:00+00:00,10530.1632
2025-10-31 00:45:00+00:00,10530.1632
2025-10-31 01:00:00+00:00,10530.1632
2025-10-31 01:15:00+00:00,10530.1632
2025-10-31 01:30:00+00:00,10530.1632
2025-10-31 01:45:00+00:00,10530.1632
2025-10-31 02:00:00+00:00,10530.1632
2025-10-31 02:15:00+00:00,10530.1632
2025-10-31 02:30:00+00:00,10530.1632
2025-10-31 02:45:00+00:00,10530.1632
2025-10-31 03:00:00+00:00,10530.1632
2025-10-31 03:15:00+00:00,10530.1632
2025-10-31 03:30:00+00:00,10530.1632
2025-10-31 03:45:00+00:00,10530.1632
2025-10-31 04:00:00+00:00,10424.8615
2025-10-31 04:15:00+00:00,10424.8615
2025-10-31 04:30:00+00:00,10424.8615
2025-10-31 04:45:00+00:00,10424.8615
2025-10-31 05:00:00+00:00,10424.8615
2025-10-31 05:15:00+00:00,10424.8615
2025-10-31 05:30:00+00:00,10424.8615
2025-10-31 05:45:00+00:00,10424.8615
2025-10-31 06:00:00+00:00,10424.8615
2025-10-31 06:15:00+00:00,10424.8615
2025-10-31 06:30:00+00:00,10424.8615
2025-10-31 06:45:00+00:00,10424.8615
2025-10-31 07:00:00+00:00,10424.8615
2025-10-31 07:15:00+00:00,10424.8615
2025-10-31 07:30:00+00:00,10424.8615
2025-10-31 07:45:00+00:00,10424.8615
2025-10-31 08:00:00+00:00,10424.8615
2025-10-31 08:15:00+00:00,10424.8615
2025-10-31 08:30:00+00:00,10424.8615
2025-10-31 08:45:00+00:00,10424.8615
2025-10-31 09:00:00+00:00,10424.8615
2025-10-31 09:15:00+00:00,10424.8615
2025-10-31 09:30:00+00:00,10424.8615
2025-10-31 09:45:00+00:00,10424.8615
2025-10-31 10:00:00+00:00,10424.8615
2025-10-31 10:15:00+00:00,10424.8615
2025-10-31 10:30:00+00:00,10424.8615
2025-10-31 10:45:00+00:00,10424.8615
2025-10-31 11:00:00+00:00,10424.8615
2025-10-31 11:15:00+00:00,10424.8615
2025-10-31 11:30:00+00:00,10424.8615
2025-10-31 11:45:00+00:00,10424.8615
2025-10-31 12:00:00+00:00,10424.8615
2025-10-31 12:15:00+00:00,10424.8615
2025-10-31 12:30:00+00:00,10320.6129
2025-10-31 12:45:00+00:00,10320.6129
2025-10-31 13:00:00+00:00,10320.6129
2025-10-31 13:15:00+00:00,10320.6129
2025-10-31 13:30:00+00:00,10320.6129
2025-10-31 13:45:00+00:00,10320.6129
2025-10-31 14:00:00+00:00,10320.6129
2025-10-31 14:15:00+00:00,10320.6129
2025-10-31 14:30:00+00:00,10320.6129
2025-10-31 14:45:00+00:00,10320.6129
2025-10-31 15:00:00+00:00,10320.6129
2025-10-31 15:15:00+00:00,10320.6129
2025-10-31 15:30:00+00:00,10320.6129
2025-10-31 15:45:00+00:00,10320.6129
2025-10-31 16:00:00+00:00,10320.6129
2025-10-31 16:15:00+00:00,10320.6129
2025-10-31 16:30:00+00:00,10320.6129
2025-10-31 16:45:00+00:00,10320.6129
2025-10-31 17:00:00+00:00,10320.6129
2025-10-31 17:15:00+00:00,10320.6129
2025-10-31 17:30:00+00:00,10320.6129
2025-10-31 17:45:00+00:00,10320.6129
2025-10-31 18:00:00+00:00,10320.6129
2025-10-31 18:15:00+00:00,10320.6129
2025-10-31 18:30:00+00:00,10320.6129
2025-10-31 18:45:00+00:00,10320.6129
2025-10-31 19:00:00+00:00,10320.6129
2025-10-31 19:15:00+00:00,10320.6129
2025-10-31 19:30:00+00:00,10217.4068
2025-10-31 19:45:00+00:00,10217.4068
2025-10-31 20:00:00+00:00,10217.4068
2025-10-31 20:15:00+00:00,10217.4068
2025-10-31 20:30:00+00:00,10217.4068
2025-10-31 20:45:00+00:00,10217.4068
2025-10-31 21:00:00+00:00,10217.4068
2025-10-31 21:15:00+00:00,10217.4068
2025-10-31 21:30:00+00:00,10217.4068
2025-10-31 21:45:00+00:00,10217.4068
2025-10-31 22:00:00+00:00,10115.2327
2025-10-31 22:15:00+00:00,10115.2327
2025-10-31 22:30:00+00:00,10115.2327
2025-10-31 22:45:00+00:00,10115.2327
2025-10-31 23:00:00+00:00,10115.2327
2025-10-31 23:15:00+00:00,10115.2327
2025-10-31 23:30:00+00:00,10115.2327
2025-10-31 23:45:00+00:00,10115.2327
2025-11-01 00:00:00+00:00,10115.2327
2025-11-01 00:15:00+00:00,10115.2327
2025-11-01 00:30:00+00:00,10115.2327
2025-11-01 00:45:00+00:00,10115.2327
2025-11-01 01:00:00+00:00,10115.2327
2025-11-01 01:15:00+00:00,10115.2327
2025-11-01 01:30:00+00:00,10115.2327
2025-11-01 01:45:00+00:00,10115.2327
2025-11-01 02:00:00+00:00,10115.2327
2025-11-01 02:15:00+00:00,10115.2327
2025-11-01 02:30:00+00:00,10115.2327
2025-11-01 02:45:00+00:00,10115.2327
2025-11-01 03:00:00+00:00,10115.2327
2025-11-01 03:15:00+00:00,10317.5374
2025-11-01 03:30:00+00:00,10317.5374
2025-11-01 03:45:00+00:00,10317.5374
2025-11-01 04:00:00+00:00,10317.5374
2025-11-01 04:15:00+00:00,10317.5374
2025-11-01 04:30:00+00:00,10317.5374
2025-11-01 04:45:00+00:00,10317.5374
2025-11-01 05:00:00+00:00,10317.5374
2025-11-01 05:15:00+00:00,10317.5374
2025-11-01 05:30:00+00:00,10317.5374
2025-11-01 05:45:00+00:00,10317.5374
2025-11-01 06:00:00+00:00,10317.5374
2025-11-01 06:15:00+00:00,10317.5374
2025-11-01 06:30:00+00:00,10317.5374
2025-11-01 06:45:00+00:00,10317.5374
2025-11-01 07:00:00+00:00,10317.5374
2025-11-01 07:15:00+00:00,10523.8881
2025-11-01 07:30:00+00:00,10523.8881
2025-11-01 07:45:00+00:00,10523.8881
2025-11-01 08:00:00+00:00,10523.8881
2025-11-01 08:15:00+00:00,10523.8881
2025-11-01 08:30:00+00:00,10523.8881
2025-11-01 08:45:00+00:00,10523.8881
2025-11-01 09:00:00+00:00,10523.8881
2025-11-01 09:15:00+00:00,10523.8881
2025-11-01 09:30:00+00:00,10523.8881
2025-11-01 09:45:00+00:00,10523.8881
2025-11-01 10:00:00+00:00,10523.8881
2025-11-01 10:15:00+00:00,10523.8881
2025-11-01 10:30:00+00:00,10523.8881
2025-11-01 10:45:00+00:00,10523.8881
2025-11-01 11:00:00+00:00,10523.8881
2025-11-01 11:15:00+00:00,10523.8881
2025-11-01 11:30:00+00:00,10523.8881
2025-11-01 11:45:00+00:00,10523.8881
2025-11-01 12:00:00+00:00,10523.8881
2025-11-01 12:15:00+00:00,10523.8881
2025-11-01 12:30:00+00:00,10523.8881
2025-11-01 12:45:00+00:00,10523.8881
2025-11-01 13:00:00+00:00,10523.8881
2025-11-01 13:15:00+00:00,10523.8881
2025-11-01 13:30:00+00:00,10523.8881
2025-11-01 13:45:00+00:00,10523.8881
2025-11-01 14:00:00+00:00,10523.8881
2025-11-01 14:15:00+00:00,10523.8881
2025-11-01 14:30:00+00:00,10523.8881
2025-11-01 14:45:00+00:00,10523.8881
2025-11-01 15:00:00+00:00,10523.8881
2025-11-01 15:15:00+00:00,10523.8881
2025-11-01 15:30:00+00:00,10523.8881
2025-11-01 15:45:00+00:00,10523.8881
2025-11-01 16:00:00+00:00,10523.8881
2025-11-01 16:15:00+00:00,10523.8881
2025-11-01 16:30:00+00:00,10523.8881
2025-11-01 16:45:00+00:00,10523.8881
2025-11-01 17:00:00+00:00,10523.8881
2025-11-01 17:15:00+00:00,10523.8881
2025-11-01 17:30:00+00:00,10523.8881
2025-11-01 17:45:00+00:00,10523.8881
2025-11-01 18:00:00+00:00,10523.8881
2025-11-01 18:15:00+00:00,10523.8881
2025-11-01 18:30:00+00:00,10523.8881
2025-11-01 18:45:00+00:00,10523.8881
2025-11-01 19:00:00+00:00,10523.8881
2025-11-01 19:15:00+00:00,10523.8881
2025-11-01 19:30:00+00:00,10523.8881
2025-11-01 19:45:00+00:00,10523.8881
2025-11-01 20:00:00+00:00,10523.8881
2025-11-01 20:15:00+00:00,10523.8881
2025-11-01 20:30:00+00:00,10523.8881
2025-11-01 20:45:00+00:00,10523.8881
2025-11-01 21:00:00+00:00,10523.8881
2025-11-01 21:15:00+00:00,10523.8881
2025-11-01 21:30:00+00:00,10523.8881
2025-11-01 21:45:00+00:00,10523.8881
2025-11-01 22:00:00+00:00,10523.8881
2025-11-01 22:15:00+00:00,10523.8881
2025-11-01 22:30:00+00:00,10523.8881
2025-11-01 22:45:00+00:00,10523.8881
2025-11-01 23:00:00+00:00,10523.8881
2025-11-01 23:15:00+00:00,10523.8881
2025-11-01 23:30:00+00:00,10523.8881
2025-11-01 23:45:00+00:00,10523.8881
2025-11-02 00:00:00+00:00,10523.8881
2025-11-02 00:15:00+00:00,10523.8881
2025-11-02 00:30:00+00:00,10523.8881
2025-11-02 00:45:00+00:00,10523.8881
2025-11-02 01:00:00+00:00,10523.8881
2025-11-02 01:15:00+00:00,10523.8881
2025-11-02 01:30:00+00:00,10523.8881
2025-11-02 01:45:00+00:00,10523.8881
2025-11-02 02:00:00+00:00,10523.8881
2025-11-02 02:15:00+00:00,10523.8881
2025-11-02 02:30:00+00:00,10523.8881
2025-11-02 02:45:00+00:00,10523.8881
2025-11-02 03:00:00+00:00,10523.8881
2025-11-02 03:15:00+00:00,10523.8881
2025-11-02 03:30:00+00:00,10523.8881
2025-11-02 03:45:00+00:00,10523.8881
2025-11-02 04:00:00+00:00,10523.8881
2025-11-02 04:15:00+00:00,10523.8881
2025-11-02 04:30:00+00:00,10523.8881
2025-11-02 04:45:00+00:00,10523.8881
2025-11-02 05:00:00+00:00,10523.8881
2025-11-02 05:15:00+00:00,10523.8881
2025-11-02 05:30:00+00:00,10523.8881
2025-11-02 05:45:00+00:00,10523.8881
2025-11-02 06:00:00+00:00,10523.8881
2025-11-02 06:15:00+00:00,10523.8881
2025-11-02 06:30:00+00:00,10523.8881
2025-11-02 06:45:00+00:00,10523.8881
2025-11-02 07:00:00+00:00,10523.8881
2025-11-02 07:15:00+00:00,10523.8881
2025-11-02 07:30:00+00:00,10523.8881
2025-11-02 07:45:00+00:00,10523.8881
2025-11-02 08:00:00+00:00,10523.8881
2025-11-02 08:15:00+00:00,10523.8881
2025-11-02 08:30:00+00:00,10523.8881
2025-11-02 08:45:00+00:00,10523.8881
2025-11-02 09:00:00+00:00,10523.8881
2025-11-02 09:15:00+00:00,10523.8881
2025-11-02 09:30:00+00:00,10523.8881
2025-11-02 09:45:00+00:00,10523.8881
2025-11-02 10:00:00+00:00,10523.8881
2025-11-02 10:15:00+00:00,10523.8881
2025-11-02 10:30:00+00:00,10523.8881
2025-11-02 10:45:00+00:00,10523.8881
2025-11-02 11:00:00+00:00,10523.8881
2025-11-02 11:15:00+00:00,10523.8881
2025-11-02 11:30:00+00:00,10523.8881
2025-11-02 11:45:00+00:00,10523.8881
2025-11-02 12:00:00+00:00,10523.8881
2025-11-02 12:15:00+00:00,10523.8881
2025-11-02 12:30:00+00:00,10523.8881
2025-11-02 12:45:00+00:00,10523.8881
2025-11-02 13:00:00+00:00,10523.8881
2025-11-02 13:15:00+00:00,10523.8881
2025-11-02 13:30:00+00:00,10523.8881
2025-11-02 13:45:00+00:00,10523.8881
2025-11-02 14:00:00+00:00,10523.8881
2025-11-02 14:15:00+00:00,10523.8881
2025-11-02 14:30:00+00:00,10523.8881
2025-11-02 14:45:00+00:00,10523.8881
2025-11-02 15:00:00+00:00,10523.8881
2025-11-02 15:15:00+00:00,10523.8881
2025-11-02 15:30:00+00:00,10523.8881
2025-11-02 15:45:00+00:00,10523.8881
2025-11-02 16:00:00+00:00,10523.8881
2025-11-02 16:15:00+00:00,10523.8881
2025-11-02 16:30:00+00:00,10523.8881
2025-11-02 16:45:00+00:00,10523.8881
2025-11-02 17:00:00+00:00,10523.8881
2025-11-02 17:15:00+00:00,10523.8881
2025-11-02 17:30:00+00:00,10523.8881
2025-11-02 17:45:00+00:00,10523.8881
2025-11-02 18:00:00+00:00,10523.8881
2025-11-02 18:15:00+00:00,10523.8881
2025-11-02 18:30:00+00:00,10523.8881
2025-11-02 18:45:00+00:00,10523.8881
2025-11-02 19:00:00+00:00,10523.8881
2025-11-02 19:15:00+00:00,10523.8881
2025-11-02 19:30:00+00:00,10523.8881
2025-11-02 19:45:00+00:00,10523.8881
2025-11-02 20:00:00+00:00,10523.8881
2025-11-02 20:15:00+00:00,10523.8881
2025-11-02 20:30:00+00:00,10523.8881
2025-11-02 20:45:00+00:00,10523.8881
2025-11-02 21:00:00+00:00,10523.8881
2025-11-02 21:15:00+00:00,10523.8881
2025-11-02 21:30:00+00:00,10523.8881
2025-11-02 21:45:00+00:00,10523.8881
2025-11-02 22:00:00+00:00,10523.8881
2025-11-02 22:15:00+00:00,10523.8881
2025-11-02 22:30:00+00:00,10523.8881
2025-11-02 22:45:00+00:00,10523.8881
2025-11-02 23:00:00+00:00,10523.8881
2025-11-02 23:15:00+00:00,10523.8881
2025-11-02 23:30:00+00:00,10523.8881
2025-11-02 23:45:00+00:00,10523.8881
2025-11-03 00:00:00+00:00,10523.8881
2025-11-03 00:15:00+00:00,10523.8881
2025-11-03 00:30:00+00:00,10523.8881
2025-11-03 00:45:00+00:00,10523.8881
2025-11-03 01:00:00+00:00,10734.3659
2025-11-03 01:15:00+00:00,10734.3659
2025-11-03 01:30:00+00:00,10734.3659
2025-11-03 01:45:00+00:00,10734.3659
2025-11-03 02:00:00+00:00,10949.0532
2025-11-03 02:15:00+00:00,10949.0532
2025-11-03 02:30:00+00:00,10949.0532
2025-11-03 02:45:00+00:00,10949.0532
2025-11-03 03:00:00+00:00,10949.0532
2025-11-03 03:15:00+00:00,10949.0532
2025-11-03 03:30:00+00:00,10949.0532
2025-11-03 03:45:00+00:00,10949.0532
2025-11-03 04:00:00+00:00,10949.0532
2025-11-03 04:15:00+00:00,10949.0532
2025-11-03 04:30:00+00:00,10949.0532
2025-11-03 04:45:00+00:00,10949.0532
2025-11-03 05:00:00+00:00,10949.0532
2025-11-03 05:15:00+00:00,10949.0532
2025-11-03 05:30:00+00:00,10949.0532
2025-11-03 05:45:00+00:00,10949.0532
2025-11-03 06:00:00+00:00,10949.0532
2025-11-03 06:15:00+00:00,10949.0532
2025-11-03 06:30:00+00:00,10949.0532
2025-11-03 06:45:00+00:00,10949.0532
2025-11-03 07:00:00+00:00,10949.0532
2025-11-03 07:15:00+00:00,10949.0532
2025-11-03 07:30:00+00:00,10949.0532
2025-11-03 07:45:00+00:00,10949.0532
2025-11-03 08:00:00+00:00,10949.0532
2025-11-03 08:15:00+00:00,10949.0532
2025-11-03 08:30:00+00:00,10949.0532
2025-11-03 08:45:00+00:00,10949.0532
2025-11-03 09:00:00+00:00,10949.0532
2025-11-03 09:15:00+00:00,10949.0532
2025-11-03 09:30:00+00:00,10949.0532
2025-11-03 09:45:00+00:00,10949.0532
2025-11-03 10:00:00+00:00,10949.0532
2025-11-03 10:15:00+00:00,10949.0532
2025-11-03 10:30:00+00:00,10949.0532
2025-11-03 10:45:00+00:00,10949.0532
2025-11-03 11:00:00+00:00,10949.0532
2025-11-03 11:15:00+00:00,10949.0532
2025-11-03 11:30:00+00:00,10949.0532
2025-11-03 11:45:00+00:00,10949.0532
2025-11-03 12:00:00+00:00,10949.0532
2025-11-03 12:15:00+00:00,10949.0532
2025-11-03 12:30:00+00:00,10949.0532
2025-11-03 12:45:00+00:00,10949.0532
2025-11-03 13:00:00+00:00,10949.0532
2025-11-03 13:15:00+00:00,10949.0532
2025-11-03 13:30:00+00:00,10949.0532
2025-11-03 13:45:00+00:00,10949.0532
2025-11-03 14:00:00+00:00,10949.0532
2025-11-03 14:15:00+00:00,10949.0532
2025-11-03 14:30:00+00:00,10949.0532
2025-11-03 14:45:00+00:00,10949.0532
2025-11-03 15:00:00+00:00,10949.0532
2025-11-03 15:15:00+00:00,10949.0532
2025-11-03 15:30:00+00:00,10949.0532
2025-11-03 15:45:00+00:00,10949.0532
2025-11-03 16:00:00+00:00,10949.0532
2025-11-03 16:15:00+00:00,10949.0532
2025-11-03 16:30:00+00:00,10949.0532
2025-11-03 16:45:00+00:00,10949.0532
2025-11-03 17:00:00+00:00,10949.0532
2025-11-03 17:15:00+00:00,10949.0532
2025-11-03 17:30:00+00:00,10949.0532
2025-11-03 17:45:00+00:00,10949.0532
2025-11-03 18:00:00+00:00,10949.0532
2025-11-03 18:15:00+00:00,10949.0532
2025-11-03 18:30:00+00:00,10949.0532
2025-11-03 18:45:00+00:00,10949.0532
2025-11-03 19:00:00+00:00,10949.0532
2025-11-03 19:15:00+00:00,10949.0532
2025-11-03 19:30:00+00:00,10949.0532
2025-11-03 19:45:00+00:00,10949.0532
2025-11-03 20:00:00+00:00,10949.0532
2025-11-03 20:15:00+00:00,10949.0532
2025-11-03 20:30:00+00:00,10949.0532
2025-11-03 20:45:00+00:00,10949.0532
2025-11-03 21:00:00+00:00,10949.0532
2025-11-03 21:15:00+00:00,10949.0532
2025-11-03 21:30:00+00:00,10949.0532
2025-11-03 21:45:00+00:00,10949.0532
2025-11-03 22:00:00+00:00,10949.0532
2025-11-03 22:15:00+00:00,10949.0532
2025-11-03 22:30:00+00:00,10949.0532
2025-11-03 22:45:00+00:00,10949.0532
2025-11-03 23:00:00+00:00,10949.0532
2025-11-03 23:15:00+00:00,10949.0532
2025-11-03 23:30:00+00:00,10949.0532
2025-11-03 23:45:00+00:00,10949.0532
2025-11-04 00:00:00+00:00,10949.0532
2025-11-04 00:15:00+00:00,10949.0532
2025-11-04 00:30:00+00:00,10949.0532
2025-11-04 00:45:00+00:00,10949.0532
2025-11-04 01:00:00+00:00,10949.0532
2025-11-04 01:15:00+00:00,10949.0532
2025-11-04 01:30:00+00:00,10949.0532
2025-11-04 01:45:00+00:00,10949.0532
2025-11-04 02:00:00+00:00,10949.0532
2025-11-04 02:15:00+00:00,10949.0532
2025-11-04 02:30:00+00:00,10949.0532
2025-11-04 02:45:00+00:00,10949.0532
2025-11-04 03:00:00+00:00,10949.0532
2025-11-04 03:15:00+00:00,10949.0532
2025-11-04 03:30:00+00:00,10949.0532
2025-11-04 03:45:00+00:00,10949.0532
2025-11-04 04:00:00+00:00,10949.0532
2025-11-04 04:15:00+00:00,10949.0532
2025-11-04 04:30:00+00:00,10949.0532
2025-11-04 04:45:00+00:00,10949.0532
2025-11-04 05:00:00+00:00,10949.0532
2025-11-04 05:15:00+00:00,10949.0532
2025-11-04 05:30:00+00:00,10949.0532
2025-11-04 05:45:00+00:00,10949.0532
2025-11-04 06:00:00+00:00,10949.0532
2025-11-04 06:15:00+00:00,10949.0532
2025-11-04 06:30:00+00:00,10949.0532
2025-11-04 06:45:00+00:00,10949.0532
2025-11-04 07:00:00+00:00,10949.0532
2025-11-04 07:15:00+00:00,10949.0532
2025-11-04 07:30:00+00:00,10949.0532
2025-11-04 07:45:00+00:00,10949.0532
2025-11-04 08:00:00+00:00,10949.0532
2025-11-04 08:15:00+00:00,10949.0532
2025-11-04 08:30:00+00:00,10949.0532
2025-11-04 08:45:00+00:00,10949.0532
2025-11-04 09:00:00+00:00,10949.0532
2025-11-04 09:15:00+00:00,10949.0532
2025-11-04 09:30:00+00:00,10949.0532
2025-11-04 09:45:00+00:00,10949.0532
2025-11-04 10:00:00+00:00,10949.0532
2025-11-04 10:15:00+00:00,10949.0532
2025-11-04 10:30:00+00:00,10949.0532
2025-11-04 10:45:00+00:00,10949.0532
2025-11-04 11:00:00+00:00,10949.0532
2025-11-04 11:15:00+00:00,10949.0532
2025-11-04 11:30:00+00:00,10949.0532
2025-11-04 11:45:00+00:00,10949.0532
2025-11-04 12:00:00+00:00,10949.0532
2025-11-04 12:15:00+00:00,10949.0532
2025-11-04 12:30:00+00:00,10949.0532
2025-11-04 12:45:00+00:00,10949.0532
2025-11-04 13:00:00+00:00,10949.0532
2025-11-04 13:15:00+00:00,10949.0532
2025-11-04 13:30:00+00:00,10949.0532
2025-11-04 13:45:00+00:00,10949.0532
2025-11-04 14:00:00+00:00,10949.0532
2025-11-04 14:15:00+00:00,10949.0532
2025-11-04 14:30:00+00:00,10949.0532
2025-11-04 14:45:00+00:00,10949.0532
2025-11-04 15:00:00+00:00,10949.0532
2025-11-04 15:15:00+00:00,10949.0532
2025-11-04 15:30:00+00:00,10949.0532
2025-11-04 15:45:00+00:00,10949.0532
2025-11-04 16:00:00+00:00,10949.0532
2025-11-04 16:15:00+00:00,10949.0532
2025-11-04 16:30:00+00:00,10949.0532
2025-11-04 16:45:00+00:00,10949.0532
2025-11-04 17:00:00+00:00,10949.0532
2025-11-04 17:15:00+00:00,10949.0532
2025-11-04 17:30:00+00:00,10949.0532
2025-11-04 17:45:00+00:00,10949.0532
2025-11-04 18:00:00+00:00,10949.0532
2025-11-04 18:15:00+00:00,10949.0532
2025-11-04 18:30:00+00:00,10949.0532
2025-11-04 18:45:00+00:00,10949.0532
2025-11-04 19:00:00+00:00,10949.0532
2025-11-04 19:15:00+00:00,10949.0532
2025-11-04 19:30:00+00:00,10949.0532
2025-11-04 19:45:00+00:00,10949.0532
2025-11-04 20:00:00+00:00,10949.0532
2025-11-04 20:15:00+00:00,10949.0532
2025-11-04 20:30:00+00:00,10949.0532
2025-11-04 20:45:00+00:00,10949.0532
2025-11-04 21:00:00+00:00,10949.0532
2025-11-04 21:15:00+00:00,10949.0532
2025-11-04 21:30:00+00:00,10949.0532
2025-11-04 21:45:00+00:00,10949.0532
2025-11-04 22:00:00+00:00,10949.0532
2025-11-04 22:15:00+00:00,10949.0532
2025-11-04 22:30:00+00:00,10949.0532
2025-11-04 22:45:00+00:00,10949.0532
2025-11-04 23:00:00+00:00,10949.0532
2025-11-04 23:15:00+00:00,10949.0532
2025-11-04 23:30:00+00:00,10949.0532
2025-11-04 23:45:00+00:00,10949.0532
2025-11-05 00:00:00+00:00,10949.0532
2025-11-05 00:15:00+00:00,10949.0532
2025-11-05 00:30:00+00:00,10949.0532
2025-11-05 00:45:00+00:00,10949.0532
2025-11-05 01:00:00+00:00,10949.0532
2025-11-05 01:15:00+00:00,10949.0532
2025-11-05 01:30:00+00:00,10949.0532
2025-11-05 01:45:00+00:00,10949.0532
2025-11-05 02:00:00+00:00,10949.0532
2025-11-05 02:15:00+00:00,10949.0532
2025-11-05 02:30:00+00:00,10949.0532
2025-11-05 02:45:00+00:00,10949.0532
2025-11-05 03:00:00+00:00,10949.0532
2025-11-05 03:15:00+00:00,10949.0532
2025-11-05 03:30:00+00:00,10949.0532
2025-11-05 03:45:00+00:00,10949.0532
2025-11-05 04:00:00+00:00,10949.0532
2025-11-05 04:15:00+00:00,10949.0532
2025-11-05 04:30:00+00:00,10949.0532
2025-11-05 04:45:00+00:00,10949.0532
2025-11-05 05:00:00+00:00,10949.0532
2025-11-05 05:15:00+00:00,10949.0532
2025-11-05 05:30:00+00:00,10949.0532
2025-11-05 05:45:00+00:00,10949.0532
2025-11-05 06:00:00+00:00,10949.0532
2025-11-05 06:15:00+00:00,10839.5627
2025-11-05 06:30:00+00:00,10839.5627
2025-11-05 06:45:00+00:00,10839.5627
2025-11-05 07:00:00+00:00,10839.5627
2025-11-05 07:15:00+00:00,10839.5627
2025-11-05 07:30:00+00:00,10839.5627
2025-11-05 07:45:00+00:00,10839.5627
2025-11-05 08:00:00+00:00,10839.5627
2025-11-05 08:15:00+00:00,10731.167
2025-11-05 08:30:00+00:00,10731.167
2025-11-05 08:45:00+00:00,10731.167
2025-11-05 09:00:00+00:00,10731.167
2025-11-05 09:15:00+00:00,10731.167
2025-11-05 09:30:00+00:00,10731.167
2025-11-05 09:45:00+00:00,10731.167
2025-11-05 10:00:00+00:00,10623.8554
2025-11-05 10:15:00+00:00,10623.8554
2025-11-05 10:30:00+00:00,10623.8554
2025-11-05 10:45:00+00:00,10623.8554
2025-11-05 11:00:00+00:00,10623.8554
2025-11-05 11:15:00+00:00,10623.8554
2025-11-05 11:30:00+00:00,10623.8554
2025-11-05 11:45:00+00:00,10623.8554
2025-11-05 12:00:00+00:00,10623.8554
2025-11-05 12:15:00+00:00,10623.8554
2025-11-05 12:30:00+00:00,10623.8554
2025-11-05 12:45:00+00:00,10623.8554
2025-11-05 13:00:00+00:00,10623.8554
2025-11-05 13:15:00+00:00,10623.8554
2025-11-05 13:30:00+00:00,10623.8554
2025-11-05 13:45:00+00:00,10623.8554
2025-11-05 14:00:00+00:00,10623.8554
2025-11-05 14:15:00+00:00,10623.8554
2025-11-05 14:30:00+00:00,10623.8554
2025-11-05 14:45:00+00:00,10623.8554
2025-11-05 15:00:00+00:00,10623.8554
2025-11-05 15:15:00+00:00,10623.8554
2025-11-05 15:30:00+00:00,10623.8554
2025-11-05 15:45:00+00:00,10623.8554
2025-11-05 16:00:00+00:00,10623.8554
2025-11-05 16:15:00+00:00,10623.8554
2025-11-05 16:30:00+00:00,10623.8554
2025-11-05 16:45:00+00:00,10623.8554
2025-11-05 17:00:00+00:00,10623.8554
2025-11-05 17:15:00+00:00,10623.8554
2025-11-05 17:30:00+00:00,10623.8554
2025-11-05 17:45:00+00:00,10623.8554
2025-11-05 18:00:00+00:00,10623.8554
2025-11-05 18:15:00+00:00,10623.8554
2025-11-05 18:30:00+00:00,10623.8554
2025-11-05 18:45:00+00:00,10623.8554
2025-11-05 19:00:00+00:00,10623.8554
2025-11-05 19:15:00+00:00,10623.8554
2025-11-05 19:30:00+00:00,10623.8554
2025-11-05 19:45:00+00:00,10623.8554
2025-11-05 20:00:00+00:00,10623.8554
2025-11-05 20:15:00+00:00,10623.8554
2025-11-05 20:30:00+00:00,10623.8554
2025-11-05 20:45:00+00:00,10623.8554
2025-11-05 21:00:00+00:00,10623.8554
2025-11-05 21:15:00+00:00,10623.8554
2025-11-05 21:30:00+00:00,10623.8554
2025-11-05 21:45:00+00:00,10623.8554
2025-11-05 22:00:00+00:00,10623.8554
2025-11-05 22:15:00+00:00,10623.8554
2025-11-05 22:30:00+00:00,10836.3325
2025-11-05 22:45:00+00:00,10836.3325
2025-11-05 23:00:00+00:00,10727.9691
2025-11-05 23:15:00+00:00,10727.9691
2025-11-05 23:30:00+00:00,10727.9691
2025-11-05 23:45:00+00:00,10727.9691
2025-11-06 00:00:00+00:00,10727.9691
2025-11-06 00:15:00+00:00,10727.9691
2025-11-06 00:30:00+00:00,10727.9691
2025-11-06 00:45:00+00:00,10727.9691
2025-11-06 01:00:00+00:00,10620.6895
2025-11-06 01:15:00+00:00,10620.6895
2025-11-06 01:30:00+00:00,10620.6895
2025-11-06 01:45:00+00:00,10620.6895
2025-11-06 02:00:00+00:00,10620.6895
2025-11-06 02:15:00+00:00,10620.6895
2025-11-06 02:30:00+00:00,10833.1032
2025-11-06 02:45:00+00:00,10833.1032
2025-11-06 03:00:00+00:00,10833.1032
2025-11-06 03:15:00+00:00,10833.1032
2025-11-06 03:30:00+00:00,10833.1032
2025-11-06 03:45:00+00:00,10833.1032
2025-11-06 04:00:00+00:00,10833.1032
2025-11-06 04:15:00+00:00,10833.1032
2025-11-06 04:30:00+00:00,10833.1032
2025-11-06 04:45:00+00:00,10833.1032
2025-11-06 05:00:00+00:00,10833.1032
2025-11-06 05:15:00+00:00,10833.1032
2025-11-06 05:30:00+00:00,10833.1032
2025-11-06 05:45:00+00:00,10833.1032
2025-11-06 06:00:00+00:00,10833.1032
2025-11-06 06:15:00+00:00,10833.1032
2025-11-06 06:30:00+00:00,10833.1032
2025-11-06 06:45:00+00:00,10833.1032
2025-11-06 07:00:00+00:00,10833.1032
2025-11-06 07:15:00+00:00,10833.1032
2025-11-06 07:30:00+00:00,10833.1032
2025-11-06 07:45:00+00:00,10833.1032
2025-11-06 08:00:00+00:00,10833.1032
2025-11-06 08:15:00+00:00,10833.1032
2025-11-06 08:30:00+00:00,10833.1032
2025-11-06 08:45:00+00:00,10833.1032
2025-11-06 09:00:00+00:00,10833.1032
2025-11-06 09:15:00+00:00,10833.1032
2025-11-06 09:30:00+00:00,10833.1032
2025-11-06 09:45:00+00:00,10833.1032
2025-11-06 10:00:00+00:00,10833.1032
2025-11-06 10:15:00+00:00,10833.1032
2025-11-06 10:30:00+00:00,10724.7722
2025-11-06 10:45:00+00:00,10724.7722
2025-11-06 11:00:00+00:00,10724.7722
2025-11-06 11:15:00+00:00,10617.5245
2025-11-06 11:30:00+00:00,10617.5245
2025-11-06 11:45:00+00:00,10617.5245
2025-11-06 12:00:00+00:00,10617.5245
2025-11-06 12:15:00+00:00,10617.5245
2025-11-06 12:30:00+00:00,10829.875
2025-11-06 12:45:00+00:00,10829.875
2025-11-06 13:00:00+00:00,10829.875
2025-11-06 13:15:00+00:00,10829.875
2025-11-06 13:30:00+00:00,10829.875
2025-11-06 13:45:00+00:00,10829.875
2025-11-06 14:00:00+00:00,10829.875
2025-11-06 14:15:00+00:00,10829.875
2025-11-06 14:30:00+00:00,10829.875
2025-11-06 14:45:00+00:00,10829.875
2025-11-06 15:00:00+00:00,10829.875
2025-11-06 15:15:00+00:00,10829.875
2025-11-06 15:30:00+00:00,10829.875
2025-11-06 15:45:00+00:00,10829.875
2025-11-06 16:00:00+00:00,10829.875
2025-11-06 16:15:00+00:00,10829.875
2025-11-06 16:30:00+00:00,10829.875
2025-11-06 16:45:00+00:00,10829.875
2025-11-06 17:00:00+00:00,10829.875
2025-11-06 17:15:00+00:00,10829.875
2025-11-06 17:30:00+00:00,10829.875
2025-11-06 17:45:00+00:00,10829.875
2025-11-06 18:00:00+00:00,10829.875
2025-11-06 18:15:00+00:00,10829.875
2025-11-06 18:30:00+00:00,10829.875
2025-11-06 18:45:00+00:00,10829.875
2025-11-06 19:00:00+00:00,10829.875
2025-11-06 19:15:00+00:00,10829.875
2025-11-06 19:30:00+00:00,10829.875
2025-11-06 19:45:00+00:00,10829.875
2025-11-06 20:00:00+00:00,10829.875
2025-11-06 20:15:00+00:00,10829.875
2025-11-06 20:30:00+00:00,10829.875
2025-11-06 20:45:00+00:00,10829.875
2025-11-06 21:00:00+00:00,10721.5762
2025-11-06 21:15:00+00:00,10721.5762
2025-11-06 21:30:00+00:00,10721.5762
2025-11-06 21:45:00+00:00,10721.5762
2025-11-06 22:00:00+00:00,10721.5762
2025-11-06 22:15:00+00:00,10721.5762
2025-11-06 22:30:00+00:00,10721.5762
2025-11-06 22:45:00+00:00,10721.5762
2025-11-06 23:00:00+00:00,10721.5762
2025-11-06 23:15:00+00:00,10721.5762
2025-11-06 23:30:00+00:00,10721.5762
2025-11-06 23:45:00+00:00,10721.5762
2025-11-07 00:00:00+00:00,10721.5762
2025-11-07 00:15:00+00:00,10614.3605
2025-11-07 00:30:00+00:00,10614.3605
2025-11-07 00:45:00+00:00,10614.3605
2025-11-07 01:00:00+00:00,10614.3605
2025-11-07 01:15:00+00:00,10614.3605
2025-11-07 01:30:00+00:00,10614.3605
2025-11-07 01:45:00+00:00,10614.3605
2025-11-07 02:00:00+00:00,10614.3605
2025-11-07 02:15:00+00:00,10614.3605
2025-11-07 02:30:00+00:00,10614.3605
2025-11-07 02:45:00+00:00,10614.3605
2025-11-07 03:00:00+00:00,10614.3605
2025-11-07 03:15:00+00:00,10614.3605
2025-11-07 03:30:00+00:00,10614.3605
2025-11-07 03:45:00+00:00,10614.3605
2025-11-07 04:00:00+00:00,10614.3605
2025-11-07 04:15:00+00:00,10614.3605
2025-11-07 04:30:00+00:00,10614.3605
2025-11-07 04:45:00+00:00,10614.3605
2025-11-07 05:00:00+00:00,10614.3605
2025-11-07 05:15:00+00:00,10614.3605
2025-11-07 05:30:00+00:00,10614.3605
2025-11-07 05:45:00+00:00,10614.3605
2025-11-07 06:00:00+00:00,10614.3605
2025-11-07 06:15:00+00:00,10614.3605
2025-11-07 06:30:00+00:00,10614.3605
2025-11-07 06:45:00+00:00,10614.3605
2025-11-07 07:00:00+00:00,10614.3605
2025-11-07 07:15:00+00:00,10614.3605
2025-11-07 07:30:00+00:00,10614.3605
2025-11-07 07:45:00+00:00,10614.3605
2025-11-07 08:00:00+00:00,10614.3605
2025-11-07 08:15:00+00:00,10614.3605
2025-11-07 08:30:00+00:00,10614.3605
2025-11-07 08:45:00+00:00,10614.3605
2025-11-07 09:00:00+00:00,10614.3605
2025-11-07 09:15:00+00:00,10614.3605
2025-11-07 09:30:00+00:00,10614.3605
2025-11-07 09:45:00+00:00,10614.3605
2025-11-07 10:00:00+00:00,10614.3605
2025-11-07 10:15:00+00:00,10614.3605
2025-11-07 10:30:00+00:00,10614.3605
2025-11-07 10:45:00+00:00,10614.3605
2025-11-07 11:00:00+00:00,10614.3605
2025-11-07 11:15:00+00:00,10614.3605
2025-11-07 11:30:00+00:00,10614.3605
2025-11-07 11:45:00+00:00,10614.3605
2025-11-07 12:00:00+00:00,10614.3605
2025-11-07 12:15:00+00:00,10614.3605
2025-11-07 12:30:00+00:00,10614.3605
2025-11-07 12:45:00+00:00,10614.3605
2025-11-07 13:00:00+00:00,10614.3605
2025-11-07 13:15:00+00:00,10614.3605
2025-11-07 13:30:00+00:00,10614.3605
2025-11-07 13:45:00+00:00,10614.3605
2025-11-07 14:00:00+00:00,10614.3605
2025-11-07 14:15:00+00:00,10614.3605
2025-11-07 14:30:00+00:00,10614.3605
2025-11-07 14:45:00+00:00,10614.3605
2025-11-07 15:00:00+00:00,10614.3605
2025-11-07 15:15:00+00:00,10614.3605
2025-11-07 15:30:00+00:00,10614.3605
2025-11-07 15:45:00+00:00,10614.3605
2025-11-07 16:00:00+00:00,10614.3605
2025-11-07 16:15:00+00:00,10508.2169
2025-11-07 16:30:00+00:00,10508.2169
2025-11-07 16:45:00+00:00,10508.2169
2025-11-07 17:00:00+00:00,10508.2169
2025-11-07 17:15:00+00:00,10508.2169
2025-11-07 17:30:00+00:00,10508.2169
2025-11-07 17:45:00+00:00,10508.2169
2025-11-07 18:00:00+00:00,10508.2169
2025-11-07 18:15:00+00:00,10508.2169
2025-11-07 18:30:00+00:00,10508.2169
2025-11-07 18:45:00+00:00,10508.2169
2025-11-07 19:00:00+00:00,10508.2169
2025-11-07 19:15:00+00:00,10508.2169
2025-11-07 19:30:00+00:00,10508.2169
2025-11-07 19:45:00+00:00,10508.2169
2025-11-07 20:00:00+00:00,10508.2169
2025-11-07 20:15:00+00:00,10508.2169
2025-11-07 20:30:00+00:00,10508.2169
2025-11-07 20:45:00+00:00,10508.2169
2025-11-07 21:00:00+00:00,10508.2169
2025-11-07 21:15:00+00:00,10508.2169
2025-11-07 21:30:00+00:00,10508.2169
2025-11-07 21:45:00+00:00,10508.2169
2025-11-07 22:00:00+00:00,10508.2169
2025-11-07 22:15:00+00:00,10508.2169
2025-11-07 22:30:00+00:00,10508.2169
2025-11-07 22:45:00+00:00,10508.2169
2025-11-07 23:00:00+00:00,10508.2169
2025-11-07 23:15:00+00:00,10508.2169
2025-11-07 23:30:00+00:00,10508.2169
2025-11-07 23:45:00+00:00,10508.2169
2025-11-08 00:00:00+00:00,10508.2169
2025-11-08 00:15:00+00:00,10508.2169
2025-11-08 00:30:00+00:00,10508.2169
2025-11-08 00:45:00+00:00,10508.2169
2025-11-08 01:00:00+00:00,10508.2169
2025-11-08 01:15:00+00:00,10508.2169
2025-11-08 01:30:00+00:00,10508.2169
2025-11-08 01:45:00+00:00,10508.2169
2025-11-08 02:00:00+00:00,10508.2169
2025-11-08 02:15:00+00:00,10508.2169
2025-11-08 02:30:00+00:00,10508.2169
2025-11-08 02:45:00+00:00,10508.2169
2025-11-08 03:00:00+00:00,10508.2169
2025-11-08 03:15:00+00:00,10508.2169
2025-11-08 03:30:00+00:00,10508.2169
2025-11-08 03:45:00+00:00,10508.2169
2025-11-08 04:00:00+00:00,10508.2169
2025-11-08 04:15:00+00:00,10508.2169
2025-11-08 04:30:00+00:00,10508.2169
2025-11-08 04:45:00+00:00,10508.2169
2025-11-08 05:00:00+00:00,10508.2169
2025-11-08 05:15:00+00:00,10508.2169
2025-11-08 05:30:00+00:00,10508.2169
2025-11-08 05:45:00+00:00,10508.2169
2025-11-08 06:00:00+00:00,10508.2169
2025-11-08 06:15:00+00:00,10508.2169
2025-11-08 06:30:00+00:00,10508.2169
2025-11-08 06:45:00+00:00,10508.2169
2025-11-08 07:00:00+00:00,10508.2169
2025-11-08 07:15:00+00:00,10508.2169
2025-11-08 07:30:00+00:00,10508.2169
2025-11-08 07:45:00+00:00,10508.2169
2025-11-08 08:00:00+00:00,10508.2169
2025-11-08 08:15:00+00:00,10508.2169
2025-11-08 08:30:00+00:00,10508.2169
2025-11-08 08:45:00+00:00,10508.2169
2025-11-08 09:00:00+00:00,10508.2169
2025-11-08 09:15:00+00:00,10508.2169
2025-11-08 09:30:00+00:00,10508.2169
2025-11-08 09:45:00+00:00,10508.2169
2025-11-08 10:00:00+00:00,10508.2169
2025-11-08 10:15:00+00:00,10508.2169
2025-11-08 10:30:00+00:00,10508.2169
2025-11-08 10:45:00+00:00,10508.2169
2025-11-08 11:00:00+00:00,10508.2169
2025-11-08 11:15:00+00:00,10508.2169
2025-11-08 11:30:00+00:00,10508.2169
2025-11-08 11:45:00+00:00,10508.2169
2025-11-08 12:00:00+00:00,10508.2169
2025-11-08 12:15:00+00:00,10508.2169
2025-11-08 12:30:00+00:00,10508.2169
2025-11-08 12:45:00+00:00,10508.2169
2025-11-08 13:00:00+00:00,10508.2169
2025-11-08 13:15:00+00:00,10508.2169
2025-11-08 13:30:00+00:00,10508.2169
2025-11-08 13:45:00+00:00,10403.1347
2025-11-08 14:00:00+00:00,10403.1347
2025-11-08 14:15:00+00:00,10403.1347
2025-11-08 14:30:00+00:00,10403.1347
2025-11-08 14:45:00+00:00,10403.1347
2025-11-08 15:00:00+00:00,10403.1347
2025-11-08 15:15:00+00:00,10403.1347
2025-11-08 15:30:00+00:00,10403.1347
2025-11-08 15:45:00+00:00,10403.1347
2025-11-08 16:00:00+00:00,10299.1033
2025-11-08 16:15:00+00:00,10299.1033
2025-11-08 16:30:00+00:00,10299.1033
2025-11-08 16:45:00+00:00,10299.1033
2025-11-08 17:00:00+00:00,10299.1033
2025-11-08 17:15:00+00:00,10299.1033
2025-11-08 17:30:00+00:00,10299.1033
2025-11-08 17:45:00+00:00,10299.1033
2025-11-08 18:00:00+00:00,10299.1033
2025-11-08 18:15:00+00:00,10299.1033
2025-11-08 18:30:00+00:00,10299.1033
2025-11-08 18:45:00+00:00,10505.0854
2025-11-08 19:00:00+00:00,10505.0854
2025-11-08 19:15:00+00:00,10505.0854
2025-11-08 19:30:00+00:00,10505.0854
2025-11-08 19:45:00+00:00,10505.0854
2025-11-08 20:00:00+00:00,10505.0854
2025-11-08 20:15:00+00:00,10505.0854
2025-11-08 20:30:00+00:00,10505.0854
2025-11-08 20:45:00+00:00,10400.0346
2025-11-08 21:00:00+00:00,10400.0346
2025-11-08 21:15:00+00:00,10400.0346
2025-11-08 21:30:00+00:00,10400.0346
2025-11-08 21:45:00+00:00,10400.0346
2025-11-08 22:00:00+00:00,10400.0346
2025-11-08 22:15:00+00:00,10400.0346
2025-11-08 22:30:00+00:00,10400.0346
2025-11-08 22:45:00+00:00,10400.0346
2025-11-08 23:00:00+00:00,10400.0346
2025-11-08 23:15:00+00:00,10400.0346
2025-11-08 23:30:00+00:00,10400.0346
2025-11-08 23:45:00+00:00,10400.0346
2025-11-09 00:00:00+00:00,10400.0346
2025-11-09 00:15:00+00:00,10400.0346
2025-11-09 00:30:00+00:00,10400.0346
2025-11-09 00:45:00+00:00,10400.0346
2025-11-09 01:00:00+00:00,10400.0346
2025-11-09 01:15:00+00:00,10400.0346
2025-11-09 01:30:00+00:00,10400.0346
2025-11-09 01:45:00+00:00,10400.0346
2025-11-09 02:00:00+00:00,10400.0346
2025-11-09 02:15:00+00:00,10400.0346
2025-11-09 02:30:00+00:00,10400.0346
2025-11-09 02:45:00+00:00,10296.0342
2025-11-09 03:00:00+00:00,10296.0342
2025-11-09 03:15:00+00:00,10296.0342
2025-11-09 03:30:00+00:00,10296.0342
2025-11-09 03:45:00+00:00,10296.0342
2025-11-09 04:00:00+00:00,10296.0342
2025-11-09 04:15:00+00:00,10296.0342
2025-11-09 04:30:00+00:00,10296.0342
2025-11-09 04:45:00+00:00,10296.0342
2025-11-09 05:00:00+00:00,10296.0342
2025-11-09 05:15:00+00:00,10296.0342
2025-11-09 05:30:00+00:00,10296.0342
2025-11-09 05:45:00+00:00,10296.0342
2025-11-09 06:00:00+00:00,10296.0342
2025-11-09 06:15:00+00:00,10296.0342
2025-11-09 06:30:00+00:00,10296.0342
2025-11-09 06:45:00+00:00,10296.0342
2025-11-09 07:00:00+00:00,10296.0342
2025-11-09 07:15:00+00:00,10296.0342
2025-11-09 07:30:00+00:00,10296.0342
2025-11-09 07:45:00+00:00,10296.0342
2025-11-09 08:00:00+00:00,10296.0342
2025-11-09 08:15:00+00:00,10296.0342
2025-11-09 08:30:00+00:00,10296.0342
2025-11-09 08:45:00+00:00,10296.0342
2025-11-09 09:00:00+00:00,10296.0342
2025-11-09 09:15:00+00:00,10296.0342
2025-11-09 09:30:00+00:00,10296.0342
2025-11-09 09:45:00+00:00,10296.0342
2025-11-09 10:00:00+00:00,10296.0342
2025-11-09 10:15:00+00:00,10296.0342
2025-11-09 10:30:00+00:00,10296.0342
2025-11-09 10:45:00+00:00,10296.0342
2025-11-09 11:00:00+00:00,10296.0342
2025-11-09 11:15:00+00:00,10296.0342
2025-11-09 11:30:00+00:00,10296.0342
2025-11-09 11:45:00+00:00,10296.0342
2025-11-09 12:00:00+00:00,10296.0342
2025-11-09 12:15:00+00:00,10193.0739
2025-11-09 12:30:00+00:00,10193.0739
2025-11-09 12:45:00+00:00,10193.0739
2025-11-09 13:00:00+00:00,10193.0739
2025-11-09 13:15:00+00:00,10193.0739
2025-11-09 13:30:00+00:00,10193.0739
2025-11-09 13:45:00+00:00,10193.0739
2025-11-09 14:00:00+00:00,10193.0739
2025-11-09 14:15:00+00:00,10193.0739
2025-11-09 14:30:00+00:00,10193.0739
2025-11-09 14:45:00+00:00,10193.0739
2025-11-09 15:00:00+00:00,10193.0739
2025-11-09 15:15:00+00:00,10193.0739
2025-11-09 15:30:00+00:00,10193.0739
2025-11-09 15:45:00+00:00,10193.0739
2025-11-09 16:00:00+00:00,10193.0739
2025-11-09 16:15:00+00:00,10193.0739
2025-11-09 16:30:00+00:00,10193.0739
2025-11-09 16:45:00+00:00,10193.0739
2025-11-09 17:00:00+00:00,10193.0739
2025-11-09 17:15:00+00:00,10193.0739
2025-11-09 17:30:00+00:00,10193.0739
2025-11-09 17:45:00+00:00,10193.0739
2025-11-09 18:00:00+00:00,10193.0739
2025-11-09 18:15:00+00:00,10193.0739
2025-11-09 18:30:00+00:00,10193.0739
2025-11-09 18:45:00+00:00,10193.0739
2025-11-09 19:00:00+00:00,10193.0739
2025-11-09 19:15:00+00:00,10193.0739
2025-11-09 19:30:00+00:00,10193.0739
2025-11-09 19:45:00+00:00,10193.0739
2025-11-09 20:00:00+00:00,10396.9353
2025-11-09 20:15:00+00:00,10396.9353
2025-11-09 20:30:00+00:00,10396.9353
2025-11-09 20:45:00+00:00,10396.9353
2025-11-09 21:00:00+00:00,10396.9353
2025-11-09 21:15:00+00:00,10396.9353
2025-11-09 21:30:00+00:00,10396.9353
2025-11-09 21:45:00+00:00,10396.9353
2025-11-09 22:00:00+00:00,10396.9353
2025-11-09 22:15:00+00:00,10396.9353
2025-11-09 22:30:00+00:00,10396.9353
2025-11-09 22:45:00+00:00,10396.9353
2025-11-09 23:00:00+00:00,10396.9353
2025-11-09 23:15:00+00:00,10396.9353
2025-11-09 23:30:00+00:00,10396.9353
2025-11-09 23:45:00+00:00,10396.9353
2025-11-10 00:00:00+00:00,10292.966
2025-11-10 00:15:00+00:00,10292.966
2025-11-10 00:30:00+00:00,10292.966
2025-11-10 00:45:00+00:00,10498.8253
2025-11-10 01:00:00+00:00,10498.8253
2025-11-10 01:15:00+00:00,10498.8253
2025-11-10 01:30:00+00:00,10498.8253
2025-11-10 01:45:00+00:00,10498.8253
2025-11-10 02:00:00+00:00,10498.8253
2025-11-10 02:15:00+00:00,10498.8253
2025-11-10 02:30:00+00:00,10498.8253
2025-11-10 02:45:00+00:00,10498.8253
2025-11-10 03:00:00+00:00,10498.8253
2025-11-10 03:15:00+00:00,10498.8253
2025-11-10 03:30:00+00:00,10498.8253
2025-11-10 03:45:00+00:00,10498.8253
2025-11-10 04:00:00+00:00,10498.8253
2025-11-10 04:15:00+00:00,10498.8253
2025-11-10 04:30:00+00:00,10498.8253
2025-11-10 04:45:00+00:00,10498.8253
2025-11-10 05:00:00+00:00,10498.8253
2025-11-10 05:15:00+00:00,10498.8253
2025-11-10 05:30:00+00:00,10498.8253
2025-11-10 05:45:00+00:00,10498.8253
2025-11-10 06:00:00+00:00,10498.8253
2025-11-10 06:15:00+00:00,10498.8253
2025-11-10 06:30:00+00:00,10498.8253
2025-11-10 06:45:00+00:00,10498.8253
2025-11-10 07:00:00+00:00,10498.8253
2025-11-10 07:15:00+00:00,10498.8253
2025-11-10 07:30:00+00:00,10393.8371
2025-11-10 07:45:00+00:00,10393.8371
2025-11-10 08:00:00+00:00,10393.8371
2025-11-10 08:15:00+00:00,10393.8371
2025-11-10 08:30:00+00:00,10289.8987
2025-11-10 08:45:00+00:00,10289.8987
2025-11-10 09:00:00+00:00,10289.8987
2025-11-10 09:15:00+00:00,10289.8987
2025-11-10 09:30:00+00:00,10289.8987
2025-11-10 09:45:00+00:00,10495.6967
2025-11-10 10:00:00+00:00,10495.6967
2025-11-10 10:15:00+00:00,10495.6967
2025-11-10 10:30:00+00:00,10495.6967
2025-11-10 10:45:00+00:00,10495.6967
2025-11-10 11:00:00+00:00,10495.6967
2025-11-10 11:15:00+00:00,10495.6967
2025-11-10 11:30:00+00:00,10495.6967
2025-11-10 11:45:00+00:00,10495.6967
2025-11-10 12:00:00+00:00,10390.7397
2025-11-10 12:15:00+00:00,10390.7397
2025-11-10 12:30:00+00:00,10390.7397
2025-11-10 12:45:00+00:00,10390.7397
2025-11-10 13:00:00+00:00,10390.7397
2025-11-10 13:15:00+00:00,10390.7397
2025-11-10 13:30:00+00:00,10390.7397
2025-11-10 13:45:00+00:00,10390.7397
2025-11-10 14:00:00+00:00,10390.7397
2025-11-10 14:15:00+00:00,10390.7397
2025-11-10 14:30:00+00:00,10390.7397
2025-11-10 14:45:00+00:00,10390.7397
2025-11-10 15:00:00+00:00,10390.7397
2025-11-10 15:15:00+00:00,10390.7397
2025-11-10 15:30:00+00:00,10390.7397
2025-11-10 15:45:00+00:00,10390.7397
2025-11-10 16:00:00+00:00,10390.7397
2025-11-10 16:15:00+00:00,10390.7397
2025-11-10 16:30:00+00:00,10390.7397
2025-11-10 16:45:00+00:00,10390.7397
2025-11-10 17:00:00+00:00,10390.7397
2025-11-10 17:15:00+00:00,10390.7397
2025-11-10 17:30:00+00:00,10390.7397
2025-11-10 17:45:00+00:00,10390.7397
2025-11-10 18:00:00+00:00,10390.7397
2025-11-10 18:15:00+00:00,10390.7397
2025-11-10 18:30:00+00:00,10390.7397
2025-11-10 18:45:00+00:00,10390.7397
2025-11-10 19:00:00+00:00,10390.7397
2025-11-10 19:15:00+00:00,10390.7397
2025-11-10 19:30:00+00:00,10390.7397
2025-11-10 19:45:00+00:00,10390.7397
2025-11-10 20:00:00+00:00,10390.7397
2025-11-10 20:15:00+00:00,10390.7397
2025-11-10 20:30:00+00:00,10390.7397
2025-11-10 20:45:00+00:00,10390.7397
2025-11-10 21:00:00+00:00,10390.7397
2025-11-10 21:15:00+00:00,10390.7397
2025-11-10 21:30:00+00:00,10390.7397
2025-11-10 21:45:00+00:00,10390.7397
2025-11-10 22:00:00+00:00,10390.7397
2025-11-10 22:15:00+00:00,10390.7397
2025-11-10 22:30:00+00:00,10390.7397
2025-11-10 22:45:00+00:00,10286.8323
2025-11-10 23:00:00+00:00,10286.8323
2025-11-10 23:15:00+00:00,10286.8323
2025-11-10 23:30:00+00:00,10286.8323
2025-11-10 23:45:00+00:00,10286.8323
2025-11-11 00:00:00+00:00,10286.8323
2025-11-11 00:15:00+00:00,10286.8323
2025-11-11 00:30:00+00:00,10286.8323
2025-11-11 00:45:00+00:00,10183.964
2025-11-11 01:00:00+00:00,10183.964
2025-11-11 01:15:00+00:00,10183.964
2025-11-11 01:30:00+00:00,10183.964
2025-11-11 01:45:00+00:00,10183.964
2025-11-11 02:00:00+00:00,10183.964
2025-11-11 02:15:00+00:00,10183.964
2025-11-11 02:30:00+00:00,10183.964
2025-11-11 02:45:00+00:00,10183.964
2025-11-11 03:00:00+00:00,10183.964
2025-11-11 03:15:00+00:00,10183.964
2025-11-11 03:30:00+00:00,10183.964
2025-11-11 03:45:00+00:00,10183.964
2025-11-11 04:00:00+00:00,10183.964
2025-11-11 04:15:00+00:00,10183.964
2025-11-11 04:30:00+00:00,10183.964
2025-11-11 04:45:00+00:00,10183.964
2025-11-11 05:00:00+00:00,10183.964
2025-11-11 05:15:00+00:00,10183.964
2025-11-11 05:30:00+00:00,10183.964
2025-11-11 05:45:00+00:00,10183.964
2025-11-11 06:00:00+00:00,10183.964
2025-11-11 06:15:00+00:00,10183.964
2025-11-11 06:30:00+00:00,10183.964
2025-11-11 06:45:00+00:00,10183.964
2025-11-11 07:00:00+00:00,10183.964
2025-11-11 07:15:00+00:00,10183.964
2025-11-11 07:30:00+00:00,10183.964
2025-11-11 07:45:00+00:00,10183.964
2025-11-11 08:00:00+00:00,10183.964
2025-11-11 08:15:00+00:00,10183.964
2025-11-11 08:30:00+00:00,10183.964
2025-11-11 08:45:00+00:00,10183.964
2025-11-11 09:00:00+00:00,10183.964
2025-11-11 09:15:00+00:00,10183.964
2025-11-11 09:30:00+00:00,10183.964
2025-11-11 09:45:00+00:00,10183.964
2025-11-11 10:00:00+00:00,10183.964
2025-11-11 10:15:00+00:00,10183.964
2025-11-11 10:30:00+00:00,10183.964
2025-11-11 10:45:00+00:00,10183.964
2025-11-11 11:00:00+00:00,10183.964
2025-11-11 11:15:00+00:00,10183.964
2025-11-11 11:30:00+00:00,10183.964
2025-11-11 11:45:00+00:00,10183.964
2025-11-11 12:00:00+00:00,10183.964
2025-11-11 12:15:00+00:00,10183.964
2025-11-11 12:30:00+00:00,10183.964
2025-11-11 12:45:00+00:00,10183.964
2025-11-11 13:00:00+00:00,10183.964
2025-11-11 13:15:00+00:00,10183.964
2025-11-11 13:30:00+00:00,10183.964
2025-11-11 13:45:00+00:00,10183.964
2025-11-11 14:00:00+00:00,10183.964
2025-11-11 14:15:00+00:00,10183.964
2025-11-11 14:30:00+00:00,10183.964
2025-11-11 14:45:00+00:00,10082.1243
2025-11-11 15:00:00+00:00,10082.1243
2025-11-11 15:15:00+00:00,10082.1243
2025-11-11 15:30:00+00:00,10082.1243
2025-11-11 15:45:00+00:00,10082.1243
2025-11-11 16:00:00+00:00,10082.1243
2025-11-11 16:15:00+00:00,10082.1243
2025-11-11 16:30:00+00:00,10082.1243
2025-11-11 16:45:00+00:00,10082.1243
2025-11-11 17:00:00+00:00,10082.1243
2025-11-11 17:15:00+00:00,10082.1243
2025-11-11 17:30:00+00:00,10283.7668
2025-11-11 17:45:00+00:00,10283.7668
2025-11-11 18:00:00+00:00,10283.7668
2025-11-11 18:15:00+00:00,10283.7668
2025-11-11 18:30:00+00:00,10283.7668
2025-11-11 18:45:00+00:00,10283.7668
2025-11-11 19:00:00+00:00,10283.7668
2025-11-11 19:15:00+00:00,10283.7668
2025-11-11 19:30:00+00:00,10283.7668
2025-11-11 19:45:00+00:00,10283.7668
2025-11-11 20:00:00+00:00,10283.7668
2025-11-11 20:15:00+00:00,10283.7668
2025-11-11 20:30:00+00:00,10283.7668
2025-11-11 20:45:00+00:00,10283.7668
2025-11-11 21:00:00+00:00,10283.7668
2025-11-11 21:15:00+00:00,10283.7668
2025-11-11 21:30:00+00:00,10283.7668
2025-11-11 21:45:00+00:00,10283.7668
2025-11-11 22:00:00+00:00,10283.7668
2025-11-11 22:15:00+00:00,10283.7668
2025-11-11 22:30:00+00:00,10283.7668
2025-11-11 22:45:00+00:00,10283.7668
2025-11-11 23:00:00+00:00,10283.7668
2025-11-11 23:15:00+00:00,10283.7668
2025-11-11 23:30:00+00:00,10283.7668
2025-11-11 23:45:00+00:00,10283.7668
2025-11-12 00:00:00+00:00,10283.7668
2025-11-12 00:15:00+00:00,10283.7668
2025-11-12 00:30:00+00:00,10283.7668
2025-11-12 00:45:00+00:00,10283.7668
2025-11-12 01:00:00+00:00,10283.7668
2025-11-12 01:15:00+00:00,10283.7668
2025-11-12 01:30:00+00:00,10283.7668
2025-11-12 01:45:00+00:00,10283.7668
2025-11-12 02:00:00+00:00,10283.7668
2025-11-12 02:15:00+00:00,10283.7668
2025-11-12 02:30:00+00:00,10283.7668
2025-11-12 02:45:00+00:00,10283.7668
2025-11-12 03:00:00+00:00,10283.7668
2025-11-12 03:15:00+00:00,10283.7668
2025-11-12 03:30:00+00:00,10283.7668
2025-11-12 03:45:00+00:00,10283.7668
2025-11-12 04:00:00+00:00,10283.7668
2025-11-12 04:15:00+00:00,10283.7668
2025-11-12 04:30:00+00:00,10283.7668
2025-11-12 04:45:00+00:00,10283.7668
2025-11-12 05:00:00+00:00,10283.7668
2025-11-12 05:15:00+00:00,10283.7668
2025-11-12 05:30:00+00:00,10283.7668
2025-11-12 05:45:00+00:00,10283.7668
2025-11-12 06:00:00+00:00,10283.7668
2025-11-12 06:15:00+00:00,10283.7668
2025-11-12 06:30:00+00:00,10283.7668
2025-11-12 06:45:00+00:00,10283.7668
2025-11-12 07:00:00+00:00,10283.7668
2025-11-12 07:15:00+00:00,10283.7668
2025-11-12 07:30:00+00:00,10283.7668
2025-11-12 07:45:00+00:00,10283.7668
2025-11-12 08:00:00+00:00,10283.7668
2025-11-12 08:15:00+00:00,10283.7668
2025-11-12 08:30:00+00:00,10283.7668
2025-11-12 08:45:00+00:00,10283.7668
2025-11-12 09:00:00+00:00,10283.7668
2025-11-12 09:15:00+00:00,10283.7668
2025-11-12 09:30:00+00:00,10283.7668
2025-11-12 09:45:00+00:00,10283.7668
2025-11-12 10:00:00+00:00,10283.7668
2025-11-12 10:15:00+00:00,10180.9292
2025-11-12 10:30:00+00:00,10180.9292
2025-11-12 10:45:00+00:00,10180.9292
2025-11-12 11:00:00+00:00,10180.9292
2025-11-12 11:15:00+00:00,10180.9292
2025-11-12 11:30:00+00:00,10180.9292
2025-11-12 11:45:00+00:00,10180.9292
2025-11-12 12:00:00+00:00,10180.9292
2025-11-12 12:15:00+00:00,10180.9292
2025-11-12 12:30:00+00:00,10180.9292
2025-11-12 12:45:00+00:00,10180.9292
2025-11-12 13:00:00+00:00,10180.9292
2025-11-12 13:15:00+00:00,10180.9292
2025-11-12 13:30:00+00:00,10180.9292
2025-11-12 13:45:00+00:00,10180.9292
2025-11-12 14:00:00+00:00,10180.9292
2025-11-12 14:15:00+00:00,10180.9292
2025-11-12 14:30:00+00:00,10180.9292
2025-11-12 14:45:00+00:00,10180.9292
2025-11-12 15:00:00+00:00,10180.9292
2025-11-12 15:15:00+00:00,10180.9292
2025-11-12 15:30:00+00:00,10180.9292
2025-11-12 15:45:00+00:00,10180.9292
2025-11-12 16:00:00+00:00,10180.9292
2025-11-12 16:15:00+00:00,10180.9292
2025-11-12 16:30:00+00:00,10180.9292
2025-11-12 16:45:00+00:00,10180.9292
2025-11-12 17:00:00+00:00,10180.9292
2025-11-12 17:15:00+00:00,10180.9292
2025-11-12 17:30:00+00:00,10180.9292
2025-11-12 17:45:00+00:00,10180.9292
2025-11-12 18:00:00+00:00,10180.9292
2025-11-12 18:15:00+00:00,10180.9292
2025-11-12 18:30:00+00:00,10180.9292
2025-11-12 18:45:00+00:00,10180.9292
2025-11-12 19:00:00+00:00,10180.9292
2025-11-12 19:15:00+00:00,10180.9292
2025-11-12 19:30:00+00:00,10180.9292
2025-11-12 19:45:00+00:00,10180.9292
2025-11-12 20:00:00+00:00,10180.9292
2025-11-12 20:15:00+00:00,10180.9292
2025-11-12 20:30:00+00:00,10180.9292
2025-11-12 20:45:00+00:00,10180.9292
2025-11-12 21:00:00+00:00,10180.9292
2025-11-12 21:15:00+00:00,10180.9292
2025-11-12 21:30:00+00:00,10180.9292
2025-11-12 21:45:00+00:00,10180.9292
2025-11-12 22:00:00+00:00,10180.9292
2025-11-12 22:15:00+00:00,10180.9292
2025-11-12 22:30:00+00:00,10180.9292
2025-11-12 22:45:00+00:00,10079.1199
2025-11-12 23:00:00+00:00,10079.1199
2025-11-12 23:15:00+00:00,10079.1199
2025-11-12 23:30:00+00:00,10079.1199
2025-11-12 23:45:00+00:00,10079.1199
2025-11-13 00:00:00+00:00,10079.1199
2025-11-13 00:15:00+00:00,10079.1199
2025-11-13 00:30:00+00:00,10079.1199
2025-11-13 00:45:00+00:00,10079.1199
2025-11-13 01:00:00+00:00,9978.3287
2025-11-13 01:15:00+00:00,9978.3287
2025-11-13 01:30:00+00:00,9978.3287
2025-11-13 01:45:00+00:00,9978.3287
2025-11-13 02:00:00+00:00,9978.3287
2025-11-13 02:15:00+00:00,9978.3287
2025-11-13 02:30:00+00:00,9978.3287
2025-11-13 02:45:00+00:00,9978.3287
2025-11-13 03:00:00+00:00,9978.3287
2025-11-13 03:15:00+00:00,10177.8952
2025-11-13 03:30:00+00:00,10177.8952
2025-11-13 03:45:00+00:00,10177.8952
2025-11-13 04:00:00+00:00,10177.8952
2025-11-13 04:15:00+00:00,10177.8952
2025-11-13 04:30:00+00:00,10177.8952
2025-11-13 04:45:00+00:00,10177.8952
2025-11-13 05:00:00+00:00,10177.8952
2025-11-13 05:15:00+00:00,10076.1163
2025-11-13 05:30:00+00:00,10076.1163
2025-11-13 05:45:00+00:00,10076.1163
2025-11-13 06:00:00+00:00,10076.1163
2025-11-13 06:15:00+00:00,10076.1163
2025-11-13 06:30:00+00:00,10076.1163
2025-11-13 06:45:00+00:00,10076.1163
2025-11-13 07:00:00+00:00,10076.1163
2025-11-13 07:15:00+00:00,10076.1163
2025-11-13 07:30:00+00:00,10076.1163
2025-11-13 07:45:00+00:00,10076.1163
2025-11-13 08:00:00+00:00,10076.1163
2025-11-13 08:15:00+00:00,10076.1163
2025-11-13 08:30:00+00:00,10076.1163
2025-11-13 08:45:00+00:00,10076.1163
2025-11-13 09:00:00+00:00,10076.1163
2025-11-13 09:15:00+00:00,10076.1163
2025-11-13 09:30:00+00:00,10076.1163
2025-11-13 09:45:00+00:00,10076.1163
2025-11-13 10:00:00+00:00,10076.1163
2025-11-13 10:15:00+00:00,10076.1163
2025-11-13 10:30:00+00:00,10076.1163
2025-11-13 10:45:00+00:00,10076.1163
2025-11-13 11:00:00+00:00,10076.1163
2025-11-13 11:15:00+00:00,10076.1163
2025-11-13 11:30:00+00:00,10076.1163
2025-11-13 11:45:00+00:00,10076.1163
2025-11-13 12:00:00+00:00,10076.1163
2025-11-13 12:15:00+00:00,10076.1163
2025-11-13 12:30:00+00:00,10076.1163
2025-11-13 12:45:00+00:00,10076.1163
2025-11-13 13:00:00+00:00,10076.1163
2025-11-13 13:15:00+00:00,10076.1163
2025-11-13 13:30:00+00:00,10076.1163
2025-11-13 13:45:00+00:00,10076.1163
2025-11-13 14:00:00+00:00,10076.1163
2025-11-13 14:15:00+00:00,10076.1163
2025-11-13 14:30:00+00:00,10076.1163
2025-11-13 14:45:00+00:00,10076.1163
2025-11-13 15:00:00+00:00,10076.1163
2025-11-13 15:15:00+00:00,10076.1163
2025-11-13 15:30:00+00:00,10076.1163
2025-11-13 15:45:00+00:00,10076.1163
2025-11-13 16:00:00+00:00,10076.1163
2025-11-13 16:15:00+00:00,10076.1163
2025-11-13 16:30:00+00:00,10076.1163
2025-11-13 16:45:00+00:00,10076.1163
2025-11-13 17:00:00+00:00,10076.1163
2025-11-13 17:15:00+00:00,10076.1163
2025-11-13 17:30:00+00:00,10076.1163
2025-11-13 17:45:00+00:00,10277.6386
2025-11-13 18:00:00+00:00,10277.6386
2025-11-13 18:15:00+00:00,10277.6386
2025-11-13 18:30:00+00:00,10277.6386
2025-11-13 18:45:00+00:00,10277.6386
2025-11-13 19:00:00+00:00,10277.6386
2025-11-13 19:15:00+00:00,10277.6386
2025-11-13 19:30:00+00:00,10277.6386
2025-11-13 19:45:00+00:00,10277.6386
2025-11-13 20:00:00+00:00,10277.6386
2025-11-13 20:15:00+00:00,10277.6386
2025-11-13 20:30:00+00:00,10277.6386
2025-11-13 20:45:00+00:00,10277.6386
2025-11-13 21:00:00+00:00,10277.6386
2025-11-13 21:15:00+00:00,10277.6386
2025-11-13 21:30:00+00:00,10277.6386
2025-11-13 21:45:00+00:00,10277.6386
2025-11-13 22:00:00+00:00,10277.6386
2025-11-13 22:15:00+00:00,10277.6386
2025-11-13 22:30:00+00:00,10277.6386
2025-11-13 22:45:00+00:00,10277.6386
2025-11-13 23:00:00+00:00,10277.6386
2025-11-13 23:15:00+00:00,10277.6386
2025-11-13 23:30:00+00:00,10277.6386
2025-11-13 23:45:00+00:00,10277.6386
2025-11-14 00:00:00+00:00,10277.6386
2025-11-14 00:15:00+00:00,10277.6386
2025-11-14 00:30:00+00:00,10277.6386
2025-11-14 00:45:00+00:00,10277.6386
2025-11-14 01:00:00+00:00,10277.6386
2025-11-14 01:15:00+00:00,10277.6386
2025-11-14 01:30:00+00:00,10277.6386
2025-11-14 01:45:00+00:00,10277.6386
2025-11-14 02:00:00+00:00,10277.6386
2025-11-14 02:15:00+00:00,10277.6386
2025-11-14 02:30:00+00:00,10277.6386
2025-11-14 02:45:00+00:00,10277.6386
2025-11-14 03:00:00+00:00,10277.6386
2025-11-14 03:15:00+00:00,10277.6386
2025-11-14 03:30:00+00:00,10277.6386
2025-11-14 03:45:00+00:00,10277.6386
2025-11-14 04:00:00+00:00,10277.6386
2025-11-14 04:15:00+00:00,10277.6386
2025-11-14 04:30:00+00:00,10277.6386
2025-11-14 04:45:00+00:00,10277.6386
2025-11-14 05:00:00+00:00,10277.6386
2025-11-14 05:15:00+00:00,10277.6386
2025-11-14 05:30:00+00:00,10277.6386
2025-11-14 05:45:00+00:00,10277.6386
2025-11-14 06:00:00+00:00,10277.6386
2025-11-14 06:15:00+00:00,10277.6386
2025-11-14 06:30:00+00:00,10277.6386
2025-11-14 06:45:00+00:00,10277.6386
2025-11-14 07:00:00+00:00,10277.6386
2025-11-14 07:15:00+00:00,10277.6386
2025-11-14 07:30:00+00:00,10277.6386
2025-11-14 07:45:00+00:00,10277.6386
2025-11-14 08:00:00+00:00,10277.6386
2025-11-14 08:15:00+00:00,10277.6386
2025-11-14 08:30:00+00:00,10277.6386
2025-11-14 08:45:00+00:00,10277.6386
2025-11-14 09:00:00+00:00,10277.6386
2025-11-14 09:15:00+00:00,10277.6386
2025-11-14 09:30:00+00:00,10277.6386
2025-11-14 09:45:00+00:00,10277.6386
2025-11-14 10:00:00+00:00,10277.6386
2025-11-14 10:15:00+00:00,10277.6386
2025-11-14 10:30:00+00:00,10277.6386
2025-11-14 10:45:00+00:00,10277.6386
2025-11-14 11:00:00+00:00,10277.6386
2025-11-14 11:15:00+00:00,10277.6386
2025-11-14 11:30:00+00:00,10277.6386
2025-11-14 11:45:00+00:00,10277.6386
2025-11-14 12:00:00+00:00,10277.6386
2025-11-14 12:15:00+00:00,10277.6386
2025-11-14 12:30:00+00:00,10277.6386
2025-11-14 12:45:00+00:00,10277.6386
2025-11-14 13:00:00+00:00,10277.6386
2025-11-14 13:15:00+00:00,10277.6386
2025-11-14 13:30:00+00:00,10277.6386
2025-11-14 13:45:00+00:00,10277.6386
2025-11-14 14:00:00+00:00,10277.6386
2025-11-14 14:15:00+00:00,10277.6386
2025-11-14 14:30:00+00:00,10277.6386
2025-11-14 14:45:00+00:00,10277.6386
2025-11-14 15:00:00+00:00,10277.6386
2025-11-14 15:15:00+00:00,10174.8622
2025-11-14 15:30:00+00:00,10174.8622
2025-11-14 15:45:00+00:00,10174.8622
2025-11-14 16:00:00+00:00,10174.8622
2025-11-14 16:15:00+00:00,10174.8622
2025-11-14 16:30:00+00:00,10174.8622
2025-11-14 16:45:00+00:00,10174.8622
2025-11-14 17:00:00+00:00,10174.8622
2025-11-14 17:15:00+00:00,10174.8622
2025-11-14 17:30:00+00:00,10174.8622
2025-11-14 17:45:00+00:00,10174.8622
2025-11-14 18:00:00+00:00,10174.8622
2025-11-14 18:15:00+00:00,10174.8622
2025-11-14 18:30:00+00:00,10073.1136
2025-11-14 18:45:00+00:00,10073.1136
2025-11-14 19:00:00+00:00,10073.1136
2025-11-14 19:15:00+00:00,10073.1136
2025-11-14 19:30:00+00:00,10073.1136
2025-11-14 19:45:00+00:00,10073.1136
2025-11-14 20:00:00+00:00,10073.1136
2025-11-14 20:15:00+00:00,10073.1136
2025-11-14 20:30:00+00:00,9972.3825
2025-11-14 20:45:00+00:00,9972.3825
2025-11-14 21:00:00+00:00,9972.3825
2025-11-14 21:15:00+00:00,9972.3825
2025-11-14 21:30:00+00:00,9972.3825
2025-11-14 21:45:00+00:00,9972.3825
2025-11-14 22:00:00+00:00,9972.3825
2025-11-14 22:15:00+00:00,9972.3825
2025-11-14 22:30:00+00:00,9972.3825
2025-11-14 22:45:00+00:00,9872.6586
2025-11-14 23:00:00+00:00,9872.6586
2025-11-14 23:15:00+00:00,9872.6586
2025-11-14 23:30:00+00:00,9872.6586
2025-11-14 23:45:00+00:00,9872.6586
2025-11-15 00:00:00+00:00,9872.6586
2025-11-15 00:15:00+00:00,9872.6586
2025-11-15 00:30:00+00:00,9872.6586
2025-11-15 00:45:00+00:00,9872.6586
2025-11-15 01:00:00+00:00,9872.6586
2025-11-15 01:15:00+00:00,9872.6586
2025-11-15 01:30:00+00:00,9872.6586
2025-11-15 01:45:00+00:00,9872.6586
2025-11-15 02:00:00+00:00,9872.6586
2025-11-15 02:15:00+00:00,9872.6586
2025-11-15 02:30:00+00:00,9872.6586
2025-11-15 02:45:00+00:00,9872.6586
2025-11-15 03:00:00+00:00,9872.6586
2025-11-15 03:15:00+00:00,9872.6586
2025-11-15 03:30:00+00:00,9872.6586
2025-11-15 03:45:00+00:00,9872.6586
2025-11-15 04:00:00+00:00,9872.6586
2025-11-15 04:15:00+00:00,9872.6586
2025-11-15 04:30:00+00:00,9872.6586
2025-11-15 04:45:00+00:00,9872.6586
2025-11-15 05:00:00+00:00,9872.6586
2025-11-15 05:15:00+00:00,9872.6586
2025-11-15 05:30:00+00:00,9872.6586
2025-11-15 05:45:00+00:00,9872.6586
2025-11-15 06:00:00+00:00,9872.6586
2025-11-15 06:15:00+00:00,9872.6586
2025-11-15 06:30:00+00:00,9872.6586
2025-11-15 06:45:00+00:00,9872.6586
2025-11-15 07:00:00+00:00,9872.6586
2025-11-15 07:15:00+00:00,9872.6586
2025-11-15 07:30:00+00:00,9872.6586
2025-11-15 07:45:00+00:00,9872.6586
2025-11-15 08:00:00+00:00,9872.6586
2025-11-15 08:15:00+00:00,9872.6586
2025-11-15 08:30:00+00:00,9872.6586
2025-11-15 08:45:00+00:00,9872.6586
2025-11-15 09:00:00+00:00,9872.6586
2025-11-15 09:15:00+00:00,9872.6586
2025-11-15 09:30:00+00:00,9872.6586
2025-11-15 09:45:00+00:00,9872.6586
2025-11-15 10:00:00+00:00,9872.6586
2025-11-15 10:15:00+00:00,9872.6586
2025-11-15 10:30:00+00:00,9872.6586
2025-11-15 10:45:00+00:00,9872.6586
2025-11-15 11:00:00+00:00,9872.6586
2025-11-15 11:15:00+00:00,9872.6586
2025-11-15 11:30:00+00:00,9872.6586
2025-11-15 11:45:00+00:00,9872.6586
2025-11-15 12:00:00+00:00,9872.6586
2025-11-15 12:15:00+00:00,9872.6586
2025-11-15 12:30:00+00:00,9872.6586
2025-11-15 12:45:00+00:00,9872.6586
2025-11-15 13:00:00+00:00,9872.6586
2025-11-15 13:15:00+00:00,9872.6586
2025-11-15 13:30:00+00:00,9872.6586
2025-11-15 13:45:00+00:00,9872.6586
2025-11-15 14:00:00+00:00,9872.6586
2025-11-15 14:15:00+00:00,9872.6586
2025-11-15 14:30:00+00:00,9872.6586
2025-11-15 14:45:00+00:00,9872.6586
2025-11-15 15:00:00+00:00,9872.6586
2025-11-15 15:15:00+00:00,9872.6586
2025-11-15 15:30:00+00:00,9872.6586
2025-11-15 15:45:00+00:00,9872.6586
2025-11-15 16:00:00+00:00,9872.6586
2025-11-15 16:15:00+00:00,9872.6586
2025-11-15 16:30:00+00:00,9872.6586
2025-11-15 16:45:00+00:00,9872.6586
2025-11-15 17:00:00+00:00,9872.6586
2025-11-15 17:15:00+00:00,9872.6586
2025-11-15 17:30:00+00:00,9872.6586
2025-11-15 17:45:00+00:00,9872.6586
2025-11-15 18:00:00+00:00,9872.6586
2025-11-15 18:15:00+00:00,9872.6586
2025-11-15 18:30:00+00:00,9872.6586
2025-11-15 18:45:00+00:00,9872.6586
2025-11-15 19:00:00+00:00,10070.1118
2025-11-15 19:15:00+00:00,10070.1118
2025-11-15 19:30:00+00:00,10070.1118
2025-11-15 19:45:00+00:00,10070.1118
2025-11-15 20:00:00+00:00,10070.1118
2025-11-15 20:15:00+00:00,10070.1118
2025-11-15 20:30:00+00:00,10070.1118
2025-11-15 20:45:00+00:00,10070.1118
2025-11-15 21:00:00+00:00,10070.1118
2025-11-15 21:15:00+00:00,10070.1118
2025-11-15 21:30:00+00:00,10070.1118
2025-11-15 21:45:00+00:00,10070.1118
2025-11-15 22:00:00+00:00,10070.1118
2025-11-15 22:15:00+00:00,10070.1118
2025-11-15 22:30:00+00:00,10070.1118
2025-11-15 22:45:00+00:00,10070.1118
2025-11-15 23:00:00+00:00,10070.1118
2025-11-15 23:15:00+00:00,10070.1118
2025-11-15 23:30:00+00:00,10070.1118
2025-11-15 23:45:00+00:00,10070.1118
2025-11-16 00:00:00+00:00,10070.1118
2025-11-16 00:15:00+00:00,10070.1118
2025-11-16 00:30:00+00:00,10070.1118
2025-11-16 00:45:00+00:00,10070.1118
2025-11-16 01:00:00+00:00,10070.1118
2025-11-16 01:15:00+00:00,10070.1118
2025-11-16 01:30:00+00:00,10070.1118
2025-11-16 01:45:00+00:00,10070.1118
2025-11-16 02:00:00+00:00,9969.4107
2025-11-16 02:15:00+00:00,9969.4107
2025-11-16 02:30:00+00:00,9969.4107
2025-11-16 02:45:00+00:00,9969.4107
2025-11-16 03:00:00+00:00,9969.4107
2025-11-16 03:15:00+00:00,9969.4107
2025-11-16 03:30:00+00:00,9969.4107
2025-11-16 03:45:00+00:00,9969.4107
2025-11-16 04:00:00+00:00,9969.4107
2025-11-16 04:15:00+00:00,9969.4107
2025-11-16 04:30:00+00:00,9969.4107
2025-11-16 04:45:00+00:00,9969.4107
2025-11-16 05:00:00+00:00,9969.4107
2025-11-16 05:15:00+00:00,9969.4107
2025-11-16 05:30:00+00:00,9969.4107
2025-11-16 05:45:00+00:00,9969.4107
2025-11-16 06:00:00+00:00,9969.4107
2025-11-16 06:15:00+00:00,9969.4107
2025-11-16 06:30:00+00:00,9969.4107
2025-11-16 06:45:00+00:00,9969.4107
2025-11-16 07:00:00+00:00,9969.4107
2025-11-16 07:15:00+00:00,9969.4107
2025-11-16 07:30:00+00:00,9969.4107
2025-11-16 07:45:00+00:00,9969.4107
2025-11-16 08:00:00+00:00,9969.4107
2025-11-16 08:15:00+00:00,9969.4107
2025-11-16 08:30:00+00:00,9969.4107
2025-11-16 08:45:00+00:00,9969.4107
2025-11-16 09:00:00+00:00,9969.4107
2025-11-16 09:15:00+00:00,9969.4107
2025-11-16 09:30:00+00:00,9969.4107
2025-11-16 09:45:00+00:00,9969.4107
2025-11-16 10:00:00+00:00,9969.4107
2025-11-16 10:15:00+00:00,9969.4107
2025-11-16 10:30:00+00:00,9969.4107
2025-11-16 10:45:00+00:00,9969.4107
2025-11-16 11:00:00+00:00,9969.4107
2025-11-16 11:15:00+00:00,9969.4107
2025-11-16 11:30:00+00:00,9969.4107
2025-11-16 11:45:00+00:00,9969.4107
2025-11-16 12:00:00+00:00,9969.4107
2025-11-16 12:15:00+00:00,9969.4107
2025-11-16 12:30:00+00:00,9969.4107
2025-11-16 12:45:00+00:00,9969.4107
2025-11-16 13:00:00+00:00,9969.4107
2025-11-16 13:15:00+00:00,9969.4107
2025-11-16 13:30:00+00:00,9969.4107
2025-11-16 13:45:00+00:00,9969.4107
2025-11-16 14:00:00+00:00,9969.4107
2025-11-16 14:15:00+00:00,9969.4107
2025-11-16 14:30:00+00:00,9969.4107
2025-11-16 14:45:00+00:00,9969.4107
2025-11-16 15:00:00+00:00,9969.4107
2025-11-16 15:15:00+00:00,9969.4107
2025-11-16 15:30:00+00:00,9969.4107
2025-11-16 15:45:00+00:00,9969.4107
2025-11-16 16:00:00+00:00,9969.4107
2025-11-16 16:15:00+00:00,9969.4107
2025-11-16 16:30:00+00:00,9969.4107
2025-11-16 16:45:00+00:00,9969.4107
2025-11-16 17:00:00+00:00,9969.4107
2025-11-16 17:15:00+00:00,9969.4107
2025-11-16 17:30:00+00:00,9969.4107
2025-11-16 17:45:00+00:00,9969.4107
2025-11-16 18:00:00+00:00,9969.4107
2025-11-16 18:15:00+00:00,9969.4107
2025-11-16 18:30:00+00:00,9969.4107
2025-11-16 18:45:00+00:00,9969.4107
2025-11-16 19:00:00+00:00,9969.4107
2025-11-16 19:15:00+00:00,9969.4107
2025-11-16 19:30:00+00:00,9969.4107
2025-11-16 19:45:00+00:00,9969.4107
2025-11-16 20:00:00+00:00,9969.4107
2025-11-16 20:15:00+00:00,9969.4107
2025-11-16 20:30:00+00:00,9969.4107
2025-11-16 20:45:00+00:00,9969.4107
2025-11-16 21:00:00+00:00,9969.4107
2025-11-16 21:15:00+00:00,9969.4107
2025-11-16 21:30:00+00:00,9969.4107
2025-11-16 21:45:00+00:00,9969.4107
2025-11-16 22:00:00+00:00,9969.4107
2025-11-16 22:15:00+00:00,9969.4107
2025-11-16 22:30:00+00:00,9969.4107
2025-11-16 22:45:00+00:00,9969.4107
2025-11-16 23:00:00+00:00,9969.4107
2025-11-16 23:15:00+00:00,9969.4107
2025-11-16 23:30:00+00:00,9969.4107
2025-11-16 23:45:00+00:00,9969.4107
2025-11-17 00:00:00+00:00,9969.4107
2025-11-17 00:15:00+00:00,9969.4107
2025-11-17 00:30:00+00:00,9969.4107
2025-11-17 00:45:00+00:00,9969.4107
2025-11-17 01:00:00+00:00,9969.4107
2025-11-17 01:15:00+00:00,9969.4107
2025-11-17 01:30:00+00:00,9969.4107
2025-11-17 01:45:00+00:00,9969.4107
2025-11-17 02:00:00+00:00,9969.4107
2025-11-17 02:15:00+00:00,9969.4107
2025-11-17 02:30:00+00:00,9969.4107
2025-11-17 02:45:00+00:00,9969.4107
2025-11-17 03:00:00+00:00,9969.4107
2025-11-17 03:15:00+00:00,9969.4107
2025-11-17 03:30:00+00:00,9969.4107
2025-11-17 03:45:00+00:00,9969.4107
2025-11-17 04:00:00+00:00,9869.7166
2025-11-17 04:15:00+00:00,9869.7166
2025-11-17 04:30:00+00:00,9869.7166
2025-11-17 04:45:00+00:00,9869.7166
2025-11-17 05:00:00+00:00,9869.7166
2025-11-17 05:15:00+00:00,9869.7166
2025-11-17 05:30:00+00:00,9869.7166
2025-11-17 05:45:00+00:00,9869.7166
2025-11-17 06:00:00+00:00,9869.7166
2025-11-17 06:15:00+00:00,9869.7166
2025-11-17 06:30:00+00:00,9869.7166
2025-11-17 06:45:00+00:00,9869.7166
2025-11-17 07:00:00+00:00,9869.7166
2025-11-17 07:15:00+00:00,9869.7166
2025-11-17 07:30:00+00:00,9869.7166
2025-11-17 07:45:00+00:00,9869.7166
2025-11-17 08:00:00+00:00,9869.7166
2025-11-17 08:15:00+00:00,9869.7166
2025-11-17 08:30:00+00:00,9869.7166
2025-11-17 08:45:00+00:00,9869.7166
2025-11-17 09:00:00+00:00,9869.7166
2025-11-17 09:15:00+00:00,9869.7166
2025-11-17 09:30:00+00:00,9869.7166
2025-11-17 09:45:00+00:00,9869.7166
2025-11-17 10:00:00+00:00,9869.7166
2025-11-17 10:15:00+00:00,9869.7166
2025-11-17 10:30:00+00:00,9869.7166
2025-11-17 10:45:00+00:00,9869.7166
2025-11-17 11:00:00+00:00,9869.7166
2025-11-17 11:15:00+00:00,9869.7166
2025-11-17 11:30:00+00:00,9869.7166
2025-11-17 11:45:00+00:00,9869.7166
2025-11-17 12:00:00+00:00,9869.7166
2025-11-17 12:15:00+00:00,9869.7166
2025-11-17 12:30:00+00:00,9869.7166
2025-11-17 12:45:00+00:00,9869.7166
2025-11-17 13:00:00+00:00,9869.7166
2025-11-17 13:15:00+00:00,9869.7166
2025-11-17 13:30:00+00:00,9869.7166
2025-11-17 13:45:00+00:00,9869.7166
2025-11-17 14:00:00+00:00,9869.7166
2025-11-17 14:15:00+00:00,9869.7166
2025-11-17 14:30:00+00:00,9869.7166
2025-11-17 14:45:00+00:00,9869.7166
2025-11-17 15:00:00+00:00,9869.7166
2025-11-17 15:15:00+00:00,9869.7166
2025-11-17 15:30:00+00:00,9869.7166
2025-11-17 15:45:00+00:00,9869.7166
2025-11-17 16:00:00+00:00,9869.7166
2025-11-17 16:15:00+00:00,9869.7166
2025-11-17 16:30:00+00:00,9869.7166
2025-11-17 16:45:00+00:00,9869.7166
2025-11-17 17:00:00+00:00,9869.7166
2025-11-17 17:15:00+00:00,9869.7166
2025-11-17 17:30:00+00:00,9869.7166
2025-11-17 17:45:00+00:00,9869.7166
2025-11-17 18:00:00+00:00,9869.7166
2025-11-17 18:15:00+00:00,9869.7166
2025-11-17 18:30:00+00:00,9869.7166
2025-11-17 18:45:00+00:00,9869.7166
2025-11-17 19:00:00+00:00,9869.7166
2025-11-17 19:15:00+00:00,9869.7166
2025-11-17 19:30:00+00:00,9869.7166
2025-11-17 19:45:00+00:00,9869.7166
2025-11-17 20:00:00+00:00,9869.7166
2025-11-17 20:15:00+00:00,9869.7166
2025-11-17 20:30:00+00:00,9869.7166
2025-11-17 20:45:00+00:00,9869.7166
2025-11-17 21:00:00+00:00,9869.7166
2025-11-17 21:15:00+00:00,9869.7166
2025-11-17 21:30:00+00:00,9869.7166
2025-11-17 21:45:00+00:00,9869.7166
2025-11-17 22:00:00+00:00,9869.7166
2025-11-17 22:15:00+00:00,9869.7166
2025-11-17 22:30:00+00:00,9869.7166
2025-11-17 22:45:00+00:00,9869.7166
2025-11-17 23:00:00+00:00,9869.7166
2025-11-17 23:15:00+00:00,9869.7166
2025-11-17 23:30:00+00:00,9869.7166
2025-11-17 23:45:00+00:00,9869.7166
2025-11-18 00:00:00+00:00,9869.7166
2025-11-18 00:15:00+00:00,9869.7166
2025-11-18 00:30:00+00:00,9869.7166
2025-11-18 00:45:00+00:00,9869.7166
2025-11-18 01:00:00+00:00,9869.7166
2025-11-18 01:15:00+00:00,9869.7166
2025-11-18 01:30:00+00:00,9869.7166
2025-11-18 01:45:00+00:00,9869.7166
2025-11-18 02:00:00+00:00,9869.7166
2025-11-18 02:15:00+00:00,9869.7166
2025-11-18 02:30:00+00:00,9869.7166
2025-11-18 02:45:00+00:00,9869.7166
2025-11-18 03:00:00+00:00,9869.7166
2025-11-18 03:15:00+00:00,9869.7166
2025-11-18 03:30:00+00:00,9771.0194
2025-11-18 03:45:00+00:00,9771.0194
2025-11-18 04:00:00+00:00,9771.0194
2025-11-18 04:15:00+00:00,9771.0194
2025-11-18 04:30:00+00:00,9771.0194
2025-11-18 04:45:00+00:00,9771.0194
2025-11-18 05:00:00+00:00,9771.0194
2025-11-18 05:15:00+00:00,9771.0194
2025-11-18 05:30:00+00:00,9771.0194
2025-11-18 05:45:00+00:00,9771.0194
2025-11-18 06:00:00+00:00,9771.0194
2025-11-18 06:15:00+00:00,9771.0194
2025-11-18 06:30:00+00:00,9771.0194
2025-11-18 06:45:00+00:00,9771.0194
2025-11-18 07:00:00+00:00,9966.4398
2025-11-18 07:15:00+00:00,9966.4398
2025-11-18 07:30:00+00:00,9966.4398
2025-11-18 07:45:00+00:00,9966.4398
2025-11-18 08:00:00+00:00,9966.4398
2025-11-18 08:15:00+00:00,9966.4398
2025-11-18 08:30:00+00:00,9966.4398
2025-11-18 08:45:00+00:00,9966.4398
2025-11-18 09:00:00+00:00,9966.4398
2025-11-18 09:15:00+00:00,9966.4398
2025-11-18 09:30:00+00:00,9966.4398
2025-11-18 09:45:00+00:00,9966.4398
2025-11-18 10:00:00+00:00,9966.4398
2025-11-18 10:15:00+00:00,9966.4398
2025-11-18 10:30:00+00:00,9966.4398
2025-11-18 10:45:00+00:00,9966.4398
2025-11-18 11:00:00+00:00,9966.4398
2025-11-18 11:15:00+00:00,9966.4398
2025-11-18 11:30:00+00:00,9966.4398
2025-11-18 11:45:00+00:00,9966.4398
2025-11-18 12:00:00+00:00,9966.4398
2025-11-18 12:15:00+00:00,9966.4398
2025-11-18 12:30:00+00:00,9966.4398
2025-11-18 12:45:00+00:00,9966.4398
2025-11-18 13:00:00+00:00,9966.4398
2025-11-18 13:15:00+00:00,9966.4398
2025-11-18 13:30:00+00:00,9966.4398
2025-11-18 13:45:00+00:00,9966.4398
2025-11-18 14:00:00+00:00,9966.4398
2025-11-18 14:15:00+00:00,9966.4398
2025-11-18 14:30:00+00:00,9966.4398
2025-11-18 14:45:00+00:00,9966.4398
2025-11-18 15:00:00+00:00,9966.4398
2025-11-18 15:15:00+00:00,9966.4398
2025-11-18 15:30:00+00:00,9966.4398
2025-11-18 15:45:00+00:00,9966.4398
2025-11-18 16:00:00+00:00,9966.4398
2025-11-18 16:15:00+00:00,9966.4398
2025-11-18 16:30:00+00:00,9966.4398
2025-11-18 16:45:00+00:00,9966.4398
2025-11-18 17:00:00+00:00,9966.4398
2025-11-18 17:15:00+00:00,9966.4398
2025-11-18 17:30:00+00:00,9966.4398
2025-11-18 17:45:00+00:00,9966.4398
2025-11-18 18:00:00+00:00,9966.4398
2025-11-18 18:15:00+00:00,9966.4398
2025-11-18 18:30:00+00:00,9966.4398
2025-11-18 18:45:00+00:00,9966.4398
2025-11-18 19:00:00+00:00,9966.4398
2025-11-18 19:15:00+00:00,9966.4398
2025-11-18 19:30:00+00:00,9966.4398
2025-11-18 19:45:00+00:00,9966.4398
2025-11-18 20:00:00+00:00,9966.4398
2025-11-18 20:15:00+00:00,9966.4398
2025-11-18 20:30:00+00:00,9966.4398
2025-11-18 20:45:00+00:00,9966.4398
2025-11-18 21:00:00+00:00,9966.4398
2025-11-18 21:15:00+00:00,9966.4398
2025-11-18 21:30:00+00:00,9966.4398
2025-11-18 21:45:00+00:00,9966.4398
2025-11-18 22:00:00+00:00,9966.4398
2025-11-18 22:15:00+00:00,9966.4398
2025-11-18 22:30:00+00:00,9966.4398
2025-11-18 22:45:00+00:00,9966.4398
2025-11-18 23:00:00+00:00,9966.4398
2025-11-18 23:15:00+00:00,9966.4398
2025-11-18 23:30:00+00:00,9966.4398
2025-11-18 23:45:00+00:00,9966.4398
2025-11-19 00:00:00+00:00,9966.4398
2025-11-19 00:15:00+00:00,9966.4398
2025-11-19 00:30:00+00:00,9966.4398
2025-11-19 00:45:00+00:00,9966.4398
2025-11-19 01:00:00+00:00,9966.4398
2025-11-19 01:15:00+00:00,9966.4398
2025-11-19 01:30:00+00:00,9966.4398
2025-11-19 01:45:00+00:00,9966.4398
2025-11-19 02:00:00+00:00,9966.4398
2025-11-19 02:15:00+00:00,9966.4398
2025-11-19 02:30:00+00:00,9966.4398
2025-11-19 02:45:00+00:00,9966.4398
2025-11-19 03:00:00+00:00,9966.4398
2025-11-19 03:15:00+00:00,9966.4398
2025-11-19 03:30:00+00:00,9966.4398
2025-11-19 03:45:00+00:00,9966.4398
2025-11-19 04:00:00+00:00,9966.4398
2025-11-19 04:15:00+00:00,9866.7754
2025-11-19 04:30:00+00:00,9866.7754
2025-11-19 04:45:00+00:00,9866.7754
2025-11-19 05:00:00+00:00,9866.7754
2025-11-19 05:15:00+00:00,9866.7754
2025-11-19 05:30:00+00:00,9866.7754
2025-11-19 05:45:00+00:00,9866.7754
2025-11-19 06:00:00+00:00,9866.7754
2025-11-19 06:15:00+00:00,9866.7754
2025-11-19 06:30:00+00:00,9866.7754
2025-11-19 06:45:00+00:00,9866.7754
2025-11-19 07:00:00+00:00,9866.7754
2025-11-19 07:15:00+00:00,9866.7754
2025-11-19 07:30:00+00:00,10064.1109
2025-11-19 07:45:00+00:00,10064.1109
2025-11-19 08:00:00+00:00,10064.1109
2025-11-19 08:15:00+00:00,10064.1109
2025-11-19 08:30:00+00:00,10064.1109
2025-11-19 08:45:00+00:00,10064.1109
2025-11-19 09:00:00+00:00,10064.1109
2025-11-19 09:15:00+00:00,10064.1109
2025-11-19 09:30:00+00:00,10064.1109
2025-11-19 09:45:00+00:00,10064.1109
2025-11-19 10:00:00+00:00,10064.1109
2025-11-19 10:15:00+00:00,10064.1109
2025-11-19 10:30:00+00:00,10064.1109
2025-11-19 10:45:00+00:00,10064.1109
2025-11-19 11:00:00+00:00,10064.1109
2025-11-19 11:15:00+00:00,10064.1109
2025-11-19 11:30:00+00:00,10064.1109
2025-11-19 11:45:00+00:00,10064.1109
2025-11-19 12:00:00+00:00,10064.1109
2025-11-19 12:15:00+00:00,10064.1109
2025-11-19 12:30:00+00:00,10064.1109
2025-11-19 12:45:00+00:00,10064.1109
2025-11-19 13:00:00+00:00,10064.1109
2025-11-19 13:15:00+00:00,10064.1109
2025-11-19 13:30:00+00:00,10064.1109
2025-11-19 13:45:00+00:00,10064.1109
2025-11-19 14:00:00+00:00,10064.1109
2025-11-19 14:15:00+00:00,10064.1109
2025-11-19 14:30:00+00:00,9963.4698
2025-11-19 14:45:00+00:00,9963.4698
2025-11-19 15:00:00+00:00,9963.4698
2025-11-19 15:15:00+00:00,9963.4698
2025-11-19 15:30:00+00:00,9963.4698
2025-11-19 15:45:00+00:00,9963.4698
2025-11-19 16:00:00+00:00,9963.4698
2025-11-19 16:15:00+00:00,9963.4698
2025-11-19 16:30:00+00:00,9963.4698
2025-11-19 16:45:00+00:00,9963.4698
2025-11-19 17:00:00+00:00,9963.4698
2025-11-19 17:15:00+00:00,9963.4698
2025-11-19 17:30:00+00:00,10162.7392
2025-11-19 17:45:00+00:00,10162.7392
2025-11-19 18:00:00+00:00,10162.7392
2025-11-19 18:15:00+00:00,10162.7392
2025-11-19 18:30:00+00:00,10162.7392
2025-11-19 18:45:00+00:00,10162.7392
2025-11-19 19:00:00+00:00,10162.7392
2025-11-19 19:15:00+00:00,10162.7392
2025-11-19 19:30:00+00:00,10162.7392
2025-11-19 19:45:00+00:00,10162.7392
2025-11-19 20:00:00+00:00,10162.7392
2025-11-19 20:15:00+00:00,10162.7392
2025-11-19 20:30:00+00:00,10162.7392
2025-11-19 20:45:00+00:00,10162.7392
2025-11-19 21:00:00+00:00,10162.7392
2025-11-19 21:15:00+00:00,10162.7392
2025-11-19 21:30:00+00:00,10162.7392
2025-11-19 21:45:00+00:00,10162.7392
2025-11-19 22:00:00+00:00,10162.7392
2025-11-19 22:15:00+00:00,10162.7392
2025-11-19 22:30:00+00:00,10162.7392
2025-11-19 22:45:00+00:00,10162.7392
2025-11-19 23:00:00+00:00,10162.7392
2025-11-19 23:15:00+00:00,10162.7392
2025-11-19 23:30:00+00:00,10162.7392
2025-11-19 23:45:00+00:00,10162.7392
2025-11-20 00:00:00+00:00,10162.7392
2025-11-20 00:15:00+00:00,10162.7392
2025-11-20 00:30:00+00:00,10162.7392
2025-11-20 00:45:00+00:00,10162.7392
2025-11-20 01:00:00+00:00,10162.7392
2025-11-20 01:15:00+00:00,10162.7392
2025-11-20 01:30:00+00:00,10162.7392
2025-11-20 01:45:00+00:00,10162.7392
2025-11-20 02:00:00+00:00,10162.7392
2025-11-20 02:15:00+00:00,10162.7392
2025-11-20 02:30:00+00:00,10162.7392
2025-11-20 02:45:00+00:00,10162.7392
2025-11-20 03:00:00+00:00,10162.7392
2025-11-20 03:15:00+00:00,10162.7392
2025-11-20 03:30:00+00:00,10162.7392
2025-11-20 03:45:00+00:00,10162.7392
2025-11-20 04:00:00+00:00,10162.7392
2025-11-20 04:15:00+00:00,10162.7392
2025-11-20 04:30:00+00:00,10162.7392
2025-11-20 04:45:00+00:00,10162.7392
2025-11-20 05:00:00+00:00,10162.7392
2025-11-20 05:15:00+00:00,10162.7392
2025-11-20 05:30:00+00:00,10162.7392
2025-11-20 05:45:00+00:00,10162.7392
2025-11-20 06:00:00+00:00,10162.7392
2025-11-20 06:15:00+00:00,10162.7392
2025-11-20 06:30:00+00:00,10162.7392
2025-11-20 06:45:00+00:00,10162.7392
2025-11-20 07:00:00+00:00,10162.7392
2025-11-20 07:15:00+00:00,10162.7392
2025-11-20 07:30:00+00:00,10162.7392
2025-11-20 07:45:00+00:00,10162.7392
2025-11-20 08:00:00+00:00,10162.7392
2025-11-20 08:15:00+00:00,10061.1118
2025-11-20 08:30:00+00:00,10061.1118
2025-11-20 08:45:00+00:00,10061.1118
2025-11-20 09:00:00+00:00,10061.1118
2025-11-20 09:15:00+00:00,10061.1118
2025-11-20 09:30:00+00:00,10061.1118
2025-11-20 09:45:00+00:00,10061.1118
2025-11-20 10:00:00+00:00,10061.1118
2025-11-20 10:15:00+00:00,9960.5007
2025-11-20 10:30:00+00:00,9960.5007
2025-11-20 10:45:00+00:00,9960.5007
2025-11-20 11:00:00+00:00,9960.5007
2025-11-20 11:15:00+00:00,9960.5007
2025-11-20 11:30:00+00:00,9960.5007
2025-11-20 11:45:00+00:00,9960.5007
2025-11-20 12:00:00+00:00,9960.5007
2025-11-20 12:15:00+00:00,9960.5007
2025-11-20 12:30:00+00:00,9860.8957
2025-11-20 12:45:00+00:00,9860.8957
2025-11-20 13:00:00+00:00,9860.8957
2025-11-20 13:15:00+00:00,9860.8957
2025-11-20 13:30:00+00:00,9860.8957
2025-11-20 13:45:00+00:00,9860.8957
2025-11-20 14:00:00+00:00,9860.8957
2025-11-20 14:15:00+00:00,9762.2867
2025-11-20 14:30:00+00:00,9762.2867
2025-11-20 14:45:00+00:00,9762.2867
2025-11-20 15:00:00+00:00,9762.2867
2025-11-20 15:15:00+00:00,9762.2867
2025-11-20 15:30:00+00:00,9762.2867
2025-11-20 15:45:00+00:00,9762.2867
2025-11-20 16:00:00+00:00,9957.5325
2025-11-20 16:15:00+00:00,9957.5325
2025-11-20 16:30:00+00:00,9957.5325
2025-11-20 16:45:00+00:00,9957.5325
2025-11-20 17:00:00+00:00,9957.5325
2025-11-20 17:15:00+00:00,9957.5325
2025-11-20 17:30:00+00:00,9957.5325
2025-11-20 17:45:00+00:00,9957.5325
2025-11-20 18:00:00+00:00,9957.5325
2025-11-20 18:15:00+00:00,9957.5325
2025-11-20 18:30:00+00:00,9957.5325
2025-11-20 18:45:00+00:00,9957.5325
2025-11-20 19:00:00+00:00,9957.5325
2025-11-20 19:15:00+00:00,9957.5325
2025-11-20 19:30:00+00:00,9957.5325
2025-11-20 19:45:00+00:00,9957.5325
2025-11-20 20:00:00+00:00,9957.5325
2025-11-20 20:15:00+00:00,9957.5325
2025-11-20 20:30:00+00:00,9957.5325
2025-11-20 20:45:00+00:00,9957.5325
2025-11-20 21:00:00+00:00,9957.5325
2025-11-20 21:15:00+00:00,9957.5325
2025-11-20 21:30:00+00:00,9957.5325
2025-11-20 21:45:00+00:00,9957.5325
2025-11-20 22:00:00+00:00,9957.5325
2025-11-20 22:15:00+00:00,9957.5325
2025-11-20 22:30:00+00:00,9957.5325
2025-11-20 22:45:00+00:00,9957.5325
2025-11-20 23:00:00+00:00,9957.5325
2025-11-20 23:15:00+00:00,9957.5325
2025-11-20 23:30:00+00:00,9957.5325
2025-11-20 23:45:00+00:00,9957.5325
2025-11-21 00:00:00+00:00,9957.5325
2025-11-21 00:15:00+00:00,9957.5325
2025-11-21 00:30:00+00:00,9957.5325
2025-11-21 00:45:00+00:00,9957.5325
2025-11-21 01:00:00+00:00,9957.5325
2025-11-21 01:15:00+00:00,9957.5325
2025-11-21 01:30:00+00:00,9957.5325
2025-11-21 01:45:00+00:00,9957.5325
2025-11-21 02:00:00+00:00,9957.5325
2025-11-21 02:15:00+00:00,9957.5325
2025-11-21 02:30:00+00:00,9957.5325
2025-11-21 02:45:00+00:00,9957.5325
2025-11-21 03:00:00+00:00,9957.5325
2025-11-21 03:15:00+00:00,9957.5325
2025-11-21 03:30:00+00:00,9957.5325
2025-11-21 03:45:00+00:00,9957.5325
2025-11-21 04:00:00+00:00,9957.5325
2025-11-21 04:15:00+00:00,9957.5325
2025-11-21 04:30:00+00:00,9957.5325
2025-11-21 04:45:00+00:00,9957.5325
2025-11-21 05:00:00+00:00,9957.5325
2025-11-21 05:15:00+00:00,9957.5325
2025-11-21 05:30:00+00:00,9957.5325
2025-11-21 05:45:00+00:00,9957.5325
2025-11-21 06:00:00+00:00,9957.5325
2025-11-21 06:15:00+00:00,9957.5325
2025-11-21 06:30:00+00:00,9957.5325
2025-11-21 06:45:00+00:00,9957.5325
2025-11-21 07:00:00+00:00,9957.5325
2025-11-21 07:15:00+00:00,9957.5325
2025-11-21 07:30:00+00:00,9957.5325
2025-11-21 07:45:00+00:00,9957.5325
2025-11-21 08:00:00+00:00,9957.5325
2025-11-21 08:15:00+00:00,9957.5325
2025-11-21 08:30:00+00:00,9957.5325
2025-11-21 08:45:00+00:00,9957.5325
2025-11-21 09:00:00+00:00,9957.5325
2025-11-21 09:15:00+00:00,9957.5325
2025-11-21 09:30:00+00:00,9957.5325
2025-11-21 09:45:00+00:00,9957.5325
2025-11-21 10:00:00+00:00,9957.5325
2025-11-21 10:15:00+00:00,9957.5325
2025-11-21 10:30:00+00:00,9957.5325
2025-11-21 10:45:00+00:00,9957.5325
2025-11-21 11:00:00+00:00,9957.5325
2025-11-21 11:15:00+00:00,9957.5325
2025-11-21 11:30:00+00:00,9957.5325
2025-11-21 11:45:00+00:00,9957.5325
2025-11-21 12:00:00+00:00,9957.5325
2025-11-21 12:15:00+00:00,9957.5325
2025-11-21 12:30:00+00:00,9957.5325
2025-11-21 12:45:00+00:00,9957.5325
2025-11-21 13:00:00+00:00,9957.5325
2025-11-21 13:15:00+00:00,9957.5325
2025-11-21 13:30:00+00:00,9957.5325
2025-11-21 13:45:00+00:00,9957.5325
2025-11-21 14:00:00+00:00,9957.5325
2025-11-21 14:15:00+00:00,9957.5325
2025-11-21 14:30:00+00:00,9957.5325
2025-11-21 14:45:00+00:00,9957.5325
2025-11-21 15:00:00+00:00,9957.5325
2025-11-21 15:15:00+00:00,9957.5325
2025-11-21 15:30:00+00:00,9957.5325
2025-11-21 15:45:00+00:00,9957.5325
2025-11-21 16:00:00+00:00,9957.5325
2025-11-21 16:15:00+00:00,9957.5325
2025-11-21 16:30:00+00:00,9957.5325
2025-11-21 16:45:00+00:00,9957.5325
2025-11-21 17:00:00+00:00,9957.5325
2025-11-21 17:15:00+00:00,9957.5325
2025-11-21 17:30:00+00:00,9957.5325
2025-11-21 17:45:00+00:00,9957.5325
2025-11-21 18:00:00+00:00,9957.5325
2025-11-21 18:15:00+00:00,9957.5325
2025-11-21 18:30:00+00:00,9957.5325
2025-11-21 18:45:00+00:00,9957.5325
2025-11-21 19:00:00+00:00,9957.5325
2025-11-21 19:15:00+00:00,9957.5325
2025-11-21 19:30:00+00:00,9957.5325
2025-11-21 19:45:00+00:00,9957.5325
2025-11-21 20:00:00+00:00,9957.5325
2025-11-21 20:15:00+00:00,9957.5325
2025-11-21 20:30:00+00:00,9957.5325
2025-11-21 20:45:00+00:00,9957.5325
2025-11-21 21:00:00+00:00,9957.5325
2025-11-21 21:15:00+00:00,9957.5325
2025-11-21 21:30:00+00:00,9957.5325
2025-11-21 21:45:00+00:00,9957.5325
2025-11-21 22:00:00+00:00,9957.5325
2025-11-21 22:15:00+00:00,9957.5325
2025-11-21 22:30:00+00:00,9957.5325
2025-11-21 22:45:00+00:00,9957.5325
2025-11-21 23:00:00+00:00,10156.6831
2025-11-21 23:15:00+00:00,10156.6831
2025-11-21 23:30:00+00:00,10156.6831
2025-11-21 23:45:00+00:00,10156.6831
2025-11-22 00:00:00+00:00,10156.6831
2025-11-22 00:15:00+00:00,10156.6831
2025-11-22 00:30:00+00:00,10156.6831
2025-11-22 00:45:00+00:00,10156.6831
2025-11-22 01:00:00+00:00,10156.6831
2025-11-22 01:15:00+00:00,10156.6831
2025-11-22 01:30:00+00:00,10156.6831
2025-11-22 01:45:00+00:00,10156.6831
2025-11-22 02:00:00+00:00,10156.6831
2025-11-22 02:15:00+00:00,10156.6831
2025-11-22 02:30:00+00:00,10156.6831
2025-11-22 02:45:00+00:00,10156.6831
2025-11-22 03:00:00+00:00,10156.6831
2025-11-22 03:15:00+00:00,10156.6831
2025-11-22 03:30:00+00:00,10156.6831
2025-11-22 03:45:00+00:00,10156.6831
2025-11-22 04:00:00+00:00,10359.8168
2025-11-22 04:15:00+00:00,10359.8168
2025-11-22 04:30:00+00:00,10359.8168
2025-11-22 04:45:00+00:00,10359.8168
2025-11-22 05:00:00+00:00,10359.8168
2025-11-22 05:15:00+00:00,10359.8168
2025-11-22 05:30:00+00:00,10359.8168
2025-11-22 05:45:00+00:00,10359.8168
2025-11-22 06:00:00+00:00,10359.8168
2025-11-22 06:15:00+00:00,10359.8168
2025-11-22 06:30:00+00:00,10359.8168
2025-11-22 06:45:00+00:00,10359.8168
2025-11-22 07:00:00+00:00,10359.8168
2025-11-22 07:15:00+00:00,10359.8168
2025-11-22 07:30:00+00:00,10359.8168
2025-11-22 07:45:00+00:00,10359.8168
2025-11-22 08:00:00+00:00,10359.8168
2025-11-22 08:15:00+00:00,10567.0131
2025-11-22 08:30:00+00:00,10567.0131
2025-11-22 08:45:00+00:00,10567.0131
2025-11-22 09:00:00+00:00,10567.0131
2025-11-22 09:15:00+00:00,10567.0131
2025-11-22 09:30:00+00:00,10567.0131
2025-11-22 09:45:00+00:00,10567.0131
2025-11-22 10:00:00+00:00,10567.0131
2025-11-22 10:15:00+00:00,10567.0131
2025-11-22 10:30:00+00:00,10567.0131
2025-11-22 10:45:00+00:00,10567.0131
2025-11-22 11:00:00+00:00,10461.343
2025-11-22 11:15:00+00:00,10461.343
2025-11-22 11:30:00+00:00,10461.343
2025-11-22 11:45:00+00:00,10461.343
2025-11-22 12:00:00+00:00,10461.343
2025-11-22 12:15:00+00:00,10461.343
2025-11-22 12:30:00+00:00,10461.343
2025-11-22 12:45:00+00:00,10461.343
2025-11-22 13:00:00+00:00,10461.343
2025-11-22 13:15:00+00:00,10461.343
2025-11-22 13:30:00+00:00,10461.343
2025-11-22 13:45:00+00:00,10461.343
2025-11-22 14:00:00+00:00,10461.343
2025-11-22 14:15:00+00:00,10356.7296
2025-11-22 14:30:00+00:00,10356.7296
2025-11-22 14:45:00+00:00,10356.7296
2025-11-22 15:00:00+00:00,10356.7296
2025-11-22 15:15:00+00:00,10356.7296
2025-11-22 15:30:00+00:00,10356.7296
2025-11-22 15:45:00+00:00,10356.7296
2025-11-22 16:00:00+00:00,10253.1623
2025-11-22 16:15:00+00:00,10253.1623
2025-11-22 16:30:00+00:00,10253.1623
2025-11-22 16:45:00+00:00,10253.1623
2025-11-22 17:00:00+00:00,10253.1623
2025-11-22 17:15:00+00:00,10253.1623
2025-11-22 17:30:00+00:00,10253.1623
2025-11-22 17:45:00+00:00,10253.1623
2025-11-22 18:00:00+00:00,10150.6306
2025-11-22 18:15:00+00:00,10150.6306
2025-11-22 18:30:00+00:00,10150.6306
2025-11-22 18:45:00+00:00,10150.6306
2025-11-22 19:00:00+00:00,10150.6306
2025-11-22 19:15:00+00:00,10150.6306
2025-11-22 19:30:00+00:00,10150.6306
2025-11-22 19:45:00+00:00,10150.6306
2025-11-22 20:00:00+00:00,10150.6306
2025-11-22 20:15:00+00:00,10150.6306
2025-11-22 20:30:00+00:00,10150.6306
2025-11-22 20:45:00+00:00,10150.6306
2025-11-22 21:00:00+00:00,10150.6306
2025-11-22 21:15:00+00:00,10150.6306
2025-11-22 21:30:00+00:00,10150.6306
2025-11-22 21:45:00+00:00,10150.6306
2025-11-22 22:00:00+00:00,10150.6306
2025-11-22 22:15:00+00:00,10150.6306
2025-11-22 22:30:00+00:00,10150.6306
2025-11-22 22:45:00+00:00,10353.6433
2025-11-22 23:00:00+00:00,10353.6433
2025-11-22 23:15:00+00:00,10353.6433
2025-11-22 23:30:00+00:00,10353.6433
2025-11-22 23:45:00+00:00,10353.6433
2025-11-23 00:00:00+00:00,10353.6433
2025-11-23 00:15:00+00:00,10353.6433
2025-11-23 00:30:00+00:00,10353.6433
2025-11-23 00:45:00+00:00,10353.6433
2025-11-23 01:00:00+00:00,10353.6433
2025-11-23 01:15:00+00:00,10353.6433
2025-11-23 01:30:00+00:00,10353.6433
2025-11-23 01:45:00+00:00,10353.6433
2025-11-23 02:00:00+00:00,10353.6433
2025-11-23 02:15:00+00:00,10353.6433
2025-11-23 02:30:00+00:00,10353.6433
2025-11-23 02:45:00+00:00,10353.6433
2025-11-23 03:00:00+00:00,10353.6433
2025-11-23 03:15:00+00:00,10353.6433
2025-11-23 03:30:00+00:00,10353.6433
2025-11-23 03:45:00+00:00,10353.6433
2025-11-23 04:00:00+00:00,10353.6433
2025-11-23 04:15:00+00:00,10353.6433
2025-11-23 04:30:00+00:00,10353.6433
2025-11-23 04:45:00+00:00,10353.6433
2025-11-23 05:00:00+00:00,10353.6433
2025-11-23 05:15:00+00:00,10353.6433
2025-11-23 05:30:00+00:00,10353.6433
2025-11-23 05:45:00+00:00,10353.6433
2025-11-23 06:00:00+00:00,10353.6433
2025-11-23 06:15:00+00:00,10353.6433
2025-11-23 06:30:00+00:00,10353.6433
2025-11-23 06:45:00+00:00,10353.6433
2025-11-23 07:00:00+00:00,10353.6433
2025-11-23 07:15:00+00:00,10353.6433
2025-11-23 07:30:00+00:00,10353.6433
2025-11-23 07:45:00+00:00,10353.6433
2025-11-23 08:00:00+00:00,10353.6433
2025-11-23 08:15:00+00:00,10353.6433
2025-11-23 08:30:00+00:00,10353.6433
2025-11-23 08:45:00+00:00,10353.6433
2025-11-23 09:00:00+00:00,10353.6433
2025-11-23 09:15:00+00:00,10353.6433
2025-11-23 09:30:00+00:00,10353.6433
2025-11-23 09:45:00+00:00,10353.6433
2025-11-23 10:00:00+00:00,10353.6433
2025-11-23 10:15:00+00:00,10353.6433
2025-11-23 10:30:00+00:00,10353.6433
2025-11-23 10:45:00+00:00,10353.6433
2025-11-23 11:00:00+00:00,10353.6433
2025-11-23 11:15:00+00:00,10353.6433
2025-11-23 11:30:00+00:00,10353.6433
2025-11-23 11:45:00+00:00,10353.6433
2025-11-23 12:00:00+00:00,10353.6433
2025-11-23 12:15:00+00:00,10353.6433
2025-11-23 12:30:00+00:00,10353.6433
2025-11-23 12:45:00+00:00,10353.6433
2025-11-23 13:00:00+00:00,10353.6433
2025-11-23 13:15:00+00:00,10353.6433
2025-11-23 13:30:00+00:00,10353.6433
2025-11-23 13:45:00+00:00,10353.6433
2025-11-23 14:00:00+00:00,10353.6433
2025-11-23 14:15:00+00:00,10353.6433
2025-11-23 14:30:00+00:00,10353.6433
2025-11-23 14:45:00+00:00,10353.6433
2025-11-23 15:00:00+00:00,10353.6433
2025-11-23 15:15:00+00:00,10353.6433
2025-11-23 15:30:00+00:00,10353.6433
2025-11-23 15:45:00+00:00,10353.6433
2025-11-23 16:00:00+00:00,10353.6433
2025-11-23 16:15:00+00:00,10353.6433
2025-11-23 16:30:00+00:00,10353.6433
2025-11-23 16:45:00+00:00,10250.1068
2025-11-23 17:00:00+00:00,10250.1068
2025-11-23 17:15:00+00:00,10250.1068
2025-11-23 17:30:00+00:00,10250.1068
2025-11-23 17:45:00+00:00,10250.1068
2025-11-23 18:00:00+00:00,10250.1068
2025-11-23 18:15:00+00:00,10250.1068
2025-11-23 18:30:00+00:00,10250.1068
2025-11-23 18:45:00+00:00,10250.1068
2025-11-23 19:00:00+00:00,10250.1068
2025-11-23 19:15:00+00:00,10250.1068
2025-11-23 19:30:00+00:00,10250.1068
2025-11-23 19:45:00+00:00,10250.1068
2025-11-23 20:00:00+00:00,10250.1068
2025-11-23 20:15:00+00:00,10250.1068
2025-11-23 20:30:00+00:00,10250.1068
2025-11-23 20:45:00+00:00,10250.1068
2025-11-23 21:00:00+00:00,10250.1068
2025-11-23 21:15:00+00:00,10250.1068
2025-11-23 21:30:00+00:00,10250.1068
2025-11-23 21:45:00+00:00,10455.109
2025-11-23 22:00:00+00:00,10455.109
2025-11-23 22:15:00+00:00,10455.109
2025-11-23 22:30:00+00:00,10455.109
2025-11-23 22:45:00+00:00,10455.109
2025-11-23 23:00:00+00:00,10455.109
2025-11-23 23:15:00+00:00,10455.109
2025-11-23 23:30:00+00:00,10455.109
2025-11-23 23:45:00+00:00,10455.109
2025-11-24 00:00:00+00:00,10455.109
2025-11-24 00:15:00+00:00,10455.109
2025-11-24 00:30:00+00:00,10455.109
2025-11-24 00:45:00+00:00,10455.109
2025-11-24 01:00:00+00:00,10455.109
2025-11-24 01:15:00+00:00,10455.109
2025-11-24 01:30:00+00:00,10455.109
2025-11-24 01:45:00+00:00,10455.109
2025-11-24 02:00:00+00:00,10455.109
2025-11-24 02:15:00+00:00,10455.109
2025-11-24 02:30:00+00:00,10455.109
2025-11-24 02:45:00+00:00,10455.109
2025-11-24 03:00:00+00:00,10455.109
2025-11-24 03:15:00+00:00,10455.109
2025-11-24 03:30:00+00:00,10455.109
2025-11-24 03:45:00+00:00,10455.109
2025-11-24 04:00:00+00:00,10455.109
2025-11-24 04:15:00+00:00,10350.5579
2025-11-24 04:30:00+00:00,10350.5579
2025-11-24 04:45:00+00:00,10350.5579
2025-11-24 05:00:00+00:00,10350.5579
2025-11-24 05:15:00+00:00,10350.5579
2025-11-24 05:30:00+00:00,10350.5579
2025-11-24 05:45:00+00:00,10350.5579
2025-11-24 06:00:00+00:00,10350.5579
2025-11-24 06:15:00+00:00,10350.5579
2025-11-24 06:30:00+00:00,10350.5579
2025-11-24 06:45:00+00:00,10350.5579
2025-11-24 07:00:00+00:00,10350.5579
2025-11-24 07:15:00+00:00,10350.5579
2025-11-24 07:30:00+00:00,10350.5579
2025-11-24 07:45:00+00:00,10350.5579
2025-11-24 08:00:00+00:00,10247.0523
2025-11-24 08:15:00+00:00,10247.0523
2025-11-24 08:30:00+00:00,10247.0523
2025-11-24 08:45:00+00:00,10247.0523
2025-11-24 09:00:00+00:00,10247.0523
2025-11-24 09:15:00+00:00,10247.0523
2025-11-24 09:30:00+00:00,10247.0523
2025-11-24 09:45:00+00:00,10247.0523
2025-11-24 10:00:00+00:00,10247.0523
2025-11-24 10:15:00+00:00,10247.0523
2025-11-24 10:30:00+00:00,10247.0523
2025-11-24 10:45:00+00:00,10247.0523
2025-11-24 11:00:00+00:00,10247.0523
2025-11-24 11:15:00+00:00,10247.0523
2025-11-24 11:30:00+00:00,10247.0523
2025-11-24 11:45:00+00:00,10247.0523
2025-11-24 12:00:00+00:00,10247.0523
2025-11-24 12:15:00+00:00,10247.0523
2025-11-24 12:30:00+00:00,10247.0523
2025-11-24 12:45:00+00:00,10247.0523
2025-11-24 13:00:00+00:00,10247.0523
2025-11-24 13:15:00+00:00,10247.0523
2025-11-24 13:30:00+00:00,10247.0523
2025-11-24 13:45:00+00:00,10247.0523
2025-11-24 14:00:00+00:00,10247.0523
2025-11-24 14:15:00+00:00,10247.0523
2025-11-24 14:30:00+00:00,10247.0523
2025-11-24 14:45:00+00:00,10247.0523
2025-11-24 15:00:00+00:00,10247.0523
2025-11-24 15:15:00+00:00,10247.0523
2025-11-24 15:30:00+00:00,10247.0523
2025-11-24 15:45:00+00:00,10247.0523
2025-11-24 16:00:00+00:00,10247.0523
2025-11-24 16:15:00+00:00,10247.0523
2025-11-24 16:30:00+00:00,10247.0523
2025-11-24 16:45:00+00:00,10247.0523
2025-11-24 17:00:00+00:00,10247.0523
2025-11-24 17:15:00+00:00,10247.0523
2025-11-24 17:30:00+00:00,10247.0523
2025-11-24 17:45:00+00:00,10247.0523
2025-11-24 18:00:00+00:00,10247.0523
2025-11-24 18:15:00+00:00,10247.0523
2025-11-24 18:30:00+00:00,10247.0523
2025-11-24 18:45:00+00:00,10247.0523
2025-11-24 19:00:00+00:00,10247.0523
2025-11-24 19:15:00+00:00,10247.0523
2025-11-24 19:30:00+00:00,10247.0523
2025-11-24 19:45:00+00:00,10247.0523
2025-11-24 20:00:00+00:00,10247.0523
2025-11-24 20:15:00+00:00,10247.0523
2025-11-24 20:30:00+00:00,10247.0523
2025-11-24 20:45:00+00:00,10247.0523
2025-11-24 21:00:00+00:00,10247.0523
2025-11-24 21:15:00+00:00,10247.0523
2025-11-24 21:30:00+00:00,10247.0523
2025-11-24 21:45:00+00:00,10247.0523
2025-11-24 22:00:00+00:00,10247.0523
2025-11-24 22:15:00+00:00,10247.0523
2025-11-24 22:30:00+00:00,10247.0523
2025-11-24 22:45:00+00:00,10247.0523
2025-11-24 23:00:00+00:00,10247.0523
2025-11-24 23:15:00+00:00,10247.0523
2025-11-24 23:30:00+00:00,10247.0523
2025-11-24 23:45:00+00:00,10247.0523
2025-11-25 00:00:00+00:00,10247.0523
2025-11-25 00:15:00+00:00,10247.0523
2025-11-25 00:30:00+00:00,10247.0523
2025-11-25 00:45:00+00:00,10247.0523
2025-11-25 01:00:00+00:00,10247.0523
2025-11-25 01:15:00+00:00,10247.0523
2025-11-25 01:30:00+00:00,10247.0523
2025-11-25 01:45:00+00:00,10247.0523
2025-11-25 02:00:00+00:00,10247.0523
2025-11-25 02:15:00+00:00,10247.0523
2025-11-25 02:30:00+00:00,10247.0523
2025-11-25 02:45:00+00:00,10247.0523
2025-11-25 03:00:00+00:00,10247.0523
2025-11-25 03:15:00+00:00,10247.0523
2025-11-25 03:30:00+00:00,10144.5818
2025-11-25 03:45:00+00:00,10144.5818
2025-11-25 04:00:00+00:00,10144.5818
2025-11-25 04:15:00+00:00,10043.1359
2025-11-25 04:30:00+00:00,10043.1359
2025-11-25 04:45:00+00:00,10043.1359
2025-11-25 05:00:00+00:00,10043.1359
2025-11-25 05:15:00+00:00,10043.1359
2025-11-25 05:30:00+00:00,10043.1359
2025-11-25 05:45:00+00:00,10043.1359
2025-11-25 06:00:00+00:00,10043.1359
2025-11-25 06:15:00+00:00,9942.7046
2025-11-25 06:30:00+00:00,9942.7046
2025-11-25 06:45:00+00:00,9942.7046
2025-11-25 07:00:00+00:00,9942.7046
2025-11-25 07:15:00+00:00,9942.7046
2025-11-25 07:30:00+00:00,9942.7046
2025-11-25 07:45:00+00:00,9942.7046
2025-11-25 08:00:00+00:00,9942.7046
2025-11-25 08:15:00+00:00,9942.7046
2025-11-25 08:30:00+00:00,9843.2775
2025-11-25 08:45:00+00:00,9843.2775
2025-11-25 09:00:00+00:00,9843.2775
2025-11-25 09:15:00+00:00,9843.2775
2025-11-25 09:30:00+00:00,9843.2775
2025-11-25 09:45:00+00:00,9843.2775
2025-11-25 10:00:00+00:00,9843.2775
2025-11-25 10:15:00+00:00,9843.2775
2025-11-25 10:30:00+00:00,9843.2775
2025-11-25 10:45:00+00:00,9843.2775
2025-11-25 11:00:00+00:00,9843.2775
2025-11-25 11:15:00+00:00,9843.2775
2025-11-25 11:30:00+00:00,9843.2775
2025-11-25 11:45:00+00:00,9843.2775
2025-11-25 12:00:00+00:00,9843.2775
2025-11-25 12:15:00+00:00,9843.2775
2025-11-25 12:30:00+00:00,9843.2775
2025-11-25 12:45:00+00:00,9843.2775
2025-11-25 13:00:00+00:00,9843.2775
2025-11-25 13:15:00+00:00,9843.2775
2025-11-25 13:30:00+00:00,9843.2775
2025-11-25 13:45:00+00:00,9843.2775
2025-11-25 14:00:00+00:00,9843.2775
2025-11-25 14:15:00+00:00,9843.2775
2025-11-25 14:30:00+00:00,9843.2775
2025-11-25 14:45:00+00:00,9843.2775
2025-11-25 15:00:00+00:00,9843.2775
2025-11-25 15:15:00+00:00,9843.2775
2025-11-25 15:30:00+00:00,9843.2775
2025-11-25 15:45:00+00:00,9843.2775
2025-11-25 16:00:00+00:00,9843.2775
2025-11-25 16:15:00+00:00,9843.2775
2025-11-25 16:30:00+00:00,9843.2775
2025-11-25 16:45:00+00:00,9843.2775
2025-11-25 17:00:00+00:00,9843.2775
2025-11-25 17:15:00+00:00,9843.2775
2025-11-25 17:30:00+00:00,9843.2775
2025-11-25 17:45:00+00:00,9843.2775
2025-11-25 18:00:00+00:00,9843.2775
2025-11-25 18:15:00+00:00,9843.2775
2025-11-25 18:30:00+00:00,9843.2775
2025-11-25 18:45:00+00:00,9843.2775
2025-11-25 19:00:00+00:00,10040.1431
2025-11-25 19:15:00+00:00,10040.1431
2025-11-25 19:30:00+00:00,10040.1431
2025-11-25 19:45:00+00:00,10040.1431
2025-11-25 20:00:00+00:00,10040.1431
2025-11-25 20:15:00+00:00,10040.1431
2025-11-25 20:30:00+00:00,10040.1431
2025-11-25 20:45:00+00:00,10040.1431
2025-11-25 21:00:00+00:00,10040.1431
2025-11-25 21:15:00+00:00,10040.1431
2025-11-25 21:30:00+00:00,10040.1431
2025-11-25 21:45:00+00:00,10040.1431
2025-11-25 22:00:00+00:00,10040.1431
2025-11-25 22:15:00+00:00,10040.1431
2025-11-25 22:30:00+00:00,10040.1431
2025-11-25 22:45:00+00:00,10040.1431
2025-11-25 23:00:00+00:00,10040.1431
2025-11-25 23:15:00+00:00,10040.1431
2025-11-25 23:30:00+00:00,10040.1431
2025-11-25 23:45:00+00:00,10040.1431
2025-11-26 00:00:00+00:00,10040.1431
2025-11-26 00:15:00+00:00,10040.1431
2025-11-26 00:30:00+00:00,10040.1431
2025-11-26 00:45:00+00:00,10040.1431
2025-11-26 01:00:00+00:00,10040.1431
2025-11-26 01:15:00+00:00,10040.1431
2025-11-26 01:30:00+00:00,10040.1431
2025-11-26 01:45:00+00:00,10040.1431
2025-11-26 02:00:00+00:00,10040.1431
2025-11-26 02:15:00+00:00,10040.1431
2025-11-26 02:30:00+00:00,10040.1431
2025-11-26 02:45:00+00:00,10040.1431
2025-11-26 03:00:00+00:00,10040.1431
2025-11-26 03:15:00+00:00,10040.1431
2025-11-26 03:30:00+00:00,9939.7417
2025-11-26 03:45:00+00:00,9939.7417
2025-11-26 04:00:00+00:00,9939.7417
2025-11-26 04:15:00+00:00,9939.7417
2025-11-26 04:30:00+00:00,9939.7417
2025-11-26 04:45:00+00:00,9939.7417
2025-11-26 05:00:00+00:00,9939.7417
2025-11-26 05:15:00+00:00,9939.7417
2025-11-26 05:30:00+00:00,9939.7417
2025-11-26 05:45:00+00:00,9939.7417
2025-11-26 06:00:00+00:00,9939.7417
2025-11-26 06:15:00+00:00,9939.7417
2025-11-26 06:30:00+00:00,9939.7417
2025-11-26 06:45:00+00:00,9939.7417
2025-11-26 07:00:00+00:00,9939.7417
2025-11-26 07:15:00+00:00,9939.7417
2025-11-26 07:30:00+00:00,9939.7417
2025-11-26 07:45:00+00:00,9939.7417
2025-11-26 08:00:00+00:00,9840.3442
2025-11-26 08:15:00+00:00,9840.3442
2025-11-26 08:30:00+00:00,9840.3442
2025-11-26 08:45:00+00:00,9840.3442
2025-11-26 09:00:00+00:00,9840.3442
2025-11-26 09:15:00+00:00,9840.3442
2025-11-26 09:30:00+00:00,9840.3442
2025-11-26 09:45:00+00:00,9840.3442
2025-11-26 10:00:00+00:00,9840.3442
2025-11-26 10:15:00+00:00,9840.3442
2025-11-26 10:30:00+00:00,9840.3442
2025-11-26 10:45:00+00:00,9840.3442
2025-11-26 11:00:00+00:00,9840.3442
2025-11-26 11:15:00+00:00,9840.3442
2025-11-26 11:30:00+00:00,9840.3442
2025-11-26 11:45:00+00:00,9840.3442
2025-11-26 12:00:00+00:00,9840.3442
2025-11-26 12:15:00+00:00,9840.3442
2025-11-26 12:30:00+00:00,9840.3442
2025-11-26 12:45:00+00:00,9840.3442
2025-11-26 13:00:00+00:00,9840.3442
2025-11-26 13:15:00+00:00,9840.3442
2025-11-26 13:30:00+00:00,9840.3442
2025-11-26 13:45:00+00:00,9840.3442
2025-11-26 14:00:00+00:00,9840.3442
2025-11-26 14:15:00+00:00,9840.3442
2025-11-26 14:30:00+00:00,9840.3442
2025-11-26 14:45:00+00:00,9840.3442
2025-11-26 15:00:00+00:00,9840.3442
2025-11-26 15:15:00+00:00,9840.3442
2025-11-26 15:30:00+00:00,9840.3442
2025-11-26 15:45:00+00:00,9840.3442
2025-11-26 16:00:00+00:00,9840.3442
2025-11-26 16:15:00+00:00,9840.3442
2025-11-26 16:30:00+00:00,10037.1511
2025-11-26 16:45:00+00:00,10037.1511
2025-11-26 17:00:00+00:00,10037.1511
2025-11-26 17:15:00+00:00,10237.8942
2025-11-26 17:30:00+00:00,10237.8942
2025-11-26 17:45:00+00:00,10237.8942
2025-11-26 18:00:00+00:00,10237.8942
2025-11-26 18:15:00+00:00,10237.8942
2025-11-26 18:30:00+00:00,10237.8942
2025-11-26 18:45:00+00:00,10237.8942
2025-11-26 19:00:00+00:00,10237.8942
2025-11-26 19:15:00+00:00,10237.8942
2025-11-26 19:30:00+00:00,10237.8942
2025-11-26 19:45:00+00:00,10237.8942
2025-11-26 20:00:00+00:00,10237.8942
2025-11-26 20:15:00+00:00,10237.8942
2025-11-26 20:30:00+00:00,10237.8942
2025-11-26 20:45:00+00:00,10237.8942
2025-11-26 21:00:00+00:00,10237.8942
2025-11-26 21:15:00+00:00,10237.8942
2025-11-26 21:30:00+00:00,10237.8942
2025-11-26 21:45:00+00:00,10237.8942
2025-11-26 22:00:00+00:00,10237.8942
2025-11-26 22:15:00+00:00,10237.8942
2025-11-26 22:30:00+00:00,10237.8942
2025-11-26 22:45:00+00:00,10237.8942
2025-11-26 23:00:00+00:00,10237.8942
2025-11-26 23:15:00+00:00,10237.8942
2025-11-26 23:30:00+00:00,10237.8942
2025-11-26 23:45:00+00:00,10237.8942
2025-11-27 00:00:00+00:00,10237.8942
2025-11-27 00:15:00+00:00,10237.8942
2025-11-27 00:30:00+00:00,10237.8942
2025-11-27 00:45:00+00:00,10237.8942
2025-11-27 01:00:00+00:00,10237.8942
2025-11-27 01:15:00+00:00,10237.8942
2025-11-27 01:30:00+00:00,10237.8942
2025-11-27 01:45:00+00:00,10237.8942
2025-11-27 02:00:00+00:00,10237.8942
2025-11-27 02:15:00+00:00,10237.8942
2025-11-27 02:30:00+00:00,10237.8942
2025-11-27 02:45:00+00:00,10237.8942
2025-11-27 03:00:00+00:00,10237.8942
2025-11-27 03:15:00+00:00,10237.8942
2025-11-27 03:30:00+00:00,10237.8942
2025-11-27 03:45:00+00:00,10237.8942
2025-11-27 04:00:00+00:00,10237.8942
2025-11-27 04:15:00+00:00,10237.8942
2025-11-27 04:30:00+00:00,10237.8942
2025-11-27 04:45:00+00:00,10237.8942
2025-11-27 05:00:00+00:00,10237.8942
2025-11-27 05:15:00+00:00,10237.8942
2025-11-27 05:30:00+00:00,10237.8942
2025-11-27 05:45:00+00:00,10237.8942
2025-11-27 06:00:00+00:00,10237.8942
2025-11-27 06:15:00+00:00,10237.8942
2025-11-27 06:30:00+00:00,10237.8942
2025-11-27 06:45:00+00:00,10237.8942
2025-11-27 07:00:00+00:00,10237.8942
2025-11-27 07:15:00+00:00,10237.8942
2025-11-27 07:30:00+00:00,10237.8942
2025-11-27 07:45:00+00:00,10237.8942
2025-11-27 08:00:00+00:00,10237.8942
2025-11-27 08:15:00+00:00,10237.8942
2025-11-27 08:30:00+00:00,10237.8942
2025-11-27 08:45:00+00:00,10237.8942
2025-11-27 09:00:00+00:00,10237.8942
2025-11-27 09:15:00+00:00,10237.8942
2025-11-27 09:30:00+00:00,10237.8942
2025-11-27 09:45:00+00:00,10237.8942
2025-11-27 10:00:00+00:00,10237.8942
2025-11-27 10:15:00+00:00,10237.8942
2025-11-27 10:30:00+00:00,10237.8942
2025-11-27 10:45:00+00:00,10237.8942
2025-11-27 11:00:00+00:00,10237.8942
2025-11-27 11:15:00+00:00,10237.8942
2025-11-27 11:30:00+00:00,10237.8942
2025-11-27 11:45:00+00:00,10237.8942
2025-11-27 12:00:00+00:00,10237.8942
2025-11-27 12:15:00+00:00,10237.8942
2025-11-27 12:30:00+00:00,10237.8942
2025-11-27 12:45:00+00:00,10237.8942
2025-11-27 13:00:00+00:00,10237.8942
2025-11-27 13:15:00+00:00,10135.5152
2025-11-27 13:30:00+00:00,10135.5152
2025-11-27 13:45:00+00:00,10135.5152
2025-11-27 14:00:00+00:00,10135.5152
2025-11-27 14:15:00+00:00,10135.5152
2025-11-27 14:30:00+00:00,10135.5152
2025-11-27 14:45:00+00:00,10135.5152
2025-11-27 15:00:00+00:00,10135.5152
2025-11-27 15:15:00+00:00,10135.5152
2025-11-27 15:30:00+00:00,10135.5152
2025-11-27 15:45:00+00:00,10135.5152
2025-11-27 16:00:00+00:00,10135.5152
2025-11-27 16:15:00+00:00,10135.5152
2025-11-27 16:30:00+00:00,10135.5152
2025-11-27 16:45:00+00:00,10135.5152
2025-11-27 17:00:00+00:00,10135.5152
2025-11-27 17:15:00+00:00,10135.5152
2025-11-27 17:30:00+00:00,10135.5152
2025-11-27 17:45:00+00:00,10135.5152
2025-11-27 18:00:00+00:00,10135.5152
2025-11-27 18:15:00+00:00,10135.5152
2025-11-27 18:30:00+00:00,10338.2255
2025-11-27 18:45:00+00:00,10338.2255
2025-11-27 19:00:00+00:00,10338.2255
2025-11-27 19:15:00+00:00,10338.2255
2025-11-27 19:30:00+00:00,10338.2255
2025-11-27 19:45:00+00:00,10338.2255
2025-11-27 20:00:00+00:00,10338.2255
2025-11-27 20:15:00+00:00,10338.2255
2025-11-27 20:30:00+00:00,10338.2255
2025-11-27 20:45:00+00:00,10338.2255
2025-11-27 21:00:00+00:00,10338.2255
2025-11-27 21:15:00+00:00,10338.2255
2025-11-27 21:30:00+00:00,10338.2255
2025-11-27 21:45:00+00:00,10338.2255
2025-11-27 22:00:00+00:00,10338.2255
2025-11-27 22:15:00+00:00,10338.2255
2025-11-27 22:30:00+00:00,10338.2255
2025-11-27 22:45:00+00:00,10338.2255
2025-11-27 23:00:00+00:00,10338.2255
2025-11-27 23:15:00+00:00,10338.2255
2025-11-27 23:30:00+00:00,10234.8433
2025-11-27 23:45:00+00:00,10234.8433
2025-11-28 00:00:00+00:00,10234.8433
2025-11-28 00:15:00+00:00,10234.8433
2025-11-28 00:30:00+00:00,10234.8433
2025-11-28 00:45:00+00:00,10234.8433
2025-11-28 01:00:00+00:00,10132.4948
2025-11-28 01:15:00+00:00,10132.4948
2025-11-28 01:30:00+00:00,10132.4948
2025-11-28 01:45:00+00:00,10132.4948
2025-11-28 02:00:00+00:00,10132.4948
2025-11-28 02:15:00+00:00,10031.1699
2025-11-28 02:30:00+00:00,10031.1699
2025-11-28 02:45:00+00:00,10031.1699
2025-11-28 03:00:00+00:00,10031.1699
2025-11-28 03:15:00+00:00,10031.1699
2025-11-28 03:30:00+00:00,10031.1699
2025-11-28 03:45:00+00:00,10031.1699
2025-11-28 04:00:00+00:00,10031.1699
2025-11-28 04:15:00+00:00,10031.1699
2025-11-28 04:30:00+00:00,10031.1699
2025-11-28 04:45:00+00:00,10031.1699
2025-11-28 05:00:00+00:00,10031.1699
2025-11-28 05:15:00+00:00,10031.1699
2025-11-28 05:30:00+00:00,10031.1699
2025-11-28 05:45:00+00:00,10031.1699
2025-11-28 06:00:00+00:00,10031.1699
2025-11-28 06:15:00+00:00,10031.1699
2025-11-28 06:30:00+00:00,9930.8582
2025-11-28 06:45:00+00:00,9930.8582
2025-11-28 07:00:00+00:00,9930.8582
2025-11-28 07:15:00+00:00,9930.8582
2025-11-28 07:30:00+00:00,9930.8582
2025-11-28 07:45:00+00:00,9930.8582
2025-11-28 08:00:00+00:00,9930.8582
2025-11-28 08:15:00+00:00,9930.8582
2025-11-28 08:30:00+00:00,9930.8582
2025-11-28 08:45:00+00:00,9930.8582
2025-11-28 09:00:00+00:00,9930.8582
2025-11-28 09:15:00+00:00,9930.8582
2025-11-28 09:30:00+00:00,9930.8582
2025-11-28 09:45:00+00:00,9930.8582
2025-11-28 10:00:00+00:00,9930.8582
2025-11-28 10:15:00+00:00,9930.8582
2025-11-28 10:30:00+00:00,9930.8582
2025-11-28 10:45:00+00:00,9930.8582
2025-11-28 11:00:00+00:00,9930.8582
2025-11-28 11:15:00+00:00,9930.8582
2025-11-28 11:30:00+00:00,9930.8582
2025-11-28 11:45:00+00:00,9930.8582
2025-11-28 12:00:00+00:00,9930.8582
2025-11-28 12:15:00+00:00,9930.8582
2025-11-28 12:30:00+00:00,9930.8582
2025-11-28 12:45:00+00:00,9930.8582
2025-11-28 13:00:00+00:00,9930.8582
2025-11-28 13:15:00+00:00,9930.8582
2025-11-28 13:30:00+00:00,9930.8582
2025-11-28 13:45:00+00:00,9930.8582
2025-11-28 14:00:00+00:00,9930.8582
2025-11-28 14:15:00+00:00,10129.4753
2025-11-28 14:30:00+00:00,10129.4753
2025-11-28 14:45:00+00:00,10129.4753
2025-11-28 15:00:00+00:00,10129.4753
2025-11-28 15:15:00+00:00,10129.4753
2025-11-28 15:30:00+00:00,10129.4753
2025-11-28 15:45:00+00:00,10129.4753
2025-11-28 16:00:00+00:00,10129.4753
2025-11-28 16:15:00+00:00,10028.1806
2025-11-28 16:30:00+00:00,10028.1806
2025-11-28 16:45:00+00:00,10028.1806
2025-11-28 17:00:00+00:00,10028.1806
2025-11-28 17:15:00+00:00,10028.1806
2025-11-28 17:30:00+00:00,10028.1806
2025-11-28 17:45:00+00:00,10028.1806
2025-11-28 18:00:00+00:00,10028.1806
2025-11-28 18:15:00+00:00,10028.1806
2025-11-28 18:30:00+00:00,10028.1806
2025-11-28 18:45:00+00:00,10028.1806
2025-11-28 19:00:00+00:00,10028.1806
2025-11-28 19:15:00+00:00,10028.1806
2025-11-28 19:30:00+00:00,10028.1806
2025-11-28 19:45:00+00:00,10028.1806
2025-11-28 20:00:00+00:00,10028.1806
2025-11-28 20:15:00+00:00,10028.1806
2025-11-28 20:30:00+00:00,10028.1806
2025-11-28 20:45:00+00:00,10028.1806
2025-11-28 21:00:00+00:00,10028.1806
2025-11-28 21:15:00+00:00,10028.1806
2025-11-28 21:30:00+00:00,10028.1806
2025-11-28 21:45:00+00:00,10028.1806
2025-11-28 22:00:00+00:00,10028.1806
2025-11-28 22:15:00+00:00,10028.1806
2025-11-28 22:30:00+00:00,10028.1806
2025-11-28 22:45:00+00:00,10028.1806
2025-11-28 23:00:00+00:00,10028.1806
2025-11-28 23:15:00+00:00,10028.1806
2025-11-28 23:30:00+00:00,10028.1806
2025-11-28 23:45:00+00:00,10028.1806
2025-11-29 00:00:00+00:00,10028.1806
2025-11-29 00:15:00+00:00,10028.1806
2025-11-29 00:30:00+00:00,10028.1806
2025-11-29 00:45:00+00:00,10028.1806
2025-11-29 01:00:00+00:00,10028.1806
2025-11-29 01:15:00+00:00,10028.1806
2025-11-29 01:30:00+00:00,10028.1806
2025-11-29 01:45:00+00:00,10028.1806
2025-11-29 02:00:00+00:00,10028.1806
2025-11-29 02:15:00+00:00,10028.1806
2025-11-29 02:30:00+00:00,10028.1806
2025-11-29 02:45:00+00:00,10028.1806
2025-11-29 03:00:00+00:00,10028.1806
2025-11-29 03:15:00+00:00,10028.1806
2025-11-29 03:30:00+00:00,10028.1806
2025-11-29 03:45:00+00:00,10028.1806
2025-11-29 04:00:00+00:00,10028.1806
2025-11-29 04:15:00+00:00,10028.1806
2025-11-29 04:30:00+00:00,10028.1806
2025-11-29 04:45:00+00:00,10028.1806
2025-11-29 05:00:00+00:00,10028.1806
2025-11-29 05:15:00+00:00,10028.1806
2025-11-29 05:30:00+00:00,10028.1806
2025-11-29 05:45:00+00:00,10028.1806
2025-11-29 06:00:00+00:00,10028.1806
2025-11-29 06:15:00+00:00,10028.1806
2025-11-29 06:30:00+00:00,10028.1806
2025-11-29 06:45:00+00:00,10028.1806
2025-11-29 07:00:00+00:00,10028.1806
2025-11-29 07:15:00+00:00,10028.1806
2025-11-29 07:30:00+00:00,10028.1806
2025-11-29 07:45:00+00:00,10028.1806
2025-11-29 08:00:00+00:00,10028.1806
2025-11-29 08:15:00+00:00,10028.1806
2025-11-29 08:30:00+00:00,10028.1806
2025-11-29 08:45:00+00:00,10028.1806
2025-11-29 09:00:00+00:00,10028.1806
2025-11-29 09:15:00+00:00,10028.1806
2025-11-29 09:30:00+00:00,10028.1806
2025-11-29 09:45:00+00:00,10028.1806
2025-11-29 10:00:00+00:00,10028.1806
2025-11-29 10:15:00+00:00,10028.1806
2025-11-29 10:30:00+00:00,10028.1806
2025-11-29 10:45:00+00:00,10028.1806
2025-11-29 11:00:00+00:00,10028.1806
2025-11-29 11:15:00+00:00,10028.1806
2025-11-29 11:30:00+00:00,10028.1806
2025-11-29 11:45:00+00:00,10028.1806
2025-11-29 12:00:00+00:00,10028.1806
2025-11-29 12:15:00+00:00,10028.1806
2025-11-29 12:30:00+00:00,10028.1806
2025-11-29 12:45:00+00:00,10028.1806
2025-11-29 13:00:00+00:00,10028.1806
2025-11-29 13:15:00+00:00,10028.1806
2025-11-29 13:30:00+00:00,10028.1806
2025-11-29 13:45:00+00:00,10028.1806
2025-11-29 14:00:00+00:00,10028.1806
2025-11-29 14:15:00+00:00,10028.1806
2025-11-29 14:30:00+00:00,10028.1806
2025-11-29 14:45:00+00:00,10028.1806
2025-11-29 15:00:00+00:00,10028.1806
2025-11-29 15:15:00+00:00,10028.1806
2025-11-29 15:30:00+00:00,10028.1806
2025-11-29 15:45:00+00:00,10028.1806
2025-11-29 16:00:00+00:00,10028.1806
2025-11-29 16:15:00+00:00,10028.1806
2025-11-29 16:30:00+00:00,10028.1806
2025-11-29 16:45:00+00:00,10028.1806
2025-11-29 17:00:00+00:00,10028.1806
2025-11-29 17:15:00+00:00,10028.1806
2025-11-29 17:30:00+00:00,10028.1806
2025-11-29 17:45:00+00:00,10028.1806
2025-11-29 18:00:00+00:00,10228.7442
2025-11-29 18:15:00+00:00,10228.7442
2025-11-29 18:30:00+00:00,10228.7442
2025-11-29 18:45:00+00:00,10228.7442
2025-11-29 19:00:00+00:00,10228.7442
2025-11-29 19:15:00+00:00,10228.7442
2025-11-29 19:30:00+00:00,10228.7442
2025-11-29 19:45:00+00:00,10228.7442
2025-11-29 20:00:00+00:00,10228.7442
2025-11-29 20:15:00+00:00,10228.7442
2025-11-29 20:30:00+00:00,10228.7442
2025-11-29 20:45:00+00:00,10228.7442
2025-11-29 21:00:00+00:00,10228.7442
2025-11-29 21:15:00+00:00,10228.7442
2025-11-29 21:30:00+00:00,10228.7442
2025-11-29 21:45:00+00:00,10228.7442
2025-11-29 22:00:00+00:00,10228.7442
2025-11-29 22:15:00+00:00,10228.7442
2025-11-29 22:30:00+00:00,10228.7442
2025-11-29 22:45:00+00:00,10228.7442
2025-11-29 23:00:00+00:00,10228.7442
2025-11-29 23:15:00+00:00,10228.7442
2025-11-29 23:30:00+00:00,10228.7442
2025-11-29 23:45:00+00:00,10228.7442
2025-11-30 00:00:00+00:00,10228.7442
2025-11-30 00:15:00+00:00,10228.7442
2025-11-30 00:30:00+00:00,10228.7442
2025-11-30 00:45:00+00:00,10228.7442
2025-11-30 01:00:00+00:00,10228.7442
2025-11-30 01:15:00+00:00,10228.7442
2025-11-30 01:30:00+00:00,10228.7442
2025-11-30 01:45:00+00:00,10228.7442
2025-11-30 02:00:00+00:00,10228.7442
2025-11-30 02:15:00+00:00,10228.7442
2025-11-30 02:30:00+00:00,10228.7442
2025-11-30 02:45:00+00:00,10228.7442
2025-11-30 03:00:00+00:00,10228.7442
2025-11-30 03:15:00+00:00,10433.3191
2025-11-30 03:30:00+00:00,10433.3191
2025-11-30 03:45:00+00:00,10433.3191
2025-11-30 04:00:00+00:00,10433.3191
2025-11-30 04:15:00+00:00,10433.3191
2025-11-30 04:30:00+00:00,10433.3191
2025-11-30 04:45:00+00:00,10433.3191
2025-11-30 05:00:00+00:00,10641.9855
2025-11-30 05:15:00+00:00,10641.9855
2025-11-30 05:30:00+00:00,10641.9855
2025-11-30 05:45:00+00:00,10641.9855
2025-11-30 06:00:00+00:00,10641.9855
2025-11-30 06:15:00+00:00,10641.9855
2025-11-30 06:30:00+00:00,10641.9855
2025-11-30 06:45:00+00:00,10641.9855
2025-11-30 07:00:00+00:00,10641.9855
2025-11-30 07:15:00+00:00,10641.9855
2025-11-30 07:30:00+00:00,10641.9855
2025-11-30 07:45:00+00:00,10641.9855
2025-11-30 08:00:00+00:00,10641.9855
2025-11-30 08:15:00+00:00,10641.9855
2025-11-30 08:30:00+00:00,10641.9855
2025-11-30 08:45:00+00:00,10641.9855
2025-11-30 09:00:00+00:00,10641.9855
2025-11-30 09:15:00+00:00,10641.9855
2025-11-30 09:30:00+00:00,10641.9855
2025-11-30 09:45:00+00:00,10641.9855
2025-11-30 10:00:00+00:00,10641.9855
2025-11-30 10:15:00+00:00,10641.9855
2025-11-30 10:30:00+00:00,10641.9855
2025-11-30 10:45:00+00:00,10641.9855
2025-11-30 11:00:00+00:00,10641.9855
2025-11-30 11:15:00+00:00,10641.9855
2025-11-30 11:30:00+00:00,10641.9855
2025-11-30 11:45:00+00:00,10641.9855
2025-11-30 12:00:00+00:00,10641.9855
2025-11-30 12:15:00+00:00,10641.9855
2025-11-30 12:30:00+00:00,10641.9855
2025-11-30 12:45:00+00:00,10641.9855
2025-11-30 13:00:00+00:00,10641.9855
2025-11-30 13:15:00+00:00,10641.9855
2025-11-30 13:30:00+00:00,10641.9855
2025-11-30 13:45:00+00:00,10641.9855
2025-11-30 14:00:00+00:00,10641.9855
2025-11-30 14:15:00+00:00,10641.9855
2025-11-30 14:30:00+00:00,10641.9855
2025-11-30 14:45:00+00:00,10641.9855
2025-11-30 15:00:00+00:00,10641.9855
2025-11-30 15:15:00+00:00,10641.9855
2025-11-30 15:30:00+00:00,10641.9855
2025-11-30 15:45:00+00:00,10641.9855
2025-11-30 16:00:00+00:00,10641.9855
2025-11-30 16:15:00+00:00,10641.9855
2025-11-30 16:30:00+00:00,10641.9855
2025-11-30 16:45:00+00:00,10641.9855
2025-11-30 17:00:00+00:00,10641.9855
2025-11-30 17:15:00+00:00,10641.9855
2025-11-30 17:30:00+00:00,10641.9855
2025-11-30 17:45:00+00:00,10641.9855
2025-11-30 18:00:00+00:00,10641.9855
2025-11-30 18:15:00+00:00,10641.9855
2025-11-30 18:30:00+00:00,10641.9855
2025-11-30 18:45:00+00:00,10641.9855
2025-11-30 19:00:00+00:00,10641.9855
2025-11-30 19:15:00+00:00,10641.9855
2025-11-30 19:30:00+00:00,10641.9855
2025-11-30 19:45:00+00:00,10641.9855
2025-11-30 20:00:00+00:00,10641.9855
2025-11-30 20:15:00+00:00,10641.9855
2025-11-30 20:30:00+00:00,10641.9855
2025-11-30 20:45:00+00:00,10641.9855
2025-11-30 21:00:00+00:00,10641.9855
2025-11-30 21:15:00+00:00,10641.9855
2025-11-30 21:30:00+00:00,10641.9855
2025-11-30 21:45:00+00:00,10641.9855
2025-11-30 22:00:00+00:00,10641.9855
2025-11-30 22:15:00+00:00,10641.9855
2025-11-30 22:30:00+00:00,10641.9855
2025-11-30 22:45:00+00:00,10641.9855
2025-11-30 23:00:00+00:00,10641.9855
2025-11-30 23:15:00+00:00,10641.9855
2025-11-30 23:30:00+00:00,10641.9855
2025-11-30 23:45:00+00:00,10641.9855
2025-12-01 00:00:00+00:00,10641.9855
2025-12-01 00:15:00+00:00,10641.9855
2025-12-01 00:30:00+00:00,10641.9855
2025-12-01 00:45:00+00:00,10641.9855
2025-12-01 01:00:00+00:00,10641.9855
2025-12-01 01:15:00+00:00,10641.9855
2025-12-01 01:30:00+00:00,10641.9855
2025-12-01 01:45:00+00:00,10641.9855
2025-12-01 02:00:00+00:00,10641.9855
2025-12-01 02:15:00+00:00,10641.9855
2025-12-01 02:30:00+00:00,10641.9855
2025-12-01 02:45:00+00:00,10641.9855
2025-12-01 03:00:00+00:00,10641.9855
2025-12-01 03:15:00+00:00,10641.9855
2025-12-01 03:30:00+00:00,10641.9855
2025-12-01 03:45:00+00:00,10641.9855
2025-12-01 04:00:00+00:00,10641.9855
2025-12-01 04:15:00+00:00,10641.9855
2025-12-01 04:30:00+00:00,10641.9855
2025-12-01 04:45:00+00:00,10641.9855
2025-12-01 05:00:00+00:00,10641.9855
2025-12-01 05:15:00+00:00,10641.9855
2025-12-01 05:30:00+00:00,10641.9855
2025-12-01 05:45:00+00:00,10641.9855
2025-12-01 06:00:00+00:00,10641.9855
2025-12-01 06:15:00+00:00,10641.9855
2025-12-01 06:30:00+00:00,10641.9855
2025-12-01 06:45:00+00:00,10641.9855
2025-12-01 07:00:00+00:00,10641.9855
2025-12-01 07:15:00+00:00,10641.9855
2025-12-01 07:30:00+00:00,10641.9855
2025-12-01 07:45:00+00:00,10641.9855
2025-12-01 08:00:00+00:00,10641.9855
2025-12-01 08:15:00+00:00,10641.9855
2025-12-01 08:30:00+00:00,10641.9855
2025-12-01 08:45:00+00:00,10641.9855
2025-12-01 09:00:00+00:00,10641.9855
2025-12-01 09:15:00+00:00,10641.9855
2025-12-01 09:30:00+00:00,10641.9855
2025-12-01 09:45:00+00:00,10641.9855
2025-12-01 10:00:00+00:00,10641.9855
2025-12-01 10:15:00+00:00,10641.9855
2025-12-01 10:30:00+00:00,10641.9855
2025-12-01 10:45:00+00:00,10641.9855
2025-12-01 11:00:00+00:00,10641.9855
2025-12-01 11:15:00+00:00,10641.9855
2025-12-01 11:30:00+00:00,10641.9855
2025-12-01 11:45:00+00:00,10641.9855
2025-12-01 12:00:00+00:00,10641.9855
2025-12-01 12:15:00+00:00,10641.9855
2025-12-01 12:30:00+00:00,10641.9855
2025-12-01 12:45:00+00:00,10641.9855
2025-12-01 13:00:00+00:00,10641.9855
2025-12-01 13:15:00+00:00,10641.9855
2025-12-01 13:30:00+00:00,10641.9855
2025-12-01 13:45:00+00:00,10641.9855
2025-12-01 14:00:00+00:00,10641.9855
2025-12-01 14:15:00+00:00,10641.9855
2025-12-01 14:30:00+00:00,10641.9855
2025-12-01 14:45:00+00:00,10641.9855
2025-12-01 15:00:00+00:00,10641.9855
2025-12-01 15:15:00+00:00,10641.9855
2025-12-01 15:30:00+00:00,10641.9855
2025-12-01 15:45:00+00:00,10641.9855
2025-12-01 16:00:00+00:00,10641.9855
2025-12-01 16:15:00+00:00,10641.9855
2025-12-01 16:30:00+00:00,10641.9855
2025-12-01 16:45:00+00:00,10641.9855
2025-12-01 17:00:00+00:00,10641.9855
2025-12-01 17:15:00+00:00,10641.9855
2025-12-01 17:30:00+00:00,10641.9855
2025-12-01 17:45:00+00:00,10641.9855
2025-12-01 18:00:00+00:00,10641.9855
2025-12-01 18:15:00+00:00,10641.9855
2025-12-01 18:30:00+00:00,10641.9855
2025-12-01 18:45:00+00:00,10641.9855
2025-12-01 19:00:00+00:00,10641.9855
2025-12-01 19:15:00+00:00,10641.9855
2025-12-01 19:30:00+00:00,10641.9855
2025-12-01 19:45:00+00:00,10641.9855
2025-12-01 20:00:00+00:00,10641.9855
2025-12-01 20:15:00+00:00,10641.9855
2025-12-01 20:30:00+00:00,10641.9855
2025-12-01 20:45:00+00:00,10641.9855
2025-12-01 21:00:00+00:00,10641.9855
2025-12-01 21:15:00+00:00,10641.9855
2025-12-01 21:30:00+00:00,10641.9855
2025-12-01 21:45:00+00:00,10641.9855
2025-12-01 22:00:00+00:00,10641.9855
2025-12-01 22:15:00+00:00,10641.9855
2025-12-01 22:30:00+00:00,10641.9855
2025-12-01 22:45:00+00:00,10641.9855
2025-12-01 23:00:00+00:00,10641.9855
2025-12-01 23:15:00+00:00,10641.9855
2025-12-01 23:30:00+00:00,10641.9855
2025-12-01 23:45:00+00:00,10641.9855
2025-12-02 00:00:00+00:00,10641.9855
2025-12-02 00:15:00+00:00,10641.9855
2025-12-02 00:30:00+00:00,10641.9855
2025-12-02 00:45:00+00:00,10641.9855
2025-12-02 01:00:00+00:00,10535.5656
2025-12-02 01:15:00+00:00,10535.5656
2025-12-02 01:30:00+00:00,10535.5656
2025-12-02 01:45:00+00:00,10535.5656
2025-12-02 02:00:00+00:00,10535.5656
2025-12-02 02:15:00+00:00,10535.5656
2025-12-02 02:30:00+00:00,10535.5656
2025-12-02 02:45:00+00:00,10535.5656
2025-12-02 03:00:00+00:00,10535.5656
2025-12-02 03:15:00+00:00,10535.5656
2025-12-02 03:30:00+00:00,10535.5656
2025-12-02 03:45:00+00:00,10535.5656
2025-12-02 04:00:00+00:00,10535.5656
2025-12-02 04:15:00+00:00,10535.5656
2025-12-02 04:30:00+00:00,10535.5656
2025-12-02 04:45:00+00:00,10535.5656
2025-12-02 05:00:00+00:00,10535.5656
2025-12-02 05:15:00+00:00,10430.21
2025-12-02 05:30:00+00:00,10430.21
2025-12-02 05:45:00+00:00,10430.21
2025-12-02 06:00:00+00:00,10430.21
2025-12-02 06:15:00+00:00,10430.21
2025-12-02 06:30:00+00:00,10430.21
2025-12-02 06:45:00+00:00,10430.21
2025-12-02 07:00:00+00:00,10325.9079
2025-12-02 07:15:00+00:00,10325.9079
2025-12-02 07:30:00+00:00,10325.9079
2025-12-02 07:45:00+00:00,10325.9079
2025-12-02 08:00:00+00:00,10222.6488
2025-12-02 08:15:00+00:00,10222.6488
2025-12-02 08:30:00+00:00,10222.6488
2025-12-02 08:45:00+00:00,10222.6488
2025-12-02 09:00:00+00:00,10222.6488
2025-12-02 09:15:00+00:00,10222.6488
2025-12-02 09:30:00+00:00,10222.6488
2025-12-02 09:45:00+00:00,10222.6488
2025-12-02 10:00:00+00:00,10222.6488
2025-12-02 10:15:00+00:00,10222.6488
2025-12-02 10:30:00+00:00,10222.6488
2025-12-02 10:45:00+00:00,10427.1018
2025-12-02 11:00:00+00:00,10427.1018
2025-12-02 11:15:00+00:00,10427.1018
2025-12-02 11:30:00+00:00,10427.1018
2025-12-02 11:45:00+00:00,10427.1018
2025-12-02 12:00:00+00:00,10427.1018
2025-12-02 12:15:00+00:00,10427.1018
2025-12-02 12:30:00+00:00,10427.1018
2025-12-02 12:45:00+00:00,10427.1018
2025-12-02 13:00:00+00:00,10427.1018
2025-12-02 13:15:00+00:00,10427.1018
2025-12-02 13:30:00+00:00,10427.1018
2025-12-02 13:45:00+00:00,10427.1018
2025-12-02 14:00:00+00:00,10427.1018
2025-12-02 14:15:00+00:00,10427.1018
2025-12-02 14:30:00+00:00,10427.1018
2025-12-02 14:45:00+00:00,10427.1018
2025-12-02 15:00:00+00:00,10427.1018
2025-12-02 15:15:00+00:00,10427.1018
2025-12-02 15:30:00+00:00,10427.1018
2025-12-02 15:45:00+00:00,10427.1018
2025-12-02 16:00:00+00:00,10427.1018
2025-12-02 16:15:00+00:00,10427.1018
2025-12-02 16:30:00+00:00,10427.1018
2025-12-02 16:45:00+00:00,10427.1018
2025-12-02 17:00:00+00:00,10427.1018
2025-12-02 17:15:00+00:00,10427.1018
2025-12-02 17:30:00+00:00,10427.1018
2025-12-02 17:45:00+00:00,10427.1018
2025-12-02 18:00:00+00:00,10427.1018
2025-12-02 18:15:00+00:00,10427.1018
2025-12-02 18:30:00+00:00,10427.1018
2025-12-02 18:45:00+00:00,10427.1018
2025-12-02 19:00:00+00:00,10427.1018
2025-12-02 19:15:00+00:00,10427.1018
2025-12-02 19:30:00+00:00,10427.1018
2025-12-02 19:45:00+00:00,10427.1018
2025-12-02 20:00:00+00:00,10427.1018
2025-12-02 20:15:00+00:00,10427.1018
2025-12-02 20:30:00+00:00,10427.1018
2025-12-02 20:45:00+00:00,10427.1018
2025-12-02 21:00:00+00:00,10427.1018
2025-12-02 21:15:00+00:00,10427.1018
2025-12-02 21:30:00+00:00,10427.1018
2025-12-02 21:45:00+00:00,10427.1018
2025-12-02 22:00:00+00:00,10427.1018
2025-12-02 22:15:00+00:00,10427.1018
2025-12-02 22:30:00+00:00,10427.1018
2025-12-02 22:45:00+00:00,10427.1018
2025-12-02 23:00:00+00:00,10427.1018
2025-12-02 23:15:00+00:00,10427.1018
2025-12-02 23:30:00+00:00,10427.1018
2025-12-02 23:45:00+00:00,10427.1018
2025-12-03 00:00:00+00:00,10427.1018
2025-12-03 00:15:00+00:00,10427.1018
2025-12-03 00:30:00+00:00,10427.1018
2025-12-03 00:45:00+00:00,10427.1018
2025-12-03 01:00:00+00:00,10427.1018
2025-12-03 01:15:00+00:00,10427.1018
2025-12-03 01:30:00+00:00,10427.1018
2025-12-03 01:45:00+00:00,10427.1018
2025-12-03 02:00:00+00:00,10427.1018
2025-12-03 02:15:00+00:00,10427.1018
2025-12-03 02:30:00+00:00,10427.1018
2025-12-03 02:45:00+00:00,10427.1018
2025-12-03 03:00:00+00:00,10427.1018
2025-12-03 03:15:00+00:00,10427.1018
2025-12-03 03:30:00+00:00,10427.1018
2025-12-03 03:45:00+00:00,10427.1018
2025-12-03 04:00:00+00:00,10427.1018
2025-12-03 04:15:00+00:00,10427.1018
2025-12-03 04:30:00+00:00,10427.1018
2025-12-03 04:45:00+00:00,10427.1018
2025-12-03 05:00:00+00:00,10427.1018
2025-12-03 05:15:00+00:00,10427.1018
2025-12-03 05:30:00+00:00,10427.1018
2025-12-03 05:45:00+00:00,10427.1018
2025-12-03 06:00:00+00:00,10427.1018
2025-12-03 06:15:00+00:00,10427.1018
2025-12-03 06:30:00+00:00,10427.1018
2025-12-03 06:45:00+00:00,10427.1018
2025-12-03 07:00:00+00:00,10427.1018
2025-12-03 07:15:00+00:00,10427.1018
2025-12-03 07:30:00+00:00,10427.1018
2025-12-03 07:45:00+00:00,10427.1018
2025-12-03 08:00:00+00:00,10427.1018
2025-12-03 08:15:00+00:00,10427.1018
2025-12-03 08:30:00+00:00,10427.1018
2025-12-03 08:45:00+00:00,10427.1018
2025-12-03 09:00:00+00:00,10427.1018
2025-12-03 09:15:00+00:00,10427.1018
2025-12-03 09:30:00+00:00,10427.1018
2025-12-03 09:45:00+00:00,10427.1018
2025-12-03 10:00:00+00:00,10427.1018
2025-12-03 10:15:00+00:00,10427.1018
2025-12-03 10:30:00+00:00,10427.1018
2025-12-03 10:45:00+00:00,10427.1018
2025-12-03 11:00:00+00:00,10427.1018
2025-12-03 11:15:00+00:00,10427.1018
2025-12-03 11:30:00+00:00,10427.1018
2025-12-03 11:45:00+00:00,10427.1018
2025-12-03 12:00:00+00:00,10427.1018
2025-12-03 12:15:00+00:00,10427.1018
2025-12-03 12:30:00+00:00,10427.1018
2025-12-03 12:45:00+00:00,10427.1018
2025-12-03 13:00:00+00:00,10427.1018
2025-12-03 13:15:00+00:00,10427.1018
2025-12-03 13:30:00+00:00,10427.1018
2025-12-03 13:45:00+00:00,10427.1018
2025-12-03 14:00:00+00:00,10427.1018
2025-12-03 14:15:00+00:00,10427.1018
2025-12-03 14:30:00+00:00,10427.1018
2025-12-03 14:45:00+00:00,10427.1018
2025-12-03 15:00:00+00:00,10427.1018
2025-12-03 15:15:00+00:00,10427.1018
2025-12-03 15:30:00+00:00,10427.1018
2025-12-03 15:45:00+00:00,10427.1018
2025-12-03 16:00:00+00:00,10427.1018
2025-12-03 16:15:00+00:00,10427.1018
2025-12-03 16:30:00+00:00,10427.1018
2025-12-03 16:45:00+00:00,10427.1018
2025-12-03 17:00:00+00:00,10427.1018
2025-12-03 17:15:00+00:00,10427.1018
2025-12-03 17:30:00+00:00,10427.1018
2025-12-03 17:45:00+00:00,10427.1018
2025-12-03 18:00:00+00:00,10427.1018
2025-12-03 18:15:00+00:00,10427.1018
2025-12-03 18:30:00+00:00,10427.1018
2025-12-03 18:45:00+00:00,10427.1018
2025-12-03 19:00:00+00:00,10427.1018
2025-12-03 19:15:00+00:00,10427.1018
2025-12-03 19:30:00+00:00,10427.1018
2025-12-03 19:45:00+00:00,10427.1018
2025-12-03 20:00:00+00:00,10427.1018
2025-12-03 20:15:00+00:00,10427.1018
2025-12-03 20:30:00+00:00,10427.1018
2025-12-03 20:45:00+00:00,10427.1018
2025-12-03 21:00:00+00:00,10427.1018
2025-12-03 21:15:00+00:00,10427.1018
2025-12-03 21:30:00+00:00,10427.1018
2025-12-03 21:45:00+00:00,10427.1018
2025-12-03 22:00:00+00:00,10427.1018
2025-12-03 22:15:00+00:00,10427.1018
2025-12-03 22:30:00+00:00,10427.1018
2025-12-03 22:45:00+00:00,10427.1018
2025-12-03 23:00:00+00:00,10427.1018
2025-12-03 23:15:00+00:00,10427.1018
2025-12-03 23:30:00+00:00,10427.1018
2025-12-03 23:45:00+00:00,10427.1018
2025-12-04 00:00:00+00:00,10427.1018
2025-12-04 00:15:00+00:00,10427.1018
2025-12-04 00:30:00+00:00,10427.1018
2025-12-04 00:45:00+00:00,10427.1018
2025-12-04 01:00:00+00:00,10427.1018
2025-12-04 01:15:00+00:00,10427.1018
2025-12-04 01:30:00+00:00,10427.1018
2025-12-04 01:45:00+00:00,10427.1018
2025-12-04 02:00:00+00:00,10427.1018
2025-12-04 02:15:00+00:00,10427.1018
2025-12-04 02:30:00+00:00,10427.1018
2025-12-04 02:45:00+00:00,10427.1018
2025-12-04 03:00:00+00:00,10427.1018
2025-12-04 03:15:00+00:00,10427.1018
2025-12-04 03:30:00+00:00,10427.1018
2025-12-04 03:45:00+00:00,10427.1018
2025-12-04 04:00:00+00:00,10427.1018
2025-12-04 04:15:00+00:00,10427.1018
2025-12-04 04:30:00+00:00,10427.1018
2025-12-04 04:45:00+00:00,10427.1018
2025-12-04 05:00:00+00:00,10427.1018
2025-12-04 05:15:00+00:00,10427.1018
2025-12-04 05:30:00+00:00,10427.1018
2025-12-04 05:45:00+00:00,10427.1018
2025-12-04 06:00:00+00:00,10427.1018
2025-12-04 06:15:00+00:00,10427.1018
2025-12-04 06:30:00+00:00,10427.1018
2025-12-04 06:45:00+00:00,10427.1018
2025-12-04 07:00:00+00:00,10427.1018
2025-12-04 07:15:00+00:00,10427.1018
2025-12-04 07:30:00+00:00,10427.1018
2025-12-04 07:45:00+00:00,10427.1018
2025-12-04 08:00:00+00:00,10322.8307
2025-12-04 08:15:00+00:00,10322.8307
2025-12-04 08:30:00+00:00,10322.8307
2025-12-04 08:45:00+00:00,10322.8307
2025-12-04 09:00:00+00:00,10322.8307
2025-12-04 09:15:00+00:00,10322.8307
2025-12-04 09:30:00+00:00,10322.8307
2025-12-04 09:45:00+00:00,10322.8307
2025-12-04 10:00:00+00:00,10322.8307
2025-12-04 10:15:00+00:00,10219.6024
2025-12-04 10:30:00+00:00,10219.6024
2025-12-04 10:45:00+00:00,10219.6024
2025-12-04 11:00:00+00:00,10219.6024
2025-12-04 11:15:00+00:00,10219.6024
2025-12-04 11:30:00+00:00,10219.6024
2025-12-04 11:45:00+00:00,10219.6024
2025-12-04 12:00:00+00:00,10219.6024
2025-12-04 12:15:00+00:00,10219.6024
2025-12-04 12:30:00+00:00,10219.6024
2025-12-04 12:45:00+00:00,10219.6024
2025-12-04 13:00:00+00:00,10117.4064
2025-12-04 13:15:00+00:00,10117.4064
2025-12-04 13:30:00+00:00,10117.4064
2025-12-04 13:45:00+00:00,10117.4064
2025-12-04 14:00:00+00:00,10117.4064
2025-12-04 14:15:00+00:00,10117.4064
2025-12-04 14:30:00+00:00,10117.4064
2025-12-04 14:45:00+00:00,10319.7545
2025-12-04 15:00:00+00:00,10319.7545
2025-12-04 15:15:00+00:00,10319.7545
2025-12-04 15:30:00+00:00,10319.7545
2025-12-04 15:45:00+00:00,10319.7545
2025-12-04 16:00:00+00:00,10319.7545
2025-12-04 16:15:00+00:00,10319.7545
2025-12-04 16:30:00+00:00,10319.7545
2025-12-04 16:45:00+00:00,10319.7545
2025-12-04 17:00:00+00:00,10319.7545
2025-12-04 17:15:00+00:00,10319.7545
2025-12-04 17:30:00+00:00,10526.1496
2025-12-04 17:45:00+00:00,10526.1496
2025-12-04 18:00:00+00:00,10526.1496
2025-12-04 18:15:00+00:00,10526.1496
2025-12-04 18:30:00+00:00,10526.1496
2025-12-04 18:45:00+00:00,10526.1496
2025-12-04 19:00:00+00:00,10526.1496
2025-12-04 19:15:00+00:00,10526.1496
2025-12-04 19:30:00+00:00,10526.1496
2025-12-04 19:45:00+00:00,10420.8881
2025-12-04 20:00:00+00:00,10420.8881
2025-12-04 20:15:00+00:00,10420.8881
2025-12-04 20:30:00+00:00,10420.8881
2025-12-04 20:45:00+00:00,10420.8881
2025-12-04 21:00:00+00:00,10420.8881
2025-12-04 21:15:00+00:00,10420.8881
2025-12-04 21:30:00+00:00,10420.8881
2025-12-04 21:45:00+00:00,10420.8881
2025-12-04 22:00:00+00:00,10420.8881
2025-12-04 22:15:00+00:00,10420.8881
2025-12-04 22:30:00+00:00,10420.8881
2025-12-04 22:45:00+00:00,10420.8881
2025-12-04 23:00:00+00:00,10420.8881
2025-12-04 23:15:00+00:00,10420.8881
2025-12-04 23:30:00+00:00,10420.8881
2025-12-04 23:45:00+00:00,10420.8881
2025-12-05 00:00:00+00:00,10420.8881
2025-12-05 00:15:00+00:00,10420.8881
2025-12-05 00:30:00+00:00,10420.8881
2025-12-05 00:45:00+00:00,10420.8881
2025-12-05 01:00:00+00:00,10420.8881
2025-12-05 01:15:00+00:00,10420.8881
2025-12-05 01:30:00+00:00,10420.8881
2025-12-05 01:45:00+00:00,10420.8881
2025-12-05 02:00:00+00:00,10420.8881
2025-12-05 02:15:00+00:00,10420.8881
2025-12-05 02:30:00+00:00,10420.8881
2025-12-05 02:45:00+00:00,10420.8881
2025-12-05 03:00:00+00:00,10316.6792
2025-12-05 03:15:00+00:00,10316.6792
2025-12-05 03:30:00+00:00,10316.6792
2025-12-05 03:45:00+00:00,10316.6792
2025-12-05 04:00:00+00:00,10316.6792
2025-12-05 04:15:00+00:00,10316.6792
2025-12-05 04:30:00+00:00,10316.6792
2025-12-05 04:45:00+00:00,10316.6792
2025-12-05 05:00:00+00:00,10316.6792
2025-12-05 05:15:00+00:00,10316.6792
2025-12-05 05:30:00+00:00,10523.0128
2025-12-05 05:45:00+00:00,10523.0128
2025-12-05 06:00:00+00:00,10523.0128
2025-12-05 06:15:00+00:00,10523.0128
2025-12-05 06:30:00+00:00,10523.0128
2025-12-05 06:45:00+00:00,10523.0128
2025-12-05 07:00:00+00:00,10523.0128
2025-12-05 07:15:00+00:00,10523.0128
2025-12-05 07:30:00+00:00,10523.0128
2025-12-05 07:45:00+00:00,10523.0128
2025-12-05 08:00:00+00:00,10733.4731
2025-12-05 08:15:00+00:00,10733.4731
2025-12-05 08:30:00+00:00,10733.4731
2025-12-05 08:45:00+00:00,10733.4731
2025-12-05 09:00:00+00:00,10733.4731
2025-12-05 09:15:00+00:00,10733.4731
2025-12-05 09:30:00+00:00,10733.4731
2025-12-05 09:45:00+00:00,10733.4731
2025-12-05 10:00:00+00:00,10733.4731
2025-12-05 10:15:00+00:00,10733.4731
2025-12-05 10:30:00+00:00,10733.4731
2025-12-05 10:45:00+00:00,10733.4731
2025-12-05 11:00:00+00:00,10733.4731
2025-12-05 11:15:00+00:00,10733.4731
2025-12-05 11:30:00+00:00,10733.4731
2025-12-05 11:45:00+00:00,10733.4731
2025-12-05 12:00:00+00:00,10733.4731
2025-12-05 12:15:00+00:00,10733.4731
2025-12-05 12:30:00+00:00,10733.4731
2025-12-05 12:45:00+00:00,10733.4731
2025-12-05 13:00:00+00:00,10733.4731
2025-12-05 13:15:00+00:00,10733.4731
2025-12-05 13:30:00+00:00,10733.4731
2025-12-05 13:45:00+00:00,10733.4731
2025-12-05 14:00:00+00:00,10733.4731
2025-12-05 14:15:00+00:00,10733.4731
2025-12-05 14:30:00+00:00,10733.4731
2025-12-05 14:45:00+00:00,10733.4731
2025-12-05 15:00:00+00:00,10626.1384
2025-12-05 15:15:00+00:00,10626.1384
2025-12-05 15:30:00+00:00,10626.1384
2025-12-05 15:45:00+00:00,10626.1384
2025-12-05 16:00:00+00:00,10626.1384
2025-12-05 16:15:00+00:00,10626.1384
2025-12-05 16:30:00+00:00,10626.1384
2025-12-05 16:45:00+00:00,10626.1384
2025-12-05 17:00:00+00:00,10626.1384
2025-12-05 17:15:00+00:00,10626.1384
2025-12-05 17:30:00+00:00,10626.1384
2025-12-05 17:45:00+00:00,10626.1384
2025-12-05 18:00:00+00:00,10626.1384
2025-12-05 18:15:00+00:00,10626.1384
2025-12-05 18:30:00+00:00,10626.1384
2025-12-05 18:45:00+00:00,10626.1384
2025-12-05 19:00:00+00:00,10626.1384
2025-12-05 19:15:00+00:00,10626.1384
2025-12-05 19:30:00+00:00,10626.1384
2025-12-05 19:45:00+00:00,10626.1384
2025-12-05 20:00:00+00:00,10626.1384
2025-12-05 20:15:00+00:00,10626.1384
2025-12-05 20:30:00+00:00,10626.1384
2025-12-05 20:45:00+00:00,10626.1384
2025-12-05 21:00:00+00:00,10626.1384
2025-12-05 21:15:00+00:00,10626.1384
2025-12-05 21:30:00+00:00,10626.1384
2025-12-05 21:45:00+00:00,10626.1384
2025-12-05 22:00:00+00:00,10626.1384
2025-12-05 22:15:00+00:00,10626.1384
2025-12-05 22:30:00+00:00,10626.1384
2025-12-05 22:45:00+00:00,10626.1384
2025-12-05 23:00:00+00:00,10626.1384
2025-12-05 23:15:00+00:00,10626.1384
2025-12-05 23:30:00+00:00,10626.1384
2025-12-05 23:45:00+00:00,10626.1384
2025-12-06 00:00:00+00:00,10626.1384
2025-12-06 00:15:00+00:00,10626.1384
2025-12-06 00:30:00+00:00,10626.1384
2025-12-06 00:45:00+00:00,10626.1384
2025-12-06 01:00:00+00:00,10626.1384
2025-12-06 01:15:00+00:00,10626.1384
2025-12-06 01:30:00+00:00,10626.1384
2025-12-06 01:45:00+00:00,10626.1384
2025-12-06 02:00:00+00:00,10626.1384
2025-12-06 02:15:00+00:00,10626.1384
2025-12-06 02:30:00+00:00,10626.1384
2025-12-06 02:45:00+00:00,10626.1384
2025-12-06 03:00:00+00:00,10626.1384
2025-12-06 03:15:00+00:00,10626.1384
2025-12-06 03:30:00+00:00,10626.1384
2025-12-06 03:45:00+00:00,10626.1384
2025-12-06 04:00:00+00:00,10626.1384
2025-12-06 04:15:00+00:00,10626.1384
2025-12-06 04:30:00+00:00,10626.1384
2025-12-06 04:45:00+00:00,10626.1384
2025-12-06 05:00:00+00:00,10626.1384
2025-12-06 05:15:00+00:00,10626.1384
2025-12-06 05:30:00+00:00,10626.1384
2025-12-06 05:45:00+00:00,10626.1384
2025-12-06 06:00:00+00:00,10626.1384
2025-12-06 06:15:00+00:00,10626.1384
2025-12-06 06:30:00+00:00,10626.1384
2025-12-06 06:45:00+00:00,10626.1384
2025-12-06 07:00:00+00:00,10626.1384
2025-12-06 07:15:00+00:00,10626.1384
2025-12-06 07:30:00+00:00,10626.1384
2025-12-06 07:45:00+00:00,10626.1384
2025-12-06 08:00:00+00:00,10626.1384
2025-12-06 08:15:00+00:00,10626.1384
2025-12-06 08:30:00+00:00,10626.1384
2025-12-06 08:45:00+00:00,10626.1384
2025-12-06 09:00:00+00:00,10626.1384
2025-12-06 09:15:00+00:00,10626.1384
2025-12-06 09:30:00+00:00,10626.1384
2025-12-06 09:45:00+00:00,10626.1384
2025-12-06 10:00:00+00:00,10626.1384
2025-12-06 10:15:00+00:00,10626.1384
2025-12-06 10:30:00+00:00,10626.1384
2025-12-06 10:45:00+00:00,10626.1384
2025-12-06 11:00:00+00:00,10626.1384
2025-12-06 11:15:00+00:00,10626.1384
2025-12-06 11:30:00+00:00,10626.1384
2025-12-06 11:45:00+00:00,10626.1384
2025-12-06 12:00:00+00:00,10626.1384
2025-12-06 12:15:00+00:00,10626.1384
2025-12-06 12:30:00+00:00,10626.1384
2025-12-06 12:45:00+00:00,10626.1384
2025-12-06 13:00:00+00:00,10626.1384
2025-12-06 13:15:00+00:00,10626.1384
2025-12-06 13:30:00+00:00,10626.1384
2025-12-06 13:45:00+00:00,10519.877
2025-12-06 14:00:00+00:00,10519.877
2025-12-06 14:15:00+00:00,10519.877
2025-12-06 14:30:00+00:00,10519.877
2025-12-06 14:45:00+00:00,10519.877
2025-12-06 15:00:00+00:00,10519.877
2025-12-06 15:15:00+00:00,10519.877
2025-12-06 15:30:00+00:00,10519.877
2025-12-06 15:45:00+00:00,10519.877
2025-12-06 16:00:00+00:00,10519.877
2025-12-06 16:15:00+00:00,10519.877
2025-12-06 16:30:00+00:00,10519.877
2025-12-06 16:45:00+00:00,10519.877
2025-12-06 17:00:00+00:00,10519.877
2025-12-06 17:15:00+00:00,10519.877
2025-12-06 17:30:00+00:00,10519.877
2025-12-06 17:45:00+00:00,10519.877
2025-12-06 18:00:00+00:00,10519.877
2025-12-06 18:15:00+00:00,10519.877
2025-12-06 18:30:00+00:00,10519.877
2025-12-06 18:45:00+00:00,10519.877
2025-12-06 19:00:00+00:00,10519.877
2025-12-06 19:15:00+00:00,10519.877
2025-12-06 19:30:00+00:00,10519.877
2025-12-06 19:45:00+00:00,10519.877
2025-12-06 20:00:00+00:00,10519.877
2025-12-06 20:15:00+00:00,10519.877
2025-12-06 20:30:00+00:00,10519.877
2025-12-06 20:45:00+00:00,10519.877
2025-12-06 21:00:00+00:00,10519.877
2025-12-06 21:15:00+00:00,10519.877
2025-12-06 21:30:00+00:00,10519.877
2025-12-06 21:45:00+00:00,10519.877
2025-12-06 22:00:00+00:00,10414.6782
2025-12-06 22:15:00+00:00,10414.6782
2025-12-06 22:30:00+00:00,10414.6782
2025-12-06 22:45:00+00:00,10414.6782
2025-12-06 23:00:00+00:00,10414.6782
2025-12-06 23:15:00+00:00,10414.6782
2025-12-06 23:30:00+00:00,10414.6782
2025-12-06 23:45:00+00:00,10414.6782
2025-12-07 00:00:00+00:00,10414.6782
2025-12-07 00:15:00+00:00,10414.6782
2025-12-07 00:30:00+00:00,10414.6782
2025-12-07 00:45:00+00:00,10414.6782
2025-12-07 01:00:00+00:00,10414.6782
2025-12-07 01:15:00+00:00,10414.6782
2025-12-07 01:30:00+00:00,10414.6782
2025-12-07 01:45:00+00:00,10414.6782
2025-12-07 02:00:00+00:00,10414.6782
2025-12-07 02:15:00+00:00,10414.6782
2025-12-07 02:30:00+00:00,10414.6782
2025-12-07 02:45:00+00:00,10414.6782
2025-12-07 03:00:00+00:00,10414.6782
2025-12-07 03:15:00+00:00,10414.6782
2025-12-07 03:30:00+00:00,10414.6782
2025-12-07 03:45:00+00:00,10414.6782
2025-12-07 04:00:00+00:00,10414.6782
2025-12-07 04:15:00+00:00,10414.6782
2025-12-07 04:30:00+00:00,10414.6782
2025-12-07 04:45:00+00:00,10414.6782
2025-12-07 05:00:00+00:00,10414.6782
2025-12-07 05:15:00+00:00,10414.6782
2025-12-07 05:30:00+00:00,10414.6782
2025-12-07 05:45:00+00:00,10414.6782
2025-12-07 06:00:00+00:00,10414.6782
2025-12-07 06:15:00+00:00,10414.6782
2025-12-07 06:30:00+00:00,10414.6782
2025-12-07 06:45:00+00:00,10414.6782
2025-12-07 07:00:00+00:00,10310.5314
2025-12-07 07:15:00+00:00,10310.5314
2025-12-07 07:30:00+00:00,10310.5314
2025-12-07 07:45:00+00:00,10310.5314
2025-12-07 08:00:00+00:00,10310.5314
2025-12-07 08:15:00+00:00,10310.5314
2025-12-07 08:30:00+00:00,10310.5314
2025-12-07 08:45:00+00:00,10310.5314
2025-12-07 09:00:00+00:00,10310.5314
2025-12-07 09:15:00+00:00,10310.5314
2025-12-07 09:30:00+00:00,10310.5314
2025-12-07 09:45:00+00:00,10310.5314
2025-12-07 10:00:00+00:00,10310.5314
2025-12-07 10:15:00+00:00,10310.5314
2025-12-07 10:30:00+00:00,10310.5314
2025-12-07 10:45:00+00:00,10310.5314
2025-12-07 11:00:00+00:00,10310.5314
2025-12-07 11:15:00+00:00,10310.5314
2025-12-07 11:30:00+00:00,10310.5314
2025-12-07 11:45:00+00:00,10310.5314
2025-12-07 12:00:00+00:00,10310.5314
2025-12-07 12:15:00+00:00,10310.5314
2025-12-07 12:30:00+00:00,10310.5314
2025-12-07 12:45:00+00:00,10310.5314
2025-12-07 13:00:00+00:00,10310.5314
2025-12-07 13:15:00+00:00,10310.5314
2025-12-07 13:30:00+00:00,10310.5314
2025-12-07 13:45:00+00:00,10310.5314
2025-12-07 14:00:00+00:00,10310.5314
2025-12-07 14:15:00+00:00,10516.7421
2025-12-07 14:30:00+00:00,10516.7421
2025-12-07 14:45:00+00:00,10516.7421
2025-12-07 15:00:00+00:00,10516.7421
2025-12-07 15:15:00+00:00,10516.7421
2025-12-07 15:30:00+00:00,10516.7421
2025-12-07 15:45:00+00:00,10516.7421
2025-12-07 16:00:00+00:00,10516.7421
2025-12-07 16:15:00+00:00,10516.7421
2025-12-07 16:30:00+00:00,10516.7421
2025-12-07 16:45:00+00:00,10516.7421
2025-12-07 17:00:00+00:00,10516.7421
2025-12-07 17:15:00+00:00,10516.7421
2025-12-07 17:30:00+00:00,10516.7421
2025-12-07 17:45:00+00:00,10516.7421
2025-12-07 18:00:00+00:00,10516.7421
2025-12-07 18:15:00+00:00,10516.7421
2025-12-07 18:30:00+00:00,10516.7421
2025-12-07 18:45:00+00:00,10516.7421
2025-12-07 19:00:00+00:00,10516.7421
2025-12-07 19:15:00+00:00,10516.7421
2025-12-07 19:30:00+00:00,10516.7421
2025-12-07 19:45:00+00:00,10516.7421
2025-12-07 20:00:00+00:00,10516.7421
2025-12-07 20:15:00+00:00,10516.7421
2025-12-07 20:30:00+00:00,10516.7421
2025-12-07 20:45:00+00:00,10516.7421
2025-12-07 21:00:00+00:00,10516.7421
2025-12-07 21:15:00+00:00,10516.7421
2025-12-07 21:30:00+00:00,10516.7421
2025-12-07 21:45:00+00:00,10516.7421
2025-12-07 22:00:00+00:00,10516.7421
2025-12-07 22:15:00+00:00,10516.7421
2025-12-07 22:30:00+00:00,10516.7421
2025-12-07 22:45:00+00:00,10516.7421
2025-12-07 23:00:00+00:00,10516.7421
2025-12-07 23:15:00+00:00,10516.7421
2025-12-07 23:30:00+00:00,10516.7421
2025-12-07 23:45:00+00:00,10516.7421
2025-12-08 00:00:00+00:00,10516.7421
2025-12-08 00:15:00+00:00,10516.7421
2025-12-08 00:30:00+00:00,10516.7421
2025-12-08 00:45:00+00:00,10516.7421
2025-12-08 01:00:00+00:00,10516.7421
2025-12-08 01:15:00+00:00,10516.7421
2025-12-08 01:30:00+00:00,10727.0769
2025-12-08 01:45:00+00:00,10727.0769
2025-12-08 02:00:00+00:00,10727.0769
2025-12-08 02:15:00+00:00,10727.0769
2025-12-08 02:30:00+00:00,10727.0769
2025-12-08 02:45:00+00:00,10727.0769
2025-12-08 03:00:00+00:00,10619.8061
2025-12-08 03:15:00+00:00,10619.8061
2025-12-08 03:30:00+00:00,10619.8061
2025-12-08 03:45:00+00:00,10619.8061
2025-12-08 04:00:00+00:00,10619.8061
2025-12-08 04:15:00+00:00,10619.8061
2025-12-08 04:30:00+00:00,10619.8061
2025-12-08 04:45:00+00:00,10619.8061
2025-12-08 05:00:00+00:00,10619.8061
2025-12-08 05:15:00+00:00,10619.8061
2025-12-08 05:30:00+00:00,10619.8061
2025-12-08 05:45:00+00:00,10619.8061
2025-12-08 06:00:00+00:00,10619.8061
2025-12-08 06:15:00+00:00,10619.8061
2025-12-08 06:30:00+00:00,10619.8061
2025-12-08 06:45:00+00:00,10619.8061
2025-12-08 07:00:00+00:00,10619.8061
2025-12-08 07:15:00+00:00,10619.8061
2025-12-08 07:30:00+00:00,10619.8061
2025-12-08 07:45:00+00:00,10619.8061
2025-12-08 08:00:00+00:00,10619.8061
2025-12-08 08:15:00+00:00,10619.8061
2025-12-08 08:30:00+00:00,10619.8061
2025-12-08 08:45:00+00:00,10619.8061
2025-12-08 09:00:00+00:00,10619.8061
2025-12-08 09:15:00+00:00,10619.8061
2025-12-08 09:30:00+00:00,10619.8061
2025-12-08 09:45:00+00:00,10619.8061
2025-12-08 10:00:00+00:00,10619.8061
2025-12-08 10:15:00+00:00,10619.8061
2025-12-08 10:30:00+00:00,10619.8061
2025-12-08 10:45:00+00:00,10619.8061
2025-12-08 11:00:00+00:00,10619.8061
2025-12-08 11:15:00+00:00,10619.8061
2025-12-08 11:30:00+00:00,10619.8061
2025-12-08 11:45:00+00:00,10619.8061
2025-12-08 12:00:00+00:00,10619.8061
2025-12-08 12:15:00+00:00,10619.8061
2025-12-08 12:30:00+00:00,10619.8061
2025-12-08 12:45:00+00:00,10619.8061
2025-12-08 13:00:00+00:00,10619.8061
2025-12-08 13:15:00+00:00,10619.8061
2025-12-08 13:30:00+00:00,10619.8061
2025-12-08 13:45:00+00:00,10619.8061
2025-12-08 14:00:00+00:00,10619.8061
2025-12-08 14:15:00+00:00,10619.8061
2025-12-08 14:30:00+00:00,10619.8061
2025-12-08 14:45:00+00:00,10619.8061
2025-12-08 15:00:00+00:00,10619.8061
2025-12-08 15:15:00+00:00,10619.8061
2025-12-08 15:30:00+00:00,10619.8061
2025-12-08 15:45:00+00:00,10619.8061
2025-12-08 16:00:00+00:00,10619.8061
2025-12-08 16:15:00+00:00,10619.8061
2025-12-08 16:30:00+00:00,10619.8061
2025-12-08 16:45:00+00:00,10619.8061
2025-12-08 17:00:00+00:00,10619.8061
2025-12-08 17:15:00+00:00,10619.8061
2025-12-08 17:30:00+00:00,10619.8061
2025-12-08 17:45:00+00:00,10619.8061
2025-12-08 18:00:00+00:00,10619.8061
2025-12-08 18:15:00+00:00,10619.8061
2025-12-08 18:30:00+00:00,10619.8061
2025-12-08 18:45:00+00:00,10619.8061
2025-12-08 19:00:00+00:00,10619.8061
2025-12-08 19:15:00+00:00,10619.8061
2025-12-08 19:30:00+00:00,10619.8061
2025-12-08 19:45:00+00:00,10619.8061
2025-12-08 20:00:00+00:00,10619.8061
2025-12-08 20:15:00+00:00,10619.8061
2025-12-08 20:30:00+00:00,10619.8061
2025-12-08 20:45:00+00:00,10619.8061
2025-12-08 21:00:00+00:00,10619.8061
2025-12-08 21:15:00+00:00,10619.8061
2025-12-08 21:30:00+00:00,10619.8061
2025-12-08 21:45:00+00:00,10619.8061
2025-12-08 22:00:00+00:00,10619.8061
2025-12-08 22:15:00+00:00,10619.8061
2025-12-08 22:30:00+00:00,10619.8061
2025-12-08 22:45:00+00:00,10619.8061
2025-12-08 23:00:00+00:00,10619.8061
2025-12-08 23:15:00+00:00,10619.8061
2025-12-08 23:30:00+00:00,10619.8061
2025-12-08 23:45:00+00:00,10619.8061
2025-12-09 00:00:00+00:00,10619.8061
2025-12-09 00:15:00+00:00,10619.8061
2025-12-09 00:30:00+00:00,10619.8061
2025-12-09 00:45:00+00:00,10619.8061
2025-12-09 01:00:00+00:00,10619.8061
2025-12-09 01:15:00+00:00,10619.8061
2025-12-09 01:30:00+00:00,10619.8061
2025-12-09 01:45:00+00:00,10619.8061
2025-12-09 02:00:00+00:00,10619.8061
2025-12-09 02:15:00+00:00,10619.8061
2025-12-09 02:30:00+00:00,10619.8061
2025-12-09 02:45:00+00:00,10619.8061
2025-12-09 03:00:00+00:00,10619.8061
2025-12-09 03:15:00+00:00,10619.8061
2025-12-09 03:30:00+00:00,10619.8061
2025-12-09 03:45:00+00:00,10619.8061
2025-12-09 04:00:00+00:00,10619.8061
2025-12-09 04:15:00+00:00,10619.8061
2025-12-09 04:30:00+00:00,10619.8061
2025-12-09 04:45:00+00:00,10619.8061
2025-12-09 05:00:00+00:00,10619.8061
2025-12-09 05:15:00+00:00,10619.8061
2025-12-09 05:30:00+00:00,10619.8061
2025-12-09 05:45:00+00:00,10619.8061
2025-12-09 06:00:00+00:00,10619.8061
2025-12-09 06:15:00+00:00,10619.8061
2025-12-09 06:30:00+00:00,10619.8061
2025-12-09 06:45:00+00:00,10619.8061
2025-12-09 07:00:00+00:00,10619.8061
2025-12-09 07:15:00+00:00,10619.8061
2025-12-09 07:30:00+00:00,10619.8061
2025-12-09 07:45:00+00:00,10619.8061
2025-12-09 08:00:00+00:00,10619.8061
2025-12-09 08:15:00+00:00,10619.8061
2025-12-09 08:30:00+00:00,10619.8061
2025-12-09 08:45:00+00:00,10619.8061
2025-12-09 09:00:00+00:00,10619.8061
2025-12-09 09:15:00+00:00,10619.8061
2025-12-09 09:30:00+00:00,10619.8061
2025-12-09 09:45:00+00:00,10619.8061
2025-12-09 10:00:00+00:00,10619.8061
2025-12-09 10:15:00+00:00,10619.8061
2025-12-09 10:30:00+00:00,10619.8061
2025-12-09 10:45:00+00:00,10619.8061
2025-12-09 11:00:00+00:00,10619.8061
2025-12-09 11:15:00+00:00,10619.8061
2025-12-09 11:30:00+00:00,10619.8061
2025-12-09 11:45:00+00:00,10619.8061
2025-12-09 12:00:00+00:00,10619.8061
2025-12-09 12:15:00+00:00,10619.8061
2025-12-09 12:30:00+00:00,10619.8061
2025-12-09 12:45:00+00:00,10619.8061
2025-12-09 13:00:00+00:00,10619.8061
2025-12-09 13:15:00+00:00,10619.8061
2025-12-09 13:30:00+00:00,10619.8061
2025-12-09 13:45:00+00:00,10832.2022
2025-12-09 14:00:00+00:00,10832.2022
2025-12-09 14:15:00+00:00,10832.2022
2025-12-09 14:30:00+00:00,10832.2022
2025-12-09 14:45:00+00:00,10832.2022
2025-12-09 15:00:00+00:00,10832.2022
2025-12-09 15:15:00+00:00,10832.2022
2025-12-09 15:30:00+00:00,10832.2022
2025-12-09 15:45:00+00:00,10832.2022
2025-12-09 16:00:00+00:00,10832.2022
2025-12-09 16:15:00+00:00,10832.2022
2025-12-09 16:30:00+00:00,10832.2022
2025-12-09 16:45:00+00:00,10832.2022
2025-12-09 17:00:00+00:00,10832.2022
2025-12-09 17:15:00+00:00,10832.2022
2025-12-09 17:30:00+00:00,10832.2022
2025-12-09 17:45:00+00:00,10832.2022
2025-12-09 18:00:00+00:00,10832.2022
2025-12-09 18:15:00+00:00,10832.2022
2025-12-09 18:30:00+00:00,10832.2022
2025-12-09 18:45:00+00:00,10832.2022
2025-12-09 19:00:00+00:00,10832.2022
2025-12-09 19:15:00+00:00,10832.2022
2025-12-09 19:30:00+00:00,10832.2022
2025-12-09 19:45:00+00:00,10832.2022
2025-12-09 20:00:00+00:00,10832.2022
2025-12-09 20:15:00+00:00,10832.2022
2025-12-09 20:30:00+00:00,10832.2022
2025-12-09 20:45:00+00:00,10832.2022
2025-12-09 21:00:00+00:00,10832.2022
2025-12-09 21:15:00+00:00,10832.2022
2025-12-09 21:30:00+00:00,10832.2022
2025-12-09 21:45:00+00:00,10832.2022
2025-12-09 22:00:00+00:00,10832.2022
2025-12-09 22:15:00+00:00,10832.2022
2025-12-09 22:30:00+00:00,10832.2022
2025-12-09 22:45:00+00:00,10832.2022
2025-12-09 23:00:00+00:00,10832.2022
2025-12-09 23:15:00+00:00,10832.2022
2025-12-09 23:30:00+00:00,10832.2022
2025-12-09 23:45:00+00:00,10832.2022
2025-12-10 00:00:00+00:00,10832.2022
2025-12-10 00:15:00+00:00,10832.2022
2025-12-10 00:30:00+00:00,10832.2022
2025-12-10 00:45:00+00:00,10832.2022
2025-12-10 01:00:00+00:00,10832.2022
2025-12-10 01:15:00+00:00,10832.2022
2025-12-10 01:30:00+00:00,10832.2022
2025-12-10 01:45:00+00:00,10832.2022
2025-12-10 02:00:00+00:00,10832.2022
2025-12-10 02:15:00+00:00,10832.2022
2025-12-10 02:30:00+00:00,10832.2022
2025-12-10 02:45:00+00:00,10832.2022
2025-12-10 03:00:00+00:00,10832.2022
2025-12-10 03:15:00+00:00,10832.2022
2025-12-10 03:30:00+00:00,10832.2022
2025-12-10 03:45:00+00:00,10832.2022
2025-12-10 04:00:00+00:00,10832.2022
2025-12-10 04:15:00+00:00,10832.2022
2025-12-10 04:30:00+00:00,10832.2022
2025-12-10 04:45:00+00:00,10832.2022
2025-12-10 05:00:00+00:00,10832.2022
2025-12-10 05:15:00+00:00,10832.2022
2025-12-10 05:30:00+00:00,10832.2022
2025-12-10 05:45:00+00:00,10832.2022
2025-12-10 06:00:00+00:00,10832.2022
2025-12-10 06:15:00+00:00,10832.2022
2025-12-10 06:30:00+00:00,10832.2022
2025-12-10 06:45:00+00:00,10832.2022
2025-12-10 07:00:00+00:00,10832.2022
2025-12-10 07:15:00+00:00,10832.2022
2025-12-10 07:30:00+00:00,10832.2022
2025-12-10 07:45:00+00:00,10832.2022
2025-12-10 08:00:00+00:00,10832.2022
2025-12-10 08:15:00+00:00,10832.2022
2025-12-10 08:30:00+00:00,10832.2022
2025-12-10 08:45:00+00:00,10832.2022
2025-12-10 09:00:00+00:00,10832.2022
2025-12-10 09:15:00+00:00,10832.2022
2025-12-10 09:30:00+00:00,10832.2022
2025-12-10 09:45:00+00:00,10723.8802
2025-12-10 10:00:00+00:00,10723.8802
2025-12-10 10:15:00+00:00,10723.8802
2025-12-10 10:30:00+00:00,10723.8802
2025-12-10 10:45:00+00:00,10723.8802
2025-12-10 11:00:00+00:00,10723.8802
2025-12-10 11:15:00+00:00,10723.8802
2025-12-10 11:30:00+00:00,10723.8802
2025-12-10 11:45:00+00:00,10723.8802
2025-12-10 12:00:00+00:00,10723.8802
2025-12-10 12:15:00+00:00,10723.8802
2025-12-10 12:30:00+00:00,10723.8802
2025-12-10 12:45:00+00:00,10723.8802
2025-12-10 13:00:00+00:00,10723.8802
2025-12-10 13:15:00+00:00,10723.8802
2025-12-10 13:30:00+00:00,10723.8802
2025-12-10 13:45:00+00:00,10723.8802
2025-12-10 14:00:00+00:00,10723.8802
2025-12-10 14:15:00+00:00,10723.8802
2025-12-10 14:30:00+00:00,10723.8802
2025-12-10 14:45:00+00:00,10723.8802
2025-12-10 15:00:00+00:00,10723.8802
2025-12-10 15:15:00+00:00,10723.8802
2025-12-10 15:30:00+00:00,10723.8802
2025-12-10 15:45:00+00:00,10723.8802
2025-12-10 16:00:00+00:00,10723.8802
2025-12-10 16:15:00+00:00,10616.6414
2025-12-10 16:30:00+00:00,10616.6414
2025-12-10 16:45:00+00:00,10616.6414
2025-12-10 17:00:00+00:00,10616.6414
2025-12-10 17:15:00+00:00,10616.6414
2025-12-10 17:30:00+00:00,10616.6414
2025-12-10 17:45:00+00:00,10616.6414
2025-12-10 18:00:00+00:00,10616.6414
2025-12-10 18:15:00+00:00,10616.6414
2025-12-10 18:30:00+00:00,10616.6414
2025-12-10 18:45:00+00:00,10616.6414
2025-12-10 19:00:00+00:00,10616.6414
2025-12-10 19:15:00+00:00,10616.6414
2025-12-10 19:30:00+00:00,10616.6414
2025-12-10 19:45:00+00:00,10616.6414
2025-12-10 20:00:00+00:00,10616.6414
2025-12-10 20:15:00+00:00,10616.6414
2025-12-10 20:30:00+00:00,10616.6414
2025-12-10 20:45:00+00:00,10616.6414
2025-12-10 21:00:00+00:00,10616.6414
2025-12-10 21:15:00+00:00,10616.6414
2025-12-10 21:30:00+00:00,10616.6414
2025-12-10 21:45:00+00:00,10616.6414
2025-12-10 22:00:00+00:00,10616.6414
2025-12-10 22:15:00+00:00,10616.6414
2025-12-10 22:30:00+00:00,10616.6414
2025-12-10 22:45:00+00:00,10616.6414
2025-12-10 23:00:00+00:00,10616.6414
2025-12-10 23:15:00+00:00,10616.6414
2025-12-10 23:30:00+00:00,10616.6414
2025-12-10 23:45:00+00:00,10616.6414
2025-12-11 00:00:00+00:00,10616.6414
2025-12-11 00:15:00+00:00,10616.6414
2025-12-11 00:30:00+00:00,10616.6414
2025-12-11 00:45:00+00:00,10616.6414
2025-12-11 01:00:00+00:00,10616.6414
2025-12-11 01:15:00+00:00,10616.6414
2025-12-11 01:30:00+00:00,10616.6414
2025-12-11 01:45:00+00:00,10616.6414
2025-12-11 02:00:00+00:00,10616.6414
2025-12-11 02:15:00+00:00,10616.6414
2025-12-11 02:30:00+00:00,10616.6414
2025-12-11 02:45:00+00:00,10616.6414
2025-12-11 03:00:00+00:00,10616.6414
2025-12-11 03:15:00+00:00,10616.6414
2025-12-11 03:30:00+00:00,10616.6414
2025-12-11 03:45:00+00:00,10616.6414
2025-12-11 04:00:00+00:00,10616.6414
2025-12-11 04:15:00+00:00,10616.6414
2025-12-11 04:30:00+00:00,10616.6414
2025-12-11 04:45:00+00:00,10616.6414
2025-12-11 05:00:00+00:00,10616.6414
2025-12-11 05:15:00+00:00,10616.6414
2025-12-11 05:30:00+00:00,10616.6414
2025-12-11 05:45:00+00:00,10616.6414
2025-12-11 06:00:00+00:00,10616.6414
2025-12-11 06:15:00+00:00,10616.6414
2025-12-11 06:30:00+00:00,10616.6414
2025-12-11 06:45:00+00:00,10616.6414
2025-12-11 07:00:00+00:00,10616.6414
2025-12-11 07:15:00+00:00,10616.6414
2025-12-11 07:30:00+00:00,10616.6414
2025-12-11 07:45:00+00:00,10616.6414
2025-12-11 08:00:00+00:00,10616.6414
2025-12-11 08:15:00+00:00,10616.6414
2025-12-11 08:30:00+00:00,10616.6414
2025-12-11 08:45:00+00:00,10616.6414
2025-12-11 09:00:00+00:00,10616.6414
2025-12-11 09:15:00+00:00,10616.6414
2025-12-11 09:30:00+00:00,10616.6414
2025-12-11 09:45:00+00:00,10616.6414
2025-12-11 10:00:00+00:00,10616.6414
2025-12-11 10:15:00+00:00,10616.6414
2025-12-11 10:30:00+00:00,10616.6414
2025-12-11 10:45:00+00:00,10616.6414
2025-12-11 11:00:00+00:00,10616.6414
2025-12-11 11:15:00+00:00,10616.6414
2025-12-11 11:30:00+00:00,10616.6414
2025-12-11 11:45:00+00:00,10616.6414
2025-12-11 12:00:00+00:00,10616.6414
2025-12-11 12:15:00+00:00,10616.6414
2025-12-11 12:30:00+00:00,10616.6414
2025-12-11 12:45:00+00:00,10616.6414
2025-12-11 13:00:00+00:00,10616.6414
2025-12-11 13:15:00+00:00,10616.6414
2025-12-11 13:30:00+00:00,10616.6414
2025-12-11 13:45:00+00:00,10616.6414
2025-12-11 14:00:00+00:00,10616.6414
2025-12-11 14:15:00+00:00,10616.6414
2025-12-11 14:30:00+00:00,10616.6414
2025-12-11 14:45:00+00:00,10616.6414
2025-12-11 15:00:00+00:00,10616.6414
2025-12-11 15:15:00+00:00,10616.6414
2025-12-11 15:30:00+00:00,10616.6414
2025-12-11 15:45:00+00:00,10616.6414
2025-12-11 16:00:00+00:00,10616.6414
2025-12-11 16:15:00+00:00,10616.6414
2025-12-11 16:30:00+00:00,10616.6414
2025-12-11 16:45:00+00:00,10616.6414
2025-12-11 17:00:00+00:00,10616.6414
2025-12-11 17:15:00+00:00,10616.6414
2025-12-11 17:30:00+00:00,10616.6414
2025-12-11 17:45:00+00:00,10616.6414
2025-12-11 18:00:00+00:00,10616.6414
2025-12-11 18:15:00+00:00,10616.6414
2025-12-11 18:30:00+00:00,10616.6414
2025-12-11 18:45:00+00:00,10616.6414
2025-12-11 19:00:00+00:00,10616.6414
2025-12-11 19:15:00+00:00,10616.6414
2025-12-11 19:30:00+00:00,10616.6414
2025-12-11 19:45:00+00:00,10616.6414
2025-12-11 20:00:00+00:00,10616.6414
2025-12-11 20:15:00+00:00,10616.6414
2025-12-11 20:30:00+00:00,10510.475
2025-12-11 20:45:00+00:00,10510.475
2025-12-11 21:00:00+00:00,10510.475
2025-12-11 21:15:00+00:00,10510.475
2025-12-11 21:30:00+00:00,10510.475
2025-12-11 21:45:00+00:00,10510.475
2025-12-11 22:00:00+00:00,10510.475
2025-12-11 22:15:00+00:00,10510.475
2025-12-11 22:30:00+00:00,10510.475
2025-12-11 22:45:00+00:00,10510.475
2025-12-11 23:00:00+00:00,10510.475
2025-12-11 23:15:00+00:00,10510.475
2025-12-11 23:30:00+00:00,10510.475
2025-12-11 23:45:00+00:00,10510.475
2025-12-12 00:00:00+00:00,10510.475
2025-12-12 00:15:00+00:00,10510.475
2025-12-12 00:30:00+00:00,10510.475
2025-12-12 00:45:00+00:00,10510.475
2025-12-12 01:00:00+00:00,10510.475
2025-12-12 01:15:00+00:00,10510.475
2025-12-12 01:30:00+00:00,10510.475
2025-12-12 01:45:00+00:00,10510.475
2025-12-12 02:00:00+00:00,10510.475
2025-12-12 02:15:00+00:00,10510.475
2025-12-12 02:30:00+00:00,10510.475
2025-12-12 02:45:00+00:00,10510.475
2025-12-12 03:00:00+00:00,10510.475
2025-12-12 03:15:00+00:00,10510.475
2025-12-12 03:30:00+00:00,10510.475
2025-12-12 03:45:00+00:00,10510.475
2025-12-12 04:00:00+00:00,10510.475
2025-12-12 04:15:00+00:00,10510.475
2025-12-12 04:30:00+00:00,10510.475
2025-12-12 04:45:00+00:00,10510.475
2025-12-12 05:00:00+00:00,10510.475
2025-12-12 05:15:00+00:00,10510.475
2025-12-12 05:30:00+00:00,10510.475
2025-12-12 05:45:00+00:00,10510.475
2025-12-12 06:00:00+00:00,10510.475
2025-12-12 06:15:00+00:00,10510.475
2025-12-12 06:30:00+00:00,10510.475
2025-12-12 06:45:00+00:00,10510.475
2025-12-12 07:00:00+00:00,10510.475
2025-12-12 07:15:00+00:00,10510.475
2025-12-12 07:30:00+00:00,10510.475
2025-12-12 07:45:00+00:00,10510.475
2025-12-12 08:00:00+00:00,10510.475
2025-12-12 08:15:00+00:00,10510.475
2025-12-12 08:30:00+00:00,10510.475
2025-12-12 08:45:00+00:00,10510.475
2025-12-12 09:00:00+00:00,10510.475
2025-12-12 09:15:00+00:00,10510.475
2025-12-12 09:30:00+00:00,10510.475
2025-12-12 09:45:00+00:00,10510.475
2025-12-12 10:00:00+00:00,10510.475
2025-12-12 10:15:00+00:00,10510.475
2025-12-12 10:30:00+00:00,10510.475
2025-12-12 10:45:00+00:00,10510.475
2025-12-12 11:00:00+00:00,10510.475
2025-12-12 11:15:00+00:00,10510.475
2025-12-12 11:30:00+00:00,10510.475
2025-12-12 11:45:00+00:00,10510.475
2025-12-12 12:00:00+00:00,10510.475
2025-12-12 12:15:00+00:00,10510.475
2025-12-12 12:30:00+00:00,10510.475
2025-12-12 12:45:00+00:00,10510.475
2025-12-12 13:00:00+00:00,10510.475
2025-12-12 13:15:00+00:00,10510.475
2025-12-12 13:30:00+00:00,10510.475
2025-12-12 13:45:00+00:00,10510.475
2025-12-12 14:00:00+00:00,10510.475
2025-12-12 14:15:00+00:00,10510.475
2025-12-12 14:30:00+00:00,10510.475
2025-12-12 14:45:00+00:00,10510.475
2025-12-12 15:00:00+00:00,10405.3703
2025-12-12 15:15:00+00:00,10405.3703
2025-12-12 15:30:00+00:00,10405.3703
2025-12-12 15:45:00+00:00,10405.3703
2025-12-12 16:00:00+00:00,10405.3703
2025-12-12 16:15:00+00:00,10405.3703
2025-12-12 16:30:00+00:00,10405.3703
2025-12-12 16:45:00+00:00,10405.3703
2025-12-12 17:00:00+00:00,10405.3703
2025-12-12 17:15:00+00:00,10405.3703
2025-12-12 17:30:00+00:00,10405.3703
2025-12-12 17:45:00+00:00,10405.3703
2025-12-12 18:00:00+00:00,10405.3703
2025-12-12 18:15:00+00:00,10405.3703
2025-12-12 18:30:00+00:00,10405.3703
2025-12-12 18:45:00+00:00,10405.3703
2025-12-12 19:00:00+00:00,10405.3703
2025-12-12 19:15:00+00:00,10405.3703
2025-12-12 19:30:00+00:00,10405.3703
2025-12-12 19:45:00+00:00,10405.3703
2025-12-12 20:00:00+00:00,10405.3703
2025-12-12 20:15:00+00:00,10405.3703
2025-12-12 20:30:00+00:00,10405.3703
2025-12-12 20:45:00+00:00,10405.3703
2025-12-12 21:00:00+00:00,10405.3703
2025-12-12 21:15:00+00:00,10405.3703
2025-12-12 21:30:00+00:00,10405.3703
2025-12-12 21:45:00+00:00,10405.3703
2025-12-12 22:00:00+00:00,10301.3166
2025-12-12 22:15:00+00:00,10301.3166
2025-12-12 22:30:00+00:00,10301.3166
2025-12-12 22:45:00+00:00,10301.3166
2025-12-12 23:00:00+00:00,10301.3166
2025-12-12 23:15:00+00:00,10301.3166
2025-12-12 23:30:00+00:00,10301.3166
2025-12-12 23:45:00+00:00,10301.3166
2025-12-13 00:00:00+00:00,10301.3166
2025-12-13 00:15:00+00:00,10301.3166
2025-12-13 00:30:00+00:00,10301.3166
2025-12-13 00:45:00+00:00,10301.3166
2025-12-13 01:00:00+00:00,10301.3166
2025-12-13 01:15:00+00:00,10301.3166
2025-12-13 01:30:00+00:00,10301.3166
2025-12-13 01:45:00+00:00,10301.3166
2025-12-13 02:00:00+00:00,10301.3166
2025-12-13 02:15:00+00:00,10301.3166
2025-12-13 02:30:00+00:00,10301.3166
2025-12-13 02:45:00+00:00,10301.3166
2025-12-13 03:00:00+00:00,10301.3166
2025-12-13 03:15:00+00:00,10301.3166
2025-12-13 03:30:00+00:00,10301.3166
2025-12-13 03:45:00+00:00,10301.3166
2025-12-13 04:00:00+00:00,10301.3166
2025-12-13 04:15:00+00:00,10301.3166
2025-12-13 04:30:00+00:00,10301.3166
2025-12-13 04:45:00+00:00,10301.3166
2025-12-13 05:00:00+00:00,10301.3166
2025-12-13 05:15:00+00:00,10301.3166
2025-12-13 05:30:00+00:00,10301.3166
2025-12-13 05:45:00+00:00,10301.3166
2025-12-13 06:00:00+00:00,10301.3166
2025-12-13 06:15:00+00:00,10301.3166
2025-12-13 06:30:00+00:00,10301.3166
2025-12-13 06:45:00+00:00,10301.3166
2025-12-13 07:00:00+00:00,10301.3166
2025-12-13 07:15:00+00:00,10301.3166
2025-12-13 07:30:00+00:00,10301.3166
2025-12-13 07:45:00+00:00,10301.3166
2025-12-13 08:00:00+00:00,10301.3166
2025-12-13 08:15:00+00:00,10301.3166
2025-12-13 08:30:00+00:00,10301.3166
2025-12-13 08:45:00+00:00,10301.3166
2025-12-13 09:00:00+00:00,10301.3166
2025-12-13 09:15:00+00:00,10301.3166
2025-12-13 09:30:00+00:00,10301.3166
2025-12-13 09:45:00+00:00,10301.3166
2025-12-13 10:00:00+00:00,10301.3166
2025-12-13 10:15:00+00:00,10301.3166
2025-12-13 10:30:00+00:00,10507.3429
2025-12-13 10:45:00+00:00,10507.3429
2025-12-13 11:00:00+00:00,10507.3429
2025-12-13 11:15:00+00:00,10507.3429
2025-12-13 11:30:00+00:00,10507.3429
2025-12-13 11:45:00+00:00,10507.3429
2025-12-13 12:00:00+00:00,10507.3429
2025-12-13 12:15:00+00:00,10507.3429
2025-12-13 12:30:00+00:00,10507.3429
2025-12-13 12:45:00+00:00,10507.3429
2025-12-13 13:00:00+00:00,10507.3429
2025-12-13 13:15:00+00:00,10507.3429
2025-12-13 13:30:00+00:00,10507.3429
2025-12-13 13:45:00+00:00,10507.3429
2025-12-13 14:00:00+00:00,10507.3429
2025-12-13 14:15:00+00:00,10507.3429
2025-12-13 14:30:00+00:00,10507.3429
2025-12-13 14:45:00+00:00,10507.3429
2025-12-13 15:00:00+00:00,10507.3429
2025-12-13 15:15:00+00:00,10507.3429
2025-12-13 15:30:00+00:00,10507.3429
2025-12-13 15:45:00+00:00,10507.3429
2025-12-13 16:00:00+00:00,10507.3429
2025-12-13 16:15:00+00:00,10507.3429
2025-12-13 16:30:00+00:00,10507.3429
2025-12-13 16:45:00+00:00,10507.3429
2025-12-13 17:00:00+00:00,10507.3429
2025-12-13 17:15:00+00:00,10507.3429
2025-12-13 17:30:00+00:00,10507.3429
2025-12-13 17:45:00+00:00,10507.3429
2025-12-13 18:00:00+00:00,10507.3429
2025-12-13 18:15:00+00:00,10507.3429
2025-12-13 18:30:00+00:00,10507.3429
2025-12-13 18:45:00+00:00,10402.2695
2025-12-13 19:00:00+00:00,10402.2695
2025-12-13 19:15:00+00:00,10402.2695
2025-12-13 19:30:00+00:00,10402.2695
2025-12-13 19:45:00+00:00,10402.2695
2025-12-13 20:00:00+00:00,10402.2695
2025-12-13 20:15:00+00:00,10402.2695
2025-12-13 20:30:00+00:00,10402.2695
2025-12-13 20:45:00+00:00,10402.2695
2025-12-13 21:00:00+00:00,10298.2468
2025-12-13 21:15:00+00:00,10298.2468
2025-12-13 21:30:00+00:00,10298.2468
2025-12-13 21:45:00+00:00,10298.2468
2025-12-13 22:00:00+00:00,10298.2468
2025-12-13 22:15:00+00:00,10298.2468
2025-12-13 22:30:00+00:00,10298.2468
2025-12-13 22:45:00+00:00,10504.2117
2025-12-13 23:00:00+00:00,10504.2117
2025-12-13 23:15:00+00:00,10504.2117
2025-12-13 23:30:00+00:00,10504.2117
2025-12-13 23:45:00+00:00,10504.2117
2025-12-14 00:00:00+00:00,10504.2117
2025-12-14 00:15:00+00:00,10504.2117
2025-12-14 00:30:00+00:00,10504.2117
2025-12-14 00:45:00+00:00,10504.2117
2025-12-14 01:00:00+00:00,10504.2117
2025-12-14 01:15:00+00:00,10504.2117
2025-12-14 01:30:00+00:00,10504.2117
2025-12-14 01:45:00+00:00,10504.2117
2025-12-14 02:00:00+00:00,10504.2117
2025-12-14 02:15:00+00:00,10399.1696
2025-12-14 02:30:00+00:00,10399.1696
2025-12-14 02:45:00+00:00,10399.1696
2025-12-14 03:00:00+00:00,10399.1696
2025-12-14 03:15:00+00:00,10399.1696
2025-12-14 03:30:00+00:00,10399.1696
2025-12-14 03:45:00+00:00,10399.1696
2025-12-14 04:00:00+00:00,10399.1696
2025-12-14 04:15:00+00:00,10399.1696
2025-12-14 04:30:00+00:00,10399.1696
2025-12-14 04:45:00+00:00,10399.1696
2025-12-14 05:00:00+00:00,10399.1696
2025-12-14 05:15:00+00:00,10399.1696
2025-12-14 05:30:00+00:00,10399.1696
2025-12-14 05:45:00+00:00,10399.1696
2025-12-14 06:00:00+00:00,10399.1696
2025-12-14 06:15:00+00:00,10399.1696
2025-12-14 06:30:00+00:00,10399.1696
2025-12-14 06:45:00+00:00,10399.1696
2025-12-14 07:00:00+00:00,10399.1696
2025-12-14 07:15:00+00:00,10399.1696
2025-12-14 07:30:00+00:00,10399.1696
2025-12-14 07:45:00+00:00,10399.1696
2025-12-14 08:00:00+00:00,10399.1696
2025-12-14 08:15:00+00:00,10399.1696
2025-12-14 08:30:00+00:00,10399.1696
2025-12-14 08:45:00+00:00,10399.1696
2025-12-14 09:00:00+00:00,10399.1696
2025-12-14 09:15:00+00:00,10399.1696
2025-12-14 09:30:00+00:00,10399.1696
2025-12-14 09:45:00+00:00,10399.1696
2025-12-14 10:00:00+00:00,10295.1779
2025-12-14 10:15:00+00:00,10295.1779
2025-12-14 10:30:00+00:00,10295.1779
2025-12-14 10:45:00+00:00,10295.1779
2025-12-14 11:00:00+00:00,10295.1779
2025-12-14 11:15:00+00:00,10295.1779
2025-12-14 11:30:00+00:00,10295.1779
2025-12-14 11:45:00+00:00,10295.1779
2025-12-14 12:00:00+00:00,10295.1779
2025-12-14 12:15:00+00:00,10295.1779
2025-12-14 12:30:00+00:00,10295.1779
2025-12-14 12:45:00+00:00,10295.1779
2025-12-14 13:00:00+00:00,10295.1779
2025-12-14 13:15:00+00:00,10295.1779
2025-12-14 13:30:00+00:00,10295.1779
2025-12-14 13:45:00+00:00,10295.1779
2025-12-14 14:00:00+00:00,10295.1779
2025-12-14 14:15:00+00:00,10295.1779
2025-12-14 14:30:00+00:00,10295.1779
2025-12-14 14:45:00+00:00,10295.1779
2025-12-14 15:00:00+00:00,10295.1779
2025-12-14 15:15:00+00:00,10295.1779
2025-12-14 15:30:00+00:00,10295.1779
2025-12-14 15:45:00+00:00,10295.1779
2025-12-14 16:00:00+00:00,10295.1779
2025-12-14 16:15:00+00:00,10295.1779
2025-12-14 16:30:00+00:00,10295.1779
2025-12-14 16:45:00+00:00,10295.1779
2025-12-14 17:00:00+00:00,10295.1779
2025-12-14 17:15:00+00:00,10295.1779
2025-12-14 17:30:00+00:00,10295.1779
2025-12-14 17:45:00+00:00,10295.1779
2025-12-14 18:00:00+00:00,10295.1779
2025-12-14 18:15:00+00:00,10295.1779
2025-12-14 18:30:00+00:00,10295.1779
2025-12-14 18:45:00+00:00,10295.1779
2025-12-14 19:00:00+00:00,10295.1779
2025-12-14 19:15:00+00:00,10295.1779
2025-12-14 19:30:00+00:00,10295.1779
2025-12-14 19:45:00+00:00,10295.1779
2025-12-14 20:00:00+00:00,10295.1779
2025-12-14 20:15:00+00:00,10295.1779
2025-12-14 20:30:00+00:00,10295.1779
2025-12-14 20:45:00+00:00,10295.1779
2025-12-14 21:00:00+00:00,10295.1779
2025-12-14 21:15:00+00:00,10295.1779
2025-12-14 21:30:00+00:00,10295.1779
2025-12-14 21:45:00+00:00,10295.1779
2025-12-14 22:00:00+00:00,10295.1779
2025-12-14 22:15:00+00:00,10295.1779
2025-12-14 22:30:00+00:00,10295.1779
2025-12-14 22:45:00+00:00,10295.1779
2025-12-14 23:00:00+00:00,10295.1779
2025-12-14 23:15:00+00:00,10295.1779
2025-12-14 23:30:00+00:00,10295.1779
2025-12-14 23:45:00+00:00,10295.1779
2025-12-15 00:00:00+00:00,10295.1779
2025-12-15 00:15:00+00:00,10295.1779
2025-12-15 00:30:00+00:00,10295.1779
2025-12-15 00:45:00+00:00,10295.1779
2025-12-15 01:00:00+00:00,10295.1779
2025-12-15 01:15:00+00:00,10295.1779
2025-12-15 01:30:00+00:00,10295.1779
2025-12-15 01:45:00+00:00,10295.1779
2025-12-15 02:00:00+00:00,10295.1779
2025-12-15 02:15:00+00:00,10295.1779
2025-12-15 02:30:00+00:00,10295.1779
2025-12-15 02:45:00+00:00,10295.1779
2025-12-15 03:00:00+00:00,10295.1779
2025-12-15 03:15:00+00:00,10295.1779
2025-12-15 03:30:00+00:00,10295.1779
2025-12-15 03:45:00+00:00,10295.1779
2025-12-15 04:00:00+00:00,10295.1779
2025-12-15 04:15:00+00:00,10295.1779
2025-12-15 04:30:00+00:00,10295.1779
2025-12-15 04:45:00+00:00,10295.1779
2025-12-15 05:00:00+00:00,10295.1779
2025-12-15 05:15:00+00:00,10295.1779
2025-12-15 05:30:00+00:00,10295.1779
2025-12-15 05:45:00+00:00,10295.1779
2025-12-15 06:00:00+00:00,10295.1779
2025-12-15 06:15:00+00:00,10295.1779
2025-12-15 06:30:00+00:00,10295.1779
2025-12-15 06:45:00+00:00,10295.1779
2025-12-15 07:00:00+00:00,10295.1779
2025-12-15 07:15:00+00:00,10295.1779
2025-12-15 07:30:00+00:00,10295.1779
2025-12-15 07:45:00+00:00,10295.1779
2025-12-15 08:00:00+00:00,10295.1779
2025-12-15 08:15:00+00:00,10295.1779
2025-12-15 08:30:00+00:00,10295.1779
2025-12-15 08:45:00+00:00,10295.1779
2025-12-15 09:00:00+00:00,10295.1779
2025-12-15 09:15:00+00:00,10295.1779
2025-12-15 09:30:00+00:00,10295.1779
2025-12-15 09:45:00+00:00,10295.1779
2025-12-15 10:00:00+00:00,10295.1779
2025-12-15 10:15:00+00:00,10295.1779
2025-12-15 10:30:00+00:00,10295.1779
2025-12-15 10:45:00+00:00,10295.1779
2025-12-15 11:00:00+00:00,10295.1779
2025-12-15 11:15:00+00:00,10295.1779
2025-12-15 11:30:00+00:00,10295.1779
2025-12-15 11:45:00+00:00,10295.1779
2025-12-15 12:00:00+00:00,10295.1779
2025-12-15 12:15:00+00:00,10295.1779
2025-12-15 12:30:00+00:00,10295.1779
2025-12-15 12:45:00+00:00,10295.1779
2025-12-15 13:00:00+00:00,10295.1779
2025-12-15 13:15:00+00:00,10295.1779
2025-12-15 13:30:00+00:00,10295.1779
2025-12-15 13:45:00+00:00,10295.1779
2025-12-15 14:00:00+00:00,10295.1779
2025-12-15 14:15:00+00:00,10295.1779
2025-12-15 14:30:00+00:00,10295.1779
2025-12-15 14:45:00+00:00,10295.1779
2025-12-15 15:00:00+00:00,10295.1779
2025-12-15 15:15:00+00:00,10501.0814
2025-12-15 15:30:00+00:00,10501.0814
2025-12-15 15:45:00+00:00,10501.0814
2025-12-15 16:00:00+00:00,10501.0814
2025-12-15 16:15:00+00:00,10501.0814
2025-12-15 16:30:00+00:00,10501.0814
2025-12-15 16:45:00+00:00,10501.0814
2025-12-15 17:00:00+00:00,10501.0814
2025-12-15 17:15:00+00:00,10501.0814
2025-12-15 17:30:00+00:00,10501.0814
2025-12-15 17:45:00+00:00,10501.0814
2025-12-15 18:00:00+00:00,10501.0814
2025-12-15 18:15:00+00:00,10501.0814
2025-12-15 18:30:00+00:00,10501.0814
2025-12-15 18:45:00+00:00,10501.0814
2025-12-15 19:00:00+00:00,10501.0814
2025-12-15 19:15:00+00:00,10501.0814
2025-12-15 19:30:00+00:00,10501.0814
2025-12-15 19:45:00+00:00,10501.0814
2025-12-15 20:00:00+00:00,10501.0814
2025-12-15 20:15:00+00:00,10501.0814
2025-12-15 20:30:00+00:00,10501.0814
2025-12-15 20:45:00+00:00,10501.0814
2025-12-15 21:00:00+00:00,10501.0814
2025-12-15 21:15:00+00:00,10501.0814
2025-12-15 21:30:00+00:00,10501.0814
2025-12-15 21:45:00+00:00,10501.0814
2025-12-15 22:00:00+00:00,10501.0814
2025-12-15 22:15:00+00:00,10501.0814
2025-12-15 22:30:00+00:00,10501.0814
2025-12-15 22:45:00+00:00,10501.0814
2025-12-15 23:00:00+00:00,10501.0814
2025-12-15 23:15:00+00:00,10501.0814
2025-12-15 23:30:00+00:00,10501.0814
2025-12-15 23:45:00+00:00,10501.0814
2025-12-16 00:00:00+00:00,10501.0814
2025-12-16 00:15:00+00:00,10501.0814
2025-12-16 00:30:00+00:00,10501.0814
2025-12-16 00:45:00+00:00,10501.0814
2025-12-16 01:00:00+00:00,10501.0814
2025-12-16 01:15:00+00:00,10501.0814
2025-12-16 01:30:00+00:00,10501.0814
2025-12-16 01:45:00+00:00,10501.0814
2025-12-16 02:00:00+00:00,10501.0814
2025-12-16 02:15:00+00:00,10501.0814
2025-12-16 02:30:00+00:00,10501.0814
2025-12-16 02:45:00+00:00,10501.0814
2025-12-16 03:00:00+00:00,10501.0814
2025-12-16 03:15:00+00:00,10501.0814
2025-12-16 03:30:00+00:00,10501.0814
2025-12-16 03:45:00+00:00,10501.0814
2025-12-16 04:00:00+00:00,10501.0814
2025-12-16 04:15:00+00:00,10501.0814
2025-12-16 04:30:00+00:00,10501.0814
2025-12-16 04:45:00+00:00,10501.0814
2025-12-16 05:00:00+00:00,10501.0814
2025-12-16 05:15:00+00:00,10501.0814
2025-12-16 05:30:00+00:00,10501.0814
2025-12-16 05:45:00+00:00,10501.0814
2025-12-16 06:00:00+00:00,10501.0814
2025-12-16 06:15:00+00:00,10501.0814
2025-12-16 06:30:00+00:00,10501.0814
2025-12-16 06:45:00+00:00,10501.0814
2025-12-16 07:00:00+00:00,10501.0814
2025-12-16 07:15:00+00:00,10501.0814
2025-12-16 07:30:00+00:00,10501.0814
2025-12-16 07:45:00+00:00,10501.0814
2025-12-16 08:00:00+00:00,10501.0814
2025-12-16 08:15:00+00:00,10711.1031
2025-12-16 08:30:00+00:00,10711.1031
2025-12-16 08:45:00+00:00,10711.1031
2025-12-16 09:00:00+00:00,10711.1031
2025-12-16 09:15:00+00:00,10711.1031
2025-12-16 09:30:00+00:00,10711.1031
2025-12-16 09:45:00+00:00,10711.1031
2025-12-16 10:00:00+00:00,10711.1031
2025-12-16 10:15:00+00:00,10711.1031
2025-12-16 10:30:00+00:00,10711.1031
2025-12-16 10:45:00+00:00,10711.1031
2025-12-16 11:00:00+00:00,10711.1031
2025-12-16 11:15:00+00:00,10711.1031
2025-12-16 11:30:00+00:00,10711.1031
2025-12-16 11:45:00+00:00,10711.1031
2025-12-16 12:00:00+00:00,10711.1031
2025-12-16 12:15:00+00:00,10711.1031
2025-12-16 12:30:00+00:00,10711.1031
2025-12-16 12:45:00+00:00,10711.1031
2025-12-16 13:00:00+00:00,10711.1031
2025-12-16 13:15:00+00:00,10711.1031
2025-12-16 13:30:00+00:00,10711.1031
2025-12-16 13:45:00+00:00,10711.1031
2025-12-16 14:00:00+00:00,10711.1031
2025-12-16 14:15:00+00:00,10711.1031
2025-12-16 14:30:00+00:00,10711.1031
2025-12-16 14:45:00+00:00,10711.1031
2025-12-16 15:00:00+00:00,10711.1031
2025-12-16 15:15:00+00:00,10711.1031
2025-12-16 15:30:00+00:00,10711.1031
2025-12-16 15:45:00+00:00,10711.1031
2025-12-16 16:00:00+00:00,10711.1031
2025-12-16 16:15:00+00:00,10711.1031
2025-12-16 16:30:00+00:00,10603.992
2025-12-16 16:45:00+00:00,10603.992
2025-12-16 17:00:00+00:00,10603.992
2025-12-16 17:15:00+00:00,10603.992
2025-12-16 17:30:00+00:00,10603.992
2025-12-16 17:45:00+00:00,10603.992
2025-12-16 18:00:00+00:00,10603.992
2025-12-16 18:15:00+00:00,10603.992
2025-12-16 18:30:00+00:00,10603.992
2025-12-16 18:45:00+00:00,10603.992
2025-12-16 19:00:00+00:00,10603.992
2025-12-16 19:15:00+00:00,10603.992
2025-12-16 19:30:00+00:00,10603.992
2025-12-16 19:45:00+00:00,10603.992
2025-12-16 20:00:00+00:00,10603.992
2025-12-16 20:15:00+00:00,10603.992
2025-12-16 20:30:00+00:00,10603.992
2025-12-16 20:45:00+00:00,10603.992
2025-12-16 21:00:00+00:00,10603.992
2025-12-16 21:15:00+00:00,10603.992
2025-12-16 21:30:00+00:00,10603.992
2025-12-16 21:45:00+00:00,10603.992
2025-12-16 22:00:00+00:00,10603.992
2025-12-16 22:15:00+00:00,10603.992
2025-12-16 22:30:00+00:00,10603.992
2025-12-16 22:45:00+00:00,10603.992
2025-12-16 23:00:00+00:00,10603.992
2025-12-16 23:15:00+00:00,10603.992
2025-12-16 23:30:00+00:00,10603.992
2025-12-16 23:45:00+00:00,10603.992
2025-12-17 00:00:00+00:00,10603.992
2025-12-17 00:15:00+00:00,10603.992
2025-12-17 00:30:00+00:00,10603.992
2025-12-17 00:45:00+00:00,10603.992
2025-12-17 01:00:00+00:00,10603.992
2025-12-17 01:15:00+00:00,10603.992
2025-12-17 01:30:00+00:00,10603.992
2025-12-17 01:45:00+00:00,10603.992
2025-12-17 02:00:00+00:00,10603.992
2025-12-17 02:15:00+00:00,10603.992
2025-12-17 02:30:00+00:00,10603.992
2025-12-17 02:45:00+00:00,10603.992
2025-12-17 03:00:00+00:00,10603.992
2025-12-17 03:15:00+00:00,10603.992
2025-12-17 03:30:00+00:00,10603.992
2025-12-17 03:45:00+00:00,10603.992
2025-12-17 04:00:00+00:00,10603.992
2025-12-17 04:15:00+00:00,10603.992
2025-12-17 04:30:00+00:00,10603.992
2025-12-17 04:45:00+00:00,10603.992
2025-12-17 05:00:00+00:00,10603.992
2025-12-17 05:15:00+00:00,10603.992
2025-12-17 05:30:00+00:00,10603.992
2025-12-17 05:45:00+00:00,10603.992
2025-12-17 06:00:00+00:00,10603.992
2025-12-17 06:15:00+00:00,10603.992
2025-12-17 06:30:00+00:00,10603.992
2025-12-17 06:45:00+00:00,10603.992
2025-12-17 07:00:00+00:00,10603.992
2025-12-17 07:15:00+00:00,10603.992
2025-12-17 07:30:00+00:00,10603.992
2025-12-17 07:45:00+00:00,10603.992
2025-12-17 08:00:00+00:00,10603.992
2025-12-17 08:15:00+00:00,10603.992
2025-12-17 08:30:00+00:00,10603.992
2025-12-17 08:45:00+00:00,10603.992
2025-12-17 09:00:00+00:00,10603.992
2025-12-17 09:15:00+00:00,10603.992
2025-12-17 09:30:00+00:00,10603.992
2025-12-17 09:45:00+00:00,10603.992
2025-12-17 10:00:00+00:00,10816.0719
2025-12-17 10:15:00+00:00,10816.0719
2025-12-17 10:30:00+00:00,10816.0719
2025-12-17 10:45:00+00:00,10816.0719
2025-12-17 11:00:00+00:00,10707.9112
2025-12-17 11:15:00+00:00,10707.9112
2025-12-17 11:30:00+00:00,10707.9112
2025-12-17 11:45:00+00:00,10707.9112
2025-12-17 12:00:00+00:00,10707.9112
2025-12-17 12:15:00+00:00,10707.9112
2025-12-17 12:30:00+00:00,10707.9112
2025-12-17 12:45:00+00:00,10707.9112
2025-12-17 13:00:00+00:00,10707.9112
2025-12-17 13:15:00+00:00,10707.9112
2025-12-17 13:30:00+00:00,10707.9112
2025-12-17 13:45:00+00:00,10707.9112
2025-12-17 14:00:00+00:00,10707.9112
2025-12-17 14:15:00+00:00,10707.9112
2025-12-17 14:30:00+00:00,10707.9112
2025-12-17 14:45:00+00:00,10707.9112
2025-12-17 15:00:00+00:00,10707.9112
2025-12-17 15:15:00+00:00,10707.9112
2025-12-17 15:30:00+00:00,10707.9112
2025-12-17 15:45:00+00:00,10707.9112
2025-12-17 16:00:00+00:00,10707.9112
2025-12-17 16:15:00+00:00,10707.9112
2025-12-17 16:30:00+00:00,10707.9112
2025-12-17 16:45:00+00:00,10707.9112
2025-12-17 17:00:00+00:00,10707.9112
2025-12-17 17:15:00+00:00,10707.9112
2025-12-17 17:30:00+00:00,10707.9112
2025-12-17 17:45:00+00:00,10707.9112
2025-12-17 18:00:00+00:00,10707.9112
2025-12-17 18:15:00+00:00,10707.9112
2025-12-17 18:30:00+00:00,10707.9112
2025-12-17 18:45:00+00:00,10707.9112
2025-12-17 19:00:00+00:00,10707.9112
2025-12-17 19:15:00+00:00,10707.9112
2025-12-17 19:30:00+00:00,10707.9112
2025-12-17 19:45:00+00:00,10707.9112
2025-12-17 20:00:00+00:00,10707.9112
2025-12-17 20:15:00+00:00,10707.9112
2025-12-17 20:30:00+00:00,10707.9112
2025-12-17 20:45:00+00:00,10707.9112
2025-12-17 21:00:00+00:00,10707.9112
2025-12-17 21:15:00+00:00,10707.9112
2025-12-17 21:30:00+00:00,10707.9112
2025-12-17 21:45:00+00:00,10707.9112
2025-12-17 22:00:00+00:00,10707.9112
2025-12-17 22:15:00+00:00,10707.9112
2025-12-17 22:30:00+00:00,10707.9112
2025-12-17 22:45:00+00:00,10707.9112
2025-12-17 23:00:00+00:00,10707.9112
2025-12-17 23:15:00+00:00,10707.9112
2025-12-17 23:30:00+00:00,10707.9112
2025-12-17 23:45:00+00:00,10707.9112
2025-12-18 00:00:00+00:00,10707.9112
2025-12-18 00:15:00+00:00,10707.9112
2025-12-18 00:30:00+00:00,10707.9112
2025-12-18 00:45:00+00:00,10707.9112
2025-12-18 01:00:00+00:00,10707.9112
2025-12-18 01:15:00+00:00,10707.9112
2025-12-18 01:30:00+00:00,10707.9112
2025-12-18 01:45:00+00:00,10707.9112
2025-12-18 02:00:00+00:00,10707.9112
2025-12-18 02:15:00+00:00,10707.9112
2025-12-18 02:30:00+00:00,10707.9112
2025-12-18 02:45:00+00:00,10707.9112
2025-12-18 03:00:00+00:00,10707.9112
2025-12-18 03:15:00+00:00,10707.9112
2025-12-18 03:30:00+00:00,10707.9112
2025-12-18 03:45:00+00:00,10707.9112
2025-12-18 04:00:00+00:00,10707.9112
2025-12-18 04:15:00+00:00,10707.9112
2025-12-18 04:30:00+00:00,10707.9112
2025-12-18 04:45:00+00:00,10707.9112
2025-12-18 05:00:00+00:00,10707.9112
2025-12-18 05:15:00+00:00,10707.9112
2025-12-18 05:30:00+00:00,10707.9112
2025-12-18 05:45:00+00:00,10707.9112
2025-12-18 06:00:00+00:00,10707.9112
2025-12-18 06:15:00+00:00,10707.9112
2025-12-18 06:30:00+00:00,10707.9112
2025-12-18 06:45:00+00:00,10707.9112
2025-12-18 07:00:00+00:00,10707.9112
2025-12-18 07:15:00+00:00,10707.9112
2025-12-18 07:30:00+00:00,10707.9112
2025-12-18 07:45:00+00:00,10707.9112
2025-12-18 08:00:00+00:00,10707.9112
2025-12-18 08:15:00+00:00,10707.9112
2025-12-18 08:30:00+00:00,10707.9112
2025-12-18 08:45:00+00:00,10707.9112
2025-12-18 09:00:00+00:00,10707.9112
2025-12-18 09:15:00+00:00,10707.9112
2025-12-18 09:30:00+00:00,10707.9112
2025-12-18 09:45:00+00:00,10707.9112
2025-12-18 10:00:00+00:00,10707.9112
2025-12-18 10:15:00+00:00,10707.9112
2025-12-18 10:30:00+00:00,10707.9112
2025-12-18 10:45:00+00:00,10707.9112
2025-12-18 11:00:00+00:00,10707.9112
2025-12-18 11:15:00+00:00,10707.9112
2025-12-18 11:30:00+00:00,10707.9112
2025-12-18 11:45:00+00:00,10707.9112
2025-12-18 12:00:00+00:00,10707.9112
2025-12-18 12:15:00+00:00,10707.9112
2025-12-18 12:30:00+00:00,10707.9112
2025-12-18 12:45:00+00:00,10707.9112
2025-12-18 13:00:00+00:00,10707.9112
2025-12-18 13:15:00+00:00,10707.9112
2025-12-18 13:30:00+00:00,10707.9112
2025-12-18 13:45:00+00:00,10600.8321
2025-12-18 14:00:00+00:00,10600.8321
2025-12-18 14:15:00+00:00,10600.8321
2025-12-18 14:30:00+00:00,10600.8321
2025-12-18 14:45:00+00:00,10600.8321
2025-12-18 15:00:00+00:00,10600.8321
2025-12-18 15:15:00+00:00,10600.8321
2025-12-18 15:30:00+00:00,10600.8321
2025-12-18 15:45:00+00:00,10600.8321
2025-12-18 16:00:00+00:00,10600.8321
2025-12-18 16:15:00+00:00,10600.8321
2025-12-18 16:30:00+00:00,10600.8321
2025-12-18 16:45:00+00:00,10600.8321
2025-12-18 17:00:00+00:00,10600.8321
2025-12-18 17:15:00+00:00,10600.8321
2025-12-18 17:30:00+00:00,10600.8321
2025-12-18 17:45:00+00:00,10600.8321
2025-12-18 18:00:00+00:00,10600.8321
2025-12-18 18:15:00+00:00,10600.8321
2025-12-18 18:30:00+00:00,10600.8321
2025-12-18 18:45:00+00:00,10600.8321
2025-12-18 19:00:00+00:00,10600.8321
2025-12-18 19:15:00+00:00,10600.8321
2025-12-18 19:30:00+00:00,10494.8237
2025-12-18 19:45:00+00:00,10494.8237
2025-12-18 20:00:00+00:00,10494.8237
2025-12-18 20:15:00+00:00,10494.8237
2025-12-18 20:30:00+00:00,10494.8237
2025-12-18 20:45:00+00:00,10494.8237
2025-12-18 21:00:00+00:00,10494.8237
2025-12-18 21:15:00+00:00,10494.8237
2025-12-18 21:30:00+00:00,10494.8237
2025-12-18 21:45:00+00:00,10494.8237
2025-12-18 22:00:00+00:00,10494.8237
2025-12-18 22:15:00+00:00,10494.8237
2025-12-18 22:30:00+00:00,10494.8237
2025-12-18 22:45:00+00:00,10494.8237
2025-12-18 23:00:00+00:00,10494.8237
2025-12-18 23:15:00+00:00,10494.8237
2025-12-18 23:30:00+00:00,10494.8237
2025-12-18 23:45:00+00:00,10494.8237
2025-12-19 00:00:00+00:00,10494.8237
2025-12-19 00:15:00+00:00,10494.8237
2025-12-19 00:30:00+00:00,10494.8237
2025-12-19 00:45:00+00:00,10494.8237
2025-12-19 01:00:00+00:00,10494.8237
2025-12-19 01:15:00+00:00,10494.8237
2025-12-19 01:30:00+00:00,10494.8237
2025-12-19 01:45:00+00:00,10494.8237
2025-12-19 02:00:00+00:00,10494.8237
2025-12-19 02:15:00+00:00,10494.8237
2025-12-19 02:30:00+00:00,10494.8237
2025-12-19 02:45:00+00:00,10494.8237
2025-12-19 03:00:00+00:00,10494.8237
2025-12-19 03:15:00+00:00,10494.8237
2025-12-19 03:30:00+00:00,10494.8237
2025-12-19 03:45:00+00:00,10494.8237
2025-12-19 04:00:00+00:00,10494.8237
2025-12-19 04:15:00+00:00,10494.8237
2025-12-19 04:30:00+00:00,10494.8237
2025-12-19 04:45:00+00:00,10494.8237
2025-12-19 05:00:00+00:00,10494.8237
2025-12-19 05:15:00+00:00,10494.8237
2025-12-19 05:30:00+00:00,10494.8237
2025-12-19 05:45:00+00:00,10494.8237
2025-12-19 06:00:00+00:00,10494.8237
2025-12-19 06:15:00+00:00,10494.8237
2025-12-19 06:30:00+00:00,10389.8755
2025-12-19 06:45:00+00:00,10389.8755
2025-12-19 07:00:00+00:00,10389.8755
2025-12-19 07:15:00+00:00,10389.8755
2025-12-19 07:30:00+00:00,10389.8755
2025-12-19 07:45:00+00:00,10389.8755
2025-12-19 08:00:00+00:00,10389.8755
2025-12-19 08:15:00+00:00,10389.8755
2025-12-19 08:30:00+00:00,10389.8755
2025-12-19 08:45:00+00:00,10389.8755
2025-12-19 09:00:00+00:00,10389.8755
2025-12-19 09:15:00+00:00,10389.8755
2025-12-19 09:30:00+00:00,10389.8755
2025-12-19 09:45:00+00:00,10389.8755
2025-12-19 10:00:00+00:00,10389.8755
2025-12-19 10:15:00+00:00,10389.8755
2025-12-19 10:30:00+00:00,10389.8755
2025-12-19 10:45:00+00:00,10389.8755
2025-12-19 11:00:00+00:00,10389.8755
2025-12-19 11:15:00+00:00,10389.8755
2025-12-19 11:30:00+00:00,10389.8755
2025-12-19 11:45:00+00:00,10389.8755
2025-12-19 12:00:00+00:00,10389.8755
2025-12-19 12:15:00+00:00,10389.8755
2025-12-19 12:30:00+00:00,10389.8755
2025-12-19 12:45:00+00:00,10389.8755
2025-12-19 13:00:00+00:00,10389.8755
2025-12-19 13:15:00+00:00,10389.8755
2025-12-19 13:30:00+00:00,10389.8755
2025-12-19 13:45:00+00:00,10389.8755
2025-12-19 14:00:00+00:00,10389.8755
2025-12-19 14:15:00+00:00,10389.8755
2025-12-19 14:30:00+00:00,10389.8755
2025-12-19 14:45:00+00:00,10389.8755
2025-12-19 15:00:00+00:00,10389.8755
2025-12-19 15:15:00+00:00,10389.8755
2025-12-19 15:30:00+00:00,10389.8755
2025-12-19 15:45:00+00:00,10389.8755
2025-12-19 16:00:00+00:00,10389.8755
2025-12-19 16:15:00+00:00,10389.8755
2025-12-19 16:30:00+00:00,10389.8755
2025-12-19 16:45:00+00:00,10389.8755
2025-12-19 17:00:00+00:00,10389.8755
2025-12-19 17:15:00+00:00,10389.8755
2025-12-19 17:30:00+00:00,10389.8755
2025-12-19 17:45:00+00:00,10389.8755
2025-12-19 18:00:00+00:00,10389.8755
2025-12-19 18:15:00+00:00,10389.8755
2025-12-19 18:30:00+00:00,10389.8755
2025-12-19 18:45:00+00:00,10389.8755
2025-12-19 19:00:00+00:00,10389.8755
2025-12-19 19:15:00+00:00,10389.8755
2025-12-19 19:30:00+00:00,10597.673
2025-12-19 19:45:00+00:00,10597.673
2025-12-19 20:00:00+00:00,10597.673
2025-12-19 20:15:00+00:00,10597.673
2025-12-19 20:30:00+00:00,10597.673
2025-12-19 20:45:00+00:00,10597.673
2025-12-19 21:00:00+00:00,10597.673
2025-12-19 21:15:00+00:00,10597.673
2025-12-19 21:30:00+00:00,10597.673
2025-12-19 21:45:00+00:00,10597.673
2025-12-19 22:00:00+00:00,10597.673
2025-12-19 22:15:00+00:00,10597.673
2025-12-19 22:30:00+00:00,10597.673
2025-12-19 22:45:00+00:00,10597.673
2025-12-19 23:00:00+00:00,10597.673
2025-12-19 23:15:00+00:00,10597.673
2025-12-19 23:30:00+00:00,10597.673
2025-12-19 23:45:00+00:00,10597.673
2025-12-20 00:00:00+00:00,10597.673
2025-12-20 00:15:00+00:00,10597.673
2025-12-20 00:30:00+00:00,10597.673
2025-12-20 00:45:00+00:00,10597.673
2025-12-20 01:00:00+00:00,10597.673
2025-12-20 01:15:00+00:00,10597.673
2025-12-20 01:30:00+00:00,10597.673
2025-12-20 01:45:00+00:00,10597.673
2025-12-20 02:00:00+00:00,10597.673
2025-12-20 02:15:00+00:00,10597.673
2025-12-20 02:30:00+00:00,10597.673
2025-12-20 02:45:00+00:00,10597.673
2025-12-20 03:00:00+00:00,10597.673
2025-12-20 03:15:00+00:00,10597.673
2025-12-20 03:30:00+00:00,10597.673
2025-12-20 03:45:00+00:00,10597.673
2025-12-20 04:00:00+00:00,10597.673
2025-12-20 04:15:00+00:00,10597.673
2025-12-20 04:30:00+00:00,10597.673
2025-12-20 04:45:00+00:00,10597.673
2025-12-20 05:00:00+00:00,10597.673
2025-12-20 05:15:00+00:00,10597.673
2025-12-20 05:30:00+00:00,10597.673
2025-12-20 05:45:00+00:00,10597.673
2025-12-20 06:00:00+00:00,10597.673
2025-12-20 06:15:00+00:00,10597.673
2025-12-20 06:30:00+00:00,10597.673
2025-12-20 06:45:00+00:00,10597.673
2025-12-20 07:00:00+00:00,10597.673
2025-12-20 07:15:00+00:00,10597.673
2025-12-20 07:30:00+00:00,10597.673
2025-12-20 07:45:00+00:00,10597.673
2025-12-20 08:00:00+00:00,10597.673
2025-12-20 08:15:00+00:00,10597.673
2025-12-20 08:30:00+00:00,10597.673
2025-12-20 08:45:00+00:00,10491.6963
2025-12-20 09:00:00+00:00,10491.6963
2025-12-20 09:15:00+00:00,10491.6963
2025-12-20 09:30:00+00:00,10491.6963
2025-12-20 09:45:00+00:00,10491.6963
2025-12-20 10:00:00+00:00,10491.6963
2025-12-20 10:15:00+00:00,10491.6963
2025-12-20 10:30:00+00:00,10491.6963
2025-12-20 10:45:00+00:00,10491.6963
2025-12-20 11:00:00+00:00,10491.6963
2025-12-20 11:15:00+00:00,10491.6963
2025-12-20 11:30:00+00:00,10491.6963
2025-12-20 11:45:00+00:00,10491.6963
2025-12-20 12:00:00+00:00,10491.6963
2025-12-20 12:15:00+00:00,10491.6963
2025-12-20 12:30:00+00:00,10491.6963
2025-12-20 12:45:00+00:00,10491.6963
2025-12-20 13:00:00+00:00,10491.6963
2025-12-20 13:15:00+00:00,10491.6963
2025-12-20 13:30:00+00:00,10491.6963
2025-12-20 13:45:00+00:00,10491.6963
2025-12-20 14:00:00+00:00,10491.6963
2025-12-20 14:15:00+00:00,10491.6963
2025-12-20 14:30:00+00:00,10491.6963
2025-12-20 14:45:00+00:00,10491.6963
2025-12-20 15:00:00+00:00,10491.6963
2025-12-20 15:15:00+00:00,10491.6963
2025-12-20 15:30:00+00:00,10491.6963
2025-12-20 15:45:00+00:00,10491.6963
2025-12-20 16:00:00+00:00,10491.6963
2025-12-20 16:15:00+00:00,10491.6963
2025-12-20 16:30:00+00:00,10491.6963
2025-12-20 16:45:00+00:00,10491.6963
2025-12-20 17:00:00+00:00,10491.6963
2025-12-20 17:15:00+00:00,10491.6963
2025-12-20 17:30:00+00:00,10491.6963
2025-12-20 17:45:00+00:00,10491.6963
2025-12-20 18:00:00+00:00,10491.6963
2025-12-20 18:15:00+00:00,10491.6963
2025-12-20 18:30:00+00:00,10491.6963
2025-12-20 18:45:00+00:00,10491.6963
2025-12-20 19:00:00+00:00,10491.6963
2025-12-20 19:15:00+00:00,10491.6963
2025-12-20 19:30:00+00:00,10491.6963
2025-12-20 19:45:00+00:00,10491.6963
2025-12-20 20:00:00+00:00,10491.6963
2025-12-20 20:15:00+00:00,10491.6963
2025-12-20 20:30:00+00:00,10491.6963
2025-12-20 20:45:00+00:00,10491.6963
2025-12-20 21:00:00+00:00,10491.6963
2025-12-20 21:15:00+00:00,10491.6963
2025-12-20 21:30:00+00:00,10491.6963
2025-12-20 21:45:00+00:00,10491.6963
2025-12-20 22:00:00+00:00,10491.6963
2025-12-20 22:15:00+00:00,10491.6963
2025-12-20 22:30:00+00:00,10491.6963
2025-12-20 22:45:00+00:00,10491.6963
2025-12-20 23:00:00+00:00,10491.6963
2025-12-20 23:15:00+00:00,10491.6963
2025-12-20 23:30:00+00:00,10491.6963
2025-12-20 23:45:00+00:00,10491.6963
2025-12-21 00:00:00+00:00,10491.6963
2025-12-21 00:15:00+00:00,10491.6963
2025-12-21 00:30:00+00:00,10491.6963
2025-12-21 00:45:00+00:00,10491.6963
2025-12-21 01:00:00+00:00,10491.6963
2025-12-21 01:15:00+00:00,10491.6963
2025-12-21 01:30:00+00:00,10491.6963
2025-12-21 01:45:00+00:00,10491.6963
2025-12-21 02:00:00+00:00,10491.6963
2025-12-21 02:15:00+00:00,10491.6963
2025-12-21 02:30:00+00:00,10491.6963
2025-12-21 02:45:00+00:00,10491.6963
2025-12-21 03:00:00+00:00,10491.6963
2025-12-21 03:15:00+00:00,10491.6963
2025-12-21 03:30:00+00:00,10491.6963
2025-12-21 03:45:00+00:00,10491.6963
2025-12-21 04:00:00+00:00,10491.6963
2025-12-21 04:15:00+00:00,10491.6963
2025-12-21 04:30:00+00:00,10491.6963
2025-12-21 04:45:00+00:00,10491.6963
2025-12-21 05:00:00+00:00,10491.6963
2025-12-21 05:15:00+00:00,10491.6963
2025-12-21 05:30:00+00:00,10491.6963
2025-12-21 05:45:00+00:00,10491.6963
2025-12-21 06:00:00+00:00,10491.6963
2025-12-21 06:15:00+00:00,10491.6963
2025-12-21 06:30:00+00:00,10491.6963
2025-12-21 06:45:00+00:00,10491.6963
2025-12-21 07:00:00+00:00,10491.6963
2025-12-21 07:15:00+00:00,10491.6963
2025-12-21 07:30:00+00:00,10491.6963
2025-12-21 07:45:00+00:00,10491.6963
2025-12-21 08:00:00+00:00,10491.6963
2025-12-21 08:15:00+00:00,10491.6963
2025-12-21 08:30:00+00:00,10491.6963
2025-12-21 08:45:00+00:00,10491.6963
2025-12-21 09:00:00+00:00,10491.6963
2025-12-21 09:15:00+00:00,10491.6963
2025-12-21 09:30:00+00:00,10491.6963
2025-12-21 09:45:00+00:00,10491.6963
2025-12-21 10:00:00+00:00,10491.6963
2025-12-21 10:15:00+00:00,10491.6963
2025-12-21 10:30:00+00:00,10491.6963
2025-12-21 10:45:00+00:00,10491.6963
2025-12-21 11:00:00+00:00,10491.6963
2025-12-21 11:15:00+00:00,10491.6963
2025-12-21 11:30:00+00:00,10491.6963
2025-12-21 11:45:00+00:00,10491.6963
2025-12-21 12:00:00+00:00,10491.6963
2025-12-21 12:15:00+00:00,10491.6963
2025-12-21 12:30:00+00:00,10491.6963
2025-12-21 12:45:00+00:00,10491.6963
2025-12-21 13:00:00+00:00,10491.6963
2025-12-21 13:15:00+00:00,10491.6963
2025-12-21 13:30:00+00:00,10491.6963
2025-12-21 13:45:00+00:00,10491.6963
2025-12-21 14:00:00+00:00,10491.6963
2025-12-21 14:15:00+00:00,10491.6963
2025-12-21 14:30:00+00:00,10491.6963
2025-12-21 14:45:00+00:00,10491.6963
2025-12-21 15:00:00+00:00,10491.6963
2025-12-21 15:15:00+00:00,10491.6963
2025-12-21 15:30:00+00:00,10491.6963
2025-12-21 15:45:00+00:00,10491.6963
2025-12-21 16:00:00+00:00,10491.6963
2025-12-21 16:15:00+00:00,10491.6963
2025-12-21 16:30:00+00:00,10491.6963
2025-12-21 16:45:00+00:00,10491.6963
2025-12-21 17:00:00+00:00,10491.6963
2025-12-21 17:15:00+00:00,10491.6963
2025-12-21 17:30:00+00:00,10491.6963
2025-12-21 17:45:00+00:00,10491.6963
2025-12-21 18:00:00+00:00,10491.6963
2025-12-21 18:15:00+00:00,10491.6963
2025-12-21 18:30:00+00:00,10491.6963
2025-12-21 18:45:00+00:00,10491.6963
2025-12-21 19:00:00+00:00,10491.6963
2025-12-21 19:15:00+00:00,10491.6963
2025-12-21 19:30:00+00:00,10491.6963
2025-12-21 19:45:00+00:00,10491.6963
2025-12-21 20:00:00+00:00,10491.6963
2025-12-21 20:15:00+00:00,10491.6963
2025-12-21 20:30:00+00:00,10491.6963
2025-12-21 20:45:00+00:00,10491.6963
2025-12-21 21:00:00+00:00,10491.6963
2025-12-21 21:15:00+00:00,10491.6963
2025-12-21 21:30:00+00:00,10491.6963
2025-12-21 21:45:00+00:00,10491.6963
2025-12-21 22:00:00+00:00,10491.6963
2025-12-21 22:15:00+00:00,10491.6963
2025-12-21 22:30:00+00:00,10491.6963
2025-12-21 22:45:00+00:00,10491.6963
2025-12-21 23:00:00+00:00,10491.6963
2025-12-21 23:15:00+00:00,10491.6963
2025-12-21 23:30:00+00:00,10491.6963
2025-12-21 23:45:00+00:00,10491.6963
2025-12-22 00:00:00+00:00,10701.5302
2025-12-22 00:15:00+00:00,10701.5302
2025-12-22 00:30:00+00:00,10701.5302
2025-12-22 00:45:00+00:00,10701.5302
2025-12-22 01:00:00+00:00,10701.5302
2025-12-22 01:15:00+00:00,10701.5302
2025-12-22 01:30:00+00:00,10701.5302
2025-12-22 01:45:00+00:00,10701.5302
2025-12-22 02:00:00+00:00,10701.5302
2025-12-22 02:15:00+00:00,10701.5302
2025-12-22 02:30:00+00:00,10701.5302
2025-12-22 02:45:00+00:00,10701.5302
2025-12-22 03:00:00+00:00,10701.5302
2025-12-22 03:15:00+00:00,10701.5302
2025-12-22 03:30:00+00:00,10701.5302
2025-12-22 03:45:00+00:00,10701.5302
2025-12-22 04:00:00+00:00,10701.5302
2025-12-22 04:15:00+00:00,10701.5302
2025-12-22 04:30:00+00:00,10701.5302
2025-12-22 04:45:00+00:00,10701.5302
2025-12-22 05:00:00+00:00,10701.5302
2025-12-22 05:15:00+00:00,10701.5302
2025-12-22 05:30:00+00:00,10701.5302
2025-12-22 05:45:00+00:00,10701.5302
2025-12-22 06:00:00+00:00,10701.5302
2025-12-22 06:15:00+00:00,10701.5302
2025-12-22 06:30:00+00:00,10701.5302
2025-12-22 06:45:00+00:00,10701.5302
2025-12-22 07:00:00+00:00,10701.5302
2025-12-22 07:15:00+00:00,10701.5302
2025-12-22 07:30:00+00:00,10701.5302
2025-12-22 07:45:00+00:00,10701.5302
2025-12-22 08:00:00+00:00,10701.5302
2025-12-22 08:15:00+00:00,10915.5608
2025-12-22 08:30:00+00:00,10915.5608
2025-12-22 08:45:00+00:00,10915.5608
2025-12-22 09:00:00+00:00,10915.5608
2025-12-22 09:15:00+00:00,10915.5608
2025-12-22 09:30:00+00:00,10915.5608
2025-12-22 09:45:00+00:00,10915.5608
2025-12-22 10:00:00+00:00,10915.5608
2025-12-22 10:15:00+00:00,10915.5608
2025-12-22 10:30:00+00:00,10915.5608
2025-12-22 10:45:00+00:00,10915.5608
2025-12-22 11:00:00+00:00,10915.5608
2025-12-22 11:15:00+00:00,10915.5608
2025-12-22 11:30:00+00:00,10915.5608
2025-12-22 11:45:00+00:00,10915.5608
2025-12-22 12:00:00+00:00,10915.5608
2025-12-22 12:15:00+00:00,10915.5608
2025-12-22 12:30:00+00:00,10915.5608
2025-12-22 12:45:00+00:00,10915.5608
2025-12-22 13:00:00+00:00,10915.5608
2025-12-22 13:15:00+00:00,10915.5608
2025-12-22 13:30:00+00:00,10915.5608
2025-12-22 13:45:00+00:00,10915.5608
2025-12-22 14:00:00+00:00,10915.5608
2025-12-22 14:15:00+00:00,10915.5608
2025-12-22 14:30:00+00:00,10915.5608
2025-12-22 14:45:00+00:00,10915.5608
2025-12-22 15:00:00+00:00,10915.5608
2025-12-22 15:15:00+00:00,10915.5608
2025-12-22 15:30:00+00:00,10915.5608
2025-12-22 15:45:00+00:00,10915.5608
2025-12-22 16:00:00+00:00,10915.5608
2025-12-22 16:15:00+00:00,10915.5608
2025-12-22 16:30:00+00:00,10915.5608
2025-12-22 16:45:00+00:00,10915.5608
2025-12-22 17:00:00+00:00,10915.5608
2025-12-22 17:15:00+00:00,10915.5608
2025-12-22 17:30:00+00:00,10915.5608
2025-12-22 17:45:00+00:00,10915.5608
2025-12-22 18:00:00+00:00,10915.5608
2025-12-22 18:15:00+00:00,10915.5608
2025-12-22 18:30:00+00:00,10915.5608
2025-12-22 18:45:00+00:00,10915.5608
2025-12-22 19:00:00+00:00,10915.5608
2025-12-22 19:15:00+00:00,10915.5608
2025-12-22 19:30:00+00:00,10915.5608
2025-12-22 19:45:00+00:00,10915.5608
2025-12-22 20:00:00+00:00,10915.5608
2025-12-22 20:15:00+00:00,10915.5608
2025-12-22 20:30:00+00:00,10915.5608
2025-12-22 20:45:00+00:00,10915.5608
2025-12-22 21:00:00+00:00,10915.5608
2025-12-22 21:15:00+00:00,10915.5608
2025-12-22 21:30:00+00:00,10915.5608
2025-12-22 21:45:00+00:00,10915.5608
2025-12-22 22:00:00+00:00,10915.5608
2025-12-22 22:15:00+00:00,10915.5608
2025-12-22 22:30:00+00:00,10915.5608
2025-12-22 22:45:00+00:00,10915.5608
2025-12-22 23:00:00+00:00,10915.5608
2025-12-22 23:15:00+00:00,10915.5608
2025-12-22 23:30:00+00:00,10915.5608
2025-12-22 23:45:00+00:00,10915.5608
2025-12-23 00:00:00+00:00,10915.5608
2025-12-23 00:15:00+00:00,10915.5608
2025-12-23 00:30:00+00:00,10915.5608
2025-12-23 00:45:00+00:00,10915.5608
2025-12-23 01:00:00+00:00,10915.5608
2025-12-23 01:15:00+00:00,10915.5608
2025-12-23 01:30:00+00:00,10915.5608
2025-12-23 01:45:00+00:00,10915.5608
2025-12-23 02:00:00+00:00,10915.5608
2025-12-23 02:15:00+00:00,10915.5608
2025-12-23 02:30:00+00:00,10915.5608
2025-12-23 02:45:00+00:00,10915.5608
2025-12-23 03:00:00+00:00,10915.5608
2025-12-23 03:15:00+00:00,10915.5608
2025-12-23 03:30:00+00:00,10915.5608
2025-12-23 03:45:00+00:00,10915.5608
2025-12-23 04:00:00+00:00,10915.5608
2025-12-23 04:15:00+00:00,10915.5608
2025-12-23 04:30:00+00:00,10915.5608
2025-12-23 04:45:00+00:00,10915.5608
2025-12-23 05:00:00+00:00,10915.5608
2025-12-23 05:15:00+00:00,10915.5608
2025-12-23 05:30:00+00:00,10915.5608
2025-12-23 05:45:00+00:00,10915.5608
2025-12-23 06:00:00+00:00,10915.5608
2025-12-23 06:15:00+00:00,10915.5608
2025-12-23 06:30:00+00:00,10915.5608
2025-12-23 06:45:00+00:00,10915.5608
2025-12-23 07:00:00+00:00,10915.5608
2025-12-23 07:15:00+00:00,10915.5608
2025-12-23 07:30:00+00:00,10915.5608
2025-12-23 07:45:00+00:00,10915.5608
2025-12-23 08:00:00+00:00,10915.5608
2025-12-23 08:15:00+00:00,10915.5608
2025-12-23 08:30:00+00:00,10915.5608
2025-12-23 08:45:00+00:00,10915.5608
2025-12-23 09:00:00+00:00,10915.5608
2025-12-23 09:15:00+00:00,10915.5608
2025-12-23 09:30:00+00:00,10915.5608
2025-12-23 09:45:00+00:00,10915.5608
2025-12-23 10:00:00+00:00,10915.5608
2025-12-23 10:15:00+00:00,10915.5608
2025-12-23 10:30:00+00:00,10915.5608
2025-12-23 10:45:00+00:00,10915.5608
2025-12-23 11:00:00+00:00,10915.5608
2025-12-23 11:15:00+00:00,10915.5608
2025-12-23 11:30:00+00:00,10915.5608
2025-12-23 11:45:00+00:00,10915.5608
2025-12-23 12:00:00+00:00,10915.5608
2025-12-23 12:15:00+00:00,10915.5608
2025-12-23 12:30:00+00:00,10915.5608
2025-12-23 12:45:00+00:00,10915.5608
2025-12-23 13:00:00+00:00,10915.5608
2025-12-23 13:15:00+00:00,10915.5608
2025-12-23 13:30:00+00:00,11133.872
2025-12-23 13:45:00+00:00,11133.872
2025-12-23 14:00:00+00:00,11022.5333
2025-12-23 14:15:00+00:00,11022.5333
2025-12-23 14:30:00+00:00,11022.5333
2025-12-23 14:45:00+00:00,11022.5333
2025-12-23 15:00:00+00:00,11022.5333
2025-12-23 15:15:00+00:00,11022.5333
2025-12-23 15:30:00+00:00,11022.5333
2025-12-23 15:45:00+00:00,11022.5333
2025-12-23 16:00:00+00:00,11022.5333
2025-12-23 16:15:00+00:00,11022.5333
2025-12-23 16:30:00+00:00,11022.5333
2025-12-23 16:45:00+00:00,11022.5333
2025-12-23 17:00:00+00:00,11022.5333
2025-12-23 17:15:00+00:00,11022.5333
2025-12-23 17:30:00+00:00,11022.5333
2025-12-23 17:45:00+00:00,11022.5333
2025-12-23 18:00:00+00:00,11022.5333
2025-12-23 18:15:00+00:00,11022.5333
2025-12-23 18:30:00+00:00,11022.5333
2025-12-23 18:45:00+00:00,11022.5333
2025-12-23 19:00:00+00:00,11022.5333
2025-12-23 19:15:00+00:00,11022.5333
2025-12-23 19:30:00+00:00,11022.5333
2025-12-23 19:45:00+00:00,11022.5333
2025-12-23 20:00:00+00:00,11022.5333
2025-12-23 20:15:00+00:00,11022.5333
2025-12-23 20:30:00+00:00,11022.5333
2025-12-23 20:45:00+00:00,11022.5333
2025-12-23 21:00:00+00:00,11022.5333
2025-12-23 21:15:00+00:00,11022.5333
2025-12-23 21:30:00+00:00,11022.5333
2025-12-23 21:45:00+00:00,11022.5333
2025-12-23 22:00:00+00:00,11022.5333
2025-12-23 22:15:00+00:00,11022.5333
2025-12-23 22:30:00+00:00,11022.5333
2025-12-23 22:45:00+00:00,11022.5333
2025-12-23 23:00:00+00:00,11022.5333
2025-12-23 23:15:00+00:00,11022.5333
2025-12-23 23:30:00+00:00,11022.5333
2025-12-23 23:45:00+00:00,11022.5333
2025-12-24 00:00:00+00:00,11022.5333
2025-12-24 00:15:00+00:00,11022.5333
2025-12-24 00:30:00+00:00,11022.5333
2025-12-24 00:45:00+00:00,11022.5333
2025-12-24 01:00:00+00:00,11022.5333
2025-12-24 01:15:00+00:00,11022.5333
2025-12-24 01:30:00+00:00,11022.5333
2025-12-24 01:45:00+00:00,11022.5333
2025-12-24 02:00:00+00:00,11022.5333
2025-12-24 02:15:00+00:00,11022.5333
2025-12-24 02:30:00+00:00,11022.5333
2025-12-24 02:45:00+00:00,11242.984
2025-12-24 03:00:00+00:00,11242.984
2025-12-24 03:15:00+00:00,11242.984
2025-12-24 03:30:00+00:00,11242.984
2025-12-24 03:45:00+00:00,11242.984
2025-12-24 04:00:00+00:00,11242.984
2025-12-24 04:15:00+00:00,11242.984
2025-12-24 04:30:00+00:00,11242.984
2025-12-24 04:45:00+00:00,11242.984
2025-12-24 05:00:00+00:00,11242.984
2025-12-24 05:15:00+00:00,11242.984
2025-12-24 05:30:00+00:00,11242.984
2025-12-24 05:45:00+00:00,11242.984
2025-12-24 06:00:00+00:00,11242.984
2025-12-24 06:15:00+00:00,11242.984
2025-12-24 06:30:00+00:00,11242.984
2025-12-24 06:45:00+00:00,11242.984
2025-12-24 07:00:00+00:00,11242.984
2025-12-24 07:15:00+00:00,11242.984
2025-12-24 07:30:00+00:00,11242.984
2025-12-24 07:45:00+00:00,11242.984
2025-12-24 08:00:00+00:00,11242.984
2025-12-24 08:15:00+00:00,11242.984
2025-12-24 08:30:00+00:00,11242.984
2025-12-24 08:45:00+00:00,11242.984
2025-12-24 09:00:00+00:00,11242.984
2025-12-24 09:15:00+00:00,11242.984
2025-12-24 09:30:00+00:00,11242.984
2025-12-24 09:45:00+00:00,11242.984
2025-12-24 10:00:00+00:00,11242.984
2025-12-24 10:15:00+00:00,11242.984
2025-12-24 10:30:00+00:00,11242.984
2025-12-24 10:45:00+00:00,11242.984
2025-12-24 11:00:00+00:00,11242.984
2025-12-24 11:15:00+00:00,11242.984
2025-12-24 11:30:00+00:00,11242.984
2025-12-24 11:45:00+00:00,11242.984
2025-12-24 12:00:00+00:00,11242.984
2025-12-24 12:15:00+00:00,11242.984
2025-12-24 12:30:00+00:00,11242.984
2025-12-24 12:45:00+00:00,11242.984
2025-12-24 13:00:00+00:00,11242.984
2025-12-24 13:15:00+00:00,11242.984
2025-12-24 13:30:00+00:00,11242.984
2025-12-24 13:45:00+00:00,11242.984
2025-12-24 14:00:00+00:00,11242.984
2025-12-24 14:15:00+00:00,11242.984
2025-12-24 14:30:00+00:00,11242.984
2025-12-24 14:45:00+00:00,11242.984
2025-12-24 15:00:00+00:00,11242.984
2025-12-24 15:15:00+00:00,11242.984
2025-12-24 15:30:00+00:00,11242.984
2025-12-24 15:45:00+00:00,11242.984
2025-12-24 16:00:00+00:00,11242.984
2025-12-24 16:15:00+00:00,11242.984
2025-12-24 16:30:00+00:00,11130.5541
2025-12-24 16:45:00+00:00,11130.5541
2025-12-24 17:00:00+00:00,11130.5541
2025-12-24 17:15:00+00:00,11130.5541
2025-12-24 17:30:00+00:00,11130.5541
2025-12-24 17:45:00+00:00,11130.5541
2025-12-24 18:00:00+00:00,11130.5541
2025-12-24 18:15:00+00:00,11130.5541
2025-12-24 18:30:00+00:00,11130.5541
2025-12-24 18:45:00+00:00,11130.5541
2025-12-24 19:00:00+00:00,11130.5541
2025-12-24 19:15:00+00:00,11130.5541
2025-12-24 19:30:00+00:00,11130.5541
2025-12-24 19:45:00+00:00,11130.5541
2025-12-24 20:00:00+00:00,11130.5541
2025-12-24 20:15:00+00:00,11130.5541
2025-12-24 20:30:00+00:00,11130.5541
2025-12-24 20:45:00+00:00,11130.5541
2025-12-24 21:00:00+00:00,11130.5541
2025-12-24 21:15:00+00:00,11130.5541
2025-12-24 21:30:00+00:00,11130.5541
2025-12-24 21:45:00+00:00,11130.5541
2025-12-24 22:00:00+00:00,11130.5541
2025-12-24 22:15:00+00:00,11130.5541
2025-12-24 22:30:00+00:00,11130.5541
2025-12-24 22:45:00+00:00,11130.5541
2025-12-24 23:00:00+00:00,11130.5541
2025-12-24 23:15:00+00:00,11130.5541
2025-12-24 23:30:00+00:00,11130.5541
2025-12-24 23:45:00+00:00,11130.5541
2025-12-25 00:00:00+00:00,11130.5541
2025-12-25 00:15:00+00:00,11130.5541
2025-12-25 00:30:00+00:00,11130.5541
2025-12-25 00:45:00+00:00,11130.5541
2025-12-25 01:00:00+00:00,11130.5541
2025-12-25 01:15:00+00:00,11130.5541
2025-12-25 01:30:00+00:00,11130.5541
2025-12-25 01:45:00+00:00,11130.5541
2025-12-25 02:00:00+00:00,11130.5541
2025-12-25 02:15:00+00:00,11130.5541
2025-12-25 02:30:00+00:00,11130.5541
2025-12-25 02:45:00+00:00,11130.5541
2025-12-25 03:00:00+00:00,11130.5541
2025-12-25 03:15:00+00:00,11130.5541
2025-12-25 03:30:00+00:00,11130.5541
2025-12-25 03:45:00+00:00,11130.5541
2025-12-25 04:00:00+00:00,11130.5541
2025-12-25 04:15:00+00:00,11130.5541
2025-12-25 04:30:00+00:00,11130.5541
2025-12-25 04:45:00+00:00,11130.5541
2025-12-25 05:00:00+00:00,11130.5541
2025-12-25 05:15:00+00:00,11130.5541
2025-12-25 05:30:00+00:00,11130.5541
2025-12-25 05:45:00+00:00,11130.5541
2025-12-25 06:00:00+00:00,11130.5541
2025-12-25 06:15:00+00:00,11130.5541
2025-12-25 06:30:00+00:00,11130.5541
2025-12-25 06:45:00+00:00,11130.5541
2025-12-25 07:00:00+00:00,11130.5541
2025-12-25 07:15:00+00:00,11130.5541
2025-12-25 07:30:00+00:00,11130.5541
2025-12-25 07:45:00+00:00,11130.5541
2025-12-25 08:00:00+00:00,11130.5541
2025-12-25 08:15:00+00:00,11130.5541
2025-12-25 08:30:00+00:00,11130.5541
2025-12-25 08:45:00+00:00,11130.5541
2025-12-25 09:00:00+00:00,11130.5541
2025-12-25 09:15:00+00:00,11130.5541
2025-12-25 09:30:00+00:00,11130.5541
2025-12-25 09:45:00+00:00,11130.5541
2025-12-25 10:00:00+00:00,11130.5541
2025-12-25 10:15:00+00:00,11130.5541
2025-12-25 10:30:00+00:00,11130.5541
2025-12-25 10:45:00+00:00,11130.5541
2025-12-25 11:00:00+00:00,11130.5541
2025-12-25 11:15:00+00:00,11130.5541
2025-12-25 11:30:00+00:00,11130.5541
2025-12-25 11:45:00+00:00,11130.5541
2025-12-25 12:00:00+00:00,11130.5541
2025-12-25 12:15:00+00:00,11130.5541
2025-12-25 12:30:00+00:00,11130.5541
2025-12-25 12:45:00+00:00,11130.5541
2025-12-25 13:00:00+00:00,11130.5541
2025-12-25 13:15:00+00:00,11130.5541
2025-12-25 13:30:00+00:00,11130.5541
2025-12-25 13:45:00+00:00,11130.5541
2025-12-25 14:00:00+00:00,11130.5541
2025-12-25 14:15:00+00:00,11130.5541
2025-12-25 14:30:00+00:00,11130.5541
2025-12-25 14:45:00+00:00,11130.5541
2025-12-25 15:00:00+00:00,11130.5541
2025-12-25 15:15:00+00:00,11130.5541
2025-12-25 15:30:00+00:00,11019.2486
2025-12-25 15:45:00+00:00,11019.2486
2025-12-25 16:00:00+00:00,11019.2486
2025-12-25 16:15:00+00:00,11019.2486
2025-12-25 16:30:00+00:00,11019.2486
2025-12-25 16:45:00+00:00,11019.2486
2025-12-25 17:00:00+00:00,11019.2486
2025-12-25 17:15:00+00:00,11019.2486
2025-12-25 17:30:00+00:00,11019.2486
2025-12-25 17:45:00+00:00,11019.2486
2025-12-25 18:00:00+00:00,11019.2486
2025-12-25 18:15:00+00:00,11019.2486
2025-12-25 18:30:00+00:00,11019.2486
2025-12-25 18:45:00+00:00,11019.2486
2025-12-25 19:00:00+00:00,11019.2486
2025-12-25 19:15:00+00:00,11019.2486
2025-12-25 19:30:00+00:00,11019.2486
2025-12-25 19:45:00+00:00,11019.2486
2025-12-25 20:00:00+00:00,11019.2486
2025-12-25 20:15:00+00:00,11019.2486
2025-12-25 20:30:00+00:00,11019.2486
2025-12-25 20:45:00+00:00,11019.2486
2025-12-25 21:00:00+00:00,11019.2486
2025-12-25 21:15:00+00:00,11019.2486
2025-12-25 21:30:00+00:00,11019.2486
2025-12-25 21:45:00+00:00,11019.2486
2025-12-25 22:00:00+00:00,11019.2486
2025-12-25 22:15:00+00:00,11019.2486
2025-12-25 22:30:00+00:00,11019.2486
2025-12-25 22:45:00+00:00,11019.2486
2025-12-25 23:00:00+00:00,11019.2486
2025-12-25 23:15:00+00:00,11019.2486
2025-12-25 23:30:00+00:00,11239.6336
2025-12-25 23:45:00+00:00,11239.6336
2025-12-26 00:00:00+00:00,11239.6336
2025-12-26 00:15:00+00:00,11239.6336
2025-12-26 00:30:00+00:00,11239.6336
2025-12-26 00:45:00+00:00,11239.6336
2025-12-26 01:00:00+00:00,11239.6336
2025-12-26 01:15:00+00:00,11239.6336
2025-12-26 01:30:00+00:00,11239.6336
2025-12-26 01:45:00+00:00,11239.6336
2025-12-26 02:00:00+00:00,11239.6336
2025-12-26 02:15:00+00:00,11239.6336
2025-12-26 02:30:00+00:00,11239.6336
2025-12-26 02:45:00+00:00,11239.6336
2025-12-26 03:00:00+00:00,11239.6336
2025-12-26 03:15:00+00:00,11239.6336
2025-12-26 03:30:00+00:00,11239.6336
2025-12-26 03:45:00+00:00,11239.6336
2025-12-26 04:00:00+00:00,11239.6336
2025-12-26 04:15:00+00:00,11239.6336
2025-12-26 04:30:00+00:00,11239.6336
2025-12-26 04:45:00+00:00,11239.6336
2025-12-26 05:00:00+00:00,11239.6336
2025-12-26 05:15:00+00:00,11239.6336
2025-12-26 05:30:00+00:00,11239.6336
2025-12-26 05:45:00+00:00,11239.6336
2025-12-26 06:00:00+00:00,11239.6336
2025-12-26 06:15:00+00:00,11239.6336
2025-12-26 06:30:00+00:00,11239.6336
2025-12-26 06:45:00+00:00,11239.6336
2025-12-26 07:00:00+00:00,11239.6336
2025-12-26 07:15:00+00:00,11239.6336
2025-12-26 07:30:00+00:00,11239.6336
2025-12-26 07:45:00+00:00,11239.6336
2025-12-26 08:00:00+00:00,11239.6336
2025-12-26 08:15:00+00:00,11239.6336
2025-12-26 08:30:00+00:00,11239.6336
2025-12-26 08:45:00+00:00,11239.6336
2025-12-26 09:00:00+00:00,11239.6336
2025-12-26 09:15:00+00:00,11239.6336
2025-12-26 09:30:00+00:00,11239.6336
2025-12-26 09:45:00+00:00,11239.6336
2025-12-26 10:00:00+00:00,11239.6336
2025-12-26 10:15:00+00:00,11239.6336
2025-12-26 10:30:00+00:00,11239.6336
2025-12-26 10:45:00+00:00,11239.6336
2025-12-26 11:00:00+00:00,11239.6336
2025-12-26 11:15:00+00:00,11239.6336
2025-12-26 11:30:00+00:00,11239.6336
2025-12-26 11:45:00+00:00,11239.6336
2025-12-26 12:00:00+00:00,11239.6336
2025-12-26 12:15:00+00:00,11239.6336
2025-12-26 12:30:00+00:00,11239.6336
2025-12-26 12:45:00+00:00,11239.6336
2025-12-26 13:00:00+00:00,11239.6336
2025-12-26 13:15:00+00:00,11239.6336
2025-12-26 13:30:00+00:00,11239.6336
2025-12-26 13:45:00+00:00,11239.6336
2025-12-26 14:00:00+00:00,11239.6336
2025-12-26 14:15:00+00:00,11239.6336
2025-12-26 14:30:00+00:00,11239.6336
2025-12-26 14:45:00+00:00,11239.6336
2025-12-26 15:00:00+00:00,11239.6336
2025-12-26 15:15:00+00:00,11239.6336
2025-12-26 15:30:00+00:00,11239.6336
2025-12-26 15:45:00+00:00,11239.6336
2025-12-26 16:00:00+00:00,11239.6336
2025-12-26 16:15:00+00:00,11127.2372
2025-12-26 16:30:00+00:00,11127.2372
2025-12-26 16:45:00+00:00,11127.2372
2025-12-26 17:00:00+00:00,11127.2372
2025-12-26 17:15:00+00:00,11127.2372
2025-12-26 17:30:00+00:00,11127.2372
2025-12-26 17:45:00+00:00,11127.2372
2025-12-26 18:00:00+00:00,11127.2372
2025-12-26 18:15:00+00:00,11127.2372
2025-12-26 18:30:00+00:00,11127.2372
2025-12-26 18:45:00+00:00,11127.2372
2025-12-26 19:00:00+00:00,11127.2372
2025-12-26 19:15:00+00:00,11127.2372
2025-12-26 19:30:00+00:00,11127.2372
2025-12-26 19:45:00+00:00,11127.2372
2025-12-26 20:00:00+00:00,11127.2372
2025-12-26 20:15:00+00:00,11127.2372
2025-12-26 20:30:00+00:00,11127.2372
2025-12-26 20:45:00+00:00,11127.2372
2025-12-26 21:00:00+00:00,11127.2372
2025-12-26 21:15:00+00:00,11127.2372
2025-12-26 21:30:00+00:00,11127.2372
2025-12-26 21:45:00+00:00,11127.2372
2025-12-26 22:00:00+00:00,11127.2372
2025-12-26 22:15:00+00:00,11127.2372
2025-12-26 22:30:00+00:00,11127.2372
2025-12-26 22:45:00+00:00,11127.2372
2025-12-26 23:00:00+00:00,11127.2372
2025-12-26 23:15:00+00:00,11127.2372
2025-12-26 23:30:00+00:00,11127.2372
2025-12-26 23:45:00+00:00,11127.2372
2025-12-27 00:00:00+00:00,11127.2372
2025-12-27 00:15:00+00:00,11127.2372
2025-12-27 00:30:00+00:00,11127.2372
2025-12-27 00:45:00+00:00,11127.2372
2025-12-27 01:00:00+00:00,11127.2372
2025-12-27 01:15:00+00:00,11127.2372
2025-12-27 01:30:00+00:00,11127.2372
2025-12-27 01:45:00+00:00,11127.2372
2025-12-27 02:00:00+00:00,11127.2372
2025-12-27 02:15:00+00:00,11127.2372
2025-12-27 02:30:00+00:00,11127.2372
2025-12-27 02:45:00+00:00,11127.2372
2025-12-27 03:00:00+00:00,11127.2372
2025-12-27 03:15:00+00:00,11127.2372
2025-12-27 03:30:00+00:00,11127.2372
2025-12-27 03:45:00+00:00,11127.2372
2025-12-27 04:00:00+00:00,11127.2372
2025-12-27 04:15:00+00:00,11127.2372
2025-12-27 04:30:00+00:00,11127.2372
2025-12-27 04:45:00+00:00,11127.2372
2025-12-27 05:00:00+00:00,11127.2372
2025-12-27 05:15:00+00:00,11127.2372
2025-12-27 05:30:00+00:00,11127.2372
2025-12-27 05:45:00+00:00,11127.2372
2025-12-27 06:00:00+00:00,11127.2372
2025-12-27 06:15:00+00:00,11127.2372
2025-12-27 06:30:00+00:00,11127.2372
2025-12-27 06:45:00+00:00,11127.2372
2025-12-27 07:00:00+00:00,11127.2372
2025-12-27 07:15:00+00:00,11127.2372
2025-12-27 07:30:00+00:00,11127.2372
2025-12-27 07:45:00+00:00,11127.2372
2025-12-27 08:00:00+00:00,11127.2372
2025-12-27 08:15:00+00:00,11127.2372
2025-12-27 08:30:00+00:00,11127.2372
2025-12-27 08:45:00+00:00,11127.2372
2025-12-27 09:00:00+00:00,11127.2372
2025-12-27 09:15:00+00:00,11127.2372
2025-12-27 09:30:00+00:00,11127.2372
2025-12-27 09:45:00+00:00,11127.2372
2025-12-27 10:00:00+00:00,11127.2372
2025-12-27 10:15:00+00:00,11127.2372
2025-12-27 10:30:00+00:00,11127.2372
2025-12-27 10:45:00+00:00,11127.2372
2025-12-27 11:00:00+00:00,11127.2372
2025-12-27 11:15:00+00:00,11127.2372
2025-12-27 11:30:00+00:00,11127.2372
2025-12-27 11:45:00+00:00,11127.2372
2025-12-27 12:00:00+00:00,11127.2372
2025-12-27 12:15:00+00:00,11127.2372
2025-12-27 12:30:00+00:00,11127.2372
2025-12-27 12:45:00+00:00,11127.2372
2025-12-27 13:00:00+00:00,11127.2372
2025-12-27 13:15:00+00:00,11127.2372
2025-12-27 13:30:00+00:00,11127.2372
2025-12-27 13:45:00+00:00,11127.2372
2025-12-27 14:00:00+00:00,11127.2372
2025-12-27 14:15:00+00:00,11127.2372
2025-12-27 14:30:00+00:00,11127.2372
2025-12-27 14:45:00+00:00,11127.2372
2025-12-27 15:00:00+00:00,11127.2372
2025-12-27 15:15:00+00:00,11127.2372
2025-12-27 15:30:00+00:00,11127.2372
2025-12-27 15:45:00+00:00,11127.2372
2025-12-27 16:00:00+00:00,11127.2372
2025-12-27 16:15:00+00:00,11127.2372
2025-12-27 16:30:00+00:00,11127.2372
2025-12-27 16:45:00+00:00,11127.2372
2025-12-27 17:00:00+00:00,11127.2372
2025-12-27 17:15:00+00:00,11127.2372
2025-12-27 17:30:00+00:00,11127.2372
2025-12-27 17:45:00+00:00,11127.2372
2025-12-27 18:00:00+00:00,11127.2372
2025-12-27 18:15:00+00:00,11127.2372
2025-12-27 18:30:00+00:00,11127.2372
2025-12-27 18:45:00+00:00,11127.2372
2025-12-27 19:00:00+00:00,11127.2372
2025-12-27 19:15:00+00:00,11127.2372
2025-12-27 19:30:00+00:00,11127.2372
2025-12-27 19:45:00+00:00,11127.2372
2025-12-27 20:00:00+00:00,11127.2372
2025-12-27 20:15:00+00:00,11127.2372
2025-12-27 20:30:00+00:00,11127.2372
2025-12-27 20:45:00+00:00,11127.2372
2025-12-27 21:00:00+00:00,11127.2372
2025-12-27 21:15:00+00:00,11127.2372
2025-12-27 21:30:00+00:00,11127.2372
2025-12-27 21:45:00+00:00,11127.2372
2025-12-27 22:00:00+00:00,11127.2372
2025-12-27 22:15:00+00:00,11127.2372
2025-12-27 22:30:00+00:00,11127.2372
2025-12-27 22:45:00+00:00,11127.2372
2025-12-27 23:00:00+00:00,11127.2372
2025-12-27 23:15:00+00:00,11127.2372
2025-12-27 23:30:00+00:00,11127.2372
2025-12-27 23:45:00+00:00,11127.2372
2025-12-28 00:00:00+00:00,11127.2372
2025-12-28 00:15:00+00:00,11127.2372
2025-12-28 00:30:00+00:00,11127.2372
2025-12-28 00:45:00+00:00,11127.2372
2025-12-28 01:00:00+00:00,11127.2372
2025-12-28 01:15:00+00:00,11127.2372
2025-12-28 01:30:00+00:00,11127.2372
2025-12-28 01:45:00+00:00,11127.2372
2025-12-28 02:00:00+00:00,11127.2372
2025-12-28 02:15:00+00:00,11127.2372
2025-12-28 02:30:00+00:00,11127.2372
2025-12-28 02:45:00+00:00,11127.2372
2025-12-28 03:00:00+00:00,11127.2372
2025-12-28 03:15:00+00:00,11127.2372
2025-12-28 03:30:00+00:00,11127.2372
2025-12-28 03:45:00+00:00,11127.2372
2025-12-28 04:00:00+00:00,11127.2372
2025-12-28 04:15:00+00:00,11127.2372
2025-12-28 04:30:00+00:00,11127.2372
2025-12-28 04:45:00+00:00,11127.2372
2025-12-28 05:00:00+00:00,11127.2372
2025-12-28 05:15:00+00:00,11127.2372
2025-12-28 05:30:00+00:00,11127.2372
2025-12-28 05:45:00+00:00,11127.2372
2025-12-28 06:00:00+00:00,11127.2372
2025-12-28 06:15:00+00:00,11127.2372
2025-12-28 06:30:00+00:00,11127.2372
2025-12-28 06:45:00+00:00,11127.2372
2025-12-28 07:00:00+00:00,11127.2372
2025-12-28 07:15:00+00:00,11127.2372
2025-12-28 07:30:00+00:00,11127.2372
2025-12-28 07:45:00+00:00,11127.2372
2025-12-28 08:00:00+00:00,11127.2372
2025-12-28 08:15:00+00:00,11127.2372
2025-12-28 08:30:00+00:00,11127.2372
2025-12-28 08:45:00+00:00,11127.2372
2025-12-28 09:00:00+00:00,11127.2372
2025-12-28 09:15:00+00:00,11127.2372
2025-12-28 09:30:00+00:00,11015.9648
2025-12-28 09:45:00+00:00,11015.9648
2025-12-28 10:00:00+00:00,11015.9648
2025-12-28 10:15:00+00:00,11015.9648
2025-12-28 10:30:00+00:00,11015.9648
2025-12-28 10:45:00+00:00,11015.9648
2025-12-28 11:00:00+00:00,11015.9648
2025-12-28 11:15:00+00:00,11015.9648
2025-12-28 11:30:00+00:00,11015.9648
2025-12-28 11:45:00+00:00,11015.9648
2025-12-28 12:00:00+00:00,11015.9648
2025-12-28 12:15:00+00:00,11015.9648
2025-12-28 12:30:00+00:00,11015.9648
2025-12-28 12:45:00+00:00,11015.9648
2025-12-28 13:00:00+00:00,11015.9648
2025-12-28 13:15:00+00:00,11015.9648
2025-12-28 13:30:00+00:00,11015.9648
2025-12-28 13:45:00+00:00,11015.9648
2025-12-28 14:00:00+00:00,11015.9648
2025-12-28 14:15:00+00:00,11015.9648
2025-12-28 14:30:00+00:00,11015.9648
2025-12-28 14:45:00+00:00,11015.9648
2025-12-28 15:00:00+00:00,11015.9648
2025-12-28 15:15:00+00:00,11015.9648
2025-12-28 15:30:00+00:00,11015.9648
2025-12-28 15:45:00+00:00,11015.9648
2025-12-28 16:00:00+00:00,11015.9648
2025-12-28 16:15:00+00:00,11015.9648
2025-12-28 16:30:00+00:00,11015.9648
2025-12-28 16:45:00+00:00,11015.9648
2025-12-28 17:00:00+00:00,11015.9648
2025-12-28 17:15:00+00:00,11015.9648
2025-12-28 17:30:00+00:00,11015.9648
2025-12-28 17:45:00+00:00,11015.9648
2025-12-28 18:00:00+00:00,11015.9648
2025-12-28 18:15:00+00:00,11015.9648
2025-12-28 18:30:00+00:00,11015.9648
2025-12-28 18:45:00+00:00,11015.9648
2025-12-28 19:00:00+00:00,11015.9648
2025-12-28 19:15:00+00:00,11015.9648
2025-12-28 19:30:00+00:00,11015.9648
2025-12-28 19:45:00+00:00,11015.9648
2025-12-28 20:00:00+00:00,11015.9648
2025-12-28 20:15:00+00:00,11015.9648
2025-12-28 20:30:00+00:00,11015.9648
2025-12-28 20:45:00+00:00,11015.9648
2025-12-28 21:00:00+00:00,11015.9648
2025-12-28 21:15:00+00:00,11015.9648
2025-12-28 21:30:00+00:00,11015.9648
2025-12-28 21:45:00+00:00,11015.9648
2025-12-28 22:00:00+00:00,11015.9648
2025-12-28 22:15:00+00:00,11015.9648
2025-12-28 22:30:00+00:00,11015.9648
2025-12-28 22:45:00+00:00,11015.9648
2025-12-28 23:00:00+00:00,11015.9648
2025-12-28 23:15:00+00:00,11015.9648
2025-12-28 23:30:00+00:00,11015.9648
2025-12-28 23:45:00+00:00,11015.9648
2025-12-29 00:00:00+00:00,11015.9648
2025-12-29 00:15:00+00:00,11015.9648
2025-12-29 00:30:00+00:00,11015.9648
2025-12-29 00:45:00+00:00,11015.9648
2025-12-29 01:00:00+00:00,11015.9648
2025-12-29 01:15:00+00:00,11015.9648
2025-12-29 01:30:00+00:00,11015.9648
2025-12-29 01:45:00+00:00,11015.9648
2025-12-29 02:00:00+00:00,11015.9648
2025-12-29 02:15:00+00:00,11015.9648
2025-12-29 02:30:00+00:00,11015.9648
2025-12-29 02:45:00+00:00,11015.9648
2025-12-29 03:00:00+00:00,11015.9648
2025-12-29 03:15:00+00:00,11015.9648
2025-12-29 03:30:00+00:00,11015.9648
2025-12-29 03:45:00+00:00,11015.9648
2025-12-29 04:00:00+00:00,11015.9648
2025-12-29 04:15:00+00:00,11015.9648
2025-12-29 04:30:00+00:00,11015.9648
2025-12-29 04:45:00+00:00,11015.9648
2025-12-29 05:00:00+00:00,11015.9648
2025-12-29 05:15:00+00:00,11015.9648
2025-12-29 05:30:00+00:00,11015.9648
2025-12-29 05:45:00+00:00,11015.9648
2025-12-29 06:00:00+00:00,11015.9648
2025-12-29 06:15:00+00:00,11015.9648
2025-12-29 06:30:00+00:00,11015.9648
2025-12-29 06:45:00+00:00,11015.9648
2025-12-29 07:00:00+00:00,11015.9648
2025-12-29 07:15:00+00:00,11015.9648
2025-12-29 07:30:00+00:00,11015.9648
2025-12-29 07:45:00+00:00,11015.9648
2025-12-29 08:00:00+00:00,11015.9648
2025-12-29 08:15:00+00:00,11015.9648
2025-12-29 08:30:00+00:00,11015.9648
2025-12-29 08:45:00+00:00,11015.9648
2025-12-29 09:00:00+00:00,11015.9648
2025-12-29 09:15:00+00:00,11015.9648
2025-12-29 09:30:00+00:00,11015.9648
2025-12-29 09:45:00+00:00,11015.9648
2025-12-29 10:00:00+00:00,11015.9648
2025-12-29 10:15:00+00:00,11015.9648
2025-12-29 10:30:00+00:00,11015.9648
2025-12-29 10:45:00+00:00,11015.9648
2025-12-29 11:00:00+00:00,11015.9648
2025-12-29 11:15:00+00:00,11015.9648
2025-12-29 11:30:00+00:00,11015.9648
2025-12-29 11:45:00+00:00,11015.9648
2025-12-29 12:00:00+00:00,11015.9648
2025-12-29 12:15:00+00:00,11015.9648
2025-12-29 12:30:00+00:00,11015.9648
2025-12-29 12:45:00+00:00,11015.9648
2025-12-29 13:00:00+00:00,11015.9648
2025-12-29 13:15:00+00:00,11015.9648
2025-12-29 13:30:00+00:00,11015.9648
2025-12-29 13:45:00+00:00,11015.9648
2025-12-29 14:00:00+00:00,11015.9648
2025-12-29 14:15:00+00:00,11015.9648
2025-12-29 14:30:00+00:00,11015.9648
2025-12-29 14:45:00+00:00,11015.9648
2025-12-29 15:00:00+00:00,11015.9648
2025-12-29 15:15:00+00:00,11015.9648
2025-12-29 15:30:00+00:00,11015.9648
2025-12-29 15:45:00+00:00,11015.9648
2025-12-29 16:00:00+00:00,11015.9648
2025-12-29 16:15:00+00:00,11015.9648
2025-12-29 16:30:00+00:00,11015.9648
2025-12-29 16:45:00+00:00,11015.9648
2025-12-29 17:00:00+00:00,11015.9648
2025-12-29 17:15:00+00:00,11015.9648
2025-12-29 17:30:00+00:00,11015.9648
2025-12-29 17:45:00+00:00,11015.9648
2025-12-29 18:00:00+00:00,11015.9648
2025-12-29 18:15:00+00:00,11015.9648
2025-12-29 18:30:00+00:00,11015.9648
2025-12-29 18:45:00+00:00,11015.9648
2025-12-29 19:00:00+00:00,11015.9648
2025-12-29 19:15:00+00:00,11015.9648
2025-12-29 19:30:00+00:00,11015.9648
2025-12-29 19:45:00+00:00,11015.9648
2025-12-29 20:00:00+00:00,11015.9648
2025-12-29 20:15:00+00:00,11015.9648
2025-12-29 20:30:00+00:00,11015.9648
2025-12-29 20:45:00+00:00,11015.9648
2025-12-29 21:00:00+00:00,11015.9648
2025-12-29 21:15:00+00:00,11015.9648
2025-12-29 21:30:00+00:00,11015.9648
2025-12-29 21:45:00+00:00,11015.9648
2025-12-29 22:00:00+00:00,11015.9648
2025-12-29 22:15:00+00:00,11015.9648
2025-12-29 22:30:00+00:00,11015.9648
2025-12-29 22:45:00+00:00,11015.9648
2025-12-29 23:00:00+00:00,11015.9648
2025-12-29 23:15:00+00:00,11015.9648
2025-12-29 23:30:00+00:00,11015.9648
2025-12-29 23:45:00+00:00,11015.9648
2025-12-30 00:00:00+00:00,11015.9648
2025-12-30 00:15:00+00:00,11015.9648
2025-12-30 00:30:00+00:00,11015.9648
2025-12-30 00:45:00+00:00,11015.9648
2025-12-30 01:00:00+00:00,11015.9648
2025-12-30 01:15:00+00:00,11015.9648
2025-12-30 01:30:00+00:00,11015.9648
2025-12-30 01:45:00+00:00,11015.9648
2025-12-30 02:00:00+00:00,11015.9648
2025-12-30 02:15:00+00:00,11015.9648
2025-12-30 02:30:00+00:00,11015.9648
2025-12-30 02:45:00+00:00,11015.9648
2025-12-30 03:00:00+00:00,11015.9648
2025-12-30 03:15:00+00:00,11015.9648
2025-12-30 03:30:00+00:00,11015.9648
2025-12-30 03:45:00+00:00,11015.9648
2025-12-30 04:00:00+00:00,11015.9648
2025-12-30 04:15:00+00:00,11015.9648
2025-12-30 04:30:00+00:00,11015.9648
2025-12-30 04:45:00+00:00,11015.9648
2025-12-30 05:00:00+00:00,11015.9648
2025-12-30 05:15:00+00:00,11015.9648
2025-12-30 05:30:00+00:00,11015.9648
2025-12-30 05:45:00+00:00,11015.9648
2025-12-30 06:00:00+00:00,11015.9648
2025-12-30 06:15:00+00:00,11015.9648
2025-12-30 06:30:00+00:00,11015.9648
2025-12-30 06:45:00+00:00,11015.9648
2025-12-30 07:00:00+00:00,11015.9648
2025-12-30 07:15:00+00:00,11015.9648
2025-12-30 07:30:00+00:00,11015.9648
2025-12-30 07:45:00+00:00,11015.9648
2025-12-30 08:00:00+00:00,11015.9648
2025-12-30 08:15:00+00:00,11015.9648
2025-12-30 08:30:00+00:00,11015.9648
2025-12-30 08:45:00+00:00,11015.9648
2025-12-30 09:00:00+00:00,11015.9648
2025-12-30 09:15:00+00:00,11015.9648
2025-12-30 09:30:00+00:00,11015.9648
2025-12-30 09:45:00+00:00,11015.9648
2025-12-30 10:00:00+00:00,11015.9648
2025-12-30 10:15:00+00:00,11015.9648
2025-12-30 10:30:00+00:00,11015.9648
2025-12-30 10:45:00+00:00,11015.9648
2025-12-30 11:00:00+00:00,11015.9648
2025-12-30 11:15:00+00:00,11015.9648
2025-12-30 11:30:00+00:00,11015.9648
2025-12-30 11:45:00+00:00,11015.9648
2025-12-30 12:00:00+00:00,11015.9648
2025-12-30 12:15:00+00:00,11015.9648
2025-12-30 12:30:00+00:00,11015.9648
2025-12-30 12:45:00+00:00,11015.9648
2025-12-30 13:00:00+00:00,11015.9648
2025-12-30 13:15:00+00:00,11015.9648
2025-12-30 13:30:00+00:00,11015.9648
2025-12-30 13:45:00+00:00,11015.9648
2025-12-30 14:00:00+00:00,11015.9648
2025-12-30 14:15:00+00:00,11015.9648
2025-12-30 14:30:00+00:00,11015.9648
2025-12-30 14:45:00+00:00,11015.9648
2025-12-30 15:00:00+00:00,11015.9648
2025-12-30 15:15:00+00:00,11015.9648
2025-12-30 15:30:00+00:00,11015.9648
2025-12-30 15:45:00+00:00,11015.9648
2025-12-30 16:00:00+00:00,11015.9648
2025-12-30 16:15:00+00:00,11015.9648
2025-12-30 16:30:00+00:00,11015.9648
2025-12-30 16:45:00+00:00,11015.9648
2025-12-30 17:00:00+00:00,11015.9648
2025-12-30 17:15:00+00:00,11015.9648
2025-12-30 17:30:00+00:00,11015.9648
2025-12-30 17:45:00+00:00,11015.9648
2025-12-30 18:00:00+00:00,11015.9648
2025-12-30 18:15:00+00:00,11015.9648
2025-12-30 18:30:00+00:00,11015.9648
2025-12-30 18:45:00+00:00,11015.9648
2025-12-30 19:00:00+00:00,11015.9648
2025-12-30 19:15:00+00:00,11015.9648
2025-12-30 19:30:00+00:00,11015.9648
2025-12-30 19:45:00+00:00,11015.9648
2025-12-30 20:00:00+00:00,11015.9648
2025-12-30 20:15:00+00:00,11015.9648
2025-12-30 20:30:00+00:00,11015.9648
2025-12-30 20:45:00+00:00,11015.9648
2025-12-30 21:00:00+00:00,11015.9648
2025-12-30 21:15:00+00:00,11015.9648
2025-12-30 21:30:00+00:00,11015.9648
2025-12-30 21:45:00+00:00,11015.9648
2025-12-30 22:00:00+00:00,11015.9648
2025-12-30 22:15:00+00:00,11015.9648
2025-12-30 22:30:00+00:00,11015.9648
2025-12-30 22:45:00+00:00,11015.9648
2025-12-30 23:00:00+00:00,11015.9648
2025-12-30 23:15:00+00:00,11015.9648
2025-12-30 23:30:00+00:00,11015.9648
2025-12-30 23:45:00+00:00,11015.9648
2025-12-31 00:00:00+00:00,11015.9648
2025-12-31 00:15:00+00:00,11015.9648
2025-12-31 00:30:00+00:00,11015.9648
2025-12-31 00:45:00+00:00,11015.9648
2025-12-31 01:00:00+00:00,11015.9648
2025-12-31 01:15:00+00:00,11015.9648
2025-12-31 01:30:00+00:00,11015.9648
2025-12-31 01:45:00+00:00,11015.9648
2025-12-31 02:00:00+00:00,11015.9648
2025-12-31 02:15:00+00:00,11015.9648
2025-12-31 02:30:00+00:00,11015.9648
2025-12-31 02:45:00+00:00,11015.9648
2025-12-31 03:00:00+00:00,11015.9648
2025-12-31 03:15:00+00:00,11015.9648
2025-12-31 03:30:00+00:00,11015.9648
2025-12-31 03:45:00+00:00,11015.9648
2025-12-31 04:00:00+00:00,11015.9648
2025-12-31 04:15:00+00:00,11015.9648
2025-12-31 04:30:00+00:00,11015.9648
2025-12-31 04:45:00+00:00,11015.9648
2025-12-31 05:00:00+00:00,11015.9648
2025-12-31 05:15:00+00:00,11015.9648
2025-12-31 05:30:00+00:00,11015.9648
2025-12-31 05:45:00+00:00,11015.9648
2025-12-31 06:00:00+00:00,11236.2841
2025-12-31 06:15:00+00:00,11236.2841
2025-12-31 06:30:00+00:00,11236.2841
2025-12-31 06:45:00+00:00,11236.2841
2025-12-31 07:00:00+00:00,11236.2841
2025-12-31 07:15:00+00:00,11123.9213
2025-12-31 07:30:00+00:00,11123.9213
2025-12-31 07:45:00+00:00,11123.9213
2025-12-31 08:00:00+00:00,11123.9213
2025-12-31 08:15:00+00:00,11123.9213
2025-12-31 08:30:00+00:00,11123.9213
2025-12-31 08:45:00+00:00,11123.9213
2025-12-31 09:00:00+00:00,11123.9213
2025-12-31 09:15:00+00:00,11123.9213
2025-12-31 09:30:00+00:00,11123.9213
2025-12-31 09:45:00+00:00,11123.9213
2025-12-31 10:00:00+00:00,11123.9213
2025-12-31 10:15:00+00:00,11123.9213
2025-12-31 10:30:00+00:00,11123.9213
2025-12-31 10:45:00+00:00,11123.9213
2025-12-31 11:00:00+00:00,11123.9213
2025-12-31 11:15:00+00:00,11123.9213
2025-12-31 11:30:00+00:00,11123.9213
2025-12-31 11:45:00+00:00,11123.9213
2025-12-31 12:00:00+00:00,11123.9213
2025-12-31 12:15:00+00:00,11123.9213
2025-12-31 12:30:00+00:00,11123.9213
2025-12-31 12:45:00+00:00,11123.9213
2025-12-31 13:00:00+00:00,11123.9213
2025-12-31 13:15:00+00:00,11123.9213
2025-12-31 13:30:00+00:00,11123.9213
2025-12-31 13:45:00+00:00,11123.9213
2025-12-31 14:00:00+00:00,11123.9213
2025-12-31 14:15:00+00:00,11123.9213
2025-12-31 14:30:00+00:00,11123.9213
2025-12-31 14:45:00+00:00,11123.9213
2025-12-31 15:00:00+00:00,11123.9213
2025-12-31 15:15:00+00:00,11123.9213
2025-12-31 15:30:00+00:00,11123.9213
2025-12-31 15:45:00+00:00,11123.9213
2025-12-31 16:00:00+00:00,11123.9213
2025-12-31 16:15:00+00:00,11123.9213
2025-12-31 16:30:00+00:00,11123.9213
2025-12-31 16:45:00+00:00,11123.9213
2025-12-31 17:00:00+00:00,11123.9213
2025-12-31 17:15:00+00:00,11123.9213
2025-12-31 17:30:00+00:00,11123.9213
2025-12-31 17:45:00+00:00,11123.9213
2025-12-31 18:00:00+00:00,11123.9213
2025-12-31 18:15:00+00:00,11123.9213
2025-12-31 18:30:00+00:00,11123.9213
2025-12-31 18:45:00+00:00,11123.9213
2025-12-31 19:00:00+00:00,11123.9213
2025-12-31 19:15:00+00:00,11123.9213
2025-12-31 19:30:00+00:00,11123.9213
2025-12-31 19:45:00+00:00,11123.9213
2025-12-31 20:00:00+00:00,11123.9213
2025-12-31 20:15:00+00:00,11123.9213
2025-12-31 20:30:00+00:00,11123.9213
2025-12-31 20:45:00+00:00,11123.9213
2025-12-31 21:00:00+00:00,11123.9213
2025-12-31 21:15:00+00:00,11123.9213
2025-12-31 21:30:00+00:00,11123.9213
2025-12-31 21:45:00+00:00,11123.9213
2025-12-31 22:00:00+00:00,11123.9213
2025-12-31 22:15:00+00:00,11123.9213
2025-12-31 22:30:00+00:00,11123.9213
2025-12-31 22:45:00+00:00,11123.9213
2025-12-31 23:00:00+00:00,11123.9213
2025-12-31 23:15:00+00:00,11123.9213
2025-12-31 23:30:00+00:00,11123.9213
2025-12-31 23:45:00+00:00,11123.9213
2026-01-01 00:00:00+00:00,11123.9213
2026-01-01 00:15:00+00:00,11123.9213
2026-01-01 00:30:00+00:00,11123.9213
2026-01-01 00:45:00+00:00,11123.9213
2026-01-01 01:00:00+00:00,11346.3997
2026-01-01 01:15:00+00:00,11346.3997
2026-01-01 01:30:00+00:00,11346.3997
2026-01-01 01:45:00+00:00,11346.3997
2026-01-01 02:00:00+00:00,11346.3997
2026-01-01 02:15:00+00:00,11346.3997
2026-01-01 02:30:00+00:00,11346.3997
2026-01-01 02:45:00+00:00,11346.3997
2026-01-01 03:00:00+00:00,11346.3997
2026-01-01 03:15:00+00:00,11346.3997
2026-01-01 03:30:00+00:00,11232.9357
2026-01-01 03:45:00+00:00,11232.9357
2026-01-01 04:00:00+00:00,11232.9357
2026-01-01 04:15:00+00:00,11232.9357
2026-01-01 04:30:00+00:00,11232.9357
2026-01-01 04:45:00+00:00,11232.9357
2026-01-01 05:00:00+00:00,11232.9357
2026-01-01 05:15:00+00:00,11232.9357
2026-01-01 05:30:00+00:00,11232.9357
2026-01-01 05:45:00+00:00,11232.9357
2026-01-01 06:00:00+00:00,11232.9357
2026-01-01 06:15:00+00:00,11232.9357
2026-01-01 06:30:00+00:00,11232.9357
2026-01-01 06:45:00+00:00,11232.9357
2026-01-01 07:00:00+00:00,11232.9357
2026-01-01 07:15:00+00:00,11232.9357
2026-01-01 07:30:00+00:00,11232.9357
2026-01-01 07:45:00+00:00,11232.9357
2026-01-01 08:00:00+00:00,11232.9357
2026-01-01 08:15:00+00:00,11232.9357
2026-01-01 08:30:00+00:00,11232.9357
2026-01-01 08:45:00+00:00,11232.9357
2026-01-01 09:00:00+00:00,11232.9357
2026-01-01 09:15:00+00:00,11232.9357
2026-01-01 09:30:00+00:00,11232.9357
2026-01-01 09:45:00+00:00,11232.9357
2026-01-01 10:00:00+00:00,11232.9357
2026-01-01 10:15:00+00:00,11232.9357
2026-01-01 10:30:00+00:00,11232.9357
2026-01-01 10:45:00+00:00,11232.9357
2026-01-01 11:00:00+00:00,11232.9357
2026-01-01 11:15:00+00:00,11232.9357
2026-01-01 11:30:00+00:00,11232.9357
2026-01-01 11:45:00+00:00,11232.9357
2026-01-01 12:00:00+00:00,11232.9357
2026-01-01 12:15:00+00:00,11232.9357
2026-01-01 12:30:00+00:00,11232.9357
2026-01-01 12:45:00+00:00,11232.9357
2026-01-01 13:00:00+00:00,11232.9357
2026-01-01 13:15:00+00:00,11232.9357
2026-01-01 13:30:00+00:00,11232.9357
2026-01-01 13:45:00+00:00,11232.9357
2026-01-01 14:00:00+00:00,11232.9357
2026-01-01 14:15:00+00:00,11232.9357
2026-01-01 14:30:00+00:00,11232.9357
2026-01-01 14:45:00+00:00,11232.9357
2026-01-01 15:00:00+00:00,11232.9357
2026-01-01 15:15:00+00:00,11232.9357
2026-01-01 15:30:00+00:00,11232.9357
2026-01-01 15:45:00+00:00,11232.9357
2026-01-01 16:00:00+00:00,11232.9357
2026-01-01 16:15:00+00:00,11232.9357
2026-01-01 16:30:00+00:00,11232.9357
2026-01-01 16:45:00+00:00,11232.9357
2026-01-01 17:00:00+00:00,11232.9357
2026-01-01 17:15:00+00:00,11232.9357
2026-01-01 17:30:00+00:00,11232.9357
2026-01-01 17:45:00+00:00,11232.9357
2026-01-01 18:00:00+00:00,11232.9357
2026-01-01 18:15:00+00:00,11232.9357
2026-01-01 18:30:00+00:00,11232.9357
2026-01-01 18:45:00+00:00,11232.9357
2026-01-01 19:00:00+00:00,11232.9357
2026-01-01 19:15:00+00:00,11232.9357
2026-01-01 19:30:00+00:00,11232.9357
2026-01-01 19:45:00+00:00,11232.9357
2026-01-01 20:00:00+00:00,11232.9357
2026-01-01 20:15:00+00:00,11232.9357
2026-01-01 20:30:00+00:00,11232.9357
2026-01-01 20:45:00+00:00,11232.9357
2026-01-01 21:00:00+00:00,11232.9357
2026-01-01 21:15:00+00:00,11232.9357
2026-01-01 21:30:00+00:00,11232.9357
2026-01-01 21:45:00+00:00,11232.9357
2026-01-01 22:00:00+00:00,11232.9357
2026-01-01 22:15:00+00:00,11232.9357
2026-01-01 22:30:00+00:00,11232.9357
2026-01-01 22:45:00+00:00,11232.9357
2026-01-01 23:00:00+00:00,11232.9357
2026-01-01 23:15:00+00:00,11232.9357
2026-01-01 23:30:00+00:00,11232.9357
2026-01-01 23:45:00+00:00,11232.9357
2026-01-02 00:00:00+00:00,11232.9357
2026-01-02 00:15:00+00:00,11232.9357
2026-01-02 00:30:00+00:00,11232.9357
2026-01-02 00:45:00+00:00,11232.9357
2026-01-02 01:00:00+00:00,11232.9357
2026-01-02 01:15:00+00:00,11232.9357
2026-01-02 01:30:00+00:00,11232.9357
2026-01-02 01:45:00+00:00,11232.9357
2026-01-02 02:00:00+00:00,11232.9357
2026-01-02 02:15:00+00:00,11232.9357
2026-01-02 02:30:00+00:00,11232.9357
2026-01-02 02:45:00+00:00,11232.9357
2026-01-02 03:00:00+00:00,11232.9357
2026-01-02 03:15:00+00:00,11232.9357
2026-01-02 03:30:00+00:00,11232.9357
2026-01-02 03:45:00+00:00,11232.9357
2026-01-02 04:00:00+00:00,11232.9357
2026-01-02 04:15:00+00:00,11232.9357
2026-01-02 04:30:00+00:00,11232.9357
2026-01-02 04:45:00+00:00,11232.9357
2026-01-02 05:00:00+00:00,11232.9357
2026-01-02 05:15:00+00:00,11232.9357
2026-01-02 05:30:00+00:00,11232.9357
2026-01-02 05:45:00+00:00,11232.9357
2026-01-02 06:00:00+00:00,11232.9357
2026-01-02 06:15:00+00:00,11232.9357
2026-01-02 06:30:00+00:00,11232.9357
2026-01-02 06:45:00+00:00,11120.6064
2026-01-02 07:00:00+00:00,11120.6064
2026-01-02 07:15:00+00:00,11120.6064
2026-01-02 07:30:00+00:00,11120.6064
2026-01-02 07:45:00+00:00,11120.6064
2026-01-02 08:00:00+00:00,11120.6064
2026-01-02 08:15:00+00:00,11120.6064
2026-01-02 08:30:00+00:00,11120.6064
2026-01-02 08:45:00+00:00,11120.6064
2026-01-02 09:00:00+00:00,11120.6064
2026-01-02 09:15:00+00:00,11120.6064
2026-01-02 09:30:00+00:00,11120.6064
2026-01-02 09:45:00+00:00,11120.6064
2026-01-02 10:00:00+00:00,11120.6064
2026-01-02 10:15:00+00:00,11120.6064
2026-01-02 10:30:00+00:00,11120.6064
2026-01-02 10:45:00+00:00,11120.6064
2026-01-02 11:00:00+00:00,11120.6064
2026-01-02 11:15:00+00:00,11120.6064
2026-01-02 11:30:00+00:00,11120.6064
2026-01-02 11:45:00+00:00,11120.6064
2026-01-02 12:00:00+00:00,11120.6064
2026-01-02 12:15:00+00:00,11120.6064
2026-01-02 12:30:00+00:00,11120.6064
2026-01-02 12:45:00+00:00,11120.6064
2026-01-02 13:00:00+00:00,11120.6064
2026-01-02 13:15:00+00:00,11120.6064
2026-01-02 13:30:00+00:00,11120.6064
2026-01-02 13:45:00+00:00,11120.6064
2026-01-02 14:00:00+00:00,11120.6064
2026-01-02 14:15:00+00:00,11120.6064
2026-01-02 14:30:00+00:00,11120.6064
2026-01-02 14:45:00+00:00,11343.0185
2026-01-02 15:00:00+00:00,11343.0185
2026-01-02 15:15:00+00:00,11343.0185
2026-01-02 15:30:00+00:00,11343.0185
2026-01-02 15:45:00+00:00,11343.0185
2026-01-02 16:00:00+00:00,11343.0185
2026-01-02 16:15:00+00:00,11343.0185
2026-01-02 16:30:00+00:00,11343.0185
2026-01-02 16:45:00+00:00,11343.0185
2026-01-02 17:00:00+00:00,11343.0185
2026-01-02 17:15:00+00:00,11343.0185
2026-01-02 17:30:00+00:00,11343.0185
2026-01-02 17:45:00+00:00,11343.0185
2026-01-02 18:00:00+00:00,11343.0185
2026-01-02 18:15:00+00:00,11343.0185
2026-01-02 18:30:00+00:00,11343.0185
2026-01-02 18:45:00+00:00,11343.0185
2026-01-02 19:00:00+00:00,11343.0185
2026-01-02 19:15:00+00:00,11343.0185
2026-01-02 19:30:00+00:00,11343.0185
2026-01-02 19:45:00+00:00,11343.0185
2026-01-02 20:00:00+00:00,11343.0185
2026-01-02 20:15:00+00:00,11343.0185
2026-01-02 20:30:00+00:00,11343.0185
2026-01-02 20:45:00+00:00,11343.0185
2026-01-02 21:00:00+00:00,11343.0185
2026-01-02 21:15:00+00:00,11343.0185
2026-01-02 21:30:00+00:00,11343.0185
2026-01-02 21:45:00+00:00,11343.0185
2026-01-02 22:00:00+00:00,11343.0185
2026-01-02 22:15:00+00:00,11343.0185
2026-01-02 22:30:00+00:00,11343.0185
2026-01-02 22:45:00+00:00,11343.0185
2026-01-02 23:00:00+00:00,11343.0185
2026-01-02 23:15:00+00:00,11343.0185
2026-01-02 23:30:00+00:00,11343.0185
2026-01-02 23:45:00+00:00,11343.0185
2026-01-03 00:00:00+00:00,11343.0185
2026-01-03 00:15:00+00:00,11343.0185
2026-01-03 00:30:00+00:00,11343.0185
2026-01-03 00:45:00+00:00,11343.0185
2026-01-03 01:00:00+00:00,11343.0185
2026-01-03 01:15:00+00:00,11343.0185
2026-01-03 01:30:00+00:00,11343.0185
2026-01-03 01:45:00+00:00,11343.0185
2026-01-03 02:00:00+00:00,11343.0185
2026-01-03 02:15:00+00:00,11343.0185
2026-01-03 02:30:00+00:00,11343.0185
2026-01-03 02:45:00+00:00,11343.0185
2026-01-03 03:00:00+00:00,11343.0185
2026-01-03 03:15:00+00:00,11343.0185
2026-01-03 03:30:00+00:00,11343.0185
2026-01-03 03:45:00+00:00,11343.0185
2026-01-03 04:00:00+00:00,11343.0185
2026-01-03 04:15:00+00:00,11343.0185
2026-01-03 04:30:00+00:00,11343.0185
2026-01-03 04:45:00+00:00,11343.0185
2026-01-03 05:00:00+00:00,11343.0185
2026-01-03 05:15:00+00:00,11343.0185
2026-01-03 05:30:00+00:00,11343.0185
2026-01-03 05:45:00+00:00,11343.0185
2026-01-03 06:00:00+00:00,11343.0185
2026-01-03 06:15:00+00:00,11343.0185
2026-01-03 06:30:00+00:00,11343.0185
2026-01-03 06:45:00+00:00,11343.0185
2026-01-03 07:00:00+00:00,11343.0185
2026-01-03 07:15:00+00:00,11229.5883
2026-01-03 07:30:00+00:00,11229.5883
2026-01-03 07:45:00+00:00,11229.5883
2026-01-03 08:00:00+00:00,11229.5883
2026-01-03 08:15:00+00:00,11229.5883
2026-01-03 08:30:00+00:00,11229.5883
2026-01-03 08:45:00+00:00,11229.5883
2026-01-03 09:00:00+00:00,11229.5883
2026-01-03 09:15:00+00:00,11229.5883
2026-01-03 09:30:00+00:00,11229.5883
2026-01-03 09:45:00+00:00,11229.5883
2026-01-03 10:00:00+00:00,11229.5883
2026-01-03 10:15:00+00:00,11229.5883
2026-01-03 10:30:00+00:00,11229.5883
2026-01-03 10:45:00+00:00,11229.5883
2026-01-03 11:00:00+00:00,11229.5883
2026-01-03 11:15:00+00:00,11229.5883
2026-01-03 11:30:00+00:00,11229.5883
2026-01-03 11:45:00+00:00,11229.5883
2026-01-03 12:00:00+00:00,11229.5883
2026-01-03 12:15:00+00:00,11229.5883
2026-01-03 12:30:00+00:00,11229.5883
2026-01-03 12:45:00+00:00,11229.5883
2026-01-03 13:00:00+00:00,11229.5883
2026-01-03 13:15:00+00:00,11229.5883
2026-01-03 13:30:00+00:00,11229.5883
2026-01-03 13:45:00+00:00,11229.5883
2026-01-03 14:00:00+00:00,11229.5883
2026-01-03 14:15:00+00:00,11229.5883
2026-01-03 14:30:00+00:00,11229.5883
2026-01-03 14:45:00+00:00,11229.5883
2026-01-03 15:00:00+00:00,11229.5883
2026-01-03 15:15:00+00:00,11229.5883
2026-01-03 15:30:00+00:00,11229.5883
2026-01-03 15:45:00+00:00,11229.5883
2026-01-03 16:00:00+00:00,11229.5883
2026-01-03 16:15:00+00:00,11229.5883
2026-01-03 16:30:00+00:00,11229.5883
2026-01-03 16:45:00+00:00,11229.5883
2026-01-03 17:00:00+00:00,11229.5883
2026-01-03 17:15:00+00:00,11229.5883
2026-01-03 17:30:00+00:00,11229.5883
2026-01-03 17:45:00+00:00,11229.5883
2026-01-03 18:00:00+00:00,11229.5883
2026-01-03 18:15:00+00:00,11229.5883
2026-01-03 18:30:00+00:00,11229.5883
2026-01-03 18:45:00+00:00,11229.5883
2026-01-03 19:00:00+00:00,11229.5883
2026-01-03 19:15:00+00:00,11229.5883
2026-01-03 19:30:00+00:00,11229.5883
2026-01-03 19:45:00+00:00,11229.5883
2026-01-03 20:00:00+00:00,11229.5883
2026-01-03 20:15:00+00:00,11229.5883
2026-01-03 20:30:00+00:00,11229.5883
2026-01-03 20:45:00+00:00,11229.5883
2026-01-03 21:00:00+00:00,11229.5883
2026-01-03 21:15:00+00:00,11229.5883
2026-01-03 21:30:00+00:00,11229.5883
2026-01-03 21:45:00+00:00,11229.5883
2026-01-03 22:00:00+00:00,11229.5883
2026-01-03 22:15:00+00:00,11229.5883
2026-01-03 22:30:00+00:00,11229.5883
2026-01-03 22:45:00+00:00,11229.5883
2026-01-03 23:00:00+00:00,11229.5883
2026-01-03 23:15:00+00:00,11229.5883
2026-01-03 23:30:00+00:00,11229.5883
2026-01-03 23:45:00+00:00,11229.5883
2026-01-04 00:00:00+00:00,11229.5883
2026-01-04 00:15:00+00:00,11229.5883
2026-01-04 00:30:00+00:00,11229.5883
2026-01-04 00:45:00+00:00,11229.5883
2026-01-04 01:00:00+00:00,11229.5883
2026-01-04 01:15:00+00:00,11229.5883
2026-01-04 01:30:00+00:00,11229.5883
2026-01-04 01:45:00+00:00,11229.5883
2026-01-04 02:00:00+00:00,11229.5883
2026-01-04 02:15:00+00:00,11229.5883
2026-01-04 02:30:00+00:00,11229.5883
2026-01-04 02:45:00+00:00,11229.5883
2026-01-04 03:00:00+00:00,11229.5883
2026-01-04 03:15:00+00:00,11229.5883
2026-01-04 03:30:00+00:00,11229.5883
2026-01-04 03:45:00+00:00,11229.5883
2026-01-04 04:00:00+00:00,11229.5883
2026-01-04 04:15:00+00:00,11229.5883
2026-01-04 04:30:00+00:00,11229.5883
2026-01-04 04:45:00+00:00,11454.1801
2026-01-04 05:00:00+00:00,11454.1801
2026-01-04 05:15:00+00:00,11454.1801
2026-01-04 05:30:00+00:00,11454.1801
2026-01-04 05:45:00+00:00,11454.1801
2026-01-04 06:00:00+00:00,11454.1801
2026-01-04 06:15:00+00:00,11454.1801
2026-01-04 06:30:00+00:00,11454.1801
2026-01-04 06:45:00+00:00,11454.1801
2026-01-04 07:00:00+00:00,11454.1801
2026-01-04 07:15:00+00:00,11454.1801
2026-01-04 07:30:00+00:00,11454.1801
2026-01-04 07:45:00+00:00,11454.1801
2026-01-04 08:00:00+00:00,11454.1801
2026-01-04 08:15:00+00:00,11454.1801
2026-01-04 08:30:00+00:00,11454.1801
2026-01-04 08:45:00+00:00,11454.1801
2026-01-04 09:00:00+00:00,11454.1801
2026-01-04 09:15:00+00:00,11454.1801
2026-01-04 09:30:00+00:00,11454.1801
2026-01-04 09:45:00+00:00,11454.1801
2026-01-04 10:00:00+00:00,11454.1801
2026-01-04 10:15:00+00:00,11454.1801
2026-01-04 10:30:00+00:00,11454.1801
2026-01-04 10:45:00+00:00,11454.1801
2026-01-04 11:00:00+00:00,11454.1801
2026-01-04 11:15:00+00:00,11454.1801
2026-01-04 11:30:00+00:00,11454.1801
2026-01-04 11:45:00+00:00,11454.1801
2026-01-04 12:00:00+00:00,11454.1801
2026-01-04 12:15:00+00:00,11454.1801
2026-01-04 12:30:00+00:00,11454.1801
2026-01-04 12:45:00+00:00,11454.1801
2026-01-04 13:00:00+00:00,11454.1801
2026-01-04 13:15:00+00:00,11454.1801
2026-01-04 13:30:00+00:00,11454.1801
2026-01-04 13:45:00+00:00,11454.1801
2026-01-04 14:00:00+00:00,11454.1801
2026-01-04 14:15:00+00:00,11454.1801
2026-01-04 14:30:00+00:00,11454.1801
2026-01-04 14:45:00+00:00,11454.1801
2026-01-04 15:00:00+00:00,11454.1801
2026-01-04 15:15:00+00:00,11454.1801
2026-01-04 15:30:00+00:00,11454.1801
2026-01-04 15:45:00+00:00,11454.1801
2026-01-04 16:00:00+00:00,11454.1801
2026-01-04 16:15:00+00:00,11454.1801
2026-01-04 16:30:00+00:00,11454.1801
2026-01-04 16:45:00+00:00,11683.2637
2026-01-04 17:00:00+00:00,11683.2637
2026-01-04 17:15:00+00:00,11683.2637
2026-01-04 17:30:00+00:00,11683.2637
2026-01-04 17:45:00+00:00,11683.2637
2026-01-04 18:00:00+00:00,11683.2637
2026-01-04 18:15:00+00:00,11683.2637
2026-01-04 18:30:00+00:00,11683.2637
2026-01-04 18:45:00+00:00,11683.2637
2026-01-04 19:00:00+00:00,11683.2637
2026-01-04 19:15:00+00:00,11683.2637
2026-01-04 19:30:00+00:00,11683.2637
2026-01-04 19:45:00+00:00,11683.2637
2026-01-04 20:00:00+00:00,11683.2637
2026-01-04 20:15:00+00:00,11683.2637
2026-01-04 20:30:00+00:00,11683.2637
2026-01-04 20:45:00+00:00,11683.2637
2026-01-04 21:00:00+00:00,11683.2637
2026-01-04 21:15:00+00:00,11683.2637
2026-01-04 21:30:00+00:00,11683.2637
2026-01-04 21:45:00+00:00,11683.2637
2026-01-04 22:00:00+00:00,11683.2637
2026-01-04 22:15:00+00:00,11683.2637
2026-01-04 22:30:00+00:00,11683.2637
2026-01-04 22:45:00+00:00,11683.2637
2026-01-04 23:00:00+00:00,11683.2637
2026-01-04 23:15:00+00:00,11683.2637
2026-01-04 23:30:00+00:00,11683.2637
2026-01-04 23:45:00+00:00,11683.2637
2026-01-05 00:00:00+00:00,11683.2637
2026-01-05 00:15:00+00:00,11683.2637
2026-01-05 00:30:00+00:00,11683.2637
2026-01-05 00:45:00+00:00,11683.2637
2026-01-05 01:00:00+00:00,11683.2637
2026-01-05 01:15:00+00:00,11683.2637
2026-01-05 01:30:00+00:00,11683.2637
2026-01-05 01:45:00+00:00,11683.2637
2026-01-05 02:00:00+00:00,11683.2637
2026-01-05 02:15:00+00:00,11683.2637
2026-01-05 02:30:00+00:00,11683.2637
2026-01-05 02:45:00+00:00,11683.2637
2026-01-05 03:00:00+00:00,11683.2637
2026-01-05 03:15:00+00:00,11683.2637
2026-01-05 03:30:00+00:00,11683.2637
2026-01-05 03:45:00+00:00,11683.2637
2026-01-05 04:00:00+00:00,11683.2637
2026-01-05 04:15:00+00:00,11683.2637
2026-01-05 04:30:00+00:00,11683.2637
2026-01-05 04:45:00+00:00,11683.2637
2026-01-05 05:00:00+00:00,11683.2637
2026-01-05 05:15:00+00:00,11683.2637
2026-01-05 05:30:00+00:00,11683.2637
2026-01-05 05:45:00+00:00,11683.2637
2026-01-05 06:00:00+00:00,11683.2637
2026-01-05 06:15:00+00:00,11683.2637
2026-01-05 06:30:00+00:00,11566.431
2026-01-05 06:45:00+00:00,11566.431
2026-01-05 07:00:00+00:00,11566.431
2026-01-05 07:15:00+00:00,11566.431
2026-01-05 07:30:00+00:00,11566.431
2026-01-05 07:45:00+00:00,11566.431
2026-01-05 08:00:00+00:00,11566.431
2026-01-05 08:15:00+00:00,11566.431
2026-01-05 08:30:00+00:00,11566.431
2026-01-05 08:45:00+00:00,11566.431
2026-01-05 09:00:00+00:00,11566.431
2026-01-05 09:15:00+00:00,11566.431
2026-01-05 09:30:00+00:00,11566.431
2026-01-05 09:45:00+00:00,11566.431
2026-01-05 10:00:00+00:00,11566.431
2026-01-05 10:15:00+00:00,11566.431
2026-01-05 10:30:00+00:00,11566.431
2026-01-05 10:45:00+00:00,11566.431
2026-01-05 11:00:00+00:00,11566.431
2026-01-05 11:15:00+00:00,11566.431
2026-01-05 11:30:00+00:00,11566.431
2026-01-05 11:45:00+00:00,11797.7597
2026-01-05 12:00:00+00:00,11797.7597
2026-01-05 12:15:00+00:00,11797.7597
2026-01-05 12:30:00+00:00,11797.7597
2026-01-05 12:45:00+00:00,11797.7597
2026-01-05 13:00:00+00:00,11797.7597
2026-01-05 13:15:00+00:00,11797.7597
2026-01-05 13:30:00+00:00,11797.7597
2026-01-05 13:45:00+00:00,11797.7597
2026-01-05 14:00:00+00:00,11797.7597
2026-01-05 14:15:00+00:00,11797.7597
2026-01-05 14:30:00+00:00,11797.7597
2026-01-05 14:45:00+00:00,11797.7597
2026-01-05 15:00:00+00:00,11797.7597
2026-01-05 15:15:00+00:00,11797.7597
2026-01-05 15:30:00+00:00,11797.7597
2026-01-05 15:45:00+00:00,11797.7597
2026-01-05 16:00:00+00:00,11797.7597
2026-01-05 16:15:00+00:00,11797.7597
2026-01-05 16:30:00+00:00,11797.7597
2026-01-05 16:45:00+00:00,11797.7597
2026-01-05 17:00:00+00:00,11797.7597
2026-01-05 17:15:00+00:00,11679.7821
2026-01-05 17:30:00+00:00,11679.7821
2026-01-05 17:45:00+00:00,11679.7821
2026-01-05 18:00:00+00:00,11679.7821
2026-01-05 18:15:00+00:00,11679.7821
2026-01-05 18:30:00+00:00,11679.7821
2026-01-05 18:45:00+00:00,11679.7821
2026-01-05 19:00:00+00:00,11679.7821
2026-01-05 19:15:00+00:00,11913.3777
2026-01-05 19:30:00+00:00,11913.3777
2026-01-05 19:45:00+00:00,11913.3777
2026-01-05 20:00:00+00:00,11913.3777
2026-01-05 20:15:00+00:00,11913.3777
2026-01-05 20:30:00+00:00,11913.3777
2026-01-05 20:45:00+00:00,11913.3777
2026-01-05 21:00:00+00:00,11913.3777
2026-01-05 21:15:00+00:00,11913.3777
2026-01-05 21:30:00+00:00,11913.3777
2026-01-05 21:45:00+00:00,11913.3777
2026-01-05 22:00:00+00:00,11913.3777
2026-01-05 22:15:00+00:00,11913.3777
2026-01-05 22:30:00+00:00,11913.3777
2026-01-05 22:45:00+00:00,11913.3777
2026-01-05 23:00:00+00:00,11913.3777
2026-01-05 23:15:00+00:00,11913.3777
2026-01-05 23:30:00+00:00,11913.3777
2026-01-05 23:45:00+00:00,11913.3777
2026-01-06 00:00:00+00:00,11913.3777
2026-01-06 00:15:00+00:00,11913.3777
2026-01-06 00:30:00+00:00,11913.3777
2026-01-06 00:45:00+00:00,11913.3777
2026-01-06 01:00:00+00:00,11913.3777
2026-01-06 01:15:00+00:00,11913.3777
2026-01-06 01:30:00+00:00,11913.3777
2026-01-06 01:45:00+00:00,11913.3777
2026-01-06 02:00:00+00:00,11913.3777
2026-01-06 02:15:00+00:00,11913.3777
2026-01-06 02:30:00+00:00,11913.3777
2026-01-06 02:45:00+00:00,11913.3777
2026-01-06 03:00:00+00:00,11913.3777
2026-01-06 03:15:00+00:00,11913.3777
2026-01-06 03:30:00+00:00,11913.3777
2026-01-06 03:45:00+00:00,11913.3777
2026-01-06 04:00:00+00:00,12151.6453
2026-01-06 04:15:00+00:00,12151.6453
2026-01-06 04:30:00+00:00,12151.6453
2026-01-06 04:45:00+00:00,12151.6453
2026-01-06 05:00:00+00:00,12151.6453
2026-01-06 05:15:00+00:00,12151.6453
2026-01-06 05:30:00+00:00,12151.6453
2026-01-06 05:45:00+00:00,12151.6453
2026-01-06 06:00:00+00:00,12151.6453
2026-01-06 06:15:00+00:00,12030.1288
2026-01-06 06:30:00+00:00,12030.1288
2026-01-06 06:45:00+00:00,12030.1288
2026-01-06 07:00:00+00:00,12030.1288
2026-01-06 07:15:00+00:00,11909.8275
2026-01-06 07:30:00+00:00,11909.8275
2026-01-06 07:45:00+00:00,11909.8275
2026-01-06 08:00:00+00:00,11909.8275
2026-01-06 08:15:00+00:00,11790.7293
2026-01-06 08:30:00+00:00,11790.7293
2026-01-06 08:45:00+00:00,11790.7293
2026-01-06 09:00:00+00:00,11790.7293
2026-01-06 09:15:00+00:00,12026.5438
2026-01-06 09:30:00+00:00,12026.5438
2026-01-06 09:45:00+00:00,12026.5438
2026-01-06 10:00:00+00:00,12026.5438
2026-01-06 10:15:00+00:00,12026.5438
2026-01-06 10:30:00+00:00,12026.5438
2026-01-06 10:45:00+00:00,12026.5438
2026-01-06 11:00:00+00:00,12026.5438
2026-01-06 11:15:00+00:00,12026.5438
2026-01-06 11:30:00+00:00,12026.5438
2026-01-06 11:45:00+00:00,12026.5438
2026-01-06 12:00:00+00:00,12026.5438
2026-01-06 12:15:00+00:00,12026.5438
2026-01-06 12:30:00+00:00,12026.5438
2026-01-06 12:45:00+00:00,12026.5438
2026-01-06 13:00:00+00:00,12026.5438
2026-01-06 13:15:00+00:00,12026.5438
2026-01-06 13:30:00+00:00,12026.5438
2026-01-06 13:45:00+00:00,12026.5438
2026-01-06 14:00:00+00:00,12026.5438
2026-01-06 14:15:00+00:00,12026.5438
2026-01-06 14:30:00+00:00,12026.5438
2026-01-06 14:45:00+00:00,12026.5438
2026-01-06 15:00:00+00:00,12026.5438
2026-01-06 15:15:00+00:00,12026.5438
2026-01-06 15:30:00+00:00,12026.5438
2026-01-06 15:45:00+00:00,12026.5438
2026-01-06 16:00:00+00:00,12026.5438
2026-01-06 16:15:00+00:00,12026.5438
2026-01-06 16:30:00+00:00,12026.5438
2026-01-06 16:45:00+00:00,12026.5438
2026-01-06 17:00:00+00:00,12026.5438
2026-01-06 17:15:00+00:00,12026.5438
2026-01-06 17:30:00+00:00,12026.5438
2026-01-06 17:45:00+00:00,12026.5438
2026-01-06 18:00:00+00:00,12026.5438
2026-01-06 18:15:00+00:00,12026.5438
2026-01-06 18:30:00+00:00,12026.5438
2026-01-06 18:45:00+00:00,12026.5438
2026-01-06 19:00:00+00:00,12026.5438
2026-01-06 19:15:00+00:00,12026.5438
2026-01-06 19:30:00+00:00,12026.5438
2026-01-06 19:45:00+00:00,12026.5438
2026-01-06 20:00:00+00:00,12026.5438
2026-01-06 20:15:00+00:00,12026.5438
2026-01-06 20:30:00+00:00,12026.5438
2026-01-06 20:45:00+00:00,12026.5438
2026-01-06 21:00:00+00:00,12026.5438
2026-01-06 21:15:00+00:00,12026.5438
2026-01-06 21:30:00+00:00,12026.5438
2026-01-06 21:45:00+00:00,12026.5438
2026-01-06 22:00:00+00:00,12026.5438
2026-01-06 22:15:00+00:00,12026.5438
2026-01-06 22:30:00+00:00,12026.5438
2026-01-06 22:45:00+00:00,12026.5438
2026-01-06 23:00:00+00:00,12026.5438
2026-01-06 23:15:00+00:00,12026.5438
2026-01-06 23:30:00+00:00,12026.5438
2026-01-06 23:45:00+00:00,12026.5438
2026-01-07 00:00:00+00:00,12026.5438
2026-01-07 00:15:00+00:00,12026.5438
2026-01-07 00:30:00+00:00,12026.5438
2026-01-07 00:45:00+00:00,12026.5438
2026-01-07 01:00:00+00:00,12026.5438
2026-01-07 01:15:00+00:00,12026.5438
2026-01-07 01:30:00+00:00,12026.5438
2026-01-07 01:45:00+00:00,12026.5438
2026-01-07 02:00:00+00:00,12026.5438
2026-01-07 02:15:00+00:00,12026.5438
2026-01-07 02:30:00+00:00,12026.5438
2026-01-07 02:45:00+00:00,12026.5438
2026-01-07 03:00:00+00:00,12026.5438
2026-01-07 03:15:00+00:00,12026.5438
2026-01-07 03:30:00+00:00,12026.5438
2026-01-07 03:45:00+00:00,12026.5438
2026-01-07 04:00:00+00:00,12026.5438
2026-01-07 04:15:00+00:00,12026.5438
2026-01-07 04:30:00+00:00,12026.5438
2026-01-07 04:45:00+00:00,12026.5438
2026-01-07 05:00:00+00:00,12026.5438
2026-01-07 05:15:00+00:00,12026.5438
2026-01-07 05:30:00+00:00,12026.5438
2026-01-07 05:45:00+00:00,12026.5438
2026-01-07 06:00:00+00:00,12026.5438
2026-01-07 06:15:00+00:00,12026.5438
2026-01-07 06:30:00+00:00,12026.5438
2026-01-07 06:45:00+00:00,12026.5438
2026-01-07 07:00:00+00:00,12026.5438
2026-01-07 07:15:00+00:00,12026.5438
2026-01-07 07:30:00+00:00,12026.5438
2026-01-07 07:45:00+00:00,12267.0747
2026-01-07 08:00:00+00:00,12267.0747
2026-01-07 08:15:00+00:00,12267.0747
2026-01-07 08:30:00+00:00,12267.0747
2026-01-07 08:45:00+00:00,12267.0747
2026-01-07 09:00:00+00:00,12267.0747
2026-01-07 09:15:00+00:00,12267.0747
2026-01-07 09:30:00+00:00,12267.0747
2026-01-07 09:45:00+00:00,12267.0747
2026-01-07 10:00:00+00:00,12267.0747
2026-01-07 10:15:00+00:00,12267.0747
2026-01-07 10:30:00+00:00,12267.0747
2026-01-07 10:45:00+00:00,12267.0747
2026-01-07 11:00:00+00:00,12267.0747
2026-01-07 11:15:00+00:00,12267.0747
2026-01-07 11:30:00+00:00,12144.404
2026-01-07 11:45:00+00:00,12144.404
2026-01-07 12:00:00+00:00,12144.404
2026-01-07 12:15:00+00:00,12144.404
2026-01-07 12:30:00+00:00,12144.404
2026-01-07 12:45:00+00:00,12144.404
2026-01-07 13:00:00+00:00,12144.404
2026-01-07 13:15:00+00:00,12144.404
2026-01-07 13:30:00+00:00,12144.404
2026-01-07 13:45:00+00:00,12144.404
2026-01-07 14:00:00+00:00,12144.404
2026-01-07 14:15:00+00:00,12144.404
2026-01-07 14:30:00+00:00,12144.404
2026-01-07 14:45:00+00:00,12144.404
2026-01-07 15:00:00+00:00,12144.404
2026-01-07 15:15:00+00:00,12144.404
2026-01-07 15:30:00+00:00,12144.404
2026-01-07 15:45:00+00:00,12144.404
2026-01-07 16:00:00+00:00,12144.404
2026-01-07 16:15:00+00:00,12144.404
2026-01-07 16:30:00+00:00,12144.404
2026-01-07 16:45:00+00:00,12144.404
2026-01-07 17:00:00+00:00,12144.404
2026-01-07 17:15:00+00:00,12144.404
2026-01-07 17:30:00+00:00,12144.404
2026-01-07 17:45:00+00:00,12144.404
2026-01-07 18:00:00+00:00,12144.404
2026-01-07 18:15:00+00:00,12144.404
2026-01-07 18:30:00+00:00,12144.404
2026-01-07 18:45:00+00:00,12144.404
2026-01-07 19:00:00+00:00,12144.404
2026-01-07 19:15:00+00:00,12144.404
2026-01-07 19:30:00+00:00,12144.404
2026-01-07 19:45:00+00:00,12144.404
2026-01-07 20:00:00+00:00,12144.404
2026-01-07 20:15:00+00:00,12144.404
2026-01-07 20:30:00+00:00,12144.404
2026-01-07 20:45:00+00:00,12144.404
2026-01-07 21:00:00+00:00,12144.404
2026-01-07 21:15:00+00:00,12144.404
2026-01-07 21:30:00+00:00,12144.404
2026-01-07 21:45:00+00:00,12144.404
2026-01-07 22:00:00+00:00,12144.404
2026-01-07 22:15:00+00:00,12144.404
2026-01-07 22:30:00+00:00,12144.404
2026-01-07 22:45:00+00:00,12144.404
2026-01-07 23:00:00+00:00,12144.404
2026-01-07 23:15:00+00:00,12144.404
2026-01-07 23:30:00+00:00,12144.404
2026-01-07 23:45:00+00:00,12144.404
2026-01-08 00:00:00+00:00,12144.404
2026-01-08 00:15:00+00:00,12144.404
2026-01-08 00:30:00+00:00,12144.404
2026-01-08 00:45:00+00:00,12022.9599
2026-01-08 01:00:00+00:00,12022.9599
2026-01-08 01:15:00+00:00,12022.9599
2026-01-08 01:30:00+00:00,12022.9599
2026-01-08 01:45:00+00:00,12022.9599
2026-01-08 02:00:00+00:00,12022.9599
2026-01-08 02:15:00+00:00,12022.9599
2026-01-08 02:30:00+00:00,12022.9599
2026-01-08 02:45:00+00:00,12022.9599
2026-01-08 03:00:00+00:00,12022.9599
2026-01-08 03:15:00+00:00,12022.9599
2026-01-08 03:30:00+00:00,12022.9599
2026-01-08 03:45:00+00:00,12022.9599
2026-01-08 04:00:00+00:00,12022.9599
2026-01-08 04:15:00+00:00,12022.9599
2026-01-08 04:30:00+00:00,12022.9599
2026-01-08 04:45:00+00:00,12022.9599
2026-01-08 05:00:00+00:00,12022.9599
2026-01-08 05:15:00+00:00,12022.9599
2026-01-08 05:30:00+00:00,12022.9599
2026-01-08 05:45:00+00:00,12022.9599
2026-01-08 06:00:00+00:00,12022.9599
2026-01-08 06:15:00+00:00,12263.4191
2026-01-08 06:30:00+00:00,12263.4191
2026-01-08 06:45:00+00:00,12263.4191
2026-01-08 07:00:00+00:00,12263.4191
2026-01-08 07:15:00+00:00,12263.4191
2026-01-08 07:30:00+00:00,12263.4191
2026-01-08 07:45:00+00:00,12263.4191
2026-01-08 08:00:00+00:00,12263.4191
2026-01-08 08:15:00+00:00,12263.4191
2026-01-08 08:30:00+00:00,12263.4191
2026-01-08 08:45:00+00:00,12263.4191
2026-01-08 09:00:00+00:00,12263.4191
2026-01-08 09:15:00+00:00,12263.4191
2026-01-08 09:30:00+00:00,12263.4191
2026-01-08 09:45:00+00:00,12263.4191
2026-01-08 10:00:00+00:00,12263.4191
2026-01-08 10:15:00+00:00,12263.4191
2026-01-08 10:30:00+00:00,12263.4191
2026-01-08 10:45:00+00:00,12263.4191
2026-01-08 11:00:00+00:00,12263.4191
2026-01-08 11:15:00+00:00,12263.4191
2026-01-08 11:30:00+00:00,12263.4191
2026-01-08 11:45:00+00:00,12263.4191
2026-01-08 12:00:00+00:00,12263.4191
2026-01-08 12:15:00+00:00,12263.4191
2026-01-08 12:30:00+00:00,12263.4191
2026-01-08 12:45:00+00:00,12263.4191
2026-01-08 13:00:00+00:00,12263.4191
2026-01-08 13:15:00+00:00,12263.4191
2026-01-08 13:30:00+00:00,12263.4191
2026-01-08 13:45:00+00:00,12263.4191
2026-01-08 14:00:00+00:00,12263.4191
2026-01-08 14:15:00+00:00,12263.4191
2026-01-08 14:30:00+00:00,12263.4191
2026-01-08 14:45:00+00:00,12263.4191
2026-01-08 15:00:00+00:00,12263.4191
2026-01-08 15:15:00+00:00,12263.4191
2026-01-08 15:30:00+00:00,12263.4191
2026-01-08 15:45:00+00:00,12263.4191
2026-01-08 16:00:00+00:00,12263.4191
2026-01-08 16:15:00+00:00,12263.4191
2026-01-08 16:30:00+00:00,12263.4191
2026-01-08 16:45:00+00:00,12263.4191
2026-01-08 17:00:00+00:00,12263.4191
2026-01-08 17:15:00+00:00,12263.4191
2026-01-08 17:30:00+00:00,12263.4191
2026-01-08 17:45:00+00:00,12140.7849
2026-01-08 18:00:00+00:00,12140.7849
2026-01-08 18:15:00+00:00,12140.7849
2026-01-08 18:30:00+00:00,12140.7849
2026-01-08 18:45:00+00:00,12140.7849
2026-01-08 19:00:00+00:00,12140.7849
2026-01-08 19:15:00+00:00,12140.7849
2026-01-08 19:30:00+00:00,12140.7849
2026-01-08 19:45:00+00:00,12140.7849
2026-01-08 20:00:00+00:00,12140.7849
2026-01-08 20:15:00+00:00,12140.7849
2026-01-08 20:30:00+00:00,12140.7849
2026-01-08 20:45:00+00:00,12140.7849
2026-01-08 21:00:00+00:00,12140.7849
2026-01-08 21:15:00+00:00,12140.7849
2026-01-08 21:30:00+00:00,12019.3771
2026-01-08 21:45:00+00:00,12019.3771
2026-01-08 22:00:00+00:00,12019.3771
2026-01-08 22:15:00+00:00,12019.3771
2026-01-08 22:30:00+00:00,12019.3771
2026-01-08 22:45:00+00:00,12019.3771
2026-01-08 23:00:00+00:00,11899.1833
2026-01-08 23:15:00+00:00,11899.1833
2026-01-08 23:30:00+00:00,11899.1833
2026-01-08 23:45:00+00:00,11899.1833
2026-01-09 00:00:00+00:00,11899.1833
2026-01-09 00:15:00+00:00,11899.1833
2026-01-09 00:30:00+00:00,11899.1833
2026-01-09 00:45:00+00:00,11899.1833
2026-01-09 01:00:00+00:00,11899.1833
2026-01-09 01:15:00+00:00,11899.1833
2026-01-09 01:30:00+00:00,11899.1833
2026-01-09 01:45:00+00:00,11899.1833
2026-01-09 02:00:00+00:00,11899.1833
2026-01-09 02:15:00+00:00,11899.1833
2026-01-09 02:30:00+00:00,11899.1833
2026-01-09 02:45:00+00:00,11899.1833
2026-01-09 03:00:00+00:00,11899.1833
2026-01-09 03:15:00+00:00,11899.1833
2026-01-09 03:30:00+00:00,11899.1833
2026-01-09 03:45:00+00:00,11899.1833
2026-01-09 04:00:00+00:00,11899.1833
2026-01-09 04:15:00+00:00,11899.1833
2026-01-09 04:30:00+00:00,11899.1833
2026-01-09 04:45:00+00:00,11899.1833
2026-01-09 05:00:00+00:00,11899.1833
2026-01-09 05:15:00+00:00,11899.1833
2026-01-09 05:30:00+00:00,11899.1833
2026-01-09 05:45:00+00:00,11899.1833
2026-01-09 06:00:00+00:00,11899.1833
2026-01-09 06:15:00+00:00,11899.1833
2026-01-09 06:30:00+00:00,11899.1833
2026-01-09 06:45:00+00:00,11899.1833
2026-01-09 07:00:00+00:00,11899.1833
2026-01-09 07:15:00+00:00,11899.1833
2026-01-09 07:30:00+00:00,11899.1833
2026-01-09 07:45:00+00:00,11899.1833
2026-01-09 08:00:00+00:00,11899.1833
2026-01-09 08:15:00+00:00,11899.1833
2026-01-09 08:30:00+00:00,11899.1833
2026-01-09 08:45:00+00:00,11899.1833
2026-01-09 09:00:00+00:00,11899.1833
2026-01-09 09:15:00+00:00,11899.1833
2026-01-09 09:30:00+00:00,11899.1833
2026-01-09 09:45:00+00:00,11899.1833
2026-01-09 10:00:00+00:00,11899.1833
2026-01-09 10:15:00+00:00,11899.1833
2026-01-09 10:30:00+00:00,11899.1833
2026-01-09 10:45:00+00:00,11899.1833
2026-01-09 11:00:00+00:00,11899.1833
2026-01-09 11:15:00+00:00,11899.1833
2026-01-09 11:30:00+00:00,11899.1833
2026-01-09 11:45:00+00:00,11899.1833
2026-01-09 12:00:00+00:00,11899.1833
2026-01-09 12:15:00+00:00,11899.1833
2026-01-09 12:30:00+00:00,11899.1833
2026-01-09 12:45:00+00:00,11899.1833
2026-01-09 13:00:00+00:00,11899.1833
2026-01-09 13:15:00+00:00,11780.1915
2026-01-09 13:30:00+00:00,11780.1915
2026-01-09 13:45:00+00:00,11780.1915
2026-01-09 14:00:00+00:00,11780.1915
2026-01-09 14:15:00+00:00,11780.1915
2026-01-09 14:30:00+00:00,11662.3896
2026-01-09 14:45:00+00:00,11662.3896
2026-01-09 15:00:00+00:00,11662.3896
2026-01-09 15:15:00+00:00,11662.3896
2026-01-09 15:30:00+00:00,11662.3896
2026-01-09 15:45:00+00:00,11662.3896
2026-01-09 16:00:00+00:00,11662.3896
2026-01-09 16:15:00+00:00,11662.3896
2026-01-09 16:30:00+00:00,11662.3896
2026-01-09 16:45:00+00:00,11662.3896
2026-01-09 17:00:00+00:00,11662.3896
2026-01-09 17:15:00+00:00,11662.3896
2026-01-09 17:30:00+00:00,11662.3896
2026-01-09 17:45:00+00:00,11662.3896
2026-01-09 18:00:00+00:00,11662.3896
2026-01-09 18:15:00+00:00,11662.3896
2026-01-09 18:30:00+00:00,11895.6374
2026-01-09 18:45:00+00:00,11895.6374
2026-01-09 19:00:00+00:00,11895.6374
2026-01-09 19:15:00+00:00,11895.6374
2026-01-09 19:30:00+00:00,11895.6374
2026-01-09 19:45:00+00:00,11895.6374
2026-01-09 20:00:00+00:00,11895.6374
2026-01-09 20:15:00+00:00,11895.6374
2026-01-09 20:30:00+00:00,11895.6374
2026-01-09 20:45:00+00:00,11895.6374
2026-01-09 21:00:00+00:00,11895.6374
2026-01-09 21:15:00+00:00,11895.6374
2026-01-09 21:30:00+00:00,11895.6374
2026-01-09 21:45:00+00:00,11895.6374
2026-01-09 22:00:00+00:00,11895.6374
2026-01-09 22:15:00+00:00,11895.6374
2026-01-09 22:30:00+00:00,11895.6374
2026-01-09 22:45:00+00:00,11895.6374
2026-01-09 23:00:00+00:00,11895.6374
2026-01-09 23:15:00+00:00,11895.6374
2026-01-09 23:30:00+00:00,11895.6374
2026-01-09 23:45:00+00:00,11895.6374
2026-01-10 00:00:00+00:00,11895.6374
2026-01-10 00:15:00+00:00,11895.6374
2026-01-10 00:30:00+00:00,11895.6374
2026-01-10 00:45:00+00:00,11895.6374
2026-01-10 01:00:00+00:00,11895.6374
2026-01-10 01:15:00+00:00,11895.6374
2026-01-10 01:30:00+00:00,11895.6374
2026-01-10 01:45:00+00:00,11895.6374
2026-01-10 02:00:00+00:00,11895.6374
2026-01-10 02:15:00+00:00,11895.6374
2026-01-10 02:30:00+00:00,11895.6374
2026-01-10 02:45:00+00:00,11895.6374
2026-01-10 03:00:00+00:00,11895.6374
2026-01-10 03:15:00+00:00,11895.6374
2026-01-10 03:30:00+00:00,11895.6374
2026-01-10 03:45:00+00:00,11895.6374
2026-01-10 04:00:00+00:00,11895.6374
2026-01-10 04:15:00+00:00,11895.6374
2026-01-10 04:30:00+00:00,11895.6374
2026-01-10 04:45:00+00:00,11895.6374
2026-01-10 05:00:00+00:00,11895.6374
2026-01-10 05:15:00+00:00,11895.6374
2026-01-10 05:30:00+00:00,11895.6374
2026-01-10 05:45:00+00:00,11895.6374
2026-01-10 06:00:00+00:00,11895.6374
2026-01-10 06:15:00+00:00,11895.6374
2026-01-10 06:30:00+00:00,11895.6374
2026-01-10 06:45:00+00:00,11895.6374
2026-01-10 07:00:00+00:00,11895.6374
2026-01-10 07:15:00+00:00,11895.6374
2026-01-10 07:30:00+00:00,11895.6374
2026-01-10 07:45:00+00:00,11895.6374
2026-01-10 08:00:00+00:00,11895.6374
2026-01-10 08:15:00+00:00,11895.6374
2026-01-10 08:30:00+00:00,11895.6374
2026-01-10 08:45:00+00:00,11895.6374
2026-01-10 09:00:00+00:00,11895.6374
2026-01-10 09:15:00+00:00,11895.6374
2026-01-10 09:30:00+00:00,11895.6374
2026-01-10 09:45:00+00:00,11895.6374
2026-01-10 10:00:00+00:00,11895.6374
2026-01-10 10:15:00+00:00,11895.6374
2026-01-10 10:30:00+00:00,11895.6374
2026-01-10 10:45:00+00:00,11895.6374
2026-01-10 11:00:00+00:00,11895.6374
2026-01-10 11:15:00+00:00,11895.6374
2026-01-10 11:30:00+00:00,11895.6374
2026-01-10 11:45:00+00:00,11776.681
2026-01-10 12:00:00+00:00,11776.681
2026-01-10 12:15:00+00:00,11776.681
2026-01-10 12:30:00+00:00,11776.681
2026-01-10 12:45:00+00:00,11776.681
2026-01-10 13:00:00+00:00,11776.681
2026-01-10 13:15:00+00:00,11776.681
2026-01-10 13:30:00+00:00,11776.681
2026-01-10 13:45:00+00:00,11776.681
2026-01-10 14:00:00+00:00,11776.681
2026-01-10 14:15:00+00:00,11776.681
2026-01-10 14:30:00+00:00,11776.681
2026-01-10 14:45:00+00:00,11776.681
2026-01-10 15:00:00+00:00,11776.681
2026-01-10 15:15:00+00:00,11776.681
2026-01-10 15:30:00+00:00,11776.681
2026-01-10 15:45:00+00:00,11776.681
2026-01-10 16:00:00+00:00,11776.681
2026-01-10 16:15:00+00:00,11776.681
2026-01-10 16:30:00+00:00,11776.681
2026-01-10 16:45:00+00:00,11776.681
2026-01-10 17:00:00+00:00,11776.681
2026-01-10 17:15:00+00:00,11776.681
2026-01-10 17:30:00+00:00,11776.681
2026-01-10 17:45:00+00:00,11776.681
2026-01-10 18:00:00+00:00,11776.681
2026-01-10 18:15:00+00:00,11776.681
2026-01-10 18:30:00+00:00,11776.681
2026-01-10 18:45:00+00:00,11776.681
2026-01-10 19:00:00+00:00,11776.681
2026-01-10 19:15:00+00:00,11776.681
2026-01-10 19:30:00+00:00,11776.681
2026-01-10 19:45:00+00:00,11776.681
2026-01-10 20:00:00+00:00,11776.681
2026-01-10 20:15:00+00:00,11776.681
2026-01-10 20:30:00+00:00,11776.681
2026-01-10 20:45:00+00:00,11776.681
2026-01-10 21:00:00+00:00,11776.681
2026-01-10 21:15:00+00:00,11776.681
2026-01-10 21:30:00+00:00,11776.681
2026-01-10 21:45:00+00:00,11776.681
2026-01-10 22:00:00+00:00,11776.681
2026-01-10 22:15:00+00:00,11776.681
2026-01-10 22:30:00+00:00,11776.681
2026-01-10 22:45:00+00:00,11776.681
2026-01-10 23:00:00+00:00,11776.681
2026-01-10 23:15:00+00:00,11776.681
2026-01-10 23:30:00+00:00,11776.681
2026-01-10 23:45:00+00:00,11776.681
2026-01-11 00:00:00+00:00,11658.9142
2026-01-11 00:15:00+00:00,11658.9142
2026-01-11 00:30:00+00:00,11658.9142
2026-01-11 00:45:00+00:00,11658.9142
2026-01-11 01:00:00+00:00,11658.9142
2026-01-11 01:15:00+00:00,11658.9142
2026-01-11 01:30:00+00:00,11658.9142
2026-01-11 01:45:00+00:00,11658.9142
2026-01-11 02:00:00+00:00,11658.9142
2026-01-11 02:15:00+00:00,11658.9142
2026-01-11 02:30:00+00:00,11658.9142
2026-01-11 02:45:00+00:00,11658.9142
2026-01-11 03:00:00+00:00,11892.0925
2026-01-11 03:15:00+00:00,11892.0925
2026-01-11 03:30:00+00:00,11892.0925
2026-01-11 03:45:00+00:00,11892.0925
2026-01-11 04:00:00+00:00,11892.0925
2026-01-11 04:15:00+00:00,11892.0925
2026-01-11 04:30:00+00:00,11892.0925
2026-01-11 04:45:00+00:00,11892.0925
2026-01-11 05:00:00+00:00,11892.0925
2026-01-11 05:15:00+00:00,11892.0925
2026-01-11 05:30:00+00:00,11892.0925
2026-01-11 05:45:00+00:00,11892.0925
2026-01-11 06:00:00+00:00,11892.0925
2026-01-11 06:15:00+00:00,11892.0925
2026-01-11 06:30:00+00:00,11892.0925
2026-01-11 06:45:00+00:00,11892.0925
2026-01-11 07:00:00+00:00,11892.0925
2026-01-11 07:15:00+00:00,11892.0925
2026-01-11 07:30:00+00:00,12129.9343
2026-01-11 07:45:00+00:00,12129.9343
2026-01-11 08:00:00+00:00,12129.9343
2026-01-11 08:15:00+00:00,12129.9343
2026-01-11 08:30:00+00:00,12129.9343
2026-01-11 08:45:00+00:00,12129.9343
2026-01-11 09:00:00+00:00,12129.9343
2026-01-11 09:15:00+00:00,12129.9343
2026-01-11 09:30:00+00:00,12129.9343
2026-01-11 09:45:00+00:00,12129.9343
2026-01-11 10:00:00+00:00,12129.9343
2026-01-11 10:15:00+00:00,12129.9343
2026-01-11 10:30:00+00:00,12129.9343
2026-01-11 10:45:00+00:00,12129.9343
2026-01-11 11:00:00+00:00,12129.9343
2026-01-11 11:15:00+00:00,12129.9343
2026-01-11 11:30:00+00:00,12129.9343
2026-01-11 11:45:00+00:00,12129.9343
2026-01-11 12:00:00+00:00,12129.9343
2026-01-11 12:15:00+00:00,12129.9343
2026-01-11 12:30:00+00:00,12129.9343
2026-01-11 12:45:00+00:00,12129.9343
2026-01-11 13:00:00+00:00,12129.9343
2026-01-11 13:15:00+00:00,12129.9343
2026-01-11 13:30:00+00:00,12129.9343
2026-01-11 13:45:00+00:00,12129.9343
2026-01-11 14:00:00+00:00,12129.9343
2026-01-11 14:15:00+00:00,12129.9343
2026-01-11 14:30:00+00:00,12008.635
2026-01-11 14:45:00+00:00,12008.635
2026-01-11 15:00:00+00:00,12008.635
2026-01-11 15:15:00+00:00,12008.635
2026-01-11 15:30:00+00:00,12008.635
2026-01-11 15:45:00+00:00,12008.635
2026-01-11 16:00:00+00:00,12008.635
2026-01-11 16:15:00+00:00,12008.635
2026-01-11 16:30:00+00:00,12008.635
2026-01-11 16:45:00+00:00,12008.635
2026-01-11 17:00:00+00:00,12008.635
2026-01-11 17:15:00+00:00,12008.635
2026-01-11 17:30:00+00:00,12008.635
2026-01-11 17:45:00+00:00,12008.635
2026-01-11 18:00:00+00:00,12008.635
2026-01-11 18:15:00+00:00,12008.635
2026-01-11 18:30:00+00:00,12008.635
2026-01-11 18:45:00+00:00,12008.635
2026-01-11 19:00:00+00:00,12008.635
2026-01-11 19:15:00+00:00,12008.635
2026-01-11 19:30:00+00:00,12008.635
2026-01-11 19:45:00+00:00,12008.635
2026-01-11 20:00:00+00:00,12008.635
2026-01-11 20:15:00+00:00,12008.635
2026-01-11 20:30:00+00:00,12008.635
2026-01-11 20:45:00+00:00,12008.635
2026-01-11 21:00:00+00:00,12008.635
2026-01-11 21:15:00+00:00,12008.635
2026-01-11 21:30:00+00:00,12008.635
2026-01-11 21:45:00+00:00,12008.635
2026-01-11 22:00:00+00:00,12008.635
2026-01-11 22:15:00+00:00,12008.635
2026-01-11 22:30:00+00:00,12008.635
2026-01-11 22:45:00+00:00,12008.635
2026-01-11 23:00:00+00:00,12008.635
2026-01-11 23:15:00+00:00,12008.635
2026-01-11 23:30:00+00:00,12008.635
2026-01-11 23:45:00+00:00,12008.635
2026-01-12 00:00:00+00:00,12008.635
2026-01-12 00:15:00+00:00,12008.635
2026-01-12 00:30:00+00:00,12008.635
2026-01-12 00:45:00+00:00,12008.635
2026-01-12 01:00:00+00:00,12008.635
2026-01-12 01:15:00+00:00,12008.635
2026-01-12 01:30:00+00:00,12008.635
2026-01-12 01:45:00+00:00,12008.635
2026-01-12 02:00:00+00:00,12008.635
2026-01-12 02:15:00+00:00,12008.635
2026-01-12 02:30:00+00:00,12008.635
2026-01-12 02:45:00+00:00,12008.635
2026-01-12 03:00:00+00:00,12008.635
2026-01-12 03:15:00+00:00,12008.635
2026-01-12 03:30:00+00:00,12008.635
2026-01-12 03:45:00+00:00,12008.635
2026-01-12 04:00:00+00:00,12008.635
2026-01-12 04:15:00+00:00,12008.635
2026-01-12 04:30:00+00:00,12008.635
2026-01-12 04:45:00+00:00,12008.635
2026-01-12 05:00:00+00:00,12008.635
2026-01-12 05:15:00+00:00,12008.635
2026-01-12 05:30:00+00:00,12008.635
2026-01-12 05:45:00+00:00,12008.635
2026-01-12 06:00:00+00:00,12008.635
2026-01-12 06:15:00+00:00,12008.635
2026-01-12 06:30:00+00:00,12008.635
2026-01-12 06:45:00+00:00,12008.635
2026-01-12 07:00:00+00:00,12008.635
2026-01-12 07:15:00+00:00,12008.635
2026-01-12 07:30:00+00:00,12008.635
2026-01-12 07:45:00+00:00,12008.635
2026-01-12 08:00:00+00:00,12008.635
2026-01-12 08:15:00+00:00,12008.635
2026-01-12 08:30:00+00:00,12008.635
2026-01-12 08:45:00+00:00,12008.635
2026-01-12 09:00:00+00:00,12008.635
2026-01-12 09:15:00+00:00,12008.635
2026-01-12 09:30:00+00:00,12008.635
2026-01-12 09:45:00+00:00,12008.635
2026-01-12 10:00:00+00:00,12008.635
2026-01-12 10:15:00+00:00,12008.635
2026-01-12 10:30:00+00:00,12008.635
2026-01-12 10:45:00+00:00,12008.635
2026-01-12 11:00:00+00:00,12008.635
2026-01-12 11:15:00+00:00,12008.635
2026-01-12 11:30:00+00:00,12008.635
2026-01-12 11:45:00+00:00,12008.635
2026-01-12 12:00:00+00:00,12008.635
2026-01-12 12:15:00+00:00,12008.635
2026-01-12 12:30:00+00:00,12008.635
2026-01-12 12:45:00+00:00,12008.635
2026-01-12 13:00:00+00:00,12008.635
2026-01-12 13:15:00+00:00,12008.635
2026-01-12 13:30:00+00:00,12008.635
2026-01-12 13:45:00+00:00,12008.635
2026-01-12 14:00:00+00:00,12008.635
2026-01-12 14:15:00+00:00,12008.635
2026-01-12 14:30:00+00:00,12008.635
2026-01-12 14:45:00+00:00,11888.5486
2026-01-12 15:00:00+00:00,11888.5486
2026-01-12 15:15:00+00:00,11888.5486
2026-01-12 15:30:00+00:00,11888.5486
2026-01-12 15:45:00+00:00,11888.5486
2026-01-12 16:00:00+00:00,11888.5486
2026-01-12 16:15:00+00:00,11888.5486
2026-01-12 16:30:00+00:00,11888.5486
2026-01-12 16:45:00+00:00,11888.5486
2026-01-12 17:00:00+00:00,11888.5486
2026-01-12 17:15:00+00:00,11888.5486
2026-01-12 17:30:00+00:00,11888.5486
2026-01-12 17:45:00+00:00,11888.5486
2026-01-12 18:00:00+00:00,11888.5486
2026-01-12 18:15:00+00:00,11888.5486
2026-01-12 18:30:00+00:00,11888.5486
2026-01-12 18:45:00+00:00,11888.5486
2026-01-12 19:00:00+00:00,11888.5486
2026-01-12 19:15:00+00:00,11888.5486
2026-01-12 19:30:00+00:00,11888.5486
2026-01-12 19:45:00+00:00,11888.5486
2026-01-12 20:00:00+00:00,11888.5486
2026-01-12 20:15:00+00:00,11888.5486
2026-01-12 20:30:00+00:00,11888.5486
2026-01-12 20:45:00+00:00,11888.5486
2026-01-12 21:00:00+00:00,11888.5486
2026-01-12 21:15:00+00:00,11888.5486
2026-01-12 21:30:00+00:00,11888.5486
2026-01-12 21:45:00+00:00,11888.5486
2026-01-12 22:00:00+00:00,11888.5486
2026-01-12 22:15:00+00:00,11888.5486
2026-01-12 22:30:00+00:00,11888.5486
2026-01-12 22:45:00+00:00,11888.5486
2026-01-12 23:00:00+00:00,11888.5486
2026-01-12 23:15:00+00:00,11888.5486
2026-01-12 23:30:00+00:00,11888.5486
2026-01-12 23:45:00+00:00,11888.5486
2026-01-13 00:00:00+00:00,11888.5486
2026-01-13 00:15:00+00:00,11888.5486
2026-01-13 00:30:00+00:00,11888.5486
2026-01-13 00:45:00+00:00,11888.5486
2026-01-13 01:00:00+00:00,11888.5486
2026-01-13 01:15:00+00:00,11888.5486
2026-01-13 01:30:00+00:00,11888.5486
2026-01-13 01:45:00+00:00,11888.5486
2026-01-13 02:00:00+00:00,11888.5486
2026-01-13 02:15:00+00:00,11888.5486
2026-01-13 02:30:00+00:00,11888.5486
2026-01-13 02:45:00+00:00,11888.5486
2026-01-13 03:00:00+00:00,11888.5486
2026-01-13 03:15:00+00:00,11888.5486
2026-01-13 03:30:00+00:00,11888.5486
2026-01-13 03:45:00+00:00,11888.5486
2026-01-13 04:00:00+00:00,11888.5486
2026-01-13 04:15:00+00:00,11888.5486
2026-01-13 04:30:00+00:00,11888.5486
2026-01-13 04:45:00+00:00,11888.5486
2026-01-13 05:00:00+00:00,11888.5486
2026-01-13 05:15:00+00:00,11888.5486
2026-01-13 05:30:00+00:00,11888.5486
2026-01-13 05:45:00+00:00,11888.5486
2026-01-13 06:00:00+00:00,11888.5486
2026-01-13 06:15:00+00:00,11888.5486
2026-01-13 06:30:00+00:00,11888.5486
2026-01-13 06:45:00+00:00,11888.5486
2026-01-13 07:00:00+00:00,11888.5486
2026-01-13 07:15:00+00:00,11888.5486
2026-01-13 07:30:00+00:00,11769.6631
2026-01-13 07:45:00+00:00,11769.6631
2026-01-13 08:00:00+00:00,11769.6631
2026-01-13 08:15:00+00:00,11769.6631
2026-01-13 08:30:00+00:00,11769.6631
2026-01-13 08:45:00+00:00,11769.6631
2026-01-13 09:00:00+00:00,11769.6631
2026-01-13 09:15:00+00:00,11651.9665
2026-01-13 09:30:00+00:00,11651.9665
2026-01-13 09:45:00+00:00,11651.9665
2026-01-13 10:00:00+00:00,11651.9665
2026-01-13 10:15:00+00:00,11651.9665
2026-01-13 10:30:00+00:00,11651.9665
2026-01-13 10:45:00+00:00,11651.9665
2026-01-13 11:00:00+00:00,11651.9665
2026-01-13 11:15:00+00:00,11651.9665
2026-01-13 11:30:00+00:00,11651.9665
2026-01-13 11:45:00+00:00,11651.9665
2026-01-13 12:00:00+00:00,11651.9665
2026-01-13 12:15:00+00:00,11651.9665
2026-01-13 12:30:00+00:00,11651.9665
2026-01-13 12:45:00+00:00,11651.9665
2026-01-13 13:00:00+00:00,11651.9665
2026-01-13 13:15:00+00:00,11651.9665
2026-01-13 13:30:00+00:00,11651.9665
2026-01-13 13:45:00+00:00,11651.9665
2026-01-13 14:00:00+00:00,11535.4468
2026-01-13 14:15:00+00:00,11535.4468
2026-01-13 14:30:00+00:00,11535.4468
2026-01-13 14:45:00+00:00,11535.4468
2026-01-13 15:00:00+00:00,11420.0924
2026-01-13 15:15:00+00:00,11420.0924
2026-01-13 15:30:00+00:00,11420.0924
2026-01-13 15:45:00+00:00,11420.0924
2026-01-13 16:00:00+00:00,11420.0924
2026-01-13 16:15:00+00:00,11420.0924
2026-01-13 16:30:00+00:00,11648.4942
2026-01-13 16:45:00+00:00,11648.4942
2026-01-13 17:00:00+00:00,11648.4942
2026-01-13 17:15:00+00:00,11648.4942
2026-01-13 17:30:00+00:00,11648.4942
2026-01-13 17:45:00+00:00,11648.4942
2026-01-13 18:00:00+00:00,11648.4942
2026-01-13 18:15:00+00:00,11648.4942
2026-01-13 18:30:00+00:00,11648.4942
2026-01-13 18:45:00+00:00,11648.4942
2026-01-13 19:00:00+00:00,11648.4942
2026-01-13 19:15:00+00:00,11648.4942
2026-01-13 19:30:00+00:00,11648.4942
2026-01-13 19:45:00+00:00,11648.4942
2026-01-13 20:00:00+00:00,11648.4942
2026-01-13 20:15:00+00:00,11648.4942
2026-01-13 20:30:00+00:00,11648.4942
2026-01-13 20:45:00+00:00,11648.4942
2026-01-13 21:00:00+00:00,11648.4942
2026-01-13 21:15:00+00:00,11648.4942
2026-01-13 21:30:00+00:00,11648.4942
2026-01-13 21:45:00+00:00,11648.4942
2026-01-13 22:00:00+00:00,11648.4942
2026-01-13 22:15:00+00:00,11648.4942
2026-01-13 22:30:00+00:00,11648.4942
2026-01-13 22:45:00+00:00,11648.4942
2026-01-13 23:00:00+00:00,11648.4942
2026-01-13 23:15:00+00:00,11648.4942
2026-01-13 23:30:00+00:00,11648.4942
2026-01-13 23:45:00+00:00,11648.4942
2026-01-14 00:00:00+00:00,11648.4942
2026-01-14 00:15:00+00:00,11648.4942
2026-01-14 00:30:00+00:00,11648.4942
2026-01-14 00:45:00+00:00,11648.4942
2026-01-14 01:00:00+00:00,11648.4942
2026-01-14 01:15:00+00:00,11648.4942
2026-01-14 01:30:00+00:00,11648.4942
2026-01-14 01:45:00+00:00,11648.4942
2026-01-14 02:00:00+00:00,11648.4942
2026-01-14 02:15:00+00:00,11648.4942
2026-01-14 02:30:00+00:00,11648.4942
2026-01-14 02:45:00+00:00,11648.4942
2026-01-14 03:00:00+00:00,11648.4942
2026-01-14 03:15:00+00:00,11648.4942
2026-01-14 03:30:00+00:00,11648.4942
2026-01-14 03:45:00+00:00,11648.4942
2026-01-14 04:00:00+00:00,11648.4942
2026-01-14 04:15:00+00:00,11648.4942
2026-01-14 04:30:00+00:00,11648.4942
2026-01-14 04:45:00+00:00,11648.4942
2026-01-14 05:00:00+00:00,11648.4942
2026-01-14 05:15:00+00:00,11648.4942
2026-01-14 05:30:00+00:00,11648.4942
2026-01-14 05:45:00+00:00,11648.4942
2026-01-14 06:00:00+00:00,11648.4942
2026-01-14 06:15:00+00:00,11648.4942
2026-01-14 06:30:00+00:00,11648.4942
2026-01-14 06:45:00+00:00,11648.4942
2026-01-14 07:00:00+00:00,11648.4942
2026-01-14 07:15:00+00:00,11648.4942
2026-01-14 07:30:00+00:00,11648.4942
2026-01-14 07:45:00+00:00,11648.4942
2026-01-14 08:00:00+00:00,11648.4942
2026-01-14 08:15:00+00:00,11648.4942
2026-01-14 08:30:00+00:00,11648.4942
2026-01-14 08:45:00+00:00,11532.0093
2026-01-14 09:00:00+00:00,11532.0093
2026-01-14 09:15:00+00:00,11532.0093
2026-01-14 09:30:00+00:00,11532.0093
2026-01-14 09:45:00+00:00,11532.0093
2026-01-14 10:00:00+00:00,11532.0093
2026-01-14 10:15:00+00:00,11416.6892
2026-01-14 10:30:00+00:00,11416.6892
2026-01-14 10:45:00+00:00,11416.6892
2026-01-14 11:00:00+00:00,11416.6892
2026-01-14 11:15:00+00:00,11416.6892
2026-01-14 11:30:00+00:00,11416.6892
2026-01-14 11:45:00+00:00,11302.5223
2026-01-14 12:00:00+00:00,11302.5223
2026-01-14 12:15:00+00:00,11302.5223
2026-01-14 12:30:00+00:00,11302.5223
2026-01-14 12:45:00+00:00,11302.5223
2026-01-14 13:00:00+00:00,11302.5223
2026-01-14 13:15:00+00:00,11302.5223
2026-01-14 13:30:00+00:00,11302.5223
2026-01-14 13:45:00+00:00,11302.5223
2026-01-14 14:00:00+00:00,11302.5223
2026-01-14 14:15:00+00:00,11302.5223
2026-01-14 14:30:00+00:00,11302.5223
2026-01-14 14:45:00+00:00,11302.5223
2026-01-14 15:00:00+00:00,11302.5223
2026-01-14 15:15:00+00:00,11302.5223
2026-01-14 15:30:00+00:00,11302.5223
2026-01-14 15:45:00+00:00,11302.5223
2026-01-14 16:00:00+00:00,11302.5223
2026-01-14 16:15:00+00:00,11302.5223
2026-01-14 16:30:00+00:00,11302.5223
2026-01-14 16:45:00+00:00,11302.5223
2026-01-14 17:00:00+00:00,11302.5223
2026-01-14 17:15:00+00:00,11302.5223
2026-01-14 17:30:00+00:00,11302.5223
2026-01-14 17:45:00+00:00,11302.5223
2026-01-14 18:00:00+00:00,11302.5223
2026-01-14 18:15:00+00:00,11302.5223
2026-01-14 18:30:00+00:00,11302.5223
2026-01-14 18:45:00+00:00,11302.5223
2026-01-14 19:00:00+00:00,11302.5223
2026-01-14 19:15:00+00:00,11302.5223
2026-01-14 19:30:00+00:00,11302.5223
2026-01-14 19:45:00+00:00,11302.5223
2026-01-14 20:00:00+00:00,11302.5223
2026-01-14 20:15:00+00:00,11302.5223
2026-01-14 20:30:00+00:00,11302.5223
2026-01-14 20:45:00+00:00,11302.5223
2026-01-14 21:00:00+00:00,11302.5223
2026-01-14 21:15:00+00:00,11302.5223
2026-01-14 21:30:00+00:00,11302.5223
2026-01-14 21:45:00+00:00,11302.5223
2026-01-14 22:00:00+00:00,11302.5223
2026-01-14 22:15:00+00:00,11302.5223
2026-01-14 22:30:00+00:00,11302.5223
2026-01-14 22:45:00+00:00,11302.5223
2026-01-14 23:00:00+00:00,11302.5223
2026-01-14 23:15:00+00:00,11302.5223
2026-01-14 23:30:00+00:00,11302.5223
2026-01-14 23:45:00+00:00,11302.5223
2026-01-15 00:00:00+00:00,11302.5223
2026-01-15 00:15:00+00:00,11302.5223
2026-01-15 00:30:00+00:00,11189.4971
2026-01-15 00:45:00+00:00,11189.4971
2026-01-15 01:00:00+00:00,11189.4971
2026-01-15 01:15:00+00:00,11189.4971
2026-01-15 01:30:00+00:00,11189.4971
2026-01-15 01:45:00+00:00,11189.4971
2026-01-15 02:00:00+00:00,11189.4971
2026-01-15 02:15:00+00:00,11189.4971
2026-01-15 02:30:00+00:00,11189.4971
2026-01-15 02:45:00+00:00,11189.4971
2026-01-15 03:00:00+00:00,11189.4971
2026-01-15 03:15:00+00:00,11189.4971
2026-01-15 03:30:00+00:00,11189.4971
2026-01-15 03:45:00+00:00,11189.4971
2026-01-15 04:00:00+00:00,11189.4971
2026-01-15 04:15:00+00:00,11189.4971
2026-01-15 04:30:00+00:00,11189.4971
2026-01-15 04:45:00+00:00,11189.4971
2026-01-15 05:00:00+00:00,11189.4971
2026-01-15 05:15:00+00:00,11189.4971
2026-01-15 05:30:00+00:00,11189.4971
2026-01-15 05:45:00+00:00,11189.4971
2026-01-15 06:00:00+00:00,11189.4971
2026-01-15 06:15:00+00:00,11189.4971
2026-01-15 06:30:00+00:00,11189.4971
2026-01-15 06:45:00+00:00,11189.4971
2026-01-15 07:00:00+00:00,11189.4971
2026-01-15 07:15:00+00:00,11189.4971
2026-01-15 07:30:00+00:00,11189.4971
2026-01-15 07:45:00+00:00,11189.4971
2026-01-15 08:00:00+00:00,11189.4971
2026-01-15 08:15:00+00:00,11189.4971
2026-01-15 08:30:00+00:00,11189.4971
2026-01-15 08:45:00+00:00,11189.4971
2026-01-15 09:00:00+00:00,11189.4971
2026-01-15 09:15:00+00:00,11189.4971
2026-01-15 09:30:00+00:00,11077.6021
2026-01-15 09:45:00+00:00,11077.6021
2026-01-15 10:00:00+00:00,11077.6021
2026-01-15 10:15:00+00:00,11077.6021
2026-01-15 10:30:00+00:00,11077.6021
2026-01-15 10:45:00+00:00,11077.6021
2026-01-15 11:00:00+00:00,11077.6021
2026-01-15 11:15:00+00:00,11077.6021
2026-01-15 11:30:00+00:00,11299.1541
2026-01-15 11:45:00+00:00,11299.1541
2026-01-15 12:00:00+00:00,11299.1541
2026-01-15 12:15:00+00:00,11186.1626
2026-01-15 12:30:00+00:00,11186.1626
2026-01-15 12:45:00+00:00,11186.1626
2026-01-15 13:00:00+00:00,11186.1626
2026-01-15 13:15:00+00:00,11409.8858
2026-01-15 13:30:00+00:00,11409.8858
2026-01-15 13:45:00+00:00,11409.8858
2026-01-15 14:00:00+00:00,11409.8858
2026-01-15 14:15:00+00:00,11295.787
2026-01-15 14:30:00+00:00,11295.787
2026-01-15 14:45:00+00:00,11295.787
2026-01-15 15:00:00+00:00,11295.787
2026-01-15 15:15:00+00:00,11295.787
2026-01-15 15:30:00+00:00,11295.787
2026-01-15 15:45:00+00:00,11295.787
2026-01-15 16:00:00+00:00,11295.787
2026-01-15 16:15:00+00:00,11295.787
2026-01-15 16:30:00+00:00,11295.787
2026-01-15 16:45:00+00:00,11295.787
2026-01-15 17:00:00+00:00,11295.787
2026-01-15 17:15:00+00:00,11295.787
2026-01-15 17:30:00+00:00,11295.787
2026-01-15 17:45:00+00:00,11295.787
2026-01-15 18:00:00+00:00,11182.8291
2026-01-15 18:15:00+00:00,11182.8291
2026-01-15 18:30:00+00:00,11182.8291
2026-01-15 18:45:00+00:00,11182.8291
2026-01-15 19:00:00+00:00,11182.8291
2026-01-15 19:15:00+00:00,11182.8291
2026-01-15 19:30:00+00:00,11182.8291
2026-01-15 19:45:00+00:00,11182.8291
2026-01-15 20:00:00+00:00,11182.8291
2026-01-15 20:15:00+00:00,11182.8291
2026-01-15 20:30:00+00:00,11182.8291
2026-01-15 20:45:00+00:00,11182.8291
2026-01-15 21:00:00+00:00,11182.8291
2026-01-15 21:15:00+00:00,11182.8291
2026-01-15 21:30:00+00:00,11182.8291
2026-01-15 21:45:00+00:00,11182.8291
2026-01-15 22:00:00+00:00,11182.8291
2026-01-15 22:15:00+00:00,11182.8291
2026-01-15 22:30:00+00:00,11182.8291
2026-01-15 22:45:00+00:00,11182.8291
2026-01-15 23:00:00+00:00,11182.8291
2026-01-15 23:15:00+00:00,11182.8291
2026-01-15 23:30:00+00:00,11182.8291
2026-01-15 23:45:00+00:00,11182.8291
2026-01-16 00:00:00+00:00,11182.8291
2026-01-16 00:15:00+00:00,11182.8291
2026-01-16 00:30:00+00:00,11182.8291
2026-01-16 00:45:00+00:00,11182.8291
2026-01-16 01:00:00+00:00,11182.8291
2026-01-16 01:15:00+00:00,11182.8291
2026-01-16 01:30:00+00:00,11182.8291
2026-01-16 01:45:00+00:00,11182.8291
2026-01-16 02:00:00+00:00,11182.8291
2026-01-16 02:15:00+00:00,11182.8291
2026-01-16 02:30:00+00:00,11182.8291
2026-01-16 02:45:00+00:00,11182.8291
2026-01-16 03:00:00+00:00,11182.8291
2026-01-16 03:15:00+00:00,11182.8291
2026-01-16 03:30:00+00:00,11182.8291
2026-01-16 03:45:00+00:00,11182.8291
2026-01-16 04:00:00+00:00,11182.8291
2026-01-16 04:15:00+00:00,11182.8291
2026-01-16 04:30:00+00:00,11182.8291
2026-01-16 04:45:00+00:00,11182.8291
2026-01-16 05:00:00+00:00,11182.8291
2026-01-16 05:15:00+00:00,11182.8291
2026-01-16 05:30:00+00:00,11182.8291
2026-01-16 05:45:00+00:00,11182.8291
2026-01-16 06:00:00+00:00,11182.8291
2026-01-16 06:15:00+00:00,11182.8291
2026-01-16 06:30:00+00:00,11182.8291
2026-01-16 06:45:00+00:00,11182.8291
2026-01-16 07:00:00+00:00,11182.8291
2026-01-16 07:15:00+00:00,11182.8291
2026-01-16 07:30:00+00:00,11182.8291
2026-01-16 07:45:00+00:00,11182.8291
2026-01-16 08:00:00+00:00,11182.8291
2026-01-16 08:15:00+00:00,11182.8291
2026-01-16 08:30:00+00:00,11182.8291
2026-01-16 08:45:00+00:00,11182.8291
2026-01-16 09:00:00+00:00,11182.8291
2026-01-16 09:15:00+00:00,11182.8291
2026-01-16 09:30:00+00:00,11182.8291
2026-01-16 09:45:00+00:00,11182.8291
2026-01-16 10:00:00+00:00,11182.8291
2026-01-16 10:15:00+00:00,11182.8291
2026-01-16 10:30:00+00:00,11182.8291
2026-01-16 10:45:00+00:00,11182.8291
2026-01-16 11:00:00+00:00,11182.8291
2026-01-16 11:15:00+00:00,11182.8291
2026-01-16 11:30:00+00:00,11182.8291
2026-01-16 11:45:00+00:00,11182.8291
2026-01-16 12:00:00+00:00,11182.8291
2026-01-16 12:15:00+00:00,11182.8291
2026-01-16 12:30:00+00:00,11182.8291
2026-01-16 12:45:00+00:00,11182.8291
2026-01-16 13:00:00+00:00,11182.8291
2026-01-16 13:15:00+00:00,11182.8291
2026-01-16 13:30:00+00:00,11182.8291
2026-01-16 13:45:00+00:00,11182.8291
2026-01-16 14:00:00+00:00,11182.8291
2026-01-16 14:15:00+00:00,11182.8291
2026-01-16 14:30:00+00:00,11182.8291
2026-01-16 14:45:00+00:00,11182.8291
2026-01-16 15:00:00+00:00,11182.8291
2026-01-16 15:15:00+00:00,11182.8291
2026-01-16 15:30:00+00:00,11182.8291
2026-01-16 15:45:00+00:00,11182.8291
2026-01-16 16:00:00+00:00,11182.8291
2026-01-16 16:15:00+00:00,11182.8291
2026-01-16 16:30:00+00:00,11182.8291
2026-01-16 16:45:00+00:00,11182.8291
2026-01-16 17:00:00+00:00,11182.8291
2026-01-16 17:15:00+00:00,11182.8291
2026-01-16 17:30:00+00:00,11182.8291
2026-01-16 17:45:00+00:00,11182.8291
2026-01-16 18:00:00+00:00,11182.8291
2026-01-16 18:15:00+00:00,11182.8291
2026-01-16 18:30:00+00:00,11182.8291
2026-01-16 18:45:00+00:00,11182.8291
2026-01-16 19:00:00+00:00,11182.8291
2026-01-16 19:15:00+00:00,11182.8291
2026-01-16 19:30:00+00:00,11182.8291
2026-01-16 19:45:00+00:00,11182.8291
2026-01-16 20:00:00+00:00,11182.8291
2026-01-16 20:15:00+00:00,11182.8291
2026-01-16 20:30:00+00:00,11182.8291
2026-01-16 20:45:00+00:00,11182.8291
2026-01-16 21:00:00+00:00,11182.8291
2026-01-16 21:15:00+00:00,11182.8291
2026-01-16 21:30:00+00:00,11182.8291
2026-01-16 21:45:00+00:00,11182.8291
2026-01-16 22:00:00+00:00,11182.8291
2026-01-16 22:15:00+00:00,11182.8291
2026-01-16 22:30:00+00:00,11182.8291
2026-01-16 22:45:00+00:00,11182.8291
2026-01-16 23:00:00+00:00,11182.8291
2026-01-16 23:15:00+00:00,11182.8291
2026-01-16 23:30:00+00:00,11182.8291
2026-01-16 23:45:00+00:00,11182.8291
2026-01-17 00:00:00+00:00,11182.8291
2026-01-17 00:15:00+00:00,11182.8291
2026-01-17 00:30:00+00:00,11182.8291
2026-01-17 00:45:00+00:00,11182.8291
2026-01-17 01:00:00+00:00,11182.8291
2026-01-17 01:15:00+00:00,11182.8291
2026-01-17 01:30:00+00:00,11182.8291
2026-01-17 01:45:00+00:00,11182.8291
2026-01-17 02:00:00+00:00,11182.8291
2026-01-17 02:15:00+00:00,11182.8291
2026-01-17 02:30:00+00:00,11182.8291
2026-01-17 02:45:00+00:00,11182.8291
2026-01-17 03:00:00+00:00,11182.8291
2026-01-17 03:15:00+00:00,11182.8291
2026-01-17 03:30:00+00:00,11182.8291
2026-01-17 03:45:00+00:00,11182.8291
2026-01-17 04:00:00+00:00,11182.8291
2026-01-17 04:15:00+00:00,11182.8291
2026-01-17 04:30:00+00:00,11182.8291
2026-01-17 04:45:00+00:00,11182.8291
2026-01-17 05:00:00+00:00,11182.8291
2026-01-17 05:15:00+00:00,11182.8291
2026-01-17 05:30:00+00:00,11182.8291
2026-01-17 05:45:00+00:00,11182.8291
2026-01-17 06:00:00+00:00,11182.8291
2026-01-17 06:15:00+00:00,11182.8291
2026-01-17 06:30:00+00:00,11182.8291
2026-01-17 06:45:00+00:00,11182.8291
2026-01-17 07:00:00+00:00,11182.8291
2026-01-17 07:15:00+00:00,11182.8291
2026-01-17 07:30:00+00:00,11182.8291
2026-01-17 07:45:00+00:00,11182.8291
2026-01-17 08:00:00+00:00,11182.8291
2026-01-17 08:15:00+00:00,11182.8291
2026-01-17 08:30:00+00:00,11182.8291
2026-01-17 08:45:00+00:00,11182.8291
2026-01-17 09:00:00+00:00,11182.8291
2026-01-17 09:15:00+00:00,11182.8291
2026-01-17 09:30:00+00:00,11182.8291
2026-01-17 09:45:00+00:00,11182.8291
2026-01-17 10:00:00+00:00,11182.8291
2026-01-17 10:15:00+00:00,11182.8291
2026-01-17 10:30:00+00:00,11182.8291
2026-01-17 10:45:00+00:00,11182.8291
2026-01-17 11:00:00+00:00,11182.8291
2026-01-17 11:15:00+00:00,11182.8291
2026-01-17 11:30:00+00:00,11182.8291
2026-01-17 11:45:00+00:00,11182.8291
2026-01-17 12:00:00+00:00,11182.8291
2026-01-17 12:15:00+00:00,11182.8291
2026-01-17 12:30:00+00:00,11182.8291
2026-01-17 12:45:00+00:00,11182.8291
2026-01-17 13:00:00+00:00,11182.8291
2026-01-17 13:15:00+00:00,11182.8291
2026-01-17 13:30:00+00:00,11182.8291
2026-01-17 13:45:00+00:00,11182.8291
2026-01-17 14:00:00+00:00,11182.8291
2026-01-17 14:15:00+00:00,11182.8291
2026-01-17 14:30:00+00:00,11182.8291
2026-01-17 14:45:00+00:00,11182.8291
2026-01-17 15:00:00+00:00,11182.8291
2026-01-17 15:15:00+00:00,11182.8291
2026-01-17 15:30:00+00:00,11406.4857
2026-01-17 15:45:00+00:00,11406.4857
2026-01-17 16:00:00+00:00,11406.4857
2026-01-17 16:15:00+00:00,11406.4857
2026-01-17 16:30:00+00:00,11406.4857
2026-01-17 16:45:00+00:00,11406.4857
2026-01-17 17:00:00+00:00,11406.4857
2026-01-17 17:15:00+00:00,11406.4857
2026-01-17 17:30:00+00:00,11406.4857
2026-01-17 17:45:00+00:00,11406.4857
2026-01-17 18:00:00+00:00,11406.4857
2026-01-17 18:15:00+00:00,11406.4857
2026-01-17 18:30:00+00:00,11406.4857
2026-01-17 18:45:00+00:00,11406.4857
2026-01-17 19:00:00+00:00,11406.4857
2026-01-17 19:15:00+00:00,11406.4857
2026-01-17 19:30:00+00:00,11406.4857
2026-01-17 19:45:00+00:00,11406.4857
2026-01-17 20:00:00+00:00,11406.4857
2026-01-17 20:15:00+00:00,11406.4857
2026-01-17 20:30:00+00:00,11406.4857
2026-01-17 20:45:00+00:00,11406.4857
2026-01-17 21:00:00+00:00,11406.4857
2026-01-17 21:15:00+00:00,11406.4857
2026-01-17 21:30:00+00:00,11406.4857
2026-01-17 21:45:00+00:00,11406.4857
2026-01-17 22:00:00+00:00,11406.4857
2026-01-17 22:15:00+00:00,11406.4857
2026-01-17 22:30:00+00:00,11406.4857
2026-01-17 22:45:00+00:00,11406.4857
2026-01-17 23:00:00+00:00,11406.4857
2026-01-17 23:15:00+00:00,11406.4857
2026-01-17 23:30:00+00:00,11406.4857
2026-01-17 23:45:00+00:00,11406.4857
2026-01-18 00:00:00+00:00,11406.4857
2026-01-18 00:15:00+00:00,11406.4857
2026-01-18 00:30:00+00:00,11406.4857
2026-01-18 00:45:00+00:00,11406.4857
2026-01-18 01:00:00+00:00,11406.4857
2026-01-18 01:15:00+00:00,11406.4857
2026-01-18 01:30:00+00:00,11406.4857
2026-01-18 01:45:00+00:00,11406.4857
2026-01-18 02:00:00+00:00,11406.4857
2026-01-18 02:15:00+00:00,11406.4857
2026-01-18 02:30:00+00:00,11292.4208
2026-01-18 02:45:00+00:00,11292.4208
2026-01-18 03:00:00+00:00,11292.4208
2026-01-18 03:15:00+00:00,11292.4208
2026-01-18 03:30:00+00:00,11292.4208
2026-01-18 03:45:00+00:00,11518.2693
2026-01-18 04:00:00+00:00,11518.2693
2026-01-18 04:15:00+00:00,11518.2693
2026-01-18 04:30:00+00:00,11518.2693
2026-01-18 04:45:00+00:00,11518.2693
2026-01-18 05:00:00+00:00,11518.2693
2026-01-18 05:15:00+00:00,11518.2693
2026-01-18 05:30:00+00:00,11518.2693
2026-01-18 05:45:00+00:00,11518.2693
2026-01-18 06:00:00+00:00,11518.2693
2026-01-18 06:15:00+00:00,11518.2693
2026-01-18 06:30:00+00:00,11518.2693
2026-01-18 06:45:00+00:00,11518.2693
2026-01-18 07:00:00+00:00,11518.2693
2026-01-18 07:15:00+00:00,11518.2693
2026-01-18 07:30:00+00:00,11518.2693
2026-01-18 07:45:00+00:00,11518.2693
2026-01-18 08:00:00+00:00,11518.2693
2026-01-18 08:15:00+00:00,11518.2693
2026-01-18 08:30:00+00:00,11518.2693
2026-01-18 08:45:00+00:00,11518.2693
2026-01-18 09:00:00+00:00,11518.2693
2026-01-18 09:15:00+00:00,11518.2693
2026-01-18 09:30:00+00:00,11518.2693
2026-01-18 09:45:00+00:00,11518.2693
2026-01-18 10:00:00+00:00,11518.2693
2026-01-18 10:15:00+00:00,11518.2693
2026-01-18 10:30:00+00:00,11518.2693
2026-01-18 10:45:00+00:00,11518.2693
2026-01-18 11:00:00+00:00,11518.2693
2026-01-18 11:15:00+00:00,11518.2693
2026-01-18 11:30:00+00:00,11518.2693
2026-01-18 11:45:00+00:00,11518.2693
2026-01-18 12:00:00+00:00,11518.2693
2026-01-18 12:15:00+00:00,11518.2693
2026-01-18 12:30:00+00:00,11518.2693
2026-01-18 12:45:00+00:00,11518.2693
2026-01-18 13:00:00+00:00,11518.2693
2026-01-18 13:15:00+00:00,11518.2693
2026-01-18 13:30:00+00:00,11518.2693
2026-01-18 13:45:00+00:00,11518.2693
2026-01-18 14:00:00+00:00,11518.2693
2026-01-18 14:15:00+00:00,11518.2693
2026-01-18 14:30:00+00:00,11518.2693
2026-01-18 14:45:00+00:00,11518.2693
2026-01-18 15:00:00+00:00,11518.2693
2026-01-18 15:15:00+00:00,11518.2693
2026-01-18 15:30:00+00:00,11518.2693
2026-01-18 15:45:00+00:00,11518.2693
2026-01-18 16:00:00+00:00,11518.2693
2026-01-18 16:15:00+00:00,11518.2693
2026-01-18 16:30:00+00:00,11518.2693
2026-01-18 16:45:00+00:00,11518.2693
2026-01-18 17:00:00+00:00,11518.2693
2026-01-18 17:15:00+00:00,11518.2693
2026-01-18 17:30:00+00:00,11518.2693
2026-01-18 17:45:00+00:00,11518.2693
2026-01-18 18:00:00+00:00,11518.2693
2026-01-18 18:15:00+00:00,11518.2693
2026-01-18 18:30:00+00:00,11518.2693
2026-01-18 18:45:00+00:00,11518.2693
2026-01-18 19:00:00+00:00,11518.2693
2026-01-18 19:15:00+00:00,11518.2693
2026-01-18 19:30:00+00:00,11518.2693
2026-01-18 19:45:00+00:00,11518.2693
2026-01-18 20:00:00+00:00,11518.2693
2026-01-18 20:15:00+00:00,11518.2693
2026-01-18 20:30:00+00:00,11518.2693
2026-01-18 20:45:00+00:00,11518.2693
2026-01-18 21:00:00+00:00,11518.2693
2026-01-18 21:15:00+00:00,11518.2693
2026-01-18 21:30:00+00:00,11518.2693
2026-01-18 21:45:00+00:00,11518.2693
2026-01-18 22:00:00+00:00,11518.2693
2026-01-18 22:15:00+00:00,11518.2693
2026-01-18 22:30:00+00:00,11518.2693
2026-01-18 22:45:00+00:00,11518.2693
2026-01-18 23:00:00+00:00,11403.0866
2026-01-18 23:15:00+00:00,11403.0866
2026-01-18 23:30:00+00:00,11403.0866
2026-01-18 23:45:00+00:00,11403.0866
2026-01-19 00:00:00+00:00,11403.0866
2026-01-19 00:15:00+00:00,11403.0866
2026-01-19 00:30:00+00:00,11403.0866
2026-01-19 00:45:00+00:00,11403.0866
2026-01-19 01:00:00+00:00,11403.0866
2026-01-19 01:15:00+00:00,11403.0866
2026-01-19 01:30:00+00:00,11403.0866
2026-01-19 01:45:00+00:00,11403.0866
2026-01-19 02:00:00+00:00,11403.0866
2026-01-19 02:15:00+00:00,11403.0866
2026-01-19 02:30:00+00:00,11403.0866
2026-01-19 02:45:00+00:00,11403.0866
2026-01-19 03:00:00+00:00,11403.0866
2026-01-19 03:15:00+00:00,11403.0866
2026-01-19 03:30:00+00:00,11403.0866
2026-01-19 03:45:00+00:00,11403.0866
2026-01-19 04:00:00+00:00,11403.0866
2026-01-19 04:15:00+00:00,11403.0866
2026-01-19 04:30:00+00:00,11403.0866
2026-01-19 04:45:00+00:00,11403.0866
2026-01-19 05:00:00+00:00,11403.0866
2026-01-19 05:15:00+00:00,11403.0866
2026-01-19 05:30:00+00:00,11403.0866
2026-01-19 05:45:00+00:00,11403.0866
2026-01-19 06:00:00+00:00,11403.0866
2026-01-19 06:15:00+00:00,11403.0866
2026-01-19 06:30:00+00:00,11403.0866
2026-01-19 06:45:00+00:00,11403.0866
2026-01-19 07:00:00+00:00,11403.0866
2026-01-19 07:15:00+00:00,11403.0866
2026-01-19 07:30:00+00:00,11403.0866
2026-01-19 07:45:00+00:00,11403.0866
2026-01-19 08:00:00+00:00,11403.0866
2026-01-19 08:15:00+00:00,11403.0866
2026-01-19 08:30:00+00:00,11403.0866
2026-01-19 08:45:00+00:00,11403.0866
2026-01-19 09:00:00+00:00,11403.0866
2026-01-19 09:15:00+00:00,11403.0866
2026-01-19 09:30:00+00:00,11403.0866
2026-01-19 09:45:00+00:00,11403.0866
2026-01-19 10:00:00+00:00,11403.0866
2026-01-19 10:15:00+00:00,11403.0866
2026-01-19 10:30:00+00:00,11403.0866
2026-01-19 10:45:00+00:00,11403.0866
2026-01-19 11:00:00+00:00,11403.0866
2026-01-19 11:15:00+00:00,11403.0866
2026-01-19 11:30:00+00:00,11403.0866
2026-01-19 11:45:00+00:00,11403.0866
2026-01-19 12:00:00+00:00,11403.0866
2026-01-19 12:15:00+00:00,11403.0866
2026-01-19 12:30:00+00:00,11403.0866
2026-01-19 12:45:00+00:00,11403.0866
2026-01-19 13:00:00+00:00,11403.0866
2026-01-19 13:15:00+00:00,11403.0866
2026-01-19 13:30:00+00:00,11403.0866
2026-01-19 13:45:00+00:00,11403.0866
2026-01-19 14:00:00+00:00,11403.0866
2026-01-19 14:15:00+00:00,11403.0866
2026-01-19 14:30:00+00:00,11403.0866
2026-01-19 14:45:00+00:00,11403.0866
2026-01-19 15:00:00+00:00,11403.0866
2026-01-19 15:15:00+00:00,11403.0866
2026-01-19 15:30:00+00:00,11403.0866
2026-01-19 15:45:00+00:00,11403.0866
2026-01-19 16:00:00+00:00,11403.0866
2026-01-19 16:15:00+00:00,11403.0866
2026-01-19 16:30:00+00:00,11403.0866
2026-01-19 16:45:00+00:00,11403.0866
2026-01-19 17:00:00+00:00,11403.0866
2026-01-19 17:15:00+00:00,11403.0866
2026-01-19 17:30:00+00:00,11403.0866
2026-01-19 17:45:00+00:00,11403.0866
2026-01-19 18:00:00+00:00,11403.0866
2026-01-19 18:15:00+00:00,11403.0866
2026-01-19 18:30:00+00:00,11403.0866
2026-01-19 18:45:00+00:00,11403.0866
2026-01-19 19:00:00+00:00,11403.0866
2026-01-19 19:15:00+00:00,11403.0866
2026-01-19 19:30:00+00:00,11403.0866
2026-01-19 19:45:00+00:00,11403.0866
2026-01-19 20:00:00+00:00,11403.0866
2026-01-19 20:15:00+00:00,11403.0866
2026-01-19 20:30:00+00:00,11403.0866
2026-01-19 20:45:00+00:00,11403.0866
2026-01-19 21:00:00+00:00,11403.0866
2026-01-19 21:15:00+00:00,11403.0866
2026-01-19 21:30:00+00:00,11403.0866
2026-01-19 21:45:00+00:00,11403.0866
2026-01-19 22:00:00+00:00,11403.0866
2026-01-19 22:15:00+00:00,11403.0866
2026-01-19 22:30:00+00:00,11403.0866
2026-01-19 22:45:00+00:00,11403.0866
2026-01-19 23:00:00+00:00,11631.1483
2026-01-19 23:15:00+00:00,11631.1483
2026-01-19 23:30:00+00:00,11631.1483
2026-01-19 23:45:00+00:00,11631.1483
2026-01-20 00:00:00+00:00,11631.1483
2026-01-20 00:15:00+00:00,11631.1483
2026-01-20 00:30:00+00:00,11631.1483
2026-01-20 00:45:00+00:00,11631.1483
2026-01-20 01:00:00+00:00,11631.1483
2026-01-20 01:15:00+00:00,11631.1483
2026-01-20 01:30:00+00:00,11631.1483
2026-01-20 01:45:00+00:00,11631.1483
2026-01-20 02:00:00+00:00,11631.1483
2026-01-20 02:15:00+00:00,11631.1483
2026-01-20 02:30:00+00:00,11631.1483
2026-01-20 02:45:00+00:00,11631.1483
2026-01-20 03:00:00+00:00,11631.1483
2026-01-20 03:15:00+00:00,11631.1483
2026-01-20 03:30:00+00:00,11631.1483
2026-01-20 03:45:00+00:00,11631.1483
2026-01-20 04:00:00+00:00,11631.1483
2026-01-20 04:15:00+00:00,11631.1483
2026-01-20 04:30:00+00:00,11631.1483
2026-01-20 04:45:00+00:00,11631.1483
2026-01-20 05:00:00+00:00,11863.7713
2026-01-20 05:15:00+00:00,11863.7713
2026-01-20 05:30:00+00:00,11863.7713
2026-01-20 05:45:00+00:00,11863.7713
2026-01-20 06:00:00+00:00,11863.7713
2026-01-20 06:15:00+00:00,12101.0467
2026-01-20 06:30:00+00:00,12101.0467
2026-01-20 06:45:00+00:00,12101.0467
2026-01-20 07:00:00+00:00,11980.0362
2026-01-20 07:15:00+00:00,11980.0362
2026-01-20 07:30:00+00:00,11980.0362
2026-01-20 07:45:00+00:00,11980.0362
2026-01-20 08:00:00+00:00,11980.0362
2026-01-20 08:15:00+00:00,11980.0362
2026-01-20 08:30:00+00:00,11980.0362
2026-01-20 08:45:00+00:00,11980.0362
2026-01-20 09:00:00+00:00,11980.0362
2026-01-20 09:15:00+00:00,11980.0362
2026-01-20 09:30:00+00:00,11980.0362
2026-01-20 09:45:00+00:00,11980.0362
2026-01-20 10:00:00+00:00,11980.0362
2026-01-20 10:15:00+00:00,11980.0362
2026-01-20 10:30:00+00:00,11980.0362
2026-01-20 10:45:00+00:00,11980.0362
2026-01-20 11:00:00+00:00,11980.0362
2026-01-20 11:15:00+00:00,11980.0362
2026-01-20 11:30:00+00:00,11980.0362
2026-01-20 11:45:00+00:00,11980.0362
2026-01-20 12:00:00+00:00,11980.0362
2026-01-20 12:15:00+00:00,11980.0362
2026-01-20 12:30:00+00:00,11980.0362
2026-01-20 12:45:00+00:00,11980.0362
2026-01-20 13:00:00+00:00,11980.0362
2026-01-20 13:15:00+00:00,11980.0362
2026-01-20 13:30:00+00:00,11980.0362
2026-01-20 13:45:00+00:00,11980.0362
2026-01-20 14:00:00+00:00,11980.0362
2026-01-20 14:15:00+00:00,11980.0362
2026-01-20 14:30:00+00:00,11980.0362
2026-01-20 14:45:00+00:00,11980.0362
2026-01-20 15:00:00+00:00,11980.0362
2026-01-20 15:15:00+00:00,11980.0362
2026-01-20 15:30:00+00:00,11980.0362
2026-01-20 15:45:00+00:00,11980.0362
2026-01-20 16:00:00+00:00,11980.0362
2026-01-20 16:15:00+00:00,11980.0362
2026-01-20 16:30:00+00:00,11980.0362
2026-01-20 16:45:00+00:00,11980.0362
2026-01-20 17:00:00+00:00,11980.0362
2026-01-20 17:15:00+00:00,11980.0362
2026-01-20 17:30:00+00:00,11980.0362
2026-01-20 17:45:00+00:00,11980.0362
2026-01-20 18:00:00+00:00,11980.0362
2026-01-20 18:15:00+00:00,11980.0362
2026-01-20 18:30:00+00:00,11980.0362
2026-01-20 18:45:00+00:00,11980.0362
2026-01-20 19:00:00+00:00,11980.0362
2026-01-20 19:15:00+00:00,11980.0362
2026-01-20 19:30:00+00:00,11980.0362
2026-01-20 19:45:00+00:00,11980.0362
2026-01-20 20:00:00+00:00,11980.0362
2026-01-20 20:15:00+00:00,11980.0362
2026-01-20 20:30:00+00:00,11980.0362
2026-01-20 20:45:00+00:00,11980.0362
2026-01-20 21:00:00+00:00,11980.0362
2026-01-20 21:15:00+00:00,11980.0362
2026-01-20 21:30:00+00:00,11980.0362
2026-01-20 21:45:00+00:00,11980.0362
2026-01-20 22:00:00+00:00,11980.0362
2026-01-20 22:15:00+00:00,11980.0362
2026-01-20 22:30:00+00:00,11980.0362
2026-01-20 22:45:00+00:00,11980.0362
2026-01-20 23:00:00+00:00,11980.0362
2026-01-20 23:15:00+00:00,11980.0362
2026-01-20 23:30:00+00:00,11980.0362
2026-01-20 23:45:00+00:00,11980.0362
2026-01-21 00:00:00+00:00,11980.0362
2026-01-21 00:15:00+00:00,11980.0362
2026-01-21 00:30:00+00:00,11980.0362
2026-01-21 00:45:00+00:00,11980.0362
2026-01-21 01:00:00+00:00,11980.0362
2026-01-21 01:15:00+00:00,11980.0362
2026-01-21 01:30:00+00:00,11980.0362
2026-01-21 01:45:00+00:00,11980.0362
2026-01-21 02:00:00+00:00,11980.0362
2026-01-21 02:15:00+00:00,11980.0362
2026-01-21 02:30:00+00:00,11980.0362
2026-01-21 02:45:00+00:00,11980.0362
2026-01-21 03:00:00+00:00,11980.0362
2026-01-21 03:15:00+00:00,11980.0362
2026-01-21 03:30:00+00:00,11980.0362
2026-01-21 03:45:00+00:00,11980.0362
2026-01-21 04:00:00+00:00,11980.0362
2026-01-21 04:15:00+00:00,11980.0362
2026-01-21 04:30:00+00:00,11980.0362
2026-01-21 04:45:00+00:00,11980.0362
2026-01-21 05:00:00+00:00,11980.0362
2026-01-21 05:15:00+00:00,11980.0362
2026-01-21 05:30:00+00:00,11980.0362
2026-01-21 05:45:00+00:00,11980.0362
2026-01-21 06:00:00+00:00,11980.0362
2026-01-21 06:15:00+00:00,11980.0362
2026-01-21 06:30:00+00:00,11980.0362
2026-01-21 06:45:00+00:00,11980.0362
2026-01-21 07:00:00+00:00,11980.0362
2026-01-21 07:15:00+00:00,11980.0362
2026-01-21 07:30:00+00:00,11980.0362
2026-01-21 07:45:00+00:00,11980.0362
2026-01-21 08:00:00+00:00,11980.0362
2026-01-21 08:15:00+00:00,11980.0362
2026-01-21 08:30:00+00:00,11980.0362
2026-01-21 08:45:00+00:00,11980.0362
2026-01-21 09:00:00+00:00,11980.0362
2026-01-21 09:15:00+00:00,11980.0362
2026-01-21 09:30:00+00:00,11980.0362
2026-01-21 09:45:00+00:00,11980.0362
2026-01-21 10:00:00+00:00,11980.0362
2026-01-21 10:15:00+00:00,11980.0362
2026-01-21 10:30:00+00:00,11980.0362
2026-01-21 10:45:00+00:00,11980.0362
2026-01-21 11:00:00+00:00,11980.0362
2026-01-21 11:15:00+00:00,11980.0362
2026-01-21 11:30:00+00:00,11980.0362
2026-01-21 11:45:00+00:00,11980.0362
2026-01-21 12:00:00+00:00,11980.0362
2026-01-21 12:15:00+00:00,11980.0362
2026-01-21 12:30:00+00:00,11980.0362
2026-01-21 12:45:00+00:00,11980.0362
2026-01-21 13:00:00+00:00,11980.0362
2026-01-21 13:15:00+00:00,11980.0362
2026-01-21 13:30:00+00:00,11980.0362
2026-01-21 13:45:00+00:00,11980.0362
2026-01-21 14:00:00+00:00,11980.0362
2026-01-21 14:15:00+00:00,11980.0362
2026-01-21 14:30:00+00:00,11980.0362
2026-01-21 14:45:00+00:00,11980.0362
2026-01-21 15:00:00+00:00,11980.0362
2026-01-21 15:15:00+00:00,11980.0362
2026-01-21 15:30:00+00:00,11980.0362
2026-01-21 15:45:00+00:00,11980.0362
2026-01-21 16:00:00+00:00,11980.0362
2026-01-21 16:15:00+00:00,11980.0362
2026-01-21 16:30:00+00:00,11980.0362
2026-01-21 16:45:00+00:00,11980.0362
2026-01-21 17:00:00+00:00,11980.0362
2026-01-21 17:15:00+00:00,11980.0362
2026-01-21 17:30:00+00:00,11980.0362
2026-01-21 17:45:00+00:00,11980.0362
2026-01-21 18:00:00+00:00,11980.0362
2026-01-21 18:15:00+00:00,11980.0362
2026-01-21 18:30:00+00:00,11980.0362
2026-01-21 18:45:00+00:00,11980.0362
2026-01-21 19:00:00+00:00,11980.0362
2026-01-21 19:15:00+00:00,11980.0362
2026-01-21 19:30:00+00:00,11980.0362
2026-01-21 19:45:00+00:00,11980.0362
2026-01-21 20:00:00+00:00,11980.0362
2026-01-21 20:15:00+00:00,11980.0362
2026-01-21 20:30:00+00:00,11980.0362
2026-01-21 20:45:00+00:00,11980.0362
2026-01-21 21:00:00+00:00,11980.0362
2026-01-21 21:15:00+00:00,11980.0362
2026-01-21 21:30:00+00:00,11980.0362
2026-01-21 21:45:00+00:00,11980.0362
2026-01-21 22:00:00+00:00,11980.0362
2026-01-21 22:15:00+00:00,11980.0362
2026-01-21 22:30:00+00:00,11980.0362
2026-01-21 22:45:00+00:00,11980.0362
2026-01-21 23:00:00+00:00,11980.0362
2026-01-21 23:15:00+00:00,11980.0362
2026-01-21 23:30:00+00:00,11980.0362
2026-01-21 23:45:00+00:00,11980.0362
2026-01-22 00:00:00+00:00,11980.0362
2026-01-22 00:15:00+00:00,11980.0362
2026-01-22 00:30:00+00:00,11980.0362
2026-01-22 00:45:00+00:00,11980.0362
2026-01-22 01:00:00+00:00,11980.0362
2026-01-22 01:15:00+00:00,12219.6369
2026-01-22 01:30:00+00:00,12219.6369
2026-01-22 01:45:00+00:00,12219.6369
2026-01-22 02:00:00+00:00,12219.6369
2026-01-22 02:15:00+00:00,12219.6369
2026-01-22 02:30:00+00:00,12219.6369
2026-01-22 02:45:00+00:00,12219.6369
2026-01-22 03:00:00+00:00,12219.6369
2026-01-22 03:15:00+00:00,12219.6369
2026-01-22 03:30:00+00:00,12219.6369
2026-01-22 03:45:00+00:00,12219.6369
2026-01-22 04:00:00+00:00,12219.6369
2026-01-22 04:15:00+00:00,12219.6369
2026-01-22 04:30:00+00:00,12219.6369
2026-01-22 04:45:00+00:00,12219.6369
2026-01-22 05:00:00+00:00,12219.6369
2026-01-22 05:15:00+00:00,12219.6369
2026-01-22 05:30:00+00:00,12219.6369
2026-01-22 05:45:00+00:00,12219.6369
2026-01-22 06:00:00+00:00,12219.6369
2026-01-22 06:15:00+00:00,12219.6369
2026-01-22 06:30:00+00:00,12219.6369
2026-01-22 06:45:00+00:00,12219.6369
2026-01-22 07:00:00+00:00,12219.6369
2026-01-22 07:15:00+00:00,12219.6369
2026-01-22 07:30:00+00:00,12219.6369
2026-01-22 07:45:00+00:00,12219.6369
2026-01-22 08:00:00+00:00,12219.6369
2026-01-22 08:15:00+00:00,12219.6369
2026-01-22 08:30:00+00:00,12219.6369
2026-01-22 08:45:00+00:00,12219.6369
2026-01-22 09:00:00+00:00,12219.6369
2026-01-22 09:15:00+00:00,12219.6369
2026-01-22 09:30:00+00:00,12219.6369
2026-01-22 09:45:00+00:00,12219.6369
2026-01-22 10:00:00+00:00,12219.6369
2026-01-22 10:15:00+00:00,12219.6369
2026-01-22 10:30:00+00:00,12219.6369
2026-01-22 10:45:00+00:00,12219.6369
2026-01-22 11:00:00+00:00,12219.6369
2026-01-22 11:15:00+00:00,12219.6369
2026-01-22 11:30:00+00:00,12219.6369
2026-01-22 11:45:00+00:00,12219.6369
2026-01-22 12:00:00+00:00,12219.6369
2026-01-22 12:15:00+00:00,12219.6369
2026-01-22 12:30:00+00:00,12219.6369
2026-01-22 12:45:00+00:00,12219.6369
2026-01-22 13:00:00+00:00,12219.6369
2026-01-22 13:15:00+00:00,12219.6369
2026-01-22 13:30:00+00:00,12219.6369
2026-01-22 13:45:00+00:00,12219.6369
2026-01-22 14:00:00+00:00,12219.6369
2026-01-22 14:15:00+00:00,12219.6369
2026-01-22 14:30:00+00:00,12219.6369
2026-01-22 14:45:00+00:00,12219.6369
2026-01-22 15:00:00+00:00,12219.6369
2026-01-22 15:15:00+00:00,12219.6369
2026-01-22 15:30:00+00:00,12219.6369
2026-01-22 15:45:00+00:00,12219.6369
2026-01-22 16:00:00+00:00,12219.6369
2026-01-22 16:15:00+00:00,12219.6369
2026-01-22 16:30:00+00:00,12219.6369
2026-01-22 16:45:00+00:00,12219.6369
2026-01-22 17:00:00+00:00,12219.6369
2026-01-22 17:15:00+00:00,12219.6369
2026-01-22 17:30:00+00:00,12219.6369
2026-01-22 17:45:00+00:00,12219.6369
2026-01-22 18:00:00+00:00,12219.6369
2026-01-22 18:15:00+00:00,12097.4406
2026-01-22 18:30:00+00:00,12097.4406
2026-01-22 18:45:00+00:00,12097.4406
2026-01-22 19:00:00+00:00,12097.4406
2026-01-22 19:15:00+00:00,12097.4406
2026-01-22 19:30:00+00:00,11976.4662
2026-01-22 19:45:00+00:00,11976.4662
2026-01-22 20:00:00+00:00,11976.4662
2026-01-22 20:15:00+00:00,11976.4662
2026-01-22 20:30:00+00:00,11976.4662
2026-01-22 20:45:00+00:00,11976.4662
2026-01-22 21:00:00+00:00,11976.4662
2026-01-22 21:15:00+00:00,11976.4662
2026-01-22 21:30:00+00:00,11976.4662
2026-01-22 21:45:00+00:00,11976.4662
2026-01-22 22:00:00+00:00,11976.4662
2026-01-22 22:15:00+00:00,11976.4662
2026-01-22 22:30:00+00:00,11976.4662
2026-01-22 22:45:00+00:00,11976.4662
2026-01-22 23:00:00+00:00,11976.4662
2026-01-22 23:15:00+00:00,11976.4662
2026-01-22 23:30:00+00:00,11976.4662
2026-01-22 23:45:00+00:00,11976.4662
2026-01-23 00:00:00+00:00,11976.4662
2026-01-23 00:15:00+00:00,11976.4662
2026-01-23 00:30:00+00:00,11976.4662
2026-01-23 00:45:00+00:00,11976.4662
2026-01-23 01:00:00+00:00,11976.4662
2026-01-23 01:15:00+00:00,11976.4662
2026-01-23 01:30:00+00:00,11976.4662
2026-01-23 01:45:00+00:00,11976.4662
2026-01-23 02:00:00+00:00,11976.4662
2026-01-23 02:15:00+00:00,11976.4662
2026-01-23 02:30:00+00:00,11976.4662
2026-01-23 02:45:00+00:00,11976.4662
2026-01-23 03:00:00+00:00,11976.4662
2026-01-23 03:15:00+00:00,11976.4662
2026-01-23 03:30:00+00:00,11976.4662
2026-01-23 03:45:00+00:00,11976.4662
2026-01-23 04:00:00+00:00,11976.4662
2026-01-23 04:15:00+00:00,11976.4662
2026-01-23 04:30:00+00:00,11976.4662
2026-01-23 04:45:00+00:00,11976.4662
2026-01-23 05:00:00+00:00,11976.4662
2026-01-23 05:15:00+00:00,11976.4662
2026-01-23 05:30:00+00:00,11976.4662
2026-01-23 05:45:00+00:00,11976.4662
2026-01-23 06:00:00+00:00,11976.4662
2026-01-23 06:15:00+00:00,11976.4662
2026-01-23 06:30:00+00:00,11976.4662
2026-01-23 06:45:00+00:00,11976.4662
2026-01-23 07:00:00+00:00,11976.4662
2026-01-23 07:15:00+00:00,11976.4662
2026-01-23 07:30:00+00:00,11976.4662
2026-01-23 07:45:00+00:00,11976.4662
2026-01-23 08:00:00+00:00,11976.4662
2026-01-23 08:15:00+00:00,11976.4662
2026-01-23 08:30:00+00:00,11976.4662
2026-01-23 08:45:00+00:00,11976.4662
2026-01-23 09:00:00+00:00,11976.4662
2026-01-23 09:15:00+00:00,11976.4662
2026-01-23 09:30:00+00:00,11976.4662
2026-01-23 09:45:00+00:00,11976.4662
2026-01-23 10:00:00+00:00,11976.4662
2026-01-23 10:15:00+00:00,11976.4662
2026-01-23 10:30:00+00:00,11976.4662
2026-01-23 10:45:00+00:00,11976.4662
2026-01-23 11:00:00+00:00,11976.4662
2026-01-23 11:15:00+00:00,11976.4662
2026-01-23 11:30:00+00:00,11976.4662
2026-01-23 11:45:00+00:00,11976.4662
2026-01-23 12:00:00+00:00,11976.4662
2026-01-23 12:15:00+00:00,11976.4662
2026-01-23 12:30:00+00:00,11976.4662
2026-01-23 12:45:00+00:00,11976.4662
2026-01-23 13:00:00+00:00,11976.4662
2026-01-23 13:15:00+00:00,11976.4662
2026-01-23 13:30:00+00:00,11976.4662
2026-01-23 13:45:00+00:00,11976.4662
2026-01-23 14:00:00+00:00,11976.4662
2026-01-23 14:15:00+00:00,11976.4662
2026-01-23 14:30:00+00:00,11976.4662
2026-01-23 14:45:00+00:00,11976.4662
2026-01-23 15:00:00+00:00,11976.4662
2026-01-23 15:15:00+00:00,11976.4662
2026-01-23 15:30:00+00:00,11976.4662
2026-01-23 15:45:00+00:00,11856.7015
2026-01-23 16:00:00+00:00,11856.7015
2026-01-23 16:15:00+00:00,11856.7015
2026-01-23 16:30:00+00:00,11856.7015
2026-01-23 16:45:00+00:00,11856.7015
2026-01-23 17:00:00+00:00,11856.7015
2026-01-23 17:15:00+00:00,11856.7015
2026-01-23 17:30:00+00:00,11856.7015
2026-01-23 17:45:00+00:00,11856.7015
2026-01-23 18:00:00+00:00,11856.7015
2026-01-23 18:15:00+00:00,11856.7015
2026-01-23 18:30:00+00:00,11856.7015
2026-01-23 18:45:00+00:00,11856.7015
2026-01-23 19:00:00+00:00,11856.7015
2026-01-23 19:15:00+00:00,11856.7015
2026-01-23 19:30:00+00:00,11856.7015
2026-01-23 19:45:00+00:00,11856.7015
2026-01-23 20:00:00+00:00,11856.7015
2026-01-23 20:15:00+00:00,11856.7015
2026-01-23 20:30:00+00:00,11856.7015
2026-01-23 20:45:00+00:00,11856.7015
2026-01-23 21:00:00+00:00,11856.7015
2026-01-23 21:15:00+00:00,11856.7015
2026-01-23 21:30:00+00:00,11856.7015
2026-01-23 21:45:00+00:00,11856.7015
2026-01-23 22:00:00+00:00,11856.7015
2026-01-23 22:15:00+00:00,11856.7015
2026-01-23 22:30:00+00:00,11856.7015
2026-01-23 22:45:00+00:00,11856.7015
2026-01-23 23:00:00+00:00,11856.7015
2026-01-23 23:15:00+00:00,11856.7015
2026-01-23 23:30:00+00:00,11856.7015
2026-01-23 23:45:00+00:00,11856.7015
2026-01-24 00:00:00+00:00,11856.7015
2026-01-24 00:15:00+00:00,11856.7015
2026-01-24 00:30:00+00:00,11856.7015
2026-01-24 00:45:00+00:00,11856.7015
2026-01-24 01:00:00+00:00,11856.7015
2026-01-24 01:15:00+00:00,11856.7015
2026-01-24 01:30:00+00:00,11856.7015
2026-01-24 01:45:00+00:00,11856.7015
2026-01-24 02:00:00+00:00,11856.7015
2026-01-24 02:15:00+00:00,11856.7015
2026-01-24 02:30:00+00:00,11856.7015
2026-01-24 02:45:00+00:00,11856.7015
2026-01-24 03:00:00+00:00,11856.7015
2026-01-24 03:15:00+00:00,11856.7015
2026-01-24 03:30:00+00:00,11856.7015
2026-01-24 03:45:00+00:00,11856.7015
2026-01-24 04:00:00+00:00,11856.7015
2026-01-24 04:15:00+00:00,11856.7015
2026-01-24 04:30:00+00:00,11856.7015
2026-01-24 04:45:00+00:00,11856.7015
2026-01-24 05:00:00+00:00,11856.7015
2026-01-24 05:15:00+00:00,11856.7015
2026-01-24 05:30:00+00:00,11856.7015
2026-01-24 05:45:00+00:00,11856.7015
2026-01-24 06:00:00+00:00,11856.7015
2026-01-24 06:15:00+00:00,11856.7015
2026-01-24 06:30:00+00:00,11856.7015
2026-01-24 06:45:00+00:00,11856.7015
2026-01-24 07:00:00+00:00,11856.7015
2026-01-24 07:15:00+00:00,11856.7015
2026-01-24 07:30:00+00:00,11856.7015
2026-01-24 07:45:00+00:00,11856.7015
2026-01-24 08:00:00+00:00,11856.7015
2026-01-24 08:15:00+00:00,11856.7015
2026-01-24 08:30:00+00:00,11856.7015
2026-01-24 08:45:00+00:00,11856.7015
2026-01-24 09:00:00+00:00,11856.7015
2026-01-24 09:15:00+00:00,11856.7015
2026-01-24 09:30:00+00:00,11856.7015
2026-01-24 09:45:00+00:00,11856.7015
2026-01-24 10:00:00+00:00,11856.7015
2026-01-24 10:15:00+00:00,11856.7015
2026-01-24 10:30:00+00:00,11856.7015
2026-01-24 10:45:00+00:00,11856.7015
2026-01-24 11:00:00+00:00,11856.7015
2026-01-24 11:15:00+00:00,11856.7015
2026-01-24 11:30:00+00:00,11856.7015
2026-01-24 11:45:00+00:00,11856.7015
2026-01-24 12:00:00+00:00,11856.7015
2026-01-24 12:15:00+00:00,11856.7015
2026-01-24 12:30:00+00:00,11856.7015
2026-01-24 12:45:00+00:00,11856.7015
2026-01-24 13:00:00+00:00,11856.7015
2026-01-24 13:15:00+00:00,11856.7015
2026-01-24 13:30:00+00:00,11856.7015
2026-01-24 13:45:00+00:00,11856.7015
2026-01-24 14:00:00+00:00,11856.7015
2026-01-24 14:15:00+00:00,11856.7015
2026-01-24 14:30:00+00:00,11856.7015
2026-01-24 14:45:00+00:00,11856.7015
2026-01-24 15:00:00+00:00,11856.7015
2026-01-24 15:15:00+00:00,11856.7015
2026-01-24 15:30:00+00:00,11856.7015
2026-01-24 15:45:00+00:00,11856.7015
2026-01-24 16:00:00+00:00,11856.7015
2026-01-24 16:15:00+00:00,11856.7015
2026-01-24 16:30:00+00:00,11856.7015
2026-01-24 16:45:00+00:00,11856.7015
2026-01-24 17:00:00+00:00,11856.7015
2026-01-24 17:15:00+00:00,11856.7015
2026-01-24 17:30:00+00:00,11856.7015
2026-01-24 17:45:00+00:00,11856.7015
2026-01-24 18:00:00+00:00,11856.7015
2026-01-24 18:15:00+00:00,11856.7015
2026-01-24 18:30:00+00:00,11856.7015
2026-01-24 18:45:00+00:00,11856.7015
2026-01-24 19:00:00+00:00,11856.7015
2026-01-24 19:15:00+00:00,11856.7015
2026-01-24 19:30:00+00:00,11856.7015
2026-01-24 19:45:00+00:00,11856.7015
2026-01-24 20:00:00+00:00,11856.7015
2026-01-24 20:15:00+00:00,11856.7015
2026-01-24 20:30:00+00:00,11856.7015
2026-01-24 20:45:00+00:00,11856.7015
2026-01-24 21:00:00+00:00,11856.7015
2026-01-24 21:15:00+00:00,11856.7015
2026-01-24 21:30:00+00:00,11856.7015
2026-01-24 21:45:00+00:00,11856.7015
2026-01-24 22:00:00+00:00,11856.7015
2026-01-24 22:15:00+00:00,11856.7015
2026-01-24 22:30:00+00:00,11856.7015
2026-01-24 22:45:00+00:00,11856.7015
2026-01-24 23:00:00+00:00,11856.7015
2026-01-24 23:15:00+00:00,11856.7015
2026-01-24 23:30:00+00:00,11856.7015
2026-01-24 23:45:00+00:00,11856.7015
2026-01-25 00:00:00+00:00,11856.7015
2026-01-25 00:15:00+00:00,11856.7015
2026-01-25 00:30:00+00:00,11856.7015
2026-01-25 00:45:00+00:00,11856.7015
2026-01-25 01:00:00+00:00,11856.7015
2026-01-25 01:15:00+00:00,11856.7015
2026-01-25 01:30:00+00:00,11856.7015
2026-01-25 01:45:00+00:00,11856.7015
2026-01-25 02:00:00+00:00,11856.7015
2026-01-25 02:15:00+00:00,11856.7015
2026-01-25 02:30:00+00:00,11856.7015
2026-01-25 02:45:00+00:00,11856.7015
2026-01-25 03:00:00+00:00,11856.7015
2026-01-25 03:15:00+00:00,11856.7015
2026-01-25 03:30:00+00:00,12093.8355
2026-01-25 03:45:00+00:00,12093.8355
2026-01-25 04:00:00+00:00,12093.8355
2026-01-25 04:15:00+00:00,12093.8355
2026-01-25 04:30:00+00:00,12093.8355
2026-01-25 04:45:00+00:00,12093.8355
2026-01-25 05:00:00+00:00,12093.8355
2026-01-25 05:15:00+00:00,12093.8355
2026-01-25 05:30:00+00:00,12093.8355
2026-01-25 05:45:00+00:00,12093.8355
2026-01-25 06:00:00+00:00,12093.8355
2026-01-25 06:15:00+00:00,12093.8355
2026-01-25 06:30:00+00:00,12093.8355
2026-01-25 06:45:00+00:00,12093.8355
2026-01-25 07:00:00+00:00,12093.8355
2026-01-25 07:15:00+00:00,12093.8355
2026-01-25 07:30:00+00:00,12093.8355
2026-01-25 07:45:00+00:00,12093.8355
2026-01-25 08:00:00+00:00,12093.8355
2026-01-25 08:15:00+00:00,12093.8355
2026-01-25 08:30:00+00:00,12093.8355
2026-01-25 08:45:00+00:00,12093.8355
2026-01-25 09:00:00+00:00,12093.8355
2026-01-25 09:15:00+00:00,12093.8355
2026-01-25 09:30:00+00:00,12093.8355
2026-01-25 09:45:00+00:00,12093.8355
2026-01-25 10:00:00+00:00,12093.8355
2026-01-25 10:15:00+00:00,12093.8355
2026-01-25 10:30:00+00:00,12093.8355
2026-01-25 10:45:00+00:00,12093.8355
2026-01-25 11:00:00+00:00,12093.8355
2026-01-25 11:15:00+00:00,11972.8972
2026-01-25 11:30:00+00:00,11972.8972
2026-01-25 11:45:00+00:00,11972.8972
2026-01-25 12:00:00+00:00,11972.8972
2026-01-25 12:15:00+00:00,11972.8972
2026-01-25 12:30:00+00:00,11972.8972
2026-01-25 12:45:00+00:00,11972.8972
2026-01-25 13:00:00+00:00,11972.8972
2026-01-25 13:15:00+00:00,11972.8972
2026-01-25 13:30:00+00:00,11972.8972
2026-01-25 13:45:00+00:00,11972.8972
2026-01-25 14:00:00+00:00,11972.8972
2026-01-25 14:15:00+00:00,11972.8972
2026-01-25 14:30:00+00:00,11972.8972
2026-01-25 14:45:00+00:00,11972.8972
2026-01-25 15:00:00+00:00,11972.8972
2026-01-25 15:15:00+00:00,11972.8972
2026-01-25 15:30:00+00:00,11972.8972
2026-01-25 15:45:00+00:00,11972.8972
2026-01-25 16:00:00+00:00,12212.3551
2026-01-25 16:15:00+00:00,12212.3551
2026-01-25 16:30:00+00:00,12212.3551
2026-01-25 16:45:00+00:00,12212.3551
2026-01-25 17:00:00+00:00,12212.3551
2026-01-25 17:15:00+00:00,12212.3551
2026-01-25 17:30:00+00:00,12212.3551
2026-01-25 17:45:00+00:00,12212.3551
2026-01-25 18:00:00+00:00,12212.3551
2026-01-25 18:15:00+00:00,12212.3551
2026-01-25 18:30:00+00:00,12212.3551
2026-01-25 18:45:00+00:00,12212.3551
2026-01-25 19:00:00+00:00,12212.3551
2026-01-25 19:15:00+00:00,12212.3551
2026-01-25 19:30:00+00:00,12212.3551
2026-01-25 19:45:00+00:00,12212.3551
2026-01-25 20:00:00+00:00,12212.3551
2026-01-25 20:15:00+00:00,12212.3551
2026-01-25 20:30:00+00:00,12212.3551
2026-01-25 20:45:00+00:00,12212.3551
2026-01-25 21:00:00+00:00,12212.3551
2026-01-25 21:15:00+00:00,12212.3551
2026-01-25 21:30:00+00:00,12212.3551
2026-01-25 21:45:00+00:00,12212.3551
2026-01-25 22:00:00+00:00,12212.3551
2026-01-25 22:15:00+00:00,12212.3551
2026-01-25 22:30:00+00:00,12212.3551
2026-01-25 22:45:00+00:00,12212.3551
2026-01-25 23:00:00+00:00,12212.3551
2026-01-25 23:15:00+00:00,12212.3551
2026-01-25 23:30:00+00:00,12212.3551
2026-01-25 23:45:00+00:00,12212.3551
2026-01-26 00:00:00+00:00,12212.3551
2026-01-26 00:15:00+00:00,12212.3551
2026-01-26 00:30:00+00:00,12212.3551
2026-01-26 00:45:00+00:00,12212.3551
2026-01-26 01:00:00+00:00,12212.3551
2026-01-26 01:15:00+00:00,12212.3551
2026-01-26 01:30:00+00:00,12212.3551
2026-01-26 01:45:00+00:00,12212.3551
2026-01-26 02:00:00+00:00,12212.3551
2026-01-26 02:15:00+00:00,12090.2316
2026-01-26 02:30:00+00:00,12090.2316
2026-01-26 02:45:00+00:00,12090.2316
2026-01-26 03:00:00+00:00,12090.2316
2026-01-26 03:15:00+00:00,12090.2316
2026-01-26 03:30:00+00:00,12090.2316
2026-01-26 03:45:00+00:00,12090.2316
2026-01-26 04:00:00+00:00,12090.2316
2026-01-26 04:15:00+00:00,12090.2316
2026-01-26 04:30:00+00:00,12090.2316
2026-01-26 04:45:00+00:00,12090.2316
2026-01-26 05:00:00+00:00,12090.2316
2026-01-26 05:15:00+00:00,12090.2316
2026-01-26 05:30:00+00:00,12090.2316
2026-01-26 05:45:00+00:00,12090.2316
2026-01-26 06:00:00+00:00,12090.2316
2026-01-26 06:15:00+00:00,12090.2316
2026-01-26 06:30:00+00:00,12090.2316
2026-01-26 06:45:00+00:00,12090.2316
2026-01-26 07:00:00+00:00,12090.2316
2026-01-26 07:15:00+00:00,12090.2316
2026-01-26 07:30:00+00:00,12090.2316
2026-01-26 07:45:00+00:00,12090.2316
2026-01-26 08:00:00+00:00,11969.3293
2026-01-26 08:15:00+00:00,11969.3293
2026-01-26 08:30:00+00:00,11969.3293
2026-01-26 08:45:00+00:00,11969.3293
2026-01-26 09:00:00+00:00,11969.3293
2026-01-26 09:15:00+00:00,11969.3293
2026-01-26 09:30:00+00:00,11969.3293
2026-01-26 09:45:00+00:00,11969.3293
2026-01-26 10:00:00+00:00,11969.3293
2026-01-26 10:15:00+00:00,11969.3293
2026-01-26 10:30:00+00:00,11969.3293
2026-01-26 10:45:00+00:00,11969.3293
2026-01-26 11:00:00+00:00,11969.3293
2026-01-26 11:15:00+00:00,11969.3293
2026-01-26 11:30:00+00:00,11969.3293
2026-01-26 11:45:00+00:00,11969.3293
2026-01-26 12:00:00+00:00,11969.3293
2026-01-26 12:15:00+00:00,11969.3293
2026-01-26 12:30:00+00:00,11969.3293
2026-01-26 12:45:00+00:00,11969.3293
2026-01-26 13:00:00+00:00,11969.3293
2026-01-26 13:15:00+00:00,11969.3293
2026-01-26 13:30:00+00:00,11969.3293
2026-01-26 13:45:00+00:00,11969.3293
2026-01-26 14:00:00+00:00,11969.3293
2026-01-26 14:15:00+00:00,11969.3293
2026-01-26 14:30:00+00:00,12208.7158
2026-01-26 14:45:00+00:00,12208.7158
2026-01-26 15:00:00+00:00,12208.7158
2026-01-26 15:15:00+00:00,12208.7158
2026-01-26 15:30:00+00:00,12208.7158
2026-01-26 15:45:00+00:00,12208.7158
2026-01-26 16:00:00+00:00,12208.7158
2026-01-26 16:15:00+00:00,12208.7158
2026-01-26 16:30:00+00:00,12208.7158
2026-01-26 16:45:00+00:00,12208.7158
2026-01-26 17:00:00+00:00,12208.7158
2026-01-26 17:15:00+00:00,12208.7158
2026-01-26 17:30:00+00:00,12208.7158
2026-01-26 17:45:00+00:00,12208.7158
2026-01-26 18:00:00+00:00,12208.7158
2026-01-26 18:15:00+00:00,12208.7158
2026-01-26 18:30:00+00:00,12208.7158
2026-01-26 18:45:00+00:00,12208.7158
2026-01-26 19:00:00+00:00,12208.7158
2026-01-26 19:15:00+00:00,12208.7158
2026-01-26 19:30:00+00:00,12208.7158
2026-01-26 19:45:00+00:00,12208.7158
2026-01-26 20:00:00+00:00,12208.7158
2026-01-26 20:15:00+00:00,12208.7158
2026-01-26 20:30:00+00:00,12208.7158
2026-01-26 20:45:00+00:00,12208.7158
2026-01-26 21:00:00+00:00,12208.7158
2026-01-26 21:15:00+00:00,12208.7158
2026-01-26 21:30:00+00:00,12208.7158
2026-01-26 21:45:00+00:00,12208.7158
2026-01-26 22:00:00+00:00,12208.7158
2026-01-26 22:15:00+00:00,12208.7158
2026-01-26 22:30:00+00:00,12208.7158
2026-01-26 22:45:00+00:00,12208.7158
2026-01-26 23:00:00+00:00,12208.7158
2026-01-26 23:15:00+00:00,12208.7158
2026-01-26 23:30:00+00:00,12208.7158
2026-01-26 23:45:00+00:00,12208.7158
2026-01-27 00:00:00+00:00,12208.7158
2026-01-27 00:15:00+00:00,12208.7158
2026-01-27 00:30:00+00:00,12208.7158
2026-01-27 00:45:00+00:00,12208.7158
2026-01-27 01:00:00+00:00,12208.7158
2026-01-27 01:15:00+00:00,12208.7158
2026-01-27 01:30:00+00:00,12208.7158
2026-01-27 01:45:00+00:00,12208.7158
2026-01-27 02:00:00+00:00,12208.7158
2026-01-27 02:15:00+00:00,12208.7158
2026-01-27 02:30:00+00:00,12208.7158
2026-01-27 02:45:00+00:00,12208.7158
2026-01-27 03:00:00+00:00,12452.8902
2026-01-27 03:15:00+00:00,12452.8902
2026-01-27 03:30:00+00:00,12452.8902
2026-01-27 03:45:00+00:00,12452.8902
2026-01-27 04:00:00+00:00,12452.8902
2026-01-27 04:15:00+00:00,12452.8902
2026-01-27 04:30:00+00:00,12452.8902
2026-01-27 04:45:00+00:00,12452.8902
2026-01-27 05:00:00+00:00,12452.8902
2026-01-27 05:15:00+00:00,12452.8902
2026-01-27 05:30:00+00:00,12452.8902
2026-01-27 05:45:00+00:00,12452.8902
2026-01-27 06:00:00+00:00,12452.8902
2026-01-27 06:15:00+00:00,12452.8902
2026-01-27 06:30:00+00:00,12452.8902
2026-01-27 06:45:00+00:00,12452.8902
2026-01-27 07:00:00+00:00,12452.8902
2026-01-27 07:15:00+00:00,12452.8902
2026-01-27 07:30:00+00:00,12452.8902
2026-01-27 07:45:00+00:00,12452.8902
2026-01-27 08:00:00+00:00,12452.8902
2026-01-27 08:15:00+00:00,12452.8902
2026-01-27 08:30:00+00:00,12452.8902
2026-01-27 08:45:00+00:00,12452.8902
2026-01-27 09:00:00+00:00,12452.8902
2026-01-27 09:15:00+00:00,12452.8902
2026-01-27 09:30:00+00:00,12452.8902
2026-01-27 09:45:00+00:00,12452.8902
2026-01-27 10:00:00+00:00,12452.8902
2026-01-27 10:15:00+00:00,12452.8902
2026-01-27 10:30:00+00:00,12452.8902
2026-01-27 10:45:00+00:00,12452.8902
2026-01-27 11:00:00+00:00,12452.8902
2026-01-27 11:15:00+00:00,12452.8902
2026-01-27 11:30:00+00:00,12452.8902
2026-01-27 11:45:00+00:00,12452.8902
2026-01-27 12:00:00+00:00,12452.8902
2026-01-27 12:15:00+00:00,12452.8902
2026-01-27 12:30:00+00:00,12452.8902
2026-01-27 12:45:00+00:00,12452.8902
2026-01-27 13:00:00+00:00,12452.8902
2026-01-27 13:15:00+00:00,12452.8902
2026-01-27 13:30:00+00:00,12452.8902
2026-01-27 13:45:00+00:00,12452.8902
2026-01-27 14:00:00+00:00,12452.8902
2026-01-27 14:15:00+00:00,12452.8902
2026-01-27 14:30:00+00:00,12452.8902
2026-01-27 14:45:00+00:00,12452.8902
2026-01-27 15:00:00+00:00,12452.8902
2026-01-27 15:15:00+00:00,12452.8902
2026-01-27 15:30:00+00:00,12452.8902
2026-01-27 15:45:00+00:00,12452.8902
2026-01-27 16:00:00+00:00,12452.8902
2026-01-27 16:15:00+00:00,12452.8902
2026-01-27 16:30:00+00:00,12452.8902
2026-01-27 16:45:00+00:00,12452.8902
2026-01-27 17:00:00+00:00,12452.8902
2026-01-27 17:15:00+00:00,12452.8902
2026-01-27 17:30:00+00:00,12328.3613
2026-01-27 17:45:00+00:00,12328.3613
2026-01-27 18:00:00+00:00,12328.3613
2026-01-27 18:15:00+00:00,12328.3613
2026-01-27 18:30:00+00:00,12328.3613
2026-01-27 18:45:00+00:00,12328.3613
2026-01-27 19:00:00+00:00,12328.3613
2026-01-27 19:15:00+00:00,12328.3613
2026-01-27 19:30:00+00:00,12328.3613
2026-01-27 19:45:00+00:00,12328.3613
2026-01-27 20:00:00+00:00,12328.3613
2026-01-27 20:15:00+00:00,12328.3613
2026-01-27 20:30:00+00:00,12328.3613
2026-01-27 20:45:00+00:00,12328.3613
2026-01-27 21:00:00+00:00,12328.3613
2026-01-27 21:15:00+00:00,12328.3613
2026-01-27 21:30:00+00:00,12328.3613
2026-01-27 21:45:00+00:00,12328.3613
2026-01-27 22:00:00+00:00,12328.3613
2026-01-27 22:15:00+00:00,12328.3613
2026-01-27 22:30:00+00:00,12328.3613
2026-01-27 22:45:00+00:00,12328.3613
2026-01-27 23:00:00+00:00,12328.3613
2026-01-27 23:15:00+00:00,12328.3613
2026-01-27 23:30:00+00:00,12328.3613
2026-01-27 23:45:00+00:00,12328.3613
2026-01-28 00:00:00+00:00,12328.3613
2026-01-28 00:15:00+00:00,12328.3613
2026-01-28 00:30:00+00:00,12328.3613
2026-01-28 00:45:00+00:00,12328.3613
2026-01-28 01:00:00+00:00,12328.3613
2026-01-28 01:15:00+00:00,12328.3613
2026-01-28 01:30:00+00:00,12328.3613
2026-01-28 01:45:00+00:00,12328.3613
2026-01-28 02:00:00+00:00,12328.3613
2026-01-28 02:15:00+00:00,12328.3613
2026-01-28 02:30:00+00:00,12328.3613
2026-01-28 02:45:00+00:00,12328.3613
2026-01-28 03:00:00+00:00,12328.3613
2026-01-28 03:15:00+00:00,12328.3613
2026-01-28 03:30:00+00:00,12328.3613
2026-01-28 03:45:00+00:00,12328.3613
2026-01-28 04:00:00+00:00,12328.3613
2026-01-28 04:15:00+00:00,12328.3613
2026-01-28 04:30:00+00:00,12328.3613
2026-01-28 04:45:00+00:00,12328.3613
2026-01-28 05:00:00+00:00,12328.3613
2026-01-28 05:15:00+00:00,12328.3613
2026-01-28 05:30:00+00:00,12328.3613
2026-01-28 05:45:00+00:00,12328.3613
2026-01-28 06:00:00+00:00,12328.3613
2026-01-28 06:15:00+00:00,12328.3613
2026-01-28 06:30:00+00:00,12328.3613
2026-01-28 06:45:00+00:00,12328.3613
2026-01-28 07:00:00+00:00,12328.3613
2026-01-28 07:15:00+00:00,12328.3613
2026-01-28 07:30:00+00:00,12328.3613
2026-01-28 07:45:00+00:00,12328.3613
2026-01-28 08:00:00+00:00,12328.3613
2026-01-28 08:15:00+00:00,12328.3613
2026-01-28 08:30:00+00:00,12328.3613
2026-01-28 08:45:00+00:00,12328.3613
2026-01-28 09:00:00+00:00,12328.3613
2026-01-28 09:15:00+00:00,12328.3613
2026-01-28 09:30:00+00:00,12328.3613
2026-01-28 09:45:00+00:00,12328.3613
2026-01-28 10:00:00+00:00,12328.3613
2026-01-28 10:15:00+00:00,12328.3613
2026-01-28 10:30:00+00:00,12328.3613
2026-01-28 10:45:00+00:00,12328.3613
2026-01-28 11:00:00+00:00,12328.3613
2026-01-28 11:15:00+00:00,12328.3613
2026-01-28 11:30:00+00:00,12328.3613
2026-01-28 11:45:00+00:00,12328.3613
2026-01-28 12:00:00+00:00,12328.3613
2026-01-28 12:15:00+00:00,12328.3613
2026-01-28 12:30:00+00:00,12328.3613
2026-01-28 12:45:00+00:00,12328.3613
2026-01-28 13:00:00+00:00,12328.3613
2026-01-28 13:15:00+00:00,12328.3613
2026-01-28 13:30:00+00:00,12328.3613
2026-01-28 13:45:00+00:00,12328.3613
2026-01-28 14:00:00+00:00,12328.3613
2026-01-28 14:15:00+00:00,12328.3613
2026-01-28 14:30:00+00:00,12328.3613
2026-01-28 14:45:00+00:00,12328.3613
2026-01-28 15:00:00+00:00,12328.3613
2026-01-28 15:15:00+00:00,12328.3613
2026-01-28 15:30:00+00:00,12328.3613
2026-01-28 15:45:00+00:00,12328.3613
2026-01-28 16:00:00+00:00,12328.3613
2026-01-28 16:15:00+00:00,12328.3613
2026-01-28 16:30:00+00:00,12328.3613
2026-01-28 16:45:00+00:00,12328.3613
2026-01-28 17:00:00+00:00,12328.3613
2026-01-28 17:15:00+00:00,12328.3613
2026-01-28 17:30:00+00:00,12328.3613
2026-01-28 17:45:00+00:00,12328.3613
2026-01-28 18:00:00+00:00,12328.3613
2026-01-28 18:15:00+00:00,12328.3613
2026-01-28 18:30:00+00:00,12328.3613
2026-01-28 18:45:00+00:00,12328.3613
2026-01-28 19:00:00+00:00,12328.3613
2026-01-28 19:15:00+00:00,12328.3613
2026-01-28 19:30:00+00:00,12328.3613
2026-01-28 19:45:00+00:00,12328.3613
2026-01-28 20:00:00+00:00,12328.3613
2026-01-28 20:15:00+00:00,12328.3613
2026-01-28 20:30:00+00:00,12328.3613
2026-01-28 20:45:00+00:00,12328.3613
2026-01-28 21:00:00+00:00,12328.3613
2026-01-28 21:15:00+00:00,12328.3613
2026-01-28 21:30:00+00:00,12328.3613
2026-01-28 21:45:00+00:00,12328.3613
2026-01-28 22:00:00+00:00,12328.3613
2026-01-28 22:15:00+00:00,12328.3613
2026-01-28 22:30:00+00:00,12328.3613
2026-01-28 22:45:00+00:00,12328.3613
2026-01-28 23:00:00+00:00,12328.3613
2026-01-28 23:15:00+00:00,12328.3613
2026-01-28 23:30:00+00:00,12328.3613
2026-01-28 23:45:00+00:00,12328.3613
2026-01-29 00:00:00+00:00,12328.3613
2026-01-29 00:15:00+00:00,12328.3613
2026-01-29 00:30:00+00:00,12328.3613
2026-01-29 00:45:00+00:00,12328.3613
2026-01-29 01:00:00+00:00,12328.3613
2026-01-29 01:15:00+00:00,12328.3613
2026-01-29 01:30:00+00:00,12328.3613
2026-01-29 01:45:00+00:00,12328.3613
2026-01-29 02:00:00+00:00,12328.3613
2026-01-29 02:15:00+00:00,12328.3613
2026-01-29 02:30:00+00:00,12205.0776
2026-01-29 02:45:00+00:00,12205.0776
2026-01-29 03:00:00+00:00,12205.0776
2026-01-29 03:15:00+00:00,12205.0776
2026-01-29 03:30:00+00:00,12205.0776
2026-01-29 03:45:00+00:00,12205.0776
2026-01-29 04:00:00+00:00,12205.0776
2026-01-29 04:15:00+00:00,12205.0776
2026-01-29 04:30:00+00:00,12205.0776
2026-01-29 04:45:00+00:00,12205.0776
2026-01-29 05:00:00+00:00,12205.0776
2026-01-29 05:15:00+00:00,12205.0776
2026-01-29 05:30:00+00:00,12205.0776
2026-01-29 05:45:00+00:00,12205.0776
2026-01-29 06:00:00+00:00,12205.0776
2026-01-29 06:15:00+00:00,12205.0776
2026-01-29 06:30:00+00:00,12205.0776
2026-01-29 06:45:00+00:00,12205.0776
2026-01-29 07:00:00+00:00,12205.0776
2026-01-29 07:15:00+00:00,12205.0776
2026-01-29 07:30:00+00:00,12205.0776
2026-01-29 07:45:00+00:00,12205.0776
2026-01-29 08:00:00+00:00,12205.0776
2026-01-29 08:15:00+00:00,12205.0776
2026-01-29 08:30:00+00:00,12205.0776
2026-01-29 08:45:00+00:00,12205.0776
2026-01-29 09:00:00+00:00,12205.0776
2026-01-29 09:15:00+00:00,12205.0776
2026-01-29 09:30:00+00:00,12205.0776
2026-01-29 09:45:00+00:00,12205.0776
2026-01-29 10:00:00+00:00,12083.0269
2026-01-29 10:15:00+00:00,12083.0269
2026-01-29 10:30:00+00:00,12083.0269
2026-01-29 10:45:00+00:00,12083.0269
2026-01-29 11:00:00+00:00,12083.0269
2026-01-29 11:15:00+00:00,12083.0269
2026-01-29 11:30:00+00:00,12083.0269
2026-01-29 11:45:00+00:00,12083.0269
2026-01-29 12:00:00+00:00,12083.0269
2026-01-29 12:15:00+00:00,12083.0269
2026-01-29 12:30:00+00:00,12083.0269
2026-01-29 12:45:00+00:00,12083.0269
2026-01-29 13:00:00+00:00,12083.0269
2026-01-29 13:15:00+00:00,12083.0269
2026-01-29 13:30:00+00:00,12083.0269
2026-01-29 13:45:00+00:00,12083.0269
2026-01-29 14:00:00+00:00,12083.0269
2026-01-29 14:15:00+00:00,12083.0269
2026-01-29 14:30:00+00:00,12083.0269
2026-01-29 14:45:00+00:00,12083.0269
2026-01-29 15:00:00+00:00,12083.0269
2026-01-29 15:15:00+00:00,12083.0269
2026-01-29 15:30:00+00:00,12083.0269
2026-01-29 15:45:00+00:00,12083.0269
2026-01-29 16:00:00+00:00,12083.0269
2026-01-29 16:15:00+00:00,12083.0269
2026-01-29 16:30:00+00:00,12083.0269
2026-01-29 16:45:00+00:00,12083.0269
2026-01-29 17:00:00+00:00,12083.0269
2026-01-29 17:15:00+00:00,12083.0269
2026-01-29 17:30:00+00:00,12083.0269
2026-01-29 17:45:00+00:00,12083.0269
2026-01-29 18:00:00+00:00,12083.0269
2026-01-29 18:15:00+00:00,12083.0269
2026-01-29 18:30:00+00:00,12083.0269
2026-01-29 18:45:00+00:00,12083.0269
2026-01-29 19:00:00+00:00,12083.0269
2026-01-29 19:15:00+00:00,12083.0269
2026-01-29 19:30:00+00:00,12083.0269
2026-01-29 19:45:00+00:00,12083.0269
2026-01-29 20:00:00+00:00,12083.0269
2026-01-29 20:15:00+00:00,12083.0269
2026-01-29 20:30:00+00:00,12083.0269
2026-01-29 20:45:00+00:00,12083.0269
2026-01-29 21:00:00+00:00,12083.0269
2026-01-29 21:15:00+00:00,12083.0269
2026-01-29 21:30:00+00:00,12083.0269
2026-01-29 21:45:00+00:00,12083.0269
2026-01-29 22:00:00+00:00,12083.0269
2026-01-29 22:15:00+00:00,12083.0269
2026-01-29 22:30:00+00:00,12083.0269
2026-01-29 22:45:00+00:00,12083.0269
2026-01-29 23:00:00+00:00,12083.0269
2026-01-29 23:15:00+00:00,12083.0269
2026-01-29 23:30:00+00:00,12083.0269
2026-01-29 23:45:00+00:00,12083.0269
2026-01-30 00:00:00+00:00,12083.0269
2026-01-30 00:15:00+00:00,12083.0269
2026-01-30 00:30:00+00:00,12083.0269
2026-01-30 00:45:00+00:00,12083.0269
2026-01-30 01:00:00+00:00,12083.0269
2026-01-30 01:15:00+00:00,12083.0269
2026-01-30 01:30:00+00:00,12083.0269
2026-01-30 01:45:00+00:00,12083.0269
2026-01-30 02:00:00+00:00,12083.0269
2026-01-30 02:15:00+00:00,12083.0269
2026-01-30 02:30:00+00:00,12083.0269
2026-01-30 02:45:00+00:00,12083.0269
2026-01-30 03:00:00+00:00,12083.0269
2026-01-30 03:15:00+00:00,12083.0269
2026-01-30 03:30:00+00:00,12083.0269
2026-01-30 03:45:00+00:00,12083.0269
2026-01-30 04:00:00+00:00,12083.0269
2026-01-30 04:15:00+00:00,12083.0269
2026-01-30 04:30:00+00:00,12083.0269
2026-01-30 04:45:00+00:00,12083.0269
2026-01-30 05:00:00+00:00,12083.0269
2026-01-30 05:15:00+00:00,12083.0269
2026-01-30 05:30:00+00:00,12083.0269
2026-01-30 05:45:00+00:00,12083.0269
2026-01-30 06:00:00+00:00,12083.0269
2026-01-30 06:15:00+00:00,12083.0269
2026-01-30 06:30:00+00:00,12083.0269
2026-01-30 06:45:00+00:00,12083.0269
2026-01-30 07:00:00+00:00,12083.0269
2026-01-30 07:15:00+00:00,12083.0269
2026-01-30 07:30:00+00:00,12083.0269
2026-01-30 07:45:00+00:00,12083.0269
2026-01-30 08:00:00+00:00,12083.0269
2026-01-30 08:15:00+00:00,12083.0269
2026-01-30 08:30:00+00:00,12083.0269
2026-01-30 08:45:00+00:00,12083.0269
2026-01-30 09:00:00+00:00,12083.0269
2026-01-30 09:15:00+00:00,12083.0269
2026-01-30 09:30:00+00:00,12083.0269
2026-01-30 09:45:00+00:00,12083.0269
2026-01-30 10:00:00+00:00,12083.0269
2026-01-30 10:15:00+00:00,12083.0269
2026-01-30 10:30:00+00:00,12083.0269
2026-01-30 10:45:00+00:00,12083.0269
2026-01-30 11:00:00+00:00,12083.0269
2026-01-30 11:15:00+00:00,12083.0269
2026-01-30 11:30:00+00:00,12083.0269
2026-01-30 11:45:00+00:00,12083.0269
2026-01-30 12:00:00+00:00,12083.0269
2026-01-30 12:15:00+00:00,12083.0269
2026-01-30 12:30:00+00:00,12083.0269
2026-01-30 12:45:00+00:00,12083.0269
2026-01-30 13:00:00+00:00,12083.0269
2026-01-30 13:15:00+00:00,12083.0269
2026-01-30 13:30:00+00:00,12083.0269
2026-01-30 13:45:00+00:00,12083.0269
2026-01-30 14:00:00+00:00,12083.0269
2026-01-30 14:15:00+00:00,12083.0269
2026-01-30 14:30:00+00:00,12083.0269
2026-01-30 14:45:00+00:00,12083.0269
2026-01-30 15:00:00+00:00,12083.0269
2026-01-30 15:15:00+00:00,12083.0269
2026-01-30 15:30:00+00:00,12083.0269
2026-01-30 15:45:00+00:00,12083.0269
2026-01-30 16:00:00+00:00,12083.0269
2026-01-30 16:15:00+00:00,12083.0269
2026-01-30 16:30:00+00:00,12083.0269
2026-01-30 16:45:00+00:00,12083.0269
2026-01-30 17:00:00+00:00,12083.0269
2026-01-30 17:15:00+00:00,12083.0269
2026-01-30 17:30:00+00:00,12083.0269
2026-01-30 17:45:00+00:00,12083.0269
2026-01-30 18:00:00+00:00,12083.0269
2026-01-30 18:15:00+00:00,12324.6874
2026-01-30 18:30:00+00:00,12324.6874
2026-01-30 18:45:00+00:00,12324.6874
2026-01-30 19:00:00+00:00,12324.6874
2026-01-30 19:15:00+00:00,12324.6874
2026-01-30 19:30:00+00:00,12324.6874
2026-01-30 19:45:00+00:00,12324.6874
2026-01-30 20:00:00+00:00,12324.6874
2026-01-30 20:15:00+00:00,12324.6874
2026-01-30 20:30:00+00:00,12324.6874
2026-01-30 20:45:00+00:00,12324.6874
2026-01-30 21:00:00+00:00,12324.6874
2026-01-30 21:15:00+00:00,12324.6874
2026-01-30 21:30:00+00:00,12324.6874
2026-01-30 21:45:00+00:00,12324.6874
2026-01-30 22:00:00+00:00,12324.6874
2026-01-30 22:15:00+00:00,12324.6874
2026-01-30 22:30:00+00:00,12324.6874
2026-01-30 22:45:00+00:00,12324.6874
2026-01-30 23:00:00+00:00,12324.6874
2026-01-30 23:15:00+00:00,12201.4405
2026-01-30 23:30:00+00:00,12201.4405
2026-01-30 23:45:00+00:00,12201.4405
2026-01-31 00:00:00+00:00,12201.4405
2026-01-31 00:15:00+00:00,12201.4405
2026-01-31 00:30:00+00:00,12201.4405
2026-01-31 00:45:00+00:00,12201.4405
2026-01-31 01:00:00+00:00,12201.4405
2026-01-31 01:15:00+00:00,12201.4405
2026-01-31 01:30:00+00:00,12201.4405
2026-01-31 01:45:00+00:00,12201.4405
2026-01-31 02:00:00+00:00,12201.4405
2026-01-31 02:15:00+00:00,12201.4405
2026-01-31 02:30:00+00:00,12201.4405
2026-01-31 02:45:00+00:00,12201.4405
2026-01-31 03:00:00+00:00,12201.4405
2026-01-31 03:15:00+00:00,12201.4405
2026-01-31 03:30:00+00:00,12201.4405
2026-01-31 03:45:00+00:00,12201.4405
2026-01-31 04:00:00+00:00,12201.4405
2026-01-31 04:15:00+00:00,12201.4405
2026-01-31 04:30:00+00:00,12201.4405
2026-01-31 04:45:00+00:00,12201.4405
2026-01-31 05:00:00+00:00,12201.4405
2026-01-31 05:15:00+00:00,12201.4405
2026-01-31 05:30:00+00:00,12201.4405
2026-01-31 05:45:00+00:00,12201.4405
2026-01-31 06:00:00+00:00,12201.4405
2026-01-31 06:15:00+00:00,12445.4693
2026-01-31 06:30:00+00:00,12445.4693
2026-01-31 06:45:00+00:00,12445.4693
2026-01-31 07:00:00+00:00,12445.4693
2026-01-31 07:15:00+00:00,12445.4693
2026-01-31 07:30:00+00:00,12694.3787
2026-01-31 07:45:00+00:00,12694.3787
2026-01-31 08:00:00+00:00,12694.3787
2026-01-31 08:15:00+00:00,12948.2663
2026-01-31 08:30:00+00:00,12948.2663
2026-01-31 08:45:00+00:00,12948.2663
2026-01-31 09:00:00+00:00,12948.2663
2026-01-31 09:15:00+00:00,12948.2663
2026-01-31 09:30:00+00:00,12948.2663
2026-01-31 09:45:00+00:00,12948.2663
2026-01-31 10:00:00+00:00,12948.2663
2026-01-31 10:15:00+00:00,12948.2663
2026-01-31 10:30:00+00:00,12948.2663
2026-01-31 10:45:00+00:00,12948.2663
2026-01-31 11:00:00+00:00,12948.2663
2026-01-31 11:15:00+00:00,12948.2663
2026-01-31 11:30:00+00:00,12948.2663
2026-01-31 11:45:00+00:00,12948.2663
2026-01-31 12:00:00+00:00,12948.2663
2026-01-31 12:15:00+00:00,12948.2663
2026-01-31 12:30:00+00:00,12948.2663
2026-01-31 12:45:00+00:00,12948.2663
2026-01-31 13:00:00+00:00,12948.2663
2026-01-31 13:15:00+00:00,12948.2663
2026-01-31 13:30:00+00:00,12948.2663
2026-01-31 13:45:00+00:00,12948.2663
2026-01-31 14:00:00+00:00,12948.2663
2026-01-31 14:15:00+00:00,13207.2316
2026-01-31 14:30:00+00:00,13207.2316
2026-01-31 14:45:00+00:00,13207.2316
2026-01-31 15:00:00+00:00,13207.2316
2026-01-31 15:15:00+00:00,13207.2316
2026-01-31 15:30:00+00:00,13207.2316
2026-01-31 15:45:00+00:00,13207.2316
2026-01-31 16:00:00+00:00,13207.2316
2026-01-31 16:15:00+00:00,13207.2316
2026-01-31 16:30:00+00:00,13207.2316
2026-01-31 16:45:00+00:00,13207.2316
2026-01-31 17:00:00+00:00,13207.2316
2026-01-31 17:15:00+00:00,13207.2316
2026-01-31 17:30:00+00:00,13207.2316
2026-01-31 17:45:00+00:00,13207.2316
2026-01-31 18:00:00+00:00,13207.2316
2026-01-31 18:15:00+00:00,13207.2316
2026-01-31 18:30:00+00:00,13207.2316
2026-01-31 18:45:00+00:00,13207.2316
2026-01-31 19:00:00+00:00,13207.2316
2026-01-31 19:15:00+00:00,13207.2316
2026-01-31 19:30:00+00:00,13207.2316
2026-01-31 19:45:00+00:00,13207.2316
2026-01-31 20:00:00+00:00,13207.2316
2026-01-31 20:15:00+00:00,13207.2316
2026-01-31 20:30:00+00:00,13207.2316
2026-01-31 20:45:00+00:00,13207.2316
2026-01-31 21:00:00+00:00,13207.2316
2026-01-31 21:15:00+00:00,13207.2316
2026-01-31 21:30:00+00:00,13207.2316
2026-01-31 21:45:00+00:00,13207.2316
2026-01-31 22:00:00+00:00,13207.2316
2026-01-31 22:15:00+00:00,13207.2316
2026-01-31 22:30:00+00:00,13207.2316
2026-01-31 22:45:00+00:00,13207.2316
2026-01-31 23:00:00+00:00,13207.2316
2026-01-31 23:15:00+00:00,13207.2316
2026-01-31 23:30:00+00:00,13207.2316
2026-01-31 23:45:00+00:00,13207.2316
2026-02-01 00:00:00+00:00,13207.2316
2026-02-01 00:15:00+00:00,13207.2316
2026-02-01 00:30:00+00:00,13207.2316
2026-02-01 00:45:00+00:00,13207.2316
2026-02-01 01:00:00+00:00,13207.2316
2026-02-01 01:15:00+00:00,13207.2316
2026-02-01 01:30:00+00:00,13207.2316
2026-02-01 01:45:00+00:00,13207.2316
2026-02-01 02:00:00+00:00,13207.2316
2026-02-01 02:15:00+00:00,13207.2316
2026-02-01 02:30:00+00:00,13207.2316
2026-02-01 02:45:00+00:00,13207.2316
2026-02-01 03:00:00+00:00,13207.2316
2026-02-01 03:15:00+00:00,13207.2316
2026-02-01 03:30:00+00:00,13207.2316
2026-02-01 03:45:00+00:00,13207.2316
2026-02-01 04:00:00+00:00,13207.2316
2026-02-01 04:15:00+00:00,13207.2316
2026-02-01 04:30:00+00:00,13207.2316
2026-02-01 04:45:00+00:00,13207.2316
2026-02-01 05:00:00+00:00,13207.2316
2026-02-01 05:15:00+00:00,13207.2316
2026-02-01 05:30:00+00:00,13207.2316
2026-02-01 05:45:00+00:00,13207.2316
2026-02-01 06:00:00+00:00,13207.2316
2026-02-01 06:15:00+00:00,13207.2316
2026-02-01 06:30:00+00:00,13207.2316
2026-02-01 06:45:00+00:00,13207.2316
2026-02-01 07:00:00+00:00,13207.2316
2026-02-01 07:15:00+00:00,13207.2316
2026-02-01 07:30:00+00:00,13207.2316
2026-02-01 07:45:00+00:00,13207.2316
2026-02-01 08:00:00+00:00,13207.2316
2026-02-01 08:15:00+00:00,13207.2316
2026-02-01 08:30:00+00:00,13207.2316
2026-02-01 08:45:00+00:00,13207.2316
2026-02-01 09:00:00+00:00,13207.2316
2026-02-01 09:15:00+00:00,13207.2316
2026-02-01 09:30:00+00:00,13207.2316
2026-02-01 09:45:00+00:00,13207.2316
2026-02-01 10:00:00+00:00,13207.2316
2026-02-01 10:15:00+00:00,13207.2316
2026-02-01 10:30:00+00:00,13207.2316
2026-02-01 10:45:00+00:00,13207.2316
2026-02-01 11:00:00+00:00,13207.2316
2026-02-01 11:15:00+00:00,13207.2316
2026-02-01 11:30:00+00:00,13207.2316
2026-02-01 11:45:00+00:00,13207.2316
2026-02-01 12:00:00+00:00,13207.2316
2026-02-01 12:15:00+00:00,13207.2316
2026-02-01 12:30:00+00:00,13207.2316
2026-02-01 12:45:00+00:00,13207.2316
2026-02-01 13:00:00+00:00,13207.2316
2026-02-01 13:15:00+00:00,13207.2316
2026-02-01 13:30:00+00:00,13207.2316
2026-02-01 13:45:00+00:00,13207.2316
2026-02-01 14:00:00+00:00,13207.2316
2026-02-01 14:15:00+00:00,13207.2316
2026-02-01 14:30:00+00:00,13207.2316
2026-02-01 14:45:00+00:00,13207.2316
2026-02-01 15:00:00+00:00,13207.2316
2026-02-01 15:15:00+00:00,13207.2316
2026-02-01 15:30:00+00:00,13207.2316
2026-02-01 15:45:00+00:00,13207.2316
2026-02-01 16:00:00+00:00,13207.2316
2026-02-01 16:15:00+00:00,13207.2316
2026-02-01 16:30:00+00:00,13207.2316
2026-02-01 16:45:00+00:00,13207.2316
2026-02-01 17:00:00+00:00,13207.2316
2026-02-01 17:15:00+00:00,13207.2316
2026-02-01 17:30:00+00:00,13207.2316
2026-02-01 17:45:00+00:00,13207.2316
2026-02-01 18:00:00+00:00,13207.2316
2026-02-01 18:15:00+00:00,13207.2316
2026-02-01 18:30:00+00:00,13207.2316
2026-02-01 18:45:00+00:00,13207.2316
2026-02-01 19:00:00+00:00,13207.2316
2026-02-01 19:15:00+00:00,13207.2316
2026-02-01 19:30:00+00:00,13207.2316
2026-02-01 19:45:00+00:00,13207.2316
2026-02-01 20:00:00+00:00,13207.2316
2026-02-01 20:15:00+00:00,13207.2316
2026-02-01 20:30:00+00:00,13207.2316
2026-02-01 20:45:00+00:00,13207.2316
2026-02-01 21:00:00+00:00,13207.2316
2026-02-01 21:15:00+00:00,13207.2316
2026-02-01 21:30:00+00:00,13207.2316
2026-02-01 21:45:00+00:00,13207.2316
2026-02-01 22:00:00+00:00,13207.2316
2026-02-01 22:15:00+00:00,13207.2316
2026-02-01 22:30:00+00:00,13207.2316
2026-02-01 22:45:00+00:00,13207.2316
2026-02-01 23:00:00+00:00,13207.2316
2026-02-01 23:15:00+00:00,13207.2316
2026-02-01 23:30:00+00:00,13207.2316
2026-02-01 23:45:00+00:00,13207.2316
2026-02-02 00:00:00+00:00,13207.2316
2026-02-02 00:15:00+00:00,13207.2316
2026-02-02 00:30:00+00:00,13207.2316
2026-02-02 00:45:00+00:00,13207.2316
2026-02-02 01:00:00+00:00,13207.2316
2026-02-02 01:15:00+00:00,13075.1593
2026-02-02 01:30:00+00:00,13075.1593
2026-02-02 01:45:00+00:00,13075.1593
2026-02-02 02:00:00+00:00,13075.1593
2026-02-02 02:15:00+00:00,13075.1593
2026-02-02 02:30:00+00:00,13075.1593
2026-02-02 02:45:00+00:00,13075.1593
2026-02-02 03:00:00+00:00,13336.6625
2026-02-02 03:15:00+00:00,13336.6625
2026-02-02 03:30:00+00:00,13336.6625
2026-02-02 03:45:00+00:00,13203.2959
2026-02-02 04:00:00+00:00,13203.2959
2026-02-02 04:15:00+00:00,13203.2959
2026-02-02 04:30:00+00:00,13203.2959
2026-02-02 04:45:00+00:00,13203.2959
2026-02-02 05:00:00+00:00,13203.2959
2026-02-02 05:15:00+00:00,13203.2959
2026-02-02 05:30:00+00:00,13203.2959
2026-02-02 05:45:00+00:00,13203.2959
2026-02-02 06:00:00+00:00,13203.2959
2026-02-02 06:15:00+00:00,13203.2959
2026-02-02 06:30:00+00:00,13203.2959
2026-02-02 06:45:00+00:00,13203.2959
2026-02-02 07:00:00+00:00,13203.2959
2026-02-02 07:15:00+00:00,13203.2959
2026-02-02 07:30:00+00:00,13203.2959
2026-02-02 07:45:00+00:00,13203.2959
2026-02-02 08:00:00+00:00,13203.2959
2026-02-02 08:15:00+00:00,13203.2959
2026-02-02 08:30:00+00:00,13203.2959
2026-02-02 08:45:00+00:00,13203.2959
2026-02-02 09:00:00+00:00,13203.2959
2026-02-02 09:15:00+00:00,13203.2959
2026-02-02 09:30:00+00:00,13203.2959
2026-02-02 09:45:00+00:00,13203.2959
2026-02-02 10:00:00+00:00,13203.2959
2026-02-02 10:15:00+00:00,13203.2959
2026-02-02 10:30:00+00:00,13203.2959
2026-02-02 10:45:00+00:00,13203.2959
2026-02-02 11:00:00+00:00,13203.2959
2026-02-02 11:15:00+00:00,13203.2959
2026-02-02 11:30:00+00:00,13203.2959
2026-02-02 11:45:00+00:00,13203.2959
2026-02-02 12:00:00+00:00,13203.2959
2026-02-02 12:15:00+00:00,13203.2959
2026-02-02 12:30:00+00:00,13203.2959
2026-02-02 12:45:00+00:00,13203.2959
2026-02-02 13:00:00+00:00,13203.2959
2026-02-02 13:15:00+00:00,13203.2959
2026-02-02 13:30:00+00:00,13203.2959
2026-02-02 13:45:00+00:00,13203.2959
2026-02-02 14:00:00+00:00,13071.2629
2026-02-02 14:15:00+00:00,13071.2629
2026-02-02 14:30:00+00:00,13071.2629
2026-02-02 14:45:00+00:00,13071.2629
2026-02-02 15:00:00+00:00,13071.2629
2026-02-02 15:15:00+00:00,13071.2629
2026-02-02 15:30:00+00:00,13071.2629
2026-02-02 15:45:00+00:00,13071.2629
2026-02-02 16:00:00+00:00,13071.2629
2026-02-02 16:15:00+00:00,13071.2629
2026-02-02 16:30:00+00:00,13071.2629
2026-02-02 16:45:00+00:00,13071.2629
2026-02-02 17:00:00+00:00,13071.2629
2026-02-02 17:15:00+00:00,13071.2629
2026-02-02 17:30:00+00:00,13071.2629
2026-02-02 17:45:00+00:00,13071.2629
2026-02-02 18:00:00+00:00,13071.2629
2026-02-02 18:15:00+00:00,13071.2629
2026-02-02 18:30:00+00:00,13071.2629
2026-02-02 18:45:00+00:00,13071.2629
2026-02-02 19:00:00+00:00,13071.2629
2026-02-02 19:15:00+00:00,13071.2629
2026-02-02 19:30:00+00:00,13071.2629
2026-02-02 19:45:00+00:00,13071.2629
2026-02-02 20:00:00+00:00,13071.2629
2026-02-02 20:15:00+00:00,13071.2629
2026-02-02 20:30:00+00:00,13071.2629
2026-02-02 20:45:00+00:00,13071.2629
2026-02-02 21:00:00+00:00,13071.2629
2026-02-02 21:15:00+00:00,13071.2629
2026-02-02 21:30:00+00:00,13071.2629
2026-02-02 21:45:00+00:00,13071.2629
2026-02-02 22:00:00+00:00,13071.2629
2026-02-02 22:15:00+00:00,13071.2629
2026-02-02 22:30:00+00:00,13071.2629
2026-02-02 22:45:00+00:00,13071.2629
2026-02-02 23:00:00+00:00,13071.2629
2026-02-02 23:15:00+00:00,13071.2629
2026-02-02 23:30:00+00:00,13071.2629
2026-02-02 23:45:00+00:00,13071.2629
2026-02-03 00:00:00+00:00,13071.2629
2026-02-03 00:15:00+00:00,13071.2629
2026-02-03 00:30:00+00:00,13071.2629
2026-02-03 00:45:00+00:00,13071.2629
2026-02-03 01:00:00+00:00,13071.2629
2026-02-03 01:15:00+00:00,13071.2629
2026-02-03 01:30:00+00:00,13071.2629
2026-02-03 01:45:00+00:00,13071.2629
2026-02-03 02:00:00+00:00,13071.2629
2026-02-03 02:15:00+00:00,13071.2629
2026-02-03 02:30:00+00:00,13071.2629
2026-02-03 02:45:00+00:00,13071.2629
2026-02-03 03:00:00+00:00,13071.2629
2026-02-03 03:15:00+00:00,13071.2629
2026-02-03 03:30:00+00:00,13071.2629
2026-02-03 03:45:00+00:00,13071.2629
2026-02-03 04:00:00+00:00,13071.2629
2026-02-03 04:15:00+00:00,13071.2629
2026-02-03 04:30:00+00:00,13071.2629
2026-02-03 04:45:00+00:00,13071.2629
2026-02-03 05:00:00+00:00,13071.2629
2026-02-03 05:15:00+00:00,13071.2629
2026-02-03 05:30:00+00:00,13071.2629
2026-02-03 05:45:00+00:00,13071.2629
2026-02-03 06:00:00+00:00,13071.2629
2026-02-03 06:15:00+00:00,13071.2629
2026-02-03 06:30:00+00:00,13071.2629
2026-02-03 06:45:00+00:00,13071.2629
2026-02-03 07:00:00+00:00,13071.2629
2026-02-03 07:15:00+00:00,13071.2629
2026-02-03 07:30:00+00:00,13071.2629
2026-02-03 07:45:00+00:00,13071.2629
2026-02-03 08:00:00+00:00,12940.5503
2026-02-03 08:15:00+00:00,12940.5503
2026-02-03 08:30:00+00:00,12940.5503
2026-02-03 08:45:00+00:00,12940.5503
2026-02-03 09:00:00+00:00,12940.5503
2026-02-03 09:15:00+00:00,12940.5503
2026-02-03 09:30:00+00:00,12940.5503
2026-02-03 09:45:00+00:00,12940.5503
2026-02-03 10:00:00+00:00,12940.5503
2026-02-03 10:15:00+00:00,12940.5503
2026-02-03 10:30:00+00:00,12940.5503
2026-02-03 10:45:00+00:00,12940.5503
2026-02-03 11:00:00+00:00,12940.5503
2026-02-03 11:15:00+00:00,12940.5503
2026-02-03 11:30:00+00:00,12940.5503
2026-02-03 11:45:00+00:00,12940.5503
2026-02-03 12:00:00+00:00,12940.5503
2026-02-03 12:15:00+00:00,12940.5503
2026-02-03 12:30:00+00:00,12940.5503
2026-02-03 12:45:00+00:00,12940.5503
2026-02-03 13:00:00+00:00,12940.5503
2026-02-03 13:15:00+00:00,12940.5503
2026-02-03 13:30:00+00:00,12940.5503
2026-02-03 13:45:00+00:00,12940.5503
2026-02-03 14:00:00+00:00,12940.5503
2026-02-03 14:15:00+00:00,12940.5503
2026-02-03 14:30:00+00:00,12940.5503
2026-02-03 14:45:00+00:00,12940.5503
2026-02-03 15:00:00+00:00,12940.5503
2026-02-03 15:15:00+00:00,12940.5503
2026-02-03 15:30:00+00:00,12811.1448
2026-02-03 15:45:00+00:00,12811.1448
2026-02-03 16:00:00+00:00,12811.1448
2026-02-03 16:15:00+00:00,12811.1448
2026-02-03 16:30:00+00:00,12811.1448
2026-02-03 16:45:00+00:00,12811.1448
2026-02-03 17:00:00+00:00,12811.1448
2026-02-03 17:15:00+00:00,12811.1448
2026-02-03 17:30:00+00:00,12811.1448
2026-02-03 17:45:00+00:00,12811.1448
2026-02-03 18:00:00+00:00,12811.1448
2026-02-03 18:15:00+00:00,13067.3677
2026-02-03 18:30:00+00:00,13067.3677
2026-02-03 18:45:00+00:00,13067.3677
2026-02-03 19:00:00+00:00,13067.3677
2026-02-03 19:15:00+00:00,13067.3677
2026-02-03 19:30:00+00:00,13067.3677
2026-02-03 19:45:00+00:00,13067.3677
2026-02-03 20:00:00+00:00,13067.3677
2026-02-03 20:15:00+00:00,13067.3677
2026-02-03 20:30:00+00:00,13067.3677
2026-02-03 20:45:00+00:00,13067.3677
2026-02-03 21:00:00+00:00,13067.3677
2026-02-03 21:15:00+00:00,13067.3677
2026-02-03 21:30:00+00:00,13067.3677
2026-02-03 21:45:00+00:00,13067.3677
2026-02-03 22:00:00+00:00,13067.3677
2026-02-03 22:15:00+00:00,13067.3677
2026-02-03 22:30:00+00:00,13067.3677
2026-02-03 22:45:00+00:00,13067.3677
2026-02-03 23:00:00+00:00,13067.3677
2026-02-03 23:15:00+00:00,13067.3677
2026-02-03 23:30:00+00:00,13067.3677
2026-02-03 23:45:00+00:00,13067.3677
2026-02-04 00:00:00+00:00,13067.3677
2026-02-04 00:15:00+00:00,13067.3677
2026-02-04 00:30:00+00:00,13067.3677
2026-02-04 00:45:00+00:00,13067.3677
2026-02-04 01:00:00+00:00,13067.3677
2026-02-04 01:15:00+00:00,13067.3677
2026-02-04 01:30:00+00:00,13067.3677
2026-02-04 01:45:00+00:00,13067.3677
2026-02-04 02:00:00+00:00,13067.3677
2026-02-04 02:15:00+00:00,13067.3677
2026-02-04 02:30:00+00:00,13067.3677
2026-02-04 02:45:00+00:00,13067.3677
2026-02-04 03:00:00+00:00,13067.3677
2026-02-04 03:15:00+00:00,13067.3677
2026-02-04 03:30:00+00:00,13067.3677
2026-02-04 03:45:00+00:00,13067.3677
2026-02-04 04:00:00+00:00,13067.3677
2026-02-04 04:15:00+00:00,13067.3677
2026-02-04 04:30:00+00:00,13067.3677
2026-02-04 04:45:00+00:00,13067.3677
2026-02-04 05:00:00+00:00,13067.3677
2026-02-04 05:15:00+00:00,13067.3677
2026-02-04 05:30:00+00:00,13067.3677
2026-02-04 05:45:00+00:00,13067.3677
2026-02-04 06:00:00+00:00,13067.3677
2026-02-04 06:15:00+00:00,13067.3677
2026-02-04 06:30:00+00:00,13067.3677
2026-02-04 06:45:00+00:00,13067.3677
2026-02-04 07:00:00+00:00,13067.3677
2026-02-04 07:15:00+00:00,13067.3677
2026-02-04 07:30:00+00:00,12936.694
2026-02-04 07:45:00+00:00,12936.694
2026-02-04 08:00:00+00:00,12936.694
2026-02-04 08:15:00+00:00,12936.694
2026-02-04 08:30:00+00:00,12936.694
2026-02-04 08:45:00+00:00,12936.694
2026-02-04 09:00:00+00:00,12936.694
2026-02-04 09:15:00+00:00,12936.694
2026-02-04 09:30:00+00:00,12936.694
2026-02-04 09:45:00+00:00,12936.694
2026-02-04 10:00:00+00:00,12936.694
2026-02-04 10:15:00+00:00,12936.694
2026-02-04 10:30:00+00:00,12936.694
2026-02-04 10:45:00+00:00,12936.694
2026-02-04 11:00:00+00:00,13195.4279
2026-02-04 11:15:00+00:00,13195.4279
2026-02-04 11:30:00+00:00,13195.4279
2026-02-04 11:45:00+00:00,13195.4279
2026-02-04 12:00:00+00:00,13195.4279
2026-02-04 12:15:00+00:00,13195.4279
2026-02-04 12:30:00+00:00,13195.4279
2026-02-04 12:45:00+00:00,13195.4279
2026-02-04 13:00:00+00:00,13195.4279
2026-02-04 13:15:00+00:00,13195.4279
2026-02-04 13:30:00+00:00,13195.4279
2026-02-04 13:45:00+00:00,13195.4279
2026-02-04 14:00:00+00:00,13195.4279
2026-02-04 14:15:00+00:00,13195.4279
2026-02-04 14:30:00+00:00,13195.4279
2026-02-04 14:45:00+00:00,13195.4279
2026-02-04 15:00:00+00:00,13195.4279
2026-02-04 15:15:00+00:00,13195.4279
2026-02-04 15:30:00+00:00,13195.4279
2026-02-04 15:45:00+00:00,13195.4279
2026-02-04 16:00:00+00:00,13195.4279
2026-02-04 16:15:00+00:00,13195.4279
2026-02-04 16:30:00+00:00,13195.4279
2026-02-04 16:45:00+00:00,13195.4279
2026-02-04 17:00:00+00:00,13195.4279
2026-02-04 17:15:00+00:00,13195.4279
2026-02-04 17:30:00+00:00,13195.4279
2026-02-04 17:45:00+00:00,13195.4279
2026-02-04 18:00:00+00:00,13195.4279
2026-02-04 18:15:00+00:00,13195.4279
2026-02-04 18:30:00+00:00,13195.4279
2026-02-04 18:45:00+00:00,13195.4279
2026-02-04 19:00:00+00:00,13195.4279
2026-02-04 19:15:00+00:00,13195.4279
2026-02-04 19:30:00+00:00,13195.4279
2026-02-04 19:45:00+00:00,13195.4279
2026-02-04 20:00:00+00:00,13195.4279
2026-02-04 20:15:00+00:00,13195.4279
2026-02-04 20:30:00+00:00,13195.4279
2026-02-04 20:45:00+00:00,13195.4279
2026-02-04 21:00:00+00:00,13195.4279
2026-02-04 21:15:00+00:00,13195.4279
2026-02-04 21:30:00+00:00,13195.4279
2026-02-04 21:45:00+00:00,13195.4279
2026-02-04 22:00:00+00:00,13195.4279
2026-02-04 22:15:00+00:00,13195.4279
2026-02-04 22:30:00+00:00,13195.4279
2026-02-04 22:45:00+00:00,13195.4279
2026-02-04 23:00:00+00:00,13195.4279
2026-02-04 23:15:00+00:00,13195.4279
2026-02-04 23:30:00+00:00,13195.4279
2026-02-04 23:45:00+00:00,13195.4279
2026-02-05 00:00:00+00:00,13195.4279
2026-02-05 00:15:00+00:00,13195.4279
2026-02-05 00:30:00+00:00,13195.4279
2026-02-05 00:45:00+00:00,13195.4279
2026-02-05 01:00:00+00:00,13195.4279
2026-02-05 01:15:00+00:00,13195.4279
2026-02-05 01:30:00+00:00,13195.4279
2026-02-05 01:45:00+00:00,13195.4279
2026-02-05 02:00:00+00:00,13195.4279
2026-02-05 02:15:00+00:00,13195.4279
2026-02-05 02:30:00+00:00,13195.4279
2026-02-05 02:45:00+00:00,13195.4279
2026-02-05 03:00:00+00:00,13195.4279
2026-02-05 03:15:00+00:00,13195.4279
2026-02-05 03:30:00+00:00,13195.4279
2026-02-05 03:45:00+00:00,13195.4279
2026-02-05 04:00:00+00:00,13195.4279
2026-02-05 04:15:00+00:00,13195.4279
2026-02-05 04:30:00+00:00,13195.4279
2026-02-05 04:45:00+00:00,13195.4279
2026-02-05 05:00:00+00:00,13195.4279
2026-02-05 05:15:00+00:00,13195.4279
2026-02-05 05:30:00+00:00,13195.4279
2026-02-05 05:45:00+00:00,13195.4279
2026-02-05 06:00:00+00:00,13195.4279
2026-02-05 06:15:00+00:00,13195.4279
2026-02-05 06:30:00+00:00,13195.4279
2026-02-05 06:45:00+00:00,13195.4279
2026-02-05 07:00:00+00:00,13195.4279
2026-02-05 07:15:00+00:00,13195.4279
2026-02-05 07:30:00+00:00,13195.4279
2026-02-05 07:45:00+00:00,13195.4279
2026-02-05 08:00:00+00:00,13195.4279
2026-02-05 08:15:00+00:00,13195.4279
2026-02-05 08:30:00+00:00,13195.4279
2026-02-05 08:45:00+00:00,13195.4279
2026-02-05 09:00:00+00:00,13195.4279
2026-02-05 09:15:00+00:00,13195.4279
2026-02-05 09:30:00+00:00,13195.4279
2026-02-05 09:45:00+00:00,13195.4279
2026-02-05 10:00:00+00:00,13195.4279
2026-02-05 10:15:00+00:00,13195.4279
2026-02-05 10:30:00+00:00,13195.4279
2026-02-05 10:45:00+00:00,13195.4279
2026-02-05 11:00:00+00:00,13195.4279
2026-02-05 11:15:00+00:00,13195.4279
2026-02-05 11:30:00+00:00,13195.4279
2026-02-05 11:45:00+00:00,13195.4279
2026-02-05 12:00:00+00:00,13195.4279
2026-02-05 12:15:00+00:00,13195.4279
2026-02-05 12:30:00+00:00,13195.4279
2026-02-05 12:45:00+00:00,13195.4279
2026-02-05 13:00:00+00:00,13195.4279
2026-02-05 13:15:00+00:00,13195.4279
2026-02-05 13:30:00+00:00,13195.4279
2026-02-05 13:45:00+00:00,13195.4279
2026-02-05 14:00:00+00:00,13195.4279
2026-02-05 14:15:00+00:00,13195.4279
2026-02-05 14:30:00+00:00,13195.4279
2026-02-05 14:45:00+00:00,13195.4279
2026-02-05 15:00:00+00:00,13195.4279
2026-02-05 15:15:00+00:00,13195.4279
2026-02-05 15:30:00+00:00,13195.4279
2026-02-05 15:45:00+00:00,13195.4279
2026-02-05 16:00:00+00:00,13195.4279
2026-02-05 16:15:00+00:00,13195.4279
2026-02-05 16:30:00+00:00,13195.4279
2026-02-05 16:45:00+00:00,13195.4279
2026-02-05 17:00:00+00:00,13195.4279
2026-02-05 17:15:00+00:00,13195.4279
2026-02-05 17:30:00+00:00,13195.4279
2026-02-05 17:45:00+00:00,13195.4279
2026-02-05 18:00:00+00:00,13195.4279
2026-02-05 18:15:00+00:00,13195.4279
2026-02-05 18:30:00+00:00,13195.4279
2026-02-05 18:45:00+00:00,13195.4279
2026-02-05 19:00:00+00:00,13195.4279
2026-02-05 19:15:00+00:00,13195.4279
2026-02-05 19:30:00+00:00,13195.4279
2026-02-05 19:45:00+00:00,13195.4279
2026-02-05 20:00:00+00:00,13195.4279
2026-02-05 20:15:00+00:00,13195.4279
2026-02-05 20:30:00+00:00,13195.4279
2026-02-05 20:45:00+00:00,13195.4279
2026-02-05 21:00:00+00:00,13195.4279
2026-02-05 21:15:00+00:00,13195.4279
2026-02-05 21:30:00+00:00,13195.4279
2026-02-05 21:45:00+00:00,13195.4279
2026-02-05 22:00:00+00:00,13195.4279
2026-02-05 22:15:00+00:00,13195.4279
2026-02-05 22:30:00+00:00,13195.4279
2026-02-05 22:45:00+00:00,13195.4279
2026-02-05 23:00:00+00:00,13195.4279
2026-02-05 23:15:00+00:00,13195.4279
2026-02-05 23:30:00+00:00,13195.4279
2026-02-05 23:45:00+00:00,13195.4279
2026-02-06 00:00:00+00:00,13195.4279
2026-02-06 00:15:00+00:00,13195.4279
2026-02-06 00:30:00+00:00,13195.4279
2026-02-06 00:45:00+00:00,13195.4279
2026-02-06 01:00:00+00:00,13195.4279
2026-02-06 01:15:00+00:00,13195.4279
2026-02-06 01:30:00+00:00,13195.4279
2026-02-06 01:45:00+00:00,13195.4279
2026-02-06 02:00:00+00:00,13195.4279
2026-02-06 02:15:00+00:00,13195.4279
2026-02-06 02:30:00+00:00,13195.4279
2026-02-06 02:45:00+00:00,13195.4279
2026-02-06 03:00:00+00:00,13195.4279
2026-02-06 03:15:00+00:00,13195.4279
2026-02-06 03:30:00+00:00,13195.4279
2026-02-06 03:45:00+00:00,13195.4279
2026-02-06 04:00:00+00:00,13195.4279
2026-02-06 04:15:00+00:00,13195.4279
2026-02-06 04:30:00+00:00,13195.4279
2026-02-06 04:45:00+00:00,13195.4279
2026-02-06 05:00:00+00:00,13195.4279
2026-02-06 05:15:00+00:00,13195.4279
2026-02-06 05:30:00+00:00,13195.4279
2026-02-06 05:45:00+00:00,13195.4279
2026-02-06 06:00:00+00:00,13195.4279
2026-02-06 06:15:00+00:00,13195.4279
2026-02-06 06:30:00+00:00,13195.4279
2026-02-06 06:45:00+00:00,13195.4279
2026-02-06 07:00:00+00:00,13459.3364
2026-02-06 07:15:00+00:00,13459.3364
2026-02-06 07:30:00+00:00,13459.3364
2026-02-06 07:45:00+00:00,13459.3364
2026-02-06 08:00:00+00:00,13459.3364
2026-02-06 08:15:00+00:00,13459.3364
2026-02-06 08:30:00+00:00,13459.3364
2026-02-06 08:45:00+00:00,13459.3364
2026-02-06 09:00:00+00:00,13459.3364
2026-02-06 09:15:00+00:00,13459.3364
2026-02-06 09:30:00+00:00,13324.7431
2026-02-06 09:45:00+00:00,13324.7431
2026-02-06 10:00:00+00:00,13324.7431
2026-02-06 10:15:00+00:00,13324.7431
2026-02-06 10:30:00+00:00,13324.7431
2026-02-06 10:45:00+00:00,13324.7431
2026-02-06 11:00:00+00:00,13324.7431
2026-02-06 11:15:00+00:00,13324.7431
2026-02-06 11:30:00+00:00,13324.7431
2026-02-06 11:45:00+00:00,13324.7431
2026-02-06 12:00:00+00:00,13324.7431
2026-02-06 12:15:00+00:00,13324.7431
2026-02-06 12:30:00+00:00,13324.7431
2026-02-06 12:45:00+00:00,13324.7431
2026-02-06 13:00:00+00:00,13324.7431
2026-02-06 13:15:00+00:00,13324.7431
2026-02-06 13:30:00+00:00,13324.7431
2026-02-06 13:45:00+00:00,13324.7431
2026-02-06 14:00:00+00:00,13324.7431
2026-02-06 14:15:00+00:00,13324.7431
2026-02-06 14:30:00+00:00,13324.7431
2026-02-06 14:45:00+00:00,13324.7431
2026-02-06 15:00:00+00:00,13324.7431
2026-02-06 15:15:00+00:00,13324.7431
2026-02-06 15:30:00+00:00,13324.7431
2026-02-06 15:45:00+00:00,13324.7431
2026-02-06 16:00:00+00:00,13324.7431
2026-02-06 16:15:00+00:00,13324.7431
2026-02-06 16:30:00+00:00,13591.2379
2026-02-06 16:45:00+00:00,13591.2379
2026-02-06 17:00:00+00:00,13591.2379
2026-02-06 17:15:00+00:00,13591.2379
2026-02-06 17:30:00+00:00,13591.2379
2026-02-06 17:45:00+00:00,13591.2379
2026-02-06 18:00:00+00:00,13591.2379
2026-02-06 18:15:00+00:00,13591.2379
2026-02-06 18:30:00+00:00,13591.2379
2026-02-06 18:45:00+00:00,13591.2379
2026-02-06 19:00:00+00:00,13591.2379
2026-02-06 19:15:00+00:00,13591.2379
2026-02-06 19:30:00+00:00,13591.2379
2026-02-06 19:45:00+00:00,13591.2379
2026-02-06 20:00:00+00:00,13591.2379
2026-02-06 20:15:00+00:00,13591.2379
2026-02-06 20:30:00+00:00,13591.2379
2026-02-06 20:45:00+00:00,13591.2379
2026-02-06 21:00:00+00:00,13591.2379
2026-02-06 21:15:00+00:00,13591.2379
2026-02-06 21:30:00+00:00,13591.2379
2026-02-06 21:45:00+00:00,13591.2379
2026-02-06 22:00:00+00:00,13591.2379
2026-02-06 22:15:00+00:00,13591.2379
2026-02-06 22:30:00+00:00,13591.2379
2026-02-06 22:45:00+00:00,13591.2379
2026-02-06 23:00:00+00:00,13591.2379
2026-02-06 23:15:00+00:00,13591.2379
2026-02-06 23:30:00+00:00,13591.2379
2026-02-06 23:45:00+00:00,13591.2379
2026-02-07 00:00:00+00:00,13591.2379
2026-02-07 00:15:00+00:00,13591.2379
2026-02-07 00:30:00+00:00,13591.2379
2026-02-07 00:45:00+00:00,13591.2379
2026-02-07 01:00:00+00:00,13591.2379
2026-02-07 01:15:00+00:00,13591.2379
2026-02-07 01:30:00+00:00,13591.2379
2026-02-07 01:45:00+00:00,13863.0627
2026-02-07 02:00:00+00:00,13863.0627
2026-02-07 02:15:00+00:00,13863.0627
2026-02-07 02:30:00+00:00,13863.0627
2026-02-07 02:45:00+00:00,13863.0627
2026-02-07 03:00:00+00:00,13863.0627
2026-02-07 03:15:00+00:00,13863.0627
2026-02-07 03:30:00+00:00,13863.0627
2026-02-07 03:45:00+00:00,13863.0627
2026-02-07 04:00:00+00:00,13863.0627
2026-02-07 04:15:00+00:00,13863.0627
2026-02-07 04:30:00+00:00,13863.0627
2026-02-07 04:45:00+00:00,13863.0627
2026-02-07 05:00:00+00:00,13863.0627
2026-02-07 05:15:00+00:00,13863.0627
2026-02-07 05:30:00+00:00,13863.0627
2026-02-07 05:45:00+00:00,13863.0627
2026-02-07 06:00:00+00:00,13863.0627
2026-02-07 06:15:00+00:00,13863.0627
2026-02-07 06:30:00+00:00,13863.0627
2026-02-07 06:45:00+00:00,13863.0627
2026-02-07 07:00:00+00:00,13863.0627
2026-02-07 07:15:00+00:00,13863.0627
2026-02-07 07:30:00+00:00,13863.0627
2026-02-07 07:45:00+00:00,13863.0627
2026-02-07 08:00:00+00:00,13863.0627
2026-02-07 08:15:00+00:00,13863.0627
2026-02-07 08:30:00+00:00,13863.0627
2026-02-07 08:45:00+00:00,13863.0627
2026-02-07 09:00:00+00:00,13863.0627
2026-02-07 09:15:00+00:00,13863.0627
2026-02-07 09:30:00+00:00,13863.0627
2026-02-07 09:45:00+00:00,13863.0627
2026-02-07 10:00:00+00:00,13863.0627
2026-02-07 10:15:00+00:00,13863.0627
2026-02-07 10:30:00+00:00,13863.0627
2026-02-07 10:45:00+00:00,13863.0627
2026-02-07 11:00:00+00:00,13863.0627
2026-02-07 11:15:00+00:00,13863.0627
2026-02-07 11:30:00+00:00,13863.0627
2026-02-07 11:45:00+00:00,13863.0627
2026-02-07 12:00:00+00:00,13863.0627
2026-02-07 12:15:00+00:00,13863.0627
2026-02-07 12:30:00+00:00,13863.0627
2026-02-07 12:45:00+00:00,13863.0627
2026-02-07 13:00:00+00:00,13863.0627
2026-02-07 13:15:00+00:00,13863.0627
2026-02-07 13:30:00+00:00,13863.0627
2026-02-07 13:45:00+00:00,13863.0627
2026-02-07 14:00:00+00:00,13724.4321
2026-02-07 14:15:00+00:00,13724.4321
2026-02-07 14:30:00+00:00,13724.4321
2026-02-07 14:45:00+00:00,13724.4321
2026-02-07 15:00:00+00:00,13724.4321
2026-02-07 15:15:00+00:00,13724.4321
2026-02-07 15:30:00+00:00,13724.4321
2026-02-07 15:45:00+00:00,13724.4321
2026-02-07 16:00:00+00:00,13724.4321
2026-02-07 16:15:00+00:00,13724.4321
2026-02-07 16:30:00+00:00,13724.4321
2026-02-07 16:45:00+00:00,13724.4321
2026-02-07 17:00:00+00:00,13724.4321
2026-02-07 17:15:00+00:00,13724.4321
2026-02-07 17:30:00+00:00,13587.1878
2026-02-07 17:45:00+00:00,13587.1878
2026-02-07 18:00:00+00:00,13587.1878
2026-02-07 18:15:00+00:00,13587.1878
2026-02-07 18:30:00+00:00,13587.1878
2026-02-07 18:45:00+00:00,13587.1878
2026-02-07 19:00:00+00:00,13587.1878
2026-02-07 19:15:00+00:00,13587.1878
2026-02-07 19:30:00+00:00,13587.1878
2026-02-07 19:45:00+00:00,13587.1878
2026-02-07 20:00:00+00:00,13587.1878
2026-02-07 20:15:00+00:00,13587.1878
2026-02-07 20:30:00+00:00,13587.1878
2026-02-07 20:45:00+00:00,13587.1878
2026-02-07 21:00:00+00:00,13587.1878
2026-02-07 21:15:00+00:00,13587.1878
2026-02-07 21:30:00+00:00,13587.1878
2026-02-07 21:45:00+00:00,13587.1878
2026-02-07 22:00:00+00:00,13587.1878
2026-02-07 22:15:00+00:00,13587.1878
2026-02-07 22:30:00+00:00,13587.1878
2026-02-07 22:45:00+00:00,13587.1878
2026-02-07 23:00:00+00:00,13587.1878
2026-02-07 23:15:00+00:00,13587.1878
2026-02-07 23:30:00+00:00,13587.1878
2026-02-07 23:45:00+00:00,13587.1878
2026-02-08 00:00:00+00:00,13587.1878
2026-02-08 00:15:00+00:00,13587.1878
2026-02-08 00:30:00+00:00,13587.1878
2026-02-08 00:45:00+00:00,13451.3159
2026-02-08 01:00:00+00:00,13451.3159
2026-02-08 01:15:00+00:00,13451.3159
2026-02-08 01:30:00+00:00,13451.3159
2026-02-08 01:45:00+00:00,13451.3159
2026-02-08 02:00:00+00:00,13451.3159
2026-02-08 02:15:00+00:00,13451.3159
2026-02-08 02:30:00+00:00,13451.3159
2026-02-08 02:45:00+00:00,13451.3159
2026-02-08 03:00:00+00:00,13451.3159
2026-02-08 03:15:00+00:00,13451.3159
2026-02-08 03:30:00+00:00,13451.3159
2026-02-08 03:45:00+00:00,13451.3159
2026-02-08 04:00:00+00:00,13451.3159
2026-02-08 04:15:00+00:00,13451.3159
2026-02-08 04:30:00+00:00,13451.3159
2026-02-08 04:45:00+00:00,13451.3159
2026-02-08 05:00:00+00:00,13451.3159
2026-02-08 05:15:00+00:00,13451.3159
2026-02-08 05:30:00+00:00,13451.3159
2026-02-08 05:45:00+00:00,13451.3159
2026-02-08 06:00:00+00:00,13451.3159
2026-02-08 06:15:00+00:00,13451.3159
2026-02-08 06:30:00+00:00,13451.3159
2026-02-08 06:45:00+00:00,13451.3159
2026-02-08 07:00:00+00:00,13720.3422
2026-02-08 07:15:00+00:00,13720.3422
2026-02-08 07:30:00+00:00,13720.3422
2026-02-08 07:45:00+00:00,13720.3422
2026-02-08 08:00:00+00:00,13720.3422
2026-02-08 08:15:00+00:00,13720.3422
2026-02-08 08:30:00+00:00,13720.3422
2026-02-08 08:45:00+00:00,13720.3422
2026-02-08 09:00:00+00:00,13720.3422
2026-02-08 09:15:00+00:00,13720.3422
2026-02-08 09:30:00+00:00,13720.3422
2026-02-08 09:45:00+00:00,13720.3422
2026-02-08 10:00:00+00:00,13720.3422
2026-02-08 10:15:00+00:00,13720.3422
2026-02-08 10:30:00+00:00,13720.3422
2026-02-08 10:45:00+00:00,13720.3422
2026-02-08 11:00:00+00:00,13720.3422
2026-02-08 11:15:00+00:00,13720.3422
2026-02-08 11:30:00+00:00,13583.1388
2026-02-08 11:45:00+00:00,13583.1388
2026-02-08 12:00:00+00:00,13583.1388
2026-02-08 12:15:00+00:00,13583.1388
2026-02-08 12:30:00+00:00,13583.1388
2026-02-08 12:45:00+00:00,13583.1388
2026-02-08 13:00:00+00:00,13447.3074
2026-02-08 13:15:00+00:00,13447.3074
2026-02-08 13:30:00+00:00,13447.3074
2026-02-08 13:45:00+00:00,13447.3074
2026-02-08 14:00:00+00:00,13312.8343
2026-02-08 14:15:00+00:00,13312.8343
2026-02-08 14:30:00+00:00,13312.8343
2026-02-08 14:45:00+00:00,13312.8343
2026-02-08 15:00:00+00:00,13312.8343
2026-02-08 15:15:00+00:00,13312.8343
2026-02-08 15:30:00+00:00,13312.8343
2026-02-08 15:45:00+00:00,13312.8343
2026-02-08 16:00:00+00:00,13312.8343
2026-02-08 16:15:00+00:00,13312.8343
2026-02-08 16:30:00+00:00,13312.8343
2026-02-08 16:45:00+00:00,13312.8343
2026-02-08 17:00:00+00:00,13312.8343
2026-02-08 17:15:00+00:00,13312.8343
2026-02-08 17:30:00+00:00,13312.8343
2026-02-08 17:45:00+00:00,13312.8343
2026-02-08 18:00:00+00:00,13312.8343
2026-02-08 18:15:00+00:00,13312.8343
2026-02-08 18:30:00+00:00,13179.706
2026-02-08 18:45:00+00:00,13179.706
2026-02-08 19:00:00+00:00,13179.706
2026-02-08 19:15:00+00:00,13179.706
2026-02-08 19:30:00+00:00,13179.706
2026-02-08 19:45:00+00:00,13179.706
2026-02-08 20:00:00+00:00,13179.706
2026-02-08 20:15:00+00:00,13179.706
2026-02-08 20:30:00+00:00,13179.706
2026-02-08 20:45:00+00:00,13179.706
2026-02-08 21:00:00+00:00,13179.706
2026-02-08 21:15:00+00:00,13179.706
2026-02-08 21:30:00+00:00,13179.706
2026-02-08 21:45:00+00:00,13179.706
2026-02-08 22:00:00+00:00,13179.706
2026-02-08 22:15:00+00:00,13179.706
2026-02-08 22:30:00+00:00,13179.706
2026-02-08 22:45:00+00:00,13179.706
2026-02-08 23:00:00+00:00,13047.9089
2026-02-08 23:15:00+00:00,13047.9089
2026-02-08 23:30:00+00:00,13047.9089
2026-02-08 23:45:00+00:00,13047.9089
2026-02-09 00:00:00+00:00,13047.9089
2026-02-09 00:15:00+00:00,13047.9089
2026-02-09 00:30:00+00:00,13047.9089
2026-02-09 00:45:00+00:00,13047.9089
2026-02-09 01:00:00+00:00,13047.9089
2026-02-09 01:15:00+00:00,12917.4298
2026-02-09 01:30:00+00:00,12917.4298
2026-02-09 01:45:00+00:00,12917.4298
2026-02-09 02:00:00+00:00,12917.4298
2026-02-09 02:15:00+00:00,12917.4298
2026-02-09 02:30:00+00:00,12788.2555
2026-02-09 02:45:00+00:00,12788.2555
2026-02-09 03:00:00+00:00,12788.2555
2026-02-09 03:15:00+00:00,12788.2555
2026-02-09 03:30:00+00:00,12660.373
2026-02-09 03:45:00+00:00,12660.373
2026-02-09 04:00:00+00:00,12660.373
2026-02-09 04:15:00+00:00,12660.373
2026-02-09 04:30:00+00:00,12660.373
2026-02-09 04:45:00+00:00,12660.373
2026-02-09 05:00:00+00:00,12660.373
2026-02-09 05:15:00+00:00,12660.373
2026-02-09 05:30:00+00:00,12660.373
2026-02-09 05:45:00+00:00,12660.373
2026-02-09 06:00:00+00:00,12660.373
2026-02-09 06:15:00+00:00,12913.5804
2026-02-09 06:30:00+00:00,12913.5804
2026-02-09 06:45:00+00:00,12913.5804
2026-02-09 07:00:00+00:00,12913.5804
2026-02-09 07:15:00+00:00,12913.5804
2026-02-09 07:30:00+00:00,13171.852
2026-02-09 07:45:00+00:00,13171.852
2026-02-09 08:00:00+00:00,13171.852
2026-02-09 08:15:00+00:00,13171.852
2026-02-09 08:30:00+00:00,13171.852
2026-02-09 08:45:00+00:00,13171.852
2026-02-09 09:00:00+00:00,13171.852
2026-02-09 09:15:00+00:00,13171.852
2026-02-09 09:30:00+00:00,13171.852
2026-02-09 09:45:00+00:00,13171.852
2026-02-09 10:00:00+00:00,13171.852
2026-02-09 10:15:00+00:00,13171.852
2026-02-09 10:30:00+00:00,13171.852
2026-02-09 10:45:00+00:00,13171.852
2026-02-09 11:00:00+00:00,13171.852
2026-02-09 11:15:00+00:00,13171.852
2026-02-09 11:30:00+00:00,13171.852
2026-02-09 11:45:00+00:00,13171.852
2026-02-09 12:00:00+00:00,13171.852
2026-02-09 12:15:00+00:00,13171.852
2026-02-09 12:30:00+00:00,13171.852
2026-02-09 12:45:00+00:00,13171.852
2026-02-09 13:00:00+00:00,13171.852
2026-02-09 13:15:00+00:00,13171.852
2026-02-09 13:30:00+00:00,13171.852
2026-02-09 13:45:00+00:00,13171.852
2026-02-09 14:00:00+00:00,13171.852
2026-02-09 14:15:00+00:00,13171.852
2026-02-09 14:30:00+00:00,13171.852
2026-02-09 14:45:00+00:00,13171.852
2026-02-09 15:00:00+00:00,13171.852
2026-02-09 15:15:00+00:00,13171.852
2026-02-09 15:30:00+00:00,13040.1335
2026-02-09 15:45:00+00:00,13040.1335
2026-02-09 16:00:00+00:00,13040.1335
2026-02-09 16:15:00+00:00,13040.1335
2026-02-09 16:30:00+00:00,12909.7322
2026-02-09 16:45:00+00:00,12909.7322
2026-02-09 17:00:00+00:00,12909.7322
2026-02-09 17:15:00+00:00,12909.7322
2026-02-09 17:30:00+00:00,12780.6349
2026-02-09 17:45:00+00:00,12780.6349
2026-02-09 18:00:00+00:00,12780.6349
2026-02-09 18:15:00+00:00,12780.6349
2026-02-09 18:30:00+00:00,12780.6349
2026-02-09 18:45:00+00:00,12780.6349
2026-02-09 19:00:00+00:00,12780.6349
2026-02-09 19:15:00+00:00,12780.6349
2026-02-09 19:30:00+00:00,12780.6349
2026-02-09 19:45:00+00:00,12780.6349
2026-02-09 20:00:00+00:00,12780.6349
2026-02-09 20:15:00+00:00,12780.6349
2026-02-09 20:30:00+00:00,12780.6349
2026-02-09 20:45:00+00:00,12780.6349
2026-02-09 21:00:00+00:00,12780.6349
2026-02-09 21:15:00+00:00,12780.6349
2026-02-09 21:30:00+00:00,12780.6349
2026-02-09 21:45:00+00:00,12780.6349
2026-02-09 22:00:00+00:00,12780.6349
2026-02-09 22:15:00+00:00,12780.6349
2026-02-09 22:30:00+00:00,12780.6349
2026-02-09 22:45:00+00:00,12780.6349
2026-02-09 23:00:00+00:00,12780.6349
2026-02-09 23:15:00+00:00,12780.6349
2026-02-09 23:30:00+00:00,12780.6349
2026-02-09 23:45:00+00:00,12780.6349
2026-02-10 00:00:00+00:00,12780.6349
2026-02-10 00:15:00+00:00,12780.6349
2026-02-10 00:30:00+00:00,12780.6349
2026-02-10 00:45:00+00:00,12780.6349
2026-02-10 01:00:00+00:00,12780.6349
2026-02-10 01:15:00+00:00,12780.6349
2026-02-10 01:30:00+00:00,12780.6349
2026-02-10 01:45:00+00:00,12780.6349
2026-02-10 02:00:00+00:00,12780.6349
2026-02-10 02:15:00+00:00,12780.6349
2026-02-10 02:30:00+00:00,12780.6349
2026-02-10 02:45:00+00:00,12780.6349
2026-02-10 03:00:00+00:00,12780.6349
2026-02-10 03:15:00+00:00,12780.6349
2026-02-10 03:30:00+00:00,12780.6349
2026-02-10 03:45:00+00:00,12780.6349
2026-02-10 04:00:00+00:00,12780.6349
2026-02-10 04:15:00+00:00,12780.6349
2026-02-10 04:30:00+00:00,12780.6349
2026-02-10 04:45:00+00:00,12780.6349
2026-02-10 05:00:00+00:00,12780.6349
2026-02-10 05:15:00+00:00,12780.6349
2026-02-10 05:30:00+00:00,12780.6349
2026-02-10 05:45:00+00:00,12780.6349
2026-02-10 06:00:00+00:00,12780.6349
2026-02-10 06:15:00+00:00,12780.6349
2026-02-10 06:30:00+00:00,12780.6349
2026-02-10 06:45:00+00:00,12780.6349
2026-02-10 07:00:00+00:00,12780.6349
2026-02-10 07:15:00+00:00,12780.6349
2026-02-10 07:30:00+00:00,12780.6349
2026-02-10 07:45:00+00:00,12780.6349
2026-02-10 08:00:00+00:00,12780.6349
2026-02-10 08:15:00+00:00,12780.6349
2026-02-10 08:30:00+00:00,12780.6349
2026-02-10 08:45:00+00:00,12780.6349
2026-02-10 09:00:00+00:00,12780.6349
2026-02-10 09:15:00+00:00,12780.6349
2026-02-10 09:30:00+00:00,12780.6349
2026-02-10 09:45:00+00:00,12780.6349
2026-02-10 10:00:00+00:00,12780.6349
2026-02-10 10:15:00+00:00,12780.6349
2026-02-10 10:30:00+00:00,12780.6349
2026-02-10 10:45:00+00:00,12780.6349
2026-02-10 11:00:00+00:00,12780.6349
2026-02-10 11:15:00+00:00,12780.6349
2026-02-10 11:30:00+00:00,12652.8285
2026-02-10 11:45:00+00:00,12652.8285
2026-02-10 12:00:00+00:00,12652.8285
2026-02-10 12:15:00+00:00,12652.8285
2026-02-10 12:30:00+00:00,12652.8285
2026-02-10 12:45:00+00:00,12652.8285
2026-02-10 13:00:00+00:00,12652.8285
2026-02-10 13:15:00+00:00,12652.8285
2026-02-10 13:30:00+00:00,12652.8285
2026-02-10 13:45:00+00:00,12652.8285
2026-02-10 14:00:00+00:00,12652.8285
2026-02-10 14:15:00+00:00,12652.8285
2026-02-10 14:30:00+00:00,12652.8285
2026-02-10 14:45:00+00:00,12652.8285
2026-02-10 15:00:00+00:00,12652.8285
2026-02-10 15:15:00+00:00,12652.8285
2026-02-10 15:30:00+00:00,12652.8285
2026-02-10 15:45:00+00:00,12652.8285
2026-02-10 16:00:00+00:00,12652.8285
2026-02-10 16:15:00+00:00,12652.8285
2026-02-10 16:30:00+00:00,12652.8285
2026-02-10 16:45:00+00:00,12652.8285
2026-02-10 17:00:00+00:00,12652.8285
2026-02-10 17:15:00+00:00,12652.8285
2026-02-10 17:30:00+00:00,12652.8285
2026-02-10 17:45:00+00:00,12652.8285
2026-02-10 18:00:00+00:00,12652.8285
2026-02-10 18:15:00+00:00,12652.8285
2026-02-10 18:30:00+00:00,12652.8285
2026-02-10 18:45:00+00:00,12652.8285
2026-02-10 19:00:00+00:00,12652.8285
2026-02-10 19:15:00+00:00,12652.8285
2026-02-10 19:30:00+00:00,12652.8285
2026-02-10 19:45:00+00:00,12652.8285
2026-02-10 20:00:00+00:00,12652.8285
2026-02-10 20:15:00+00:00,12652.8285
2026-02-10 20:30:00+00:00,12652.8285
2026-02-10 20:45:00+00:00,12652.8285
2026-02-10 21:00:00+00:00,12652.8285
2026-02-10 21:15:00+00:00,12652.8285
2026-02-10 21:30:00+00:00,12652.8285
2026-02-10 21:45:00+00:00,12652.8285
2026-02-10 22:00:00+00:00,12652.8285
2026-02-10 22:15:00+00:00,12652.8285
2026-02-10 22:30:00+00:00,12652.8285
2026-02-10 22:45:00+00:00,12652.8285
2026-02-10 23:00:00+00:00,12652.8285
2026-02-10 23:15:00+00:00,12652.8285
2026-02-10 23:30:00+00:00,12652.8285
2026-02-10 23:45:00+00:00,12652.8285
2026-02-11 00:00:00+00:00,12652.8285
2026-02-11 00:15:00+00:00,12652.8285
2026-02-11 00:30:00+00:00,12652.8285
2026-02-11 00:45:00+00:00,12652.8285
2026-02-11 01:00:00+00:00,12652.8285
2026-02-11 01:15:00+00:00,12652.8285
2026-02-11 01:30:00+00:00,12652.8285
2026-02-11 01:45:00+00:00,12652.8285
2026-02-11 02:00:00+00:00,12652.8285
2026-02-11 02:15:00+00:00,12526.3002
2026-02-11 02:30:00+00:00,12526.3002
2026-02-11 02:45:00+00:00,12526.3002
2026-02-11 03:00:00+00:00,12526.3002
2026-02-11 03:15:00+00:00,12776.8262
2026-02-11 03:30:00+00:00,12776.8262
2026-02-11 03:45:00+00:00,12776.8262
2026-02-11 04:00:00+00:00,12776.8262
2026-02-11 04:15:00+00:00,13032.3627
2026-02-11 04:30:00+00:00,13032.3627
2026-02-11 04:45:00+00:00,13032.3627
2026-02-11 05:00:00+00:00,13032.3627
2026-02-11 05:15:00+00:00,13032.3627
2026-02-11 05:30:00+00:00,13032.3627
2026-02-11 05:45:00+00:00,13032.3627
2026-02-11 06:00:00+00:00,13032.3627
2026-02-11 06:15:00+00:00,13032.3627
2026-02-11 06:30:00+00:00,13032.3627
2026-02-11 06:45:00+00:00,13032.3627
2026-02-11 07:00:00+00:00,13032.3627
2026-02-11 07:15:00+00:00,13032.3627
2026-02-11 07:30:00+00:00,13032.3627
2026-02-11 07:45:00+00:00,13032.3627
2026-02-11 08:00:00+00:00,13032.3627
2026-02-11 08:15:00+00:00,13032.3627
2026-02-11 08:30:00+00:00,13032.3627
2026-02-11 08:45:00+00:00,13032.3627
2026-02-11 09:00:00+00:00,13032.3627
2026-02-11 09:15:00+00:00,13032.3627
2026-02-11 09:30:00+00:00,13032.3627
2026-02-11 09:45:00+00:00,13032.3627
2026-02-11 10:00:00+00:00,13032.3627
2026-02-11 10:15:00+00:00,13032.3627
2026-02-11 10:30:00+00:00,13032.3627
2026-02-11 10:45:00+00:00,13032.3627
2026-02-11 11:00:00+00:00,13032.3627
2026-02-11 11:15:00+00:00,13032.3627
2026-02-11 11:30:00+00:00,13032.3627
2026-02-11 11:45:00+00:00,13032.3627
2026-02-11 12:00:00+00:00,13032.3627
2026-02-11 12:15:00+00:00,13032.3627
2026-02-11 12:30:00+00:00,13032.3627
2026-02-11 12:45:00+00:00,13032.3627
2026-02-11 13:00:00+00:00,13032.3627
2026-02-11 13:15:00+00:00,13032.3627
2026-02-11 13:30:00+00:00,13032.3627
2026-02-11 13:45:00+00:00,13032.3627
2026-02-11 14:00:00+00:00,13032.3627
2026-02-11 14:15:00+00:00,13032.3627
2026-02-11 14:30:00+00:00,13032.3627
2026-02-11 14:45:00+00:00,13032.3627
2026-02-11 15:00:00+00:00,13032.3627
2026-02-11 15:15:00+00:00,13032.3627
2026-02-11 15:30:00+00:00,13032.3627
2026-02-11 15:45:00+00:00,13032.3627
2026-02-11 16:00:00+00:00,13032.3627
2026-02-11 16:15:00+00:00,13032.3627
2026-02-11 16:30:00+00:00,13032.3627
2026-02-11 16:45:00+00:00,13032.3627
2026-02-11 17:00:00+00:00,13032.3627
2026-02-11 17:15:00+00:00,13032.3627
2026-02-11 17:30:00+00:00,13032.3627
2026-02-11 17:45:00+00:00,13032.3627
2026-02-11 18:00:00+00:00,13032.3627
2026-02-11 18:15:00+00:00,13032.3627
2026-02-11 18:30:00+00:00,13032.3627
2026-02-11 18:45:00+00:00,13032.3627
2026-02-11 19:00:00+00:00,13032.3627
2026-02-11 19:15:00+00:00,13032.3627
2026-02-11 19:30:00+00:00,13032.3627
2026-02-11 19:45:00+00:00,13032.3627
2026-02-11 20:00:00+00:00,13032.3627
2026-02-11 20:15:00+00:00,13032.3627
2026-02-11 20:30:00+00:00,13032.3627
2026-02-11 20:45:00+00:00,13032.3627
2026-02-11 21:00:00+00:00,13032.3627
2026-02-11 21:15:00+00:00,13032.3627
2026-02-11 21:30:00+00:00,13032.3627
2026-02-11 21:45:00+00:00,13032.3627
2026-02-11 22:00:00+00:00,13032.3627
2026-02-11 22:15:00+00:00,13032.3627
2026-02-11 22:30:00+00:00,13032.3627
2026-02-11 22:45:00+00:00,13032.3627
2026-02-11 23:00:00+00:00,13032.3627
2026-02-11 23:15:00+00:00,13032.3627
2026-02-11 23:30:00+00:00,13032.3627
2026-02-11 23:45:00+00:00,13032.3627
2026-02-12 00:00:00+00:00,13032.3627
2026-02-12 00:15:00+00:00,13032.3627
2026-02-12 00:30:00+00:00,13032.3627
2026-02-12 00:45:00+00:00,13032.3627
2026-02-12 01:00:00+00:00,13032.3627
2026-02-12 01:15:00+00:00,13032.3627
2026-02-12 01:30:00+00:00,13032.3627
2026-02-12 01:45:00+00:00,13032.3627
2026-02-12 02:00:00+00:00,13032.3627
2026-02-12 02:15:00+00:00,13032.3627
2026-02-12 02:30:00+00:00,13032.3627
2026-02-12 02:45:00+00:00,13032.3627
2026-02-12 03:00:00+00:00,13032.3627
2026-02-12 03:15:00+00:00,13032.3627
2026-02-12 03:30:00+00:00,13032.3627
2026-02-12 03:45:00+00:00,13293.01
2026-02-12 04:00:00+00:00,13293.01
2026-02-12 04:15:00+00:00,13293.01
2026-02-12 04:30:00+00:00,13293.01
2026-02-12 04:45:00+00:00,13293.01
2026-02-12 05:00:00+00:00,13293.01
2026-02-12 05:15:00+00:00,13293.01
2026-02-12 05:30:00+00:00,13293.01
2026-02-12 05:45:00+00:00,13293.01
2026-02-12 06:00:00+00:00,13293.01
2026-02-12 06:15:00+00:00,13293.01
2026-02-12 06:30:00+00:00,13293.01
2026-02-12 06:45:00+00:00,13293.01
2026-02-12 07:00:00+00:00,13293.01
2026-02-12 07:15:00+00:00,13293.01
2026-02-12 07:30:00+00:00,13293.01
2026-02-12 07:45:00+00:00,13293.01
2026-02-12 08:00:00+00:00,13293.01
2026-02-12 08:15:00+00:00,13293.01
2026-02-12 08:30:00+00:00,13293.01
2026-02-12 08:45:00+00:00,13293.01
2026-02-12 09:00:00+00:00,13293.01
2026-02-12 09:15:00+00:00,13293.01
2026-02-12 09:30:00+00:00,13293.01
2026-02-12 09:45:00+00:00,13293.01
2026-02-12 10:00:00+00:00,13293.01
2026-02-12 10:15:00+00:00,13293.01
2026-02-12 10:30:00+00:00,13293.01
2026-02-12 10:45:00+00:00,13293.01
2026-02-12 11:00:00+00:00,13293.01
2026-02-12 11:15:00+00:00,13293.01
2026-02-12 11:30:00+00:00,13293.01
2026-02-12 11:45:00+00:00,13293.01
2026-02-12 12:00:00+00:00,13293.01
2026-02-12 12:15:00+00:00,13293.01
2026-02-12 12:30:00+00:00,13293.01
2026-02-12 12:45:00+00:00,13293.01
2026-02-12 13:00:00+00:00,13293.01
2026-02-12 13:15:00+00:00,13293.01
2026-02-12 13:30:00+00:00,13293.01
2026-02-12 13:45:00+00:00,13293.01
2026-02-12 14:00:00+00:00,13293.01
2026-02-12 14:15:00+00:00,13293.01
2026-02-12 14:30:00+00:00,13293.01
2026-02-12 14:45:00+00:00,13293.01
2026-02-12 15:00:00+00:00,13293.01
2026-02-12 15:15:00+00:00,13293.01
2026-02-12 15:30:00+00:00,13293.01
2026-02-12 15:45:00+00:00,13293.01
2026-02-12 16:00:00+00:00,13293.01
2026-02-12 16:15:00+00:00,13293.01
2026-02-12 16:30:00+00:00,13293.01
2026-02-12 16:45:00+00:00,13293.01
2026-02-12 17:00:00+00:00,13293.01
2026-02-12 17:15:00+00:00,13293.01
2026-02-12 17:30:00+00:00,13293.01
2026-02-12 17:45:00+00:00,13293.01
2026-02-12 18:00:00+00:00,13293.01
2026-02-12 18:15:00+00:00,13293.01
2026-02-12 18:30:00+00:00,13293.01
2026-02-12 18:45:00+00:00,13293.01
2026-02-12 19:00:00+00:00,13293.01
2026-02-12 19:15:00+00:00,13293.01
2026-02-12 19:30:00+00:00,13293.01
2026-02-12 19:45:00+00:00,13293.01
2026-02-12 20:00:00+00:00,13293.01
2026-02-12 20:15:00+00:00,13293.01
2026-02-12 20:30:00+00:00,13293.01
2026-02-12 20:45:00+00:00,13293.01
2026-02-12 21:00:00+00:00,13293.01
2026-02-12 21:15:00+00:00,13160.0799
2026-02-12 21:30:00+00:00,13160.0799
2026-02-12 21:45:00+00:00,13160.0799
2026-02-12 22:00:00+00:00,13160.0799
2026-02-12 22:15:00+00:00,13160.0799
2026-02-12 22:30:00+00:00,13160.0799
2026-02-12 22:45:00+00:00,13160.0799
2026-02-12 23:00:00+00:00,13160.0799
2026-02-12 23:15:00+00:00,13160.0799
2026-02-12 23:30:00+00:00,13160.0799
2026-02-12 23:45:00+00:00,13160.0799
2026-02-13 00:00:00+00:00,13160.0799
2026-02-13 00:15:00+00:00,13160.0799
2026-02-13 00:30:00+00:00,13160.0799
2026-02-13 00:45:00+00:00,13160.0799
2026-02-13 01:00:00+00:00,13160.0799
2026-02-13 01:15:00+00:00,13160.0799
2026-02-13 01:30:00+00:00,13160.0799
2026-02-13 01:45:00+00:00,13160.0799
2026-02-13 02:00:00+00:00,13160.0799
2026-02-13 02:15:00+00:00,13160.0799
2026-02-13 02:30:00+00:00,13160.0799
2026-02-13 02:45:00+00:00,13160.0799
2026-02-13 03:00:00+00:00,13160.0799
2026-02-13 03:15:00+00:00,13160.0799
2026-02-13 03:30:00+00:00,13160.0799
2026-02-13 03:45:00+00:00,13160.0799
2026-02-13 04:00:00+00:00,13160.0799
2026-02-13 04:15:00+00:00,13160.0799
2026-02-13 04:30:00+00:00,13160.0799
2026-02-13 04:45:00+00:00,13160.0799
2026-02-13 05:00:00+00:00,13160.0799
2026-02-13 05:15:00+00:00,13160.0799
2026-02-13 05:30:00+00:00,13160.0799
2026-02-13 05:45:00+00:00,13160.0799
2026-02-13 06:00:00+00:00,13423.2815
2026-02-13 06:15:00+00:00,13423.2815
2026-02-13 06:30:00+00:00,13423.2815
2026-02-13 06:45:00+00:00,13423.2815
2026-02-13 07:00:00+00:00,13423.2815
2026-02-13 07:15:00+00:00,13423.2815
2026-02-13 07:30:00+00:00,13423.2815
2026-02-13 07:45:00+00:00,13423.2815
2026-02-13 08:00:00+00:00,13423.2815
2026-02-13 08:15:00+00:00,13423.2815
2026-02-13 08:30:00+00:00,13423.2815
2026-02-13 08:45:00+00:00,13423.2815
2026-02-13 09:00:00+00:00,13423.2815
2026-02-13 09:15:00+00:00,13423.2815
2026-02-13 09:30:00+00:00,13423.2815
2026-02-13 09:45:00+00:00,13423.2815
2026-02-13 10:00:00+00:00,13423.2815
2026-02-13 10:15:00+00:00,13423.2815
2026-02-13 10:30:00+00:00,13423.2815
2026-02-13 10:45:00+00:00,13423.2815
2026-02-13 11:00:00+00:00,13423.2815
2026-02-13 11:15:00+00:00,13423.2815
2026-02-13 11:30:00+00:00,13423.2815
2026-02-13 11:45:00+00:00,13423.2815
2026-02-13 12:00:00+00:00,13423.2815
2026-02-13 12:15:00+00:00,13423.2815
2026-02-13 12:30:00+00:00,13423.2815
2026-02-13 12:45:00+00:00,13423.2815
2026-02-13 13:00:00+00:00,13423.2815
2026-02-13 13:15:00+00:00,13423.2815
2026-02-13 13:30:00+00:00,13423.2815
2026-02-13 13:45:00+00:00,13423.2815
2026-02-13 14:00:00+00:00,13423.2815
2026-02-13 14:15:00+00:00,13289.0487
2026-02-13 14:30:00+00:00,13289.0487
2026-02-13 14:45:00+00:00,13289.0487
2026-02-13 15:00:00+00:00,13289.0487
2026-02-13 15:15:00+00:00,13289.0487
2026-02-13 15:30:00+00:00,13289.0487
2026-02-13 15:45:00+00:00,13289.0487
2026-02-13 16:00:00+00:00,13289.0487
2026-02-13 16:15:00+00:00,13289.0487
2026-02-13 16:30:00+00:00,13289.0487
2026-02-13 16:45:00+00:00,13289.0487
2026-02-13 17:00:00+00:00,13289.0487
2026-02-13 17:15:00+00:00,13289.0487
2026-02-13 17:30:00+00:00,13289.0487
2026-02-13 17:45:00+00:00,13289.0487
2026-02-13 18:00:00+00:00,13289.0487
2026-02-13 18:15:00+00:00,13289.0487
2026-02-13 18:30:00+00:00,13289.0487
2026-02-13 18:45:00+00:00,13289.0487
2026-02-13 19:00:00+00:00,13289.0487
2026-02-13 19:15:00+00:00,13289.0487
2026-02-13 19:30:00+00:00,13289.0487
2026-02-13 19:45:00+00:00,13289.0487
2026-02-13 20:00:00+00:00,13289.0487
2026-02-13 20:15:00+00:00,13289.0487
2026-02-13 20:30:00+00:00,13289.0487
2026-02-13 20:45:00+00:00,13289.0487
2026-02-13 21:00:00+00:00,13289.0487
2026-02-13 21:15:00+00:00,13289.0487
2026-02-13 21:30:00+00:00,13289.0487
2026-02-13 21:45:00+00:00,13289.0487
2026-02-13 22:00:00+00:00,13289.0487
2026-02-13 22:15:00+00:00,13289.0487
2026-02-13 22:30:00+00:00,13289.0487
2026-02-13 22:45:00+00:00,13289.0487
2026-02-13 23:00:00+00:00,13289.0487
2026-02-13 23:15:00+00:00,13289.0487
2026-02-13 23:30:00+00:00,13289.0487
2026-02-13 23:45:00+00:00,13289.0487
2026-02-14 00:00:00+00:00,13289.0487
2026-02-14 00:15:00+00:00,13289.0487
2026-02-14 00:30:00+00:00,13289.0487
2026-02-14 00:45:00+00:00,13289.0487
2026-02-14 01:00:00+00:00,13289.0487
2026-02-14 01:15:00+00:00,13289.0487
2026-02-14 01:30:00+00:00,13289.0487
2026-02-14 01:45:00+00:00,13289.0487
2026-02-14 02:00:00+00:00,13289.0487
2026-02-14 02:15:00+00:00,13289.0487
2026-02-14 02:30:00+00:00,13289.0487
2026-02-14 02:45:00+00:00,13289.0487
2026-02-14 03:00:00+00:00,13289.0487
2026-02-14 03:15:00+00:00,13289.0487
2026-02-14 03:30:00+00:00,13289.0487
2026-02-14 03:45:00+00:00,13289.0487
2026-02-14 04:00:00+00:00,13289.0487
2026-02-14 04:15:00+00:00,13289.0487
2026-02-14 04:30:00+00:00,13289.0487
2026-02-14 04:45:00+00:00,13289.0487
2026-02-14 05:00:00+00:00,13289.0487
2026-02-14 05:15:00+00:00,13289.0487
2026-02-14 05:30:00+00:00,13289.0487
2026-02-14 05:45:00+00:00,13156.1582
2026-02-14 06:00:00+00:00,13156.1582
2026-02-14 06:15:00+00:00,13156.1582
2026-02-14 06:30:00+00:00,13156.1582
2026-02-14 06:45:00+00:00,13156.1582
2026-02-14 07:00:00+00:00,13419.2814
2026-02-14 07:15:00+00:00,13419.2814
2026-02-14 07:30:00+00:00,13419.2814
2026-02-14 07:45:00+00:00,13419.2814
2026-02-14 08:00:00+00:00,13419.2814
2026-02-14 08:15:00+00:00,13687.667
2026-02-14 08:30:00+00:00,13687.667
2026-02-14 08:45:00+00:00,13687.667
2026-02-14 09:00:00+00:00,13687.667
2026-02-14 09:15:00+00:00,13687.667
2026-02-14 09:30:00+00:00,13687.667
2026-02-14 09:45:00+00:00,13687.667
2026-02-14 10:00:00+00:00,13687.667
2026-02-14 10:15:00+00:00,13687.667
2026-02-14 10:30:00+00:00,13687.667
2026-02-14 10:45:00+00:00,13687.667
2026-02-14 11:00:00+00:00,13687.667
2026-02-14 11:15:00+00:00,13687.667
2026-02-14 11:30:00+00:00,13687.667
2026-02-14 11:45:00+00:00,13687.667
2026-02-14 12:00:00+00:00,13687.667
2026-02-14 12:15:00+00:00,13687.667
2026-02-14 12:30:00+00:00,13687.667
2026-02-14 12:45:00+00:00,13687.667
2026-02-14 13:00:00+00:00,13687.667
2026-02-14 13:15:00+00:00,13687.667
2026-02-14 13:30:00+00:00,13687.667
2026-02-14 13:45:00+00:00,13687.667
2026-02-14 14:00:00+00:00,13687.667
2026-02-14 14:15:00+00:00,13687.667
2026-02-14 14:30:00+00:00,13687.667
2026-02-14 14:45:00+00:00,13687.667
2026-02-14 15:00:00+00:00,13687.667
2026-02-14 15:15:00+00:00,13687.667
2026-02-14 15:30:00+00:00,13687.667
2026-02-14 15:45:00+00:00,13687.667
2026-02-14 16:00:00+00:00,13687.667
2026-02-14 16:15:00+00:00,13687.667
2026-02-14 16:30:00+00:00,13687.667
2026-02-14 16:45:00+00:00,13687.667
2026-02-14 17:00:00+00:00,13687.667
2026-02-14 17:15:00+00:00,13687.667
2026-02-14 17:30:00+00:00,13687.667
2026-02-14 17:45:00+00:00,13687.667
2026-02-14 18:00:00+00:00,13687.667
2026-02-14 18:15:00+00:00,13687.667
2026-02-14 18:30:00+00:00,13687.667
2026-02-14 18:45:00+00:00,13687.667
2026-02-14 19:00:00+00:00,13687.667
2026-02-14 19:15:00+00:00,13687.667
2026-02-14 19:30:00+00:00,13687.667
2026-02-14 19:45:00+00:00,13687.667
2026-02-14 20:00:00+00:00,13687.667
2026-02-14 20:15:00+00:00,13687.667
2026-02-14 20:30:00+00:00,13687.667
2026-02-14 20:45:00+00:00,13687.667
2026-02-14 21:00:00+00:00,13687.667
2026-02-14 21:15:00+00:00,13687.667
2026-02-14 21:30:00+00:00,13687.667
2026-02-14 21:45:00+00:00,13687.667
2026-02-14 22:00:00+00:00,13687.667
2026-02-14 22:15:00+00:00,13687.667
2026-02-14 22:30:00+00:00,13687.667
2026-02-14 22:45:00+00:00,13687.667
2026-02-14 23:00:00+00:00,13687.667
2026-02-14 23:15:00+00:00,13550.7903
2026-02-14 23:30:00+00:00,13550.7903
2026-02-14 23:45:00+00:00,13550.7903
2026-02-15 00:00:00+00:00,13550.7903
2026-02-15 00:15:00+00:00,13550.7903
2026-02-15 00:30:00+00:00,13550.7903
2026-02-15 00:45:00+00:00,13550.7903
2026-02-15 01:00:00+00:00,13550.7903
2026-02-15 01:15:00+00:00,13415.2824
2026-02-15 01:30:00+00:00,13415.2824
2026-02-15 01:45:00+00:00,13415.2824
2026-02-15 02:00:00+00:00,13415.2824
2026-02-15 02:15:00+00:00,13281.1296
2026-02-15 02:30:00+00:00,13281.1296
2026-02-15 02:45:00+00:00,13281.1296
2026-02-15 03:00:00+00:00,13281.1296
2026-02-15 03:15:00+00:00,13281.1296
2026-02-15 03:30:00+00:00,13281.1296
2026-02-15 03:45:00+00:00,13281.1296
2026-02-15 04:00:00+00:00,13281.1296
2026-02-15 04:15:00+00:00,13281.1296
2026-02-15 04:30:00+00:00,13281.1296
2026-02-15 04:45:00+00:00,13281.1296
2026-02-15 05:00:00+00:00,13281.1296
2026-02-15 05:15:00+00:00,13281.1296
2026-02-15 05:30:00+00:00,13281.1296
2026-02-15 05:45:00+00:00,13281.1296
2026-02-15 06:00:00+00:00,13281.1296
2026-02-15 06:15:00+00:00,13281.1296
2026-02-15 06:30:00+00:00,13281.1296
2026-02-15 06:45:00+00:00,13281.1296
2026-02-15 07:00:00+00:00,13281.1296
2026-02-15 07:15:00+00:00,13281.1296
2026-02-15 07:30:00+00:00,13281.1296
2026-02-15 07:45:00+00:00,13281.1296
2026-02-15 08:00:00+00:00,13281.1296
2026-02-15 08:15:00+00:00,13281.1296
2026-02-15 08:30:00+00:00,13148.3183
2026-02-15 08:45:00+00:00,13148.3183
2026-02-15 09:00:00+00:00,13148.3183
2026-02-15 09:15:00+00:00,13148.3183
2026-02-15 09:30:00+00:00,13148.3183
2026-02-15 09:45:00+00:00,13148.3183
2026-02-15 10:00:00+00:00,13148.3183
2026-02-15 10:15:00+00:00,13148.3183
2026-02-15 10:30:00+00:00,13148.3183
2026-02-15 10:45:00+00:00,13148.3183
2026-02-15 11:00:00+00:00,13148.3183
2026-02-15 11:15:00+00:00,13148.3183
2026-02-15 11:30:00+00:00,13148.3183
2026-02-15 11:45:00+00:00,13148.3183
2026-02-15 12:00:00+00:00,13148.3183
2026-02-15 12:15:00+00:00,13148.3183
2026-02-15 12:30:00+00:00,13148.3183
2026-02-15 12:45:00+00:00,13016.8351
2026-02-15 13:00:00+00:00,13016.8351
2026-02-15 13:15:00+00:00,13016.8351
2026-02-15 13:30:00+00:00,13016.8351
2026-02-15 13:45:00+00:00,13016.8351
2026-02-15 14:00:00+00:00,13016.8351
2026-02-15 14:15:00+00:00,13016.8351
2026-02-15 14:30:00+00:00,13016.8351
2026-02-15 14:45:00+00:00,13016.8351
2026-02-15 15:00:00+00:00,13016.8351
2026-02-15 15:15:00+00:00,13016.8351
2026-02-15 15:30:00+00:00,13016.8351
2026-02-15 15:45:00+00:00,13016.8351
2026-02-15 16:00:00+00:00,13016.8351
2026-02-15 16:15:00+00:00,13016.8351
2026-02-15 16:30:00+00:00,13016.8351
2026-02-15 16:45:00+00:00,13016.8351
2026-02-15 17:00:00+00:00,13016.8351
2026-02-15 17:15:00+00:00,13016.8351
2026-02-15 17:30:00+00:00,13016.8351
2026-02-15 17:45:00+00:00,13277.1718
2026-02-15 18:00:00+00:00,13277.1718
2026-02-15 18:15:00+00:00,13277.1718
2026-02-15 18:30:00+00:00,13277.1718
2026-02-15 18:45:00+00:00,13277.1718
2026-02-15 19:00:00+00:00,13277.1718
2026-02-15 19:15:00+00:00,13277.1718
2026-02-15 19:30:00+00:00,13277.1718
2026-02-15 19:45:00+00:00,13277.1718
2026-02-15 20:00:00+00:00,13277.1718
2026-02-15 20:15:00+00:00,13277.1718
2026-02-15 20:30:00+00:00,13277.1718
2026-02-15 20:45:00+00:00,13277.1718
2026-02-15 21:00:00+00:00,13277.1718
2026-02-15 21:15:00+00:00,13277.1718
2026-02-15 21:30:00+00:00,13277.1718
2026-02-15 21:45:00+00:00,13277.1718
2026-02-15 22:00:00+00:00,13277.1718
2026-02-15 22:15:00+00:00,13277.1718
2026-02-15 22:30:00+00:00,13277.1718
2026-02-15 22:45:00+00:00,13277.1718
2026-02-15 23:00:00+00:00,13277.1718
2026-02-15 23:15:00+00:00,13277.1718
2026-02-15 23:30:00+00:00,13277.1718
2026-02-15 23:45:00+00:00,13277.1718
2026-02-16 00:00:00+00:00,13277.1718
2026-02-16 00:15:00+00:00,13277.1718
2026-02-16 00:30:00+00:00,13277.1718
2026-02-16 00:45:00+00:00,13277.1718
2026-02-16 01:00:00+00:00,13277.1718
2026-02-16 01:15:00+00:00,13277.1718
2026-02-16 01:30:00+00:00,13277.1718
2026-02-16 01:45:00+00:00,13277.1718
2026-02-16 02:00:00+00:00,13277.1718
2026-02-16 02:15:00+00:00,13277.1718
2026-02-16 02:30:00+00:00,13277.1718
2026-02-16 02:45:00+00:00,13277.1718
2026-02-16 03:00:00+00:00,13277.1718
2026-02-16 03:15:00+00:00,13277.1718
2026-02-16 03:30:00+00:00,13277.1718
2026-02-16 03:45:00+00:00,13277.1718
2026-02-16 04:00:00+00:00,13277.1718
2026-02-16 04:15:00+00:00,13277.1718
2026-02-16 04:30:00+00:00,13277.1718
2026-02-16 04:45:00+00:00,13277.1718
2026-02-16 05:00:00+00:00,13277.1718
2026-02-16 05:15:00+00:00,13277.1718
2026-02-16 05:30:00+00:00,13277.1718
2026-02-16 05:45:00+00:00,13277.1718
2026-02-16 06:00:00+00:00,13277.1718
2026-02-16 06:15:00+00:00,13277.1718
2026-02-16 06:30:00+00:00,13277.1718
2026-02-16 06:45:00+00:00,13277.1718
2026-02-16 07:00:00+00:00,13277.1718
2026-02-16 07:15:00+00:00,13277.1718
2026-02-16 07:30:00+00:00,13277.1718
2026-02-16 07:45:00+00:00,13277.1718
2026-02-16 08:00:00+00:00,13277.1718
2026-02-16 08:15:00+00:00,13277.1718
2026-02-16 08:30:00+00:00,13277.1718
2026-02-16 08:45:00+00:00,13277.1718
2026-02-16 09:00:00+00:00,13277.1718
2026-02-16 09:15:00+00:00,13277.1718
2026-02-16 09:30:00+00:00,13144.4001
2026-02-16 09:45:00+00:00,13144.4001
2026-02-16 10:00:00+00:00,13144.4001
2026-02-16 10:15:00+00:00,13144.4001
2026-02-16 10:30:00+00:00,13144.4001
2026-02-16 10:45:00+00:00,13144.4001
2026-02-16 11:00:00+00:00,13144.4001
2026-02-16 11:15:00+00:00,13144.4001
2026-02-16 11:30:00+00:00,13144.4001
2026-02-16 11:45:00+00:00,13144.4001
2026-02-16 12:00:00+00:00,13144.4001
2026-02-16 12:15:00+00:00,13144.4001
2026-02-16 12:30:00+00:00,13144.4001
2026-02-16 12:45:00+00:00,13144.4001
2026-02-16 13:00:00+00:00,13144.4001
2026-02-16 13:15:00+00:00,13144.4001
2026-02-16 13:30:00+00:00,13144.4001
2026-02-16 13:45:00+00:00,13144.4001
2026-02-16 14:00:00+00:00,13144.4001
2026-02-16 14:15:00+00:00,13144.4001
2026-02-16 14:30:00+00:00,13144.4001
2026-02-16 14:45:00+00:00,13144.4001
2026-02-16 15:00:00+00:00,13144.4001
2026-02-16 15:15:00+00:00,13144.4001
2026-02-16 15:30:00+00:00,13144.4001
2026-02-16 15:45:00+00:00,13144.4001
2026-02-16 16:00:00+00:00,13144.4001
2026-02-16 16:15:00+00:00,13144.4001
2026-02-16 16:30:00+00:00,13144.4001
2026-02-16 16:45:00+00:00,13144.4001
2026-02-16 17:00:00+00:00,13144.4001
2026-02-16 17:15:00+00:00,13144.4001
2026-02-16 17:30:00+00:00,13144.4001
2026-02-16 17:45:00+00:00,13144.4001
2026-02-16 18:00:00+00:00,13144.4001
2026-02-16 18:15:00+00:00,13144.4001
2026-02-16 18:30:00+00:00,13144.4001
2026-02-16 18:45:00+00:00,13144.4001
2026-02-16 19:00:00+00:00,13144.4001
2026-02-16 19:15:00+00:00,13012.9561
2026-02-16 19:30:00+00:00,13012.9561
2026-02-16 19:45:00+00:00,13012.9561
2026-02-16 20:00:00+00:00,13012.9561
2026-02-16 20:15:00+00:00,13012.9561
2026-02-16 20:30:00+00:00,13012.9561
2026-02-16 20:45:00+00:00,13012.9561
2026-02-16 21:00:00+00:00,13012.9561
2026-02-16 21:15:00+00:00,13012.9561
2026-02-16 21:30:00+00:00,13012.9561
2026-02-16 21:45:00+00:00,13012.9561
2026-02-16 22:00:00+00:00,13012.9561
2026-02-16 22:15:00+00:00,13012.9561
2026-02-16 22:30:00+00:00,13012.9561
2026-02-16 22:45:00+00:00,13012.9561
2026-02-16 23:00:00+00:00,13012.9561
2026-02-16 23:15:00+00:00,13012.9561
2026-02-16 23:30:00+00:00,13012.9561
2026-02-16 23:45:00+00:00,13012.9561
2026-02-17 00:00:00+00:00,13012.9561
2026-02-17 00:15:00+00:00,13012.9561
2026-02-17 00:30:00+00:00,13012.9561
2026-02-17 00:45:00+00:00,13012.9561
2026-02-17 01:00:00+00:00,13012.9561
2026-02-17 01:15:00+00:00,13012.9561
2026-02-17 01:30:00+00:00,13012.9561
2026-02-17 01:45:00+00:00,13012.9561
2026-02-17 02:00:00+00:00,12882.8265
2026-02-17 02:15:00+00:00,12882.8265
2026-02-17 02:30:00+00:00,12882.8265
2026-02-17 02:45:00+00:00,12882.8265
2026-02-17 03:00:00+00:00,12882.8265
2026-02-17 03:15:00+00:00,12882.8265
2026-02-17 03:30:00+00:00,12882.8265
2026-02-17 03:45:00+00:00,12882.8265
2026-02-17 04:00:00+00:00,12882.8265
2026-02-17 04:15:00+00:00,12882.8265
2026-02-17 04:30:00+00:00,12882.8265
2026-02-17 04:45:00+00:00,12882.8265
2026-02-17 05:00:00+00:00,12882.8265
2026-02-17 05:15:00+00:00,12882.8265
2026-02-17 05:30:00+00:00,12882.8265
2026-02-17 05:45:00+00:00,12882.8265
2026-02-17 06:00:00+00:00,12882.8265
2026-02-17 06:15:00+00:00,12882.8265
2026-02-17 06:30:00+00:00,12882.8265
2026-02-17 06:45:00+00:00,12882.8265
2026-02-17 07:00:00+00:00,12882.8265
2026-02-17 07:15:00+00:00,12882.8265
2026-02-17 07:30:00+00:00,12882.8265
2026-02-17 07:45:00+00:00,12882.8265
2026-02-17 08:00:00+00:00,12882.8265
2026-02-17 08:15:00+00:00,12882.8265
2026-02-17 08:30:00+00:00,12882.8265
2026-02-17 08:45:00+00:00,12882.8265
2026-02-17 09:00:00+00:00,12882.8265
2026-02-17 09:15:00+00:00,12882.8265
2026-02-17 09:30:00+00:00,12882.8265
2026-02-17 09:45:00+00:00,12882.8265
2026-02-17 10:00:00+00:00,12882.8265
2026-02-17 10:15:00+00:00,12882.8265
2026-02-17 10:30:00+00:00,12882.8265
2026-02-17 10:45:00+00:00,12882.8265
2026-02-17 11:00:00+00:00,12882.8265
2026-02-17 11:15:00+00:00,12882.8265
2026-02-17 11:30:00+00:00,12882.8265
2026-02-17 11:45:00+00:00,12882.8265
2026-02-17 12:00:00+00:00,12882.8265
2026-02-17 12:15:00+00:00,12882.8265
2026-02-17 12:30:00+00:00,12882.8265
2026-02-17 12:45:00+00:00,12882.8265
2026-02-17 13:00:00+00:00,12882.8265
2026-02-17 13:15:00+00:00,12882.8265
2026-02-17 13:30:00+00:00,12882.8265
2026-02-17 13:45:00+00:00,12882.8265
2026-02-17 14:00:00+00:00,12882.8265
2026-02-17 14:15:00+00:00,12882.8265
2026-02-17 14:30:00+00:00,12882.8265
2026-02-17 14:45:00+00:00,12882.8265
2026-02-17 15:00:00+00:00,12882.8265
2026-02-17 15:15:00+00:00,12882.8265
2026-02-17 15:30:00+00:00,12882.8265
2026-02-17 15:45:00+00:00,12882.8265
2026-02-17 16:00:00+00:00,12882.8265
2026-02-17 16:15:00+00:00,12882.8265
2026-02-17 16:30:00+00:00,12882.8265
2026-02-17 16:45:00+00:00,12882.8265
2026-02-17 17:00:00+00:00,12882.8265
2026-02-17 17:15:00+00:00,12882.8265
2026-02-17 17:30:00+00:00,12882.8265
2026-02-17 17:45:00+00:00,12882.8265
2026-02-17 18:00:00+00:00,12882.8265
2026-02-17 18:15:00+00:00,12753.9983
2026-02-17 18:30:00+00:00,12753.9983
2026-02-17 18:45:00+00:00,12753.9983
2026-02-17 19:00:00+00:00,12753.9983
2026-02-17 19:15:00+00:00,12753.9983
2026-02-17 19:30:00+00:00,12753.9983
2026-02-17 19:45:00+00:00,12753.9983
2026-02-17 20:00:00+00:00,12753.9983
2026-02-17 20:15:00+00:00,12753.9983
2026-02-17 20:30:00+00:00,12753.9983
2026-02-17 20:45:00+00:00,12753.9983
2026-02-17 21:00:00+00:00,12753.9983
2026-02-17 21:15:00+00:00,12753.9983
2026-02-17 21:30:00+00:00,12753.9983
2026-02-17 21:45:00+00:00,12753.9983
2026-02-17 22:00:00+00:00,12753.9983
2026-02-17 22:15:00+00:00,12753.9983
2026-02-17 22:30:00+00:00,12753.9983
2026-02-17 22:45:00+00:00,12753.9983
2026-02-17 23:00:00+00:00,12753.9983
2026-02-17 23:15:00+00:00,12753.9983
2026-02-17 23:30:00+00:00,12753.9983
2026-02-17 23:45:00+00:00,12753.9983
2026-02-18 00:00:00+00:00,12753.9983
2026-02-18 00:15:00+00:00,12753.9983
2026-02-18 00:30:00+00:00,12753.9983
2026-02-18 00:45:00+00:00,12753.9983
2026-02-18 01:00:00+00:00,12753.9983
2026-02-18 01:15:00+00:00,12753.9983
2026-02-18 01:30:00+00:00,12753.9983
2026-02-18 01:45:00+00:00,12753.9983
2026-02-18 02:00:00+00:00,12626.4583
2026-02-18 02:15:00+00:00,12626.4583
2026-02-18 02:30:00+00:00,12626.4583
2026-02-18 02:45:00+00:00,12626.4583
2026-02-18 03:00:00+00:00,12626.4583
2026-02-18 03:15:00+00:00,12626.4583
2026-02-18 03:30:00+00:00,12626.4583
2026-02-18 03:45:00+00:00,12626.4583
2026-02-18 04:00:00+00:00,12626.4583
2026-02-18 04:15:00+00:00,12626.4583
2026-02-18 04:30:00+00:00,12626.4583
2026-02-18 04:45:00+00:00,12626.4583
2026-02-18 05:00:00+00:00,12626.4583
2026-02-18 05:15:00+00:00,12626.4583
2026-02-18 05:30:00+00:00,12626.4583
2026-02-18 05:45:00+00:00,12626.4583
2026-02-18 06:00:00+00:00,12626.4583
2026-02-18 06:15:00+00:00,12626.4583
2026-02-18 06:30:00+00:00,12626.4583
2026-02-18 06:45:00+00:00,12626.4583
2026-02-18 07:00:00+00:00,12626.4583
2026-02-18 07:15:00+00:00,12626.4583
2026-02-18 07:30:00+00:00,12626.4583
2026-02-18 07:45:00+00:00,12626.4583
2026-02-18 08:00:00+00:00,12626.4583
2026-02-18 08:15:00+00:00,12626.4583
2026-02-18 08:30:00+00:00,12626.4583
2026-02-18 08:45:00+00:00,12626.4583
2026-02-18 09:00:00+00:00,12626.4583
2026-02-18 09:15:00+00:00,12626.4583
2026-02-18 09:30:00+00:00,12626.4583
2026-02-18 09:45:00+00:00,12626.4583
2026-02-18 10:00:00+00:00,12626.4583
2026-02-18 10:15:00+00:00,12626.4583
2026-02-18 10:30:00+00:00,12626.4583
2026-02-18 10:45:00+00:00,12626.4583
2026-02-18 11:00:00+00:00,12626.4583
2026-02-18 11:15:00+00:00,12626.4583
2026-02-18 11:30:00+00:00,12626.4583
2026-02-18 11:45:00+00:00,12626.4583
2026-02-18 12:00:00+00:00,12626.4583
2026-02-18 12:15:00+00:00,12626.4583
2026-02-18 12:30:00+00:00,12626.4583
2026-02-18 12:45:00+00:00,12626.4583
2026-02-18 13:00:00+00:00,12626.4583
2026-02-18 13:15:00+00:00,12626.4583
2026-02-18 13:30:00+00:00,12626.4583
2026-02-18 13:45:00+00:00,12626.4583
2026-02-18 14:00:00+00:00,12626.4583
2026-02-18 14:15:00+00:00,12626.4583
2026-02-18 14:30:00+00:00,12500.1937
2026-02-18 14:45:00+00:00,12500.1937
2026-02-18 15:00:00+00:00,12500.1937
2026-02-18 15:15:00+00:00,12500.1937
2026-02-18 15:30:00+00:00,12500.1937
2026-02-18 15:45:00+00:00,12500.1937
2026-02-18 16:00:00+00:00,12500.1937
2026-02-18 16:15:00+00:00,12500.1937
2026-02-18 16:30:00+00:00,12500.1937
2026-02-18 16:45:00+00:00,12500.1937
2026-02-18 17:00:00+00:00,12375.1918
2026-02-18 17:15:00+00:00,12375.1918
2026-02-18 17:30:00+00:00,12375.1918
2026-02-18 17:45:00+00:00,12375.1918
2026-02-18 18:00:00+00:00,12375.1918
2026-02-18 18:15:00+00:00,12375.1918
2026-02-18 18:30:00+00:00,12375.1918
2026-02-18 18:45:00+00:00,12375.1918
2026-02-18 19:00:00+00:00,12375.1918
2026-02-18 19:15:00+00:00,12375.1918
2026-02-18 19:30:00+00:00,12375.1918
2026-02-18 19:45:00+00:00,12375.1918
2026-02-18 20:00:00+00:00,12375.1918
2026-02-18 20:15:00+00:00,12375.1918
2026-02-18 20:30:00+00:00,12375.1918
2026-02-18 20:45:00+00:00,12375.1918
2026-02-18 21:00:00+00:00,12375.1918
2026-02-18 21:15:00+00:00,12375.1918
2026-02-18 21:30:00+00:00,12375.1918
2026-02-18 21:45:00+00:00,12375.1918
2026-02-18 22:00:00+00:00,12375.1918
2026-02-18 22:15:00+00:00,12375.1918
2026-02-18 22:30:00+00:00,12375.1918
2026-02-18 22:45:00+00:00,12375.1918
2026-02-18 23:00:00+00:00,12375.1918
2026-02-18 23:15:00+00:00,12375.1918
2026-02-18 23:30:00+00:00,12375.1918
2026-02-18 23:45:00+00:00,12375.1918
2026-02-19 00:00:00+00:00,12375.1918
2026-02-19 00:15:00+00:00,12375.1918
2026-02-19 00:30:00+00:00,12375.1918
2026-02-19 00:45:00+00:00,12375.1918
2026-02-19 01:00:00+00:00,12375.1918
2026-02-19 01:15:00+00:00,12375.1918
2026-02-19 01:30:00+00:00,12375.1918
2026-02-19 01:45:00+00:00,12375.1918
2026-02-19 02:00:00+00:00,12375.1918
2026-02-19 02:15:00+00:00,12375.1918
2026-02-19 02:30:00+00:00,12375.1918
2026-02-19 02:45:00+00:00,12375.1918
2026-02-19 03:00:00+00:00,12375.1918
2026-02-19 03:15:00+00:00,12375.1918
2026-02-19 03:30:00+00:00,12375.1918
2026-02-19 03:45:00+00:00,12375.1918
2026-02-19 04:00:00+00:00,12375.1918
2026-02-19 04:15:00+00:00,12375.1918
2026-02-19 04:30:00+00:00,12375.1918
2026-02-19 04:45:00+00:00,12375.1918
2026-02-19 05:00:00+00:00,12375.1918
2026-02-19 05:15:00+00:00,12375.1918
2026-02-19 05:30:00+00:00,12375.1918
2026-02-19 05:45:00+00:00,12375.1918
2026-02-19 06:00:00+00:00,12375.1918
2026-02-19 06:15:00+00:00,12251.4399
2026-02-19 06:30:00+00:00,12251.4399
2026-02-19 06:45:00+00:00,12251.4399
2026-02-19 07:00:00+00:00,12251.4399
2026-02-19 07:15:00+00:00,12251.4399
2026-02-19 07:30:00+00:00,12251.4399
2026-02-19 07:45:00+00:00,12251.4399
2026-02-19 08:00:00+00:00,12251.4399
2026-02-19 08:15:00+00:00,12251.4399
2026-02-19 08:30:00+00:00,12251.4399
2026-02-19 08:45:00+00:00,12251.4399
2026-02-19 09:00:00+00:00,12251.4399
2026-02-19 09:15:00+00:00,12251.4399
2026-02-19 09:30:00+00:00,12251.4399
2026-02-19 09:45:00+00:00,12251.4399
2026-02-19 10:00:00+00:00,12251.4399
2026-02-19 10:15:00+00:00,12251.4399
2026-02-19 10:30:00+00:00,12251.4399
2026-02-19 10:45:00+00:00,12251.4399
2026-02-19 11:00:00+00:00,12251.4399
2026-02-19 11:15:00+00:00,12251.4399
2026-02-19 11:30:00+00:00,12251.4399
2026-02-19 11:45:00+00:00,12251.4399
2026-02-19 12:00:00+00:00,12251.4399
2026-02-19 12:15:00+00:00,12251.4399
2026-02-19 12:30:00+00:00,12251.4399
2026-02-19 12:45:00+00:00,12251.4399
2026-02-19 13:00:00+00:00,12251.4399
2026-02-19 13:15:00+00:00,12251.4399
2026-02-19 13:30:00+00:00,12496.4686
2026-02-19 13:45:00+00:00,12496.4686
2026-02-19 14:00:00+00:00,12496.4686
2026-02-19 14:15:00+00:00,12496.4686
2026-02-19 14:30:00+00:00,12496.4686
2026-02-19 14:45:00+00:00,12496.4686
2026-02-19 15:00:00+00:00,12496.4686
2026-02-19 15:15:00+00:00,12496.4686
2026-02-19 15:30:00+00:00,12496.4686
2026-02-19 15:45:00+00:00,12496.4686
2026-02-19 16:00:00+00:00,12496.4686
2026-02-19 16:15:00+00:00,12496.4686
2026-02-19 16:30:00+00:00,12496.4686
2026-02-19 16:45:00+00:00,12496.4686
2026-02-19 17:00:00+00:00,12496.4686
2026-02-19 17:15:00+00:00,12496.4686
2026-02-19 17:30:00+00:00,12496.4686
2026-02-19 17:45:00+00:00,12496.4686
2026-02-19 18:00:00+00:00,12496.4686
2026-02-19 18:15:00+00:00,12496.4686
2026-02-19 18:30:00+00:00,12496.4686
2026-02-19 18:45:00+00:00,12496.4686
2026-02-19 19:00:00+00:00,12496.4686
2026-02-19 19:15:00+00:00,12496.4686
2026-02-19 19:30:00+00:00,12496.4686
2026-02-19 19:45:00+00:00,12496.4686
2026-02-19 20:00:00+00:00,12496.4686
2026-02-19 20:15:00+00:00,12496.4686
2026-02-19 20:30:00+00:00,12496.4686
2026-02-19 20:45:00+00:00,12496.4686
2026-02-19 21:00:00+00:00,12496.4686
2026-02-19 21:15:00+00:00,12496.4686
2026-02-19 21:30:00+00:00,12496.4686
2026-02-19 21:45:00+00:00,12496.4686
2026-02-19 22:00:00+00:00,12496.4686
2026-02-19 22:15:00+00:00,12496.4686
2026-02-19 22:30:00+00:00,12496.4686
2026-02-19 22:45:00+00:00,12496.4686
2026-02-19 23:00:00+00:00,12496.4686
2026-02-19 23:15:00+00:00,12371.504
2026-02-19 23:30:00+00:00,12371.504
2026-02-19 23:45:00+00:00,12371.504
2026-02-20 00:00:00+00:00,12371.504
2026-02-20 00:15:00+00:00,12371.504
2026-02-20 00:30:00+00:00,12371.504
2026-02-20 00:45:00+00:00,12371.504
2026-02-20 01:00:00+00:00,12371.504
2026-02-20 01:15:00+00:00,12371.504
2026-02-20 01:30:00+00:00,12371.504
2026-02-20 01:45:00+00:00,12371.504
2026-02-20 02:00:00+00:00,12371.504
2026-02-20 02:15:00+00:00,12371.504
2026-02-20 02:30:00+00:00,12371.504
2026-02-20 02:45:00+00:00,12371.504
2026-02-20 03:00:00+00:00,12371.504
2026-02-20 03:15:00+00:00,12371.504
2026-02-20 03:30:00+00:00,12371.504
2026-02-20 03:45:00+00:00,12371.504
2026-02-20 04:00:00+00:00,12371.504
2026-02-20 04:15:00+00:00,12371.504
2026-02-20 04:30:00+00:00,12371.504
2026-02-20 04:45:00+00:00,12371.504
2026-02-20 05:00:00+00:00,12371.504
2026-02-20 05:15:00+00:00,12371.504
2026-02-20 05:30:00+00:00,12371.504
2026-02-20 05:45:00+00:00,12371.504
2026-02-20 06:00:00+00:00,12371.504
2026-02-20 06:15:00+00:00,12371.504
2026-02-20 06:30:00+00:00,12371.504
2026-02-20 06:45:00+00:00,12371.504
2026-02-20 07:00:00+00:00,12371.504
2026-02-20 07:15:00+00:00,12371.504
2026-02-20 07:30:00+00:00,12371.504
2026-02-20 07:45:00+00:00,12371.504
2026-02-20 08:00:00+00:00,12371.504
2026-02-20 08:15:00+00:00,12371.504
2026-02-20 08:30:00+00:00,12371.504
2026-02-20 08:45:00+00:00,12371.504
2026-02-20 09:00:00+00:00,12371.504
2026-02-20 09:15:00+00:00,12371.504
2026-02-20 09:30:00+00:00,12371.504
2026-02-20 09:45:00+00:00,12371.504
2026-02-20 10:00:00+00:00,12371.504
2026-02-20 10:15:00+00:00,12371.504
2026-02-20 10:30:00+00:00,12371.504
2026-02-20 10:45:00+00:00,12371.504
2026-02-20 11:00:00+00:00,12371.504
2026-02-20 11:15:00+00:00,12371.504
2026-02-20 11:30:00+00:00,12371.504
2026-02-20 11:45:00+00:00,12371.504
2026-02-20 12:00:00+00:00,12371.504
2026-02-20 12:15:00+00:00,12371.504
2026-02-20 12:30:00+00:00,12371.504
2026-02-20 12:45:00+00:00,12371.504
2026-02-20 13:00:00+00:00,12371.504
2026-02-20 13:15:00+00:00,12371.504
2026-02-20 13:30:00+00:00,12371.504
2026-02-20 13:45:00+00:00,12371.504
2026-02-20 14:00:00+00:00,12371.504
2026-02-20 14:15:00+00:00,12371.504
2026-02-20 14:30:00+00:00,12371.504
2026-02-20 14:45:00+00:00,12371.504
2026-02-20 15:00:00+00:00,12371.504
2026-02-20 15:15:00+00:00,12371.504
2026-02-20 15:30:00+00:00,12371.504
2026-02-20 15:45:00+00:00,12371.504
2026-02-20 16:00:00+00:00,12371.504
2026-02-20 16:15:00+00:00,12371.504
2026-02-20 16:30:00+00:00,12371.504
2026-02-20 16:45:00+00:00,12371.504
2026-02-20 17:00:00+00:00,12371.504
2026-02-20 17:15:00+00:00,12371.504
2026-02-20 17:30:00+00:00,12371.504
2026-02-20 17:45:00+00:00,12371.504
2026-02-20 18:00:00+00:00,12371.504
2026-02-20 18:15:00+00:00,12371.504
2026-02-20 18:30:00+00:00,12371.504
2026-02-20 18:45:00+00:00,12371.504
2026-02-20 19:00:00+00:00,12371.504
2026-02-20 19:15:00+00:00,12371.504
2026-02-20 19:30:00+00:00,12371.504
2026-02-20 19:45:00+00:00,12371.504
2026-02-20 20:00:00+00:00,12371.504
2026-02-20 20:15:00+00:00,12371.504
2026-02-20 20:30:00+00:00,12371.504
2026-02-20 20:45:00+00:00,12371.504
2026-02-20 21:00:00+00:00,12371.504
2026-02-20 21:15:00+00:00,12371.504
2026-02-20 21:30:00+00:00,12371.504
2026-02-20 21:45:00+00:00,12371.504
2026-02-20 22:00:00+00:00,12371.504
2026-02-20 22:15:00+00:00,12371.504
2026-02-20 22:30:00+00:00,12371.504
2026-02-20 22:45:00+00:00,12371.504
2026-02-20 23:00:00+00:00,12371.504
2026-02-20 23:15:00+00:00,12371.504
2026-02-20 23:30:00+00:00,12371.504
2026-02-20 23:45:00+00:00,12371.504
2026-02-21 00:00:00+00:00,12371.504
2026-02-21 00:15:00+00:00,12371.504
2026-02-21 00:30:00+00:00,12371.504
2026-02-21 00:45:00+00:00,12371.504
2026-02-21 01:00:00+00:00,12371.504
2026-02-21 01:15:00+00:00,12371.504
2026-02-21 01:30:00+00:00,12371.504
2026-02-21 01:45:00+00:00,12371.504
2026-02-21 02:00:00+00:00,12371.504
2026-02-21 02:15:00+00:00,12371.504
2026-02-21 02:30:00+00:00,12371.504
2026-02-21 02:45:00+00:00,12371.504
2026-02-21 03:00:00+00:00,12371.504
2026-02-21 03:15:00+00:00,12371.504
2026-02-21 03:30:00+00:00,12371.504
2026-02-21 03:45:00+00:00,12371.504
2026-02-21 04:00:00+00:00,12371.504
2026-02-21 04:15:00+00:00,12371.504
2026-02-21 04:30:00+00:00,12371.504
2026-02-21 04:45:00+00:00,12371.504
2026-02-21 05:00:00+00:00,12371.504
2026-02-21 05:15:00+00:00,12371.504
2026-02-21 05:30:00+00:00,12371.504
2026-02-21 05:45:00+00:00,12371.504
2026-02-21 06:00:00+00:00,12371.504
2026-02-21 06:15:00+00:00,12371.504
2026-02-21 06:30:00+00:00,12371.504
2026-02-21 06:45:00+00:00,12371.504
2026-02-21 07:00:00+00:00,12371.504
2026-02-21 07:15:00+00:00,12371.504
2026-02-21 07:30:00+00:00,12371.504
2026-02-21 07:45:00+00:00,12371.504
2026-02-21 08:00:00+00:00,12371.504
2026-02-21 08:15:00+00:00,12371.504
2026-02-21 08:30:00+00:00,12371.504
2026-02-21 08:45:00+00:00,12371.504
2026-02-21 09:00:00+00:00,12371.504
2026-02-21 09:15:00+00:00,12371.504
2026-02-21 09:30:00+00:00,12371.504
2026-02-21 09:45:00+00:00,12371.504
2026-02-21 10:00:00+00:00,12371.504
2026-02-21 10:15:00+00:00,12371.504
2026-02-21 10:30:00+00:00,12371.504
2026-02-21 10:45:00+00:00,12371.504
2026-02-21 11:00:00+00:00,12371.504
2026-02-21 11:15:00+00:00,12371.504
2026-02-21 11:30:00+00:00,12371.504
2026-02-21 11:45:00+00:00,12371.504
2026-02-21 12:00:00+00:00,12371.504
2026-02-21 12:15:00+00:00,12371.504
2026-02-21 12:30:00+00:00,12371.504
2026-02-21 12:45:00+00:00,12371.504
2026-02-21 13:00:00+00:00,12371.504
2026-02-21 13:15:00+00:00,12371.504
2026-02-21 13:30:00+00:00,12371.504
2026-02-21 13:45:00+00:00,12371.504
2026-02-21 14:00:00+00:00,12371.504
2026-02-21 14:15:00+00:00,12371.504
2026-02-21 14:30:00+00:00,12371.504
2026-02-21 14:45:00+00:00,12371.504
2026-02-21 15:00:00+00:00,12371.504
2026-02-21 15:15:00+00:00,12371.504
2026-02-21 15:30:00+00:00,12371.504
2026-02-21 15:45:00+00:00,12371.504
2026-02-21 16:00:00+00:00,12371.504
2026-02-21 16:15:00+00:00,12371.504
2026-02-21 16:30:00+00:00,12371.504
2026-02-21 16:45:00+00:00,12371.504
2026-02-21 17:00:00+00:00,12371.504
2026-02-21 17:15:00+00:00,12371.504
2026-02-21 17:30:00+00:00,12371.504
2026-02-21 17:45:00+00:00,12371.504
2026-02-21 18:00:00+00:00,12371.504
2026-02-21 18:15:00+00:00,12371.504
2026-02-21 18:30:00+00:00,12371.504
2026-02-21 18:45:00+00:00,12371.504
2026-02-21 19:00:00+00:00,12371.504
2026-02-21 19:15:00+00:00,12371.504
2026-02-21 19:30:00+00:00,12371.504
2026-02-21 19:45:00+00:00,12371.504
2026-02-21 20:00:00+00:00,12371.504
2026-02-21 20:15:00+00:00,12371.504
2026-02-21 20:30:00+00:00,12247.7889
2026-02-21 20:45:00+00:00,12247.7889
2026-02-21 21:00:00+00:00,12247.7889
2026-02-21 21:15:00+00:00,12247.7889
2026-02-21 21:30:00+00:00,12247.7889
2026-02-21 21:45:00+00:00,12247.7889
2026-02-21 22:00:00+00:00,12247.7889
2026-02-21 22:15:00+00:00,12247.7889
2026-02-21 22:30:00+00:00,12247.7889
2026-02-21 22:45:00+00:00,12247.7889
2026-02-21 23:00:00+00:00,12247.7889
2026-02-21 23:15:00+00:00,12247.7889
2026-02-21 23:30:00+00:00,12247.7889
2026-02-21 23:45:00+00:00,12247.7889
2026-02-22 00:00:00+00:00,12247.7889
2026-02-22 00:15:00+00:00,12247.7889
2026-02-22 00:30:00+00:00,12247.7889
2026-02-22 00:45:00+00:00,12247.7889
2026-02-22 01:00:00+00:00,12247.7889
2026-02-22 01:15:00+00:00,12247.7889
2026-02-22 01:30:00+00:00,12247.7889
2026-02-22 01:45:00+00:00,12247.7889
2026-02-22 02:00:00+00:00,12247.7889
2026-02-22 02:15:00+00:00,12247.7889
2026-02-22 02:30:00+00:00,12247.7889
2026-02-22 02:45:00+00:00,12247.7889
2026-02-22 03:00:00+00:00,12247.7889
2026-02-22 03:15:00+00:00,12247.7889
2026-02-22 03:30:00+00:00,12247.7889
2026-02-22 03:45:00+00:00,12247.7889
2026-02-22 04:00:00+00:00,12247.7889
2026-02-22 04:15:00+00:00,12247.7889
2026-02-22 04:30:00+00:00,12247.7889
2026-02-22 04:45:00+00:00,12247.7889
2026-02-22 05:00:00+00:00,12247.7889
2026-02-22 05:15:00+00:00,12247.7889
2026-02-22 05:30:00+00:00,12247.7889
2026-02-22 05:45:00+00:00,12247.7889
2026-02-22 06:00:00+00:00,12247.7889
2026-02-22 06:15:00+00:00,12247.7889
2026-02-22 06:30:00+00:00,12247.7889
2026-02-22 06:45:00+00:00,12247.7889
2026-02-22 07:00:00+00:00,12247.7889
2026-02-22 07:15:00+00:00,12247.7889
2026-02-22 07:30:00+00:00,12247.7889
2026-02-22 07:45:00+00:00,12247.7889
2026-02-22 08:00:00+00:00,12247.7889
2026-02-22 08:15:00+00:00,12247.7889
2026-02-22 08:30:00+00:00,12247.7889
2026-02-22 08:45:00+00:00,12247.7889
2026-02-22 09:00:00+00:00,12247.7889
2026-02-22 09:15:00+00:00,12247.7889
2026-02-22 09:30:00+00:00,12247.7889
2026-02-22 09:45:00+00:00,12247.7889
2026-02-22 10:00:00+00:00,12247.7889
2026-02-22 10:15:00+00:00,12247.7889
2026-02-22 10:30:00+00:00,12247.7889
2026-02-22 10:45:00+00:00,12247.7889
2026-02-22 11:00:00+00:00,12247.7889
2026-02-22 11:15:00+00:00,12247.7889
2026-02-22 11:30:00+00:00,12247.7889
2026-02-22 11:45:00+00:00,12247.7889
2026-02-22 12:00:00+00:00,12247.7889
2026-02-22 12:15:00+00:00,12247.7889
2026-02-22 12:30:00+00:00,12247.7889
2026-02-22 12:45:00+00:00,12247.7889
2026-02-22 13:00:00+00:00,12247.7889
2026-02-22 13:15:00+00:00,12247.7889
2026-02-22 13:30:00+00:00,12247.7889
2026-02-22 13:45:00+00:00,12247.7889
2026-02-22 14:00:00+00:00,12247.7889
2026-02-22 14:15:00+00:00,12247.7889
2026-02-22 14:30:00+00:00,12247.7889
2026-02-22 14:45:00+00:00,12247.7889
2026-02-22 15:00:00+00:00,12247.7889
2026-02-22 15:15:00+00:00,12247.7889
2026-02-22 15:30:00+00:00,12247.7889
2026-02-22 15:45:00+00:00,12247.7889
2026-02-22 16:00:00+00:00,12247.7889
2026-02-22 16:15:00+00:00,12247.7889
2026-02-22 16:30:00+00:00,12247.7889
2026-02-22 16:45:00+00:00,12247.7889
2026-02-22 17:00:00+00:00,12247.7889
2026-02-22 17:15:00+00:00,12247.7889
2026-02-22 17:30:00+00:00,12247.7889
2026-02-22 17:45:00+00:00,12247.7889
2026-02-22 18:00:00+00:00,12247.7889
2026-02-22 18:15:00+00:00,12247.7889
2026-02-22 18:30:00+00:00,12247.7889
2026-02-22 18:45:00+00:00,12247.7889
2026-02-22 19:00:00+00:00,12247.7889
2026-02-22 19:15:00+00:00,12247.7889
2026-02-22 19:30:00+00:00,12247.7889
2026-02-22 19:45:00+00:00,12247.7889
2026-02-22 20:00:00+00:00,12247.7889
2026-02-22 20:15:00+00:00,12247.7889
2026-02-22 20:30:00+00:00,12247.7889
2026-02-22 20:45:00+00:00,12247.7889
2026-02-22 21:00:00+00:00,12247.7889
2026-02-22 21:15:00+00:00,12247.7889
2026-02-22 21:30:00+00:00,12247.7889
2026-02-22 21:45:00+00:00,12247.7889
2026-02-22 22:00:00+00:00,12247.7889
2026-02-22 22:15:00+00:00,12247.7889
2026-02-22 22:30:00+00:00,12247.7889
2026-02-22 22:45:00+00:00,12247.7889
2026-02-22 23:00:00+00:00,12247.7889
2026-02-22 23:15:00+00:00,12247.7889
2026-02-22 23:30:00+00:00,12247.7889
2026-02-22 23:45:00+00:00,12247.7889
2026-02-23 00:00:00+00:00,12247.7889
2026-02-23 00:15:00+00:00,12247.7889
2026-02-23 00:30:00+00:00,12247.7889
2026-02-23 00:45:00+00:00,12247.7889
2026-02-23 01:00:00+00:00,12247.7889
2026-02-23 01:15:00+00:00,12247.7889
2026-02-23 01:30:00+00:00,12247.7889
2026-02-23 01:45:00+00:00,12247.7889
2026-02-23 02:00:00+00:00,12247.7889
2026-02-23 02:15:00+00:00,12247.7889
2026-02-23 02:30:00+00:00,12247.7889
2026-02-23 02:45:00+00:00,12247.7889
2026-02-23 03:00:00+00:00,12247.7889
2026-02-23 03:15:00+00:00,12247.7889
2026-02-23 03:30:00+00:00,12247.7889
2026-02-23 03:45:00+00:00,12247.7889
2026-02-23 04:00:00+00:00,12247.7889
2026-02-23 04:15:00+00:00,12247.7889
2026-02-23 04:30:00+00:00,12247.7889
2026-02-23 04:45:00+00:00,12247.7889
2026-02-23 05:00:00+00:00,12247.7889
2026-02-23 05:15:00+00:00,12247.7889
2026-02-23 05:30:00+00:00,12247.7889
2026-02-23 05:45:00+00:00,12247.7889
2026-02-23 06:00:00+00:00,12247.7889
2026-02-23 06:15:00+00:00,12247.7889
2026-02-23 06:30:00+00:00,12247.7889
2026-02-23 06:45:00+00:00,12247.7889
2026-02-23 07:00:00+00:00,12247.7889
2026-02-23 07:15:00+00:00,12247.7889
2026-02-23 07:30:00+00:00,12247.7889
2026-02-23 07:45:00+00:00,12247.7889
2026-02-23 08:00:00+00:00,12247.7889
2026-02-23 08:15:00+00:00,12247.7889
2026-02-23 08:30:00+00:00,12247.7889
2026-02-23 08:45:00+00:00,12247.7889
2026-02-23 09:00:00+00:00,12247.7889
2026-02-23 09:15:00+00:00,12247.7889
2026-02-23 09:30:00+00:00,12125.311
2026-02-23 09:45:00+00:00,12125.311
2026-02-23 10:00:00+00:00,12125.311
2026-02-23 10:15:00+00:00,12125.311
2026-02-23 10:30:00+00:00,12125.311
2026-02-23 10:45:00+00:00,12125.311
2026-02-23 11:00:00+00:00,12125.311
2026-02-23 11:15:00+00:00,12125.311
2026-02-23 11:30:00+00:00,12125.311
2026-02-23 11:45:00+00:00,12125.311
2026-02-23 12:00:00+00:00,12125.311
2026-02-23 12:15:00+00:00,12125.311
2026-02-23 12:30:00+00:00,12004.0579
2026-02-23 12:45:00+00:00,12004.0579
2026-02-23 13:00:00+00:00,12004.0579
2026-02-23 13:15:00+00:00,12004.0579
2026-02-23 13:30:00+00:00,12004.0579
2026-02-23 13:45:00+00:00,12004.0579
2026-02-23 14:00:00+00:00,12004.0579
2026-02-23 14:15:00+00:00,12004.0579
2026-02-23 14:30:00+00:00,12004.0579
2026-02-23 14:45:00+00:00,12004.0579
2026-02-23 15:00:00+00:00,12004.0579
2026-02-23 15:15:00+00:00,12004.0579
2026-02-23 15:30:00+00:00,12004.0579
2026-02-23 15:45:00+00:00,12004.0579
2026-02-23 16:00:00+00:00,12004.0579
2026-02-23 16:15:00+00:00,12004.0579
2026-02-23 16:30:00+00:00,12004.0579
2026-02-23 16:45:00+00:00,11884.0173
2026-02-23 17:00:00+00:00,11884.0173
2026-02-23 17:15:00+00:00,11884.0173
2026-02-23 17:30:00+00:00,11884.0173
2026-02-23 17:45:00+00:00,11884.0173
2026-02-23 18:00:00+00:00,11884.0173
2026-02-23 18:15:00+00:00,11884.0173
2026-02-23 18:30:00+00:00,11884.0173
2026-02-23 18:45:00+00:00,11884.0173
2026-02-23 19:00:00+00:00,11884.0173
2026-02-23 19:15:00+00:00,11884.0173
2026-02-23 19:30:00+00:00,11884.0173
2026-02-23 19:45:00+00:00,12121.6977
2026-02-23 20:00:00+00:00,12121.6977
2026-02-23 20:15:00+00:00,12121.6977
2026-02-23 20:30:00+00:00,12121.6977
2026-02-23 20:45:00+00:00,12121.6977
2026-02-23 21:00:00+00:00,12121.6977
2026-02-23 21:15:00+00:00,12121.6977
2026-02-23 21:30:00+00:00,12121.6977
2026-02-23 21:45:00+00:00,12121.6977
2026-02-23 22:00:00+00:00,12121.6977
2026-02-23 22:15:00+00:00,12121.6977
2026-02-23 22:30:00+00:00,12121.6977
2026-02-23 22:45:00+00:00,12121.6977
2026-02-23 23:00:00+00:00,12121.6977
2026-02-23 23:15:00+00:00,12121.6977
2026-02-23 23:30:00+00:00,12121.6977
2026-02-23 23:45:00+00:00,12121.6977
2026-02-24 00:00:00+00:00,12121.6977
2026-02-24 00:15:00+00:00,12121.6977
2026-02-24 00:30:00+00:00,12121.6977
2026-02-24 00:45:00+00:00,12121.6977
2026-02-24 01:00:00+00:00,12121.6977
2026-02-24 01:15:00+00:00,12121.6977
2026-02-24 01:30:00+00:00,12121.6977
2026-02-24 01:45:00+00:00,12121.6977
2026-02-24 02:00:00+00:00,12121.6977
2026-02-24 02:15:00+00:00,12121.6977
2026-02-24 02:30:00+00:00,12121.6977
2026-02-24 02:45:00+00:00,12121.6977
2026-02-24 03:00:00+00:00,12121.6977
2026-02-24 03:15:00+00:00,12121.6977
2026-02-24 03:30:00+00:00,12121.6977
2026-02-24 03:45:00+00:00,12121.6977
2026-02-24 04:00:00+00:00,12121.6977
2026-02-24 04:15:00+00:00,12121.6977
2026-02-24 04:30:00+00:00,12121.6977
2026-02-24 04:45:00+00:00,12121.6977
2026-02-24 05:00:00+00:00,12121.6977
2026-02-24 05:15:00+00:00,12121.6977
2026-02-24 05:30:00+00:00,12121.6977
2026-02-24 05:45:00+00:00,12121.6977
2026-02-24 06:00:00+00:00,12121.6977
2026-02-24 06:15:00+00:00,12121.6977
2026-02-24 06:30:00+00:00,12121.6977
2026-02-24 06:45:00+00:00,12364.1316
2026-02-24 07:00:00+00:00,12364.1316
2026-02-24 07:15:00+00:00,12364.1316
2026-02-24 07:30:00+00:00,12364.1316
2026-02-24 07:45:00+00:00,12364.1316
2026-02-24 08:00:00+00:00,12364.1316
2026-02-24 08:15:00+00:00,12364.1316
2026-02-24 08:30:00+00:00,12364.1316
2026-02-24 08:45:00+00:00,12364.1316
2026-02-24 09:00:00+00:00,12364.1316
2026-02-24 09:15:00+00:00,12364.1316
2026-02-24 09:30:00+00:00,12364.1316
2026-02-24 09:45:00+00:00,12364.1316
2026-02-24 10:00:00+00:00,12364.1316
2026-02-24 10:15:00+00:00,12364.1316
2026-02-24 10:30:00+00:00,12364.1316
2026-02-24 10:45:00+00:00,12364.1316
2026-02-24 11:00:00+00:00,12364.1316
2026-02-24 11:15:00+00:00,12364.1316
2026-02-24 11:30:00+00:00,12364.1316
2026-02-24 11:45:00+00:00,12364.1316
2026-02-24 12:00:00+00:00,12364.1316
2026-02-24 12:15:00+00:00,12364.1316
2026-02-24 12:30:00+00:00,12364.1316
2026-02-24 12:45:00+00:00,12364.1316
2026-02-24 13:00:00+00:00,12364.1316
2026-02-24 13:15:00+00:00,12364.1316
2026-02-24 13:30:00+00:00,12364.1316
2026-02-24 13:45:00+00:00,12364.1316
2026-02-24 14:00:00+00:00,12364.1316
2026-02-24 14:15:00+00:00,12364.1316
2026-02-24 14:30:00+00:00,12364.1316
2026-02-24 14:45:00+00:00,12364.1316
2026-02-24 15:00:00+00:00,12364.1316
2026-02-24 15:15:00+00:00,12364.1316
2026-02-24 15:30:00+00:00,12364.1316
2026-02-24 15:45:00+00:00,12364.1316
2026-02-24 16:00:00+00:00,12364.1316
2026-02-24 16:15:00+00:00,12364.1316
2026-02-24 16:30:00+00:00,12364.1316
2026-02-24 16:45:00+00:00,12364.1316
2026-02-24 17:00:00+00:00,12364.1316
2026-02-24 17:15:00+00:00,12364.1316
2026-02-24 17:30:00+00:00,12364.1316
2026-02-24 17:45:00+00:00,12364.1316
2026-02-24 18:00:00+00:00,12240.4903
2026-02-24 18:15:00+00:00,12240.4903
2026-02-24 18:30:00+00:00,12240.4903
2026-02-24 18:45:00+00:00,12240.4903
2026-02-24 19:00:00+00:00,12240.4903
2026-02-24 19:15:00+00:00,12240.4903
2026-02-24 19:30:00+00:00,12240.4903
2026-02-24 19:45:00+00:00,12240.4903
2026-02-24 20:00:00+00:00,12240.4903
2026-02-24 20:15:00+00:00,12240.4903
2026-02-24 20:30:00+00:00,12240.4903
2026-02-24 20:45:00+00:00,12240.4903
2026-02-24 21:00:00+00:00,12240.4903
2026-02-24 21:15:00+00:00,12240.4903
2026-02-24 21:30:00+00:00,12240.4903
2026-02-24 21:45:00+00:00,12240.4903
2026-02-24 22:00:00+00:00,12240.4903
2026-02-24 22:15:00+00:00,12240.4903
2026-02-24 22:30:00+00:00,12240.4903
2026-02-24 22:45:00+00:00,12240.4903
2026-02-24 23:00:00+00:00,12240.4903
2026-02-24 23:15:00+00:00,12240.4903
2026-02-24 23:30:00+00:00,12240.4903
2026-02-24 23:45:00+00:00,12240.4903
2026-02-25 00:00:00+00:00,12240.4903
2026-02-25 00:15:00+00:00,12485.3001
2026-02-25 00:30:00+00:00,12485.3001
2026-02-25 00:45:00+00:00,12485.3001
2026-02-25 01:00:00+00:00,12485.3001
2026-02-25 01:15:00+00:00,12485.3001
2026-02-25 01:30:00+00:00,12485.3001
2026-02-25 01:45:00+00:00,12485.3001
2026-02-25 02:00:00+00:00,12485.3001
2026-02-25 02:15:00+00:00,12485.3001
2026-02-25 02:30:00+00:00,12485.3001
2026-02-25 02:45:00+00:00,12485.3001
2026-02-25 03:00:00+00:00,12485.3001
2026-02-25 03:15:00+00:00,12485.3001
2026-02-25 03:30:00+00:00,12485.3001
2026-02-25 03:45:00+00:00,12485.3001
2026-02-25 04:00:00+00:00,12485.3001
2026-02-25 04:15:00+00:00,12485.3001
2026-02-25 04:30:00+00:00,12485.3001
2026-02-25 04:45:00+00:00,12485.3001
2026-02-25 05:00:00+00:00,12485.3001
2026-02-25 05:15:00+00:00,12485.3001
2026-02-25 05:30:00+00:00,12485.3001
2026-02-25 05:45:00+00:00,12485.3001
2026-02-25 06:00:00+00:00,12485.3001
2026-02-25 06:15:00+00:00,12485.3001
2026-02-25 06:30:00+00:00,12485.3001
2026-02-25 06:45:00+00:00,12485.3001
2026-02-25 07:00:00+00:00,12485.3001
2026-02-25 07:15:00+00:00,12485.3001
2026-02-25 07:30:00+00:00,12485.3001
2026-02-25 07:45:00+00:00,12485.3001
2026-02-25 08:00:00+00:00,12485.3001
2026-02-25 08:15:00+00:00,12485.3001
2026-02-25 08:30:00+00:00,12485.3001
2026-02-25 08:45:00+00:00,12485.3001
2026-02-25 09:00:00+00:00,12485.3001
2026-02-25 09:15:00+00:00,12485.3001
2026-02-25 09:30:00+00:00,12485.3001
2026-02-25 09:45:00+00:00,12485.3001
2026-02-25 10:00:00+00:00,12485.3001
2026-02-25 10:15:00+00:00,12485.3001
2026-02-25 10:30:00+00:00,12485.3001
2026-02-25 10:45:00+00:00,12485.3001
2026-02-25 11:00:00+00:00,12485.3001
2026-02-25 11:15:00+00:00,12485.3001
2026-02-25 11:30:00+00:00,12485.3001
2026-02-25 11:45:00+00:00,12485.3001
2026-02-25 12:00:00+00:00,12485.3001
2026-02-25 12:15:00+00:00,12485.3001
2026-02-25 12:30:00+00:00,12485.3001
2026-02-25 12:45:00+00:00,12485.3001
2026-02-25 13:00:00+00:00,12485.3001
2026-02-25 13:15:00+00:00,12485.3001
2026-02-25 13:30:00+00:00,12485.3001
2026-02-25 13:45:00+00:00,12485.3001
2026-02-25 14:00:00+00:00,12485.3001
2026-02-25 14:15:00+00:00,12485.3001
2026-02-25 14:30:00+00:00,12485.3001
2026-02-25 14:45:00+00:00,12485.3001
2026-02-25 15:00:00+00:00,12485.3001
2026-02-25 15:15:00+00:00,12485.3001
2026-02-25 15:30:00+00:00,12485.3001
2026-02-25 15:45:00+00:00,12485.3001
2026-02-25 16:00:00+00:00,12485.3001
2026-02-25 16:15:00+00:00,12485.3001
2026-02-25 16:30:00+00:00,12485.3001
2026-02-25 16:45:00+00:00,12485.3001
2026-02-25 17:00:00+00:00,12485.3001
2026-02-25 17:15:00+00:00,12485.3001
2026-02-25 17:30:00+00:00,12485.3001
2026-02-25 17:45:00+00:00,12485.3001
2026-02-25 18:00:00+00:00,12485.3001
2026-02-25 18:15:00+00:00,12485.3001
2026-02-25 18:30:00+00:00,12485.3001
2026-02-25 18:45:00+00:00,12485.3001
2026-02-25 19:00:00+00:00,12485.3001
2026-02-25 19:15:00+00:00,12485.3001
2026-02-25 19:30:00+00:00,12485.3001
2026-02-25 19:45:00+00:00,12485.3001
2026-02-25 20:00:00+00:00,12485.3001
2026-02-25 20:15:00+00:00,12485.3001
2026-02-25 20:30:00+00:00,12485.3001
2026-02-25 20:45:00+00:00,12485.3001
2026-02-25 21:00:00+00:00,12485.3001
2026-02-25 21:15:00+00:00,12485.3001
2026-02-25 21:30:00+00:00,12485.3001
2026-02-25 21:45:00+00:00,12485.3001
2026-02-25 22:00:00+00:00,12485.3001
2026-02-25 22:15:00+00:00,12485.3001
2026-02-25 22:30:00+00:00,12485.3001
2026-02-25 22:45:00+00:00,12485.3001
2026-02-25 23:00:00+00:00,12485.3001
2026-02-25 23:15:00+00:00,12485.3001
2026-02-25 23:30:00+00:00,12485.3001
2026-02-25 23:45:00+00:00,12485.3001
2026-02-26 00:00:00+00:00,12485.3001
2026-02-26 00:15:00+00:00,12485.3001
2026-02-26 00:30:00+00:00,12485.3001
2026-02-26 00:45:00+00:00,12485.3001
2026-02-26 01:00:00+00:00,12485.3001
2026-02-26 01:15:00+00:00,12485.3001
2026-02-26 01:30:00+00:00,12485.3001
2026-02-26 01:45:00+00:00,12485.3001
2026-02-26 02:00:00+00:00,12485.3001
2026-02-26 02:15:00+00:00,12485.3001
2026-02-26 02:30:00+00:00,12485.3001
2026-02-26 02:45:00+00:00,12485.3001
2026-02-26 03:00:00+00:00,12485.3001
2026-02-26 03:15:00+00:00,12485.3001
2026-02-26 03:30:00+00:00,12485.3001
2026-02-26 03:45:00+00:00,12485.3001
2026-02-26 04:00:00+00:00,12485.3001
2026-02-26 04:15:00+00:00,12485.3001
2026-02-26 04:30:00+00:00,12485.3001
2026-02-26 04:45:00+00:00,12485.3001
2026-02-26 05:00:00+00:00,12485.3001
2026-02-26 05:15:00+00:00,12485.3001
2026-02-26 05:30:00+00:00,12485.3001
2026-02-26 05:45:00+00:00,12485.3001
2026-02-26 06:00:00+00:00,12485.3001
2026-02-26 06:15:00+00:00,12485.3001
2026-02-26 06:30:00+00:00,12485.3001
2026-02-26 06:45:00+00:00,12485.3001
2026-02-26 07:00:00+00:00,12485.3001
2026-02-26 07:15:00+00:00,12485.3001
2026-02-26 07:30:00+00:00,12485.3001
2026-02-26 07:45:00+00:00,12485.3001
2026-02-26 08:00:00+00:00,12485.3001
2026-02-26 08:15:00+00:00,12485.3001
2026-02-26 08:30:00+00:00,12485.3001
2026-02-26 08:45:00+00:00,12485.3001
2026-02-26 09:00:00+00:00,12485.3001
2026-02-26 09:15:00+00:00,12485.3001
2026-02-26 09:30:00+00:00,12485.3001
2026-02-26 09:45:00+00:00,12485.3001
2026-02-26 10:00:00+00:00,12485.3001
2026-02-26 10:15:00+00:00,12485.3001
2026-02-26 10:30:00+00:00,12485.3001
2026-02-26 10:45:00+00:00,12485.3001
2026-02-26 11:00:00+00:00,12485.3001
2026-02-26 11:15:00+00:00,12485.3001
2026-02-26 11:30:00+00:00,12485.3001
2026-02-26 11:45:00+00:00,12485.3001
2026-02-26 12:00:00+00:00,12485.3001
2026-02-26 12:15:00+00:00,12485.3001
2026-02-26 12:30:00+00:00,12485.3001
2026-02-26 12:45:00+00:00,12485.3001
2026-02-26 13:00:00+00:00,12485.3001
2026-02-26 13:15:00+00:00,12485.3001
2026-02-26 13:30:00+00:00,12485.3001
2026-02-26 13:45:00+00:00,12735.0061
2026-02-26 14:00:00+00:00,12735.0061
2026-02-26 14:15:00+00:00,12735.0061
2026-02-26 14:30:00+00:00,12735.0061
2026-02-26 14:45:00+00:00,12735.0061
2026-02-26 15:00:00+00:00,12735.0061
2026-02-26 15:15:00+00:00,12735.0061
2026-02-26 15:30:00+00:00,12735.0061
2026-02-26 15:45:00+00:00,12735.0061
2026-02-26 16:00:00+00:00,12735.0061
2026-02-26 16:15:00+00:00,12735.0061
2026-02-26 16:30:00+00:00,12607.6561
2026-02-26 16:45:00+00:00,12607.6561
2026-02-26 17:00:00+00:00,12607.6561
2026-02-26 17:15:00+00:00,12607.6561
2026-02-26 17:30:00+00:00,12607.6561
2026-02-26 17:45:00+00:00,12607.6561
2026-02-26 18:00:00+00:00,12607.6561
2026-02-26 18:15:00+00:00,12607.6561
2026-02-26 18:30:00+00:00,12607.6561
2026-02-26 18:45:00+00:00,12607.6561
2026-02-26 19:00:00+00:00,12607.6561
2026-02-26 19:15:00+00:00,12607.6561
2026-02-26 19:30:00+00:00,12607.6561
2026-02-26 19:45:00+00:00,12607.6561
2026-02-26 20:00:00+00:00,12607.6561
2026-02-26 20:15:00+00:00,12607.6561
2026-02-26 20:30:00+00:00,12607.6561
2026-02-26 20:45:00+00:00,12607.6561
2026-02-26 21:00:00+00:00,12607.6561
2026-02-26 21:15:00+00:00,12607.6561
2026-02-26 21:30:00+00:00,12607.6561
2026-02-26 21:45:00+00:00,12607.6561
2026-02-26 22:00:00+00:00,12607.6561
2026-02-26 22:15:00+00:00,12607.6561
2026-02-26 22:30:00+00:00,12607.6561
2026-02-26 22:45:00+00:00,12607.6561
2026-02-26 23:00:00+00:00,12607.6561
2026-02-26 23:15:00+00:00,12607.6561
2026-02-26 23:30:00+00:00,12607.6561
2026-02-26 23:45:00+00:00,12607.6561
2026-02-27 00:00:00+00:00,12607.6561
2026-02-27 00:15:00+00:00,12607.6561
2026-02-27 00:30:00+00:00,12607.6561
2026-02-27 00:45:00+00:00,12607.6561
2026-02-27 01:00:00+00:00,12607.6561
2026-02-27 01:15:00+00:00,12607.6561
2026-02-27 01:30:00+00:00,12607.6561
2026-02-27 01:45:00+00:00,12607.6561
2026-02-27 02:00:00+00:00,12607.6561
2026-02-27 02:15:00+00:00,12859.8092
2026-02-27 02:30:00+00:00,12859.8092
2026-02-27 02:45:00+00:00,12859.8092
2026-02-27 03:00:00+00:00,12859.8092
2026-02-27 03:15:00+00:00,12859.8092
2026-02-27 03:30:00+00:00,12859.8092
2026-02-27 03:45:00+00:00,12859.8092
2026-02-27 04:00:00+00:00,12859.8092
2026-02-27 04:15:00+00:00,12859.8092
2026-02-27 04:30:00+00:00,12859.8092
2026-02-27 04:45:00+00:00,12859.8092
2026-02-27 05:00:00+00:00,12859.8092
2026-02-27 05:15:00+00:00,12859.8092
2026-02-27 05:30:00+00:00,12859.8092
2026-02-27 05:45:00+00:00,12859.8092
2026-02-27 06:00:00+00:00,12859.8092
2026-02-27 06:15:00+00:00,12859.8092
2026-02-27 06:30:00+00:00,12859.8092
2026-02-27 06:45:00+00:00,12859.8092
2026-02-27 07:00:00+00:00,12859.8092
2026-02-27 07:15:00+00:00,12859.8092
2026-02-27 07:30:00+00:00,12859.8092
2026-02-27 07:45:00+00:00,12859.8092
2026-02-27 08:00:00+00:00,12859.8092
2026-02-27 08:15:00+00:00,12859.8092
2026-02-27 08:30:00+00:00,12859.8092
2026-02-27 08:45:00+00:00,12859.8092
2026-02-27 09:00:00+00:00,12859.8092
2026-02-27 09:15:00+00:00,12859.8092
2026-02-27 09:30:00+00:00,12859.8092
2026-02-27 09:45:00+00:00,12859.8092
2026-02-27 10:00:00+00:00,12859.8092
2026-02-27 10:15:00+00:00,12859.8092
2026-02-27 10:30:00+00:00,12859.8092
2026-02-27 10:45:00+00:00,12859.8092
2026-02-27 11:00:00+00:00,12859.8092
2026-02-27 11:15:00+00:00,12859.8092
2026-02-27 11:30:00+00:00,12859.8092
2026-02-27 11:45:00+00:00,12859.8092
2026-02-27 12:00:00+00:00,12859.8092
2026-02-27 12:15:00+00:00,12859.8092
2026-02-27 12:30:00+00:00,12859.8092
2026-02-27 12:45:00+00:00,12859.8092
2026-02-27 13:00:00+00:00,12859.8092
2026-02-27 13:15:00+00:00,12859.8092
2026-02-27 13:30:00+00:00,12859.8092
2026-02-27 13:45:00+00:00,12859.8092
2026-02-27 14:00:00+00:00,12859.8092
2026-02-27 14:15:00+00:00,12859.8092
2026-02-27 14:30:00+00:00,12859.8092
2026-02-27 14:45:00+00:00,12859.8092
2026-02-27 15:00:00+00:00,12859.8092
2026-02-27 15:15:00+00:00,12859.8092
2026-02-27 15:30:00+00:00,12859.8092
2026-02-27 15:45:00+00:00,12859.8092
2026-02-27 16:00:00+00:00,12859.8092
2026-02-27 16:15:00+00:00,12859.8092
2026-02-27 16:30:00+00:00,12859.8092
2026-02-27 16:45:00+00:00,12859.8092
2026-02-27 17:00:00+00:00,12859.8092
2026-02-27 17:15:00+00:00,12859.8092
2026-02-27 17:30:00+00:00,12859.8092
2026-02-27 17:45:00+00:00,12859.8092
2026-02-27 18:00:00+00:00,12859.8092
2026-02-27 18:15:00+00:00,12859.8092
2026-02-27 18:30:00+00:00,12859.8092
2026-02-27 18:45:00+00:00,12859.8092
2026-02-27 19:00:00+00:00,12859.8092
2026-02-27 19:15:00+00:00,12859.8092
2026-02-27 19:30:00+00:00,12859.8092
2026-02-27 19:45:00+00:00,12859.8092
2026-02-27 20:00:00+00:00,12859.8092
2026-02-27 20:15:00+00:00,12859.8092
2026-02-27 20:30:00+00:00,12859.8092
2026-02-27 20:45:00+00:00,12859.8092
2026-02-27 21:00:00+00:00,12859.8092
2026-02-27 21:15:00+00:00,12859.8092
2026-02-27 21:30:00+00:00,12859.8092
2026-02-27 21:45:00+00:00,12859.8092
2026-02-27 22:00:00+00:00,12859.8092
2026-02-27 22:15:00+00:00,12859.8092
2026-02-27 22:30:00+00:00,13117.0054
2026-02-27 22:45:00+00:00,13117.0054
2026-02-27 23:00:00+00:00,13117.0054
2026-02-27 23:15:00+00:00,13117.0054
2026-02-27 23:30:00+00:00,13117.0054
2026-02-27 23:45:00+00:00,13117.0054
2026-02-28 00:00:00+00:00,13117.0054
2026-02-28 00:15:00+00:00,13117.0054
2026-02-28 00:30:00+00:00,13117.0054
2026-02-28 00:45:00+00:00,13117.0054
2026-02-28 01:00:00+00:00,13117.0054
2026-02-28 01:15:00+00:00,13117.0054
2026-02-28 01:30:00+00:00,13117.0054
2026-02-28 01:45:00+00:00,13117.0054
2026-02-28 02:00:00+00:00,13117.0054
2026-02-28 02:15:00+00:00,13117.0054
2026-02-28 02:30:00+00:00,13117.0054
2026-02-28 02:45:00+00:00,13117.0054
2026-02-28 03:00:00+00:00,13117.0054
2026-02-28 03:15:00+00:00,13117.0054
2026-02-28 03:30:00+00:00,13117.0054
2026-02-28 03:45:00+00:00,13117.0054
2026-02-28 04:00:00+00:00,13117.0054
2026-02-28 04:15:00+00:00,13117.0054
2026-02-28 04:30:00+00:00,13117.0054
2026-02-28 04:45:00+00:00,13117.0054
2026-02-28 05:00:00+00:00,13117.0054
2026-02-28 05:15:00+00:00,13117.0054
2026-02-28 05:30:00+00:00,13117.0054
2026-02-28 05:45:00+00:00,13117.0054
2026-02-28 06:00:00+00:00,13117.0054
2026-02-28 06:15:00+00:00,13379.3455
2026-02-28 06:30:00+00:00,13379.3455
2026-02-28 06:45:00+00:00,13379.3455
2026-02-28 07:00:00+00:00,13379.3455
2026-02-28 07:15:00+00:00,13379.3455
2026-02-28 07:30:00+00:00,13379.3455
2026-02-28 07:45:00+00:00,13379.3455
2026-02-28 08:00:00+00:00,13379.3455
2026-02-28 08:15:00+00:00,13379.3455
2026-02-28 08:30:00+00:00,13379.3455
2026-02-28 08:45:00+00:00,13379.3455
2026-02-28 09:00:00+00:00,13379.3455
2026-02-28 09:15:00+00:00,13379.3455
2026-02-28 09:30:00+00:00,13379.3455
2026-02-28 09:45:00+00:00,13379.3455
2026-02-28 10:00:00+00:00,13379.3455
2026-02-28 10:15:00+00:00,13379.3455
2026-02-28 10:30:00+00:00,13379.3455
2026-02-28 10:45:00+00:00,13379.3455
2026-02-28 11:00:00+00:00,13379.3455
2026-02-28 11:15:00+00:00,13379.3455
2026-02-28 11:30:00+00:00,13379.3455
2026-02-28 11:45:00+00:00,13379.3455
2026-02-28 12:00:00+00:00,13379.3455
2026-02-28 12:15:00+00:00,13379.3455
2026-02-28 12:30:00+00:00,13379.3455
2026-02-28 12:45:00+00:00,13379.3455
2026-02-28 13:00:00+00:00,13379.3455
2026-02-28 13:15:00+00:00,13379.3455
2026-02-28 13:30:00+00:00,13379.3455
2026-02-28 13:45:00+00:00,13379.3455
2026-02-28 14:00:00+00:00,13379.3455
2026-02-28 14:15:00+00:00,13379.3455
2026-02-28 14:30:00+00:00,13379.3455
2026-02-28 14:45:00+00:00,13379.3455
2026-02-28 15:00:00+00:00,13379.3455
2026-02-28 15:15:00+00:00,13379.3455
2026-02-28 15:30:00+00:00,13379.3455
2026-02-28 15:45:00+00:00,13379.3455
2026-02-28 16:00:00+00:00,13379.3455
2026-02-28 16:15:00+00:00,13379.3455
2026-02-28 16:30:00+00:00,13379.3455
2026-02-28 16:45:00+00:00,13379.3455
2026-02-28 17:00:00+00:00,13379.3455
2026-02-28 17:15:00+00:00,13379.3455
2026-02-28 17:30:00+00:00,13379.3455
2026-02-28 17:45:00+00:00,13245.552
2026-02-28 18:00:00+00:00,13245.552
2026-02-28 18:15:00+00:00,13245.552
2026-02-28 18:30:00+00:00,13245.552
2026-02-28 18:45:00+00:00,13245.552
2026-02-28 19:00:00+00:00,13245.552
2026-02-28 19:15:00+00:00,13245.552
2026-02-28 19:30:00+00:00,13245.552
2026-02-28 19:45:00+00:00,13245.552
2026-02-28 20:00:00+00:00,13245.552
2026-02-28 20:15:00+00:00,13245.552
2026-02-28 20:30:00+00:00,13245.552
2026-02-28 20:45:00+00:00,13245.552
2026-02-28 21:00:00+00:00,13245.552
2026-02-28 21:15:00+00:00,13245.552
2026-02-28 21:30:00+00:00,13245.552
2026-02-28 21:45:00+00:00,13245.552
2026-02-28 22:00:00+00:00,13245.552
2026-02-28 22:15:00+00:00,13245.552
2026-02-28 22:30:00+00:00,13245.552
2026-02-28 22:45:00+00:00,13245.552
2026-02-28 23:00:00+00:00,13245.552
2026-02-28 23:15:00+00:00,13245.552
2026-02-28 23:30:00+00:00,13245.552
2026-02-28 23:45:00+00:00,13245.552
2026-03-01 00:00:00+00:00,13245.552
2026-03-01 00:15:00+00:00,13245.552
2026-03-01 00:30:00+00:00,13245.552
2026-03-01 00:45:00+00:00,13245.552
2026-03-01 01:00:00+00:00,13245.552
2026-03-01 01:15:00+00:00,13245.552
2026-03-01 01:30:00+00:00,13245.552
2026-03-01 01:45:00+00:00,13245.552
2026-03-01 02:00:00+00:00,13245.552
2026-03-01 02:15:00+00:00,13245.552
2026-03-01 02:30:00+00:00,13245.552
2026-03-01 02:45:00+00:00,13245.552
2026-03-01 03:00:00+00:00,13245.552
2026-03-01 03:15:00+00:00,13245.552
2026-03-01 03:30:00+00:00,13245.552
2026-03-01 03:45:00+00:00,13245.552
2026-03-01 04:00:00+00:00,13245.552
2026-03-01 04:15:00+00:00,13245.552
2026-03-01 04:30:00+00:00,13245.552
2026-03-01 04:45:00+00:00,13245.552
2026-03-01 05:00:00+00:00,13245.552
2026-03-01 05:15:00+00:00,13245.552
2026-03-01 05:30:00+00:00,13245.552
2026-03-01 05:45:00+00:00,13245.552
2026-03-01 06:00:00+00:00,13245.552
2026-03-01 06:15:00+00:00,13245.552
2026-03-01 06:30:00+00:00,13245.552
2026-03-01 06:45:00+00:00,13245.552
2026-03-01 07:00:00+00:00,13245.552
2026-03-01 07:15:00+00:00,13245.552
2026-03-01 07:30:00+00:00,13245.552
2026-03-01 07:45:00+00:00,13245.552
2026-03-01 08:00:00+00:00,13245.552
2026-03-01 08:15:00+00:00,13245.552
2026-03-01 08:30:00+00:00,13245.552
2026-03-01 08:45:00+00:00,13245.552
2026-03-01 09:00:00+00:00,13245.552
2026-03-01 09:15:00+00:00,13245.552
2026-03-01 09:30:00+00:00,13245.552
2026-03-01 09:45:00+00:00,13245.552
2026-03-01 10:00:00+00:00,13245.552
2026-03-01 10:15:00+00:00,13245.552
2026-03-01 10:30:00+00:00,13245.552
2026-03-01 10:45:00+00:00,13245.552
2026-03-01 11:00:00+00:00,13245.552
2026-03-01 11:15:00+00:00,13245.552
2026-03-01 11:30:00+00:00,13245.552
2026-03-01 11:45:00+00:00,13245.552
2026-03-01 12:00:00+00:00,13245.552
2026-03-01 12:15:00+00:00,13245.552
2026-03-01 12:30:00+00:00,13113.0965
2026-03-01 12:45:00+00:00,13113.0965
2026-03-01 13:00:00+00:00,13113.0965
2026-03-01 13:15:00+00:00,12981.9655
2026-03-01 13:30:00+00:00,12981.9655
2026-03-01 13:45:00+00:00,12981.9655
2026-03-01 14:00:00+00:00,12981.9655
2026-03-01 14:15:00+00:00,12981.9655
2026-03-01 14:30:00+00:00,12981.9655
2026-03-01 14:45:00+00:00,12981.9655
2026-03-01 15:00:00+00:00,12981.9655
2026-03-01 15:15:00+00:00,12981.9655
2026-03-01 15:30:00+00:00,12981.9655
2026-03-01 15:45:00+00:00,12981.9655
2026-03-01 16:00:00+00:00,12981.9655
2026-03-01 16:15:00+00:00,12981.9655
2026-03-01 16:30:00+00:00,12981.9655
2026-03-01 16:45:00+00:00,12852.1459
2026-03-01 17:00:00+00:00,12852.1459
2026-03-01 17:15:00+00:00,12852.1459
2026-03-01 17:30:00+00:00,12852.1459
2026-03-01 17:45:00+00:00,12852.1459
2026-03-01 18:00:00+00:00,12852.1459
2026-03-01 18:15:00+00:00,12852.1459
2026-03-01 18:30:00+00:00,12852.1459
2026-03-01 18:45:00+00:00,12852.1459
2026-03-01 19:00:00+00:00,12852.1459
2026-03-01 19:15:00+00:00,12852.1459
2026-03-01 19:30:00+00:00,12723.6244
2026-03-01 19:45:00+00:00,12723.6244
2026-03-01 20:00:00+00:00,12723.6244
2026-03-01 20:15:00+00:00,12723.6244
2026-03-01 20:30:00+00:00,12723.6244
2026-03-01 20:45:00+00:00,12723.6244
2026-03-01 21:00:00+00:00,12723.6244
2026-03-01 21:15:00+00:00,12723.6244
2026-03-01 21:30:00+00:00,12723.6244
2026-03-01 21:45:00+00:00,12723.6244
2026-03-01 22:00:00+00:00,12596.3882
2026-03-01 22:15:00+00:00,12596.3882
2026-03-01 22:30:00+00:00,12596.3882
2026-03-01 22:45:00+00:00,12596.3882
2026-03-01 23:00:00+00:00,12596.3882
2026-03-01 23:15:00+00:00,12596.3882
2026-03-01 23:30:00+00:00,12596.3882
2026-03-01 23:45:00+00:00,12596.3882
2026-03-02 00:00:00+00:00,12596.3882
2026-03-02 00:15:00+00:00,12596.3882
2026-03-02 00:30:00+00:00,12596.3882
2026-03-02 00:45:00+00:00,12596.3882
2026-03-02 01:00:00+00:00,12596.3882
2026-03-02 01:15:00+00:00,12596.3882
2026-03-02 01:30:00+00:00,12596.3882
2026-03-02 01:45:00+00:00,12596.3882
2026-03-02 02:00:00+00:00,12596.3882
2026-03-02 02:15:00+00:00,12596.3882
2026-03-02 02:30:00+00:00,12596.3882
2026-03-02 02:45:00+00:00,12596.3882
2026-03-02 03:00:00+00:00,12596.3882
2026-03-02 03:15:00+00:00,12596.3882
2026-03-02 03:30:00+00:00,12596.3882
2026-03-02 03:45:00+00:00,12596.3882
2026-03-02 04:00:00+00:00,12596.3882
2026-03-02 04:15:00+00:00,12596.3882
2026-03-02 04:30:00+00:00,12596.3882
2026-03-02 04:45:00+00:00,12596.3882
2026-03-02 05:00:00+00:00,12596.3882
2026-03-02 05:15:00+00:00,12596.3882
2026-03-02 05:30:00+00:00,12596.3882
2026-03-02 05:45:00+00:00,12596.3882
2026-03-02 06:00:00+00:00,12596.3882
2026-03-02 06:15:00+00:00,12596.3882
2026-03-02 06:30:00+00:00,12596.3882
2026-03-02 06:45:00+00:00,12596.3882
2026-03-02 07:00:00+00:00,12596.3882
2026-03-02 07:15:00+00:00,12596.3882
2026-03-02 07:30:00+00:00,12596.3882
2026-03-02 07:45:00+00:00,12596.3882
2026-03-02 08:00:00+00:00,12596.3882
2026-03-02 08:15:00+00:00,12596.3882
2026-03-02 08:30:00+00:00,12596.3882
2026-03-02 08:45:00+00:00,12596.3882
2026-03-02 09:00:00+00:00,12596.3882
2026-03-02 09:15:00+00:00,12596.3882
2026-03-02 09:30:00+00:00,12596.3882
2026-03-02 09:45:00+00:00,12596.3882
2026-03-02 10:00:00+00:00,12596.3882
2026-03-02 10:15:00+00:00,12596.3882
2026-03-02 10:30:00+00:00,12596.3882
2026-03-02 10:45:00+00:00,12596.3882
2026-03-02 11:00:00+00:00,12596.3882
2026-03-02 11:15:00+00:00,12596.3882
2026-03-02 11:30:00+00:00,12596.3882
2026-03-02 11:45:00+00:00,12596.3882
2026-03-02 12:00:00+00:00,12596.3882
2026-03-02 12:15:00+00:00,12596.3882
2026-03-02 12:30:00+00:00,12596.3882
2026-03-02 12:45:00+00:00,12596.3882
2026-03-02 13:00:00+00:00,12596.3882
2026-03-02 13:15:00+00:00,12596.3882
2026-03-02 13:30:00+00:00,12596.3882
2026-03-02 13:45:00+00:00,12596.3882
2026-03-02 14:00:00+00:00,12596.3882
2026-03-02 14:15:00+00:00,12596.3882
2026-03-02 14:30:00+00:00,12596.3882
2026-03-02 14:45:00+00:00,12596.3882
2026-03-02 15:00:00+00:00,12848.316
2026-03-02 15:15:00+00:00,12848.316
2026-03-02 15:30:00+00:00,12848.316
2026-03-02 15:45:00+00:00,12848.316
2026-03-02 16:00:00+00:00,12848.316
2026-03-02 16:15:00+00:00,12848.316
2026-03-02 16:30:00+00:00,12848.316
2026-03-02 16:45:00+00:00,12848.316
2026-03-02 17:00:00+00:00,12848.316
2026-03-02 17:15:00+00:00,12848.316
2026-03-02 17:30:00+00:00,12848.316
2026-03-02 17:45:00+00:00,12848.316
2026-03-02 18:00:00+00:00,12848.316
2026-03-02 18:15:00+00:00,12848.316
2026-03-02 18:30:00+00:00,12848.316
2026-03-02 18:45:00+00:00,12848.316
2026-03-02 19:00:00+00:00,12848.316
2026-03-02 19:15:00+00:00,12848.316
2026-03-02 19:30:00+00:00,12848.316
2026-03-02 19:45:00+00:00,12848.316
2026-03-02 20:00:00+00:00,12848.316
2026-03-02 20:15:00+00:00,12848.316
2026-03-02 20:30:00+00:00,12848.316
2026-03-02 20:45:00+00:00,12848.316
2026-03-02 21:00:00+00:00,12848.316
2026-03-02 21:15:00+00:00,12848.316
2026-03-02 21:30:00+00:00,12848.316
2026-03-02 21:45:00+00:00,12848.316
2026-03-02 22:00:00+00:00,12848.316
2026-03-02 22:15:00+00:00,12848.316
2026-03-02 22:30:00+00:00,12848.316
2026-03-02 22:45:00+00:00,12848.316
2026-03-02 23:00:00+00:00,12848.316
2026-03-02 23:15:00+00:00,12848.316
2026-03-02 23:30:00+00:00,12848.316
2026-03-02 23:45:00+00:00,12848.316
2026-03-03 00:00:00+00:00,12848.316
2026-03-03 00:15:00+00:00,12848.316
2026-03-03 00:30:00+00:00,12848.316
2026-03-03 00:45:00+00:00,12848.316
2026-03-03 01:00:00+00:00,12848.316
2026-03-03 01:15:00+00:00,12848.316
2026-03-03 01:30:00+00:00,12848.316
2026-03-03 01:45:00+00:00,12848.316
2026-03-03 02:00:00+00:00,12848.316
2026-03-03 02:15:00+00:00,12848.316
2026-03-03 02:30:00+00:00,12848.316
2026-03-03 02:45:00+00:00,12848.316
2026-03-03 03:00:00+00:00,12848.316
2026-03-03 03:15:00+00:00,12848.316
2026-03-03 03:30:00+00:00,12848.316
2026-03-03 03:45:00+00:00,12848.316
2026-03-03 04:00:00+00:00,12848.316
2026-03-03 04:15:00+00:00,12848.316
2026-03-03 04:30:00+00:00,12848.316
2026-03-03 04:45:00+00:00,12719.8328
2026-03-03 05:00:00+00:00,12719.8328
2026-03-03 05:15:00+00:00,12719.8328
2026-03-03 05:30:00+00:00,12592.6345
2026-03-03 05:45:00+00:00,12592.6345
2026-03-03 06:00:00+00:00,12592.6345
2026-03-03 06:15:00+00:00,12592.6345
2026-03-03 06:30:00+00:00,12592.6345
2026-03-03 06:45:00+00:00,12592.6345
2026-03-03 07:00:00+00:00,12592.6345
2026-03-03 07:15:00+00:00,12592.6345
2026-03-03 07:30:00+00:00,12592.6345
2026-03-03 07:45:00+00:00,12466.7081
2026-03-03 08:00:00+00:00,12466.7081
2026-03-03 08:15:00+00:00,12466.7081
2026-03-03 08:30:00+00:00,12466.7081
2026-03-03 08:45:00+00:00,12466.7081
2026-03-03 09:00:00+00:00,12466.7081
2026-03-03 09:15:00+00:00,12466.7081
2026-03-03 09:30:00+00:00,12466.7081
2026-03-03 09:45:00+00:00,12466.7081
2026-03-03 10:00:00+00:00,12466.7081
2026-03-03 10:15:00+00:00,12466.7081
2026-03-03 10:30:00+00:00,12466.7081
2026-03-03 10:45:00+00:00,12342.041
2026-03-03 11:00:00+00:00,12342.041
2026-03-03 11:15:00+00:00,12342.041
2026-03-03 11:30:00+00:00,12342.041
2026-03-03 11:45:00+00:00,12342.041
2026-03-03 12:00:00+00:00,12342.041
2026-03-03 12:15:00+00:00,12342.041
2026-03-03 12:30:00+00:00,12342.041
2026-03-03 12:45:00+00:00,12342.041
2026-03-03 13:00:00+00:00,12342.041
2026-03-03 13:15:00+00:00,12342.041
2026-03-03 13:30:00+00:00,12342.041
2026-03-03 13:45:00+00:00,12342.041
2026-03-03 14:00:00+00:00,12342.041
2026-03-03 14:15:00+00:00,12342.041
2026-03-03 14:30:00+00:00,12342.041
2026-03-03 14:45:00+00:00,12342.041
2026-03-03 15:00:00+00:00,12342.041
2026-03-03 15:15:00+00:00,12342.041
2026-03-03 15:30:00+00:00,12342.041
2026-03-03 15:45:00+00:00,12342.041
2026-03-03 16:00:00+00:00,12342.041
2026-03-03 16:15:00+00:00,12342.041
2026-03-03 16:30:00+00:00,12342.041
2026-03-03 16:45:00+00:00,12342.041
2026-03-03 17:00:00+00:00,12342.041
2026-03-03 17:15:00+00:00,12342.041
2026-03-03 17:30:00+00:00,12342.041
2026-03-03 17:45:00+00:00,12342.041
2026-03-03 18:00:00+00:00,12342.041
2026-03-03 18:15:00+00:00,12342.041
2026-03-03 18:30:00+00:00,12342.041
2026-03-03 18:45:00+00:00,12342.041
2026-03-03 19:00:00+00:00,12342.041
2026-03-03 19:15:00+00:00,12342.041
2026-03-03 19:30:00+00:00,12342.041
2026-03-03 19:45:00+00:00,12342.041
2026-03-03 20:00:00+00:00,12342.041
2026-03-03 20:15:00+00:00,12342.041
2026-03-03 20:30:00+00:00,12342.041
2026-03-03 20:45:00+00:00,12218.6206
2026-03-03 21:00:00+00:00,12218.6206
2026-03-03 21:15:00+00:00,12218.6206
2026-03-03 21:30:00+00:00,12218.6206
2026-03-03 21:45:00+00:00,12218.6206
2026-03-03 22:00:00+00:00,12218.6206
2026-03-03 22:15:00+00:00,12218.6206
2026-03-03 22:30:00+00:00,12218.6206
2026-03-03 22:45:00+00:00,12218.6206
2026-03-03 23:00:00+00:00,12218.6206
2026-03-03 23:15:00+00:00,12218.6206
2026-03-03 23:30:00+00:00,12218.6206
2026-03-03 23:45:00+00:00,12218.6206
2026-03-04 00:00:00+00:00,12218.6206
2026-03-04 00:15:00+00:00,12218.6206
2026-03-04 00:30:00+00:00,12096.4344
2026-03-04 00:45:00+00:00,12096.4344
2026-03-04 01:00:00+00:00,12096.4344
2026-03-04 01:15:00+00:00,12096.4344
2026-03-04 01:30:00+00:00,12096.4344
2026-03-04 01:45:00+00:00,12096.4344
2026-03-04 02:00:00+00:00,12096.4344
2026-03-04 02:15:00+00:00,12096.4344
2026-03-04 02:30:00+00:00,12096.4344
2026-03-04 02:45:00+00:00,12096.4344
2026-03-04 03:00:00+00:00,11975.4701
2026-03-04 03:15:00+00:00,11975.4701
2026-03-04 03:30:00+00:00,11975.4701
2026-03-04 03:45:00+00:00,11975.4701
2026-03-04 04:00:00+00:00,11975.4701
2026-03-04 04:15:00+00:00,11975.4701
2026-03-04 04:30:00+00:00,11975.4701
2026-03-04 04:45:00+00:00,11975.4701
2026-03-04 05:00:00+00:00,11975.4701
2026-03-04 05:15:00+00:00,11975.4701
2026-03-04 05:30:00+00:00,11975.4701
2026-03-04 05:45:00+00:00,11975.4701
2026-03-04 06:00:00+00:00,11975.4701
2026-03-04 06:15:00+00:00,11975.4701
2026-03-04 06:30:00+00:00,11975.4701
2026-03-04 06:45:00+00:00,11975.4701
2026-03-04 07:00:00+00:00,11975.4701
2026-03-04 07:15:00+00:00,11975.4701
2026-03-04 07:30:00+00:00,11975.4701
2026-03-04 07:45:00+00:00,11975.4701
2026-03-04 08:00:00+00:00,12214.9795
2026-03-04 08:15:00+00:00,12214.9795
2026-03-04 08:30:00+00:00,12214.9795
2026-03-04 08:45:00+00:00,12214.9795
2026-03-04 09:00:00+00:00,12214.9795
2026-03-04 09:15:00+00:00,12214.9795
2026-03-04 09:30:00+00:00,12214.9795
2026-03-04 09:45:00+00:00,12214.9795
2026-03-04 10:00:00+00:00,12214.9795
2026-03-04 10:15:00+00:00,12214.9795
2026-03-04 10:30:00+00:00,12214.9795
2026-03-04 10:45:00+00:00,12214.9795
2026-03-04 11:00:00+00:00,12214.9795
2026-03-04 11:15:00+00:00,12214.9795
2026-03-04 11:30:00+00:00,12214.9795
2026-03-04 11:45:00+00:00,12214.9795
2026-03-04 12:00:00+00:00,12214.9795
2026-03-04 12:15:00+00:00,12214.9795
2026-03-04 12:30:00+00:00,12214.9795
2026-03-04 12:45:00+00:00,12214.9795
2026-03-04 13:00:00+00:00,12214.9795
2026-03-04 13:15:00+00:00,12214.9795
2026-03-04 13:30:00+00:00,12214.9795
2026-03-04 13:45:00+00:00,12214.9795
2026-03-04 14:00:00+00:00,12214.9795
2026-03-04 14:15:00+00:00,12214.9795
2026-03-04 14:30:00+00:00,12214.9795
2026-03-04 14:45:00+00:00,12214.9795
2026-03-04 15:00:00+00:00,12214.9795
2026-03-04 15:15:00+00:00,12214.9795
2026-03-04 15:30:00+00:00,12214.9795
2026-03-04 15:45:00+00:00,12214.9795
2026-03-04 16:00:00+00:00,12214.9795
2026-03-04 16:15:00+00:00,12214.9795
2026-03-04 16:30:00+00:00,12214.9795
2026-03-04 16:45:00+00:00,12214.9795
2026-03-04 17:00:00+00:00,12214.9795
2026-03-04 17:15:00+00:00,12214.9795
2026-03-04 17:30:00+00:00,12214.9795
2026-03-04 17:45:00+00:00,12214.9795
2026-03-04 18:00:00+00:00,12214.9795
2026-03-04 18:15:00+00:00,12214.9795
2026-03-04 18:30:00+00:00,12214.9795
2026-03-04 18:45:00+00:00,12214.9795
2026-03-04 19:00:00+00:00,12214.9795
2026-03-04 19:15:00+00:00,12214.9795
2026-03-04 19:30:00+00:00,12214.9795
2026-03-04 19:45:00+00:00,12214.9795
2026-03-04 20:00:00+00:00,12214.9795
2026-03-04 20:15:00+00:00,12214.9795
2026-03-04 20:30:00+00:00,12214.9795
2026-03-04 20:45:00+00:00,12214.9795
2026-03-04 21:00:00+00:00,12214.9795
2026-03-04 21:15:00+00:00,12214.9795
2026-03-04 21:30:00+00:00,12214.9795
2026-03-04 21:45:00+00:00,12214.9795
2026-03-04 22:00:00+00:00,12214.9795
2026-03-04 22:15:00+00:00,12214.9795
2026-03-04 22:30:00+00:00,12214.9795
2026-03-04 22:45:00+00:00,12214.9795
2026-03-04 23:00:00+00:00,12214.9795
2026-03-04 23:15:00+00:00,12214.9795
2026-03-04 23:30:00+00:00,12214.9795
2026-03-04 23:45:00+00:00,12214.9795
2026-03-05 00:00:00+00:00,12214.9795
2026-03-05 00:15:00+00:00,12214.9795
2026-03-05 00:30:00+00:00,12214.9795
2026-03-05 00:45:00+00:00,12214.9795
2026-03-05 01:00:00+00:00,12214.9795
2026-03-05 01:15:00+00:00,12214.9795
2026-03-05 01:30:00+00:00,12214.9795
2026-03-05 01:45:00+00:00,12214.9795
2026-03-05 02:00:00+00:00,12214.9795
2026-03-05 02:15:00+00:00,12214.9795
2026-03-05 02:30:00+00:00,12092.8297
2026-03-05 02:45:00+00:00,12092.8297
2026-03-05 03:00:00+00:00,12092.8297
2026-03-05 03:15:00+00:00,12092.8297
2026-03-05 03:30:00+00:00,12092.8297
2026-03-05 03:45:00+00:00,12092.8297
2026-03-05 04:00:00+00:00,12092.8297
2026-03-05 04:15:00+00:00,12092.8297
2026-03-05 04:30:00+00:00,12092.8297
2026-03-05 04:45:00+00:00,12334.6863
2026-03-05 05:00:00+00:00,12334.6863
2026-03-05 05:15:00+00:00,12334.6863
2026-03-05 05:30:00+00:00,12334.6863
2026-03-05 05:45:00+00:00,12334.6863
2026-03-05 06:00:00+00:00,12334.6863
2026-03-05 06:15:00+00:00,12334.6863
2026-03-05 06:30:00+00:00,12334.6863
2026-03-05 06:45:00+00:00,12334.6863
2026-03-05 07:00:00+00:00,12334.6863
2026-03-05 07:15:00+00:00,12334.6863
2026-03-05 07:30:00+00:00,12334.6863
2026-03-05 07:45:00+00:00,12334.6863
2026-03-05 08:00:00+00:00,12334.6863
2026-03-05 08:15:00+00:00,12334.6863
2026-03-05 08:30:00+00:00,12334.6863
2026-03-05 08:45:00+00:00,12334.6863
2026-03-05 09:00:00+00:00,12334.6863
2026-03-05 09:15:00+00:00,12334.6863
2026-03-05 09:30:00+00:00,12581.38
2026-03-05 09:45:00+00:00,12581.38
2026-03-05 10:00:00+00:00,12581.38
2026-03-05 10:15:00+00:00,12581.38
2026-03-05 10:30:00+00:00,12581.38
2026-03-05 10:45:00+00:00,12581.38
2026-03-05 11:00:00+00:00,12581.38
2026-03-05 11:15:00+00:00,12581.38
2026-03-05 11:30:00+00:00,12581.38
2026-03-05 11:45:00+00:00,12581.38
2026-03-05 12:00:00+00:00,12581.38
2026-03-05 12:15:00+00:00,12581.38
2026-03-05 12:30:00+00:00,12581.38
2026-03-05 12:45:00+00:00,12581.38
2026-03-05 13:00:00+00:00,12581.38
2026-03-05 13:15:00+00:00,12581.38
2026-03-05 13:30:00+00:00,12581.38
2026-03-05 13:45:00+00:00,12581.38
2026-03-05 14:00:00+00:00,12581.38
2026-03-05 14:15:00+00:00,12581.38
2026-03-05 14:30:00+00:00,12581.38
2026-03-05 14:45:00+00:00,12581.38
2026-03-05 15:00:00+00:00,12455.5662
2026-03-05 15:15:00+00:00,12455.5662
2026-03-05 15:30:00+00:00,12455.5662
2026-03-05 15:45:00+00:00,12455.5662
2026-03-05 16:00:00+00:00,12455.5662
2026-03-05 16:15:00+00:00,12455.5662
2026-03-05 16:30:00+00:00,12455.5662
2026-03-05 16:45:00+00:00,12455.5662
2026-03-05 17:00:00+00:00,12455.5662
2026-03-05 17:15:00+00:00,12455.5662
2026-03-05 17:30:00+00:00,12455.5662
2026-03-05 17:45:00+00:00,12455.5662
2026-03-05 18:00:00+00:00,12455.5662
2026-03-05 18:15:00+00:00,12455.5662
2026-03-05 18:30:00+00:00,12455.5662
2026-03-05 18:45:00+00:00,12455.5662
2026-03-05 19:00:00+00:00,12455.5662
2026-03-05 19:15:00+00:00,12455.5662
2026-03-05 19:30:00+00:00,12455.5662
2026-03-05 19:45:00+00:00,12455.5662
2026-03-05 20:00:00+00:00,12455.5662
2026-03-05 20:15:00+00:00,12455.5662
2026-03-05 20:30:00+00:00,12455.5662
2026-03-05 20:45:00+00:00,12455.5662
2026-03-05 21:00:00+00:00,12455.5662
2026-03-05 21:15:00+00:00,12455.5662
2026-03-05 21:30:00+00:00,12455.5662
2026-03-05 21:45:00+00:00,12455.5662
2026-03-05 22:00:00+00:00,12455.5662
2026-03-05 22:15:00+00:00,12455.5662
2026-03-05 22:30:00+00:00,12455.5662
2026-03-05 22:45:00+00:00,12455.5662
2026-03-05 23:00:00+00:00,12455.5662
2026-03-05 23:15:00+00:00,12455.5662
2026-03-05 23:30:00+00:00,12455.5662
2026-03-05 23:45:00+00:00,12455.5662
2026-03-06 00:00:00+00:00,12455.5662
2026-03-06 00:15:00+00:00,12455.5662
2026-03-06 00:30:00+00:00,12455.5662
2026-03-06 00:45:00+00:00,12455.5662
2026-03-06 01:00:00+00:00,12455.5662
2026-03-06 01:15:00+00:00,12455.5662
2026-03-06 01:30:00+00:00,12455.5662
2026-03-06 01:45:00+00:00,12455.5662
2026-03-06 02:00:00+00:00,12455.5662
2026-03-06 02:15:00+00:00,12455.5662
2026-03-06 02:30:00+00:00,12455.5662
2026-03-06 02:45:00+00:00,12455.5662
2026-03-06 03:00:00+00:00,12455.5662
2026-03-06 03:15:00+00:00,12455.5662
2026-03-06 03:30:00+00:00,12455.5662
2026-03-06 03:45:00+00:00,12455.5662
2026-03-06 04:00:00+00:00,12455.5662
2026-03-06 04:15:00+00:00,12455.5662
2026-03-06 04:30:00+00:00,12455.5662
2026-03-06 04:45:00+00:00,12455.5662
2026-03-06 05:00:00+00:00,12455.5662
2026-03-06 05:15:00+00:00,12455.5662
2026-03-06 05:30:00+00:00,12455.5662
2026-03-06 05:45:00+00:00,12455.5662
2026-03-06 06:00:00+00:00,12455.5662
2026-03-06 06:15:00+00:00,12455.5662
2026-03-06 06:30:00+00:00,12455.5662
2026-03-06 06:45:00+00:00,12455.5662
2026-03-06 07:00:00+00:00,12455.5662
2026-03-06 07:15:00+00:00,12455.5662
2026-03-06 07:30:00+00:00,12455.5662
2026-03-06 07:45:00+00:00,12455.5662
2026-03-06 08:00:00+00:00,12455.5662
2026-03-06 08:15:00+00:00,12455.5662
2026-03-06 08:30:00+00:00,12455.5662
2026-03-06 08:45:00+00:00,12455.5662
2026-03-06 09:00:00+00:00,12704.6775
2026-03-06 09:15:00+00:00,12704.6775
2026-03-06 09:30:00+00:00,12704.6775
2026-03-06 09:45:00+00:00,12704.6775
2026-03-06 10:00:00+00:00,12704.6775
2026-03-06 10:15:00+00:00,12704.6775
2026-03-06 10:30:00+00:00,12704.6775
2026-03-06 10:45:00+00:00,12704.6775
2026-03-06 11:00:00+00:00,12704.6775
2026-03-06 11:15:00+00:00,12704.6775
2026-03-06 11:30:00+00:00,12704.6775
2026-03-06 11:45:00+00:00,12704.6775
2026-03-06 12:00:00+00:00,12704.6775
2026-03-06 12:15:00+00:00,12704.6775
2026-03-06 12:30:00+00:00,12704.6775
2026-03-06 12:45:00+00:00,12704.6775
2026-03-06 13:00:00+00:00,12704.6775
2026-03-06 13:15:00+00:00,12704.6775
2026-03-06 13:30:00+00:00,12704.6775
2026-03-06 13:45:00+00:00,12704.6775
2026-03-06 14:00:00+00:00,12704.6775
2026-03-06 14:15:00+00:00,12704.6775
2026-03-06 14:30:00+00:00,12704.6775
2026-03-06 14:45:00+00:00,12704.6775
2026-03-06 15:00:00+00:00,12704.6775
2026-03-06 15:15:00+00:00,12704.6775
2026-03-06 15:30:00+00:00,12704.6775
2026-03-06 15:45:00+00:00,12704.6775
2026-03-06 16:00:00+00:00,12704.6775
2026-03-06 16:15:00+00:00,12704.6775
2026-03-06 16:30:00+00:00,12704.6775
2026-03-06 16:45:00+00:00,12704.6775
2026-03-06 17:00:00+00:00,12704.6775
2026-03-06 17:15:00+00:00,12704.6775
2026-03-06 17:30:00+00:00,12704.6775
2026-03-06 17:45:00+00:00,12704.6775
2026-03-06 18:00:00+00:00,12704.6775
2026-03-06 18:15:00+00:00,12704.6775
2026-03-06 18:30:00+00:00,12704.6775
2026-03-06 18:45:00+00:00,12704.6775
2026-03-06 19:00:00+00:00,12704.6775
2026-03-06 19:15:00+00:00,12704.6775
2026-03-06 19:30:00+00:00,12704.6775
2026-03-06 19:45:00+00:00,12704.6775
2026-03-06 20:00:00+00:00,12704.6775
2026-03-06 20:15:00+00:00,12704.6775
2026-03-06 20:30:00+00:00,12704.6775
2026-03-06 20:45:00+00:00,12704.6775
2026-03-06 21:00:00+00:00,12704.6775
2026-03-06 21:15:00+00:00,12704.6775
2026-03-06 21:30:00+00:00,12704.6775
2026-03-06 21:45:00+00:00,12704.6775
2026-03-06 22:00:00+00:00,12704.6775
2026-03-06 22:15:00+00:00,12704.6775
2026-03-06 22:30:00+00:00,12704.6775
2026-03-06 22:45:00+00:00,12704.6775
2026-03-06 23:00:00+00:00,12704.6775
2026-03-06 23:15:00+00:00,12704.6775
2026-03-06 23:30:00+00:00,12704.6775
2026-03-06 23:45:00+00:00,12704.6775
2026-03-07 00:00:00+00:00,12704.6775
2026-03-07 00:15:00+00:00,12704.6775
2026-03-07 00:30:00+00:00,12704.6775
2026-03-07 00:45:00+00:00,12704.6775
2026-03-07 01:00:00+00:00,12704.6775
2026-03-07 01:15:00+00:00,12704.6775
2026-03-07 01:30:00+00:00,12704.6775
2026-03-07 01:45:00+00:00,12704.6775
2026-03-07 02:00:00+00:00,12704.6775
2026-03-07 02:15:00+00:00,12704.6775
2026-03-07 02:30:00+00:00,12704.6775
2026-03-07 02:45:00+00:00,12704.6775
2026-03-07 03:00:00+00:00,12704.6775
2026-03-07 03:15:00+00:00,12704.6775
2026-03-07 03:30:00+00:00,12704.6775
2026-03-07 03:45:00+00:00,12704.6775
2026-03-07 04:00:00+00:00,12704.6775
2026-03-07 04:15:00+00:00,12704.6775
2026-03-07 04:30:00+00:00,12704.6775
2026-03-07 04:45:00+00:00,12704.6775
2026-03-07 05:00:00+00:00,12704.6775
2026-03-07 05:15:00+00:00,12704.6775
2026-03-07 05:30:00+00:00,12704.6775
2026-03-07 05:45:00+00:00,12704.6775
2026-03-07 06:00:00+00:00,12704.6775
2026-03-07 06:15:00+00:00,12704.6775
2026-03-07 06:30:00+00:00,12704.6775
2026-03-07 06:45:00+00:00,12704.6775
2026-03-07 07:00:00+00:00,12704.6775
2026-03-07 07:15:00+00:00,12704.6775
2026-03-07 07:30:00+00:00,12704.6775
2026-03-07 07:45:00+00:00,12704.6775
2026-03-07 08:00:00+00:00,12704.6775
2026-03-07 08:15:00+00:00,12704.6775
2026-03-07 08:30:00+00:00,12704.6775
2026-03-07 08:45:00+00:00,12704.6775
2026-03-07 09:00:00+00:00,12704.6775
2026-03-07 09:15:00+00:00,12704.6775
2026-03-07 09:30:00+00:00,12704.6775
2026-03-07 09:45:00+00:00,12704.6775
2026-03-07 10:00:00+00:00,12704.6775
2026-03-07 10:15:00+00:00,12704.6775
2026-03-07 10:30:00+00:00,12704.6775
2026-03-07 10:45:00+00:00,12704.6775
2026-03-07 11:00:00+00:00,12704.6775
2026-03-07 11:15:00+00:00,12704.6775
2026-03-07 11:30:00+00:00,12704.6775
2026-03-07 11:45:00+00:00,12704.6775
2026-03-07 12:00:00+00:00,12704.6775
2026-03-07 12:15:00+00:00,12704.6775
2026-03-07 12:30:00+00:00,12704.6775
2026-03-07 12:45:00+00:00,12704.6775
2026-03-07 13:00:00+00:00,12704.6775
2026-03-07 13:15:00+00:00,12704.6775
2026-03-07 13:30:00+00:00,12704.6775
2026-03-07 13:45:00+00:00,12704.6775
2026-03-07 14:00:00+00:00,12958.7711
2026-03-07 14:15:00+00:00,12958.7711
2026-03-07 14:30:00+00:00,12958.7711
2026-03-07 14:45:00+00:00,12958.7711
2026-03-07 15:00:00+00:00,12958.7711
2026-03-07 15:15:00+00:00,12958.7711
2026-03-07 15:30:00+00:00,12958.7711
2026-03-07 15:45:00+00:00,12958.7711
2026-03-07 16:00:00+00:00,12958.7711
2026-03-07 16:15:00+00:00,12958.7711
2026-03-07 16:30:00+00:00,12958.7711
2026-03-07 16:45:00+00:00,12958.7711
2026-03-07 17:00:00+00:00,12829.1834
2026-03-07 17:15:00+00:00,12829.1834
2026-03-07 17:30:00+00:00,12829.1834
2026-03-07 17:45:00+00:00,12829.1834
2026-03-07 18:00:00+00:00,12829.1834
2026-03-07 18:15:00+00:00,12829.1834
2026-03-07 18:30:00+00:00,12829.1834
2026-03-07 18:45:00+00:00,12829.1834
2026-03-07 19:00:00+00:00,12829.1834
2026-03-07 19:15:00+00:00,12829.1834
2026-03-07 19:30:00+00:00,12829.1834
2026-03-07 19:45:00+00:00,12829.1834
2026-03-07 20:00:00+00:00,12829.1834
2026-03-07 20:15:00+00:00,12829.1834
2026-03-07 20:30:00+00:00,12829.1834
2026-03-07 20:45:00+00:00,12829.1834
2026-03-07 21:00:00+00:00,12829.1834
2026-03-07 21:15:00+00:00,12829.1834
2026-03-07 21:30:00+00:00,12829.1834
2026-03-07 21:45:00+00:00,12829.1834
2026-03-07 22:00:00+00:00,12829.1834
2026-03-07 22:15:00+00:00,12829.1834
2026-03-07 22:30:00+00:00,12829.1834
2026-03-07 22:45:00+00:00,12829.1834
2026-03-07 23:00:00+00:00,12829.1834
2026-03-07 23:15:00+00:00,12829.1834
2026-03-07 23:30:00+00:00,12829.1834
2026-03-07 23:45:00+00:00,12829.1834
2026-03-08 00:00:00+00:00,12829.1834
2026-03-08 00:15:00+00:00,12829.1834
2026-03-08 00:30:00+00:00,12829.1834
2026-03-08 00:45:00+00:00,12829.1834
2026-03-08 01:00:00+00:00,12829.1834
2026-03-08 01:15:00+00:00,12829.1834
2026-03-08 01:30:00+00:00,12829.1834
2026-03-08 01:45:00+00:00,12829.1834
2026-03-08 02:00:00+00:00,12829.1834
2026-03-08 02:15:00+00:00,12829.1834
2026-03-08 02:30:00+00:00,12829.1834
2026-03-08 02:45:00+00:00,12829.1834
2026-03-08 03:00:00+00:00,12829.1834
2026-03-08 03:15:00+00:00,12829.1834
2026-03-08 03:30:00+00:00,12829.1834
2026-03-08 03:45:00+00:00,12829.1834
2026-03-08 04:00:00+00:00,12829.1834
2026-03-08 04:15:00+00:00,12829.1834
2026-03-08 04:30:00+00:00,12829.1834
2026-03-08 04:45:00+00:00,12829.1834
2026-03-08 05:00:00+00:00,12829.1834
2026-03-08 05:15:00+00:00,12829.1834
2026-03-08 05:30:00+00:00,12829.1834
2026-03-08 05:45:00+00:00,12829.1834
2026-03-08 06:00:00+00:00,12829.1834
2026-03-08 06:15:00+00:00,12829.1834
2026-03-08 06:30:00+00:00,12829.1834
2026-03-08 06:45:00+00:00,12829.1834
2026-03-08 07:00:00+00:00,12829.1834
2026-03-08 07:15:00+00:00,12829.1834
2026-03-08 07:30:00+00:00,12829.1834
2026-03-08 07:45:00+00:00,12829.1834
2026-03-08 08:00:00+00:00,12829.1834
2026-03-08 08:15:00+00:00,12829.1834
2026-03-08 08:30:00+00:00,12700.8915
2026-03-08 08:45:00+00:00,12700.8915
2026-03-08 09:00:00+00:00,12700.8915
2026-03-08 09:15:00+00:00,12700.8915
2026-03-08 09:30:00+00:00,12700.8915
2026-03-08 09:45:00+00:00,12700.8915
2026-03-08 10:00:00+00:00,12700.8915
2026-03-08 10:15:00+00:00,12700.8915
2026-03-08 10:30:00+00:00,12700.8915
2026-03-08 10:45:00+00:00,12700.8915
2026-03-08 11:00:00+00:00,12700.8915
2026-03-08 11:15:00+00:00,12700.8915
2026-03-08 11:30:00+00:00,12700.8915
2026-03-08 11:45:00+00:00,12700.8915
2026-03-08 12:00:00+00:00,12700.8915
2026-03-08 12:15:00+00:00,12700.8915
2026-03-08 12:30:00+00:00,12700.8915
2026-03-08 12:45:00+00:00,12700.8915
2026-03-08 13:00:00+00:00,12700.8915
2026-03-08 13:15:00+00:00,12954.9094
2026-03-08 13:30:00+00:00,12954.9094
2026-03-08 13:45:00+00:00,12954.9094
2026-03-08 14:00:00+00:00,12954.9094
2026-03-08 14:15:00+00:00,12954.9094
2026-03-08 14:30:00+00:00,12954.9094
2026-03-08 14:45:00+00:00,12954.9094
2026-03-08 15:00:00+00:00,12954.9094
2026-03-08 15:15:00+00:00,12954.9094
2026-03-08 15:30:00+00:00,12954.9094
2026-03-08 15:45:00+00:00,12954.9094
2026-03-08 16:00:00+00:00,12954.9094
2026-03-08 16:15:00+00:00,12954.9094
2026-03-08 16:30:00+00:00,12954.9094
2026-03-08 16:45:00+00:00,12954.9094
2026-03-08 17:00:00+00:00,12954.9094
2026-03-08 17:15:00+00:00,12954.9094
2026-03-08 17:30:00+00:00,12954.9094
2026-03-08 17:45:00+00:00,12954.9094
2026-03-08 18:00:00+00:00,12954.9094
2026-03-08 18:15:00+00:00,12954.9094
2026-03-08 18:30:00+00:00,12954.9094
2026-03-08 18:45:00+00:00,12954.9094
2026-03-08 19:00:00+00:00,12954.9094
2026-03-08 19:15:00+00:00,12954.9094
2026-03-08 19:30:00+00:00,12954.9094
2026-03-08 19:45:00+00:00,12954.9094
2026-03-08 20:00:00+00:00,12954.9094
2026-03-08 20:15:00+00:00,12954.9094
2026-03-08 20:30:00+00:00,12825.3603
2026-03-08 20:45:00+00:00,12825.3603
2026-03-08 21:00:00+00:00,12825.3603
2026-03-08 21:15:00+00:00,12825.3603
2026-03-08 21:30:00+00:00,12825.3603
2026-03-08 21:45:00+00:00,12825.3603
2026-03-08 22:00:00+00:00,13081.8675
2026-03-08 22:15:00+00:00,13081.8675
2026-03-08 22:30:00+00:00,13081.8675
2026-03-08 22:45:00+00:00,13081.8675
2026-03-08 23:00:00+00:00,13081.8675
2026-03-08 23:15:00+00:00,13081.8675
2026-03-08 23:30:00+00:00,13081.8675
2026-03-08 23:45:00+00:00,13081.8675
2026-03-09 00:00:00+00:00,12951.0488
2026-03-09 00:15:00+00:00,12951.0488
2026-03-09 00:30:00+00:00,12951.0488
2026-03-09 00:45:00+00:00,12951.0488
2026-03-09 01:00:00+00:00,12951.0488
2026-03-09 01:15:00+00:00,12951.0488
2026-03-09 01:30:00+00:00,12951.0488
2026-03-09 01:45:00+00:00,12951.0488
2026-03-09 02:00:00+00:00,12951.0488
2026-03-09 02:15:00+00:00,12951.0488
2026-03-09 02:30:00+00:00,12821.5383
2026-03-09 02:45:00+00:00,12821.5383
2026-03-09 03:00:00+00:00,12693.3229
2026-03-09 03:15:00+00:00,12693.3229
2026-03-09 03:30:00+00:00,12693.3229
2026-03-09 03:45:00+00:00,12693.3229
2026-03-09 04:00:00+00:00,12693.3229
2026-03-09 04:15:00+00:00,12693.3229
2026-03-09 04:30:00+00:00,12693.3229
2026-03-09 04:45:00+00:00,12693.3229
2026-03-09 05:00:00+00:00,12693.3229
2026-03-09 05:15:00+00:00,12693.3229
2026-03-09 05:30:00+00:00,12693.3229
2026-03-09 05:45:00+00:00,12693.3229
2026-03-09 06:00:00+00:00,12693.3229
2026-03-09 06:15:00+00:00,12693.3229
2026-03-09 06:30:00+00:00,12693.3229
2026-03-09 06:45:00+00:00,12693.3229
2026-03-09 07:00:00+00:00,12693.3229
2026-03-09 07:15:00+00:00,12693.3229
2026-03-09 07:30:00+00:00,12693.3229
2026-03-09 07:45:00+00:00,12693.3229
2026-03-09 08:00:00+00:00,12693.3229
2026-03-09 08:15:00+00:00,12693.3229
2026-03-09 08:30:00+00:00,12693.3229
2026-03-09 08:45:00+00:00,12693.3229
2026-03-09 09:00:00+00:00,12693.3229
2026-03-09 09:15:00+00:00,12693.3229
2026-03-09 09:30:00+00:00,12693.3229
2026-03-09 09:45:00+00:00,12693.3229
2026-03-09 10:00:00+00:00,12693.3229
2026-03-09 10:15:00+00:00,12693.3229
2026-03-09 10:30:00+00:00,12693.3229
2026-03-09 10:45:00+00:00,12693.3229
2026-03-09 11:00:00+00:00,12693.3229
2026-03-09 11:15:00+00:00,12693.3229
2026-03-09 11:30:00+00:00,12693.3229
2026-03-09 11:45:00+00:00,12693.3229
2026-03-09 12:00:00+00:00,12693.3229
2026-03-09 12:15:00+00:00,12693.3229
2026-03-09 12:30:00+00:00,12693.3229
2026-03-09 12:45:00+00:00,12693.3229
2026-03-09 13:00:00+00:00,12693.3229
2026-03-09 13:15:00+00:00,12693.3229
2026-03-09 13:30:00+00:00,12693.3229
2026-03-09 13:45:00+00:00,12693.3229
2026-03-09 14:00:00+00:00,12693.3229
2026-03-09 14:15:00+00:00,12693.3229
2026-03-09 14:30:00+00:00,12693.3229
2026-03-09 14:45:00+00:00,12693.3229
2026-03-09 15:00:00+00:00,12693.3229
2026-03-09 15:15:00+00:00,12693.3229
2026-03-09 15:30:00+00:00,12693.3229
2026-03-09 15:45:00+00:00,12693.3229
2026-03-09 16:00:00+00:00,12693.3229
2026-03-09 16:15:00+00:00,12693.3229
2026-03-09 16:30:00+00:00,12693.3229
2026-03-09 16:45:00+00:00,12693.3229
2026-03-09 17:00:00+00:00,12693.3229
2026-03-09 17:15:00+00:00,12693.3229
2026-03-09 17:30:00+00:00,12693.3229
2026-03-09 17:45:00+00:00,12693.3229
2026-03-09 18:00:00+00:00,12693.3229
2026-03-09 18:15:00+00:00,12693.3229
2026-03-09 18:30:00+00:00,12693.3229
2026-03-09 18:45:00+00:00,12693.3229
2026-03-09 19:00:00+00:00,12693.3229
2026-03-09 19:15:00+00:00,12693.3229
2026-03-09 19:30:00+00:00,12693.3229
2026-03-09 19:45:00+00:00,12693.3229
2026-03-09 20:00:00+00:00,12693.3229
2026-03-09 20:15:00+00:00,12693.3229
2026-03-09 20:30:00+00:00,12693.3229
2026-03-09 20:45:00+00:00,12693.3229
2026-03-09 21:00:00+00:00,12693.3229
2026-03-09 21:15:00+00:00,12693.3229
2026-03-09 21:30:00+00:00,12693.3229
2026-03-09 21:45:00+00:00,12693.3229
2026-03-09 22:00:00+00:00,12693.3229
2026-03-09 22:15:00+00:00,12693.3229
2026-03-09 22:30:00+00:00,12693.3229
2026-03-09 22:45:00+00:00,12693.3229
2026-03-09 23:00:00+00:00,12693.3229
2026-03-09 23:15:00+00:00,12693.3229
2026-03-09 23:30:00+00:00,12693.3229
2026-03-09 23:45:00+00:00,12693.3229
2026-03-10 00:00:00+00:00,12693.3229
2026-03-10 00:15:00+00:00,12693.3229
2026-03-10 00:30:00+00:00,12693.3229
2026-03-10 00:45:00+00:00,12693.3229
2026-03-10 01:00:00+00:00,12693.3229
2026-03-10 01:15:00+00:00,12693.3229
2026-03-10 01:30:00+00:00,12693.3229
2026-03-10 01:45:00+00:00,12693.3229
2026-03-10 02:00:00+00:00,12693.3229
2026-03-10 02:15:00+00:00,12693.3229
2026-03-10 02:30:00+00:00,12693.3229
2026-03-10 02:45:00+00:00,12693.3229
2026-03-10 03:00:00+00:00,12693.3229
2026-03-10 03:15:00+00:00,12693.3229
2026-03-10 03:30:00+00:00,12693.3229
2026-03-10 03:45:00+00:00,12693.3229
2026-03-10 04:00:00+00:00,12693.3229
2026-03-10 04:15:00+00:00,12693.3229
2026-03-10 04:30:00+00:00,12693.3229
2026-03-10 04:45:00+00:00,12693.3229
2026-03-10 05:00:00+00:00,12693.3229
2026-03-10 05:15:00+00:00,12693.3229
2026-03-10 05:30:00+00:00,12693.3229
2026-03-10 05:45:00+00:00,12693.3229
2026-03-10 06:00:00+00:00,12693.3229
2026-03-10 06:15:00+00:00,12693.3229
2026-03-10 06:30:00+00:00,12693.3229
2026-03-10 06:45:00+00:00,12693.3229
2026-03-10 07:00:00+00:00,12693.3229
2026-03-10 07:15:00+00:00,12693.3229
2026-03-10 07:30:00+00:00,12693.3229
2026-03-10 07:45:00+00:00,12693.3229
2026-03-10 08:00:00+00:00,12693.3229
2026-03-10 08:15:00+00:00,12693.3229
2026-03-10 08:30:00+00:00,12693.3229
2026-03-10 08:45:00+00:00,12693.3229
2026-03-10 09:00:00+00:00,12693.3229
2026-03-10 09:15:00+00:00,12693.3229
2026-03-10 09:30:00+00:00,12693.3229
2026-03-10 09:45:00+00:00,12693.3229
2026-03-10 10:00:00+00:00,12693.3229
2026-03-10 10:15:00+00:00,12693.3229
2026-03-10 10:30:00+00:00,12693.3229
2026-03-10 10:45:00+00:00,12693.3229
2026-03-10 11:00:00+00:00,12693.3229
2026-03-10 11:15:00+00:00,12693.3229
2026-03-10 11:30:00+00:00,12693.3229
2026-03-10 11:45:00+00:00,12693.3229
2026-03-10 12:00:00+00:00,12693.3229
2026-03-10 12:15:00+00:00,12693.3229
2026-03-10 12:30:00+00:00,12693.3229
2026-03-10 12:45:00+00:00,12693.3229
2026-03-10 13:00:00+00:00,12693.3229
2026-03-10 13:15:00+00:00,12693.3229
2026-03-10 13:30:00+00:00,12693.3229
2026-03-10 13:45:00+00:00,12693.3229
2026-03-10 14:00:00+00:00,12693.3229
2026-03-10 14:15:00+00:00,12693.3229
2026-03-10 14:30:00+00:00,12693.3229
2026-03-10 14:45:00+00:00,12947.1894
2026-03-10 15:00:00+00:00,12947.1894
2026-03-10 15:15:00+00:00,12947.1894
2026-03-10 15:30:00+00:00,12947.1894
2026-03-10 15:45:00+00:00,12947.1894
2026-03-10 16:00:00+00:00,12947.1894
2026-03-10 16:15:00+00:00,12947.1894
2026-03-10 16:30:00+00:00,12947.1894
2026-03-10 16:45:00+00:00,12947.1894
2026-03-10 17:00:00+00:00,12947.1894
2026-03-10 17:15:00+00:00,12947.1894
2026-03-10 17:30:00+00:00,12817.7175
2026-03-10 17:45:00+00:00,12817.7175
2026-03-10 18:00:00+00:00,12817.7175
2026-03-10 18:15:00+00:00,12817.7175
2026-03-10 18:30:00+00:00,12817.7175
2026-03-10 18:45:00+00:00,12817.7175
2026-03-10 19:00:00+00:00,12817.7175
2026-03-10 19:15:00+00:00,12817.7175
2026-03-10 19:30:00+00:00,12817.7175
2026-03-10 19:45:00+00:00,12817.7175
2026-03-10 20:00:00+00:00,12817.7175
2026-03-10 20:15:00+00:00,12817.7175
2026-03-10 20:30:00+00:00,12817.7175
2026-03-10 20:45:00+00:00,12817.7175
2026-03-10 21:00:00+00:00,12817.7175
2026-03-10 21:15:00+00:00,12817.7175
2026-03-10 21:30:00+00:00,12689.5403
2026-03-10 21:45:00+00:00,12689.5403
2026-03-10 22:00:00+00:00,12689.5403
2026-03-10 22:15:00+00:00,12689.5403
2026-03-10 22:30:00+00:00,12689.5403
2026-03-10 22:45:00+00:00,12689.5403
2026-03-10 23:00:00+00:00,12689.5403
2026-03-10 23:15:00+00:00,12689.5403
2026-03-10 23:30:00+00:00,12689.5403
2026-03-10 23:45:00+00:00,12689.5403
2026-03-11 00:00:00+00:00,12689.5403
2026-03-11 00:15:00+00:00,12689.5403
2026-03-11 00:30:00+00:00,12689.5403
2026-03-11 00:45:00+00:00,12689.5403
2026-03-11 01:00:00+00:00,12689.5403
2026-03-11 01:15:00+00:00,12689.5403
2026-03-11 01:30:00+00:00,12689.5403
2026-03-11 01:45:00+00:00,12689.5403
2026-03-11 02:00:00+00:00,12689.5403
2026-03-11 02:15:00+00:00,12689.5403
2026-03-11 02:30:00+00:00,12943.3311
2026-03-11 02:45:00+00:00,12943.3311
2026-03-11 03:00:00+00:00,12943.3311
2026-03-11 03:15:00+00:00,12943.3311
2026-03-11 03:30:00+00:00,12943.3311
2026-03-11 03:45:00+00:00,12943.3311
2026-03-11 04:00:00+00:00,12943.3311
2026-03-11 04:15:00+00:00,12943.3311
2026-03-11 04:30:00+00:00,12943.3311
2026-03-11 04:45:00+00:00,12943.3311
2026-03-11 05:00:00+00:00,12943.3311
2026-03-11 05:15:00+00:00,12943.3311
2026-03-11 05:30:00+00:00,13202.1977
2026-03-11 05:45:00+00:00,13202.1977
2026-03-11 06:00:00+00:00,13202.1977
2026-03-11 06:15:00+00:00,13202.1977
2026-03-11 06:30:00+00:00,13202.1977
2026-03-11 06:45:00+00:00,13202.1977
2026-03-11 07:00:00+00:00,13202.1977
2026-03-11 07:15:00+00:00,13202.1977
2026-03-11 07:30:00+00:00,13202.1977
2026-03-11 07:45:00+00:00,13202.1977
2026-03-11 08:00:00+00:00,13202.1977
2026-03-11 08:15:00+00:00,13202.1977
2026-03-11 08:30:00+00:00,13202.1977
2026-03-11 08:45:00+00:00,13202.1977
2026-03-11 09:00:00+00:00,13202.1977
2026-03-11 09:15:00+00:00,13202.1977
2026-03-11 09:30:00+00:00,13202.1977
2026-03-11 09:45:00+00:00,13202.1977
2026-03-11 10:00:00+00:00,13202.1977
2026-03-11 10:15:00+00:00,13202.1977
2026-03-11 10:30:00+00:00,13202.1977
2026-03-11 10:45:00+00:00,13202.1977
2026-03-11 11:00:00+00:00,13202.1977
2026-03-11 11:15:00+00:00,13202.1977
2026-03-11 11:30:00+00:00,13202.1977
2026-03-11 11:45:00+00:00,13202.1977
2026-03-11 12:00:00+00:00,13202.1977
2026-03-11 12:15:00+00:00,13202.1977
2026-03-11 12:30:00+00:00,13202.1977
2026-03-11 12:45:00+00:00,13202.1977
2026-03-11 13:00:00+00:00,13202.1977
2026-03-11 13:15:00+00:00,13202.1977
2026-03-11 13:30:00+00:00,13202.1977
2026-03-11 13:45:00+00:00,13202.1977
2026-03-11 14:00:00+00:00,13202.1977
2026-03-11 14:15:00+00:00,13202.1977
2026-03-11 14:30:00+00:00,13202.1977
2026-03-11 14:45:00+00:00,13202.1977
2026-03-11 15:00:00+00:00,13202.1977
2026-03-11 15:15:00+00:00,13202.1977
2026-03-11 15:30:00+00:00,13202.1977
2026-03-11 15:45:00+00:00,13202.1977
2026-03-11 16:00:00+00:00,13202.1977
2026-03-11 16:15:00+00:00,13202.1977
2026-03-11 16:30:00+00:00,13202.1977
2026-03-11 16:45:00+00:00,13202.1977
2026-03-11 17:00:00+00:00,13202.1977
2026-03-11 17:15:00+00:00,13466.2417
2026-03-11 17:30:00+00:00,13466.2417
2026-03-11 17:45:00+00:00,13466.2417
2026-03-11 18:00:00+00:00,13466.2417
2026-03-11 18:15:00+00:00,13466.2417
2026-03-11 18:30:00+00:00,13466.2417
2026-03-11 18:45:00+00:00,13466.2417
2026-03-11 19:00:00+00:00,13466.2417
2026-03-11 19:15:00+00:00,13466.2417
2026-03-11 19:30:00+00:00,13466.2417
2026-03-11 19:45:00+00:00,13466.2417
2026-03-11 20:00:00+00:00,13466.2417
2026-03-11 20:15:00+00:00,13466.2417
2026-03-11 20:30:00+00:00,13466.2417
2026-03-11 20:45:00+00:00,13466.2417
2026-03-11 21:00:00+00:00,13466.2417
2026-03-11 21:15:00+00:00,13466.2417
2026-03-11 21:30:00+00:00,13466.2417
2026-03-11 21:45:00+00:00,13466.2417
2026-03-11 22:00:00+00:00,13466.2417
2026-03-11 22:15:00+00:00,13466.2417
2026-03-11 22:30:00+00:00,13466.2417
2026-03-11 22:45:00+00:00,13466.2417
2026-03-11 23:00:00+00:00,13466.2417
2026-03-11 23:15:00+00:00,13466.2417
2026-03-11 23:30:00+00:00,13466.2417
2026-03-11 23:45:00+00:00,13466.2417
2026-03-12 00:00:00+00:00,13466.2417
2026-03-12 00:15:00+00:00,13466.2417
2026-03-12 00:30:00+00:00,13466.2417
2026-03-12 00:45:00+00:00,13466.2417
2026-03-12 01:00:00+00:00,13466.2417
2026-03-12 01:15:00+00:00,13466.2417
2026-03-12 01:30:00+00:00,13466.2417
2026-03-12 01:45:00+00:00,13466.2417
2026-03-12 02:00:00+00:00,13466.2417
2026-03-12 02:15:00+00:00,13466.2417
2026-03-12 02:30:00+00:00,13466.2417
2026-03-12 02:45:00+00:00,13466.2417
2026-03-12 03:00:00+00:00,13466.2417
2026-03-12 03:15:00+00:00,13466.2417
2026-03-12 03:30:00+00:00,13466.2417
2026-03-12 03:45:00+00:00,13466.2417
2026-03-12 04:00:00+00:00,13466.2417
2026-03-12 04:15:00+00:00,13466.2417
2026-03-12 04:30:00+00:00,13466.2417
2026-03-12 04:45:00+00:00,13466.2417
2026-03-12 05:00:00+00:00,13466.2417
2026-03-12 05:15:00+00:00,13466.2417
2026-03-12 05:30:00+00:00,13466.2417
2026-03-12 05:45:00+00:00,13466.2417
2026-03-12 06:00:00+00:00,13466.2417
2026-03-12 06:15:00+00:00,13466.2417
2026-03-12 06:30:00+00:00,13466.2417
2026-03-12 06:45:00+00:00,13466.2417
2026-03-12 07:00:00+00:00,13466.2417
2026-03-12 07:15:00+00:00,13466.2417
2026-03-12 07:30:00+00:00,13466.2417
2026-03-12 07:45:00+00:00,13466.2417
2026-03-12 08:00:00+00:00,13466.2417
2026-03-12 08:15:00+00:00,13466.2417
2026-03-12 08:30:00+00:00,13466.2417
2026-03-12 08:45:00+00:00,13466.2417
2026-03-12 09:00:00+00:00,13466.2417
2026-03-12 09:15:00+00:00,13466.2417
2026-03-12 09:30:00+00:00,13466.2417
2026-03-12 09:45:00+00:00,13466.2417
2026-03-12 10:00:00+00:00,13466.2417
2026-03-12 10:15:00+00:00,13466.2417
2026-03-12 10:30:00+00:00,13466.2417
2026-03-12 10:45:00+00:00,13466.2417
2026-03-12 11:00:00+00:00,13466.2417
2026-03-12 11:15:00+00:00,13466.2417
2026-03-12 11:30:00+00:00,13466.2417
2026-03-12 11:45:00+00:00,13466.2417
2026-03-12 12:00:00+00:00,13466.2417
2026-03-12 12:15:00+00:00,13466.2417
2026-03-12 12:30:00+00:00,13466.2417
2026-03-12 12:45:00+00:00,13466.2417
2026-03-12 13:00:00+00:00,13466.2417
2026-03-12 13:15:00+00:00,13466.2417
2026-03-12 13:30:00+00:00,13466.2417
2026-03-12 13:45:00+00:00,13466.2417
2026-03-12 14:00:00+00:00,13466.2417
2026-03-12 14:15:00+00:00,13466.2417
2026-03-12 14:30:00+00:00,13466.2417
2026-03-12 14:45:00+00:00,13466.2417
2026-03-12 15:00:00+00:00,13466.2417
2026-03-12 15:15:00+00:00,13466.2417
2026-03-12 15:30:00+00:00,13466.2417
2026-03-12 15:45:00+00:00,13466.2417
2026-03-12 16:00:00+00:00,13331.5793
2026-03-12 16:15:00+00:00,13331.5793
2026-03-12 16:30:00+00:00,13331.5793
2026-03-12 16:45:00+00:00,13331.5793
2026-03-12 17:00:00+00:00,13331.5793
2026-03-12 17:15:00+00:00,13331.5793
2026-03-12 17:30:00+00:00,13331.5793
2026-03-12 17:45:00+00:00,13331.5793
2026-03-12 18:00:00+00:00,13331.5793
2026-03-12 18:15:00+00:00,13198.2635
2026-03-12 18:30:00+00:00,13198.2635
2026-03-12 18:45:00+00:00,13198.2635
2026-03-12 19:00:00+00:00,13198.2635
2026-03-12 19:15:00+00:00,13198.2635
2026-03-12 19:30:00+00:00,13198.2635
2026-03-12 19:45:00+00:00,13198.2635
2026-03-12 20:00:00+00:00,13198.2635
2026-03-12 20:15:00+00:00,13198.2635
2026-03-12 20:30:00+00:00,13198.2635
2026-03-12 20:45:00+00:00,13198.2635
2026-03-12 21:00:00+00:00,13198.2635
2026-03-12 21:15:00+00:00,13198.2635
2026-03-12 21:30:00+00:00,13198.2635
2026-03-12 21:45:00+00:00,13198.2635
2026-03-12 22:00:00+00:00,13198.2635
2026-03-12 22:15:00+00:00,13198.2635
2026-03-12 22:30:00+00:00,13198.2635
2026-03-12 22:45:00+00:00,13198.2635
2026-03-12 23:00:00+00:00,13198.2635
2026-03-12 23:15:00+00:00,13198.2635
2026-03-12 23:30:00+00:00,13198.2635
2026-03-12 23:45:00+00:00,13198.2635
2026-03-13 00:00:00+00:00,13198.2635
2026-03-13 00:15:00+00:00,13462.2288
2026-03-13 00:30:00+00:00,13462.2288
2026-03-13 00:45:00+00:00,13462.2288
2026-03-13 01:00:00+00:00,13462.2288
2026-03-13 01:15:00+00:00,13462.2288
2026-03-13 01:30:00+00:00,13327.6065
2026-03-13 01:45:00+00:00,13327.6065
2026-03-13 02:00:00+00:00,13327.6065
2026-03-13 02:15:00+00:00,13327.6065
2026-03-13 02:30:00+00:00,13327.6065
2026-03-13 02:45:00+00:00,13327.6065
2026-03-13 03:00:00+00:00,13327.6065
2026-03-13 03:15:00+00:00,13327.6065
2026-03-13 03:30:00+00:00,13327.6065
2026-03-13 03:45:00+00:00,13327.6065
2026-03-13 04:00:00+00:00,13327.6065
2026-03-13 04:15:00+00:00,13327.6065
2026-03-13 04:30:00+00:00,13327.6065
2026-03-13 04:45:00+00:00,13327.6065
2026-03-13 05:00:00+00:00,13327.6065
2026-03-13 05:15:00+00:00,13327.6065
2026-03-13 05:30:00+00:00,13327.6065
2026-03-13 05:45:00+00:00,13327.6065
2026-03-13 06:00:00+00:00,13327.6065
2026-03-13 06:15:00+00:00,13327.6065
2026-03-13 06:30:00+00:00,13327.6065
2026-03-13 06:45:00+00:00,13327.6065
2026-03-13 07:00:00+00:00,13327.6065
2026-03-13 07:15:00+00:00,13327.6065
2026-03-13 07:30:00+00:00,13327.6065
2026-03-13 07:45:00+00:00,13327.6065
2026-03-13 08:00:00+00:00,13327.6065
2026-03-13 08:15:00+00:00,13327.6065
2026-03-13 08:30:00+00:00,13327.6065
2026-03-13 08:45:00+00:00,13327.6065
2026-03-13 09:00:00+00:00,13327.6065
2026-03-13 09:15:00+00:00,13327.6065
2026-03-13 09:30:00+00:00,13327.6065
2026-03-13 09:45:00+00:00,13327.6065
2026-03-13 10:00:00+00:00,13327.6065
2026-03-13 10:15:00+00:00,13327.6065
2026-03-13 10:30:00+00:00,13327.6065
2026-03-13 10:45:00+00:00,13327.6065
2026-03-13 11:00:00+00:00,13327.6065
2026-03-13 11:15:00+00:00,13327.6065
2026-03-13 11:30:00+00:00,13327.6065
2026-03-13 11:45:00+00:00,13327.6065
2026-03-13 12:00:00+00:00,13327.6065
2026-03-13 12:15:00+00:00,13327.6065
2026-03-13 12:30:00+00:00,13327.6065
2026-03-13 12:45:00+00:00,13327.6065
2026-03-13 13:00:00+00:00,13327.6065
2026-03-13 13:15:00+00:00,13327.6065
2026-03-13 13:30:00+00:00,13327.6065
2026-03-13 13:45:00+00:00,13327.6065
2026-03-13 14:00:00+00:00,13327.6065
2026-03-13 14:15:00+00:00,13327.6065
2026-03-13 14:30:00+00:00,13327.6065
2026-03-13 14:45:00+00:00,13327.6065
2026-03-13 15:00:00+00:00,13327.6065
2026-03-13 15:15:00+00:00,13327.6065
2026-03-13 15:30:00+00:00,13327.6065
2026-03-13 15:45:00+00:00,13327.6065
2026-03-13 16:00:00+00:00,13327.6065
2026-03-13 16:15:00+00:00,13327.6065
2026-03-13 16:30:00+00:00,13327.6065
2026-03-13 16:45:00+00:00,13327.6065
2026-03-13 17:00:00+00:00,13327.6065
2026-03-13 17:15:00+00:00,13194.3304
2026-03-13 17:30:00+00:00,13194.3304
2026-03-13 17:45:00+00:00,13194.3304
2026-03-13 18:00:00+00:00,13194.3304
2026-03-13 18:15:00+00:00,13194.3304
2026-03-13 18:30:00+00:00,13194.3304
2026-03-13 18:45:00+00:00,13194.3304
2026-03-13 19:00:00+00:00,13194.3304
2026-03-13 19:15:00+00:00,13194.3304
2026-03-13 19:30:00+00:00,13194.3304
2026-03-13 19:45:00+00:00,13194.3304
2026-03-13 20:00:00+00:00,13194.3304
2026-03-13 20:15:00+00:00,13194.3304
2026-03-13 20:30:00+00:00,13194.3304
2026-03-13 20:45:00+00:00,13194.3304
2026-03-13 21:00:00+00:00,13194.3304
2026-03-13 21:15:00+00:00,13194.3304
2026-03-13 21:30:00+00:00,13194.3304
2026-03-13 21:45:00+00:00,13194.3304
2026-03-13 22:00:00+00:00,13194.3304
2026-03-13 22:15:00+00:00,13194.3304
2026-03-13 22:30:00+00:00,13194.3304
2026-03-13 22:45:00+00:00,13194.3304
2026-03-13 23:00:00+00:00,13194.3304
2026-03-13 23:15:00+00:00,13194.3304
2026-03-13 23:30:00+00:00,13194.3304
2026-03-13 23:45:00+00:00,13194.3304
2026-03-14 00:00:00+00:00,13194.3304
2026-03-14 00:15:00+00:00,13194.3304
2026-03-14 00:30:00+00:00,13194.3304
2026-03-14 00:45:00+00:00,13194.3304
2026-03-14 01:00:00+00:00,13194.3304
2026-03-14 01:15:00+00:00,13194.3304
2026-03-14 01:30:00+00:00,13194.3304
2026-03-14 01:45:00+00:00,13194.3304
2026-03-14 02:00:00+00:00,13194.3304
2026-03-14 02:15:00+00:00,13194.3304
2026-03-14 02:30:00+00:00,13194.3304
2026-03-14 02:45:00+00:00,13194.3304
2026-03-14 03:00:00+00:00,13194.3304
2026-03-14 03:15:00+00:00,13194.3304
2026-03-14 03:30:00+00:00,13194.3304
2026-03-14 03:45:00+00:00,13194.3304
2026-03-14 04:00:00+00:00,13194.3304
2026-03-14 04:15:00+00:00,13194.3304
2026-03-14 04:30:00+00:00,13194.3304
2026-03-14 04:45:00+00:00,13194.3304
2026-03-14 05:00:00+00:00,13194.3304
2026-03-14 05:15:00+00:00,13194.3304
2026-03-14 05:30:00+00:00,13194.3304
2026-03-14 05:45:00+00:00,13194.3304
2026-03-14 06:00:00+00:00,13194.3304
2026-03-14 06:15:00+00:00,13194.3304
2026-03-14 06:30:00+00:00,13194.3304
2026-03-14 06:45:00+00:00,13194.3304
2026-03-14 07:00:00+00:00,13194.3304
2026-03-14 07:15:00+00:00,13194.3304
2026-03-14 07:30:00+00:00,13194.3304
2026-03-14 07:45:00+00:00,13194.3304
2026-03-14 08:00:00+00:00,13194.3304
2026-03-14 08:15:00+00:00,13194.3304
2026-03-14 08:30:00+00:00,13194.3304
2026-03-14 08:45:00+00:00,13194.3304
2026-03-14 09:00:00+00:00,13194.3304
2026-03-14 09:15:00+00:00,13194.3304
2026-03-14 09:30:00+00:00,13194.3304
2026-03-14 09:45:00+00:00,13194.3304
2026-03-14 10:00:00+00:00,13194.3304
2026-03-14 10:15:00+00:00,13194.3304
2026-03-14 10:30:00+00:00,13194.3304
2026-03-14 10:45:00+00:00,13194.3304
2026-03-14 11:00:00+00:00,13194.3304
2026-03-14 11:15:00+00:00,13194.3304
2026-03-14 11:30:00+00:00,13194.3304
2026-03-14 11:45:00+00:00,13194.3304
2026-03-14 12:00:00+00:00,13194.3304
2026-03-14 12:15:00+00:00,13194.3304
2026-03-14 12:30:00+00:00,13194.3304
2026-03-14 12:45:00+00:00,13194.3304
2026-03-14 13:00:00+00:00,13194.3304
2026-03-14 13:15:00+00:00,13194.3304
2026-03-14 13:30:00+00:00,13194.3304
2026-03-14 13:45:00+00:00,13194.3304
2026-03-14 14:00:00+00:00,13194.3304
2026-03-14 14:15:00+00:00,13194.3304
2026-03-14 14:30:00+00:00,13194.3304
2026-03-14 14:45:00+00:00,13194.3304
2026-03-14 15:00:00+00:00,13194.3304
2026-03-14 15:15:00+00:00,13194.3304
2026-03-14 15:30:00+00:00,13194.3304
2026-03-14 15:45:00+00:00,13194.3304
2026-03-14 16:00:00+00:00,13194.3304
2026-03-14 16:15:00+00:00,13194.3304
2026-03-14 16:30:00+00:00,13194.3304
2026-03-14 16:45:00+00:00,13194.3304
2026-03-14 17:00:00+00:00,13194.3304
2026-03-14 17:15:00+00:00,13194.3304
2026-03-14 17:30:00+00:00,13194.3304
2026-03-14 17:45:00+00:00,13194.3304
2026-03-14 18:00:00+00:00,13194.3304
2026-03-14 18:15:00+00:00,13194.3304
2026-03-14 18:30:00+00:00,13194.3304
2026-03-14 18:45:00+00:00,13194.3304
2026-03-14 19:00:00+00:00,13194.3304
2026-03-14 19:15:00+00:00,13194.3304
2026-03-14 19:30:00+00:00,13194.3304
2026-03-14 19:45:00+00:00,13194.3304
2026-03-14 20:00:00+00:00,13194.3304
2026-03-14 20:15:00+00:00,13194.3304
2026-03-14 20:30:00+00:00,13194.3304
2026-03-14 20:45:00+00:00,13194.3304
2026-03-14 21:00:00+00:00,13194.3304
2026-03-14 21:15:00+00:00,13194.3304
2026-03-14 21:30:00+00:00,13194.3304
2026-03-14 21:45:00+00:00,13194.3304
2026-03-14 22:00:00+00:00,13194.3304
2026-03-14 22:15:00+00:00,13194.3304
2026-03-14 22:30:00+00:00,13194.3304
2026-03-14 22:45:00+00:00,13194.3304
2026-03-14 23:00:00+00:00,13194.3304
2026-03-14 23:15:00+00:00,13194.3304
2026-03-14 23:30:00+00:00,13194.3304
2026-03-14 23:45:00+00:00,13194.3304
2026-03-15 00:00:00+00:00,13194.3304
2026-03-15 00:15:00+00:00,13194.3304
2026-03-15 00:30:00+00:00,13194.3304
2026-03-15 00:45:00+00:00,13194.3304
2026-03-15 01:00:00+00:00,13194.3304
2026-03-15 01:15:00+00:00,13194.3304
2026-03-15 01:30:00+00:00,13194.3304
2026-03-15 01:45:00+00:00,13194.3304
2026-03-15 02:00:00+00:00,13194.3304
2026-03-15 02:15:00+00:00,13194.3304
2026-03-15 02:30:00+00:00,13194.3304
2026-03-15 02:45:00+00:00,13194.3304
2026-03-15 03:00:00+00:00,13194.3304
2026-03-15 03:15:00+00:00,13194.3304
2026-03-15 03:30:00+00:00,13194.3304
2026-03-15 03:45:00+00:00,13194.3304
2026-03-15 04:00:00+00:00,13194.3304
2026-03-15 04:15:00+00:00,13194.3304
2026-03-15 04:30:00+00:00,13194.3304
2026-03-15 04:45:00+00:00,13194.3304
2026-03-15 05:00:00+00:00,13194.3304
2026-03-15 05:15:00+00:00,13194.3304
2026-03-15 05:30:00+00:00,13194.3304
2026-03-15 05:45:00+00:00,13194.3304
2026-03-15 06:00:00+00:00,13194.3304
2026-03-15 06:15:00+00:00,13194.3304
2026-03-15 06:30:00+00:00,13194.3304
2026-03-15 06:45:00+00:00,13194.3304
2026-03-15 07:00:00+00:00,13194.3304
2026-03-15 07:15:00+00:00,13194.3304
2026-03-15 07:30:00+00:00,13194.3304
2026-03-15 07:45:00+00:00,13194.3304
2026-03-15 08:00:00+00:00,13194.3304
2026-03-15 08:15:00+00:00,13458.217
2026-03-15 08:30:00+00:00,13458.217
2026-03-15 08:45:00+00:00,13458.217
2026-03-15 09:00:00+00:00,13458.217
2026-03-15 09:15:00+00:00,13458.217
2026-03-15 09:30:00+00:00,13458.217
2026-03-15 09:45:00+00:00,13458.217
2026-03-15 10:00:00+00:00,13458.217
2026-03-15 10:15:00+00:00,13458.217
2026-03-15 10:30:00+00:00,13458.217
2026-03-15 10:45:00+00:00,13458.217
2026-03-15 11:00:00+00:00,13458.217
2026-03-15 11:15:00+00:00,13458.217
2026-03-15 11:30:00+00:00,13458.217
2026-03-15 11:45:00+00:00,13458.217
2026-03-15 12:00:00+00:00,13458.217
2026-03-15 12:15:00+00:00,13458.217
2026-03-15 12:30:00+00:00,13458.217
2026-03-15 12:45:00+00:00,13458.217
2026-03-15 13:00:00+00:00,13323.6349
2026-03-15 13:15:00+00:00,13323.6349
2026-03-15 13:30:00+00:00,13323.6349
2026-03-15 13:45:00+00:00,13323.6349
2026-03-15 14:00:00+00:00,13323.6349
2026-03-15 14:15:00+00:00,13323.6349
2026-03-15 14:30:00+00:00,13323.6349
2026-03-15 14:45:00+00:00,13323.6349
2026-03-15 15:00:00+00:00,13323.6349
2026-03-15 15:15:00+00:00,13323.6349
2026-03-15 15:30:00+00:00,13323.6349
2026-03-15 15:45:00+00:00,13323.6349
2026-03-15 16:00:00+00:00,13323.6349
2026-03-15 16:15:00+00:00,13190.3985
2026-03-15 16:30:00+00:00,13190.3985
2026-03-15 16:45:00+00:00,13190.3985
2026-03-15 17:00:00+00:00,13190.3985
2026-03-15 17:15:00+00:00,13190.3985
2026-03-15 17:30:00+00:00,13190.3985
2026-03-15 17:45:00+00:00,13190.3985
2026-03-15 18:00:00+00:00,13190.3985
2026-03-15 18:15:00+00:00,13190.3985
2026-03-15 18:30:00+00:00,13190.3985
2026-03-15 18:45:00+00:00,13190.3985
2026-03-15 19:00:00+00:00,13190.3985
2026-03-15 19:15:00+00:00,13190.3985
2026-03-15 19:30:00+00:00,13190.3985
2026-03-15 19:45:00+00:00,13190.3985
2026-03-15 20:00:00+00:00,13190.3985
2026-03-15 20:15:00+00:00,13190.3985
2026-03-15 20:30:00+00:00,13190.3985
2026-03-15 20:45:00+00:00,13190.3985
2026-03-15 21:00:00+00:00,13190.3985
2026-03-15 21:15:00+00:00,13190.3985
2026-03-15 21:30:00+00:00,13190.3985
2026-03-15 21:45:00+00:00,13190.3985
2026-03-15 22:00:00+00:00,13190.3985
2026-03-15 22:15:00+00:00,13190.3985
2026-03-15 22:30:00+00:00,13454.2065
2026-03-15 22:45:00+00:00,13454.2065
2026-03-15 23:00:00+00:00,13454.2065
2026-03-15 23:15:00+00:00,13454.2065
2026-03-15 23:30:00+00:00,13454.2065
2026-03-15 23:45:00+00:00,13454.2065
2026-03-16 00:00:00+00:00,13454.2065
2026-03-16 00:15:00+00:00,13454.2065
2026-03-16 00:30:00+00:00,13454.2065
2026-03-16 00:45:00+00:00,13454.2065
2026-03-16 01:00:00+00:00,13454.2065
2026-03-16 01:15:00+00:00,13454.2065
2026-03-16 01:30:00+00:00,13454.2065
2026-03-16 01:45:00+00:00,13454.2065
2026-03-16 02:00:00+00:00,13454.2065
2026-03-16 02:15:00+00:00,13454.2065
2026-03-16 02:30:00+00:00,13454.2065
2026-03-16 02:45:00+00:00,13454.2065
2026-03-16 03:00:00+00:00,13454.2065
2026-03-16 03:15:00+00:00,13454.2065
2026-03-16 03:30:00+00:00,13454.2065
2026-03-16 03:45:00+00:00,13454.2065
2026-03-16 04:00:00+00:00,13454.2065
2026-03-16 04:15:00+00:00,13454.2065
2026-03-16 04:30:00+00:00,13454.2065
2026-03-16 04:45:00+00:00,13454.2065
2026-03-16 05:00:00+00:00,13454.2065
2026-03-16 05:15:00+00:00,13454.2065
2026-03-16 05:30:00+00:00,13454.2065
2026-03-16 05:45:00+00:00,13454.2065
2026-03-16 06:00:00+00:00,13454.2065
2026-03-16 06:15:00+00:00,13454.2065
2026-03-16 06:30:00+00:00,13454.2065
2026-03-16 06:45:00+00:00,13454.2065
2026-03-16 07:00:00+00:00,13454.2065
2026-03-16 07:15:00+00:00,13454.2065
2026-03-16 07:30:00+00:00,13454.2065
2026-03-16 07:45:00+00:00,13454.2065
2026-03-16 08:00:00+00:00,13454.2065
2026-03-16 08:15:00+00:00,13454.2065
2026-03-16 08:30:00+00:00,13454.2065
2026-03-16 08:45:00+00:00,13454.2065
2026-03-16 09:00:00+00:00,13454.2065
2026-03-16 09:15:00+00:00,13454.2065
2026-03-16 09:30:00+00:00,13454.2065
2026-03-16 09:45:00+00:00,13454.2065
2026-03-16 10:00:00+00:00,13454.2065
2026-03-16 10:15:00+00:00,13454.2065
2026-03-16 10:30:00+00:00,13454.2065
2026-03-16 10:45:00+00:00,13454.2065
2026-03-16 11:00:00+00:00,13454.2065
2026-03-16 11:15:00+00:00,13454.2065
2026-03-16 11:30:00+00:00,13454.2065
2026-03-16 11:45:00+00:00,13454.2065
2026-03-16 12:00:00+00:00,13454.2065
2026-03-16 12:15:00+00:00,13454.2065
2026-03-16 12:30:00+00:00,13454.2065
2026-03-16 12:45:00+00:00,13454.2065
2026-03-16 13:00:00+00:00,13454.2065
2026-03-16 13:15:00+00:00,13454.2065
2026-03-16 13:30:00+00:00,13454.2065
2026-03-16 13:45:00+00:00,13454.2065
2026-03-16 14:00:00+00:00,13454.2065
2026-03-16 14:15:00+00:00,13454.2065
2026-03-16 14:30:00+00:00,13454.2065
2026-03-16 14:45:00+00:00,13454.2065
2026-03-16 15:00:00+00:00,13454.2065
2026-03-16 15:15:00+00:00,13454.2065
2026-03-16 15:30:00+00:00,13454.2065
2026-03-16 15:45:00+00:00,13454.2065
2026-03-16 16:00:00+00:00,13454.2065
2026-03-16 16:15:00+00:00,13454.2065
2026-03-16 16:30:00+00:00,13454.2065
2026-03-16 16:45:00+00:00,13454.2065
2026-03-16 17:00:00+00:00,13454.2065
2026-03-16 17:15:00+00:00,13454.2065
2026-03-16 17:30:00+00:00,13454.2065
2026-03-16 17:45:00+00:00,13454.2065
2026-03-16 18:00:00+00:00,13454.2065
2026-03-16 18:15:00+00:00,13723.2906
2026-03-16 18:30:00+00:00,13723.2906
2026-03-16 18:45:00+00:00,13723.2906
2026-03-16 19:00:00+00:00,13723.2906
2026-03-16 19:15:00+00:00,13723.2906
2026-03-16 19:30:00+00:00,13723.2906
2026-03-16 19:45:00+00:00,13723.2906
2026-03-16 20:00:00+00:00,13723.2906
2026-03-16 20:15:00+00:00,13723.2906
2026-03-16 20:30:00+00:00,13723.2906
2026-03-16 20:45:00+00:00,13723.2906
2026-03-16 21:00:00+00:00,13997.7564
2026-03-16 21:15:00+00:00,13997.7564
2026-03-16 21:30:00+00:00,13997.7564
2026-03-16 21:45:00+00:00,13997.7564
2026-03-16 22:00:00+00:00,13997.7564
2026-03-16 22:15:00+00:00,13997.7564
2026-03-16 22:30:00+00:00,13997.7564
2026-03-16 22:45:00+00:00,13997.7564
2026-03-16 23:00:00+00:00,13857.7788
2026-03-16 23:15:00+00:00,13857.7788
2026-03-16 23:30:00+00:00,13857.7788
2026-03-16 23:45:00+00:00,13857.7788
2026-03-17 00:00:00+00:00,13857.7788
2026-03-17 00:15:00+00:00,13857.7788
2026-03-17 00:30:00+00:00,13857.7788
2026-03-17 00:45:00+00:00,13857.7788
2026-03-17 01:00:00+00:00,13857.7788
2026-03-17 01:15:00+00:00,13857.7788
2026-03-17 01:30:00+00:00,13857.7788
2026-03-17 01:45:00+00:00,13857.7788
2026-03-17 02:00:00+00:00,13857.7788
2026-03-17 02:15:00+00:00,13857.7788
2026-03-17 02:30:00+00:00,13857.7788
2026-03-17 02:45:00+00:00,13857.7788
2026-03-17 03:00:00+00:00,13857.7788
2026-03-17 03:15:00+00:00,13857.7788
2026-03-17 03:30:00+00:00,13857.7788
2026-03-17 03:45:00+00:00,13857.7788
2026-03-17 04:00:00+00:00,13857.7788
2026-03-17 04:15:00+00:00,13719.2011
2026-03-17 04:30:00+00:00,13719.2011
2026-03-17 04:45:00+00:00,13719.2011
2026-03-17 05:00:00+00:00,13719.2011
2026-03-17 05:15:00+00:00,13719.2011
2026-03-17 05:30:00+00:00,13582.009
2026-03-17 05:45:00+00:00,13582.009
2026-03-17 06:00:00+00:00,13582.009
2026-03-17 06:15:00+00:00,13582.009
2026-03-17 06:30:00+00:00,13582.009
2026-03-17 06:45:00+00:00,13582.009
2026-03-17 07:00:00+00:00,13582.009
2026-03-17 07:15:00+00:00,13582.009
2026-03-17 07:30:00+00:00,13582.009
2026-03-17 07:45:00+00:00,13582.009
2026-03-17 08:00:00+00:00,13582.009
2026-03-17 08:15:00+00:00,13582.009
2026-03-17 08:30:00+00:00,13582.009
2026-03-17 08:45:00+00:00,13582.009
2026-03-17 09:00:00+00:00,13582.009
2026-03-17 09:15:00+00:00,13582.009
2026-03-17 09:30:00+00:00,13582.009
2026-03-17 09:45:00+00:00,13582.009
2026-03-17 10:00:00+00:00,13582.009
2026-03-17 10:15:00+00:00,13582.009
2026-03-17 10:30:00+00:00,13582.009
2026-03-17 10:45:00+00:00,13582.009
2026-03-17 11:00:00+00:00,13582.009
2026-03-17 11:15:00+00:00,13582.009
2026-03-17 11:30:00+00:00,13582.009
2026-03-17 11:45:00+00:00,13582.009
2026-03-17 12:00:00+00:00,13582.009
2026-03-17 12:15:00+00:00,13582.009
2026-03-17 12:30:00+00:00,13582.009
2026-03-17 12:45:00+00:00,13582.009
2026-03-17 13:00:00+00:00,13582.009
2026-03-17 13:15:00+00:00,13582.009
2026-03-17 13:30:00+00:00,13582.009
2026-03-17 13:45:00+00:00,13582.009
2026-03-17 14:00:00+00:00,13582.009
2026-03-17 14:15:00+00:00,13582.009
2026-03-17 14:30:00+00:00,13582.009
2026-03-17 14:45:00+00:00,13582.009
2026-03-17 15:00:00+00:00,13582.009
2026-03-17 15:15:00+00:00,13582.009
2026-03-17 15:30:00+00:00,13582.009
2026-03-17 15:45:00+00:00,13582.009
2026-03-17 16:00:00+00:00,13582.009
2026-03-17 16:15:00+00:00,13582.009
2026-03-17 16:30:00+00:00,13582.009
2026-03-17 16:45:00+00:00,13582.009
2026-03-17 17:00:00+00:00,13582.009
2026-03-17 17:15:00+00:00,13582.009
2026-03-17 17:30:00+00:00,13582.009
2026-03-17 17:45:00+00:00,13582.009
2026-03-17 18:00:00+00:00,13582.009
2026-03-17 18:15:00+00:00,13582.009
2026-03-17 18:30:00+00:00,13582.009
2026-03-17 18:45:00+00:00,13582.009
2026-03-17 19:00:00+00:00,13582.009
2026-03-17 19:15:00+00:00,13582.009
2026-03-17 19:30:00+00:00,13582.009
2026-03-17 19:45:00+00:00,13582.009
2026-03-17 20:00:00+00:00,13582.009
2026-03-17 20:15:00+00:00,13582.009
2026-03-17 20:30:00+00:00,13582.009
2026-03-17 20:45:00+00:00,13582.009
2026-03-17 21:00:00+00:00,13582.009
2026-03-17 21:15:00+00:00,13582.009
2026-03-17 21:30:00+00:00,13582.009
2026-03-17 21:45:00+00:00,13582.009
2026-03-17 22:00:00+00:00,13582.009
2026-03-17 22:15:00+00:00,13582.009
2026-03-17 22:30:00+00:00,13582.009
2026-03-17 22:45:00+00:00,13582.009
2026-03-17 23:00:00+00:00,13582.009
2026-03-17 23:15:00+00:00,13582.009
2026-03-17 23:30:00+00:00,13582.009
2026-03-17 23:45:00+00:00,13582.009
2026-03-18 00:00:00+00:00,13582.009
2026-03-18 00:15:00+00:00,13582.009
2026-03-18 00:30:00+00:00,13582.009
2026-03-18 00:45:00+00:00,13582.009
2026-03-18 01:00:00+00:00,13582.009
2026-03-18 01:15:00+00:00,13582.009
2026-03-18 01:30:00+00:00,13582.009
2026-03-18 01:45:00+00:00,13582.009
2026-03-18 02:00:00+00:00,13582.009
2026-03-18 02:15:00+00:00,13582.009
2026-03-18 02:30:00+00:00,13582.009
2026-03-18 02:45:00+00:00,13582.009
2026-03-18 03:00:00+00:00,13582.009
2026-03-18 03:15:00+00:00,13582.009
2026-03-18 03:30:00+00:00,13582.009
2026-03-18 03:45:00+00:00,13582.009
2026-03-18 04:00:00+00:00,13582.009
2026-03-18 04:15:00+00:00,13582.009
2026-03-18 04:30:00+00:00,13582.009
2026-03-18 04:45:00+00:00,13582.009
2026-03-18 05:00:00+00:00,13582.009
2026-03-18 05:15:00+00:00,13582.009
2026-03-18 05:30:00+00:00,13582.009
2026-03-18 05:45:00+00:00,13582.009
2026-03-18 06:00:00+00:00,13582.009
2026-03-18 06:15:00+00:00,13582.009
2026-03-18 06:30:00+00:00,13582.009
2026-03-18 06:45:00+00:00,13582.009
2026-03-18 07:00:00+00:00,13582.009
2026-03-18 07:15:00+00:00,13582.009
2026-03-18 07:30:00+00:00,13582.009
2026-03-18 07:45:00+00:00,13582.009
2026-03-18 08:00:00+00:00,13582.009
2026-03-18 08:15:00+00:00,13582.009
2026-03-18 08:30:00+00:00,13582.009
2026-03-18 08:45:00+00:00,13582.009
2026-03-18 09:00:00+00:00,13582.009
2026-03-18 09:15:00+00:00,13582.009
2026-03-18 09:30:00+00:00,13582.009
2026-03-18 09:45:00+00:00,13582.009
2026-03-18 10:00:00+00:00,13582.009
2026-03-18 10:15:00+00:00,13582.009
2026-03-18 10:30:00+00:00,13582.009
2026-03-18 10:45:00+00:00,13582.009
2026-03-18 11:00:00+00:00,13582.009
2026-03-18 11:15:00+00:00,13582.009
2026-03-18 11:30:00+00:00,13582.009
2026-03-18 11:45:00+00:00,13582.009
2026-03-18 12:00:00+00:00,13582.009
2026-03-18 12:15:00+00:00,13582.009
2026-03-18 12:30:00+00:00,13582.009
2026-03-18 12:45:00+00:00,13582.009
2026-03-18 13:00:00+00:00,13582.009
2026-03-18 13:15:00+00:00,13582.009
2026-03-18 13:30:00+00:00,13582.009
2026-03-18 13:45:00+00:00,13582.009
2026-03-18 14:00:00+00:00,13582.009
2026-03-18 14:15:00+00:00,13582.009
2026-03-18 14:30:00+00:00,13582.009
2026-03-18 14:45:00+00:00,13582.009
2026-03-18 15:00:00+00:00,13582.009
2026-03-18 15:15:00+00:00,13582.009
2026-03-18 15:30:00+00:00,13582.009
2026-03-18 15:45:00+00:00,13582.009
2026-03-18 16:00:00+00:00,13582.009
2026-03-18 16:15:00+00:00,13582.009
2026-03-18 16:30:00+00:00,13582.009
2026-03-18 16:45:00+00:00,13582.009
2026-03-18 17:00:00+00:00,13582.009
2026-03-18 17:15:00+00:00,13582.009
2026-03-18 17:30:00+00:00,13582.009
2026-03-18 17:45:00+00:00,13582.009
2026-03-18 18:00:00+00:00,13582.009
2026-03-18 18:15:00+00:00,13582.009
2026-03-18 18:30:00+00:00,13582.009
2026-03-18 18:45:00+00:00,13582.009
2026-03-18 19:00:00+00:00,13582.009
2026-03-18 19:15:00+00:00,13582.009
2026-03-18 19:30:00+00:00,13582.009
2026-03-18 19:45:00+00:00,13582.009
2026-03-18 20:00:00+00:00,13582.009
2026-03-18 20:15:00+00:00,13582.009
2026-03-18 20:30:00+00:00,13582.009
2026-03-18 20:45:00+00:00,13582.009
2026-03-18 21:00:00+00:00,13582.009
2026-03-18 21:15:00+00:00,13582.009
2026-03-18 21:30:00+00:00,13582.009
2026-03-18 21:45:00+00:00,13582.009
2026-03-18 22:00:00+00:00,13582.009
2026-03-18 22:15:00+00:00,13582.009
2026-03-18 22:30:00+00:00,13582.009
2026-03-18 22:45:00+00:00,13582.009
2026-03-18 23:00:00+00:00,13582.009
2026-03-18 23:15:00+00:00,13582.009
2026-03-18 23:30:00+00:00,13582.009
2026-03-18 23:45:00+00:00,13582.009
2026-03-19 00:00:00+00:00,13582.009
2026-03-19 00:15:00+00:00,13582.009
2026-03-19 00:30:00+00:00,13582.009
2026-03-19 00:45:00+00:00,13582.009
2026-03-19 01:00:00+00:00,13582.009
2026-03-19 01:15:00+00:00,13582.009
2026-03-19 01:30:00+00:00,13582.009
2026-03-19 01:45:00+00:00,13582.009
2026-03-19 02:00:00+00:00,13582.009
2026-03-19 02:15:00+00:00,13582.009
2026-03-19 02:30:00+00:00,13582.009
2026-03-19 02:45:00+00:00,13582.009
2026-03-19 03:00:00+00:00,13582.009
2026-03-19 03:15:00+00:00,13582.009
2026-03-19 03:30:00+00:00,13582.009
2026-03-19 03:45:00+00:00,13582.009
2026-03-19 04:00:00+00:00,13582.009
2026-03-19 04:15:00+00:00,13582.009
2026-03-19 04:30:00+00:00,13582.009
2026-03-19 04:45:00+00:00,13582.009
2026-03-19 05:00:00+00:00,13582.009
2026-03-19 05:15:00+00:00,13582.009
2026-03-19 05:30:00+00:00,13582.009
2026-03-19 05:45:00+00:00,13582.009
2026-03-19 06:00:00+00:00,13582.009
2026-03-19 06:15:00+00:00,13582.009
2026-03-19 06:30:00+00:00,13582.009
2026-03-19 06:45:00+00:00,13582.009
2026-03-19 07:00:00+00:00,13853.6492
2026-03-19 07:15:00+00:00,13853.6492
2026-03-19 07:30:00+00:00,13853.6492
2026-03-19 07:45:00+00:00,13853.6492
2026-03-19 08:00:00+00:00,13853.6492
2026-03-19 08:15:00+00:00,13853.6492
2026-03-19 08:30:00+00:00,13853.6492
2026-03-19 08:45:00+00:00,13853.6492
2026-03-19 09:00:00+00:00,13853.6492
2026-03-19 09:15:00+00:00,13853.6492
2026-03-19 09:30:00+00:00,13853.6492
2026-03-19 09:45:00+00:00,13853.6492
2026-03-19 10:00:00+00:00,13853.6492
2026-03-19 10:15:00+00:00,13853.6492
2026-03-19 10:30:00+00:00,13853.6492
2026-03-19 10:45:00+00:00,13853.6492
2026-03-19 11:00:00+00:00,13853.6492
2026-03-19 11:15:00+00:00,13853.6492
2026-03-19 11:30:00+00:00,13853.6492
2026-03-19 11:45:00+00:00,13853.6492
2026-03-19 12:00:00+00:00,13853.6492
2026-03-19 12:15:00+00:00,13853.6492
2026-03-19 12:30:00+00:00,13853.6492
2026-03-19 12:45:00+00:00,13853.6492
2026-03-19 13:00:00+00:00,13853.6492
2026-03-19 13:15:00+00:00,13853.6492
2026-03-19 13:30:00+00:00,13853.6492
2026-03-19 13:45:00+00:00,13853.6492
2026-03-19 14:00:00+00:00,13853.6492
2026-03-19 14:15:00+00:00,13853.6492
2026-03-19 14:30:00+00:00,13853.6492
2026-03-19 14:45:00+00:00,13853.6492
2026-03-19 15:00:00+00:00,13853.6492
2026-03-19 15:15:00+00:00,13853.6492
2026-03-19 15:30:00+00:00,13853.6492
2026-03-19 15:45:00+00:00,13853.6492
2026-03-19 16:00:00+00:00,13853.6492
2026-03-19 16:15:00+00:00,13853.6492
2026-03-19 16:30:00+00:00,13853.6492
2026-03-19 16:45:00+00:00,13853.6492
2026-03-19 17:00:00+00:00,13853.6492
2026-03-19 17:15:00+00:00,13853.6492
2026-03-19 17:30:00+00:00,13853.6492
2026-03-19 17:45:00+00:00,13853.6492
2026-03-19 18:00:00+00:00,13853.6492
2026-03-19 18:15:00+00:00,13853.6492
2026-03-19 18:30:00+00:00,13853.6492
2026-03-19 18:45:00+00:00,13853.6492
2026-03-19 19:00:00+00:00,13853.6492
2026-03-19 19:15:00+00:00,13853.6492
2026-03-19 19:30:00+00:00,13853.6492
2026-03-19 19:45:00+00:00,13853.6492
2026-03-19 20:00:00+00:00,13853.6492
2026-03-19 20:15:00+00:00,13853.6492
2026-03-19 20:30:00+00:00,13853.6492
2026-03-19 20:45:00+00:00,13853.6492
2026-03-19 21:00:00+00:00,13853.6492
2026-03-19 21:15:00+00:00,13853.6492
2026-03-19 21:30:00+00:00,13853.6492
2026-03-19 21:45:00+00:00,13853.6492
2026-03-19 22:00:00+00:00,13853.6492
2026-03-19 22:15:00+00:00,13853.6492
2026-03-19 22:30:00+00:00,14130.7222
2026-03-19 22:45:00+00:00,14130.7222
2026-03-19 23:00:00+00:00,14130.7222
2026-03-19 23:15:00+00:00,14130.7222
2026-03-19 23:30:00+00:00,14130.7222
2026-03-19 23:45:00+00:00,14130.7222
2026-03-20 00:00:00+00:00,14130.7222
2026-03-20 00:15:00+00:00,13989.415
2026-03-20 00:30:00+00:00,13989.415
2026-03-20 00:45:00+00:00,13989.415
2026-03-20 01:00:00+00:00,13989.415
2026-03-20 01:15:00+00:00,13989.415
2026-03-20 01:30:00+00:00,13989.415
2026-03-20 01:45:00+00:00,13989.415
2026-03-20 02:00:00+00:00,13989.415
2026-03-20 02:15:00+00:00,13989.415
2026-03-20 02:30:00+00:00,13989.415
2026-03-20 02:45:00+00:00,13989.415
2026-03-20 03:00:00+00:00,13989.415
2026-03-20 03:15:00+00:00,13849.5208
2026-03-20 03:30:00+00:00,13849.5208
2026-03-20 03:45:00+00:00,13849.5208
2026-03-20 04:00:00+00:00,13849.5208
2026-03-20 04:15:00+00:00,13849.5208
2026-03-20 04:30:00+00:00,13849.5208
2026-03-20 04:45:00+00:00,13849.5208
2026-03-20 05:00:00+00:00,13849.5208
2026-03-20 05:15:00+00:00,13849.5208
2026-03-20 05:30:00+00:00,13849.5208
2026-03-20 05:45:00+00:00,13849.5208
2026-03-20 06:00:00+00:00,13849.5208
2026-03-20 06:15:00+00:00,13849.5208
2026-03-20 06:30:00+00:00,13849.5208
2026-03-20 06:45:00+00:00,13849.5208
2026-03-20 07:00:00+00:00,13849.5208
2026-03-20 07:15:00+00:00,13849.5208
2026-03-20 07:30:00+00:00,13849.5208
2026-03-20 07:45:00+00:00,13849.5208
2026-03-20 08:00:00+00:00,13711.0256
2026-03-20 08:15:00+00:00,13711.0256
2026-03-20 08:30:00+00:00,13711.0256
2026-03-20 08:45:00+00:00,13711.0256
2026-03-20 09:00:00+00:00,13711.0256
2026-03-20 09:15:00+00:00,13711.0256
2026-03-20 09:30:00+00:00,13711.0256
2026-03-20 09:45:00+00:00,13573.9154
2026-03-20 10:00:00+00:00,13573.9154
2026-03-20 10:15:00+00:00,13573.9154
2026-03-20 10:30:00+00:00,13573.9154
2026-03-20 10:45:00+00:00,13573.9154
2026-03-20 11:00:00+00:00,13573.9154
2026-03-20 11:15:00+00:00,13573.9154
2026-03-20 11:30:00+00:00,13438.1762
2026-03-20 11:45:00+00:00,13438.1762
2026-03-20 12:00:00+00:00,13438.1762
2026-03-20 12:15:00+00:00,13438.1762
2026-03-20 12:30:00+00:00,13303.7945
2026-03-20 12:45:00+00:00,13303.7945
2026-03-20 13:00:00+00:00,13303.7945
2026-03-20 13:15:00+00:00,13303.7945
2026-03-20 13:30:00+00:00,13303.7945
2026-03-20 13:45:00+00:00,13303.7945
2026-03-20 14:00:00+00:00,13303.7945
2026-03-20 14:15:00+00:00,13303.7945
2026-03-20 14:30:00+00:00,13170.7565
2026-03-20 14:45:00+00:00,13170.7565
2026-03-20 15:00:00+00:00,13170.7565
2026-03-20 15:15:00+00:00,13039.049
2026-03-20 15:30:00+00:00,13039.049
2026-03-20 15:45:00+00:00,13039.049
2026-03-20 16:00:00+00:00,13039.049
2026-03-20 16:15:00+00:00,13039.049
2026-03-20 16:30:00+00:00,13039.049
2026-03-20 16:45:00+00:00,13039.049
2026-03-20 17:00:00+00:00,13039.049
2026-03-20 17:15:00+00:00,13039.049
2026-03-20 17:30:00+00:00,13039.049
2026-03-20 17:45:00+00:00,13039.049
2026-03-20 18:00:00+00:00,13039.049
2026-03-20 18:15:00+00:00,13039.049
2026-03-20 18:30:00+00:00,13299.8299
2026-03-20 18:45:00+00:00,13299.8299
2026-03-20 19:00:00+00:00,13299.8299
2026-03-20 19:15:00+00:00,13299.8299
2026-03-20 19:30:00+00:00,13299.8299
2026-03-20 19:45:00+00:00,13299.8299
2026-03-20 20:00:00+00:00,13299.8299
2026-03-20 20:15:00+00:00,13299.8299
2026-03-20 20:30:00+00:00,13299.8299
2026-03-20 20:45:00+00:00,13299.8299
2026-03-20 21:00:00+00:00,13299.8299
2026-03-20 21:15:00+00:00,13166.8316
2026-03-20 21:30:00+00:00,13166.8316
2026-03-20 21:45:00+00:00,13166.8316
2026-03-20 22:00:00+00:00,13166.8316
2026-03-20 22:15:00+00:00,13166.8316
2026-03-20 22:30:00+00:00,13166.8316
2026-03-20 22:45:00+00:00,13166.8316
2026-03-20 23:00:00+00:00,13166.8316
2026-03-20 23:15:00+00:00,13166.8316
2026-03-20 23:30:00+00:00,13166.8316
2026-03-20 23:45:00+00:00,13166.8316
2026-03-21 00:00:00+00:00,13166.8316
2026-03-21 00:15:00+00:00,13166.8316
2026-03-21 00:30:00+00:00,13166.8316
2026-03-21 00:45:00+00:00,13166.8316
2026-03-21 01:00:00+00:00,13166.8316
2026-03-21 01:15:00+00:00,13166.8316
2026-03-21 01:30:00+00:00,13166.8316
2026-03-21 01:45:00+00:00,13166.8316
2026-03-21 02:00:00+00:00,13166.8316
2026-03-21 02:15:00+00:00,13166.8316
2026-03-21 02:30:00+00:00,13166.8316
2026-03-21 02:45:00+00:00,13166.8316
2026-03-21 03:00:00+00:00,13166.8316
2026-03-21 03:15:00+00:00,13166.8316
2026-03-21 03:30:00+00:00,13166.8316
2026-03-21 03:45:00+00:00,13166.8316
2026-03-21 04:00:00+00:00,13166.8316
2026-03-21 04:15:00+00:00,13166.8316
2026-03-21 04:30:00+00:00,13166.8316
2026-03-21 04:45:00+00:00,13166.8316
2026-03-21 05:00:00+00:00,13166.8316
2026-03-21 05:15:00+00:00,13166.8316
2026-03-21 05:30:00+00:00,13166.8316
2026-03-21 05:45:00+00:00,13166.8316
2026-03-21 06:00:00+00:00,13166.8316
2026-03-21 06:15:00+00:00,13166.8316
2026-03-21 06:30:00+00:00,13166.8316
2026-03-21 06:45:00+00:00,13166.8316
2026-03-21 07:00:00+00:00,13166.8316
2026-03-21 07:15:00+00:00,13166.8316
2026-03-21 07:30:00+00:00,13166.8316
2026-03-21 07:45:00+00:00,13166.8316
2026-03-21 08:00:00+00:00,13166.8316
2026-03-21 08:15:00+00:00,13166.8316
2026-03-21 08:30:00+00:00,13166.8316
2026-03-21 08:45:00+00:00,13166.8316
2026-03-21 09:00:00+00:00,13166.8316
2026-03-21 09:15:00+00:00,13166.8316
2026-03-21 09:30:00+00:00,13166.8316
2026-03-21 09:45:00+00:00,13166.8316
2026-03-21 10:00:00+00:00,13166.8316
2026-03-21 10:15:00+00:00,13166.8316
2026-03-21 10:30:00+00:00,13166.8316
2026-03-21 10:45:00+00:00,13166.8316
2026-03-21 11:00:00+00:00,13166.8316
2026-03-21 11:15:00+00:00,13166.8316
2026-03-21 11:30:00+00:00,13166.8316
2026-03-21 11:45:00+00:00,13166.8316
2026-03-21 12:00:00+00:00,13166.8316
2026-03-21 12:15:00+00:00,13166.8316
2026-03-21 12:30:00+00:00,13166.8316
2026-03-21 12:45:00+00:00,13166.8316
2026-03-21 13:00:00+00:00,13166.8316
2026-03-21 13:15:00+00:00,13166.8316
2026-03-21 13:30:00+00:00,13166.8316
2026-03-21 13:45:00+00:00,13166.8316
2026-03-21 14:00:00+00:00,13166.8316
2026-03-21 14:15:00+00:00,13166.8316
2026-03-21 14:30:00+00:00,13166.8316
2026-03-21 14:45:00+00:00,13166.8316
2026-03-21 15:00:00+00:00,13166.8316
2026-03-21 15:15:00+00:00,13166.8316
2026-03-21 15:30:00+00:00,13166.8316
2026-03-21 15:45:00+00:00,13166.8316
2026-03-21 16:00:00+00:00,13166.8316
2026-03-21 16:15:00+00:00,13166.8316
2026-03-21 16:30:00+00:00,13166.8316
2026-03-21 16:45:00+00:00,13166.8316
2026-03-21 17:00:00+00:00,13166.8316
2026-03-21 17:15:00+00:00,13166.8316
2026-03-21 17:30:00+00:00,13166.8316
2026-03-21 17:45:00+00:00,13166.8316
2026-03-21 18:00:00+00:00,13166.8316
2026-03-21 18:15:00+00:00,13166.8316
2026-03-21 18:30:00+00:00,13166.8316
2026-03-21 18:45:00+00:00,13166.8316
2026-03-21 19:00:00+00:00,13166.8316
2026-03-21 19:15:00+00:00,13166.8316
2026-03-21 19:30:00+00:00,13166.8316
2026-03-21 19:45:00+00:00,13166.8316
2026-03-21 20:00:00+00:00,13166.8316
2026-03-21 20:15:00+00:00,13166.8316
2026-03-21 20:30:00+00:00,13166.8316
2026-03-21 20:45:00+00:00,13166.8316
2026-03-21 21:00:00+00:00,13166.8316
2026-03-21 21:15:00+00:00,13166.8316
2026-03-21 21:30:00+00:00,13166.8316
2026-03-21 21:45:00+00:00,13166.8316
2026-03-21 22:00:00+00:00,13166.8316
2026-03-21 22:15:00+00:00,13166.8316
2026-03-21 22:30:00+00:00,13166.8316
2026-03-21 22:45:00+00:00,13166.8316
2026-03-21 23:00:00+00:00,13166.8316
2026-03-21 23:15:00+00:00,13166.8316
2026-03-21 23:30:00+00:00,13166.8316
2026-03-21 23:45:00+00:00,13166.8316
2026-03-22 00:00:00+00:00,13166.8316
2026-03-22 00:15:00+00:00,13166.8316
2026-03-22 00:30:00+00:00,13166.8316
2026-03-22 00:45:00+00:00,13166.8316
2026-03-22 01:00:00+00:00,13166.8316
2026-03-22 01:15:00+00:00,13166.8316
2026-03-22 01:30:00+00:00,13166.8316
2026-03-22 01:45:00+00:00,13166.8316
2026-03-22 02:00:00+00:00,13166.8316
2026-03-22 02:15:00+00:00,13166.8316
2026-03-22 02:30:00+00:00,13166.8316
2026-03-22 02:45:00+00:00,13166.8316
2026-03-22 03:00:00+00:00,13166.8316
2026-03-22 03:15:00+00:00,13166.8316
2026-03-22 03:30:00+00:00,13166.8316
2026-03-22 03:45:00+00:00,13166.8316
2026-03-22 04:00:00+00:00,13166.8316
2026-03-22 04:15:00+00:00,13166.8316
2026-03-22 04:30:00+00:00,13166.8316
2026-03-22 04:45:00+00:00,13166.8316
2026-03-22 05:00:00+00:00,13166.8316
2026-03-22 05:15:00+00:00,13166.8316
2026-03-22 05:30:00+00:00,13166.8316
2026-03-22 05:45:00+00:00,13166.8316
2026-03-22 06:00:00+00:00,13166.8316
2026-03-22 06:15:00+00:00,13166.8316
2026-03-22 06:30:00+00:00,13166.8316
2026-03-22 06:45:00+00:00,13166.8316
2026-03-22 07:00:00+00:00,13166.8316
2026-03-22 07:15:00+00:00,13166.8316
2026-03-22 07:30:00+00:00,13166.8316
2026-03-22 07:45:00+00:00,13166.8316
2026-03-22 08:00:00+00:00,13166.8316
2026-03-22 08:15:00+00:00,13166.8316
2026-03-22 08:30:00+00:00,13166.8316
2026-03-22 08:45:00+00:00,13166.8316
2026-03-22 09:00:00+00:00,13166.8316
2026-03-22 09:15:00+00:00,13166.8316
2026-03-22 09:30:00+00:00,13166.8316
2026-03-22 09:45:00+00:00,13166.8316
2026-03-22 10:00:00+00:00,13166.8316
2026-03-22 10:15:00+00:00,13166.8316
2026-03-22 10:30:00+00:00,13166.8316
2026-03-22 10:45:00+00:00,13166.8316
2026-03-22 11:00:00+00:00,13166.8316
2026-03-22 11:15:00+00:00,13166.8316
2026-03-22 11:30:00+00:00,13166.8316
2026-03-22 11:45:00+00:00,13166.8316
2026-03-22 12:00:00+00:00,13166.8316
2026-03-22 12:15:00+00:00,13166.8316
2026-03-22 12:30:00+00:00,13166.8316
2026-03-22 12:45:00+00:00,13166.8316
2026-03-22 13:00:00+00:00,13166.8316
2026-03-22 13:15:00+00:00,13166.8316
2026-03-22 13:30:00+00:00,13166.8316
2026-03-22 13:45:00+00:00,13166.8316
2026-03-22 14:00:00+00:00,13166.8316
2026-03-22 14:15:00+00:00,13166.8316
2026-03-22 14:30:00+00:00,13166.8316
2026-03-22 14:45:00+00:00,13166.8316
2026-03-22 15:00:00+00:00,13166.8316
2026-03-22 15:15:00+00:00,13166.8316
2026-03-22 15:30:00+00:00,13166.8316
2026-03-22 15:45:00+00:00,13166.8316
2026-03-22 16:00:00+00:00,13166.8316
2026-03-22 16:15:00+00:00,13166.8316
2026-03-22 16:30:00+00:00,13166.8316
2026-03-22 16:45:00+00:00,13166.8316
2026-03-22 17:00:00+00:00,13166.8316
2026-03-22 17:15:00+00:00,13166.8316
2026-03-22 17:30:00+00:00,13166.8316
2026-03-22 17:45:00+00:00,13166.8316
2026-03-22 18:00:00+00:00,13166.8316
2026-03-22 18:15:00+00:00,13166.8316
2026-03-22 18:30:00+00:00,13166.8316
2026-03-22 18:45:00+00:00,13166.8316
2026-03-22 19:00:00+00:00,13166.8316
2026-03-22 19:15:00+00:00,13166.8316
2026-03-22 19:30:00+00:00,13166.8316
2026-03-22 19:45:00+00:00,13166.8316
2026-03-22 20:00:00+00:00,13166.8316
2026-03-22 20:15:00+00:00,13166.8316
2026-03-22 20:30:00+00:00,13166.8316
2026-03-22 20:45:00+00:00,13166.8316
2026-03-22 21:00:00+00:00,13166.8316
2026-03-22 21:15:00+00:00,13166.8316
2026-03-22 21:30:00+00:00,13166.8316
2026-03-22 21:45:00+00:00,13166.8316
2026-03-22 22:00:00+00:00,13166.8316
2026-03-22 22:15:00+00:00,13166.8316
2026-03-22 22:30:00+00:00,13166.8316
2026-03-22 22:45:00+00:00,13166.8316
2026-03-22 23:00:00+00:00,13166.8316
2026-03-22 23:15:00+00:00,13166.8316
2026-03-22 23:30:00+00:00,13166.8316
2026-03-22 23:45:00+00:00,13166.8316
2026-03-23 00:00:00+00:00,13166.8316
2026-03-23 00:15:00+00:00,13166.8316
2026-03-23 00:30:00+00:00,13166.8316
2026-03-23 00:45:00+00:00,13166.8316
2026-03-23 01:00:00+00:00,13166.8316
2026-03-23 01:15:00+00:00,13166.8316
2026-03-23 01:30:00+00:00,13166.8316
2026-03-23 01:45:00+00:00,13166.8316
2026-03-23 02:00:00+00:00,13166.8316
2026-03-23 02:15:00+00:00,13166.8316
2026-03-23 02:30:00+00:00,13166.8316
2026-03-23 02:45:00+00:00,13166.8316
2026-03-23 03:00:00+00:00,13166.8316
2026-03-23 03:15:00+00:00,13166.8316
2026-03-23 03:30:00+00:00,13166.8316
2026-03-23 03:45:00+00:00,13166.8316
2026-03-23 04:00:00+00:00,13166.8316
2026-03-23 04:15:00+00:00,13166.8316
2026-03-23 04:30:00+00:00,13166.8316
2026-03-23 04:45:00+00:00,13166.8316
2026-03-23 05:00:00+00:00,13166.8316
2026-03-23 05:15:00+00:00,13166.8316
2026-03-23 05:30:00+00:00,13166.8316
2026-03-23 05:45:00+00:00,13166.8316
2026-03-23 06:00:00+00:00,13166.8316
2026-03-23 06:15:00+00:00,13166.8316
2026-03-23 06:30:00+00:00,13166.8316
2026-03-23 06:45:00+00:00,13166.8316
2026-03-23 07:00:00+00:00,13166.8316
2026-03-23 07:15:00+00:00,13166.8316
2026-03-23 07:30:00+00:00,13166.8316
2026-03-23 07:45:00+00:00,13166.8316
2026-03-23 08:00:00+00:00,13166.8316
2026-03-23 08:15:00+00:00,13166.8316
2026-03-23 08:30:00+00:00,13166.8316
2026-03-23 08:45:00+00:00,13166.8316
2026-03-23 09:00:00+00:00,13166.8316
2026-03-23 09:15:00+00:00,13166.8316
2026-03-23 09:30:00+00:00,13166.8316
2026-03-23 09:45:00+00:00,13166.8316
2026-03-23 10:00:00+00:00,13166.8316
2026-03-23 10:15:00+00:00,13166.8316
2026-03-23 10:30:00+00:00,13166.8316
2026-03-23 10:45:00+00:00,13166.8316
2026-03-23 11:00:00+00:00,13035.1633
2026-03-23 11:15:00+00:00,13035.1633
2026-03-23 11:30:00+00:00,13035.1633
2026-03-23 11:45:00+00:00,13035.1633
2026-03-23 12:00:00+00:00,13035.1633
2026-03-23 12:15:00+00:00,13035.1633
2026-03-23 12:30:00+00:00,12904.8117
2026-03-23 12:45:00+00:00,12904.8117
2026-03-23 13:00:00+00:00,12904.8117
2026-03-23 13:15:00+00:00,12904.8117
2026-03-23 13:30:00+00:00,12904.8117
2026-03-23 13:45:00+00:00,12904.8117
2026-03-23 14:00:00+00:00,12904.8117
2026-03-23 14:15:00+00:00,12904.8117
2026-03-23 14:30:00+00:00,12904.8117
2026-03-23 14:45:00+00:00,12904.8117
2026-03-23 15:00:00+00:00,12904.8117
2026-03-23 15:15:00+00:00,12904.8117
2026-03-23 15:30:00+00:00,12904.8117
2026-03-23 15:45:00+00:00,12904.8117
2026-03-23 16:00:00+00:00,12904.8117
2026-03-23 16:15:00+00:00,12904.8117
2026-03-23 16:30:00+00:00,12904.8117
2026-03-23 16:45:00+00:00,12904.8117
2026-03-23 17:00:00+00:00,12904.8117
2026-03-23 17:15:00+00:00,12904.8117
2026-03-23 17:30:00+00:00,12904.8117
2026-03-23 17:45:00+00:00,12904.8117
2026-03-23 18:00:00+00:00,12904.8117
2026-03-23 18:15:00+00:00,12904.8117
2026-03-23 18:30:00+00:00,12904.8117
2026-03-23 18:45:00+00:00,12904.8117
2026-03-23 19:00:00+00:00,12904.8117
2026-03-23 19:15:00+00:00,12904.8117
2026-03-23 19:30:00+00:00,12904.8117
2026-03-23 19:45:00+00:00,12904.8117
2026-03-23 20:00:00+00:00,12904.8117
2026-03-23 20:15:00+00:00,12904.8117
2026-03-23 20:30:00+00:00,12904.8117
2026-03-23 20:45:00+00:00,12904.8117
2026-03-23 21:00:00+00:00,12904.8117
2026-03-23 21:15:00+00:00,12904.8117
2026-03-23 21:30:00+00:00,12904.8117
2026-03-23 21:45:00+00:00,12904.8117
2026-03-23 22:00:00+00:00,12904.8117
2026-03-23 22:15:00+00:00,12904.8117
2026-03-23 22:30:00+00:00,12904.8117
2026-03-23 22:45:00+00:00,12904.8117
2026-03-23 23:00:00+00:00,12904.8117
2026-03-23 23:15:00+00:00,12904.8117
2026-03-23 23:30:00+00:00,12904.8117
2026-03-23 23:45:00+00:00,12904.8117
2026-03-24 00:00:00+00:00,12904.8117
2026-03-24 00:15:00+00:00,12904.8117
2026-03-24 00:30:00+00:00,12775.7636
2026-03-24 00:45:00+00:00,12775.7636
2026-03-24 01:00:00+00:00,12775.7636
2026-03-24 01:15:00+00:00,12775.7636
2026-03-24 01:30:00+00:00,12775.7636
2026-03-24 01:45:00+00:00,12775.7636
2026-03-24 02:00:00+00:00,12775.7636
2026-03-24 02:15:00+00:00,12775.7636
2026-03-24 02:30:00+00:00,12775.7636
2026-03-24 02:45:00+00:00,12775.7636
2026-03-24 03:00:00+00:00,12775.7636
2026-03-24 03:15:00+00:00,12775.7636
2026-03-24 03:30:00+00:00,12775.7636
2026-03-24 03:45:00+00:00,12775.7636
2026-03-24 04:00:00+00:00,12775.7636
2026-03-24 04:15:00+00:00,12775.7636
2026-03-24 04:30:00+00:00,12775.7636
2026-03-24 04:45:00+00:00,12775.7636
2026-03-24 05:00:00+00:00,12775.7636
2026-03-24 05:15:00+00:00,12775.7636
2026-03-24 05:30:00+00:00,12648.0059
2026-03-24 05:45:00+00:00,12648.0059
2026-03-24 06:00:00+00:00,12648.0059
2026-03-24 06:15:00+00:00,12648.0059
2026-03-24 06:30:00+00:00,12648.0059
2026-03-24 06:45:00+00:00,12648.0059
2026-03-24 07:00:00+00:00,12648.0059
2026-03-24 07:15:00+00:00,12648.0059
2026-03-24 07:30:00+00:00,12648.0059
2026-03-24 07:45:00+00:00,12648.0059
2026-03-24 08:00:00+00:00,12648.0059
2026-03-24 08:15:00+00:00,12648.0059
2026-03-24 08:30:00+00:00,12648.0059
2026-03-24 08:45:00+00:00,12648.0059
2026-03-24 09:00:00+00:00,12648.0059
2026-03-24 09:15:00+00:00,12648.0059
2026-03-24 09:30:00+00:00,12648.0059
2026-03-24 09:45:00+00:00,12648.0059
2026-03-24 10:00:00+00:00,12648.0059
2026-03-24 10:15:00+00:00,12648.0059
2026-03-24 10:30:00+00:00,12648.0059
2026-03-24 10:45:00+00:00,12648.0059
2026-03-24 11:00:00+00:00,12648.0059
2026-03-24 11:15:00+00:00,12648.0059
2026-03-24 11:30:00+00:00,12648.0059
2026-03-24 11:45:00+00:00,12648.0059
2026-03-24 12:00:00+00:00,12648.0059
2026-03-24 12:15:00+00:00,12648.0059
2026-03-24 12:30:00+00:00,12648.0059
2026-03-24 12:45:00+00:00,12648.0059
2026-03-24 13:00:00+00:00,12648.0059
2026-03-24 13:15:00+00:00,12648.0059
2026-03-24 13:30:00+00:00,12648.0059
2026-03-24 13:45:00+00:00,12648.0059
2026-03-24 14:00:00+00:00,12648.0059
2026-03-24 14:15:00+00:00,12648.0059
2026-03-24 14:30:00+00:00,12648.0059
2026-03-24 14:45:00+00:00,12648.0059
2026-03-24 15:00:00+00:00,12648.0059
2026-03-24 15:15:00+00:00,12648.0059
2026-03-24 15:30:00+00:00,12648.0059
2026-03-24 15:45:00+00:00,12648.0059
2026-03-24 16:00:00+00:00,12648.0059
2026-03-24 16:15:00+00:00,12648.0059
2026-03-24 16:30:00+00:00,12648.0059
2026-03-24 16:45:00+00:00,12648.0059
2026-03-24 17:00:00+00:00,12648.0059
2026-03-24 17:15:00+00:00,12648.0059
2026-03-24 17:30:00+00:00,12648.0059
2026-03-24 17:45:00+00:00,12648.0059
2026-03-24 18:00:00+00:00,12648.0059
2026-03-24 18:15:00+00:00,12648.0059
2026-03-24 18:30:00+00:00,12648.0059
2026-03-24 18:45:00+00:00,12648.0059
2026-03-24 19:00:00+00:00,12648.0059
2026-03-24 19:15:00+00:00,12648.0059
2026-03-24 19:30:00+00:00,12648.0059
2026-03-24 19:45:00+00:00,12648.0059
2026-03-24 20:00:00+00:00,12648.0059
2026-03-24 20:15:00+00:00,12648.0059
2026-03-24 20:30:00+00:00,12648.0059
2026-03-24 20:45:00+00:00,12648.0059
2026-03-24 21:00:00+00:00,12648.0059
2026-03-24 21:15:00+00:00,12648.0059
2026-03-24 21:30:00+00:00,12648.0059
2026-03-24 21:45:00+00:00,12648.0059
2026-03-24 22:00:00+00:00,12648.0059
2026-03-24 22:15:00+00:00,12648.0059
2026-03-24 22:30:00+00:00,12648.0059
2026-03-24 22:45:00+00:00,12648.0059
2026-03-24 23:00:00+00:00,12648.0059
2026-03-24 23:15:00+00:00,12648.0059
2026-03-24 23:30:00+00:00,12648.0059
2026-03-24 23:45:00+00:00,12648.0059
2026-03-25 00:00:00+00:00,12648.0059
2026-03-25 00:15:00+00:00,12648.0059
2026-03-25 00:30:00+00:00,12648.0059
2026-03-25 00:45:00+00:00,12648.0059
