ts,equity
2025-09-26 01:00:00+00:00,10000.0
2025-09-26 01:15:00+00:00,10000.0
2025-09-26 01:30:00+00:00,10000.0
2025-09-26 01:45:00+00:00,9900.0
2025-09-26 02:00:00+00:00,9900.0
2025-09-26 02:15:00+00:00,9900.0
2025-09-26 02:30:00+00:00,9900.0
2025-09-26 02:45:00+00:00,9900.0
2025-09-26 03:00:00+00:00,10098.0
2025-09-26 03:15:00+00:00,10098.0
2025-09-26 03:30:00+00:00,10098.0
2025-09-26 03:45:00+00:00,9997.02
2025-09-26 04:00:00+00:00,9997.02
2025-09-26 04:15:00+00:00,9897.0498
2025-09-26 04:30:00+00:00,9897.0498
2025-09-26 04:45:00+00:00,9897.0498
2025-09-26 05:00:00+00:00,9798.0793
2025-09-26 05:15:00+00:00,9798.0793
2025-09-26 05:30:00+00:00,9798.0793
2025-09-26 05:45:00+00:00,9798.0793
2025-09-26 06:00:00+00:00,9798.0793
2025-09-26 06:15:00+00:00,9700.0985
2025-09-26 06:30:00+00:00,9700.0985
2025-09-26 06:45:00+00:00,9700.0985
2025-09-26 07:00:00+00:00,9603.0975
2025-09-26 07:15:00+00:00,9603.0975
2025-09-26 07:30:00+00:00,9603.0975
2025-09-26 07:45:00+00:00,9603.0975
2025-09-26 08:00:00+00:00,9603.0975
2025-09-26 08:15:00+00:00,9603.0975
2025-09-26 08:30:00+00:00,9507.0665
2025-09-26 08:45:00+00:00,9507.0665
2025-09-26 09:00:00+00:00,9411.9959
2025-09-26 09:15:00+00:00,9411.9959
2025-09-26 09:30:00+00:00,9600.2358
2025-09-26 09:45:00+00:00,9600.2358
2025-09-26 10:00:00+00:00,9600.2358
2025-09-26 10:15:00+00:00,9600.2358
2025-09-26 10:30:00+00:00,9600.2358
2025-09-26 10:45:00+00:00,9600.2358
2025-09-26 11:00:00+00:00,9600.2358
2025-09-26 11:15:00+00:00,9600.2358
2025-09-26 11:30:00+00:00,9600.2358
2025-09-26 11:45:00+00:00,9600.2358
2025-09-26 12:00:00+00:00,9600.2358
2025-09-26 12:15:00+00:00,9600.2358
2025-09-26 12:30:00+00:00,9504.2334
2025-09-26 12:45:00+00:00,9504.2334
2025-09-26 13:00:00+00:00,9504.2334
2025-09-26 13:15:00+00:00,9504.2334
2025-09-26 13:30:00+00:00,9409.1911
2025-09-26 13:45:00+00:00,9409.1911
2025-09-26 14:00:00+00:00,9409.1911
2025-09-26 14:15:00+00:00,9409.1911
2025-09-26 14:30:00+00:00,9409.1911
2025-09-26 14:45:00+00:00,9409.1911
2025-09-26 15:00:00+00:00,9409.1911
2025-09-26 15:15:00+00:00,9409.1911
2025-09-26 15:30:00+00:00,9409.1911
2025-09-26 15:45:00+00:00,9409.1911
2025-09-26 16:00:00+00:00,9409.1911
2025-09-26 16:15:00+00:00,9409.1911
2025-09-26 16:30:00+00:00,9409.1911
2025-09-26 16:45:00+00:00,9409.1911
2025-09-26 17:00:00+00:00,9409.1911
2025-09-26 17:15:00+00:00,9315.0992
2025-09-26 17:30:00+00:00,9315.0992
2025-09-26 17:45:00+00:00,9315.0992
2025-09-26 18:00:00+00:00,9221.9482
2025-09-26 18:15:00+00:00,9221.9482
2025-09-26 18:30:00+00:00,9221.9482
2025-09-26 18:45:00+00:00,9221.9482
2025-09-26 19:00:00+00:00,9221.9482
2025-09-26 19:15:00+00:00,9221.9482
2025-09-26 19:30:00+00:00,9406.3872
2025-09-26 19:45:00+00:00,9406.3872
2025-09-26 20:00:00+00:00,9406.3872
2025-09-26 20:15:00+00:00,9406.3872
2025-09-26 20:30:00+00:00,9406.3872
2025-09-26 20:45:00+00:00,9312.3233
2025-09-26 21:00:00+00:00,9312.3233
2025-09-26 21:15:00+00:00,9312.3233
2025-09-26 21:30:00+00:00,9312.3233
2025-09-26 21:45:00+00:00,9219.2001
2025-09-26 22:00:00+00:00,9219.2001
2025-09-26 22:15:00+00:00,9219.2001
2025-09-26 22:30:00+00:00,9219.2001
2025-09-26 22:45:00+00:00,9127.0081
2025-09-26 23:00:00+00:00,9127.0081
2025-09-26 23:15:00+00:00,9127.0081
2025-09-26 23:30:00+00:00,9035.738
2025-09-26 23:45:00+00:00,9035.738
2025-09-27 00:00:00+00:00,9035.738
2025-09-27 00:15:00+00:00,9216.4527
2025-09-27 00:30:00+00:00,9216.4527
2025-09-27 00:45:00+00:00,9124.2882
2025-09-27 01:00:00+00:00,9124.2882
2025-09-27 01:15:00+00:00,9124.2882
2025-09-27 01:30:00+00:00,9124.2882
2025-09-27 01:45:00+00:00,9124.2882
2025-09-27 02:00:00+00:00,9124.2882
2025-09-27 02:15:00+00:00,9124.2882
2025-09-27 02:30:00+00:00,9124.2882
2025-09-27 02:45:00+00:00,9124.2882
2025-09-27 03:00:00+00:00,9124.2882
2025-09-27 03:15:00+00:00,9124.2882
2025-09-27 03:30:00+00:00,9033.0453
2025-09-27 03:45:00+00:00,9033.0453
2025-09-27 04:00:00+00:00,9033.0453
2025-09-27 04:15:00+00:00,9033.0453
2025-09-27 04:30:00+00:00,9033.0453
2025-09-27 04:45:00+00:00,9033.0453
2025-09-27 05:00:00+00:00,9033.0453
2025-09-27 05:15:00+00:00,9033.0453
2025-09-27 05:30:00+00:00,9033.0453
2025-09-27 05:45:00+00:00,9033.0453
2025-09-27 06:00:00+00:00,9033.0453
2025-09-27 06:15:00+00:00,9033.0453
2025-09-27 06:30:00+00:00,8942.7149
2025-09-27 06:45:00+00:00,8942.7149
2025-09-27 07:00:00+00:00,8942.7149
2025-09-27 07:15:00+00:00,8942.7149
2025-09-27 07:30:00+00:00,8853.2877
2025-09-27 07:45:00+00:00,8853.2877
2025-09-27 08:00:00+00:00,8764.7549
2025-09-27 08:15:00+00:00,8764.7549
2025-09-27 08:30:00+00:00,8764.7549
2025-09-27 08:45:00+00:00,8677.1073
2025-09-27 09:00:00+00:00,8677.1073
2025-09-27 09:15:00+00:00,8677.1073
2025-09-27 09:30:00+00:00,8590.3362
2025-09-27 09:45:00+00:00,8590.3362
2025-09-27 10:00:00+00:00,8590.3362
2025-09-27 10:15:00+00:00,8590.3362
2025-09-27 10:30:00+00:00,8504.4329
2025-09-27 10:45:00+00:00,8504.4329
2025-09-27 11:00:00+00:00,8504.4329
2025-09-27 11:15:00+00:00,8504.4329
2025-09-27 11:30:00+00:00,8504.4329
2025-09-27 11:45:00+00:00,8504.4329
2025-09-27 12:00:00+00:00,8504.4329
2025-09-27 12:15:00+00:00,8504.4329
2025-09-27 12:30:00+00:00,8504.4329
2025-09-27 12:45:00+00:00,8419.3885
2025-09-27 13:00:00+00:00,8419.3885
2025-09-27 13:15:00+00:00,8419.3885
2025-09-27 13:30:00+00:00,8419.3885
2025-09-27 13:45:00+00:00,8419.3885
2025-09-27 14:00:00+00:00,8419.3885
2025-09-27 14:15:00+00:00,8419.3885
2025-09-27 14:30:00+00:00,8419.3885
2025-09-27 14:45:00+00:00,8419.3885
2025-09-27 15:00:00+00:00,8419.3885
2025-09-27 15:15:00+00:00,8419.3885
2025-09-27 15:30:00+00:00,8419.3885
2025-09-27 15:45:00+00:00,8335.1947
2025-09-27 16:00:00+00:00,8335.1947
2025-09-27 16:15:00+00:00,8335.1947
2025-09-27 16:30:00+00:00,8251.8427
2025-09-27 16:45:00+00:00,8251.8427
2025-09-27 17:00:00+00:00,8251.8427
2025-09-27 17:15:00+00:00,8251.8427
2025-09-27 17:30:00+00:00,8251.8427
2025-09-27 17:45:00+00:00,8169.3243
2025-09-27 18:00:00+00:00,8169.3243
2025-09-27 18:15:00+00:00,8169.3243
2025-09-27 18:30:00+00:00,8169.3243
2025-09-27 18:45:00+00:00,8087.631
2025-09-27 19:00:00+00:00,8087.631
2025-09-27 19:15:00+00:00,8249.3837
2025-09-27 19:30:00+00:00,8249.3837
2025-09-27 19:45:00+00:00,8249.3837
2025-09-27 20:00:00+00:00,8166.8898
2025-09-27 20:15:00+00:00,8166.8898
2025-09-27 20:30:00+00:00,8085.2209
2025-09-27 20:45:00+00:00,8085.2209
2025-09-27 21:00:00+00:00,8085.2209
2025-09-27 21:15:00+00:00,8004.3687
2025-09-27 21:30:00+00:00,8004.3687
2025-09-27 21:45:00+00:00,8004.3687
2025-09-27 22:00:00+00:00,8004.3687
2025-09-27 22:15:00+00:00,8004.3687
2025-09-27 22:30:00+00:00,8004.3687
2025-09-27 22:45:00+00:00,8004.3687
2025-09-27 23:00:00+00:00,8004.3687
2025-09-27 23:15:00+00:00,7924.325
2025-09-27 23:30:00+00:00,7924.325
2025-09-27 23:45:00+00:00,7924.325
2025-09-28 00:00:00+00:00,7924.325
2025-09-28 00:15:00+00:00,8082.8115
2025-09-28 00:30:00+00:00,8082.8115
2025-09-28 00:45:00+00:00,8082.8115
2025-09-28 01:00:00+00:00,8082.8115
2025-09-28 01:15:00+00:00,8082.8115
2025-09-28 01:30:00+00:00,8001.9834
2025-09-28 01:45:00+00:00,8001.9834
2025-09-28 02:00:00+00:00,8001.9834
2025-09-28 02:15:00+00:00,8162.0231
2025-09-28 02:30:00+00:00,8162.0231
2025-09-28 02:45:00+00:00,8162.0231
2025-09-28 03:00:00+00:00,8162.0231
2025-09-28 03:15:00+00:00,8162.0231
2025-09-28 03:30:00+00:00,8162.0231
2025-09-28 03:45:00+00:00,8162.0231
2025-09-28 04:00:00+00:00,8162.0231
2025-09-28 04:15:00+00:00,8080.4029
2025-09-28 04:30:00+00:00,8080.4029
2025-09-28 04:45:00+00:00,8080.4029
2025-09-28 05:00:00+00:00,7999.5988
2025-09-28 05:15:00+00:00,7999.5988
2025-09-28 05:30:00+00:00,7999.5988
2025-09-28 05:45:00+00:00,7999.5988
2025-09-28 06:00:00+00:00,7999.5988
2025-09-28 06:15:00+00:00,7999.5988
2025-09-28 06:30:00+00:00,7919.6028
2025-09-28 06:45:00+00:00,7919.6028
2025-09-28 07:00:00+00:00,8077.9949
2025-09-28 07:15:00+00:00,8077.9949
2025-09-28 07:30:00+00:00,8077.9949
2025-09-28 07:45:00+00:00,8077.9949
2025-09-28 08:00:00+00:00,8077.9949
2025-09-28 08:15:00+00:00,8077.9949
2025-09-28 08:30:00+00:00,8077.9949
2025-09-28 08:45:00+00:00,8077.9949
2025-09-28 09:00:00+00:00,8077.9949
2025-09-28 09:15:00+00:00,8239.5548
2025-09-28 09:30:00+00:00,8239.5548
2025-09-28 09:45:00+00:00,8239.5548
2025-09-28 10:00:00+00:00,8404.3459
2025-09-28 10:15:00+00:00,8404.3459
2025-09-28 10:30:00+00:00,8404.3459
2025-09-28 10:45:00+00:00,8404.3459
2025-09-28 11:00:00+00:00,8404.3459
2025-09-28 11:15:00+00:00,8404.3459
2025-09-28 11:30:00+00:00,8404.3459
2025-09-28 11:45:00+00:00,8572.4328
2025-09-28 12:00:00+00:00,8572.4328
2025-09-28 12:15:00+00:00,8572.4328
2025-09-28 12:30:00+00:00,8486.7085
2025-09-28 12:45:00+00:00,8486.7085
2025-09-28 13:00:00+00:00,8486.7085
2025-09-28 13:15:00+00:00,8486.7085
2025-09-28 13:30:00+00:00,8656.4426
2025-09-28 13:45:00+00:00,8656.4426
2025-09-28 14:00:00+00:00,8656.4426
2025-09-28 14:15:00+00:00,8569.8782
2025-09-28 14:30:00+00:00,8569.8782
2025-09-28 14:45:00+00:00,8484.1794
2025-09-28 15:00:00+00:00,8484.1794
2025-09-28 15:15:00+00:00,8484.1794
2025-09-28 15:30:00+00:00,8484.1794
2025-09-28 15:45:00+00:00,8484.1794
2025-09-28 16:00:00+00:00,8653.863
2025-09-28 16:15:00+00:00,8653.863
2025-09-28 16:30:00+00:00,8653.863
2025-09-28 16:45:00+00:00,8653.863
2025-09-28 17:00:00+00:00,8653.863
2025-09-28 17:15:00+00:00,8653.863
2025-09-28 17:30:00+00:00,8653.863
2025-09-28 17:45:00+00:00,8653.863
2025-09-28 18:00:00+00:00,8653.863
2025-09-28 18:15:00+00:00,8653.863
2025-09-28 18:30:00+00:00,8653.863
2025-09-28 18:45:00+00:00,8653.863
2025-09-28 19:00:00+00:00,8653.863
2025-09-28 19:15:00+00:00,8653.863
2025-09-28 19:30:00+00:00,8653.863
2025-09-28 19:45:00+00:00,8653.863
2025-09-28 20:00:00+00:00,8653.863
2025-09-28 20:15:00+00:00,8826.9403
2025-09-28 20:30:00+00:00,8826.9403
2025-09-28 20:45:00+00:00,8826.9403
2025-09-28 21:00:00+00:00,8826.9403
2025-09-28 21:15:00+00:00,8738.6709
2025-09-28 21:30:00+00:00,8738.6709
2025-09-28 21:45:00+00:00,8738.6709
2025-09-28 22:00:00+00:00,8913.4443
2025-09-28 22:15:00+00:00,8913.4443
2025-09-28 22:30:00+00:00,8913.4443
2025-09-28 22:45:00+00:00,8913.4443
2025-09-28 23:00:00+00:00,8913.4443
2025-09-28 23:15:00+00:00,8913.4443
2025-09-28 23:30:00+00:00,8913.4443
2025-09-28 23:45:00+00:00,8913.4443
2025-09-29 00:00:00+00:00,8913.4443
2025-09-29 00:15:00+00:00,8913.4443
2025-09-29 00:30:00+00:00,8913.4443
2025-09-29 00:45:00+00:00,8913.4443
2025-09-29 01:00:00+00:00,8913.4443
2025-09-29 01:15:00+00:00,8913.4443
2025-09-29 01:30:00+00:00,8913.4443
2025-09-29 01:45:00+00:00,8913.4443
2025-09-29 02:00:00+00:00,8913.4443
2025-09-29 02:15:00+00:00,8913.4443
2025-09-29 02:30:00+00:00,8913.4443
2025-09-29 02:45:00+00:00,8913.4443
2025-09-29 03:00:00+00:00,8824.3099
2025-09-29 03:15:00+00:00,8824.3099
2025-09-29 03:30:00+00:00,8824.3099
2025-09-29 03:45:00+00:00,8824.3099
2025-09-29 04:00:00+00:00,8824.3099
2025-09-29 04:15:00+00:00,8824.3099
2025-09-29 04:30:00+00:00,8824.3099
2025-09-29 04:45:00+00:00,8824.3099
2025-09-29 05:00:00+00:00,8824.3099
2025-09-29 05:15:00+00:00,8736.0668
2025-09-29 05:30:00+00:00,8736.0668
2025-09-29 05:45:00+00:00,8736.0668
2025-09-29 06:00:00+00:00,8736.0668
2025-09-29 06:15:00+00:00,8736.0668
2025-09-29 06:30:00+00:00,8736.0668
2025-09-29 06:45:00+00:00,8736.0668
2025-09-29 07:00:00+00:00,8736.0668
2025-09-29 07:15:00+00:00,8648.7061
2025-09-29 07:30:00+00:00,8648.7061
2025-09-29 07:45:00+00:00,8648.7061
2025-09-29 08:00:00+00:00,8821.6802
2025-09-29 08:15:00+00:00,8821.6802
2025-09-29 08:30:00+00:00,8821.6802
2025-09-29 08:45:00+00:00,8821.6802
2025-09-29 09:00:00+00:00,8821.6802
2025-09-29 09:15:00+00:00,8821.6802
2025-09-29 09:30:00+00:00,8821.6802
2025-09-29 09:45:00+00:00,8821.6802
2025-09-29 10:00:00+00:00,8821.6802
2025-09-29 10:15:00+00:00,8821.6802
2025-09-29 10:30:00+00:00,8821.6802
2025-09-29 10:45:00+00:00,8821.6802
2025-09-29 11:00:00+00:00,8733.4634
2025-09-29 11:15:00+00:00,8733.4634
2025-09-29 11:30:00+00:00,8908.1327
2025-09-29 11:45:00+00:00,8908.1327
2025-09-29 12:00:00+00:00,8819.0514
2025-09-29 12:15:00+00:00,8819.0514
2025-09-29 12:30:00+00:00,8730.8608
2025-09-29 12:45:00+00:00,8730.8608
2025-09-29 13:00:00+00:00,8730.8608
2025-09-29 13:15:00+00:00,8730.8608
2025-09-29 13:30:00+00:00,8905.4781
2025-09-29 13:45:00+00:00,8905.4781
2025-09-29 14:00:00+00:00,8905.4781
2025-09-29 14:15:00+00:00,8905.4781
2025-09-29 14:30:00+00:00,8905.4781
2025-09-29 14:45:00+00:00,8905.4781
2025-09-29 15:00:00+00:00,8905.4781
2025-09-29 15:15:00+00:00,8905.4781
2025-09-29 15:30:00+00:00,8905.4781
2025-09-29 15:45:00+00:00,8905.4781
2025-09-29 16:00:00+00:00,8905.4781
2025-09-29 16:15:00+00:00,8905.4781
2025-09-29 16:30:00+00:00,8905.4781
2025-09-29 16:45:00+00:00,8905.4781
2025-09-29 17:00:00+00:00,8905.4781
2025-09-29 17:15:00+00:00,8905.4781
2025-09-29 17:30:00+00:00,8905.4781
2025-09-29 17:45:00+00:00,8905.4781
2025-09-29 18:00:00+00:00,8905.4781
2025-09-29 18:15:00+00:00,8905.4781
2025-09-29 18:30:00+00:00,8905.4781
2025-09-29 18:45:00+00:00,8905.4781
2025-09-29 19:00:00+00:00,8905.4781
2025-09-29 19:15:00+00:00,8905.4781
2025-09-29 19:30:00+00:00,8905.4781
2025-09-29 19:45:00+00:00,8905.4781
2025-09-29 20:00:00+00:00,8905.4781
2025-09-29 20:15:00+00:00,8905.4781
2025-09-29 20:30:00+00:00,8905.4781
2025-09-29 20:45:00+00:00,8905.4781
2025-09-29 21:00:00+00:00,8905.4781
2025-09-29 21:15:00+00:00,8905.4781
2025-09-29 21:30:00+00:00,8905.4781
2025-09-29 21:45:00+00:00,8905.4781
2025-09-29 22:00:00+00:00,8905.4781
2025-09-29 22:15:00+00:00,8905.4781
2025-09-29 22:30:00+00:00,8905.4781
2025-09-29 22:45:00+00:00,8905.4781
2025-09-29 23:00:00+00:00,8905.4781
2025-09-29 23:15:00+00:00,9083.5876
2025-09-29 23:30:00+00:00,9083.5876
2025-09-29 23:45:00+00:00,9083.5876
2025-09-30 00:00:00+00:00,9083.5876
2025-09-30 00:15:00+00:00,9083.5876
2025-09-30 00:30:00+00:00,9083.5876
2025-09-30 00:45:00+00:00,9083.5876
2025-09-30 01:00:00+00:00,9083.5876
2025-09-30 01:15:00+00:00,9083.5876
2025-09-30 01:30:00+00:00,9083.5876
2025-09-30 01:45:00+00:00,9083.5876
2025-09-30 02:00:00+00:00,9083.5876
2025-09-30 02:15:00+00:00,9083.5876
2025-09-30 02:30:00+00:00,9083.5876
2025-09-30 02:45:00+00:00,9083.5876
2025-09-30 03:00:00+00:00,8992.7517
2025-09-30 03:15:00+00:00,8992.7517
2025-09-30 03:30:00+00:00,8992.7517
2025-09-30 03:45:00+00:00,8992.7517
2025-09-30 04:00:00+00:00,8902.8242
2025-09-30 04:15:00+00:00,8902.8242
2025-09-30 04:30:00+00:00,8902.8242
2025-09-30 04:45:00+00:00,8813.796
2025-09-30 05:00:00+00:00,8813.796
2025-09-30 05:15:00+00:00,8725.658
2025-09-30 05:30:00+00:00,8725.658
2025-09-30 05:45:00+00:00,8638.4014
2025-09-30 06:00:00+00:00,8638.4014
2025-09-30 06:15:00+00:00,8638.4014
2025-09-30 06:30:00+00:00,8638.4014
2025-09-30 06:45:00+00:00,8638.4014
2025-09-30 07:00:00+00:00,8552.0174
2025-09-30 07:15:00+00:00,8552.0174
2025-09-30 07:30:00+00:00,8466.4973
2025-09-30 07:45:00+00:00,8466.4973
2025-09-30 08:00:00+00:00,8466.4973
2025-09-30 08:15:00+00:00,8381.8323
2025-09-30 08:30:00+00:00,8381.8323
2025-09-30 08:45:00+00:00,8381.8323
2025-09-30 09:00:00+00:00,8381.8323
2025-09-30 09:15:00+00:00,8381.8323
2025-09-30 09:30:00+00:00,8298.014
2025-09-30 09:45:00+00:00,8298.014
2025-09-30 10:00:00+00:00,8298.014
2025-09-30 10:15:00+00:00,8298.014
2025-09-30 10:30:00+00:00,8298.014
2025-09-30 10:45:00+00:00,8215.0338
2025-09-30 11:00:00+00:00,8215.0338
2025-09-30 11:15:00+00:00,8215.0338
2025-09-30 11:30:00+00:00,8132.8835
2025-09-30 11:45:00+00:00,8132.8835
2025-09-30 12:00:00+00:00,8132.8835
2025-09-30 12:15:00+00:00,8132.8835
2025-09-30 12:30:00+00:00,8051.5546
2025-09-30 12:45:00+00:00,8051.5546
2025-09-30 13:00:00+00:00,8051.5546
2025-09-30 13:15:00+00:00,7971.0391
2025-09-30 13:30:00+00:00,7971.0391
2025-09-30 13:45:00+00:00,7971.0391
2025-09-30 14:00:00+00:00,7971.0391
2025-09-30 14:15:00+00:00,7971.0391
2025-09-30 14:30:00+00:00,7971.0391
2025-09-30 14:45:00+00:00,7971.0391
2025-09-30 15:00:00+00:00,7971.0391
2025-09-30 15:15:00+00:00,7971.0391
2025-09-30 15:30:00+00:00,7971.0391
2025-09-30 15:45:00+00:00,7971.0391
2025-09-30 16:00:00+00:00,7971.0391
2025-09-30 16:15:00+00:00,7971.0391
2025-09-30 16:30:00+00:00,8130.4599
2025-09-30 16:45:00+00:00,8130.4599
2025-09-30 17:00:00+00:00,8049.1553
2025-09-30 17:15:00+00:00,8049.1553
2025-09-30 17:30:00+00:00,8049.1553
2025-09-30 17:45:00+00:00,8049.1553
2025-09-30 18:00:00+00:00,7968.6637
2025-09-30 18:15:00+00:00,7968.6637
2025-09-30 18:30:00+00:00,7968.6637
2025-09-30 18:45:00+00:00,7888.9771
2025-09-30 19:00:00+00:00,7888.9771
2025-09-30 19:15:00+00:00,7888.9771
2025-09-30 19:30:00+00:00,7888.9771
2025-09-30 19:45:00+00:00,7888.9771
2025-09-30 20:00:00+00:00,7888.9771
2025-09-30 20:15:00+00:00,7888.9771
2025-09-30 20:30:00+00:00,7888.9771
2025-09-30 20:45:00+00:00,7888.9771
2025-09-30 21:00:00+00:00,7888.9771
2025-09-30 21:15:00+00:00,7888.9771
2025-09-30 21:30:00+00:00,7888.9771
2025-09-30 21:45:00+00:00,7810.0873
2025-09-30 22:00:00+00:00,7810.0873
2025-09-30 22:15:00+00:00,7810.0873
2025-09-30 22:30:00+00:00,7810.0873
2025-09-30 22:45:00+00:00,7810.0873
2025-09-30 23:00:00+00:00,7731.9864
2025-09-30 23:15:00+00:00,7731.9864
2025-09-30 23:30:00+00:00,7731.9864
2025-09-30 23:45:00+00:00,7731.9864
2025-10-01 00:00:00+00:00,7731.9864
2025-10-01 00:15:00+00:00,7731.9864
2025-10-01 00:30:00+00:00,7731.9864
2025-10-01 00:45:00+00:00,7731.9864
2025-10-01 01:00:00+00:00,7886.6262
2025-10-01 01:15:00+00:00,7886.6262
2025-10-01 01:30:00+00:00,7886.6262
2025-10-01 01:45:00+00:00,7886.6262
2025-10-01 02:00:00+00:00,7886.6262
2025-10-01 02:15:00+00:00,7886.6262
2025-10-01 02:30:00+00:00,7886.6262
2025-10-01 02:45:00+00:00,7886.6262
2025-10-01 03:00:00+00:00,7807.7599
2025-10-01 03:15:00+00:00,7807.7599
2025-10-01 03:30:00+00:00,7729.6823
2025-10-01 03:45:00+00:00,7729.6823
2025-10-01 04:00:00+00:00,7729.6823
2025-10-01 04:15:00+00:00,7729.6823
2025-10-01 04:30:00+00:00,7729.6823
2025-10-01 04:45:00+00:00,7729.6823
2025-10-01 05:00:00+00:00,7884.276
2025-10-01 05:15:00+00:00,7884.276
2025-10-01 05:30:00+00:00,7884.276
2025-10-01 05:45:00+00:00,7805.4332
2025-10-01 06:00:00+00:00,7805.4332
2025-10-01 06:15:00+00:00,7805.4332
2025-10-01 06:30:00+00:00,7805.4332
2025-10-01 06:45:00+00:00,7727.3789
2025-10-01 07:00:00+00:00,7727.3789
2025-10-01 07:15:00+00:00,7727.3789
2025-10-01 07:30:00+00:00,7727.3789
2025-10-01 07:45:00+00:00,7727.3789
2025-10-01 08:00:00+00:00,7727.3789
2025-10-01 08:15:00+00:00,7881.9264
2025-10-01 08:30:00+00:00,7881.9264
2025-10-01 08:45:00+00:00,7881.9264
2025-10-01 09:00:00+00:00,7881.9264
2025-10-01 09:15:00+00:00,7881.9264
2025-10-01 09:30:00+00:00,7881.9264
2025-10-01 09:45:00+00:00,7881.9264
2025-10-01 10:00:00+00:00,7881.9264
2025-10-01 10:15:00+00:00,7881.9264
2025-10-01 10:30:00+00:00,7881.9264
2025-10-01 10:45:00+00:00,7881.9264
2025-10-01 11:00:00+00:00,7881.9264
2025-10-01 11:15:00+00:00,7881.9264
2025-10-01 11:30:00+00:00,7881.9264
2025-10-01 11:45:00+00:00,7881.9264
2025-10-01 12:00:00+00:00,7881.9264
2025-10-01 12:15:00+00:00,7881.9264
2025-10-01 12:30:00+00:00,7881.9264
2025-10-01 12:45:00+00:00,7881.9264
2025-10-01 13:00:00+00:00,7881.9264
2025-10-01 13:15:00+00:00,7881.9264
2025-10-01 13:30:00+00:00,7881.9264
2025-10-01 13:45:00+00:00,7881.9264
2025-10-01 14:00:00+00:00,7881.9264
2025-10-01 14:15:00+00:00,7881.9264
2025-10-01 14:30:00+00:00,7881.9264
2025-10-01 14:45:00+00:00,7881.9264
2025-10-01 15:00:00+00:00,7881.9264
2025-10-01 15:15:00+00:00,7881.9264
2025-10-01 15:30:00+00:00,7881.9264
2025-10-01 15:45:00+00:00,7881.9264
2025-10-01 16:00:00+00:00,7881.9264
2025-10-01 16:15:00+00:00,7881.9264
2025-10-01 16:30:00+00:00,7881.9264
2025-10-01 16:45:00+00:00,7881.9264
2025-10-01 17:00:00+00:00,7881.9264
2025-10-01 17:15:00+00:00,7881.9264
2025-10-01 17:30:00+00:00,7881.9264
2025-10-01 17:45:00+00:00,7881.9264
2025-10-01 18:00:00+00:00,7881.9264
2025-10-01 18:15:00+00:00,7881.9264
2025-10-01 18:30:00+00:00,7881.9264
2025-10-01 18:45:00+00:00,7881.9264
2025-10-01 19:00:00+00:00,7881.9264
2025-10-01 19:15:00+00:00,7881.9264
2025-10-01 19:30:00+00:00,7881.9264
2025-10-01 19:45:00+00:00,7881.9264
2025-10-01 20:00:00+00:00,7881.9264
2025-10-01 20:15:00+00:00,7881.9264
2025-10-01 20:30:00+00:00,7881.9264
2025-10-01 20:45:00+00:00,7881.9264
2025-10-01 21:00:00+00:00,7881.9264
2025-10-01 21:15:00+00:00,7881.9264
2025-10-01 21:30:00+00:00,7881.9264
2025-10-01 21:45:00+00:00,7881.9264
2025-10-01 22:00:00+00:00,7881.9264
2025-10-01 22:15:00+00:00,7881.9264
2025-10-01 22:30:00+00:00,7881.9264
2025-10-01 22:45:00+00:00,7881.9264
2025-10-01 23:00:00+00:00,7881.9264
2025-10-01 23:15:00+00:00,7881.9264
2025-10-01 23:30:00+00:00,7881.9264
2025-10-01 23:45:00+00:00,7881.9264
2025-10-02 00:00:00+00:00,7881.9264
2025-10-02 00:15:00+00:00,7881.9264
2025-10-02 00:30:00+00:00,7881.9264
2025-10-02 00:45:00+00:00,7881.9264
2025-10-02 01:00:00+00:00,7881.9264
2025-10-02 01:15:00+00:00,7881.9264
2025-10-02 01:30:00+00:00,7881.9264
2025-10-02 01:45:00+00:00,7881.9264
2025-10-02 02:00:00+00:00,7881.9264
2025-10-02 02:15:00+00:00,7881.9264
2025-10-02 02:30:00+00:00,7881.9264
2025-10-02 02:45:00+00:00,7881.9264
2025-10-02 03:00:00+00:00,7881.9264
2025-10-02 03:15:00+00:00,7881.9264
2025-10-02 03:30:00+00:00,7881.9264
2025-10-02 03:45:00+00:00,7881.9264
2025-10-02 04:00:00+00:00,7881.9264
2025-10-02 04:15:00+00:00,7881.9264
2025-10-02 04:30:00+00:00,7881.9264
2025-10-02 04:45:00+00:00,7881.9264
2025-10-02 05:00:00+00:00,7881.9264
2025-10-02 05:15:00+00:00,7881.9264
2025-10-02 05:30:00+00:00,7803.1072
2025-10-02 05:45:00+00:00,7803.1072
2025-10-02 06:00:00+00:00,7803.1072
2025-10-02 06:15:00+00:00,7803.1072
2025-10-02 06:30:00+00:00,7959.1693
2025-10-02 06:45:00+00:00,7959.1693
2025-10-02 07:00:00+00:00,7959.1693
2025-10-02 07:15:00+00:00,7879.5776
2025-10-02 07:30:00+00:00,7879.5776
2025-10-02 07:45:00+00:00,7879.5776
2025-10-02 08:00:00+00:00,7800.7819
2025-10-02 08:15:00+00:00,7800.7819
2025-10-02 08:30:00+00:00,7800.7819
2025-10-02 08:45:00+00:00,7800.7819
2025-10-02 09:00:00+00:00,7800.7819
2025-10-02 09:15:00+00:00,7800.7819
2025-10-02 09:30:00+00:00,7800.7819
2025-10-02 09:45:00+00:00,7800.7819
2025-10-02 10:00:00+00:00,7800.7819
2025-10-02 10:15:00+00:00,7800.7819
2025-10-02 10:30:00+00:00,7800.7819
2025-10-02 10:45:00+00:00,7800.7819
2025-10-02 11:00:00+00:00,7800.7819
2025-10-02 11:15:00+00:00,7800.7819
2025-10-02 11:30:00+00:00,7800.7819
2025-10-02 11:45:00+00:00,7800.7819
2025-10-02 12:00:00+00:00,7800.7819
2025-10-02 12:15:00+00:00,7800.7819
2025-10-02 12:30:00+00:00,7956.7975
2025-10-02 12:45:00+00:00,7956.7975
2025-10-02 13:00:00+00:00,7956.7975
2025-10-02 13:15:00+00:00,7956.7975
2025-10-02 13:30:00+00:00,7956.7975
2025-10-02 13:45:00+00:00,8115.9334
2025-10-02 14:00:00+00:00,8115.9334
2025-10-02 14:15:00+00:00,8115.9334
2025-10-02 14:30:00+00:00,8115.9334
2025-10-02 14:45:00+00:00,8115.9334
2025-10-02 15:00:00+00:00,8115.9334
2025-10-02 15:15:00+00:00,8115.9334
2025-10-02 15:30:00+00:00,8115.9334
2025-10-02 15:45:00+00:00,8115.9334
2025-10-02 16:00:00+00:00,8115.9334
2025-10-02 16:15:00+00:00,8115.9334
2025-10-02 16:30:00+00:00,8115.9334
2025-10-02 16:45:00+00:00,8115.9334
2025-10-02 17:00:00+00:00,8115.9334
2025-10-02 17:15:00+00:00,8115.9334
2025-10-02 17:30:00+00:00,8115.9334
2025-10-02 17:45:00+00:00,8115.9334
2025-10-02 18:00:00+00:00,8115.9334
2025-10-02 18:15:00+00:00,8115.9334
2025-10-02 18:30:00+00:00,8115.9334
2025-10-02 18:45:00+00:00,8278.2521
2025-10-02 19:00:00+00:00,8278.2521
2025-10-02 19:15:00+00:00,8278.2521
2025-10-02 19:30:00+00:00,8278.2521
2025-10-02 19:45:00+00:00,8278.2521
2025-10-02 20:00:00+00:00,8278.2521
2025-10-02 20:15:00+00:00,8278.2521
2025-10-02 20:30:00+00:00,8278.2521
2025-10-02 20:45:00+00:00,8278.2521
2025-10-02 21:00:00+00:00,8278.2521
2025-10-02 21:15:00+00:00,8278.2521
2025-10-02 21:30:00+00:00,8278.2521
2025-10-02 21:45:00+00:00,8278.2521
2025-10-02 22:00:00+00:00,8278.2521
2025-10-02 22:15:00+00:00,8278.2521
2025-10-02 22:30:00+00:00,8278.2521
2025-10-02 22:45:00+00:00,8195.4696
2025-10-02 23:00:00+00:00,8195.4696
2025-10-02 23:15:00+00:00,8195.4696
2025-10-02 23:30:00+00:00,8195.4696
2025-10-02 23:45:00+00:00,8195.4696
2025-10-03 00:00:00+00:00,8113.5149
2025-10-03 00:15:00+00:00,8113.5149
2025-10-03 00:30:00+00:00,8113.5149
2025-10-03 00:45:00+00:00,8113.5149
2025-10-03 01:00:00+00:00,8032.3797
2025-10-03 01:15:00+00:00,8032.3797
2025-10-03 01:30:00+00:00,8032.3797
2025-10-03 01:45:00+00:00,8032.3797
2025-10-03 02:00:00+00:00,8032.3797
2025-10-03 02:15:00+00:00,8032.3797
2025-10-03 02:30:00+00:00,8032.3797
2025-10-03 02:45:00+00:00,8032.3797
2025-10-03 03:00:00+00:00,8032.3797
2025-10-03 03:15:00+00:00,8032.3797
2025-10-03 03:30:00+00:00,8032.3797
2025-10-03 03:45:00+00:00,8032.3797
2025-10-03 04:00:00+00:00,8032.3797
2025-10-03 04:15:00+00:00,8032.3797
2025-10-03 04:30:00+00:00,8032.3797
2025-10-03 04:45:00+00:00,8032.3797
2025-10-03 05:00:00+00:00,8032.3797
2025-10-03 05:15:00+00:00,8032.3797
2025-10-03 05:30:00+00:00,7952.0559
2025-10-03 05:45:00+00:00,7952.0559
2025-10-03 06:00:00+00:00,7952.0559
2025-10-03 06:15:00+00:00,7952.0559
2025-10-03 06:30:00+00:00,7952.0559
2025-10-03 06:45:00+00:00,7952.0559
2025-10-03 07:00:00+00:00,7952.0559
2025-10-03 07:15:00+00:00,7952.0559
2025-10-03 07:30:00+00:00,7872.5354
2025-10-03 07:45:00+00:00,7872.5354
2025-10-03 08:00:00+00:00,7872.5354
2025-10-03 08:15:00+00:00,7872.5354
2025-10-03 08:30:00+00:00,7872.5354
2025-10-03 08:45:00+00:00,7872.5354
2025-10-03 09:00:00+00:00,7872.5354
2025-10-03 09:15:00+00:00,7872.5354
2025-10-03 09:30:00+00:00,7872.5354
2025-10-03 09:45:00+00:00,7872.5354
2025-10-03 10:00:00+00:00,7872.5354
2025-10-03 10:15:00+00:00,8029.9861
2025-10-03 10:30:00+00:00,8029.9861
2025-10-03 10:45:00+00:00,8029.9861
2025-10-03 11:00:00+00:00,7949.6862
2025-10-03 11:15:00+00:00,7949.6862
2025-10-03 11:30:00+00:00,7949.6862
2025-10-03 11:45:00+00:00,7949.6862
2025-10-03 12:00:00+00:00,7949.6862
2025-10-03 12:15:00+00:00,7949.6862
2025-10-03 12:30:00+00:00,7870.1894
2025-10-03 12:45:00+00:00,7870.1894
2025-10-03 13:00:00+00:00,7791.4875
2025-10-03 13:15:00+00:00,7791.4875
2025-10-03 13:30:00+00:00,7713.5726
2025-10-03 13:45:00+00:00,7713.5726
2025-10-03 14:00:00+00:00,7636.4369
2025-10-03 14:15:00+00:00,7636.4369
2025-10-03 14:30:00+00:00,7636.4369
2025-10-03 14:45:00+00:00,7636.4369
2025-10-03 15:00:00+00:00,7636.4369
2025-10-03 15:15:00+00:00,7636.4369
2025-10-03 15:30:00+00:00,7789.1656
2025-10-03 15:45:00+00:00,7789.1656
2025-10-03 16:00:00+00:00,7789.1656
2025-10-03 16:15:00+00:00,7789.1656
2025-10-03 16:30:00+00:00,7789.1656
2025-10-03 16:45:00+00:00,7789.1656
2025-10-03 17:00:00+00:00,7789.1656
2025-10-03 17:15:00+00:00,7789.1656
2025-10-03 17:30:00+00:00,7789.1656
2025-10-03 17:45:00+00:00,7789.1656
2025-10-03 18:00:00+00:00,7789.1656
2025-10-03 18:15:00+00:00,7789.1656
2025-10-03 18:30:00+00:00,7789.1656
2025-10-03 18:45:00+00:00,7789.1656
2025-10-03 19:00:00+00:00,7789.1656
2025-10-03 19:15:00+00:00,7789.1656
2025-10-03 19:30:00+00:00,7789.1656
2025-10-03 19:45:00+00:00,7789.1656
2025-10-03 20:00:00+00:00,7789.1656
2025-10-03 20:15:00+00:00,7789.1656
2025-10-03 20:30:00+00:00,7944.9489
2025-10-03 20:45:00+00:00,7944.9489
2025-10-03 21:00:00+00:00,7944.9489
2025-10-03 21:15:00+00:00,7944.9489
2025-10-03 21:30:00+00:00,7944.9489
2025-10-03 21:45:00+00:00,7944.9489
2025-10-03 22:00:00+00:00,7944.9489
2025-10-03 22:15:00+00:00,7944.9489
2025-10-03 22:30:00+00:00,7944.9489
2025-10-03 22:45:00+00:00,7944.9489
2025-10-03 23:00:00+00:00,7944.9489
2025-10-03 23:15:00+00:00,7944.9489
2025-10-03 23:30:00+00:00,7944.9489
2025-10-03 23:45:00+00:00,7944.9489
2025-10-04 00:00:00+00:00,7944.9489
2025-10-04 00:15:00+00:00,7944.9489
2025-10-04 00:30:00+00:00,7865.4994
2025-10-04 00:45:00+00:00,7865.4994
2025-10-04 01:00:00+00:00,7865.4994
2025-10-04 01:15:00+00:00,7786.8444
2025-10-04 01:30:00+00:00,7786.8444
2025-10-04 01:45:00+00:00,7786.8444
2025-10-04 02:00:00+00:00,7786.8444
2025-10-04 02:15:00+00:00,7708.976
2025-10-04 02:30:00+00:00,7708.976
2025-10-04 02:45:00+00:00,7708.976
2025-10-04 03:00:00+00:00,7708.976
2025-10-04 03:15:00+00:00,7708.976
2025-10-04 03:30:00+00:00,7708.976
2025-10-04 03:45:00+00:00,7863.1555
2025-10-04 04:00:00+00:00,7863.1555
2025-10-04 04:15:00+00:00,8020.4186
2025-10-04 04:30:00+00:00,8020.4186
2025-10-04 04:45:00+00:00,8020.4186
2025-10-04 05:00:00+00:00,8020.4186
2025-10-04 05:15:00+00:00,8020.4186
2025-10-04 05:30:00+00:00,8020.4186
2025-10-04 05:45:00+00:00,8020.4186
2025-10-04 06:00:00+00:00,8020.4186
2025-10-04 06:15:00+00:00,8020.4186
2025-10-04 06:30:00+00:00,8020.4186
2025-10-04 06:45:00+00:00,8020.4186
2025-10-04 07:00:00+00:00,8020.4186
2025-10-04 07:15:00+00:00,8020.4186
2025-10-04 07:30:00+00:00,7940.2144
2025-10-04 07:45:00+00:00,7940.2144
2025-10-04 08:00:00+00:00,8099.0187
2025-10-04 08:15:00+00:00,8099.0187
2025-10-04 08:30:00+00:00,8099.0187
2025-10-04 08:45:00+00:00,8099.0187
2025-10-04 09:00:00+00:00,8260.9991
2025-10-04 09:15:00+00:00,8260.9991
2025-10-04 09:30:00+00:00,8260.9991
2025-10-04 09:45:00+00:00,8260.9991
2025-10-04 10:00:00+00:00,8260.9991
2025-10-04 10:15:00+00:00,8426.2191
2025-10-04 10:30:00+00:00,8426.2191
2025-10-04 10:45:00+00:00,8426.2191
2025-10-04 11:00:00+00:00,8426.2191
2025-10-04 11:15:00+00:00,8426.2191
2025-10-04 11:30:00+00:00,8426.2191
2025-10-04 11:45:00+00:00,8426.2191
2025-10-04 12:00:00+00:00,8426.2191
2025-10-04 12:15:00+00:00,8426.2191
2025-10-04 12:30:00+00:00,8426.2191
2025-10-04 12:45:00+00:00,8341.9569
2025-10-04 13:00:00+00:00,8341.9569
2025-10-04 13:15:00+00:00,8341.9569
2025-10-04 13:30:00+00:00,8341.9569
2025-10-04 13:45:00+00:00,8341.9569
2025-10-04 14:00:00+00:00,8341.9569
2025-10-04 14:15:00+00:00,8341.9569
2025-10-04 14:30:00+00:00,8341.9569
2025-10-04 14:45:00+00:00,8258.5373
2025-10-04 15:00:00+00:00,8258.5373
2025-10-04 15:15:00+00:00,8258.5373
2025-10-04 15:30:00+00:00,8258.5373
2025-10-04 15:45:00+00:00,8258.5373
2025-10-04 16:00:00+00:00,8175.952
2025-10-04 16:15:00+00:00,8175.952
2025-10-04 16:30:00+00:00,8175.952
2025-10-04 16:45:00+00:00,8175.952
2025-10-04 17:00:00+00:00,8175.952
2025-10-04 17:15:00+00:00,8175.952
2025-10-04 17:30:00+00:00,8175.952
2025-10-04 17:45:00+00:00,8175.952
2025-10-04 18:00:00+00:00,8175.952
2025-10-04 18:15:00+00:00,8175.952
2025-10-04 18:30:00+00:00,8175.952
2025-10-04 18:45:00+00:00,8094.1924
2025-10-04 19:00:00+00:00,8094.1924
2025-10-04 19:15:00+00:00,8094.1924
2025-10-04 19:30:00+00:00,8094.1924
2025-10-04 19:45:00+00:00,8094.1924
2025-10-04 20:00:00+00:00,8094.1924
2025-10-04 20:15:00+00:00,8094.1924
2025-10-04 20:30:00+00:00,8094.1924
2025-10-04 20:45:00+00:00,8094.1924
2025-10-04 21:00:00+00:00,8013.2505
2025-10-04 21:15:00+00:00,8013.2505
2025-10-04 21:30:00+00:00,8013.2505
2025-10-04 21:45:00+00:00,8173.5155
2025-10-04 22:00:00+00:00,8173.5155
2025-10-04 22:15:00+00:00,8173.5155
2025-10-04 22:30:00+00:00,8173.5155
2025-10-04 22:45:00+00:00,8173.5155
2025-10-04 23:00:00+00:00,8173.5155
2025-10-04 23:15:00+00:00,8173.5155
2025-10-04 23:30:00+00:00,8091.7804
2025-10-04 23:45:00+00:00,8091.7804
2025-10-05 00:00:00+00:00,8010.8626
2025-10-05 00:15:00+00:00,8010.8626
2025-10-05 00:30:00+00:00,8010.8626
2025-10-05 00:45:00+00:00,7930.7539
2025-10-05 01:00:00+00:00,7930.7539
2025-10-05 01:15:00+00:00,7851.4464
2025-10-05 01:30:00+00:00,7851.4464
2025-10-05 01:45:00+00:00,7851.4464
2025-10-05 02:00:00+00:00,7851.4464
2025-10-05 02:15:00+00:00,8008.4753
2025-10-05 02:30:00+00:00,8008.4753
2025-10-05 02:45:00+00:00,8008.4753
2025-10-05 03:00:00+00:00,8008.4753
2025-10-05 03:15:00+00:00,8008.4753
2025-10-05 03:30:00+00:00,8008.4753
2025-10-05 03:45:00+00:00,8008.4753
2025-10-05 04:00:00+00:00,8008.4753
2025-10-05 04:15:00+00:00,8008.4753
2025-10-05 04:30:00+00:00,8008.4753
2025-10-05 04:45:00+00:00,8008.4753
2025-10-05 05:00:00+00:00,8008.4753
2025-10-05 05:15:00+00:00,8008.4753
2025-10-05 05:30:00+00:00,8008.4753
2025-10-05 05:45:00+00:00,8008.4753
2025-10-05 06:00:00+00:00,8008.4753
2025-10-05 06:15:00+00:00,8008.4753
2025-10-05 06:30:00+00:00,8008.4753
2025-10-05 06:45:00+00:00,8008.4753
2025-10-05 07:00:00+00:00,8008.4753
2025-10-05 07:15:00+00:00,8008.4753
2025-10-05 07:30:00+00:00,8008.4753
2025-10-05 07:45:00+00:00,8008.4753
2025-10-05 08:00:00+00:00,8008.4753
2025-10-05 08:15:00+00:00,8008.4753
2025-10-05 08:30:00+00:00,8008.4753
2025-10-05 08:45:00+00:00,8008.4753
2025-10-05 09:00:00+00:00,8008.4753
2025-10-05 09:15:00+00:00,8008.4753
2025-10-05 09:30:00+00:00,8008.4753
2025-10-05 09:45:00+00:00,8008.4753
2025-10-05 10:00:00+00:00,7928.3906
2025-10-05 10:15:00+00:00,7928.3906
2025-10-05 10:30:00+00:00,7849.1067
2025-10-05 10:45:00+00:00,7849.1067
2025-10-05 11:00:00+00:00,7849.1067
2025-10-05 11:15:00+00:00,8006.0888
2025-10-05 11:30:00+00:00,8006.0888
2025-10-05 11:45:00+00:00,8006.0888
2025-10-05 12:00:00+00:00,7926.0279
2025-10-05 12:15:00+00:00,7926.0279
2025-10-05 12:30:00+00:00,7926.0279
2025-10-05 12:45:00+00:00,7926.0279
2025-10-05 13:00:00+00:00,8084.5485
2025-10-05 13:15:00+00:00,8084.5485
2025-10-05 13:30:00+00:00,8084.5485
2025-10-05 13:45:00+00:00,8003.703
2025-10-05 14:00:00+00:00,8003.703
2025-10-05 14:15:00+00:00,8003.703
2025-10-05 14:30:00+00:00,8163.777
2025-10-05 14:45:00+00:00,8163.777
2025-10-05 15:00:00+00:00,8163.777
2025-10-05 15:15:00+00:00,8163.777
2025-10-05 15:30:00+00:00,8327.0526
2025-10-05 15:45:00+00:00,8327.0526
2025-10-05 16:00:00+00:00,8327.0526
2025-10-05 16:15:00+00:00,8327.0526
2025-10-05 16:30:00+00:00,8327.0526
2025-10-05 16:45:00+00:00,8243.7821
2025-10-05 17:00:00+00:00,8243.7821
2025-10-05 17:15:00+00:00,8243.7821
2025-10-05 17:30:00+00:00,8243.7821
2025-10-05 17:45:00+00:00,8243.7821
2025-10-05 18:00:00+00:00,8243.7821
2025-10-05 18:15:00+00:00,8243.7821
2025-10-05 18:30:00+00:00,8243.7821
2025-10-05 18:45:00+00:00,8243.7821
2025-10-05 19:00:00+00:00,8408.6577
2025-10-05 19:15:00+00:00,8408.6577
2025-10-05 19:30:00+00:00,8408.6577
2025-10-05 19:45:00+00:00,8408.6577
2025-10-05 20:00:00+00:00,8576.8309
2025-10-05 20:15:00+00:00,8576.8309
2025-10-05 20:30:00+00:00,8576.8309
2025-10-05 20:45:00+00:00,8576.8309
2025-10-05 21:00:00+00:00,8576.8309
2025-10-05 21:15:00+00:00,8576.8309
2025-10-05 21:30:00+00:00,8576.8309
2025-10-05 21:45:00+00:00,8576.8309
2025-10-05 22:00:00+00:00,8491.0625
2025-10-05 22:15:00+00:00,8491.0625
2025-10-05 22:30:00+00:00,8491.0625
2025-10-05 22:45:00+00:00,8491.0625
2025-10-05 23:00:00+00:00,8491.0625
2025-10-05 23:15:00+00:00,8491.0625
2025-10-05 23:30:00+00:00,8406.1519
2025-10-05 23:45:00+00:00,8406.1519
2025-10-06 00:00:00+00:00,8322.0904
2025-10-06 00:15:00+00:00,8322.0904
2025-10-06 00:30:00+00:00,8322.0904
2025-10-06 00:45:00+00:00,8322.0904
2025-10-06 01:00:00+00:00,8322.0904
2025-10-06 01:15:00+00:00,8238.8695
2025-10-06 01:30:00+00:00,8238.8695
2025-10-06 01:45:00+00:00,8238.8695
2025-10-06 02:00:00+00:00,8238.8695
2025-10-06 02:15:00+00:00,8238.8695
2025-10-06 02:30:00+00:00,8156.4808
2025-10-06 02:45:00+00:00,8156.4808
2025-10-06 03:00:00+00:00,8156.4808
2025-10-06 03:15:00+00:00,8156.4808
2025-10-06 03:30:00+00:00,8156.4808
2025-10-06 03:45:00+00:00,8074.916
2025-10-06 04:00:00+00:00,8074.916
2025-10-06 04:15:00+00:00,8074.916
2025-10-06 04:30:00+00:00,7994.1668
2025-10-06 04:45:00+00:00,7994.1668
2025-10-06 05:00:00+00:00,7994.1668
2025-10-06 05:15:00+00:00,7994.1668
2025-10-06 05:30:00+00:00,7994.1668
2025-10-06 05:45:00+00:00,7994.1668
2025-10-06 06:00:00+00:00,7994.1668
2025-10-06 06:15:00+00:00,7994.1668
2025-10-06 06:30:00+00:00,7994.1668
2025-10-06 06:45:00+00:00,7994.1668
2025-10-06 07:00:00+00:00,7994.1668
2025-10-06 07:15:00+00:00,7994.1668
2025-10-06 07:30:00+00:00,7994.1668
2025-10-06 07:45:00+00:00,7914.2252
2025-10-06 08:00:00+00:00,7914.2252
2025-10-06 08:15:00+00:00,7914.2252
2025-10-06 08:30:00+00:00,7914.2252
2025-10-06 08:45:00+00:00,7914.2252
2025-10-06 09:00:00+00:00,7914.2252
2025-10-06 09:15:00+00:00,7914.2252
2025-10-06 09:30:00+00:00,7914.2252
2025-10-06 09:45:00+00:00,7914.2252
2025-10-06 10:00:00+00:00,7914.2252
2025-10-06 10:15:00+00:00,7914.2252
2025-10-06 10:30:00+00:00,7914.2252
2025-10-06 10:45:00+00:00,8072.5097
2025-10-06 11:00:00+00:00,8072.5097
2025-10-06 11:15:00+00:00,8072.5097
2025-10-06 11:30:00+00:00,8072.5097
2025-10-06 11:45:00+00:00,8072.5097
2025-10-06 12:00:00+00:00,8072.5097
2025-10-06 12:15:00+00:00,8072.5097
2025-10-06 12:30:00+00:00,8072.5097
2025-10-06 12:45:00+00:00,8072.5097
2025-10-06 13:00:00+00:00,8072.5097
2025-10-06 13:15:00+00:00,8072.5097
2025-10-06 13:30:00+00:00,8072.5097
2025-10-06 13:45:00+00:00,8072.5097
2025-10-06 14:00:00+00:00,8072.5097
2025-10-06 14:15:00+00:00,8072.5097
2025-10-06 14:30:00+00:00,8072.5097
2025-10-06 14:45:00+00:00,8072.5097
2025-10-06 15:00:00+00:00,8072.5097
2025-10-06 15:15:00+00:00,8072.5097
2025-10-06 15:30:00+00:00,8072.5097
2025-10-06 15:45:00+00:00,8072.5097
2025-10-06 16:00:00+00:00,8072.5097
2025-10-06 16:15:00+00:00,8072.5097
2025-10-06 16:30:00+00:00,8072.5097
2025-10-06 16:45:00+00:00,8072.5097
2025-10-06 17:00:00+00:00,8233.9599
2025-10-06 17:15:00+00:00,8233.9599
2025-10-06 17:30:00+00:00,8233.9599
2025-10-06 17:45:00+00:00,8233.9599
2025-10-06 18:00:00+00:00,8151.6203
2025-10-06 18:15:00+00:00,8151.6203
2025-10-06 18:30:00+00:00,8151.6203
2025-10-06 18:45:00+00:00,8314.6527
2025-10-06 19:00:00+00:00,8314.6527
2025-10-06 19:15:00+00:00,8314.6527
2025-10-06 19:30:00+00:00,8231.5061
2025-10-06 19:45:00+00:00,8231.5061
2025-10-06 20:00:00+00:00,8231.5061
2025-10-06 20:15:00+00:00,8149.1911
2025-10-06 20:30:00+00:00,8149.1911
2025-10-06 20:45:00+00:00,8149.1911
2025-10-06 21:00:00+00:00,8067.6992
2025-10-06 21:15:00+00:00,8067.6992
2025-10-06 21:30:00+00:00,8067.6992
2025-10-06 21:45:00+00:00,8067.6992
2025-10-06 22:00:00+00:00,8067.6992
2025-10-06 22:15:00+00:00,8067.6992
2025-10-06 22:30:00+00:00,8067.6992
2025-10-06 22:45:00+00:00,8067.6992
2025-10-06 23:00:00+00:00,8067.6992
2025-10-06 23:15:00+00:00,8067.6992
2025-10-06 23:30:00+00:00,8067.6992
2025-10-06 23:45:00+00:00,8067.6992
2025-10-07 00:00:00+00:00,7987.0222
2025-10-07 00:15:00+00:00,7987.0222
2025-10-07 00:30:00+00:00,7987.0222
2025-10-07 00:45:00+00:00,7987.0222
2025-10-07 01:00:00+00:00,7987.0222
2025-10-07 01:15:00+00:00,7907.152
2025-10-07 01:30:00+00:00,7907.152
2025-10-07 01:45:00+00:00,7907.152
2025-10-07 02:00:00+00:00,7907.152
2025-10-07 02:15:00+00:00,7828.0804
2025-10-07 02:30:00+00:00,7828.0804
2025-10-07 02:45:00+00:00,7828.0804
2025-10-07 03:00:00+00:00,7828.0804
2025-10-07 03:15:00+00:00,7749.7996
2025-10-07 03:30:00+00:00,7749.7996
2025-10-07 03:45:00+00:00,7749.7996
2025-10-07 04:00:00+00:00,7749.7996
2025-10-07 04:15:00+00:00,7749.7996
2025-10-07 04:30:00+00:00,7904.7956
2025-10-07 04:45:00+00:00,7904.7956
2025-10-07 05:00:00+00:00,8062.8915
2025-10-07 05:15:00+00:00,8062.8915
2025-10-07 05:30:00+00:00,7982.2626
2025-10-07 05:45:00+00:00,7982.2626
2025-10-07 06:00:00+00:00,7982.2626
2025-10-07 06:15:00+00:00,8141.9079
2025-10-07 06:30:00+00:00,8141.9079
2025-10-07 06:45:00+00:00,8141.9079
2025-10-07 07:00:00+00:00,8060.4888
2025-10-07 07:15:00+00:00,8060.4888
2025-10-07 07:30:00+00:00,8060.4888
2025-10-07 07:45:00+00:00,8060.4888
2025-10-07 08:00:00+00:00,8060.4888
2025-10-07 08:15:00+00:00,8221.6986
2025-10-07 08:30:00+00:00,8221.6986
2025-10-07 08:45:00+00:00,8221.6986
2025-10-07 09:00:00+00:00,8221.6986
2025-10-07 09:15:00+00:00,8221.6986
2025-10-07 09:30:00+00:00,8139.4816
2025-10-07 09:45:00+00:00,8139.4816
2025-10-07 10:00:00+00:00,8139.4816
2025-10-07 10:15:00+00:00,8139.4816
2025-10-07 10:30:00+00:00,8139.4816
2025-10-07 10:45:00+00:00,8139.4816
2025-10-07 11:00:00+00:00,8139.4816
2025-10-07 11:15:00+00:00,8139.4816
2025-10-07 11:30:00+00:00,8058.0868
2025-10-07 11:45:00+00:00,8058.0868
2025-10-07 12:00:00+00:00,8058.0868
2025-10-07 12:15:00+00:00,8058.0868
2025-10-07 12:30:00+00:00,7977.5059
2025-10-07 12:45:00+00:00,7977.5059
2025-10-07 13:00:00+00:00,7977.5059
2025-10-07 13:15:00+00:00,7977.5059
2025-10-07 13:30:00+00:00,8137.056
2025-10-07 13:45:00+00:00,8137.056
2025-10-07 14:00:00+00:00,8137.056
2025-10-07 14:15:00+00:00,8137.056
2025-10-07 14:30:00+00:00,8137.056
2025-10-07 14:45:00+00:00,8137.056
2025-10-07 15:00:00+00:00,8137.056
2025-10-07 15:15:00+00:00,8137.056
2025-10-07 15:30:00+00:00,8137.056
2025-10-07 15:45:00+00:00,8137.056
2025-10-07 16:00:00+00:00,8137.056
2025-10-07 16:15:00+00:00,8137.056
2025-10-07 16:30:00+00:00,8137.056
2025-10-07 16:45:00+00:00,8137.056
2025-10-07 17:00:00+00:00,8137.056
2025-10-07 17:15:00+00:00,8137.056
2025-10-07 17:30:00+00:00,8137.056
2025-10-07 17:45:00+00:00,8137.056
2025-10-07 18:00:00+00:00,8137.056
2025-10-07 18:15:00+00:00,8137.056
2025-10-07 18:30:00+00:00,8137.056
2025-10-07 18:45:00+00:00,8137.056
2025-10-07 19:00:00+00:00,8137.056
2025-10-07 19:15:00+00:00,8137.056
2025-10-07 19:30:00+00:00,8137.056
2025-10-07 19:45:00+00:00,8137.056
2025-10-07 20:00:00+00:00,8137.056
2025-10-07 20:15:00+00:00,8137.056
2025-10-07 20:30:00+00:00,8137.056
2025-10-07 20:45:00+00:00,8137.056
2025-10-07 21:00:00+00:00,8299.7971
2025-10-07 21:15:00+00:00,8299.7971
2025-10-07 21:30:00+00:00,8299.7971
2025-10-07 21:45:00+00:00,8299.7971
2025-10-07 22:00:00+00:00,8299.7971
2025-10-07 22:15:00+00:00,8299.7971
2025-10-07 22:30:00+00:00,8299.7971
2025-10-07 22:45:00+00:00,8299.7971
2025-10-07 23:00:00+00:00,8299.7971
2025-10-07 23:15:00+00:00,8299.7971
2025-10-07 23:30:00+00:00,8465.7931
2025-10-07 23:45:00+00:00,8465.7931
2025-10-08 00:00:00+00:00,8465.7931
2025-10-08 00:15:00+00:00,8465.7931
2025-10-08 00:30:00+00:00,8465.7931
2025-10-08 00:45:00+00:00,8465.7931
2025-10-08 01:00:00+00:00,8465.7931
2025-10-08 01:15:00+00:00,8381.1352
2025-10-08 01:30:00+00:00,8381.1352
2025-10-08 01:45:00+00:00,8381.1352
2025-10-08 02:00:00+00:00,8297.3238
2025-10-08 02:15:00+00:00,8297.3238
2025-10-08 02:30:00+00:00,8297.3238
2025-10-08 02:45:00+00:00,8297.3238
2025-10-08 03:00:00+00:00,8297.3238
2025-10-08 03:15:00+00:00,8297.3238
2025-10-08 03:30:00+00:00,8463.2703
2025-10-08 03:45:00+00:00,8463.2703
2025-10-08 04:00:00+00:00,8463.2703
2025-10-08 04:15:00+00:00,8463.2703
2025-10-08 04:30:00+00:00,8463.2703
2025-10-08 04:45:00+00:00,8463.2703
2025-10-08 05:00:00+00:00,8463.2703
2025-10-08 05:15:00+00:00,8632.5357
2025-10-08 05:30:00+00:00,8632.5357
2025-10-08 05:45:00+00:00,8632.5357
2025-10-08 06:00:00+00:00,8632.5357
2025-10-08 06:15:00+00:00,8632.5357
2025-10-08 06:30:00+00:00,8546.2103
2025-10-08 06:45:00+00:00,8546.2103
2025-10-08 07:00:00+00:00,8546.2103
2025-10-08 07:15:00+00:00,8546.2103
2025-10-08 07:30:00+00:00,8546.2103
2025-10-08 07:45:00+00:00,8546.2103
2025-10-08 08:00:00+00:00,8546.2103
2025-10-08 08:15:00+00:00,8460.7482
2025-10-08 08:30:00+00:00,8460.7482
2025-10-08 08:45:00+00:00,8460.7482
2025-10-08 09:00:00+00:00,8460.7482
2025-10-08 09:15:00+00:00,8460.7482
2025-10-08 09:30:00+00:00,8460.7482
2025-10-08 09:45:00+00:00,8460.7482
2025-10-08 10:00:00+00:00,8460.7482
2025-10-08 10:15:00+00:00,8460.7482
2025-10-08 10:30:00+00:00,8376.1407
2025-10-08 10:45:00+00:00,8376.1407
2025-10-08 11:00:00+00:00,8292.3793
2025-10-08 11:15:00+00:00,8292.3793
2025-10-08 11:30:00+00:00,8292.3793
2025-10-08 11:45:00+00:00,8292.3793
2025-10-08 12:00:00+00:00,8209.4555
2025-10-08 12:15:00+00:00,8209.4555
2025-10-08 12:30:00+00:00,8209.4555
2025-10-08 12:45:00+00:00,8209.4555
2025-10-08 13:00:00+00:00,8209.4555
2025-10-08 13:15:00+00:00,8209.4555
2025-10-08 13:30:00+00:00,8127.361
2025-10-08 13:45:00+00:00,8127.361
2025-10-08 14:00:00+00:00,8127.361
2025-10-08 14:15:00+00:00,8127.361
2025-10-08 14:30:00+00:00,8127.361
2025-10-08 14:45:00+00:00,8127.361
2025-10-08 15:00:00+00:00,8127.361
2025-10-08 15:15:00+00:00,8127.361
2025-10-08 15:30:00+00:00,8127.361
2025-10-08 15:45:00+00:00,8127.361
2025-10-08 16:00:00+00:00,8127.361
2025-10-08 16:15:00+00:00,8127.361
2025-10-08 16:30:00+00:00,8127.361
2025-10-08 16:45:00+00:00,8127.361
2025-10-08 17:00:00+00:00,8127.361
2025-10-08 17:15:00+00:00,8127.361
2025-10-08 17:30:00+00:00,8127.361
2025-10-08 17:45:00+00:00,8127.361
2025-10-08 18:00:00+00:00,8127.361
2025-10-08 18:15:00+00:00,8127.361
2025-10-08 18:30:00+00:00,8127.361
2025-10-08 18:45:00+00:00,8127.361
2025-10-08 19:00:00+00:00,8127.361
2025-10-08 19:15:00+00:00,8127.361
2025-10-08 19:30:00+00:00,8127.361
2025-10-08 19:45:00+00:00,8127.361
2025-10-08 20:00:00+00:00,8127.361
2025-10-08 20:15:00+00:00,8127.361
2025-10-08 20:30:00+00:00,8127.361
2025-10-08 20:45:00+00:00,8127.361
2025-10-08 21:00:00+00:00,8127.361
2025-10-08 21:15:00+00:00,8127.361
2025-10-08 21:30:00+00:00,8127.361
2025-10-08 21:45:00+00:00,8127.361
2025-10-08 22:00:00+00:00,8127.361
2025-10-08 22:15:00+00:00,8127.361
2025-10-08 22:30:00+00:00,8127.361
2025-10-08 22:45:00+00:00,8127.361
2025-10-08 23:00:00+00:00,8127.361
2025-10-08 23:15:00+00:00,8127.361
2025-10-08 23:30:00+00:00,8127.361
2025-10-08 23:45:00+00:00,8127.361
2025-10-09 00:00:00+00:00,8127.361
2025-10-09 00:15:00+00:00,8127.361
2025-10-09 00:30:00+00:00,8127.361
2025-10-09 00:45:00+00:00,8127.361
2025-10-09 01:00:00+00:00,8127.361
2025-10-09 01:15:00+00:00,8127.361
2025-10-09 01:30:00+00:00,8127.361
2025-10-09 01:45:00+00:00,8127.361
2025-10-09 02:00:00+00:00,8127.361
2025-10-09 02:15:00+00:00,8127.361
2025-10-09 02:30:00+00:00,8046.0874
2025-10-09 02:45:00+00:00,8046.0874
2025-10-09 03:00:00+00:00,8046.0874
2025-10-09 03:15:00+00:00,8046.0874
2025-10-09 03:30:00+00:00,8046.0874
2025-10-09 03:45:00+00:00,8046.0874
2025-10-09 04:00:00+00:00,7965.6265
2025-10-09 04:15:00+00:00,7965.6265
2025-10-09 04:30:00+00:00,7965.6265
2025-10-09 04:45:00+00:00,7965.6265
2025-10-09 05:00:00+00:00,7965.6265
2025-10-09 05:15:00+00:00,7965.6265
2025-10-09 05:30:00+00:00,7965.6265
2025-10-09 05:45:00+00:00,7965.6265
2025-10-09 06:00:00+00:00,7965.6265
2025-10-09 06:15:00+00:00,7965.6265
2025-10-09 06:30:00+00:00,7965.6265
2025-10-09 06:45:00+00:00,7965.6265
2025-10-09 07:00:00+00:00,7965.6265
2025-10-09 07:15:00+00:00,7965.6265
2025-10-09 07:30:00+00:00,7965.6265
2025-10-09 07:45:00+00:00,7965.6265
2025-10-09 08:00:00+00:00,7965.6265
2025-10-09 08:15:00+00:00,8124.939
2025-10-09 08:30:00+00:00,8124.939
2025-10-09 08:45:00+00:00,8124.939
2025-10-09 09:00:00+00:00,8043.6896
2025-10-09 09:15:00+00:00,8043.6896
2025-10-09 09:30:00+00:00,8043.6896
2025-10-09 09:45:00+00:00,7963.2527
2025-10-09 10:00:00+00:00,7963.2527
2025-10-09 10:15:00+00:00,7963.2527
2025-10-09 10:30:00+00:00,7883.6202
2025-10-09 10:45:00+00:00,7883.6202
2025-10-09 11:00:00+00:00,7804.784
2025-10-09 11:15:00+00:00,7804.784
2025-10-09 11:30:00+00:00,7804.784
2025-10-09 11:45:00+00:00,7804.784
2025-10-09 12:00:00+00:00,7726.7362
2025-10-09 12:15:00+00:00,7726.7362
2025-10-09 12:30:00+00:00,7726.7362
2025-10-09 12:45:00+00:00,7726.7362
2025-10-09 13:00:00+00:00,7726.7362
2025-10-09 13:15:00+00:00,7726.7362
2025-10-09 13:30:00+00:00,7726.7362
2025-10-09 13:45:00+00:00,7881.2709
2025-10-09 14:00:00+00:00,7881.2709
2025-10-09 14:15:00+00:00,7802.4582
2025-10-09 14:30:00+00:00,7802.4582
2025-10-09 14:45:00+00:00,7802.4582
2025-10-09 15:00:00+00:00,7802.4582
2025-10-09 15:15:00+00:00,7802.4582
2025-10-09 15:30:00+00:00,7802.4582
2025-10-09 15:45:00+00:00,7724.4336
2025-10-09 16:00:00+00:00,7724.4336
2025-10-09 16:15:00+00:00,7724.4336
2025-10-09 16:30:00+00:00,7724.4336
2025-10-09 16:45:00+00:00,7724.4336
2025-10-09 17:00:00+00:00,7724.4336
2025-10-09 17:15:00+00:00,7724.4336
2025-10-09 17:30:00+00:00,7724.4336
2025-10-09 17:45:00+00:00,7724.4336
2025-10-09 18:00:00+00:00,7724.4336
2025-10-09 18:15:00+00:00,7724.4336
2025-10-09 18:30:00+00:00,7724.4336
2025-10-09 18:45:00+00:00,7724.4336
2025-10-09 19:00:00+00:00,7724.4336
2025-10-09 19:15:00+00:00,7647.1893
2025-10-09 19:30:00+00:00,7647.1893
2025-10-09 19:45:00+00:00,7647.1893
2025-10-09 20:00:00+00:00,7570.7174
2025-10-09 20:15:00+00:00,7570.7174
2025-10-09 20:30:00+00:00,7570.7174
2025-10-09 20:45:00+00:00,7570.7174
2025-10-09 21:00:00+00:00,7570.7174
2025-10-09 21:15:00+00:00,7570.7174
2025-10-09 21:30:00+00:00,7495.0102
2025-10-09 21:45:00+00:00,7495.0102
2025-10-09 22:00:00+00:00,7495.0102
2025-10-09 22:15:00+00:00,7495.0102
2025-10-09 22:30:00+00:00,7495.0102
2025-10-09 22:45:00+00:00,7495.0102
2025-10-09 23:00:00+00:00,7495.0102
2025-10-09 23:15:00+00:00,7495.0102
2025-10-09 23:30:00+00:00,7495.0102
2025-10-09 23:45:00+00:00,7420.0601
2025-10-10 00:00:00+00:00,7420.0601
2025-10-10 00:15:00+00:00,7345.8595
2025-10-10 00:30:00+00:00,7345.8595
2025-10-10 00:45:00+00:00,7345.8595
2025-10-10 01:00:00+00:00,7272.4009
2025-10-10 01:15:00+00:00,7272.4009
2025-10-10 01:30:00+00:00,7272.4009
2025-10-10 01:45:00+00:00,7272.4009
2025-10-10 02:00:00+00:00,7272.4009
2025-10-10 02:15:00+00:00,7272.4009
2025-10-10 02:30:00+00:00,7417.8489
2025-10-10 02:45:00+00:00,7417.8489
2025-10-10 03:00:00+00:00,7417.8489
2025-10-10 03:15:00+00:00,7417.8489
2025-10-10 03:30:00+00:00,7417.8489
2025-10-10 03:45:00+00:00,7417.8489
2025-10-10 04:00:00+00:00,7417.8489
2025-10-10 04:15:00+00:00,7417.8489
2025-10-10 04:30:00+00:00,7417.8489
2025-10-10 04:45:00+00:00,7417.8489
2025-10-10 05:00:00+00:00,7417.8489
2025-10-10 05:15:00+00:00,7417.8489
2025-10-10 05:30:00+00:00,7417.8489
2025-10-10 05:45:00+00:00,7343.6704
2025-10-10 06:00:00+00:00,7343.6704
2025-10-10 06:15:00+00:00,7343.6704
2025-10-10 06:30:00+00:00,7343.6704
2025-10-10 06:45:00+00:00,7343.6704
2025-10-10 07:00:00+00:00,7490.5438
2025-10-10 07:15:00+00:00,7490.5438
2025-10-10 07:30:00+00:00,7490.5438
2025-10-10 07:45:00+00:00,7490.5438
2025-10-10 08:00:00+00:00,7490.5438
2025-10-10 08:15:00+00:00,7490.5438
2025-10-10 08:30:00+00:00,7490.5438
2025-10-10 08:45:00+00:00,7415.6384
2025-10-10 09:00:00+00:00,7415.6384
2025-10-10 09:15:00+00:00,7341.482
2025-10-10 09:30:00+00:00,7341.482
2025-10-10 09:45:00+00:00,7488.3117
2025-10-10 10:00:00+00:00,7488.3117
2025-10-10 10:15:00+00:00,7488.3117
2025-10-10 10:30:00+00:00,7488.3117
2025-10-10 10:45:00+00:00,7413.4285
2025-10-10 11:00:00+00:00,7413.4285
2025-10-10 11:15:00+00:00,7413.4285
2025-10-10 11:30:00+00:00,7339.2943
2025-10-10 11:45:00+00:00,7339.2943
2025-10-10 12:00:00+00:00,7339.2943
2025-10-10 12:15:00+00:00,7339.2943
2025-10-10 12:30:00+00:00,7339.2943
2025-10-10 12:45:00+00:00,7339.2943
2025-10-10 13:00:00+00:00,7265.9013
2025-10-10 13:15:00+00:00,7265.9013
2025-10-10 13:30:00+00:00,7411.2193
2025-10-10 13:45:00+00:00,7411.2193
2025-10-10 14:00:00+00:00,7411.2193
2025-10-10 14:15:00+00:00,7411.2193
2025-10-10 14:30:00+00:00,7411.2193
2025-10-10 14:45:00+00:00,7337.1072
2025-10-10 15:00:00+00:00,7337.1072
2025-10-10 15:15:00+00:00,7483.8493
2025-10-10 15:30:00+00:00,7483.8493
2025-10-10 15:45:00+00:00,7483.8493
2025-10-10 16:00:00+00:00,7483.8493
2025-10-10 16:15:00+00:00,7483.8493
2025-10-10 16:30:00+00:00,7483.8493
2025-10-10 16:45:00+00:00,7483.8493
2025-10-10 17:00:00+00:00,7483.8493
2025-10-10 17:15:00+00:00,7483.8493
2025-10-10 17:30:00+00:00,7483.8493
2025-10-10 17:45:00+00:00,7483.8493
2025-10-10 18:00:00+00:00,7483.8493
2025-10-10 18:15:00+00:00,7483.8493
2025-10-10 18:30:00+00:00,7483.8493
2025-10-10 18:45:00+00:00,7483.8493
2025-10-10 19:00:00+00:00,7483.8493
2025-10-10 19:15:00+00:00,7483.8493
2025-10-10 19:30:00+00:00,7483.8493
2025-10-10 19:45:00+00:00,7483.8493
2025-10-10 20:00:00+00:00,7483.8493
2025-10-10 20:15:00+00:00,7483.8493
2025-10-10 20:30:00+00:00,7483.8493
2025-10-10 20:45:00+00:00,7483.8493
2025-10-10 21:00:00+00:00,7483.8493
2025-10-10 21:15:00+00:00,7483.8493
2025-10-10 21:30:00+00:00,7483.8493
2025-10-10 21:45:00+00:00,7483.8493
2025-10-10 22:00:00+00:00,7483.8493
2025-10-10 22:15:00+00:00,7483.8493
2025-10-10 22:30:00+00:00,7483.8493
2025-10-10 22:45:00+00:00,7483.8493
2025-10-10 23:00:00+00:00,7483.8493
2025-10-10 23:15:00+00:00,7483.8493
2025-10-10 23:30:00+00:00,7483.8493
2025-10-10 23:45:00+00:00,7483.8493
2025-10-11 00:00:00+00:00,7483.8493
2025-10-11 00:15:00+00:00,7483.8493
2025-10-11 00:30:00+00:00,7483.8493
2025-10-11 00:45:00+00:00,7483.8493
2025-10-11 01:00:00+00:00,7483.8493
2025-10-11 01:15:00+00:00,7483.8493
2025-10-11 01:30:00+00:00,7483.8493
2025-10-11 01:45:00+00:00,7483.8493
2025-10-11 02:00:00+00:00,7483.8493
2025-10-11 02:15:00+00:00,7483.8493
2025-10-11 02:30:00+00:00,7483.8493
2025-10-11 02:45:00+00:00,7483.8493
2025-10-11 03:00:00+00:00,7483.8493
2025-10-11 03:15:00+00:00,7483.8493
2025-10-11 03:30:00+00:00,7483.8493
2025-10-11 03:45:00+00:00,7483.8493
2025-10-11 04:00:00+00:00,7483.8493
2025-10-11 04:15:00+00:00,7483.8493
2025-10-11 04:30:00+00:00,7483.8493
2025-10-11 04:45:00+00:00,7483.8493
2025-10-11 05:00:00+00:00,7483.8493
2025-10-11 05:15:00+00:00,7483.8493
2025-10-11 05:30:00+00:00,7483.8493
2025-10-11 05:45:00+00:00,7483.8493
2025-10-11 06:00:00+00:00,7483.8493
2025-10-11 06:15:00+00:00,7483.8493
2025-10-11 06:30:00+00:00,7483.8493
2025-10-11 06:45:00+00:00,7483.8493
2025-10-11 07:00:00+00:00,7483.8493
2025-10-11 07:15:00+00:00,7483.8493
2025-10-11 07:30:00+00:00,7483.8493
2025-10-11 07:45:00+00:00,7483.8493
2025-10-11 08:00:00+00:00,7483.8493
2025-10-11 08:15:00+00:00,7483.8493
2025-10-11 08:30:00+00:00,7483.8493
2025-10-11 08:45:00+00:00,7483.8493
2025-10-11 09:00:00+00:00,7483.8493
2025-10-11 09:15:00+00:00,7483.8493
2025-10-11 09:30:00+00:00,7483.8493
2025-10-11 09:45:00+00:00,7483.8493
2025-10-11 10:00:00+00:00,7483.8493
2025-10-11 10:15:00+00:00,7483.8493
2025-10-11 10:30:00+00:00,7483.8493
2025-10-11 10:45:00+00:00,7483.8493
2025-10-11 11:00:00+00:00,7483.8493
2025-10-11 11:15:00+00:00,7483.8493
2025-10-11 11:30:00+00:00,7483.8493
2025-10-11 11:45:00+00:00,7483.8493
2025-10-11 12:00:00+00:00,7483.8493
2025-10-11 12:15:00+00:00,7483.8493
2025-10-11 12:30:00+00:00,7483.8493
2025-10-11 12:45:00+00:00,7483.8493
2025-10-11 13:00:00+00:00,7483.8493
2025-10-11 13:15:00+00:00,7483.8493
2025-10-11 13:30:00+00:00,7483.8493
2025-10-11 13:45:00+00:00,7483.8493
2025-10-11 14:00:00+00:00,7483.8493
2025-10-11 14:15:00+00:00,7483.8493
2025-10-11 14:30:00+00:00,7483.8493
2025-10-11 14:45:00+00:00,7483.8493
2025-10-11 15:00:00+00:00,7483.8493
2025-10-11 15:15:00+00:00,7483.8493
2025-10-11 15:30:00+00:00,7483.8493
2025-10-11 15:45:00+00:00,7633.5263
2025-10-11 16:00:00+00:00,7633.5263
2025-10-11 16:15:00+00:00,7633.5263
2025-10-11 16:30:00+00:00,7633.5263
2025-10-11 16:45:00+00:00,7633.5263
2025-10-11 17:00:00+00:00,7633.5263
2025-10-11 17:15:00+00:00,7633.5263
2025-10-11 17:30:00+00:00,7633.5263
2025-10-11 17:45:00+00:00,7633.5263
2025-10-11 18:00:00+00:00,7633.5263
2025-10-11 18:15:00+00:00,7633.5263
2025-10-11 18:30:00+00:00,7633.5263
2025-10-11 18:45:00+00:00,7633.5263
2025-10-11 19:00:00+00:00,7786.1968
2025-10-11 19:15:00+00:00,7786.1968
2025-10-11 19:30:00+00:00,7786.1968
2025-10-11 19:45:00+00:00,7786.1968
2025-10-11 20:00:00+00:00,7786.1968
2025-10-11 20:15:00+00:00,7786.1968
2025-10-11 20:30:00+00:00,7786.1968
2025-10-11 20:45:00+00:00,7786.1968
2025-10-11 21:00:00+00:00,7786.1968
2025-10-11 21:15:00+00:00,7786.1968
2025-10-11 21:30:00+00:00,7786.1968
2025-10-11 21:45:00+00:00,7786.1968
2025-10-11 22:00:00+00:00,7786.1968
2025-10-11 22:15:00+00:00,7786.1968
2025-10-11 22:30:00+00:00,7786.1968
2025-10-11 22:45:00+00:00,7786.1968
2025-10-11 23:00:00+00:00,7786.1968
2025-10-11 23:15:00+00:00,7786.1968
2025-10-11 23:30:00+00:00,7786.1968
2025-10-11 23:45:00+00:00,7786.1968
2025-10-12 00:00:00+00:00,7786.1968
2025-10-12 00:15:00+00:00,7786.1968
2025-10-12 00:30:00+00:00,7786.1968
2025-10-12 00:45:00+00:00,7786.1968
2025-10-12 01:00:00+00:00,7786.1968
2025-10-12 01:15:00+00:00,7786.1968
2025-10-12 01:30:00+00:00,7786.1968
2025-10-12 01:45:00+00:00,7786.1968
2025-10-12 02:00:00+00:00,7786.1968
2025-10-12 02:15:00+00:00,7786.1968
2025-10-12 02:30:00+00:00,7786.1968
2025-10-12 02:45:00+00:00,7786.1968
2025-10-12 03:00:00+00:00,7786.1968
2025-10-12 03:15:00+00:00,7786.1968
2025-10-12 03:30:00+00:00,7786.1968
2025-10-12 03:45:00+00:00,7786.1968
2025-10-12 04:00:00+00:00,7786.1968
2025-10-12 04:15:00+00:00,7786.1968
2025-10-12 04:30:00+00:00,7708.3348
2025-10-12 04:45:00+00:00,7708.3348
2025-10-12 05:00:00+00:00,7708.3348
2025-10-12 05:15:00+00:00,7631.2515
2025-10-12 05:30:00+00:00,7631.2515
2025-10-12 05:45:00+00:00,7554.939
2025-10-12 06:00:00+00:00,7554.939
2025-10-12 06:15:00+00:00,7554.939
2025-10-12 06:30:00+00:00,7554.939
2025-10-12 06:45:00+00:00,7554.939
2025-10-12 07:00:00+00:00,7554.939
2025-10-12 07:15:00+00:00,7479.3896
2025-10-12 07:30:00+00:00,7479.3896
2025-10-12 07:45:00+00:00,7479.3896
2025-10-12 08:00:00+00:00,7479.3896
2025-10-12 08:15:00+00:00,7404.5957
2025-10-12 08:30:00+00:00,7404.5957
2025-10-12 08:45:00+00:00,7404.5957
2025-10-12 09:00:00+00:00,7552.6876
2025-10-12 09:15:00+00:00,7552.6876
2025-10-12 09:30:00+00:00,7552.6876
2025-10-12 09:45:00+00:00,7703.7414
2025-10-12 10:00:00+00:00,7703.7414
2025-10-12 10:15:00+00:00,7626.7039
2025-10-12 10:30:00+00:00,7626.7039
2025-10-12 10:45:00+00:00,7626.7039
2025-10-12 11:00:00+00:00,7550.4369
2025-10-12 11:15:00+00:00,7550.4369
2025-10-12 11:30:00+00:00,7550.4369
2025-10-12 11:45:00+00:00,7550.4369
2025-10-12 12:00:00+00:00,7550.4369
2025-10-12 12:15:00+00:00,7550.4369
2025-10-12 12:30:00+00:00,7550.4369
2025-10-12 12:45:00+00:00,7474.9325
2025-10-12 13:00:00+00:00,7474.9325
2025-10-12 13:15:00+00:00,7400.1832
2025-10-12 13:30:00+00:00,7400.1832
2025-10-12 13:45:00+00:00,7326.1814
2025-10-12 14:00:00+00:00,7326.1814
2025-10-12 14:15:00+00:00,7326.1814
2025-10-12 14:30:00+00:00,7252.9196
2025-10-12 14:45:00+00:00,7252.9196
2025-10-12 15:00:00+00:00,7252.9196
2025-10-12 15:15:00+00:00,7252.9196
2025-10-12 15:30:00+00:00,7252.9196
2025-10-12 15:45:00+00:00,7252.9196
2025-10-12 16:00:00+00:00,7397.978
2025-10-12 16:15:00+00:00,7397.978
2025-10-12 16:30:00+00:00,7397.978
2025-10-12 16:45:00+00:00,7397.978
2025-10-12 17:00:00+00:00,7397.978
2025-10-12 17:15:00+00:00,7397.978
2025-10-12 17:30:00+00:00,7397.978
2025-10-12 17:45:00+00:00,7397.978
2025-10-12 18:00:00+00:00,7397.978
2025-10-12 18:15:00+00:00,7397.978
2025-10-12 18:30:00+00:00,7397.978
2025-10-12 18:45:00+00:00,7397.978
2025-10-12 19:00:00+00:00,7397.978
2025-10-12 19:15:00+00:00,7397.978
2025-10-12 19:30:00+00:00,7397.978
2025-10-12 19:45:00+00:00,7397.978
2025-10-12 20:00:00+00:00,7397.978
2025-10-12 20:15:00+00:00,7397.978
2025-10-12 20:30:00+00:00,7397.978
2025-10-12 20:45:00+00:00,7397.978
2025-10-12 21:00:00+00:00,7397.978
2025-10-12 21:15:00+00:00,7397.978
2025-10-12 21:30:00+00:00,7397.978
2025-10-12 21:45:00+00:00,7397.978
2025-10-12 22:00:00+00:00,7397.978
2025-10-12 22:15:00+00:00,7397.978
2025-10-12 22:30:00+00:00,7397.978
2025-10-12 22:45:00+00:00,7397.978
2025-10-12 23:00:00+00:00,7397.978
2025-10-12 23:15:00+00:00,7397.978
2025-10-12 23:30:00+00:00,7397.978
2025-10-12 23:45:00+00:00,7397.978
2025-10-13 00:00:00+00:00,7397.978
2025-10-13 00:15:00+00:00,7397.978
2025-10-13 00:30:00+00:00,7397.978
2025-10-13 00:45:00+00:00,7397.978
2025-10-13 01:00:00+00:00,7397.978
2025-10-13 01:15:00+00:00,7397.978
2025-10-13 01:30:00+00:00,7397.978
2025-10-13 01:45:00+00:00,7397.978
2025-10-13 02:00:00+00:00,7397.978
2025-10-13 02:15:00+00:00,7397.978
2025-10-13 02:30:00+00:00,7397.978
2025-10-13 02:45:00+00:00,7397.978
2025-10-13 03:00:00+00:00,7397.978
2025-10-13 03:15:00+00:00,7397.978
2025-10-13 03:30:00+00:00,7397.978
2025-10-13 03:45:00+00:00,7397.978
2025-10-13 04:00:00+00:00,7397.978
2025-10-13 04:15:00+00:00,7397.978
2025-10-13 04:30:00+00:00,7397.978
2025-10-13 04:45:00+00:00,7397.978
2025-10-13 05:00:00+00:00,7397.978
2025-10-13 05:15:00+00:00,7397.978
2025-10-13 05:30:00+00:00,7397.978
2025-10-13 05:45:00+00:00,7397.978
2025-10-13 06:00:00+00:00,7397.978
2025-10-13 06:15:00+00:00,7397.978
2025-10-13 06:30:00+00:00,7545.9375
2025-10-13 06:45:00+00:00,7545.9375
2025-10-13 07:00:00+00:00,7545.9375
2025-10-13 07:15:00+00:00,7545.9375
2025-10-13 07:30:00+00:00,7545.9375
2025-10-13 07:45:00+00:00,7545.9375
2025-10-13 08:00:00+00:00,7545.9375
2025-10-13 08:15:00+00:00,7545.9375
2025-10-13 08:30:00+00:00,7545.9375
2025-10-13 08:45:00+00:00,7545.9375
2025-10-13 09:00:00+00:00,7470.4781
2025-10-13 09:15:00+00:00,7470.4781
2025-10-13 09:30:00+00:00,7470.4781
2025-10-13 09:45:00+00:00,7470.4781
2025-10-13 10:00:00+00:00,7470.4781
2025-10-13 10:15:00+00:00,7470.4781
2025-10-13 10:30:00+00:00,7395.7734
2025-10-13 10:45:00+00:00,7395.7734
2025-10-13 11:00:00+00:00,7321.8156
2025-10-13 11:15:00+00:00,7321.8156
2025-10-13 11:30:00+00:00,7321.8156
2025-10-13 11:45:00+00:00,7321.8156
2025-10-13 12:00:00+00:00,7321.8156
2025-10-13 12:15:00+00:00,7321.8156
2025-10-13 12:30:00+00:00,7321.8156
2025-10-13 12:45:00+00:00,7321.8156
2025-10-13 13:00:00+00:00,7321.8156
2025-10-13 13:15:00+00:00,7321.8156
2025-10-13 13:30:00+00:00,7468.2519
2025-10-13 13:45:00+00:00,7468.2519
2025-10-13 14:00:00+00:00,7468.2519
2025-10-13 14:15:00+00:00,7393.5694
2025-10-13 14:30:00+00:00,7393.5694
2025-10-13 14:45:00+00:00,7319.6337
2025-10-13 15:00:00+00:00,7319.6337
2025-10-13 15:15:00+00:00,7319.6337
2025-10-13 15:30:00+00:00,7319.6337
2025-10-13 15:45:00+00:00,7319.6337
2025-10-13 16:00:00+00:00,7319.6337
2025-10-13 16:15:00+00:00,7319.6337
2025-10-13 16:30:00+00:00,7319.6337
2025-10-13 16:45:00+00:00,7319.6337
2025-10-13 17:00:00+00:00,7319.6337
2025-10-13 17:15:00+00:00,7319.6337
2025-10-13 17:30:00+00:00,7319.6337
2025-10-13 17:45:00+00:00,7319.6337
2025-10-13 18:00:00+00:00,7319.6337
2025-10-13 18:15:00+00:00,7319.6337
2025-10-13 18:30:00+00:00,7466.0264
2025-10-13 18:45:00+00:00,7466.0264
2025-10-13 19:00:00+00:00,7466.0264
2025-10-13 19:15:00+00:00,7615.3469
2025-10-13 19:30:00+00:00,7615.3469
2025-10-13 19:45:00+00:00,7615.3469
2025-10-13 20:00:00+00:00,7615.3469
2025-10-13 20:15:00+00:00,7615.3469
2025-10-13 20:30:00+00:00,7539.1935
2025-10-13 20:45:00+00:00,7539.1935
2025-10-13 21:00:00+00:00,7539.1935
2025-10-13 21:15:00+00:00,7539.1935
2025-10-13 21:30:00+00:00,7539.1935
2025-10-13 21:45:00+00:00,7539.1935
2025-10-13 22:00:00+00:00,7539.1935
2025-10-13 22:15:00+00:00,7539.1935
2025-10-13 22:30:00+00:00,7463.8015
2025-10-13 22:45:00+00:00,7463.8015
2025-10-13 23:00:00+00:00,7463.8015
2025-10-13 23:15:00+00:00,7463.8015
2025-10-13 23:30:00+00:00,7389.1635
2025-10-13 23:45:00+00:00,7389.1635
2025-10-14 00:00:00+00:00,7389.1635
2025-10-14 00:15:00+00:00,7389.1635
2025-10-14 00:30:00+00:00,7389.1635
2025-10-14 00:45:00+00:00,7315.2719
2025-10-14 01:00:00+00:00,7315.2719
2025-10-14 01:15:00+00:00,7315.2719
2025-10-14 01:30:00+00:00,7315.2719
2025-10-14 01:45:00+00:00,7315.2719
2025-10-14 02:00:00+00:00,7315.2719
2025-10-14 02:15:00+00:00,7315.2719
2025-10-14 02:30:00+00:00,7315.2719
2025-10-14 02:45:00+00:00,7315.2719
2025-10-14 03:00:00+00:00,7315.2719
2025-10-14 03:15:00+00:00,7315.2719
2025-10-14 03:30:00+00:00,7315.2719
2025-10-14 03:45:00+00:00,7315.2719
2025-10-14 04:00:00+00:00,7315.2719
2025-10-14 04:15:00+00:00,7315.2719
2025-10-14 04:30:00+00:00,7315.2719
2025-10-14 04:45:00+00:00,7315.2719
2025-10-14 05:00:00+00:00,7315.2719
2025-10-14 05:15:00+00:00,7315.2719
2025-10-14 05:30:00+00:00,7315.2719
2025-10-14 05:45:00+00:00,7315.2719
2025-10-14 06:00:00+00:00,7315.2719
2025-10-14 06:15:00+00:00,7315.2719
2025-10-14 06:30:00+00:00,7315.2719
2025-10-14 06:45:00+00:00,7315.2719
2025-10-14 07:00:00+00:00,7315.2719
2025-10-14 07:15:00+00:00,7315.2719
2025-10-14 07:30:00+00:00,7315.2719
2025-10-14 07:45:00+00:00,7315.2719
2025-10-14 08:00:00+00:00,7315.2719
2025-10-14 08:15:00+00:00,7315.2719
2025-10-14 08:30:00+00:00,7315.2719
2025-10-14 08:45:00+00:00,7315.2719
2025-10-14 09:00:00+00:00,7315.2719
2025-10-14 09:15:00+00:00,7315.2719
2025-10-14 09:30:00+00:00,7315.2719
2025-10-14 09:45:00+00:00,7315.2719
2025-10-14 10:00:00+00:00,7315.2719
2025-10-14 10:15:00+00:00,7315.2719
2025-10-14 10:30:00+00:00,7315.2719
2025-10-14 10:45:00+00:00,7315.2719
2025-10-14 11:00:00+00:00,7315.2719
2025-10-14 11:15:00+00:00,7315.2719
2025-10-14 11:30:00+00:00,7315.2719
2025-10-14 11:45:00+00:00,7315.2719
2025-10-14 12:00:00+00:00,7315.2719
2025-10-14 12:15:00+00:00,7315.2719
2025-10-14 12:30:00+00:00,7315.2719
2025-10-14 12:45:00+00:00,7315.2719
2025-10-14 13:00:00+00:00,7315.2719
2025-10-14 13:15:00+00:00,7315.2719
2025-10-14 13:30:00+00:00,7315.2719
2025-10-14 13:45:00+00:00,7315.2719
2025-10-14 14:00:00+00:00,7315.2719
2025-10-14 14:15:00+00:00,7315.2719
2025-10-14 14:30:00+00:00,7315.2719
2025-10-14 14:45:00+00:00,7315.2719
2025-10-14 15:00:00+00:00,7315.2719
2025-10-14 15:15:00+00:00,7315.2719
2025-10-14 15:30:00+00:00,7315.2719
2025-10-14 15:45:00+00:00,7315.2719
2025-10-14 16:00:00+00:00,7315.2719
2025-10-14 16:15:00+00:00,7242.1192
2025-10-14 16:30:00+00:00,7242.1192
2025-10-14 16:45:00+00:00,7242.1192
2025-10-14 17:00:00+00:00,7242.1192
2025-10-14 17:15:00+00:00,7169.698
2025-10-14 17:30:00+00:00,7169.698
2025-10-14 17:45:00+00:00,7098.001
2025-10-14 18:00:00+00:00,7098.001
2025-10-14 18:15:00+00:00,7098.001
2025-10-14 18:30:00+00:00,7098.001
2025-10-14 18:45:00+00:00,7098.001
2025-10-14 19:00:00+00:00,7098.001
2025-10-14 19:15:00+00:00,7027.021
2025-10-14 19:30:00+00:00,7027.021
2025-10-14 19:45:00+00:00,7027.021
2025-10-14 20:00:00+00:00,7027.021
2025-10-14 20:15:00+00:00,7027.021
2025-10-14 20:30:00+00:00,7027.021
2025-10-14 20:45:00+00:00,7027.021
2025-10-14 21:00:00+00:00,7027.021
2025-10-14 21:15:00+00:00,7027.021
2025-10-14 21:30:00+00:00,7027.021
2025-10-14 21:45:00+00:00,7027.021
2025-10-14 22:00:00+00:00,6956.7508
2025-10-14 22:15:00+00:00,6956.7508
2025-10-14 22:30:00+00:00,6956.7508
2025-10-14 22:45:00+00:00,6956.7508
2025-10-14 23:00:00+00:00,6956.7508
2025-10-14 23:15:00+00:00,6956.7508
2025-10-14 23:30:00+00:00,6956.7508
2025-10-14 23:45:00+00:00,6956.7508
2025-10-15 00:00:00+00:00,6887.1833
2025-10-15 00:15:00+00:00,6887.1833
2025-10-15 00:30:00+00:00,6818.3114
2025-10-15 00:45:00+00:00,6818.3114
2025-10-15 01:00:00+00:00,6750.1283
2025-10-15 01:15:00+00:00,6750.1283
2025-10-15 01:30:00+00:00,6750.1283
2025-10-15 01:45:00+00:00,6750.1283
2025-10-15 02:00:00+00:00,6885.1309
2025-10-15 02:15:00+00:00,6885.1309
2025-10-15 02:30:00+00:00,6885.1309
2025-10-15 02:45:00+00:00,6816.2796
2025-10-15 03:00:00+00:00,6816.2796
2025-10-15 03:15:00+00:00,6816.2796
2025-10-15 03:30:00+00:00,6816.2796
2025-10-15 03:45:00+00:00,6816.2796
2025-10-15 04:00:00+00:00,6748.1168
2025-10-15 04:15:00+00:00,6748.1168
2025-10-15 04:30:00+00:00,6748.1168
2025-10-15 04:45:00+00:00,6748.1168
2025-10-15 05:00:00+00:00,6748.1168
2025-10-15 05:15:00+00:00,6748.1168
2025-10-15 05:30:00+00:00,6680.6356
2025-10-15 05:45:00+00:00,6680.6356
2025-10-15 06:00:00+00:00,6814.2483
2025-10-15 06:15:00+00:00,6814.2483
2025-10-15 06:30:00+00:00,6746.1058
2025-10-15 06:45:00+00:00,6746.1058
2025-10-15 07:00:00+00:00,6746.1058
2025-10-15 07:15:00+00:00,6746.1058
2025-10-15 07:30:00+00:00,6746.1058
2025-10-15 07:45:00+00:00,6746.1058
2025-10-15 08:00:00+00:00,6678.6448
2025-10-15 08:15:00+00:00,6678.6448
2025-10-15 08:30:00+00:00,6678.6448
2025-10-15 08:45:00+00:00,6678.6448
2025-10-15 09:00:00+00:00,6678.6448
2025-10-15 09:15:00+00:00,6678.6448
2025-10-15 09:30:00+00:00,6812.2177
2025-10-15 09:45:00+00:00,6812.2177
2025-10-15 10:00:00+00:00,6812.2177
2025-10-15 10:15:00+00:00,6812.2177
2025-10-15 10:30:00+00:00,6812.2177
2025-10-15 10:45:00+00:00,6812.2177
2025-10-15 11:00:00+00:00,6812.2177
2025-10-15 11:15:00+00:00,6948.462
2025-10-15 11:30:00+00:00,6948.462
2025-10-15 11:45:00+00:00,6948.462
2025-10-15 12:00:00+00:00,6948.462
2025-10-15 12:15:00+00:00,7087.4313
2025-10-15 12:30:00+00:00,7087.4313
2025-10-15 12:45:00+00:00,7087.4313
2025-10-15 13:00:00+00:00,7087.4313
2025-10-15 13:15:00+00:00,7087.4313
2025-10-15 13:30:00+00:00,7016.5569
2025-10-15 13:45:00+00:00,7016.5569
2025-10-15 14:00:00+00:00,7016.5569
2025-10-15 14:15:00+00:00,7016.5569
2025-10-15 14:30:00+00:00,7156.8881
2025-10-15 14:45:00+00:00,7156.8881
2025-10-15 15:00:00+00:00,7156.8881
2025-10-15 15:15:00+00:00,7156.8881
2025-10-15 15:30:00+00:00,7156.8881
2025-10-15 15:45:00+00:00,7156.8881
2025-10-15 16:00:00+00:00,7156.8881
2025-10-15 16:15:00+00:00,7156.8881
2025-10-15 16:30:00+00:00,7156.8881
2025-10-15 16:45:00+00:00,7156.8881
2025-10-15 17:00:00+00:00,7156.8881
2025-10-15 17:15:00+00:00,7156.8881
2025-10-15 17:30:00+00:00,7156.8881
2025-10-15 17:45:00+00:00,7156.8881
2025-10-15 18:00:00+00:00,7156.8881
2025-10-15 18:15:00+00:00,7085.3192
2025-10-15 18:30:00+00:00,7085.3192
2025-10-15 18:45:00+00:00,7014.466
2025-10-15 19:00:00+00:00,7014.466
2025-10-15 19:15:00+00:00,6944.3214
2025-10-15 19:30:00+00:00,6944.3214
2025-10-15 19:45:00+00:00,6944.3214
2025-10-15 20:00:00+00:00,6944.3214
2025-10-15 20:15:00+00:00,6874.8781
2025-10-15 20:30:00+00:00,6874.8781
2025-10-15 20:45:00+00:00,6874.8781
2025-10-15 21:00:00+00:00,6874.8781
2025-10-15 21:15:00+00:00,6874.8781
2025-10-15 21:30:00+00:00,6874.8781
2025-10-15 21:45:00+00:00,6874.8781
2025-10-15 22:00:00+00:00,6874.8781
2025-10-15 22:15:00+00:00,6874.8781
2025-10-15 22:30:00+00:00,6874.8781
2025-10-15 22:45:00+00:00,6874.8781
2025-10-15 23:00:00+00:00,6874.8781
2025-10-15 23:15:00+00:00,6874.8781
2025-10-15 23:30:00+00:00,6874.8781
2025-10-15 23:45:00+00:00,6874.8781
2025-10-16 00:00:00+00:00,6874.8781
2025-10-16 00:15:00+00:00,6874.8781
2025-10-16 00:30:00+00:00,7012.3757
2025-10-16 00:45:00+00:00,7012.3757
2025-10-16 01:00:00+00:00,7012.3757
2025-10-16 01:15:00+00:00,7012.3757
2025-10-16 01:30:00+00:00,6942.2519
2025-10-16 01:45:00+00:00,6942.2519
2025-10-16 02:00:00+00:00,6942.2519
2025-10-16 02:15:00+00:00,6942.2519
2025-10-16 02:30:00+00:00,6942.2519
2025-10-16 02:45:00+00:00,6872.8294
2025-10-16 03:00:00+00:00,6872.8294
2025-10-16 03:15:00+00:00,6804.1011
2025-10-16 03:30:00+00:00,6804.1011
2025-10-16 03:45:00+00:00,6804.1011
2025-10-16 04:00:00+00:00,6804.1011
2025-10-16 04:15:00+00:00,6804.1011
2025-10-16 04:30:00+00:00,6940.1832
2025-10-16 04:45:00+00:00,6940.1832
2025-10-16 05:00:00+00:00,6870.7813
2025-10-16 05:15:00+00:00,6870.7813
2025-10-16 05:30:00+00:00,6802.0735
2025-10-16 05:45:00+00:00,6802.0735
2025-10-16 06:00:00+00:00,6802.0735
2025-10-16 06:15:00+00:00,6802.0735
2025-10-16 06:30:00+00:00,6734.0528
2025-10-16 06:45:00+00:00,6734.0528
2025-10-16 07:00:00+00:00,6734.0528
2025-10-16 07:15:00+00:00,6734.0528
2025-10-16 07:30:00+00:00,6734.0528
2025-10-16 07:45:00+00:00,6868.7338
2025-10-16 08:00:00+00:00,6868.7338
2025-10-16 08:15:00+00:00,6868.7338
2025-10-16 08:30:00+00:00,6800.0465
2025-10-16 08:45:00+00:00,6800.0465
2025-10-16 09:00:00+00:00,6800.0465
2025-10-16 09:15:00+00:00,6800.0465
2025-10-16 09:30:00+00:00,6732.046
2025-10-16 09:45:00+00:00,6732.046
2025-10-16 10:00:00+00:00,6732.046
2025-10-16 10:15:00+00:00,6664.7256
2025-10-16 10:30:00+00:00,6664.7256
2025-10-16 10:45:00+00:00,6664.7256
2025-10-16 11:00:00+00:00,6664.7256
2025-10-16 11:15:00+00:00,6798.0201
2025-10-16 11:30:00+00:00,6798.0201
2025-10-16 11:45:00+00:00,6798.0201
2025-10-16 12:00:00+00:00,6798.0201
2025-10-16 12:15:00+00:00,6798.0201
2025-10-16 12:30:00+00:00,6730.0399
2025-10-16 12:45:00+00:00,6730.0399
2025-10-16 13:00:00+00:00,6864.6407
2025-10-16 13:15:00+00:00,6864.6407
2025-10-16 13:30:00+00:00,6864.6407
2025-10-16 13:45:00+00:00,6795.9943
2025-10-16 14:00:00+00:00,6795.9943
2025-10-16 14:15:00+00:00,6795.9943
2025-10-16 14:30:00+00:00,6795.9943
2025-10-16 14:45:00+00:00,6795.9943
2025-10-16 15:00:00+00:00,6795.9943
2025-10-16 15:15:00+00:00,6795.9943
2025-10-16 15:30:00+00:00,6728.0343
2025-10-16 15:45:00+00:00,6728.0343
2025-10-16 16:00:00+00:00,6728.0343
2025-10-16 16:15:00+00:00,6728.0343
2025-10-16 16:30:00+00:00,6728.0343
2025-10-16 16:45:00+00:00,6728.0343
2025-10-16 17:00:00+00:00,6728.0343
2025-10-16 17:15:00+00:00,6728.0343
2025-10-16 17:30:00+00:00,6728.0343
2025-10-16 17:45:00+00:00,6728.0343
2025-10-16 18:00:00+00:00,6728.0343
2025-10-16 18:15:00+00:00,6728.0343
2025-10-16 18:30:00+00:00,6728.0343
2025-10-16 18:45:00+00:00,6728.0343
2025-10-16 19:00:00+00:00,6728.0343
2025-10-16 19:15:00+00:00,6728.0343
2025-10-16 19:30:00+00:00,6728.0343
2025-10-16 19:45:00+00:00,6728.0343
2025-10-16 20:00:00+00:00,6728.0343
2025-10-16 20:15:00+00:00,6728.0343
2025-10-16 20:30:00+00:00,6728.0343
2025-10-16 20:45:00+00:00,6728.0343
2025-10-16 21:00:00+00:00,6728.0343
2025-10-16 21:15:00+00:00,6728.0343
2025-10-16 21:30:00+00:00,6728.0343
2025-10-16 21:45:00+00:00,6728.0343
2025-10-16 22:00:00+00:00,6728.0343
2025-10-16 22:15:00+00:00,6728.0343
2025-10-16 22:30:00+00:00,6728.0343
2025-10-16 22:45:00+00:00,6728.0343
2025-10-16 23:00:00+00:00,6728.0343
2025-10-16 23:15:00+00:00,6728.0343
2025-10-16 23:30:00+00:00,6728.0343
2025-10-16 23:45:00+00:00,6728.0343
2025-10-17 00:00:00+00:00,6728.0343
2025-10-17 00:15:00+00:00,6728.0343
2025-10-17 00:30:00+00:00,6728.0343
2025-10-17 00:45:00+00:00,6728.0343
2025-10-17 01:00:00+00:00,6728.0343
2025-10-17 01:15:00+00:00,6728.0343
2025-10-17 01:30:00+00:00,6728.0343
2025-10-17 01:45:00+00:00,6728.0343
2025-10-17 02:00:00+00:00,6728.0343
2025-10-17 02:15:00+00:00,6728.0343
2025-10-17 02:30:00+00:00,6728.0343
2025-10-17 02:45:00+00:00,6660.754
2025-10-17 03:00:00+00:00,6660.754
2025-10-17 03:15:00+00:00,6660.754
2025-10-17 03:30:00+00:00,6793.9691
2025-10-17 03:45:00+00:00,6793.9691
2025-10-17 04:00:00+00:00,6793.9691
2025-10-17 04:15:00+00:00,6793.9691
2025-10-17 04:30:00+00:00,6793.9691
2025-10-17 04:45:00+00:00,6929.8484
2025-10-17 05:00:00+00:00,6929.8484
2025-10-17 05:15:00+00:00,6929.8484
2025-10-17 05:30:00+00:00,6929.8484
2025-10-17 05:45:00+00:00,6929.8484
2025-10-17 06:00:00+00:00,6929.8484
2025-10-17 06:15:00+00:00,7068.4454
2025-10-17 06:30:00+00:00,7068.4454
2025-10-17 06:45:00+00:00,7068.4454
2025-10-17 07:00:00+00:00,7068.4454
2025-10-17 07:15:00+00:00,7068.4454
2025-10-17 07:30:00+00:00,7068.4454
2025-10-17 07:45:00+00:00,7068.4454
2025-10-17 08:00:00+00:00,7068.4454
2025-10-17 08:15:00+00:00,7068.4454
2025-10-17 08:30:00+00:00,7068.4454
2025-10-17 08:45:00+00:00,7068.4454
2025-10-17 09:00:00+00:00,7068.4454
2025-10-17 09:15:00+00:00,7068.4454
2025-10-17 09:30:00+00:00,7068.4454
2025-10-17 09:45:00+00:00,7068.4454
2025-10-17 10:00:00+00:00,7068.4454
2025-10-17 10:15:00+00:00,7068.4454
2025-10-17 10:30:00+00:00,7068.4454
2025-10-17 10:45:00+00:00,7068.4454
2025-10-17 11:00:00+00:00,7068.4454
2025-10-17 11:15:00+00:00,7068.4454
2025-10-17 11:30:00+00:00,7068.4454
2025-10-17 11:45:00+00:00,7068.4454
2025-10-17 12:00:00+00:00,7068.4454
2025-10-17 12:15:00+00:00,7068.4454
2025-10-17 12:30:00+00:00,7068.4454
2025-10-17 12:45:00+00:00,7068.4454
2025-10-17 13:00:00+00:00,7068.4454
2025-10-17 13:15:00+00:00,7068.4454
2025-10-17 13:30:00+00:00,7068.4454
2025-10-17 13:45:00+00:00,7068.4454
2025-10-17 14:00:00+00:00,7068.4454
2025-10-17 14:15:00+00:00,7068.4454
2025-10-17 14:30:00+00:00,7068.4454
2025-10-17 14:45:00+00:00,7068.4454
2025-10-17 15:00:00+00:00,7068.4454
2025-10-17 15:15:00+00:00,7068.4454
2025-10-17 15:30:00+00:00,7068.4454
2025-10-17 15:45:00+00:00,7068.4454
2025-10-17 16:00:00+00:00,7068.4454
2025-10-17 16:15:00+00:00,7068.4454
2025-10-17 16:30:00+00:00,7068.4454
2025-10-17 16:45:00+00:00,7068.4454
2025-10-17 17:00:00+00:00,7068.4454
2025-10-17 17:15:00+00:00,7068.4454
2025-10-17 17:30:00+00:00,7068.4454
2025-10-17 17:45:00+00:00,7068.4454
2025-10-17 18:00:00+00:00,7068.4454
2025-10-17 18:15:00+00:00,7068.4454
2025-10-17 18:30:00+00:00,7068.4454
2025-10-17 18:45:00+00:00,7068.4454
2025-10-17 19:00:00+00:00,7068.4454
2025-10-17 19:15:00+00:00,7068.4454
2025-10-17 19:30:00+00:00,7068.4454
2025-10-17 19:45:00+00:00,7068.4454
2025-10-17 20:00:00+00:00,7068.4454
2025-10-17 20:15:00+00:00,7068.4454
2025-10-17 20:30:00+00:00,7068.4454
2025-10-17 20:45:00+00:00,7068.4454
2025-10-17 21:00:00+00:00,6997.761
2025-10-17 21:15:00+00:00,6997.761
2025-10-17 21:30:00+00:00,6997.761
2025-10-17 21:45:00+00:00,6927.7833
2025-10-17 22:00:00+00:00,6927.7833
2025-10-17 22:15:00+00:00,6927.7833
2025-10-17 22:30:00+00:00,6927.7833
2025-10-17 22:45:00+00:00,6927.7833
2025-10-17 23:00:00+00:00,6927.7833
2025-10-17 23:15:00+00:00,7066.339
2025-10-17 23:30:00+00:00,7066.339
2025-10-17 23:45:00+00:00,7066.339
2025-10-18 00:00:00+00:00,7066.339
2025-10-18 00:15:00+00:00,7066.339
2025-10-18 00:30:00+00:00,7066.339
2025-10-18 00:45:00+00:00,7066.339
2025-10-18 01:00:00+00:00,7066.339
2025-10-18 01:15:00+00:00,7066.339
2025-10-18 01:30:00+00:00,7066.339
2025-10-18 01:45:00+00:00,7066.339
2025-10-18 02:00:00+00:00,7066.339
2025-10-18 02:15:00+00:00,7066.339
2025-10-18 02:30:00+00:00,7066.339
2025-10-18 02:45:00+00:00,7066.339
2025-10-18 03:00:00+00:00,7066.339
2025-10-18 03:15:00+00:00,7066.339
2025-10-18 03:30:00+00:00,7066.339
2025-10-18 03:45:00+00:00,7066.339
2025-10-18 04:00:00+00:00,7066.339
2025-10-18 04:15:00+00:00,7066.339
2025-10-18 04:30:00+00:00,7066.339
2025-10-18 04:45:00+00:00,7066.339
2025-10-18 05:00:00+00:00,7066.339
2025-10-18 05:15:00+00:00,7066.339
2025-10-18 05:30:00+00:00,7066.339
2025-10-18 05:45:00+00:00,7066.339
2025-10-18 06:00:00+00:00,7066.339
2025-10-18 06:15:00+00:00,7066.339
2025-10-18 06:30:00+00:00,7066.339
2025-10-18 06:45:00+00:00,7066.339
2025-10-18 07:00:00+00:00,7066.339
2025-10-18 07:15:00+00:00,7066.339
2025-10-18 07:30:00+00:00,7066.339
2025-10-18 07:45:00+00:00,7066.339
2025-10-18 08:00:00+00:00,7066.339
2025-10-18 08:15:00+00:00,7066.339
2025-10-18 08:30:00+00:00,7066.339
2025-10-18 08:45:00+00:00,7066.339
2025-10-18 09:00:00+00:00,7066.339
2025-10-18 09:15:00+00:00,7066.339
2025-10-18 09:30:00+00:00,7066.339
2025-10-18 09:45:00+00:00,7066.339
2025-10-18 10:00:00+00:00,7066.339
2025-10-18 10:15:00+00:00,7066.339
2025-10-18 10:30:00+00:00,7066.339
2025-10-18 10:45:00+00:00,7066.339
2025-10-18 11:00:00+00:00,7066.339
2025-10-18 11:15:00+00:00,7066.339
2025-10-18 11:30:00+00:00,7066.339
2025-10-18 11:45:00+00:00,7066.339
2025-10-18 12:00:00+00:00,7066.339
2025-10-18 12:15:00+00:00,7066.339
2025-10-18 12:30:00+00:00,7066.339
2025-10-18 12:45:00+00:00,7066.339
2025-10-18 13:00:00+00:00,7066.339
2025-10-18 13:15:00+00:00,7066.339
2025-10-18 13:30:00+00:00,7066.339
2025-10-18 13:45:00+00:00,7066.339
2025-10-18 14:00:00+00:00,7066.339
2025-10-18 14:15:00+00:00,7066.339
2025-10-18 14:30:00+00:00,7066.339
2025-10-18 14:45:00+00:00,7066.339
2025-10-18 15:00:00+00:00,7066.339
2025-10-18 15:15:00+00:00,7066.339
2025-10-18 15:30:00+00:00,7066.339
2025-10-18 15:45:00+00:00,7066.339
2025-10-18 16:00:00+00:00,7066.339
2025-10-18 16:15:00+00:00,7066.339
2025-10-18 16:30:00+00:00,7066.339
2025-10-18 16:45:00+00:00,7066.339
2025-10-18 17:00:00+00:00,7066.339
2025-10-18 17:15:00+00:00,7066.339
2025-10-18 17:30:00+00:00,7066.339
2025-10-18 17:45:00+00:00,7066.339
2025-10-18 18:00:00+00:00,7066.339
2025-10-18 18:15:00+00:00,7066.339
2025-10-18 18:30:00+00:00,7066.339
2025-10-18 18:45:00+00:00,7066.339
2025-10-18 19:00:00+00:00,7066.339
2025-10-18 19:15:00+00:00,7066.339
2025-10-18 19:30:00+00:00,7066.339
2025-10-18 19:45:00+00:00,7066.339
2025-10-18 20:00:00+00:00,7066.339
2025-10-18 20:15:00+00:00,7066.339
2025-10-18 20:30:00+00:00,7066.339
2025-10-18 20:45:00+00:00,7066.339
2025-10-18 21:00:00+00:00,7066.339
2025-10-18 21:15:00+00:00,7066.339
2025-10-18 21:30:00+00:00,7066.339
2025-10-18 21:45:00+00:00,7066.339
2025-10-18 22:00:00+00:00,7066.339
2025-10-18 22:15:00+00:00,7066.339
2025-10-18 22:30:00+00:00,7066.339
2025-10-18 22:45:00+00:00,7066.339
2025-10-18 23:00:00+00:00,7066.339
2025-10-18 23:15:00+00:00,7066.339
2025-10-18 23:30:00+00:00,7066.339
2025-10-18 23:45:00+00:00,7066.339
2025-10-19 00:00:00+00:00,7066.339
2025-10-19 00:15:00+00:00,7066.339
2025-10-19 00:30:00+00:00,7066.339
2025-10-19 00:45:00+00:00,7066.339
2025-10-19 01:00:00+00:00,7066.339
2025-10-19 01:15:00+00:00,7066.339
2025-10-19 01:30:00+00:00,7066.339
2025-10-19 01:45:00+00:00,7066.339
2025-10-19 02:00:00+00:00,7066.339
2025-10-19 02:15:00+00:00,7066.339
2025-10-19 02:30:00+00:00,7066.339
2025-10-19 02:45:00+00:00,7066.339
2025-10-19 03:00:00+00:00,7066.339
2025-10-19 03:15:00+00:00,7066.339
2025-10-19 03:30:00+00:00,7066.339
2025-10-19 03:45:00+00:00,7066.339
2025-10-19 04:00:00+00:00,7066.339
2025-10-19 04:15:00+00:00,7066.339
2025-10-19 04:30:00+00:00,7066.339
2025-10-19 04:45:00+00:00,7066.339
2025-10-19 05:00:00+00:00,7066.339
2025-10-19 05:15:00+00:00,7066.339
2025-10-19 05:30:00+00:00,7066.339
2025-10-19 05:45:00+00:00,7066.339
2025-10-19 06:00:00+00:00,7066.339
2025-10-19 06:15:00+00:00,7066.339
2025-10-19 06:30:00+00:00,7066.339
2025-10-19 06:45:00+00:00,7066.339
2025-10-19 07:00:00+00:00,7066.339
2025-10-19 07:15:00+00:00,7066.339
2025-10-19 07:30:00+00:00,7066.339
2025-10-19 07:45:00+00:00,7066.339
2025-10-19 08:00:00+00:00,7066.339
2025-10-19 08:15:00+00:00,6995.6756
2025-10-19 08:30:00+00:00,6995.6756
2025-10-19 08:45:00+00:00,6995.6756
2025-10-19 09:00:00+00:00,6995.6756
2025-10-19 09:15:00+00:00,6995.6756
2025-10-19 09:30:00+00:00,6925.7189
2025-10-19 09:45:00+00:00,6925.7189
2025-10-19 10:00:00+00:00,6925.7189
2025-10-19 10:15:00+00:00,6925.7189
2025-10-19 10:30:00+00:00,6925.7189
2025-10-19 10:45:00+00:00,6856.4617
2025-10-19 11:00:00+00:00,6856.4617
2025-10-19 11:15:00+00:00,6787.8971
2025-10-19 11:30:00+00:00,6787.8971
2025-10-19 11:45:00+00:00,6787.8971
2025-10-19 12:00:00+00:00,6787.8971
2025-10-19 12:15:00+00:00,6787.8971
2025-10-19 12:30:00+00:00,6787.8971
2025-10-19 12:45:00+00:00,6720.0181
2025-10-19 13:00:00+00:00,6720.0181
2025-10-19 13:15:00+00:00,6720.0181
2025-10-19 13:30:00+00:00,6854.4185
2025-10-19 13:45:00+00:00,6854.4185
2025-10-19 14:00:00+00:00,6854.4185
2025-10-19 14:15:00+00:00,6854.4185
2025-10-19 14:30:00+00:00,6854.4185
2025-10-19 14:45:00+00:00,6854.4185
2025-10-19 15:00:00+00:00,6854.4185
2025-10-19 15:15:00+00:00,6854.4185
2025-10-19 15:30:00+00:00,6854.4185
2025-10-19 15:45:00+00:00,6854.4185
2025-10-19 16:00:00+00:00,6854.4185
2025-10-19 16:15:00+00:00,6854.4185
2025-10-19 16:30:00+00:00,6991.5068
2025-10-19 16:45:00+00:00,6991.5068
2025-10-19 17:00:00+00:00,6991.5068
2025-10-19 17:15:00+00:00,6991.5068
2025-10-19 17:30:00+00:00,6991.5068
2025-10-19 17:45:00+00:00,6991.5068
2025-10-19 18:00:00+00:00,6991.5068
2025-10-19 18:15:00+00:00,6991.5068
2025-10-19 18:30:00+00:00,6991.5068
2025-10-19 18:45:00+00:00,6991.5068
2025-10-19 19:00:00+00:00,6991.5068
2025-10-19 19:15:00+00:00,6991.5068
2025-10-19 19:30:00+00:00,6991.5068
2025-10-19 19:45:00+00:00,6991.5068
2025-10-19 20:00:00+00:00,6991.5068
2025-10-19 20:15:00+00:00,6991.5068
2025-10-19 20:30:00+00:00,6991.5068
2025-10-19 20:45:00+00:00,6991.5068
2025-10-19 21:00:00+00:00,6921.5918
2025-10-19 21:15:00+00:00,6921.5918
2025-10-19 21:30:00+00:00,6921.5918
2025-10-19 21:45:00+00:00,6921.5918
2025-10-19 22:00:00+00:00,7060.0236
2025-10-19 22:15:00+00:00,7060.0236
2025-10-19 22:30:00+00:00,7060.0236
2025-10-19 22:45:00+00:00,7060.0236
2025-10-19 23:00:00+00:00,6989.4234
2025-10-19 23:15:00+00:00,6989.4234
2025-10-19 23:30:00+00:00,6989.4234
2025-10-19 23:45:00+00:00,6989.4234
2025-10-20 00:00:00+00:00,6919.5291
2025-10-20 00:15:00+00:00,6919.5291
2025-10-20 00:30:00+00:00,6919.5291
2025-10-20 00:45:00+00:00,6919.5291
2025-10-20 01:00:00+00:00,6919.5291
2025-10-20 01:15:00+00:00,6919.5291
2025-10-20 01:30:00+00:00,6919.5291
2025-10-20 01:45:00+00:00,6919.5291
2025-10-20 02:00:00+00:00,6919.5291
2025-10-20 02:15:00+00:00,6919.5291
2025-10-20 02:30:00+00:00,7057.9197
2025-10-20 02:45:00+00:00,7057.9197
2025-10-20 03:00:00+00:00,6987.3405
2025-10-20 03:15:00+00:00,6987.3405
2025-10-20 03:30:00+00:00,7127.0873
2025-10-20 03:45:00+00:00,7127.0873
2025-10-20 04:00:00+00:00,7127.0873
2025-10-20 04:15:00+00:00,7127.0873
2025-10-20 04:30:00+00:00,7127.0873
2025-10-20 04:45:00+00:00,7127.0873
2025-10-20 05:00:00+00:00,7127.0873
2025-10-20 05:15:00+00:00,7127.0873
2025-10-20 05:30:00+00:00,7127.0873
2025-10-20 05:45:00+00:00,7127.0873
2025-10-20 06:00:00+00:00,7127.0873
2025-10-20 06:15:00+00:00,7127.0873
2025-10-20 06:30:00+00:00,7127.0873
2025-10-20 06:45:00+00:00,7127.0873
2025-10-20 07:00:00+00:00,7127.0873
2025-10-20 07:15:00+00:00,7127.0873
2025-10-20 07:30:00+00:00,7127.0873
2025-10-20 07:45:00+00:00,7127.0873
2025-10-20 08:00:00+00:00,7127.0873
2025-10-20 08:15:00+00:00,7127.0873
2025-10-20 08:30:00+00:00,7127.0873
2025-10-20 08:45:00+00:00,7127.0873
2025-10-20 09:00:00+00:00,7127.0873
2025-10-20 09:15:00+00:00,7127.0873
2025-10-20 09:30:00+00:00,7127.0873
2025-10-20 09:45:00+00:00,7127.0873
2025-10-20 10:00:00+00:00,7127.0873
2025-10-20 10:15:00+00:00,7127.0873
2025-10-20 10:30:00+00:00,7127.0873
2025-10-20 10:45:00+00:00,7127.0873
2025-10-20 11:00:00+00:00,7127.0873
2025-10-20 11:15:00+00:00,7127.0873
2025-10-20 11:30:00+00:00,7127.0873
2025-10-20 11:45:00+00:00,7127.0873
2025-10-20 12:00:00+00:00,7127.0873
2025-10-20 12:15:00+00:00,7269.6291
2025-10-20 12:30:00+00:00,7269.6291
2025-10-20 12:45:00+00:00,7269.6291
2025-10-20 13:00:00+00:00,7269.6291
2025-10-20 13:15:00+00:00,7269.6291
2025-10-20 13:30:00+00:00,7269.6291
2025-10-20 13:45:00+00:00,7415.0216
2025-10-20 14:00:00+00:00,7415.0216
2025-10-20 14:15:00+00:00,7415.0216
2025-10-20 14:30:00+00:00,7415.0216
2025-10-20 14:45:00+00:00,7415.0216
2025-10-20 15:00:00+00:00,7415.0216
2025-10-20 15:15:00+00:00,7415.0216
2025-10-20 15:30:00+00:00,7415.0216
2025-10-20 15:45:00+00:00,7415.0216
2025-10-20 16:00:00+00:00,7415.0216
2025-10-20 16:15:00+00:00,7415.0216
2025-10-20 16:30:00+00:00,7415.0216
2025-10-20 16:45:00+00:00,7415.0216
2025-10-20 17:00:00+00:00,7415.0216
2025-10-20 17:15:00+00:00,7415.0216
2025-10-20 17:30:00+00:00,7340.8714
2025-10-20 17:45:00+00:00,7340.8714
2025-10-20 18:00:00+00:00,7340.8714
2025-10-20 18:15:00+00:00,7340.8714
2025-10-20 18:30:00+00:00,7340.8714
2025-10-20 18:45:00+00:00,7340.8714
2025-10-20 19:00:00+00:00,7487.6889
2025-10-20 19:15:00+00:00,7487.6889
2025-10-20 19:30:00+00:00,7487.6889
2025-10-20 19:45:00+00:00,7487.6889
2025-10-20 20:00:00+00:00,7487.6889
2025-10-20 20:15:00+00:00,7487.6889
2025-10-20 20:30:00+00:00,7487.6889
2025-10-20 20:45:00+00:00,7487.6889
2025-10-20 21:00:00+00:00,7487.6889
2025-10-20 21:15:00+00:00,7487.6889
2025-10-20 21:30:00+00:00,7487.6889
2025-10-20 21:45:00+00:00,7412.812
2025-10-20 22:00:00+00:00,7412.812
2025-10-20 22:15:00+00:00,7412.812
2025-10-20 22:30:00+00:00,7412.812
2025-10-20 22:45:00+00:00,7412.812
2025-10-20 23:00:00+00:00,7412.812
2025-10-20 23:15:00+00:00,7412.812
2025-10-20 23:30:00+00:00,7412.812
2025-10-20 23:45:00+00:00,7412.812
2025-10-21 00:00:00+00:00,7338.6838
2025-10-21 00:15:00+00:00,7338.6838
2025-10-21 00:30:00+00:00,7338.6838
2025-10-21 00:45:00+00:00,7338.6838
2025-10-21 01:00:00+00:00,7265.297
2025-10-21 01:15:00+00:00,7265.297
2025-10-21 01:30:00+00:00,7192.644
2025-10-21 01:45:00+00:00,7192.644
2025-10-21 02:00:00+00:00,7192.644
2025-10-21 02:15:00+00:00,7192.644
2025-10-21 02:30:00+00:00,7192.644
2025-10-21 02:45:00+00:00,7192.644
2025-10-21 03:00:00+00:00,7192.644
2025-10-21 03:15:00+00:00,7192.644
2025-10-21 03:30:00+00:00,7192.644
2025-10-21 03:45:00+00:00,7336.4969
2025-10-21 04:00:00+00:00,7336.4969
2025-10-21 04:15:00+00:00,7336.4969
2025-10-21 04:30:00+00:00,7336.4969
2025-10-21 04:45:00+00:00,7336.4969
2025-10-21 05:00:00+00:00,7336.4969
2025-10-21 05:15:00+00:00,7336.4969
2025-10-21 05:30:00+00:00,7336.4969
2025-10-21 05:45:00+00:00,7336.4969
2025-10-21 06:00:00+00:00,7336.4969
2025-10-21 06:15:00+00:00,7336.4969
2025-10-21 06:30:00+00:00,7336.4969
2025-10-21 06:45:00+00:00,7336.4969
2025-10-21 07:00:00+00:00,7336.4969
2025-10-21 07:15:00+00:00,7336.4969
2025-10-21 07:30:00+00:00,7336.4969
2025-10-21 07:45:00+00:00,7336.4969
2025-10-21 08:00:00+00:00,7336.4969
2025-10-21 08:15:00+00:00,7336.4969
2025-10-21 08:30:00+00:00,7336.4969
2025-10-21 08:45:00+00:00,7336.4969
2025-10-21 09:00:00+00:00,7336.4969
2025-10-21 09:15:00+00:00,7336.4969
2025-10-21 09:30:00+00:00,7336.4969
2025-10-21 09:45:00+00:00,7336.4969
2025-10-21 10:00:00+00:00,7336.4969
2025-10-21 10:15:00+00:00,7336.4969
2025-10-21 10:30:00+00:00,7336.4969
2025-10-21 10:45:00+00:00,7336.4969
2025-10-21 11:00:00+00:00,7336.4969
2025-10-21 11:15:00+00:00,7336.4969
2025-10-21 11:30:00+00:00,7336.4969
2025-10-21 11:45:00+00:00,7263.132
2025-10-21 12:00:00+00:00,7263.132
2025-10-21 12:15:00+00:00,7190.5006
2025-10-21 12:30:00+00:00,7190.5006
2025-10-21 12:45:00+00:00,7190.5006
2025-10-21 13:00:00+00:00,7190.5006
2025-10-21 13:15:00+00:00,7190.5006
2025-10-21 13:30:00+00:00,7190.5006
2025-10-21 13:45:00+00:00,7190.5006
2025-10-21 14:00:00+00:00,7118.5956
2025-10-21 14:15:00+00:00,7118.5956
2025-10-21 14:30:00+00:00,7118.5956
2025-10-21 14:45:00+00:00,7047.4097
2025-10-21 15:00:00+00:00,7047.4097
2025-10-21 15:15:00+00:00,7047.4097
2025-10-21 15:30:00+00:00,7047.4097
2025-10-21 15:45:00+00:00,7047.4097
2025-10-21 16:00:00+00:00,7047.4097
2025-10-21 16:15:00+00:00,7047.4097
2025-10-21 16:30:00+00:00,7047.4097
2025-10-21 16:45:00+00:00,7047.4097
2025-10-21 17:00:00+00:00,7047.4097
2025-10-21 17:15:00+00:00,7047.4097
2025-10-21 17:30:00+00:00,7047.4097
2025-10-21 17:45:00+00:00,7047.4097
2025-10-21 18:00:00+00:00,7047.4097
2025-10-21 18:15:00+00:00,7047.4097
2025-10-21 18:30:00+00:00,7047.4097
2025-10-21 18:45:00+00:00,7047.4097
2025-10-21 19:00:00+00:00,7047.4097
2025-10-21 19:15:00+00:00,7047.4097
2025-10-21 19:30:00+00:00,7047.4097
2025-10-21 19:45:00+00:00,7047.4097
2025-10-21 20:00:00+00:00,7047.4097
2025-10-21 20:15:00+00:00,7047.4097
2025-10-21 20:30:00+00:00,7047.4097
2025-10-21 20:45:00+00:00,7047.4097
2025-10-21 21:00:00+00:00,6976.9356
2025-10-21 21:15:00+00:00,6976.9356
2025-10-21 21:30:00+00:00,6976.9356
2025-10-21 21:45:00+00:00,6976.9356
2025-10-21 22:00:00+00:00,6907.1662
2025-10-21 22:15:00+00:00,6907.1662
2025-10-21 22:30:00+00:00,6907.1662
2025-10-21 22:45:00+00:00,6907.1662
2025-10-21 23:00:00+00:00,6907.1662
2025-10-21 23:15:00+00:00,6907.1662
2025-10-21 23:30:00+00:00,6907.1662
2025-10-21 23:45:00+00:00,6907.1662
2025-10-22 00:00:00+00:00,6907.1662
2025-10-22 00:15:00+00:00,6907.1662
2025-10-22 00:30:00+00:00,6907.1662
2025-10-22 00:45:00+00:00,6907.1662
2025-10-22 01:00:00+00:00,6907.1662
2025-10-22 01:15:00+00:00,6907.1662
2025-10-22 01:30:00+00:00,6907.1662
2025-10-22 01:45:00+00:00,6907.1662
2025-10-22 02:00:00+00:00,6907.1662
2025-10-22 02:15:00+00:00,6907.1662
2025-10-22 02:30:00+00:00,6907.1662
2025-10-22 02:45:00+00:00,6907.1662
2025-10-22 03:00:00+00:00,6907.1662
2025-10-22 03:15:00+00:00,6907.1662
2025-10-22 03:30:00+00:00,6907.1662
2025-10-22 03:45:00+00:00,6907.1662
2025-10-22 04:00:00+00:00,6907.1662
2025-10-22 04:15:00+00:00,6907.1662
2025-10-22 04:30:00+00:00,6907.1662
2025-10-22 04:45:00+00:00,6907.1662
2025-10-22 05:00:00+00:00,6907.1662
2025-10-22 05:15:00+00:00,6907.1662
2025-10-22 05:30:00+00:00,6907.1662
2025-10-22 05:45:00+00:00,6907.1662
2025-10-22 06:00:00+00:00,6907.1662
2025-10-22 06:15:00+00:00,6907.1662
2025-10-22 06:30:00+00:00,6907.1662
2025-10-22 06:45:00+00:00,6907.1662
2025-10-22 07:00:00+00:00,7045.3095
2025-10-22 07:15:00+00:00,7045.3095
2025-10-22 07:30:00+00:00,7045.3095
2025-10-22 07:45:00+00:00,7045.3095
2025-10-22 08:00:00+00:00,7045.3095
2025-10-22 08:15:00+00:00,6974.8564
2025-10-22 08:30:00+00:00,6974.8564
2025-10-22 08:45:00+00:00,6974.8564
2025-10-22 09:00:00+00:00,6974.8564
2025-10-22 09:15:00+00:00,7114.3536
2025-10-22 09:30:00+00:00,7114.3536
2025-10-22 09:45:00+00:00,7114.3536
2025-10-22 10:00:00+00:00,7114.3536
2025-10-22 10:15:00+00:00,7043.21
2025-10-22 10:30:00+00:00,7043.21
2025-10-22 10:45:00+00:00,7043.21
2025-10-22 11:00:00+00:00,7184.0742
2025-10-22 11:15:00+00:00,7184.0742
2025-10-22 11:30:00+00:00,7184.0742
2025-10-22 11:45:00+00:00,7184.0742
2025-10-22 12:00:00+00:00,7184.0742
2025-10-22 12:15:00+00:00,7184.0742
2025-10-22 12:30:00+00:00,7112.2335
2025-10-22 12:45:00+00:00,7112.2335
2025-10-22 13:00:00+00:00,7041.1112
2025-10-22 13:15:00+00:00,7041.1112
2025-10-22 13:30:00+00:00,7181.9334
2025-10-22 13:45:00+00:00,7181.9334
2025-10-22 14:00:00+00:00,7181.9334
2025-10-22 14:15:00+00:00,7181.9334
2025-10-22 14:30:00+00:00,7181.9334
2025-10-22 14:45:00+00:00,7110.1141
2025-10-22 15:00:00+00:00,7110.1141
2025-10-22 15:15:00+00:00,7110.1141
2025-10-22 15:30:00+00:00,7110.1141
2025-10-22 15:45:00+00:00,7110.1141
2025-10-22 16:00:00+00:00,7110.1141
2025-10-22 16:15:00+00:00,7110.1141
2025-10-22 16:30:00+00:00,7110.1141
2025-10-22 16:45:00+00:00,7110.1141
2025-10-22 17:00:00+00:00,7110.1141
2025-10-22 17:15:00+00:00,7110.1141
2025-10-22 17:30:00+00:00,7110.1141
2025-10-22 17:45:00+00:00,7110.1141
2025-10-22 18:00:00+00:00,7110.1141
2025-10-22 18:15:00+00:00,7110.1141
2025-10-22 18:30:00+00:00,7110.1141
2025-10-22 18:45:00+00:00,7110.1141
2025-10-22 19:00:00+00:00,7110.1141
2025-10-22 19:15:00+00:00,7110.1141
2025-10-22 19:30:00+00:00,7110.1141
2025-10-22 19:45:00+00:00,7110.1141
2025-10-22 20:00:00+00:00,7110.1141
2025-10-22 20:15:00+00:00,7110.1141
2025-10-22 20:30:00+00:00,7110.1141
2025-10-22 20:45:00+00:00,7110.1141
2025-10-22 21:00:00+00:00,7252.3163
2025-10-22 21:15:00+00:00,7252.3163
2025-10-22 21:30:00+00:00,7252.3163
2025-10-22 21:45:00+00:00,7252.3163
2025-10-22 22:00:00+00:00,7252.3163
2025-10-22 22:15:00+00:00,7252.3163
2025-10-22 22:30:00+00:00,7252.3163
2025-10-22 22:45:00+00:00,7252.3163
2025-10-22 23:00:00+00:00,7179.7932
2025-10-22 23:15:00+00:00,7179.7932
2025-10-22 23:30:00+00:00,7179.7932
2025-10-22 23:45:00+00:00,7179.7932
2025-10-23 00:00:00+00:00,7179.7932
2025-10-23 00:15:00+00:00,7179.7932
2025-10-23 00:30:00+00:00,7179.7932
2025-10-23 00:45:00+00:00,7107.9952
2025-10-23 01:00:00+00:00,7107.9952
2025-10-23 01:15:00+00:00,7107.9952
2025-10-23 01:30:00+00:00,7107.9952
2025-10-23 01:45:00+00:00,7107.9952
2025-10-23 02:00:00+00:00,7107.9952
2025-10-23 02:15:00+00:00,7107.9952
2025-10-23 02:30:00+00:00,7107.9952
2025-10-23 02:45:00+00:00,7107.9952
2025-10-23 03:00:00+00:00,7036.9153
2025-10-23 03:15:00+00:00,7036.9153
2025-10-23 03:30:00+00:00,7036.9153
2025-10-23 03:45:00+00:00,7036.9153
2025-10-23 04:00:00+00:00,7036.9153
2025-10-23 04:15:00+00:00,7036.9153
2025-10-23 04:30:00+00:00,6966.5461
2025-10-23 04:45:00+00:00,6966.5461
2025-10-23 05:00:00+00:00,6966.5461
2025-10-23 05:15:00+00:00,6966.5461
2025-10-23 05:30:00+00:00,6966.5461
2025-10-23 05:45:00+00:00,6896.8807
2025-10-23 06:00:00+00:00,6896.8807
2025-10-23 06:15:00+00:00,7034.8183
2025-10-23 06:30:00+00:00,7034.8183
2025-10-23 06:45:00+00:00,7034.8183
2025-10-23 07:00:00+00:00,7034.8183
2025-10-23 07:15:00+00:00,7034.8183
2025-10-23 07:30:00+00:00,7034.8183
2025-10-23 07:45:00+00:00,7034.8183
2025-10-23 08:00:00+00:00,7034.8183
2025-10-23 08:15:00+00:00,7034.8183
2025-10-23 08:30:00+00:00,7034.8183
2025-10-23 08:45:00+00:00,7034.8183
2025-10-23 09:00:00+00:00,7034.8183
2025-10-23 09:15:00+00:00,7034.8183
2025-10-23 09:30:00+00:00,7034.8183
2025-10-23 09:45:00+00:00,7034.8183
2025-10-23 10:00:00+00:00,7034.8183
2025-10-23 10:15:00+00:00,7034.8183
2025-10-23 10:30:00+00:00,7034.8183
2025-10-23 10:45:00+00:00,7034.8183
2025-10-23 11:00:00+00:00,7034.8183
2025-10-23 11:15:00+00:00,7034.8183
2025-10-23 11:30:00+00:00,6964.4701
2025-10-23 11:45:00+00:00,6964.4701
2025-10-23 12:00:00+00:00,6894.8254
2025-10-23 12:15:00+00:00,6894.8254
2025-10-23 12:30:00+00:00,6825.8771
2025-10-23 12:45:00+00:00,6825.8771
2025-10-23 13:00:00+00:00,6757.6184
2025-10-23 13:15:00+00:00,6757.6184
2025-10-23 13:30:00+00:00,6892.7707
2025-10-23 13:45:00+00:00,6892.7707
2025-10-23 14:00:00+00:00,6823.843
2025-10-23 14:15:00+00:00,6823.843
2025-10-23 14:30:00+00:00,6823.843
2025-10-23 14:45:00+00:00,6823.843
2025-10-23 15:00:00+00:00,6823.843
2025-10-23 15:15:00+00:00,6823.843
2025-10-23 15:30:00+00:00,6823.843
2025-10-23 15:45:00+00:00,6823.843
2025-10-23 16:00:00+00:00,6823.843
2025-10-23 16:15:00+00:00,6823.843
2025-10-23 16:30:00+00:00,6823.843
2025-10-23 16:45:00+00:00,6960.3199
2025-10-23 17:00:00+00:00,6960.3199
2025-10-23 17:15:00+00:00,6960.3199
2025-10-23 17:30:00+00:00,7099.5263
2025-10-23 17:45:00+00:00,7099.5263
2025-10-23 18:00:00+00:00,7099.5263
2025-10-23 18:15:00+00:00,7099.5263
2025-10-23 18:30:00+00:00,7099.5263
2025-10-23 18:45:00+00:00,7099.5263
2025-10-23 19:00:00+00:00,7099.5263
2025-10-23 19:15:00+00:00,7099.5263
2025-10-23 19:30:00+00:00,7099.5263
2025-10-23 19:45:00+00:00,7028.531
2025-10-23 20:00:00+00:00,7028.531
2025-10-23 20:15:00+00:00,7028.531
2025-10-23 20:30:00+00:00,6958.2457
2025-10-23 20:45:00+00:00,6958.2457
2025-10-23 21:00:00+00:00,6958.2457
2025-10-23 21:15:00+00:00,6958.2457
2025-10-23 21:30:00+00:00,6888.6633
2025-10-23 21:45:00+00:00,6888.6633
2025-10-23 22:00:00+00:00,7026.4365
2025-10-23 22:15:00+00:00,7026.4365
2025-10-23 22:30:00+00:00,7026.4365
2025-10-23 22:45:00+00:00,7026.4365
2025-10-23 23:00:00+00:00,7026.4365
2025-10-23 23:15:00+00:00,7026.4365
2025-10-23 23:30:00+00:00,7026.4365
2025-10-23 23:45:00+00:00,7026.4365
2025-10-24 00:00:00+00:00,7026.4365
2025-10-24 00:15:00+00:00,7166.9653
2025-10-24 00:30:00+00:00,7166.9653
2025-10-24 00:45:00+00:00,7166.9653
2025-10-24 01:00:00+00:00,7166.9653
2025-10-24 01:15:00+00:00,7166.9653
2025-10-24 01:30:00+00:00,7166.9653
2025-10-24 01:45:00+00:00,7166.9653
2025-10-24 02:00:00+00:00,7166.9653
2025-10-24 02:15:00+00:00,7166.9653
2025-10-24 02:30:00+00:00,7166.9653
2025-10-24 02:45:00+00:00,7166.9653
2025-10-24 03:00:00+00:00,7166.9653
2025-10-24 03:15:00+00:00,7166.9653
2025-10-24 03:30:00+00:00,7166.9653
2025-10-24 03:45:00+00:00,7166.9653
2025-10-24 04:00:00+00:00,7166.9653
2025-10-24 04:15:00+00:00,7310.3046
2025-10-24 04:30:00+00:00,7310.3046
2025-10-24 04:45:00+00:00,7310.3046
2025-10-24 05:00:00+00:00,7310.3046
2025-10-24 05:15:00+00:00,7310.3046
2025-10-24 05:30:00+00:00,7310.3046
2025-10-24 05:45:00+00:00,7310.3046
2025-10-24 06:00:00+00:00,7310.3046
2025-10-24 06:15:00+00:00,7310.3046
2025-10-24 06:30:00+00:00,7310.3046
2025-10-24 06:45:00+00:00,7310.3046
2025-10-24 07:00:00+00:00,7310.3046
2025-10-24 07:15:00+00:00,7310.3046
2025-10-24 07:30:00+00:00,7237.2015
2025-10-24 07:45:00+00:00,7237.2015
2025-10-24 08:00:00+00:00,7237.2015
2025-10-24 08:15:00+00:00,7237.2015
2025-10-24 08:30:00+00:00,7164.8295
2025-10-24 08:45:00+00:00,7164.8295
2025-10-24 09:00:00+00:00,7308.1261
2025-10-24 09:15:00+00:00,7308.1261
2025-10-24 09:30:00+00:00,7235.0448
2025-10-24 09:45:00+00:00,7235.0448
2025-10-24 10:00:00+00:00,7235.0448
2025-10-24 10:15:00+00:00,7235.0448
2025-10-24 10:30:00+00:00,7235.0448
2025-10-24 10:45:00+00:00,7235.0448
2025-10-24 11:00:00+00:00,7162.6944
2025-10-24 11:15:00+00:00,7162.6944
2025-10-24 11:30:00+00:00,7162.6944
2025-10-24 11:45:00+00:00,7162.6944
2025-10-24 12:00:00+00:00,7162.6944
2025-10-24 12:15:00+00:00,7091.0674
2025-10-24 12:30:00+00:00,7091.0674
2025-10-24 12:45:00+00:00,7091.0674
2025-10-24 13:00:00+00:00,7091.0674
2025-10-24 13:15:00+00:00,7091.0674
2025-10-24 13:30:00+00:00,7020.1568
2025-10-24 13:45:00+00:00,7020.1568
2025-10-24 14:00:00+00:00,6949.9552
2025-10-24 14:15:00+00:00,6949.9552
2025-10-24 14:30:00+00:00,6949.9552
2025-10-24 14:45:00+00:00,6949.9552
2025-10-24 15:00:00+00:00,6949.9552
2025-10-24 15:15:00+00:00,6949.9552
2025-10-24 15:30:00+00:00,6949.9552
2025-10-24 15:45:00+00:00,6949.9552
2025-10-24 16:00:00+00:00,6949.9552
2025-10-24 16:15:00+00:00,6949.9552
2025-10-24 16:30:00+00:00,6949.9552
2025-10-24 16:45:00+00:00,6949.9552
2025-10-24 17:00:00+00:00,6949.9552
2025-10-24 17:15:00+00:00,6949.9552
2025-10-24 17:30:00+00:00,6949.9552
2025-10-24 17:45:00+00:00,6949.9552
2025-10-24 18:00:00+00:00,6949.9552
2025-10-24 18:15:00+00:00,6949.9552
2025-10-24 18:30:00+00:00,6949.9552
2025-10-24 18:45:00+00:00,6949.9552
2025-10-24 19:00:00+00:00,7088.9543
2025-10-24 19:15:00+00:00,7088.9543
2025-10-24 19:30:00+00:00,7088.9543
2025-10-24 19:45:00+00:00,7088.9543
2025-10-24 20:00:00+00:00,7088.9543
2025-10-24 20:15:00+00:00,7088.9543
2025-10-24 20:30:00+00:00,7088.9543
2025-10-24 20:45:00+00:00,7018.0648
2025-10-24 21:00:00+00:00,7018.0648
2025-10-24 21:15:00+00:00,6947.8841
2025-10-24 21:30:00+00:00,6947.8841
2025-10-24 21:45:00+00:00,6947.8841
2025-10-24 22:00:00+00:00,6947.8841
2025-10-24 22:15:00+00:00,6947.8841
2025-10-24 22:30:00+00:00,6947.8841
2025-10-24 22:45:00+00:00,6947.8841
2025-10-24 23:00:00+00:00,6878.4053
2025-10-24 23:15:00+00:00,6878.4053
2025-10-24 23:30:00+00:00,6878.4053
2025-10-24 23:45:00+00:00,6878.4053
2025-10-25 00:00:00+00:00,6809.6212
2025-10-25 00:15:00+00:00,6809.6212
2025-10-25 00:30:00+00:00,6809.6212
2025-10-25 00:45:00+00:00,6809.6212
2025-10-25 01:00:00+00:00,6809.6212
2025-10-25 01:15:00+00:00,6809.6212
2025-10-25 01:30:00+00:00,6945.8136
2025-10-25 01:45:00+00:00,6945.8136
2025-10-25 02:00:00+00:00,6945.8136
2025-10-25 02:15:00+00:00,6945.8136
2025-10-25 02:30:00+00:00,6945.8136
2025-10-25 02:45:00+00:00,6945.8136
2025-10-25 03:00:00+00:00,6945.8136
2025-10-25 03:15:00+00:00,6945.8136
2025-10-25 03:30:00+00:00,6945.8136
2025-10-25 03:45:00+00:00,6945.8136
2025-10-25 04:00:00+00:00,6945.8136
2025-10-25 04:15:00+00:00,7084.7299
2025-10-25 04:30:00+00:00,7084.7299
2025-10-25 04:45:00+00:00,7084.7299
2025-10-25 05:00:00+00:00,7084.7299
2025-10-25 05:15:00+00:00,7084.7299
2025-10-25 05:30:00+00:00,7084.7299
2025-10-25 05:45:00+00:00,7226.4245
2025-10-25 06:00:00+00:00,7226.4245
2025-10-25 06:15:00+00:00,7154.1603
2025-10-25 06:30:00+00:00,7154.1603
2025-10-25 06:45:00+00:00,7154.1603
2025-10-25 07:00:00+00:00,7154.1603
2025-10-25 07:15:00+00:00,7297.2435
2025-10-25 07:30:00+00:00,7297.2435
2025-10-25 07:45:00+00:00,7297.2435
2025-10-25 08:00:00+00:00,7297.2435
2025-10-25 08:15:00+00:00,7297.2435
2025-10-25 08:30:00+00:00,7297.2435
2025-10-25 08:45:00+00:00,7443.1883
2025-10-25 09:00:00+00:00,7443.1883
2025-10-25 09:15:00+00:00,7368.7565
2025-10-25 09:30:00+00:00,7368.7565
2025-10-25 09:45:00+00:00,7295.0689
2025-10-25 10:00:00+00:00,7295.0689
2025-10-25 10:15:00+00:00,7295.0689
2025-10-25 10:30:00+00:00,7295.0689
2025-10-25 10:45:00+00:00,7295.0689
2025-10-25 11:00:00+00:00,7295.0689
2025-10-25 11:15:00+00:00,7295.0689
2025-10-25 11:30:00+00:00,7295.0689
2025-10-25 11:45:00+00:00,7295.0689
2025-10-25 12:00:00+00:00,7295.0689
2025-10-25 12:15:00+00:00,7295.0689
2025-10-25 12:30:00+00:00,7295.0689
2025-10-25 12:45:00+00:00,7440.9703
2025-10-25 13:00:00+00:00,7440.9703
2025-10-25 13:15:00+00:00,7440.9703
2025-10-25 13:30:00+00:00,7440.9703
2025-10-25 13:45:00+00:00,7440.9703
2025-10-25 14:00:00+00:00,7440.9703
2025-10-25 14:15:00+00:00,7440.9703
2025-10-25 14:30:00+00:00,7440.9703
2025-10-25 14:45:00+00:00,7440.9703
2025-10-25 15:00:00+00:00,7366.5606
2025-10-25 15:15:00+00:00,7366.5606
2025-10-25 15:30:00+00:00,7292.895
2025-10-25 15:45:00+00:00,7292.895
2025-10-25 16:00:00+00:00,7292.895
2025-10-25 16:15:00+00:00,7292.895
2025-10-25 16:30:00+00:00,7292.895
2025-10-25 16:45:00+00:00,7438.7529
2025-10-25 17:00:00+00:00,7438.7529
2025-10-25 17:15:00+00:00,7364.3653
2025-10-25 17:30:00+00:00,7364.3653
2025-10-25 17:45:00+00:00,7364.3653
2025-10-25 18:00:00+00:00,7364.3653
2025-10-25 18:15:00+00:00,7511.6526
2025-10-25 18:30:00+00:00,7511.6526
2025-10-25 18:45:00+00:00,7511.6526
2025-10-25 19:00:00+00:00,7511.6526
2025-10-25 19:15:00+00:00,7511.6526
2025-10-25 19:30:00+00:00,7511.6526
2025-10-25 19:45:00+00:00,7436.5361
2025-10-25 20:00:00+00:00,7436.5361
2025-10-25 20:15:00+00:00,7436.5361
2025-10-25 20:30:00+00:00,7436.5361
2025-10-25 20:45:00+00:00,7436.5361
2025-10-25 21:00:00+00:00,7436.5361
2025-10-25 21:15:00+00:00,7362.1708
2025-10-25 21:30:00+00:00,7362.1708
2025-10-25 21:45:00+00:00,7362.1708
2025-10-25 22:00:00+00:00,7362.1708
2025-10-25 22:15:00+00:00,7362.1708
2025-10-25 22:30:00+00:00,7362.1708
2025-10-25 22:45:00+00:00,7362.1708
2025-10-25 23:00:00+00:00,7362.1708
2025-10-25 23:15:00+00:00,7362.1708
2025-10-25 23:30:00+00:00,7362.1708
2025-10-25 23:45:00+00:00,7362.1708
2025-10-26 00:00:00+00:00,7362.1708
2025-10-26 00:15:00+00:00,7509.4142
2025-10-26 00:30:00+00:00,7509.4142
2025-10-26 00:45:00+00:00,7434.32
2025-10-26 01:00:00+00:00,7434.32
2025-10-26 01:15:00+00:00,7359.9768
2025-10-26 01:30:00+00:00,7359.9768
2025-10-26 01:45:00+00:00,7286.3771
2025-10-26 02:00:00+00:00,7286.3771
2025-10-26 02:15:00+00:00,7286.3771
2025-10-26 02:30:00+00:00,7286.3771
2025-10-26 02:45:00+00:00,7213.5133
2025-10-26 03:00:00+00:00,7213.5133
2025-10-26 03:15:00+00:00,7213.5133
2025-10-26 03:30:00+00:00,7141.3782
2025-10-26 03:45:00+00:00,7141.3782
2025-10-26 04:00:00+00:00,7141.3782
2025-10-26 04:15:00+00:00,7141.3782
2025-10-26 04:30:00+00:00,7141.3782
2025-10-26 04:45:00+00:00,7141.3782
2025-10-26 05:00:00+00:00,7141.3782
2025-10-26 05:15:00+00:00,7141.3782
2025-10-26 05:30:00+00:00,7284.2057
2025-10-26 05:45:00+00:00,7284.2057
2025-10-26 06:00:00+00:00,7284.2057
2025-10-26 06:15:00+00:00,7284.2057
2025-10-26 06:30:00+00:00,7284.2057
2025-10-26 06:45:00+00:00,7284.2057
2025-10-26 07:00:00+00:00,7284.2057
2025-10-26 07:15:00+00:00,7284.2057
2025-10-26 07:30:00+00:00,7284.2057
2025-10-26 07:45:00+00:00,7284.2057
2025-10-26 08:00:00+00:00,7429.8898
2025-10-26 08:15:00+00:00,7429.8898
2025-10-26 08:30:00+00:00,7429.8898
2025-10-26 08:45:00+00:00,7429.8898
2025-10-26 09:00:00+00:00,7355.5909
2025-10-26 09:15:00+00:00,7355.5909
2025-10-26 09:30:00+00:00,7355.5909
2025-10-26 09:45:00+00:00,7355.5909
2025-10-26 10:00:00+00:00,7355.5909
2025-10-26 10:15:00+00:00,7355.5909
2025-10-26 10:30:00+00:00,7282.035
2025-10-26 10:45:00+00:00,7282.035
2025-10-26 11:00:00+00:00,7282.035
2025-10-26 11:15:00+00:00,7427.6757
2025-10-26 11:30:00+00:00,7427.6757
2025-10-26 11:45:00+00:00,7427.6757
2025-10-26 12:00:00+00:00,7427.6757
2025-10-26 12:15:00+00:00,7427.6757
2025-10-26 12:30:00+00:00,7427.6757
2025-10-26 12:45:00+00:00,7427.6757
2025-10-26 13:00:00+00:00,7427.6757
2025-10-26 13:15:00+00:00,7427.6757
2025-10-26 13:30:00+00:00,7427.6757
2025-10-26 13:45:00+00:00,7427.6757
2025-10-26 14:00:00+00:00,7427.6757
2025-10-26 14:15:00+00:00,7427.6757
2025-10-26 14:30:00+00:00,7427.6757
2025-10-26 14:45:00+00:00,7427.6757
2025-10-26 15:00:00+00:00,7427.6757
2025-10-26 15:15:00+00:00,7427.6757
2025-10-26 15:30:00+00:00,7427.6757
2025-10-26 15:45:00+00:00,7427.6757
2025-10-26 16:00:00+00:00,7427.6757
2025-10-26 16:15:00+00:00,7427.6757
2025-10-26 16:30:00+00:00,7427.6757
2025-10-26 16:45:00+00:00,7427.6757
2025-10-26 17:00:00+00:00,7427.6757
2025-10-26 17:15:00+00:00,7427.6757
2025-10-26 17:30:00+00:00,7427.6757
2025-10-26 17:45:00+00:00,7353.399
2025-10-26 18:00:00+00:00,7353.399
2025-10-26 18:15:00+00:00,7353.399
2025-10-26 18:30:00+00:00,7353.399
2025-10-26 18:45:00+00:00,7353.399
2025-10-26 19:00:00+00:00,7353.399
2025-10-26 19:15:00+00:00,7353.399
2025-10-26 19:30:00+00:00,7353.399
2025-10-26 19:45:00+00:00,7353.399
2025-10-26 20:00:00+00:00,7353.399
2025-10-26 20:15:00+00:00,7279.865
2025-10-26 20:30:00+00:00,7279.865
2025-10-26 20:45:00+00:00,7207.0663
2025-10-26 21:00:00+00:00,7207.0663
2025-10-26 21:15:00+00:00,7134.9957
2025-10-26 21:30:00+00:00,7134.9957
2025-10-26 21:45:00+00:00,7134.9957
2025-10-26 22:00:00+00:00,7277.6956
2025-10-26 22:15:00+00:00,7277.6956
2025-10-26 22:30:00+00:00,7277.6956
2025-10-26 22:45:00+00:00,7277.6956
2025-10-26 23:00:00+00:00,7277.6956
2025-10-26 23:15:00+00:00,7277.6956
2025-10-26 23:30:00+00:00,7277.6956
2025-10-26 23:45:00+00:00,7277.6956
2025-10-27 00:00:00+00:00,7277.6956
2025-10-27 00:15:00+00:00,7277.6956
2025-10-27 00:30:00+00:00,7277.6956
2025-10-27 00:45:00+00:00,7277.6956
2025-10-27 01:00:00+00:00,7277.6956
2025-10-27 01:15:00+00:00,7277.6956
2025-10-27 01:30:00+00:00,7277.6956
2025-10-27 01:45:00+00:00,7277.6956
2025-10-27 02:00:00+00:00,7277.6956
2025-10-27 02:15:00+00:00,7277.6956
2025-10-27 02:30:00+00:00,7277.6956
2025-10-27 02:45:00+00:00,7277.6956
2025-10-27 03:00:00+00:00,7277.6956
2025-10-27 03:15:00+00:00,7277.6956
2025-10-27 03:30:00+00:00,7277.6956
2025-10-27 03:45:00+00:00,7277.6956
2025-10-27 04:00:00+00:00,7277.6956
2025-10-27 04:15:00+00:00,7277.6956
2025-10-27 04:30:00+00:00,7277.6956
2025-10-27 04:45:00+00:00,7277.6956
2025-10-27 05:00:00+00:00,7277.6956
2025-10-27 05:15:00+00:00,7277.6956
2025-10-27 05:30:00+00:00,7277.6956
2025-10-27 05:45:00+00:00,7277.6956
2025-10-27 06:00:00+00:00,7277.6956
2025-10-27 06:15:00+00:00,7277.6956
2025-10-27 06:30:00+00:00,7277.6956
2025-10-27 06:45:00+00:00,7277.6956
2025-10-27 07:00:00+00:00,7277.6956
2025-10-27 07:15:00+00:00,7277.6956
2025-10-27 07:30:00+00:00,7277.6956
2025-10-27 07:45:00+00:00,7277.6956
2025-10-27 08:00:00+00:00,7277.6956
2025-10-27 08:15:00+00:00,7277.6956
2025-10-27 08:30:00+00:00,7277.6956
2025-10-27 08:45:00+00:00,7204.9186
2025-10-27 09:00:00+00:00,7204.9186
2025-10-27 09:15:00+00:00,7204.9186
2025-10-27 09:30:00+00:00,7204.9186
2025-10-27 09:45:00+00:00,7204.9186
2025-10-27 10:00:00+00:00,7204.9186
2025-10-27 10:15:00+00:00,7204.9186
2025-10-27 10:30:00+00:00,7204.9186
2025-10-27 10:45:00+00:00,7204.9186
2025-10-27 11:00:00+00:00,7204.9186
2025-10-27 11:15:00+00:00,7204.9186
2025-10-27 11:30:00+00:00,7204.9186
2025-10-27 11:45:00+00:00,7204.9186
2025-10-27 12:00:00+00:00,7204.9186
2025-10-27 12:15:00+00:00,7204.9186
2025-10-27 12:30:00+00:00,7204.9186
2025-10-27 12:45:00+00:00,7204.9186
2025-10-27 13:00:00+00:00,7204.9186
2025-10-27 13:15:00+00:00,7204.9186
2025-10-27 13:30:00+00:00,7132.8694
2025-10-27 13:45:00+00:00,7132.8694
2025-10-27 14:00:00+00:00,7061.5407
2025-10-27 14:15:00+00:00,7061.5407
2025-10-27 14:30:00+00:00,7061.5407
2025-10-27 14:45:00+00:00,7061.5407
2025-10-27 15:00:00+00:00,7061.5407
2025-10-27 15:15:00+00:00,7061.5407
2025-10-27 15:30:00+00:00,7061.5407
2025-10-27 15:45:00+00:00,7061.5407
2025-10-27 16:00:00+00:00,7061.5407
2025-10-27 16:15:00+00:00,7061.5407
2025-10-27 16:30:00+00:00,7061.5407
2025-10-27 16:45:00+00:00,7061.5407
2025-10-27 17:00:00+00:00,7061.5407
2025-10-27 17:15:00+00:00,7061.5407
2025-10-27 17:30:00+00:00,7061.5407
2025-10-27 17:45:00+00:00,7061.5407
2025-10-27 18:00:00+00:00,7061.5407
2025-10-27 18:15:00+00:00,7061.5407
2025-10-27 18:30:00+00:00,7061.5407
2025-10-27 18:45:00+00:00,7061.5407
2025-10-27 19:00:00+00:00,7061.5407
2025-10-27 19:15:00+00:00,7061.5407
2025-10-27 19:30:00+00:00,7061.5407
2025-10-27 19:45:00+00:00,7061.5407
2025-10-27 20:00:00+00:00,7061.5407
2025-10-27 20:15:00+00:00,7061.5407
2025-10-27 20:30:00+00:00,7061.5407
2025-10-27 20:45:00+00:00,6990.9253
2025-10-27 21:00:00+00:00,6990.9253
2025-10-27 21:15:00+00:00,6990.9253
2025-10-27 21:30:00+00:00,6990.9253
2025-10-27 21:45:00+00:00,7130.7438
2025-10-27 22:00:00+00:00,7130.7438
2025-10-27 22:15:00+00:00,7130.7438
2025-10-27 22:30:00+00:00,7130.7438
2025-10-27 22:45:00+00:00,7059.4364
2025-10-27 23:00:00+00:00,7059.4364
2025-10-27 23:15:00+00:00,7059.4364
2025-10-27 23:30:00+00:00,6988.842
2025-10-27 23:45:00+00:00,6988.842
2025-10-28 00:00:00+00:00,6988.842
2025-10-28 00:15:00+00:00,6918.9536
2025-10-28 00:30:00+00:00,6918.9536
2025-10-28 00:45:00+00:00,6918.9536
2025-10-28 01:00:00+00:00,6918.9536
2025-10-28 01:15:00+00:00,6849.7641
2025-10-28 01:30:00+00:00,6849.7641
2025-10-28 01:45:00+00:00,6849.7641
2025-10-28 02:00:00+00:00,6986.7594
2025-10-28 02:15:00+00:00,6986.7594
2025-10-28 02:30:00+00:00,7126.4946
2025-10-28 02:45:00+00:00,7126.4946
2025-10-28 03:00:00+00:00,7126.4946
2025-10-28 03:15:00+00:00,7126.4946
2025-10-28 03:30:00+00:00,7126.4946
2025-10-28 03:45:00+00:00,7126.4946
2025-10-28 04:00:00+00:00,7126.4946
2025-10-28 04:15:00+00:00,7126.4946
2025-10-28 04:30:00+00:00,7126.4946
2025-10-28 04:45:00+00:00,7126.4946
2025-10-28 05:00:00+00:00,7126.4946
2025-10-28 05:15:00+00:00,7126.4946
2025-10-28 05:30:00+00:00,7126.4946
2025-10-28 05:45:00+00:00,7126.4946
2025-10-28 06:00:00+00:00,7126.4946
2025-10-28 06:15:00+00:00,7126.4946
2025-10-28 06:30:00+00:00,7126.4946
2025-10-28 06:45:00+00:00,7055.2296
2025-10-28 07:00:00+00:00,7055.2296
2025-10-28 07:15:00+00:00,7055.2296
2025-10-28 07:30:00+00:00,7055.2296
2025-10-28 07:45:00+00:00,7196.3342
2025-10-28 08:00:00+00:00,7196.3342
2025-10-28 08:15:00+00:00,7124.3709
2025-10-28 08:30:00+00:00,7124.3709
2025-10-28 08:45:00+00:00,7124.3709
2025-10-28 09:00:00+00:00,7124.3709
2025-10-28 09:15:00+00:00,7124.3709
2025-10-28 09:30:00+00:00,7124.3709
2025-10-28 09:45:00+00:00,7124.3709
2025-10-28 10:00:00+00:00,7124.3709
2025-10-28 10:15:00+00:00,7124.3709
2025-10-28 10:30:00+00:00,7124.3709
2025-10-28 10:45:00+00:00,7124.3709
2025-10-28 11:00:00+00:00,7124.3709
2025-10-28 11:15:00+00:00,7124.3709
2025-10-28 11:30:00+00:00,7053.1271
2025-10-28 11:45:00+00:00,7053.1271
2025-10-28 12:00:00+00:00,7053.1271
2025-10-28 12:15:00+00:00,7053.1271
2025-10-28 12:30:00+00:00,7053.1271
2025-10-28 12:45:00+00:00,7053.1271
2025-10-28 13:00:00+00:00,7194.1897
2025-10-28 13:15:00+00:00,7194.1897
2025-10-28 13:30:00+00:00,7194.1897
2025-10-28 13:45:00+00:00,7194.1897
2025-10-28 14:00:00+00:00,7338.0735
2025-10-28 14:15:00+00:00,7338.0735
2025-10-28 14:30:00+00:00,7338.0735
2025-10-28 14:45:00+00:00,7338.0735
2025-10-28 15:00:00+00:00,7338.0735
2025-10-28 15:15:00+00:00,7338.0735
2025-10-28 15:30:00+00:00,7338.0735
2025-10-28 15:45:00+00:00,7338.0735
2025-10-28 16:00:00+00:00,7338.0735
2025-10-28 16:15:00+00:00,7338.0735
2025-10-28 16:30:00+00:00,7338.0735
2025-10-28 16:45:00+00:00,7338.0735
2025-10-28 17:00:00+00:00,7338.0735
2025-10-28 17:15:00+00:00,7338.0735
2025-10-28 17:30:00+00:00,7338.0735
2025-10-28 17:45:00+00:00,7338.0735
2025-10-28 18:00:00+00:00,7338.0735
2025-10-28 18:15:00+00:00,7338.0735
2025-10-28 18:30:00+00:00,7338.0735
2025-10-28 18:45:00+00:00,7338.0735
2025-10-28 19:00:00+00:00,7338.0735
2025-10-28 19:15:00+00:00,7264.6928
2025-10-28 19:30:00+00:00,7264.6928
2025-10-28 19:45:00+00:00,7192.0458
2025-10-28 20:00:00+00:00,7192.0458
2025-10-28 20:15:00+00:00,7192.0458
2025-10-28 20:30:00+00:00,7192.0458
2025-10-28 20:45:00+00:00,7192.0458
2025-10-28 21:00:00+00:00,7192.0458
2025-10-28 21:15:00+00:00,7192.0458
2025-10-28 21:30:00+00:00,7192.0458
2025-10-28 21:45:00+00:00,7192.0458
2025-10-28 22:00:00+00:00,7192.0458
2025-10-28 22:15:00+00:00,7192.0458
2025-10-28 22:30:00+00:00,7192.0458
2025-10-28 22:45:00+00:00,7192.0458
2025-10-28 23:00:00+00:00,7335.8867
2025-10-28 23:15:00+00:00,7335.8867
2025-10-28 23:30:00+00:00,7335.8867
2025-10-28 23:45:00+00:00,7335.8867
2025-10-29 00:00:00+00:00,7335.8867
2025-10-29 00:15:00+00:00,7335.8867
2025-10-29 00:30:00+00:00,7335.8867
2025-10-29 00:45:00+00:00,7335.8867
2025-10-29 01:00:00+00:00,7335.8867
2025-10-29 01:15:00+00:00,7335.8867
2025-10-29 01:30:00+00:00,7335.8867
2025-10-29 01:45:00+00:00,7335.8867
2025-10-29 02:00:00+00:00,7335.8867
2025-10-29 02:15:00+00:00,7335.8867
2025-10-29 02:30:00+00:00,7335.8867
2025-10-29 02:45:00+00:00,7335.8867
2025-10-29 03:00:00+00:00,7335.8867
2025-10-29 03:15:00+00:00,7335.8867
2025-10-29 03:30:00+00:00,7335.8867
2025-10-29 03:45:00+00:00,7335.8867
2025-10-29 04:00:00+00:00,7335.8867
2025-10-29 04:15:00+00:00,7335.8867
2025-10-29 04:30:00+00:00,7335.8867
2025-10-29 04:45:00+00:00,7335.8867
2025-10-29 05:00:00+00:00,7335.8867
2025-10-29 05:15:00+00:00,7335.8867
2025-10-29 05:30:00+00:00,7335.8867
2025-10-29 05:45:00+00:00,7335.8867
2025-10-29 06:00:00+00:00,7262.5279
2025-10-29 06:15:00+00:00,7262.5279
2025-10-29 06:30:00+00:00,7189.9026
2025-10-29 06:45:00+00:00,7189.9026
2025-10-29 07:00:00+00:00,7189.9026
2025-10-29 07:15:00+00:00,7118.0036
2025-10-29 07:30:00+00:00,7118.0036
2025-10-29 07:45:00+00:00,7046.8235
2025-10-29 08:00:00+00:00,7046.8235
2025-10-29 08:15:00+00:00,7046.8235
2025-10-29 08:30:00+00:00,7046.8235
2025-10-29 08:45:00+00:00,7046.8235
2025-10-29 09:00:00+00:00,7046.8235
2025-10-29 09:15:00+00:00,7046.8235
2025-10-29 09:30:00+00:00,7046.8235
2025-10-29 09:45:00+00:00,7046.8235
2025-10-29 10:00:00+00:00,7046.8235
2025-10-29 10:15:00+00:00,7046.8235
2025-10-29 10:30:00+00:00,7046.8235
2025-10-29 10:45:00+00:00,7187.76
2025-10-29 11:00:00+00:00,7187.76
2025-10-29 11:15:00+00:00,7187.76
2025-10-29 11:30:00+00:00,7187.76
2025-10-29 11:45:00+00:00,7187.76
2025-10-29 12:00:00+00:00,7115.8824
2025-10-29 12:15:00+00:00,7115.8824
2025-10-29 12:30:00+00:00,7115.8824
2025-10-29 12:45:00+00:00,7115.8824
2025-10-29 13:00:00+00:00,7044.7236
2025-10-29 13:15:00+00:00,7044.7236
2025-10-29 13:30:00+00:00,7044.7236
2025-10-29 13:45:00+00:00,7044.7236
2025-10-29 14:00:00+00:00,7044.7236
2025-10-29 14:15:00+00:00,7044.7236
2025-10-29 14:30:00+00:00,7044.7236
2025-10-29 14:45:00+00:00,7044.7236
2025-10-29 15:00:00+00:00,7044.7236
2025-10-29 15:15:00+00:00,7044.7236
2025-10-29 15:30:00+00:00,7185.6181
2025-10-29 15:45:00+00:00,7185.6181
2025-10-29 16:00:00+00:00,7185.6181
2025-10-29 16:15:00+00:00,7185.6181
2025-10-29 16:30:00+00:00,7185.6181
2025-10-29 16:45:00+00:00,7185.6181
2025-10-29 17:00:00+00:00,7185.6181
2025-10-29 17:15:00+00:00,7185.6181
2025-10-29 17:30:00+00:00,7185.6181
2025-10-29 17:45:00+00:00,7185.6181
2025-10-29 18:00:00+00:00,7185.6181
2025-10-29 18:15:00+00:00,7185.6181
2025-10-29 18:30:00+00:00,7185.6181
2025-10-29 18:45:00+00:00,7185.6181
2025-10-29 19:00:00+00:00,7185.6181
2025-10-29 19:15:00+00:00,7185.6181
2025-10-29 19:30:00+00:00,7185.6181
2025-10-29 19:45:00+00:00,7185.6181
2025-10-29 20:00:00+00:00,7185.6181
2025-10-29 20:15:00+00:00,7185.6181
2025-10-29 20:30:00+00:00,7185.6181
2025-10-29 20:45:00+00:00,7113.7619
2025-10-29 21:00:00+00:00,7113.7619
2025-10-29 21:15:00+00:00,7042.6243
2025-10-29 21:30:00+00:00,7042.6243
2025-10-29 21:45:00+00:00,7042.6243
2025-10-29 22:00:00+00:00,7042.6243
2025-10-29 22:15:00+00:00,7042.6243
2025-10-29 22:30:00+00:00,7042.6243
2025-10-29 22:45:00+00:00,7183.4767
2025-10-29 23:00:00+00:00,7183.4767
2025-10-29 23:15:00+00:00,7183.4767
2025-10-29 23:30:00+00:00,7183.4767
2025-10-29 23:45:00+00:00,7183.4767
2025-10-30 00:00:00+00:00,7183.4767
2025-10-30 00:15:00+00:00,7183.4767
2025-10-30 00:30:00+00:00,7183.4767
2025-10-30 00:45:00+00:00,7183.4767
2025-10-30 01:00:00+00:00,7183.4767
2025-10-30 01:15:00+00:00,7183.4767
2025-10-30 01:30:00+00:00,7183.4767
2025-10-30 01:45:00+00:00,7183.4767
2025-10-30 02:00:00+00:00,7183.4767
2025-10-30 02:15:00+00:00,7183.4767
2025-10-30 02:30:00+00:00,7183.4767
2025-10-30 02:45:00+00:00,7183.4767
2025-10-30 03:00:00+00:00,7183.4767
2025-10-30 03:15:00+00:00,7183.4767
2025-10-30 03:30:00+00:00,7183.4767
2025-10-30 03:45:00+00:00,7183.4767
2025-10-30 04:00:00+00:00,7327.1463
2025-10-30 04:15:00+00:00,7327.1463
2025-10-30 04:30:00+00:00,7327.1463
2025-10-30 04:45:00+00:00,7327.1463
2025-10-30 05:00:00+00:00,7327.1463
2025-10-30 05:15:00+00:00,7327.1463
2025-10-30 05:30:00+00:00,7327.1463
2025-10-30 05:45:00+00:00,7327.1463
2025-10-30 06:00:00+00:00,7327.1463
2025-10-30 06:15:00+00:00,7327.1463
2025-10-30 06:30:00+00:00,7253.8748
2025-10-30 06:45:00+00:00,7253.8748
2025-10-30 07:00:00+00:00,7181.3361
2025-10-30 07:15:00+00:00,7181.3361
2025-10-30 07:30:00+00:00,7181.3361
2025-10-30 07:45:00+00:00,7181.3361
2025-10-30 08:00:00+00:00,7324.9628
2025-10-30 08:15:00+00:00,7324.9628
2025-10-30 08:30:00+00:00,7324.9628
2025-10-30 08:45:00+00:00,7324.9628
2025-10-30 09:00:00+00:00,7324.9628
2025-10-30 09:15:00+00:00,7324.9628
2025-10-30 09:30:00+00:00,7324.9628
2025-10-30 09:45:00+00:00,7324.9628
2025-10-30 10:00:00+00:00,7471.462
2025-10-30 10:15:00+00:00,7471.462
2025-10-30 10:30:00+00:00,7471.462
2025-10-30 10:45:00+00:00,7396.7474
2025-10-30 11:00:00+00:00,7396.7474
2025-10-30 11:15:00+00:00,7544.6824
2025-10-30 11:30:00+00:00,7544.6824
2025-10-30 11:45:00+00:00,7544.6824
2025-10-30 12:00:00+00:00,7544.6824
2025-10-30 12:15:00+00:00,7544.6824
2025-10-30 12:30:00+00:00,7544.6824
2025-10-30 12:45:00+00:00,7544.6824
2025-10-30 13:00:00+00:00,7544.6824
2025-10-30 13:15:00+00:00,7544.6824
2025-10-30 13:30:00+00:00,7544.6824
2025-10-30 13:45:00+00:00,7544.6824
2025-10-30 14:00:00+00:00,7544.6824
2025-10-30 14:15:00+00:00,7544.6824
2025-10-30 14:30:00+00:00,7544.6824
2025-10-30 14:45:00+00:00,7544.6824
2025-10-30 15:00:00+00:00,7544.6824
2025-10-30 15:15:00+00:00,7544.6824
2025-10-30 15:30:00+00:00,7544.6824
2025-10-30 15:45:00+00:00,7544.6824
2025-10-30 16:00:00+00:00,7544.6824
2025-10-30 16:15:00+00:00,7544.6824
2025-10-30 16:30:00+00:00,7544.6824
2025-10-30 16:45:00+00:00,7544.6824
2025-10-30 17:00:00+00:00,7544.6824
2025-10-30 17:15:00+00:00,7544.6824
2025-10-30 17:30:00+00:00,7544.6824
2025-10-30 17:45:00+00:00,7544.6824
2025-10-30 18:00:00+00:00,7544.6824
2025-10-30 18:15:00+00:00,7544.6824
2025-10-30 18:30:00+00:00,7544.6824
2025-10-30 18:45:00+00:00,7544.6824
2025-10-30 19:00:00+00:00,7544.6824
2025-10-30 19:15:00+00:00,7544.6824
2025-10-30 19:30:00+00:00,7544.6824
2025-10-30 19:45:00+00:00,7544.6824
2025-10-30 20:00:00+00:00,7544.6824
2025-10-30 20:15:00+00:00,7544.6824
2025-10-30 20:30:00+00:00,7544.6824
2025-10-30 20:45:00+00:00,7544.6824
2025-10-30 21:00:00+00:00,7544.6824
2025-10-30 21:15:00+00:00,7544.6824
2025-10-30 21:30:00+00:00,7544.6824
2025-10-30 21:45:00+00:00,7544.6824
2025-10-30 22:00:00+00:00,7544.6824
2025-10-30 22:15:00+00:00,7544.6824
2025-10-30 22:30:00+00:00,7544.6824
2025-10-30 22:45:00+00:00,7544.6824
2025-10-30 23:00:00+00:00,7544.6824
2025-10-30 23:15:00+00:00,7544.6824
2025-10-30 23:30:00+00:00,7469.2355
2025-10-30 23:45:00+00:00,7469.2355
2025-10-31 00:00:00+00:00,7469.2355
2025-10-31 00:15:00+00:00,7469.2355
2025-10-31 00:30:00+00:00,7394.5432
2025-10-31 00:45:00+00:00,7394.5432
2025-10-31 01:00:00+00:00,7394.5432
2025-10-31 01:15:00+00:00,7394.5432
2025-10-31 01:30:00+00:00,7394.5432
2025-10-31 01:45:00+00:00,7394.5432
2025-10-31 02:00:00+00:00,7394.5432
2025-10-31 02:15:00+00:00,7394.5432
2025-10-31 02:30:00+00:00,7542.434
2025-10-31 02:45:00+00:00,7542.434
2025-10-31 03:00:00+00:00,7542.434
2025-10-31 03:15:00+00:00,7542.434
2025-10-31 03:30:00+00:00,7542.434
2025-10-31 03:45:00+00:00,7542.434
2025-10-31 04:00:00+00:00,7542.434
2025-10-31 04:15:00+00:00,7542.434
2025-10-31 04:30:00+00:00,7693.2827
2025-10-31 04:45:00+00:00,7693.2827
2025-10-31 05:00:00+00:00,7693.2827
2025-10-31 05:15:00+00:00,7693.2827
2025-10-31 05:30:00+00:00,7693.2827
2025-10-31 05:45:00+00:00,7693.2827
2025-10-31 06:00:00+00:00,7616.3499
2025-10-31 06:15:00+00:00,7616.3499
2025-10-31 06:30:00+00:00,7616.3499
2025-10-31 06:45:00+00:00,7616.3499
2025-10-31 07:00:00+00:00,7540.1864
2025-10-31 07:15:00+00:00,7540.1864
2025-10-31 07:30:00+00:00,7540.1864
2025-10-31 07:45:00+00:00,7540.1864
2025-10-31 08:00:00+00:00,7540.1864
2025-10-31 08:15:00+00:00,7540.1864
2025-10-31 08:30:00+00:00,7540.1864
2025-10-31 08:45:00+00:00,7540.1864
2025-10-31 09:00:00+00:00,7540.1864
2025-10-31 09:15:00+00:00,7540.1864
2025-10-31 09:30:00+00:00,7540.1864
2025-10-31 09:45:00+00:00,7540.1864
2025-10-31 10:00:00+00:00,7540.1864
2025-10-31 10:15:00+00:00,7540.1864
2025-10-31 10:30:00+00:00,7540.1864
2025-10-31 10:45:00+00:00,7540.1864
2025-10-31 11:00:00+00:00,7540.1864
2025-10-31 11:15:00+00:00,7540.1864
2025-10-31 11:30:00+00:00,7540.1864
2025-10-31 11:45:00+00:00,7540.1864
2025-10-31 12:00:00+00:00,7540.1864
2025-10-31 12:15:00+00:00,7540.1864
2025-10-31 12:30:00+00:00,7540.1864
2025-10-31 12:45:00+00:00,7540.1864
2025-10-31 13:00:00+00:00,7540.1864
2025-10-31 13:15:00+00:00,7540.1864
2025-10-31 13:30:00+00:00,7540.1864
2025-10-31 13:45:00+00:00,7540.1864
2025-10-31 14:00:00+00:00,7540.1864
2025-10-31 14:15:00+00:00,7540.1864
2025-10-31 14:30:00+00:00,7540.1864
2025-10-31 14:45:00+00:00,7690.9901
2025-10-31 15:00:00+00:00,7690.9901
2025-10-31 15:15:00+00:00,7690.9901
2025-10-31 15:30:00+00:00,7690.9901
2025-10-31 15:45:00+00:00,7690.9901
2025-10-31 16:00:00+00:00,7690.9901
2025-10-31 16:15:00+00:00,7690.9901
2025-10-31 16:30:00+00:00,7614.0802
2025-10-31 16:45:00+00:00,7614.0802
2025-10-31 17:00:00+00:00,7614.0802
2025-10-31 17:15:00+00:00,7537.9394
2025-10-31 17:30:00+00:00,7537.9394
2025-10-31 17:45:00+00:00,7537.9394
2025-10-31 18:00:00+00:00,7537.9394
2025-10-31 18:15:00+00:00,7537.9394
2025-10-31 18:30:00+00:00,7462.56
2025-10-31 18:45:00+00:00,7462.56
2025-10-31 19:00:00+00:00,7462.56
2025-10-31 19:15:00+00:00,7462.56
2025-10-31 19:30:00+00:00,7462.56
2025-10-31 19:45:00+00:00,7462.56
2025-10-31 20:00:00+00:00,7462.56
2025-10-31 20:15:00+00:00,7462.56
2025-10-31 20:30:00+00:00,7462.56
2025-10-31 20:45:00+00:00,7462.56
2025-10-31 21:00:00+00:00,7387.9344
2025-10-31 21:15:00+00:00,7387.9344
2025-10-31 21:30:00+00:00,7387.9344
2025-10-31 21:45:00+00:00,7387.9344
2025-10-31 22:00:00+00:00,7314.0551
2025-10-31 22:15:00+00:00,7314.0551
2025-10-31 22:30:00+00:00,7314.0551
2025-10-31 22:45:00+00:00,7314.0551
2025-10-31 23:00:00+00:00,7314.0551
2025-10-31 23:15:00+00:00,7314.0551
2025-10-31 23:30:00+00:00,7314.0551
2025-10-31 23:45:00+00:00,7314.0551
2025-11-01 00:00:00+00:00,7314.0551
2025-11-01 00:15:00+00:00,7314.0551
2025-11-01 00:30:00+00:00,7314.0551
2025-11-01 00:45:00+00:00,7314.0551
2025-11-01 01:00:00+00:00,7240.9145
2025-11-01 01:15:00+00:00,7240.9145
2025-11-01 01:30:00+00:00,7240.9145
2025-11-01 01:45:00+00:00,7240.9145
2025-11-01 02:00:00+00:00,7168.5054
2025-11-01 02:15:00+00:00,7168.5054
2025-11-01 02:30:00+00:00,7096.8203
2025-11-01 02:45:00+00:00,7096.8203
2025-11-01 03:00:00+00:00,7096.8203
2025-11-01 03:15:00+00:00,7238.7567
2025-11-01 03:30:00+00:00,7238.7567
2025-11-01 03:45:00+00:00,7238.7567
2025-11-01 04:00:00+00:00,7383.5319
2025-11-01 04:15:00+00:00,7383.5319
2025-11-01 04:30:00+00:00,7383.5319
2025-11-01 04:45:00+00:00,7383.5319
2025-11-01 05:00:00+00:00,7309.6966
2025-11-01 05:15:00+00:00,7309.6966
2025-11-01 05:30:00+00:00,7455.8905
2025-11-01 05:45:00+00:00,7455.8905
2025-11-01 06:00:00+00:00,7455.8905
2025-11-01 06:15:00+00:00,7455.8905
2025-11-01 06:30:00+00:00,7455.8905
2025-11-01 06:45:00+00:00,7455.8905
2025-11-01 07:00:00+00:00,7455.8905
2025-11-01 07:15:00+00:00,7605.0083
2025-11-01 07:30:00+00:00,7605.0083
2025-11-01 07:45:00+00:00,7605.0083
2025-11-01 08:00:00+00:00,7605.0083
2025-11-01 08:15:00+00:00,7605.0083
2025-11-01 08:30:00+00:00,7605.0083
2025-11-01 08:45:00+00:00,7605.0083
2025-11-01 09:00:00+00:00,7605.0083
2025-11-01 09:15:00+00:00,7605.0083
2025-11-01 09:30:00+00:00,7528.9582
2025-11-01 09:45:00+00:00,7528.9582
2025-11-01 10:00:00+00:00,7528.9582
2025-11-01 10:15:00+00:00,7528.9582
2025-11-01 10:30:00+00:00,7528.9582
2025-11-01 10:45:00+00:00,7528.9582
2025-11-01 11:00:00+00:00,7679.5374
2025-11-01 11:15:00+00:00,7679.5374
2025-11-01 11:30:00+00:00,7679.5374
2025-11-01 11:45:00+00:00,7679.5374
2025-11-01 12:00:00+00:00,7679.5374
2025-11-01 12:15:00+00:00,7602.742
2025-11-01 12:30:00+00:00,7602.742
2025-11-01 12:45:00+00:00,7526.7146
2025-11-01 13:00:00+00:00,7526.7146
2025-11-01 13:15:00+00:00,7526.7146
2025-11-01 13:30:00+00:00,7451.4474
2025-11-01 13:45:00+00:00,7451.4474
2025-11-01 14:00:00+00:00,7376.933
2025-11-01 14:15:00+00:00,7376.933
2025-11-01 14:30:00+00:00,7376.933
2025-11-01 14:45:00+00:00,7376.933
2025-11-01 15:00:00+00:00,7524.4716
2025-11-01 15:15:00+00:00,7524.4716
2025-11-01 15:30:00+00:00,7524.4716
2025-11-01 15:45:00+00:00,7674.9611
2025-11-01 16:00:00+00:00,7674.9611
2025-11-01 16:15:00+00:00,7674.9611
2025-11-01 16:30:00+00:00,7674.9611
2025-11-01 16:45:00+00:00,7674.9611
2025-11-01 17:00:00+00:00,7674.9611
2025-11-01 17:15:00+00:00,7674.9611
2025-11-01 17:30:00+00:00,7674.9611
2025-11-01 17:45:00+00:00,7598.2115
2025-11-01 18:00:00+00:00,7598.2115
2025-11-01 18:15:00+00:00,7598.2115
2025-11-01 18:30:00+00:00,7598.2115
2025-11-01 18:45:00+00:00,7598.2115
2025-11-01 19:00:00+00:00,7598.2115
2025-11-01 19:15:00+00:00,7598.2115
2025-11-01 19:30:00+00:00,7598.2115
2025-11-01 19:45:00+00:00,7598.2115
2025-11-01 20:00:00+00:00,7598.2115
2025-11-01 20:15:00+00:00,7750.1757
2025-11-01 20:30:00+00:00,7750.1757
2025-11-01 20:45:00+00:00,7750.1757
2025-11-01 21:00:00+00:00,7750.1757
2025-11-01 21:15:00+00:00,7750.1757
2025-11-01 21:30:00+00:00,7672.6739
2025-11-01 21:45:00+00:00,7672.6739
2025-11-01 22:00:00+00:00,7672.6739
2025-11-01 22:15:00+00:00,7672.6739
2025-11-01 22:30:00+00:00,7672.6739
2025-11-01 22:45:00+00:00,7672.6739
2025-11-01 23:00:00+00:00,7672.6739
2025-11-01 23:15:00+00:00,7672.6739
2025-11-01 23:30:00+00:00,7672.6739
2025-11-01 23:45:00+00:00,7672.6739
2025-11-02 00:00:00+00:00,7672.6739
2025-11-02 00:15:00+00:00,7672.6739
2025-11-02 00:30:00+00:00,7672.6739
2025-11-02 00:45:00+00:00,7672.6739
2025-11-02 01:00:00+00:00,7672.6739
2025-11-02 01:15:00+00:00,7672.6739
2025-11-02 01:30:00+00:00,7672.6739
2025-11-02 01:45:00+00:00,7672.6739
2025-11-02 02:00:00+00:00,7672.6739
2025-11-02 02:15:00+00:00,7672.6739
2025-11-02 02:30:00+00:00,7826.1274
2025-11-02 02:45:00+00:00,7826.1274
2025-11-02 03:00:00+00:00,7826.1274
2025-11-02 03:15:00+00:00,7826.1274
2025-11-02 03:30:00+00:00,7747.8661
2025-11-02 03:45:00+00:00,7747.8661
2025-11-02 04:00:00+00:00,7747.8661
2025-11-02 04:15:00+00:00,7747.8661
2025-11-02 04:30:00+00:00,7747.8661
2025-11-02 04:45:00+00:00,7747.8661
2025-11-02 05:00:00+00:00,7747.8661
2025-11-02 05:15:00+00:00,7747.8661
2025-11-02 05:30:00+00:00,7747.8661
2025-11-02 05:45:00+00:00,7747.8661
2025-11-02 06:00:00+00:00,7747.8661
2025-11-02 06:15:00+00:00,7747.8661
2025-11-02 06:30:00+00:00,7747.8661
2025-11-02 06:45:00+00:00,7747.8661
2025-11-02 07:00:00+00:00,7747.8661
2025-11-02 07:15:00+00:00,7747.8661
2025-11-02 07:30:00+00:00,7747.8661
2025-11-02 07:45:00+00:00,7902.8235
2025-11-02 08:00:00+00:00,7902.8235
2025-11-02 08:15:00+00:00,7902.8235
2025-11-02 08:30:00+00:00,7902.8235
2025-11-02 08:45:00+00:00,7902.8235
2025-11-02 09:00:00+00:00,7902.8235
2025-11-02 09:15:00+00:00,8060.8799
2025-11-02 09:30:00+00:00,8060.8799
2025-11-02 09:45:00+00:00,8060.8799
2025-11-02 10:00:00+00:00,8060.8799
2025-11-02 10:15:00+00:00,8060.8799
2025-11-02 10:30:00+00:00,7980.2711
2025-11-02 10:45:00+00:00,7980.2711
2025-11-02 11:00:00+00:00,7980.2711
2025-11-02 11:15:00+00:00,8139.8765
2025-11-02 11:30:00+00:00,8139.8765
2025-11-02 11:45:00+00:00,8139.8765
2025-11-02 12:00:00+00:00,8302.6741
2025-11-02 12:15:00+00:00,8302.6741
2025-11-02 12:30:00+00:00,8302.6741
2025-11-02 12:45:00+00:00,8302.6741
2025-11-02 13:00:00+00:00,8302.6741
2025-11-02 13:15:00+00:00,8302.6741
2025-11-02 13:30:00+00:00,8302.6741
2025-11-02 13:45:00+00:00,8302.6741
2025-11-02 14:00:00+00:00,8302.6741
2025-11-02 14:15:00+00:00,8219.6473
2025-11-02 14:30:00+00:00,8219.6473
2025-11-02 14:45:00+00:00,8384.0403
2025-11-02 15:00:00+00:00,8384.0403
2025-11-02 15:15:00+00:00,8384.0403
2025-11-02 15:30:00+00:00,8300.1999
2025-11-02 15:45:00+00:00,8300.1999
2025-11-02 16:00:00+00:00,8300.1999
2025-11-02 16:15:00+00:00,8300.1999
2025-11-02 16:30:00+00:00,8300.1999
2025-11-02 16:45:00+00:00,8300.1999
2025-11-02 17:00:00+00:00,8300.1999
2025-11-02 17:15:00+00:00,8300.1999
2025-11-02 17:30:00+00:00,8300.1999
2025-11-02 17:45:00+00:00,8300.1999
2025-11-02 18:00:00+00:00,8300.1999
2025-11-02 18:15:00+00:00,8300.1999
2025-11-02 18:30:00+00:00,8300.1999
2025-11-02 18:45:00+00:00,8300.1999
2025-11-02 19:00:00+00:00,8300.1999
2025-11-02 19:15:00+00:00,8300.1999
2025-11-02 19:30:00+00:00,8300.1999
2025-11-02 19:45:00+00:00,8300.1999
2025-11-02 20:00:00+00:00,8300.1999
2025-11-02 20:15:00+00:00,8300.1999
2025-11-02 20:30:00+00:00,8300.1999
2025-11-02 20:45:00+00:00,8300.1999
2025-11-02 21:00:00+00:00,8300.1999
2025-11-02 21:15:00+00:00,8300.1999
2025-11-02 21:30:00+00:00,8300.1999
2025-11-02 21:45:00+00:00,8300.1999
2025-11-02 22:00:00+00:00,8300.1999
2025-11-02 22:15:00+00:00,8300.1999
2025-11-02 22:30:00+00:00,8217.1979
2025-11-02 22:45:00+00:00,8217.1979
2025-11-02 23:00:00+00:00,8217.1979
2025-11-02 23:15:00+00:00,8217.1979
2025-11-02 23:30:00+00:00,8135.0259
2025-11-02 23:45:00+00:00,8135.0259
2025-11-03 00:00:00+00:00,8135.0259
2025-11-03 00:15:00+00:00,8135.0259
2025-11-03 00:30:00+00:00,8135.0259
2025-11-03 00:45:00+00:00,8135.0259
2025-11-03 01:00:00+00:00,8297.7264
2025-11-03 01:15:00+00:00,8297.7264
2025-11-03 01:30:00+00:00,8297.7264
2025-11-03 01:45:00+00:00,8214.7492
2025-11-03 02:00:00+00:00,8214.7492
2025-11-03 02:15:00+00:00,8214.7492
2025-11-03 02:30:00+00:00,8214.7492
2025-11-03 02:45:00+00:00,8214.7492
2025-11-03 03:00:00+00:00,8379.0441
2025-11-03 03:15:00+00:00,8379.0441
2025-11-03 03:30:00+00:00,8379.0441
2025-11-03 03:45:00+00:00,8379.0441
2025-11-03 04:00:00+00:00,8379.0441
2025-11-03 04:15:00+00:00,8379.0441
2025-11-03 04:30:00+00:00,8379.0441
2025-11-03 04:45:00+00:00,8379.0441
2025-11-03 05:00:00+00:00,8379.0441
2025-11-03 05:15:00+00:00,8379.0441
2025-11-03 05:30:00+00:00,8379.0441
2025-11-03 05:45:00+00:00,8379.0441
2025-11-03 06:00:00+00:00,8379.0441
2025-11-03 06:15:00+00:00,8379.0441
2025-11-03 06:30:00+00:00,8379.0441
2025-11-03 06:45:00+00:00,8379.0441
2025-11-03 07:00:00+00:00,8379.0441
2025-11-03 07:15:00+00:00,8379.0441
2025-11-03 07:30:00+00:00,8379.0441
2025-11-03 07:45:00+00:00,8379.0441
2025-11-03 08:00:00+00:00,8379.0441
2025-11-03 08:15:00+00:00,8379.0441
2025-11-03 08:30:00+00:00,8379.0441
2025-11-03 08:45:00+00:00,8379.0441
2025-11-03 09:00:00+00:00,8379.0441
2025-11-03 09:15:00+00:00,8379.0441
2025-11-03 09:30:00+00:00,8379.0441
2025-11-03 09:45:00+00:00,8379.0441
2025-11-03 10:00:00+00:00,8379.0441
2025-11-03 10:15:00+00:00,8379.0441
2025-11-03 10:30:00+00:00,8379.0441
2025-11-03 10:45:00+00:00,8379.0441
2025-11-03 11:00:00+00:00,8379.0441
2025-11-03 11:15:00+00:00,8379.0441
2025-11-03 11:30:00+00:00,8379.0441
2025-11-03 11:45:00+00:00,8379.0441
2025-11-03 12:00:00+00:00,8379.0441
2025-11-03 12:15:00+00:00,8379.0441
2025-11-03 12:30:00+00:00,8379.0441
2025-11-03 12:45:00+00:00,8379.0441
2025-11-03 13:00:00+00:00,8379.0441
2025-11-03 13:15:00+00:00,8379.0441
2025-11-03 13:30:00+00:00,8379.0441
2025-11-03 13:45:00+00:00,8379.0441
2025-11-03 14:00:00+00:00,8295.2537
2025-11-03 14:15:00+00:00,8295.2537
2025-11-03 14:30:00+00:00,8295.2537
2025-11-03 14:45:00+00:00,8212.3012
2025-11-03 15:00:00+00:00,8212.3012
2025-11-03 15:15:00+00:00,8376.5472
2025-11-03 15:30:00+00:00,8376.5472
2025-11-03 15:45:00+00:00,8376.5472
2025-11-03 16:00:00+00:00,8376.5472
2025-11-03 16:15:00+00:00,8376.5472
2025-11-03 16:30:00+00:00,8376.5472
2025-11-03 16:45:00+00:00,8376.5472
2025-11-03 17:00:00+00:00,8376.5472
2025-11-03 17:15:00+00:00,8376.5472
2025-11-03 17:30:00+00:00,8376.5472
2025-11-03 17:45:00+00:00,8376.5472
2025-11-03 18:00:00+00:00,8376.5472
2025-11-03 18:15:00+00:00,8376.5472
2025-11-03 18:30:00+00:00,8376.5472
2025-11-03 18:45:00+00:00,8376.5472
2025-11-03 19:00:00+00:00,8376.5472
2025-11-03 19:15:00+00:00,8376.5472
2025-11-03 19:30:00+00:00,8376.5472
2025-11-03 19:45:00+00:00,8376.5472
2025-11-03 20:00:00+00:00,8376.5472
2025-11-03 20:15:00+00:00,8376.5472
2025-11-03 20:30:00+00:00,8376.5472
2025-11-03 20:45:00+00:00,8544.0781
2025-11-03 21:00:00+00:00,8544.0781
2025-11-03 21:15:00+00:00,8544.0781
2025-11-03 21:30:00+00:00,8544.0781
2025-11-03 21:45:00+00:00,8544.0781
2025-11-03 22:00:00+00:00,8714.9597
2025-11-03 22:15:00+00:00,8714.9597
2025-11-03 22:30:00+00:00,8714.9597
2025-11-03 22:45:00+00:00,8714.9597
2025-11-03 23:00:00+00:00,8714.9597
2025-11-03 23:15:00+00:00,8714.9597
2025-11-03 23:30:00+00:00,8714.9597
2025-11-03 23:45:00+00:00,8714.9597
2025-11-04 00:00:00+00:00,8889.2589
2025-11-04 00:15:00+00:00,8889.2589
2025-11-04 00:30:00+00:00,8889.2589
2025-11-04 00:45:00+00:00,8889.2589
2025-11-04 01:00:00+00:00,8889.2589
2025-11-04 01:15:00+00:00,8800.3663
2025-11-04 01:30:00+00:00,8800.3663
2025-11-04 01:45:00+00:00,8800.3663
2025-11-04 02:00:00+00:00,8976.3736
2025-11-04 02:15:00+00:00,8976.3736
2025-11-04 02:30:00+00:00,8976.3736
2025-11-04 02:45:00+00:00,8976.3736
2025-11-04 03:00:00+00:00,9155.9011
2025-11-04 03:15:00+00:00,9155.9011
2025-11-04 03:30:00+00:00,9155.9011
2025-11-04 03:45:00+00:00,9155.9011
2025-11-04 04:00:00+00:00,9064.3421
2025-11-04 04:15:00+00:00,9064.3421
2025-11-04 04:30:00+00:00,9064.3421
2025-11-04 04:45:00+00:00,9064.3421
2025-11-04 05:00:00+00:00,9064.3421
2025-11-04 05:15:00+00:00,9245.6289
2025-11-04 05:30:00+00:00,9245.6289
2025-11-04 05:45:00+00:00,9245.6289
2025-11-04 06:00:00+00:00,9245.6289
2025-11-04 06:15:00+00:00,9245.6289
2025-11-04 06:30:00+00:00,9245.6289
2025-11-04 06:45:00+00:00,9245.6289
2025-11-04 07:00:00+00:00,9245.6289
2025-11-04 07:15:00+00:00,9245.6289
2025-11-04 07:30:00+00:00,9245.6289
2025-11-04 07:45:00+00:00,9245.6289
2025-11-04 08:00:00+00:00,9245.6289
2025-11-04 08:15:00+00:00,9245.6289
2025-11-04 08:30:00+00:00,9245.6289
2025-11-04 08:45:00+00:00,9245.6289
2025-11-04 09:00:00+00:00,9245.6289
2025-11-04 09:15:00+00:00,9245.6289
2025-11-04 09:30:00+00:00,9245.6289
2025-11-04 09:45:00+00:00,9245.6289
2025-11-04 10:00:00+00:00,9245.6289
2025-11-04 10:15:00+00:00,9245.6289
2025-11-04 10:30:00+00:00,9245.6289
2025-11-04 10:45:00+00:00,9245.6289
2025-11-04 11:00:00+00:00,9245.6289
2025-11-04 11:15:00+00:00,9245.6289
2025-11-04 11:30:00+00:00,9245.6289
2025-11-04 11:45:00+00:00,9245.6289
2025-11-04 12:00:00+00:00,9245.6289
2025-11-04 12:15:00+00:00,9245.6289
2025-11-04 12:30:00+00:00,9245.6289
2025-11-04 12:45:00+00:00,9245.6289
2025-11-04 13:00:00+00:00,9245.6289
2025-11-04 13:15:00+00:00,9245.6289
2025-11-04 13:30:00+00:00,9245.6289
2025-11-04 13:45:00+00:00,9245.6289
2025-11-04 14:00:00+00:00,9245.6289
2025-11-04 14:15:00+00:00,9245.6289
2025-11-04 14:30:00+00:00,9245.6289
2025-11-04 14:45:00+00:00,9245.6289
2025-11-04 15:00:00+00:00,9245.6289
2025-11-04 15:15:00+00:00,9245.6289
2025-11-04 15:30:00+00:00,9245.6289
2025-11-04 15:45:00+00:00,9245.6289
2025-11-04 16:00:00+00:00,9245.6289
2025-11-04 16:15:00+00:00,9245.6289
2025-11-04 16:30:00+00:00,9245.6289
2025-11-04 16:45:00+00:00,9245.6289
2025-11-04 17:00:00+00:00,9245.6289
2025-11-04 17:15:00+00:00,9245.6289
2025-11-04 17:30:00+00:00,9245.6289
2025-11-04 17:45:00+00:00,9245.6289
2025-11-04 18:00:00+00:00,9245.6289
2025-11-04 18:15:00+00:00,9245.6289
2025-11-04 18:30:00+00:00,9245.6289
2025-11-04 18:45:00+00:00,9245.6289
2025-11-04 19:00:00+00:00,9245.6289
2025-11-04 19:15:00+00:00,9245.6289
2025-11-04 19:30:00+00:00,9245.6289
2025-11-04 19:45:00+00:00,9245.6289
2025-11-04 20:00:00+00:00,9245.6289
2025-11-04 20:15:00+00:00,9245.6289
2025-11-04 20:30:00+00:00,9245.6289
2025-11-04 20:45:00+00:00,9245.6289
2025-11-04 21:00:00+00:00,9245.6289
2025-11-04 21:15:00+00:00,9245.6289
2025-11-04 21:30:00+00:00,9245.6289
2025-11-04 21:45:00+00:00,9245.6289
2025-11-04 22:00:00+00:00,9245.6289
2025-11-04 22:15:00+00:00,9245.6289
2025-11-04 22:30:00+00:00,9245.6289
2025-11-04 22:45:00+00:00,9245.6289
2025-11-04 23:00:00+00:00,9245.6289
2025-11-04 23:15:00+00:00,9245.6289
2025-11-04 23:30:00+00:00,9245.6289
2025-11-04 23:45:00+00:00,9245.6289
2025-11-05 00:00:00+00:00,9245.6289
2025-11-05 00:15:00+00:00,9245.6289
2025-11-05 00:30:00+00:00,9245.6289
2025-11-05 00:45:00+00:00,9245.6289
2025-11-05 01:00:00+00:00,9245.6289
2025-11-05 01:15:00+00:00,9245.6289
2025-11-05 01:30:00+00:00,9245.6289
2025-11-05 01:45:00+00:00,9245.6289
2025-11-05 02:00:00+00:00,9245.6289
2025-11-05 02:15:00+00:00,9245.6289
2025-11-05 02:30:00+00:00,9245.6289
2025-11-05 02:45:00+00:00,9245.6289
2025-11-05 03:00:00+00:00,9245.6289
2025-11-05 03:15:00+00:00,9153.1726
2025-11-05 03:30:00+00:00,9153.1726
2025-11-05 03:45:00+00:00,9153.1726
2025-11-05 04:00:00+00:00,9153.1726
2025-11-05 04:15:00+00:00,9336.2361
2025-11-05 04:30:00+00:00,9336.2361
2025-11-05 04:45:00+00:00,9336.2361
2025-11-05 05:00:00+00:00,9242.8737
2025-11-05 05:15:00+00:00,9242.8737
2025-11-05 05:30:00+00:00,9242.8737
2025-11-05 05:45:00+00:00,9242.8737
2025-11-05 06:00:00+00:00,9242.8737
2025-11-05 06:15:00+00:00,9242.8737
2025-11-05 06:30:00+00:00,9242.8737
2025-11-05 06:45:00+00:00,9242.8737
2025-11-05 07:00:00+00:00,9242.8737
2025-11-05 07:15:00+00:00,9242.8737
2025-11-05 07:30:00+00:00,9242.8737
2025-11-05 07:45:00+00:00,9242.8737
2025-11-05 08:00:00+00:00,9242.8737
2025-11-05 08:15:00+00:00,9242.8737
2025-11-05 08:30:00+00:00,9242.8737
2025-11-05 08:45:00+00:00,9242.8737
2025-11-05 09:00:00+00:00,9242.8737
2025-11-05 09:15:00+00:00,9242.8737
2025-11-05 09:30:00+00:00,9242.8737
2025-11-05 09:45:00+00:00,9242.8737
2025-11-05 10:00:00+00:00,9242.8737
2025-11-05 10:15:00+00:00,9242.8737
2025-11-05 10:30:00+00:00,9242.8737
2025-11-05 10:45:00+00:00,9242.8737
2025-11-05 11:00:00+00:00,9242.8737
2025-11-05 11:15:00+00:00,9242.8737
2025-11-05 11:30:00+00:00,9242.8737
2025-11-05 11:45:00+00:00,9242.8737
2025-11-05 12:00:00+00:00,9242.8737
2025-11-05 12:15:00+00:00,9150.445
2025-11-05 12:30:00+00:00,9150.445
2025-11-05 12:45:00+00:00,9150.445
2025-11-05 13:00:00+00:00,9333.4539
2025-11-05 13:15:00+00:00,9333.4539
2025-11-05 13:30:00+00:00,9333.4539
2025-11-05 13:45:00+00:00,9333.4539
2025-11-05 14:00:00+00:00,9333.4539
2025-11-05 14:15:00+00:00,9333.4539
2025-11-05 14:30:00+00:00,9520.123
2025-11-05 14:45:00+00:00,9520.123
2025-11-05 15:00:00+00:00,9424.9217
2025-11-05 15:15:00+00:00,9424.9217
2025-11-05 15:30:00+00:00,9424.9217
2025-11-05 15:45:00+00:00,9424.9217
2025-11-05 16:00:00+00:00,9424.9217
2025-11-05 16:15:00+00:00,9424.9217
2025-11-05 16:30:00+00:00,9424.9217
2025-11-05 16:45:00+00:00,9424.9217
2025-11-05 17:00:00+00:00,9424.9217
2025-11-05 17:15:00+00:00,9424.9217
2025-11-05 17:30:00+00:00,9424.9217
2025-11-05 17:45:00+00:00,9424.9217
2025-11-05 18:00:00+00:00,9424.9217
2025-11-05 18:15:00+00:00,9424.9217
2025-11-05 18:30:00+00:00,9424.9217
2025-11-05 18:45:00+00:00,9424.9217
2025-11-05 19:00:00+00:00,9424.9217
2025-11-05 19:15:00+00:00,9424.9217
2025-11-05 19:30:00+00:00,9424.9217
2025-11-05 19:45:00+00:00,9424.9217
2025-11-05 20:00:00+00:00,9424.9217
2025-11-05 20:15:00+00:00,9424.9217
2025-11-05 20:30:00+00:00,9424.9217
2025-11-05 20:45:00+00:00,9424.9217
2025-11-05 21:00:00+00:00,9424.9217
2025-11-05 21:15:00+00:00,9424.9217
2025-11-05 21:30:00+00:00,9424.9217
2025-11-05 21:45:00+00:00,9613.4202
2025-11-05 22:00:00+00:00,9613.4202
2025-11-05 22:15:00+00:00,9613.4202
2025-11-05 22:30:00+00:00,9805.6886
2025-11-05 22:45:00+00:00,9805.6886
2025-11-05 23:00:00+00:00,9805.6886
2025-11-05 23:15:00+00:00,9805.6886
2025-11-05 23:30:00+00:00,9805.6886
2025-11-05 23:45:00+00:00,9805.6886
2025-11-06 00:00:00+00:00,9707.6317
2025-11-06 00:15:00+00:00,9707.6317
2025-11-06 00:30:00+00:00,9707.6317
2025-11-06 00:45:00+00:00,9707.6317
2025-11-06 01:00:00+00:00,9610.5554
2025-11-06 01:15:00+00:00,9610.5554
2025-11-06 01:30:00+00:00,9610.5554
2025-11-06 01:45:00+00:00,9610.5554
2025-11-06 02:00:00+00:00,9610.5554
2025-11-06 02:15:00+00:00,9610.5554
2025-11-06 02:30:00+00:00,9610.5554
2025-11-06 02:45:00+00:00,9610.5554
2025-11-06 03:00:00+00:00,9610.5554
2025-11-06 03:15:00+00:00,9610.5554
2025-11-06 03:30:00+00:00,9610.5554
2025-11-06 03:45:00+00:00,9610.5554
2025-11-06 04:00:00+00:00,9610.5554
2025-11-06 04:15:00+00:00,9610.5554
2025-11-06 04:30:00+00:00,9610.5554
2025-11-06 04:45:00+00:00,9610.5554
2025-11-06 05:00:00+00:00,9610.5554
2025-11-06 05:15:00+00:00,9610.5554
2025-11-06 05:30:00+00:00,9610.5554
2025-11-06 05:45:00+00:00,9610.5554
2025-11-06 06:00:00+00:00,9610.5554
2025-11-06 06:15:00+00:00,9610.5554
2025-11-06 06:30:00+00:00,9610.5554
2025-11-06 06:45:00+00:00,9610.5554
2025-11-06 07:00:00+00:00,9610.5554
2025-11-06 07:15:00+00:00,9610.5554
2025-11-06 07:30:00+00:00,9610.5554
2025-11-06 07:45:00+00:00,9610.5554
2025-11-06 08:00:00+00:00,9610.5554
2025-11-06 08:15:00+00:00,9610.5554
2025-11-06 08:30:00+00:00,9610.5554
2025-11-06 08:45:00+00:00,9610.5554
2025-11-06 09:00:00+00:00,9610.5554
2025-11-06 09:15:00+00:00,9610.5554
2025-11-06 09:30:00+00:00,9610.5554
2025-11-06 09:45:00+00:00,9514.4498
2025-11-06 10:00:00+00:00,9514.4498
2025-11-06 10:15:00+00:00,9514.4498
2025-11-06 10:30:00+00:00,9514.4498
2025-11-06 10:45:00+00:00,9514.4498
2025-11-06 11:00:00+00:00,9514.4498
2025-11-06 11:15:00+00:00,9419.3053
2025-11-06 11:30:00+00:00,9419.3053
2025-11-06 11:45:00+00:00,9419.3053
2025-11-06 12:00:00+00:00,9419.3053
2025-11-06 12:15:00+00:00,9419.3053
2025-11-06 12:30:00+00:00,9419.3053
2025-11-06 12:45:00+00:00,9419.3053
2025-11-06 13:00:00+00:00,9419.3053
2025-11-06 13:15:00+00:00,9325.1123
2025-11-06 13:30:00+00:00,9325.1123
2025-11-06 13:45:00+00:00,9325.1123
2025-11-06 14:00:00+00:00,9511.6145
2025-11-06 14:15:00+00:00,9511.6145
2025-11-06 14:30:00+00:00,9701.8468
2025-11-06 14:45:00+00:00,9701.8468
2025-11-06 15:00:00+00:00,9701.8468
2025-11-06 15:15:00+00:00,9701.8468
2025-11-06 15:30:00+00:00,9701.8468
2025-11-06 15:45:00+00:00,9701.8468
2025-11-06 16:00:00+00:00,9701.8468
2025-11-06 16:15:00+00:00,9701.8468
2025-11-06 16:30:00+00:00,9701.8468
2025-11-06 16:45:00+00:00,9701.8468
2025-11-06 17:00:00+00:00,9701.8468
2025-11-06 17:15:00+00:00,9701.8468
2025-11-06 17:30:00+00:00,9701.8468
2025-11-06 17:45:00+00:00,9701.8468
2025-11-06 18:00:00+00:00,9701.8468
2025-11-06 18:15:00+00:00,9701.8468
2025-11-06 18:30:00+00:00,9701.8468
2025-11-06 18:45:00+00:00,9701.8468
2025-11-06 19:00:00+00:00,9701.8468
2025-11-06 19:15:00+00:00,9701.8468
2025-11-06 19:30:00+00:00,9895.8837
2025-11-06 19:45:00+00:00,9895.8837
2025-11-06 20:00:00+00:00,9895.8837
2025-11-06 20:15:00+00:00,9895.8837
2025-11-06 20:30:00+00:00,9895.8837
2025-11-06 20:45:00+00:00,9895.8837
2025-11-06 21:00:00+00:00,9895.8837
2025-11-06 21:15:00+00:00,9895.8837
2025-11-06 21:30:00+00:00,9895.8837
2025-11-06 21:45:00+00:00,9895.8837
2025-11-06 22:00:00+00:00,9895.8837
2025-11-06 22:15:00+00:00,9895.8837
2025-11-06 22:30:00+00:00,9895.8837
2025-11-06 22:45:00+00:00,9895.8837
2025-11-06 23:00:00+00:00,9895.8837
2025-11-06 23:15:00+00:00,10093.8014
2025-11-06 23:30:00+00:00,10093.8014
2025-11-06 23:45:00+00:00,9992.8634
2025-11-07 00:00:00+00:00,9992.8634
2025-11-07 00:15:00+00:00,9992.8634
2025-11-07 00:30:00+00:00,9992.8634
2025-11-07 00:45:00+00:00,9992.8634
2025-11-07 01:00:00+00:00,9992.8634
2025-11-07 01:15:00+00:00,9892.9348
2025-11-07 01:30:00+00:00,9892.9348
2025-11-07 01:45:00+00:00,9892.9348
2025-11-07 02:00:00+00:00,9892.9348
2025-11-07 02:15:00+00:00,9794.0054
2025-11-07 02:30:00+00:00,9794.0054
2025-11-07 02:45:00+00:00,9794.0054
2025-11-07 03:00:00+00:00,9794.0054
2025-11-07 03:15:00+00:00,9794.0054
2025-11-07 03:30:00+00:00,9989.8855
2025-11-07 03:45:00+00:00,9989.8855
2025-11-07 04:00:00+00:00,9989.8855
2025-11-07 04:15:00+00:00,9989.8855
2025-11-07 04:30:00+00:00,9989.8855
2025-11-07 04:45:00+00:00,9989.8855
2025-11-07 05:00:00+00:00,9889.9867
2025-11-07 05:15:00+00:00,9889.9867
2025-11-07 05:30:00+00:00,9889.9867
2025-11-07 05:45:00+00:00,9791.0868
2025-11-07 06:00:00+00:00,9791.0868
2025-11-07 06:15:00+00:00,9791.0868
2025-11-07 06:30:00+00:00,9791.0868
2025-11-07 06:45:00+00:00,9986.9085
2025-11-07 07:00:00+00:00,9986.9085
2025-11-07 07:15:00+00:00,9887.0395
2025-11-07 07:30:00+00:00,9887.0395
2025-11-07 07:45:00+00:00,9887.0395
2025-11-07 08:00:00+00:00,9887.0395
2025-11-07 08:15:00+00:00,9788.1691
2025-11-07 08:30:00+00:00,9788.1691
2025-11-07 08:45:00+00:00,9788.1691
2025-11-07 09:00:00+00:00,9788.1691
2025-11-07 09:15:00+00:00,9983.9324
2025-11-07 09:30:00+00:00,9983.9324
2025-11-07 09:45:00+00:00,9983.9324
2025-11-07 10:00:00+00:00,9884.0931
2025-11-07 10:15:00+00:00,9884.0931
2025-11-07 10:30:00+00:00,9884.0931
2025-11-07 10:45:00+00:00,9884.0931
2025-11-07 11:00:00+00:00,9884.0931
2025-11-07 11:15:00+00:00,9884.0931
2025-11-07 11:30:00+00:00,9884.0931
2025-11-07 11:45:00+00:00,9884.0931
2025-11-07 12:00:00+00:00,9884.0931
2025-11-07 12:15:00+00:00,9884.0931
2025-11-07 12:30:00+00:00,9884.0931
2025-11-07 12:45:00+00:00,9884.0931
2025-11-07 13:00:00+00:00,9884.0931
2025-11-07 13:15:00+00:00,9884.0931
2025-11-07 13:30:00+00:00,9884.0931
2025-11-07 13:45:00+00:00,9884.0931
2025-11-07 14:00:00+00:00,9884.0931
2025-11-07 14:15:00+00:00,9884.0931
2025-11-07 14:30:00+00:00,9884.0931
2025-11-07 14:45:00+00:00,9884.0931
2025-11-07 15:00:00+00:00,9884.0931
2025-11-07 15:15:00+00:00,9884.0931
2025-11-07 15:30:00+00:00,10081.775
2025-11-07 15:45:00+00:00,10081.775
2025-11-07 16:00:00+00:00,10081.775
2025-11-07 16:15:00+00:00,9980.9572
2025-11-07 16:30:00+00:00,9980.9572
2025-11-07 16:45:00+00:00,10180.5764
2025-11-07 17:00:00+00:00,10180.5764
2025-11-07 17:15:00+00:00,10180.5764
2025-11-07 17:30:00+00:00,10180.5764
2025-11-07 17:45:00+00:00,10180.5764
2025-11-07 18:00:00+00:00,10078.7706
2025-11-07 18:15:00+00:00,10078.7706
2025-11-07 18:30:00+00:00,10078.7706
2025-11-07 18:45:00+00:00,10078.7706
2025-11-07 19:00:00+00:00,10078.7706
2025-11-07 19:15:00+00:00,10078.7706
2025-11-07 19:30:00+00:00,10078.7706
2025-11-07 19:45:00+00:00,10078.7706
2025-11-07 20:00:00+00:00,10078.7706
2025-11-07 20:15:00+00:00,10078.7706
2025-11-07 20:30:00+00:00,10078.7706
2025-11-07 20:45:00+00:00,10078.7706
2025-11-07 21:00:00+00:00,10078.7706
2025-11-07 21:15:00+00:00,10078.7706
2025-11-07 21:30:00+00:00,10078.7706
2025-11-07 21:45:00+00:00,10078.7706
2025-11-07 22:00:00+00:00,10078.7706
2025-11-07 22:15:00+00:00,10078.7706
2025-11-07 22:30:00+00:00,10078.7706
2025-11-07 22:45:00+00:00,10078.7706
2025-11-07 23:00:00+00:00,10078.7706
2025-11-07 23:15:00+00:00,10078.7706
2025-11-07 23:30:00+00:00,10078.7706
2025-11-07 23:45:00+00:00,10078.7706
2025-11-08 00:00:00+00:00,10078.7706
2025-11-08 00:15:00+00:00,10078.7706
2025-11-08 00:30:00+00:00,10078.7706
2025-11-08 00:45:00+00:00,10078.7706
2025-11-08 01:00:00+00:00,10078.7706
2025-11-08 01:15:00+00:00,10078.7706
2025-11-08 01:30:00+00:00,10078.7706
2025-11-08 01:45:00+00:00,10078.7706
2025-11-08 02:00:00+00:00,10078.7706
2025-11-08 02:15:00+00:00,10078.7706
2025-11-08 02:30:00+00:00,10078.7706
2025-11-08 02:45:00+00:00,10078.7706
2025-11-08 03:00:00+00:00,10078.7706
2025-11-08 03:15:00+00:00,10078.7706
2025-11-08 03:30:00+00:00,10078.7706
2025-11-08 03:45:00+00:00,9977.9829
2025-11-08 04:00:00+00:00,9977.9829
2025-11-08 04:15:00+00:00,9878.2031
2025-11-08 04:30:00+00:00,9878.2031
2025-11-08 04:45:00+00:00,9878.2031
2025-11-08 05:00:00+00:00,9878.2031
2025-11-08 05:15:00+00:00,9878.2031
2025-11-08 05:30:00+00:00,9878.2031
2025-11-08 05:45:00+00:00,9779.421
2025-11-08 06:00:00+00:00,9779.421
2025-11-08 06:15:00+00:00,9779.421
2025-11-08 06:30:00+00:00,9779.421
2025-11-08 06:45:00+00:00,9779.421
2025-11-08 07:00:00+00:00,9779.421
2025-11-08 07:15:00+00:00,9681.6268
2025-11-08 07:30:00+00:00,9681.6268
2025-11-08 07:45:00+00:00,9681.6268
2025-11-08 08:00:00+00:00,9681.6268
2025-11-08 08:15:00+00:00,9681.6268
2025-11-08 08:30:00+00:00,9681.6268
2025-11-08 08:45:00+00:00,9681.6268
2025-11-08 09:00:00+00:00,9681.6268
2025-11-08 09:15:00+00:00,9681.6268
2025-11-08 09:30:00+00:00,9681.6268
2025-11-08 09:45:00+00:00,9681.6268
2025-11-08 10:00:00+00:00,9681.6268
2025-11-08 10:15:00+00:00,9681.6268
2025-11-08 10:30:00+00:00,9681.6268
2025-11-08 10:45:00+00:00,9681.6268
2025-11-08 11:00:00+00:00,9681.6268
2025-11-08 11:15:00+00:00,9681.6268
2025-11-08 11:30:00+00:00,9584.8106
2025-11-08 11:45:00+00:00,9584.8106
2025-11-08 12:00:00+00:00,9584.8106
2025-11-08 12:15:00+00:00,9584.8106
2025-11-08 12:30:00+00:00,9488.9625
2025-11-08 12:45:00+00:00,9488.9625
2025-11-08 13:00:00+00:00,9488.9625
2025-11-08 13:15:00+00:00,9394.0728
2025-11-08 13:30:00+00:00,9394.0728
2025-11-08 13:45:00+00:00,9394.0728
2025-11-08 14:00:00+00:00,9581.9543
2025-11-08 14:15:00+00:00,9581.9543
2025-11-08 14:30:00+00:00,9581.9543
2025-11-08 14:45:00+00:00,9581.9543
2025-11-08 15:00:00+00:00,9581.9543
2025-11-08 15:15:00+00:00,9581.9543
2025-11-08 15:30:00+00:00,9581.9543
2025-11-08 15:45:00+00:00,9581.9543
2025-11-08 16:00:00+00:00,9581.9543
2025-11-08 16:15:00+00:00,9581.9543
2025-11-08 16:30:00+00:00,9581.9543
2025-11-08 16:45:00+00:00,9581.9543
2025-11-08 17:00:00+00:00,9581.9543
2025-11-08 17:15:00+00:00,9581.9543
2025-11-08 17:30:00+00:00,9581.9543
2025-11-08 17:45:00+00:00,9581.9543
2025-11-08 18:00:00+00:00,9581.9543
2025-11-08 18:15:00+00:00,9581.9543
2025-11-08 18:30:00+00:00,9486.1347
2025-11-08 18:45:00+00:00,9486.1347
2025-11-08 19:00:00+00:00,9486.1347
2025-11-08 19:15:00+00:00,9675.8574
2025-11-08 19:30:00+00:00,9675.8574
2025-11-08 19:45:00+00:00,9675.8574
2025-11-08 20:00:00+00:00,9675.8574
2025-11-08 20:15:00+00:00,9579.0989
2025-11-08 20:30:00+00:00,9579.0989
2025-11-08 20:45:00+00:00,9579.0989
2025-11-08 21:00:00+00:00,9579.0989
2025-11-08 21:15:00+00:00,9579.0989
2025-11-08 21:30:00+00:00,9483.3079
2025-11-08 21:45:00+00:00,9483.3079
2025-11-08 22:00:00+00:00,9483.3079
2025-11-08 22:15:00+00:00,9388.4748
2025-11-08 22:30:00+00:00,9388.4748
2025-11-08 22:45:00+00:00,9294.5901
2025-11-08 23:00:00+00:00,9294.5901
2025-11-08 23:15:00+00:00,9294.5901
2025-11-08 23:30:00+00:00,9294.5901
2025-11-08 23:45:00+00:00,9201.6442
2025-11-09 00:00:00+00:00,9201.6442
2025-11-09 00:15:00+00:00,9201.6442
2025-11-09 00:30:00+00:00,9201.6442
2025-11-09 00:45:00+00:00,9109.6277
2025-11-09 01:00:00+00:00,9109.6277
2025-11-09 01:15:00+00:00,9018.5314
2025-11-09 01:30:00+00:00,9018.5314
2025-11-09 01:45:00+00:00,9018.5314
2025-11-09 02:00:00+00:00,9018.5314
2025-11-09 02:15:00+00:00,9018.5314
2025-11-09 02:30:00+00:00,9018.5314
2025-11-09 02:45:00+00:00,8928.3461
2025-11-09 03:00:00+00:00,8928.3461
2025-11-09 03:15:00+00:00,8928.3461
2025-11-09 03:30:00+00:00,8928.3461
2025-11-09 03:45:00+00:00,8928.3461
2025-11-09 04:00:00+00:00,8839.0627
2025-11-09 04:15:00+00:00,8839.0627
2025-11-09 04:30:00+00:00,8839.0627
2025-11-09 04:45:00+00:00,8839.0627
2025-11-09 05:00:00+00:00,8839.0627
2025-11-09 05:15:00+00:00,8839.0627
2025-11-09 05:30:00+00:00,8839.0627
2025-11-09 05:45:00+00:00,8839.0627
2025-11-09 06:00:00+00:00,8839.0627
2025-11-09 06:15:00+00:00,8839.0627
2025-11-09 06:30:00+00:00,8839.0627
2025-11-09 06:45:00+00:00,8839.0627
2025-11-09 07:00:00+00:00,8839.0627
2025-11-09 07:15:00+00:00,8839.0627
2025-11-09 07:30:00+00:00,8839.0627
2025-11-09 07:45:00+00:00,8839.0627
2025-11-09 08:00:00+00:00,8839.0627
2025-11-09 08:15:00+00:00,8839.0627
2025-11-09 08:30:00+00:00,8839.0627
2025-11-09 08:45:00+00:00,8839.0627
2025-11-09 09:00:00+00:00,8750.672
2025-11-09 09:15:00+00:00,8750.672
2025-11-09 09:30:00+00:00,8750.672
2025-11-09 09:45:00+00:00,8925.6855
2025-11-09 10:00:00+00:00,8925.6855
2025-11-09 10:15:00+00:00,8836.4286
2025-11-09 10:30:00+00:00,8836.4286
2025-11-09 10:45:00+00:00,8836.4286
2025-11-09 11:00:00+00:00,8836.4286
2025-11-09 11:15:00+00:00,8836.4286
2025-11-09 11:30:00+00:00,8836.4286
2025-11-09 11:45:00+00:00,8748.0643
2025-11-09 12:00:00+00:00,8748.0643
2025-11-09 12:15:00+00:00,8923.0256
2025-11-09 12:30:00+00:00,8923.0256
2025-11-09 12:45:00+00:00,8923.0256
2025-11-09 13:00:00+00:00,8833.7954
2025-11-09 13:15:00+00:00,8833.7954
2025-11-09 13:30:00+00:00,8833.7954
2025-11-09 13:45:00+00:00,9010.4713
2025-11-09 14:00:00+00:00,9010.4713
2025-11-09 14:15:00+00:00,9190.6807
2025-11-09 14:30:00+00:00,9190.6807
2025-11-09 14:45:00+00:00,9190.6807
2025-11-09 15:00:00+00:00,9190.6807
2025-11-09 15:15:00+00:00,9190.6807
2025-11-09 15:30:00+00:00,9190.6807
2025-11-09 15:45:00+00:00,9190.6807
2025-11-09 16:00:00+00:00,9190.6807
2025-11-09 16:15:00+00:00,9190.6807
2025-11-09 16:30:00+00:00,9190.6807
2025-11-09 16:45:00+00:00,9190.6807
2025-11-09 17:00:00+00:00,9190.6807
2025-11-09 17:15:00+00:00,9190.6807
2025-11-09 17:30:00+00:00,9190.6807
2025-11-09 17:45:00+00:00,9190.6807
2025-11-09 18:00:00+00:00,9190.6807
2025-11-09 18:15:00+00:00,9190.6807
2025-11-09 18:30:00+00:00,9190.6807
2025-11-09 18:45:00+00:00,9190.6807
2025-11-09 19:00:00+00:00,9190.6807
2025-11-09 19:15:00+00:00,9190.6807
2025-11-09 19:30:00+00:00,9190.6807
2025-11-09 19:45:00+00:00,9190.6807
2025-11-09 20:00:00+00:00,9190.6807
2025-11-09 20:15:00+00:00,9190.6807
2025-11-09 20:30:00+00:00,9190.6807
2025-11-09 20:45:00+00:00,9190.6807
2025-11-09 21:00:00+00:00,9190.6807
2025-11-09 21:15:00+00:00,9190.6807
2025-11-09 21:30:00+00:00,9190.6807
2025-11-09 21:45:00+00:00,9190.6807
2025-11-09 22:00:00+00:00,9190.6807
2025-11-09 22:15:00+00:00,9190.6807
2025-11-09 22:30:00+00:00,9190.6807
2025-11-09 22:45:00+00:00,9190.6807
2025-11-09 23:00:00+00:00,9190.6807
2025-11-09 23:15:00+00:00,9190.6807
2025-11-09 23:30:00+00:00,9190.6807
2025-11-09 23:45:00+00:00,9190.6807
2025-11-10 00:00:00+00:00,9190.6807
2025-11-10 00:15:00+00:00,9190.6807
2025-11-10 00:30:00+00:00,9190.6807
2025-11-10 00:45:00+00:00,9190.6807
2025-11-10 01:00:00+00:00,9190.6807
2025-11-10 01:15:00+00:00,9190.6807
2025-11-10 01:30:00+00:00,9190.6807
2025-11-10 01:45:00+00:00,9190.6807
2025-11-10 02:00:00+00:00,9190.6807
2025-11-10 02:15:00+00:00,9190.6807
2025-11-10 02:30:00+00:00,9190.6807
2025-11-10 02:45:00+00:00,9190.6807
2025-11-10 03:00:00+00:00,9190.6807
2025-11-10 03:15:00+00:00,9190.6807
2025-11-10 03:30:00+00:00,9190.6807
2025-11-10 03:45:00+00:00,9190.6807
2025-11-10 04:00:00+00:00,9190.6807
2025-11-10 04:15:00+00:00,9190.6807
2025-11-10 04:30:00+00:00,9190.6807
2025-11-10 04:45:00+00:00,9190.6807
2025-11-10 05:00:00+00:00,9190.6807
2025-11-10 05:15:00+00:00,9190.6807
2025-11-10 05:30:00+00:00,9190.6807
2025-11-10 05:45:00+00:00,9190.6807
2025-11-10 06:00:00+00:00,9190.6807
2025-11-10 06:15:00+00:00,9190.6807
2025-11-10 06:30:00+00:00,9190.6807
2025-11-10 06:45:00+00:00,9190.6807
2025-11-10 07:00:00+00:00,9190.6807
2025-11-10 07:15:00+00:00,9190.6807
2025-11-10 07:30:00+00:00,9190.6807
2025-11-10 07:45:00+00:00,9190.6807
2025-11-10 08:00:00+00:00,9190.6807
2025-11-10 08:15:00+00:00,9190.6807
2025-11-10 08:30:00+00:00,9190.6807
2025-11-10 08:45:00+00:00,9190.6807
2025-11-10 09:00:00+00:00,9374.4943
2025-11-10 09:15:00+00:00,9374.4943
2025-11-10 09:30:00+00:00,9374.4943
2025-11-10 09:45:00+00:00,9374.4943
2025-11-10 10:00:00+00:00,9374.4943
2025-11-10 10:15:00+00:00,9374.4943
2025-11-10 10:30:00+00:00,9374.4943
2025-11-10 10:45:00+00:00,9374.4943
2025-11-10 11:00:00+00:00,9374.4943
2025-11-10 11:15:00+00:00,9374.4943
2025-11-10 11:30:00+00:00,9561.9842
2025-11-10 11:45:00+00:00,9561.9842
2025-11-10 12:00:00+00:00,9561.9842
2025-11-10 12:15:00+00:00,9561.9842
2025-11-10 12:30:00+00:00,9561.9842
2025-11-10 12:45:00+00:00,9561.9842
2025-11-10 13:00:00+00:00,9753.2239
2025-11-10 13:15:00+00:00,9753.2239
2025-11-10 13:30:00+00:00,9753.2239
2025-11-10 13:45:00+00:00,9753.2239
2025-11-10 14:00:00+00:00,9753.2239
2025-11-10 14:15:00+00:00,9753.2239
2025-11-10 14:30:00+00:00,9655.6916
2025-11-10 14:45:00+00:00,9655.6916
2025-11-10 15:00:00+00:00,9655.6916
2025-11-10 15:15:00+00:00,9848.8055
2025-11-10 15:30:00+00:00,9848.8055
2025-11-10 15:45:00+00:00,9848.8055
2025-11-10 16:00:00+00:00,9848.8055
2025-11-10 16:15:00+00:00,9848.8055
2025-11-10 16:30:00+00:00,9848.8055
2025-11-10 16:45:00+00:00,9750.3174
2025-11-10 17:00:00+00:00,9750.3174
2025-11-10 17:15:00+00:00,9750.3174
2025-11-10 17:30:00+00:00,9945.3238
2025-11-10 17:45:00+00:00,9945.3238
2025-11-10 18:00:00+00:00,9945.3238
2025-11-10 18:15:00+00:00,9945.3238
2025-11-10 18:30:00+00:00,9945.3238
2025-11-10 18:45:00+00:00,9845.8705
2025-11-10 19:00:00+00:00,9845.8705
2025-11-10 19:15:00+00:00,9845.8705
2025-11-10 19:30:00+00:00,9845.8705
2025-11-10 19:45:00+00:00,9845.8705
2025-11-10 20:00:00+00:00,9845.8705
2025-11-10 20:15:00+00:00,9845.8705
2025-11-10 20:30:00+00:00,9845.8705
2025-11-10 20:45:00+00:00,9845.8705
2025-11-10 21:00:00+00:00,9747.4118
2025-11-10 21:15:00+00:00,9747.4118
2025-11-10 21:30:00+00:00,9747.4118
2025-11-10 21:45:00+00:00,9747.4118
2025-11-10 22:00:00+00:00,9747.4118
2025-11-10 22:15:00+00:00,9747.4118
2025-11-10 22:30:00+00:00,9747.4118
2025-11-10 22:45:00+00:00,9747.4118
2025-11-10 23:00:00+00:00,9747.4118
2025-11-10 23:15:00+00:00,9747.4118
2025-11-10 23:30:00+00:00,9747.4118
2025-11-10 23:45:00+00:00,9747.4118
2025-11-11 00:00:00+00:00,9747.4118
2025-11-11 00:15:00+00:00,9747.4118
2025-11-11 00:30:00+00:00,9747.4118
2025-11-11 00:45:00+00:00,9747.4118
2025-11-11 01:00:00+00:00,9747.4118
2025-11-11 01:15:00+00:00,9942.3601
2025-11-11 01:30:00+00:00,9942.3601
2025-11-11 01:45:00+00:00,9942.3601
2025-11-11 02:00:00+00:00,9942.3601
2025-11-11 02:15:00+00:00,9942.3601
2025-11-11 02:30:00+00:00,9942.3601
2025-11-11 02:45:00+00:00,9942.3601
2025-11-11 03:00:00+00:00,9942.3601
2025-11-11 03:15:00+00:00,9942.3601
2025-11-11 03:30:00+00:00,9942.3601
2025-11-11 03:45:00+00:00,9942.3601
2025-11-11 04:00:00+00:00,9942.3601
2025-11-11 04:15:00+00:00,9942.3601
2025-11-11 04:30:00+00:00,9942.3601
2025-11-11 04:45:00+00:00,9942.3601
2025-11-11 05:00:00+00:00,9842.9365
2025-11-11 05:15:00+00:00,9842.9365
2025-11-11 05:30:00+00:00,9842.9365
2025-11-11 05:45:00+00:00,9842.9365
2025-11-11 06:00:00+00:00,9744.5071
2025-11-11 06:15:00+00:00,9744.5071
2025-11-11 06:30:00+00:00,9744.5071
2025-11-11 06:45:00+00:00,9744.5071
2025-11-11 07:00:00+00:00,9744.5071
2025-11-11 07:15:00+00:00,9744.5071
2025-11-11 07:30:00+00:00,9647.062
2025-11-11 07:45:00+00:00,9647.062
2025-11-11 08:00:00+00:00,9647.062
2025-11-11 08:15:00+00:00,9647.062
2025-11-11 08:30:00+00:00,9647.062
2025-11-11 08:45:00+00:00,9550.5914
2025-11-11 09:00:00+00:00,9550.5914
2025-11-11 09:15:00+00:00,9550.5914
2025-11-11 09:30:00+00:00,9550.5914
2025-11-11 09:45:00+00:00,9550.5914
2025-11-11 10:00:00+00:00,9550.5914
2025-11-11 10:15:00+00:00,9550.5914
2025-11-11 10:30:00+00:00,9550.5914
2025-11-11 10:45:00+00:00,9550.5914
2025-11-11 11:00:00+00:00,9550.5914
2025-11-11 11:15:00+00:00,9550.5914
2025-11-11 11:30:00+00:00,9455.0855
2025-11-11 11:45:00+00:00,9455.0855
2025-11-11 12:00:00+00:00,9360.5346
2025-11-11 12:15:00+00:00,9360.5346
2025-11-11 12:30:00+00:00,9360.5346
2025-11-11 12:45:00+00:00,9547.7453
2025-11-11 13:00:00+00:00,9547.7453
2025-11-11 13:15:00+00:00,9547.7453
2025-11-11 13:30:00+00:00,9547.7453
2025-11-11 13:45:00+00:00,9547.7453
2025-11-11 14:00:00+00:00,9547.7453
2025-11-11 14:15:00+00:00,9452.2679
2025-11-11 14:30:00+00:00,9452.2679
2025-11-11 14:45:00+00:00,9452.2679
2025-11-11 15:00:00+00:00,9452.2679
2025-11-11 15:15:00+00:00,9452.2679
2025-11-11 15:30:00+00:00,9452.2679
2025-11-11 15:45:00+00:00,9452.2679
2025-11-11 16:00:00+00:00,9452.2679
2025-11-11 16:15:00+00:00,9452.2679
2025-11-11 16:30:00+00:00,9452.2679
2025-11-11 16:45:00+00:00,9452.2679
2025-11-11 17:00:00+00:00,9452.2679
2025-11-11 17:15:00+00:00,9452.2679
2025-11-11 17:30:00+00:00,9452.2679
2025-11-11 17:45:00+00:00,9452.2679
2025-11-11 18:00:00+00:00,9452.2679
2025-11-11 18:15:00+00:00,9452.2679
2025-11-11 18:30:00+00:00,9452.2679
2025-11-11 18:45:00+00:00,9452.2679
2025-11-11 19:00:00+00:00,9452.2679
2025-11-11 19:15:00+00:00,9452.2679
2025-11-11 19:30:00+00:00,9452.2679
2025-11-11 19:45:00+00:00,9452.2679
2025-11-11 20:00:00+00:00,9452.2679
2025-11-11 20:15:00+00:00,9452.2679
2025-11-11 20:30:00+00:00,9452.2679
2025-11-11 20:45:00+00:00,9452.2679
2025-11-11 21:00:00+00:00,9452.2679
2025-11-11 21:15:00+00:00,9452.2679
2025-11-11 21:30:00+00:00,9452.2679
2025-11-11 21:45:00+00:00,9452.2679
2025-11-11 22:00:00+00:00,9452.2679
2025-11-11 22:15:00+00:00,9452.2679
2025-11-11 22:30:00+00:00,9452.2679
2025-11-11 22:45:00+00:00,9452.2679
2025-11-11 23:00:00+00:00,9452.2679
2025-11-11 23:15:00+00:00,9452.2679
2025-11-11 23:30:00+00:00,9452.2679
2025-11-11 23:45:00+00:00,9452.2679
2025-11-12 00:00:00+00:00,9452.2679
2025-11-12 00:15:00+00:00,9452.2679
2025-11-12 00:30:00+00:00,9452.2679
2025-11-12 00:45:00+00:00,9452.2679
2025-11-12 01:00:00+00:00,9452.2679
2025-11-12 01:15:00+00:00,9452.2679
2025-11-12 01:30:00+00:00,9452.2679
2025-11-12 01:45:00+00:00,9357.7452
2025-11-12 02:00:00+00:00,9357.7452
2025-11-12 02:15:00+00:00,9357.7452
2025-11-12 02:30:00+00:00,9544.9001
2025-11-12 02:45:00+00:00,9544.9001
2025-11-12 03:00:00+00:00,9544.9001
2025-11-12 03:15:00+00:00,9544.9001
2025-11-12 03:30:00+00:00,9544.9001
2025-11-12 03:45:00+00:00,9544.9001
2025-11-12 04:00:00+00:00,9544.9001
2025-11-12 04:15:00+00:00,9449.4511
2025-11-12 04:30:00+00:00,9449.4511
2025-11-12 04:45:00+00:00,9354.9566
2025-11-12 05:00:00+00:00,9354.9566
2025-11-12 05:15:00+00:00,9354.9566
2025-11-12 05:30:00+00:00,9354.9566
2025-11-12 05:45:00+00:00,9354.9566
2025-11-12 06:00:00+00:00,9261.407
2025-11-12 06:15:00+00:00,9261.407
2025-11-12 06:30:00+00:00,9261.407
2025-11-12 06:45:00+00:00,9261.407
2025-11-12 07:00:00+00:00,9261.407
2025-11-12 07:15:00+00:00,9261.407
2025-11-12 07:30:00+00:00,9261.407
2025-11-12 07:45:00+00:00,9446.6352
2025-11-12 08:00:00+00:00,9446.6352
2025-11-12 08:15:00+00:00,9446.6352
2025-11-12 08:30:00+00:00,9446.6352
2025-11-12 08:45:00+00:00,9446.6352
2025-11-12 09:00:00+00:00,9446.6352
2025-11-12 09:15:00+00:00,9446.6352
2025-11-12 09:30:00+00:00,9446.6352
2025-11-12 09:45:00+00:00,9446.6352
2025-11-12 10:00:00+00:00,9446.6352
2025-11-12 10:15:00+00:00,9446.6352
2025-11-12 10:30:00+00:00,9352.1688
2025-11-12 10:45:00+00:00,9352.1688
2025-11-12 11:00:00+00:00,9352.1688
2025-11-12 11:15:00+00:00,9352.1688
2025-11-12 11:30:00+00:00,9352.1688
2025-11-12 11:45:00+00:00,9352.1688
2025-11-12 12:00:00+00:00,9352.1688
2025-11-12 12:15:00+00:00,9352.1688
2025-11-12 12:30:00+00:00,9352.1688
2025-11-12 12:45:00+00:00,9352.1688
2025-11-12 13:00:00+00:00,9352.1688
2025-11-12 13:15:00+00:00,9352.1688
2025-11-12 13:30:00+00:00,9352.1688
2025-11-12 13:45:00+00:00,9352.1688
2025-11-12 14:00:00+00:00,9352.1688
2025-11-12 14:15:00+00:00,9352.1688
2025-11-12 14:30:00+00:00,9258.6471
2025-11-12 14:45:00+00:00,9258.6471
2025-11-12 15:00:00+00:00,9258.6471
2025-11-12 15:15:00+00:00,9258.6471
2025-11-12 15:30:00+00:00,9258.6471
2025-11-12 15:45:00+00:00,9258.6471
2025-11-12 16:00:00+00:00,9258.6471
2025-11-12 16:15:00+00:00,9258.6471
2025-11-12 16:30:00+00:00,9258.6471
2025-11-12 16:45:00+00:00,9258.6471
2025-11-12 17:00:00+00:00,9258.6471
2025-11-12 17:15:00+00:00,9258.6471
2025-11-12 17:30:00+00:00,9258.6471
2025-11-12 17:45:00+00:00,9258.6471
2025-11-12 18:00:00+00:00,9258.6471
2025-11-12 18:15:00+00:00,9258.6471
2025-11-12 18:30:00+00:00,9258.6471
2025-11-12 18:45:00+00:00,9258.6471
2025-11-12 19:00:00+00:00,9258.6471
2025-11-12 19:15:00+00:00,9258.6471
2025-11-12 19:30:00+00:00,9258.6471
2025-11-12 19:45:00+00:00,9258.6471
2025-11-12 20:00:00+00:00,9258.6471
2025-11-12 20:15:00+00:00,9258.6471
2025-11-12 20:30:00+00:00,9258.6471
2025-11-12 20:45:00+00:00,9258.6471
2025-11-12 21:00:00+00:00,9258.6471
2025-11-12 21:15:00+00:00,9258.6471
2025-11-12 21:30:00+00:00,9258.6471
2025-11-12 21:45:00+00:00,9258.6471
2025-11-12 22:00:00+00:00,9258.6471
2025-11-12 22:15:00+00:00,9258.6471
2025-11-12 22:30:00+00:00,9258.6471
2025-11-12 22:45:00+00:00,9258.6471
2025-11-12 23:00:00+00:00,9258.6471
2025-11-12 23:15:00+00:00,9166.0607
2025-11-12 23:30:00+00:00,9166.0607
2025-11-12 23:45:00+00:00,9166.0607
2025-11-13 00:00:00+00:00,9166.0607
2025-11-13 00:15:00+00:00,9166.0607
2025-11-13 00:30:00+00:00,9166.0607
2025-11-13 00:45:00+00:00,9166.0607
2025-11-13 01:00:00+00:00,9166.0607
2025-11-13 01:15:00+00:00,9166.0607
2025-11-13 01:30:00+00:00,9166.0607
2025-11-13 01:45:00+00:00,9166.0607
2025-11-13 02:00:00+00:00,9166.0607
2025-11-13 02:15:00+00:00,9166.0607
2025-11-13 02:30:00+00:00,9166.0607
2025-11-13 02:45:00+00:00,9166.0607
2025-11-13 03:00:00+00:00,9166.0607
2025-11-13 03:15:00+00:00,9349.3819
2025-11-13 03:30:00+00:00,9349.3819
2025-11-13 03:45:00+00:00,9349.3819
2025-11-13 04:00:00+00:00,9349.3819
2025-11-13 04:15:00+00:00,9349.3819
2025-11-13 04:30:00+00:00,9349.3819
2025-11-13 04:45:00+00:00,9349.3819
2025-11-13 05:00:00+00:00,9349.3819
2025-11-13 05:15:00+00:00,9349.3819
2025-11-13 05:30:00+00:00,9255.888
2025-11-13 05:45:00+00:00,9255.888
2025-11-13 06:00:00+00:00,9255.888
2025-11-13 06:15:00+00:00,9255.888
2025-11-13 06:30:00+00:00,9255.888
2025-11-13 06:45:00+00:00,9163.3292
2025-11-13 07:00:00+00:00,9163.3292
2025-11-13 07:15:00+00:00,9163.3292
2025-11-13 07:30:00+00:00,9163.3292
2025-11-13 07:45:00+00:00,9163.3292
2025-11-13 08:00:00+00:00,9163.3292
2025-11-13 08:15:00+00:00,9163.3292
2025-11-13 08:30:00+00:00,9163.3292
2025-11-13 08:45:00+00:00,9163.3292
2025-11-13 09:00:00+00:00,9163.3292
2025-11-13 09:15:00+00:00,9163.3292
2025-11-13 09:30:00+00:00,9163.3292
2025-11-13 09:45:00+00:00,9163.3292
2025-11-13 10:00:00+00:00,9163.3292
2025-11-13 10:15:00+00:00,9163.3292
2025-11-13 10:30:00+00:00,9163.3292
2025-11-13 10:45:00+00:00,9163.3292
2025-11-13 11:00:00+00:00,9163.3292
2025-11-13 11:15:00+00:00,9163.3292
2025-11-13 11:30:00+00:00,9163.3292
2025-11-13 11:45:00+00:00,9163.3292
2025-11-13 12:00:00+00:00,9163.3292
2025-11-13 12:15:00+00:00,9163.3292
2025-11-13 12:30:00+00:00,9163.3292
2025-11-13 12:45:00+00:00,9163.3292
2025-11-13 13:00:00+00:00,9163.3292
2025-11-13 13:15:00+00:00,9071.6959
2025-11-13 13:30:00+00:00,9071.6959
2025-11-13 13:45:00+00:00,9071.6959
2025-11-13 14:00:00+00:00,9071.6959
2025-11-13 14:15:00+00:00,9071.6959
2025-11-13 14:30:00+00:00,8980.9789
2025-11-13 14:45:00+00:00,8980.9789
2025-11-13 15:00:00+00:00,8980.9789
2025-11-13 15:15:00+00:00,8980.9789
2025-11-13 15:30:00+00:00,8891.1691
2025-11-13 15:45:00+00:00,8891.1691
2025-11-13 16:00:00+00:00,8891.1691
2025-11-13 16:15:00+00:00,8891.1691
2025-11-13 16:30:00+00:00,8891.1691
2025-11-13 16:45:00+00:00,8891.1691
2025-11-13 17:00:00+00:00,8891.1691
2025-11-13 17:15:00+00:00,8891.1691
2025-11-13 17:30:00+00:00,8891.1691
2025-11-13 17:45:00+00:00,8891.1691
2025-11-13 18:00:00+00:00,8891.1691
2025-11-13 18:15:00+00:00,8891.1691
2025-11-13 18:30:00+00:00,8891.1691
2025-11-13 18:45:00+00:00,8891.1691
2025-11-13 19:00:00+00:00,8891.1691
2025-11-13 19:15:00+00:00,8891.1691
2025-11-13 19:30:00+00:00,8891.1691
2025-11-13 19:45:00+00:00,8891.1691
2025-11-13 20:00:00+00:00,8891.1691
2025-11-13 20:15:00+00:00,8891.1691
2025-11-13 20:30:00+00:00,8891.1691
2025-11-13 20:45:00+00:00,8891.1691
2025-11-13 21:00:00+00:00,8891.1691
2025-11-13 21:15:00+00:00,8891.1691
2025-11-13 21:30:00+00:00,8891.1691
2025-11-13 21:45:00+00:00,8891.1691
2025-11-13 22:00:00+00:00,8891.1691
2025-11-13 22:15:00+00:00,8891.1691
2025-11-13 22:30:00+00:00,8891.1691
2025-11-13 22:45:00+00:00,8891.1691
2025-11-13 23:00:00+00:00,8891.1691
2025-11-13 23:15:00+00:00,8891.1691
2025-11-13 23:30:00+00:00,8891.1691
2025-11-13 23:45:00+00:00,8891.1691
2025-11-14 00:00:00+00:00,8891.1691
2025-11-14 00:15:00+00:00,8891.1691
2025-11-14 00:30:00+00:00,8891.1691
2025-11-14 00:45:00+00:00,8891.1691
2025-11-14 01:00:00+00:00,8891.1691
2025-11-14 01:15:00+00:00,8891.1691
2025-11-14 01:30:00+00:00,8891.1691
2025-11-14 01:45:00+00:00,8891.1691
2025-11-14 02:00:00+00:00,8891.1691
2025-11-14 02:15:00+00:00,8891.1691
2025-11-14 02:30:00+00:00,8891.1691
2025-11-14 02:45:00+00:00,8891.1691
2025-11-14 03:00:00+00:00,8891.1691
2025-11-14 03:15:00+00:00,9068.9925
2025-11-14 03:30:00+00:00,9068.9925
2025-11-14 03:45:00+00:00,9068.9925
2025-11-14 04:00:00+00:00,9068.9925
2025-11-14 04:15:00+00:00,9068.9925
2025-11-14 04:30:00+00:00,9068.9925
2025-11-14 04:45:00+00:00,9068.9925
2025-11-14 05:00:00+00:00,9068.9925
2025-11-14 05:15:00+00:00,9068.9925
2025-11-14 05:30:00+00:00,9068.9925
2025-11-14 05:45:00+00:00,9068.9925
2025-11-14 06:00:00+00:00,9068.9925
2025-11-14 06:15:00+00:00,9068.9925
2025-11-14 06:30:00+00:00,9068.9925
2025-11-14 06:45:00+00:00,9068.9925
2025-11-14 07:00:00+00:00,9068.9925
2025-11-14 07:15:00+00:00,9068.9925
2025-11-14 07:30:00+00:00,9068.9925
2025-11-14 07:45:00+00:00,9068.9925
2025-11-14 08:00:00+00:00,9068.9925
2025-11-14 08:15:00+00:00,9068.9925
2025-11-14 08:30:00+00:00,9068.9925
2025-11-14 08:45:00+00:00,9068.9925
2025-11-14 09:00:00+00:00,9068.9925
2025-11-14 09:15:00+00:00,9068.9925
2025-11-14 09:30:00+00:00,9068.9925
2025-11-14 09:45:00+00:00,9068.9925
2025-11-14 10:00:00+00:00,9068.9925
2025-11-14 10:15:00+00:00,9068.9925
2025-11-14 10:30:00+00:00,9068.9925
2025-11-14 10:45:00+00:00,9068.9925
2025-11-14 11:00:00+00:00,9068.9925
2025-11-14 11:15:00+00:00,9068.9925
2025-11-14 11:30:00+00:00,9068.9925
2025-11-14 11:45:00+00:00,9068.9925
2025-11-14 12:00:00+00:00,9068.9925
2025-11-14 12:15:00+00:00,9068.9925
2025-11-14 12:30:00+00:00,9068.9925
2025-11-14 12:45:00+00:00,9068.9925
2025-11-14 13:00:00+00:00,9068.9925
2025-11-14 13:15:00+00:00,9068.9925
2025-11-14 13:30:00+00:00,9068.9925
2025-11-14 13:45:00+00:00,9068.9925
2025-11-14 14:00:00+00:00,9068.9925
2025-11-14 14:15:00+00:00,9068.9925
2025-11-14 14:30:00+00:00,9068.9925
2025-11-14 14:45:00+00:00,9068.9925
2025-11-14 15:00:00+00:00,9068.9925
2025-11-14 15:15:00+00:00,9068.9925
2025-11-14 15:30:00+00:00,9068.9925
2025-11-14 15:45:00+00:00,9068.9925
2025-11-14 16:00:00+00:00,9068.9925
2025-11-14 16:15:00+00:00,9068.9925
2025-11-14 16:30:00+00:00,9068.9925
2025-11-14 16:45:00+00:00,9068.9925
2025-11-14 17:00:00+00:00,9068.9925
2025-11-14 17:15:00+00:00,9068.9925
2025-11-14 17:30:00+00:00,9250.3724
2025-11-14 17:45:00+00:00,9250.3724
2025-11-14 18:00:00+00:00,9250.3724
2025-11-14 18:15:00+00:00,9250.3724
2025-11-14 18:30:00+00:00,9250.3724
2025-11-14 18:45:00+00:00,9250.3724
2025-11-14 19:00:00+00:00,9250.3724
2025-11-14 19:15:00+00:00,9250.3724
2025-11-14 19:30:00+00:00,9250.3724
2025-11-14 19:45:00+00:00,9250.3724
2025-11-14 20:00:00+00:00,9250.3724
2025-11-14 20:15:00+00:00,9250.3724
2025-11-14 20:30:00+00:00,9250.3724
2025-11-14 20:45:00+00:00,9250.3724
2025-11-14 21:00:00+00:00,9250.3724
2025-11-14 21:15:00+00:00,9250.3724
2025-11-14 21:30:00+00:00,9250.3724
2025-11-14 21:45:00+00:00,9250.3724
2025-11-14 22:00:00+00:00,9250.3724
2025-11-14 22:15:00+00:00,9250.3724
2025-11-14 22:30:00+00:00,9250.3724
2025-11-14 22:45:00+00:00,9250.3724
2025-11-14 23:00:00+00:00,9250.3724
2025-11-14 23:15:00+00:00,9250.3724
2025-11-14 23:30:00+00:00,9250.3724
2025-11-14 23:45:00+00:00,9250.3724
2025-11-15 00:00:00+00:00,9250.3724
2025-11-15 00:15:00+00:00,9250.3724
2025-11-15 00:30:00+00:00,9250.3724
2025-11-15 00:45:00+00:00,9250.3724
2025-11-15 01:00:00+00:00,9250.3724
2025-11-15 01:15:00+00:00,9250.3724
2025-11-15 01:30:00+00:00,9250.3724
2025-11-15 01:45:00+00:00,9250.3724
2025-11-15 02:00:00+00:00,9250.3724
2025-11-15 02:15:00+00:00,9157.8686
2025-11-15 02:30:00+00:00,9157.8686
2025-11-15 02:45:00+00:00,9157.8686
2025-11-15 03:00:00+00:00,9157.8686
2025-11-15 03:15:00+00:00,9157.8686
2025-11-15 03:30:00+00:00,9157.8686
2025-11-15 03:45:00+00:00,9157.8686
2025-11-15 04:00:00+00:00,9157.8686
2025-11-15 04:15:00+00:00,9157.8686
2025-11-15 04:30:00+00:00,9157.8686
2025-11-15 04:45:00+00:00,9157.8686
2025-11-15 05:00:00+00:00,9157.8686
2025-11-15 05:15:00+00:00,9157.8686
2025-11-15 05:30:00+00:00,9157.8686
2025-11-15 05:45:00+00:00,9157.8686
2025-11-15 06:00:00+00:00,9157.8686
2025-11-15 06:15:00+00:00,9157.8686
2025-11-15 06:30:00+00:00,9157.8686
2025-11-15 06:45:00+00:00,9157.8686
2025-11-15 07:00:00+00:00,9157.8686
2025-11-15 07:15:00+00:00,9157.8686
2025-11-15 07:30:00+00:00,9157.8686
2025-11-15 07:45:00+00:00,9157.8686
2025-11-15 08:00:00+00:00,9157.8686
2025-11-15 08:15:00+00:00,9157.8686
2025-11-15 08:30:00+00:00,9157.8686
2025-11-15 08:45:00+00:00,9157.8686
2025-11-15 09:00:00+00:00,9157.8686
2025-11-15 09:15:00+00:00,9157.8686
2025-11-15 09:30:00+00:00,9157.8686
2025-11-15 09:45:00+00:00,9157.8686
2025-11-15 10:00:00+00:00,9157.8686
2025-11-15 10:15:00+00:00,9157.8686
2025-11-15 10:30:00+00:00,9157.8686
2025-11-15 10:45:00+00:00,9157.8686
2025-11-15 11:00:00+00:00,9157.8686
2025-11-15 11:15:00+00:00,9157.8686
2025-11-15 11:30:00+00:00,9157.8686
2025-11-15 11:45:00+00:00,9157.8686
2025-11-15 12:00:00+00:00,9341.026
2025-11-15 12:15:00+00:00,9341.026
2025-11-15 12:30:00+00:00,9341.026
2025-11-15 12:45:00+00:00,9341.026
2025-11-15 13:00:00+00:00,9247.6157
2025-11-15 13:15:00+00:00,9247.6157
2025-11-15 13:30:00+00:00,9247.6157
2025-11-15 13:45:00+00:00,9247.6157
2025-11-15 14:00:00+00:00,9247.6157
2025-11-15 14:15:00+00:00,9247.6157
2025-11-15 14:30:00+00:00,9247.6157
2025-11-15 14:45:00+00:00,9247.6157
2025-11-15 15:00:00+00:00,9247.6157
2025-11-15 15:15:00+00:00,9247.6157
2025-11-15 15:30:00+00:00,9247.6157
2025-11-15 15:45:00+00:00,9247.6157
2025-11-15 16:00:00+00:00,9247.6157
2025-11-15 16:15:00+00:00,9247.6157
2025-11-15 16:30:00+00:00,9247.6157
2025-11-15 16:45:00+00:00,9247.6157
2025-11-15 17:00:00+00:00,9247.6157
2025-11-15 17:15:00+00:00,9247.6157
2025-11-15 17:30:00+00:00,9247.6157
2025-11-15 17:45:00+00:00,9247.6157
2025-11-15 18:00:00+00:00,9247.6157
2025-11-15 18:15:00+00:00,9247.6157
2025-11-15 18:30:00+00:00,9247.6157
2025-11-15 18:45:00+00:00,9247.6157
2025-11-15 19:00:00+00:00,9247.6157
2025-11-15 19:15:00+00:00,9247.6157
2025-11-15 19:30:00+00:00,9247.6157
2025-11-15 19:45:00+00:00,9247.6157
2025-11-15 20:00:00+00:00,9247.6157
2025-11-15 20:15:00+00:00,9247.6157
2025-11-15 20:30:00+00:00,9432.5681
2025-11-15 20:45:00+00:00,9432.5681
2025-11-15 21:00:00+00:00,9432.5681
2025-11-15 21:15:00+00:00,9432.5681
2025-11-15 21:30:00+00:00,9432.5681
2025-11-15 21:45:00+00:00,9432.5681
2025-11-15 22:00:00+00:00,9432.5681
2025-11-15 22:15:00+00:00,9432.5681
2025-11-15 22:30:00+00:00,9432.5681
2025-11-15 22:45:00+00:00,9432.5681
2025-11-15 23:00:00+00:00,9432.5681
2025-11-15 23:15:00+00:00,9338.2424
2025-11-15 23:30:00+00:00,9338.2424
2025-11-15 23:45:00+00:00,9338.2424
2025-11-16 00:00:00+00:00,9244.86
2025-11-16 00:15:00+00:00,9244.86
2025-11-16 00:30:00+00:00,9152.4114
2025-11-16 00:45:00+00:00,9152.4114
2025-11-16 01:00:00+00:00,9152.4114
2025-11-16 01:15:00+00:00,9152.4114
2025-11-16 01:30:00+00:00,9335.4596
2025-11-16 01:45:00+00:00,9335.4596
2025-11-16 02:00:00+00:00,9335.4596
2025-11-16 02:15:00+00:00,9335.4596
2025-11-16 02:30:00+00:00,9335.4596
2025-11-16 02:45:00+00:00,9335.4596
2025-11-16 03:00:00+00:00,9335.4596
2025-11-16 03:15:00+00:00,9335.4596
2025-11-16 03:30:00+00:00,9335.4596
2025-11-16 03:45:00+00:00,9335.4596
2025-11-16 04:00:00+00:00,9335.4596
2025-11-16 04:15:00+00:00,9335.4596
2025-11-16 04:30:00+00:00,9335.4596
2025-11-16 04:45:00+00:00,9335.4596
2025-11-16 05:00:00+00:00,9242.105
2025-11-16 05:15:00+00:00,9242.105
2025-11-16 05:30:00+00:00,9242.105
2025-11-16 05:45:00+00:00,9242.105
2025-11-16 06:00:00+00:00,9242.105
2025-11-16 06:15:00+00:00,9242.105
2025-11-16 06:30:00+00:00,9242.105
2025-11-16 06:45:00+00:00,9242.105
2025-11-16 07:00:00+00:00,9242.105
2025-11-16 07:15:00+00:00,9242.105
2025-11-16 07:30:00+00:00,9242.105
2025-11-16 07:45:00+00:00,9242.105
2025-11-16 08:00:00+00:00,9149.6839
2025-11-16 08:15:00+00:00,9149.6839
2025-11-16 08:30:00+00:00,9149.6839
2025-11-16 08:45:00+00:00,9149.6839
2025-11-16 09:00:00+00:00,9149.6839
2025-11-16 09:15:00+00:00,9149.6839
2025-11-16 09:30:00+00:00,9149.6839
2025-11-16 09:45:00+00:00,9332.6776
2025-11-16 10:00:00+00:00,9332.6776
2025-11-16 10:15:00+00:00,9332.6776
2025-11-16 10:30:00+00:00,9332.6776
2025-11-16 10:45:00+00:00,9332.6776
2025-11-16 11:00:00+00:00,9239.3508
2025-11-16 11:15:00+00:00,9239.3508
2025-11-16 11:30:00+00:00,9239.3508
2025-11-16 11:45:00+00:00,9239.3508
2025-11-16 12:00:00+00:00,9239.3508
2025-11-16 12:15:00+00:00,9424.1379
2025-11-16 12:30:00+00:00,9424.1379
2025-11-16 12:45:00+00:00,9424.1379
2025-11-16 13:00:00+00:00,9424.1379
2025-11-16 13:15:00+00:00,9329.8965
2025-11-16 13:30:00+00:00,9329.8965
2025-11-16 13:45:00+00:00,9329.8965
2025-11-16 14:00:00+00:00,9329.8965
2025-11-16 14:15:00+00:00,9329.8965
2025-11-16 14:30:00+00:00,9329.8965
2025-11-16 14:45:00+00:00,9329.8965
2025-11-16 15:00:00+00:00,9329.8965
2025-11-16 15:15:00+00:00,9329.8965
2025-11-16 15:30:00+00:00,9329.8965
2025-11-16 15:45:00+00:00,9236.5975
2025-11-16 16:00:00+00:00,9236.5975
2025-11-16 16:15:00+00:00,9236.5975
2025-11-16 16:30:00+00:00,9236.5975
2025-11-16 16:45:00+00:00,9236.5975
2025-11-16 17:00:00+00:00,9236.5975
2025-11-16 17:15:00+00:00,9236.5975
2025-11-16 17:30:00+00:00,9236.5975
2025-11-16 17:45:00+00:00,9236.5975
2025-11-16 18:00:00+00:00,9236.5975
2025-11-16 18:15:00+00:00,9236.5975
2025-11-16 18:30:00+00:00,9236.5975
2025-11-16 18:45:00+00:00,9421.3295
2025-11-16 19:00:00+00:00,9421.3295
2025-11-16 19:15:00+00:00,9421.3295
2025-11-16 19:30:00+00:00,9421.3295
2025-11-16 19:45:00+00:00,9609.7561
2025-11-16 20:00:00+00:00,9609.7561
2025-11-16 20:15:00+00:00,9609.7561
2025-11-16 20:30:00+00:00,9609.7561
2025-11-16 20:45:00+00:00,9609.7561
2025-11-16 21:00:00+00:00,9801.9512
2025-11-16 21:15:00+00:00,9801.9512
2025-11-16 21:30:00+00:00,9801.9512
2025-11-16 21:45:00+00:00,9801.9512
2025-11-16 22:00:00+00:00,9801.9512
2025-11-16 22:15:00+00:00,9801.9512
2025-11-16 22:30:00+00:00,9801.9512
2025-11-16 22:45:00+00:00,9801.9512
2025-11-16 23:00:00+00:00,9801.9512
2025-11-16 23:15:00+00:00,9801.9512
2025-11-16 23:30:00+00:00,9801.9512
2025-11-16 23:45:00+00:00,9801.9512
2025-11-17 00:00:00+00:00,9801.9512
2025-11-17 00:15:00+00:00,9703.9317
2025-11-17 00:30:00+00:00,9703.9317
2025-11-17 00:45:00+00:00,9606.8923
2025-11-17 01:00:00+00:00,9606.8923
2025-11-17 01:15:00+00:00,9606.8923
2025-11-17 01:30:00+00:00,9606.8923
2025-11-17 01:45:00+00:00,9606.8923
2025-11-17 02:00:00+00:00,9606.8923
2025-11-17 02:15:00+00:00,9606.8923
2025-11-17 02:30:00+00:00,9606.8923
2025-11-17 02:45:00+00:00,9606.8923
2025-11-17 03:00:00+00:00,9606.8923
2025-11-17 03:15:00+00:00,9510.8234
2025-11-17 03:30:00+00:00,9510.8234
2025-11-17 03:45:00+00:00,9415.7152
2025-11-17 04:00:00+00:00,9415.7152
2025-11-17 04:15:00+00:00,9415.7152
2025-11-17 04:30:00+00:00,9415.7152
2025-11-17 04:45:00+00:00,9415.7152
2025-11-17 05:00:00+00:00,9415.7152
2025-11-17 05:15:00+00:00,9415.7152
2025-11-17 05:30:00+00:00,9415.7152
2025-11-17 05:45:00+00:00,9415.7152
2025-11-17 06:00:00+00:00,9415.7152
2025-11-17 06:15:00+00:00,9415.7152
2025-11-17 06:30:00+00:00,9415.7152
2025-11-17 06:45:00+00:00,9415.7152
2025-11-17 07:00:00+00:00,9415.7152
2025-11-17 07:15:00+00:00,9415.7152
2025-11-17 07:30:00+00:00,9415.7152
2025-11-17 07:45:00+00:00,9415.7152
2025-11-17 08:00:00+00:00,9415.7152
2025-11-17 08:15:00+00:00,9415.7152
2025-11-17 08:30:00+00:00,9415.7152
2025-11-17 08:45:00+00:00,9415.7152
2025-11-17 09:00:00+00:00,9415.7152
2025-11-17 09:15:00+00:00,9415.7152
2025-11-17 09:30:00+00:00,9415.7152
2025-11-17 09:45:00+00:00,9415.7152
2025-11-17 10:00:00+00:00,9415.7152
2025-11-17 10:15:00+00:00,9415.7152
2025-11-17 10:30:00+00:00,9415.7152
2025-11-17 10:45:00+00:00,9415.7152
2025-11-17 11:00:00+00:00,9415.7152
2025-11-17 11:15:00+00:00,9415.7152
2025-11-17 11:30:00+00:00,9415.7152
2025-11-17 11:45:00+00:00,9415.7152
2025-11-17 12:00:00+00:00,9415.7152
2025-11-17 12:15:00+00:00,9415.7152
2025-11-17 12:30:00+00:00,9415.7152
2025-11-17 12:45:00+00:00,9415.7152
2025-11-17 13:00:00+00:00,9321.558
2025-11-17 13:15:00+00:00,9321.558
2025-11-17 13:30:00+00:00,9321.558
2025-11-17 13:45:00+00:00,9321.558
2025-11-17 14:00:00+00:00,9321.558
2025-11-17 14:15:00+00:00,9321.558
2025-11-17 14:30:00+00:00,9321.558
2025-11-17 14:45:00+00:00,9321.558
2025-11-17 15:00:00+00:00,9321.558
2025-11-17 15:15:00+00:00,9228.3425
2025-11-17 15:30:00+00:00,9228.3425
2025-11-17 15:45:00+00:00,9228.3425
2025-11-17 16:00:00+00:00,9412.9093
2025-11-17 16:15:00+00:00,9412.9093
2025-11-17 16:30:00+00:00,9412.9093
2025-11-17 16:45:00+00:00,9412.9093
2025-11-17 17:00:00+00:00,9412.9093
2025-11-17 17:15:00+00:00,9412.9093
2025-11-17 17:30:00+00:00,9412.9093
2025-11-17 17:45:00+00:00,9412.9093
2025-11-17 18:00:00+00:00,9412.9093
2025-11-17 18:15:00+00:00,9412.9093
2025-11-17 18:30:00+00:00,9412.9093
2025-11-17 18:45:00+00:00,9412.9093
2025-11-17 19:00:00+00:00,9412.9093
2025-11-17 19:15:00+00:00,9412.9093
2025-11-17 19:30:00+00:00,9412.9093
2025-11-17 19:45:00+00:00,9412.9093
2025-11-17 20:00:00+00:00,9412.9093
2025-11-17 20:15:00+00:00,9412.9093
2025-11-17 20:30:00+00:00,9412.9093
2025-11-17 20:45:00+00:00,9412.9093
2025-11-17 21:00:00+00:00,9412.9093
2025-11-17 21:15:00+00:00,9412.9093
2025-11-17 21:30:00+00:00,9412.9093
2025-11-17 21:45:00+00:00,9412.9093
2025-11-17 22:00:00+00:00,9412.9093
2025-11-17 22:15:00+00:00,9412.9093
2025-11-17 22:30:00+00:00,9412.9093
2025-11-17 22:45:00+00:00,9412.9093
2025-11-17 23:00:00+00:00,9412.9093
2025-11-17 23:15:00+00:00,9412.9093
2025-11-17 23:30:00+00:00,9412.9093
2025-11-17 23:45:00+00:00,9412.9093
2025-11-18 00:00:00+00:00,9412.9093
2025-11-18 00:15:00+00:00,9412.9093
2025-11-18 00:30:00+00:00,9412.9093
2025-11-18 00:45:00+00:00,9412.9093
2025-11-18 01:00:00+00:00,9412.9093
2025-11-18 01:15:00+00:00,9412.9093
2025-11-18 01:30:00+00:00,9412.9093
2025-11-18 01:45:00+00:00,9412.9093
2025-11-18 02:00:00+00:00,9412.9093
2025-11-18 02:15:00+00:00,9412.9093
2025-11-18 02:30:00+00:00,9412.9093
2025-11-18 02:45:00+00:00,9412.9093
2025-11-18 03:00:00+00:00,9412.9093
2025-11-18 03:15:00+00:00,9412.9093
2025-11-18 03:30:00+00:00,9412.9093
2025-11-18 03:45:00+00:00,9412.9093
2025-11-18 04:00:00+00:00,9412.9093
2025-11-18 04:15:00+00:00,9412.9093
2025-11-18 04:30:00+00:00,9412.9093
2025-11-18 04:45:00+00:00,9412.9093
2025-11-18 05:00:00+00:00,9412.9093
2025-11-18 05:15:00+00:00,9412.9093
2025-11-18 05:30:00+00:00,9412.9093
2025-11-18 05:45:00+00:00,9412.9093
2025-11-18 06:00:00+00:00,9412.9093
2025-11-18 06:15:00+00:00,9412.9093
2025-11-18 06:30:00+00:00,9412.9093
2025-11-18 06:45:00+00:00,9412.9093
2025-11-18 07:00:00+00:00,9412.9093
2025-11-18 07:15:00+00:00,9412.9093
2025-11-18 07:30:00+00:00,9412.9093
2025-11-18 07:45:00+00:00,9412.9093
2025-11-18 08:00:00+00:00,9412.9093
2025-11-18 08:15:00+00:00,9412.9093
2025-11-18 08:30:00+00:00,9412.9093
2025-11-18 08:45:00+00:00,9412.9093
2025-11-18 09:00:00+00:00,9412.9093
2025-11-18 09:15:00+00:00,9318.7802
2025-11-18 09:30:00+00:00,9318.7802
2025-11-18 09:45:00+00:00,9318.7802
2025-11-18 10:00:00+00:00,9318.7802
2025-11-18 10:15:00+00:00,9318.7802
2025-11-18 10:30:00+00:00,9318.7802
2025-11-18 10:45:00+00:00,9225.5924
2025-11-18 11:00:00+00:00,9225.5924
2025-11-18 11:15:00+00:00,9225.5924
2025-11-18 11:30:00+00:00,9225.5924
2025-11-18 11:45:00+00:00,9225.5924
2025-11-18 12:00:00+00:00,9225.5924
2025-11-18 12:15:00+00:00,9225.5924
2025-11-18 12:30:00+00:00,9133.3365
2025-11-18 12:45:00+00:00,9133.3365
2025-11-18 13:00:00+00:00,9133.3365
2025-11-18 13:15:00+00:00,9133.3365
2025-11-18 13:30:00+00:00,9133.3365
2025-11-18 13:45:00+00:00,9133.3365
2025-11-18 14:00:00+00:00,9133.3365
2025-11-18 14:15:00+00:00,9042.0031
2025-11-18 14:30:00+00:00,9042.0031
2025-11-18 14:45:00+00:00,9042.0031
2025-11-18 15:00:00+00:00,9042.0031
2025-11-18 15:15:00+00:00,8951.5831
2025-11-18 15:30:00+00:00,8951.5831
2025-11-18 15:45:00+00:00,8951.5831
2025-11-18 16:00:00+00:00,8951.5831
2025-11-18 16:15:00+00:00,8951.5831
2025-11-18 16:30:00+00:00,8951.5831
2025-11-18 16:45:00+00:00,8951.5831
2025-11-18 17:00:00+00:00,8951.5831
2025-11-18 17:15:00+00:00,8951.5831
2025-11-18 17:30:00+00:00,8951.5831
2025-11-18 17:45:00+00:00,8951.5831
2025-11-18 18:00:00+00:00,8951.5831
2025-11-18 18:15:00+00:00,8951.5831
2025-11-18 18:30:00+00:00,8951.5831
2025-11-18 18:45:00+00:00,8951.5831
2025-11-18 19:00:00+00:00,8951.5831
2025-11-18 19:15:00+00:00,8951.5831
2025-11-18 19:30:00+00:00,8951.5831
2025-11-18 19:45:00+00:00,8951.5831
2025-11-18 20:00:00+00:00,8951.5831
2025-11-18 20:15:00+00:00,8951.5831
2025-11-18 20:30:00+00:00,8862.0673
2025-11-18 20:45:00+00:00,8862.0673
2025-11-18 21:00:00+00:00,8862.0673
2025-11-18 21:15:00+00:00,8862.0673
2025-11-18 21:30:00+00:00,8773.4466
2025-11-18 21:45:00+00:00,8773.4466
2025-11-18 22:00:00+00:00,8773.4466
2025-11-18 22:15:00+00:00,8773.4466
2025-11-18 22:30:00+00:00,8773.4466
2025-11-18 22:45:00+00:00,8773.4466
2025-11-18 23:00:00+00:00,8773.4466
2025-11-18 23:15:00+00:00,8773.4466
2025-11-18 23:30:00+00:00,8773.4466
2025-11-18 23:45:00+00:00,8773.4466
2025-11-19 00:00:00+00:00,8773.4466
2025-11-19 00:15:00+00:00,8685.7121
2025-11-19 00:30:00+00:00,8685.7121
2025-11-19 00:45:00+00:00,8685.7121
2025-11-19 01:00:00+00:00,8598.855
2025-11-19 01:15:00+00:00,8598.855
2025-11-19 01:30:00+00:00,8598.855
2025-11-19 01:45:00+00:00,8598.855
2025-11-19 02:00:00+00:00,8598.855
2025-11-19 02:15:00+00:00,8598.855
2025-11-19 02:30:00+00:00,8598.855
2025-11-19 02:45:00+00:00,8598.855
2025-11-19 03:00:00+00:00,8598.855
2025-11-19 03:15:00+00:00,8598.855
2025-11-19 03:30:00+00:00,8512.8665
2025-11-19 03:45:00+00:00,8512.8665
2025-11-19 04:00:00+00:00,8512.8665
2025-11-19 04:15:00+00:00,8512.8665
2025-11-19 04:30:00+00:00,8512.8665
2025-11-19 04:45:00+00:00,8683.1238
2025-11-19 05:00:00+00:00,8683.1238
2025-11-19 05:15:00+00:00,8683.1238
2025-11-19 05:30:00+00:00,8683.1238
2025-11-19 05:45:00+00:00,8683.1238
2025-11-19 06:00:00+00:00,8683.1238
2025-11-19 06:15:00+00:00,8683.1238
2025-11-19 06:30:00+00:00,8683.1238
2025-11-19 06:45:00+00:00,8683.1238
2025-11-19 07:00:00+00:00,8683.1238
2025-11-19 07:15:00+00:00,8683.1238
2025-11-19 07:30:00+00:00,8596.2925
2025-11-19 07:45:00+00:00,8596.2925
2025-11-19 08:00:00+00:00,8596.2925
2025-11-19 08:15:00+00:00,8510.3296
2025-11-19 08:30:00+00:00,8510.3296
2025-11-19 08:45:00+00:00,8510.3296
2025-11-19 09:00:00+00:00,8510.3296
2025-11-19 09:15:00+00:00,8510.3296
2025-11-19 09:30:00+00:00,8510.3296
2025-11-19 09:45:00+00:00,8510.3296
2025-11-19 10:00:00+00:00,8510.3296
2025-11-19 10:15:00+00:00,8510.3296
2025-11-19 10:30:00+00:00,8510.3296
2025-11-19 10:45:00+00:00,8510.3296
2025-11-19 11:00:00+00:00,8510.3296
2025-11-19 11:15:00+00:00,8510.3296
2025-11-19 11:30:00+00:00,8510.3296
2025-11-19 11:45:00+00:00,8510.3296
2025-11-19 12:00:00+00:00,8510.3296
2025-11-19 12:15:00+00:00,8510.3296
2025-11-19 12:30:00+00:00,8510.3296
2025-11-19 12:45:00+00:00,8510.3296
2025-11-19 13:00:00+00:00,8510.3296
2025-11-19 13:15:00+00:00,8510.3296
2025-11-19 13:30:00+00:00,8510.3296
2025-11-19 13:45:00+00:00,8510.3296
2025-11-19 14:00:00+00:00,8510.3296
2025-11-19 14:15:00+00:00,8510.3296
2025-11-19 14:30:00+00:00,8510.3296
2025-11-19 14:45:00+00:00,8510.3296
2025-11-19 15:00:00+00:00,8425.2263
2025-11-19 15:15:00+00:00,8425.2263
2025-11-19 15:30:00+00:00,8425.2263
2025-11-19 15:45:00+00:00,8425.2263
2025-11-19 16:00:00+00:00,8425.2263
2025-11-19 16:15:00+00:00,8425.2263
2025-11-19 16:30:00+00:00,8425.2263
2025-11-19 16:45:00+00:00,8425.2263
2025-11-19 17:00:00+00:00,8425.2263
2025-11-19 17:15:00+00:00,8425.2263
2025-11-19 17:30:00+00:00,8593.7308
2025-11-19 17:45:00+00:00,8593.7308
2025-11-19 18:00:00+00:00,8593.7308
2025-11-19 18:15:00+00:00,8593.7308
2025-11-19 18:30:00+00:00,8593.7308
2025-11-19 18:45:00+00:00,8593.7308
2025-11-19 19:00:00+00:00,8593.7308
2025-11-19 19:15:00+00:00,8593.7308
2025-11-19 19:30:00+00:00,8593.7308
2025-11-19 19:45:00+00:00,8593.7308
2025-11-19 20:00:00+00:00,8593.7308
2025-11-19 20:15:00+00:00,8593.7308
2025-11-19 20:30:00+00:00,8593.7308
2025-11-19 20:45:00+00:00,8593.7308
2025-11-19 21:00:00+00:00,8593.7308
2025-11-19 21:15:00+00:00,8593.7308
2025-11-19 21:30:00+00:00,8593.7308
2025-11-19 21:45:00+00:00,8593.7308
2025-11-19 22:00:00+00:00,8593.7308
2025-11-19 22:15:00+00:00,8507.7935
2025-11-19 22:30:00+00:00,8507.7935
2025-11-19 22:45:00+00:00,8507.7935
2025-11-19 23:00:00+00:00,8422.7156
2025-11-19 23:15:00+00:00,8422.7156
2025-11-19 23:30:00+00:00,8422.7156
2025-11-19 23:45:00+00:00,8338.4884
2025-11-20 00:00:00+00:00,8338.4884
2025-11-20 00:15:00+00:00,8255.1036
2025-11-20 00:30:00+00:00,8255.1036
2025-11-20 00:45:00+00:00,8255.1036
2025-11-20 01:00:00+00:00,8255.1036
2025-11-20 01:15:00+00:00,8255.1036
2025-11-20 01:30:00+00:00,8255.1036
2025-11-20 01:45:00+00:00,8255.1036
2025-11-20 02:00:00+00:00,8255.1036
2025-11-20 02:15:00+00:00,8255.1036
2025-11-20 02:30:00+00:00,8255.1036
2025-11-20 02:45:00+00:00,8255.1036
2025-11-20 03:00:00+00:00,8255.1036
2025-11-20 03:15:00+00:00,8255.1036
2025-11-20 03:30:00+00:00,8255.1036
2025-11-20 03:45:00+00:00,8255.1036
2025-11-20 04:00:00+00:00,8255.1036
2025-11-20 04:15:00+00:00,8255.1036
2025-11-20 04:30:00+00:00,8255.1036
2025-11-20 04:45:00+00:00,8255.1036
2025-11-20 05:00:00+00:00,8255.1036
2025-11-20 05:15:00+00:00,8255.1036
2025-11-20 05:30:00+00:00,8255.1036
2025-11-20 05:45:00+00:00,8255.1036
2025-11-20 06:00:00+00:00,8255.1036
2025-11-20 06:15:00+00:00,8255.1036
2025-11-20 06:30:00+00:00,8255.1036
2025-11-20 06:45:00+00:00,8255.1036
2025-11-20 07:00:00+00:00,8255.1036
2025-11-20 07:15:00+00:00,8255.1036
2025-11-20 07:30:00+00:00,8255.1036
2025-11-20 07:45:00+00:00,8255.1036
2025-11-20 08:00:00+00:00,8255.1036
2025-11-20 08:15:00+00:00,8255.1036
2025-11-20 08:30:00+00:00,8255.1036
2025-11-20 08:45:00+00:00,8255.1036
2025-11-20 09:00:00+00:00,8255.1036
2025-11-20 09:15:00+00:00,8255.1036
2025-11-20 09:30:00+00:00,8255.1036
2025-11-20 09:45:00+00:00,8172.5525
2025-11-20 10:00:00+00:00,8172.5525
2025-11-20 10:15:00+00:00,8172.5525
2025-11-20 10:30:00+00:00,8172.5525
2025-11-20 10:45:00+00:00,8172.5525
2025-11-20 11:00:00+00:00,8172.5525
2025-11-20 11:15:00+00:00,8090.827
2025-11-20 11:30:00+00:00,8090.827
2025-11-20 11:45:00+00:00,8090.827
2025-11-20 12:00:00+00:00,8090.827
2025-11-20 12:15:00+00:00,8090.827
2025-11-20 12:30:00+00:00,8090.827
2025-11-20 12:45:00+00:00,8090.827
2025-11-20 13:00:00+00:00,8090.827
2025-11-20 13:15:00+00:00,8090.827
2025-11-20 13:30:00+00:00,8252.6435
2025-11-20 13:45:00+00:00,8252.6435
2025-11-20 14:00:00+00:00,8252.6435
2025-11-20 14:15:00+00:00,8252.6435
2025-11-20 14:30:00+00:00,8252.6435
2025-11-20 14:45:00+00:00,8252.6435
2025-11-20 15:00:00+00:00,8170.1171
2025-11-20 15:15:00+00:00,8170.1171
2025-11-20 15:30:00+00:00,8170.1171
2025-11-20 15:45:00+00:00,8170.1171
2025-11-20 16:00:00+00:00,8170.1171
2025-11-20 16:15:00+00:00,8170.1171
2025-11-20 16:30:00+00:00,8170.1171
2025-11-20 16:45:00+00:00,8170.1171
2025-11-20 17:00:00+00:00,8170.1171
2025-11-20 17:15:00+00:00,8170.1171
2025-11-20 17:30:00+00:00,8170.1171
2025-11-20 17:45:00+00:00,8170.1171
2025-11-20 18:00:00+00:00,8170.1171
2025-11-20 18:15:00+00:00,8170.1171
2025-11-20 18:30:00+00:00,8170.1171
2025-11-20 18:45:00+00:00,8170.1171
2025-11-20 19:00:00+00:00,8170.1171
2025-11-20 19:15:00+00:00,8170.1171
2025-11-20 19:30:00+00:00,8170.1171
2025-11-20 19:45:00+00:00,8170.1171
2025-11-20 20:00:00+00:00,8170.1171
2025-11-20 20:15:00+00:00,8170.1171
2025-11-20 20:30:00+00:00,8170.1171
2025-11-20 20:45:00+00:00,8170.1171
2025-11-20 21:00:00+00:00,8170.1171
2025-11-20 21:15:00+00:00,8170.1171
2025-11-20 21:30:00+00:00,8170.1171
2025-11-20 21:45:00+00:00,8170.1171
2025-11-20 22:00:00+00:00,8170.1171
2025-11-20 22:15:00+00:00,8170.1171
2025-11-20 22:30:00+00:00,8170.1171
2025-11-20 22:45:00+00:00,8170.1171
2025-11-20 23:00:00+00:00,8170.1171
2025-11-20 23:15:00+00:00,8170.1171
2025-11-20 23:30:00+00:00,8170.1171
2025-11-20 23:45:00+00:00,8170.1171
2025-11-21 00:00:00+00:00,8170.1171
2025-11-21 00:15:00+00:00,8170.1171
2025-11-21 00:30:00+00:00,8170.1171
2025-11-21 00:45:00+00:00,8170.1171
2025-11-21 01:00:00+00:00,8170.1171
2025-11-21 01:15:00+00:00,8170.1171
2025-11-21 01:30:00+00:00,8170.1171
2025-11-21 01:45:00+00:00,8170.1171
2025-11-21 02:00:00+00:00,8170.1171
2025-11-21 02:15:00+00:00,8170.1171
2025-11-21 02:30:00+00:00,8170.1171
2025-11-21 02:45:00+00:00,8170.1171
2025-11-21 03:00:00+00:00,8170.1171
2025-11-21 03:15:00+00:00,8170.1171
2025-11-21 03:30:00+00:00,8170.1171
2025-11-21 03:45:00+00:00,8170.1171
2025-11-21 04:00:00+00:00,8170.1171
2025-11-21 04:15:00+00:00,8170.1171
2025-11-21 04:30:00+00:00,8170.1171
2025-11-21 04:45:00+00:00,8170.1171
2025-11-21 05:00:00+00:00,8170.1171
2025-11-21 05:15:00+00:00,8170.1171
2025-11-21 05:30:00+00:00,8170.1171
2025-11-21 05:45:00+00:00,8170.1171
2025-11-21 06:00:00+00:00,8170.1171
2025-11-21 06:15:00+00:00,8170.1171
2025-11-21 06:30:00+00:00,8170.1171
2025-11-21 06:45:00+00:00,8170.1171
2025-11-21 07:00:00+00:00,8170.1171
2025-11-21 07:15:00+00:00,8170.1171
2025-11-21 07:30:00+00:00,8170.1171
2025-11-21 07:45:00+00:00,8170.1171
2025-11-21 08:00:00+00:00,8170.1171
2025-11-21 08:15:00+00:00,8170.1171
2025-11-21 08:30:00+00:00,8170.1171
2025-11-21 08:45:00+00:00,8170.1171
2025-11-21 09:00:00+00:00,8170.1171
2025-11-21 09:15:00+00:00,8170.1171
2025-11-21 09:30:00+00:00,8170.1171
2025-11-21 09:45:00+00:00,8170.1171
2025-11-21 10:00:00+00:00,8170.1171
2025-11-21 10:15:00+00:00,8170.1171
2025-11-21 10:30:00+00:00,8170.1171
2025-11-21 10:45:00+00:00,8170.1171
2025-11-21 11:00:00+00:00,8170.1171
2025-11-21 11:15:00+00:00,8170.1171
2025-11-21 11:30:00+00:00,8170.1171
2025-11-21 11:45:00+00:00,8170.1171
2025-11-21 12:00:00+00:00,8170.1171
2025-11-21 12:15:00+00:00,8170.1171
2025-11-21 12:30:00+00:00,8170.1171
2025-11-21 12:45:00+00:00,8170.1171
2025-11-21 13:00:00+00:00,8170.1171
2025-11-21 13:15:00+00:00,8170.1171
2025-11-21 13:30:00+00:00,8170.1171
2025-11-21 13:45:00+00:00,8170.1171
2025-11-21 14:00:00+00:00,8170.1171
2025-11-21 14:15:00+00:00,8170.1171
2025-11-21 14:30:00+00:00,8170.1171
2025-11-21 14:45:00+00:00,8170.1171
2025-11-21 15:00:00+00:00,8170.1171
2025-11-21 15:15:00+00:00,8170.1171
2025-11-21 15:30:00+00:00,8333.5194
2025-11-21 15:45:00+00:00,8333.5194
2025-11-21 16:00:00+00:00,8333.5194
2025-11-21 16:15:00+00:00,8333.5194
2025-11-21 16:30:00+00:00,8333.5194
2025-11-21 16:45:00+00:00,8333.5194
2025-11-21 17:00:00+00:00,8333.5194
2025-11-21 17:15:00+00:00,8333.5194
2025-11-21 17:30:00+00:00,8333.5194
2025-11-21 17:45:00+00:00,8333.5194
2025-11-21 18:00:00+00:00,8500.1898
2025-11-21 18:15:00+00:00,8500.1898
2025-11-21 18:30:00+00:00,8500.1898
2025-11-21 18:45:00+00:00,8500.1898
2025-11-21 19:00:00+00:00,8500.1898
2025-11-21 19:15:00+00:00,8415.1879
2025-11-21 19:30:00+00:00,8415.1879
2025-11-21 19:45:00+00:00,8415.1879
2025-11-21 20:00:00+00:00,8415.1879
2025-11-21 20:15:00+00:00,8415.1879
2025-11-21 20:30:00+00:00,8415.1879
2025-11-21 20:45:00+00:00,8415.1879
2025-11-21 21:00:00+00:00,8415.1879
2025-11-21 21:15:00+00:00,8331.0361
2025-11-21 21:30:00+00:00,8331.0361
2025-11-21 21:45:00+00:00,8331.0361
2025-11-21 22:00:00+00:00,8331.0361
2025-11-21 22:15:00+00:00,8331.0361
2025-11-21 22:30:00+00:00,8497.6568
2025-11-21 22:45:00+00:00,8497.6568
2025-11-21 23:00:00+00:00,8497.6568
2025-11-21 23:15:00+00:00,8412.6802
2025-11-21 23:30:00+00:00,8412.6802
2025-11-21 23:45:00+00:00,8412.6802
2025-11-22 00:00:00+00:00,8328.5534
2025-11-22 00:15:00+00:00,8328.5534
2025-11-22 00:30:00+00:00,8328.5534
2025-11-22 00:45:00+00:00,8328.5534
2025-11-22 01:00:00+00:00,8328.5534
2025-11-22 01:15:00+00:00,8328.5534
2025-11-22 01:30:00+00:00,8328.5534
2025-11-22 01:45:00+00:00,8328.5534
2025-11-22 02:00:00+00:00,8328.5534
2025-11-22 02:15:00+00:00,8328.5534
2025-11-22 02:30:00+00:00,8328.5534
2025-11-22 02:45:00+00:00,8328.5534
2025-11-22 03:00:00+00:00,8328.5534
2025-11-22 03:15:00+00:00,8328.5534
2025-11-22 03:30:00+00:00,8328.5534
2025-11-22 03:45:00+00:00,8328.5534
2025-11-22 04:00:00+00:00,8328.5534
2025-11-22 04:15:00+00:00,8328.5534
2025-11-22 04:30:00+00:00,8328.5534
2025-11-22 04:45:00+00:00,8328.5534
2025-11-22 05:00:00+00:00,8328.5534
2025-11-22 05:15:00+00:00,8328.5534
2025-11-22 05:30:00+00:00,8328.5534
2025-11-22 05:45:00+00:00,8328.5534
2025-11-22 06:00:00+00:00,8328.5534
2025-11-22 06:15:00+00:00,8328.5534
2025-11-22 06:30:00+00:00,8328.5534
2025-11-22 06:45:00+00:00,8328.5534
2025-11-22 07:00:00+00:00,8328.5534
2025-11-22 07:15:00+00:00,8328.5534
2025-11-22 07:30:00+00:00,8328.5534
2025-11-22 07:45:00+00:00,8328.5534
2025-11-22 08:00:00+00:00,8328.5534
2025-11-22 08:15:00+00:00,8328.5534
2025-11-22 08:30:00+00:00,8328.5534
2025-11-22 08:45:00+00:00,8328.5534
2025-11-22 09:00:00+00:00,8328.5534
2025-11-22 09:15:00+00:00,8328.5534
2025-11-22 09:30:00+00:00,8328.5534
2025-11-22 09:45:00+00:00,8328.5534
2025-11-22 10:00:00+00:00,8328.5534
2025-11-22 10:15:00+00:00,8495.1245
2025-11-22 10:30:00+00:00,8495.1245
2025-11-22 10:45:00+00:00,8495.1245
2025-11-22 11:00:00+00:00,8495.1245
2025-11-22 11:15:00+00:00,8495.1245
2025-11-22 11:30:00+00:00,8495.1245
2025-11-22 11:45:00+00:00,8495.1245
2025-11-22 12:00:00+00:00,8665.027
2025-11-22 12:15:00+00:00,8665.027
2025-11-22 12:30:00+00:00,8665.027
2025-11-22 12:45:00+00:00,8578.3767
2025-11-22 13:00:00+00:00,8578.3767
2025-11-22 13:15:00+00:00,8578.3767
2025-11-22 13:30:00+00:00,8578.3767
2025-11-22 13:45:00+00:00,8578.3767
2025-11-22 14:00:00+00:00,8492.5929
2025-11-22 14:15:00+00:00,8492.5929
2025-11-22 14:30:00+00:00,8492.5929
2025-11-22 14:45:00+00:00,8492.5929
2025-11-22 15:00:00+00:00,8492.5929
2025-11-22 15:15:00+00:00,8492.5929
2025-11-22 15:30:00+00:00,8492.5929
2025-11-22 15:45:00+00:00,8492.5929
2025-11-22 16:00:00+00:00,8492.5929
2025-11-22 16:15:00+00:00,8407.667
2025-11-22 16:30:00+00:00,8407.667
2025-11-22 16:45:00+00:00,8407.667
2025-11-22 17:00:00+00:00,8407.667
2025-11-22 17:15:00+00:00,8407.667
2025-11-22 17:30:00+00:00,8407.667
2025-11-22 17:45:00+00:00,8407.667
2025-11-22 18:00:00+00:00,8407.667
2025-11-22 18:15:00+00:00,8407.667
2025-11-22 18:30:00+00:00,8407.667
2025-11-22 18:45:00+00:00,8407.667
2025-11-22 19:00:00+00:00,8407.667
2025-11-22 19:15:00+00:00,8407.667
2025-11-22 19:30:00+00:00,8407.667
2025-11-22 19:45:00+00:00,8407.667
2025-11-22 20:00:00+00:00,8407.667
2025-11-22 20:15:00+00:00,8407.667
2025-11-22 20:30:00+00:00,8407.667
2025-11-22 20:45:00+00:00,8575.8203
2025-11-22 21:00:00+00:00,8575.8203
2025-11-22 21:15:00+00:00,8575.8203
2025-11-22 21:30:00+00:00,8747.3367
2025-11-22 21:45:00+00:00,8747.3367
2025-11-22 22:00:00+00:00,8659.8634
2025-11-22 22:15:00+00:00,8659.8634
2025-11-22 22:30:00+00:00,8659.8634
2025-11-22 22:45:00+00:00,8833.0606
2025-11-22 23:00:00+00:00,8833.0606
2025-11-22 23:15:00+00:00,8833.0606
2025-11-22 23:30:00+00:00,8833.0606
2025-11-22 23:45:00+00:00,8833.0606
2025-11-23 00:00:00+00:00,8833.0606
2025-11-23 00:15:00+00:00,8833.0606
2025-11-23 00:30:00+00:00,8833.0606
2025-11-23 00:45:00+00:00,8833.0606
2025-11-23 01:00:00+00:00,8833.0606
2025-11-23 01:15:00+00:00,8833.0606
2025-11-23 01:30:00+00:00,8833.0606
2025-11-23 01:45:00+00:00,8833.0606
2025-11-23 02:00:00+00:00,8833.0606
2025-11-23 02:15:00+00:00,8833.0606
2025-11-23 02:30:00+00:00,9009.7219
2025-11-23 02:45:00+00:00,9009.7219
2025-11-23 03:00:00+00:00,9009.7219
2025-11-23 03:15:00+00:00,9009.7219
2025-11-23 03:30:00+00:00,9009.7219
2025-11-23 03:45:00+00:00,9009.7219
2025-11-23 04:00:00+00:00,9009.7219
2025-11-23 04:15:00+00:00,9009.7219
2025-11-23 04:30:00+00:00,9009.7219
2025-11-23 04:45:00+00:00,9009.7219
2025-11-23 05:00:00+00:00,9009.7219
2025-11-23 05:15:00+00:00,9009.7219
2025-11-23 05:30:00+00:00,9009.7219
2025-11-23 05:45:00+00:00,9009.7219
2025-11-23 06:00:00+00:00,9009.7219
2025-11-23 06:15:00+00:00,9009.7219
2025-11-23 06:30:00+00:00,9009.7219
2025-11-23 06:45:00+00:00,9009.7219
2025-11-23 07:00:00+00:00,9009.7219
2025-11-23 07:15:00+00:00,8919.6246
2025-11-23 07:30:00+00:00,8919.6246
2025-11-23 07:45:00+00:00,8919.6246
2025-11-23 08:00:00+00:00,8919.6246
2025-11-23 08:15:00+00:00,8919.6246
2025-11-23 08:30:00+00:00,8919.6246
2025-11-23 08:45:00+00:00,8919.6246
2025-11-23 09:00:00+00:00,9098.0171
2025-11-23 09:15:00+00:00,9098.0171
2025-11-23 09:30:00+00:00,9098.0171
2025-11-23 09:45:00+00:00,9098.0171
2025-11-23 10:00:00+00:00,9098.0171
2025-11-23 10:15:00+00:00,9098.0171
2025-11-23 10:30:00+00:00,9098.0171
2025-11-23 10:45:00+00:00,9007.037
2025-11-23 11:00:00+00:00,9007.037
2025-11-23 11:15:00+00:00,9007.037
2025-11-23 11:30:00+00:00,9007.037
2025-11-23 11:45:00+00:00,9187.1777
2025-11-23 12:00:00+00:00,9187.1777
2025-11-23 12:15:00+00:00,9187.1777
2025-11-23 12:30:00+00:00,9187.1777
2025-11-23 12:45:00+00:00,9187.1777
2025-11-23 13:00:00+00:00,9187.1777
2025-11-23 13:15:00+00:00,9187.1777
2025-11-23 13:30:00+00:00,9370.9213
2025-11-23 13:45:00+00:00,9370.9213
2025-11-23 14:00:00+00:00,9370.9213
2025-11-23 14:15:00+00:00,9370.9213
2025-11-23 14:30:00+00:00,9370.9213
2025-11-23 14:45:00+00:00,9370.9213
2025-11-23 15:00:00+00:00,9370.9213
2025-11-23 15:15:00+00:00,9370.9213
2025-11-23 15:30:00+00:00,9370.9213
2025-11-23 15:45:00+00:00,9558.3397
2025-11-23 16:00:00+00:00,9558.3397
2025-11-23 16:15:00+00:00,9558.3397
2025-11-23 16:30:00+00:00,9558.3397
2025-11-23 16:45:00+00:00,9558.3397
2025-11-23 17:00:00+00:00,9558.3397
2025-11-23 17:15:00+00:00,9558.3397
2025-11-23 17:30:00+00:00,9558.3397
2025-11-23 17:45:00+00:00,9558.3397
2025-11-23 18:00:00+00:00,9558.3397
2025-11-23 18:15:00+00:00,9749.5065
2025-11-23 18:30:00+00:00,9749.5065
2025-11-23 18:45:00+00:00,9749.5065
2025-11-23 19:00:00+00:00,9749.5065
2025-11-23 19:15:00+00:00,9749.5065
2025-11-23 19:30:00+00:00,9749.5065
2025-11-23 19:45:00+00:00,9749.5065
2025-11-23 20:00:00+00:00,9749.5065
2025-11-23 20:15:00+00:00,9749.5065
2025-11-23 20:30:00+00:00,9749.5065
2025-11-23 20:45:00+00:00,9749.5065
2025-11-23 21:00:00+00:00,9749.5065
2025-11-23 21:15:00+00:00,9749.5065
2025-11-23 21:30:00+00:00,9749.5065
2025-11-23 21:45:00+00:00,9749.5065
2025-11-23 22:00:00+00:00,9749.5065
2025-11-23 22:15:00+00:00,9749.5065
2025-11-23 22:30:00+00:00,9749.5065
2025-11-23 22:45:00+00:00,9749.5065
2025-11-23 23:00:00+00:00,9749.5065
2025-11-23 23:15:00+00:00,9749.5065
2025-11-23 23:30:00+00:00,9749.5065
2025-11-23 23:45:00+00:00,9749.5065
2025-11-24 00:00:00+00:00,9749.5065
2025-11-24 00:15:00+00:00,9749.5065
2025-11-24 00:30:00+00:00,9749.5065
2025-11-24 00:45:00+00:00,9749.5065
2025-11-24 01:00:00+00:00,9749.5065
2025-11-24 01:15:00+00:00,9749.5065
2025-11-24 01:30:00+00:00,9749.5065
2025-11-24 01:45:00+00:00,9749.5065
2025-11-24 02:00:00+00:00,9944.4966
2025-11-24 02:15:00+00:00,9944.4966
2025-11-24 02:30:00+00:00,9944.4966
2025-11-24 02:45:00+00:00,9944.4966
2025-11-24 03:00:00+00:00,9845.0516
2025-11-24 03:15:00+00:00,9845.0516
2025-11-24 03:30:00+00:00,9845.0516
2025-11-24 03:45:00+00:00,9845.0516
2025-11-24 04:00:00+00:00,9845.0516
2025-11-24 04:15:00+00:00,9746.6011
2025-11-24 04:30:00+00:00,9746.6011
2025-11-24 04:45:00+00:00,9746.6011
2025-11-24 05:00:00+00:00,9941.5331
2025-11-24 05:15:00+00:00,9941.5331
2025-11-24 05:30:00+00:00,9842.1178
2025-11-24 05:45:00+00:00,9842.1178
2025-11-24 06:00:00+00:00,9842.1178
2025-11-24 06:15:00+00:00,9842.1178
2025-11-24 06:30:00+00:00,9743.6966
2025-11-24 06:45:00+00:00,9743.6966
2025-11-24 07:00:00+00:00,9743.6966
2025-11-24 07:15:00+00:00,9743.6966
2025-11-24 07:30:00+00:00,9938.5706
2025-11-24 07:45:00+00:00,9938.5706
2025-11-24 08:00:00+00:00,9938.5706
2025-11-24 08:15:00+00:00,9938.5706
2025-11-24 08:30:00+00:00,9938.5706
2025-11-24 08:45:00+00:00,9839.1849
2025-11-24 09:00:00+00:00,9839.1849
2025-11-24 09:15:00+00:00,9839.1849
2025-11-24 09:30:00+00:00,9839.1849
2025-11-24 09:45:00+00:00,9839.1849
2025-11-24 10:00:00+00:00,9839.1849
2025-11-24 10:15:00+00:00,9839.1849
2025-11-24 10:30:00+00:00,9839.1849
2025-11-24 10:45:00+00:00,9839.1849
2025-11-24 11:00:00+00:00,9839.1849
2025-11-24 11:15:00+00:00,9839.1849
2025-11-24 11:30:00+00:00,9740.793
2025-11-24 11:45:00+00:00,9740.793
2025-11-24 12:00:00+00:00,9740.793
2025-11-24 12:15:00+00:00,9935.6089
2025-11-24 12:30:00+00:00,9935.6089
2025-11-24 12:45:00+00:00,9935.6089
2025-11-24 13:00:00+00:00,9836.2528
2025-11-24 13:15:00+00:00,9836.2528
2025-11-24 13:30:00+00:00,9836.2528
2025-11-24 13:45:00+00:00,9836.2528
2025-11-24 14:00:00+00:00,9836.2528
2025-11-24 14:15:00+00:00,9836.2528
2025-11-24 14:30:00+00:00,9737.8903
2025-11-24 14:45:00+00:00,9737.8903
2025-11-24 15:00:00+00:00,9737.8903
2025-11-24 15:15:00+00:00,9737.8903
2025-11-24 15:30:00+00:00,9640.5114
2025-11-24 15:45:00+00:00,9640.5114
2025-11-24 16:00:00+00:00,9640.5114
2025-11-24 16:15:00+00:00,9640.5114
2025-11-24 16:30:00+00:00,9640.5114
2025-11-24 16:45:00+00:00,9640.5114
2025-11-24 17:00:00+00:00,9640.5114
2025-11-24 17:15:00+00:00,9544.1062
2025-11-24 17:30:00+00:00,9544.1062
2025-11-24 17:45:00+00:00,9544.1062
2025-11-24 18:00:00+00:00,9544.1062
2025-11-24 18:15:00+00:00,9544.1062
2025-11-24 18:30:00+00:00,9544.1062
2025-11-24 18:45:00+00:00,9544.1062
2025-11-24 19:00:00+00:00,9544.1062
2025-11-24 19:15:00+00:00,9544.1062
2025-11-24 19:30:00+00:00,9544.1062
2025-11-24 19:45:00+00:00,9544.1062
2025-11-24 20:00:00+00:00,9544.1062
2025-11-24 20:15:00+00:00,9544.1062
2025-11-24 20:30:00+00:00,9544.1062
2025-11-24 20:45:00+00:00,9544.1062
2025-11-24 21:00:00+00:00,9544.1062
2025-11-24 21:15:00+00:00,9544.1062
2025-11-24 21:30:00+00:00,9544.1062
2025-11-24 21:45:00+00:00,9544.1062
2025-11-24 22:00:00+00:00,9544.1062
2025-11-24 22:15:00+00:00,9544.1062
2025-11-24 22:30:00+00:00,9544.1062
2025-11-24 22:45:00+00:00,9544.1062
2025-11-24 23:00:00+00:00,9544.1062
2025-11-24 23:15:00+00:00,9544.1062
2025-11-24 23:30:00+00:00,9544.1062
2025-11-24 23:45:00+00:00,9544.1062
2025-11-25 00:00:00+00:00,9544.1062
2025-11-25 00:15:00+00:00,9544.1062
2025-11-25 00:30:00+00:00,9544.1062
2025-11-25 00:45:00+00:00,9544.1062
2025-11-25 01:00:00+00:00,9544.1062
2025-11-25 01:15:00+00:00,9544.1062
2025-11-25 01:30:00+00:00,9544.1062
2025-11-25 01:45:00+00:00,9448.6652
2025-11-25 02:00:00+00:00,9448.6652
2025-11-25 02:15:00+00:00,9448.6652
2025-11-25 02:30:00+00:00,9354.1785
2025-11-25 02:45:00+00:00,9354.1785
2025-11-25 03:00:00+00:00,9354.1785
2025-11-25 03:15:00+00:00,9354.1785
2025-11-25 03:30:00+00:00,9260.6367
2025-11-25 03:45:00+00:00,9260.6367
2025-11-25 04:00:00+00:00,9260.6367
2025-11-25 04:15:00+00:00,9260.6367
2025-11-25 04:30:00+00:00,9260.6367
2025-11-25 04:45:00+00:00,9445.8495
2025-11-25 05:00:00+00:00,9445.8495
2025-11-25 05:15:00+00:00,9445.8495
2025-11-25 05:30:00+00:00,9445.8495
2025-11-25 05:45:00+00:00,9445.8495
2025-11-25 06:00:00+00:00,9445.8495
2025-11-25 06:15:00+00:00,9351.391
2025-11-25 06:30:00+00:00,9351.391
2025-11-25 06:45:00+00:00,9351.391
2025-11-25 07:00:00+00:00,9351.391
2025-11-25 07:15:00+00:00,9257.8771
2025-11-25 07:30:00+00:00,9257.8771
2025-11-25 07:45:00+00:00,9165.2983
2025-11-25 08:00:00+00:00,9165.2983
2025-11-25 08:15:00+00:00,9348.6043
2025-11-25 08:30:00+00:00,9348.6043
2025-11-25 08:45:00+00:00,9348.6043
2025-11-25 09:00:00+00:00,9348.6043
2025-11-25 09:15:00+00:00,9348.6043
2025-11-25 09:30:00+00:00,9348.6043
2025-11-25 09:45:00+00:00,9348.6043
2025-11-25 10:00:00+00:00,9348.6043
2025-11-25 10:15:00+00:00,9348.6043
2025-11-25 10:30:00+00:00,9255.1182
2025-11-25 10:45:00+00:00,9255.1182
2025-11-25 11:00:00+00:00,9255.1182
2025-11-25 11:15:00+00:00,9255.1182
2025-11-25 11:30:00+00:00,9162.567
2025-11-25 11:45:00+00:00,9162.567
2025-11-25 12:00:00+00:00,9070.9414
2025-11-25 12:15:00+00:00,9070.9414
2025-11-25 12:30:00+00:00,8980.232
2025-11-25 12:45:00+00:00,8980.232
2025-11-25 13:00:00+00:00,8980.232
2025-11-25 13:15:00+00:00,8890.4296
2025-11-25 13:30:00+00:00,8890.4296
2025-11-25 13:45:00+00:00,8890.4296
2025-11-25 14:00:00+00:00,8890.4296
2025-11-25 14:15:00+00:00,8890.4296
2025-11-25 14:30:00+00:00,8890.4296
2025-11-25 14:45:00+00:00,8890.4296
2025-11-25 15:00:00+00:00,8890.4296
2025-11-25 15:15:00+00:00,8890.4296
2025-11-25 15:30:00+00:00,8890.4296
2025-11-25 15:45:00+00:00,8890.4296
2025-11-25 16:00:00+00:00,8890.4296
2025-11-25 16:15:00+00:00,8890.4296
2025-11-25 16:30:00+00:00,8890.4296
2025-11-25 16:45:00+00:00,8890.4296
2025-11-25 17:00:00+00:00,8890.4296
2025-11-25 17:15:00+00:00,8890.4296
2025-11-25 17:30:00+00:00,8801.5253
2025-11-25 17:45:00+00:00,8801.5253
2025-11-25 18:00:00+00:00,8801.5253
2025-11-25 18:15:00+00:00,8801.5253
2025-11-25 18:30:00+00:00,8801.5253
2025-11-25 18:45:00+00:00,8801.5253
2025-11-25 19:00:00+00:00,8977.5559
2025-11-25 19:15:00+00:00,8977.5559
2025-11-25 19:30:00+00:00,8977.5559
2025-11-25 19:45:00+00:00,8977.5559
2025-11-25 20:00:00+00:00,8977.5559
2025-11-25 20:15:00+00:00,8977.5559
2025-11-25 20:30:00+00:00,8887.7803
2025-11-25 20:45:00+00:00,8887.7803
2025-11-25 21:00:00+00:00,8887.7803
2025-11-25 21:15:00+00:00,8887.7803
2025-11-25 21:30:00+00:00,8887.7803
2025-11-25 21:45:00+00:00,8887.7803
2025-11-25 22:00:00+00:00,9065.5359
2025-11-25 22:15:00+00:00,9065.5359
2025-11-25 22:30:00+00:00,9065.5359
2025-11-25 22:45:00+00:00,9065.5359
2025-11-25 23:00:00+00:00,9065.5359
2025-11-25 23:15:00+00:00,9065.5359
2025-11-25 23:30:00+00:00,9065.5359
2025-11-25 23:45:00+00:00,9065.5359
2025-11-26 00:00:00+00:00,9065.5359
2025-11-26 00:15:00+00:00,9065.5359
2025-11-26 00:30:00+00:00,9065.5359
2025-11-26 00:45:00+00:00,9065.5359
2025-11-26 01:00:00+00:00,9065.5359
2025-11-26 01:15:00+00:00,9065.5359
2025-11-26 01:30:00+00:00,8974.8805
2025-11-26 01:45:00+00:00,8974.8805
2025-11-26 02:00:00+00:00,8974.8805
2025-11-26 02:15:00+00:00,8885.1317
2025-11-26 02:30:00+00:00,8885.1317
2025-11-26 02:45:00+00:00,8885.1317
2025-11-26 03:00:00+00:00,8885.1317
2025-11-26 03:15:00+00:00,8796.2804
2025-11-26 03:30:00+00:00,8796.2804
2025-11-26 03:45:00+00:00,8796.2804
2025-11-26 04:00:00+00:00,8796.2804
2025-11-26 04:15:00+00:00,8796.2804
2025-11-26 04:30:00+00:00,8796.2804
2025-11-26 04:45:00+00:00,8796.2804
2025-11-26 05:00:00+00:00,8796.2804
2025-11-26 05:15:00+00:00,8796.2804
2025-11-26 05:30:00+00:00,8796.2804
2025-11-26 05:45:00+00:00,8796.2804
2025-11-26 06:00:00+00:00,8796.2804
2025-11-26 06:15:00+00:00,8796.2804
2025-11-26 06:30:00+00:00,8796.2804
2025-11-26 06:45:00+00:00,8796.2804
2025-11-26 07:00:00+00:00,8796.2804
2025-11-26 07:15:00+00:00,8796.2804
2025-11-26 07:30:00+00:00,8796.2804
2025-11-26 07:45:00+00:00,8972.206
2025-11-26 08:00:00+00:00,8972.206
2025-11-26 08:15:00+00:00,8972.206
2025-11-26 08:30:00+00:00,8972.206
2025-11-26 08:45:00+00:00,8972.206
2025-11-26 09:00:00+00:00,8972.206
2025-11-26 09:15:00+00:00,8972.206
2025-11-26 09:30:00+00:00,8972.206
2025-11-26 09:45:00+00:00,8972.206
2025-11-26 10:00:00+00:00,8972.206
2025-11-26 10:15:00+00:00,8882.484
2025-11-26 10:30:00+00:00,8882.484
2025-11-26 10:45:00+00:00,8882.484
2025-11-26 11:00:00+00:00,8882.484
2025-11-26 11:15:00+00:00,8882.484
2025-11-26 11:30:00+00:00,8882.484
2025-11-26 11:45:00+00:00,8882.484
2025-11-26 12:00:00+00:00,8793.6591
2025-11-26 12:15:00+00:00,8793.6591
2025-11-26 12:30:00+00:00,8705.7225
2025-11-26 12:45:00+00:00,8705.7225
2025-11-26 13:00:00+00:00,8705.7225
2025-11-26 13:15:00+00:00,8618.6653
2025-11-26 13:30:00+00:00,8618.6653
2025-11-26 13:45:00+00:00,8618.6653
2025-11-26 14:00:00+00:00,8618.6653
2025-11-26 14:15:00+00:00,8618.6653
2025-11-26 14:30:00+00:00,8791.0386
2025-11-26 14:45:00+00:00,8791.0386
2025-11-26 15:00:00+00:00,8791.0386
2025-11-26 15:15:00+00:00,8791.0386
2025-11-26 15:30:00+00:00,8791.0386
2025-11-26 15:45:00+00:00,8791.0386
2025-11-26 16:00:00+00:00,8791.0386
2025-11-26 16:15:00+00:00,8703.1282
2025-11-26 16:30:00+00:00,8703.1282
2025-11-26 16:45:00+00:00,8703.1282
2025-11-26 17:00:00+00:00,8703.1282
2025-11-26 17:15:00+00:00,8703.1282
2025-11-26 17:30:00+00:00,8703.1282
2025-11-26 17:45:00+00:00,8703.1282
2025-11-26 18:00:00+00:00,8703.1282
2025-11-26 18:15:00+00:00,8703.1282
2025-11-26 18:30:00+00:00,8703.1282
2025-11-26 18:45:00+00:00,8703.1282
2025-11-26 19:00:00+00:00,8703.1282
2025-11-26 19:15:00+00:00,8703.1282
2025-11-26 19:30:00+00:00,8703.1282
2025-11-26 19:45:00+00:00,8703.1282
2025-11-26 20:00:00+00:00,8703.1282
2025-11-26 20:15:00+00:00,8703.1282
2025-11-26 20:30:00+00:00,8703.1282
2025-11-26 20:45:00+00:00,8703.1282
2025-11-26 21:00:00+00:00,8703.1282
2025-11-26 21:15:00+00:00,8703.1282
2025-11-26 21:30:00+00:00,8703.1282
2025-11-26 21:45:00+00:00,8703.1282
2025-11-26 22:00:00+00:00,8703.1282
2025-11-26 22:15:00+00:00,8703.1282
2025-11-26 22:30:00+00:00,8703.1282
2025-11-26 22:45:00+00:00,8703.1282
2025-11-26 23:00:00+00:00,8703.1282
2025-11-26 23:15:00+00:00,8703.1282
2025-11-26 23:30:00+00:00,8703.1282
2025-11-26 23:45:00+00:00,8703.1282
2025-11-27 00:00:00+00:00,8703.1282
2025-11-27 00:15:00+00:00,8703.1282
2025-11-27 00:30:00+00:00,8703.1282
2025-11-27 00:45:00+00:00,8703.1282
2025-11-27 01:00:00+00:00,8703.1282
2025-11-27 01:15:00+00:00,8703.1282
2025-11-27 01:30:00+00:00,8703.1282
2025-11-27 01:45:00+00:00,8703.1282
2025-11-27 02:00:00+00:00,8703.1282
2025-11-27 02:15:00+00:00,8703.1282
2025-11-27 02:30:00+00:00,8703.1282
2025-11-27 02:45:00+00:00,8703.1282
2025-11-27 03:00:00+00:00,8703.1282
2025-11-27 03:15:00+00:00,8703.1282
2025-11-27 03:30:00+00:00,8703.1282
2025-11-27 03:45:00+00:00,8703.1282
2025-11-27 04:00:00+00:00,8703.1282
2025-11-27 04:15:00+00:00,8703.1282
2025-11-27 04:30:00+00:00,8703.1282
2025-11-27 04:45:00+00:00,8703.1282
2025-11-27 05:00:00+00:00,8703.1282
2025-11-27 05:15:00+00:00,8703.1282
2025-11-27 05:30:00+00:00,8703.1282
2025-11-27 05:45:00+00:00,8703.1282
2025-11-27 06:00:00+00:00,8703.1282
2025-11-27 06:15:00+00:00,8703.1282
2025-11-27 06:30:00+00:00,8703.1282
2025-11-27 06:45:00+00:00,8703.1282
2025-11-27 07:00:00+00:00,8703.1282
2025-11-27 07:15:00+00:00,8703.1282
2025-11-27 07:30:00+00:00,8703.1282
2025-11-27 07:45:00+00:00,8703.1282
2025-11-27 08:00:00+00:00,8703.1282
2025-11-27 08:15:00+00:00,8703.1282
2025-11-27 08:30:00+00:00,8703.1282
2025-11-27 08:45:00+00:00,8703.1282
2025-11-27 09:00:00+00:00,8703.1282
2025-11-27 09:15:00+00:00,8703.1282
2025-11-27 09:30:00+00:00,8703.1282
2025-11-27 09:45:00+00:00,8703.1282
2025-11-27 10:00:00+00:00,8703.1282
2025-11-27 10:15:00+00:00,8703.1282
2025-11-27 10:30:00+00:00,8703.1282
2025-11-27 10:45:00+00:00,8703.1282
2025-11-27 11:00:00+00:00,8703.1282
2025-11-27 11:15:00+00:00,8703.1282
2025-11-27 11:30:00+00:00,8703.1282
2025-11-27 11:45:00+00:00,8703.1282
2025-11-27 12:00:00+00:00,8703.1282
2025-11-27 12:15:00+00:00,8616.0969
2025-11-27 12:30:00+00:00,8616.0969
2025-11-27 12:45:00+00:00,8616.0969
2025-11-27 13:00:00+00:00,8616.0969
2025-11-27 13:15:00+00:00,8616.0969
2025-11-27 13:30:00+00:00,8616.0969
2025-11-27 13:45:00+00:00,8616.0969
2025-11-27 14:00:00+00:00,8616.0969
2025-11-27 14:15:00+00:00,8616.0969
2025-11-27 14:30:00+00:00,8616.0969
2025-11-27 14:45:00+00:00,8616.0969
2025-11-27 15:00:00+00:00,8616.0969
2025-11-27 15:15:00+00:00,8616.0969
2025-11-27 15:30:00+00:00,8616.0969
2025-11-27 15:45:00+00:00,8616.0969
2025-11-27 16:00:00+00:00,8616.0969
2025-11-27 16:15:00+00:00,8616.0969
2025-11-27 16:30:00+00:00,8788.4189
2025-11-27 16:45:00+00:00,8788.4189
2025-11-27 17:00:00+00:00,8788.4189
2025-11-27 17:15:00+00:00,8788.4189
2025-11-27 17:30:00+00:00,8788.4189
2025-11-27 17:45:00+00:00,8788.4189
2025-11-27 18:00:00+00:00,8788.4189
2025-11-27 18:15:00+00:00,8788.4189
2025-11-27 18:30:00+00:00,8788.4189
2025-11-27 18:45:00+00:00,8788.4189
2025-11-27 19:00:00+00:00,8788.4189
2025-11-27 19:15:00+00:00,8788.4189
2025-11-27 19:30:00+00:00,8788.4189
2025-11-27 19:45:00+00:00,8788.4189
2025-11-27 20:00:00+00:00,8788.4189
2025-11-27 20:15:00+00:00,8788.4189
2025-11-27 20:30:00+00:00,8788.4189
2025-11-27 20:45:00+00:00,8788.4189
2025-11-27 21:00:00+00:00,8700.5347
2025-11-27 21:15:00+00:00,8700.5347
2025-11-27 21:30:00+00:00,8700.5347
2025-11-27 21:45:00+00:00,8700.5347
2025-11-27 22:00:00+00:00,8613.5293
2025-11-27 22:15:00+00:00,8613.5293
2025-11-27 22:30:00+00:00,8527.3941
2025-11-27 22:45:00+00:00,8527.3941
2025-11-27 23:00:00+00:00,8527.3941
2025-11-27 23:15:00+00:00,8527.3941
2025-11-27 23:30:00+00:00,8527.3941
2025-11-27 23:45:00+00:00,8527.3941
2025-11-28 00:00:00+00:00,8527.3941
2025-11-28 00:15:00+00:00,8442.1201
2025-11-28 00:30:00+00:00,8442.1201
2025-11-28 00:45:00+00:00,8442.1201
2025-11-28 01:00:00+00:00,8442.1201
2025-11-28 01:15:00+00:00,8442.1201
2025-11-28 01:30:00+00:00,8442.1201
2025-11-28 01:45:00+00:00,8357.6989
2025-11-28 02:00:00+00:00,8357.6989
2025-11-28 02:15:00+00:00,8274.1219
2025-11-28 02:30:00+00:00,8274.1219
2025-11-28 02:45:00+00:00,8274.1219
2025-11-28 03:00:00+00:00,8439.6044
2025-11-28 03:15:00+00:00,8439.6044
2025-11-28 03:30:00+00:00,8439.6044
2025-11-28 03:45:00+00:00,8439.6044
2025-11-28 04:00:00+00:00,8439.6044
2025-11-28 04:15:00+00:00,8439.6044
2025-11-28 04:30:00+00:00,8439.6044
2025-11-28 04:45:00+00:00,8439.6044
2025-11-28 05:00:00+00:00,8608.3965
2025-11-28 05:15:00+00:00,8608.3965
2025-11-28 05:30:00+00:00,8608.3965
2025-11-28 05:45:00+00:00,8780.5644
2025-11-28 06:00:00+00:00,8780.5644
2025-11-28 06:15:00+00:00,8780.5644
2025-11-28 06:30:00+00:00,8780.5644
2025-11-28 06:45:00+00:00,8780.5644
2025-11-28 07:00:00+00:00,8780.5644
2025-11-28 07:15:00+00:00,8780.5644
2025-11-28 07:30:00+00:00,8692.7587
2025-11-28 07:45:00+00:00,8692.7587
2025-11-28 08:00:00+00:00,8692.7587
2025-11-28 08:15:00+00:00,8692.7587
2025-11-28 08:30:00+00:00,8692.7587
2025-11-28 08:45:00+00:00,8866.6139
2025-11-28 09:00:00+00:00,8866.6139
2025-11-28 09:15:00+00:00,8866.6139
2025-11-28 09:30:00+00:00,8866.6139
2025-11-28 09:45:00+00:00,8866.6139
2025-11-28 10:00:00+00:00,8866.6139
2025-11-28 10:15:00+00:00,8866.6139
2025-11-28 10:30:00+00:00,8866.6139
2025-11-28 10:45:00+00:00,9043.9462
2025-11-28 11:00:00+00:00,9043.9462
2025-11-28 11:15:00+00:00,9043.9462
2025-11-28 11:30:00+00:00,9043.9462
2025-11-28 11:45:00+00:00,9224.8251
2025-11-28 12:00:00+00:00,9224.8251
2025-11-28 12:15:00+00:00,9224.8251
2025-11-28 12:30:00+00:00,9224.8251
2025-11-28 12:45:00+00:00,9132.5769
2025-11-28 13:00:00+00:00,9132.5769
2025-11-28 13:15:00+00:00,9132.5769
2025-11-28 13:30:00+00:00,9315.2284
2025-11-28 13:45:00+00:00,9315.2284
2025-11-28 14:00:00+00:00,9315.2284
2025-11-28 14:15:00+00:00,9315.2284
2025-11-28 14:30:00+00:00,9315.2284
2025-11-28 14:45:00+00:00,9315.2284
2025-11-28 15:00:00+00:00,9315.2284
2025-11-28 15:15:00+00:00,9315.2284
2025-11-28 15:30:00+00:00,9315.2284
2025-11-28 15:45:00+00:00,9315.2284
2025-11-28 16:00:00+00:00,9315.2284
2025-11-28 16:15:00+00:00,9222.0761
2025-11-28 16:30:00+00:00,9222.0761
2025-11-28 16:45:00+00:00,9129.8554
2025-11-28 17:00:00+00:00,9129.8554
2025-11-28 17:15:00+00:00,9129.8554
2025-11-28 17:30:00+00:00,9129.8554
2025-11-28 17:45:00+00:00,9129.8554
2025-11-28 18:00:00+00:00,9129.8554
2025-11-28 18:15:00+00:00,9129.8554
2025-11-28 18:30:00+00:00,9129.8554
2025-11-28 18:45:00+00:00,9129.8554
2025-11-28 19:00:00+00:00,9129.8554
2025-11-28 19:15:00+00:00,9129.8554
2025-11-28 19:30:00+00:00,9129.8554
2025-11-28 19:45:00+00:00,9129.8554
2025-11-28 20:00:00+00:00,9129.8554
2025-11-28 20:15:00+00:00,9129.8554
2025-11-28 20:30:00+00:00,9129.8554
2025-11-28 20:45:00+00:00,9129.8554
2025-11-28 21:00:00+00:00,9129.8554
2025-11-28 21:15:00+00:00,9129.8554
2025-11-28 21:30:00+00:00,9129.8554
2025-11-28 21:45:00+00:00,9129.8554
2025-11-28 22:00:00+00:00,9129.8554
2025-11-28 22:15:00+00:00,9129.8554
2025-11-28 22:30:00+00:00,9129.8554
2025-11-28 22:45:00+00:00,9129.8554
2025-11-28 23:00:00+00:00,9129.8554
2025-11-28 23:15:00+00:00,9129.8554
2025-11-28 23:30:00+00:00,9129.8554
2025-11-28 23:45:00+00:00,9129.8554
2025-11-29 00:00:00+00:00,9129.8554
2025-11-29 00:15:00+00:00,9129.8554
2025-11-29 00:30:00+00:00,9129.8554
2025-11-29 00:45:00+00:00,9129.8554
2025-11-29 01:00:00+00:00,9129.8554
2025-11-29 01:15:00+00:00,9129.8554
2025-11-29 01:30:00+00:00,9129.8554
2025-11-29 01:45:00+00:00,9129.8554
2025-11-29 02:00:00+00:00,9129.8554
2025-11-29 02:15:00+00:00,9129.8554
2025-11-29 02:30:00+00:00,9129.8554
2025-11-29 02:45:00+00:00,9129.8554
2025-11-29 03:00:00+00:00,9129.8554
2025-11-29 03:15:00+00:00,9129.8554
2025-11-29 03:30:00+00:00,9129.8554
2025-11-29 03:45:00+00:00,9129.8554
2025-11-29 04:00:00+00:00,9129.8554
2025-11-29 04:15:00+00:00,9129.8554
2025-11-29 04:30:00+00:00,9129.8554
2025-11-29 04:45:00+00:00,9129.8554
2025-11-29 05:00:00+00:00,9129.8554
2025-11-29 05:15:00+00:00,9129.8554
2025-11-29 05:30:00+00:00,9129.8554
2025-11-29 05:45:00+00:00,9129.8554
2025-11-29 06:00:00+00:00,9129.8554
2025-11-29 06:15:00+00:00,9129.8554
2025-11-29 06:30:00+00:00,9129.8554
2025-11-29 06:45:00+00:00,9129.8554
2025-11-29 07:00:00+00:00,9129.8554
2025-11-29 07:15:00+00:00,9129.8554
2025-11-29 07:30:00+00:00,9129.8554
2025-11-29 07:45:00+00:00,9129.8554
2025-11-29 08:00:00+00:00,9129.8554
2025-11-29 08:15:00+00:00,9129.8554
2025-11-29 08:30:00+00:00,9129.8554
2025-11-29 08:45:00+00:00,9129.8554
2025-11-29 09:00:00+00:00,9129.8554
2025-11-29 09:15:00+00:00,9129.8554
2025-11-29 09:30:00+00:00,9129.8554
2025-11-29 09:45:00+00:00,9129.8554
2025-11-29 10:00:00+00:00,9129.8554
2025-11-29 10:15:00+00:00,9129.8554
2025-11-29 10:30:00+00:00,9129.8554
2025-11-29 10:45:00+00:00,9129.8554
2025-11-29 11:00:00+00:00,9129.8554
2025-11-29 11:15:00+00:00,9129.8554
2025-11-29 11:30:00+00:00,9129.8554
2025-11-29 11:45:00+00:00,9129.8554
2025-11-29 12:00:00+00:00,9129.8554
2025-11-29 12:15:00+00:00,9129.8554
2025-11-29 12:30:00+00:00,9129.8554
2025-11-29 12:45:00+00:00,9129.8554
2025-11-29 13:00:00+00:00,9129.8554
2025-11-29 13:15:00+00:00,9129.8554
2025-11-29 13:30:00+00:00,9129.8554
2025-11-29 13:45:00+00:00,9129.8554
2025-11-29 14:00:00+00:00,9129.8554
2025-11-29 14:15:00+00:00,9129.8554
2025-11-29 14:30:00+00:00,9129.8554
2025-11-29 14:45:00+00:00,9129.8554
2025-11-29 15:00:00+00:00,9129.8554
2025-11-29 15:15:00+00:00,9129.8554
2025-11-29 15:30:00+00:00,9129.8554
2025-11-29 15:45:00+00:00,9129.8554
2025-11-29 16:00:00+00:00,9129.8554
2025-11-29 16:15:00+00:00,9129.8554
2025-11-29 16:30:00+00:00,9129.8554
2025-11-29 16:45:00+00:00,9129.8554
2025-11-29 17:00:00+00:00,9129.8554
2025-11-29 17:15:00+00:00,9129.8554
2025-11-29 17:30:00+00:00,9129.8554
2025-11-29 17:45:00+00:00,9129.8554
2025-11-29 18:00:00+00:00,9038.5568
2025-11-29 18:15:00+00:00,9038.5568
2025-11-29 18:30:00+00:00,8948.1712
2025-11-29 18:45:00+00:00,8948.1712
2025-11-29 19:00:00+00:00,8948.1712
2025-11-29 19:15:00+00:00,8948.1712
2025-11-29 19:30:00+00:00,8948.1712
2025-11-29 19:45:00+00:00,8948.1712
2025-11-29 20:00:00+00:00,8948.1712
2025-11-29 20:15:00+00:00,8948.1712
2025-11-29 20:30:00+00:00,8948.1712
2025-11-29 20:45:00+00:00,8858.6895
2025-11-29 21:00:00+00:00,8858.6895
2025-11-29 21:15:00+00:00,8858.6895
2025-11-29 21:30:00+00:00,8770.1026
2025-11-29 21:45:00+00:00,8770.1026
2025-11-29 22:00:00+00:00,8945.5047
2025-11-29 22:15:00+00:00,8945.5047
2025-11-29 22:30:00+00:00,8856.0496
2025-11-29 22:45:00+00:00,8856.0496
2025-11-29 23:00:00+00:00,8856.0496
2025-11-29 23:15:00+00:00,8856.0496
2025-11-29 23:30:00+00:00,8856.0496
2025-11-29 23:45:00+00:00,8856.0496
2025-11-30 00:00:00+00:00,8767.4891
2025-11-30 00:15:00+00:00,8767.4891
2025-11-30 00:30:00+00:00,8767.4891
2025-11-30 00:45:00+00:00,8679.8142
2025-11-30 01:00:00+00:00,8679.8142
2025-11-30 01:15:00+00:00,8679.8142
2025-11-30 01:30:00+00:00,8679.8142
2025-11-30 01:45:00+00:00,8679.8142
2025-11-30 02:00:00+00:00,8679.8142
2025-11-30 02:15:00+00:00,8679.8142
2025-11-30 02:30:00+00:00,8593.0161
2025-11-30 02:45:00+00:00,8593.0161
2025-11-30 03:00:00+00:00,8593.0161
2025-11-30 03:15:00+00:00,8593.0161
2025-11-30 03:30:00+00:00,8593.0161
2025-11-30 03:45:00+00:00,8593.0161
2025-11-30 04:00:00+00:00,8593.0161
2025-11-30 04:15:00+00:00,8593.0161
2025-11-30 04:30:00+00:00,8593.0161
2025-11-30 04:45:00+00:00,8593.0161
2025-11-30 05:00:00+00:00,8593.0161
2025-11-30 05:15:00+00:00,8593.0161
2025-11-30 05:30:00+00:00,8593.0161
2025-11-30 05:45:00+00:00,8593.0161
2025-11-30 06:00:00+00:00,8593.0161
2025-11-30 06:15:00+00:00,8593.0161
2025-11-30 06:30:00+00:00,8593.0161
2025-11-30 06:45:00+00:00,8593.0161
2025-11-30 07:00:00+00:00,8593.0161
2025-11-30 07:15:00+00:00,8593.0161
2025-11-30 07:30:00+00:00,8593.0161
2025-11-30 07:45:00+00:00,8593.0161
2025-11-30 08:00:00+00:00,8593.0161
2025-11-30 08:15:00+00:00,8764.8764
2025-11-30 08:30:00+00:00,8764.8764
2025-11-30 08:45:00+00:00,8764.8764
2025-11-30 09:00:00+00:00,8764.8764
2025-11-30 09:15:00+00:00,8764.8764
2025-11-30 09:30:00+00:00,8764.8764
2025-11-30 09:45:00+00:00,8764.8764
2025-11-30 10:00:00+00:00,8764.8764
2025-11-30 10:15:00+00:00,8764.8764
2025-11-30 10:30:00+00:00,8764.8764
2025-11-30 10:45:00+00:00,8764.8764
2025-11-30 11:00:00+00:00,8764.8764
2025-11-30 11:15:00+00:00,8764.8764
2025-11-30 11:30:00+00:00,8764.8764
2025-11-30 11:45:00+00:00,8764.8764
2025-11-30 12:00:00+00:00,8764.8764
2025-11-30 12:15:00+00:00,8764.8764
2025-11-30 12:30:00+00:00,8764.8764
2025-11-30 12:45:00+00:00,8764.8764
2025-11-30 13:00:00+00:00,8764.8764
2025-11-30 13:15:00+00:00,8940.174
2025-11-30 13:30:00+00:00,8940.174
2025-11-30 13:45:00+00:00,8940.174
2025-11-30 14:00:00+00:00,8940.174
2025-11-30 14:15:00+00:00,8850.7722
2025-11-30 14:30:00+00:00,8850.7722
2025-11-30 14:45:00+00:00,8850.7722
2025-11-30 15:00:00+00:00,8762.2645
2025-11-30 15:15:00+00:00,8762.2645
2025-11-30 15:30:00+00:00,8762.2645
2025-11-30 15:45:00+00:00,8762.2645
2025-11-30 16:00:00+00:00,8762.2645
2025-11-30 16:15:00+00:00,8762.2645
2025-11-30 16:30:00+00:00,8762.2645
2025-11-30 16:45:00+00:00,8762.2645
2025-11-30 17:00:00+00:00,8674.6418
2025-11-30 17:15:00+00:00,8674.6418
2025-11-30 17:30:00+00:00,8674.6418
2025-11-30 17:45:00+00:00,8674.6418
2025-11-30 18:00:00+00:00,8587.8954
2025-11-30 18:15:00+00:00,8587.8954
2025-11-30 18:30:00+00:00,8587.8954
2025-11-30 18:45:00+00:00,8587.8954
2025-11-30 19:00:00+00:00,8587.8954
2025-11-30 19:15:00+00:00,8587.8954
2025-11-30 19:30:00+00:00,8587.8954
2025-11-30 19:45:00+00:00,8587.8954
2025-11-30 20:00:00+00:00,8587.8954
2025-11-30 20:15:00+00:00,8587.8954
2025-11-30 20:30:00+00:00,8502.0165
2025-11-30 20:45:00+00:00,8502.0165
2025-11-30 21:00:00+00:00,8416.9963
2025-11-30 21:15:00+00:00,8416.9963
2025-11-30 21:30:00+00:00,8416.9963
2025-11-30 21:45:00+00:00,8416.9963
2025-11-30 22:00:00+00:00,8416.9963
2025-11-30 22:15:00+00:00,8416.9963
2025-11-30 22:30:00+00:00,8332.8263
2025-11-30 22:45:00+00:00,8332.8263
2025-11-30 23:00:00+00:00,8249.4981
2025-11-30 23:15:00+00:00,8249.4981
2025-11-30 23:30:00+00:00,8249.4981
2025-11-30 23:45:00+00:00,8249.4981
2025-12-01 00:00:00+00:00,8249.4981
2025-12-01 00:15:00+00:00,8249.4981
2025-12-01 00:30:00+00:00,8249.4981
2025-12-01 00:45:00+00:00,8249.4981
2025-12-01 01:00:00+00:00,8249.4981
2025-12-01 01:15:00+00:00,8249.4981
2025-12-01 01:30:00+00:00,8249.4981
2025-12-01 01:45:00+00:00,8249.4981
2025-12-01 02:00:00+00:00,8249.4981
2025-12-01 02:15:00+00:00,8249.4981
2025-12-01 02:30:00+00:00,8249.4981
2025-12-01 02:45:00+00:00,8249.4981
2025-12-01 03:00:00+00:00,8249.4981
2025-12-01 03:15:00+00:00,8249.4981
2025-12-01 03:30:00+00:00,8249.4981
2025-12-01 03:45:00+00:00,8249.4981
2025-12-01 04:00:00+00:00,8249.4981
2025-12-01 04:15:00+00:00,8249.4981
2025-12-01 04:30:00+00:00,8249.4981
2025-12-01 04:45:00+00:00,8249.4981
2025-12-01 05:00:00+00:00,8249.4981
2025-12-01 05:15:00+00:00,8249.4981
2025-12-01 05:30:00+00:00,8249.4981
2025-12-01 05:45:00+00:00,8249.4981
2025-12-01 06:00:00+00:00,8249.4981
2025-12-01 06:15:00+00:00,8249.4981
2025-12-01 06:30:00+00:00,8249.4981
2025-12-01 06:45:00+00:00,8249.4981
2025-12-01 07:00:00+00:00,8249.4981
2025-12-01 07:15:00+00:00,8249.4981
2025-12-01 07:30:00+00:00,8249.4981
2025-12-01 07:45:00+00:00,8249.4981
2025-12-01 08:00:00+00:00,8249.4981
2025-12-01 08:15:00+00:00,8249.4981
2025-12-01 08:30:00+00:00,8249.4981
2025-12-01 08:45:00+00:00,8249.4981
2025-12-01 09:00:00+00:00,8249.4981
2025-12-01 09:15:00+00:00,8249.4981
2025-12-01 09:30:00+00:00,8249.4981
2025-12-01 09:45:00+00:00,8249.4981
2025-12-01 10:00:00+00:00,8249.4981
2025-12-01 10:15:00+00:00,8249.4981
2025-12-01 10:30:00+00:00,8249.4981
2025-12-01 10:45:00+00:00,8249.4981
2025-12-01 11:00:00+00:00,8249.4981
2025-12-01 11:15:00+00:00,8249.4981
2025-12-01 11:30:00+00:00,8249.4981
2025-12-01 11:45:00+00:00,8249.4981
2025-12-01 12:00:00+00:00,8249.4981
2025-12-01 12:15:00+00:00,8249.4981
2025-12-01 12:30:00+00:00,8249.4981
2025-12-01 12:45:00+00:00,8249.4981
2025-12-01 13:00:00+00:00,8249.4981
2025-12-01 13:15:00+00:00,8249.4981
2025-12-01 13:30:00+00:00,8249.4981
2025-12-01 13:45:00+00:00,8249.4981
2025-12-01 14:00:00+00:00,8249.4981
2025-12-01 14:15:00+00:00,8249.4981
2025-12-01 14:30:00+00:00,8249.4981
2025-12-01 14:45:00+00:00,8249.4981
2025-12-01 15:00:00+00:00,8249.4981
2025-12-01 15:15:00+00:00,8249.4981
2025-12-01 15:30:00+00:00,8249.4981
2025-12-01 15:45:00+00:00,8249.4981
2025-12-01 16:00:00+00:00,8249.4981
2025-12-01 16:15:00+00:00,8249.4981
2025-12-01 16:30:00+00:00,8249.4981
2025-12-01 16:45:00+00:00,8249.4981
2025-12-01 17:00:00+00:00,8249.4981
2025-12-01 17:15:00+00:00,8249.4981
2025-12-01 17:30:00+00:00,8249.4981
2025-12-01 17:45:00+00:00,8249.4981
2025-12-01 18:00:00+00:00,8249.4981
2025-12-01 18:15:00+00:00,8249.4981
2025-12-01 18:30:00+00:00,8249.4981
2025-12-01 18:45:00+00:00,8249.4981
2025-12-01 19:00:00+00:00,8249.4981
2025-12-01 19:15:00+00:00,8249.4981
2025-12-01 19:30:00+00:00,8249.4981
2025-12-01 19:45:00+00:00,8249.4981
2025-12-01 20:00:00+00:00,8249.4981
2025-12-01 20:15:00+00:00,8249.4981
2025-12-01 20:30:00+00:00,8249.4981
2025-12-01 20:45:00+00:00,8249.4981
2025-12-01 21:00:00+00:00,8249.4981
2025-12-01 21:15:00+00:00,8249.4981
2025-12-01 21:30:00+00:00,8249.4981
2025-12-01 21:45:00+00:00,8249.4981
2025-12-01 22:00:00+00:00,8167.0031
2025-12-01 22:15:00+00:00,8167.0031
2025-12-01 22:30:00+00:00,8085.3331
2025-12-01 22:45:00+00:00,8085.3331
2025-12-01 23:00:00+00:00,8085.3331
2025-12-01 23:15:00+00:00,8085.3331
2025-12-01 23:30:00+00:00,8085.3331
2025-12-01 23:45:00+00:00,8085.3331
2025-12-02 00:00:00+00:00,8085.3331
2025-12-02 00:15:00+00:00,8085.3331
2025-12-02 00:30:00+00:00,8085.3331
2025-12-02 00:45:00+00:00,8085.3331
2025-12-02 01:00:00+00:00,8004.4797
2025-12-02 01:15:00+00:00,8004.4797
2025-12-02 01:30:00+00:00,8004.4797
2025-12-02 01:45:00+00:00,8164.5693
2025-12-02 02:00:00+00:00,8164.5693
2025-12-02 02:15:00+00:00,8164.5693
2025-12-02 02:30:00+00:00,8164.5693
2025-12-02 02:45:00+00:00,8164.5693
2025-12-02 03:00:00+00:00,8164.5693
2025-12-02 03:15:00+00:00,8164.5693
2025-12-02 03:30:00+00:00,8082.9236
2025-12-02 03:45:00+00:00,8082.9236
2025-12-02 04:00:00+00:00,8082.9236
2025-12-02 04:15:00+00:00,8082.9236
2025-12-02 04:30:00+00:00,8082.9236
2025-12-02 04:45:00+00:00,8082.9236
2025-12-02 05:00:00+00:00,8082.9236
2025-12-02 05:15:00+00:00,8082.9236
2025-12-02 05:30:00+00:00,8082.9236
2025-12-02 05:45:00+00:00,8082.9236
2025-12-02 06:00:00+00:00,8082.9236
2025-12-02 06:15:00+00:00,8082.9236
2025-12-02 06:30:00+00:00,8082.9236
2025-12-02 06:45:00+00:00,8082.9236
2025-12-02 07:00:00+00:00,8082.9236
2025-12-02 07:15:00+00:00,8082.9236
2025-12-02 07:30:00+00:00,8082.9236
2025-12-02 07:45:00+00:00,8082.9236
2025-12-02 08:00:00+00:00,8002.0944
2025-12-02 08:15:00+00:00,8002.0944
2025-12-02 08:30:00+00:00,8002.0944
2025-12-02 08:45:00+00:00,8002.0944
2025-12-02 09:00:00+00:00,8162.1363
2025-12-02 09:15:00+00:00,8162.1363
2025-12-02 09:30:00+00:00,8162.1363
2025-12-02 09:45:00+00:00,8162.1363
2025-12-02 10:00:00+00:00,8162.1363
2025-12-02 10:15:00+00:00,8162.1363
2025-12-02 10:30:00+00:00,8162.1363
2025-12-02 10:45:00+00:00,8325.379
2025-12-02 11:00:00+00:00,8325.379
2025-12-02 11:15:00+00:00,8325.379
2025-12-02 11:30:00+00:00,8325.379
2025-12-02 11:45:00+00:00,8325.379
2025-12-02 12:00:00+00:00,8325.379
2025-12-02 12:15:00+00:00,8325.379
2025-12-02 12:30:00+00:00,8325.379
2025-12-02 12:45:00+00:00,8325.379
2025-12-02 13:00:00+00:00,8325.379
2025-12-02 13:15:00+00:00,8325.379
2025-12-02 13:30:00+00:00,8325.379
2025-12-02 13:45:00+00:00,8325.379
2025-12-02 14:00:00+00:00,8491.8866
2025-12-02 14:15:00+00:00,8491.8866
2025-12-02 14:30:00+00:00,8491.8866
2025-12-02 14:45:00+00:00,8491.8866
2025-12-02 15:00:00+00:00,8491.8866
2025-12-02 15:15:00+00:00,8491.8866
2025-12-02 15:30:00+00:00,8491.8866
2025-12-02 15:45:00+00:00,8491.8866
2025-12-02 16:00:00+00:00,8491.8866
2025-12-02 16:15:00+00:00,8491.8866
2025-12-02 16:30:00+00:00,8491.8866
2025-12-02 16:45:00+00:00,8491.8866
2025-12-02 17:00:00+00:00,8491.8866
2025-12-02 17:15:00+00:00,8491.8866
2025-12-02 17:30:00+00:00,8491.8866
2025-12-02 17:45:00+00:00,8491.8866
2025-12-02 18:00:00+00:00,8491.8866
2025-12-02 18:15:00+00:00,8491.8866
2025-12-02 18:30:00+00:00,8491.8866
2025-12-02 18:45:00+00:00,8491.8866
2025-12-02 19:00:00+00:00,8491.8866
2025-12-02 19:15:00+00:00,8491.8866
2025-12-02 19:30:00+00:00,8491.8866
2025-12-02 19:45:00+00:00,8491.8866
2025-12-02 20:00:00+00:00,8491.8866
2025-12-02 20:15:00+00:00,8491.8866
2025-12-02 20:30:00+00:00,8491.8866
2025-12-02 20:45:00+00:00,8491.8866
2025-12-02 21:00:00+00:00,8491.8866
2025-12-02 21:15:00+00:00,8491.8866
2025-12-02 21:30:00+00:00,8491.8866
2025-12-02 21:45:00+00:00,8491.8866
2025-12-02 22:00:00+00:00,8491.8866
2025-12-02 22:15:00+00:00,8491.8866
2025-12-02 22:30:00+00:00,8491.8866
2025-12-02 22:45:00+00:00,8491.8866
2025-12-02 23:00:00+00:00,8491.8866
2025-12-02 23:15:00+00:00,8491.8866
2025-12-02 23:30:00+00:00,8491.8866
2025-12-02 23:45:00+00:00,8491.8866
2025-12-03 00:00:00+00:00,8491.8866
2025-12-03 00:15:00+00:00,8491.8866
2025-12-03 00:30:00+00:00,8491.8866
2025-12-03 00:45:00+00:00,8491.8866
2025-12-03 01:00:00+00:00,8491.8866
2025-12-03 01:15:00+00:00,8491.8866
2025-12-03 01:30:00+00:00,8491.8866
2025-12-03 01:45:00+00:00,8491.8866
2025-12-03 02:00:00+00:00,8491.8866
2025-12-03 02:15:00+00:00,8491.8866
2025-12-03 02:30:00+00:00,8491.8866
2025-12-03 02:45:00+00:00,8491.8866
2025-12-03 03:00:00+00:00,8491.8866
2025-12-03 03:15:00+00:00,8491.8866
2025-12-03 03:30:00+00:00,8491.8866
2025-12-03 03:45:00+00:00,8491.8866
2025-12-03 04:00:00+00:00,8491.8866
2025-12-03 04:15:00+00:00,8491.8866
2025-12-03 04:30:00+00:00,8491.8866
2025-12-03 04:45:00+00:00,8491.8866
2025-12-03 05:00:00+00:00,8491.8866
2025-12-03 05:15:00+00:00,8491.8866
2025-12-03 05:30:00+00:00,8491.8866
2025-12-03 05:45:00+00:00,8491.8866
2025-12-03 06:00:00+00:00,8491.8866
2025-12-03 06:15:00+00:00,8491.8866
2025-12-03 06:30:00+00:00,8491.8866
2025-12-03 06:45:00+00:00,8491.8866
2025-12-03 07:00:00+00:00,8491.8866
2025-12-03 07:15:00+00:00,8491.8866
2025-12-03 07:30:00+00:00,8491.8866
2025-12-03 07:45:00+00:00,8491.8866
2025-12-03 08:00:00+00:00,8491.8866
2025-12-03 08:15:00+00:00,8491.8866
2025-12-03 08:30:00+00:00,8491.8866
2025-12-03 08:45:00+00:00,8491.8866
2025-12-03 09:00:00+00:00,8491.8866
2025-12-03 09:15:00+00:00,8491.8866
2025-12-03 09:30:00+00:00,8491.8866
2025-12-03 09:45:00+00:00,8491.8866
2025-12-03 10:00:00+00:00,8491.8866
2025-12-03 10:15:00+00:00,8491.8866
2025-12-03 10:30:00+00:00,8491.8866
2025-12-03 10:45:00+00:00,8491.8866
2025-12-03 11:00:00+00:00,8491.8866
2025-12-03 11:15:00+00:00,8491.8866
2025-12-03 11:30:00+00:00,8491.8866
2025-12-03 11:45:00+00:00,8491.8866
2025-12-03 12:00:00+00:00,8491.8866
2025-12-03 12:15:00+00:00,8491.8866
2025-12-03 12:30:00+00:00,8491.8866
2025-12-03 12:45:00+00:00,8491.8866
2025-12-03 13:00:00+00:00,8491.8866
2025-12-03 13:15:00+00:00,8491.8866
2025-12-03 13:30:00+00:00,8491.8866
2025-12-03 13:45:00+00:00,8661.7243
2025-12-03 14:00:00+00:00,8661.7243
2025-12-03 14:15:00+00:00,8661.7243
2025-12-03 14:30:00+00:00,8834.9588
2025-12-03 14:45:00+00:00,8834.9588
2025-12-03 15:00:00+00:00,8834.9588
2025-12-03 15:15:00+00:00,8834.9588
2025-12-03 15:30:00+00:00,8834.9588
2025-12-03 15:45:00+00:00,8834.9588
2025-12-03 16:00:00+00:00,8746.6092
2025-12-03 16:15:00+00:00,8746.6092
2025-12-03 16:30:00+00:00,8746.6092
2025-12-03 16:45:00+00:00,8746.6092
2025-12-03 17:00:00+00:00,8746.6092
2025-12-03 17:15:00+00:00,8746.6092
2025-12-03 17:30:00+00:00,8921.5414
2025-12-03 17:45:00+00:00,8921.5414
2025-12-03 18:00:00+00:00,9099.9722
2025-12-03 18:15:00+00:00,9099.9722
2025-12-03 18:30:00+00:00,9099.9722
2025-12-03 18:45:00+00:00,9008.9725
2025-12-03 19:00:00+00:00,9008.9725
2025-12-03 19:15:00+00:00,8918.8828
2025-12-03 19:30:00+00:00,8918.8828
2025-12-03 19:45:00+00:00,8918.8828
2025-12-03 20:00:00+00:00,8918.8828
2025-12-03 20:15:00+00:00,8918.8828
2025-12-03 20:30:00+00:00,8918.8828
2025-12-03 20:45:00+00:00,9097.2604
2025-12-03 21:00:00+00:00,9097.2604
2025-12-03 21:15:00+00:00,9097.2604
2025-12-03 21:30:00+00:00,9279.2057
2025-12-03 21:45:00+00:00,9279.2057
2025-12-03 22:00:00+00:00,9279.2057
2025-12-03 22:15:00+00:00,9279.2057
2025-12-03 22:30:00+00:00,9279.2057
2025-12-03 22:45:00+00:00,9279.2057
2025-12-03 23:00:00+00:00,9279.2057
2025-12-03 23:15:00+00:00,9279.2057
2025-12-03 23:30:00+00:00,9279.2057
2025-12-03 23:45:00+00:00,9279.2057
2025-12-04 00:00:00+00:00,9279.2057
2025-12-04 00:15:00+00:00,9279.2057
2025-12-04 00:30:00+00:00,9279.2057
2025-12-04 00:45:00+00:00,9279.2057
2025-12-04 01:00:00+00:00,9279.2057
2025-12-04 01:15:00+00:00,9279.2057
2025-12-04 01:30:00+00:00,9279.2057
2025-12-04 01:45:00+00:00,9279.2057
2025-12-04 02:00:00+00:00,9279.2057
2025-12-04 02:15:00+00:00,9464.7898
2025-12-04 02:30:00+00:00,9464.7898
2025-12-04 02:45:00+00:00,9464.7898
2025-12-04 03:00:00+00:00,9464.7898
2025-12-04 03:15:00+00:00,9464.7898
2025-12-04 03:30:00+00:00,9464.7898
2025-12-04 03:45:00+00:00,9464.7898
2025-12-04 04:00:00+00:00,9370.1419
2025-12-04 04:15:00+00:00,9370.1419
2025-12-04 04:30:00+00:00,9370.1419
2025-12-04 04:45:00+00:00,9370.1419
2025-12-04 05:00:00+00:00,9370.1419
2025-12-04 05:15:00+00:00,9370.1419
2025-12-04 05:30:00+00:00,9370.1419
2025-12-04 05:45:00+00:00,9370.1419
2025-12-04 06:00:00+00:00,9370.1419
2025-12-04 06:15:00+00:00,9370.1419
2025-12-04 06:30:00+00:00,9370.1419
2025-12-04 06:45:00+00:00,9370.1419
2025-12-04 07:00:00+00:00,9370.1419
2025-12-04 07:15:00+00:00,9370.1419
2025-12-04 07:30:00+00:00,9370.1419
2025-12-04 07:45:00+00:00,9557.5447
2025-12-04 08:00:00+00:00,9557.5447
2025-12-04 08:15:00+00:00,9557.5447
2025-12-04 08:30:00+00:00,9557.5447
2025-12-04 08:45:00+00:00,9557.5447
2025-12-04 09:00:00+00:00,9557.5447
2025-12-04 09:15:00+00:00,9557.5447
2025-12-04 09:30:00+00:00,9557.5447
2025-12-04 09:45:00+00:00,9557.5447
2025-12-04 10:00:00+00:00,9557.5447
2025-12-04 10:15:00+00:00,9557.5447
2025-12-04 10:30:00+00:00,9557.5447
2025-12-04 10:45:00+00:00,9557.5447
2025-12-04 11:00:00+00:00,9557.5447
2025-12-04 11:15:00+00:00,9461.9693
2025-12-04 11:30:00+00:00,9461.9693
2025-12-04 11:45:00+00:00,9461.9693
2025-12-04 12:00:00+00:00,9461.9693
2025-12-04 12:15:00+00:00,9367.3496
2025-12-04 12:30:00+00:00,9367.3496
2025-12-04 12:45:00+00:00,9367.3496
2025-12-04 13:00:00+00:00,9273.6761
2025-12-04 13:15:00+00:00,9273.6761
2025-12-04 13:30:00+00:00,9273.6761
2025-12-04 13:45:00+00:00,9180.9393
2025-12-04 14:00:00+00:00,9180.9393
2025-12-04 14:15:00+00:00,9180.9393
2025-12-04 14:30:00+00:00,9180.9393
2025-12-04 14:45:00+00:00,9364.5581
2025-12-04 15:00:00+00:00,9364.5581
2025-12-04 15:15:00+00:00,9364.5581
2025-12-04 15:30:00+00:00,9270.9125
2025-12-04 15:45:00+00:00,9270.9125
2025-12-04 16:00:00+00:00,9456.3308
2025-12-04 16:15:00+00:00,9456.3308
2025-12-04 16:30:00+00:00,9456.3308
2025-12-04 16:45:00+00:00,9456.3308
2025-12-04 17:00:00+00:00,9456.3308
2025-12-04 17:15:00+00:00,9456.3308
2025-12-04 17:30:00+00:00,9645.4574
2025-12-04 17:45:00+00:00,9645.4574
2025-12-04 18:00:00+00:00,9645.4574
2025-12-04 18:15:00+00:00,9549.0028
2025-12-04 18:30:00+00:00,9549.0028
2025-12-04 18:45:00+00:00,9549.0028
2025-12-04 19:00:00+00:00,9549.0028
2025-12-04 19:15:00+00:00,9739.9829
2025-12-04 19:30:00+00:00,9739.9829
2025-12-04 19:45:00+00:00,9739.9829
2025-12-04 20:00:00+00:00,9739.9829
2025-12-04 20:15:00+00:00,9739.9829
2025-12-04 20:30:00+00:00,9642.583
2025-12-04 20:45:00+00:00,9642.583
2025-12-04 21:00:00+00:00,9642.583
2025-12-04 21:15:00+00:00,9642.583
2025-12-04 21:30:00+00:00,9642.583
2025-12-04 21:45:00+00:00,9642.583
2025-12-04 22:00:00+00:00,9642.583
2025-12-04 22:15:00+00:00,9642.583
2025-12-04 22:30:00+00:00,9642.583
2025-12-04 22:45:00+00:00,9642.583
2025-12-04 23:00:00+00:00,9642.583
2025-12-04 23:15:00+00:00,9642.583
2025-12-04 23:30:00+00:00,9642.583
2025-12-04 23:45:00+00:00,9642.583
2025-12-05 00:00:00+00:00,9642.583
2025-12-05 00:15:00+00:00,9642.583
2025-12-05 00:30:00+00:00,9642.583
2025-12-05 00:45:00+00:00,9642.583
2025-12-05 01:00:00+00:00,9642.583
2025-12-05 01:15:00+00:00,9642.583
2025-12-05 01:30:00+00:00,9642.583
2025-12-05 01:45:00+00:00,9642.583
2025-12-05 02:00:00+00:00,9642.583
2025-12-05 02:15:00+00:00,9642.583
2025-12-05 02:30:00+00:00,9642.583
2025-12-05 02:45:00+00:00,9642.583
2025-12-05 03:00:00+00:00,9642.583
2025-12-05 03:15:00+00:00,9642.583
2025-12-05 03:30:00+00:00,9642.583
2025-12-05 03:45:00+00:00,9642.583
2025-12-05 04:00:00+00:00,9642.583
2025-12-05 04:15:00+00:00,9642.583
2025-12-05 04:30:00+00:00,9835.4347
2025-12-05 04:45:00+00:00,9835.4347
2025-12-05 05:00:00+00:00,9835.4347
2025-12-05 05:15:00+00:00,9835.4347
2025-12-05 05:30:00+00:00,9835.4347
2025-12-05 05:45:00+00:00,9835.4347
2025-12-05 06:00:00+00:00,9835.4347
2025-12-05 06:15:00+00:00,9835.4347
2025-12-05 06:30:00+00:00,9835.4347
2025-12-05 06:45:00+00:00,9737.0804
2025-12-05 07:00:00+00:00,9737.0804
2025-12-05 07:15:00+00:00,9737.0804
2025-12-05 07:30:00+00:00,9737.0804
2025-12-05 07:45:00+00:00,9737.0804
2025-12-05 08:00:00+00:00,9737.0804
2025-12-05 08:15:00+00:00,9737.0804
2025-12-05 08:30:00+00:00,9931.822
2025-12-05 08:45:00+00:00,9931.822
2025-12-05 09:00:00+00:00,9931.822
2025-12-05 09:15:00+00:00,10130.4584
2025-12-05 09:30:00+00:00,10130.4584
2025-12-05 09:45:00+00:00,10130.4584
2025-12-05 10:00:00+00:00,10130.4584
2025-12-05 10:15:00+00:00,10130.4584
2025-12-05 10:30:00+00:00,10130.4584
2025-12-05 10:45:00+00:00,10130.4584
2025-12-05 11:00:00+00:00,10130.4584
2025-12-05 11:15:00+00:00,10130.4584
2025-12-05 11:30:00+00:00,10333.0676
2025-12-05 11:45:00+00:00,10333.0676
2025-12-05 12:00:00+00:00,10333.0676
2025-12-05 12:15:00+00:00,10333.0676
2025-12-05 12:30:00+00:00,10333.0676
2025-12-05 12:45:00+00:00,10333.0676
2025-12-05 13:00:00+00:00,10333.0676
2025-12-05 13:15:00+00:00,10539.7289
2025-12-05 13:30:00+00:00,10539.7289
2025-12-05 13:45:00+00:00,10539.7289
2025-12-05 14:00:00+00:00,10539.7289
2025-12-05 14:15:00+00:00,10539.7289
2025-12-05 14:30:00+00:00,10539.7289
2025-12-05 14:45:00+00:00,10539.7289
2025-12-05 15:00:00+00:00,10539.7289
2025-12-05 15:15:00+00:00,10539.7289
2025-12-05 15:30:00+00:00,10539.7289
2025-12-05 15:45:00+00:00,10750.5235
2025-12-05 16:00:00+00:00,10750.5235
2025-12-05 16:15:00+00:00,10750.5235
2025-12-05 16:30:00+00:00,10750.5235
2025-12-05 16:45:00+00:00,10750.5235
2025-12-05 17:00:00+00:00,10750.5235
2025-12-05 17:15:00+00:00,10750.5235
2025-12-05 17:30:00+00:00,10750.5235
2025-12-05 17:45:00+00:00,10750.5235
2025-12-05 18:00:00+00:00,10750.5235
2025-12-05 18:15:00+00:00,10750.5235
2025-12-05 18:30:00+00:00,10750.5235
2025-12-05 18:45:00+00:00,10750.5235
2025-12-05 19:00:00+00:00,10750.5235
2025-12-05 19:15:00+00:00,10750.5235
2025-12-05 19:30:00+00:00,10750.5235
2025-12-05 19:45:00+00:00,10750.5235
2025-12-05 20:00:00+00:00,10750.5235
2025-12-05 20:15:00+00:00,10750.5235
2025-12-05 20:30:00+00:00,10750.5235
2025-12-05 20:45:00+00:00,10750.5235
2025-12-05 21:00:00+00:00,10750.5235
2025-12-05 21:15:00+00:00,10750.5235
2025-12-05 21:30:00+00:00,10750.5235
2025-12-05 21:45:00+00:00,10750.5235
2025-12-05 22:00:00+00:00,10750.5235
2025-12-05 22:15:00+00:00,10750.5235
2025-12-05 22:30:00+00:00,10750.5235
2025-12-05 22:45:00+00:00,10750.5235
2025-12-05 23:00:00+00:00,10750.5235
2025-12-05 23:15:00+00:00,10750.5235
2025-12-05 23:30:00+00:00,10750.5235
2025-12-05 23:45:00+00:00,10750.5235
2025-12-06 00:00:00+00:00,10750.5235
2025-12-06 00:15:00+00:00,10750.5235
2025-12-06 00:30:00+00:00,10750.5235
2025-12-06 00:45:00+00:00,10750.5235
2025-12-06 01:00:00+00:00,10965.534
2025-12-06 01:15:00+00:00,10965.534
2025-12-06 01:30:00+00:00,10965.534
2025-12-06 01:45:00+00:00,10965.534
2025-12-06 02:00:00+00:00,10965.534
2025-12-06 02:15:00+00:00,10855.8786
2025-12-06 02:30:00+00:00,10855.8786
2025-12-06 02:45:00+00:00,10747.3198
2025-12-06 03:00:00+00:00,10747.3198
2025-12-06 03:15:00+00:00,10747.3198
2025-12-06 03:30:00+00:00,10747.3198
2025-12-06 03:45:00+00:00,10747.3198
2025-12-06 04:00:00+00:00,10747.3198
2025-12-06 04:15:00+00:00,10747.3198
2025-12-06 04:30:00+00:00,10747.3198
2025-12-06 04:45:00+00:00,10747.3198
2025-12-06 05:00:00+00:00,10747.3198
2025-12-06 05:15:00+00:00,10747.3198
2025-12-06 05:30:00+00:00,10747.3198
2025-12-06 05:45:00+00:00,10747.3198
2025-12-06 06:00:00+00:00,10747.3198
2025-12-06 06:15:00+00:00,10747.3198
2025-12-06 06:30:00+00:00,10747.3198
2025-12-06 06:45:00+00:00,10747.3198
2025-12-06 07:00:00+00:00,10747.3198
2025-12-06 07:15:00+00:00,10747.3198
2025-12-06 07:30:00+00:00,10747.3198
2025-12-06 07:45:00+00:00,10747.3198
2025-12-06 08:00:00+00:00,10747.3198
2025-12-06 08:15:00+00:00,10747.3198
2025-12-06 08:30:00+00:00,10747.3198
2025-12-06 08:45:00+00:00,10747.3198
2025-12-06 09:00:00+00:00,10747.3198
2025-12-06 09:15:00+00:00,10747.3198
2025-12-06 09:30:00+00:00,10747.3198
2025-12-06 09:45:00+00:00,10747.3198
2025-12-06 10:00:00+00:00,10747.3198
2025-12-06 10:15:00+00:00,10747.3198
2025-12-06 10:30:00+00:00,10747.3198
2025-12-06 10:45:00+00:00,10747.3198
2025-12-06 11:00:00+00:00,10747.3198
2025-12-06 11:15:00+00:00,10747.3198
2025-12-06 11:30:00+00:00,10747.3198
2025-12-06 11:45:00+00:00,10747.3198
2025-12-06 12:00:00+00:00,10747.3198
2025-12-06 12:15:00+00:00,10747.3198
2025-12-06 12:30:00+00:00,10747.3198
2025-12-06 12:45:00+00:00,10747.3198
2025-12-06 13:00:00+00:00,10747.3198
2025-12-06 13:15:00+00:00,10747.3198
2025-12-06 13:30:00+00:00,10747.3198
2025-12-06 13:45:00+00:00,10747.3198
2025-12-06 14:00:00+00:00,10747.3198
2025-12-06 14:15:00+00:00,10639.8466
2025-12-06 14:30:00+00:00,10639.8466
2025-12-06 14:45:00+00:00,10639.8466
2025-12-06 15:00:00+00:00,10639.8466
2025-12-06 15:15:00+00:00,10852.6436
2025-12-06 15:30:00+00:00,10852.6436
2025-12-06 15:45:00+00:00,10852.6436
2025-12-06 16:00:00+00:00,10744.1171
2025-12-06 16:15:00+00:00,10744.1171
2025-12-06 16:30:00+00:00,10744.1171
2025-12-06 16:45:00+00:00,10958.9995
2025-12-06 17:00:00+00:00,10958.9995
2025-12-06 17:15:00+00:00,10849.4095
2025-12-06 17:30:00+00:00,10849.4095
2025-12-06 17:45:00+00:00,10849.4095
2025-12-06 18:00:00+00:00,10849.4095
2025-12-06 18:15:00+00:00,10849.4095
2025-12-06 18:30:00+00:00,10849.4095
2025-12-06 18:45:00+00:00,10849.4095
2025-12-06 19:00:00+00:00,10849.4095
2025-12-06 19:15:00+00:00,10849.4095
2025-12-06 19:30:00+00:00,11066.3977
2025-12-06 19:45:00+00:00,11066.3977
2025-12-06 20:00:00+00:00,11066.3977
2025-12-06 20:15:00+00:00,11066.3977
2025-12-06 20:30:00+00:00,10955.7337
2025-12-06 20:45:00+00:00,10955.7337
2025-12-06 21:00:00+00:00,10955.7337
2025-12-06 21:15:00+00:00,10955.7337
2025-12-06 21:30:00+00:00,10955.7337
2025-12-06 21:45:00+00:00,10955.7337
2025-12-06 22:00:00+00:00,10955.7337
2025-12-06 22:15:00+00:00,10955.7337
2025-12-06 22:30:00+00:00,10955.7337
2025-12-06 22:45:00+00:00,10955.7337
2025-12-06 23:00:00+00:00,11174.8484
2025-12-06 23:15:00+00:00,11174.8484
2025-12-06 23:30:00+00:00,11174.8484
2025-12-06 23:45:00+00:00,11063.0999
2025-12-07 00:00:00+00:00,11063.0999
2025-12-07 00:15:00+00:00,11063.0999
2025-12-07 00:30:00+00:00,10952.4689
2025-12-07 00:45:00+00:00,10952.4689
2025-12-07 01:00:00+00:00,10952.4689
2025-12-07 01:15:00+00:00,10842.9442
2025-12-07 01:30:00+00:00,10842.9442
2025-12-07 01:45:00+00:00,10842.9442
2025-12-07 02:00:00+00:00,10842.9442
2025-12-07 02:15:00+00:00,10734.5148
2025-12-07 02:30:00+00:00,10734.5148
2025-12-07 02:45:00+00:00,10734.5148
2025-12-07 03:00:00+00:00,10734.5148
2025-12-07 03:15:00+00:00,10734.5148
2025-12-07 03:30:00+00:00,10627.1696
2025-12-07 03:45:00+00:00,10627.1696
2025-12-07 04:00:00+00:00,10627.1696
2025-12-07 04:15:00+00:00,10627.1696
2025-12-07 04:30:00+00:00,10839.713
2025-12-07 04:45:00+00:00,10839.713
2025-12-07 05:00:00+00:00,11056.5073
2025-12-07 05:15:00+00:00,11056.5073
2025-12-07 05:30:00+00:00,11056.5073
2025-12-07 05:45:00+00:00,11056.5073
2025-12-07 06:00:00+00:00,10945.9422
2025-12-07 06:15:00+00:00,10945.9422
2025-12-07 06:30:00+00:00,10945.9422
2025-12-07 06:45:00+00:00,10945.9422
2025-12-07 07:00:00+00:00,10945.9422
2025-12-07 07:15:00+00:00,10945.9422
2025-12-07 07:30:00+00:00,10945.9422
2025-12-07 07:45:00+00:00,10945.9422
2025-12-07 08:00:00+00:00,10836.4828
2025-12-07 08:15:00+00:00,10836.4828
2025-12-07 08:30:00+00:00,10836.4828
2025-12-07 08:45:00+00:00,10836.4828
2025-12-07 09:00:00+00:00,10836.4828
2025-12-07 09:15:00+00:00,10728.1179
2025-12-07 09:30:00+00:00,10728.1179
2025-12-07 09:45:00+00:00,10728.1179
2025-12-07 10:00:00+00:00,10620.8368
2025-12-07 10:15:00+00:00,10620.8368
2025-12-07 10:30:00+00:00,10514.6284
2025-12-07 10:45:00+00:00,10514.6284
2025-12-07 11:00:00+00:00,10514.6284
2025-12-07 11:15:00+00:00,10514.6284
2025-12-07 11:30:00+00:00,10514.6284
2025-12-07 11:45:00+00:00,10514.6284
2025-12-07 12:00:00+00:00,10514.6284
2025-12-07 12:15:00+00:00,10514.6284
2025-12-07 12:30:00+00:00,10514.6284
2025-12-07 12:45:00+00:00,10409.4821
2025-12-07 13:00:00+00:00,10409.4821
2025-12-07 13:15:00+00:00,10617.6718
2025-12-07 13:30:00+00:00,10617.6718
2025-12-07 13:45:00+00:00,10617.6718
2025-12-07 14:00:00+00:00,10617.6718
2025-12-07 14:15:00+00:00,10830.0252
2025-12-07 14:30:00+00:00,10830.0252
2025-12-07 14:45:00+00:00,10830.0252
2025-12-07 15:00:00+00:00,10830.0252
2025-12-07 15:15:00+00:00,10830.0252
2025-12-07 15:30:00+00:00,10721.7249
2025-12-07 15:45:00+00:00,10721.7249
2025-12-07 16:00:00+00:00,10721.7249
2025-12-07 16:15:00+00:00,10721.7249
2025-12-07 16:30:00+00:00,10614.5077
2025-12-07 16:45:00+00:00,10614.5077
2025-12-07 17:00:00+00:00,10614.5077
2025-12-07 17:15:00+00:00,10508.3626
2025-12-07 17:30:00+00:00,10508.3626
2025-12-07 17:45:00+00:00,10508.3626
2025-12-07 18:00:00+00:00,10508.3626
2025-12-07 18:15:00+00:00,10508.3626
2025-12-07 18:30:00+00:00,10508.3626
2025-12-07 18:45:00+00:00,10508.3626
2025-12-07 19:00:00+00:00,10508.3626
2025-12-07 19:15:00+00:00,10508.3626
2025-12-07 19:30:00+00:00,10508.3626
2025-12-07 19:45:00+00:00,10508.3626
2025-12-07 20:00:00+00:00,10508.3626
2025-12-07 20:15:00+00:00,10508.3626
2025-12-07 20:30:00+00:00,10508.3626
2025-12-07 20:45:00+00:00,10508.3626
2025-12-07 21:00:00+00:00,10508.3626
2025-12-07 21:15:00+00:00,10508.3626
2025-12-07 21:30:00+00:00,10508.3626
2025-12-07 21:45:00+00:00,10508.3626
2025-12-07 22:00:00+00:00,10508.3626
2025-12-07 22:15:00+00:00,10508.3626
2025-12-07 22:30:00+00:00,10508.3626
2025-12-07 22:45:00+00:00,10508.3626
2025-12-07 23:00:00+00:00,10508.3626
2025-12-07 23:15:00+00:00,10508.3626
2025-12-07 23:30:00+00:00,10508.3626
2025-12-07 23:45:00+00:00,10508.3626
2025-12-08 00:00:00+00:00,10508.3626
2025-12-08 00:15:00+00:00,10508.3626
2025-12-08 00:30:00+00:00,10508.3626
2025-12-08 00:45:00+00:00,10508.3626
2025-12-08 01:00:00+00:00,10718.5299
2025-12-08 01:15:00+00:00,10718.5299
2025-12-08 01:30:00+00:00,10718.5299
2025-12-08 01:45:00+00:00,10718.5299
2025-12-08 02:00:00+00:00,10718.5299
2025-12-08 02:15:00+00:00,10718.5299
2025-12-08 02:30:00+00:00,10932.9005
2025-12-08 02:45:00+00:00,10932.9005
2025-12-08 03:00:00+00:00,10932.9005
2025-12-08 03:15:00+00:00,10932.9005
2025-12-08 03:30:00+00:00,10932.9005
2025-12-08 03:45:00+00:00,10932.9005
2025-12-08 04:00:00+00:00,10932.9005
2025-12-08 04:15:00+00:00,11151.5585
2025-12-08 04:30:00+00:00,11151.5585
2025-12-08 04:45:00+00:00,11151.5585
2025-12-08 05:00:00+00:00,11151.5585
2025-12-08 05:15:00+00:00,11151.5585
2025-12-08 05:30:00+00:00,11151.5585
2025-12-08 05:45:00+00:00,11151.5585
2025-12-08 06:00:00+00:00,11151.5585
2025-12-08 06:15:00+00:00,11151.5585
2025-12-08 06:30:00+00:00,11151.5585
2025-12-08 06:45:00+00:00,11151.5585
2025-12-08 07:00:00+00:00,11151.5585
2025-12-08 07:15:00+00:00,11374.5896
2025-12-08 07:30:00+00:00,11374.5896
2025-12-08 07:45:00+00:00,11374.5896
2025-12-08 08:00:00+00:00,11374.5896
2025-12-08 08:15:00+00:00,11374.5896
2025-12-08 08:30:00+00:00,11602.0814
2025-12-08 08:45:00+00:00,11602.0814
2025-12-08 09:00:00+00:00,11602.0814
2025-12-08 09:15:00+00:00,11602.0814
2025-12-08 09:30:00+00:00,11602.0814
2025-12-08 09:45:00+00:00,11602.0814
2025-12-08 10:00:00+00:00,11602.0814
2025-12-08 10:15:00+00:00,11602.0814
2025-12-08 10:30:00+00:00,11602.0814
2025-12-08 10:45:00+00:00,11602.0814
2025-12-08 11:00:00+00:00,11602.0814
2025-12-08 11:15:00+00:00,11602.0814
2025-12-08 11:30:00+00:00,11602.0814
2025-12-08 11:45:00+00:00,11602.0814
2025-12-08 12:00:00+00:00,11602.0814
2025-12-08 12:15:00+00:00,11602.0814
2025-12-08 12:30:00+00:00,11486.0606
2025-12-08 12:45:00+00:00,11486.0606
2025-12-08 13:00:00+00:00,11715.7818
2025-12-08 13:15:00+00:00,11715.7818
2025-12-08 13:30:00+00:00,11715.7818
2025-12-08 13:45:00+00:00,11715.7818
2025-12-08 14:00:00+00:00,11715.7818
2025-12-08 14:15:00+00:00,11598.624
2025-12-08 14:30:00+00:00,11598.624
2025-12-08 14:45:00+00:00,11598.624
2025-12-08 15:00:00+00:00,11482.6378
2025-12-08 15:15:00+00:00,11482.6378
2025-12-08 15:30:00+00:00,11482.6378
2025-12-08 15:45:00+00:00,11482.6378
2025-12-08 16:00:00+00:00,11482.6378
2025-12-08 16:15:00+00:00,11482.6378
2025-12-08 16:30:00+00:00,11482.6378
2025-12-08 16:45:00+00:00,11367.8114
2025-12-08 17:00:00+00:00,11367.8114
2025-12-08 17:15:00+00:00,11367.8114
2025-12-08 17:30:00+00:00,11367.8114
2025-12-08 17:45:00+00:00,11367.8114
2025-12-08 18:00:00+00:00,11367.8114
2025-12-08 18:15:00+00:00,11367.8114
2025-12-08 18:30:00+00:00,11367.8114
2025-12-08 18:45:00+00:00,11254.1333
2025-12-08 19:00:00+00:00,11254.1333
2025-12-08 19:15:00+00:00,11254.1333
2025-12-08 19:30:00+00:00,11254.1333
2025-12-08 19:45:00+00:00,11254.1333
2025-12-08 20:00:00+00:00,11141.5919
2025-12-08 20:15:00+00:00,11141.5919
2025-12-08 20:30:00+00:00,11141.5919
2025-12-08 20:45:00+00:00,11141.5919
2025-12-08 21:00:00+00:00,11141.5919
2025-12-08 21:15:00+00:00,11030.176
2025-12-08 21:30:00+00:00,11030.176
2025-12-08 21:45:00+00:00,11030.176
2025-12-08 22:00:00+00:00,11030.176
2025-12-08 22:15:00+00:00,11030.176
2025-12-08 22:30:00+00:00,11030.176
2025-12-08 22:45:00+00:00,11030.176
2025-12-08 23:00:00+00:00,11030.176
2025-12-08 23:15:00+00:00,11030.176
2025-12-08 23:30:00+00:00,11030.176
2025-12-08 23:45:00+00:00,11030.176
2025-12-09 00:00:00+00:00,11030.176
2025-12-09 00:15:00+00:00,11030.176
2025-12-09 00:30:00+00:00,11030.176
2025-12-09 00:45:00+00:00,11030.176
2025-12-09 01:00:00+00:00,11030.176
2025-12-09 01:15:00+00:00,11250.7795
2025-12-09 01:30:00+00:00,11250.7795
2025-12-09 01:45:00+00:00,11250.7795
2025-12-09 02:00:00+00:00,11475.7951
2025-12-09 02:15:00+00:00,11475.7951
2025-12-09 02:30:00+00:00,11475.7951
2025-12-09 02:45:00+00:00,11705.311
2025-12-09 03:00:00+00:00,11705.311
2025-12-09 03:15:00+00:00,11705.311
2025-12-09 03:30:00+00:00,11588.2579
2025-12-09 03:45:00+00:00,11588.2579
2025-12-09 04:00:00+00:00,11588.2579
2025-12-09 04:15:00+00:00,11588.2579
2025-12-09 04:30:00+00:00,11820.0231
2025-12-09 04:45:00+00:00,11820.0231
2025-12-09 05:00:00+00:00,12056.4236
2025-12-09 05:15:00+00:00,12056.4236
2025-12-09 05:30:00+00:00,12056.4236
2025-12-09 05:45:00+00:00,12056.4236
2025-12-09 06:00:00+00:00,12056.4236
2025-12-09 06:15:00+00:00,12056.4236
2025-12-09 06:30:00+00:00,12056.4236
2025-12-09 06:45:00+00:00,11935.8593
2025-12-09 07:00:00+00:00,11935.8593
2025-12-09 07:15:00+00:00,11816.5007
2025-12-09 07:30:00+00:00,11816.5007
2025-12-09 07:45:00+00:00,11816.5007
2025-12-09 08:00:00+00:00,11816.5007
2025-12-09 08:15:00+00:00,11816.5007
2025-12-09 08:30:00+00:00,11816.5007
2025-12-09 08:45:00+00:00,11816.5007
2025-12-09 09:00:00+00:00,11816.5007
2025-12-09 09:15:00+00:00,12052.8307
2025-12-09 09:30:00+00:00,12052.8307
2025-12-09 09:45:00+00:00,12052.8307
2025-12-09 10:00:00+00:00,12052.8307
2025-12-09 10:15:00+00:00,12052.8307
2025-12-09 10:30:00+00:00,12052.8307
2025-12-09 10:45:00+00:00,12052.8307
2025-12-09 11:00:00+00:00,12052.8307
2025-12-09 11:15:00+00:00,12052.8307
2025-12-09 11:30:00+00:00,12052.8307
2025-12-09 11:45:00+00:00,11932.3024
2025-12-09 12:00:00+00:00,11932.3024
2025-12-09 12:15:00+00:00,11812.9794
2025-12-09 12:30:00+00:00,11812.9794
2025-12-09 12:45:00+00:00,11812.9794
2025-12-09 13:00:00+00:00,11812.9794
2025-12-09 13:15:00+00:00,11694.8496
2025-12-09 13:30:00+00:00,11694.8496
2025-12-09 13:45:00+00:00,11694.8496
2025-12-09 14:00:00+00:00,11694.8496
2025-12-09 14:15:00+00:00,11694.8496
2025-12-09 14:30:00+00:00,11694.8496
2025-12-09 14:45:00+00:00,11694.8496
2025-12-09 15:00:00+00:00,11577.9011
2025-12-09 15:15:00+00:00,11577.9011
2025-12-09 15:30:00+00:00,11577.9011
2025-12-09 15:45:00+00:00,11577.9011
2025-12-09 16:00:00+00:00,11577.9011
2025-12-09 16:15:00+00:00,11577.9011
2025-12-09 16:30:00+00:00,11577.9011
2025-12-09 16:45:00+00:00,11577.9011
2025-12-09 17:00:00+00:00,11577.9011
2025-12-09 17:15:00+00:00,11577.9011
2025-12-09 17:30:00+00:00,11577.9011
2025-12-09 17:45:00+00:00,11577.9011
2025-12-09 18:00:00+00:00,11577.9011
2025-12-09 18:15:00+00:00,11577.9011
2025-12-09 18:30:00+00:00,11577.9011
2025-12-09 18:45:00+00:00,11577.9011
2025-12-09 19:00:00+00:00,11577.9011
2025-12-09 19:15:00+00:00,11577.9011
2025-12-09 19:30:00+00:00,11577.9011
2025-12-09 19:45:00+00:00,11577.9011
2025-12-09 20:00:00+00:00,11577.9011
2025-12-09 20:15:00+00:00,11577.9011
2025-12-09 20:30:00+00:00,11577.9011
2025-12-09 20:45:00+00:00,11577.9011
2025-12-09 21:00:00+00:00,11577.9011
2025-12-09 21:15:00+00:00,11577.9011
2025-12-09 21:30:00+00:00,11577.9011
2025-12-09 21:45:00+00:00,11577.9011
2025-12-09 22:00:00+00:00,11577.9011
2025-12-09 22:15:00+00:00,11462.1221
2025-12-09 22:30:00+00:00,11462.1221
2025-12-09 22:45:00+00:00,11462.1221
2025-12-09 23:00:00+00:00,11462.1221
2025-12-09 23:15:00+00:00,11462.1221
2025-12-09 23:30:00+00:00,11462.1221
2025-12-09 23:45:00+00:00,11462.1221
2025-12-10 00:00:00+00:00,11462.1221
2025-12-10 00:15:00+00:00,11347.5009
2025-12-10 00:30:00+00:00,11347.5009
2025-12-10 00:45:00+00:00,11347.5009
2025-12-10 01:00:00+00:00,11347.5009
2025-12-10 01:15:00+00:00,11347.5009
2025-12-10 01:30:00+00:00,11234.0259
2025-12-10 01:45:00+00:00,11234.0259
2025-12-10 02:00:00+00:00,11121.6856
2025-12-10 02:15:00+00:00,11121.6856
2025-12-10 02:30:00+00:00,11121.6856
2025-12-10 02:45:00+00:00,11121.6856
2025-12-10 03:00:00+00:00,11121.6856
2025-12-10 03:15:00+00:00,11121.6856
2025-12-10 03:30:00+00:00,11121.6856
2025-12-10 03:45:00+00:00,11121.6856
2025-12-10 04:00:00+00:00,11121.6856
2025-12-10 04:15:00+00:00,11121.6856
2025-12-10 04:30:00+00:00,11121.6856
2025-12-10 04:45:00+00:00,11121.6856
2025-12-10 05:00:00+00:00,11121.6856
2025-12-10 05:15:00+00:00,11121.6856
2025-12-10 05:30:00+00:00,11121.6856
2025-12-10 05:45:00+00:00,11121.6856
2025-12-10 06:00:00+00:00,11121.6856
2025-12-10 06:15:00+00:00,11121.6856
2025-12-10 06:30:00+00:00,11121.6856
2025-12-10 06:45:00+00:00,11121.6856
2025-12-10 07:00:00+00:00,11121.6856
2025-12-10 07:15:00+00:00,11121.6856
2025-12-10 07:30:00+00:00,11121.6856
2025-12-10 07:45:00+00:00,11121.6856
2025-12-10 08:00:00+00:00,11121.6856
2025-12-10 08:15:00+00:00,11121.6856
2025-12-10 08:30:00+00:00,11121.6856
2025-12-10 08:45:00+00:00,11121.6856
2025-12-10 09:00:00+00:00,11121.6856
2025-12-10 09:15:00+00:00,11121.6856
2025-12-10 09:30:00+00:00,11121.6856
2025-12-10 09:45:00+00:00,11121.6856
2025-12-10 10:00:00+00:00,11344.1193
2025-12-10 10:15:00+00:00,11344.1193
2025-12-10 10:30:00+00:00,11344.1193
2025-12-10 10:45:00+00:00,11344.1193
2025-12-10 11:00:00+00:00,11344.1193
2025-12-10 11:15:00+00:00,11344.1193
2025-12-10 11:30:00+00:00,11230.6781
2025-12-10 11:45:00+00:00,11230.6781
2025-12-10 12:00:00+00:00,11230.6781
2025-12-10 12:15:00+00:00,11230.6781
2025-12-10 12:30:00+00:00,11230.6781
2025-12-10 12:45:00+00:00,11230.6781
2025-12-10 13:00:00+00:00,11230.6781
2025-12-10 13:15:00+00:00,11230.6781
2025-12-10 13:30:00+00:00,11230.6781
2025-12-10 13:45:00+00:00,11230.6781
2025-12-10 14:00:00+00:00,11230.6781
2025-12-10 14:15:00+00:00,11230.6781
2025-12-10 14:30:00+00:00,11230.6781
2025-12-10 14:45:00+00:00,11118.3714
2025-12-10 15:00:00+00:00,11118.3714
2025-12-10 15:15:00+00:00,11118.3714
2025-12-10 15:30:00+00:00,11340.7388
2025-12-10 15:45:00+00:00,11340.7388
2025-12-10 16:00:00+00:00,11340.7388
2025-12-10 16:15:00+00:00,11340.7388
2025-12-10 16:30:00+00:00,11340.7388
2025-12-10 16:45:00+00:00,11340.7388
2025-12-10 17:00:00+00:00,11340.7388
2025-12-10 17:15:00+00:00,11227.3314
2025-12-10 17:30:00+00:00,11227.3314
2025-12-10 17:45:00+00:00,11227.3314
2025-12-10 18:00:00+00:00,11227.3314
2025-12-10 18:15:00+00:00,11451.878
2025-12-10 18:30:00+00:00,11451.878
2025-12-10 18:45:00+00:00,11451.878
2025-12-10 19:00:00+00:00,11337.3592
2025-12-10 19:15:00+00:00,11337.3592
2025-12-10 19:30:00+00:00,11223.9856
2025-12-10 19:45:00+00:00,11223.9856
2025-12-10 20:00:00+00:00,11223.9856
2025-12-10 20:15:00+00:00,11223.9856
2025-12-10 20:30:00+00:00,11223.9856
2025-12-10 20:45:00+00:00,11223.9856
2025-12-10 21:00:00+00:00,11223.9856
2025-12-10 21:15:00+00:00,11223.9856
2025-12-10 21:30:00+00:00,11111.7458
2025-12-10 21:45:00+00:00,11111.7458
2025-12-10 22:00:00+00:00,11111.7458
2025-12-10 22:15:00+00:00,11111.7458
2025-12-10 22:30:00+00:00,11111.7458
2025-12-10 22:45:00+00:00,11111.7458
2025-12-10 23:00:00+00:00,11111.7458
2025-12-10 23:15:00+00:00,11111.7458
2025-12-10 23:30:00+00:00,11111.7458
2025-12-10 23:45:00+00:00,11000.6283
2025-12-11 00:00:00+00:00,11000.6283
2025-12-11 00:15:00+00:00,10890.6221
2025-12-11 00:30:00+00:00,10890.6221
2025-12-11 00:45:00+00:00,10890.6221
2025-12-11 01:00:00+00:00,10890.6221
2025-12-11 01:15:00+00:00,10890.6221
2025-12-11 01:30:00+00:00,10890.6221
2025-12-11 01:45:00+00:00,10890.6221
2025-12-11 02:00:00+00:00,10890.6221
2025-12-11 02:15:00+00:00,10890.6221
2025-12-11 02:30:00+00:00,10890.6221
2025-12-11 02:45:00+00:00,10890.6221
2025-12-11 03:00:00+00:00,10890.6221
2025-12-11 03:15:00+00:00,10890.6221
2025-12-11 03:30:00+00:00,10890.6221
2025-12-11 03:45:00+00:00,10890.6221
2025-12-11 04:00:00+00:00,10890.6221
2025-12-11 04:15:00+00:00,10890.6221
2025-12-11 04:30:00+00:00,10890.6221
2025-12-11 04:45:00+00:00,10890.6221
2025-12-11 05:00:00+00:00,10890.6221
2025-12-11 05:15:00+00:00,10890.6221
2025-12-11 05:30:00+00:00,10890.6221
2025-12-11 05:45:00+00:00,10890.6221
2025-12-11 06:00:00+00:00,10890.6221
2025-12-11 06:15:00+00:00,10890.6221
2025-12-11 06:30:00+00:00,10890.6221
2025-12-11 06:45:00+00:00,10890.6221
2025-12-11 07:00:00+00:00,10890.6221
2025-12-11 07:15:00+00:00,10890.6221
2025-12-11 07:30:00+00:00,10890.6221
2025-12-11 07:45:00+00:00,10890.6221
2025-12-11 08:00:00+00:00,10890.6221
2025-12-11 08:15:00+00:00,10890.6221
2025-12-11 08:30:00+00:00,10890.6221
2025-12-11 08:45:00+00:00,10890.6221
2025-12-11 09:00:00+00:00,10890.6221
2025-12-11 09:15:00+00:00,10890.6221
2025-12-11 09:30:00+00:00,10890.6221
2025-12-11 09:45:00+00:00,10890.6221
2025-12-11 10:00:00+00:00,10890.6221
2025-12-11 10:15:00+00:00,10890.6221
2025-12-11 10:30:00+00:00,10890.6221
2025-12-11 10:45:00+00:00,10890.6221
2025-12-11 11:00:00+00:00,10890.6221
2025-12-11 11:15:00+00:00,10890.6221
2025-12-11 11:30:00+00:00,10890.6221
2025-12-11 11:45:00+00:00,10890.6221
2025-12-11 12:00:00+00:00,10890.6221
2025-12-11 12:15:00+00:00,10890.6221
2025-12-11 12:30:00+00:00,10890.6221
2025-12-11 12:45:00+00:00,10890.6221
2025-12-11 13:00:00+00:00,10890.6221
2025-12-11 13:15:00+00:00,10890.6221
2025-12-11 13:30:00+00:00,11108.4345
2025-12-11 13:45:00+00:00,11108.4345
2025-12-11 14:00:00+00:00,11108.4345
2025-12-11 14:15:00+00:00,11108.4345
2025-12-11 14:30:00+00:00,10997.3501
2025-12-11 14:45:00+00:00,10997.3501
2025-12-11 15:00:00+00:00,10997.3501
2025-12-11 15:15:00+00:00,10997.3501
2025-12-11 15:30:00+00:00,10997.3501
2025-12-11 15:45:00+00:00,10997.3501
2025-12-11 16:00:00+00:00,10997.3501
2025-12-11 16:15:00+00:00,10997.3501
2025-12-11 16:30:00+00:00,10997.3501
2025-12-11 16:45:00+00:00,10997.3501
2025-12-11 17:00:00+00:00,10997.3501
2025-12-11 17:15:00+00:00,10997.3501
2025-12-11 17:30:00+00:00,10997.3501
2025-12-11 17:45:00+00:00,10997.3501
2025-12-11 18:00:00+00:00,10887.3766
2025-12-11 18:15:00+00:00,10887.3766
2025-12-11 18:30:00+00:00,10887.3766
2025-12-11 18:45:00+00:00,10887.3766
2025-12-11 19:00:00+00:00,10887.3766
2025-12-11 19:15:00+00:00,10887.3766
2025-12-11 19:30:00+00:00,10778.5029
2025-12-11 19:45:00+00:00,10778.5029
2025-12-11 20:00:00+00:00,10670.7179
2025-12-11 20:15:00+00:00,10670.7179
2025-12-11 20:30:00+00:00,10564.0107
2025-12-11 20:45:00+00:00,10564.0107
2025-12-11 21:00:00+00:00,10564.0107
2025-12-11 21:15:00+00:00,10564.0107
2025-12-11 21:30:00+00:00,10564.0107
2025-12-11 21:45:00+00:00,10564.0107
2025-12-11 22:00:00+00:00,10564.0107
2025-12-11 22:15:00+00:00,10564.0107
2025-12-11 22:30:00+00:00,10564.0107
2025-12-11 22:45:00+00:00,10564.0107
2025-12-11 23:00:00+00:00,10564.0107
2025-12-11 23:15:00+00:00,10564.0107
2025-12-11 23:30:00+00:00,10564.0107
2025-12-11 23:45:00+00:00,10564.0107
2025-12-12 00:00:00+00:00,10564.0107
2025-12-12 00:15:00+00:00,10564.0107
2025-12-12 00:30:00+00:00,10564.0107
2025-12-12 00:45:00+00:00,10564.0107
2025-12-12 01:00:00+00:00,10564.0107
2025-12-12 01:15:00+00:00,10564.0107
2025-12-12 01:30:00+00:00,10564.0107
2025-12-12 01:45:00+00:00,10564.0107
2025-12-12 02:00:00+00:00,10775.2909
2025-12-12 02:15:00+00:00,10775.2909
2025-12-12 02:30:00+00:00,10775.2909
2025-12-12 02:45:00+00:00,10775.2909
2025-12-12 03:00:00+00:00,10775.2909
2025-12-12 03:15:00+00:00,10775.2909
2025-12-12 03:30:00+00:00,10775.2909
2025-12-12 03:45:00+00:00,10775.2909
2025-12-12 04:00:00+00:00,10775.2909
2025-12-12 04:15:00+00:00,10775.2909
2025-12-12 04:30:00+00:00,10775.2909
2025-12-12 04:45:00+00:00,10990.7967
2025-12-12 05:00:00+00:00,10990.7967
2025-12-12 05:15:00+00:00,10990.7967
2025-12-12 05:30:00+00:00,10990.7967
2025-12-12 05:45:00+00:00,10990.7967
2025-12-12 06:00:00+00:00,10990.7967
2025-12-12 06:15:00+00:00,10990.7967
2025-12-12 06:30:00+00:00,10990.7967
2025-12-12 06:45:00+00:00,10990.7967
2025-12-12 07:00:00+00:00,10990.7967
2025-12-12 07:15:00+00:00,10990.7967
2025-12-12 07:30:00+00:00,10990.7967
2025-12-12 07:45:00+00:00,10990.7967
2025-12-12 08:00:00+00:00,10990.7967
2025-12-12 08:15:00+00:00,10990.7967
2025-12-12 08:30:00+00:00,10990.7967
2025-12-12 08:45:00+00:00,10880.8887
2025-12-12 09:00:00+00:00,10880.8887
2025-12-12 09:15:00+00:00,10772.0798
2025-12-12 09:30:00+00:00,10772.0798
2025-12-12 09:45:00+00:00,10987.5214
2025-12-12 10:00:00+00:00,10987.5214
2025-12-12 10:15:00+00:00,10877.6462
2025-12-12 10:30:00+00:00,10877.6462
2025-12-12 10:45:00+00:00,10877.6462
2025-12-12 11:00:00+00:00,10768.8698
2025-12-12 11:15:00+00:00,10768.8698
2025-12-12 11:30:00+00:00,10768.8698
2025-12-12 11:45:00+00:00,10768.8698
2025-12-12 12:00:00+00:00,10661.1811
2025-12-12 12:15:00+00:00,10661.1811
2025-12-12 12:30:00+00:00,10661.1811
2025-12-12 12:45:00+00:00,10661.1811
2025-12-12 13:00:00+00:00,10661.1811
2025-12-12 13:15:00+00:00,10661.1811
2025-12-12 13:30:00+00:00,10661.1811
2025-12-12 13:45:00+00:00,10661.1811
2025-12-12 14:00:00+00:00,10661.1811
2025-12-12 14:15:00+00:00,10661.1811
2025-12-12 14:30:00+00:00,10554.5693
2025-12-12 14:45:00+00:00,10554.5693
2025-12-12 15:00:00+00:00,10554.5693
2025-12-12 15:15:00+00:00,10554.5693
2025-12-12 15:30:00+00:00,10554.5693
2025-12-12 15:45:00+00:00,10554.5693
2025-12-12 16:00:00+00:00,10554.5693
2025-12-12 16:15:00+00:00,10554.5693
2025-12-12 16:30:00+00:00,10554.5693
2025-12-12 16:45:00+00:00,10554.5693
2025-12-12 17:00:00+00:00,10554.5693
2025-12-12 17:15:00+00:00,10554.5693
2025-12-12 17:30:00+00:00,10554.5693
2025-12-12 17:45:00+00:00,10554.5693
2025-12-12 18:00:00+00:00,10554.5693
2025-12-12 18:15:00+00:00,10554.5693
2025-12-12 18:30:00+00:00,10554.5693
2025-12-12 18:45:00+00:00,10554.5693
2025-12-12 19:00:00+00:00,10554.5693
2025-12-12 19:15:00+00:00,10554.5693
2025-12-12 19:30:00+00:00,10554.5693
2025-12-12 19:45:00+00:00,10554.5693
2025-12-12 20:00:00+00:00,10554.5693
2025-12-12 20:15:00+00:00,10554.5693
2025-12-12 20:30:00+00:00,10554.5693
2025-12-12 20:45:00+00:00,10554.5693
2025-12-12 21:00:00+00:00,10554.5693
2025-12-12 21:15:00+00:00,10554.5693
2025-12-12 21:30:00+00:00,10554.5693
2025-12-12 21:45:00+00:00,10554.5693
2025-12-12 22:00:00+00:00,10554.5693
2025-12-12 22:15:00+00:00,10554.5693
2025-12-12 22:30:00+00:00,10554.5693
2025-12-12 22:45:00+00:00,10554.5693
2025-12-12 23:00:00+00:00,10449.0236
2025-12-12 23:15:00+00:00,10449.0236
2025-12-12 23:30:00+00:00,10449.0236
2025-12-12 23:45:00+00:00,10449.0236
2025-12-13 00:00:00+00:00,10344.5333
2025-12-13 00:15:00+00:00,10344.5333
2025-12-13 00:30:00+00:00,10344.5333
2025-12-13 00:45:00+00:00,10344.5333
2025-12-13 01:00:00+00:00,10344.5333
2025-12-13 01:15:00+00:00,10344.5333
2025-12-13 01:30:00+00:00,10344.5333
2025-12-13 01:45:00+00:00,10344.5333
2025-12-13 02:00:00+00:00,10344.5333
2025-12-13 02:15:00+00:00,10344.5333
2025-12-13 02:30:00+00:00,10344.5333
2025-12-13 02:45:00+00:00,10344.5333
2025-12-13 03:00:00+00:00,10344.5333
2025-12-13 03:15:00+00:00,10344.5333
2025-12-13 03:30:00+00:00,10241.088
2025-12-13 03:45:00+00:00,10241.088
2025-12-13 04:00:00+00:00,10241.088
2025-12-13 04:15:00+00:00,10241.088
2025-12-13 04:30:00+00:00,10241.088
2025-12-13 04:45:00+00:00,10241.088
2025-12-13 05:00:00+00:00,10241.088
2025-12-13 05:15:00+00:00,10241.088
2025-12-13 05:30:00+00:00,10241.088
2025-12-13 05:45:00+00:00,10241.088
2025-12-13 06:00:00+00:00,10241.088
2025-12-13 06:15:00+00:00,10241.088
2025-12-13 06:30:00+00:00,10241.088
2025-12-13 06:45:00+00:00,10241.088
2025-12-13 07:00:00+00:00,10241.088
2025-12-13 07:15:00+00:00,10241.088
2025-12-13 07:30:00+00:00,10241.088
2025-12-13 07:45:00+00:00,10241.088
2025-12-13 08:00:00+00:00,10241.088
2025-12-13 08:15:00+00:00,10138.6771
2025-12-13 08:30:00+00:00,10138.6771
2025-12-13 08:45:00+00:00,10037.2903
2025-12-13 09:00:00+00:00,10037.2903
2025-12-13 09:15:00+00:00,10037.2903
2025-12-13 09:30:00+00:00,9936.9174
2025-12-13 09:45:00+00:00,9936.9174
2025-12-13 10:00:00+00:00,9936.9174
2025-12-13 10:15:00+00:00,9837.5483
2025-12-13 10:30:00+00:00,9837.5483
2025-12-13 10:45:00+00:00,9837.5483
2025-12-13 11:00:00+00:00,10034.2992
2025-12-13 11:15:00+00:00,10034.2992
2025-12-13 11:30:00+00:00,10034.2992
2025-12-13 11:45:00+00:00,10034.2992
2025-12-13 12:00:00+00:00,10034.2992
2025-12-13 12:15:00+00:00,10034.2992
2025-12-13 12:30:00+00:00,10034.2992
2025-12-13 12:45:00+00:00,10034.2992
2025-12-13 13:00:00+00:00,10034.2992
2025-12-13 13:15:00+00:00,10234.9852
2025-12-13 13:30:00+00:00,10234.9852
2025-12-13 13:45:00+00:00,10234.9852
2025-12-13 14:00:00+00:00,10234.9852
2025-12-13 14:15:00+00:00,10234.9852
2025-12-13 14:30:00+00:00,10132.6354
2025-12-13 14:45:00+00:00,10132.6354
2025-12-13 15:00:00+00:00,10031.309
2025-12-13 15:15:00+00:00,10031.309
2025-12-13 15:30:00+00:00,10031.309
2025-12-13 15:45:00+00:00,10231.9352
2025-12-13 16:00:00+00:00,10231.9352
2025-12-13 16:15:00+00:00,10231.9352
2025-12-13 16:30:00+00:00,10231.9352
2025-12-13 16:45:00+00:00,10231.9352
2025-12-13 17:00:00+00:00,10231.9352
2025-12-13 17:15:00+00:00,10231.9352
2025-12-13 17:30:00+00:00,10231.9352
2025-12-13 17:45:00+00:00,10231.9352
2025-12-13 18:00:00+00:00,10231.9352
2025-12-13 18:15:00+00:00,10231.9352
2025-12-13 18:30:00+00:00,10231.9352
2025-12-13 18:45:00+00:00,10231.9352
2025-12-13 19:00:00+00:00,10231.9352
2025-12-13 19:15:00+00:00,10231.9352
2025-12-13 19:30:00+00:00,10129.6158
2025-12-13 19:45:00+00:00,10129.6158
2025-12-13 20:00:00+00:00,10129.6158
2025-12-13 20:15:00+00:00,10129.6158
2025-12-13 20:30:00+00:00,10129.6158
2025-12-13 20:45:00+00:00,10332.2082
2025-12-13 21:00:00+00:00,10332.2082
2025-12-13 21:15:00+00:00,10332.2082
2025-12-13 21:30:00+00:00,10538.8523
2025-12-13 21:45:00+00:00,10538.8523
2025-12-13 22:00:00+00:00,10538.8523
2025-12-13 22:15:00+00:00,10538.8523
2025-12-13 22:30:00+00:00,10538.8523
2025-12-13 22:45:00+00:00,10538.8523
2025-12-13 23:00:00+00:00,10538.8523
2025-12-13 23:15:00+00:00,10538.8523
2025-12-13 23:30:00+00:00,10433.4638
2025-12-13 23:45:00+00:00,10433.4638
2025-12-14 00:00:00+00:00,10433.4638
2025-12-14 00:15:00+00:00,10433.4638
2025-12-14 00:30:00+00:00,10433.4638
2025-12-14 00:45:00+00:00,10433.4638
2025-12-14 01:00:00+00:00,10433.4638
2025-12-14 01:15:00+00:00,10433.4638
2025-12-14 01:30:00+00:00,10433.4638
2025-12-14 01:45:00+00:00,10433.4638
2025-12-14 02:00:00+00:00,10433.4638
2025-12-14 02:15:00+00:00,10433.4638
2025-12-14 02:30:00+00:00,10433.4638
2025-12-14 02:45:00+00:00,10433.4638
2025-12-14 03:00:00+00:00,10433.4638
2025-12-14 03:15:00+00:00,10433.4638
2025-12-14 03:30:00+00:00,10433.4638
2025-12-14 03:45:00+00:00,10433.4638
2025-12-14 04:00:00+00:00,10433.4638
2025-12-14 04:15:00+00:00,10433.4638
2025-12-14 04:30:00+00:00,10433.4638
2025-12-14 04:45:00+00:00,10433.4638
2025-12-14 05:00:00+00:00,10433.4638
2025-12-14 05:15:00+00:00,10642.1331
2025-12-14 05:30:00+00:00,10642.1331
2025-12-14 05:45:00+00:00,10642.1331
2025-12-14 06:00:00+00:00,10642.1331
2025-12-14 06:15:00+00:00,10854.9757
2025-12-14 06:30:00+00:00,10854.9757
2025-12-14 06:45:00+00:00,10854.9757
2025-12-14 07:00:00+00:00,10854.9757
2025-12-14 07:15:00+00:00,10854.9757
2025-12-14 07:30:00+00:00,11072.0753
2025-12-14 07:45:00+00:00,11072.0753
2025-12-14 08:00:00+00:00,11072.0753
2025-12-14 08:15:00+00:00,10961.3545
2025-12-14 08:30:00+00:00,10961.3545
2025-12-14 08:45:00+00:00,10961.3545
2025-12-14 09:00:00+00:00,11180.5816
2025-12-14 09:15:00+00:00,11180.5816
2025-12-14 09:30:00+00:00,11180.5816
2025-12-14 09:45:00+00:00,11180.5816
2025-12-14 10:00:00+00:00,11404.1932
2025-12-14 10:15:00+00:00,11404.1932
2025-12-14 10:30:00+00:00,11404.1932
2025-12-14 10:45:00+00:00,11404.1932
2025-12-14 11:00:00+00:00,11632.2771
2025-12-14 11:15:00+00:00,11632.2771
2025-12-14 11:30:00+00:00,11864.9226
2025-12-14 11:45:00+00:00,11864.9226
2025-12-14 12:00:00+00:00,11864.9226
2025-12-14 12:15:00+00:00,11746.2734
2025-12-14 12:30:00+00:00,11746.2734
2025-12-14 12:45:00+00:00,11746.2734
2025-12-14 13:00:00+00:00,11746.2734
2025-12-14 13:15:00+00:00,11746.2734
2025-12-14 13:30:00+00:00,11746.2734
2025-12-14 13:45:00+00:00,11746.2734
2025-12-14 14:00:00+00:00,11746.2734
2025-12-14 14:15:00+00:00,11746.2734
2025-12-14 14:30:00+00:00,11981.1989
2025-12-14 14:45:00+00:00,11981.1989
2025-12-14 15:00:00+00:00,11981.1989
2025-12-14 15:15:00+00:00,11981.1989
2025-12-14 15:30:00+00:00,11981.1989
2025-12-14 15:45:00+00:00,11981.1989
2025-12-14 16:00:00+00:00,11981.1989
2025-12-14 16:15:00+00:00,11861.3869
2025-12-14 16:30:00+00:00,11861.3869
2025-12-14 16:45:00+00:00,11861.3869
2025-12-14 17:00:00+00:00,11861.3869
2025-12-14 17:15:00+00:00,11861.3869
2025-12-14 17:30:00+00:00,11861.3869
2025-12-14 17:45:00+00:00,11861.3869
2025-12-14 18:00:00+00:00,11861.3869
2025-12-14 18:15:00+00:00,11861.3869
2025-12-14 18:30:00+00:00,11861.3869
2025-12-14 18:45:00+00:00,11861.3869
2025-12-14 19:00:00+00:00,11861.3869
2025-12-14 19:15:00+00:00,11861.3869
2025-12-14 19:30:00+00:00,11861.3869
2025-12-14 19:45:00+00:00,11861.3869
2025-12-14 20:00:00+00:00,11861.3869
2025-12-14 20:15:00+00:00,11861.3869
2025-12-14 20:30:00+00:00,11861.3869
2025-12-14 20:45:00+00:00,11861.3869
2025-12-14 21:00:00+00:00,11861.3869
2025-12-14 21:15:00+00:00,11861.3869
2025-12-14 21:30:00+00:00,11861.3869
2025-12-14 21:45:00+00:00,11861.3869
2025-12-14 22:00:00+00:00,11861.3869
2025-12-14 22:15:00+00:00,11861.3869
2025-12-14 22:30:00+00:00,12098.6146
2025-12-14 22:45:00+00:00,12098.6146
2025-12-14 23:00:00+00:00,12098.6146
2025-12-14 23:15:00+00:00,12098.6146
2025-12-14 23:30:00+00:00,12098.6146
2025-12-14 23:45:00+00:00,12098.6146
2025-12-15 00:00:00+00:00,12098.6146
2025-12-15 00:15:00+00:00,12098.6146
2025-12-15 00:30:00+00:00,12098.6146
2025-12-15 00:45:00+00:00,12098.6146
2025-12-15 01:00:00+00:00,12098.6146
2025-12-15 01:15:00+00:00,11977.6285
2025-12-15 01:30:00+00:00,11977.6285
2025-12-15 01:45:00+00:00,11977.6285
2025-12-15 02:00:00+00:00,11977.6285
2025-12-15 02:15:00+00:00,11977.6285
2025-12-15 02:30:00+00:00,11977.6285
2025-12-15 02:45:00+00:00,11977.6285
2025-12-15 03:00:00+00:00,11977.6285
2025-12-15 03:15:00+00:00,11977.6285
2025-12-15 03:30:00+00:00,11977.6285
2025-12-15 03:45:00+00:00,11977.6285
2025-12-15 04:00:00+00:00,11977.6285
2025-12-15 04:15:00+00:00,11977.6285
2025-12-15 04:30:00+00:00,11977.6285
2025-12-15 04:45:00+00:00,11857.8522
2025-12-15 05:00:00+00:00,11857.8522
2025-12-15 05:15:00+00:00,11857.8522
2025-12-15 05:30:00+00:00,11739.2737
2025-12-15 05:45:00+00:00,11739.2737
2025-12-15 06:00:00+00:00,11621.8809
2025-12-15 06:15:00+00:00,11621.8809
2025-12-15 06:30:00+00:00,11621.8809
2025-12-15 06:45:00+00:00,11854.3185
2025-12-15 07:00:00+00:00,11854.3185
2025-12-15 07:15:00+00:00,11854.3185
2025-12-15 07:30:00+00:00,12091.4049
2025-12-15 07:45:00+00:00,12091.4049
2025-12-15 08:00:00+00:00,12091.4049
2025-12-15 08:15:00+00:00,12091.4049
2025-12-15 08:30:00+00:00,12091.4049
2025-12-15 08:45:00+00:00,12091.4049
2025-12-15 09:00:00+00:00,12091.4049
2025-12-15 09:15:00+00:00,12091.4049
2025-12-15 09:30:00+00:00,12091.4049
2025-12-15 09:45:00+00:00,12091.4049
2025-12-15 10:00:00+00:00,12091.4049
2025-12-15 10:15:00+00:00,12091.4049
2025-12-15 10:30:00+00:00,12091.4049
2025-12-15 10:45:00+00:00,12091.4049
2025-12-15 11:00:00+00:00,12091.4049
2025-12-15 11:15:00+00:00,12091.4049
2025-12-15 11:30:00+00:00,11970.4909
2025-12-15 11:45:00+00:00,11970.4909
2025-12-15 12:00:00+00:00,11850.786
2025-12-15 12:15:00+00:00,11850.786
2025-12-15 12:30:00+00:00,11850.786
2025-12-15 12:45:00+00:00,11850.786
2025-12-15 13:00:00+00:00,11850.786
2025-12-15 13:15:00+00:00,11732.2781
2025-12-15 13:30:00+00:00,11732.2781
2025-12-15 13:45:00+00:00,11732.2781
2025-12-15 14:00:00+00:00,11732.2781
2025-12-15 14:15:00+00:00,11732.2781
2025-12-15 14:30:00+00:00,11614.9553
2025-12-15 14:45:00+00:00,11614.9553
2025-12-15 15:00:00+00:00,11614.9553
2025-12-15 15:15:00+00:00,11614.9553
2025-12-15 15:30:00+00:00,11614.9553
2025-12-15 15:45:00+00:00,11614.9553
2025-12-15 16:00:00+00:00,11614.9553
2025-12-15 16:15:00+00:00,11614.9553
2025-12-15 16:30:00+00:00,11614.9553
2025-12-15 16:45:00+00:00,11614.9553
2025-12-15 17:00:00+00:00,11614.9553
2025-12-15 17:15:00+00:00,11614.9553
2025-12-15 17:30:00+00:00,11614.9553
2025-12-15 17:45:00+00:00,11614.9553
2025-12-15 18:00:00+00:00,11614.9553
2025-12-15 18:15:00+00:00,11614.9553
2025-12-15 18:30:00+00:00,11614.9553
2025-12-15 18:45:00+00:00,11614.9553
2025-12-15 19:00:00+00:00,11614.9553
2025-12-15 19:15:00+00:00,11614.9553
2025-12-15 19:30:00+00:00,11614.9553
2025-12-15 19:45:00+00:00,11614.9553
2025-12-15 20:00:00+00:00,11614.9553
2025-12-15 20:15:00+00:00,11614.9553
2025-12-15 20:30:00+00:00,11614.9553
2025-12-15 20:45:00+00:00,11614.9553
2025-12-15 21:00:00+00:00,11614.9553
2025-12-15 21:15:00+00:00,11614.9553
2025-12-15 21:30:00+00:00,11614.9553
2025-12-15 21:45:00+00:00,11614.9553
2025-12-15 22:00:00+00:00,11614.9553
2025-12-15 22:15:00+00:00,11614.9553
2025-12-15 22:30:00+00:00,11614.9553
2025-12-15 22:45:00+00:00,11614.9553
2025-12-15 23:00:00+00:00,11614.9553
2025-12-15 23:15:00+00:00,11614.9553
2025-12-15 23:30:00+00:00,11614.9553
2025-12-15 23:45:00+00:00,11614.9553
2025-12-16 00:00:00+00:00,11614.9553
2025-12-16 00:15:00+00:00,11614.9553
2025-12-16 00:30:00+00:00,11614.9553
2025-12-16 00:45:00+00:00,11614.9553
2025-12-16 01:00:00+00:00,11614.9553
2025-12-16 01:15:00+00:00,11614.9553
2025-12-16 01:30:00+00:00,11614.9553
2025-12-16 01:45:00+00:00,11614.9553
2025-12-16 02:00:00+00:00,11614.9553
2025-12-16 02:15:00+00:00,11614.9553
2025-12-16 02:30:00+00:00,11614.9553
2025-12-16 02:45:00+00:00,11614.9553
2025-12-16 03:00:00+00:00,11614.9553
2025-12-16 03:15:00+00:00,11614.9553
2025-12-16 03:30:00+00:00,11614.9553
2025-12-16 03:45:00+00:00,11614.9553
2025-12-16 04:00:00+00:00,11614.9553
2025-12-16 04:15:00+00:00,11614.9553
2025-12-16 04:30:00+00:00,11614.9553
2025-12-16 04:45:00+00:00,11614.9553
2025-12-16 05:00:00+00:00,11614.9553
2025-12-16 05:15:00+00:00,11614.9553
2025-12-16 05:30:00+00:00,11614.9553
2025-12-16 05:45:00+00:00,11614.9553
2025-12-16 06:00:00+00:00,11498.8058
2025-12-16 06:15:00+00:00,11498.8058
2025-12-16 06:30:00+00:00,11498.8058
2025-12-16 06:45:00+00:00,11383.8177
2025-12-16 07:00:00+00:00,11383.8177
2025-12-16 07:15:00+00:00,11383.8177
2025-12-16 07:30:00+00:00,11383.8177
2025-12-16 07:45:00+00:00,11383.8177
2025-12-16 08:00:00+00:00,11383.8177
2025-12-16 08:15:00+00:00,11383.8177
2025-12-16 08:30:00+00:00,11383.8177
2025-12-16 08:45:00+00:00,11383.8177
2025-12-16 09:00:00+00:00,11383.8177
2025-12-16 09:15:00+00:00,11383.8177
2025-12-16 09:30:00+00:00,11383.8177
2025-12-16 09:45:00+00:00,11383.8177
2025-12-16 10:00:00+00:00,11383.8177
2025-12-16 10:15:00+00:00,11383.8177
2025-12-16 10:30:00+00:00,11269.9795
2025-12-16 10:45:00+00:00,11269.9795
2025-12-16 11:00:00+00:00,11269.9795
2025-12-16 11:15:00+00:00,11269.9795
2025-12-16 11:30:00+00:00,11269.9795
2025-12-16 11:45:00+00:00,11157.2797
2025-12-16 12:00:00+00:00,11157.2797
2025-12-16 12:15:00+00:00,11157.2797
2025-12-16 12:30:00+00:00,11157.2797
2025-12-16 12:45:00+00:00,11045.7069
2025-12-16 13:00:00+00:00,11045.7069
2025-12-16 13:15:00+00:00,11266.6211
2025-12-16 13:30:00+00:00,11266.6211
2025-12-16 13:45:00+00:00,11266.6211
2025-12-16 14:00:00+00:00,11266.6211
2025-12-16 14:15:00+00:00,11266.6211
2025-12-16 14:30:00+00:00,11266.6211
2025-12-16 14:45:00+00:00,11266.6211
2025-12-16 15:00:00+00:00,11266.6211
2025-12-16 15:15:00+00:00,11266.6211
2025-12-16 15:30:00+00:00,11266.6211
2025-12-16 15:45:00+00:00,11266.6211
2025-12-16 16:00:00+00:00,11266.6211
2025-12-16 16:15:00+00:00,11266.6211
2025-12-16 16:30:00+00:00,11266.6211
2025-12-16 16:45:00+00:00,11266.6211
2025-12-16 17:00:00+00:00,11266.6211
2025-12-16 17:15:00+00:00,11266.6211
2025-12-16 17:30:00+00:00,11266.6211
2025-12-16 17:45:00+00:00,11266.6211
2025-12-16 18:00:00+00:00,11266.6211
2025-12-16 18:15:00+00:00,11266.6211
2025-12-16 18:30:00+00:00,11266.6211
2025-12-16 18:45:00+00:00,11266.6211
2025-12-16 19:00:00+00:00,11266.6211
2025-12-16 19:15:00+00:00,11266.6211
2025-12-16 19:30:00+00:00,11266.6211
2025-12-16 19:45:00+00:00,11266.6211
2025-12-16 20:00:00+00:00,11266.6211
2025-12-16 20:15:00+00:00,11266.6211
2025-12-16 20:30:00+00:00,11266.6211
2025-12-16 20:45:00+00:00,11266.6211
2025-12-16 21:00:00+00:00,11266.6211
2025-12-16 21:15:00+00:00,11266.6211
2025-12-16 21:30:00+00:00,11266.6211
2025-12-16 21:45:00+00:00,11266.6211
2025-12-16 22:00:00+00:00,11266.6211
2025-12-16 22:15:00+00:00,11266.6211
2025-12-16 22:30:00+00:00,11266.6211
2025-12-16 22:45:00+00:00,11266.6211
2025-12-16 23:00:00+00:00,11266.6211
2025-12-16 23:15:00+00:00,11266.6211
2025-12-16 23:30:00+00:00,11266.6211
2025-12-16 23:45:00+00:00,11266.6211
2025-12-17 00:00:00+00:00,11266.6211
2025-12-17 00:15:00+00:00,11266.6211
2025-12-17 00:30:00+00:00,11266.6211
2025-12-17 00:45:00+00:00,11266.6211
2025-12-17 01:00:00+00:00,11266.6211
2025-12-17 01:15:00+00:00,11266.6211
2025-12-17 01:30:00+00:00,11266.6211
2025-12-17 01:45:00+00:00,11266.6211
2025-12-17 02:00:00+00:00,11266.6211
2025-12-17 02:15:00+00:00,11266.6211
2025-12-17 02:30:00+00:00,11266.6211
2025-12-17 02:45:00+00:00,11266.6211
2025-12-17 03:00:00+00:00,11266.6211
2025-12-17 03:15:00+00:00,11266.6211
2025-12-17 03:30:00+00:00,11266.6211
2025-12-17 03:45:00+00:00,11266.6211
2025-12-17 04:00:00+00:00,11266.6211
2025-12-17 04:15:00+00:00,11266.6211
2025-12-17 04:30:00+00:00,11266.6211
2025-12-17 04:45:00+00:00,11266.6211
2025-12-17 05:00:00+00:00,11266.6211
2025-12-17 05:15:00+00:00,11266.6211
2025-12-17 05:30:00+00:00,11266.6211
2025-12-17 05:45:00+00:00,11266.6211
2025-12-17 06:00:00+00:00,11266.6211
2025-12-17 06:15:00+00:00,11266.6211
2025-12-17 06:30:00+00:00,11266.6211
2025-12-17 06:45:00+00:00,11266.6211
2025-12-17 07:00:00+00:00,11266.6211
2025-12-17 07:15:00+00:00,11266.6211
2025-12-17 07:30:00+00:00,11266.6211
2025-12-17 07:45:00+00:00,11266.6211
2025-12-17 08:00:00+00:00,11266.6211
2025-12-17 08:15:00+00:00,11266.6211
2025-12-17 08:30:00+00:00,11266.6211
2025-12-17 08:45:00+00:00,11266.6211
2025-12-17 09:00:00+00:00,11266.6211
2025-12-17 09:15:00+00:00,11266.6211
2025-12-17 09:30:00+00:00,11266.6211
2025-12-17 09:45:00+00:00,11266.6211
2025-12-17 10:00:00+00:00,11266.6211
2025-12-17 10:15:00+00:00,11266.6211
2025-12-17 10:30:00+00:00,11266.6211
2025-12-17 10:45:00+00:00,11266.6211
2025-12-17 11:00:00+00:00,11266.6211
2025-12-17 11:15:00+00:00,11266.6211
2025-12-17 11:30:00+00:00,11266.6211
2025-12-17 11:45:00+00:00,11266.6211
2025-12-17 12:00:00+00:00,11266.6211
2025-12-17 12:15:00+00:00,11266.6211
2025-12-17 12:30:00+00:00,11266.6211
2025-12-17 12:45:00+00:00,11266.6211
2025-12-17 13:00:00+00:00,11266.6211
2025-12-17 13:15:00+00:00,11266.6211
2025-12-17 13:30:00+00:00,11266.6211
2025-12-17 13:45:00+00:00,11266.6211
2025-12-17 14:00:00+00:00,11266.6211
2025-12-17 14:15:00+00:00,11266.6211
2025-12-17 14:30:00+00:00,11266.6211
2025-12-17 14:45:00+00:00,11491.9535
2025-12-17 15:00:00+00:00,11491.9535
2025-12-17 15:15:00+00:00,11491.9535
2025-12-17 15:30:00+00:00,11491.9535
2025-12-17 15:45:00+00:00,11491.9535
2025-12-17 16:00:00+00:00,11491.9535
2025-12-17 16:15:00+00:00,11491.9535
2025-12-17 16:30:00+00:00,11491.9535
2025-12-17 16:45:00+00:00,11491.9535
2025-12-17 17:00:00+00:00,11491.9535
2025-12-17 17:15:00+00:00,11491.9535
2025-12-17 17:30:00+00:00,11491.9535
2025-12-17 17:45:00+00:00,11491.9535
2025-12-17 18:00:00+00:00,11491.9535
2025-12-17 18:15:00+00:00,11491.9535
2025-12-17 18:30:00+00:00,11377.034
2025-12-17 18:45:00+00:00,11377.034
2025-12-17 19:00:00+00:00,11377.034
2025-12-17 19:15:00+00:00,11377.034
2025-12-17 19:30:00+00:00,11377.034
2025-12-17 19:45:00+00:00,11377.034
2025-12-17 20:00:00+00:00,11377.034
2025-12-17 20:15:00+00:00,11377.034
2025-12-17 20:30:00+00:00,11377.034
2025-12-17 20:45:00+00:00,11604.5746
2025-12-17 21:00:00+00:00,11604.5746
2025-12-17 21:15:00+00:00,11604.5746
2025-12-17 21:30:00+00:00,11604.5746
2025-12-17 21:45:00+00:00,11604.5746
2025-12-17 22:00:00+00:00,11604.5746
2025-12-17 22:15:00+00:00,11604.5746
2025-12-17 22:30:00+00:00,11604.5746
2025-12-17 22:45:00+00:00,11488.5289
2025-12-17 23:00:00+00:00,11488.5289
2025-12-17 23:15:00+00:00,11488.5289
2025-12-17 23:30:00+00:00,11488.5289
2025-12-17 23:45:00+00:00,11488.5289
2025-12-18 00:00:00+00:00,11488.5289
2025-12-18 00:15:00+00:00,11488.5289
2025-12-18 00:30:00+00:00,11488.5289
2025-12-18 00:45:00+00:00,11488.5289
2025-12-18 01:00:00+00:00,11488.5289
2025-12-18 01:15:00+00:00,11488.5289
2025-12-18 01:30:00+00:00,11488.5289
2025-12-18 01:45:00+00:00,11488.5289
2025-12-18 02:00:00+00:00,11373.6436
2025-12-18 02:15:00+00:00,11373.6436
2025-12-18 02:30:00+00:00,11373.6436
2025-12-18 02:45:00+00:00,11373.6436
2025-12-18 03:00:00+00:00,11373.6436
2025-12-18 03:15:00+00:00,11373.6436
2025-12-18 03:30:00+00:00,11373.6436
2025-12-18 03:45:00+00:00,11373.6436
2025-12-18 04:00:00+00:00,11259.9072
2025-12-18 04:15:00+00:00,11259.9072
2025-12-18 04:30:00+00:00,11259.9072
2025-12-18 04:45:00+00:00,11259.9072
2025-12-18 05:00:00+00:00,11259.9072
2025-12-18 05:15:00+00:00,11485.1053
2025-12-18 05:30:00+00:00,11485.1053
2025-12-18 05:45:00+00:00,11485.1053
2025-12-18 06:00:00+00:00,11485.1053
2025-12-18 06:15:00+00:00,11485.1053
2025-12-18 06:30:00+00:00,11485.1053
2025-12-18 06:45:00+00:00,11485.1053
2025-12-18 07:00:00+00:00,11370.2543
2025-12-18 07:15:00+00:00,11370.2543
2025-12-18 07:30:00+00:00,11256.5517
2025-12-18 07:45:00+00:00,11256.5517
2025-12-18 08:00:00+00:00,11143.9862
2025-12-18 08:15:00+00:00,11143.9862
2025-12-18 08:30:00+00:00,11143.9862
2025-12-18 08:45:00+00:00,11143.9862
2025-12-18 09:00:00+00:00,11143.9862
2025-12-18 09:15:00+00:00,11143.9862
2025-12-18 09:30:00+00:00,11366.8659
2025-12-18 09:45:00+00:00,11366.8659
2025-12-18 10:00:00+00:00,11366.8659
2025-12-18 10:15:00+00:00,11366.8659
2025-12-18 10:30:00+00:00,11366.8659
2025-12-18 10:45:00+00:00,11253.1973
2025-12-18 11:00:00+00:00,11253.1973
2025-12-18 11:15:00+00:00,11253.1973
2025-12-18 11:30:00+00:00,11253.1973
2025-12-18 11:45:00+00:00,11253.1973
2025-12-18 12:00:00+00:00,11253.1973
2025-12-18 12:15:00+00:00,11253.1973
2025-12-18 12:30:00+00:00,11478.2612
2025-12-18 12:45:00+00:00,11478.2612
2025-12-18 13:00:00+00:00,11478.2612
2025-12-18 13:15:00+00:00,11478.2612
2025-12-18 13:30:00+00:00,11478.2612
2025-12-18 13:45:00+00:00,11478.2612
2025-12-18 14:00:00+00:00,11478.2612
2025-12-18 14:15:00+00:00,11478.2612
2025-12-18 14:30:00+00:00,11478.2612
2025-12-18 14:45:00+00:00,11478.2612
2025-12-18 15:00:00+00:00,11478.2612
2025-12-18 15:15:00+00:00,11478.2612
2025-12-18 15:30:00+00:00,11478.2612
2025-12-18 15:45:00+00:00,11478.2612
2025-12-18 16:00:00+00:00,11478.2612
2025-12-18 16:15:00+00:00,11478.2612
2025-12-18 16:30:00+00:00,11478.2612
2025-12-18 16:45:00+00:00,11478.2612
2025-12-18 17:00:00+00:00,11478.2612
2025-12-18 17:15:00+00:00,11478.2612
2025-12-18 17:30:00+00:00,11478.2612
2025-12-18 17:45:00+00:00,11478.2612
2025-12-18 18:00:00+00:00,11478.2612
2025-12-18 18:15:00+00:00,11478.2612
2025-12-18 18:30:00+00:00,11478.2612
2025-12-18 18:45:00+00:00,11363.4786
2025-12-18 19:00:00+00:00,11363.4786
2025-12-18 19:15:00+00:00,11363.4786
2025-12-18 19:30:00+00:00,11363.4786
2025-12-18 19:45:00+00:00,11363.4786
2025-12-18 20:00:00+00:00,11363.4786
2025-12-18 20:15:00+00:00,11363.4786
2025-12-18 20:30:00+00:00,11363.4786
2025-12-18 20:45:00+00:00,11363.4786
2025-12-18 21:00:00+00:00,11363.4786
2025-12-18 21:15:00+00:00,11363.4786
2025-12-18 21:30:00+00:00,11363.4786
2025-12-18 21:45:00+00:00,11363.4786
2025-12-18 22:00:00+00:00,11363.4786
2025-12-18 22:15:00+00:00,11363.4786
2025-12-18 22:30:00+00:00,11363.4786
2025-12-18 22:45:00+00:00,11363.4786
2025-12-18 23:00:00+00:00,11363.4786
2025-12-18 23:15:00+00:00,11363.4786
2025-12-18 23:30:00+00:00,11363.4786
2025-12-18 23:45:00+00:00,11363.4786
2025-12-19 00:00:00+00:00,11363.4786
2025-12-19 00:15:00+00:00,11363.4786
2025-12-19 00:30:00+00:00,11363.4786
2025-12-19 00:45:00+00:00,11363.4786
2025-12-19 01:00:00+00:00,11363.4786
2025-12-19 01:15:00+00:00,11363.4786
2025-12-19 01:30:00+00:00,11363.4786
2025-12-19 01:45:00+00:00,11363.4786
2025-12-19 02:00:00+00:00,11363.4786
2025-12-19 02:15:00+00:00,11363.4786
2025-12-19 02:30:00+00:00,11363.4786
2025-12-19 02:45:00+00:00,11363.4786
2025-12-19 03:00:00+00:00,11363.4786
2025-12-19 03:15:00+00:00,11363.4786
2025-12-19 03:30:00+00:00,11363.4786
2025-12-19 03:45:00+00:00,11363.4786
2025-12-19 04:00:00+00:00,11249.8438
2025-12-19 04:15:00+00:00,11249.8438
2025-12-19 04:30:00+00:00,11249.8438
2025-12-19 04:45:00+00:00,11249.8438
2025-12-19 05:00:00+00:00,11249.8438
2025-12-19 05:15:00+00:00,11249.8438
2025-12-19 05:30:00+00:00,11249.8438
2025-12-19 05:45:00+00:00,11249.8438
2025-12-19 06:00:00+00:00,11249.8438
2025-12-19 06:15:00+00:00,11249.8438
2025-12-19 06:30:00+00:00,11249.8438
2025-12-19 06:45:00+00:00,11137.3454
2025-12-19 07:00:00+00:00,11137.3454
2025-12-19 07:15:00+00:00,11137.3454
2025-12-19 07:30:00+00:00,11137.3454
2025-12-19 07:45:00+00:00,11137.3454
2025-12-19 08:00:00+00:00,11137.3454
2025-12-19 08:15:00+00:00,11137.3454
2025-12-19 08:30:00+00:00,11137.3454
2025-12-19 08:45:00+00:00,11137.3454
2025-12-19 09:00:00+00:00,11137.3454
2025-12-19 09:15:00+00:00,11137.3454
2025-12-19 09:30:00+00:00,11137.3454
2025-12-19 09:45:00+00:00,11137.3454
2025-12-19 10:00:00+00:00,11137.3454
2025-12-19 10:15:00+00:00,11137.3454
2025-12-19 10:30:00+00:00,11137.3454
2025-12-19 10:45:00+00:00,11137.3454
2025-12-19 11:00:00+00:00,11137.3454
2025-12-19 11:15:00+00:00,11137.3454
2025-12-19 11:30:00+00:00,11137.3454
2025-12-19 11:45:00+00:00,11137.3454
2025-12-19 12:00:00+00:00,11137.3454
2025-12-19 12:15:00+00:00,11137.3454
2025-12-19 12:30:00+00:00,11137.3454
2025-12-19 12:45:00+00:00,11137.3454
2025-12-19 13:00:00+00:00,11137.3454
2025-12-19 13:15:00+00:00,11137.3454
2025-12-19 13:30:00+00:00,11025.9719
2025-12-19 13:45:00+00:00,11025.9719
2025-12-19 14:00:00+00:00,11025.9719
2025-12-19 14:15:00+00:00,10915.7122
2025-12-19 14:30:00+00:00,10915.7122
2025-12-19 14:45:00+00:00,10915.7122
2025-12-19 15:00:00+00:00,10915.7122
2025-12-19 15:15:00+00:00,10915.7122
2025-12-19 15:30:00+00:00,10915.7122
2025-12-19 15:45:00+00:00,10915.7122
2025-12-19 16:00:00+00:00,10915.7122
2025-12-19 16:15:00+00:00,10915.7122
2025-12-19 16:30:00+00:00,10915.7122
2025-12-19 16:45:00+00:00,10915.7122
2025-12-19 17:00:00+00:00,10915.7122
2025-12-19 17:15:00+00:00,10806.5551
2025-12-19 17:30:00+00:00,10806.5551
2025-12-19 17:45:00+00:00,10806.5551
2025-12-19 18:00:00+00:00,10806.5551
2025-12-19 18:15:00+00:00,10806.5551
2025-12-19 18:30:00+00:00,10806.5551
2025-12-19 18:45:00+00:00,10806.5551
2025-12-19 19:00:00+00:00,10806.5551
2025-12-19 19:15:00+00:00,10806.5551
2025-12-19 19:30:00+00:00,11022.6862
2025-12-19 19:45:00+00:00,11022.6862
2025-12-19 20:00:00+00:00,11022.6862
2025-12-19 20:15:00+00:00,11022.6862
2025-12-19 20:30:00+00:00,11022.6862
2025-12-19 20:45:00+00:00,11022.6862
2025-12-19 21:00:00+00:00,11022.6862
2025-12-19 21:15:00+00:00,11022.6862
2025-12-19 21:30:00+00:00,11022.6862
2025-12-19 21:45:00+00:00,11022.6862
2025-12-19 22:00:00+00:00,11022.6862
2025-12-19 22:15:00+00:00,11022.6862
2025-12-19 22:30:00+00:00,11022.6862
2025-12-19 22:45:00+00:00,11022.6862
2025-12-19 23:00:00+00:00,11022.6862
2025-12-19 23:15:00+00:00,11022.6862
2025-12-19 23:30:00+00:00,11022.6862
2025-12-19 23:45:00+00:00,11022.6862
2025-12-20 00:00:00+00:00,11022.6862
2025-12-20 00:15:00+00:00,11022.6862
2025-12-20 00:30:00+00:00,11022.6862
2025-12-20 00:45:00+00:00,11022.6862
2025-12-20 01:00:00+00:00,11022.6862
2025-12-20 01:15:00+00:00,11022.6862
2025-12-20 01:30:00+00:00,11022.6862
2025-12-20 01:45:00+00:00,11022.6862
2025-12-20 02:00:00+00:00,11022.6862
2025-12-20 02:15:00+00:00,11022.6862
2025-12-20 02:30:00+00:00,11022.6862
2025-12-20 02:45:00+00:00,11022.6862
2025-12-20 03:00:00+00:00,11022.6862
2025-12-20 03:15:00+00:00,11022.6862
2025-12-20 03:30:00+00:00,11022.6862
2025-12-20 03:45:00+00:00,11022.6862
2025-12-20 04:00:00+00:00,11022.6862
2025-12-20 04:15:00+00:00,11022.6862
2025-12-20 04:30:00+00:00,11022.6862
2025-12-20 04:45:00+00:00,11022.6862
2025-12-20 05:00:00+00:00,11022.6862
2025-12-20 05:15:00+00:00,11022.6862
2025-12-20 05:30:00+00:00,11022.6862
2025-12-20 05:45:00+00:00,11022.6862
2025-12-20 06:00:00+00:00,11022.6862
2025-12-20 06:15:00+00:00,11022.6862
2025-12-20 06:30:00+00:00,11022.6862
2025-12-20 06:45:00+00:00,11022.6862
2025-12-20 07:00:00+00:00,11022.6862
2025-12-20 07:15:00+00:00,11022.6862
2025-12-20 07:30:00+00:00,11022.6862
2025-12-20 07:45:00+00:00,11022.6862
2025-12-20 08:00:00+00:00,11022.6862
2025-12-20 08:15:00+00:00,11022.6862
2025-12-20 08:30:00+00:00,11022.6862
2025-12-20 08:45:00+00:00,11022.6862
2025-12-20 09:00:00+00:00,11022.6862
2025-12-20 09:15:00+00:00,11022.6862
2025-12-20 09:30:00+00:00,11022.6862
2025-12-20 09:45:00+00:00,11022.6862
2025-12-20 10:00:00+00:00,11022.6862
2025-12-20 10:15:00+00:00,11022.6862
2025-12-20 10:30:00+00:00,11022.6862
2025-12-20 10:45:00+00:00,11022.6862
2025-12-20 11:00:00+00:00,11022.6862
2025-12-20 11:15:00+00:00,11022.6862
2025-12-20 11:30:00+00:00,11022.6862
2025-12-20 11:45:00+00:00,11022.6862
2025-12-20 12:00:00+00:00,11022.6862
2025-12-20 12:15:00+00:00,11022.6862
2025-12-20 12:30:00+00:00,11022.6862
2025-12-20 12:45:00+00:00,11022.6862
2025-12-20 13:00:00+00:00,11022.6862
2025-12-20 13:15:00+00:00,11022.6862
2025-12-20 13:30:00+00:00,11022.6862
2025-12-20 13:45:00+00:00,11022.6862
2025-12-20 14:00:00+00:00,11022.6862
2025-12-20 14:15:00+00:00,11022.6862
2025-12-20 14:30:00+00:00,11022.6862
2025-12-20 14:45:00+00:00,11022.6862
2025-12-20 15:00:00+00:00,11022.6862
2025-12-20 15:15:00+00:00,11022.6862
2025-12-20 15:30:00+00:00,11022.6862
2025-12-20 15:45:00+00:00,11022.6862
2025-12-20 16:00:00+00:00,11022.6862
2025-12-20 16:15:00+00:00,11022.6862
2025-12-20 16:30:00+00:00,11022.6862
2025-12-20 16:45:00+00:00,11022.6862
2025-12-20 17:00:00+00:00,11022.6862
2025-12-20 17:15:00+00:00,11022.6862
2025-12-20 17:30:00+00:00,11022.6862
2025-12-20 17:45:00+00:00,11022.6862
2025-12-20 18:00:00+00:00,11022.6862
2025-12-20 18:15:00+00:00,11022.6862
2025-12-20 18:30:00+00:00,11022.6862
2025-12-20 18:45:00+00:00,11022.6862
2025-12-20 19:00:00+00:00,11022.6862
2025-12-20 19:15:00+00:00,11022.6862
2025-12-20 19:30:00+00:00,11022.6862
2025-12-20 19:45:00+00:00,11022.6862
2025-12-20 20:00:00+00:00,11022.6862
2025-12-20 20:15:00+00:00,11022.6862
2025-12-20 20:30:00+00:00,11022.6862
2025-12-20 20:45:00+00:00,11022.6862
2025-12-20 21:00:00+00:00,11022.6862
2025-12-20 21:15:00+00:00,11022.6862
2025-12-20 21:30:00+00:00,11022.6862
2025-12-20 21:45:00+00:00,11022.6862
2025-12-20 22:00:00+00:00,11022.6862
2025-12-20 22:15:00+00:00,11022.6862
2025-12-20 22:30:00+00:00,11022.6862
2025-12-20 22:45:00+00:00,11022.6862
2025-12-20 23:00:00+00:00,11022.6862
2025-12-20 23:15:00+00:00,11022.6862
2025-12-20 23:30:00+00:00,11022.6862
2025-12-20 23:45:00+00:00,11022.6862
2025-12-21 00:00:00+00:00,11022.6862
2025-12-21 00:15:00+00:00,11022.6862
2025-12-21 00:30:00+00:00,11022.6862
2025-12-21 00:45:00+00:00,11022.6862
2025-12-21 01:00:00+00:00,11022.6862
2025-12-21 01:15:00+00:00,11022.6862
2025-12-21 01:30:00+00:00,11022.6862
2025-12-21 01:45:00+00:00,11022.6862
2025-12-21 02:00:00+00:00,11022.6862
2025-12-21 02:15:00+00:00,11022.6862
2025-12-21 02:30:00+00:00,11022.6862
2025-12-21 02:45:00+00:00,11022.6862
2025-12-21 03:00:00+00:00,11022.6862
2025-12-21 03:15:00+00:00,11022.6862
2025-12-21 03:30:00+00:00,11022.6862
2025-12-21 03:45:00+00:00,11022.6862
2025-12-21 04:00:00+00:00,11022.6862
2025-12-21 04:15:00+00:00,11022.6862
2025-12-21 04:30:00+00:00,11022.6862
2025-12-21 04:45:00+00:00,11022.6862
2025-12-21 05:00:00+00:00,11022.6862
2025-12-21 05:15:00+00:00,11022.6862
2025-12-21 05:30:00+00:00,11022.6862
2025-12-21 05:45:00+00:00,11022.6862
2025-12-21 06:00:00+00:00,11022.6862
2025-12-21 06:15:00+00:00,11022.6862
2025-12-21 06:30:00+00:00,11022.6862
2025-12-21 06:45:00+00:00,11022.6862
2025-12-21 07:00:00+00:00,11022.6862
2025-12-21 07:15:00+00:00,11022.6862
2025-12-21 07:30:00+00:00,11022.6862
2025-12-21 07:45:00+00:00,11022.6862
2025-12-21 08:00:00+00:00,11022.6862
2025-12-21 08:15:00+00:00,11022.6862
2025-12-21 08:30:00+00:00,11243.1399
2025-12-21 08:45:00+00:00,11243.1399
2025-12-21 09:00:00+00:00,11130.7085
2025-12-21 09:15:00+00:00,11130.7085
2025-12-21 09:30:00+00:00,11130.7085
2025-12-21 09:45:00+00:00,11130.7085
2025-12-21 10:00:00+00:00,11130.7085
2025-12-21 10:15:00+00:00,11130.7085
2025-12-21 10:30:00+00:00,11019.4014
2025-12-21 10:45:00+00:00,11019.4014
2025-12-21 11:00:00+00:00,11019.4014
2025-12-21 11:15:00+00:00,11019.4014
2025-12-21 11:30:00+00:00,10909.2074
2025-12-21 11:45:00+00:00,10909.2074
2025-12-21 12:00:00+00:00,10909.2074
2025-12-21 12:15:00+00:00,10909.2074
2025-12-21 12:30:00+00:00,10800.1153
2025-12-21 12:45:00+00:00,10800.1153
2025-12-21 13:00:00+00:00,10692.1142
2025-12-21 13:15:00+00:00,10692.1142
2025-12-21 13:30:00+00:00,10692.1142
2025-12-21 13:45:00+00:00,10692.1142
2025-12-21 14:00:00+00:00,10692.1142
2025-12-21 14:15:00+00:00,10692.1142
2025-12-21 14:30:00+00:00,10692.1142
2025-12-21 14:45:00+00:00,10692.1142
2025-12-21 15:00:00+00:00,10692.1142
2025-12-21 15:15:00+00:00,10692.1142
2025-12-21 15:30:00+00:00,10692.1142
2025-12-21 15:45:00+00:00,10692.1142
2025-12-21 16:00:00+00:00,10692.1142
2025-12-21 16:15:00+00:00,10692.1142
2025-12-21 16:30:00+00:00,10692.1142
2025-12-21 16:45:00+00:00,10692.1142
2025-12-21 17:00:00+00:00,10905.9565
2025-12-21 17:15:00+00:00,10905.9565
2025-12-21 17:30:00+00:00,10905.9565
2025-12-21 17:45:00+00:00,10905.9565
2025-12-21 18:00:00+00:00,10905.9565
2025-12-21 18:15:00+00:00,10905.9565
2025-12-21 18:30:00+00:00,10905.9565
2025-12-21 18:45:00+00:00,10905.9565
2025-12-21 19:00:00+00:00,10796.8969
2025-12-21 19:15:00+00:00,10796.8969
2025-12-21 19:30:00+00:00,10688.9279
2025-12-21 19:45:00+00:00,10688.9279
2025-12-21 20:00:00+00:00,10688.9279
2025-12-21 20:15:00+00:00,10688.9279
2025-12-21 20:30:00+00:00,10688.9279
2025-12-21 20:45:00+00:00,10688.9279
2025-12-21 21:00:00+00:00,10688.9279
2025-12-21 21:15:00+00:00,10688.9279
2025-12-21 21:30:00+00:00,10688.9279
2025-12-21 21:45:00+00:00,10582.0387
2025-12-21 22:00:00+00:00,10582.0387
2025-12-21 22:15:00+00:00,10582.0387
2025-12-21 22:30:00+00:00,10582.0387
2025-12-21 22:45:00+00:00,10582.0387
2025-12-21 23:00:00+00:00,10582.0387
2025-12-21 23:15:00+00:00,10582.0387
2025-12-21 23:30:00+00:00,10582.0387
2025-12-21 23:45:00+00:00,10582.0387
2025-12-22 00:00:00+00:00,10793.6794
2025-12-22 00:15:00+00:00,10793.6794
2025-12-22 00:30:00+00:00,10793.6794
2025-12-22 00:45:00+00:00,10685.7426
2025-12-22 01:00:00+00:00,10685.7426
2025-12-22 01:15:00+00:00,10685.7426
2025-12-22 01:30:00+00:00,10685.7426
2025-12-22 01:45:00+00:00,10685.7426
2025-12-22 02:00:00+00:00,10578.8852
2025-12-22 02:15:00+00:00,10578.8852
2025-12-22 02:30:00+00:00,10578.8852
2025-12-22 02:45:00+00:00,10578.8852
2025-12-22 03:00:00+00:00,10578.8852
2025-12-22 03:15:00+00:00,10790.4629
2025-12-22 03:30:00+00:00,10790.4629
2025-12-22 03:45:00+00:00,10790.4629
2025-12-22 04:00:00+00:00,10790.4629
2025-12-22 04:15:00+00:00,11006.2722
2025-12-22 04:30:00+00:00,11006.2722
2025-12-22 04:45:00+00:00,11006.2722
2025-12-22 05:00:00+00:00,11006.2722
2025-12-22 05:15:00+00:00,10896.2094
2025-12-22 05:30:00+00:00,10896.2094
2025-12-22 05:45:00+00:00,10896.2094
2025-12-22 06:00:00+00:00,10787.2473
2025-12-22 06:15:00+00:00,10787.2473
2025-12-22 06:30:00+00:00,10787.2473
2025-12-22 06:45:00+00:00,10787.2473
2025-12-22 07:00:00+00:00,11002.9923
2025-12-22 07:15:00+00:00,11002.9923
2025-12-22 07:30:00+00:00,11002.9923
2025-12-22 07:45:00+00:00,10892.9624
2025-12-22 08:00:00+00:00,10892.9624
2025-12-22 08:15:00+00:00,11110.8216
2025-12-22 08:30:00+00:00,11110.8216
2025-12-22 08:45:00+00:00,11110.8216
2025-12-22 09:00:00+00:00,11110.8216
2025-12-22 09:15:00+00:00,11333.0381
2025-12-22 09:30:00+00:00,11333.0381
2025-12-22 09:45:00+00:00,11333.0381
2025-12-22 10:00:00+00:00,11333.0381
2025-12-22 10:15:00+00:00,11333.0381
2025-12-22 10:30:00+00:00,11333.0381
2025-12-22 10:45:00+00:00,11333.0381
2025-12-22 11:00:00+00:00,11333.0381
2025-12-22 11:15:00+00:00,11333.0381
2025-12-22 11:30:00+00:00,11333.0381
2025-12-22 11:45:00+00:00,11333.0381
2025-12-22 12:00:00+00:00,11333.0381
2025-12-22 12:15:00+00:00,11333.0381
2025-12-22 12:30:00+00:00,11333.0381
2025-12-22 12:45:00+00:00,11333.0381
2025-12-22 13:00:00+00:00,11333.0381
2025-12-22 13:15:00+00:00,11333.0381
2025-12-22 13:30:00+00:00,11333.0381
2025-12-22 13:45:00+00:00,11333.0381
2025-12-22 14:00:00+00:00,11333.0381
2025-12-22 14:15:00+00:00,11333.0381
2025-12-22 14:30:00+00:00,11219.7077
2025-12-22 14:45:00+00:00,11219.7077
2025-12-22 15:00:00+00:00,11219.7077
2025-12-22 15:15:00+00:00,11219.7077
2025-12-22 15:30:00+00:00,11219.7077
2025-12-22 15:45:00+00:00,11219.7077
2025-12-22 16:00:00+00:00,11219.7077
2025-12-22 16:15:00+00:00,11219.7077
2025-12-22 16:30:00+00:00,11219.7077
2025-12-22 16:45:00+00:00,11219.7077
2025-12-22 17:00:00+00:00,11107.5106
2025-12-22 17:15:00+00:00,11107.5106
2025-12-22 17:30:00+00:00,11107.5106
2025-12-22 17:45:00+00:00,11107.5106
2025-12-22 18:00:00+00:00,11107.5106
2025-12-22 18:15:00+00:00,11107.5106
2025-12-22 18:30:00+00:00,11107.5106
2025-12-22 18:45:00+00:00,11107.5106
2025-12-22 19:00:00+00:00,10996.4355
2025-12-22 19:15:00+00:00,10996.4355
2025-12-22 19:30:00+00:00,10996.4355
2025-12-22 19:45:00+00:00,10996.4355
2025-12-22 20:00:00+00:00,10996.4355
2025-12-22 20:15:00+00:00,10996.4355
2025-12-22 20:30:00+00:00,10996.4355
2025-12-22 20:45:00+00:00,10996.4355
2025-12-22 21:00:00+00:00,10996.4355
2025-12-22 21:15:00+00:00,10996.4355
2025-12-22 21:30:00+00:00,10886.4711
2025-12-22 21:45:00+00:00,10886.4711
2025-12-22 22:00:00+00:00,10886.4711
2025-12-22 22:15:00+00:00,10886.4711
2025-12-22 22:30:00+00:00,10886.4711
2025-12-22 22:45:00+00:00,10777.6064
2025-12-22 23:00:00+00:00,10777.6064
2025-12-22 23:15:00+00:00,10777.6064
2025-12-22 23:30:00+00:00,10993.1586
2025-12-22 23:45:00+00:00,10993.1586
2025-12-23 00:00:00+00:00,10993.1586
2025-12-23 00:15:00+00:00,10883.227
2025-12-23 00:30:00+00:00,10883.227
2025-12-23 00:45:00+00:00,10883.227
2025-12-23 01:00:00+00:00,10883.227
2025-12-23 01:15:00+00:00,10883.227
2025-12-23 01:30:00+00:00,10883.227
2025-12-23 01:45:00+00:00,10883.227
2025-12-23 02:00:00+00:00,10883.227
2025-12-23 02:15:00+00:00,10883.227
2025-12-23 02:30:00+00:00,10883.227
2025-12-23 02:45:00+00:00,11100.8915
2025-12-23 03:00:00+00:00,11100.8915
2025-12-23 03:15:00+00:00,10989.8826
2025-12-23 03:30:00+00:00,10989.8826
2025-12-23 03:45:00+00:00,10989.8826
2025-12-23 04:00:00+00:00,10879.9838
2025-12-23 04:15:00+00:00,10879.9838
2025-12-23 04:30:00+00:00,10879.9838
2025-12-23 04:45:00+00:00,11097.5834
2025-12-23 05:00:00+00:00,11097.5834
2025-12-23 05:15:00+00:00,10986.6076
2025-12-23 05:30:00+00:00,10986.6076
2025-12-23 05:45:00+00:00,10986.6076
2025-12-23 06:00:00+00:00,10986.6076
2025-12-23 06:15:00+00:00,10986.6076
2025-12-23 06:30:00+00:00,10986.6076
2025-12-23 06:45:00+00:00,10986.6076
2025-12-23 07:00:00+00:00,10986.6076
2025-12-23 07:15:00+00:00,10986.6076
2025-12-23 07:30:00+00:00,10986.6076
2025-12-23 07:45:00+00:00,10986.6076
2025-12-23 08:00:00+00:00,10986.6076
2025-12-23 08:15:00+00:00,10986.6076
2025-12-23 08:30:00+00:00,10986.6076
2025-12-23 08:45:00+00:00,11206.3398
2025-12-23 09:00:00+00:00,11206.3398
2025-12-23 09:15:00+00:00,11206.3398
2025-12-23 09:30:00+00:00,11206.3398
2025-12-23 09:45:00+00:00,11206.3398
2025-12-23 10:00:00+00:00,11206.3398
2025-12-23 10:15:00+00:00,11094.2764
2025-12-23 10:30:00+00:00,11094.2764
2025-12-23 10:45:00+00:00,10983.3336
2025-12-23 11:00:00+00:00,10983.3336
2025-12-23 11:15:00+00:00,10983.3336
2025-12-23 11:30:00+00:00,10983.3336
2025-12-23 11:45:00+00:00,10983.3336
2025-12-23 12:00:00+00:00,10983.3336
2025-12-23 12:15:00+00:00,10983.3336
2025-12-23 12:30:00+00:00,10983.3336
2025-12-23 12:45:00+00:00,10873.5003
2025-12-23 13:00:00+00:00,10873.5003
2025-12-23 13:15:00+00:00,10764.7653
2025-12-23 13:30:00+00:00,10764.7653
2025-12-23 13:45:00+00:00,10764.7653
2025-12-23 14:00:00+00:00,10764.7653
2025-12-23 14:15:00+00:00,10764.7653
2025-12-23 14:30:00+00:00,10980.0606
2025-12-23 14:45:00+00:00,10980.0606
2025-12-23 15:00:00+00:00,10980.0606
2025-12-23 15:15:00+00:00,10980.0606
2025-12-23 15:30:00+00:00,10980.0606
2025-12-23 15:45:00+00:00,10980.0606
2025-12-23 16:00:00+00:00,10980.0606
2025-12-23 16:15:00+00:00,10980.0606
2025-12-23 16:30:00+00:00,10980.0606
2025-12-23 16:45:00+00:00,10870.26
2025-12-23 17:00:00+00:00,10870.26
2025-12-23 17:15:00+00:00,10870.26
2025-12-23 17:30:00+00:00,10870.26
2025-12-23 17:45:00+00:00,10870.26
2025-12-23 18:00:00+00:00,10870.26
2025-12-23 18:15:00+00:00,10870.26
2025-12-23 18:30:00+00:00,10870.26
2025-12-23 18:45:00+00:00,10870.26
2025-12-23 19:00:00+00:00,10870.26
2025-12-23 19:15:00+00:00,10870.26
2025-12-23 19:30:00+00:00,10870.26
2025-12-23 19:45:00+00:00,10870.26
2025-12-23 20:00:00+00:00,10870.26
2025-12-23 20:15:00+00:00,10870.26
2025-12-23 20:30:00+00:00,10870.26
2025-12-23 20:45:00+00:00,10761.5574
2025-12-23 21:00:00+00:00,10761.5574
2025-12-23 21:15:00+00:00,10761.5574
2025-12-23 21:30:00+00:00,10761.5574
2025-12-23 21:45:00+00:00,10761.5574
2025-12-23 22:00:00+00:00,10976.7885
2025-12-23 22:15:00+00:00,10976.7885
2025-12-23 22:30:00+00:00,10867.0206
2025-12-23 22:45:00+00:00,10867.0206
2025-12-23 23:00:00+00:00,10867.0206
2025-12-23 23:15:00+00:00,10867.0206
2025-12-23 23:30:00+00:00,10867.0206
2025-12-23 23:45:00+00:00,10867.0206
2025-12-24 00:00:00+00:00,10867.0206
2025-12-24 00:15:00+00:00,10867.0206
2025-12-24 00:30:00+00:00,10867.0206
2025-12-24 00:45:00+00:00,10758.3504
2025-12-24 01:00:00+00:00,10758.3504
2025-12-24 01:15:00+00:00,10758.3504
2025-12-24 01:30:00+00:00,10973.5174
2025-12-24 01:45:00+00:00,10973.5174
2025-12-24 02:00:00+00:00,10973.5174
2025-12-24 02:15:00+00:00,10973.5174
2025-12-24 02:30:00+00:00,10973.5174
2025-12-24 02:45:00+00:00,10973.5174
2025-12-24 03:00:00+00:00,11192.9878
2025-12-24 03:15:00+00:00,11192.9878
2025-12-24 03:30:00+00:00,11192.9878
2025-12-24 03:45:00+00:00,11192.9878
2025-12-24 04:00:00+00:00,11192.9878
2025-12-24 04:15:00+00:00,11192.9878
2025-12-24 04:30:00+00:00,11192.9878
2025-12-24 04:45:00+00:00,11192.9878
2025-12-24 05:00:00+00:00,11192.9878
2025-12-24 05:15:00+00:00,11416.8475
2025-12-24 05:30:00+00:00,11416.8475
2025-12-24 05:45:00+00:00,11416.8475
2025-12-24 06:00:00+00:00,11416.8475
2025-12-24 06:15:00+00:00,11416.8475
2025-12-24 06:30:00+00:00,11416.8475
2025-12-24 06:45:00+00:00,11416.8475
2025-12-24 07:00:00+00:00,11416.8475
2025-12-24 07:15:00+00:00,11416.8475
2025-12-24 07:30:00+00:00,11302.6791
2025-12-24 07:45:00+00:00,11302.6791
2025-12-24 08:00:00+00:00,11302.6791
2025-12-24 08:15:00+00:00,11302.6791
2025-12-24 08:30:00+00:00,11302.6791
2025-12-24 08:45:00+00:00,11302.6791
2025-12-24 09:00:00+00:00,11302.6791
2025-12-24 09:15:00+00:00,11302.6791
2025-12-24 09:30:00+00:00,11302.6791
2025-12-24 09:45:00+00:00,11302.6791
2025-12-24 10:00:00+00:00,11302.6791
2025-12-24 10:15:00+00:00,11302.6791
2025-12-24 10:30:00+00:00,11302.6791
2025-12-24 10:45:00+00:00,11189.6523
2025-12-24 11:00:00+00:00,11189.6523
2025-12-24 11:15:00+00:00,11189.6523
2025-12-24 11:30:00+00:00,11189.6523
2025-12-24 11:45:00+00:00,11189.6523
2025-12-24 12:00:00+00:00,11189.6523
2025-12-24 12:15:00+00:00,11077.7557
2025-12-24 12:30:00+00:00,11077.7557
2025-12-24 12:45:00+00:00,11077.7557
2025-12-24 13:00:00+00:00,11077.7557
2025-12-24 13:15:00+00:00,11077.7557
2025-12-24 13:30:00+00:00,11077.7557
2025-12-24 13:45:00+00:00,11077.7557
2025-12-24 14:00:00+00:00,10966.9782
2025-12-24 14:15:00+00:00,10966.9782
2025-12-24 14:30:00+00:00,11186.3177
2025-12-24 14:45:00+00:00,11186.3177
2025-12-24 15:00:00+00:00,11186.3177
2025-12-24 15:15:00+00:00,11186.3177
2025-12-24 15:30:00+00:00,11074.4546
2025-12-24 15:45:00+00:00,11074.4546
2025-12-24 16:00:00+00:00,10963.71
2025-12-24 16:15:00+00:00,10963.71
2025-12-24 16:30:00+00:00,10854.0729
2025-12-24 16:45:00+00:00,10854.0729
2025-12-24 17:00:00+00:00,10854.0729
2025-12-24 17:15:00+00:00,10854.0729
2025-12-24 17:30:00+00:00,10745.5322
2025-12-24 17:45:00+00:00,10745.5322
2025-12-24 18:00:00+00:00,10745.5322
2025-12-24 18:15:00+00:00,10638.0769
2025-12-24 18:30:00+00:00,10638.0769
2025-12-24 18:45:00+00:00,10638.0769
2025-12-24 19:00:00+00:00,10638.0769
2025-12-24 19:15:00+00:00,10638.0769
2025-12-24 19:30:00+00:00,10531.6961
2025-12-24 19:45:00+00:00,10531.6961
2025-12-24 20:00:00+00:00,10531.6961
2025-12-24 20:15:00+00:00,10531.6961
2025-12-24 20:30:00+00:00,10531.6961
2025-12-24 20:45:00+00:00,10426.3791
2025-12-24 21:00:00+00:00,10426.3791
2025-12-24 21:15:00+00:00,10426.3791
2025-12-24 21:30:00+00:00,10426.3791
2025-12-24 21:45:00+00:00,10426.3791
2025-12-24 22:00:00+00:00,10634.9067
2025-12-24 22:15:00+00:00,10634.9067
2025-12-24 22:30:00+00:00,10634.9067
2025-12-24 22:45:00+00:00,10634.9067
2025-12-24 23:00:00+00:00,10634.9067
2025-12-24 23:15:00+00:00,10528.5577
2025-12-24 23:30:00+00:00,10528.5577
2025-12-24 23:45:00+00:00,10528.5577
2025-12-25 00:00:00+00:00,10423.2721
2025-12-25 00:15:00+00:00,10423.2721
2025-12-25 00:30:00+00:00,10423.2721
2025-12-25 00:45:00+00:00,10423.2721
2025-12-25 01:00:00+00:00,10423.2721
2025-12-25 01:15:00+00:00,10631.7375
2025-12-25 01:30:00+00:00,10631.7375
2025-12-25 01:45:00+00:00,10631.7375
2025-12-25 02:00:00+00:00,10525.4201
2025-12-25 02:15:00+00:00,10525.4201
2025-12-25 02:30:00+00:00,10525.4201
2025-12-25 02:45:00+00:00,10525.4201
2025-12-25 03:00:00+00:00,10525.4201
2025-12-25 03:15:00+00:00,10525.4201
2025-12-25 03:30:00+00:00,10525.4201
2025-12-25 03:45:00+00:00,10525.4201
2025-12-25 04:00:00+00:00,10525.4201
2025-12-25 04:15:00+00:00,10525.4201
2025-12-25 04:30:00+00:00,10525.4201
2025-12-25 04:45:00+00:00,10525.4201
2025-12-25 05:00:00+00:00,10420.1659
2025-12-25 05:15:00+00:00,10420.1659
2025-12-25 05:30:00+00:00,10420.1659
2025-12-25 05:45:00+00:00,10420.1659
2025-12-25 06:00:00+00:00,10420.1659
2025-12-25 06:15:00+00:00,10420.1659
2025-12-25 06:30:00+00:00,10628.5693
2025-12-25 06:45:00+00:00,10628.5693
2025-12-25 07:00:00+00:00,10628.5693
2025-12-25 07:15:00+00:00,10628.5693
2025-12-25 07:30:00+00:00,10522.2836
2025-12-25 07:45:00+00:00,10522.2836
2025-12-25 08:00:00+00:00,10522.2836
2025-12-25 08:15:00+00:00,10417.0607
2025-12-25 08:30:00+00:00,10417.0607
2025-12-25 08:45:00+00:00,10417.0607
2025-12-25 09:00:00+00:00,10417.0607
2025-12-25 09:15:00+00:00,10417.0607
2025-12-25 09:30:00+00:00,10417.0607
2025-12-25 09:45:00+00:00,10417.0607
2025-12-25 10:00:00+00:00,10312.8901
2025-12-25 10:15:00+00:00,10312.8901
2025-12-25 10:30:00+00:00,10209.7612
2025-12-25 10:45:00+00:00,10209.7612
2025-12-25 11:00:00+00:00,10209.7612
2025-12-25 11:15:00+00:00,10209.7612
2025-12-25 11:30:00+00:00,10209.7612
2025-12-25 11:45:00+00:00,10209.7612
2025-12-25 12:00:00+00:00,10209.7612
2025-12-25 12:15:00+00:00,10209.7612
2025-12-25 12:30:00+00:00,10209.7612
2025-12-25 12:45:00+00:00,10209.7612
2025-12-25 13:00:00+00:00,10209.7612
2025-12-25 13:15:00+00:00,10209.7612
2025-12-25 13:30:00+00:00,10413.9565
2025-12-25 13:45:00+00:00,10413.9565
2025-12-25 14:00:00+00:00,10413.9565
2025-12-25 14:15:00+00:00,10413.9565
2025-12-25 14:30:00+00:00,10413.9565
2025-12-25 14:45:00+00:00,10309.8169
2025-12-25 15:00:00+00:00,10309.8169
2025-12-25 15:15:00+00:00,10309.8169
2025-12-25 15:30:00+00:00,10309.8169
2025-12-25 15:45:00+00:00,10309.8169
2025-12-25 16:00:00+00:00,10309.8169
2025-12-25 16:15:00+00:00,10309.8169
2025-12-25 16:30:00+00:00,10309.8169
2025-12-25 16:45:00+00:00,10309.8169
2025-12-25 17:00:00+00:00,10309.8169
2025-12-25 17:15:00+00:00,10309.8169
2025-12-25 17:30:00+00:00,10309.8169
2025-12-25 17:45:00+00:00,10309.8169
2025-12-25 18:00:00+00:00,10309.8169
2025-12-25 18:15:00+00:00,10309.8169
2025-12-25 18:30:00+00:00,10309.8169
2025-12-25 18:45:00+00:00,10309.8169
2025-12-25 19:00:00+00:00,10309.8169
2025-12-25 19:15:00+00:00,10309.8169
2025-12-25 19:30:00+00:00,10309.8169
2025-12-25 19:45:00+00:00,10309.8169
2025-12-25 20:00:00+00:00,10309.8169
2025-12-25 20:15:00+00:00,10516.0132
2025-12-25 20:30:00+00:00,10516.0132
2025-12-25 20:45:00+00:00,10516.0132
2025-12-25 21:00:00+00:00,10516.0132
2025-12-25 21:15:00+00:00,10516.0132
2025-12-25 21:30:00+00:00,10516.0132
2025-12-25 21:45:00+00:00,10516.0132
2025-12-25 22:00:00+00:00,10516.0132
2025-12-25 22:15:00+00:00,10516.0132
2025-12-25 22:30:00+00:00,10410.8531
2025-12-25 22:45:00+00:00,10410.8531
2025-12-25 23:00:00+00:00,10410.8531
2025-12-25 23:15:00+00:00,10306.7446
2025-12-25 23:30:00+00:00,10306.7446
2025-12-25 23:45:00+00:00,10306.7446
2025-12-26 00:00:00+00:00,10306.7446
2025-12-26 00:15:00+00:00,10306.7446
2025-12-26 00:30:00+00:00,10203.6771
2025-12-26 00:45:00+00:00,10203.6771
2025-12-26 01:00:00+00:00,10203.6771
2025-12-26 01:15:00+00:00,10203.6771
2025-12-26 01:30:00+00:00,10203.6771
2025-12-26 01:45:00+00:00,10203.6771
2025-12-26 02:00:00+00:00,10203.6771
2025-12-26 02:15:00+00:00,10203.6771
2025-12-26 02:30:00+00:00,10203.6771
2025-12-26 02:45:00+00:00,10203.6771
2025-12-26 03:00:00+00:00,10203.6771
2025-12-26 03:15:00+00:00,10203.6771
2025-12-26 03:30:00+00:00,10203.6771
2025-12-26 03:45:00+00:00,10203.6771
2025-12-26 04:00:00+00:00,10203.6771
2025-12-26 04:15:00+00:00,10203.6771
2025-12-26 04:30:00+00:00,10203.6771
2025-12-26 04:45:00+00:00,10203.6771
2025-12-26 05:00:00+00:00,10203.6771
2025-12-26 05:15:00+00:00,10203.6771
2025-12-26 05:30:00+00:00,10203.6771
2025-12-26 05:45:00+00:00,10203.6771
2025-12-26 06:00:00+00:00,10203.6771
2025-12-26 06:15:00+00:00,10203.6771
2025-12-26 06:30:00+00:00,10203.6771
2025-12-26 06:45:00+00:00,10203.6771
2025-12-26 07:00:00+00:00,10203.6771
2025-12-26 07:15:00+00:00,10203.6771
2025-12-26 07:30:00+00:00,10203.6771
2025-12-26 07:45:00+00:00,10203.6771
2025-12-26 08:00:00+00:00,10203.6771
2025-12-26 08:15:00+00:00,10203.6771
2025-12-26 08:30:00+00:00,10203.6771
2025-12-26 08:45:00+00:00,10203.6771
2025-12-26 09:00:00+00:00,10203.6771
2025-12-26 09:15:00+00:00,10203.6771
2025-12-26 09:30:00+00:00,10203.6771
2025-12-26 09:45:00+00:00,10203.6771
2025-12-26 10:00:00+00:00,10203.6771
2025-12-26 10:15:00+00:00,10203.6771
2025-12-26 10:30:00+00:00,10203.6771
2025-12-26 10:45:00+00:00,10203.6771
2025-12-26 11:00:00+00:00,10203.6771
2025-12-26 11:15:00+00:00,10203.6771
2025-12-26 11:30:00+00:00,10203.6771
2025-12-26 11:45:00+00:00,10203.6771
2025-12-26 12:00:00+00:00,10203.6771
2025-12-26 12:15:00+00:00,10203.6771
2025-12-26 12:30:00+00:00,10203.6771
2025-12-26 12:45:00+00:00,10203.6771
2025-12-26 13:00:00+00:00,10203.6771
2025-12-26 13:15:00+00:00,10203.6771
2025-12-26 13:30:00+00:00,10203.6771
2025-12-26 13:45:00+00:00,10203.6771
2025-12-26 14:00:00+00:00,10203.6771
2025-12-26 14:15:00+00:00,10203.6771
2025-12-26 14:30:00+00:00,10101.6403
2025-12-26 14:45:00+00:00,10101.6403
2025-12-26 15:00:00+00:00,10101.6403
2025-12-26 15:15:00+00:00,10101.6403
2025-12-26 15:30:00+00:00,10101.6403
2025-12-26 15:45:00+00:00,10101.6403
2025-12-26 16:00:00+00:00,10101.6403
2025-12-26 16:15:00+00:00,10101.6403
2025-12-26 16:30:00+00:00,10101.6403
2025-12-26 16:45:00+00:00,10101.6403
2025-12-26 17:00:00+00:00,10101.6403
2025-12-26 17:15:00+00:00,10101.6403
2025-12-26 17:30:00+00:00,10101.6403
2025-12-26 17:45:00+00:00,10101.6403
2025-12-26 18:00:00+00:00,10101.6403
2025-12-26 18:15:00+00:00,10101.6403
2025-12-26 18:30:00+00:00,10101.6403
2025-12-26 18:45:00+00:00,10101.6403
2025-12-26 19:00:00+00:00,10101.6403
2025-12-26 19:15:00+00:00,10101.6403
2025-12-26 19:30:00+00:00,10000.6239
2025-12-26 19:45:00+00:00,10000.6239
2025-12-26 20:00:00+00:00,10000.6239
2025-12-26 20:15:00+00:00,10000.6239
2025-12-26 20:30:00+00:00,10000.6239
2025-12-26 20:45:00+00:00,10000.6239
2025-12-26 21:00:00+00:00,10000.6239
2025-12-26 21:15:00+00:00,10000.6239
2025-12-26 21:30:00+00:00,10000.6239
2025-12-26 21:45:00+00:00,10000.6239
2025-12-26 22:00:00+00:00,10000.6239
2025-12-26 22:15:00+00:00,10000.6239
2025-12-26 22:30:00+00:00,10000.6239
2025-12-26 22:45:00+00:00,10000.6239
2025-12-26 23:00:00+00:00,10000.6239
2025-12-26 23:15:00+00:00,10000.6239
2025-12-26 23:30:00+00:00,10000.6239
2025-12-26 23:45:00+00:00,10000.6239
2025-12-27 00:00:00+00:00,10000.6239
2025-12-27 00:15:00+00:00,10000.6239
2025-12-27 00:30:00+00:00,10000.6239
2025-12-27 00:45:00+00:00,10000.6239
2025-12-27 01:00:00+00:00,10000.6239
2025-12-27 01:15:00+00:00,10000.6239
2025-12-27 01:30:00+00:00,10000.6239
2025-12-27 01:45:00+00:00,10000.6239
2025-12-27 02:00:00+00:00,10000.6239
2025-12-27 02:15:00+00:00,10000.6239
2025-12-27 02:30:00+00:00,10000.6239
2025-12-27 02:45:00+00:00,10000.6239
2025-12-27 03:00:00+00:00,10000.6239
2025-12-27 03:15:00+00:00,10000.6239
2025-12-27 03:30:00+00:00,10000.6239
2025-12-27 03:45:00+00:00,10000.6239
2025-12-27 04:00:00+00:00,10000.6239
2025-12-27 04:15:00+00:00,10000.6239
2025-12-27 04:30:00+00:00,10000.6239
2025-12-27 04:45:00+00:00,10000.6239
2025-12-27 05:00:00+00:00,10000.6239
2025-12-27 05:15:00+00:00,10000.6239
2025-12-27 05:30:00+00:00,10000.6239
2025-12-27 05:45:00+00:00,10000.6239
2025-12-27 06:00:00+00:00,10000.6239
2025-12-27 06:15:00+00:00,10000.6239
2025-12-27 06:30:00+00:00,10000.6239
2025-12-27 06:45:00+00:00,10000.6239
2025-12-27 07:00:00+00:00,10000.6239
2025-12-27 07:15:00+00:00,10000.6239
2025-12-27 07:30:00+00:00,10000.6239
2025-12-27 07:45:00+00:00,10000.6239
2025-12-27 08:00:00+00:00,10000.6239
2025-12-27 08:15:00+00:00,10000.6239
2025-12-27 08:30:00+00:00,10000.6239
2025-12-27 08:45:00+00:00,10000.6239
2025-12-27 09:00:00+00:00,10000.6239
2025-12-27 09:15:00+00:00,10000.6239
2025-12-27 09:30:00+00:00,10000.6239
2025-12-27 09:45:00+00:00,10000.6239
2025-12-27 10:00:00+00:00,10000.6239
2025-12-27 10:15:00+00:00,10000.6239
2025-12-27 10:30:00+00:00,10000.6239
2025-12-27 10:45:00+00:00,10000.6239
2025-12-27 11:00:00+00:00,10000.6239
2025-12-27 11:15:00+00:00,10000.6239
2025-12-27 11:30:00+00:00,10000.6239
2025-12-27 11:45:00+00:00,10000.6239
2025-12-27 12:00:00+00:00,10000.6239
2025-12-27 12:15:00+00:00,10000.6239
2025-12-27 12:30:00+00:00,10000.6239
2025-12-27 12:45:00+00:00,10000.6239
2025-12-27 13:00:00+00:00,10000.6239
2025-12-27 13:15:00+00:00,10000.6239
2025-12-27 13:30:00+00:00,10000.6239
2025-12-27 13:45:00+00:00,10000.6239
2025-12-27 14:00:00+00:00,10000.6239
2025-12-27 14:15:00+00:00,10000.6239
2025-12-27 14:30:00+00:00,10000.6239
2025-12-27 14:45:00+00:00,10000.6239
2025-12-27 15:00:00+00:00,10000.6239
2025-12-27 15:15:00+00:00,10000.6239
2025-12-27 15:30:00+00:00,10000.6239
2025-12-27 15:45:00+00:00,10000.6239
2025-12-27 16:00:00+00:00,10000.6239
2025-12-27 16:15:00+00:00,10000.6239
2025-12-27 16:30:00+00:00,10000.6239
2025-12-27 16:45:00+00:00,10000.6239
2025-12-27 17:00:00+00:00,10000.6239
2025-12-27 17:15:00+00:00,10000.6239
2025-12-27 17:30:00+00:00,10000.6239
2025-12-27 17:45:00+00:00,10000.6239
2025-12-27 18:00:00+00:00,10000.6239
2025-12-27 18:15:00+00:00,10000.6239
2025-12-27 18:30:00+00:00,10000.6239
2025-12-27 18:45:00+00:00,10000.6239
2025-12-27 19:00:00+00:00,10000.6239
2025-12-27 19:15:00+00:00,10000.6239
2025-12-27 19:30:00+00:00,10000.6239
2025-12-27 19:45:00+00:00,10000.6239
2025-12-27 20:00:00+00:00,10000.6239
2025-12-27 20:15:00+00:00,10000.6239
2025-12-27 20:30:00+00:00,10000.6239
2025-12-27 20:45:00+00:00,10000.6239
2025-12-27 21:00:00+00:00,10000.6239
2025-12-27 21:15:00+00:00,10000.6239
2025-12-27 21:30:00+00:00,10000.6239
2025-12-27 21:45:00+00:00,10000.6239
2025-12-27 22:00:00+00:00,9900.6177
2025-12-27 22:15:00+00:00,9900.6177
2025-12-27 22:30:00+00:00,9900.6177
2025-12-27 22:45:00+00:00,9900.6177
2025-12-27 23:00:00+00:00,9900.6177
2025-12-27 23:15:00+00:00,10098.6301
2025-12-27 23:30:00+00:00,10098.6301
2025-12-27 23:45:00+00:00,10300.6027
2025-12-28 00:00:00+00:00,10300.6027
2025-12-28 00:15:00+00:00,10300.6027
2025-12-28 00:30:00+00:00,10300.6027
2025-12-28 00:45:00+00:00,10300.6027
2025-12-28 01:00:00+00:00,10300.6027
2025-12-28 01:15:00+00:00,10300.6027
2025-12-28 01:30:00+00:00,10300.6027
2025-12-28 01:45:00+00:00,10300.6027
2025-12-28 02:00:00+00:00,10300.6027
2025-12-28 02:15:00+00:00,10300.6027
2025-12-28 02:30:00+00:00,10300.6027
2025-12-28 02:45:00+00:00,10300.6027
2025-12-28 03:00:00+00:00,10300.6027
2025-12-28 03:15:00+00:00,10300.6027
2025-12-28 03:30:00+00:00,10300.6027
2025-12-28 03:45:00+00:00,10300.6027
2025-12-28 04:00:00+00:00,10197.5966
2025-12-28 04:15:00+00:00,10197.5966
2025-12-28 04:30:00+00:00,10197.5966
2025-12-28 04:45:00+00:00,10197.5966
2025-12-28 05:00:00+00:00,10197.5966
2025-12-28 05:15:00+00:00,10197.5966
2025-12-28 05:30:00+00:00,10197.5966
2025-12-28 05:45:00+00:00,10197.5966
2025-12-28 06:00:00+00:00,10197.5966
2025-12-28 06:15:00+00:00,10197.5966
2025-12-28 06:30:00+00:00,10197.5966
2025-12-28 06:45:00+00:00,10197.5966
2025-12-28 07:00:00+00:00,10197.5966
2025-12-28 07:15:00+00:00,10197.5966
2025-12-28 07:30:00+00:00,10197.5966
2025-12-28 07:45:00+00:00,10197.5966
2025-12-28 08:00:00+00:00,10401.5486
2025-12-28 08:15:00+00:00,10401.5486
2025-12-28 08:30:00+00:00,10401.5486
2025-12-28 08:45:00+00:00,10401.5486
2025-12-28 09:00:00+00:00,10401.5486
2025-12-28 09:15:00+00:00,10401.5486
2025-12-28 09:30:00+00:00,10297.5331
2025-12-28 09:45:00+00:00,10297.5331
2025-12-28 10:00:00+00:00,10503.4837
2025-12-28 10:15:00+00:00,10503.4837
2025-12-28 10:30:00+00:00,10398.4489
2025-12-28 10:45:00+00:00,10398.4489
2025-12-28 11:00:00+00:00,10606.4179
2025-12-28 11:15:00+00:00,10606.4179
2025-12-28 11:30:00+00:00,10606.4179
2025-12-28 11:45:00+00:00,10606.4179
2025-12-28 12:00:00+00:00,10500.3537
2025-12-28 12:15:00+00:00,10500.3537
2025-12-28 12:30:00+00:00,10395.3502
2025-12-28 12:45:00+00:00,10395.3502
2025-12-28 13:00:00+00:00,10603.2572
2025-12-28 13:15:00+00:00,10603.2572
2025-12-28 13:30:00+00:00,10603.2572
2025-12-28 13:45:00+00:00,10603.2572
2025-12-28 14:00:00+00:00,10603.2572
2025-12-28 14:15:00+00:00,10603.2572
2025-12-28 14:30:00+00:00,10815.3223
2025-12-28 14:45:00+00:00,10815.3223
2025-12-28 15:00:00+00:00,10815.3223
2025-12-28 15:15:00+00:00,10815.3223
2025-12-28 15:30:00+00:00,10815.3223
2025-12-28 15:45:00+00:00,10707.1691
2025-12-28 16:00:00+00:00,10707.1691
2025-12-28 16:15:00+00:00,10600.0974
2025-12-28 16:30:00+00:00,10600.0974
2025-12-28 16:45:00+00:00,10600.0974
2025-12-28 17:00:00+00:00,10812.0993
2025-12-28 17:15:00+00:00,10812.0993
2025-12-28 17:30:00+00:00,10812.0993
2025-12-28 17:45:00+00:00,10812.0993
2025-12-28 18:00:00+00:00,10812.0993
2025-12-28 18:15:00+00:00,10812.0993
2025-12-28 18:30:00+00:00,10812.0993
2025-12-28 18:45:00+00:00,10812.0993
2025-12-28 19:00:00+00:00,10812.0993
2025-12-28 19:15:00+00:00,10812.0993
2025-12-28 19:30:00+00:00,10812.0993
2025-12-28 19:45:00+00:00,10812.0993
2025-12-28 20:00:00+00:00,10703.9783
2025-12-28 20:15:00+00:00,10703.9783
2025-12-28 20:30:00+00:00,10703.9783
2025-12-28 20:45:00+00:00,10703.9783
2025-12-28 21:00:00+00:00,10703.9783
2025-12-28 21:15:00+00:00,10703.9783
2025-12-28 21:30:00+00:00,10703.9783
2025-12-28 21:45:00+00:00,10703.9783
2025-12-28 22:00:00+00:00,10703.9783
2025-12-28 22:15:00+00:00,10703.9783
2025-12-28 22:30:00+00:00,10596.9386
2025-12-28 22:45:00+00:00,10596.9386
2025-12-28 23:00:00+00:00,10596.9386
2025-12-28 23:15:00+00:00,10596.9386
2025-12-28 23:30:00+00:00,10596.9386
2025-12-28 23:45:00+00:00,10596.9386
2025-12-29 00:00:00+00:00,10596.9386
2025-12-29 00:15:00+00:00,10596.9386
2025-12-29 00:30:00+00:00,10490.9692
2025-12-29 00:45:00+00:00,10490.9692
2025-12-29 01:00:00+00:00,10490.9692
2025-12-29 01:15:00+00:00,10490.9692
2025-12-29 01:30:00+00:00,10490.9692
2025-12-29 01:45:00+00:00,10490.9692
2025-12-29 02:00:00+00:00,10700.7886
2025-12-29 02:15:00+00:00,10700.7886
2025-12-29 02:30:00+00:00,10700.7886
2025-12-29 02:45:00+00:00,10700.7886
2025-12-29 03:00:00+00:00,10700.7886
2025-12-29 03:15:00+00:00,10700.7886
2025-12-29 03:30:00+00:00,10700.7886
2025-12-29 03:45:00+00:00,10700.7886
2025-12-29 04:00:00+00:00,10700.7886
2025-12-29 04:15:00+00:00,10700.7886
2025-12-29 04:30:00+00:00,10700.7886
2025-12-29 04:45:00+00:00,10700.7886
2025-12-29 05:00:00+00:00,10700.7886
2025-12-29 05:15:00+00:00,10700.7886
2025-12-29 05:30:00+00:00,10700.7886
2025-12-29 05:45:00+00:00,10700.7886
2025-12-29 06:00:00+00:00,10700.7886
2025-12-29 06:15:00+00:00,10700.7886
2025-12-29 06:30:00+00:00,10700.7886
2025-12-29 06:45:00+00:00,10700.7886
2025-12-29 07:00:00+00:00,10700.7886
2025-12-29 07:15:00+00:00,10700.7886
2025-12-29 07:30:00+00:00,10700.7886
2025-12-29 07:45:00+00:00,10700.7886
2025-12-29 08:00:00+00:00,10700.7886
2025-12-29 08:15:00+00:00,10700.7886
2025-12-29 08:30:00+00:00,10700.7886
2025-12-29 08:45:00+00:00,10700.7886
2025-12-29 09:00:00+00:00,10700.7886
2025-12-29 09:15:00+00:00,10700.7886
2025-12-29 09:30:00+00:00,10700.7886
2025-12-29 09:45:00+00:00,10700.7886
2025-12-29 10:00:00+00:00,10700.7886
2025-12-29 10:15:00+00:00,10700.7886
2025-12-29 10:30:00+00:00,10700.7886
2025-12-29 10:45:00+00:00,10700.7886
2025-12-29 11:00:00+00:00,10700.7886
2025-12-29 11:15:00+00:00,10700.7886
2025-12-29 11:30:00+00:00,10593.7807
2025-12-29 11:45:00+00:00,10593.7807
2025-12-29 12:00:00+00:00,10593.7807
2025-12-29 12:15:00+00:00,10593.7807
2025-12-29 12:30:00+00:00,10593.7807
2025-12-29 12:45:00+00:00,10593.7807
2025-12-29 13:00:00+00:00,10593.7807
2025-12-29 13:15:00+00:00,10593.7807
2025-12-29 13:30:00+00:00,10593.7807
2025-12-29 13:45:00+00:00,10593.7807
2025-12-29 14:00:00+00:00,10593.7807
2025-12-29 14:15:00+00:00,10593.7807
2025-12-29 14:30:00+00:00,10593.7807
2025-12-29 14:45:00+00:00,10593.7807
2025-12-29 15:00:00+00:00,10593.7807
2025-12-29 15:15:00+00:00,10593.7807
2025-12-29 15:30:00+00:00,10593.7807
2025-12-29 15:45:00+00:00,10593.7807
2025-12-29 16:00:00+00:00,10593.7807
2025-12-29 16:15:00+00:00,10593.7807
2025-12-29 16:30:00+00:00,10593.7807
2025-12-29 16:45:00+00:00,10593.7807
2025-12-29 17:00:00+00:00,10593.7807
2025-12-29 17:15:00+00:00,10805.6563
2025-12-29 17:30:00+00:00,10805.6563
2025-12-29 17:45:00+00:00,10805.6563
2025-12-29 18:00:00+00:00,10805.6563
2025-12-29 18:15:00+00:00,10805.6563
2025-12-29 18:30:00+00:00,10805.6563
2025-12-29 18:45:00+00:00,11021.7694
2025-12-29 19:00:00+00:00,11021.7694
2025-12-29 19:15:00+00:00,11021.7694
2025-12-29 19:30:00+00:00,11021.7694
2025-12-29 19:45:00+00:00,11242.2048
2025-12-29 20:00:00+00:00,11242.2048
2025-12-29 20:15:00+00:00,11242.2048
2025-12-29 20:30:00+00:00,11242.2048
2025-12-29 20:45:00+00:00,11242.2048
2025-12-29 21:00:00+00:00,11242.2048
2025-12-29 21:15:00+00:00,11242.2048
2025-12-29 21:30:00+00:00,11242.2048
2025-12-29 21:45:00+00:00,11242.2048
2025-12-29 22:00:00+00:00,11242.2048
2025-12-29 22:15:00+00:00,11242.2048
2025-12-29 22:30:00+00:00,11242.2048
2025-12-29 22:45:00+00:00,11242.2048
2025-12-29 23:00:00+00:00,11242.2048
2025-12-29 23:15:00+00:00,11242.2048
2025-12-29 23:30:00+00:00,11242.2048
2025-12-29 23:45:00+00:00,11242.2048
2025-12-30 00:00:00+00:00,11242.2048
2025-12-30 00:15:00+00:00,11242.2048
2025-12-30 00:30:00+00:00,11242.2048
2025-12-30 00:45:00+00:00,11242.2048
2025-12-30 01:00:00+00:00,11242.2048
2025-12-30 01:15:00+00:00,11242.2048
2025-12-30 01:30:00+00:00,11242.2048
2025-12-30 01:45:00+00:00,11242.2048
2025-12-30 02:00:00+00:00,11242.2048
2025-12-30 02:15:00+00:00,11242.2048
2025-12-30 02:30:00+00:00,11242.2048
2025-12-30 02:45:00+00:00,11242.2048
2025-12-30 03:00:00+00:00,11242.2048
2025-12-30 03:15:00+00:00,11242.2048
2025-12-30 03:30:00+00:00,11242.2048
2025-12-30 03:45:00+00:00,11242.2048
2025-12-30 04:00:00+00:00,11242.2048
2025-12-30 04:15:00+00:00,11242.2048
2025-12-30 04:30:00+00:00,11242.2048
2025-12-30 04:45:00+00:00,11242.2048
2025-12-30 05:00:00+00:00,11242.2048
2025-12-30 05:15:00+00:00,11242.2048
2025-12-30 05:30:00+00:00,11242.2048
2025-12-30 05:45:00+00:00,11242.2048
2025-12-30 06:00:00+00:00,11242.2048
2025-12-30 06:15:00+00:00,11242.2048
2025-12-30 06:30:00+00:00,11242.2048
2025-12-30 06:45:00+00:00,11242.2048
2025-12-30 07:00:00+00:00,11242.2048
2025-12-30 07:15:00+00:00,11129.7828
2025-12-30 07:30:00+00:00,11129.7828
2025-12-30 07:45:00+00:00,11129.7828
2025-12-30 08:00:00+00:00,11129.7828
2025-12-30 08:15:00+00:00,11129.7828
2025-12-30 08:30:00+00:00,11129.7828
2025-12-30 08:45:00+00:00,11129.7828
2025-12-30 09:00:00+00:00,11129.7828
2025-12-30 09:15:00+00:00,11129.7828
2025-12-30 09:30:00+00:00,11129.7828
2025-12-30 09:45:00+00:00,11129.7828
2025-12-30 10:00:00+00:00,11129.7828
2025-12-30 10:15:00+00:00,11129.7828
2025-12-30 10:30:00+00:00,11129.7828
2025-12-30 10:45:00+00:00,11129.7828
2025-12-30 11:00:00+00:00,11129.7828
2025-12-30 11:15:00+00:00,11129.7828
2025-12-30 11:30:00+00:00,11129.7828
2025-12-30 11:45:00+00:00,11129.7828
2025-12-30 12:00:00+00:00,11129.7828
2025-12-30 12:15:00+00:00,11129.7828
2025-12-30 12:30:00+00:00,11129.7828
2025-12-30 12:45:00+00:00,11129.7828
2025-12-30 13:00:00+00:00,11129.7828
2025-12-30 13:15:00+00:00,11129.7828
2025-12-30 13:30:00+00:00,11129.7828
2025-12-30 13:45:00+00:00,11129.7828
2025-12-30 14:00:00+00:00,11129.7828
2025-12-30 14:15:00+00:00,11018.4849
2025-12-30 14:30:00+00:00,11018.4849
2025-12-30 14:45:00+00:00,11018.4849
2025-12-30 15:00:00+00:00,11018.4849
2025-12-30 15:15:00+00:00,11018.4849
2025-12-30 15:30:00+00:00,11018.4849
2025-12-30 15:45:00+00:00,11238.8546
2025-12-30 16:00:00+00:00,11238.8546
2025-12-30 16:15:00+00:00,11238.8546
2025-12-30 16:30:00+00:00,11238.8546
2025-12-30 16:45:00+00:00,11238.8546
2025-12-30 17:00:00+00:00,11238.8546
2025-12-30 17:15:00+00:00,11126.4661
2025-12-30 17:30:00+00:00,11126.4661
2025-12-30 17:45:00+00:00,11126.4661
2025-12-30 18:00:00+00:00,11126.4661
2025-12-30 18:15:00+00:00,11126.4661
2025-12-30 18:30:00+00:00,11126.4661
2025-12-30 18:45:00+00:00,11015.2014
2025-12-30 19:00:00+00:00,11015.2014
2025-12-30 19:15:00+00:00,11015.2014
2025-12-30 19:30:00+00:00,11015.2014
2025-12-30 19:45:00+00:00,11015.2014
2025-12-30 20:00:00+00:00,11015.2014
2025-12-30 20:15:00+00:00,11015.2014
2025-12-30 20:30:00+00:00,11015.2014
2025-12-30 20:45:00+00:00,10905.0494
2025-12-30 21:00:00+00:00,10905.0494
2025-12-30 21:15:00+00:00,10905.0494
2025-12-30 21:30:00+00:00,10905.0494
2025-12-30 21:45:00+00:00,10905.0494
2025-12-30 22:00:00+00:00,11123.1504
2025-12-30 22:15:00+00:00,11123.1504
2025-12-30 22:30:00+00:00,11123.1504
2025-12-30 22:45:00+00:00,11123.1504
2025-12-30 23:00:00+00:00,11123.1504
2025-12-30 23:15:00+00:00,11123.1504
2025-12-30 23:30:00+00:00,11123.1504
2025-12-30 23:45:00+00:00,11123.1504
2025-12-31 00:00:00+00:00,11123.1504
2025-12-31 00:15:00+00:00,11123.1504
2025-12-31 00:30:00+00:00,11011.9189
2025-12-31 00:45:00+00:00,11011.9189
2025-12-31 01:00:00+00:00,11011.9189
2025-12-31 01:15:00+00:00,11232.1573
2025-12-31 01:30:00+00:00,11232.1573
2025-12-31 01:45:00+00:00,11119.8357
2025-12-31 02:00:00+00:00,11119.8357
2025-12-31 02:15:00+00:00,11119.8357
2025-12-31 02:30:00+00:00,11119.8357
2025-12-31 02:45:00+00:00,11008.6373
2025-12-31 03:00:00+00:00,11008.6373
2025-12-31 03:15:00+00:00,10898.551
2025-12-31 03:30:00+00:00,10898.551
2025-12-31 03:45:00+00:00,10898.551
2025-12-31 04:00:00+00:00,10898.551
2025-12-31 04:15:00+00:00,10789.5655
2025-12-31 04:30:00+00:00,10789.5655
2025-12-31 04:45:00+00:00,10789.5655
2025-12-31 05:00:00+00:00,10789.5655
2025-12-31 05:15:00+00:00,10789.5655
2025-12-31 05:30:00+00:00,10789.5655
2025-12-31 05:45:00+00:00,10789.5655
2025-12-31 06:00:00+00:00,10789.5655
2025-12-31 06:15:00+00:00,10789.5655
2025-12-31 06:30:00+00:00,10789.5655
2025-12-31 06:45:00+00:00,10789.5655
2025-12-31 07:00:00+00:00,10789.5655
2025-12-31 07:15:00+00:00,10789.5655
2025-12-31 07:30:00+00:00,11005.3568
2025-12-31 07:45:00+00:00,11005.3568
2025-12-31 08:00:00+00:00,11005.3568
2025-12-31 08:15:00+00:00,11005.3568
2025-12-31 08:30:00+00:00,10895.3032
2025-12-31 08:45:00+00:00,10895.3032
2025-12-31 09:00:00+00:00,11113.2093
2025-12-31 09:15:00+00:00,11113.2093
2025-12-31 09:30:00+00:00,11113.2093
2025-12-31 09:45:00+00:00,11335.4734
2025-12-31 10:00:00+00:00,11335.4734
2025-12-31 10:15:00+00:00,11335.4734
2025-12-31 10:30:00+00:00,11335.4734
2025-12-31 10:45:00+00:00,11335.4734
2025-12-31 11:00:00+00:00,11335.4734
2025-12-31 11:15:00+00:00,11335.4734
2025-12-31 11:30:00+00:00,11335.4734
2025-12-31 11:45:00+00:00,11335.4734
2025-12-31 12:00:00+00:00,11335.4734
2025-12-31 12:15:00+00:00,11335.4734
2025-12-31 12:30:00+00:00,11335.4734
2025-12-31 12:45:00+00:00,11335.4734
2025-12-31 13:00:00+00:00,11335.4734
2025-12-31 13:15:00+00:00,11335.4734
2025-12-31 13:30:00+00:00,11335.4734
2025-12-31 13:45:00+00:00,11335.4734
2025-12-31 14:00:00+00:00,11562.1829
2025-12-31 14:15:00+00:00,11562.1829
2025-12-31 14:30:00+00:00,11562.1829
2025-12-31 14:45:00+00:00,11562.1829
2025-12-31 15:00:00+00:00,11562.1829
2025-12-31 15:15:00+00:00,11562.1829
2025-12-31 15:30:00+00:00,11562.1829
2025-12-31 15:45:00+00:00,11562.1829
2025-12-31 16:00:00+00:00,11562.1829
2025-12-31 16:15:00+00:00,11446.5611
2025-12-31 16:30:00+00:00,11446.5611
2025-12-31 16:45:00+00:00,11446.5611
2025-12-31 17:00:00+00:00,11446.5611
2025-12-31 17:15:00+00:00,11446.5611
2025-12-31 17:30:00+00:00,11446.5611
2025-12-31 17:45:00+00:00,11446.5611
2025-12-31 18:00:00+00:00,11446.5611
2025-12-31 18:15:00+00:00,11446.5611
2025-12-31 18:30:00+00:00,11446.5611
2025-12-31 18:45:00+00:00,11446.5611
2025-12-31 19:00:00+00:00,11446.5611
2025-12-31 19:15:00+00:00,11446.5611
2025-12-31 19:30:00+00:00,11446.5611
2025-12-31 19:45:00+00:00,11446.5611
2025-12-31 20:00:00+00:00,11332.0955
2025-12-31 20:15:00+00:00,11332.0955
2025-12-31 20:30:00+00:00,11558.7374
2025-12-31 20:45:00+00:00,11558.7374
2025-12-31 21:00:00+00:00,11558.7374
2025-12-31 21:15:00+00:00,11558.7374
2025-12-31 21:30:00+00:00,11558.7374
2025-12-31 21:45:00+00:00,11558.7374
2025-12-31 22:00:00+00:00,11443.15
2025-12-31 22:15:00+00:00,11443.15
2025-12-31 22:30:00+00:00,11443.15
2025-12-31 22:45:00+00:00,11443.15
2025-12-31 23:00:00+00:00,11443.15
2025-12-31 23:15:00+00:00,11443.15
2025-12-31 23:30:00+00:00,11443.15
2025-12-31 23:45:00+00:00,11443.15
2026-01-01 00:00:00+00:00,11443.15
2026-01-01 00:15:00+00:00,11443.15
2026-01-01 00:30:00+00:00,11443.15
2026-01-01 00:45:00+00:00,11443.15
2026-01-01 01:00:00+00:00,11328.7185
2026-01-01 01:15:00+00:00,11328.7185
2026-01-01 01:30:00+00:00,11328.7185
2026-01-01 01:45:00+00:00,11328.7185
2026-01-01 02:00:00+00:00,11328.7185
2026-01-01 02:15:00+00:00,11215.4313
2026-01-01 02:30:00+00:00,11215.4313
2026-01-01 02:45:00+00:00,11215.4313
2026-01-01 03:00:00+00:00,11215.4313
2026-01-01 03:15:00+00:00,11215.4313
2026-01-01 03:30:00+00:00,11215.4313
2026-01-01 03:45:00+00:00,11215.4313
2026-01-01 04:00:00+00:00,11439.74
2026-01-01 04:15:00+00:00,11439.74
2026-01-01 04:30:00+00:00,11439.74
2026-01-01 04:45:00+00:00,11439.74
2026-01-01 05:00:00+00:00,11325.3426
2026-01-01 05:15:00+00:00,11325.3426
2026-01-01 05:30:00+00:00,11325.3426
2026-01-01 05:45:00+00:00,11325.3426
2026-01-01 06:00:00+00:00,11325.3426
2026-01-01 06:15:00+00:00,11325.3426
2026-01-01 06:30:00+00:00,11325.3426
2026-01-01 06:45:00+00:00,11325.3426
2026-01-01 07:00:00+00:00,11551.8494
2026-01-01 07:15:00+00:00,11551.8494
2026-01-01 07:30:00+00:00,11436.3309
2026-01-01 07:45:00+00:00,11436.3309
2026-01-01 08:00:00+00:00,11321.9676
2026-01-01 08:15:00+00:00,11321.9676
2026-01-01 08:30:00+00:00,11208.7479
2026-01-01 08:45:00+00:00,11208.7479
2026-01-01 09:00:00+00:00,11208.7479
2026-01-01 09:15:00+00:00,11208.7479
2026-01-01 09:30:00+00:00,11208.7479
2026-01-01 09:45:00+00:00,11208.7479
2026-01-01 10:00:00+00:00,11208.7479
2026-01-01 10:15:00+00:00,11208.7479
2026-01-01 10:30:00+00:00,11208.7479
2026-01-01 10:45:00+00:00,11208.7479
2026-01-01 11:00:00+00:00,11096.6604
2026-01-01 11:15:00+00:00,11096.6604
2026-01-01 11:30:00+00:00,11096.6604
2026-01-01 11:45:00+00:00,10985.6938
2026-01-01 12:00:00+00:00,10985.6938
2026-01-01 12:15:00+00:00,10985.6938
2026-01-01 12:30:00+00:00,11205.4077
2026-01-01 12:45:00+00:00,11205.4077
2026-01-01 13:00:00+00:00,11093.3536
2026-01-01 13:15:00+00:00,11093.3536
2026-01-01 13:30:00+00:00,11093.3536
2026-01-01 13:45:00+00:00,10982.4201
2026-01-01 14:00:00+00:00,10982.4201
2026-01-01 14:15:00+00:00,10982.4201
2026-01-01 14:30:00+00:00,10872.5959
2026-01-01 14:45:00+00:00,10872.5959
2026-01-01 15:00:00+00:00,10872.5959
2026-01-01 15:15:00+00:00,10872.5959
2026-01-01 15:30:00+00:00,10872.5959
2026-01-01 15:45:00+00:00,10872.5959
2026-01-01 16:00:00+00:00,10872.5959
2026-01-01 16:15:00+00:00,10763.8699
2026-01-01 16:30:00+00:00,10763.8699
2026-01-01 16:45:00+00:00,10763.8699
2026-01-01 17:00:00+00:00,10763.8699
2026-01-01 17:15:00+00:00,10979.1473
2026-01-01 17:30:00+00:00,10979.1473
2026-01-01 17:45:00+00:00,10979.1473
2026-01-01 18:00:00+00:00,10869.3559
2026-01-01 18:15:00+00:00,10869.3559
2026-01-01 18:30:00+00:00,10869.3559
2026-01-01 18:45:00+00:00,10869.3559
2026-01-01 19:00:00+00:00,10760.6623
2026-01-01 19:15:00+00:00,10760.6623
2026-01-01 19:30:00+00:00,10975.8756
2026-01-01 19:45:00+00:00,10975.8756
2026-01-01 20:00:00+00:00,10975.8756
2026-01-01 20:15:00+00:00,10975.8756
2026-01-01 20:30:00+00:00,10866.1168
2026-01-01 20:45:00+00:00,10866.1168
2026-01-01 21:00:00+00:00,11083.4391
2026-01-01 21:15:00+00:00,11083.4391
2026-01-01 21:30:00+00:00,11083.4391
2026-01-01 21:45:00+00:00,11083.4391
2026-01-01 22:00:00+00:00,11305.1079
2026-01-01 22:15:00+00:00,11305.1079
2026-01-01 22:30:00+00:00,11192.0568
2026-01-01 22:45:00+00:00,11192.0568
2026-01-01 23:00:00+00:00,11080.1363
2026-01-01 23:15:00+00:00,11080.1363
2026-01-01 23:30:00+00:00,11080.1363
2026-01-01 23:45:00+00:00,11080.1363
2026-01-02 00:00:00+00:00,11080.1363
2026-01-02 00:15:00+00:00,11080.1363
2026-01-02 00:30:00+00:00,11080.1363
2026-01-02 00:45:00+00:00,11080.1363
2026-01-02 01:00:00+00:00,11080.1363
2026-01-02 01:15:00+00:00,11080.1363
2026-01-02 01:30:00+00:00,10969.3349
2026-01-02 01:45:00+00:00,10969.3349
2026-01-02 02:00:00+00:00,10859.6416
2026-01-02 02:15:00+00:00,10859.6416
2026-01-02 02:30:00+00:00,10859.6416
2026-01-02 02:45:00+00:00,11076.8344
2026-01-02 03:00:00+00:00,11076.8344
2026-01-02 03:15:00+00:00,11076.8344
2026-01-02 03:30:00+00:00,11076.8344
2026-01-02 03:45:00+00:00,11076.8344
2026-01-02 04:00:00+00:00,11076.8344
2026-01-02 04:15:00+00:00,11076.8344
2026-01-02 04:30:00+00:00,11076.8344
2026-01-02 04:45:00+00:00,11076.8344
2026-01-02 05:00:00+00:00,11076.8344
2026-01-02 05:15:00+00:00,11076.8344
2026-01-02 05:30:00+00:00,11076.8344
2026-01-02 05:45:00+00:00,11076.8344
2026-01-02 06:00:00+00:00,11076.8344
2026-01-02 06:15:00+00:00,11076.8344
2026-01-02 06:30:00+00:00,11076.8344
2026-01-02 06:45:00+00:00,11076.8344
2026-01-02 07:00:00+00:00,11076.8344
2026-01-02 07:15:00+00:00,11076.8344
2026-01-02 07:30:00+00:00,11076.8344
2026-01-02 07:45:00+00:00,11076.8344
2026-01-02 08:00:00+00:00,11076.8344
2026-01-02 08:15:00+00:00,11076.8344
2026-01-02 08:30:00+00:00,11076.8344
2026-01-02 08:45:00+00:00,11076.8344
2026-01-02 09:00:00+00:00,11076.8344
2026-01-02 09:15:00+00:00,11076.8344
2026-01-02 09:30:00+00:00,11076.8344
2026-01-02 09:45:00+00:00,11076.8344
2026-01-02 10:00:00+00:00,11298.3711
2026-01-02 10:15:00+00:00,11298.3711
2026-01-02 10:30:00+00:00,11298.3711
2026-01-02 10:45:00+00:00,11298.3711
2026-01-02 11:00:00+00:00,11298.3711
2026-01-02 11:15:00+00:00,11298.3711
2026-01-02 11:30:00+00:00,11298.3711
2026-01-02 11:45:00+00:00,11298.3711
2026-01-02 12:00:00+00:00,11298.3711
2026-01-02 12:15:00+00:00,11298.3711
2026-01-02 12:30:00+00:00,11298.3711
2026-01-02 12:45:00+00:00,11298.3711
2026-01-02 13:00:00+00:00,11298.3711
2026-01-02 13:15:00+00:00,11298.3711
2026-01-02 13:30:00+00:00,11298.3711
2026-01-02 13:45:00+00:00,11185.3874
2026-01-02 14:00:00+00:00,11185.3874
2026-01-02 14:15:00+00:00,11185.3874
2026-01-02 14:30:00+00:00,11185.3874
2026-01-02 14:45:00+00:00,11185.3874
2026-01-02 15:00:00+00:00,11185.3874
2026-01-02 15:15:00+00:00,11185.3874
2026-01-02 15:30:00+00:00,11185.3874
2026-01-02 15:45:00+00:00,11185.3874
2026-01-02 16:00:00+00:00,11185.3874
2026-01-02 16:15:00+00:00,11185.3874
2026-01-02 16:30:00+00:00,11185.3874
2026-01-02 16:45:00+00:00,11185.3874
2026-01-02 17:00:00+00:00,11185.3874
2026-01-02 17:15:00+00:00,11185.3874
2026-01-02 17:30:00+00:00,11185.3874
2026-01-02 17:45:00+00:00,11185.3874
2026-01-02 18:00:00+00:00,11185.3874
2026-01-02 18:15:00+00:00,11185.3874
2026-01-02 18:30:00+00:00,11185.3874
2026-01-02 18:45:00+00:00,11185.3874
2026-01-02 19:00:00+00:00,11185.3874
2026-01-02 19:15:00+00:00,11185.3874
2026-01-02 19:30:00+00:00,11185.3874
2026-01-02 19:45:00+00:00,11185.3874
2026-01-02 20:00:00+00:00,11185.3874
2026-01-02 20:15:00+00:00,11185.3874
2026-01-02 20:30:00+00:00,11185.3874
2026-01-02 20:45:00+00:00,11185.3874
2026-01-02 21:00:00+00:00,11185.3874
2026-01-02 21:15:00+00:00,11185.3874
2026-01-02 21:30:00+00:00,11185.3874
2026-01-02 21:45:00+00:00,11185.3874
2026-01-02 22:00:00+00:00,11185.3874
2026-01-02 22:15:00+00:00,11185.3874
2026-01-02 22:30:00+00:00,11185.3874
2026-01-02 22:45:00+00:00,11185.3874
2026-01-02 23:00:00+00:00,11185.3874
2026-01-02 23:15:00+00:00,11185.3874
2026-01-02 23:30:00+00:00,11185.3874
2026-01-02 23:45:00+00:00,11185.3874
2026-01-03 00:00:00+00:00,11185.3874
2026-01-03 00:15:00+00:00,11185.3874
2026-01-03 00:30:00+00:00,11185.3874
2026-01-03 00:45:00+00:00,11185.3874
2026-01-03 01:00:00+00:00,11185.3874
2026-01-03 01:15:00+00:00,11185.3874
2026-01-03 01:30:00+00:00,11185.3874
2026-01-03 01:45:00+00:00,11185.3874
2026-01-03 02:00:00+00:00,11185.3874
2026-01-03 02:15:00+00:00,11185.3874
2026-01-03 02:30:00+00:00,11185.3874
2026-01-03 02:45:00+00:00,11185.3874
2026-01-03 03:00:00+00:00,11185.3874
2026-01-03 03:15:00+00:00,11185.3874
2026-01-03 03:30:00+00:00,11185.3874
2026-01-03 03:45:00+00:00,11185.3874
2026-01-03 04:00:00+00:00,11185.3874
2026-01-03 04:15:00+00:00,11185.3874
2026-01-03 04:30:00+00:00,11185.3874
2026-01-03 04:45:00+00:00,11185.3874
2026-01-03 05:00:00+00:00,11185.3874
2026-01-03 05:15:00+00:00,11185.3874
2026-01-03 05:30:00+00:00,11185.3874
2026-01-03 05:45:00+00:00,11185.3874
2026-01-03 06:00:00+00:00,11185.3874
2026-01-03 06:15:00+00:00,11185.3874
2026-01-03 06:30:00+00:00,11185.3874
2026-01-03 06:45:00+00:00,11185.3874
2026-01-03 07:00:00+00:00,11185.3874
2026-01-03 07:15:00+00:00,11185.3874
2026-01-03 07:30:00+00:00,11185.3874
2026-01-03 07:45:00+00:00,11185.3874
2026-01-03 08:00:00+00:00,11185.3874
2026-01-03 08:15:00+00:00,11185.3874
2026-01-03 08:30:00+00:00,11185.3874
2026-01-03 08:45:00+00:00,11185.3874
2026-01-03 09:00:00+00:00,11185.3874
2026-01-03 09:15:00+00:00,11185.3874
2026-01-03 09:30:00+00:00,11185.3874
2026-01-03 09:45:00+00:00,11185.3874
2026-01-03 10:00:00+00:00,11185.3874
2026-01-03 10:15:00+00:00,11185.3874
2026-01-03 10:30:00+00:00,11185.3874
2026-01-03 10:45:00+00:00,11185.3874
2026-01-03 11:00:00+00:00,11185.3874
2026-01-03 11:15:00+00:00,11185.3874
2026-01-03 11:30:00+00:00,11185.3874
2026-01-03 11:45:00+00:00,11185.3874
2026-01-03 12:00:00+00:00,11185.3874
2026-01-03 12:15:00+00:00,11185.3874
2026-01-03 12:30:00+00:00,11185.3874
2026-01-03 12:45:00+00:00,11185.3874
2026-01-03 13:00:00+00:00,11185.3874
2026-01-03 13:15:00+00:00,11185.3874
2026-01-03 13:30:00+00:00,11185.3874
2026-01-03 13:45:00+00:00,11185.3874
2026-01-03 14:00:00+00:00,11185.3874
2026-01-03 14:15:00+00:00,11185.3874
2026-01-03 14:30:00+00:00,11185.3874
2026-01-03 14:45:00+00:00,11185.3874
2026-01-03 15:00:00+00:00,11185.3874
2026-01-03 15:15:00+00:00,11185.3874
2026-01-03 15:30:00+00:00,11185.3874
2026-01-03 15:45:00+00:00,11185.3874
2026-01-03 16:00:00+00:00,11185.3874
2026-01-03 16:15:00+00:00,11185.3874
2026-01-03 16:30:00+00:00,11185.3874
2026-01-03 16:45:00+00:00,11185.3874
2026-01-03 17:00:00+00:00,11185.3874
2026-01-03 17:15:00+00:00,11185.3874
2026-01-03 17:30:00+00:00,11185.3874
2026-01-03 17:45:00+00:00,11185.3874
2026-01-03 18:00:00+00:00,11185.3874
2026-01-03 18:15:00+00:00,11185.3874
2026-01-03 18:30:00+00:00,11185.3874
2026-01-03 18:45:00+00:00,11185.3874
2026-01-03 19:00:00+00:00,11185.3874
2026-01-03 19:15:00+00:00,11185.3874
2026-01-03 19:30:00+00:00,11185.3874
2026-01-03 19:45:00+00:00,11185.3874
2026-01-03 20:00:00+00:00,11185.3874
2026-01-03 20:15:00+00:00,11185.3874
2026-01-03 20:30:00+00:00,11185.3874
2026-01-03 20:45:00+00:00,11185.3874
2026-01-03 21:00:00+00:00,11185.3874
2026-01-03 21:15:00+00:00,11185.3874
2026-01-03 21:30:00+00:00,11185.3874
2026-01-03 21:45:00+00:00,11185.3874
2026-01-03 22:00:00+00:00,11185.3874
2026-01-03 22:15:00+00:00,11185.3874
2026-01-03 22:30:00+00:00,11185.3874
2026-01-03 22:45:00+00:00,11185.3874
2026-01-03 23:00:00+00:00,11185.3874
2026-01-03 23:15:00+00:00,11185.3874
2026-01-03 23:30:00+00:00,11185.3874
2026-01-03 23:45:00+00:00,11185.3874
2026-01-04 00:00:00+00:00,11409.0951
2026-01-04 00:15:00+00:00,11409.0951
2026-01-04 00:30:00+00:00,11409.0951
2026-01-04 00:45:00+00:00,11409.0951
2026-01-04 01:00:00+00:00,11409.0951
2026-01-04 01:15:00+00:00,11409.0951
2026-01-04 01:30:00+00:00,11409.0951
2026-01-04 01:45:00+00:00,11409.0951
2026-01-04 02:00:00+00:00,11409.0951
2026-01-04 02:15:00+00:00,11409.0951
2026-01-04 02:30:00+00:00,11409.0951
2026-01-04 02:45:00+00:00,11295.0042
2026-01-04 03:00:00+00:00,11295.0042
2026-01-04 03:15:00+00:00,11295.0042
2026-01-04 03:30:00+00:00,11295.0042
2026-01-04 03:45:00+00:00,11295.0042
2026-01-04 04:00:00+00:00,11295.0042
2026-01-04 04:15:00+00:00,11295.0042
2026-01-04 04:30:00+00:00,11295.0042
2026-01-04 04:45:00+00:00,11295.0042
2026-01-04 05:00:00+00:00,11295.0042
2026-01-04 05:15:00+00:00,11295.0042
2026-01-04 05:30:00+00:00,11295.0042
2026-01-04 05:45:00+00:00,11295.0042
2026-01-04 06:00:00+00:00,11520.9043
2026-01-04 06:15:00+00:00,11520.9043
2026-01-04 06:30:00+00:00,11520.9043
2026-01-04 06:45:00+00:00,11520.9043
2026-01-04 07:00:00+00:00,11520.9043
2026-01-04 07:15:00+00:00,11520.9043
2026-01-04 07:30:00+00:00,11520.9043
2026-01-04 07:45:00+00:00,11520.9043
2026-01-04 08:00:00+00:00,11520.9043
2026-01-04 08:15:00+00:00,11405.6952
2026-01-04 08:30:00+00:00,11405.6952
2026-01-04 08:45:00+00:00,11405.6952
2026-01-04 09:00:00+00:00,11405.6952
2026-01-04 09:15:00+00:00,11405.6952
2026-01-04 09:30:00+00:00,11405.6952
2026-01-04 09:45:00+00:00,11405.6952
2026-01-04 10:00:00+00:00,11405.6952
2026-01-04 10:15:00+00:00,11405.6952
2026-01-04 10:30:00+00:00,11405.6952
2026-01-04 10:45:00+00:00,11405.6952
2026-01-04 11:00:00+00:00,11405.6952
2026-01-04 11:15:00+00:00,11405.6952
2026-01-04 11:30:00+00:00,11405.6952
2026-01-04 11:45:00+00:00,11405.6952
2026-01-04 12:00:00+00:00,11291.6383
2026-01-04 12:15:00+00:00,11291.6383
2026-01-04 12:30:00+00:00,11178.7219
2026-01-04 12:45:00+00:00,11178.7219
2026-01-04 13:00:00+00:00,11178.7219
2026-01-04 13:15:00+00:00,11066.9347
2026-01-04 13:30:00+00:00,11066.9347
2026-01-04 13:45:00+00:00,11066.9347
2026-01-04 14:00:00+00:00,11288.2733
2026-01-04 14:15:00+00:00,11288.2733
2026-01-04 14:30:00+00:00,11288.2733
2026-01-04 14:45:00+00:00,11288.2733
2026-01-04 15:00:00+00:00,11288.2733
2026-01-04 15:15:00+00:00,11288.2733
2026-01-04 15:30:00+00:00,11288.2733
2026-01-04 15:45:00+00:00,11175.3906
2026-01-04 16:00:00+00:00,11175.3906
2026-01-04 16:15:00+00:00,11175.3906
2026-01-04 16:30:00+00:00,11175.3906
2026-01-04 16:45:00+00:00,11175.3906
2026-01-04 17:00:00+00:00,11175.3906
2026-01-04 17:15:00+00:00,11175.3906
2026-01-04 17:30:00+00:00,11175.3906
2026-01-04 17:45:00+00:00,11175.3906
2026-01-04 18:00:00+00:00,11063.6367
2026-01-04 18:15:00+00:00,11063.6367
2026-01-04 18:30:00+00:00,11063.6367
2026-01-04 18:45:00+00:00,11063.6367
2026-01-04 19:00:00+00:00,10953.0003
2026-01-04 19:15:00+00:00,10953.0003
2026-01-04 19:30:00+00:00,10953.0003
2026-01-04 19:45:00+00:00,10953.0003
2026-01-04 20:00:00+00:00,10953.0003
2026-01-04 20:15:00+00:00,10953.0003
2026-01-04 20:30:00+00:00,10953.0003
2026-01-04 20:45:00+00:00,10953.0003
2026-01-04 21:00:00+00:00,11172.0603
2026-01-04 21:15:00+00:00,11172.0603
2026-01-04 21:30:00+00:00,11172.0603
2026-01-04 21:45:00+00:00,11172.0603
2026-01-04 22:00:00+00:00,11060.3397
2026-01-04 22:15:00+00:00,11060.3397
2026-01-04 22:30:00+00:00,11060.3397
2026-01-04 22:45:00+00:00,11060.3397
2026-01-04 23:00:00+00:00,11060.3397
2026-01-04 23:15:00+00:00,11060.3397
2026-01-04 23:30:00+00:00,11060.3397
2026-01-04 23:45:00+00:00,11281.5465
2026-01-05 00:00:00+00:00,11281.5465
2026-01-05 00:15:00+00:00,11281.5465
2026-01-05 00:30:00+00:00,11281.5465
2026-01-05 00:45:00+00:00,11281.5465
2026-01-05 01:00:00+00:00,11507.1775
2026-01-05 01:15:00+00:00,11507.1775
2026-01-05 01:30:00+00:00,11507.1775
2026-01-05 01:45:00+00:00,11507.1775
2026-01-05 02:00:00+00:00,11507.1775
2026-01-05 02:15:00+00:00,11507.1775
2026-01-05 02:30:00+00:00,11507.1775
2026-01-05 02:45:00+00:00,11507.1775
2026-01-05 03:00:00+00:00,11507.1775
2026-01-05 03:15:00+00:00,11507.1775
2026-01-05 03:30:00+00:00,11507.1775
2026-01-05 03:45:00+00:00,11507.1775
2026-01-05 04:00:00+00:00,11507.1775
2026-01-05 04:15:00+00:00,11507.1775
2026-01-05 04:30:00+00:00,11507.1775
2026-01-05 04:45:00+00:00,11507.1775
2026-01-05 05:00:00+00:00,11507.1775
2026-01-05 05:15:00+00:00,11507.1775
2026-01-05 05:30:00+00:00,11507.1775
2026-01-05 05:45:00+00:00,11392.1057
2026-01-05 06:00:00+00:00,11392.1057
2026-01-05 06:15:00+00:00,11278.1846
2026-01-05 06:30:00+00:00,11278.1846
2026-01-05 06:45:00+00:00,11278.1846
2026-01-05 07:00:00+00:00,11278.1846
2026-01-05 07:15:00+00:00,11278.1846
2026-01-05 07:30:00+00:00,11278.1846
2026-01-05 07:45:00+00:00,11278.1846
2026-01-05 08:00:00+00:00,11278.1846
2026-01-05 08:15:00+00:00,11278.1846
2026-01-05 08:30:00+00:00,11278.1846
2026-01-05 08:45:00+00:00,11278.1846
2026-01-05 09:00:00+00:00,11278.1846
2026-01-05 09:15:00+00:00,11278.1846
2026-01-05 09:30:00+00:00,11278.1846
2026-01-05 09:45:00+00:00,11278.1846
2026-01-05 10:00:00+00:00,11278.1846
2026-01-05 10:15:00+00:00,11278.1846
2026-01-05 10:30:00+00:00,11503.7483
2026-01-05 10:45:00+00:00,11503.7483
2026-01-05 11:00:00+00:00,11503.7483
2026-01-05 11:15:00+00:00,11503.7483
2026-01-05 11:30:00+00:00,11503.7483
2026-01-05 11:45:00+00:00,11733.8233
2026-01-05 12:00:00+00:00,11733.8233
2026-01-05 12:15:00+00:00,11616.4851
2026-01-05 12:30:00+00:00,11616.4851
2026-01-05 12:45:00+00:00,11616.4851
2026-01-05 13:00:00+00:00,11616.4851
2026-01-05 13:15:00+00:00,11500.3202
2026-01-05 13:30:00+00:00,11500.3202
2026-01-05 13:45:00+00:00,11500.3202
2026-01-05 14:00:00+00:00,11500.3202
2026-01-05 14:15:00+00:00,11500.3202
2026-01-05 14:30:00+00:00,11730.3266
2026-01-05 14:45:00+00:00,11730.3266
2026-01-05 15:00:00+00:00,11730.3266
2026-01-05 15:15:00+00:00,11730.3266
2026-01-05 15:30:00+00:00,11730.3266
2026-01-05 15:45:00+00:00,11730.3266
2026-01-05 16:00:00+00:00,11730.3266
2026-01-05 16:15:00+00:00,11730.3266
2026-01-05 16:30:00+00:00,11730.3266
2026-01-05 16:45:00+00:00,11730.3266
2026-01-05 17:00:00+00:00,11730.3266
2026-01-05 17:15:00+00:00,11730.3266
2026-01-05 17:30:00+00:00,11730.3266
2026-01-05 17:45:00+00:00,11730.3266
2026-01-05 18:00:00+00:00,11730.3266
2026-01-05 18:15:00+00:00,11730.3266
2026-01-05 18:30:00+00:00,11730.3266
2026-01-05 18:45:00+00:00,11730.3266
2026-01-05 19:00:00+00:00,11730.3266
2026-01-05 19:15:00+00:00,11730.3266
2026-01-05 19:30:00+00:00,11730.3266
2026-01-05 19:45:00+00:00,11730.3266
2026-01-05 20:00:00+00:00,11730.3266
2026-01-05 20:15:00+00:00,11730.3266
2026-01-05 20:30:00+00:00,11730.3266
2026-01-05 20:45:00+00:00,11730.3266
2026-01-05 21:00:00+00:00,11730.3266
2026-01-05 21:15:00+00:00,11730.3266
2026-01-05 21:30:00+00:00,11730.3266
2026-01-05 21:45:00+00:00,11730.3266
2026-01-05 22:00:00+00:00,11730.3266
2026-01-05 22:15:00+00:00,11730.3266
2026-01-05 22:30:00+00:00,11730.3266
2026-01-05 22:45:00+00:00,11730.3266
2026-01-05 23:00:00+00:00,11730.3266
2026-01-05 23:15:00+00:00,11730.3266
2026-01-05 23:30:00+00:00,11730.3266
2026-01-05 23:45:00+00:00,11730.3266
2026-01-06 00:00:00+00:00,11613.0234
2026-01-06 00:15:00+00:00,11613.0234
2026-01-06 00:30:00+00:00,11496.8931
2026-01-06 00:45:00+00:00,11496.8931
2026-01-06 01:00:00+00:00,11496.8931
2026-01-06 01:15:00+00:00,11496.8931
2026-01-06 01:30:00+00:00,11496.8931
2026-01-06 01:45:00+00:00,11496.8931
2026-01-06 02:00:00+00:00,11496.8931
2026-01-06 02:15:00+00:00,11496.8931
2026-01-06 02:30:00+00:00,11381.9242
2026-01-06 02:45:00+00:00,11381.9242
2026-01-06 03:00:00+00:00,11381.9242
2026-01-06 03:15:00+00:00,11609.5627
2026-01-06 03:30:00+00:00,11609.5627
2026-01-06 03:45:00+00:00,11609.5627
2026-01-06 04:00:00+00:00,11609.5627
2026-01-06 04:15:00+00:00,11609.5627
2026-01-06 04:30:00+00:00,11609.5627
2026-01-06 04:45:00+00:00,11609.5627
2026-01-06 05:00:00+00:00,11493.467
2026-01-06 05:15:00+00:00,11493.467
2026-01-06 05:30:00+00:00,11493.467
2026-01-06 05:45:00+00:00,11493.467
2026-01-06 06:00:00+00:00,11493.467
2026-01-06 06:15:00+00:00,11493.467
2026-01-06 06:30:00+00:00,11493.467
2026-01-06 06:45:00+00:00,11493.467
2026-01-06 07:00:00+00:00,11493.467
2026-01-06 07:15:00+00:00,11378.5324
2026-01-06 07:30:00+00:00,11378.5324
2026-01-06 07:45:00+00:00,11378.5324
2026-01-06 08:00:00+00:00,11378.5324
2026-01-06 08:15:00+00:00,11378.5324
2026-01-06 08:30:00+00:00,11378.5324
2026-01-06 08:45:00+00:00,11264.7471
2026-01-06 09:00:00+00:00,11264.7471
2026-01-06 09:15:00+00:00,11264.7471
2026-01-06 09:30:00+00:00,11264.7471
2026-01-06 09:45:00+00:00,11152.0996
2026-01-06 10:00:00+00:00,11152.0996
2026-01-06 10:15:00+00:00,11152.0996
2026-01-06 10:30:00+00:00,11152.0996
2026-01-06 10:45:00+00:00,11375.1416
2026-01-06 11:00:00+00:00,11375.1416
2026-01-06 11:15:00+00:00,11375.1416
2026-01-06 11:30:00+00:00,11375.1416
2026-01-06 11:45:00+00:00,11261.3902
2026-01-06 12:00:00+00:00,11261.3902
2026-01-06 12:15:00+00:00,11261.3902
2026-01-06 12:30:00+00:00,11261.3902
2026-01-06 12:45:00+00:00,11261.3902
2026-01-06 13:00:00+00:00,11261.3902
2026-01-06 13:15:00+00:00,11261.3902
2026-01-06 13:30:00+00:00,11486.618
2026-01-06 13:45:00+00:00,11486.618
2026-01-06 14:00:00+00:00,11716.3503
2026-01-06 14:15:00+00:00,11716.3503
2026-01-06 14:30:00+00:00,11599.1868
2026-01-06 14:45:00+00:00,11599.1868
2026-01-06 15:00:00+00:00,11599.1868
2026-01-06 15:15:00+00:00,11599.1868
2026-01-06 15:30:00+00:00,11483.1949
2026-01-06 15:45:00+00:00,11483.1949
2026-01-06 16:00:00+00:00,11483.1949
2026-01-06 16:15:00+00:00,11368.363
2026-01-06 16:30:00+00:00,11368.363
2026-01-06 16:45:00+00:00,11368.363
2026-01-06 17:00:00+00:00,11368.363
2026-01-06 17:15:00+00:00,11368.363
2026-01-06 17:30:00+00:00,11254.6794
2026-01-06 17:45:00+00:00,11254.6794
2026-01-06 18:00:00+00:00,11254.6794
2026-01-06 18:15:00+00:00,11254.6794
2026-01-06 18:30:00+00:00,11254.6794
2026-01-06 18:45:00+00:00,11254.6794
2026-01-06 19:00:00+00:00,11254.6794
2026-01-06 19:15:00+00:00,11254.6794
2026-01-06 19:30:00+00:00,11254.6794
2026-01-06 19:45:00+00:00,11254.6794
2026-01-06 20:00:00+00:00,11254.6794
2026-01-06 20:15:00+00:00,11254.6794
2026-01-06 20:30:00+00:00,11254.6794
2026-01-06 20:45:00+00:00,11254.6794
2026-01-06 21:00:00+00:00,11142.1326
2026-01-06 21:15:00+00:00,11142.1326
2026-01-06 21:30:00+00:00,11142.1326
2026-01-06 21:45:00+00:00,11142.1326
2026-01-06 22:00:00+00:00,11142.1326
2026-01-06 22:15:00+00:00,11142.1326
2026-01-06 22:30:00+00:00,11142.1326
2026-01-06 22:45:00+00:00,11142.1326
2026-01-06 23:00:00+00:00,11142.1326
2026-01-06 23:15:00+00:00,11142.1326
2026-01-06 23:30:00+00:00,11030.7112
2026-01-06 23:45:00+00:00,11030.7112
2026-01-07 00:00:00+00:00,11030.7112
2026-01-07 00:15:00+00:00,11030.7112
2026-01-07 00:30:00+00:00,11251.3255
2026-01-07 00:45:00+00:00,11251.3255
2026-01-07 01:00:00+00:00,11251.3255
2026-01-07 01:15:00+00:00,11251.3255
2026-01-07 01:30:00+00:00,11251.3255
2026-01-07 01:45:00+00:00,11251.3255
2026-01-07 02:00:00+00:00,11251.3255
2026-01-07 02:15:00+00:00,11251.3255
2026-01-07 02:30:00+00:00,11251.3255
2026-01-07 02:45:00+00:00,11251.3255
2026-01-07 03:00:00+00:00,11251.3255
2026-01-07 03:15:00+00:00,11251.3255
2026-01-07 03:30:00+00:00,11251.3255
2026-01-07 03:45:00+00:00,11251.3255
2026-01-07 04:00:00+00:00,11251.3255
2026-01-07 04:15:00+00:00,11251.3255
2026-01-07 04:30:00+00:00,11251.3255
2026-01-07 04:45:00+00:00,11251.3255
2026-01-07 05:00:00+00:00,11251.3255
2026-01-07 05:15:00+00:00,11251.3255
2026-01-07 05:30:00+00:00,11251.3255
2026-01-07 05:45:00+00:00,11251.3255
2026-01-07 06:00:00+00:00,11251.3255
2026-01-07 06:15:00+00:00,11251.3255
2026-01-07 06:30:00+00:00,11251.3255
2026-01-07 06:45:00+00:00,11251.3255
2026-01-07 07:00:00+00:00,11251.3255
2026-01-07 07:15:00+00:00,11251.3255
2026-01-07 07:30:00+00:00,11251.3255
2026-01-07 07:45:00+00:00,11251.3255
2026-01-07 08:00:00+00:00,11251.3255
2026-01-07 08:15:00+00:00,11251.3255
2026-01-07 08:30:00+00:00,11251.3255
2026-01-07 08:45:00+00:00,11251.3255
2026-01-07 09:00:00+00:00,11251.3255
2026-01-07 09:15:00+00:00,11251.3255
2026-01-07 09:30:00+00:00,11476.352
2026-01-07 09:45:00+00:00,11476.352
2026-01-07 10:00:00+00:00,11476.352
2026-01-07 10:15:00+00:00,11476.352
2026-01-07 10:30:00+00:00,11476.352
2026-01-07 10:45:00+00:00,11476.352
2026-01-07 11:00:00+00:00,11476.352
2026-01-07 11:15:00+00:00,11476.352
2026-01-07 11:30:00+00:00,11476.352
2026-01-07 11:45:00+00:00,11476.352
2026-01-07 12:00:00+00:00,11476.352
2026-01-07 12:15:00+00:00,11476.352
2026-01-07 12:30:00+00:00,11476.352
2026-01-07 12:45:00+00:00,11476.352
2026-01-07 13:00:00+00:00,11705.879
2026-01-07 13:15:00+00:00,11705.879
2026-01-07 13:30:00+00:00,11705.879
2026-01-07 13:45:00+00:00,11705.879
2026-01-07 14:00:00+00:00,11939.9966
2026-01-07 14:15:00+00:00,11939.9966
2026-01-07 14:30:00+00:00,11939.9966
2026-01-07 14:45:00+00:00,11939.9966
2026-01-07 15:00:00+00:00,11939.9966
2026-01-07 15:15:00+00:00,11939.9966
2026-01-07 15:30:00+00:00,11939.9966
2026-01-07 15:45:00+00:00,11939.9966
2026-01-07 16:00:00+00:00,11939.9966
2026-01-07 16:15:00+00:00,11939.9966
2026-01-07 16:30:00+00:00,11939.9966
2026-01-07 16:45:00+00:00,11939.9966
2026-01-07 17:00:00+00:00,11939.9966
2026-01-07 17:15:00+00:00,11939.9966
2026-01-07 17:30:00+00:00,11939.9966
2026-01-07 17:45:00+00:00,11939.9966
2026-01-07 18:00:00+00:00,11939.9966
2026-01-07 18:15:00+00:00,11939.9966
2026-01-07 18:30:00+00:00,11939.9966
2026-01-07 18:45:00+00:00,12178.7965
2026-01-07 19:00:00+00:00,12178.7965
2026-01-07 19:15:00+00:00,12178.7965
2026-01-07 19:30:00+00:00,12178.7965
2026-01-07 19:45:00+00:00,12178.7965
2026-01-07 20:00:00+00:00,12178.7965
2026-01-07 20:15:00+00:00,12178.7965
2026-01-07 20:30:00+00:00,12178.7965
2026-01-07 20:45:00+00:00,12178.7965
2026-01-07 21:00:00+00:00,12178.7965
2026-01-07 21:15:00+00:00,12178.7965
2026-01-07 21:30:00+00:00,12178.7965
2026-01-07 21:45:00+00:00,12178.7965
2026-01-07 22:00:00+00:00,12422.3725
2026-01-07 22:15:00+00:00,12422.3725
2026-01-07 22:30:00+00:00,12422.3725
2026-01-07 22:45:00+00:00,12422.3725
2026-01-07 23:00:00+00:00,12422.3725
2026-01-07 23:15:00+00:00,12298.1487
2026-01-07 23:30:00+00:00,12298.1487
2026-01-07 23:45:00+00:00,12298.1487
2026-01-08 00:00:00+00:00,12175.1673
2026-01-08 00:15:00+00:00,12175.1673
2026-01-08 00:30:00+00:00,12175.1673
2026-01-08 00:45:00+00:00,12053.4156
2026-01-08 01:00:00+00:00,12053.4156
2026-01-08 01:15:00+00:00,12053.4156
2026-01-08 01:30:00+00:00,12053.4156
2026-01-08 01:45:00+00:00,12053.4156
2026-01-08 02:00:00+00:00,12053.4156
2026-01-08 02:15:00+00:00,12053.4156
2026-01-08 02:30:00+00:00,12294.4839
2026-01-08 02:45:00+00:00,12294.4839
2026-01-08 03:00:00+00:00,12294.4839
2026-01-08 03:15:00+00:00,12294.4839
2026-01-08 03:30:00+00:00,12294.4839
2026-01-08 03:45:00+00:00,12540.3736
2026-01-08 04:00:00+00:00,12540.3736
2026-01-08 04:15:00+00:00,12414.9698
2026-01-08 04:30:00+00:00,12414.9698
2026-01-08 04:45:00+00:00,12414.9698
2026-01-08 05:00:00+00:00,12290.8201
2026-01-08 05:15:00+00:00,12290.8201
2026-01-08 05:30:00+00:00,12290.8201
2026-01-08 05:45:00+00:00,12290.8201
2026-01-08 06:00:00+00:00,12536.6365
2026-01-08 06:15:00+00:00,12536.6365
2026-01-08 06:30:00+00:00,12536.6365
2026-01-08 06:45:00+00:00,12536.6365
2026-01-08 07:00:00+00:00,12536.6365
2026-01-08 07:15:00+00:00,12536.6365
2026-01-08 07:30:00+00:00,12536.6365
2026-01-08 07:45:00+00:00,12536.6365
2026-01-08 08:00:00+00:00,12536.6365
2026-01-08 08:15:00+00:00,12536.6365
2026-01-08 08:30:00+00:00,12536.6365
2026-01-08 08:45:00+00:00,12536.6365
2026-01-08 09:00:00+00:00,12536.6365
2026-01-08 09:15:00+00:00,12536.6365
2026-01-08 09:30:00+00:00,12536.6365
2026-01-08 09:45:00+00:00,12536.6365
2026-01-08 10:00:00+00:00,12536.6365
2026-01-08 10:15:00+00:00,12536.6365
2026-01-08 10:30:00+00:00,12536.6365
2026-01-08 10:45:00+00:00,12536.6365
2026-01-08 11:00:00+00:00,12536.6365
2026-01-08 11:15:00+00:00,12536.6365
2026-01-08 11:30:00+00:00,12536.6365
2026-01-08 11:45:00+00:00,12536.6365
2026-01-08 12:00:00+00:00,12536.6365
2026-01-08 12:15:00+00:00,12536.6365
2026-01-08 12:30:00+00:00,12536.6365
2026-01-08 12:45:00+00:00,12536.6365
2026-01-08 13:00:00+00:00,12536.6365
2026-01-08 13:15:00+00:00,12536.6365
2026-01-08 13:30:00+00:00,12536.6365
2026-01-08 13:45:00+00:00,12536.6365
2026-01-08 14:00:00+00:00,12536.6365
2026-01-08 14:15:00+00:00,12787.3693
2026-01-08 14:30:00+00:00,12787.3693
2026-01-08 14:45:00+00:00,12787.3693
2026-01-08 15:00:00+00:00,12787.3693
2026-01-08 15:15:00+00:00,12787.3693
2026-01-08 15:30:00+00:00,12787.3693
2026-01-08 15:45:00+00:00,12659.4956
2026-01-08 16:00:00+00:00,12659.4956
2026-01-08 16:15:00+00:00,12659.4956
2026-01-08 16:30:00+00:00,12659.4956
2026-01-08 16:45:00+00:00,12532.9006
2026-01-08 17:00:00+00:00,12532.9006
2026-01-08 17:15:00+00:00,12532.9006
2026-01-08 17:30:00+00:00,12407.5716
2026-01-08 17:45:00+00:00,12407.5716
2026-01-08 18:00:00+00:00,12407.5716
2026-01-08 18:15:00+00:00,12407.5716
2026-01-08 18:30:00+00:00,12407.5716
2026-01-08 18:45:00+00:00,12407.5716
2026-01-08 19:00:00+00:00,12407.5716
2026-01-08 19:15:00+00:00,12407.5716
2026-01-08 19:30:00+00:00,12407.5716
2026-01-08 19:45:00+00:00,12407.5716
2026-01-08 20:00:00+00:00,12655.723
2026-01-08 20:15:00+00:00,12655.723
2026-01-08 20:30:00+00:00,12655.723
2026-01-08 20:45:00+00:00,12655.723
2026-01-08 21:00:00+00:00,12655.723
2026-01-08 21:15:00+00:00,12655.723
2026-01-08 21:30:00+00:00,12908.8375
2026-01-08 21:45:00+00:00,12908.8375
2026-01-08 22:00:00+00:00,12908.8375
2026-01-08 22:15:00+00:00,12908.8375
2026-01-08 22:30:00+00:00,12779.7491
2026-01-08 22:45:00+00:00,12779.7491
2026-01-08 23:00:00+00:00,12779.7491
2026-01-08 23:15:00+00:00,12779.7491
2026-01-08 23:30:00+00:00,12651.9516
2026-01-08 23:45:00+00:00,12651.9516
2026-01-09 00:00:00+00:00,12651.9516
2026-01-09 00:15:00+00:00,12651.9516
2026-01-09 00:30:00+00:00,12651.9516
2026-01-09 00:45:00+00:00,12651.9516
2026-01-09 01:00:00+00:00,12904.9907
2026-01-09 01:15:00+00:00,12904.9907
2026-01-09 01:30:00+00:00,12775.9408
2026-01-09 01:45:00+00:00,12775.9408
2026-01-09 02:00:00+00:00,13031.4596
2026-01-09 02:15:00+00:00,13031.4596
2026-01-09 02:30:00+00:00,13031.4596
2026-01-09 02:45:00+00:00,13031.4596
2026-01-09 03:00:00+00:00,13031.4596
2026-01-09 03:15:00+00:00,12901.145
2026-01-09 03:30:00+00:00,12901.145
2026-01-09 03:45:00+00:00,12901.145
2026-01-09 04:00:00+00:00,12901.145
2026-01-09 04:15:00+00:00,12901.145
2026-01-09 04:30:00+00:00,12772.1335
2026-01-09 04:45:00+00:00,12772.1335
2026-01-09 05:00:00+00:00,12772.1335
2026-01-09 05:15:00+00:00,12644.4122
2026-01-09 05:30:00+00:00,12644.4122
2026-01-09 05:45:00+00:00,12644.4122
2026-01-09 06:00:00+00:00,12644.4122
2026-01-09 06:15:00+00:00,12644.4122
2026-01-09 06:30:00+00:00,12644.4122
2026-01-09 06:45:00+00:00,12644.4122
2026-01-09 07:00:00+00:00,12644.4122
2026-01-09 07:15:00+00:00,12644.4122
2026-01-09 07:30:00+00:00,12517.9681
2026-01-09 07:45:00+00:00,12517.9681
2026-01-09 08:00:00+00:00,12517.9681
2026-01-09 08:15:00+00:00,12517.9681
2026-01-09 08:30:00+00:00,12392.7884
2026-01-09 08:45:00+00:00,12392.7884
2026-01-09 09:00:00+00:00,12392.7884
2026-01-09 09:15:00+00:00,12392.7884
2026-01-09 09:30:00+00:00,12392.7884
2026-01-09 09:45:00+00:00,12268.8605
2026-01-09 10:00:00+00:00,12268.8605
2026-01-09 10:15:00+00:00,12268.8605
2026-01-09 10:30:00+00:00,12268.8605
2026-01-09 10:45:00+00:00,12268.8605
2026-01-09 11:00:00+00:00,12146.1719
2026-01-09 11:15:00+00:00,12146.1719
2026-01-09 11:30:00+00:00,12146.1719
2026-01-09 11:45:00+00:00,12146.1719
2026-01-09 12:00:00+00:00,12146.1719
2026-01-09 12:15:00+00:00,12389.0953
2026-01-09 12:30:00+00:00,12389.0953
2026-01-09 12:45:00+00:00,12389.0953
2026-01-09 13:00:00+00:00,12389.0953
2026-01-09 13:15:00+00:00,12389.0953
2026-01-09 13:30:00+00:00,12265.2044
2026-01-09 13:45:00+00:00,12265.2044
2026-01-09 14:00:00+00:00,12510.5085
2026-01-09 14:15:00+00:00,12510.5085
2026-01-09 14:30:00+00:00,12510.5085
2026-01-09 14:45:00+00:00,12510.5085
2026-01-09 15:00:00+00:00,12510.5085
2026-01-09 15:15:00+00:00,12385.4034
2026-01-09 15:30:00+00:00,12385.4034
2026-01-09 15:45:00+00:00,12385.4034
2026-01-09 16:00:00+00:00,12385.4034
2026-01-09 16:15:00+00:00,12385.4034
2026-01-09 16:30:00+00:00,12385.4034
2026-01-09 16:45:00+00:00,12385.4034
2026-01-09 17:00:00+00:00,12385.4034
2026-01-09 17:15:00+00:00,12385.4034
2026-01-09 17:30:00+00:00,12385.4034
2026-01-09 17:45:00+00:00,12385.4034
2026-01-09 18:00:00+00:00,12385.4034
2026-01-09 18:15:00+00:00,12385.4034
2026-01-09 18:30:00+00:00,12385.4034
2026-01-09 18:45:00+00:00,12385.4034
2026-01-09 19:00:00+00:00,12385.4034
2026-01-09 19:15:00+00:00,12385.4034
2026-01-09 19:30:00+00:00,12385.4034
2026-01-09 19:45:00+00:00,12385.4034
2026-01-09 20:00:00+00:00,12385.4034
2026-01-09 20:15:00+00:00,12385.4034
2026-01-09 20:30:00+00:00,12385.4034
2026-01-09 20:45:00+00:00,12385.4034
2026-01-09 21:00:00+00:00,12385.4034
2026-01-09 21:15:00+00:00,12385.4034
2026-01-09 21:30:00+00:00,12385.4034
2026-01-09 21:45:00+00:00,12385.4034
2026-01-09 22:00:00+00:00,12385.4034
2026-01-09 22:15:00+00:00,12385.4034
2026-01-09 22:30:00+00:00,12385.4034
2026-01-09 22:45:00+00:00,12385.4034
2026-01-09 23:00:00+00:00,12385.4034
2026-01-09 23:15:00+00:00,12385.4034
2026-01-09 23:30:00+00:00,12385.4034
2026-01-09 23:45:00+00:00,12385.4034
2026-01-10 00:00:00+00:00,12385.4034
2026-01-10 00:15:00+00:00,12385.4034
2026-01-10 00:30:00+00:00,12385.4034
2026-01-10 00:45:00+00:00,12385.4034
2026-01-10 01:00:00+00:00,12385.4034
2026-01-10 01:15:00+00:00,12385.4034
2026-01-10 01:30:00+00:00,12385.4034
2026-01-10 01:45:00+00:00,12385.4034
2026-01-10 02:00:00+00:00,12385.4034
2026-01-10 02:15:00+00:00,12385.4034
2026-01-10 02:30:00+00:00,12385.4034
2026-01-10 02:45:00+00:00,12385.4034
2026-01-10 03:00:00+00:00,12385.4034
2026-01-10 03:15:00+00:00,12385.4034
2026-01-10 03:30:00+00:00,12385.4034
2026-01-10 03:45:00+00:00,12385.4034
2026-01-10 04:00:00+00:00,12385.4034
2026-01-10 04:15:00+00:00,12385.4034
2026-01-10 04:30:00+00:00,12385.4034
2026-01-10 04:45:00+00:00,12385.4034
2026-01-10 05:00:00+00:00,12385.4034
2026-01-10 05:15:00+00:00,12385.4034
2026-01-10 05:30:00+00:00,12385.4034
2026-01-10 05:45:00+00:00,12385.4034
2026-01-10 06:00:00+00:00,12385.4034
2026-01-10 06:15:00+00:00,12385.4034
2026-01-10 06:30:00+00:00,12385.4034
2026-01-10 06:45:00+00:00,12385.4034
2026-01-10 07:00:00+00:00,12385.4034
2026-01-10 07:15:00+00:00,12385.4034
2026-01-10 07:30:00+00:00,12385.4034
2026-01-10 07:45:00+00:00,12385.4034
2026-01-10 08:00:00+00:00,12385.4034
2026-01-10 08:15:00+00:00,12385.4034
2026-01-10 08:30:00+00:00,12385.4034
2026-01-10 08:45:00+00:00,12385.4034
2026-01-10 09:00:00+00:00,12385.4034
2026-01-10 09:15:00+00:00,12385.4034
2026-01-10 09:30:00+00:00,12385.4034
2026-01-10 09:45:00+00:00,12385.4034
2026-01-10 10:00:00+00:00,12385.4034
2026-01-10 10:15:00+00:00,12385.4034
2026-01-10 10:30:00+00:00,12385.4034
2026-01-10 10:45:00+00:00,12385.4034
2026-01-10 11:00:00+00:00,12385.4034
2026-01-10 11:15:00+00:00,12385.4034
2026-01-10 11:30:00+00:00,12385.4034
2026-01-10 11:45:00+00:00,12385.4034
2026-01-10 12:00:00+00:00,12385.4034
2026-01-10 12:15:00+00:00,12385.4034
2026-01-10 12:30:00+00:00,12385.4034
2026-01-10 12:45:00+00:00,12385.4034
2026-01-10 13:00:00+00:00,12385.4034
2026-01-10 13:15:00+00:00,12385.4034
2026-01-10 13:30:00+00:00,12385.4034
2026-01-10 13:45:00+00:00,12385.4034
2026-01-10 14:00:00+00:00,12385.4034
2026-01-10 14:15:00+00:00,12385.4034
2026-01-10 14:30:00+00:00,12385.4034
2026-01-10 14:45:00+00:00,12385.4034
2026-01-10 15:00:00+00:00,12385.4034
2026-01-10 15:15:00+00:00,12385.4034
2026-01-10 15:30:00+00:00,12385.4034
2026-01-10 15:45:00+00:00,12385.4034
2026-01-10 16:00:00+00:00,12385.4034
2026-01-10 16:15:00+00:00,12385.4034
2026-01-10 16:30:00+00:00,12385.4034
2026-01-10 16:45:00+00:00,12385.4034
2026-01-10 17:00:00+00:00,12385.4034
2026-01-10 17:15:00+00:00,12385.4034
2026-01-10 17:30:00+00:00,12385.4034
2026-01-10 17:45:00+00:00,12385.4034
2026-01-10 18:00:00+00:00,12385.4034
2026-01-10 18:15:00+00:00,12385.4034
2026-01-10 18:30:00+00:00,12385.4034
2026-01-10 18:45:00+00:00,12385.4034
2026-01-10 19:00:00+00:00,12385.4034
2026-01-10 19:15:00+00:00,12385.4034
2026-01-10 19:30:00+00:00,12385.4034
2026-01-10 19:45:00+00:00,12385.4034
2026-01-10 20:00:00+00:00,12385.4034
2026-01-10 20:15:00+00:00,12385.4034
2026-01-10 20:30:00+00:00,12385.4034
2026-01-10 20:45:00+00:00,12385.4034
2026-01-10 21:00:00+00:00,12385.4034
2026-01-10 21:15:00+00:00,12385.4034
2026-01-10 21:30:00+00:00,12385.4034
2026-01-10 21:45:00+00:00,12385.4034
2026-01-10 22:00:00+00:00,12385.4034
2026-01-10 22:15:00+00:00,12385.4034
2026-01-10 22:30:00+00:00,12385.4034
2026-01-10 22:45:00+00:00,12385.4034
2026-01-10 23:00:00+00:00,12385.4034
2026-01-10 23:15:00+00:00,12385.4034
2026-01-10 23:30:00+00:00,12385.4034
2026-01-10 23:45:00+00:00,12385.4034
2026-01-11 00:00:00+00:00,12385.4034
2026-01-11 00:15:00+00:00,12385.4034
2026-01-11 00:30:00+00:00,12385.4034
2026-01-11 00:45:00+00:00,12385.4034
2026-01-11 01:00:00+00:00,12385.4034
2026-01-11 01:15:00+00:00,12385.4034
2026-01-11 01:30:00+00:00,12385.4034
2026-01-11 01:45:00+00:00,12385.4034
2026-01-11 02:00:00+00:00,12385.4034
2026-01-11 02:15:00+00:00,12385.4034
2026-01-11 02:30:00+00:00,12385.4034
2026-01-11 02:45:00+00:00,12385.4034
2026-01-11 03:00:00+00:00,12385.4034
2026-01-11 03:15:00+00:00,12385.4034
2026-01-11 03:30:00+00:00,12385.4034
2026-01-11 03:45:00+00:00,12385.4034
2026-01-11 04:00:00+00:00,12385.4034
2026-01-11 04:15:00+00:00,12385.4034
2026-01-11 04:30:00+00:00,12385.4034
2026-01-11 04:45:00+00:00,12385.4034
2026-01-11 05:00:00+00:00,12385.4034
2026-01-11 05:15:00+00:00,12385.4034
2026-01-11 05:30:00+00:00,12385.4034
2026-01-11 05:45:00+00:00,12385.4034
2026-01-11 06:00:00+00:00,12385.4034
2026-01-11 06:15:00+00:00,12385.4034
2026-01-11 06:30:00+00:00,12385.4034
2026-01-11 06:45:00+00:00,12385.4034
2026-01-11 07:00:00+00:00,12385.4034
2026-01-11 07:15:00+00:00,12385.4034
2026-01-11 07:30:00+00:00,12385.4034
2026-01-11 07:45:00+00:00,12385.4034
2026-01-11 08:00:00+00:00,12385.4034
2026-01-11 08:15:00+00:00,12385.4034
2026-01-11 08:30:00+00:00,12385.4034
2026-01-11 08:45:00+00:00,12385.4034
2026-01-11 09:00:00+00:00,12385.4034
2026-01-11 09:15:00+00:00,12385.4034
2026-01-11 09:30:00+00:00,12385.4034
2026-01-11 09:45:00+00:00,12385.4034
2026-01-11 10:00:00+00:00,12385.4034
2026-01-11 10:15:00+00:00,12385.4034
2026-01-11 10:30:00+00:00,12385.4034
2026-01-11 10:45:00+00:00,12385.4034
2026-01-11 11:00:00+00:00,12385.4034
2026-01-11 11:15:00+00:00,12385.4034
2026-01-11 11:30:00+00:00,12385.4034
2026-01-11 11:45:00+00:00,12385.4034
2026-01-11 12:00:00+00:00,12385.4034
2026-01-11 12:15:00+00:00,12385.4034
2026-01-11 12:30:00+00:00,12385.4034
2026-01-11 12:45:00+00:00,12385.4034
2026-01-11 13:00:00+00:00,12385.4034
2026-01-11 13:15:00+00:00,12385.4034
2026-01-11 13:30:00+00:00,12385.4034
2026-01-11 13:45:00+00:00,12385.4034
2026-01-11 14:00:00+00:00,12385.4034
2026-01-11 14:15:00+00:00,12385.4034
2026-01-11 14:30:00+00:00,12385.4034
2026-01-11 14:45:00+00:00,12385.4034
2026-01-11 15:00:00+00:00,12385.4034
2026-01-11 15:15:00+00:00,12385.4034
2026-01-11 15:30:00+00:00,12385.4034
2026-01-11 15:45:00+00:00,12385.4034
2026-01-11 16:00:00+00:00,12385.4034
2026-01-11 16:15:00+00:00,12385.4034
2026-01-11 16:30:00+00:00,12385.4034
2026-01-11 16:45:00+00:00,12385.4034
2026-01-11 17:00:00+00:00,12385.4034
2026-01-11 17:15:00+00:00,12385.4034
2026-01-11 17:30:00+00:00,12385.4034
2026-01-11 17:45:00+00:00,12385.4034
2026-01-11 18:00:00+00:00,12385.4034
2026-01-11 18:15:00+00:00,12385.4034
2026-01-11 18:30:00+00:00,12385.4034
2026-01-11 18:45:00+00:00,12385.4034
2026-01-11 19:00:00+00:00,12385.4034
2026-01-11 19:15:00+00:00,12385.4034
2026-01-11 19:30:00+00:00,12385.4034
2026-01-11 19:45:00+00:00,12385.4034
2026-01-11 20:00:00+00:00,12385.4034
2026-01-11 20:15:00+00:00,12385.4034
2026-01-11 20:30:00+00:00,12385.4034
2026-01-11 20:45:00+00:00,12385.4034
2026-01-11 21:00:00+00:00,12385.4034
2026-01-11 21:15:00+00:00,12385.4034
2026-01-11 21:30:00+00:00,12385.4034
2026-01-11 21:45:00+00:00,12385.4034
2026-01-11 22:00:00+00:00,12385.4034
2026-01-11 22:15:00+00:00,12385.4034
2026-01-11 22:30:00+00:00,12385.4034
2026-01-11 22:45:00+00:00,12385.4034
2026-01-11 23:00:00+00:00,12385.4034
2026-01-11 23:15:00+00:00,12385.4034
2026-01-11 23:30:00+00:00,12385.4034
2026-01-11 23:45:00+00:00,12385.4034
2026-01-12 00:00:00+00:00,12385.4034
2026-01-12 00:15:00+00:00,12385.4034
2026-01-12 00:30:00+00:00,12385.4034
2026-01-12 00:45:00+00:00,12385.4034
2026-01-12 01:00:00+00:00,12385.4034
2026-01-12 01:15:00+00:00,12385.4034
2026-01-12 01:30:00+00:00,12385.4034
2026-01-12 01:45:00+00:00,12385.4034
2026-01-12 02:00:00+00:00,12385.4034
2026-01-12 02:15:00+00:00,12385.4034
2026-01-12 02:30:00+00:00,12385.4034
2026-01-12 02:45:00+00:00,12261.5494
2026-01-12 03:00:00+00:00,12261.5494
2026-01-12 03:15:00+00:00,12261.5494
2026-01-12 03:30:00+00:00,12261.5494
2026-01-12 03:45:00+00:00,12261.5494
2026-01-12 04:00:00+00:00,12261.5494
2026-01-12 04:15:00+00:00,12261.5494
2026-01-12 04:30:00+00:00,12261.5494
2026-01-12 04:45:00+00:00,12261.5494
2026-01-12 05:00:00+00:00,12261.5494
2026-01-12 05:15:00+00:00,12261.5494
2026-01-12 05:30:00+00:00,12261.5494
2026-01-12 05:45:00+00:00,12261.5494
2026-01-12 06:00:00+00:00,12261.5494
2026-01-12 06:15:00+00:00,12138.9339
2026-01-12 06:30:00+00:00,12138.9339
2026-01-12 06:45:00+00:00,12138.9339
2026-01-12 07:00:00+00:00,12138.9339
2026-01-12 07:15:00+00:00,12138.9339
2026-01-12 07:30:00+00:00,12017.5445
2026-01-12 07:45:00+00:00,12017.5445
2026-01-12 08:00:00+00:00,12017.5445
2026-01-12 08:15:00+00:00,12017.5445
2026-01-12 08:30:00+00:00,11897.3691
2026-01-12 08:45:00+00:00,11897.3691
2026-01-12 09:00:00+00:00,11897.3691
2026-01-12 09:15:00+00:00,11897.3691
2026-01-12 09:30:00+00:00,11897.3691
2026-01-12 09:45:00+00:00,11897.3691
2026-01-12 10:00:00+00:00,11897.3691
2026-01-12 10:15:00+00:00,11897.3691
2026-01-12 10:30:00+00:00,11897.3691
2026-01-12 10:45:00+00:00,11778.3954
2026-01-12 11:00:00+00:00,11778.3954
2026-01-12 11:15:00+00:00,11778.3954
2026-01-12 11:30:00+00:00,11778.3954
2026-01-12 11:45:00+00:00,11778.3954
2026-01-12 12:00:00+00:00,11660.6114
2026-01-12 12:15:00+00:00,11660.6114
2026-01-12 12:30:00+00:00,11660.6114
2026-01-12 12:45:00+00:00,11544.0053
2026-01-12 13:00:00+00:00,11544.0053
2026-01-12 13:15:00+00:00,11544.0053
2026-01-12 13:30:00+00:00,11544.0053
2026-01-12 13:45:00+00:00,11544.0053
2026-01-12 14:00:00+00:00,11544.0053
2026-01-12 14:15:00+00:00,11544.0053
2026-01-12 14:30:00+00:00,11428.5653
2026-01-12 14:45:00+00:00,11428.5653
2026-01-12 15:00:00+00:00,11428.5653
2026-01-12 15:15:00+00:00,11428.5653
2026-01-12 15:30:00+00:00,11428.5653
2026-01-12 15:45:00+00:00,11428.5653
2026-01-12 16:00:00+00:00,11428.5653
2026-01-12 16:15:00+00:00,11428.5653
2026-01-12 16:30:00+00:00,11428.5653
2026-01-12 16:45:00+00:00,11428.5653
2026-01-12 17:00:00+00:00,11428.5653
2026-01-12 17:15:00+00:00,11428.5653
2026-01-12 17:30:00+00:00,11428.5653
2026-01-12 17:45:00+00:00,11428.5653
2026-01-12 18:00:00+00:00,11428.5653
2026-01-12 18:15:00+00:00,11428.5653
2026-01-12 18:30:00+00:00,11428.5653
2026-01-12 18:45:00+00:00,11428.5653
2026-01-12 19:00:00+00:00,11428.5653
2026-01-12 19:15:00+00:00,11428.5653
2026-01-12 19:30:00+00:00,11428.5653
2026-01-12 19:45:00+00:00,11428.5653
2026-01-12 20:00:00+00:00,11657.1366
2026-01-12 20:15:00+00:00,11657.1366
2026-01-12 20:30:00+00:00,11657.1366
2026-01-12 20:45:00+00:00,11657.1366
2026-01-12 21:00:00+00:00,11540.5652
2026-01-12 21:15:00+00:00,11540.5652
2026-01-12 21:30:00+00:00,11540.5652
2026-01-12 21:45:00+00:00,11540.5652
2026-01-12 22:00:00+00:00,11540.5652
2026-01-12 22:15:00+00:00,11540.5652
2026-01-12 22:30:00+00:00,11540.5652
2026-01-12 22:45:00+00:00,11540.5652
2026-01-12 23:00:00+00:00,11540.5652
2026-01-12 23:15:00+00:00,11540.5652
2026-01-12 23:30:00+00:00,11540.5652
2026-01-12 23:45:00+00:00,11540.5652
2026-01-13 00:00:00+00:00,11540.5652
2026-01-13 00:15:00+00:00,11540.5652
2026-01-13 00:30:00+00:00,11540.5652
2026-01-13 00:45:00+00:00,11540.5652
2026-01-13 01:00:00+00:00,11540.5652
2026-01-13 01:15:00+00:00,11540.5652
2026-01-13 01:30:00+00:00,11425.1596
2026-01-13 01:45:00+00:00,11425.1596
2026-01-13 02:00:00+00:00,11653.6628
2026-01-13 02:15:00+00:00,11653.6628
2026-01-13 02:30:00+00:00,11886.736
2026-01-13 02:45:00+00:00,11886.736
2026-01-13 03:00:00+00:00,11886.736
2026-01-13 03:15:00+00:00,11886.736
2026-01-13 03:30:00+00:00,11886.736
2026-01-13 03:45:00+00:00,11886.736
2026-01-13 04:00:00+00:00,11767.8686
2026-01-13 04:15:00+00:00,11767.8686
2026-01-13 04:30:00+00:00,11767.8686
2026-01-13 04:45:00+00:00,11650.19
2026-01-13 05:00:00+00:00,11650.19
2026-01-13 05:15:00+00:00,11650.19
2026-01-13 05:30:00+00:00,11650.19
2026-01-13 05:45:00+00:00,11650.19
2026-01-13 06:00:00+00:00,11650.19
2026-01-13 06:15:00+00:00,11650.19
2026-01-13 06:30:00+00:00,11650.19
2026-01-13 06:45:00+00:00,11650.19
2026-01-13 07:00:00+00:00,11650.19
2026-01-13 07:15:00+00:00,11650.19
2026-01-13 07:30:00+00:00,11650.19
2026-01-13 07:45:00+00:00,11650.19
2026-01-13 08:00:00+00:00,11650.19
2026-01-13 08:15:00+00:00,11650.19
2026-01-13 08:30:00+00:00,11650.19
2026-01-13 08:45:00+00:00,11650.19
2026-01-13 09:00:00+00:00,11883.1938
2026-01-13 09:15:00+00:00,11883.1938
2026-01-13 09:30:00+00:00,11883.1938
2026-01-13 09:45:00+00:00,11883.1938
2026-01-13 10:00:00+00:00,11883.1938
2026-01-13 10:15:00+00:00,11883.1938
2026-01-13 10:30:00+00:00,11764.3618
2026-01-13 10:45:00+00:00,11764.3618
2026-01-13 11:00:00+00:00,11764.3618
2026-01-13 11:15:00+00:00,11764.3618
2026-01-13 11:30:00+00:00,11764.3618
2026-01-13 11:45:00+00:00,11646.7182
2026-01-13 12:00:00+00:00,11646.7182
2026-01-13 12:15:00+00:00,11646.7182
2026-01-13 12:30:00+00:00,11646.7182
2026-01-13 12:45:00+00:00,11646.7182
2026-01-13 13:00:00+00:00,11646.7182
2026-01-13 13:15:00+00:00,11646.7182
2026-01-13 13:30:00+00:00,11879.6526
2026-01-13 13:45:00+00:00,11879.6526
2026-01-13 14:00:00+00:00,11879.6526
2026-01-13 14:15:00+00:00,11879.6526
2026-01-13 14:30:00+00:00,11879.6526
2026-01-13 14:45:00+00:00,11879.6526
2026-01-13 15:00:00+00:00,11879.6526
2026-01-13 15:15:00+00:00,11879.6526
2026-01-13 15:30:00+00:00,11879.6526
2026-01-13 15:45:00+00:00,12117.2456
2026-01-13 16:00:00+00:00,12117.2456
2026-01-13 16:15:00+00:00,12117.2456
2026-01-13 16:30:00+00:00,12117.2456
2026-01-13 16:45:00+00:00,12117.2456
2026-01-13 17:00:00+00:00,12117.2456
2026-01-13 17:15:00+00:00,12117.2456
2026-01-13 17:30:00+00:00,12117.2456
2026-01-13 17:45:00+00:00,12117.2456
2026-01-13 18:00:00+00:00,12117.2456
2026-01-13 18:15:00+00:00,12117.2456
2026-01-13 18:30:00+00:00,12117.2456
2026-01-13 18:45:00+00:00,12117.2456
2026-01-13 19:00:00+00:00,12117.2456
2026-01-13 19:15:00+00:00,12117.2456
2026-01-13 19:30:00+00:00,12117.2456
2026-01-13 19:45:00+00:00,12117.2456
2026-01-13 20:00:00+00:00,12117.2456
2026-01-13 20:15:00+00:00,12117.2456
2026-01-13 20:30:00+00:00,12117.2456
2026-01-13 20:45:00+00:00,12117.2456
2026-01-13 21:00:00+00:00,12117.2456
2026-01-13 21:15:00+00:00,12117.2456
2026-01-13 21:30:00+00:00,12117.2456
2026-01-13 21:45:00+00:00,12117.2456
2026-01-13 22:00:00+00:00,12117.2456
2026-01-13 22:15:00+00:00,12117.2456
2026-01-13 22:30:00+00:00,12117.2456
2026-01-13 22:45:00+00:00,12117.2456
2026-01-13 23:00:00+00:00,12117.2456
2026-01-13 23:15:00+00:00,12117.2456
2026-01-13 23:30:00+00:00,12117.2456
2026-01-13 23:45:00+00:00,12117.2456
2026-01-14 00:00:00+00:00,12117.2456
2026-01-14 00:15:00+00:00,12117.2456
2026-01-14 00:30:00+00:00,12117.2456
2026-01-14 00:45:00+00:00,12117.2456
2026-01-14 01:00:00+00:00,12117.2456
2026-01-14 01:15:00+00:00,12117.2456
2026-01-14 01:30:00+00:00,12117.2456
2026-01-14 01:45:00+00:00,12117.2456
2026-01-14 02:00:00+00:00,12117.2456
2026-01-14 02:15:00+00:00,12117.2456
2026-01-14 02:30:00+00:00,12117.2456
2026-01-14 02:45:00+00:00,12117.2456
2026-01-14 03:00:00+00:00,12117.2456
2026-01-14 03:15:00+00:00,12117.2456
2026-01-14 03:30:00+00:00,12117.2456
2026-01-14 03:45:00+00:00,12117.2456
2026-01-14 04:00:00+00:00,12117.2456
2026-01-14 04:15:00+00:00,12117.2456
2026-01-14 04:30:00+00:00,12117.2456
2026-01-14 04:45:00+00:00,12117.2456
2026-01-14 05:00:00+00:00,12117.2456
2026-01-14 05:15:00+00:00,12117.2456
2026-01-14 05:30:00+00:00,12117.2456
2026-01-14 05:45:00+00:00,12117.2456
2026-01-14 06:00:00+00:00,12117.2456
2026-01-14 06:15:00+00:00,12117.2456
2026-01-14 06:30:00+00:00,12117.2456
2026-01-14 06:45:00+00:00,12117.2456
2026-01-14 07:00:00+00:00,12117.2456
2026-01-14 07:15:00+00:00,12117.2456
2026-01-14 07:30:00+00:00,12117.2456
2026-01-14 07:45:00+00:00,12117.2456
2026-01-14 08:00:00+00:00,12117.2456
2026-01-14 08:15:00+00:00,12117.2456
2026-01-14 08:30:00+00:00,12117.2456
2026-01-14 08:45:00+00:00,12117.2456
2026-01-14 09:00:00+00:00,12117.2456
2026-01-14 09:15:00+00:00,12117.2456
2026-01-14 09:30:00+00:00,12117.2456
2026-01-14 09:45:00+00:00,12117.2456
2026-01-14 10:00:00+00:00,12117.2456
2026-01-14 10:15:00+00:00,12117.2456
2026-01-14 10:30:00+00:00,12117.2456
2026-01-14 10:45:00+00:00,12117.2456
2026-01-14 11:00:00+00:00,12117.2456
2026-01-14 11:15:00+00:00,12117.2456
2026-01-14 11:30:00+00:00,12117.2456
2026-01-14 11:45:00+00:00,12117.2456
2026-01-14 12:00:00+00:00,12117.2456
2026-01-14 12:15:00+00:00,12117.2456
2026-01-14 12:30:00+00:00,12117.2456
2026-01-14 12:45:00+00:00,12117.2456
2026-01-14 13:00:00+00:00,12117.2456
2026-01-14 13:15:00+00:00,12117.2456
2026-01-14 13:30:00+00:00,12117.2456
2026-01-14 13:45:00+00:00,12117.2456
2026-01-14 14:00:00+00:00,12117.2456
2026-01-14 14:15:00+00:00,12359.5905
2026-01-14 14:30:00+00:00,12359.5905
2026-01-14 14:45:00+00:00,12359.5905
2026-01-14 15:00:00+00:00,12359.5905
2026-01-14 15:15:00+00:00,12359.5905
2026-01-14 15:30:00+00:00,12359.5905
2026-01-14 15:45:00+00:00,12359.5905
2026-01-14 16:00:00+00:00,12359.5905
2026-01-14 16:15:00+00:00,12359.5905
2026-01-14 16:30:00+00:00,12359.5905
2026-01-14 16:45:00+00:00,12359.5905
2026-01-14 17:00:00+00:00,12359.5905
2026-01-14 17:15:00+00:00,12359.5905
2026-01-14 17:30:00+00:00,12359.5905
2026-01-14 17:45:00+00:00,12359.5905
2026-01-14 18:00:00+00:00,12359.5905
2026-01-14 18:15:00+00:00,12359.5905
2026-01-14 18:30:00+00:00,12359.5905
2026-01-14 18:45:00+00:00,12359.5905
2026-01-14 19:00:00+00:00,12359.5905
2026-01-14 19:15:00+00:00,12359.5905
2026-01-14 19:30:00+00:00,12359.5905
2026-01-14 19:45:00+00:00,12359.5905
2026-01-14 20:00:00+00:00,12359.5905
2026-01-14 20:15:00+00:00,12359.5905
2026-01-14 20:30:00+00:00,12359.5905
2026-01-14 20:45:00+00:00,12359.5905
2026-01-14 21:00:00+00:00,12359.5905
2026-01-14 21:15:00+00:00,12359.5905
2026-01-14 21:30:00+00:00,12359.5905
2026-01-14 21:45:00+00:00,12359.5905
2026-01-14 22:00:00+00:00,12359.5905
2026-01-14 22:15:00+00:00,12359.5905
2026-01-14 22:30:00+00:00,12359.5905
2026-01-14 22:45:00+00:00,12359.5905
2026-01-14 23:00:00+00:00,12359.5905
2026-01-14 23:15:00+00:00,12359.5905
2026-01-14 23:30:00+00:00,12359.5905
2026-01-14 23:45:00+00:00,12359.5905
2026-01-15 00:00:00+00:00,12235.9946
2026-01-15 00:15:00+00:00,12235.9946
2026-01-15 00:30:00+00:00,12235.9946
2026-01-15 00:45:00+00:00,12235.9946
2026-01-15 01:00:00+00:00,12235.9946
2026-01-15 01:15:00+00:00,12113.6347
2026-01-15 01:30:00+00:00,12113.6347
2026-01-15 01:45:00+00:00,12113.6347
2026-01-15 02:00:00+00:00,12113.6347
2026-01-15 02:15:00+00:00,12113.6347
2026-01-15 02:30:00+00:00,11992.4983
2026-01-15 02:45:00+00:00,11992.4983
2026-01-15 03:00:00+00:00,11992.4983
2026-01-15 03:15:00+00:00,11872.5734
2026-01-15 03:30:00+00:00,11872.5734
2026-01-15 03:45:00+00:00,11872.5734
2026-01-15 04:00:00+00:00,11872.5734
2026-01-15 04:15:00+00:00,12110.0248
2026-01-15 04:30:00+00:00,12110.0248
2026-01-15 04:45:00+00:00,12110.0248
2026-01-15 05:00:00+00:00,12110.0248
2026-01-15 05:15:00+00:00,12110.0248
2026-01-15 05:30:00+00:00,12110.0248
2026-01-15 05:45:00+00:00,12110.0248
2026-01-15 06:00:00+00:00,12110.0248
2026-01-15 06:15:00+00:00,12110.0248
2026-01-15 06:30:00+00:00,12110.0248
2026-01-15 06:45:00+00:00,12110.0248
2026-01-15 07:00:00+00:00,12110.0248
2026-01-15 07:15:00+00:00,12110.0248
2026-01-15 07:30:00+00:00,12352.2253
2026-01-15 07:45:00+00:00,12352.2253
2026-01-15 08:00:00+00:00,12228.7031
2026-01-15 08:15:00+00:00,12228.7031
2026-01-15 08:30:00+00:00,12228.7031
2026-01-15 08:45:00+00:00,12228.7031
2026-01-15 09:00:00+00:00,12228.7031
2026-01-15 09:15:00+00:00,12473.2771
2026-01-15 09:30:00+00:00,12473.2771
2026-01-15 09:45:00+00:00,12473.2771
2026-01-15 10:00:00+00:00,12473.2771
2026-01-15 10:15:00+00:00,12473.2771
2026-01-15 10:30:00+00:00,12473.2771
2026-01-15 10:45:00+00:00,12473.2771
2026-01-15 11:00:00+00:00,12473.2771
2026-01-15 11:15:00+00:00,12473.2771
2026-01-15 11:30:00+00:00,12348.5444
2026-01-15 11:45:00+00:00,12348.5444
2026-01-15 12:00:00+00:00,12348.5444
2026-01-15 12:15:00+00:00,12348.5444
2026-01-15 12:30:00+00:00,12348.5444
2026-01-15 12:45:00+00:00,12595.5152
2026-01-15 13:00:00+00:00,12595.5152
2026-01-15 13:15:00+00:00,12595.5152
2026-01-15 13:30:00+00:00,12469.5601
2026-01-15 13:45:00+00:00,12469.5601
2026-01-15 14:00:00+00:00,12718.9513
2026-01-15 14:15:00+00:00,12718.9513
2026-01-15 14:30:00+00:00,12718.9513
2026-01-15 14:45:00+00:00,12718.9513
2026-01-15 15:00:00+00:00,12718.9513
2026-01-15 15:15:00+00:00,12718.9513
2026-01-15 15:30:00+00:00,12591.7618
2026-01-15 15:45:00+00:00,12591.7618
2026-01-15 16:00:00+00:00,12591.7618
2026-01-15 16:15:00+00:00,12591.7618
2026-01-15 16:30:00+00:00,12591.7618
2026-01-15 16:45:00+00:00,12591.7618
2026-01-15 17:00:00+00:00,12591.7618
2026-01-15 17:15:00+00:00,12591.7618
2026-01-15 17:30:00+00:00,12591.7618
2026-01-15 17:45:00+00:00,12591.7618
2026-01-15 18:00:00+00:00,12591.7618
2026-01-15 18:15:00+00:00,12591.7618
2026-01-15 18:30:00+00:00,12591.7618
2026-01-15 18:45:00+00:00,12591.7618
2026-01-15 19:00:00+00:00,12591.7618
2026-01-15 19:15:00+00:00,12591.7618
2026-01-15 19:30:00+00:00,12465.8442
2026-01-15 19:45:00+00:00,12465.8442
2026-01-15 20:00:00+00:00,12465.8442
2026-01-15 20:15:00+00:00,12465.8442
2026-01-15 20:30:00+00:00,12465.8442
2026-01-15 20:45:00+00:00,12465.8442
2026-01-15 21:00:00+00:00,12465.8442
2026-01-15 21:15:00+00:00,12465.8442
2026-01-15 21:30:00+00:00,12465.8442
2026-01-15 21:45:00+00:00,12465.8442
2026-01-15 22:00:00+00:00,12465.8442
2026-01-15 22:15:00+00:00,12341.1857
2026-01-15 22:30:00+00:00,12341.1857
2026-01-15 22:45:00+00:00,12341.1857
2026-01-15 23:00:00+00:00,12341.1857
2026-01-15 23:15:00+00:00,12341.1857
2026-01-15 23:30:00+00:00,12341.1857
2026-01-15 23:45:00+00:00,12341.1857
2026-01-16 00:00:00+00:00,12341.1857
2026-01-16 00:15:00+00:00,12341.1857
2026-01-16 00:30:00+00:00,12341.1857
2026-01-16 00:45:00+00:00,12341.1857
2026-01-16 01:00:00+00:00,12341.1857
2026-01-16 01:15:00+00:00,12341.1857
2026-01-16 01:30:00+00:00,12341.1857
2026-01-16 01:45:00+00:00,12341.1857
2026-01-16 02:00:00+00:00,12341.1857
2026-01-16 02:15:00+00:00,12341.1857
2026-01-16 02:30:00+00:00,12341.1857
2026-01-16 02:45:00+00:00,12341.1857
2026-01-16 03:00:00+00:00,12341.1857
2026-01-16 03:15:00+00:00,12341.1857
2026-01-16 03:30:00+00:00,12341.1857
2026-01-16 03:45:00+00:00,12341.1857
2026-01-16 04:00:00+00:00,12341.1857
2026-01-16 04:15:00+00:00,12341.1857
2026-01-16 04:30:00+00:00,12588.0094
2026-01-16 04:45:00+00:00,12588.0094
2026-01-16 05:00:00+00:00,12588.0094
2026-01-16 05:15:00+00:00,12588.0094
2026-01-16 05:30:00+00:00,12462.1293
2026-01-16 05:45:00+00:00,12462.1293
2026-01-16 06:00:00+00:00,12462.1293
2026-01-16 06:15:00+00:00,12462.1293
2026-01-16 06:30:00+00:00,12462.1293
2026-01-16 06:45:00+00:00,12462.1293
2026-01-16 07:00:00+00:00,12462.1293
2026-01-16 07:15:00+00:00,12462.1293
2026-01-16 07:30:00+00:00,12462.1293
2026-01-16 07:45:00+00:00,12462.1293
2026-01-16 08:00:00+00:00,12462.1293
2026-01-16 08:15:00+00:00,12337.508
2026-01-16 08:30:00+00:00,12337.508
2026-01-16 08:45:00+00:00,12337.508
2026-01-16 09:00:00+00:00,12337.508
2026-01-16 09:15:00+00:00,12584.2582
2026-01-16 09:30:00+00:00,12584.2582
2026-01-16 09:45:00+00:00,12584.2582
2026-01-16 10:00:00+00:00,12835.9434
2026-01-16 10:15:00+00:00,12835.9434
2026-01-16 10:30:00+00:00,12835.9434
2026-01-16 10:45:00+00:00,12835.9434
2026-01-16 11:00:00+00:00,12835.9434
2026-01-16 11:15:00+00:00,12835.9434
2026-01-16 11:30:00+00:00,12835.9434
2026-01-16 11:45:00+00:00,12835.9434
2026-01-16 12:00:00+00:00,12835.9434
2026-01-16 12:15:00+00:00,12707.5839
2026-01-16 12:30:00+00:00,12707.5839
2026-01-16 12:45:00+00:00,12961.7356
2026-01-16 13:00:00+00:00,12961.7356
2026-01-16 13:15:00+00:00,12961.7356
2026-01-16 13:30:00+00:00,12961.7356
2026-01-16 13:45:00+00:00,12961.7356
2026-01-16 14:00:00+00:00,12961.7356
2026-01-16 14:15:00+00:00,12832.1183
2026-01-16 14:30:00+00:00,12832.1183
2026-01-16 14:45:00+00:00,12832.1183
2026-01-16 15:00:00+00:00,12832.1183
2026-01-16 15:15:00+00:00,12832.1183
2026-01-16 15:30:00+00:00,12832.1183
2026-01-16 15:45:00+00:00,12832.1183
2026-01-16 16:00:00+00:00,12832.1183
2026-01-16 16:15:00+00:00,12832.1183
2026-01-16 16:30:00+00:00,12832.1183
2026-01-16 16:45:00+00:00,12832.1183
2026-01-16 17:00:00+00:00,12832.1183
2026-01-16 17:15:00+00:00,12832.1183
2026-01-16 17:30:00+00:00,12832.1183
2026-01-16 17:45:00+00:00,12832.1183
2026-01-16 18:00:00+00:00,12832.1183
2026-01-16 18:15:00+00:00,12832.1183
2026-01-16 18:30:00+00:00,12832.1183
2026-01-16 18:45:00+00:00,12832.1183
2026-01-16 19:00:00+00:00,12832.1183
2026-01-16 19:15:00+00:00,12832.1183
2026-01-16 19:30:00+00:00,12832.1183
2026-01-16 19:45:00+00:00,12832.1183
2026-01-16 20:00:00+00:00,12832.1183
2026-01-16 20:15:00+00:00,12832.1183
2026-01-16 20:30:00+00:00,12832.1183
2026-01-16 20:45:00+00:00,12832.1183
2026-01-16 21:00:00+00:00,12832.1183
2026-01-16 21:15:00+00:00,12832.1183
2026-01-16 21:30:00+00:00,12832.1183
2026-01-16 21:45:00+00:00,12832.1183
2026-01-16 22:00:00+00:00,12832.1183
2026-01-16 22:15:00+00:00,12832.1183
2026-01-16 22:30:00+00:00,12832.1183
2026-01-16 22:45:00+00:00,12832.1183
2026-01-16 23:00:00+00:00,12832.1183
2026-01-16 23:15:00+00:00,12832.1183
2026-01-16 23:30:00+00:00,12832.1183
2026-01-16 23:45:00+00:00,12832.1183
2026-01-17 00:00:00+00:00,12832.1183
2026-01-17 00:15:00+00:00,12832.1183
2026-01-17 00:30:00+00:00,12832.1183
2026-01-17 00:45:00+00:00,12832.1183
2026-01-17 01:00:00+00:00,12832.1183
2026-01-17 01:15:00+00:00,12832.1183
2026-01-17 01:30:00+00:00,12832.1183
2026-01-17 01:45:00+00:00,12832.1183
2026-01-17 02:00:00+00:00,12832.1183
2026-01-17 02:15:00+00:00,12832.1183
2026-01-17 02:30:00+00:00,12832.1183
2026-01-17 02:45:00+00:00,12832.1183
2026-01-17 03:00:00+00:00,12832.1183
2026-01-17 03:15:00+00:00,12832.1183
2026-01-17 03:30:00+00:00,12832.1183
2026-01-17 03:45:00+00:00,12832.1183
2026-01-17 04:00:00+00:00,12832.1183
2026-01-17 04:15:00+00:00,12832.1183
2026-01-17 04:30:00+00:00,12832.1183
2026-01-17 04:45:00+00:00,12832.1183
2026-01-17 05:00:00+00:00,12832.1183
2026-01-17 05:15:00+00:00,12832.1183
2026-01-17 05:30:00+00:00,12832.1183
2026-01-17 05:45:00+00:00,12832.1183
2026-01-17 06:00:00+00:00,12832.1183
2026-01-17 06:15:00+00:00,12832.1183
2026-01-17 06:30:00+00:00,12832.1183
2026-01-17 06:45:00+00:00,12832.1183
2026-01-17 07:00:00+00:00,12832.1183
2026-01-17 07:15:00+00:00,12832.1183
2026-01-17 07:30:00+00:00,12832.1183
2026-01-17 07:45:00+00:00,12832.1183
2026-01-17 08:00:00+00:00,12832.1183
2026-01-17 08:15:00+00:00,12832.1183
2026-01-17 08:30:00+00:00,12832.1183
2026-01-17 08:45:00+00:00,12832.1183
2026-01-17 09:00:00+00:00,12832.1183
2026-01-17 09:15:00+00:00,12832.1183
2026-01-17 09:30:00+00:00,12832.1183
2026-01-17 09:45:00+00:00,12832.1183
2026-01-17 10:00:00+00:00,12832.1183
2026-01-17 10:15:00+00:00,12832.1183
2026-01-17 10:30:00+00:00,12832.1183
2026-01-17 10:45:00+00:00,12832.1183
2026-01-17 11:00:00+00:00,12832.1183
2026-01-17 11:15:00+00:00,12832.1183
2026-01-17 11:30:00+00:00,12832.1183
2026-01-17 11:45:00+00:00,12832.1183
2026-01-17 12:00:00+00:00,12832.1183
2026-01-17 12:15:00+00:00,12832.1183
2026-01-17 12:30:00+00:00,12832.1183
2026-01-17 12:45:00+00:00,12832.1183
2026-01-17 13:00:00+00:00,12832.1183
2026-01-17 13:15:00+00:00,12832.1183
2026-01-17 13:30:00+00:00,12832.1183
2026-01-17 13:45:00+00:00,12832.1183
2026-01-17 14:00:00+00:00,12832.1183
2026-01-17 14:15:00+00:00,12832.1183
2026-01-17 14:30:00+00:00,12832.1183
2026-01-17 14:45:00+00:00,12832.1183
2026-01-17 15:00:00+00:00,12832.1183
2026-01-17 15:15:00+00:00,12832.1183
2026-01-17 15:30:00+00:00,12832.1183
2026-01-17 15:45:00+00:00,12832.1183
2026-01-17 16:00:00+00:00,12832.1183
2026-01-17 16:15:00+00:00,12832.1183
2026-01-17 16:30:00+00:00,12832.1183
2026-01-17 16:45:00+00:00,12832.1183
2026-01-17 17:00:00+00:00,12832.1183
2026-01-17 17:15:00+00:00,12832.1183
2026-01-17 17:30:00+00:00,12832.1183
2026-01-17 17:45:00+00:00,12832.1183
2026-01-17 18:00:00+00:00,12832.1183
2026-01-17 18:15:00+00:00,12832.1183
2026-01-17 18:30:00+00:00,12832.1183
2026-01-17 18:45:00+00:00,12832.1183
2026-01-17 19:00:00+00:00,12832.1183
2026-01-17 19:15:00+00:00,12832.1183
2026-01-17 19:30:00+00:00,12832.1183
2026-01-17 19:45:00+00:00,12832.1183
2026-01-17 20:00:00+00:00,12832.1183
2026-01-17 20:15:00+00:00,12832.1183
2026-01-17 20:30:00+00:00,12832.1183
2026-01-17 20:45:00+00:00,12832.1183
2026-01-17 21:00:00+00:00,12832.1183
2026-01-17 21:15:00+00:00,12832.1183
2026-01-17 21:30:00+00:00,12832.1183
2026-01-17 21:45:00+00:00,12832.1183
2026-01-17 22:00:00+00:00,12832.1183
2026-01-17 22:15:00+00:00,12832.1183
2026-01-17 22:30:00+00:00,12832.1183
2026-01-17 22:45:00+00:00,12832.1183
2026-01-17 23:00:00+00:00,12832.1183
2026-01-17 23:15:00+00:00,12832.1183
2026-01-17 23:30:00+00:00,12832.1183
2026-01-17 23:45:00+00:00,12832.1183
2026-01-18 00:00:00+00:00,12832.1183
2026-01-18 00:15:00+00:00,12832.1183
2026-01-18 00:30:00+00:00,12832.1183
2026-01-18 00:45:00+00:00,12832.1183
2026-01-18 01:00:00+00:00,12832.1183
2026-01-18 01:15:00+00:00,12832.1183
2026-01-18 01:30:00+00:00,12832.1183
2026-01-18 01:45:00+00:00,12832.1183
2026-01-18 02:00:00+00:00,12832.1183
2026-01-18 02:15:00+00:00,12832.1183
2026-01-18 02:30:00+00:00,12832.1183
2026-01-18 02:45:00+00:00,12832.1183
2026-01-18 03:00:00+00:00,12832.1183
2026-01-18 03:15:00+00:00,12832.1183
2026-01-18 03:30:00+00:00,12832.1183
2026-01-18 03:45:00+00:00,12832.1183
2026-01-18 04:00:00+00:00,12832.1183
2026-01-18 04:15:00+00:00,12832.1183
2026-01-18 04:30:00+00:00,12832.1183
2026-01-18 04:45:00+00:00,12832.1183
2026-01-18 05:00:00+00:00,12832.1183
2026-01-18 05:15:00+00:00,12832.1183
2026-01-18 05:30:00+00:00,12832.1183
2026-01-18 05:45:00+00:00,12832.1183
2026-01-18 06:00:00+00:00,12832.1183
2026-01-18 06:15:00+00:00,12832.1183
2026-01-18 06:30:00+00:00,12832.1183
2026-01-18 06:45:00+00:00,12832.1183
2026-01-18 07:00:00+00:00,12832.1183
2026-01-18 07:15:00+00:00,12832.1183
2026-01-18 07:30:00+00:00,12832.1183
2026-01-18 07:45:00+00:00,12832.1183
2026-01-18 08:00:00+00:00,12832.1183
2026-01-18 08:15:00+00:00,12832.1183
2026-01-18 08:30:00+00:00,12832.1183
2026-01-18 08:45:00+00:00,12832.1183
2026-01-18 09:00:00+00:00,12832.1183
2026-01-18 09:15:00+00:00,12832.1183
2026-01-18 09:30:00+00:00,12832.1183
2026-01-18 09:45:00+00:00,12832.1183
2026-01-18 10:00:00+00:00,12832.1183
2026-01-18 10:15:00+00:00,12832.1183
2026-01-18 10:30:00+00:00,12832.1183
2026-01-18 10:45:00+00:00,12832.1183
2026-01-18 11:00:00+00:00,12832.1183
2026-01-18 11:15:00+00:00,12832.1183
2026-01-18 11:30:00+00:00,12832.1183
2026-01-18 11:45:00+00:00,12832.1183
2026-01-18 12:00:00+00:00,12832.1183
2026-01-18 12:15:00+00:00,12832.1183
2026-01-18 12:30:00+00:00,12832.1183
2026-01-18 12:45:00+00:00,12832.1183
2026-01-18 13:00:00+00:00,12832.1183
2026-01-18 13:15:00+00:00,12832.1183
2026-01-18 13:30:00+00:00,12832.1183
2026-01-18 13:45:00+00:00,12832.1183
2026-01-18 14:00:00+00:00,12832.1183
2026-01-18 14:15:00+00:00,12832.1183
2026-01-18 14:30:00+00:00,12832.1183
2026-01-18 14:45:00+00:00,12832.1183
2026-01-18 15:00:00+00:00,12832.1183
2026-01-18 15:15:00+00:00,12832.1183
2026-01-18 15:30:00+00:00,12832.1183
2026-01-18 15:45:00+00:00,12832.1183
2026-01-18 16:00:00+00:00,12832.1183
2026-01-18 16:15:00+00:00,12832.1183
2026-01-18 16:30:00+00:00,12832.1183
2026-01-18 16:45:00+00:00,12832.1183
2026-01-18 17:00:00+00:00,12832.1183
2026-01-18 17:15:00+00:00,12832.1183
2026-01-18 17:30:00+00:00,12832.1183
2026-01-18 17:45:00+00:00,12832.1183
2026-01-18 18:00:00+00:00,12832.1183
2026-01-18 18:15:00+00:00,12832.1183
2026-01-18 18:30:00+00:00,12832.1183
2026-01-18 18:45:00+00:00,12832.1183
2026-01-18 19:00:00+00:00,12832.1183
2026-01-18 19:15:00+00:00,12832.1183
2026-01-18 19:30:00+00:00,12832.1183
2026-01-18 19:45:00+00:00,12832.1183
2026-01-18 20:00:00+00:00,12832.1183
2026-01-18 20:15:00+00:00,12832.1183
2026-01-18 20:30:00+00:00,12832.1183
2026-01-18 20:45:00+00:00,12832.1183
2026-01-18 21:00:00+00:00,12832.1183
2026-01-18 21:15:00+00:00,12832.1183
2026-01-18 21:30:00+00:00,12832.1183
2026-01-18 21:45:00+00:00,12832.1183
2026-01-18 22:00:00+00:00,12832.1183
2026-01-18 22:15:00+00:00,12832.1183
2026-01-18 22:30:00+00:00,12832.1183
2026-01-18 22:45:00+00:00,12832.1183
2026-01-18 23:00:00+00:00,12832.1183
2026-01-18 23:15:00+00:00,12832.1183
2026-01-18 23:30:00+00:00,12832.1183
2026-01-18 23:45:00+00:00,13088.7606
2026-01-19 00:00:00+00:00,13088.7606
2026-01-19 00:15:00+00:00,13088.7606
2026-01-19 00:30:00+00:00,13088.7606
2026-01-19 00:45:00+00:00,13088.7606
2026-01-19 01:00:00+00:00,13088.7606
2026-01-19 01:15:00+00:00,13088.7606
2026-01-19 01:30:00+00:00,13088.7606
2026-01-19 01:45:00+00:00,13088.7606
2026-01-19 02:00:00+00:00,13088.7606
2026-01-19 02:15:00+00:00,13088.7606
2026-01-19 02:30:00+00:00,13088.7606
2026-01-19 02:45:00+00:00,13088.7606
2026-01-19 03:00:00+00:00,13088.7606
2026-01-19 03:15:00+00:00,13088.7606
2026-01-19 03:30:00+00:00,13088.7606
2026-01-19 03:45:00+00:00,13088.7606
2026-01-19 04:00:00+00:00,13088.7606
2026-01-19 04:15:00+00:00,13088.7606
2026-01-19 04:30:00+00:00,13088.7606
2026-01-19 04:45:00+00:00,13088.7606
2026-01-19 05:00:00+00:00,13088.7606
2026-01-19 05:15:00+00:00,13088.7606
2026-01-19 05:30:00+00:00,13088.7606
2026-01-19 05:45:00+00:00,13088.7606
2026-01-19 06:00:00+00:00,13088.7606
2026-01-19 06:15:00+00:00,13088.7606
2026-01-19 06:30:00+00:00,13088.7606
2026-01-19 06:45:00+00:00,13088.7606
2026-01-19 07:00:00+00:00,13088.7606
2026-01-19 07:15:00+00:00,13088.7606
2026-01-19 07:30:00+00:00,13088.7606
2026-01-19 07:45:00+00:00,13088.7606
2026-01-19 08:00:00+00:00,13088.7606
2026-01-19 08:15:00+00:00,13088.7606
2026-01-19 08:30:00+00:00,13088.7606
2026-01-19 08:45:00+00:00,13088.7606
2026-01-19 09:00:00+00:00,13088.7606
2026-01-19 09:15:00+00:00,13088.7606
2026-01-19 09:30:00+00:00,13088.7606
2026-01-19 09:45:00+00:00,13088.7606
2026-01-19 10:00:00+00:00,13088.7606
2026-01-19 10:15:00+00:00,13088.7606
2026-01-19 10:30:00+00:00,13088.7606
2026-01-19 10:45:00+00:00,13088.7606
2026-01-19 11:00:00+00:00,13088.7606
2026-01-19 11:15:00+00:00,13088.7606
2026-01-19 11:30:00+00:00,12957.873
2026-01-19 11:45:00+00:00,12957.873
2026-01-19 12:00:00+00:00,12957.873
2026-01-19 12:15:00+00:00,12957.873
2026-01-19 12:30:00+00:00,12957.873
2026-01-19 12:45:00+00:00,12957.873
2026-01-19 13:00:00+00:00,12957.873
2026-01-19 13:15:00+00:00,13217.0305
2026-01-19 13:30:00+00:00,13217.0305
2026-01-19 13:45:00+00:00,13217.0305
2026-01-19 14:00:00+00:00,13481.3711
2026-01-19 14:15:00+00:00,13481.3711
2026-01-19 14:30:00+00:00,13481.3711
2026-01-19 14:45:00+00:00,13481.3711
2026-01-19 15:00:00+00:00,13346.5574
2026-01-19 15:15:00+00:00,13346.5574
2026-01-19 15:30:00+00:00,13346.5574
2026-01-19 15:45:00+00:00,13213.0918
2026-01-19 16:00:00+00:00,13213.0918
2026-01-19 16:15:00+00:00,13080.9609
2026-01-19 16:30:00+00:00,13080.9609
2026-01-19 16:45:00+00:00,13080.9609
2026-01-19 17:00:00+00:00,13080.9609
2026-01-19 17:15:00+00:00,13080.9609
2026-01-19 17:30:00+00:00,13080.9609
2026-01-19 17:45:00+00:00,13080.9609
2026-01-19 18:00:00+00:00,13342.5801
2026-01-19 18:15:00+00:00,13342.5801
2026-01-19 18:30:00+00:00,13209.1543
2026-01-19 18:45:00+00:00,13209.1543
2026-01-19 19:00:00+00:00,13209.1543
2026-01-19 19:15:00+00:00,13077.0628
2026-01-19 19:30:00+00:00,13077.0628
2026-01-19 19:45:00+00:00,13077.0628
2026-01-19 20:00:00+00:00,12946.2921
2026-01-19 20:15:00+00:00,12946.2921
2026-01-19 20:30:00+00:00,12946.2921
2026-01-19 20:45:00+00:00,12946.2921
2026-01-19 21:00:00+00:00,12816.8292
2026-01-19 21:15:00+00:00,12816.8292
2026-01-19 21:30:00+00:00,12816.8292
2026-01-19 21:45:00+00:00,12816.8292
2026-01-19 22:00:00+00:00,13073.1658
2026-01-19 22:15:00+00:00,13073.1658
2026-01-19 22:30:00+00:00,13073.1658
2026-01-19 22:45:00+00:00,13073.1658
2026-01-19 23:00:00+00:00,13334.6291
2026-01-19 23:15:00+00:00,13334.6291
2026-01-19 23:30:00+00:00,13334.6291
2026-01-19 23:45:00+00:00,13334.6291
2026-01-20 00:00:00+00:00,13201.2828
2026-01-20 00:15:00+00:00,13201.2828
2026-01-20 00:30:00+00:00,13069.27
2026-01-20 00:45:00+00:00,13069.27
2026-01-20 01:00:00+00:00,12938.5773
2026-01-20 01:15:00+00:00,12938.5773
2026-01-20 01:30:00+00:00,12938.5773
2026-01-20 01:45:00+00:00,12938.5773
2026-01-20 02:00:00+00:00,12938.5773
2026-01-20 02:15:00+00:00,13197.3488
2026-01-20 02:30:00+00:00,13197.3488
2026-01-20 02:45:00+00:00,13197.3488
2026-01-20 03:00:00+00:00,13197.3488
2026-01-20 03:15:00+00:00,13197.3488
2026-01-20 03:30:00+00:00,13197.3488
2026-01-20 03:45:00+00:00,13197.3488
2026-01-20 04:00:00+00:00,13197.3488
2026-01-20 04:15:00+00:00,13461.2958
2026-01-20 04:30:00+00:00,13461.2958
2026-01-20 04:45:00+00:00,13461.2958
2026-01-20 05:00:00+00:00,13730.5217
2026-01-20 05:15:00+00:00,13730.5217
2026-01-20 05:30:00+00:00,13730.5217
2026-01-20 05:45:00+00:00,13730.5217
2026-01-20 06:00:00+00:00,13730.5217
2026-01-20 06:15:00+00:00,13730.5217
2026-01-20 06:30:00+00:00,13730.5217
2026-01-20 06:45:00+00:00,13730.5217
2026-01-20 07:00:00+00:00,13730.5217
2026-01-20 07:15:00+00:00,13730.5217
2026-01-20 07:30:00+00:00,13730.5217
2026-01-20 07:45:00+00:00,13730.5217
2026-01-20 08:00:00+00:00,13730.5217
2026-01-20 08:15:00+00:00,13730.5217
2026-01-20 08:30:00+00:00,13730.5217
2026-01-20 08:45:00+00:00,13730.5217
2026-01-20 09:00:00+00:00,13730.5217
2026-01-20 09:15:00+00:00,13730.5217
2026-01-20 09:30:00+00:00,13730.5217
2026-01-20 09:45:00+00:00,13730.5217
2026-01-20 10:00:00+00:00,13730.5217
2026-01-20 10:15:00+00:00,13730.5217
2026-01-20 10:30:00+00:00,13730.5217
2026-01-20 10:45:00+00:00,13730.5217
2026-01-20 11:00:00+00:00,13730.5217
2026-01-20 11:15:00+00:00,13730.5217
2026-01-20 11:30:00+00:00,13730.5217
2026-01-20 11:45:00+00:00,13730.5217
2026-01-20 12:00:00+00:00,14005.1322
2026-01-20 12:15:00+00:00,14005.1322
2026-01-20 12:30:00+00:00,14005.1322
2026-01-20 12:45:00+00:00,14005.1322
2026-01-20 13:00:00+00:00,14005.1322
2026-01-20 13:15:00+00:00,14005.1322
2026-01-20 13:30:00+00:00,14285.2348
2026-01-20 13:45:00+00:00,14285.2348
2026-01-20 14:00:00+00:00,14285.2348
2026-01-20 14:15:00+00:00,14285.2348
2026-01-20 14:30:00+00:00,14142.3825
2026-01-20 14:45:00+00:00,14142.3825
2026-01-20 15:00:00+00:00,14142.3825
2026-01-20 15:15:00+00:00,14142.3825
2026-01-20 15:30:00+00:00,14142.3825
2026-01-20 15:45:00+00:00,14142.3825
2026-01-20 16:00:00+00:00,14142.3825
2026-01-20 16:15:00+00:00,14142.3825
2026-01-20 16:30:00+00:00,14142.3825
2026-01-20 16:45:00+00:00,14142.3825
2026-01-20 17:00:00+00:00,14142.3825
2026-01-20 17:15:00+00:00,14142.3825
2026-01-20 17:30:00+00:00,14142.3825
2026-01-20 17:45:00+00:00,14142.3825
2026-01-20 18:00:00+00:00,14142.3825
2026-01-20 18:15:00+00:00,14142.3825
2026-01-20 18:30:00+00:00,14142.3825
2026-01-20 18:45:00+00:00,14142.3825
2026-01-20 19:00:00+00:00,14142.3825
2026-01-20 19:15:00+00:00,14142.3825
2026-01-20 19:30:00+00:00,14142.3825
2026-01-20 19:45:00+00:00,14142.3825
2026-01-20 20:00:00+00:00,14142.3825
2026-01-20 20:15:00+00:00,14142.3825
2026-01-20 20:30:00+00:00,14142.3825
2026-01-20 20:45:00+00:00,14142.3825
2026-01-20 21:00:00+00:00,14142.3825
2026-01-20 21:15:00+00:00,14142.3825
2026-01-20 21:30:00+00:00,14142.3825
2026-01-20 21:45:00+00:00,14142.3825
2026-01-20 22:00:00+00:00,14142.3825
2026-01-20 22:15:00+00:00,14142.3825
2026-01-20 22:30:00+00:00,14142.3825
2026-01-20 22:45:00+00:00,14142.3825
2026-01-20 23:00:00+00:00,14142.3825
2026-01-20 23:15:00+00:00,14142.3825
2026-01-20 23:30:00+00:00,14142.3825
2026-01-20 23:45:00+00:00,14142.3825
2026-01-21 00:00:00+00:00,14142.3825
2026-01-21 00:15:00+00:00,14142.3825
2026-01-21 00:30:00+00:00,14142.3825
2026-01-21 00:45:00+00:00,14142.3825
2026-01-21 01:00:00+00:00,14142.3825
2026-01-21 01:15:00+00:00,14142.3825
2026-01-21 01:30:00+00:00,14142.3825
2026-01-21 01:45:00+00:00,14142.3825
2026-01-21 02:00:00+00:00,14142.3825
2026-01-21 02:15:00+00:00,14142.3825
2026-01-21 02:30:00+00:00,14142.3825
2026-01-21 02:45:00+00:00,14142.3825
2026-01-21 03:00:00+00:00,14142.3825
2026-01-21 03:15:00+00:00,14142.3825
2026-01-21 03:30:00+00:00,14142.3825
2026-01-21 03:45:00+00:00,14142.3825
2026-01-21 04:00:00+00:00,14142.3825
2026-01-21 04:15:00+00:00,14142.3825
2026-01-21 04:30:00+00:00,14000.9586
2026-01-21 04:45:00+00:00,14000.9586
2026-01-21 05:00:00+00:00,14000.9586
2026-01-21 05:15:00+00:00,13860.949
2026-01-21 05:30:00+00:00,13860.949
2026-01-21 05:45:00+00:00,13860.949
2026-01-21 06:00:00+00:00,13860.949
2026-01-21 06:15:00+00:00,14138.168
2026-01-21 06:30:00+00:00,14138.168
2026-01-21 06:45:00+00:00,14138.168
2026-01-21 07:00:00+00:00,14138.168
2026-01-21 07:15:00+00:00,14138.168
2026-01-21 07:30:00+00:00,14138.168
2026-01-21 07:45:00+00:00,14138.168
2026-01-21 08:00:00+00:00,14138.168
2026-01-21 08:15:00+00:00,14138.168
2026-01-21 08:30:00+00:00,14420.9314
2026-01-21 08:45:00+00:00,14420.9314
2026-01-21 09:00:00+00:00,14420.9314
2026-01-21 09:15:00+00:00,14420.9314
2026-01-21 09:30:00+00:00,14420.9314
2026-01-21 09:45:00+00:00,14420.9314
2026-01-21 10:00:00+00:00,14420.9314
2026-01-21 10:15:00+00:00,14420.9314
2026-01-21 10:30:00+00:00,14420.9314
2026-01-21 10:45:00+00:00,14420.9314
2026-01-21 11:00:00+00:00,14420.9314
2026-01-21 11:15:00+00:00,14420.9314
2026-01-21 11:30:00+00:00,14420.9314
2026-01-21 11:45:00+00:00,14420.9314
2026-01-21 12:00:00+00:00,14709.35
2026-01-21 12:15:00+00:00,14709.35
2026-01-21 12:30:00+00:00,14709.35
2026-01-21 12:45:00+00:00,14709.35
2026-01-21 13:00:00+00:00,14709.35
2026-01-21 13:15:00+00:00,14709.35
2026-01-21 13:30:00+00:00,14562.2565
2026-01-21 13:45:00+00:00,14562.2565
2026-01-21 14:00:00+00:00,14416.6339
2026-01-21 14:15:00+00:00,14416.6339
2026-01-21 14:30:00+00:00,14416.6339
2026-01-21 14:45:00+00:00,14416.6339
2026-01-21 15:00:00+00:00,14416.6339
2026-01-21 15:15:00+00:00,14416.6339
2026-01-21 15:30:00+00:00,14416.6339
2026-01-21 15:45:00+00:00,14416.6339
2026-01-21 16:00:00+00:00,14416.6339
2026-01-21 16:15:00+00:00,14416.6339
2026-01-21 16:30:00+00:00,14704.9666
2026-01-21 16:45:00+00:00,14704.9666
2026-01-21 17:00:00+00:00,14704.9666
2026-01-21 17:15:00+00:00,14704.9666
2026-01-21 17:30:00+00:00,14704.9666
2026-01-21 17:45:00+00:00,14704.9666
2026-01-21 18:00:00+00:00,14704.9666
2026-01-21 18:15:00+00:00,14704.9666
2026-01-21 18:30:00+00:00,14704.9666
2026-01-21 18:45:00+00:00,14704.9666
2026-01-21 19:00:00+00:00,14704.9666
2026-01-21 19:15:00+00:00,14557.917
2026-01-21 19:30:00+00:00,14557.917
2026-01-21 19:45:00+00:00,14557.917
2026-01-21 20:00:00+00:00,14557.917
2026-01-21 20:15:00+00:00,14557.917
2026-01-21 20:30:00+00:00,14557.917
2026-01-21 20:45:00+00:00,14557.917
2026-01-21 21:00:00+00:00,14557.917
2026-01-21 21:15:00+00:00,14557.917
2026-01-21 21:30:00+00:00,14557.917
2026-01-21 21:45:00+00:00,14557.917
2026-01-21 22:00:00+00:00,14412.3378
2026-01-21 22:15:00+00:00,14412.3378
2026-01-21 22:30:00+00:00,14412.3378
2026-01-21 22:45:00+00:00,14412.3378
2026-01-21 23:00:00+00:00,14412.3378
2026-01-21 23:15:00+00:00,14412.3378
2026-01-21 23:30:00+00:00,14268.2144
2026-01-21 23:45:00+00:00,14268.2144
2026-01-22 00:00:00+00:00,14268.2144
2026-01-22 00:15:00+00:00,14268.2144
2026-01-22 00:30:00+00:00,14268.2144
2026-01-22 00:45:00+00:00,14268.2144
2026-01-22 01:00:00+00:00,14268.2144
2026-01-22 01:15:00+00:00,14268.2144
2026-01-22 01:30:00+00:00,14268.2144
2026-01-22 01:45:00+00:00,14268.2144
2026-01-22 02:00:00+00:00,14268.2144
2026-01-22 02:15:00+00:00,14553.5787
2026-01-22 02:30:00+00:00,14553.5787
2026-01-22 02:45:00+00:00,14553.5787
2026-01-22 03:00:00+00:00,14553.5787
2026-01-22 03:15:00+00:00,14408.0429
2026-01-22 03:30:00+00:00,14408.0429
2026-01-22 03:45:00+00:00,14408.0429
2026-01-22 04:00:00+00:00,14408.0429
2026-01-22 04:15:00+00:00,14408.0429
2026-01-22 04:30:00+00:00,14408.0429
2026-01-22 04:45:00+00:00,14696.2038
2026-01-22 05:00:00+00:00,14696.2038
2026-01-22 05:15:00+00:00,14549.2417
2026-01-22 05:30:00+00:00,14549.2417
2026-01-22 05:45:00+00:00,14549.2417
2026-01-22 06:00:00+00:00,14403.7493
2026-01-22 06:15:00+00:00,14403.7493
2026-01-22 06:30:00+00:00,14403.7493
2026-01-22 06:45:00+00:00,14403.7493
2026-01-22 07:00:00+00:00,14403.7493
2026-01-22 07:15:00+00:00,14259.7118
2026-01-22 07:30:00+00:00,14259.7118
2026-01-22 07:45:00+00:00,14259.7118
2026-01-22 08:00:00+00:00,14259.7118
2026-01-22 08:15:00+00:00,14259.7118
2026-01-22 08:30:00+00:00,14259.7118
2026-01-22 08:45:00+00:00,14259.7118
2026-01-22 09:00:00+00:00,14259.7118
2026-01-22 09:15:00+00:00,14259.7118
2026-01-22 09:30:00+00:00,14544.9061
2026-01-22 09:45:00+00:00,14544.9061
2026-01-22 10:00:00+00:00,14544.9061
2026-01-22 10:15:00+00:00,14544.9061
2026-01-22 10:30:00+00:00,14544.9061
2026-01-22 10:45:00+00:00,14544.9061
2026-01-22 11:00:00+00:00,14399.457
2026-01-22 11:15:00+00:00,14399.457
2026-01-22 11:30:00+00:00,14399.457
2026-01-22 11:45:00+00:00,14399.457
2026-01-22 12:00:00+00:00,14255.4624
2026-01-22 12:15:00+00:00,14255.4624
2026-01-22 12:30:00+00:00,14540.5717
2026-01-22 12:45:00+00:00,14540.5717
2026-01-22 13:00:00+00:00,14540.5717
2026-01-22 13:15:00+00:00,14831.3831
2026-01-22 13:30:00+00:00,14831.3831
2026-01-22 13:45:00+00:00,14831.3831
2026-01-22 14:00:00+00:00,14831.3831
2026-01-22 14:15:00+00:00,14683.0693
2026-01-22 14:30:00+00:00,14683.0693
2026-01-22 14:45:00+00:00,14683.0693
2026-01-22 15:00:00+00:00,14683.0693
2026-01-22 15:15:00+00:00,14683.0693
2026-01-22 15:30:00+00:00,14683.0693
2026-01-22 15:45:00+00:00,14683.0693
2026-01-22 16:00:00+00:00,14683.0693
2026-01-22 16:15:00+00:00,14683.0693
2026-01-22 16:30:00+00:00,14683.0693
2026-01-22 16:45:00+00:00,14683.0693
2026-01-22 17:00:00+00:00,14683.0693
2026-01-22 17:15:00+00:00,14683.0693
2026-01-22 17:30:00+00:00,14683.0693
2026-01-22 17:45:00+00:00,14536.2386
2026-01-22 18:00:00+00:00,14536.2386
2026-01-22 18:15:00+00:00,14390.8762
2026-01-22 18:30:00+00:00,14390.8762
2026-01-22 18:45:00+00:00,14390.8762
2026-01-22 19:00:00+00:00,14390.8762
2026-01-22 19:15:00+00:00,14390.8762
2026-01-22 19:30:00+00:00,14246.9674
2026-01-22 19:45:00+00:00,14246.9674
2026-01-22 20:00:00+00:00,14246.9674
2026-01-22 20:15:00+00:00,14104.4978
2026-01-22 20:30:00+00:00,14104.4978
2026-01-22 20:45:00+00:00,14104.4978
2026-01-22 21:00:00+00:00,14104.4978
2026-01-22 21:15:00+00:00,14104.4978
2026-01-22 21:30:00+00:00,14104.4978
2026-01-22 21:45:00+00:00,14104.4978
2026-01-22 22:00:00+00:00,14104.4978
2026-01-22 22:15:00+00:00,14104.4978
2026-01-22 22:30:00+00:00,14104.4978
2026-01-22 22:45:00+00:00,14104.4978
2026-01-22 23:00:00+00:00,14104.4978
2026-01-22 23:15:00+00:00,14104.4978
2026-01-22 23:30:00+00:00,14104.4978
2026-01-22 23:45:00+00:00,14104.4978
2026-01-23 00:00:00+00:00,14104.4978
2026-01-23 00:15:00+00:00,14104.4978
2026-01-23 00:30:00+00:00,14104.4978
2026-01-23 00:45:00+00:00,14104.4978
2026-01-23 01:00:00+00:00,14104.4978
2026-01-23 01:15:00+00:00,14104.4978
2026-01-23 01:30:00+00:00,13963.4528
2026-01-23 01:45:00+00:00,13963.4528
2026-01-23 02:00:00+00:00,13963.4528
2026-01-23 02:15:00+00:00,13963.4528
2026-01-23 02:30:00+00:00,13963.4528
2026-01-23 02:45:00+00:00,13963.4528
2026-01-23 03:00:00+00:00,13963.4528
2026-01-23 03:15:00+00:00,13963.4528
2026-01-23 03:30:00+00:00,13963.4528
2026-01-23 03:45:00+00:00,13963.4528
2026-01-23 04:00:00+00:00,13823.8183
2026-01-23 04:15:00+00:00,13823.8183
2026-01-23 04:30:00+00:00,13823.8183
2026-01-23 04:45:00+00:00,13823.8183
2026-01-23 05:00:00+00:00,13823.8183
2026-01-23 05:15:00+00:00,13823.8183
2026-01-23 05:30:00+00:00,13823.8183
2026-01-23 05:45:00+00:00,13823.8183
2026-01-23 06:00:00+00:00,13823.8183
2026-01-23 06:15:00+00:00,13685.5801
2026-01-23 06:30:00+00:00,13685.5801
2026-01-23 06:45:00+00:00,13685.5801
2026-01-23 07:00:00+00:00,13685.5801
2026-01-23 07:15:00+00:00,13685.5801
2026-01-23 07:30:00+00:00,13685.5801
2026-01-23 07:45:00+00:00,13548.7243
2026-01-23 08:00:00+00:00,13548.7243
2026-01-23 08:15:00+00:00,13413.237
2026-01-23 08:30:00+00:00,13413.237
2026-01-23 08:45:00+00:00,13413.237
2026-01-23 09:00:00+00:00,13413.237
2026-01-23 09:15:00+00:00,13279.1047
2026-01-23 09:30:00+00:00,13279.1047
2026-01-23 09:45:00+00:00,13279.1047
2026-01-23 10:00:00+00:00,13279.1047
2026-01-23 10:15:00+00:00,13279.1047
2026-01-23 10:30:00+00:00,13279.1047
2026-01-23 10:45:00+00:00,13279.1047
2026-01-23 11:00:00+00:00,13146.3136
2026-01-23 11:15:00+00:00,13146.3136
2026-01-23 11:30:00+00:00,13014.8505
2026-01-23 11:45:00+00:00,13014.8505
2026-01-23 12:00:00+00:00,13014.8505
2026-01-23 12:15:00+00:00,13014.8505
2026-01-23 12:30:00+00:00,13014.8505
2026-01-23 12:45:00+00:00,12884.702
2026-01-23 13:00:00+00:00,12884.702
2026-01-23 13:15:00+00:00,12884.702
2026-01-23 13:30:00+00:00,12884.702
2026-01-23 13:45:00+00:00,12755.855
2026-01-23 14:00:00+00:00,12755.855
2026-01-23 14:15:00+00:00,12755.855
2026-01-23 14:30:00+00:00,12755.855
2026-01-23 14:45:00+00:00,12755.855
2026-01-23 15:00:00+00:00,12755.855
2026-01-23 15:15:00+00:00,12755.855
2026-01-23 15:30:00+00:00,12755.855
2026-01-23 15:45:00+00:00,12628.2964
2026-01-23 16:00:00+00:00,12628.2964
2026-01-23 16:15:00+00:00,12628.2964
2026-01-23 16:30:00+00:00,12502.0134
2026-01-23 16:45:00+00:00,12502.0134
2026-01-23 17:00:00+00:00,12502.0134
2026-01-23 17:15:00+00:00,12376.9933
2026-01-23 17:30:00+00:00,12376.9933
2026-01-23 17:45:00+00:00,12376.9933
2026-01-23 18:00:00+00:00,12376.9933
2026-01-23 18:15:00+00:00,12376.9933
2026-01-23 18:30:00+00:00,12376.9933
2026-01-23 18:45:00+00:00,12376.9933
2026-01-23 19:00:00+00:00,12376.9933
2026-01-23 19:15:00+00:00,12376.9933
2026-01-23 19:30:00+00:00,12376.9933
2026-01-23 19:45:00+00:00,12376.9933
2026-01-23 20:00:00+00:00,12376.9933
2026-01-23 20:15:00+00:00,12376.9933
2026-01-23 20:30:00+00:00,12253.2234
2026-01-23 20:45:00+00:00,12253.2234
2026-01-23 21:00:00+00:00,12253.2234
2026-01-23 21:15:00+00:00,12253.2234
2026-01-23 21:30:00+00:00,12253.2234
2026-01-23 21:45:00+00:00,12253.2234
2026-01-23 22:00:00+00:00,12253.2234
2026-01-23 22:15:00+00:00,12253.2234
2026-01-23 22:30:00+00:00,12253.2234
2026-01-23 22:45:00+00:00,12253.2234
2026-01-23 23:00:00+00:00,12253.2234
2026-01-23 23:15:00+00:00,12253.2234
2026-01-23 23:30:00+00:00,12253.2234
2026-01-23 23:45:00+00:00,12253.2234
2026-01-24 00:00:00+00:00,12253.2234
2026-01-24 00:15:00+00:00,12253.2234
2026-01-24 00:30:00+00:00,12253.2234
2026-01-24 00:45:00+00:00,12253.2234
2026-01-24 01:00:00+00:00,12253.2234
2026-01-24 01:15:00+00:00,12253.2234
2026-01-24 01:30:00+00:00,12253.2234
2026-01-24 01:45:00+00:00,12253.2234
2026-01-24 02:00:00+00:00,12253.2234
2026-01-24 02:15:00+00:00,12253.2234
2026-01-24 02:30:00+00:00,12253.2234
2026-01-24 02:45:00+00:00,12253.2234
2026-01-24 03:00:00+00:00,12253.2234
2026-01-24 03:15:00+00:00,12253.2234
2026-01-24 03:30:00+00:00,12253.2234
2026-01-24 03:45:00+00:00,12253.2234
2026-01-24 04:00:00+00:00,12253.2234
2026-01-24 04:15:00+00:00,12253.2234
2026-01-24 04:30:00+00:00,12253.2234
2026-01-24 04:45:00+00:00,12253.2234
2026-01-24 05:00:00+00:00,12253.2234
2026-01-24 05:15:00+00:00,12253.2234
2026-01-24 05:30:00+00:00,12253.2234
2026-01-24 05:45:00+00:00,12253.2234
2026-01-24 06:00:00+00:00,12253.2234
2026-01-24 06:15:00+00:00,12253.2234
2026-01-24 06:30:00+00:00,12253.2234
2026-01-24 06:45:00+00:00,12253.2234
2026-01-24 07:00:00+00:00,12253.2234
2026-01-24 07:15:00+00:00,12253.2234
2026-01-24 07:30:00+00:00,12253.2234
2026-01-24 07:45:00+00:00,12253.2234
2026-01-24 08:00:00+00:00,12253.2234
2026-01-24 08:15:00+00:00,12253.2234
2026-01-24 08:30:00+00:00,12253.2234
2026-01-24 08:45:00+00:00,12253.2234
2026-01-24 09:00:00+00:00,12253.2234
2026-01-24 09:15:00+00:00,12253.2234
2026-01-24 09:30:00+00:00,12253.2234
2026-01-24 09:45:00+00:00,12253.2234
2026-01-24 10:00:00+00:00,12253.2234
2026-01-24 10:15:00+00:00,12253.2234
2026-01-24 10:30:00+00:00,12253.2234
2026-01-24 10:45:00+00:00,12253.2234
2026-01-24 11:00:00+00:00,12253.2234
2026-01-24 11:15:00+00:00,12253.2234
2026-01-24 11:30:00+00:00,12253.2234
2026-01-24 11:45:00+00:00,12253.2234
2026-01-24 12:00:00+00:00,12253.2234
2026-01-24 12:15:00+00:00,12253.2234
2026-01-24 12:30:00+00:00,12253.2234
2026-01-24 12:45:00+00:00,12253.2234
2026-01-24 13:00:00+00:00,12253.2234
2026-01-24 13:15:00+00:00,12253.2234
2026-01-24 13:30:00+00:00,12253.2234
2026-01-24 13:45:00+00:00,12253.2234
2026-01-24 14:00:00+00:00,12130.6911
2026-01-24 14:15:00+00:00,12130.6911
2026-01-24 14:30:00+00:00,12009.3842
2026-01-24 14:45:00+00:00,12009.3842
2026-01-24 15:00:00+00:00,12009.3842
2026-01-24 15:15:00+00:00,12009.3842
2026-01-24 15:30:00+00:00,12249.5719
2026-01-24 15:45:00+00:00,12249.5719
2026-01-24 16:00:00+00:00,12127.0762
2026-01-24 16:15:00+00:00,12127.0762
2026-01-24 16:30:00+00:00,12127.0762
2026-01-24 16:45:00+00:00,12005.8054
2026-01-24 17:00:00+00:00,12005.8054
2026-01-24 17:15:00+00:00,12005.8054
2026-01-24 17:30:00+00:00,12005.8054
2026-01-24 17:45:00+00:00,12005.8054
2026-01-24 18:00:00+00:00,11885.7474
2026-01-24 18:15:00+00:00,11885.7474
2026-01-24 18:30:00+00:00,11885.7474
2026-01-24 18:45:00+00:00,11885.7474
2026-01-24 19:00:00+00:00,11885.7474
2026-01-24 19:15:00+00:00,12123.4623
2026-01-24 19:30:00+00:00,12123.4623
2026-01-24 19:45:00+00:00,12123.4623
2026-01-24 20:00:00+00:00,12002.2277
2026-01-24 20:15:00+00:00,12002.2277
2026-01-24 20:30:00+00:00,12002.2277
2026-01-24 20:45:00+00:00,12002.2277
2026-01-24 21:00:00+00:00,12242.2723
2026-01-24 21:15:00+00:00,12242.2723
2026-01-24 21:30:00+00:00,12242.2723
2026-01-24 21:45:00+00:00,12242.2723
2026-01-24 22:00:00+00:00,12242.2723
2026-01-24 22:15:00+00:00,12242.2723
2026-01-24 22:30:00+00:00,12242.2723
2026-01-24 22:45:00+00:00,12242.2723
2026-01-24 23:00:00+00:00,12242.2723
2026-01-24 23:15:00+00:00,12242.2723
2026-01-24 23:30:00+00:00,12242.2723
2026-01-24 23:45:00+00:00,12487.1177
2026-01-25 00:00:00+00:00,12487.1177
2026-01-25 00:15:00+00:00,12487.1177
2026-01-25 00:30:00+00:00,12487.1177
2026-01-25 00:45:00+00:00,12362.2465
2026-01-25 01:00:00+00:00,12362.2465
2026-01-25 01:15:00+00:00,12362.2465
2026-01-25 01:30:00+00:00,12609.4915
2026-01-25 01:45:00+00:00,12609.4915
2026-01-25 02:00:00+00:00,12609.4915
2026-01-25 02:15:00+00:00,12609.4915
2026-01-25 02:30:00+00:00,12609.4915
2026-01-25 02:45:00+00:00,12609.4915
2026-01-25 03:00:00+00:00,12609.4915
2026-01-25 03:15:00+00:00,12609.4915
2026-01-25 03:30:00+00:00,12861.6813
2026-01-25 03:45:00+00:00,12861.6813
2026-01-25 04:00:00+00:00,12861.6813
2026-01-25 04:15:00+00:00,12861.6813
2026-01-25 04:30:00+00:00,12733.0645
2026-01-25 04:45:00+00:00,12733.0645
2026-01-25 05:00:00+00:00,12733.0645
2026-01-25 05:15:00+00:00,12733.0645
2026-01-25 05:30:00+00:00,12733.0645
2026-01-25 05:45:00+00:00,12733.0645
2026-01-25 06:00:00+00:00,12987.7258
2026-01-25 06:15:00+00:00,12987.7258
2026-01-25 06:30:00+00:00,12987.7258
2026-01-25 06:45:00+00:00,12987.7258
2026-01-25 07:00:00+00:00,13247.4803
2026-01-25 07:15:00+00:00,13247.4803
2026-01-25 07:30:00+00:00,13247.4803
2026-01-25 07:45:00+00:00,13247.4803
2026-01-25 08:00:00+00:00,13247.4803
2026-01-25 08:15:00+00:00,13247.4803
2026-01-25 08:30:00+00:00,13512.4299
2026-01-25 08:45:00+00:00,13512.4299
2026-01-25 09:00:00+00:00,13377.3056
2026-01-25 09:15:00+00:00,13377.3056
2026-01-25 09:30:00+00:00,13377.3056
2026-01-25 09:45:00+00:00,13377.3056
2026-01-25 10:00:00+00:00,13243.5325
2026-01-25 10:15:00+00:00,13243.5325
2026-01-25 10:30:00+00:00,13243.5325
2026-01-25 10:45:00+00:00,13111.0972
2026-01-25 11:00:00+00:00,13111.0972
2026-01-25 11:15:00+00:00,12979.9862
2026-01-25 11:30:00+00:00,12979.9862
2026-01-25 11:45:00+00:00,12979.9862
2026-01-25 12:00:00+00:00,12979.9862
2026-01-25 12:15:00+00:00,12850.1864
2026-01-25 12:30:00+00:00,12850.1864
2026-01-25 12:45:00+00:00,12850.1864
2026-01-25 13:00:00+00:00,12850.1864
2026-01-25 13:15:00+00:00,12850.1864
2026-01-25 13:30:00+00:00,12721.6845
2026-01-25 13:45:00+00:00,12721.6845
2026-01-25 14:00:00+00:00,12721.6845
2026-01-25 14:15:00+00:00,12976.1182
2026-01-25 14:30:00+00:00,12976.1182
2026-01-25 14:45:00+00:00,12976.1182
2026-01-25 15:00:00+00:00,12846.357
2026-01-25 15:15:00+00:00,12846.357
2026-01-25 15:30:00+00:00,13103.2842
2026-01-25 15:45:00+00:00,13103.2842
2026-01-25 16:00:00+00:00,13365.3498
2026-01-25 16:15:00+00:00,13365.3498
2026-01-25 16:30:00+00:00,13365.3498
2026-01-25 16:45:00+00:00,13365.3498
2026-01-25 17:00:00+00:00,13365.3498
2026-01-25 17:15:00+00:00,13365.3498
2026-01-25 17:30:00+00:00,13365.3498
2026-01-25 17:45:00+00:00,13365.3498
2026-01-25 18:00:00+00:00,13365.3498
2026-01-25 18:15:00+00:00,13365.3498
2026-01-25 18:30:00+00:00,13365.3498
2026-01-25 18:45:00+00:00,13365.3498
2026-01-25 19:00:00+00:00,13365.3498
2026-01-25 19:15:00+00:00,13365.3498
2026-01-25 19:30:00+00:00,13365.3498
2026-01-25 19:45:00+00:00,13365.3498
2026-01-25 20:00:00+00:00,13365.3498
2026-01-25 20:15:00+00:00,13365.3498
2026-01-25 20:30:00+00:00,13365.3498
2026-01-25 20:45:00+00:00,13365.3498
2026-01-25 21:00:00+00:00,13365.3498
2026-01-25 21:15:00+00:00,13365.3498
2026-01-25 21:30:00+00:00,13365.3498
2026-01-25 21:45:00+00:00,13365.3498
2026-01-25 22:00:00+00:00,13365.3498
2026-01-25 22:15:00+00:00,13365.3498
2026-01-25 22:30:00+00:00,13365.3498
2026-01-25 22:45:00+00:00,13365.3498
2026-01-25 23:00:00+00:00,13365.3498
2026-01-25 23:15:00+00:00,13365.3498
2026-01-25 23:30:00+00:00,13365.3498
2026-01-25 23:45:00+00:00,13365.3498
2026-01-26 00:00:00+00:00,13365.3498
2026-01-26 00:15:00+00:00,13365.3498
2026-01-26 00:30:00+00:00,13365.3498
2026-01-26 00:45:00+00:00,13365.3498
2026-01-26 01:00:00+00:00,13365.3498
2026-01-26 01:15:00+00:00,13365.3498
2026-01-26 01:30:00+00:00,13365.3498
2026-01-26 01:45:00+00:00,13365.3498
2026-01-26 02:00:00+00:00,13365.3498
2026-01-26 02:15:00+00:00,13231.6963
2026-01-26 02:30:00+00:00,13231.6963
2026-01-26 02:45:00+00:00,13231.6963
2026-01-26 03:00:00+00:00,13231.6963
2026-01-26 03:15:00+00:00,13231.6963
2026-01-26 03:30:00+00:00,13231.6963
2026-01-26 03:45:00+00:00,13231.6963
2026-01-26 04:00:00+00:00,13231.6963
2026-01-26 04:15:00+00:00,13231.6963
2026-01-26 04:30:00+00:00,13231.6963
2026-01-26 04:45:00+00:00,13231.6963
2026-01-26 05:00:00+00:00,13231.6963
2026-01-26 05:15:00+00:00,13231.6963
2026-01-26 05:30:00+00:00,13231.6963
2026-01-26 05:45:00+00:00,13231.6963
2026-01-26 06:00:00+00:00,13231.6963
2026-01-26 06:15:00+00:00,13099.3794
2026-01-26 06:30:00+00:00,13099.3794
2026-01-26 06:45:00+00:00,13099.3794
2026-01-26 07:00:00+00:00,13099.3794
2026-01-26 07:15:00+00:00,12968.3856
2026-01-26 07:30:00+00:00,12968.3856
2026-01-26 07:45:00+00:00,12968.3856
2026-01-26 08:00:00+00:00,12968.3856
2026-01-26 08:15:00+00:00,12968.3856
2026-01-26 08:30:00+00:00,12968.3856
2026-01-26 08:45:00+00:00,12968.3856
2026-01-26 09:00:00+00:00,12838.7017
2026-01-26 09:15:00+00:00,12838.7017
2026-01-26 09:30:00+00:00,12838.7017
2026-01-26 09:45:00+00:00,12838.7017
2026-01-26 10:00:00+00:00,12838.7017
2026-01-26 10:15:00+00:00,12838.7017
2026-01-26 10:30:00+00:00,12838.7017
2026-01-26 10:45:00+00:00,12838.7017
2026-01-26 11:00:00+00:00,12838.7017
2026-01-26 11:15:00+00:00,12838.7017
2026-01-26 11:30:00+00:00,12838.7017
2026-01-26 11:45:00+00:00,12838.7017
2026-01-26 12:00:00+00:00,12838.7017
2026-01-26 12:15:00+00:00,12838.7017
2026-01-26 12:30:00+00:00,12838.7017
2026-01-26 12:45:00+00:00,12838.7017
2026-01-26 13:00:00+00:00,12838.7017
2026-01-26 13:15:00+00:00,12838.7017
2026-01-26 13:30:00+00:00,12838.7017
2026-01-26 13:45:00+00:00,12838.7017
2026-01-26 14:00:00+00:00,12710.3147
2026-01-26 14:15:00+00:00,12710.3147
2026-01-26 14:30:00+00:00,12710.3147
2026-01-26 14:45:00+00:00,12710.3147
2026-01-26 15:00:00+00:00,12710.3147
2026-01-26 15:15:00+00:00,12710.3147
2026-01-26 15:30:00+00:00,12583.2116
2026-01-26 15:45:00+00:00,12583.2116
2026-01-26 16:00:00+00:00,12457.3794
2026-01-26 16:15:00+00:00,12457.3794
2026-01-26 16:30:00+00:00,12457.3794
2026-01-26 16:45:00+00:00,12457.3794
2026-01-26 17:00:00+00:00,12457.3794
2026-01-26 17:15:00+00:00,12457.3794
2026-01-26 17:30:00+00:00,12332.8057
2026-01-26 17:45:00+00:00,12332.8057
2026-01-26 18:00:00+00:00,12332.8057
2026-01-26 18:15:00+00:00,12579.4618
2026-01-26 18:30:00+00:00,12579.4618
2026-01-26 18:45:00+00:00,12579.4618
2026-01-26 19:00:00+00:00,12579.4618
2026-01-26 19:15:00+00:00,12579.4618
2026-01-26 19:30:00+00:00,12579.4618
2026-01-26 19:45:00+00:00,12579.4618
2026-01-26 20:00:00+00:00,12453.6671
2026-01-26 20:15:00+00:00,12453.6671
2026-01-26 20:30:00+00:00,12453.6671
2026-01-26 20:45:00+00:00,12453.6671
2026-01-26 21:00:00+00:00,12453.6671
2026-01-26 21:15:00+00:00,12453.6671
2026-01-26 21:30:00+00:00,12453.6671
2026-01-26 21:45:00+00:00,12453.6671
2026-01-26 22:00:00+00:00,12453.6671
2026-01-26 22:15:00+00:00,12453.6671
2026-01-26 22:30:00+00:00,12453.6671
2026-01-26 22:45:00+00:00,12453.6671
2026-01-26 23:00:00+00:00,12453.6671
2026-01-26 23:15:00+00:00,12702.7405
2026-01-26 23:30:00+00:00,12702.7405
2026-01-26 23:45:00+00:00,12575.7131
2026-01-27 00:00:00+00:00,12575.7131
2026-01-27 00:15:00+00:00,12575.7131
2026-01-27 00:30:00+00:00,12575.7131
2026-01-27 00:45:00+00:00,12575.7131
2026-01-27 01:00:00+00:00,12449.956
2026-01-27 01:15:00+00:00,12449.956
2026-01-27 01:30:00+00:00,12449.956
2026-01-27 01:45:00+00:00,12449.956
2026-01-27 02:00:00+00:00,12449.956
2026-01-27 02:15:00+00:00,12449.956
2026-01-27 02:30:00+00:00,12449.956
2026-01-27 02:45:00+00:00,12698.9551
2026-01-27 03:00:00+00:00,12698.9551
2026-01-27 03:15:00+00:00,12698.9551
2026-01-27 03:30:00+00:00,12698.9551
2026-01-27 03:45:00+00:00,12698.9551
2026-01-27 04:00:00+00:00,12698.9551
2026-01-27 04:15:00+00:00,12698.9551
2026-01-27 04:30:00+00:00,12698.9551
2026-01-27 04:45:00+00:00,12571.9655
2026-01-27 05:00:00+00:00,12571.9655
2026-01-27 05:15:00+00:00,12571.9655
2026-01-27 05:30:00+00:00,12571.9655
2026-01-27 05:45:00+00:00,12571.9655
2026-01-27 06:00:00+00:00,12571.9655
2026-01-27 06:15:00+00:00,12446.2459
2026-01-27 06:30:00+00:00,12446.2459
2026-01-27 06:45:00+00:00,12446.2459
2026-01-27 07:00:00+00:00,12695.1708
2026-01-27 07:15:00+00:00,12695.1708
2026-01-27 07:30:00+00:00,12695.1708
2026-01-27 07:45:00+00:00,12568.2191
2026-01-27 08:00:00+00:00,12568.2191
2026-01-27 08:15:00+00:00,12442.5369
2026-01-27 08:30:00+00:00,12442.5369
2026-01-27 08:45:00+00:00,12442.5369
2026-01-27 09:00:00+00:00,12442.5369
2026-01-27 09:15:00+00:00,12442.5369
2026-01-27 09:30:00+00:00,12442.5369
2026-01-27 09:45:00+00:00,12318.1115
2026-01-27 10:00:00+00:00,12318.1115
2026-01-27 10:15:00+00:00,12318.1115
2026-01-27 10:30:00+00:00,12194.9304
2026-01-27 10:45:00+00:00,12194.9304
2026-01-27 11:00:00+00:00,12194.9304
2026-01-27 11:15:00+00:00,12194.9304
2026-01-27 11:30:00+00:00,12072.9811
2026-01-27 11:45:00+00:00,12072.9811
2026-01-27 12:00:00+00:00,11952.2513
2026-01-27 12:15:00+00:00,11952.2513
2026-01-27 12:30:00+00:00,11952.2513
2026-01-27 12:45:00+00:00,11952.2513
2026-01-27 13:00:00+00:00,11952.2513
2026-01-27 13:15:00+00:00,12191.2963
2026-01-27 13:30:00+00:00,12191.2963
2026-01-27 13:45:00+00:00,12191.2963
2026-01-27 14:00:00+00:00,12069.3833
2026-01-27 14:15:00+00:00,12069.3833
2026-01-27 14:30:00+00:00,12310.771
2026-01-27 14:45:00+00:00,12310.771
2026-01-27 15:00:00+00:00,12310.771
2026-01-27 15:15:00+00:00,12310.771
2026-01-27 15:30:00+00:00,12310.771
2026-01-27 15:45:00+00:00,12187.6633
2026-01-27 16:00:00+00:00,12187.6633
2026-01-27 16:15:00+00:00,12187.6633
2026-01-27 16:30:00+00:00,12065.7867
2026-01-27 16:45:00+00:00,12065.7867
2026-01-27 17:00:00+00:00,12307.1024
2026-01-27 17:15:00+00:00,12307.1024
2026-01-27 17:30:00+00:00,12553.2445
2026-01-27 17:45:00+00:00,12553.2445
2026-01-27 18:00:00+00:00,12553.2445
2026-01-27 18:15:00+00:00,12553.2445
2026-01-27 18:30:00+00:00,12553.2445
2026-01-27 18:45:00+00:00,12427.712
2026-01-27 19:00:00+00:00,12427.712
2026-01-27 19:15:00+00:00,12303.4349
2026-01-27 19:30:00+00:00,12303.4349
2026-01-27 19:45:00+00:00,12303.4349
2026-01-27 20:00:00+00:00,12180.4005
2026-01-27 20:15:00+00:00,12180.4005
2026-01-27 20:30:00+00:00,12180.4005
2026-01-27 20:45:00+00:00,12180.4005
2026-01-27 21:00:00+00:00,12180.4005
2026-01-27 21:15:00+00:00,12180.4005
2026-01-27 21:30:00+00:00,12180.4005
2026-01-27 21:45:00+00:00,12180.4005
2026-01-27 22:00:00+00:00,12180.4005
2026-01-27 22:15:00+00:00,12058.5965
2026-01-27 22:30:00+00:00,12058.5965
2026-01-27 22:45:00+00:00,12058.5965
2026-01-27 23:00:00+00:00,12058.5965
2026-01-27 23:15:00+00:00,12058.5965
2026-01-27 23:30:00+00:00,12058.5965
2026-01-27 23:45:00+00:00,12058.5965
2026-01-28 00:00:00+00:00,12058.5965
2026-01-28 00:15:00+00:00,12058.5965
2026-01-28 00:30:00+00:00,11938.0106
2026-01-28 00:45:00+00:00,11938.0106
2026-01-28 01:00:00+00:00,11938.0106
2026-01-28 01:15:00+00:00,11938.0106
2026-01-28 01:30:00+00:00,11938.0106
2026-01-28 01:45:00+00:00,11938.0106
2026-01-28 02:00:00+00:00,11938.0106
2026-01-28 02:15:00+00:00,11938.0106
2026-01-28 02:30:00+00:00,11818.6305
2026-01-28 02:45:00+00:00,11818.6305
2026-01-28 03:00:00+00:00,11700.4442
2026-01-28 03:15:00+00:00,11700.4442
2026-01-28 03:30:00+00:00,11700.4442
2026-01-28 03:45:00+00:00,11700.4442
2026-01-28 04:00:00+00:00,11583.4397
2026-01-28 04:15:00+00:00,11583.4397
2026-01-28 04:30:00+00:00,11583.4397
2026-01-28 04:45:00+00:00,11583.4397
2026-01-28 05:00:00+00:00,11583.4397
2026-01-28 05:15:00+00:00,11583.4397
2026-01-28 05:30:00+00:00,11583.4397
2026-01-28 05:45:00+00:00,11583.4397
2026-01-28 06:00:00+00:00,11815.1085
2026-01-28 06:15:00+00:00,11815.1085
2026-01-28 06:30:00+00:00,11815.1085
2026-01-28 06:45:00+00:00,11815.1085
2026-01-28 07:00:00+00:00,11815.1085
2026-01-28 07:15:00+00:00,11815.1085
2026-01-28 07:30:00+00:00,11815.1085
2026-01-28 07:45:00+00:00,11696.9574
2026-01-28 08:00:00+00:00,11696.9574
2026-01-28 08:15:00+00:00,11579.9879
2026-01-28 08:30:00+00:00,11579.9879
2026-01-28 08:45:00+00:00,11464.188
2026-01-28 09:00:00+00:00,11464.188
2026-01-28 09:15:00+00:00,11349.5461
2026-01-28 09:30:00+00:00,11349.5461
2026-01-28 09:45:00+00:00,11349.5461
2026-01-28 10:00:00+00:00,11349.5461
2026-01-28 10:15:00+00:00,11349.5461
2026-01-28 10:30:00+00:00,11349.5461
2026-01-28 10:45:00+00:00,11349.5461
2026-01-28 11:00:00+00:00,11349.5461
2026-01-28 11:15:00+00:00,11349.5461
2026-01-28 11:30:00+00:00,11349.5461
2026-01-28 11:45:00+00:00,11576.537
2026-01-28 12:00:00+00:00,11576.537
2026-01-28 12:15:00+00:00,11576.537
2026-01-28 12:30:00+00:00,11576.537
2026-01-28 12:45:00+00:00,11460.7716
2026-01-28 13:00:00+00:00,11460.7716
2026-01-28 13:15:00+00:00,11460.7716
2026-01-28 13:30:00+00:00,11460.7716
2026-01-28 13:45:00+00:00,11460.7716
2026-01-28 14:00:00+00:00,11460.7716
2026-01-28 14:15:00+00:00,11460.7716
2026-01-28 14:30:00+00:00,11460.7716
2026-01-28 14:45:00+00:00,11460.7716
2026-01-28 15:00:00+00:00,11460.7716
2026-01-28 15:15:00+00:00,11460.7716
2026-01-28 15:30:00+00:00,11460.7716
2026-01-28 15:45:00+00:00,11460.7716
2026-01-28 16:00:00+00:00,11460.7716
2026-01-28 16:15:00+00:00,11460.7716
2026-01-28 16:30:00+00:00,11460.7716
2026-01-28 16:45:00+00:00,11460.7716
2026-01-28 17:00:00+00:00,11460.7716
2026-01-28 17:15:00+00:00,11460.7716
2026-01-28 17:30:00+00:00,11460.7716
2026-01-28 17:45:00+00:00,11689.9871
2026-01-28 18:00:00+00:00,11689.9871
2026-01-28 18:15:00+00:00,11689.9871
2026-01-28 18:30:00+00:00,11689.9871
2026-01-28 18:45:00+00:00,11689.9871
2026-01-28 19:00:00+00:00,11689.9871
2026-01-28 19:15:00+00:00,11689.9871
2026-01-28 19:30:00+00:00,11573.0872
2026-01-28 19:45:00+00:00,11573.0872
2026-01-28 20:00:00+00:00,11573.0872
2026-01-28 20:15:00+00:00,11573.0872
2026-01-28 20:30:00+00:00,11573.0872
2026-01-28 20:45:00+00:00,11457.3563
2026-01-28 21:00:00+00:00,11457.3563
2026-01-28 21:15:00+00:00,11457.3563
2026-01-28 21:30:00+00:00,11457.3563
2026-01-28 21:45:00+00:00,11457.3563
2026-01-28 22:00:00+00:00,11457.3563
2026-01-28 22:15:00+00:00,11457.3563
2026-01-28 22:30:00+00:00,11457.3563
2026-01-28 22:45:00+00:00,11457.3563
2026-01-28 23:00:00+00:00,11457.3563
2026-01-28 23:15:00+00:00,11457.3563
2026-01-28 23:30:00+00:00,11457.3563
2026-01-28 23:45:00+00:00,11457.3563
2026-01-29 00:00:00+00:00,11457.3563
2026-01-29 00:15:00+00:00,11457.3563
2026-01-29 00:30:00+00:00,11457.3563
2026-01-29 00:45:00+00:00,11457.3563
2026-01-29 01:00:00+00:00,11457.3563
2026-01-29 01:15:00+00:00,11342.7828
2026-01-29 01:30:00+00:00,11342.7828
2026-01-29 01:45:00+00:00,11342.7828
2026-01-29 02:00:00+00:00,11342.7828
2026-01-29 02:15:00+00:00,11342.7828
2026-01-29 02:30:00+00:00,11342.7828
2026-01-29 02:45:00+00:00,11569.6384
2026-01-29 03:00:00+00:00,11569.6384
2026-01-29 03:15:00+00:00,11569.6384
2026-01-29 03:30:00+00:00,11569.6384
2026-01-29 03:45:00+00:00,11569.6384
2026-01-29 04:00:00+00:00,11569.6384
2026-01-29 04:15:00+00:00,11569.6384
2026-01-29 04:30:00+00:00,11569.6384
2026-01-29 04:45:00+00:00,11569.6384
2026-01-29 05:00:00+00:00,11569.6384
2026-01-29 05:15:00+00:00,11569.6384
2026-01-29 05:30:00+00:00,11569.6384
2026-01-29 05:45:00+00:00,11569.6384
2026-01-29 06:00:00+00:00,11569.6384
2026-01-29 06:15:00+00:00,11569.6384
2026-01-29 06:30:00+00:00,11569.6384
2026-01-29 06:45:00+00:00,11569.6384
2026-01-29 07:00:00+00:00,11569.6384
2026-01-29 07:15:00+00:00,11569.6384
2026-01-29 07:30:00+00:00,11569.6384
2026-01-29 07:45:00+00:00,11453.942
2026-01-29 08:00:00+00:00,11453.942
2026-01-29 08:15:00+00:00,11339.4026
2026-01-29 08:30:00+00:00,11339.4026
2026-01-29 08:45:00+00:00,11339.4026
2026-01-29 09:00:00+00:00,11339.4026
2026-01-29 09:15:00+00:00,11339.4026
2026-01-29 09:30:00+00:00,11339.4026
2026-01-29 09:45:00+00:00,11339.4026
2026-01-29 10:00:00+00:00,11339.4026
2026-01-29 10:15:00+00:00,11339.4026
2026-01-29 10:30:00+00:00,11339.4026
2026-01-29 10:45:00+00:00,11339.4026
2026-01-29 11:00:00+00:00,11339.4026
2026-01-29 11:15:00+00:00,11339.4026
2026-01-29 11:30:00+00:00,11339.4026
2026-01-29 11:45:00+00:00,11339.4026
2026-01-29 12:00:00+00:00,11339.4026
2026-01-29 12:15:00+00:00,11339.4026
2026-01-29 12:30:00+00:00,11339.4026
2026-01-29 12:45:00+00:00,11339.4026
2026-01-29 13:00:00+00:00,11339.4026
2026-01-29 13:15:00+00:00,11339.4026
2026-01-29 13:30:00+00:00,11339.4026
2026-01-29 13:45:00+00:00,11339.4026
2026-01-29 14:00:00+00:00,11339.4026
2026-01-29 14:15:00+00:00,11339.4026
2026-01-29 14:30:00+00:00,11339.4026
2026-01-29 14:45:00+00:00,11566.1907
2026-01-29 15:00:00+00:00,11566.1907
2026-01-29 15:15:00+00:00,11566.1907
2026-01-29 15:30:00+00:00,11566.1907
2026-01-29 15:45:00+00:00,11566.1907
2026-01-29 16:00:00+00:00,11566.1907
2026-01-29 16:15:00+00:00,11566.1907
2026-01-29 16:30:00+00:00,11566.1907
2026-01-29 16:45:00+00:00,11566.1907
2026-01-29 17:00:00+00:00,11566.1907
2026-01-29 17:15:00+00:00,11566.1907
2026-01-29 17:30:00+00:00,11566.1907
2026-01-29 17:45:00+00:00,11566.1907
2026-01-29 18:00:00+00:00,11566.1907
2026-01-29 18:15:00+00:00,11566.1907
2026-01-29 18:30:00+00:00,11566.1907
2026-01-29 18:45:00+00:00,11566.1907
2026-01-29 19:00:00+00:00,11566.1907
2026-01-29 19:15:00+00:00,11566.1907
2026-01-29 19:30:00+00:00,11566.1907
2026-01-29 19:45:00+00:00,11566.1907
2026-01-29 20:00:00+00:00,11566.1907
2026-01-29 20:15:00+00:00,11566.1907
2026-01-29 20:30:00+00:00,11566.1907
2026-01-29 20:45:00+00:00,11566.1907
2026-01-29 21:00:00+00:00,11566.1907
2026-01-29 21:15:00+00:00,11566.1907
2026-01-29 21:30:00+00:00,11566.1907
2026-01-29 21:45:00+00:00,11566.1907
2026-01-29 22:00:00+00:00,11566.1907
2026-01-29 22:15:00+00:00,11566.1907
2026-01-29 22:30:00+00:00,11566.1907
2026-01-29 22:45:00+00:00,11566.1907
2026-01-29 23:00:00+00:00,11566.1907
2026-01-29 23:15:00+00:00,11566.1907
2026-01-29 23:30:00+00:00,11566.1907
2026-01-29 23:45:00+00:00,11566.1907
2026-01-30 00:00:00+00:00,11566.1907
2026-01-30 00:15:00+00:00,11566.1907
2026-01-30 00:30:00+00:00,11566.1907
2026-01-30 00:45:00+00:00,11566.1907
2026-01-30 01:00:00+00:00,11566.1907
2026-01-30 01:15:00+00:00,11566.1907
2026-01-30 01:30:00+00:00,11566.1907
2026-01-30 01:45:00+00:00,11566.1907
2026-01-30 02:00:00+00:00,11566.1907
2026-01-30 02:15:00+00:00,11566.1907
2026-01-30 02:30:00+00:00,11566.1907
2026-01-30 02:45:00+00:00,11566.1907
2026-01-30 03:00:00+00:00,11566.1907
2026-01-30 03:15:00+00:00,11566.1907
2026-01-30 03:30:00+00:00,11566.1907
2026-01-30 03:45:00+00:00,11566.1907
2026-01-30 04:00:00+00:00,11566.1907
2026-01-30 04:15:00+00:00,11566.1907
2026-01-30 04:30:00+00:00,11566.1907
2026-01-30 04:45:00+00:00,11566.1907
2026-01-30 05:00:00+00:00,11566.1907
2026-01-30 05:15:00+00:00,11566.1907
2026-01-30 05:30:00+00:00,11566.1907
2026-01-30 05:45:00+00:00,11566.1907
2026-01-30 06:00:00+00:00,11566.1907
2026-01-30 06:15:00+00:00,11566.1907
2026-01-30 06:30:00+00:00,11566.1907
2026-01-30 06:45:00+00:00,11566.1907
2026-01-30 07:00:00+00:00,11566.1907
2026-01-30 07:15:00+00:00,11566.1907
2026-01-30 07:30:00+00:00,11566.1907
2026-01-30 07:45:00+00:00,11566.1907
2026-01-30 08:00:00+00:00,11566.1907
2026-01-30 08:15:00+00:00,11566.1907
2026-01-30 08:30:00+00:00,11566.1907
2026-01-30 08:45:00+00:00,11566.1907
2026-01-30 09:00:00+00:00,11566.1907
2026-01-30 09:15:00+00:00,11566.1907
2026-01-30 09:30:00+00:00,11566.1907
2026-01-30 09:45:00+00:00,11566.1907
2026-01-30 10:00:00+00:00,11566.1907
2026-01-30 10:15:00+00:00,11566.1907
2026-01-30 10:30:00+00:00,11566.1907
2026-01-30 10:45:00+00:00,11566.1907
2026-01-30 11:00:00+00:00,11566.1907
2026-01-30 11:15:00+00:00,11566.1907
2026-01-30 11:30:00+00:00,11566.1907
2026-01-30 11:45:00+00:00,11566.1907
2026-01-30 12:00:00+00:00,11566.1907
2026-01-30 12:15:00+00:00,11566.1907
2026-01-30 12:30:00+00:00,11566.1907
2026-01-30 12:45:00+00:00,11566.1907
2026-01-30 13:00:00+00:00,11566.1907
2026-01-30 13:15:00+00:00,11566.1907
2026-01-30 13:30:00+00:00,11566.1907
2026-01-30 13:45:00+00:00,11566.1907
2026-01-30 14:00:00+00:00,11566.1907
2026-01-30 14:15:00+00:00,11566.1907
2026-01-30 14:30:00+00:00,11450.5288
2026-01-30 14:45:00+00:00,11450.5288
2026-01-30 15:00:00+00:00,11450.5288
2026-01-30 15:15:00+00:00,11450.5288
2026-01-30 15:30:00+00:00,11450.5288
2026-01-30 15:45:00+00:00,11450.5288
2026-01-30 16:00:00+00:00,11450.5288
2026-01-30 16:15:00+00:00,11450.5288
2026-01-30 16:30:00+00:00,11450.5288
2026-01-30 16:45:00+00:00,11450.5288
2026-01-30 17:00:00+00:00,11450.5288
2026-01-30 17:15:00+00:00,11450.5288
2026-01-30 17:30:00+00:00,11450.5288
2026-01-30 17:45:00+00:00,11450.5288
2026-01-30 18:00:00+00:00,11450.5288
2026-01-30 18:15:00+00:00,11450.5288
2026-01-30 18:30:00+00:00,11450.5288
2026-01-30 18:45:00+00:00,11336.0235
2026-01-30 19:00:00+00:00,11336.0235
2026-01-30 19:15:00+00:00,11336.0235
2026-01-30 19:30:00+00:00,11336.0235
2026-01-30 19:45:00+00:00,11222.6632
2026-01-30 20:00:00+00:00,11222.6632
2026-01-30 20:15:00+00:00,11222.6632
2026-01-30 20:30:00+00:00,11110.4366
2026-01-30 20:45:00+00:00,11110.4366
2026-01-30 21:00:00+00:00,11110.4366
2026-01-30 21:15:00+00:00,10999.3322
2026-01-30 21:30:00+00:00,10999.3322
2026-01-30 21:45:00+00:00,10999.3322
2026-01-30 22:00:00+00:00,10889.3389
2026-01-30 22:15:00+00:00,10889.3389
2026-01-30 22:30:00+00:00,10889.3389
2026-01-30 22:45:00+00:00,11107.1257
2026-01-30 23:00:00+00:00,11107.1257
2026-01-30 23:15:00+00:00,11107.1257
2026-01-30 23:30:00+00:00,11329.2682
2026-01-30 23:45:00+00:00,11329.2682
2026-01-31 00:00:00+00:00,11215.9755
2026-01-31 00:15:00+00:00,11215.9755
2026-01-31 00:30:00+00:00,11215.9755
2026-01-31 00:45:00+00:00,11103.8158
2026-01-31 01:00:00+00:00,11103.8158
2026-01-31 01:15:00+00:00,11103.8158
2026-01-31 01:30:00+00:00,10992.7776
2026-01-31 01:45:00+00:00,10992.7776
2026-01-31 02:00:00+00:00,10992.7776
2026-01-31 02:15:00+00:00,10882.8498
2026-01-31 02:30:00+00:00,10882.8498
2026-01-31 02:45:00+00:00,10882.8498
2026-01-31 03:00:00+00:00,10882.8498
2026-01-31 03:15:00+00:00,10882.8498
2026-01-31 03:30:00+00:00,10882.8498
2026-01-31 03:45:00+00:00,10882.8498
2026-01-31 04:00:00+00:00,10882.8498
2026-01-31 04:15:00+00:00,10882.8498
2026-01-31 04:30:00+00:00,10882.8498
2026-01-31 04:45:00+00:00,10882.8498
2026-01-31 05:00:00+00:00,10882.8498
2026-01-31 05:15:00+00:00,10882.8498
2026-01-31 05:30:00+00:00,10882.8498
2026-01-31 05:45:00+00:00,10882.8498
2026-01-31 06:00:00+00:00,10882.8498
2026-01-31 06:15:00+00:00,10774.0213
2026-01-31 06:30:00+00:00,10774.0213
2026-01-31 06:45:00+00:00,10774.0213
2026-01-31 07:00:00+00:00,10774.0213
2026-01-31 07:15:00+00:00,10774.0213
2026-01-31 07:30:00+00:00,10666.2811
2026-01-31 07:45:00+00:00,10666.2811
2026-01-31 08:00:00+00:00,10559.6183
2026-01-31 08:15:00+00:00,10559.6183
2026-01-31 08:30:00+00:00,10559.6183
2026-01-31 08:45:00+00:00,10559.6183
2026-01-31 09:00:00+00:00,10559.6183
2026-01-31 09:15:00+00:00,10559.6183
2026-01-31 09:30:00+00:00,10559.6183
2026-01-31 09:45:00+00:00,10559.6183
2026-01-31 10:00:00+00:00,10559.6183
2026-01-31 10:15:00+00:00,10559.6183
2026-01-31 10:30:00+00:00,10559.6183
2026-01-31 10:45:00+00:00,10559.6183
2026-01-31 11:00:00+00:00,10559.6183
2026-01-31 11:15:00+00:00,10559.6183
2026-01-31 11:30:00+00:00,10559.6183
2026-01-31 11:45:00+00:00,10559.6183
2026-01-31 12:00:00+00:00,10559.6183
2026-01-31 12:15:00+00:00,10559.6183
2026-01-31 12:30:00+00:00,10559.6183
2026-01-31 12:45:00+00:00,10559.6183
2026-01-31 13:00:00+00:00,10454.0221
2026-01-31 13:15:00+00:00,10454.0221
2026-01-31 13:30:00+00:00,10454.0221
2026-01-31 13:45:00+00:00,10454.0221
2026-01-31 14:00:00+00:00,10454.0221
2026-01-31 14:15:00+00:00,10454.0221
2026-01-31 14:30:00+00:00,10454.0221
2026-01-31 14:45:00+00:00,10454.0221
2026-01-31 15:00:00+00:00,10454.0221
2026-01-31 15:15:00+00:00,10454.0221
2026-01-31 15:30:00+00:00,10454.0221
2026-01-31 15:45:00+00:00,10454.0221
2026-01-31 16:00:00+00:00,10454.0221
2026-01-31 16:15:00+00:00,10454.0221
2026-01-31 16:30:00+00:00,10454.0221
2026-01-31 16:45:00+00:00,10454.0221
2026-01-31 17:00:00+00:00,10454.0221
2026-01-31 17:15:00+00:00,10454.0221
2026-01-31 17:30:00+00:00,10454.0221
2026-01-31 17:45:00+00:00,10454.0221
2026-01-31 18:00:00+00:00,10454.0221
2026-01-31 18:15:00+00:00,10454.0221
2026-01-31 18:30:00+00:00,10454.0221
2026-01-31 18:45:00+00:00,10454.0221
2026-01-31 19:00:00+00:00,10454.0221
2026-01-31 19:15:00+00:00,10454.0221
2026-01-31 19:30:00+00:00,10454.0221
2026-01-31 19:45:00+00:00,10454.0221
2026-01-31 20:00:00+00:00,10454.0221
2026-01-31 20:15:00+00:00,10454.0221
2026-01-31 20:30:00+00:00,10454.0221
2026-01-31 20:45:00+00:00,10454.0221
2026-01-31 21:00:00+00:00,10454.0221
2026-01-31 21:15:00+00:00,10454.0221
2026-01-31 21:30:00+00:00,10454.0221
2026-01-31 21:45:00+00:00,10454.0221
2026-01-31 22:00:00+00:00,10454.0221
2026-01-31 22:15:00+00:00,10454.0221
2026-01-31 22:30:00+00:00,10454.0221
2026-01-31 22:45:00+00:00,10454.0221
2026-01-31 23:00:00+00:00,10454.0221
2026-01-31 23:15:00+00:00,10454.0221
2026-01-31 23:30:00+00:00,10454.0221
2026-01-31 23:45:00+00:00,10454.0221
2026-02-01 00:00:00+00:00,10454.0221
2026-02-01 00:15:00+00:00,10454.0221
2026-02-01 00:30:00+00:00,10454.0221
2026-02-01 00:45:00+00:00,10454.0221
2026-02-01 01:00:00+00:00,10454.0221
2026-02-01 01:15:00+00:00,10454.0221
2026-02-01 01:30:00+00:00,10454.0221
2026-02-01 01:45:00+00:00,10454.0221
2026-02-01 02:00:00+00:00,10454.0221
2026-02-01 02:15:00+00:00,10454.0221
2026-02-01 02:30:00+00:00,10454.0221
2026-02-01 02:45:00+00:00,10454.0221
2026-02-01 03:00:00+00:00,10454.0221
2026-02-01 03:15:00+00:00,10454.0221
2026-02-01 03:30:00+00:00,10454.0221
2026-02-01 03:45:00+00:00,10454.0221
2026-02-01 04:00:00+00:00,10454.0221
2026-02-01 04:15:00+00:00,10454.0221
2026-02-01 04:30:00+00:00,10454.0221
2026-02-01 04:45:00+00:00,10454.0221
2026-02-01 05:00:00+00:00,10454.0221
2026-02-01 05:15:00+00:00,10454.0221
2026-02-01 05:30:00+00:00,10454.0221
2026-02-01 05:45:00+00:00,10454.0221
2026-02-01 06:00:00+00:00,10454.0221
2026-02-01 06:15:00+00:00,10454.0221
2026-02-01 06:30:00+00:00,10454.0221
2026-02-01 06:45:00+00:00,10454.0221
2026-02-01 07:00:00+00:00,10454.0221
2026-02-01 07:15:00+00:00,10454.0221
2026-02-01 07:30:00+00:00,10454.0221
2026-02-01 07:45:00+00:00,10454.0221
2026-02-01 08:00:00+00:00,10454.0221
2026-02-01 08:15:00+00:00,10454.0221
2026-02-01 08:30:00+00:00,10454.0221
2026-02-01 08:45:00+00:00,10454.0221
2026-02-01 09:00:00+00:00,10454.0221
2026-02-01 09:15:00+00:00,10454.0221
2026-02-01 09:30:00+00:00,10349.4819
2026-02-01 09:45:00+00:00,10349.4819
2026-02-01 10:00:00+00:00,10349.4819
2026-02-01 10:15:00+00:00,10349.4819
2026-02-01 10:30:00+00:00,10556.4716
2026-02-01 10:45:00+00:00,10556.4716
2026-02-01 11:00:00+00:00,10556.4716
2026-02-01 11:15:00+00:00,10556.4716
2026-02-01 11:30:00+00:00,10556.4716
2026-02-01 11:45:00+00:00,10556.4716
2026-02-01 12:00:00+00:00,10556.4716
2026-02-01 12:15:00+00:00,10767.601
2026-02-01 12:30:00+00:00,10767.601
2026-02-01 12:45:00+00:00,10767.601
2026-02-01 13:00:00+00:00,10767.601
2026-02-01 13:15:00+00:00,10767.601
2026-02-01 13:30:00+00:00,10767.601
2026-02-01 13:45:00+00:00,10767.601
2026-02-01 14:00:00+00:00,10982.953
2026-02-01 14:15:00+00:00,10982.953
2026-02-01 14:30:00+00:00,10982.953
2026-02-01 14:45:00+00:00,10982.953
2026-02-01 15:00:00+00:00,10982.953
2026-02-01 15:15:00+00:00,10982.953
2026-02-01 15:30:00+00:00,10982.953
2026-02-01 15:45:00+00:00,10982.953
2026-02-01 16:00:00+00:00,10982.953
2026-02-01 16:15:00+00:00,10982.953
2026-02-01 16:30:00+00:00,10982.953
2026-02-01 16:45:00+00:00,10982.953
2026-02-01 17:00:00+00:00,10982.953
2026-02-01 17:15:00+00:00,10982.953
2026-02-01 17:30:00+00:00,10982.953
2026-02-01 17:45:00+00:00,10982.953
2026-02-01 18:00:00+00:00,10982.953
2026-02-01 18:15:00+00:00,10982.953
2026-02-01 18:30:00+00:00,10982.953
2026-02-01 18:45:00+00:00,10982.953
2026-02-01 19:00:00+00:00,10982.953
2026-02-01 19:15:00+00:00,10982.953
2026-02-01 19:30:00+00:00,11202.6121
2026-02-01 19:45:00+00:00,11202.6121
2026-02-01 20:00:00+00:00,11202.6121
2026-02-01 20:15:00+00:00,11202.6121
2026-02-01 20:30:00+00:00,11202.6121
2026-02-01 20:45:00+00:00,11202.6121
2026-02-01 21:00:00+00:00,11202.6121
2026-02-01 21:15:00+00:00,11202.6121
2026-02-01 21:30:00+00:00,11202.6121
2026-02-01 21:45:00+00:00,11202.6121
2026-02-01 22:00:00+00:00,11202.6121
2026-02-01 22:15:00+00:00,11202.6121
2026-02-01 22:30:00+00:00,11202.6121
2026-02-01 22:45:00+00:00,11202.6121
2026-02-01 23:00:00+00:00,11202.6121
2026-02-01 23:15:00+00:00,11202.6121
2026-02-01 23:30:00+00:00,11202.6121
2026-02-01 23:45:00+00:00,11202.6121
2026-02-02 00:00:00+00:00,11202.6121
2026-02-02 00:15:00+00:00,11202.6121
2026-02-02 00:30:00+00:00,11202.6121
2026-02-02 00:45:00+00:00,11202.6121
2026-02-02 01:00:00+00:00,11426.6643
2026-02-02 01:15:00+00:00,11426.6643
2026-02-02 01:30:00+00:00,11426.6643
2026-02-02 01:45:00+00:00,11655.1976
2026-02-02 02:00:00+00:00,11655.1976
2026-02-02 02:15:00+00:00,11655.1976
2026-02-02 02:30:00+00:00,11655.1976
2026-02-02 02:45:00+00:00,11888.3015
2026-02-02 03:00:00+00:00,11888.3015
2026-02-02 03:15:00+00:00,11888.3015
2026-02-02 03:30:00+00:00,11888.3015
2026-02-02 03:45:00+00:00,11888.3015
2026-02-02 04:00:00+00:00,11888.3015
2026-02-02 04:15:00+00:00,11888.3015
2026-02-02 04:30:00+00:00,11888.3015
2026-02-02 04:45:00+00:00,11888.3015
2026-02-02 05:00:00+00:00,11888.3015
2026-02-02 05:15:00+00:00,11888.3015
2026-02-02 05:30:00+00:00,11888.3015
2026-02-02 05:45:00+00:00,11888.3015
2026-02-02 06:00:00+00:00,11888.3015
2026-02-02 06:15:00+00:00,11888.3015
2026-02-02 06:30:00+00:00,11888.3015
2026-02-02 06:45:00+00:00,11888.3015
2026-02-02 07:00:00+00:00,11888.3015
2026-02-02 07:15:00+00:00,11888.3015
2026-02-02 07:30:00+00:00,11888.3015
2026-02-02 07:45:00+00:00,11769.4185
2026-02-02 08:00:00+00:00,11769.4185
2026-02-02 08:15:00+00:00,11769.4185
2026-02-02 08:30:00+00:00,11769.4185
2026-02-02 08:45:00+00:00,11769.4185
2026-02-02 09:00:00+00:00,11769.4185
2026-02-02 09:15:00+00:00,11651.7243
2026-02-02 09:30:00+00:00,11651.7243
2026-02-02 09:45:00+00:00,11651.7243
2026-02-02 10:00:00+00:00,11651.7243
2026-02-02 10:15:00+00:00,11651.7243
2026-02-02 10:30:00+00:00,11651.7243
2026-02-02 10:45:00+00:00,11651.7243
2026-02-02 11:00:00+00:00,11651.7243
2026-02-02 11:15:00+00:00,11651.7243
2026-02-02 11:30:00+00:00,11535.2071
2026-02-02 11:45:00+00:00,11535.2071
2026-02-02 12:00:00+00:00,11419.855
2026-02-02 12:15:00+00:00,11419.855
2026-02-02 12:30:00+00:00,11419.855
2026-02-02 12:45:00+00:00,11419.855
2026-02-02 13:00:00+00:00,11305.6565
2026-02-02 13:15:00+00:00,11305.6565
2026-02-02 13:30:00+00:00,11305.6565
2026-02-02 13:45:00+00:00,11305.6565
2026-02-02 14:00:00+00:00,11305.6565
2026-02-02 14:15:00+00:00,11305.6565
2026-02-02 14:30:00+00:00,11531.7696
2026-02-02 14:45:00+00:00,11531.7696
2026-02-02 15:00:00+00:00,11531.7696
2026-02-02 15:15:00+00:00,11531.7696
2026-02-02 15:30:00+00:00,11531.7696
2026-02-02 15:45:00+00:00,11531.7696
2026-02-02 16:00:00+00:00,11531.7696
2026-02-02 16:15:00+00:00,11531.7696
2026-02-02 16:30:00+00:00,11531.7696
2026-02-02 16:45:00+00:00,11531.7696
2026-02-02 17:00:00+00:00,11531.7696
2026-02-02 17:15:00+00:00,11531.7696
2026-02-02 17:30:00+00:00,11531.7696
2026-02-02 17:45:00+00:00,11531.7696
2026-02-02 18:00:00+00:00,11531.7696
2026-02-02 18:15:00+00:00,11531.7696
2026-02-02 18:30:00+00:00,11531.7696
2026-02-02 18:45:00+00:00,11531.7696
2026-02-02 19:00:00+00:00,11416.4519
2026-02-02 19:15:00+00:00,11416.4519
2026-02-02 19:30:00+00:00,11416.4519
2026-02-02 19:45:00+00:00,11302.2874
2026-02-02 20:00:00+00:00,11302.2874
2026-02-02 20:15:00+00:00,11302.2874
2026-02-02 20:30:00+00:00,11302.2874
2026-02-02 20:45:00+00:00,11189.2645
2026-02-02 21:00:00+00:00,11189.2645
2026-02-02 21:15:00+00:00,11189.2645
2026-02-02 21:30:00+00:00,11189.2645
2026-02-02 21:45:00+00:00,11189.2645
2026-02-02 22:00:00+00:00,11189.2645
2026-02-02 22:15:00+00:00,11189.2645
2026-02-02 22:30:00+00:00,11189.2645
2026-02-02 22:45:00+00:00,11189.2645
2026-02-02 23:00:00+00:00,11189.2645
2026-02-02 23:15:00+00:00,11189.2645
2026-02-02 23:30:00+00:00,11189.2645
2026-02-02 23:45:00+00:00,11189.2645
2026-02-03 00:00:00+00:00,11189.2645
2026-02-03 00:15:00+00:00,11189.2645
2026-02-03 00:30:00+00:00,11189.2645
2026-02-03 00:45:00+00:00,11189.2645
2026-02-03 01:00:00+00:00,11189.2645
2026-02-03 01:15:00+00:00,11189.2645
2026-02-03 01:30:00+00:00,11189.2645
2026-02-03 01:45:00+00:00,11189.2645
2026-02-03 02:00:00+00:00,11189.2645
2026-02-03 02:15:00+00:00,11189.2645
2026-02-03 02:30:00+00:00,11189.2645
2026-02-03 02:45:00+00:00,11077.3719
2026-02-03 03:00:00+00:00,11077.3719
2026-02-03 03:15:00+00:00,11077.3719
2026-02-03 03:30:00+00:00,11077.3719
2026-02-03 03:45:00+00:00,11298.9193
2026-02-03 04:00:00+00:00,11298.9193
2026-02-03 04:15:00+00:00,11185.9301
2026-02-03 04:30:00+00:00,11185.9301
2026-02-03 04:45:00+00:00,11185.9301
2026-02-03 05:00:00+00:00,11074.0708
2026-02-03 05:15:00+00:00,11074.0708
2026-02-03 05:30:00+00:00,11074.0708
2026-02-03 05:45:00+00:00,11074.0708
2026-02-03 06:00:00+00:00,11074.0708
2026-02-03 06:15:00+00:00,11074.0708
2026-02-03 06:30:00+00:00,11074.0708
2026-02-03 06:45:00+00:00,11074.0708
2026-02-03 07:00:00+00:00,11074.0708
2026-02-03 07:15:00+00:00,11074.0708
2026-02-03 07:30:00+00:00,11074.0708
2026-02-03 07:45:00+00:00,11074.0708
2026-02-03 08:00:00+00:00,11074.0708
2026-02-03 08:15:00+00:00,11074.0708
2026-02-03 08:30:00+00:00,11074.0708
2026-02-03 08:45:00+00:00,11074.0708
2026-02-03 09:00:00+00:00,11074.0708
2026-02-03 09:15:00+00:00,10963.3301
2026-02-03 09:30:00+00:00,10963.3301
2026-02-03 09:45:00+00:00,10963.3301
2026-02-03 10:00:00+00:00,10963.3301
2026-02-03 10:15:00+00:00,10963.3301
2026-02-03 10:30:00+00:00,10963.3301
2026-02-03 10:45:00+00:00,10963.3301
2026-02-03 11:00:00+00:00,10963.3301
2026-02-03 11:15:00+00:00,10963.3301
2026-02-03 11:30:00+00:00,10963.3301
2026-02-03 11:45:00+00:00,10963.3301
2026-02-03 12:00:00+00:00,10963.3301
2026-02-03 12:15:00+00:00,10963.3301
2026-02-03 12:30:00+00:00,10963.3301
2026-02-03 12:45:00+00:00,10963.3301
2026-02-03 13:00:00+00:00,10963.3301
2026-02-03 13:15:00+00:00,10963.3301
2026-02-03 13:30:00+00:00,10963.3301
2026-02-03 13:45:00+00:00,10963.3301
2026-02-03 14:00:00+00:00,10963.3301
2026-02-03 14:15:00+00:00,10963.3301
2026-02-03 14:30:00+00:00,10853.6968
2026-02-03 14:45:00+00:00,10853.6968
2026-02-03 15:00:00+00:00,10853.6968
2026-02-03 15:15:00+00:00,10853.6968
2026-02-03 15:30:00+00:00,10853.6968
2026-02-03 15:45:00+00:00,10745.1598
2026-02-03 16:00:00+00:00,10745.1598
2026-02-03 16:15:00+00:00,10745.1598
2026-02-03 16:30:00+00:00,10745.1598
2026-02-03 16:45:00+00:00,10745.1598
2026-02-03 17:00:00+00:00,10745.1598
2026-02-03 17:15:00+00:00,10745.1598
2026-02-03 17:30:00+00:00,10745.1598
2026-02-03 17:45:00+00:00,10745.1598
2026-02-03 18:00:00+00:00,10745.1598
2026-02-03 18:15:00+00:00,10745.1598
2026-02-03 18:30:00+00:00,10745.1598
2026-02-03 18:45:00+00:00,10745.1598
2026-02-03 19:00:00+00:00,10745.1598
2026-02-03 19:15:00+00:00,10745.1598
2026-02-03 19:30:00+00:00,10745.1598
2026-02-03 19:45:00+00:00,10745.1598
2026-02-03 20:00:00+00:00,10745.1598
2026-02-03 20:15:00+00:00,10745.1598
2026-02-03 20:30:00+00:00,10745.1598
2026-02-03 20:45:00+00:00,10745.1598
2026-02-03 21:00:00+00:00,10745.1598
2026-02-03 21:15:00+00:00,10745.1598
2026-02-03 21:30:00+00:00,10745.1598
2026-02-03 21:45:00+00:00,10745.1598
2026-02-03 22:00:00+00:00,10960.063
2026-02-03 22:15:00+00:00,10960.063
2026-02-03 22:30:00+00:00,10960.063
2026-02-03 22:45:00+00:00,10960.063
2026-02-03 23:00:00+00:00,10960.063
2026-02-03 23:15:00+00:00,10960.063
2026-02-03 23:30:00+00:00,10960.063
2026-02-03 23:45:00+00:00,10960.063
2026-02-04 00:00:00+00:00,10960.063
2026-02-04 00:15:00+00:00,10960.063
2026-02-04 00:30:00+00:00,10960.063
2026-02-04 00:45:00+00:00,10960.063
2026-02-04 01:00:00+00:00,10960.063
2026-02-04 01:15:00+00:00,10960.063
2026-02-04 01:30:00+00:00,10850.4624
2026-02-04 01:45:00+00:00,10850.4624
2026-02-04 02:00:00+00:00,10850.4624
2026-02-04 02:15:00+00:00,10850.4624
2026-02-04 02:30:00+00:00,11067.4717
2026-02-04 02:45:00+00:00,11067.4717
2026-02-04 03:00:00+00:00,10956.7969
2026-02-04 03:15:00+00:00,10956.7969
2026-02-04 03:30:00+00:00,10847.229
2026-02-04 03:45:00+00:00,10847.229
2026-02-04 04:00:00+00:00,10847.229
2026-02-04 04:15:00+00:00,10847.229
2026-02-04 04:30:00+00:00,10738.7567
2026-02-04 04:45:00+00:00,10738.7567
2026-02-04 05:00:00+00:00,10738.7567
2026-02-04 05:15:00+00:00,10738.7567
2026-02-04 05:30:00+00:00,10953.5318
2026-02-04 05:45:00+00:00,10953.5318
2026-02-04 06:00:00+00:00,10953.5318
2026-02-04 06:15:00+00:00,10953.5318
2026-02-04 06:30:00+00:00,10843.9965
2026-02-04 06:45:00+00:00,10843.9965
2026-02-04 07:00:00+00:00,11060.8764
2026-02-04 07:15:00+00:00,11060.8764
2026-02-04 07:30:00+00:00,11060.8764
2026-02-04 07:45:00+00:00,11060.8764
2026-02-04 08:00:00+00:00,11060.8764
2026-02-04 08:15:00+00:00,11282.094
2026-02-04 08:30:00+00:00,11282.094
2026-02-04 08:45:00+00:00,11282.094
2026-02-04 09:00:00+00:00,11282.094
2026-02-04 09:15:00+00:00,11282.094
2026-02-04 09:30:00+00:00,11282.094
2026-02-04 09:45:00+00:00,11282.094
2026-02-04 10:00:00+00:00,11282.094
2026-02-04 10:15:00+00:00,11282.094
2026-02-04 10:30:00+00:00,11282.094
2026-02-04 10:45:00+00:00,11282.094
2026-02-04 11:00:00+00:00,11507.7358
2026-02-04 11:15:00+00:00,11507.7358
2026-02-04 11:30:00+00:00,11507.7358
2026-02-04 11:45:00+00:00,11507.7358
2026-02-04 12:00:00+00:00,11392.6585
2026-02-04 12:15:00+00:00,11392.6585
2026-02-04 12:30:00+00:00,11392.6585
2026-02-04 12:45:00+00:00,11392.6585
2026-02-04 13:00:00+00:00,11392.6585
2026-02-04 13:15:00+00:00,11392.6585
2026-02-04 13:30:00+00:00,11620.5116
2026-02-04 13:45:00+00:00,11620.5116
2026-02-04 14:00:00+00:00,11620.5116
2026-02-04 14:15:00+00:00,11620.5116
2026-02-04 14:30:00+00:00,11620.5116
2026-02-04 14:45:00+00:00,11620.5116
2026-02-04 15:00:00+00:00,11620.5116
2026-02-04 15:15:00+00:00,11620.5116
2026-02-04 15:30:00+00:00,11620.5116
2026-02-04 15:45:00+00:00,11620.5116
2026-02-04 16:00:00+00:00,11620.5116
2026-02-04 16:15:00+00:00,11620.5116
2026-02-04 16:30:00+00:00,11620.5116
2026-02-04 16:45:00+00:00,11620.5116
2026-02-04 17:00:00+00:00,11620.5116
2026-02-04 17:15:00+00:00,11620.5116
2026-02-04 17:30:00+00:00,11620.5116
2026-02-04 17:45:00+00:00,11620.5116
2026-02-04 18:00:00+00:00,11620.5116
2026-02-04 18:15:00+00:00,11620.5116
2026-02-04 18:30:00+00:00,11620.5116
2026-02-04 18:45:00+00:00,11620.5116
2026-02-04 19:00:00+00:00,11620.5116
2026-02-04 19:15:00+00:00,11620.5116
2026-02-04 19:30:00+00:00,11620.5116
2026-02-04 19:45:00+00:00,11620.5116
2026-02-04 20:00:00+00:00,11620.5116
2026-02-04 20:15:00+00:00,11620.5116
2026-02-04 20:30:00+00:00,11620.5116
2026-02-04 20:45:00+00:00,11620.5116
2026-02-04 21:00:00+00:00,11620.5116
2026-02-04 21:15:00+00:00,11620.5116
2026-02-04 21:30:00+00:00,11620.5116
2026-02-04 21:45:00+00:00,11620.5116
2026-02-04 22:00:00+00:00,11620.5116
2026-02-04 22:15:00+00:00,11620.5116
2026-02-04 22:30:00+00:00,11620.5116
2026-02-04 22:45:00+00:00,11620.5116
2026-02-04 23:00:00+00:00,11620.5116
2026-02-04 23:15:00+00:00,11620.5116
2026-02-04 23:30:00+00:00,11620.5116
2026-02-04 23:45:00+00:00,11620.5116
2026-02-05 00:00:00+00:00,11620.5116
2026-02-05 00:15:00+00:00,11620.5116
2026-02-05 00:30:00+00:00,11620.5116
2026-02-05 00:45:00+00:00,11620.5116
2026-02-05 01:00:00+00:00,11620.5116
2026-02-05 01:15:00+00:00,11620.5116
2026-02-05 01:30:00+00:00,11620.5116
2026-02-05 01:45:00+00:00,11620.5116
2026-02-05 02:00:00+00:00,11620.5116
2026-02-05 02:15:00+00:00,11620.5116
2026-02-05 02:30:00+00:00,11620.5116
2026-02-05 02:45:00+00:00,11620.5116
2026-02-05 03:00:00+00:00,11620.5116
2026-02-05 03:15:00+00:00,11620.5116
2026-02-05 03:30:00+00:00,11620.5116
2026-02-05 03:45:00+00:00,11620.5116
2026-02-05 04:00:00+00:00,11620.5116
2026-02-05 04:15:00+00:00,11620.5116
2026-02-05 04:30:00+00:00,11620.5116
2026-02-05 04:45:00+00:00,11620.5116
2026-02-05 05:00:00+00:00,11620.5116
2026-02-05 05:15:00+00:00,11620.5116
2026-02-05 05:30:00+00:00,11620.5116
2026-02-05 05:45:00+00:00,11620.5116
2026-02-05 06:00:00+00:00,11620.5116
2026-02-05 06:15:00+00:00,11620.5116
2026-02-05 06:30:00+00:00,11620.5116
2026-02-05 06:45:00+00:00,11620.5116
2026-02-05 07:00:00+00:00,11620.5116
2026-02-05 07:15:00+00:00,11620.5116
2026-02-05 07:30:00+00:00,11620.5116
2026-02-05 07:45:00+00:00,11620.5116
2026-02-05 08:00:00+00:00,11620.5116
2026-02-05 08:15:00+00:00,11620.5116
2026-02-05 08:30:00+00:00,11620.5116
2026-02-05 08:45:00+00:00,11620.5116
2026-02-05 09:00:00+00:00,11620.5116
2026-02-05 09:15:00+00:00,11620.5116
2026-02-05 09:30:00+00:00,11620.5116
2026-02-05 09:45:00+00:00,11620.5116
2026-02-05 10:00:00+00:00,11620.5116
2026-02-05 10:15:00+00:00,11620.5116
2026-02-05 10:30:00+00:00,11620.5116
2026-02-05 10:45:00+00:00,11620.5116
2026-02-05 11:00:00+00:00,11620.5116
2026-02-05 11:15:00+00:00,11620.5116
2026-02-05 11:30:00+00:00,11620.5116
2026-02-05 11:45:00+00:00,11620.5116
2026-02-05 12:00:00+00:00,11620.5116
2026-02-05 12:15:00+00:00,11620.5116
2026-02-05 12:30:00+00:00,11620.5116
2026-02-05 12:45:00+00:00,11620.5116
2026-02-05 13:00:00+00:00,11620.5116
2026-02-05 13:15:00+00:00,11620.5116
2026-02-05 13:30:00+00:00,11620.5116
2026-02-05 13:45:00+00:00,11620.5116
2026-02-05 14:00:00+00:00,11620.5116
2026-02-05 14:15:00+00:00,11620.5116
2026-02-05 14:30:00+00:00,11620.5116
2026-02-05 14:45:00+00:00,11620.5116
2026-02-05 15:00:00+00:00,11620.5116
2026-02-05 15:15:00+00:00,11620.5116
2026-02-05 15:30:00+00:00,11620.5116
2026-02-05 15:45:00+00:00,11620.5116
2026-02-05 16:00:00+00:00,11620.5116
2026-02-05 16:15:00+00:00,11620.5116
2026-02-05 16:30:00+00:00,11620.5116
2026-02-05 16:45:00+00:00,11620.5116
2026-02-05 17:00:00+00:00,11620.5116
2026-02-05 17:15:00+00:00,11620.5116
2026-02-05 17:30:00+00:00,11620.5116
2026-02-05 17:45:00+00:00,11620.5116
2026-02-05 18:00:00+00:00,11620.5116
2026-02-05 18:15:00+00:00,11620.5116
2026-02-05 18:30:00+00:00,11620.5116
2026-02-05 18:45:00+00:00,11620.5116
2026-02-05 19:00:00+00:00,11620.5116
2026-02-05 19:15:00+00:00,11620.5116
2026-02-05 19:30:00+00:00,11620.5116
2026-02-05 19:45:00+00:00,11620.5116
2026-02-05 20:00:00+00:00,11620.5116
2026-02-05 20:15:00+00:00,11620.5116
2026-02-05 20:30:00+00:00,11620.5116
2026-02-05 20:45:00+00:00,11620.5116
2026-02-05 21:00:00+00:00,11620.5116
2026-02-05 21:15:00+00:00,11620.5116
2026-02-05 21:30:00+00:00,11620.5116
2026-02-05 21:45:00+00:00,11620.5116
2026-02-05 22:00:00+00:00,11620.5116
2026-02-05 22:15:00+00:00,11620.5116
2026-02-05 22:30:00+00:00,11620.5116
2026-02-05 22:45:00+00:00,11620.5116
2026-02-05 23:00:00+00:00,11620.5116
2026-02-05 23:15:00+00:00,11620.5116
2026-02-05 23:30:00+00:00,11620.5116
2026-02-05 23:45:00+00:00,11620.5116
2026-02-06 00:00:00+00:00,11620.5116
2026-02-06 00:15:00+00:00,11620.5116
2026-02-06 00:30:00+00:00,11620.5116
2026-02-06 00:45:00+00:00,11620.5116
2026-02-06 01:00:00+00:00,11620.5116
2026-02-06 01:15:00+00:00,11620.5116
2026-02-06 01:30:00+00:00,11620.5116
2026-02-06 01:45:00+00:00,11620.5116
2026-02-06 02:00:00+00:00,11620.5116
2026-02-06 02:15:00+00:00,11620.5116
2026-02-06 02:30:00+00:00,11620.5116
2026-02-06 02:45:00+00:00,11620.5116
2026-02-06 03:00:00+00:00,11620.5116
2026-02-06 03:15:00+00:00,11620.5116
2026-02-06 03:30:00+00:00,11620.5116
2026-02-06 03:45:00+00:00,11620.5116
2026-02-06 04:00:00+00:00,11620.5116
2026-02-06 04:15:00+00:00,11620.5116
2026-02-06 04:30:00+00:00,11620.5116
2026-02-06 04:45:00+00:00,11620.5116
2026-02-06 05:00:00+00:00,11620.5116
2026-02-06 05:15:00+00:00,11620.5116
2026-02-06 05:30:00+00:00,11620.5116
2026-02-06 05:45:00+00:00,11620.5116
2026-02-06 06:00:00+00:00,11620.5116
2026-02-06 06:15:00+00:00,11620.5116
2026-02-06 06:30:00+00:00,11620.5116
2026-02-06 06:45:00+00:00,11852.9219
2026-02-06 07:00:00+00:00,11852.9219
2026-02-06 07:15:00+00:00,11852.9219
2026-02-06 07:30:00+00:00,11852.9219
2026-02-06 07:45:00+00:00,11852.9219
2026-02-06 08:00:00+00:00,11852.9219
2026-02-06 08:15:00+00:00,11852.9219
2026-02-06 08:30:00+00:00,11852.9219
2026-02-06 08:45:00+00:00,11852.9219
2026-02-06 09:00:00+00:00,11852.9219
2026-02-06 09:15:00+00:00,11852.9219
2026-02-06 09:30:00+00:00,11852.9219
2026-02-06 09:45:00+00:00,11852.9219
2026-02-06 10:00:00+00:00,11852.9219
2026-02-06 10:15:00+00:00,11734.3927
2026-02-06 10:30:00+00:00,11734.3927
2026-02-06 10:45:00+00:00,11734.3927
2026-02-06 11:00:00+00:00,11734.3927
2026-02-06 11:15:00+00:00,11617.0487
2026-02-06 11:30:00+00:00,11617.0487
2026-02-06 11:45:00+00:00,11617.0487
2026-02-06 12:00:00+00:00,11617.0487
2026-02-06 12:15:00+00:00,11617.0487
2026-02-06 12:30:00+00:00,11617.0487
2026-02-06 12:45:00+00:00,11617.0487
2026-02-06 13:00:00+00:00,11500.8782
2026-02-06 13:15:00+00:00,11500.8782
2026-02-06 13:30:00+00:00,11500.8782
2026-02-06 13:45:00+00:00,11500.8782
2026-02-06 14:00:00+00:00,11500.8782
2026-02-06 14:15:00+00:00,11500.8782
2026-02-06 14:30:00+00:00,11500.8782
2026-02-06 14:45:00+00:00,11500.8782
2026-02-06 15:00:00+00:00,11500.8782
2026-02-06 15:15:00+00:00,11500.8782
2026-02-06 15:30:00+00:00,11500.8782
2026-02-06 15:45:00+00:00,11500.8782
2026-02-06 16:00:00+00:00,11500.8782
2026-02-06 16:15:00+00:00,11500.8782
2026-02-06 16:30:00+00:00,11500.8782
2026-02-06 16:45:00+00:00,11500.8782
2026-02-06 17:00:00+00:00,11500.8782
2026-02-06 17:15:00+00:00,11500.8782
2026-02-06 17:30:00+00:00,11500.8782
2026-02-06 17:45:00+00:00,11500.8782
2026-02-06 18:00:00+00:00,11500.8782
2026-02-06 18:15:00+00:00,11500.8782
2026-02-06 18:30:00+00:00,11500.8782
2026-02-06 18:45:00+00:00,11500.8782
2026-02-06 19:00:00+00:00,11500.8782
2026-02-06 19:15:00+00:00,11500.8782
2026-02-06 19:30:00+00:00,11500.8782
2026-02-06 19:45:00+00:00,11500.8782
2026-02-06 20:00:00+00:00,11500.8782
2026-02-06 20:15:00+00:00,11500.8782
2026-02-06 20:30:00+00:00,11500.8782
2026-02-06 20:45:00+00:00,11500.8782
2026-02-06 21:00:00+00:00,11500.8782
2026-02-06 21:15:00+00:00,11500.8782
2026-02-06 21:30:00+00:00,11500.8782
2026-02-06 21:45:00+00:00,11500.8782
2026-02-06 22:00:00+00:00,11500.8782
2026-02-06 22:15:00+00:00,11500.8782
2026-02-06 22:30:00+00:00,11500.8782
2026-02-06 22:45:00+00:00,11500.8782
2026-02-06 23:00:00+00:00,11500.8782
2026-02-06 23:15:00+00:00,11500.8782
2026-02-06 23:30:00+00:00,11500.8782
2026-02-06 23:45:00+00:00,11500.8782
2026-02-07 00:00:00+00:00,11500.8782
2026-02-07 00:15:00+00:00,11500.8782
2026-02-07 00:30:00+00:00,11500.8782
2026-02-07 00:45:00+00:00,11500.8782
2026-02-07 01:00:00+00:00,11500.8782
2026-02-07 01:15:00+00:00,11500.8782
2026-02-07 01:30:00+00:00,11500.8782
2026-02-07 01:45:00+00:00,11500.8782
2026-02-07 02:00:00+00:00,11500.8782
2026-02-07 02:15:00+00:00,11500.8782
2026-02-07 02:30:00+00:00,11500.8782
2026-02-07 02:45:00+00:00,11500.8782
2026-02-07 03:00:00+00:00,11500.8782
2026-02-07 03:15:00+00:00,11500.8782
2026-02-07 03:30:00+00:00,11500.8782
2026-02-07 03:45:00+00:00,11500.8782
2026-02-07 04:00:00+00:00,11500.8782
2026-02-07 04:15:00+00:00,11500.8782
2026-02-07 04:30:00+00:00,11500.8782
2026-02-07 04:45:00+00:00,11500.8782
2026-02-07 05:00:00+00:00,11500.8782
2026-02-07 05:15:00+00:00,11500.8782
2026-02-07 05:30:00+00:00,11500.8782
2026-02-07 05:45:00+00:00,11500.8782
2026-02-07 06:00:00+00:00,11500.8782
2026-02-07 06:15:00+00:00,11500.8782
2026-02-07 06:30:00+00:00,11385.8695
2026-02-07 06:45:00+00:00,11385.8695
2026-02-07 07:00:00+00:00,11385.8695
2026-02-07 07:15:00+00:00,11385.8695
2026-02-07 07:30:00+00:00,11385.8695
2026-02-07 07:45:00+00:00,11385.8695
2026-02-07 08:00:00+00:00,11385.8695
2026-02-07 08:15:00+00:00,11385.8695
2026-02-07 08:30:00+00:00,11385.8695
2026-02-07 08:45:00+00:00,11385.8695
2026-02-07 09:00:00+00:00,11385.8695
2026-02-07 09:15:00+00:00,11385.8695
2026-02-07 09:30:00+00:00,11385.8695
2026-02-07 09:45:00+00:00,11385.8695
2026-02-07 10:00:00+00:00,11385.8695
2026-02-07 10:15:00+00:00,11385.8695
2026-02-07 10:30:00+00:00,11385.8695
2026-02-07 10:45:00+00:00,11385.8695
2026-02-07 11:00:00+00:00,11385.8695
2026-02-07 11:15:00+00:00,11385.8695
2026-02-07 11:30:00+00:00,11385.8695
2026-02-07 11:45:00+00:00,11385.8695
2026-02-07 12:00:00+00:00,11385.8695
2026-02-07 12:15:00+00:00,11385.8695
2026-02-07 12:30:00+00:00,11385.8695
2026-02-07 12:45:00+00:00,11385.8695
2026-02-07 13:00:00+00:00,11385.8695
2026-02-07 13:15:00+00:00,11385.8695
2026-02-07 13:30:00+00:00,11385.8695
2026-02-07 13:45:00+00:00,11385.8695
2026-02-07 14:00:00+00:00,11385.8695
2026-02-07 14:15:00+00:00,11385.8695
2026-02-07 14:30:00+00:00,11385.8695
2026-02-07 14:45:00+00:00,11385.8695
2026-02-07 15:00:00+00:00,11385.8695
2026-02-07 15:15:00+00:00,11385.8695
2026-02-07 15:30:00+00:00,11385.8695
2026-02-07 15:45:00+00:00,11385.8695
2026-02-07 16:00:00+00:00,11385.8695
2026-02-07 16:15:00+00:00,11385.8695
2026-02-07 16:30:00+00:00,11385.8695
2026-02-07 16:45:00+00:00,11385.8695
2026-02-07 17:00:00+00:00,11385.8695
2026-02-07 17:15:00+00:00,11385.8695
2026-02-07 17:30:00+00:00,11385.8695
2026-02-07 17:45:00+00:00,11385.8695
2026-02-07 18:00:00+00:00,11385.8695
2026-02-07 18:15:00+00:00,11385.8695
2026-02-07 18:30:00+00:00,11385.8695
2026-02-07 18:45:00+00:00,11385.8695
2026-02-07 19:00:00+00:00,11385.8695
2026-02-07 19:15:00+00:00,11385.8695
2026-02-07 19:30:00+00:00,11385.8695
2026-02-07 19:45:00+00:00,11385.8695
2026-02-07 20:00:00+00:00,11385.8695
2026-02-07 20:15:00+00:00,11385.8695
2026-02-07 20:30:00+00:00,11385.8695
2026-02-07 20:45:00+00:00,11385.8695
2026-02-07 21:00:00+00:00,11385.8695
2026-02-07 21:15:00+00:00,11385.8695
2026-02-07 21:30:00+00:00,11385.8695
2026-02-07 21:45:00+00:00,11385.8695
2026-02-07 22:00:00+00:00,11385.8695
2026-02-07 22:15:00+00:00,11385.8695
2026-02-07 22:30:00+00:00,11385.8695
2026-02-07 22:45:00+00:00,11385.8695
2026-02-07 23:00:00+00:00,11385.8695
2026-02-07 23:15:00+00:00,11385.8695
2026-02-07 23:30:00+00:00,11385.8695
2026-02-07 23:45:00+00:00,11385.8695
2026-02-08 00:00:00+00:00,11385.8695
2026-02-08 00:15:00+00:00,11385.8695
2026-02-08 00:30:00+00:00,11385.8695
2026-02-08 00:45:00+00:00,11385.8695
2026-02-08 01:00:00+00:00,11385.8695
2026-02-08 01:15:00+00:00,11385.8695
2026-02-08 01:30:00+00:00,11385.8695
2026-02-08 01:45:00+00:00,11385.8695
2026-02-08 02:00:00+00:00,11385.8695
2026-02-08 02:15:00+00:00,11385.8695
2026-02-08 02:30:00+00:00,11385.8695
2026-02-08 02:45:00+00:00,11385.8695
2026-02-08 03:00:00+00:00,11385.8695
2026-02-08 03:15:00+00:00,11385.8695
2026-02-08 03:30:00+00:00,11385.8695
2026-02-08 03:45:00+00:00,11385.8695
2026-02-08 04:00:00+00:00,11385.8695
2026-02-08 04:15:00+00:00,11385.8695
2026-02-08 04:30:00+00:00,11385.8695
2026-02-08 04:45:00+00:00,11385.8695
2026-02-08 05:00:00+00:00,11385.8695
2026-02-08 05:15:00+00:00,11385.8695
2026-02-08 05:30:00+00:00,11385.8695
2026-02-08 05:45:00+00:00,11385.8695
2026-02-08 06:00:00+00:00,11385.8695
2026-02-08 06:15:00+00:00,11385.8695
2026-02-08 06:30:00+00:00,11385.8695
2026-02-08 06:45:00+00:00,11385.8695
2026-02-08 07:00:00+00:00,11385.8695
2026-02-08 07:15:00+00:00,11385.8695
2026-02-08 07:30:00+00:00,11385.8695
2026-02-08 07:45:00+00:00,11385.8695
2026-02-08 08:00:00+00:00,11385.8695
2026-02-08 08:15:00+00:00,11272.0108
2026-02-08 08:30:00+00:00,11272.0108
2026-02-08 08:45:00+00:00,11272.0108
2026-02-08 09:00:00+00:00,11272.0108
2026-02-08 09:15:00+00:00,11272.0108
2026-02-08 09:30:00+00:00,11272.0108
2026-02-08 09:45:00+00:00,11272.0108
2026-02-08 10:00:00+00:00,11272.0108
2026-02-08 10:15:00+00:00,11272.0108
2026-02-08 10:30:00+00:00,11272.0108
2026-02-08 10:45:00+00:00,11272.0108
2026-02-08 11:00:00+00:00,11272.0108
2026-02-08 11:15:00+00:00,11272.0108
2026-02-08 11:30:00+00:00,11272.0108
2026-02-08 11:45:00+00:00,11272.0108
2026-02-08 12:00:00+00:00,11272.0108
2026-02-08 12:15:00+00:00,11272.0108
2026-02-08 12:30:00+00:00,11272.0108
2026-02-08 12:45:00+00:00,11272.0108
2026-02-08 13:00:00+00:00,11272.0108
2026-02-08 13:15:00+00:00,11272.0108
2026-02-08 13:30:00+00:00,11272.0108
2026-02-08 13:45:00+00:00,11272.0108
2026-02-08 14:00:00+00:00,11272.0108
2026-02-08 14:15:00+00:00,11272.0108
2026-02-08 14:30:00+00:00,11272.0108
2026-02-08 14:45:00+00:00,11272.0108
2026-02-08 15:00:00+00:00,11272.0108
2026-02-08 15:15:00+00:00,11272.0108
2026-02-08 15:30:00+00:00,11272.0108
2026-02-08 15:45:00+00:00,11272.0108
2026-02-08 16:00:00+00:00,11272.0108
2026-02-08 16:15:00+00:00,11272.0108
2026-02-08 16:30:00+00:00,11272.0108
2026-02-08 16:45:00+00:00,11272.0108
2026-02-08 17:00:00+00:00,11272.0108
2026-02-08 17:15:00+00:00,11272.0108
2026-02-08 17:30:00+00:00,11272.0108
2026-02-08 17:45:00+00:00,11272.0108
2026-02-08 18:00:00+00:00,11497.451
2026-02-08 18:15:00+00:00,11497.451
2026-02-08 18:30:00+00:00,11727.4
2026-02-08 18:45:00+00:00,11727.4
2026-02-08 19:00:00+00:00,11727.4
2026-02-08 19:15:00+00:00,11727.4
2026-02-08 19:30:00+00:00,11727.4
2026-02-08 19:45:00+00:00,11727.4
2026-02-08 20:00:00+00:00,11727.4
2026-02-08 20:15:00+00:00,11727.4
2026-02-08 20:30:00+00:00,11727.4
2026-02-08 20:45:00+00:00,11610.126
2026-02-08 21:00:00+00:00,11610.126
2026-02-08 21:15:00+00:00,11610.126
2026-02-08 21:30:00+00:00,11494.0247
2026-02-08 21:45:00+00:00,11494.0247
2026-02-08 22:00:00+00:00,11494.0247
2026-02-08 22:15:00+00:00,11494.0247
2026-02-08 22:30:00+00:00,11379.0845
2026-02-08 22:45:00+00:00,11379.0845
2026-02-08 23:00:00+00:00,11606.6662
2026-02-08 23:15:00+00:00,11606.6662
2026-02-08 23:30:00+00:00,11606.6662
2026-02-08 23:45:00+00:00,11606.6662
2026-02-09 00:00:00+00:00,11606.6662
2026-02-09 00:15:00+00:00,11606.6662
2026-02-09 00:30:00+00:00,11490.5995
2026-02-09 00:45:00+00:00,11490.5995
2026-02-09 01:00:00+00:00,11490.5995
2026-02-09 01:15:00+00:00,11490.5995
2026-02-09 01:30:00+00:00,11375.6935
2026-02-09 01:45:00+00:00,11375.6935
2026-02-09 02:00:00+00:00,11375.6935
2026-02-09 02:15:00+00:00,11375.6935
2026-02-09 02:30:00+00:00,11603.2074
2026-02-09 02:45:00+00:00,11603.2074
2026-02-09 03:00:00+00:00,11603.2074
2026-02-09 03:15:00+00:00,11603.2074
2026-02-09 03:30:00+00:00,11835.2715
2026-02-09 03:45:00+00:00,11835.2715
2026-02-09 04:00:00+00:00,11835.2715
2026-02-09 04:15:00+00:00,11835.2715
2026-02-09 04:30:00+00:00,11716.9188
2026-02-09 04:45:00+00:00,11716.9188
2026-02-09 05:00:00+00:00,11716.9188
2026-02-09 05:15:00+00:00,11716.9188
2026-02-09 05:30:00+00:00,11716.9188
2026-02-09 05:45:00+00:00,11716.9188
2026-02-09 06:00:00+00:00,11599.7496
2026-02-09 06:15:00+00:00,11599.7496
2026-02-09 06:30:00+00:00,11599.7496
2026-02-09 06:45:00+00:00,11599.7496
2026-02-09 07:00:00+00:00,11599.7496
2026-02-09 07:15:00+00:00,11831.7446
2026-02-09 07:30:00+00:00,11831.7446
2026-02-09 07:45:00+00:00,11831.7446
2026-02-09 08:00:00+00:00,11831.7446
2026-02-09 08:15:00+00:00,11713.4272
2026-02-09 08:30:00+00:00,11713.4272
2026-02-09 08:45:00+00:00,11713.4272
2026-02-09 09:00:00+00:00,11713.4272
2026-02-09 09:15:00+00:00,11713.4272
2026-02-09 09:30:00+00:00,11713.4272
2026-02-09 09:45:00+00:00,11713.4272
2026-02-09 10:00:00+00:00,11713.4272
2026-02-09 10:15:00+00:00,11713.4272
2026-02-09 10:30:00+00:00,11713.4272
2026-02-09 10:45:00+00:00,11713.4272
2026-02-09 11:00:00+00:00,11713.4272
2026-02-09 11:15:00+00:00,11713.4272
2026-02-09 11:30:00+00:00,11713.4272
2026-02-09 11:45:00+00:00,11713.4272
2026-02-09 12:00:00+00:00,11713.4272
2026-02-09 12:15:00+00:00,11713.4272
2026-02-09 12:30:00+00:00,11713.4272
2026-02-09 12:45:00+00:00,11713.4272
2026-02-09 13:00:00+00:00,11713.4272
2026-02-09 13:15:00+00:00,11713.4272
2026-02-09 13:30:00+00:00,11713.4272
2026-02-09 13:45:00+00:00,11713.4272
2026-02-09 14:00:00+00:00,11713.4272
2026-02-09 14:15:00+00:00,11713.4272
2026-02-09 14:30:00+00:00,11713.4272
2026-02-09 14:45:00+00:00,11713.4272
2026-02-09 15:00:00+00:00,11713.4272
2026-02-09 15:15:00+00:00,11713.4272
2026-02-09 15:30:00+00:00,11713.4272
2026-02-09 15:45:00+00:00,11713.4272
2026-02-09 16:00:00+00:00,11713.4272
2026-02-09 16:15:00+00:00,11713.4272
2026-02-09 16:30:00+00:00,11596.2929
2026-02-09 16:45:00+00:00,11596.2929
2026-02-09 17:00:00+00:00,11596.2929
2026-02-09 17:15:00+00:00,11596.2929
2026-02-09 17:30:00+00:00,11480.33
2026-02-09 17:45:00+00:00,11480.33
2026-02-09 18:00:00+00:00,11480.33
2026-02-09 18:15:00+00:00,11480.33
2026-02-09 18:30:00+00:00,11480.33
2026-02-09 18:45:00+00:00,11480.33
2026-02-09 19:00:00+00:00,11480.33
2026-02-09 19:15:00+00:00,11480.33
2026-02-09 19:30:00+00:00,11480.33
2026-02-09 19:45:00+00:00,11365.5267
2026-02-09 20:00:00+00:00,11365.5267
2026-02-09 20:15:00+00:00,11365.5267
2026-02-09 20:30:00+00:00,11365.5267
2026-02-09 20:45:00+00:00,11365.5267
2026-02-09 21:00:00+00:00,11365.5267
2026-02-09 21:15:00+00:00,11365.5267
2026-02-09 21:30:00+00:00,11365.5267
2026-02-09 21:45:00+00:00,11365.5267
2026-02-09 22:00:00+00:00,11365.5267
2026-02-09 22:15:00+00:00,11365.5267
2026-02-09 22:30:00+00:00,11365.5267
2026-02-09 22:45:00+00:00,11365.5267
2026-02-09 23:00:00+00:00,11365.5267
2026-02-09 23:15:00+00:00,11365.5267
2026-02-09 23:30:00+00:00,11365.5267
2026-02-09 23:45:00+00:00,11365.5267
2026-02-10 00:00:00+00:00,11365.5267
2026-02-10 00:15:00+00:00,11365.5267
2026-02-10 00:30:00+00:00,11251.8714
2026-02-10 00:45:00+00:00,11251.8714
2026-02-10 01:00:00+00:00,11476.9089
2026-02-10 01:15:00+00:00,11476.9089
2026-02-10 01:30:00+00:00,11476.9089
2026-02-10 01:45:00+00:00,11476.9089
2026-02-10 02:00:00+00:00,11476.9089
2026-02-10 02:15:00+00:00,11476.9089
2026-02-10 02:30:00+00:00,11362.1398
2026-02-10 02:45:00+00:00,11362.1398
2026-02-10 03:00:00+00:00,11248.5184
2026-02-10 03:15:00+00:00,11248.5184
2026-02-10 03:30:00+00:00,11248.5184
2026-02-10 03:45:00+00:00,11248.5184
2026-02-10 04:00:00+00:00,11473.4887
2026-02-10 04:15:00+00:00,11473.4887
2026-02-10 04:30:00+00:00,11473.4887
2026-02-10 04:45:00+00:00,11358.7538
2026-02-10 05:00:00+00:00,11358.7538
2026-02-10 05:15:00+00:00,11585.9289
2026-02-10 05:30:00+00:00,11585.9289
2026-02-10 05:45:00+00:00,11585.9289
2026-02-10 06:00:00+00:00,11585.9289
2026-02-10 06:15:00+00:00,11585.9289
2026-02-10 06:30:00+00:00,11817.6475
2026-02-10 06:45:00+00:00,11817.6475
2026-02-10 07:00:00+00:00,11817.6475
2026-02-10 07:15:00+00:00,11817.6475
2026-02-10 07:30:00+00:00,11817.6475
2026-02-10 07:45:00+00:00,11817.6475
2026-02-10 08:00:00+00:00,11817.6475
2026-02-10 08:15:00+00:00,11817.6475
2026-02-10 08:30:00+00:00,11817.6475
2026-02-10 08:45:00+00:00,11817.6475
2026-02-10 09:00:00+00:00,11817.6475
2026-02-10 09:15:00+00:00,11817.6475
2026-02-10 09:30:00+00:00,11817.6475
2026-02-10 09:45:00+00:00,12054.0005
2026-02-10 10:00:00+00:00,12054.0005
2026-02-10 10:15:00+00:00,11933.4604
2026-02-10 10:30:00+00:00,11933.4604
2026-02-10 10:45:00+00:00,11933.4604
2026-02-10 11:00:00+00:00,11933.4604
2026-02-10 11:15:00+00:00,11933.4604
2026-02-10 11:30:00+00:00,11933.4604
2026-02-10 11:45:00+00:00,11933.4604
2026-02-10 12:00:00+00:00,11933.4604
2026-02-10 12:15:00+00:00,11933.4604
2026-02-10 12:30:00+00:00,11933.4604
2026-02-10 12:45:00+00:00,11933.4604
2026-02-10 13:00:00+00:00,11933.4604
2026-02-10 13:15:00+00:00,11933.4604
2026-02-10 13:30:00+00:00,11933.4604
2026-02-10 13:45:00+00:00,11933.4604
2026-02-10 14:00:00+00:00,11814.1258
2026-02-10 14:15:00+00:00,11814.1258
2026-02-10 14:30:00+00:00,11814.1258
2026-02-10 14:45:00+00:00,11814.1258
2026-02-10 15:00:00+00:00,11814.1258
2026-02-10 15:15:00+00:00,11814.1258
2026-02-10 15:30:00+00:00,11814.1258
2026-02-10 15:45:00+00:00,11814.1258
2026-02-10 16:00:00+00:00,11814.1258
2026-02-10 16:15:00+00:00,11814.1258
2026-02-10 16:30:00+00:00,11814.1258
2026-02-10 16:45:00+00:00,11814.1258
2026-02-10 17:00:00+00:00,11814.1258
2026-02-10 17:15:00+00:00,11695.9846
2026-02-10 17:30:00+00:00,11695.9846
2026-02-10 17:45:00+00:00,11695.9846
2026-02-10 18:00:00+00:00,11695.9846
2026-02-10 18:15:00+00:00,11695.9846
2026-02-10 18:30:00+00:00,11929.9043
2026-02-10 18:45:00+00:00,11929.9043
2026-02-10 19:00:00+00:00,11929.9043
2026-02-10 19:15:00+00:00,11929.9043
2026-02-10 19:30:00+00:00,11810.6052
2026-02-10 19:45:00+00:00,11810.6052
2026-02-10 20:00:00+00:00,11810.6052
2026-02-10 20:15:00+00:00,11810.6052
2026-02-10 20:30:00+00:00,11810.6052
2026-02-10 20:45:00+00:00,11810.6052
2026-02-10 21:00:00+00:00,11810.6052
2026-02-10 21:15:00+00:00,11810.6052
2026-02-10 21:30:00+00:00,12046.8173
2026-02-10 21:45:00+00:00,12046.8173
2026-02-10 22:00:00+00:00,12046.8173
2026-02-10 22:15:00+00:00,12046.8173
2026-02-10 22:30:00+00:00,11926.3492
2026-02-10 22:45:00+00:00,11926.3492
2026-02-10 23:00:00+00:00,11926.3492
2026-02-10 23:15:00+00:00,11926.3492
2026-02-10 23:30:00+00:00,11807.0857
2026-02-10 23:45:00+00:00,11807.0857
2026-02-11 00:00:00+00:00,11807.0857
2026-02-11 00:15:00+00:00,11689.0148
2026-02-11 00:30:00+00:00,11689.0148
2026-02-11 00:45:00+00:00,11572.1247
2026-02-11 01:00:00+00:00,11572.1247
2026-02-11 01:15:00+00:00,11572.1247
2026-02-11 01:30:00+00:00,11572.1247
2026-02-11 01:45:00+00:00,11572.1247
2026-02-11 02:00:00+00:00,11572.1247
2026-02-11 02:15:00+00:00,11572.1247
2026-02-11 02:30:00+00:00,11572.1247
2026-02-11 02:45:00+00:00,11572.1247
2026-02-11 03:00:00+00:00,11572.1247
2026-02-11 03:15:00+00:00,11803.5672
2026-02-11 03:30:00+00:00,11803.5672
2026-02-11 03:45:00+00:00,11803.5672
2026-02-11 04:00:00+00:00,11803.5672
2026-02-11 04:15:00+00:00,11803.5672
2026-02-11 04:30:00+00:00,11803.5672
2026-02-11 04:45:00+00:00,11803.5672
2026-02-11 05:00:00+00:00,11803.5672
2026-02-11 05:15:00+00:00,11803.5672
2026-02-11 05:30:00+00:00,11803.5672
2026-02-11 05:45:00+00:00,11803.5672
2026-02-11 06:00:00+00:00,11803.5672
2026-02-11 06:15:00+00:00,11803.5672
2026-02-11 06:30:00+00:00,11803.5672
2026-02-11 06:45:00+00:00,11803.5672
2026-02-11 07:00:00+00:00,11803.5672
2026-02-11 07:15:00+00:00,11803.5672
2026-02-11 07:30:00+00:00,11803.5672
2026-02-11 07:45:00+00:00,11803.5672
2026-02-11 08:00:00+00:00,11803.5672
2026-02-11 08:15:00+00:00,11803.5672
2026-02-11 08:30:00+00:00,11803.5672
2026-02-11 08:45:00+00:00,11803.5672
2026-02-11 09:00:00+00:00,11803.5672
2026-02-11 09:15:00+00:00,11803.5672
2026-02-11 09:30:00+00:00,11803.5672
2026-02-11 09:45:00+00:00,11803.5672
2026-02-11 10:00:00+00:00,11803.5672
2026-02-11 10:15:00+00:00,11803.5672
2026-02-11 10:30:00+00:00,11803.5672
2026-02-11 10:45:00+00:00,11803.5672
2026-02-11 11:00:00+00:00,11803.5672
2026-02-11 11:15:00+00:00,11803.5672
2026-02-11 11:30:00+00:00,11803.5672
2026-02-11 11:45:00+00:00,11803.5672
2026-02-11 12:00:00+00:00,11803.5672
2026-02-11 12:15:00+00:00,11803.5672
2026-02-11 12:30:00+00:00,11803.5672
2026-02-11 12:45:00+00:00,11803.5672
2026-02-11 13:00:00+00:00,11803.5672
2026-02-11 13:15:00+00:00,11803.5672
2026-02-11 13:30:00+00:00,11803.5672
2026-02-11 13:45:00+00:00,11803.5672
2026-02-11 14:00:00+00:00,11803.5672
2026-02-11 14:15:00+00:00,11803.5672
2026-02-11 14:30:00+00:00,11803.5672
2026-02-11 14:45:00+00:00,12039.6385
2026-02-11 15:00:00+00:00,12039.6385
2026-02-11 15:15:00+00:00,12039.6385
2026-02-11 15:30:00+00:00,12039.6385
2026-02-11 15:45:00+00:00,12039.6385
2026-02-11 16:00:00+00:00,12039.6385
2026-02-11 16:15:00+00:00,12039.6385
2026-02-11 16:30:00+00:00,12039.6385
2026-02-11 16:45:00+00:00,12039.6385
2026-02-11 17:00:00+00:00,12039.6385
2026-02-11 17:15:00+00:00,12039.6385
2026-02-11 17:30:00+00:00,12039.6385
2026-02-11 17:45:00+00:00,12039.6385
2026-02-11 18:00:00+00:00,12039.6385
2026-02-11 18:15:00+00:00,12039.6385
2026-02-11 18:30:00+00:00,12039.6385
2026-02-11 18:45:00+00:00,12039.6385
2026-02-11 19:00:00+00:00,12039.6385
2026-02-11 19:15:00+00:00,12039.6385
2026-02-11 19:30:00+00:00,11919.2421
2026-02-11 19:45:00+00:00,11919.2421
2026-02-11 20:00:00+00:00,11919.2421
2026-02-11 20:15:00+00:00,11919.2421
2026-02-11 20:30:00+00:00,11919.2421
2026-02-11 20:45:00+00:00,11919.2421
2026-02-11 21:00:00+00:00,11919.2421
2026-02-11 21:15:00+00:00,11800.0497
2026-02-11 21:30:00+00:00,11800.0497
2026-02-11 21:45:00+00:00,11800.0497
2026-02-11 22:00:00+00:00,11800.0497
2026-02-11 22:15:00+00:00,11800.0497
2026-02-11 22:30:00+00:00,11800.0497
2026-02-11 22:45:00+00:00,11800.0497
2026-02-11 23:00:00+00:00,12036.0507
2026-02-11 23:15:00+00:00,12036.0507
2026-02-11 23:30:00+00:00,12036.0507
2026-02-11 23:45:00+00:00,12036.0507
2026-02-12 00:00:00+00:00,12036.0507
2026-02-12 00:15:00+00:00,12036.0507
2026-02-12 00:30:00+00:00,12276.7717
2026-02-12 00:45:00+00:00,12276.7717
2026-02-12 01:00:00+00:00,12276.7717
2026-02-12 01:15:00+00:00,12276.7717
2026-02-12 01:30:00+00:00,12276.7717
2026-02-12 01:45:00+00:00,12276.7717
2026-02-12 02:00:00+00:00,12276.7717
2026-02-12 02:15:00+00:00,12154.004
2026-02-12 02:30:00+00:00,12154.004
2026-02-12 02:45:00+00:00,12032.4639
2026-02-12 03:00:00+00:00,12032.4639
2026-02-12 03:15:00+00:00,11912.1393
2026-02-12 03:30:00+00:00,11912.1393
2026-02-12 03:45:00+00:00,11912.1393
2026-02-12 04:00:00+00:00,11912.1393
2026-02-12 04:15:00+00:00,11793.0179
2026-02-12 04:30:00+00:00,11793.0179
2026-02-12 04:45:00+00:00,11675.0877
2026-02-12 05:00:00+00:00,11675.0877
2026-02-12 05:15:00+00:00,11675.0877
2026-02-12 05:30:00+00:00,11675.0877
2026-02-12 05:45:00+00:00,11675.0877
2026-02-12 06:00:00+00:00,11675.0877
2026-02-12 06:15:00+00:00,11908.5895
2026-02-12 06:30:00+00:00,11908.5895
2026-02-12 06:45:00+00:00,11908.5895
2026-02-12 07:00:00+00:00,12146.7613
2026-02-12 07:15:00+00:00,12146.7613
2026-02-12 07:30:00+00:00,12146.7613
2026-02-12 07:45:00+00:00,12146.7613
2026-02-12 08:00:00+00:00,12025.2937
2026-02-12 08:15:00+00:00,12025.2937
2026-02-12 08:30:00+00:00,12025.2937
2026-02-12 08:45:00+00:00,12025.2937
2026-02-12 09:00:00+00:00,12025.2937
2026-02-12 09:15:00+00:00,11905.0407
2026-02-12 09:30:00+00:00,11905.0407
2026-02-12 09:45:00+00:00,11905.0407
2026-02-12 10:00:00+00:00,11905.0407
2026-02-12 10:15:00+00:00,11905.0407
2026-02-12 10:30:00+00:00,11905.0407
2026-02-12 10:45:00+00:00,11905.0407
2026-02-12 11:00:00+00:00,11905.0407
2026-02-12 11:15:00+00:00,11905.0407
2026-02-12 11:30:00+00:00,11905.0407
2026-02-12 11:45:00+00:00,11905.0407
2026-02-12 12:00:00+00:00,11905.0407
2026-02-12 12:15:00+00:00,11905.0407
2026-02-12 12:30:00+00:00,11905.0407
2026-02-12 12:45:00+00:00,11905.0407
2026-02-12 13:00:00+00:00,11905.0407
2026-02-12 13:15:00+00:00,11905.0407
2026-02-12 13:30:00+00:00,11905.0407
2026-02-12 13:45:00+00:00,11905.0407
2026-02-12 14:00:00+00:00,11905.0407
2026-02-12 14:15:00+00:00,11905.0407
2026-02-12 14:30:00+00:00,11785.9903
2026-02-12 14:45:00+00:00,11785.9903
2026-02-12 15:00:00+00:00,11785.9903
2026-02-12 15:15:00+00:00,11785.9903
2026-02-12 15:30:00+00:00,11668.1304
2026-02-12 15:45:00+00:00,11668.1304
2026-02-12 16:00:00+00:00,11668.1304
2026-02-12 16:15:00+00:00,11668.1304
2026-02-12 16:30:00+00:00,11668.1304
2026-02-12 16:45:00+00:00,11668.1304
2026-02-12 17:00:00+00:00,11668.1304
2026-02-12 17:15:00+00:00,11668.1304
2026-02-12 17:30:00+00:00,11668.1304
2026-02-12 17:45:00+00:00,11668.1304
2026-02-12 18:00:00+00:00,11668.1304
2026-02-12 18:15:00+00:00,11668.1304
2026-02-12 18:30:00+00:00,11668.1304
2026-02-12 18:45:00+00:00,11668.1304
2026-02-12 19:00:00+00:00,11668.1304
2026-02-12 19:15:00+00:00,11668.1304
2026-02-12 19:30:00+00:00,11668.1304
2026-02-12 19:45:00+00:00,11668.1304
2026-02-12 20:00:00+00:00,11668.1304
2026-02-12 20:15:00+00:00,11668.1304
2026-02-12 20:30:00+00:00,11668.1304
2026-02-12 20:45:00+00:00,11668.1304
2026-02-12 21:00:00+00:00,11668.1304
2026-02-12 21:15:00+00:00,11668.1304
2026-02-12 21:30:00+00:00,11668.1304
2026-02-12 21:45:00+00:00,11668.1304
2026-02-12 22:00:00+00:00,11668.1304
2026-02-12 22:15:00+00:00,11668.1304
2026-02-12 22:30:00+00:00,11668.1304
2026-02-12 22:45:00+00:00,11668.1304
2026-02-12 23:00:00+00:00,11668.1304
2026-02-12 23:15:00+00:00,11668.1304
2026-02-12 23:30:00+00:00,11668.1304
2026-02-12 23:45:00+00:00,11668.1304
2026-02-13 00:00:00+00:00,11551.4491
2026-02-13 00:15:00+00:00,11551.4491
2026-02-13 00:30:00+00:00,11551.4491
2026-02-13 00:45:00+00:00,11551.4491
2026-02-13 01:00:00+00:00,11551.4491
2026-02-13 01:15:00+00:00,11551.4491
2026-02-13 01:30:00+00:00,11435.9346
2026-02-13 01:45:00+00:00,11435.9346
2026-02-13 02:00:00+00:00,11435.9346
2026-02-13 02:15:00+00:00,11435.9346
2026-02-13 02:30:00+00:00,11435.9346
2026-02-13 02:45:00+00:00,11321.5753
2026-02-13 03:00:00+00:00,11321.5753
2026-02-13 03:15:00+00:00,11321.5753
2026-02-13 03:30:00+00:00,11208.3595
2026-02-13 03:45:00+00:00,11208.3595
2026-02-13 04:00:00+00:00,11208.3595
2026-02-13 04:15:00+00:00,11208.3595
2026-02-13 04:30:00+00:00,11208.3595
2026-02-13 04:45:00+00:00,11208.3595
2026-02-13 05:00:00+00:00,11432.5267
2026-02-13 05:15:00+00:00,11432.5267
2026-02-13 05:30:00+00:00,11432.5267
2026-02-13 05:45:00+00:00,11432.5267
2026-02-13 06:00:00+00:00,11432.5267
2026-02-13 06:15:00+00:00,11432.5267
2026-02-13 06:30:00+00:00,11432.5267
2026-02-13 06:45:00+00:00,11432.5267
2026-02-13 07:00:00+00:00,11318.2015
2026-02-13 07:15:00+00:00,11318.2015
2026-02-13 07:30:00+00:00,11544.5655
2026-02-13 07:45:00+00:00,11544.5655
2026-02-13 08:00:00+00:00,11544.5655
2026-02-13 08:15:00+00:00,11544.5655
2026-02-13 08:30:00+00:00,11544.5655
2026-02-13 08:45:00+00:00,11544.5655
2026-02-13 09:00:00+00:00,11544.5655
2026-02-13 09:15:00+00:00,11544.5655
2026-02-13 09:30:00+00:00,11429.1198
2026-02-13 09:45:00+00:00,11429.1198
2026-02-13 10:00:00+00:00,11429.1198
2026-02-13 10:15:00+00:00,11314.8286
2026-02-13 10:30:00+00:00,11314.8286
2026-02-13 10:45:00+00:00,11314.8286
2026-02-13 11:00:00+00:00,11314.8286
2026-02-13 11:15:00+00:00,11314.8286
2026-02-13 11:30:00+00:00,11314.8286
2026-02-13 11:45:00+00:00,11201.6803
2026-02-13 12:00:00+00:00,11201.6803
2026-02-13 12:15:00+00:00,11201.6803
2026-02-13 12:30:00+00:00,11201.6803
2026-02-13 12:45:00+00:00,11201.6803
2026-02-13 13:00:00+00:00,11201.6803
2026-02-13 13:15:00+00:00,11201.6803
2026-02-13 13:30:00+00:00,11425.7139
2026-02-13 13:45:00+00:00,11425.7139
2026-02-13 14:00:00+00:00,11425.7139
2026-02-13 14:15:00+00:00,11425.7139
2026-02-13 14:30:00+00:00,11311.4568
2026-02-13 14:45:00+00:00,11311.4568
2026-02-13 15:00:00+00:00,11311.4568
2026-02-13 15:15:00+00:00,11311.4568
2026-02-13 15:30:00+00:00,11311.4568
2026-02-13 15:45:00+00:00,11311.4568
2026-02-13 16:00:00+00:00,11311.4568
2026-02-13 16:15:00+00:00,11311.4568
2026-02-13 16:30:00+00:00,11311.4568
2026-02-13 16:45:00+00:00,11311.4568
2026-02-13 17:00:00+00:00,11311.4568
2026-02-13 17:15:00+00:00,11311.4568
2026-02-13 17:30:00+00:00,11311.4568
2026-02-13 17:45:00+00:00,11311.4568
2026-02-13 18:00:00+00:00,11311.4568
2026-02-13 18:15:00+00:00,11311.4568
2026-02-13 18:30:00+00:00,11311.4568
2026-02-13 18:45:00+00:00,11311.4568
2026-02-13 19:00:00+00:00,11311.4568
2026-02-13 19:15:00+00:00,11311.4568
2026-02-13 19:30:00+00:00,11311.4568
2026-02-13 19:45:00+00:00,11311.4568
2026-02-13 20:00:00+00:00,11311.4568
2026-02-13 20:15:00+00:00,11311.4568
2026-02-13 20:30:00+00:00,11311.4568
2026-02-13 20:45:00+00:00,11311.4568
2026-02-13 21:00:00+00:00,11311.4568
2026-02-13 21:15:00+00:00,11311.4568
2026-02-13 21:30:00+00:00,11311.4568
2026-02-13 21:45:00+00:00,11311.4568
2026-02-13 22:00:00+00:00,11311.4568
2026-02-13 22:15:00+00:00,11311.4568
2026-02-13 22:30:00+00:00,11311.4568
2026-02-13 22:45:00+00:00,11311.4568
2026-02-13 23:00:00+00:00,11311.4568
2026-02-13 23:15:00+00:00,11311.4568
2026-02-13 23:30:00+00:00,11311.4568
2026-02-13 23:45:00+00:00,11311.4568
2026-02-14 00:00:00+00:00,11311.4568
2026-02-14 00:15:00+00:00,11311.4568
2026-02-14 00:30:00+00:00,11311.4568
2026-02-14 00:45:00+00:00,11311.4568
2026-02-14 01:00:00+00:00,11311.4568
2026-02-14 01:15:00+00:00,11311.4568
2026-02-14 01:30:00+00:00,11311.4568
2026-02-14 01:45:00+00:00,11311.4568
2026-02-14 02:00:00+00:00,11311.4568
2026-02-14 02:15:00+00:00,11311.4568
2026-02-14 02:30:00+00:00,11311.4568
2026-02-14 02:45:00+00:00,11311.4568
2026-02-14 03:00:00+00:00,11311.4568
2026-02-14 03:15:00+00:00,11311.4568
2026-02-14 03:30:00+00:00,11311.4568
2026-02-14 03:45:00+00:00,11311.4568
2026-02-14 04:00:00+00:00,11311.4568
2026-02-14 04:15:00+00:00,11311.4568
2026-02-14 04:30:00+00:00,11198.3422
2026-02-14 04:45:00+00:00,11198.3422
2026-02-14 05:00:00+00:00,11198.3422
2026-02-14 05:15:00+00:00,11198.3422
2026-02-14 05:30:00+00:00,11198.3422
2026-02-14 05:45:00+00:00,11086.3588
2026-02-14 06:00:00+00:00,11086.3588
2026-02-14 06:15:00+00:00,11308.086
2026-02-14 06:30:00+00:00,11308.086
2026-02-14 06:45:00+00:00,11308.086
2026-02-14 07:00:00+00:00,11308.086
2026-02-14 07:15:00+00:00,11308.086
2026-02-14 07:30:00+00:00,11534.2477
2026-02-14 07:45:00+00:00,11534.2477
2026-02-14 08:00:00+00:00,11534.2477
2026-02-14 08:15:00+00:00,11534.2477
2026-02-14 08:30:00+00:00,11534.2477
2026-02-14 08:45:00+00:00,11534.2477
2026-02-14 09:00:00+00:00,11534.2477
2026-02-14 09:15:00+00:00,11534.2477
2026-02-14 09:30:00+00:00,11534.2477
2026-02-14 09:45:00+00:00,11534.2477
2026-02-14 10:00:00+00:00,11534.2477
2026-02-14 10:15:00+00:00,11534.2477
2026-02-14 10:30:00+00:00,11534.2477
2026-02-14 10:45:00+00:00,11534.2477
2026-02-14 11:00:00+00:00,11534.2477
2026-02-14 11:15:00+00:00,11534.2477
2026-02-14 11:30:00+00:00,11534.2477
2026-02-14 11:45:00+00:00,11534.2477
2026-02-14 12:00:00+00:00,11534.2477
2026-02-14 12:15:00+00:00,11534.2477
2026-02-14 12:30:00+00:00,11534.2477
2026-02-14 12:45:00+00:00,11534.2477
2026-02-14 13:00:00+00:00,11534.2477
2026-02-14 13:15:00+00:00,11418.9052
2026-02-14 13:30:00+00:00,11418.9052
2026-02-14 13:45:00+00:00,11418.9052
2026-02-14 14:00:00+00:00,11304.7162
2026-02-14 14:15:00+00:00,11304.7162
2026-02-14 14:30:00+00:00,11304.7162
2026-02-14 14:45:00+00:00,11304.7162
2026-02-14 15:00:00+00:00,11304.7162
2026-02-14 15:15:00+00:00,11304.7162
2026-02-14 15:30:00+00:00,11304.7162
2026-02-14 15:45:00+00:00,11304.7162
2026-02-14 16:00:00+00:00,11304.7162
2026-02-14 16:15:00+00:00,11191.669
2026-02-14 16:30:00+00:00,11191.669
2026-02-14 16:45:00+00:00,11191.669
2026-02-14 17:00:00+00:00,11191.669
2026-02-14 17:15:00+00:00,11191.669
2026-02-14 17:30:00+00:00,11191.669
2026-02-14 17:45:00+00:00,11191.669
2026-02-14 18:00:00+00:00,11191.669
2026-02-14 18:15:00+00:00,11191.669
2026-02-14 18:30:00+00:00,11191.669
2026-02-14 18:45:00+00:00,11191.669
2026-02-14 19:00:00+00:00,11191.669
2026-02-14 19:15:00+00:00,11191.669
2026-02-14 19:30:00+00:00,11191.669
2026-02-14 19:45:00+00:00,11191.669
2026-02-14 20:00:00+00:00,11191.669
2026-02-14 20:15:00+00:00,11191.669
2026-02-14 20:30:00+00:00,11191.669
2026-02-14 20:45:00+00:00,11191.669
2026-02-14 21:00:00+00:00,11191.669
2026-02-14 21:15:00+00:00,11191.669
2026-02-14 21:30:00+00:00,11191.669
2026-02-14 21:45:00+00:00,11191.669
2026-02-14 22:00:00+00:00,11191.669
2026-02-14 22:15:00+00:00,11191.669
2026-02-14 22:30:00+00:00,11191.669
2026-02-14 22:45:00+00:00,11191.669
2026-02-14 23:00:00+00:00,11191.669
2026-02-14 23:15:00+00:00,11191.669
2026-02-14 23:30:00+00:00,11191.669
2026-02-14 23:45:00+00:00,11191.669
2026-02-15 00:00:00+00:00,11191.669
2026-02-15 00:15:00+00:00,11191.669
2026-02-15 00:30:00+00:00,11191.669
2026-02-15 00:45:00+00:00,11191.669
2026-02-15 01:00:00+00:00,11191.669
2026-02-15 01:15:00+00:00,11191.669
2026-02-15 01:30:00+00:00,11191.669
2026-02-15 01:45:00+00:00,11191.669
2026-02-15 02:00:00+00:00,11191.669
2026-02-15 02:15:00+00:00,11191.669
2026-02-15 02:30:00+00:00,11191.669
2026-02-15 02:45:00+00:00,11191.669
2026-02-15 03:00:00+00:00,11191.669
2026-02-15 03:15:00+00:00,11191.669
2026-02-15 03:30:00+00:00,11079.7523
2026-02-15 03:45:00+00:00,11079.7523
2026-02-15 04:00:00+00:00,11079.7523
2026-02-15 04:15:00+00:00,11079.7523
2026-02-15 04:30:00+00:00,11079.7523
2026-02-15 04:45:00+00:00,11079.7523
2026-02-15 05:00:00+00:00,11079.7523
2026-02-15 05:15:00+00:00,11079.7523
2026-02-15 05:30:00+00:00,11079.7523
2026-02-15 05:45:00+00:00,11079.7523
2026-02-15 06:00:00+00:00,11079.7523
2026-02-15 06:15:00+00:00,11079.7523
2026-02-15 06:30:00+00:00,11079.7523
2026-02-15 06:45:00+00:00,11079.7523
2026-02-15 07:00:00+00:00,11079.7523
2026-02-15 07:15:00+00:00,11079.7523
2026-02-15 07:30:00+00:00,11079.7523
2026-02-15 07:45:00+00:00,11079.7523
2026-02-15 08:00:00+00:00,11079.7523
2026-02-15 08:15:00+00:00,11079.7523
2026-02-15 08:30:00+00:00,11079.7523
2026-02-15 08:45:00+00:00,11079.7523
2026-02-15 09:00:00+00:00,11079.7523
2026-02-15 09:15:00+00:00,11079.7523
2026-02-15 09:30:00+00:00,11079.7523
2026-02-15 09:45:00+00:00,11079.7523
2026-02-15 10:00:00+00:00,11079.7523
2026-02-15 10:15:00+00:00,11079.7523
2026-02-15 10:30:00+00:00,11079.7523
2026-02-15 10:45:00+00:00,11079.7523
2026-02-15 11:00:00+00:00,11079.7523
2026-02-15 11:15:00+00:00,11079.7523
2026-02-15 11:30:00+00:00,11079.7523
2026-02-15 11:45:00+00:00,11079.7523
2026-02-15 12:00:00+00:00,11079.7523
2026-02-15 12:15:00+00:00,11079.7523
2026-02-15 12:30:00+00:00,11079.7523
2026-02-15 12:45:00+00:00,10968.9548
2026-02-15 13:00:00+00:00,10968.9548
2026-02-15 13:15:00+00:00,10859.2653
2026-02-15 13:30:00+00:00,10859.2653
2026-02-15 13:45:00+00:00,10859.2653
2026-02-15 14:00:00+00:00,10859.2653
2026-02-15 14:15:00+00:00,10859.2653
2026-02-15 14:30:00+00:00,10859.2653
2026-02-15 14:45:00+00:00,10859.2653
2026-02-15 15:00:00+00:00,10859.2653
2026-02-15 15:15:00+00:00,10859.2653
2026-02-15 15:30:00+00:00,10859.2653
2026-02-15 15:45:00+00:00,10859.2653
2026-02-15 16:00:00+00:00,10859.2653
2026-02-15 16:15:00+00:00,10859.2653
2026-02-15 16:30:00+00:00,10859.2653
2026-02-15 16:45:00+00:00,10859.2653
2026-02-15 17:00:00+00:00,10859.2653
2026-02-15 17:15:00+00:00,10859.2653
2026-02-15 17:30:00+00:00,10859.2653
2026-02-15 17:45:00+00:00,10859.2653
2026-02-15 18:00:00+00:00,10859.2653
2026-02-15 18:15:00+00:00,10859.2653
2026-02-15 18:30:00+00:00,10859.2653
2026-02-15 18:45:00+00:00,10859.2653
2026-02-15 19:00:00+00:00,10859.2653
2026-02-15 19:15:00+00:00,10859.2653
2026-02-15 19:30:00+00:00,10859.2653
2026-02-15 19:45:00+00:00,10859.2653
2026-02-15 20:00:00+00:00,10859.2653
2026-02-15 20:15:00+00:00,10859.2653
2026-02-15 20:30:00+00:00,10859.2653
2026-02-15 20:45:00+00:00,10859.2653
2026-02-15 21:00:00+00:00,10859.2653
2026-02-15 21:15:00+00:00,10859.2653
2026-02-15 21:30:00+00:00,10859.2653
2026-02-15 21:45:00+00:00,10859.2653
2026-02-15 22:00:00+00:00,10750.6726
2026-02-15 22:15:00+00:00,10750.6726
2026-02-15 22:30:00+00:00,10750.6726
2026-02-15 22:45:00+00:00,10750.6726
2026-02-15 23:00:00+00:00,10965.6861
2026-02-15 23:15:00+00:00,10965.6861
2026-02-15 23:30:00+00:00,10965.6861
2026-02-15 23:45:00+00:00,10965.6861
2026-02-16 00:00:00+00:00,10965.6861
2026-02-16 00:15:00+00:00,10965.6861
2026-02-16 00:30:00+00:00,10965.6861
2026-02-16 00:45:00+00:00,10965.6861
2026-02-16 01:00:00+00:00,10965.6861
2026-02-16 01:15:00+00:00,10965.6861
2026-02-16 01:30:00+00:00,10965.6861
2026-02-16 01:45:00+00:00,10965.6861
2026-02-16 02:00:00+00:00,10965.6861
2026-02-16 02:15:00+00:00,11184.9998
2026-02-16 02:30:00+00:00,11184.9998
2026-02-16 02:45:00+00:00,11184.9998
2026-02-16 03:00:00+00:00,11184.9998
2026-02-16 03:15:00+00:00,11184.9998
2026-02-16 03:30:00+00:00,11184.9998
2026-02-16 03:45:00+00:00,11184.9998
2026-02-16 04:00:00+00:00,11184.9998
2026-02-16 04:15:00+00:00,11184.9998
2026-02-16 04:30:00+00:00,11184.9998
2026-02-16 04:45:00+00:00,11073.1498
2026-02-16 05:00:00+00:00,11073.1498
2026-02-16 05:15:00+00:00,11073.1498
2026-02-16 05:30:00+00:00,11073.1498
2026-02-16 05:45:00+00:00,11073.1498
2026-02-16 06:00:00+00:00,11073.1498
2026-02-16 06:15:00+00:00,11073.1498
2026-02-16 06:30:00+00:00,11073.1498
2026-02-16 06:45:00+00:00,11073.1498
2026-02-16 07:00:00+00:00,11073.1498
2026-02-16 07:15:00+00:00,11073.1498
2026-02-16 07:30:00+00:00,11073.1498
2026-02-16 07:45:00+00:00,11073.1498
2026-02-16 08:00:00+00:00,11073.1498
2026-02-16 08:15:00+00:00,11073.1498
2026-02-16 08:30:00+00:00,11073.1498
2026-02-16 08:45:00+00:00,11073.1498
2026-02-16 09:00:00+00:00,10962.4183
2026-02-16 09:15:00+00:00,10962.4183
2026-02-16 09:30:00+00:00,10962.4183
2026-02-16 09:45:00+00:00,10962.4183
2026-02-16 10:00:00+00:00,11181.6667
2026-02-16 10:15:00+00:00,11181.6667
2026-02-16 10:30:00+00:00,11181.6667
2026-02-16 10:45:00+00:00,11181.6667
2026-02-16 11:00:00+00:00,11405.3
2026-02-16 11:15:00+00:00,11405.3
2026-02-16 11:30:00+00:00,11405.3
2026-02-16 11:45:00+00:00,11291.247
2026-02-16 12:00:00+00:00,11291.247
2026-02-16 12:15:00+00:00,11291.247
2026-02-16 12:30:00+00:00,11291.247
2026-02-16 12:45:00+00:00,11178.3345
2026-02-16 13:00:00+00:00,11178.3345
2026-02-16 13:15:00+00:00,11178.3345
2026-02-16 13:30:00+00:00,11178.3345
2026-02-16 13:45:00+00:00,11178.3345
2026-02-16 14:00:00+00:00,11178.3345
2026-02-16 14:15:00+00:00,11178.3345
2026-02-16 14:30:00+00:00,11178.3345
2026-02-16 14:45:00+00:00,11178.3345
2026-02-16 15:00:00+00:00,11178.3345
2026-02-16 15:15:00+00:00,11066.5512
2026-02-16 15:30:00+00:00,11066.5512
2026-02-16 15:45:00+00:00,11066.5512
2026-02-16 16:00:00+00:00,11066.5512
2026-02-16 16:15:00+00:00,11066.5512
2026-02-16 16:30:00+00:00,11066.5512
2026-02-16 16:45:00+00:00,11066.5512
2026-02-16 17:00:00+00:00,11066.5512
2026-02-16 17:15:00+00:00,11066.5512
2026-02-16 17:30:00+00:00,11066.5512
2026-02-16 17:45:00+00:00,11066.5512
2026-02-16 18:00:00+00:00,10955.8857
2026-02-16 18:15:00+00:00,10955.8857
2026-02-16 18:30:00+00:00,10955.8857
2026-02-16 18:45:00+00:00,10955.8857
2026-02-16 19:00:00+00:00,10955.8857
2026-02-16 19:15:00+00:00,10955.8857
2026-02-16 19:30:00+00:00,10955.8857
2026-02-16 19:45:00+00:00,10955.8857
2026-02-16 20:00:00+00:00,10955.8857
2026-02-16 20:15:00+00:00,10846.3268
2026-02-16 20:30:00+00:00,10846.3268
2026-02-16 20:45:00+00:00,10846.3268
2026-02-16 21:00:00+00:00,10846.3268
2026-02-16 21:15:00+00:00,10846.3268
2026-02-16 21:30:00+00:00,10846.3268
2026-02-16 21:45:00+00:00,10737.8635
2026-02-16 22:00:00+00:00,10737.8635
2026-02-16 22:15:00+00:00,10737.8635
2026-02-16 22:30:00+00:00,10737.8635
2026-02-16 22:45:00+00:00,10737.8635
2026-02-16 23:00:00+00:00,10737.8635
2026-02-16 23:15:00+00:00,10737.8635
2026-02-16 23:30:00+00:00,10737.8635
2026-02-16 23:45:00+00:00,10630.4849
2026-02-17 00:00:00+00:00,10630.4849
2026-02-17 00:15:00+00:00,10524.18
2026-02-17 00:30:00+00:00,10524.18
2026-02-17 00:45:00+00:00,10524.18
2026-02-17 01:00:00+00:00,10734.6636
2026-02-17 01:15:00+00:00,10734.6636
2026-02-17 01:30:00+00:00,10734.6636
2026-02-17 01:45:00+00:00,10734.6636
2026-02-17 02:00:00+00:00,10734.6636
2026-02-17 02:15:00+00:00,10734.6636
2026-02-17 02:30:00+00:00,10734.6636
2026-02-17 02:45:00+00:00,10734.6636
2026-02-17 03:00:00+00:00,10734.6636
2026-02-17 03:15:00+00:00,10734.6636
2026-02-17 03:30:00+00:00,10734.6636
2026-02-17 03:45:00+00:00,10734.6636
2026-02-17 04:00:00+00:00,10734.6636
2026-02-17 04:15:00+00:00,10734.6636
2026-02-17 04:30:00+00:00,10627.317
2026-02-17 04:45:00+00:00,10627.317
2026-02-17 05:00:00+00:00,10521.0438
2026-02-17 05:15:00+00:00,10521.0438
2026-02-17 05:30:00+00:00,10521.0438
2026-02-17 05:45:00+00:00,10521.0438
2026-02-17 06:00:00+00:00,10521.0438
2026-02-17 06:15:00+00:00,10521.0438
2026-02-17 06:30:00+00:00,10521.0438
2026-02-17 06:45:00+00:00,10521.0438
2026-02-17 07:00:00+00:00,10521.0438
2026-02-17 07:15:00+00:00,10521.0438
2026-02-17 07:30:00+00:00,10521.0438
2026-02-17 07:45:00+00:00,10521.0438
2026-02-17 08:00:00+00:00,10521.0438
2026-02-17 08:15:00+00:00,10521.0438
2026-02-17 08:30:00+00:00,10521.0438
2026-02-17 08:45:00+00:00,10521.0438
2026-02-17 09:00:00+00:00,10521.0438
2026-02-17 09:15:00+00:00,10521.0438
2026-02-17 09:30:00+00:00,10521.0438
2026-02-17 09:45:00+00:00,10521.0438
2026-02-17 10:00:00+00:00,10521.0438
2026-02-17 10:15:00+00:00,10415.8334
2026-02-17 10:30:00+00:00,10415.8334
2026-02-17 10:45:00+00:00,10415.8334
2026-02-17 11:00:00+00:00,10415.8334
2026-02-17 11:15:00+00:00,10415.8334
2026-02-17 11:30:00+00:00,10415.8334
2026-02-17 11:45:00+00:00,10415.8334
2026-02-17 12:00:00+00:00,10311.6751
2026-02-17 12:15:00+00:00,10311.6751
2026-02-17 12:30:00+00:00,10311.6751
2026-02-17 12:45:00+00:00,10311.6751
2026-02-17 13:00:00+00:00,10311.6751
2026-02-17 13:15:00+00:00,10208.5583
2026-02-17 13:30:00+00:00,10208.5583
2026-02-17 13:45:00+00:00,10106.4727
2026-02-17 14:00:00+00:00,10106.4727
2026-02-17 14:15:00+00:00,10106.4727
2026-02-17 14:30:00+00:00,10308.6022
2026-02-17 14:45:00+00:00,10308.6022
2026-02-17 15:00:00+00:00,10308.6022
2026-02-17 15:15:00+00:00,10308.6022
2026-02-17 15:30:00+00:00,10308.6022
2026-02-17 15:45:00+00:00,10308.6022
2026-02-17 16:00:00+00:00,10308.6022
2026-02-17 16:15:00+00:00,10308.6022
2026-02-17 16:30:00+00:00,10205.5162
2026-02-17 16:45:00+00:00,10205.5162
2026-02-17 17:00:00+00:00,10205.5162
2026-02-17 17:15:00+00:00,10205.5162
2026-02-17 17:30:00+00:00,10205.5162
2026-02-17 17:45:00+00:00,10409.6265
2026-02-17 18:00:00+00:00,10409.6265
2026-02-17 18:15:00+00:00,10409.6265
2026-02-17 18:30:00+00:00,10409.6265
2026-02-17 18:45:00+00:00,10409.6265
2026-02-17 19:00:00+00:00,10409.6265
2026-02-17 19:15:00+00:00,10409.6265
2026-02-17 19:30:00+00:00,10409.6265
2026-02-17 19:45:00+00:00,10409.6265
2026-02-17 20:00:00+00:00,10409.6265
2026-02-17 20:15:00+00:00,10409.6265
2026-02-17 20:30:00+00:00,10409.6265
2026-02-17 20:45:00+00:00,10409.6265
2026-02-17 21:00:00+00:00,10409.6265
2026-02-17 21:15:00+00:00,10409.6265
2026-02-17 21:30:00+00:00,10409.6265
2026-02-17 21:45:00+00:00,10409.6265
2026-02-17 22:00:00+00:00,10409.6265
2026-02-17 22:15:00+00:00,10409.6265
2026-02-17 22:30:00+00:00,10409.6265
2026-02-17 22:45:00+00:00,10409.6265
2026-02-17 23:00:00+00:00,10409.6265
2026-02-17 23:15:00+00:00,10409.6265
2026-02-17 23:30:00+00:00,10409.6265
2026-02-17 23:45:00+00:00,10409.6265
2026-02-18 00:00:00+00:00,10409.6265
2026-02-18 00:15:00+00:00,10409.6265
2026-02-18 00:30:00+00:00,10409.6265
2026-02-18 00:45:00+00:00,10409.6265
2026-02-18 01:00:00+00:00,10617.819
2026-02-18 01:15:00+00:00,10617.819
2026-02-18 01:30:00+00:00,10617.819
2026-02-18 01:45:00+00:00,10617.819
2026-02-18 02:00:00+00:00,10511.6408
2026-02-18 02:15:00+00:00,10511.6408
2026-02-18 02:30:00+00:00,10406.5244
2026-02-18 02:45:00+00:00,10406.5244
2026-02-18 03:00:00+00:00,10302.4592
2026-02-18 03:15:00+00:00,10302.4592
2026-02-18 03:30:00+00:00,10302.4592
2026-02-18 03:45:00+00:00,10302.4592
2026-02-18 04:00:00+00:00,10199.4346
2026-02-18 04:15:00+00:00,10199.4346
2026-02-18 04:30:00+00:00,10199.4346
2026-02-18 04:45:00+00:00,10199.4346
2026-02-18 05:00:00+00:00,10199.4346
2026-02-18 05:15:00+00:00,10199.4346
2026-02-18 05:30:00+00:00,10199.4346
2026-02-18 05:45:00+00:00,10199.4346
2026-02-18 06:00:00+00:00,10199.4346
2026-02-18 06:15:00+00:00,10199.4346
2026-02-18 06:30:00+00:00,10097.4402
2026-02-18 06:45:00+00:00,10097.4402
2026-02-18 07:00:00+00:00,10097.4402
2026-02-18 07:15:00+00:00,10097.4402
2026-02-18 07:30:00+00:00,9996.4658
2026-02-18 07:45:00+00:00,9996.4658
2026-02-18 08:00:00+00:00,9996.4658
2026-02-18 08:15:00+00:00,10196.3952
2026-02-18 08:30:00+00:00,10196.3952
2026-02-18 08:45:00+00:00,10196.3952
2026-02-18 09:00:00+00:00,10196.3952
2026-02-18 09:15:00+00:00,10196.3952
2026-02-18 09:30:00+00:00,10196.3952
2026-02-18 09:45:00+00:00,10196.3952
2026-02-18 10:00:00+00:00,10196.3952
2026-02-18 10:15:00+00:00,10094.4312
2026-02-18 10:30:00+00:00,10094.4312
2026-02-18 10:45:00+00:00,10094.4312
2026-02-18 11:00:00+00:00,9993.4869
2026-02-18 11:15:00+00:00,9993.4869
2026-02-18 11:30:00+00:00,9993.4869
2026-02-18 11:45:00+00:00,9993.4869
2026-02-18 12:00:00+00:00,9993.4869
2026-02-18 12:15:00+00:00,9993.4869
2026-02-18 12:30:00+00:00,9993.4869
2026-02-18 12:45:00+00:00,9993.4869
2026-02-18 13:00:00+00:00,9993.4869
2026-02-18 13:15:00+00:00,9993.4869
2026-02-18 13:30:00+00:00,9893.552
2026-02-18 13:45:00+00:00,9893.552
2026-02-18 14:00:00+00:00,9794.6165
2026-02-18 14:15:00+00:00,9794.6165
2026-02-18 14:30:00+00:00,9696.6703
2026-02-18 14:45:00+00:00,9696.6703
2026-02-18 15:00:00+00:00,9696.6703
2026-02-18 15:15:00+00:00,9696.6703
2026-02-18 15:30:00+00:00,9599.7036
2026-02-18 15:45:00+00:00,9599.7036
2026-02-18 16:00:00+00:00,9599.7036
2026-02-18 16:15:00+00:00,9599.7036
2026-02-18 16:30:00+00:00,9599.7036
2026-02-18 16:45:00+00:00,9599.7036
2026-02-18 17:00:00+00:00,9599.7036
2026-02-18 17:15:00+00:00,9599.7036
2026-02-18 17:30:00+00:00,9599.7036
2026-02-18 17:45:00+00:00,9599.7036
2026-02-18 18:00:00+00:00,9599.7036
2026-02-18 18:15:00+00:00,9791.6977
2026-02-18 18:30:00+00:00,9791.6977
2026-02-18 18:45:00+00:00,9791.6977
2026-02-18 19:00:00+00:00,9791.6977
2026-02-18 19:15:00+00:00,9791.6977
2026-02-18 19:30:00+00:00,9791.6977
2026-02-18 19:45:00+00:00,9791.6977
2026-02-18 20:00:00+00:00,9791.6977
2026-02-18 20:15:00+00:00,9791.6977
2026-02-18 20:30:00+00:00,9791.6977
2026-02-18 20:45:00+00:00,9791.6977
2026-02-18 21:00:00+00:00,9791.6977
2026-02-18 21:15:00+00:00,9791.6977
2026-02-18 21:30:00+00:00,9791.6977
2026-02-18 21:45:00+00:00,9791.6977
2026-02-18 22:00:00+00:00,9791.6977
2026-02-18 22:15:00+00:00,9791.6977
2026-02-18 22:30:00+00:00,9791.6977
2026-02-18 22:45:00+00:00,9791.6977
2026-02-18 23:00:00+00:00,9791.6977
2026-02-18 23:15:00+00:00,9791.6977
2026-02-18 23:30:00+00:00,9791.6977
2026-02-18 23:45:00+00:00,9791.6977
2026-02-19 00:00:00+00:00,9693.7807
2026-02-19 00:15:00+00:00,9693.7807
2026-02-19 00:30:00+00:00,9596.8429
2026-02-19 00:45:00+00:00,9596.8429
2026-02-19 01:00:00+00:00,9500.8745
2026-02-19 01:15:00+00:00,9500.8745
2026-02-19 01:30:00+00:00,9405.8657
2026-02-19 01:45:00+00:00,9405.8657
2026-02-19 02:00:00+00:00,9405.8657
2026-02-19 02:15:00+00:00,9311.8071
2026-02-19 02:30:00+00:00,9311.8071
2026-02-19 02:45:00+00:00,9311.8071
2026-02-19 03:00:00+00:00,9311.8071
2026-02-19 03:15:00+00:00,9218.689
2026-02-19 03:30:00+00:00,9218.689
2026-02-19 03:45:00+00:00,9126.5021
2026-02-19 04:00:00+00:00,9126.5021
2026-02-19 04:15:00+00:00,9126.5021
2026-02-19 04:30:00+00:00,9126.5021
2026-02-19 04:45:00+00:00,9126.5021
2026-02-19 05:00:00+00:00,9309.0322
2026-02-19 05:15:00+00:00,9309.0322
2026-02-19 05:30:00+00:00,9309.0322
2026-02-19 05:45:00+00:00,9309.0322
2026-02-19 06:00:00+00:00,9215.9419
2026-02-19 06:15:00+00:00,9215.9419
2026-02-19 06:30:00+00:00,9215.9419
2026-02-19 06:45:00+00:00,9215.9419
2026-02-19 07:00:00+00:00,9215.9419
2026-02-19 07:15:00+00:00,9215.9419
2026-02-19 07:30:00+00:00,9123.7824
2026-02-19 07:45:00+00:00,9123.7824
2026-02-19 08:00:00+00:00,9123.7824
2026-02-19 08:15:00+00:00,9123.7824
2026-02-19 08:30:00+00:00,9123.7824
2026-02-19 08:45:00+00:00,9123.7824
2026-02-19 09:00:00+00:00,9123.7824
2026-02-19 09:15:00+00:00,9123.7824
2026-02-19 09:30:00+00:00,9123.7824
2026-02-19 09:45:00+00:00,9032.5446
2026-02-19 10:00:00+00:00,9032.5446
2026-02-19 10:15:00+00:00,9032.5446
2026-02-19 10:30:00+00:00,9032.5446
2026-02-19 10:45:00+00:00,9032.5446
2026-02-19 11:00:00+00:00,9032.5446
2026-02-19 11:15:00+00:00,9032.5446
2026-02-19 11:30:00+00:00,8942.2192
2026-02-19 11:45:00+00:00,8942.2192
2026-02-19 12:00:00+00:00,8942.2192
2026-02-19 12:15:00+00:00,8942.2192
2026-02-19 12:30:00+00:00,8942.2192
2026-02-19 12:45:00+00:00,8942.2192
2026-02-19 13:00:00+00:00,9121.0635
2026-02-19 13:15:00+00:00,9121.0635
2026-02-19 13:30:00+00:00,9121.0635
2026-02-19 13:45:00+00:00,9121.0635
2026-02-19 14:00:00+00:00,9121.0635
2026-02-19 14:15:00+00:00,9121.0635
2026-02-19 14:30:00+00:00,9121.0635
2026-02-19 14:45:00+00:00,9121.0635
2026-02-19 15:00:00+00:00,9121.0635
2026-02-19 15:15:00+00:00,9121.0635
2026-02-19 15:30:00+00:00,9121.0635
2026-02-19 15:45:00+00:00,9121.0635
2026-02-19 16:00:00+00:00,9121.0635
2026-02-19 16:15:00+00:00,9121.0635
2026-02-19 16:30:00+00:00,9121.0635
2026-02-19 16:45:00+00:00,9121.0635
2026-02-19 17:00:00+00:00,9121.0635
2026-02-19 17:15:00+00:00,9029.8529
2026-02-19 17:30:00+00:00,9029.8529
2026-02-19 17:45:00+00:00,9210.45
2026-02-19 18:00:00+00:00,9210.45
2026-02-19 18:15:00+00:00,9210.45
2026-02-19 18:30:00+00:00,9210.45
2026-02-19 18:45:00+00:00,9210.45
2026-02-19 19:00:00+00:00,9210.45
2026-02-19 19:15:00+00:00,9210.45
2026-02-19 19:30:00+00:00,9210.45
2026-02-19 19:45:00+00:00,9210.45
2026-02-19 20:00:00+00:00,9210.45
2026-02-19 20:15:00+00:00,9210.45
2026-02-19 20:30:00+00:00,9210.45
2026-02-19 20:45:00+00:00,9210.45
2026-02-19 21:00:00+00:00,9210.45
2026-02-19 21:15:00+00:00,9210.45
2026-02-19 21:30:00+00:00,9210.45
2026-02-19 21:45:00+00:00,9210.45
2026-02-19 22:00:00+00:00,9210.45
2026-02-19 22:15:00+00:00,9210.45
2026-02-19 22:30:00+00:00,9210.45
2026-02-19 22:45:00+00:00,9210.45
2026-02-19 23:00:00+00:00,9210.45
2026-02-19 23:15:00+00:00,9210.45
2026-02-19 23:30:00+00:00,9210.45
2026-02-19 23:45:00+00:00,9210.45
2026-02-20 00:00:00+00:00,9210.45
2026-02-20 00:15:00+00:00,9118.3455
2026-02-20 00:30:00+00:00,9118.3455
2026-02-20 00:45:00+00:00,9118.3455
2026-02-20 01:00:00+00:00,9118.3455
2026-02-20 01:15:00+00:00,9027.162
2026-02-20 01:30:00+00:00,9027.162
2026-02-20 01:45:00+00:00,8936.8904
2026-02-20 02:00:00+00:00,8936.8904
2026-02-20 02:15:00+00:00,8847.5215
2026-02-20 02:30:00+00:00,8847.5215
2026-02-20 02:45:00+00:00,8847.5215
2026-02-20 03:00:00+00:00,8847.5215
2026-02-20 03:15:00+00:00,8847.5215
2026-02-20 03:30:00+00:00,8847.5215
2026-02-20 03:45:00+00:00,8847.5215
2026-02-20 04:00:00+00:00,8847.5215
2026-02-20 04:15:00+00:00,8759.0463
2026-02-20 04:30:00+00:00,8759.0463
2026-02-20 04:45:00+00:00,8759.0463
2026-02-20 05:00:00+00:00,8759.0463
2026-02-20 05:15:00+00:00,8759.0463
2026-02-20 05:30:00+00:00,8934.2272
2026-02-20 05:45:00+00:00,8934.2272
2026-02-20 06:00:00+00:00,8934.2272
2026-02-20 06:15:00+00:00,8934.2272
2026-02-20 06:30:00+00:00,8934.2272
2026-02-20 06:45:00+00:00,8934.2272
2026-02-20 07:00:00+00:00,8934.2272
2026-02-20 07:15:00+00:00,8934.2272
2026-02-20 07:30:00+00:00,8934.2272
2026-02-20 07:45:00+00:00,8934.2272
2026-02-20 08:00:00+00:00,8934.2272
2026-02-20 08:15:00+00:00,8934.2272
2026-02-20 08:30:00+00:00,8844.8849
2026-02-20 08:45:00+00:00,8844.8849
2026-02-20 09:00:00+00:00,8844.8849
2026-02-20 09:15:00+00:00,8844.8849
2026-02-20 09:30:00+00:00,8844.8849
2026-02-20 09:45:00+00:00,8844.8849
2026-02-20 10:00:00+00:00,8844.8849
2026-02-20 10:15:00+00:00,8844.8849
2026-02-20 10:30:00+00:00,8844.8849
2026-02-20 10:45:00+00:00,8844.8849
2026-02-20 11:00:00+00:00,8844.8849
2026-02-20 11:15:00+00:00,8844.8849
2026-02-20 11:30:00+00:00,8756.4361
2026-02-20 11:45:00+00:00,8756.4361
2026-02-20 12:00:00+00:00,8756.4361
2026-02-20 12:15:00+00:00,8756.4361
2026-02-20 12:30:00+00:00,8756.4361
2026-02-20 12:45:00+00:00,8756.4361
2026-02-20 13:00:00+00:00,8668.8717
2026-02-20 13:15:00+00:00,8668.8717
2026-02-20 13:30:00+00:00,8582.183
2026-02-20 13:45:00+00:00,8582.183
2026-02-20 14:00:00+00:00,8582.183
2026-02-20 14:15:00+00:00,8582.183
2026-02-20 14:30:00+00:00,8582.183
2026-02-20 14:45:00+00:00,8582.183
2026-02-20 15:00:00+00:00,8753.8267
2026-02-20 15:15:00+00:00,8753.8267
2026-02-20 15:30:00+00:00,8753.8267
2026-02-20 15:45:00+00:00,8666.2884
2026-02-20 16:00:00+00:00,8666.2884
2026-02-20 16:15:00+00:00,8666.2884
2026-02-20 16:30:00+00:00,8666.2884
2026-02-20 16:45:00+00:00,8666.2884
2026-02-20 17:00:00+00:00,8666.2884
2026-02-20 17:15:00+00:00,8666.2884
2026-02-20 17:30:00+00:00,8666.2884
2026-02-20 17:45:00+00:00,8666.2884
2026-02-20 18:00:00+00:00,8666.2884
2026-02-20 18:15:00+00:00,8666.2884
2026-02-20 18:30:00+00:00,8579.6255
2026-02-20 18:45:00+00:00,8579.6255
2026-02-20 19:00:00+00:00,8579.6255
2026-02-20 19:15:00+00:00,8579.6255
2026-02-20 19:30:00+00:00,8579.6255
2026-02-20 19:45:00+00:00,8579.6255
2026-02-20 20:00:00+00:00,8751.218
2026-02-20 20:15:00+00:00,8751.218
2026-02-20 20:30:00+00:00,8751.218
2026-02-20 20:45:00+00:00,8751.218
2026-02-20 21:00:00+00:00,8751.218
2026-02-20 21:15:00+00:00,8751.218
2026-02-20 21:30:00+00:00,8751.218
2026-02-20 21:45:00+00:00,8751.218
2026-02-20 22:00:00+00:00,8751.218
2026-02-20 22:15:00+00:00,8751.218
2026-02-20 22:30:00+00:00,8751.218
2026-02-20 22:45:00+00:00,8751.218
2026-02-20 23:00:00+00:00,8926.2424
2026-02-20 23:15:00+00:00,8926.2424
2026-02-20 23:30:00+00:00,8926.2424
2026-02-20 23:45:00+00:00,8926.2424
2026-02-21 00:00:00+00:00,8836.98
2026-02-21 00:15:00+00:00,8836.98
2026-02-21 00:30:00+00:00,8836.98
2026-02-21 00:45:00+00:00,8836.98
2026-02-21 01:00:00+00:00,8836.98
2026-02-21 01:15:00+00:00,8836.98
2026-02-21 01:30:00+00:00,9013.7196
2026-02-21 01:45:00+00:00,9013.7196
2026-02-21 02:00:00+00:00,9013.7196
2026-02-21 02:15:00+00:00,9013.7196
2026-02-21 02:30:00+00:00,9013.7196
2026-02-21 02:45:00+00:00,9013.7196
2026-02-21 03:00:00+00:00,8923.5824
2026-02-21 03:15:00+00:00,8923.5824
2026-02-21 03:30:00+00:00,8834.3465
2026-02-21 03:45:00+00:00,8834.3465
2026-02-21 04:00:00+00:00,8834.3465
2026-02-21 04:15:00+00:00,8834.3465
2026-02-21 04:30:00+00:00,8834.3465
2026-02-21 04:45:00+00:00,9011.0335
2026-02-21 05:00:00+00:00,9011.0335
2026-02-21 05:15:00+00:00,9011.0335
2026-02-21 05:30:00+00:00,8920.9231
2026-02-21 05:45:00+00:00,8920.9231
2026-02-21 06:00:00+00:00,8920.9231
2026-02-21 06:15:00+00:00,8920.9231
2026-02-21 06:30:00+00:00,8831.7139
2026-02-21 06:45:00+00:00,8831.7139
2026-02-21 07:00:00+00:00,8743.3968
2026-02-21 07:15:00+00:00,8743.3968
2026-02-21 07:30:00+00:00,8655.9628
2026-02-21 07:45:00+00:00,8655.9628
2026-02-21 08:00:00+00:00,8829.0821
2026-02-21 08:15:00+00:00,8829.0821
2026-02-21 08:30:00+00:00,8829.0821
2026-02-21 08:45:00+00:00,8829.0821
2026-02-21 09:00:00+00:00,8829.0821
2026-02-21 09:15:00+00:00,9005.6637
2026-02-21 09:30:00+00:00,9005.6637
2026-02-21 09:45:00+00:00,9005.6637
2026-02-21 10:00:00+00:00,9005.6637
2026-02-21 10:15:00+00:00,8915.6071
2026-02-21 10:30:00+00:00,8915.6071
2026-02-21 10:45:00+00:00,8826.451
2026-02-21 11:00:00+00:00,8826.451
2026-02-21 11:15:00+00:00,8738.1865
2026-02-21 11:30:00+00:00,8738.1865
2026-02-21 11:45:00+00:00,8738.1865
2026-02-21 12:00:00+00:00,8738.1865
2026-02-21 12:15:00+00:00,8738.1865
2026-02-21 12:30:00+00:00,8738.1865
2026-02-21 12:45:00+00:00,8738.1865
2026-02-21 13:00:00+00:00,8738.1865
2026-02-21 13:15:00+00:00,8738.1865
2026-02-21 13:30:00+00:00,8738.1865
2026-02-21 13:45:00+00:00,8738.1865
2026-02-21 14:00:00+00:00,8912.9502
2026-02-21 14:15:00+00:00,8912.9502
2026-02-21 14:30:00+00:00,8912.9502
2026-02-21 14:45:00+00:00,8912.9502
2026-02-21 15:00:00+00:00,8912.9502
2026-02-21 15:15:00+00:00,8912.9502
2026-02-21 15:30:00+00:00,8912.9502
2026-02-21 15:45:00+00:00,8912.9502
2026-02-21 16:00:00+00:00,8912.9502
2026-02-21 16:15:00+00:00,8823.8207
2026-02-21 16:30:00+00:00,8823.8207
2026-02-21 16:45:00+00:00,8823.8207
2026-02-21 17:00:00+00:00,8823.8207
2026-02-21 17:15:00+00:00,8823.8207
2026-02-21 17:30:00+00:00,8823.8207
2026-02-21 17:45:00+00:00,8823.8207
2026-02-21 18:00:00+00:00,8823.8207
2026-02-21 18:15:00+00:00,8823.8207
2026-02-21 18:30:00+00:00,8823.8207
2026-02-21 18:45:00+00:00,8823.8207
2026-02-21 19:00:00+00:00,8823.8207
2026-02-21 19:15:00+00:00,8823.8207
2026-02-21 19:30:00+00:00,8823.8207
2026-02-21 19:45:00+00:00,8823.8207
2026-02-21 20:00:00+00:00,8823.8207
2026-02-21 20:15:00+00:00,8823.8207
2026-02-21 20:30:00+00:00,8823.8207
2026-02-21 20:45:00+00:00,8823.8207
2026-02-21 21:00:00+00:00,8823.8207
2026-02-21 21:15:00+00:00,8823.8207
2026-02-21 21:30:00+00:00,8823.8207
2026-02-21 21:45:00+00:00,8823.8207
2026-02-21 22:00:00+00:00,8823.8207
2026-02-21 22:15:00+00:00,8823.8207
2026-02-21 22:30:00+00:00,8735.5825
2026-02-21 22:45:00+00:00,8735.5825
2026-02-21 23:00:00+00:00,8735.5825
2026-02-21 23:15:00+00:00,8735.5825
2026-02-21 23:30:00+00:00,8735.5825
2026-02-21 23:45:00+00:00,8735.5825
2026-02-22 00:00:00+00:00,8648.2267
2026-02-22 00:15:00+00:00,8648.2267
2026-02-22 00:30:00+00:00,8648.2267
2026-02-22 00:45:00+00:00,8648.2267
2026-02-22 01:00:00+00:00,8648.2267
2026-02-22 01:15:00+00:00,8648.2267
2026-02-22 01:30:00+00:00,8821.1912
2026-02-22 01:45:00+00:00,8821.1912
2026-02-22 02:00:00+00:00,8821.1912
2026-02-22 02:15:00+00:00,8821.1912
2026-02-22 02:30:00+00:00,8821.1912
2026-02-22 02:45:00+00:00,8821.1912
2026-02-22 03:00:00+00:00,8821.1912
2026-02-22 03:15:00+00:00,8821.1912
2026-02-22 03:30:00+00:00,8821.1912
2026-02-22 03:45:00+00:00,8821.1912
2026-02-22 04:00:00+00:00,8821.1912
2026-02-22 04:15:00+00:00,8821.1912
2026-02-22 04:30:00+00:00,8821.1912
2026-02-22 04:45:00+00:00,8821.1912
2026-02-22 05:00:00+00:00,8821.1912
2026-02-22 05:15:00+00:00,8821.1912
2026-02-22 05:30:00+00:00,8821.1912
2026-02-22 05:45:00+00:00,8821.1912
2026-02-22 06:00:00+00:00,8821.1912
2026-02-22 06:15:00+00:00,8821.1912
2026-02-22 06:30:00+00:00,8821.1912
2026-02-22 06:45:00+00:00,8821.1912
2026-02-22 07:00:00+00:00,8821.1912
2026-02-22 07:15:00+00:00,8821.1912
2026-02-22 07:30:00+00:00,8821.1912
2026-02-22 07:45:00+00:00,8821.1912
2026-02-22 08:00:00+00:00,8821.1912
2026-02-22 08:15:00+00:00,8821.1912
2026-02-22 08:30:00+00:00,8821.1912
2026-02-22 08:45:00+00:00,8821.1912
2026-02-22 09:00:00+00:00,8821.1912
2026-02-22 09:15:00+00:00,8821.1912
2026-02-22 09:30:00+00:00,8821.1912
2026-02-22 09:45:00+00:00,8821.1912
2026-02-22 10:00:00+00:00,8821.1912
2026-02-22 10:15:00+00:00,8821.1912
2026-02-22 10:30:00+00:00,8821.1912
2026-02-22 10:45:00+00:00,8821.1912
2026-02-22 11:00:00+00:00,8732.9793
2026-02-22 11:15:00+00:00,8732.9793
2026-02-22 11:30:00+00:00,8732.9793
2026-02-22 11:45:00+00:00,8732.9793
2026-02-22 12:00:00+00:00,8907.6389
2026-02-22 12:15:00+00:00,8907.6389
2026-02-22 12:30:00+00:00,8907.6389
2026-02-22 12:45:00+00:00,8907.6389
2026-02-22 13:00:00+00:00,8907.6389
2026-02-22 13:15:00+00:00,8907.6389
2026-02-22 13:30:00+00:00,8907.6389
2026-02-22 13:45:00+00:00,8907.6389
2026-02-22 14:00:00+00:00,9085.7917
2026-02-22 14:15:00+00:00,9085.7917
2026-02-22 14:30:00+00:00,9267.5075
2026-02-22 14:45:00+00:00,9267.5075
2026-02-22 15:00:00+00:00,9267.5075
2026-02-22 15:15:00+00:00,9174.8324
2026-02-22 15:30:00+00:00,9174.8324
2026-02-22 15:45:00+00:00,9174.8324
2026-02-22 16:00:00+00:00,9174.8324
2026-02-22 16:15:00+00:00,9174.8324
2026-02-22 16:30:00+00:00,9174.8324
2026-02-22 16:45:00+00:00,9174.8324
2026-02-22 17:00:00+00:00,9174.8324
2026-02-22 17:15:00+00:00,9174.8324
2026-02-22 17:30:00+00:00,9358.3291
2026-02-22 17:45:00+00:00,9358.3291
2026-02-22 18:00:00+00:00,9358.3291
2026-02-22 18:15:00+00:00,9358.3291
2026-02-22 18:30:00+00:00,9358.3291
2026-02-22 18:45:00+00:00,9358.3291
2026-02-22 19:00:00+00:00,9264.7458
2026-02-22 19:15:00+00:00,9264.7458
2026-02-22 19:30:00+00:00,9264.7458
2026-02-22 19:45:00+00:00,9264.7458
2026-02-22 20:00:00+00:00,9264.7458
2026-02-22 20:15:00+00:00,9172.0983
2026-02-22 20:30:00+00:00,9172.0983
2026-02-22 20:45:00+00:00,9080.3773
2026-02-22 21:00:00+00:00,9080.3773
2026-02-22 21:15:00+00:00,9080.3773
2026-02-22 21:30:00+00:00,9080.3773
2026-02-22 21:45:00+00:00,9080.3773
2026-02-22 22:00:00+00:00,9080.3773
2026-02-22 22:15:00+00:00,8989.5736
2026-02-22 22:30:00+00:00,8989.5736
2026-02-22 22:45:00+00:00,8989.5736
2026-02-22 23:00:00+00:00,9169.365
2026-02-22 23:15:00+00:00,9169.365
2026-02-22 23:30:00+00:00,9169.365
2026-02-22 23:45:00+00:00,9077.6714
2026-02-23 00:00:00+00:00,9077.6714
2026-02-23 00:15:00+00:00,9259.2248
2026-02-23 00:30:00+00:00,9259.2248
2026-02-23 00:45:00+00:00,9259.2248
2026-02-23 01:00:00+00:00,9444.4093
2026-02-23 01:15:00+00:00,9444.4093
2026-02-23 01:30:00+00:00,9444.4093
2026-02-23 01:45:00+00:00,9444.4093
2026-02-23 02:00:00+00:00,9444.4093
2026-02-23 02:15:00+00:00,9444.4093
2026-02-23 02:30:00+00:00,9444.4093
2026-02-23 02:45:00+00:00,9444.4093
2026-02-23 03:00:00+00:00,9444.4093
2026-02-23 03:15:00+00:00,9444.4093
2026-02-23 03:30:00+00:00,9444.4093
2026-02-23 03:45:00+00:00,9444.4093
2026-02-23 04:00:00+00:00,9444.4093
2026-02-23 04:15:00+00:00,9444.4093
2026-02-23 04:30:00+00:00,9444.4093
2026-02-23 04:45:00+00:00,9444.4093
2026-02-23 05:00:00+00:00,9444.4093
2026-02-23 05:15:00+00:00,9444.4093
2026-02-23 05:30:00+00:00,9444.4093
2026-02-23 05:45:00+00:00,9444.4093
2026-02-23 06:00:00+00:00,9444.4093
2026-02-23 06:15:00+00:00,9444.4093
2026-02-23 06:30:00+00:00,9444.4093
2026-02-23 06:45:00+00:00,9444.4093
2026-02-23 07:00:00+00:00,9444.4093
2026-02-23 07:15:00+00:00,9444.4093
2026-02-23 07:30:00+00:00,9444.4093
2026-02-23 07:45:00+00:00,9444.4093
2026-02-23 08:00:00+00:00,9444.4093
2026-02-23 08:15:00+00:00,9633.2975
2026-02-23 08:30:00+00:00,9633.2975
2026-02-23 08:45:00+00:00,9633.2975
2026-02-23 09:00:00+00:00,9633.2975
2026-02-23 09:15:00+00:00,9633.2975
2026-02-23 09:30:00+00:00,9633.2975
2026-02-23 09:45:00+00:00,9633.2975
2026-02-23 10:00:00+00:00,9633.2975
2026-02-23 10:15:00+00:00,9633.2975
2026-02-23 10:30:00+00:00,9633.2975
2026-02-23 10:45:00+00:00,9633.2975
2026-02-23 11:00:00+00:00,9633.2975
2026-02-23 11:15:00+00:00,9633.2975
2026-02-23 11:30:00+00:00,9633.2975
2026-02-23 11:45:00+00:00,9633.2975
2026-02-23 12:00:00+00:00,9633.2975
2026-02-23 12:15:00+00:00,9633.2975
2026-02-23 12:30:00+00:00,9633.2975
2026-02-23 12:45:00+00:00,9633.2975
2026-02-23 13:00:00+00:00,9633.2975
2026-02-23 13:15:00+00:00,9633.2975
2026-02-23 13:30:00+00:00,9633.2975
2026-02-23 13:45:00+00:00,9633.2975
2026-02-23 14:00:00+00:00,9633.2975
2026-02-23 14:15:00+00:00,9633.2975
2026-02-23 14:30:00+00:00,9825.9634
2026-02-23 14:45:00+00:00,9825.9634
2026-02-23 15:00:00+00:00,9825.9634
2026-02-23 15:15:00+00:00,9825.9634
2026-02-23 15:30:00+00:00,9825.9634
2026-02-23 15:45:00+00:00,9825.9634
2026-02-23 16:00:00+00:00,9825.9634
2026-02-23 16:15:00+00:00,9825.9634
2026-02-23 16:30:00+00:00,9825.9634
2026-02-23 16:45:00+00:00,9825.9634
2026-02-23 17:00:00+00:00,9825.9634
2026-02-23 17:15:00+00:00,10022.4827
2026-02-23 17:30:00+00:00,10022.4827
2026-02-23 17:45:00+00:00,10022.4827
2026-02-23 18:00:00+00:00,10022.4827
2026-02-23 18:15:00+00:00,10022.4827
2026-02-23 18:30:00+00:00,10022.4827
2026-02-23 18:45:00+00:00,10022.4827
2026-02-23 19:00:00+00:00,10022.4827
2026-02-23 19:15:00+00:00,10022.4827
2026-02-23 19:30:00+00:00,10022.4827
2026-02-23 19:45:00+00:00,10022.4827
2026-02-23 20:00:00+00:00,10022.4827
2026-02-23 20:15:00+00:00,10022.4827
2026-02-23 20:30:00+00:00,10022.4827
2026-02-23 20:45:00+00:00,10022.4827
2026-02-23 21:00:00+00:00,10022.4827
2026-02-23 21:15:00+00:00,10022.4827
2026-02-23 21:30:00+00:00,10022.4827
2026-02-23 21:45:00+00:00,10022.4827
2026-02-23 22:00:00+00:00,10022.4827
2026-02-23 22:15:00+00:00,10022.4827
2026-02-23 22:30:00+00:00,10022.4827
2026-02-23 22:45:00+00:00,10222.9324
2026-02-23 23:00:00+00:00,10222.9324
2026-02-23 23:15:00+00:00,10222.9324
2026-02-23 23:30:00+00:00,10427.391
2026-02-23 23:45:00+00:00,10427.391
2026-02-24 00:00:00+00:00,10427.391
2026-02-24 00:15:00+00:00,10427.391
2026-02-24 00:30:00+00:00,10427.391
2026-02-24 00:45:00+00:00,10427.391
2026-02-24 01:00:00+00:00,10635.9388
2026-02-24 01:15:00+00:00,10635.9388
2026-02-24 01:30:00+00:00,10635.9388
2026-02-24 01:45:00+00:00,10635.9388
2026-02-24 02:00:00+00:00,10635.9388
2026-02-24 02:15:00+00:00,10635.9388
2026-02-24 02:30:00+00:00,10635.9388
2026-02-24 02:45:00+00:00,10635.9388
2026-02-24 03:00:00+00:00,10635.9388
2026-02-24 03:15:00+00:00,10635.9388
2026-02-24 03:30:00+00:00,10635.9388
2026-02-24 03:45:00+00:00,10635.9388
2026-02-24 04:00:00+00:00,10635.9388
2026-02-24 04:15:00+00:00,10635.9388
2026-02-24 04:30:00+00:00,10635.9388
2026-02-24 04:45:00+00:00,10635.9388
2026-02-24 05:00:00+00:00,10635.9388
2026-02-24 05:15:00+00:00,10635.9388
2026-02-24 05:30:00+00:00,10635.9388
2026-02-24 05:45:00+00:00,10635.9388
2026-02-24 06:00:00+00:00,10635.9388
2026-02-24 06:15:00+00:00,10635.9388
2026-02-24 06:30:00+00:00,10635.9388
2026-02-24 06:45:00+00:00,10635.9388
2026-02-24 07:00:00+00:00,10635.9388
2026-02-24 07:15:00+00:00,10635.9388
2026-02-24 07:30:00+00:00,10635.9388
2026-02-24 07:45:00+00:00,10635.9388
2026-02-24 08:00:00+00:00,10635.9388
2026-02-24 08:15:00+00:00,10635.9388
2026-02-24 08:30:00+00:00,10635.9388
2026-02-24 08:45:00+00:00,10635.9388
2026-02-24 09:00:00+00:00,10635.9388
2026-02-24 09:15:00+00:00,10635.9388
2026-02-24 09:30:00+00:00,10635.9388
2026-02-24 09:45:00+00:00,10635.9388
2026-02-24 10:00:00+00:00,10635.9388
2026-02-24 10:15:00+00:00,10635.9388
2026-02-24 10:30:00+00:00,10635.9388
2026-02-24 10:45:00+00:00,10635.9388
2026-02-24 11:00:00+00:00,10635.9388
2026-02-24 11:15:00+00:00,10635.9388
2026-02-24 11:30:00+00:00,10635.9388
2026-02-24 11:45:00+00:00,10635.9388
2026-02-24 12:00:00+00:00,10635.9388
2026-02-24 12:15:00+00:00,10635.9388
2026-02-24 12:30:00+00:00,10635.9388
2026-02-24 12:45:00+00:00,10635.9388
2026-02-24 13:00:00+00:00,10635.9388
2026-02-24 13:15:00+00:00,10635.9388
2026-02-24 13:30:00+00:00,10635.9388
2026-02-24 13:45:00+00:00,10635.9388
2026-02-24 14:00:00+00:00,10635.9388
2026-02-24 14:15:00+00:00,10635.9388
2026-02-24 14:30:00+00:00,10635.9388
2026-02-24 14:45:00+00:00,10635.9388
2026-02-24 15:00:00+00:00,10635.9388
2026-02-24 15:15:00+00:00,10635.9388
2026-02-24 15:30:00+00:00,10635.9388
2026-02-24 15:45:00+00:00,10529.5794
2026-02-24 16:00:00+00:00,10529.5794
2026-02-24 16:15:00+00:00,10529.5794
2026-02-24 16:30:00+00:00,10529.5794
2026-02-24 16:45:00+00:00,10424.2836
2026-02-24 17:00:00+00:00,10424.2836
2026-02-24 17:15:00+00:00,10424.2836
2026-02-24 17:30:00+00:00,10424.2836
2026-02-24 17:45:00+00:00,10424.2836
2026-02-24 18:00:00+00:00,10320.0408
2026-02-24 18:15:00+00:00,10320.0408
2026-02-24 18:30:00+00:00,10320.0408
2026-02-24 18:45:00+00:00,10320.0408
2026-02-24 19:00:00+00:00,10320.0408
2026-02-24 19:15:00+00:00,10320.0408
2026-02-24 19:30:00+00:00,10526.4416
2026-02-24 19:45:00+00:00,10526.4416
2026-02-24 20:00:00+00:00,10526.4416
2026-02-24 20:15:00+00:00,10526.4416
2026-02-24 20:30:00+00:00,10421.1772
2026-02-24 20:45:00+00:00,10421.1772
2026-02-24 21:00:00+00:00,10421.1772
2026-02-24 21:15:00+00:00,10421.1772
2026-02-24 21:30:00+00:00,10421.1772
2026-02-24 21:45:00+00:00,10421.1772
2026-02-24 22:00:00+00:00,10421.1772
2026-02-24 22:15:00+00:00,10421.1772
2026-02-24 22:30:00+00:00,10421.1772
2026-02-24 22:45:00+00:00,10421.1772
2026-02-24 23:00:00+00:00,10316.9654
2026-02-24 23:15:00+00:00,10316.9654
2026-02-24 23:30:00+00:00,10316.9654
2026-02-24 23:45:00+00:00,10213.7958
2026-02-25 00:00:00+00:00,10213.7958
2026-02-25 00:15:00+00:00,10213.7958
2026-02-25 00:30:00+00:00,10418.0717
2026-02-25 00:45:00+00:00,10418.0717
2026-02-25 01:00:00+00:00,10418.0717
2026-02-25 01:15:00+00:00,10418.0717
2026-02-25 01:30:00+00:00,10418.0717
2026-02-25 01:45:00+00:00,10418.0717
2026-02-25 02:00:00+00:00,10418.0717
2026-02-25 02:15:00+00:00,10418.0717
2026-02-25 02:30:00+00:00,10418.0717
2026-02-25 02:45:00+00:00,10418.0717
2026-02-25 03:00:00+00:00,10418.0717
2026-02-25 03:15:00+00:00,10418.0717
2026-02-25 03:30:00+00:00,10418.0717
2026-02-25 03:45:00+00:00,10418.0717
2026-02-25 04:00:00+00:00,10418.0717
2026-02-25 04:15:00+00:00,10418.0717
2026-02-25 04:30:00+00:00,10418.0717
2026-02-25 04:45:00+00:00,10418.0717
2026-02-25 05:00:00+00:00,10418.0717
2026-02-25 05:15:00+00:00,10418.0717
2026-02-25 05:30:00+00:00,10418.0717
2026-02-25 05:45:00+00:00,10418.0717
2026-02-25 06:00:00+00:00,10418.0717
2026-02-25 06:15:00+00:00,10626.4331
2026-02-25 06:30:00+00:00,10626.4331
2026-02-25 06:45:00+00:00,10520.1688
2026-02-25 07:00:00+00:00,10520.1688
2026-02-25 07:15:00+00:00,10520.1688
2026-02-25 07:30:00+00:00,10520.1688
2026-02-25 07:45:00+00:00,10520.1688
2026-02-25 08:00:00+00:00,10520.1688
2026-02-25 08:15:00+00:00,10520.1688
2026-02-25 08:30:00+00:00,10520.1688
2026-02-25 08:45:00+00:00,10730.5722
2026-02-25 09:00:00+00:00,10730.5722
2026-02-25 09:15:00+00:00,10730.5722
2026-02-25 09:30:00+00:00,10730.5722
2026-02-25 09:45:00+00:00,10730.5722
2026-02-25 10:00:00+00:00,10730.5722
2026-02-25 10:15:00+00:00,10730.5722
2026-02-25 10:30:00+00:00,10730.5722
2026-02-25 10:45:00+00:00,10730.5722
2026-02-25 11:00:00+00:00,10623.2665
2026-02-25 11:15:00+00:00,10623.2665
2026-02-25 11:30:00+00:00,10623.2665
2026-02-25 11:45:00+00:00,10623.2665
2026-02-25 12:00:00+00:00,10623.2665
2026-02-25 12:15:00+00:00,10835.7318
2026-02-25 12:30:00+00:00,10835.7318
2026-02-25 12:45:00+00:00,10835.7318
2026-02-25 13:00:00+00:00,10835.7318
2026-02-25 13:15:00+00:00,10835.7318
2026-02-25 13:30:00+00:00,10835.7318
2026-02-25 13:45:00+00:00,10835.7318
2026-02-25 14:00:00+00:00,10835.7318
2026-02-25 14:15:00+00:00,10835.7318
2026-02-25 14:30:00+00:00,10835.7318
2026-02-25 14:45:00+00:00,10835.7318
2026-02-25 15:00:00+00:00,10835.7318
2026-02-25 15:15:00+00:00,10835.7318
2026-02-25 15:30:00+00:00,10835.7318
2026-02-25 15:45:00+00:00,10835.7318
2026-02-25 16:00:00+00:00,10835.7318
2026-02-25 16:15:00+00:00,10835.7318
2026-02-25 16:30:00+00:00,10835.7318
2026-02-25 16:45:00+00:00,10835.7318
2026-02-25 17:00:00+00:00,10835.7318
2026-02-25 17:15:00+00:00,10835.7318
2026-02-25 17:30:00+00:00,10835.7318
2026-02-25 17:45:00+00:00,10835.7318
2026-02-25 18:00:00+00:00,10835.7318
2026-02-25 18:15:00+00:00,10835.7318
2026-02-25 18:30:00+00:00,10835.7318
2026-02-25 18:45:00+00:00,10835.7318
2026-02-25 19:00:00+00:00,10835.7318
2026-02-25 19:15:00+00:00,10835.7318
2026-02-25 19:30:00+00:00,10835.7318
2026-02-25 19:45:00+00:00,10835.7318
2026-02-25 20:00:00+00:00,10835.7318
2026-02-25 20:15:00+00:00,10835.7318
2026-02-25 20:30:00+00:00,10835.7318
2026-02-25 20:45:00+00:00,10835.7318
2026-02-25 21:00:00+00:00,10835.7318
2026-02-25 21:15:00+00:00,10835.7318
2026-02-25 21:30:00+00:00,10835.7318
2026-02-25 21:45:00+00:00,10835.7318
2026-02-25 22:00:00+00:00,10835.7318
2026-02-25 22:15:00+00:00,10835.7318
2026-02-25 22:30:00+00:00,10835.7318
2026-02-25 22:45:00+00:00,10835.7318
2026-02-25 23:00:00+00:00,10835.7318
2026-02-25 23:15:00+00:00,10835.7318
2026-02-25 23:30:00+00:00,10835.7318
2026-02-25 23:45:00+00:00,10835.7318
2026-02-26 00:00:00+00:00,10835.7318
2026-02-26 00:15:00+00:00,10835.7318
2026-02-26 00:30:00+00:00,10835.7318
2026-02-26 00:45:00+00:00,10835.7318
2026-02-26 01:00:00+00:00,10835.7318
2026-02-26 01:15:00+00:00,10835.7318
2026-02-26 01:30:00+00:00,10835.7318
2026-02-26 01:45:00+00:00,10835.7318
2026-02-26 02:00:00+00:00,10835.7318
2026-02-26 02:15:00+00:00,10835.7318
2026-02-26 02:30:00+00:00,11052.4464
2026-02-26 02:45:00+00:00,11052.4464
2026-02-26 03:00:00+00:00,11052.4464
2026-02-26 03:15:00+00:00,11052.4464
2026-02-26 03:30:00+00:00,11052.4464
2026-02-26 03:45:00+00:00,11052.4464
2026-02-26 04:00:00+00:00,11052.4464
2026-02-26 04:15:00+00:00,11052.4464
2026-02-26 04:30:00+00:00,11052.4464
2026-02-26 04:45:00+00:00,11052.4464
2026-02-26 05:00:00+00:00,11052.4464
2026-02-26 05:15:00+00:00,11052.4464
2026-02-26 05:30:00+00:00,11052.4464
2026-02-26 05:45:00+00:00,11052.4464
2026-02-26 06:00:00+00:00,11052.4464
2026-02-26 06:15:00+00:00,11052.4464
2026-02-26 06:30:00+00:00,10941.922
2026-02-26 06:45:00+00:00,10941.922
2026-02-26 07:00:00+00:00,10941.922
2026-02-26 07:15:00+00:00,10941.922
2026-02-26 07:30:00+00:00,10832.5027
2026-02-26 07:45:00+00:00,10832.5027
2026-02-26 08:00:00+00:00,10832.5027
2026-02-26 08:15:00+00:00,10832.5027
2026-02-26 08:30:00+00:00,10832.5027
2026-02-26 08:45:00+00:00,10832.5027
2026-02-26 09:00:00+00:00,10832.5027
2026-02-26 09:15:00+00:00,10832.5027
2026-02-26 09:30:00+00:00,10832.5027
2026-02-26 09:45:00+00:00,11049.1528
2026-02-26 10:00:00+00:00,11049.1528
2026-02-26 10:15:00+00:00,11049.1528
2026-02-26 10:30:00+00:00,11049.1528
2026-02-26 10:45:00+00:00,10938.6613
2026-02-26 11:00:00+00:00,10938.6613
2026-02-26 11:15:00+00:00,10829.2747
2026-02-26 11:30:00+00:00,10829.2747
2026-02-26 11:45:00+00:00,10829.2747
2026-02-26 12:00:00+00:00,10829.2747
2026-02-26 12:15:00+00:00,10829.2747
2026-02-26 12:30:00+00:00,10829.2747
2026-02-26 12:45:00+00:00,10720.9819
2026-02-26 13:00:00+00:00,10720.9819
2026-02-26 13:15:00+00:00,10720.9819
2026-02-26 13:30:00+00:00,10720.9819
2026-02-26 13:45:00+00:00,10613.7721
2026-02-26 14:00:00+00:00,10613.7721
2026-02-26 14:15:00+00:00,10613.7721
2026-02-26 14:30:00+00:00,10613.7721
2026-02-26 14:45:00+00:00,10507.6344
2026-02-26 15:00:00+00:00,10507.6344
2026-02-26 15:15:00+00:00,10507.6344
2026-02-26 15:30:00+00:00,10507.6344
2026-02-26 15:45:00+00:00,10507.6344
2026-02-26 16:00:00+00:00,10507.6344
2026-02-26 16:15:00+00:00,10507.6344
2026-02-26 16:30:00+00:00,10507.6344
2026-02-26 16:45:00+00:00,10402.558
2026-02-26 17:00:00+00:00,10402.558
2026-02-26 17:15:00+00:00,10402.558
2026-02-26 17:30:00+00:00,10402.558
2026-02-26 17:45:00+00:00,10402.558
2026-02-26 18:00:00+00:00,10402.558
2026-02-26 18:15:00+00:00,10402.558
2026-02-26 18:30:00+00:00,10402.558
2026-02-26 18:45:00+00:00,10402.558
2026-02-26 19:00:00+00:00,10402.558
2026-02-26 19:15:00+00:00,10402.558
2026-02-26 19:30:00+00:00,10402.558
2026-02-26 19:45:00+00:00,10298.5324
2026-02-26 20:00:00+00:00,10298.5324
2026-02-26 20:15:00+00:00,10298.5324
2026-02-26 20:30:00+00:00,10298.5324
2026-02-26 20:45:00+00:00,10298.5324
2026-02-26 21:00:00+00:00,10298.5324
2026-02-26 21:15:00+00:00,10298.5324
2026-02-26 21:30:00+00:00,10298.5324
2026-02-26 21:45:00+00:00,10298.5324
2026-02-26 22:00:00+00:00,10298.5324
2026-02-26 22:15:00+00:00,10298.5324
2026-02-26 22:30:00+00:00,10298.5324
2026-02-26 22:45:00+00:00,10298.5324
2026-02-26 23:00:00+00:00,10298.5324
2026-02-26 23:15:00+00:00,10298.5324
2026-02-26 23:30:00+00:00,10298.5324
2026-02-26 23:45:00+00:00,10298.5324
2026-02-27 00:00:00+00:00,10298.5324
2026-02-27 00:15:00+00:00,10298.5324
2026-02-27 00:30:00+00:00,10298.5324
2026-02-27 00:45:00+00:00,10504.5031
2026-02-27 01:00:00+00:00,10504.5031
2026-02-27 01:15:00+00:00,10504.5031
2026-02-27 01:30:00+00:00,10399.4581
2026-02-27 01:45:00+00:00,10399.4581
2026-02-27 02:00:00+00:00,10399.4581
2026-02-27 02:15:00+00:00,10295.4635
2026-02-27 02:30:00+00:00,10295.4635
2026-02-27 02:45:00+00:00,10295.4635
2026-02-27 03:00:00+00:00,10295.4635
2026-02-27 03:15:00+00:00,10295.4635
2026-02-27 03:30:00+00:00,10295.4635
2026-02-27 03:45:00+00:00,10192.5088
2026-02-27 04:00:00+00:00,10192.5088
2026-02-27 04:15:00+00:00,10192.5088
2026-02-27 04:30:00+00:00,10192.5088
2026-02-27 04:45:00+00:00,10090.5838
2026-02-27 05:00:00+00:00,10090.5838
2026-02-27 05:15:00+00:00,10090.5838
2026-02-27 05:30:00+00:00,10090.5838
2026-02-27 05:45:00+00:00,10090.5838
2026-02-27 06:00:00+00:00,10090.5838
2026-02-27 06:15:00+00:00,10292.3954
2026-02-27 06:30:00+00:00,10292.3954
2026-02-27 06:45:00+00:00,10292.3954
2026-02-27 07:00:00+00:00,10189.4715
2026-02-27 07:15:00+00:00,10189.4715
2026-02-27 07:30:00+00:00,10189.4715
2026-02-27 07:45:00+00:00,10393.2609
2026-02-27 08:00:00+00:00,10393.2609
2026-02-27 08:15:00+00:00,10393.2609
2026-02-27 08:30:00+00:00,10393.2609
2026-02-27 08:45:00+00:00,10393.2609
2026-02-27 09:00:00+00:00,10393.2609
2026-02-27 09:15:00+00:00,10393.2609
2026-02-27 09:30:00+00:00,10289.3283
2026-02-27 09:45:00+00:00,10289.3283
2026-02-27 10:00:00+00:00,10289.3283
2026-02-27 10:15:00+00:00,10289.3283
2026-02-27 10:30:00+00:00,10289.3283
2026-02-27 10:45:00+00:00,10289.3283
2026-02-27 11:00:00+00:00,10289.3283
2026-02-27 11:15:00+00:00,10289.3283
2026-02-27 11:30:00+00:00,10289.3283
2026-02-27 11:45:00+00:00,10289.3283
2026-02-27 12:00:00+00:00,10289.3283
2026-02-27 12:15:00+00:00,10289.3283
2026-02-27 12:30:00+00:00,10289.3283
2026-02-27 12:45:00+00:00,10289.3283
2026-02-27 13:00:00+00:00,10289.3283
2026-02-27 13:15:00+00:00,10289.3283
2026-02-27 13:30:00+00:00,10289.3283
2026-02-27 13:45:00+00:00,10289.3283
2026-02-27 14:00:00+00:00,10289.3283
2026-02-27 14:15:00+00:00,10289.3283
2026-02-27 14:30:00+00:00,10289.3283
2026-02-27 14:45:00+00:00,10289.3283
2026-02-27 15:00:00+00:00,10289.3283
2026-02-27 15:15:00+00:00,10289.3283
2026-02-27 15:30:00+00:00,10289.3283
2026-02-27 15:45:00+00:00,10289.3283
2026-02-27 16:00:00+00:00,10289.3283
2026-02-27 16:15:00+00:00,10289.3283
2026-02-27 16:30:00+00:00,10289.3283
2026-02-27 16:45:00+00:00,10289.3283
2026-02-27 17:00:00+00:00,10289.3283
2026-02-27 17:15:00+00:00,10289.3283
2026-02-27 17:30:00+00:00,10289.3283
2026-02-27 17:45:00+00:00,10289.3283
2026-02-27 18:00:00+00:00,10289.3283
2026-02-27 18:15:00+00:00,10289.3283
2026-02-27 18:30:00+00:00,10289.3283
2026-02-27 18:45:00+00:00,10289.3283
2026-02-27 19:00:00+00:00,10289.3283
2026-02-27 19:15:00+00:00,10289.3283
2026-02-27 19:30:00+00:00,10289.3283
2026-02-27 19:45:00+00:00,10289.3283
2026-02-27 20:00:00+00:00,10289.3283
2026-02-27 20:15:00+00:00,10289.3283
2026-02-27 20:30:00+00:00,10289.3283
2026-02-27 20:45:00+00:00,10289.3283
2026-02-27 21:00:00+00:00,10289.3283
2026-02-27 21:15:00+00:00,10289.3283
2026-02-27 21:30:00+00:00,10289.3283
2026-02-27 21:45:00+00:00,10289.3283
2026-02-27 22:00:00+00:00,10289.3283
2026-02-27 22:15:00+00:00,10289.3283
2026-02-27 22:30:00+00:00,10289.3283
2026-02-27 22:45:00+00:00,10289.3283
2026-02-27 23:00:00+00:00,10289.3283
2026-02-27 23:15:00+00:00,10289.3283
2026-02-27 23:30:00+00:00,10289.3283
2026-02-27 23:45:00+00:00,10289.3283
2026-02-28 00:00:00+00:00,10186.435
2026-02-28 00:15:00+00:00,10186.435
2026-02-28 00:30:00+00:00,10186.435
2026-02-28 00:45:00+00:00,10186.435
2026-02-28 01:00:00+00:00,10186.435
2026-02-28 01:15:00+00:00,10186.435
2026-02-28 01:30:00+00:00,10186.435
2026-02-28 01:45:00+00:00,10186.435
2026-02-28 02:00:00+00:00,10186.435
2026-02-28 02:15:00+00:00,10186.435
2026-02-28 02:30:00+00:00,10186.435
2026-02-28 02:45:00+00:00,10084.5707
2026-02-28 03:00:00+00:00,10084.5707
2026-02-28 03:15:00+00:00,9983.725
2026-02-28 03:30:00+00:00,9983.725
2026-02-28 03:45:00+00:00,9983.725
2026-02-28 04:00:00+00:00,9983.725
2026-02-28 04:15:00+00:00,9983.725
2026-02-28 04:30:00+00:00,9983.725
2026-02-28 04:45:00+00:00,9983.725
2026-02-28 05:00:00+00:00,9983.725
2026-02-28 05:15:00+00:00,9983.725
2026-02-28 05:30:00+00:00,9983.725
2026-02-28 05:45:00+00:00,9983.725
2026-02-28 06:00:00+00:00,9983.725
2026-02-28 06:15:00+00:00,10183.3995
2026-02-28 06:30:00+00:00,10183.3995
2026-02-28 06:45:00+00:00,10183.3995
2026-02-28 07:00:00+00:00,10183.3995
2026-02-28 07:15:00+00:00,10183.3995
2026-02-28 07:30:00+00:00,10183.3995
2026-02-28 07:45:00+00:00,10183.3995
2026-02-28 08:00:00+00:00,10183.3995
2026-02-28 08:15:00+00:00,10183.3995
2026-02-28 08:30:00+00:00,10183.3995
2026-02-28 08:45:00+00:00,10183.3995
2026-02-28 09:00:00+00:00,10183.3995
2026-02-28 09:15:00+00:00,10183.3995
2026-02-28 09:30:00+00:00,10183.3995
2026-02-28 09:45:00+00:00,10183.3995
2026-02-28 10:00:00+00:00,10183.3995
2026-02-28 10:15:00+00:00,10183.3995
2026-02-28 10:30:00+00:00,10183.3995
2026-02-28 10:45:00+00:00,10183.3995
2026-02-28 11:00:00+00:00,10183.3995
2026-02-28 11:15:00+00:00,10183.3995
2026-02-28 11:30:00+00:00,10183.3995
2026-02-28 11:45:00+00:00,10183.3995
2026-02-28 12:00:00+00:00,10183.3995
2026-02-28 12:15:00+00:00,10183.3995
2026-02-28 12:30:00+00:00,10183.3995
2026-02-28 12:45:00+00:00,10183.3995
2026-02-28 13:00:00+00:00,10183.3995
2026-02-28 13:15:00+00:00,10183.3995
2026-02-28 13:30:00+00:00,10183.3995
2026-02-28 13:45:00+00:00,10183.3995
2026-02-28 14:00:00+00:00,10183.3995
2026-02-28 14:15:00+00:00,10183.3995
2026-02-28 14:30:00+00:00,10183.3995
2026-02-28 14:45:00+00:00,10183.3995
2026-02-28 15:00:00+00:00,10183.3995
2026-02-28 15:15:00+00:00,10183.3995
2026-02-28 15:30:00+00:00,10183.3995
2026-02-28 15:45:00+00:00,10183.3995
2026-02-28 16:00:00+00:00,10183.3995
2026-02-28 16:15:00+00:00,10183.3995
2026-02-28 16:30:00+00:00,10183.3995
2026-02-28 16:45:00+00:00,10183.3995
2026-02-28 17:00:00+00:00,10183.3995
2026-02-28 17:15:00+00:00,10183.3995
2026-02-28 17:30:00+00:00,10183.3995
2026-02-28 17:45:00+00:00,10081.5655
2026-02-28 18:00:00+00:00,10081.5655
2026-02-28 18:15:00+00:00,10081.5655
2026-02-28 18:30:00+00:00,10081.5655
2026-02-28 18:45:00+00:00,10081.5655
2026-02-28 19:00:00+00:00,10081.5655
2026-02-28 19:15:00+00:00,10081.5655
2026-02-28 19:30:00+00:00,10081.5655
2026-02-28 19:45:00+00:00,10081.5655
2026-02-28 20:00:00+00:00,10081.5655
2026-02-28 20:15:00+00:00,10081.5655
2026-02-28 20:30:00+00:00,10081.5655
2026-02-28 20:45:00+00:00,10081.5655
2026-02-28 21:00:00+00:00,10081.5655
2026-02-28 21:15:00+00:00,10081.5655
2026-02-28 21:30:00+00:00,10081.5655
2026-02-28 21:45:00+00:00,10081.5655
2026-02-28 22:00:00+00:00,10081.5655
2026-02-28 22:15:00+00:00,10081.5655
2026-02-28 22:30:00+00:00,10081.5655
2026-02-28 22:45:00+00:00,10081.5655
2026-02-28 23:00:00+00:00,10081.5655
2026-02-28 23:15:00+00:00,10081.5655
2026-02-28 23:30:00+00:00,10081.5655
2026-02-28 23:45:00+00:00,10081.5655
2026-03-01 00:00:00+00:00,10081.5655
2026-03-01 00:15:00+00:00,10081.5655
2026-03-01 00:30:00+00:00,10081.5655
2026-03-01 00:45:00+00:00,10081.5655
2026-03-01 01:00:00+00:00,10081.5655
2026-03-01 01:15:00+00:00,10081.5655
2026-03-01 01:30:00+00:00,10081.5655
2026-03-01 01:45:00+00:00,10283.1968
2026-03-01 02:00:00+00:00,10283.1968
2026-03-01 02:15:00+00:00,10283.1968
2026-03-01 02:30:00+00:00,10283.1968
2026-03-01 02:45:00+00:00,10283.1968
2026-03-01 03:00:00+00:00,10283.1968
2026-03-01 03:15:00+00:00,10283.1968
2026-03-01 03:30:00+00:00,10283.1968
2026-03-01 03:45:00+00:00,10283.1968
2026-03-01 04:00:00+00:00,10283.1968
2026-03-01 04:15:00+00:00,10283.1968
2026-03-01 04:30:00+00:00,10283.1968
2026-03-01 04:45:00+00:00,10283.1968
2026-03-01 05:00:00+00:00,10283.1968
2026-03-01 05:15:00+00:00,10283.1968
2026-03-01 05:30:00+00:00,10283.1968
2026-03-01 05:45:00+00:00,10283.1968
2026-03-01 06:00:00+00:00,10283.1968
2026-03-01 06:15:00+00:00,10283.1968
2026-03-01 06:30:00+00:00,10283.1968
2026-03-01 06:45:00+00:00,10283.1968
2026-03-01 07:00:00+00:00,10283.1968
2026-03-01 07:15:00+00:00,10283.1968
2026-03-01 07:30:00+00:00,10283.1968
2026-03-01 07:45:00+00:00,10283.1968
2026-03-01 08:00:00+00:00,10283.1968
2026-03-01 08:15:00+00:00,10283.1968
2026-03-01 08:30:00+00:00,10283.1968
2026-03-01 08:45:00+00:00,10180.3648
2026-03-01 09:00:00+00:00,10180.3648
2026-03-01 09:15:00+00:00,10180.3648
2026-03-01 09:30:00+00:00,10078.5612
2026-03-01 09:45:00+00:00,10078.5612
2026-03-01 10:00:00+00:00,9977.7755
2026-03-01 10:15:00+00:00,9977.7755
2026-03-01 10:30:00+00:00,9877.9978
2026-03-01 10:45:00+00:00,9877.9978
2026-03-01 11:00:00+00:00,9877.9978
2026-03-01 11:15:00+00:00,10075.5577
2026-03-01 11:30:00+00:00,10075.5577
2026-03-01 11:45:00+00:00,10075.5577
2026-03-01 12:00:00+00:00,10075.5577
2026-03-01 12:15:00+00:00,10075.5577
2026-03-01 12:30:00+00:00,9974.8022
2026-03-01 12:45:00+00:00,9974.8022
2026-03-01 13:00:00+00:00,9974.8022
2026-03-01 13:15:00+00:00,9974.8022
2026-03-01 13:30:00+00:00,9974.8022
2026-03-01 13:45:00+00:00,9974.8022
2026-03-01 14:00:00+00:00,9974.8022
2026-03-01 14:15:00+00:00,9974.8022
2026-03-01 14:30:00+00:00,9974.8022
2026-03-01 14:45:00+00:00,9974.8022
2026-03-01 15:00:00+00:00,9875.0541
2026-03-01 15:15:00+00:00,9875.0541
2026-03-01 15:30:00+00:00,9875.0541
2026-03-01 15:45:00+00:00,9776.3036
2026-03-01 16:00:00+00:00,9776.3036
2026-03-01 16:15:00+00:00,9776.3036
2026-03-01 16:30:00+00:00,9776.3036
2026-03-01 16:45:00+00:00,9678.5406
2026-03-01 17:00:00+00:00,9678.5406
2026-03-01 17:15:00+00:00,9678.5406
2026-03-01 17:30:00+00:00,9678.5406
2026-03-01 17:45:00+00:00,9678.5406
2026-03-01 18:00:00+00:00,9678.5406
2026-03-01 18:15:00+00:00,9678.5406
2026-03-01 18:30:00+00:00,9678.5406
2026-03-01 18:45:00+00:00,9678.5406
2026-03-01 19:00:00+00:00,9872.1114
2026-03-01 19:15:00+00:00,9872.1114
2026-03-01 19:30:00+00:00,10069.5536
2026-03-01 19:45:00+00:00,10069.5536
2026-03-01 20:00:00+00:00,10069.5536
2026-03-01 20:15:00+00:00,10069.5536
2026-03-01 20:30:00+00:00,10069.5536
2026-03-01 20:45:00+00:00,10069.5536
2026-03-01 21:00:00+00:00,10069.5536
2026-03-01 21:15:00+00:00,10069.5536
2026-03-01 21:30:00+00:00,10069.5536
2026-03-01 21:45:00+00:00,10069.5536
2026-03-01 22:00:00+00:00,9968.8581
2026-03-01 22:15:00+00:00,9968.8581
2026-03-01 22:30:00+00:00,10168.2352
2026-03-01 22:45:00+00:00,10168.2352
2026-03-01 23:00:00+00:00,10168.2352
2026-03-01 23:15:00+00:00,10168.2352
2026-03-01 23:30:00+00:00,10168.2352
2026-03-01 23:45:00+00:00,10168.2352
2026-03-02 00:00:00+00:00,10066.5529
2026-03-02 00:15:00+00:00,10066.5529
2026-03-02 00:30:00+00:00,9965.8873
2026-03-02 00:45:00+00:00,9965.8873
2026-03-02 01:00:00+00:00,9866.2285
2026-03-02 01:15:00+00:00,9866.2285
2026-03-02 01:30:00+00:00,9866.2285
2026-03-02 01:45:00+00:00,9866.2285
2026-03-02 02:00:00+00:00,9866.2285
2026-03-02 02:15:00+00:00,9866.2285
2026-03-02 02:30:00+00:00,9866.2285
2026-03-02 02:45:00+00:00,9866.2285
2026-03-02 03:00:00+00:00,9866.2285
2026-03-02 03:15:00+00:00,9866.2285
2026-03-02 03:30:00+00:00,9767.5662
2026-03-02 03:45:00+00:00,9767.5662
2026-03-02 04:00:00+00:00,9767.5662
2026-03-02 04:15:00+00:00,9767.5662
2026-03-02 04:30:00+00:00,9767.5662
2026-03-02 04:45:00+00:00,9767.5662
2026-03-02 05:00:00+00:00,9767.5662
2026-03-02 05:15:00+00:00,9767.5662
2026-03-02 05:30:00+00:00,9767.5662
2026-03-02 05:45:00+00:00,9767.5662
2026-03-02 06:00:00+00:00,9767.5662
2026-03-02 06:15:00+00:00,9962.9175
2026-03-02 06:30:00+00:00,9962.9175
2026-03-02 06:45:00+00:00,9962.9175
2026-03-02 07:00:00+00:00,9962.9175
2026-03-02 07:15:00+00:00,9962.9175
2026-03-02 07:30:00+00:00,9962.9175
2026-03-02 07:45:00+00:00,9962.9175
2026-03-02 08:00:00+00:00,9962.9175
2026-03-02 08:15:00+00:00,9962.9175
2026-03-02 08:30:00+00:00,9962.9175
2026-03-02 08:45:00+00:00,9962.9175
2026-03-02 09:00:00+00:00,10162.1759
2026-03-02 09:15:00+00:00,10162.1759
2026-03-02 09:30:00+00:00,10060.5541
2026-03-02 09:45:00+00:00,10060.5541
2026-03-02 10:00:00+00:00,10060.5541
2026-03-02 10:15:00+00:00,10060.5541
2026-03-02 10:30:00+00:00,9959.9486
2026-03-02 10:45:00+00:00,9959.9486
2026-03-02 11:00:00+00:00,9959.9486
2026-03-02 11:15:00+00:00,9959.9486
2026-03-02 11:30:00+00:00,9860.3491
2026-03-02 11:45:00+00:00,9860.3491
2026-03-02 12:00:00+00:00,9860.3491
2026-03-02 12:15:00+00:00,10057.5561
2026-03-02 12:30:00+00:00,10057.5561
2026-03-02 12:45:00+00:00,10057.5561
2026-03-02 13:00:00+00:00,10057.5561
2026-03-02 13:15:00+00:00,9956.9805
2026-03-02 13:30:00+00:00,9956.9805
2026-03-02 13:45:00+00:00,9956.9805
2026-03-02 14:00:00+00:00,9956.9805
2026-03-02 14:15:00+00:00,9956.9805
2026-03-02 14:30:00+00:00,9956.9805
2026-03-02 14:45:00+00:00,9956.9805
2026-03-02 15:00:00+00:00,9956.9805
2026-03-02 15:15:00+00:00,9956.9805
2026-03-02 15:30:00+00:00,9956.9805
2026-03-02 15:45:00+00:00,9956.9805
2026-03-02 16:00:00+00:00,9956.9805
2026-03-02 16:15:00+00:00,9956.9805
2026-03-02 16:30:00+00:00,9956.9805
2026-03-02 16:45:00+00:00,9956.9805
2026-03-02 17:00:00+00:00,9956.9805
2026-03-02 17:15:00+00:00,9956.9805
2026-03-02 17:30:00+00:00,9956.9805
2026-03-02 17:45:00+00:00,9956.9805
2026-03-02 18:00:00+00:00,9956.9805
2026-03-02 18:15:00+00:00,9956.9805
2026-03-02 18:30:00+00:00,9956.9805
2026-03-02 18:45:00+00:00,9956.9805
2026-03-02 19:00:00+00:00,9956.9805
2026-03-02 19:15:00+00:00,9956.9805
2026-03-02 19:30:00+00:00,9956.9805
2026-03-02 19:45:00+00:00,9956.9805
2026-03-02 20:00:00+00:00,9956.9805
2026-03-02 20:15:00+00:00,9956.9805
2026-03-02 20:30:00+00:00,9956.9805
2026-03-02 20:45:00+00:00,9956.9805
2026-03-02 21:00:00+00:00,9956.9805
2026-03-02 21:15:00+00:00,9956.9805
2026-03-02 21:30:00+00:00,9956.9805
2026-03-02 21:45:00+00:00,9956.9805
2026-03-02 22:00:00+00:00,9956.9805
2026-03-02 22:15:00+00:00,9956.9805
2026-03-02 22:30:00+00:00,9956.9805
2026-03-02 22:45:00+00:00,9956.9805
2026-03-02 23:00:00+00:00,9956.9805
2026-03-02 23:15:00+00:00,9956.9805
2026-03-02 23:30:00+00:00,9956.9805
2026-03-02 23:45:00+00:00,9956.9805
2026-03-03 00:00:00+00:00,9956.9805
2026-03-03 00:15:00+00:00,9956.9805
2026-03-03 00:30:00+00:00,9956.9805
2026-03-03 00:45:00+00:00,9956.9805
2026-03-03 01:00:00+00:00,9956.9805
2026-03-03 01:15:00+00:00,9956.9805
2026-03-03 01:30:00+00:00,9956.9805
2026-03-03 01:45:00+00:00,9956.9805
2026-03-03 02:00:00+00:00,9956.9805
2026-03-03 02:15:00+00:00,9956.9805
2026-03-03 02:30:00+00:00,9956.9805
2026-03-03 02:45:00+00:00,9956.9805
2026-03-03 03:00:00+00:00,9857.4107
2026-03-03 03:15:00+00:00,9857.4107
2026-03-03 03:30:00+00:00,9857.4107
2026-03-03 03:45:00+00:00,9857.4107
2026-03-03 04:00:00+00:00,9857.4107
2026-03-03 04:15:00+00:00,9857.4107
2026-03-03 04:30:00+00:00,9857.4107
2026-03-03 04:45:00+00:00,9857.4107
2026-03-03 05:00:00+00:00,9857.4107
2026-03-03 05:15:00+00:00,9857.4107
2026-03-03 05:30:00+00:00,9857.4107
2026-03-03 05:45:00+00:00,9758.8366
2026-03-03 06:00:00+00:00,9758.8366
2026-03-03 06:15:00+00:00,9758.8366
2026-03-03 06:30:00+00:00,9758.8366
2026-03-03 06:45:00+00:00,9661.2482
2026-03-03 07:00:00+00:00,9661.2482
2026-03-03 07:15:00+00:00,9661.2482
2026-03-03 07:30:00+00:00,9661.2482
2026-03-03 07:45:00+00:00,9661.2482
2026-03-03 08:00:00+00:00,9661.2482
2026-03-03 08:15:00+00:00,9564.6357
2026-03-03 08:30:00+00:00,9564.6357
2026-03-03 08:45:00+00:00,9564.6357
2026-03-03 09:00:00+00:00,9564.6357
2026-03-03 09:15:00+00:00,9564.6357
2026-03-03 09:30:00+00:00,9564.6357
2026-03-03 09:45:00+00:00,9564.6357
2026-03-03 10:00:00+00:00,9564.6357
2026-03-03 10:15:00+00:00,9564.6357
2026-03-03 10:30:00+00:00,9564.6357
2026-03-03 10:45:00+00:00,9564.6357
2026-03-03 11:00:00+00:00,9564.6357
2026-03-03 11:15:00+00:00,9564.6357
2026-03-03 11:30:00+00:00,9564.6357
2026-03-03 11:45:00+00:00,9564.6357
2026-03-03 12:00:00+00:00,9564.6357
2026-03-03 12:15:00+00:00,9564.6357
2026-03-03 12:30:00+00:00,9564.6357
2026-03-03 12:45:00+00:00,9564.6357
2026-03-03 13:00:00+00:00,9755.9285
2026-03-03 13:15:00+00:00,9755.9285
2026-03-03 13:30:00+00:00,9755.9285
2026-03-03 13:45:00+00:00,9755.9285
2026-03-03 14:00:00+00:00,9755.9285
2026-03-03 14:15:00+00:00,9755.9285
2026-03-03 14:30:00+00:00,9951.047
2026-03-03 14:45:00+00:00,9951.047
2026-03-03 15:00:00+00:00,9951.047
2026-03-03 15:15:00+00:00,9951.047
2026-03-03 15:30:00+00:00,9951.047
2026-03-03 15:45:00+00:00,9951.047
2026-03-03 16:00:00+00:00,9951.047
2026-03-03 16:15:00+00:00,9951.047
2026-03-03 16:30:00+00:00,9951.047
2026-03-03 16:45:00+00:00,9951.047
2026-03-03 17:00:00+00:00,9951.047
2026-03-03 17:15:00+00:00,9951.047
2026-03-03 17:30:00+00:00,9951.047
2026-03-03 17:45:00+00:00,9951.047
2026-03-03 18:00:00+00:00,9951.047
2026-03-03 18:15:00+00:00,9951.047
2026-03-03 18:30:00+00:00,9851.5366
2026-03-03 18:45:00+00:00,9851.5366
2026-03-03 19:00:00+00:00,9851.5366
2026-03-03 19:15:00+00:00,9851.5366
2026-03-03 19:30:00+00:00,9851.5366
2026-03-03 19:45:00+00:00,9851.5366
2026-03-03 20:00:00+00:00,9851.5366
2026-03-03 20:15:00+00:00,9851.5366
2026-03-03 20:30:00+00:00,9851.5366
2026-03-03 20:45:00+00:00,9753.0212
2026-03-03 21:00:00+00:00,9753.0212
2026-03-03 21:15:00+00:00,9753.0212
2026-03-03 21:30:00+00:00,9753.0212
2026-03-03 21:45:00+00:00,9753.0212
2026-03-03 22:00:00+00:00,9948.0816
2026-03-03 22:15:00+00:00,9948.0816
2026-03-03 22:30:00+00:00,9948.0816
2026-03-03 22:45:00+00:00,9948.0816
2026-03-03 23:00:00+00:00,10147.0432
2026-03-03 23:15:00+00:00,10147.0432
2026-03-03 23:30:00+00:00,10147.0432
2026-03-03 23:45:00+00:00,10147.0432
2026-03-04 00:00:00+00:00,10147.0432
2026-03-04 00:15:00+00:00,10147.0432
2026-03-04 00:30:00+00:00,10045.5728
2026-03-04 00:45:00+00:00,10045.5728
2026-03-04 01:00:00+00:00,10045.5728
2026-03-04 01:15:00+00:00,9945.1171
2026-03-04 01:30:00+00:00,9945.1171
2026-03-04 01:45:00+00:00,9945.1171
2026-03-04 02:00:00+00:00,9945.1171
2026-03-04 02:15:00+00:00,9945.1171
2026-03-04 02:30:00+00:00,9945.1171
2026-03-04 02:45:00+00:00,9945.1171
2026-03-04 03:00:00+00:00,9945.1171
2026-03-04 03:15:00+00:00,9845.6659
2026-03-04 03:30:00+00:00,9845.6659
2026-03-04 03:45:00+00:00,9845.6659
2026-03-04 04:00:00+00:00,9845.6659
2026-03-04 04:15:00+00:00,9845.6659
2026-03-04 04:30:00+00:00,9845.6659
2026-03-04 04:45:00+00:00,9845.6659
2026-03-04 05:00:00+00:00,9845.6659
2026-03-04 05:15:00+00:00,9845.6659
2026-03-04 05:30:00+00:00,9845.6659
2026-03-04 05:45:00+00:00,10042.5792
2026-03-04 06:00:00+00:00,10042.5792
2026-03-04 06:15:00+00:00,10042.5792
2026-03-04 06:30:00+00:00,10042.5792
2026-03-04 06:45:00+00:00,10042.5792
2026-03-04 07:00:00+00:00,10042.5792
2026-03-04 07:15:00+00:00,10042.5792
2026-03-04 07:30:00+00:00,10042.5792
2026-03-04 07:45:00+00:00,10042.5792
2026-03-04 08:00:00+00:00,10042.5792
2026-03-04 08:15:00+00:00,10042.5792
2026-03-04 08:30:00+00:00,10243.4308
2026-03-04 08:45:00+00:00,10243.4308
2026-03-04 09:00:00+00:00,10243.4308
2026-03-04 09:15:00+00:00,10243.4308
2026-03-04 09:30:00+00:00,10243.4308
2026-03-04 09:45:00+00:00,10243.4308
2026-03-04 10:00:00+00:00,10243.4308
2026-03-04 10:15:00+00:00,10243.4308
2026-03-04 10:30:00+00:00,10243.4308
2026-03-04 10:45:00+00:00,10243.4308
2026-03-04 11:00:00+00:00,10243.4308
2026-03-04 11:15:00+00:00,10243.4308
2026-03-04 11:30:00+00:00,10243.4308
2026-03-04 11:45:00+00:00,10243.4308
2026-03-04 12:00:00+00:00,10243.4308
2026-03-04 12:15:00+00:00,10243.4308
2026-03-04 12:30:00+00:00,10243.4308
2026-03-04 12:45:00+00:00,10243.4308
2026-03-04 13:00:00+00:00,10243.4308
2026-03-04 13:15:00+00:00,10243.4308
2026-03-04 13:30:00+00:00,10243.4308
2026-03-04 13:45:00+00:00,10243.4308
2026-03-04 14:00:00+00:00,10243.4308
2026-03-04 14:15:00+00:00,10243.4308
2026-03-04 14:30:00+00:00,10243.4308
2026-03-04 14:45:00+00:00,10243.4308
2026-03-04 15:00:00+00:00,10243.4308
2026-03-04 15:15:00+00:00,10243.4308
2026-03-04 15:30:00+00:00,10243.4308
2026-03-04 15:45:00+00:00,10243.4308
2026-03-04 16:00:00+00:00,10243.4308
2026-03-04 16:15:00+00:00,10243.4308
2026-03-04 16:30:00+00:00,10243.4308
2026-03-04 16:45:00+00:00,10243.4308
2026-03-04 17:00:00+00:00,10243.4308
2026-03-04 17:15:00+00:00,10243.4308
2026-03-04 17:30:00+00:00,10243.4308
2026-03-04 17:45:00+00:00,10243.4308
2026-03-04 18:00:00+00:00,10243.4308
2026-03-04 18:15:00+00:00,10243.4308
2026-03-04 18:30:00+00:00,10243.4308
2026-03-04 18:45:00+00:00,10243.4308
2026-03-04 19:00:00+00:00,10243.4308
2026-03-04 19:15:00+00:00,10243.4308
2026-03-04 19:30:00+00:00,10243.4308
2026-03-04 19:45:00+00:00,10243.4308
2026-03-04 20:00:00+00:00,10243.4308
2026-03-04 20:15:00+00:00,10243.4308
2026-03-04 20:30:00+00:00,10243.4308
2026-03-04 20:45:00+00:00,10243.4308
2026-03-04 21:00:00+00:00,10243.4308
2026-03-04 21:15:00+00:00,10243.4308
2026-03-04 21:30:00+00:00,10243.4308
2026-03-04 21:45:00+00:00,10243.4308
2026-03-04 22:00:00+00:00,10243.4308
2026-03-04 22:15:00+00:00,10243.4308
2026-03-04 22:30:00+00:00,10243.4308
2026-03-04 22:45:00+00:00,10243.4308
2026-03-04 23:00:00+00:00,10243.4308
2026-03-04 23:15:00+00:00,10243.4308
2026-03-04 23:30:00+00:00,10243.4308
2026-03-04 23:45:00+00:00,10243.4308
2026-03-05 00:00:00+00:00,10243.4308
2026-03-05 00:15:00+00:00,10243.4308
2026-03-05 00:30:00+00:00,10243.4308
2026-03-05 00:45:00+00:00,10243.4308
2026-03-05 01:00:00+00:00,10243.4308
2026-03-05 01:15:00+00:00,10243.4308
2026-03-05 01:30:00+00:00,10243.4308
2026-03-05 01:45:00+00:00,10243.4308
2026-03-05 02:00:00+00:00,10243.4308
2026-03-05 02:15:00+00:00,10243.4308
2026-03-05 02:30:00+00:00,10243.4308
2026-03-05 02:45:00+00:00,10243.4308
2026-03-05 03:00:00+00:00,10243.4308
2026-03-05 03:15:00+00:00,10243.4308
2026-03-05 03:30:00+00:00,10140.9965
2026-03-05 03:45:00+00:00,10140.9965
2026-03-05 04:00:00+00:00,10140.9965
2026-03-05 04:15:00+00:00,10343.8164
2026-03-05 04:30:00+00:00,10343.8164
2026-03-05 04:45:00+00:00,10343.8164
2026-03-05 05:00:00+00:00,10343.8164
2026-03-05 05:15:00+00:00,10240.3783
2026-03-05 05:30:00+00:00,10240.3783
2026-03-05 05:45:00+00:00,10240.3783
2026-03-05 06:00:00+00:00,10240.3783
2026-03-05 06:15:00+00:00,10240.3783
2026-03-05 06:30:00+00:00,10240.3783
2026-03-05 06:45:00+00:00,10240.3783
2026-03-05 07:00:00+00:00,10240.3783
2026-03-05 07:15:00+00:00,10240.3783
2026-03-05 07:30:00+00:00,10240.3783
2026-03-05 07:45:00+00:00,10137.9745
2026-03-05 08:00:00+00:00,10137.9745
2026-03-05 08:15:00+00:00,10137.9745
2026-03-05 08:30:00+00:00,10340.734
2026-03-05 08:45:00+00:00,10340.734
2026-03-05 09:00:00+00:00,10340.734
2026-03-05 09:15:00+00:00,10340.734
2026-03-05 09:30:00+00:00,10547.5487
2026-03-05 09:45:00+00:00,10547.5487
2026-03-05 10:00:00+00:00,10547.5487
2026-03-05 10:15:00+00:00,10758.4996
2026-03-05 10:30:00+00:00,10758.4996
2026-03-05 10:45:00+00:00,10758.4996
2026-03-05 11:00:00+00:00,10758.4996
2026-03-05 11:15:00+00:00,10758.4996
2026-03-05 11:30:00+00:00,10758.4996
2026-03-05 11:45:00+00:00,10758.4996
2026-03-05 12:00:00+00:00,10650.9146
2026-03-05 12:15:00+00:00,10650.9146
2026-03-05 12:30:00+00:00,10650.9146
2026-03-05 12:45:00+00:00,10650.9146
2026-03-05 13:00:00+00:00,10544.4055
2026-03-05 13:15:00+00:00,10544.4055
2026-03-05 13:30:00+00:00,10544.4055
2026-03-05 13:45:00+00:00,10544.4055
2026-03-05 14:00:00+00:00,10544.4055
2026-03-05 14:15:00+00:00,10544.4055
2026-03-05 14:30:00+00:00,10438.9614
2026-03-05 14:45:00+00:00,10438.9614
2026-03-05 15:00:00+00:00,10334.5718
2026-03-05 15:15:00+00:00,10334.5718
2026-03-05 15:30:00+00:00,10334.5718
2026-03-05 15:45:00+00:00,10334.5718
2026-03-05 16:00:00+00:00,10334.5718
2026-03-05 16:15:00+00:00,10334.5718
2026-03-05 16:30:00+00:00,10334.5718
2026-03-05 16:45:00+00:00,10334.5718
2026-03-05 17:00:00+00:00,10334.5718
2026-03-05 17:15:00+00:00,10334.5718
2026-03-05 17:30:00+00:00,10334.5718
2026-03-05 17:45:00+00:00,10334.5718
2026-03-05 18:00:00+00:00,10334.5718
2026-03-05 18:15:00+00:00,10334.5718
2026-03-05 18:30:00+00:00,10334.5718
2026-03-05 18:45:00+00:00,10334.5718
2026-03-05 19:00:00+00:00,10334.5718
2026-03-05 19:15:00+00:00,10334.5718
2026-03-05 19:30:00+00:00,10334.5718
2026-03-05 19:45:00+00:00,10334.5718
2026-03-05 20:00:00+00:00,10334.5718
2026-03-05 20:15:00+00:00,10334.5718
2026-03-05 20:30:00+00:00,10334.5718
2026-03-05 20:45:00+00:00,10334.5718
2026-03-05 21:00:00+00:00,10334.5718
2026-03-05 21:15:00+00:00,10334.5718
2026-03-05 21:30:00+00:00,10334.5718
2026-03-05 21:45:00+00:00,10334.5718
2026-03-05 22:00:00+00:00,10334.5718
2026-03-05 22:15:00+00:00,10334.5718
2026-03-05 22:30:00+00:00,10334.5718
2026-03-05 22:45:00+00:00,10334.5718
2026-03-05 23:00:00+00:00,10334.5718
2026-03-05 23:15:00+00:00,10334.5718
2026-03-05 23:30:00+00:00,10334.5718
2026-03-05 23:45:00+00:00,10334.5718
2026-03-06 00:00:00+00:00,10334.5718
2026-03-06 00:15:00+00:00,10334.5718
2026-03-06 00:30:00+00:00,10334.5718
2026-03-06 00:45:00+00:00,10334.5718
2026-03-06 01:00:00+00:00,10334.5718
2026-03-06 01:15:00+00:00,10541.2633
2026-03-06 01:30:00+00:00,10541.2633
2026-03-06 01:45:00+00:00,10541.2633
2026-03-06 02:00:00+00:00,10541.2633
2026-03-06 02:15:00+00:00,10541.2633
2026-03-06 02:30:00+00:00,10541.2633
2026-03-06 02:45:00+00:00,10541.2633
2026-03-06 03:00:00+00:00,10541.2633
2026-03-06 03:15:00+00:00,10752.0885
2026-03-06 03:30:00+00:00,10752.0885
2026-03-06 03:45:00+00:00,10752.0885
2026-03-06 04:00:00+00:00,10752.0885
2026-03-06 04:15:00+00:00,10752.0885
2026-03-06 04:30:00+00:00,10967.1303
2026-03-06 04:45:00+00:00,10967.1303
2026-03-06 05:00:00+00:00,10967.1303
2026-03-06 05:15:00+00:00,10967.1303
2026-03-06 05:30:00+00:00,10967.1303
2026-03-06 05:45:00+00:00,10967.1303
2026-03-06 06:00:00+00:00,10967.1303
2026-03-06 06:15:00+00:00,10967.1303
2026-03-06 06:30:00+00:00,10967.1303
2026-03-06 06:45:00+00:00,10967.1303
2026-03-06 07:00:00+00:00,10967.1303
2026-03-06 07:15:00+00:00,10857.459
2026-03-06 07:30:00+00:00,10857.459
2026-03-06 07:45:00+00:00,10857.459
2026-03-06 08:00:00+00:00,10857.459
2026-03-06 08:15:00+00:00,10857.459
2026-03-06 08:30:00+00:00,10857.459
2026-03-06 08:45:00+00:00,11074.6082
2026-03-06 09:00:00+00:00,11074.6082
2026-03-06 09:15:00+00:00,11074.6082
2026-03-06 09:30:00+00:00,11074.6082
2026-03-06 09:45:00+00:00,11074.6082
2026-03-06 10:00:00+00:00,11074.6082
2026-03-06 10:15:00+00:00,11074.6082
2026-03-06 10:30:00+00:00,11074.6082
2026-03-06 10:45:00+00:00,11074.6082
2026-03-06 11:00:00+00:00,11074.6082
2026-03-06 11:15:00+00:00,11074.6082
2026-03-06 11:30:00+00:00,11074.6082
2026-03-06 11:45:00+00:00,11074.6082
2026-03-06 12:00:00+00:00,11296.1003
2026-03-06 12:15:00+00:00,11296.1003
2026-03-06 12:30:00+00:00,11296.1003
2026-03-06 12:45:00+00:00,11296.1003
2026-03-06 13:00:00+00:00,11296.1003
2026-03-06 13:15:00+00:00,11296.1003
2026-03-06 13:30:00+00:00,11296.1003
2026-03-06 13:45:00+00:00,11296.1003
2026-03-06 14:00:00+00:00,11296.1003
2026-03-06 14:15:00+00:00,11296.1003
2026-03-06 14:30:00+00:00,11296.1003
2026-03-06 14:45:00+00:00,11296.1003
2026-03-06 15:00:00+00:00,11296.1003
2026-03-06 15:15:00+00:00,11296.1003
2026-03-06 15:30:00+00:00,11296.1003
2026-03-06 15:45:00+00:00,11296.1003
2026-03-06 16:00:00+00:00,11296.1003
2026-03-06 16:15:00+00:00,11296.1003
2026-03-06 16:30:00+00:00,11296.1003
2026-03-06 16:45:00+00:00,11296.1003
2026-03-06 17:00:00+00:00,11296.1003
2026-03-06 17:15:00+00:00,11296.1003
2026-03-06 17:30:00+00:00,11296.1003
2026-03-06 17:45:00+00:00,11296.1003
2026-03-06 18:00:00+00:00,11296.1003
2026-03-06 18:15:00+00:00,11296.1003
2026-03-06 18:30:00+00:00,11296.1003
2026-03-06 18:45:00+00:00,11296.1003
2026-03-06 19:00:00+00:00,11296.1003
2026-03-06 19:15:00+00:00,11296.1003
2026-03-06 19:30:00+00:00,11296.1003
2026-03-06 19:45:00+00:00,11296.1003
2026-03-06 20:00:00+00:00,11296.1003
2026-03-06 20:15:00+00:00,11296.1003
2026-03-06 20:30:00+00:00,11296.1003
2026-03-06 20:45:00+00:00,11296.1003
2026-03-06 21:00:00+00:00,11296.1003
2026-03-06 21:15:00+00:00,11296.1003
2026-03-06 21:30:00+00:00,11296.1003
2026-03-06 21:45:00+00:00,11296.1003
2026-03-06 22:00:00+00:00,11296.1003
2026-03-06 22:15:00+00:00,11296.1003
2026-03-06 22:30:00+00:00,11296.1003
2026-03-06 22:45:00+00:00,11296.1003
2026-03-06 23:00:00+00:00,11296.1003
2026-03-06 23:15:00+00:00,11296.1003
2026-03-06 23:30:00+00:00,11296.1003
2026-03-06 23:45:00+00:00,11296.1003
2026-03-07 00:00:00+00:00,11296.1003
2026-03-07 00:15:00+00:00,11296.1003
2026-03-07 00:30:00+00:00,11296.1003
2026-03-07 00:45:00+00:00,11296.1003
2026-03-07 01:00:00+00:00,11296.1003
2026-03-07 01:15:00+00:00,11296.1003
2026-03-07 01:30:00+00:00,11296.1003
2026-03-07 01:45:00+00:00,11296.1003
2026-03-07 02:00:00+00:00,11296.1003
2026-03-07 02:15:00+00:00,11296.1003
2026-03-07 02:30:00+00:00,11296.1003
2026-03-07 02:45:00+00:00,11296.1003
2026-03-07 03:00:00+00:00,11296.1003
2026-03-07 03:15:00+00:00,11296.1003
2026-03-07 03:30:00+00:00,11296.1003
2026-03-07 03:45:00+00:00,11296.1003
2026-03-07 04:00:00+00:00,11296.1003
2026-03-07 04:15:00+00:00,11296.1003
2026-03-07 04:30:00+00:00,11296.1003
2026-03-07 04:45:00+00:00,11296.1003
2026-03-07 05:00:00+00:00,11296.1003
2026-03-07 05:15:00+00:00,11296.1003
2026-03-07 05:30:00+00:00,11296.1003
2026-03-07 05:45:00+00:00,11296.1003
2026-03-07 06:00:00+00:00,11296.1003
2026-03-07 06:15:00+00:00,11296.1003
2026-03-07 06:30:00+00:00,11296.1003
2026-03-07 06:45:00+00:00,11296.1003
2026-03-07 07:00:00+00:00,11296.1003
2026-03-07 07:15:00+00:00,11296.1003
2026-03-07 07:30:00+00:00,11296.1003
2026-03-07 07:45:00+00:00,11296.1003
2026-03-07 08:00:00+00:00,11296.1003
2026-03-07 08:15:00+00:00,11296.1003
2026-03-07 08:30:00+00:00,11296.1003
2026-03-07 08:45:00+00:00,11296.1003
2026-03-07 09:00:00+00:00,11296.1003
2026-03-07 09:15:00+00:00,11183.1393
2026-03-07 09:30:00+00:00,11183.1393
2026-03-07 09:45:00+00:00,11183.1393
2026-03-07 10:00:00+00:00,11183.1393
2026-03-07 10:15:00+00:00,11183.1393
2026-03-07 10:30:00+00:00,11183.1393
2026-03-07 10:45:00+00:00,11183.1393
2026-03-07 11:00:00+00:00,11071.3079
2026-03-07 11:15:00+00:00,11071.3079
2026-03-07 11:30:00+00:00,11071.3079
2026-03-07 11:45:00+00:00,11071.3079
2026-03-07 12:00:00+00:00,11292.7341
2026-03-07 12:15:00+00:00,11292.7341
2026-03-07 12:30:00+00:00,11292.7341
2026-03-07 12:45:00+00:00,11292.7341
2026-03-07 13:00:00+00:00,11179.8068
2026-03-07 13:15:00+00:00,11179.8068
2026-03-07 13:30:00+00:00,11179.8068
2026-03-07 13:45:00+00:00,11179.8068
2026-03-07 14:00:00+00:00,11403.4029
2026-03-07 14:15:00+00:00,11403.4029
2026-03-07 14:30:00+00:00,11403.4029
2026-03-07 14:45:00+00:00,11403.4029
2026-03-07 15:00:00+00:00,11403.4029
2026-03-07 15:15:00+00:00,11631.4709
2026-03-07 15:30:00+00:00,11631.4709
2026-03-07 15:45:00+00:00,11631.4709
2026-03-07 16:00:00+00:00,11631.4709
2026-03-07 16:15:00+00:00,11631.4709
2026-03-07 16:30:00+00:00,11631.4709
2026-03-07 16:45:00+00:00,11631.4709
2026-03-07 17:00:00+00:00,11631.4709
2026-03-07 17:15:00+00:00,11631.4709
2026-03-07 17:30:00+00:00,11631.4709
2026-03-07 17:45:00+00:00,11631.4709
2026-03-07 18:00:00+00:00,11631.4709
2026-03-07 18:15:00+00:00,11631.4709
2026-03-07 18:30:00+00:00,11631.4709
2026-03-07 18:45:00+00:00,11631.4709
2026-03-07 19:00:00+00:00,11631.4709
2026-03-07 19:15:00+00:00,11864.1004
2026-03-07 19:30:00+00:00,11864.1004
2026-03-07 19:45:00+00:00,11864.1004
2026-03-07 20:00:00+00:00,11864.1004
2026-03-07 20:15:00+00:00,11864.1004
2026-03-07 20:30:00+00:00,11864.1004
2026-03-07 20:45:00+00:00,11864.1004
2026-03-07 21:00:00+00:00,11864.1004
2026-03-07 21:15:00+00:00,11864.1004
2026-03-07 21:30:00+00:00,11864.1004
2026-03-07 21:45:00+00:00,11864.1004
2026-03-07 22:00:00+00:00,11864.1004
2026-03-07 22:15:00+00:00,11864.1004
2026-03-07 22:30:00+00:00,12101.3824
2026-03-07 22:45:00+00:00,12101.3824
2026-03-07 23:00:00+00:00,12101.3824
2026-03-07 23:15:00+00:00,12101.3824
2026-03-07 23:30:00+00:00,12101.3824
2026-03-07 23:45:00+00:00,12101.3824
2026-03-08 00:00:00+00:00,11980.3686
2026-03-08 00:15:00+00:00,11980.3686
2026-03-08 00:30:00+00:00,11980.3686
2026-03-08 00:45:00+00:00,11980.3686
2026-03-08 01:00:00+00:00,11980.3686
2026-03-08 01:15:00+00:00,11980.3686
2026-03-08 01:30:00+00:00,11980.3686
2026-03-08 01:45:00+00:00,11980.3686
2026-03-08 02:00:00+00:00,11980.3686
2026-03-08 02:15:00+00:00,11980.3686
2026-03-08 02:30:00+00:00,11980.3686
2026-03-08 02:45:00+00:00,12219.9759
2026-03-08 03:00:00+00:00,12219.9759
2026-03-08 03:15:00+00:00,12219.9759
2026-03-08 03:30:00+00:00,12219.9759
2026-03-08 03:45:00+00:00,12097.7762
2026-03-08 04:00:00+00:00,12097.7762
2026-03-08 04:15:00+00:00,12097.7762
2026-03-08 04:30:00+00:00,12097.7762
2026-03-08 04:45:00+00:00,12339.7317
2026-03-08 05:00:00+00:00,12339.7317
2026-03-08 05:15:00+00:00,12339.7317
2026-03-08 05:30:00+00:00,12339.7317
2026-03-08 05:45:00+00:00,12339.7317
2026-03-08 06:00:00+00:00,12339.7317
2026-03-08 06:15:00+00:00,12339.7317
2026-03-08 06:30:00+00:00,12339.7317
2026-03-08 06:45:00+00:00,12339.7317
2026-03-08 07:00:00+00:00,12216.3344
2026-03-08 07:15:00+00:00,12216.3344
2026-03-08 07:30:00+00:00,12216.3344
2026-03-08 07:45:00+00:00,12216.3344
2026-03-08 08:00:00+00:00,12460.6611
2026-03-08 08:15:00+00:00,12460.6611
2026-03-08 08:30:00+00:00,12460.6611
2026-03-08 08:45:00+00:00,12460.6611
2026-03-08 09:00:00+00:00,12460.6611
2026-03-08 09:15:00+00:00,12460.6611
2026-03-08 09:30:00+00:00,12460.6611
2026-03-08 09:45:00+00:00,12460.6611
2026-03-08 10:00:00+00:00,12336.0544
2026-03-08 10:15:00+00:00,12336.0544
2026-03-08 10:30:00+00:00,12336.0544
2026-03-08 10:45:00+00:00,12336.0544
2026-03-08 11:00:00+00:00,12582.7755
2026-03-08 11:15:00+00:00,12582.7755
2026-03-08 11:30:00+00:00,12456.9478
2026-03-08 11:45:00+00:00,12456.9478
2026-03-08 12:00:00+00:00,12332.3783
2026-03-08 12:15:00+00:00,12332.3783
2026-03-08 12:30:00+00:00,12332.3783
2026-03-08 12:45:00+00:00,12332.3783
2026-03-08 13:00:00+00:00,12332.3783
2026-03-08 13:15:00+00:00,12209.0545
2026-03-08 13:30:00+00:00,12209.0545
2026-03-08 13:45:00+00:00,12209.0545
2026-03-08 14:00:00+00:00,12209.0545
2026-03-08 14:15:00+00:00,12209.0545
2026-03-08 14:30:00+00:00,12209.0545
2026-03-08 14:45:00+00:00,12209.0545
2026-03-08 15:00:00+00:00,12209.0545
2026-03-08 15:15:00+00:00,12209.0545
2026-03-08 15:30:00+00:00,12209.0545
2026-03-08 15:45:00+00:00,12209.0545
2026-03-08 16:00:00+00:00,12209.0545
2026-03-08 16:15:00+00:00,12086.964
2026-03-08 16:30:00+00:00,12086.964
2026-03-08 16:45:00+00:00,12086.964
2026-03-08 17:00:00+00:00,11966.0943
2026-03-08 17:15:00+00:00,11966.0943
2026-03-08 17:30:00+00:00,11966.0943
2026-03-08 17:45:00+00:00,11966.0943
2026-03-08 18:00:00+00:00,11966.0943
2026-03-08 18:15:00+00:00,12205.4162
2026-03-08 18:30:00+00:00,12205.4162
2026-03-08 18:45:00+00:00,12205.4162
2026-03-08 19:00:00+00:00,12083.3621
2026-03-08 19:15:00+00:00,12083.3621
2026-03-08 19:30:00+00:00,12083.3621
2026-03-08 19:45:00+00:00,12083.3621
2026-03-08 20:00:00+00:00,12083.3621
2026-03-08 20:15:00+00:00,12325.0293
2026-03-08 20:30:00+00:00,12325.0293
2026-03-08 20:45:00+00:00,12325.0293
2026-03-08 21:00:00+00:00,12571.5299
2026-03-08 21:15:00+00:00,12571.5299
2026-03-08 21:30:00+00:00,12571.5299
2026-03-08 21:45:00+00:00,12571.5299
2026-03-08 22:00:00+00:00,12822.9605
2026-03-08 22:15:00+00:00,12822.9605
2026-03-08 22:30:00+00:00,12822.9605
2026-03-08 22:45:00+00:00,12822.9605
2026-03-08 23:00:00+00:00,12822.9605
2026-03-08 23:15:00+00:00,12822.9605
2026-03-08 23:30:00+00:00,12822.9605
2026-03-08 23:45:00+00:00,12822.9605
2026-03-09 00:00:00+00:00,12822.9605
2026-03-09 00:15:00+00:00,12822.9605
2026-03-09 00:30:00+00:00,12822.9605
2026-03-09 00:45:00+00:00,12822.9605
2026-03-09 01:00:00+00:00,12822.9605
2026-03-09 01:15:00+00:00,12694.7309
2026-03-09 01:30:00+00:00,12694.7309
2026-03-09 01:45:00+00:00,12694.7309
2026-03-09 02:00:00+00:00,12694.7309
2026-03-09 02:15:00+00:00,12694.7309
2026-03-09 02:30:00+00:00,12694.7309
2026-03-09 02:45:00+00:00,12694.7309
2026-03-09 03:00:00+00:00,12567.7836
2026-03-09 03:15:00+00:00,12567.7836
2026-03-09 03:30:00+00:00,12567.7836
2026-03-09 03:45:00+00:00,12567.7836
2026-03-09 04:00:00+00:00,12567.7836
2026-03-09 04:15:00+00:00,12567.7836
2026-03-09 04:30:00+00:00,12567.7836
2026-03-09 04:45:00+00:00,12567.7836
2026-03-09 05:00:00+00:00,12567.7836
2026-03-09 05:15:00+00:00,12567.7836
2026-03-09 05:30:00+00:00,12442.1057
2026-03-09 05:45:00+00:00,12442.1057
2026-03-09 06:00:00+00:00,12442.1057
2026-03-09 06:15:00+00:00,12442.1057
2026-03-09 06:30:00+00:00,12442.1057
2026-03-09 06:45:00+00:00,12442.1057
2026-03-09 07:00:00+00:00,12442.1057
2026-03-09 07:15:00+00:00,12442.1057
2026-03-09 07:30:00+00:00,12442.1057
2026-03-09 07:45:00+00:00,12442.1057
2026-03-09 08:00:00+00:00,12442.1057
2026-03-09 08:15:00+00:00,12442.1057
2026-03-09 08:30:00+00:00,12442.1057
2026-03-09 08:45:00+00:00,12690.9478
2026-03-09 09:00:00+00:00,12690.9478
2026-03-09 09:15:00+00:00,12690.9478
2026-03-09 09:30:00+00:00,12690.9478
2026-03-09 09:45:00+00:00,12690.9478
2026-03-09 10:00:00+00:00,12690.9478
2026-03-09 10:15:00+00:00,12690.9478
2026-03-09 10:30:00+00:00,12690.9478
2026-03-09 10:45:00+00:00,12690.9478
2026-03-09 11:00:00+00:00,12690.9478
2026-03-09 11:15:00+00:00,12564.0384
2026-03-09 11:30:00+00:00,12564.0384
2026-03-09 11:45:00+00:00,12564.0384
2026-03-09 12:00:00+00:00,12564.0384
2026-03-09 12:15:00+00:00,12815.3191
2026-03-09 12:30:00+00:00,12815.3191
2026-03-09 12:45:00+00:00,12815.3191
2026-03-09 13:00:00+00:00,12815.3191
2026-03-09 13:15:00+00:00,12815.3191
2026-03-09 13:30:00+00:00,12815.3191
2026-03-09 13:45:00+00:00,12815.3191
2026-03-09 14:00:00+00:00,12815.3191
2026-03-09 14:15:00+00:00,12815.3191
2026-03-09 14:30:00+00:00,12815.3191
2026-03-09 14:45:00+00:00,12815.3191
2026-03-09 15:00:00+00:00,12815.3191
2026-03-09 15:15:00+00:00,12815.3191
2026-03-09 15:30:00+00:00,12815.3191
2026-03-09 15:45:00+00:00,12815.3191
2026-03-09 16:00:00+00:00,12815.3191
2026-03-09 16:15:00+00:00,12815.3191
2026-03-09 16:30:00+00:00,12815.3191
2026-03-09 16:45:00+00:00,12815.3191
2026-03-09 17:00:00+00:00,12815.3191
2026-03-09 17:15:00+00:00,12815.3191
2026-03-09 17:30:00+00:00,12815.3191
2026-03-09 17:45:00+00:00,12815.3191
2026-03-09 18:00:00+00:00,12687.1659
2026-03-09 18:15:00+00:00,12687.1659
2026-03-09 18:30:00+00:00,12687.1659
2026-03-09 18:45:00+00:00,12560.2943
2026-03-09 19:00:00+00:00,12560.2943
2026-03-09 19:15:00+00:00,12811.5002
2026-03-09 19:30:00+00:00,12811.5002
2026-03-09 19:45:00+00:00,12811.5002
2026-03-09 20:00:00+00:00,12811.5002
2026-03-09 20:15:00+00:00,12811.5002
2026-03-09 20:30:00+00:00,12811.5002
2026-03-09 20:45:00+00:00,12811.5002
2026-03-09 21:00:00+00:00,12811.5002
2026-03-09 21:15:00+00:00,12811.5002
2026-03-09 21:30:00+00:00,12811.5002
2026-03-09 21:45:00+00:00,12811.5002
2026-03-09 22:00:00+00:00,12811.5002
2026-03-09 22:15:00+00:00,12811.5002
2026-03-09 22:30:00+00:00,12811.5002
2026-03-09 22:45:00+00:00,12811.5002
2026-03-09 23:00:00+00:00,12811.5002
2026-03-09 23:15:00+00:00,12683.3852
2026-03-09 23:30:00+00:00,12683.3852
2026-03-09 23:45:00+00:00,12683.3852
2026-03-10 00:00:00+00:00,12683.3852
2026-03-10 00:15:00+00:00,12683.3852
2026-03-10 00:30:00+00:00,12683.3852
2026-03-10 00:45:00+00:00,12683.3852
2026-03-10 01:00:00+00:00,12683.3852
2026-03-10 01:15:00+00:00,12683.3852
2026-03-10 01:30:00+00:00,12683.3852
2026-03-10 01:45:00+00:00,12683.3852
2026-03-10 02:00:00+00:00,12683.3852
2026-03-10 02:15:00+00:00,12683.3852
2026-03-10 02:30:00+00:00,12937.0529
2026-03-10 02:45:00+00:00,12937.0529
2026-03-10 03:00:00+00:00,12937.0529
2026-03-10 03:15:00+00:00,12937.0529
2026-03-10 03:30:00+00:00,12937.0529
2026-03-10 03:45:00+00:00,12937.0529
2026-03-10 04:00:00+00:00,12937.0529
2026-03-10 04:15:00+00:00,12937.0529
2026-03-10 04:30:00+00:00,12937.0529
2026-03-10 04:45:00+00:00,12937.0529
2026-03-10 05:00:00+00:00,12937.0529
2026-03-10 05:15:00+00:00,12937.0529
2026-03-10 05:30:00+00:00,12937.0529
2026-03-10 05:45:00+00:00,12937.0529
2026-03-10 06:00:00+00:00,12937.0529
2026-03-10 06:15:00+00:00,12937.0529
2026-03-10 06:30:00+00:00,12937.0529
2026-03-10 06:45:00+00:00,12937.0529
2026-03-10 07:00:00+00:00,12937.0529
2026-03-10 07:15:00+00:00,12937.0529
2026-03-10 07:30:00+00:00,12937.0529
2026-03-10 07:45:00+00:00,12937.0529
2026-03-10 08:00:00+00:00,12937.0529
2026-03-10 08:15:00+00:00,12937.0529
2026-03-10 08:30:00+00:00,12937.0529
2026-03-10 08:45:00+00:00,12937.0529
2026-03-10 09:00:00+00:00,12937.0529
2026-03-10 09:15:00+00:00,12937.0529
2026-03-10 09:30:00+00:00,12937.0529
2026-03-10 09:45:00+00:00,12937.0529
2026-03-10 10:00:00+00:00,12937.0529
2026-03-10 10:15:00+00:00,12937.0529
2026-03-10 10:30:00+00:00,12937.0529
2026-03-10 10:45:00+00:00,12937.0529
2026-03-10 11:00:00+00:00,12937.0529
2026-03-10 11:15:00+00:00,12937.0529
2026-03-10 11:30:00+00:00,12937.0529
2026-03-10 11:45:00+00:00,12937.0529
2026-03-10 12:00:00+00:00,12937.0529
2026-03-10 12:15:00+00:00,12937.0529
2026-03-10 12:30:00+00:00,12937.0529
2026-03-10 12:45:00+00:00,12937.0529
2026-03-10 13:00:00+00:00,12937.0529
2026-03-10 13:15:00+00:00,12937.0529
2026-03-10 13:30:00+00:00,12937.0529
2026-03-10 13:45:00+00:00,12937.0529
2026-03-10 14:00:00+00:00,12807.6823
2026-03-10 14:15:00+00:00,12807.6823
2026-03-10 14:30:00+00:00,12807.6823
2026-03-10 14:45:00+00:00,13063.836
2026-03-10 15:00:00+00:00,13063.836
2026-03-10 15:15:00+00:00,13063.836
2026-03-10 15:30:00+00:00,13063.836
2026-03-10 15:45:00+00:00,13063.836
2026-03-10 16:00:00+00:00,13063.836
2026-03-10 16:15:00+00:00,13063.836
2026-03-10 16:30:00+00:00,13063.836
2026-03-10 16:45:00+00:00,13063.836
2026-03-10 17:00:00+00:00,13063.836
2026-03-10 17:15:00+00:00,13063.836
2026-03-10 17:30:00+00:00,13063.836
2026-03-10 17:45:00+00:00,13063.836
2026-03-10 18:00:00+00:00,12933.1976
2026-03-10 18:15:00+00:00,12933.1976
2026-03-10 18:30:00+00:00,12933.1976
2026-03-10 18:45:00+00:00,12933.1976
2026-03-10 19:00:00+00:00,12933.1976
2026-03-10 19:15:00+00:00,12933.1976
2026-03-10 19:30:00+00:00,12803.8657
2026-03-10 19:45:00+00:00,12803.8657
2026-03-10 20:00:00+00:00,13059.943
2026-03-10 20:15:00+00:00,13059.943
2026-03-10 20:30:00+00:00,13059.943
2026-03-10 20:45:00+00:00,13059.943
2026-03-10 21:00:00+00:00,13059.943
2026-03-10 21:15:00+00:00,12929.3435
2026-03-10 21:30:00+00:00,12929.3435
2026-03-10 21:45:00+00:00,12929.3435
2026-03-10 22:00:00+00:00,12800.0501
2026-03-10 22:15:00+00:00,12800.0501
2026-03-10 22:30:00+00:00,12800.0501
2026-03-10 22:45:00+00:00,12672.0496
2026-03-10 23:00:00+00:00,12672.0496
2026-03-10 23:15:00+00:00,12672.0496
2026-03-10 23:30:00+00:00,12672.0496
2026-03-10 23:45:00+00:00,12672.0496
2026-03-11 00:00:00+00:00,12672.0496
2026-03-11 00:15:00+00:00,12672.0496
2026-03-11 00:30:00+00:00,12672.0496
2026-03-11 00:45:00+00:00,12545.3291
2026-03-11 01:00:00+00:00,12545.3291
2026-03-11 01:15:00+00:00,12545.3291
2026-03-11 01:30:00+00:00,12545.3291
2026-03-11 01:45:00+00:00,12545.3291
2026-03-11 02:00:00+00:00,12545.3291
2026-03-11 02:15:00+00:00,12545.3291
2026-03-11 02:30:00+00:00,12796.2357
2026-03-11 02:45:00+00:00,12796.2357
2026-03-11 03:00:00+00:00,12796.2357
2026-03-11 03:15:00+00:00,12796.2357
2026-03-11 03:30:00+00:00,12796.2357
2026-03-11 03:45:00+00:00,12796.2357
2026-03-11 04:00:00+00:00,12796.2357
2026-03-11 04:15:00+00:00,12668.2733
2026-03-11 04:30:00+00:00,12668.2733
2026-03-11 04:45:00+00:00,12668.2733
2026-03-11 05:00:00+00:00,12668.2733
2026-03-11 05:15:00+00:00,12668.2733
2026-03-11 05:30:00+00:00,12921.6388
2026-03-11 05:45:00+00:00,12921.6388
2026-03-11 06:00:00+00:00,12792.4224
2026-03-11 06:15:00+00:00,12792.4224
2026-03-11 06:30:00+00:00,12792.4224
2026-03-11 06:45:00+00:00,12792.4224
2026-03-11 07:00:00+00:00,12792.4224
2026-03-11 07:15:00+00:00,12792.4224
2026-03-11 07:30:00+00:00,13048.2709
2026-03-11 07:45:00+00:00,13048.2709
2026-03-11 08:00:00+00:00,13048.2709
2026-03-11 08:15:00+00:00,13048.2709
2026-03-11 08:30:00+00:00,12917.7882
2026-03-11 08:45:00+00:00,12917.7882
2026-03-11 09:00:00+00:00,13176.1439
2026-03-11 09:15:00+00:00,13176.1439
2026-03-11 09:30:00+00:00,13176.1439
2026-03-11 09:45:00+00:00,13044.3825
2026-03-11 10:00:00+00:00,13044.3825
2026-03-11 10:15:00+00:00,13044.3825
2026-03-11 10:30:00+00:00,12913.9386
2026-03-11 10:45:00+00:00,12913.9386
2026-03-11 11:00:00+00:00,12784.7993
2026-03-11 11:15:00+00:00,12784.7993
2026-03-11 11:30:00+00:00,12784.7993
2026-03-11 11:45:00+00:00,12784.7993
2026-03-11 12:00:00+00:00,13040.4952
2026-03-11 12:15:00+00:00,13040.4952
2026-03-11 12:30:00+00:00,13040.4952
2026-03-11 12:45:00+00:00,13040.4952
2026-03-11 13:00:00+00:00,12910.0903
2026-03-11 13:15:00+00:00,12910.0903
2026-03-11 13:30:00+00:00,12910.0903
2026-03-11 13:45:00+00:00,12910.0903
2026-03-11 14:00:00+00:00,12780.9894
2026-03-11 14:15:00+00:00,12780.9894
2026-03-11 14:30:00+00:00,12780.9894
2026-03-11 14:45:00+00:00,12780.9894
2026-03-11 15:00:00+00:00,12780.9894
2026-03-11 15:15:00+00:00,12780.9894
2026-03-11 15:30:00+00:00,12780.9894
2026-03-11 15:45:00+00:00,12780.9894
2026-03-11 16:00:00+00:00,12780.9894
2026-03-11 16:15:00+00:00,12780.9894
2026-03-11 16:30:00+00:00,12653.1795
2026-03-11 16:45:00+00:00,12653.1795
2026-03-11 17:00:00+00:00,12653.1795
2026-03-11 17:15:00+00:00,12653.1795
2026-03-11 17:30:00+00:00,12653.1795
2026-03-11 17:45:00+00:00,12653.1795
2026-03-11 18:00:00+00:00,12653.1795
2026-03-11 18:15:00+00:00,12653.1795
2026-03-11 18:30:00+00:00,12653.1795
2026-03-11 18:45:00+00:00,12653.1795
2026-03-11 19:00:00+00:00,12526.6477
2026-03-11 19:15:00+00:00,12526.6477
2026-03-11 19:30:00+00:00,12526.6477
2026-03-11 19:45:00+00:00,12526.6477
2026-03-11 20:00:00+00:00,12526.6477
2026-03-11 20:15:00+00:00,12526.6477
2026-03-11 20:30:00+00:00,12526.6477
2026-03-11 20:45:00+00:00,12526.6477
2026-03-11 21:00:00+00:00,12526.6477
2026-03-11 21:15:00+00:00,12526.6477
2026-03-11 21:30:00+00:00,12526.6477
2026-03-11 21:45:00+00:00,12526.6477
2026-03-11 22:00:00+00:00,12777.1807
2026-03-11 22:15:00+00:00,12777.1807
2026-03-11 22:30:00+00:00,12777.1807
2026-03-11 22:45:00+00:00,12777.1807
2026-03-11 23:00:00+00:00,12777.1807
2026-03-11 23:15:00+00:00,12777.1807
2026-03-11 23:30:00+00:00,12649.4089
2026-03-11 23:45:00+00:00,12649.4089
2026-03-12 00:00:00+00:00,12649.4089
2026-03-12 00:15:00+00:00,12649.4089
2026-03-12 00:30:00+00:00,12649.4089
2026-03-12 00:45:00+00:00,12649.4089
2026-03-12 01:00:00+00:00,12522.9148
2026-03-12 01:15:00+00:00,12522.9148
2026-03-12 01:30:00+00:00,12522.9148
2026-03-12 01:45:00+00:00,12397.6856
2026-03-12 02:00:00+00:00,12397.6856
2026-03-12 02:15:00+00:00,12397.6856
2026-03-12 02:30:00+00:00,12397.6856
2026-03-12 02:45:00+00:00,12397.6856
2026-03-12 03:00:00+00:00,12397.6856
2026-03-12 03:15:00+00:00,12397.6856
2026-03-12 03:30:00+00:00,12397.6856
2026-03-12 03:45:00+00:00,12397.6856
2026-03-12 04:00:00+00:00,12273.7088
2026-03-12 04:15:00+00:00,12273.7088
2026-03-12 04:30:00+00:00,12273.7088
2026-03-12 04:45:00+00:00,12273.7088
2026-03-12 05:00:00+00:00,12273.7088
2026-03-12 05:15:00+00:00,12519.1829
2026-03-12 05:30:00+00:00,12519.1829
2026-03-12 05:45:00+00:00,12519.1829
2026-03-12 06:00:00+00:00,12769.5666
2026-03-12 06:15:00+00:00,12769.5666
2026-03-12 06:30:00+00:00,12769.5666
2026-03-12 06:45:00+00:00,12769.5666
2026-03-12 07:00:00+00:00,12769.5666
2026-03-12 07:15:00+00:00,12641.8709
2026-03-12 07:30:00+00:00,12641.8709
2026-03-12 07:45:00+00:00,12641.8709
2026-03-12 08:00:00+00:00,12641.8709
2026-03-12 08:15:00+00:00,12515.4522
2026-03-12 08:30:00+00:00,12515.4522
2026-03-12 08:45:00+00:00,12515.4522
2026-03-12 09:00:00+00:00,12515.4522
2026-03-12 09:15:00+00:00,12515.4522
2026-03-12 09:30:00+00:00,12390.2977
2026-03-12 09:45:00+00:00,12390.2977
2026-03-12 10:00:00+00:00,12390.2977
2026-03-12 10:15:00+00:00,12390.2977
2026-03-12 10:30:00+00:00,12266.3947
2026-03-12 10:45:00+00:00,12266.3947
2026-03-12 11:00:00+00:00,12266.3947
2026-03-12 11:15:00+00:00,12511.7226
2026-03-12 11:30:00+00:00,12511.7226
2026-03-12 11:45:00+00:00,12511.7226
2026-03-12 12:00:00+00:00,12511.7226
2026-03-12 12:15:00+00:00,12511.7226
2026-03-12 12:30:00+00:00,12386.6054
2026-03-12 12:45:00+00:00,12386.6054
2026-03-12 13:00:00+00:00,12386.6054
2026-03-12 13:15:00+00:00,12262.7393
2026-03-12 13:30:00+00:00,12262.7393
2026-03-12 13:45:00+00:00,12262.7393
2026-03-12 14:00:00+00:00,12262.7393
2026-03-12 14:15:00+00:00,12140.1119
2026-03-12 14:30:00+00:00,12140.1119
2026-03-12 14:45:00+00:00,12140.1119
2026-03-12 15:00:00+00:00,12140.1119
2026-03-12 15:15:00+00:00,12382.9142
2026-03-12 15:30:00+00:00,12382.9142
2026-03-12 15:45:00+00:00,12382.9142
2026-03-12 16:00:00+00:00,12259.085
2026-03-12 16:15:00+00:00,12259.085
2026-03-12 16:30:00+00:00,12259.085
2026-03-12 16:45:00+00:00,12259.085
2026-03-12 17:00:00+00:00,12259.085
2026-03-12 17:15:00+00:00,12259.085
2026-03-12 17:30:00+00:00,12259.085
2026-03-12 17:45:00+00:00,12259.085
2026-03-12 18:00:00+00:00,12259.085
2026-03-12 18:15:00+00:00,12136.4942
2026-03-12 18:30:00+00:00,12136.4942
2026-03-12 18:45:00+00:00,12136.4942
2026-03-12 19:00:00+00:00,12136.4942
2026-03-12 19:15:00+00:00,12136.4942
2026-03-12 19:30:00+00:00,12379.2241
2026-03-12 19:45:00+00:00,12379.2241
2026-03-12 20:00:00+00:00,12379.2241
2026-03-12 20:15:00+00:00,12255.4318
2026-03-12 20:30:00+00:00,12255.4318
2026-03-12 20:45:00+00:00,12255.4318
2026-03-12 21:00:00+00:00,12500.5405
2026-03-12 21:15:00+00:00,12500.5405
2026-03-12 21:30:00+00:00,12500.5405
2026-03-12 21:45:00+00:00,12500.5405
2026-03-12 22:00:00+00:00,12500.5405
2026-03-12 22:15:00+00:00,12500.5405
2026-03-12 22:30:00+00:00,12500.5405
2026-03-12 22:45:00+00:00,12500.5405
2026-03-12 23:00:00+00:00,12500.5405
2026-03-12 23:15:00+00:00,12750.5513
2026-03-12 23:30:00+00:00,12750.5513
2026-03-12 23:45:00+00:00,12750.5513
2026-03-13 00:00:00+00:00,13005.5623
2026-03-13 00:15:00+00:00,13005.5623
2026-03-13 00:30:00+00:00,13005.5623
2026-03-13 00:45:00+00:00,13005.5623
2026-03-13 01:00:00+00:00,13005.5623
2026-03-13 01:15:00+00:00,13005.5623
2026-03-13 01:30:00+00:00,13005.5623
2026-03-13 01:45:00+00:00,13005.5623
2026-03-13 02:00:00+00:00,13005.5623
2026-03-13 02:15:00+00:00,13005.5623
2026-03-13 02:30:00+00:00,13005.5623
2026-03-13 02:45:00+00:00,13005.5623
2026-03-13 03:00:00+00:00,13005.5623
2026-03-13 03:15:00+00:00,12875.5067
2026-03-13 03:30:00+00:00,12875.5067
2026-03-13 03:45:00+00:00,12875.5067
2026-03-13 04:00:00+00:00,12875.5067
2026-03-13 04:15:00+00:00,12875.5067
2026-03-13 04:30:00+00:00,12875.5067
2026-03-13 04:45:00+00:00,12875.5067
2026-03-13 05:00:00+00:00,12875.5067
2026-03-13 05:15:00+00:00,12875.5067
2026-03-13 05:30:00+00:00,13133.0168
2026-03-13 05:45:00+00:00,13133.0168
2026-03-13 06:00:00+00:00,13133.0168
2026-03-13 06:15:00+00:00,13133.0168
2026-03-13 06:30:00+00:00,13133.0168
2026-03-13 06:45:00+00:00,13133.0168
2026-03-13 07:00:00+00:00,13395.6771
2026-03-13 07:15:00+00:00,13395.6771
2026-03-13 07:30:00+00:00,13395.6771
2026-03-13 07:45:00+00:00,13395.6771
2026-03-13 08:00:00+00:00,13395.6771
2026-03-13 08:15:00+00:00,13395.6771
2026-03-13 08:30:00+00:00,13395.6771
2026-03-13 08:45:00+00:00,13395.6771
2026-03-13 09:00:00+00:00,13395.6771
2026-03-13 09:15:00+00:00,13395.6771
2026-03-13 09:30:00+00:00,13395.6771
2026-03-13 09:45:00+00:00,13395.6771
2026-03-13 10:00:00+00:00,13395.6771
2026-03-13 10:15:00+00:00,13395.6771
2026-03-13 10:30:00+00:00,13395.6771
2026-03-13 10:45:00+00:00,13395.6771
2026-03-13 11:00:00+00:00,13395.6771
2026-03-13 11:15:00+00:00,13395.6771
2026-03-13 11:30:00+00:00,13395.6771
2026-03-13 11:45:00+00:00,13395.6771
2026-03-13 12:00:00+00:00,13395.6771
2026-03-13 12:15:00+00:00,13395.6771
2026-03-13 12:30:00+00:00,13395.6771
2026-03-13 12:45:00+00:00,13395.6771
2026-03-13 13:00:00+00:00,13395.6771
2026-03-13 13:15:00+00:00,13395.6771
2026-03-13 13:30:00+00:00,13395.6771
2026-03-13 13:45:00+00:00,13395.6771
2026-03-13 14:00:00+00:00,13395.6771
2026-03-13 14:15:00+00:00,13395.6771
2026-03-13 14:30:00+00:00,13395.6771
2026-03-13 14:45:00+00:00,13395.6771
2026-03-13 15:00:00+00:00,13395.6771
2026-03-13 15:15:00+00:00,13395.6771
2026-03-13 15:30:00+00:00,13395.6771
2026-03-13 15:45:00+00:00,13395.6771
2026-03-13 16:00:00+00:00,13395.6771
2026-03-13 16:15:00+00:00,13395.6771
2026-03-13 16:30:00+00:00,13395.6771
2026-03-13 16:45:00+00:00,13395.6771
2026-03-13 17:00:00+00:00,13395.6771
2026-03-13 17:15:00+00:00,13395.6771
2026-03-13 17:30:00+00:00,13261.7204
2026-03-13 17:45:00+00:00,13261.7204
2026-03-13 18:00:00+00:00,13261.7204
2026-03-13 18:15:00+00:00,13129.1032
2026-03-13 18:30:00+00:00,13129.1032
2026-03-13 18:45:00+00:00,12997.8121
2026-03-13 19:00:00+00:00,12997.8121
2026-03-13 19:15:00+00:00,12997.8121
2026-03-13 19:30:00+00:00,12997.8121
2026-03-13 19:45:00+00:00,12997.8121
2026-03-13 20:00:00+00:00,12867.834
2026-03-13 20:15:00+00:00,12867.834
2026-03-13 20:30:00+00:00,12867.834
2026-03-13 20:45:00+00:00,12739.1557
2026-03-13 21:00:00+00:00,12739.1557
2026-03-13 21:15:00+00:00,12739.1557
2026-03-13 21:30:00+00:00,12739.1557
2026-03-13 21:45:00+00:00,12739.1557
2026-03-13 22:00:00+00:00,12739.1557
2026-03-13 22:15:00+00:00,12993.9388
2026-03-13 22:30:00+00:00,12993.9388
2026-03-13 22:45:00+00:00,12993.9388
2026-03-13 23:00:00+00:00,12993.9388
2026-03-13 23:15:00+00:00,12863.9994
2026-03-13 23:30:00+00:00,12863.9994
2026-03-13 23:45:00+00:00,12863.9994
2026-03-14 00:00:00+00:00,13121.2794
2026-03-14 00:15:00+00:00,13121.2794
2026-03-14 00:30:00+00:00,13121.2794
2026-03-14 00:45:00+00:00,13121.2794
2026-03-14 01:00:00+00:00,13121.2794
2026-03-14 01:15:00+00:00,13121.2794
2026-03-14 01:30:00+00:00,13121.2794
2026-03-14 01:45:00+00:00,13121.2794
2026-03-14 02:00:00+00:00,13121.2794
2026-03-14 02:15:00+00:00,13121.2794
2026-03-14 02:30:00+00:00,13121.2794
2026-03-14 02:45:00+00:00,12990.0666
2026-03-14 03:00:00+00:00,12990.0666
2026-03-14 03:15:00+00:00,12990.0666
2026-03-14 03:30:00+00:00,12990.0666
2026-03-14 03:45:00+00:00,12990.0666
2026-03-14 04:00:00+00:00,12860.1659
2026-03-14 04:15:00+00:00,12860.1659
2026-03-14 04:30:00+00:00,12860.1659
2026-03-14 04:45:00+00:00,12860.1659
2026-03-14 05:00:00+00:00,12860.1659
2026-03-14 05:15:00+00:00,12860.1659
2026-03-14 05:30:00+00:00,12860.1659
2026-03-14 05:45:00+00:00,12860.1659
2026-03-14 06:00:00+00:00,12860.1659
2026-03-14 06:15:00+00:00,12860.1659
2026-03-14 06:30:00+00:00,13117.3693
2026-03-14 06:45:00+00:00,13117.3693
2026-03-14 07:00:00+00:00,13117.3693
2026-03-14 07:15:00+00:00,13117.3693
2026-03-14 07:30:00+00:00,13379.7166
2026-03-14 07:45:00+00:00,13379.7166
2026-03-14 08:00:00+00:00,13379.7166
2026-03-14 08:15:00+00:00,13379.7166
2026-03-14 08:30:00+00:00,13647.311
2026-03-14 08:45:00+00:00,13647.311
2026-03-14 09:00:00+00:00,13647.311
2026-03-14 09:15:00+00:00,13647.311
2026-03-14 09:30:00+00:00,13647.311
2026-03-14 09:45:00+00:00,13920.2572
2026-03-14 10:00:00+00:00,13920.2572
2026-03-14 10:15:00+00:00,13920.2572
2026-03-14 10:30:00+00:00,13920.2572
2026-03-14 10:45:00+00:00,13781.0546
2026-03-14 11:00:00+00:00,13781.0546
2026-03-14 11:15:00+00:00,13781.0546
2026-03-14 11:30:00+00:00,13643.2441
2026-03-14 11:45:00+00:00,13643.2441
2026-03-14 12:00:00+00:00,13643.2441
2026-03-14 12:15:00+00:00,13643.2441
2026-03-14 12:30:00+00:00,13643.2441
2026-03-14 12:45:00+00:00,13506.8116
2026-03-14 13:00:00+00:00,13506.8116
2026-03-14 13:15:00+00:00,13371.7435
2026-03-14 13:30:00+00:00,13371.7435
2026-03-14 13:45:00+00:00,13371.7435
2026-03-14 14:00:00+00:00,13639.1784
2026-03-14 14:15:00+00:00,13639.1784
2026-03-14 14:30:00+00:00,13639.1784
2026-03-14 14:45:00+00:00,13639.1784
2026-03-14 15:00:00+00:00,13639.1784
2026-03-14 15:15:00+00:00,13639.1784
2026-03-14 15:30:00+00:00,13639.1784
2026-03-14 15:45:00+00:00,13639.1784
2026-03-14 16:00:00+00:00,13639.1784
2026-03-14 16:15:00+00:00,13639.1784
2026-03-14 16:30:00+00:00,13639.1784
2026-03-14 16:45:00+00:00,13639.1784
2026-03-14 17:00:00+00:00,13639.1784
2026-03-14 17:15:00+00:00,13639.1784
2026-03-14 17:30:00+00:00,13639.1784
2026-03-14 17:45:00+00:00,13639.1784
2026-03-14 18:00:00+00:00,13639.1784
2026-03-14 18:15:00+00:00,13639.1784
2026-03-14 18:30:00+00:00,13639.1784
2026-03-14 18:45:00+00:00,13639.1784
2026-03-14 19:00:00+00:00,13639.1784
2026-03-14 19:15:00+00:00,13639.1784
2026-03-14 19:30:00+00:00,13639.1784
2026-03-14 19:45:00+00:00,13639.1784
2026-03-14 20:00:00+00:00,13639.1784
2026-03-14 20:15:00+00:00,13639.1784
2026-03-14 20:30:00+00:00,13502.7866
2026-03-14 20:45:00+00:00,13502.7866
2026-03-14 21:00:00+00:00,13772.8423
2026-03-14 21:15:00+00:00,13772.8423
2026-03-14 21:30:00+00:00,13772.8423
2026-03-14 21:45:00+00:00,13772.8423
2026-03-14 22:00:00+00:00,13772.8423
2026-03-14 22:15:00+00:00,13772.8423
2026-03-14 22:30:00+00:00,13772.8423
2026-03-14 22:45:00+00:00,13772.8423
2026-03-14 23:00:00+00:00,13635.1139
2026-03-14 23:15:00+00:00,13635.1139
2026-03-14 23:30:00+00:00,13635.1139
2026-03-14 23:45:00+00:00,13635.1139
2026-03-15 00:00:00+00:00,13635.1139
2026-03-15 00:15:00+00:00,13635.1139
2026-03-15 00:30:00+00:00,13635.1139
2026-03-15 00:45:00+00:00,13498.7628
2026-03-15 01:00:00+00:00,13498.7628
2026-03-15 01:15:00+00:00,13498.7628
2026-03-15 01:30:00+00:00,13498.7628
2026-03-15 01:45:00+00:00,13498.7628
2026-03-15 02:00:00+00:00,13768.738
2026-03-15 02:15:00+00:00,13768.738
2026-03-15 02:30:00+00:00,13768.738
2026-03-15 02:45:00+00:00,13768.738
2026-03-15 03:00:00+00:00,13768.738
2026-03-15 03:15:00+00:00,13768.738
2026-03-15 03:30:00+00:00,13768.738
2026-03-15 03:45:00+00:00,13768.738
2026-03-15 04:00:00+00:00,13768.738
2026-03-15 04:15:00+00:00,13768.738
2026-03-15 04:30:00+00:00,13768.738
2026-03-15 04:45:00+00:00,13768.738
2026-03-15 05:00:00+00:00,13768.738
2026-03-15 05:15:00+00:00,13768.738
2026-03-15 05:30:00+00:00,13768.738
2026-03-15 05:45:00+00:00,13768.738
2026-03-15 06:00:00+00:00,13768.738
2026-03-15 06:15:00+00:00,13768.738
2026-03-15 06:30:00+00:00,13768.738
2026-03-15 06:45:00+00:00,13768.738
2026-03-15 07:00:00+00:00,13768.738
2026-03-15 07:15:00+00:00,13768.738
2026-03-15 07:30:00+00:00,13768.738
2026-03-15 07:45:00+00:00,13768.738
2026-03-15 08:00:00+00:00,13768.738
2026-03-15 08:15:00+00:00,13768.738
2026-03-15 08:30:00+00:00,13768.738
2026-03-15 08:45:00+00:00,13768.738
2026-03-15 09:00:00+00:00,13768.738
2026-03-15 09:15:00+00:00,14044.1128
2026-03-15 09:30:00+00:00,14044.1128
2026-03-15 09:45:00+00:00,14044.1128
2026-03-15 10:00:00+00:00,14044.1128
2026-03-15 10:15:00+00:00,14044.1128
2026-03-15 10:30:00+00:00,14044.1128
2026-03-15 10:45:00+00:00,14044.1128
2026-03-15 11:00:00+00:00,13903.6717
2026-03-15 11:15:00+00:00,13903.6717
2026-03-15 11:30:00+00:00,13903.6717
2026-03-15 11:45:00+00:00,13903.6717
2026-03-15 12:00:00+00:00,13903.6717
2026-03-15 12:15:00+00:00,13903.6717
2026-03-15 12:30:00+00:00,13764.6349
2026-03-15 12:45:00+00:00,13764.6349
2026-03-15 13:00:00+00:00,13626.9886
2026-03-15 13:15:00+00:00,13626.9886
2026-03-15 13:30:00+00:00,13626.9886
2026-03-15 13:45:00+00:00,13626.9886
2026-03-15 14:00:00+00:00,13626.9886
2026-03-15 14:15:00+00:00,13626.9886
2026-03-15 14:30:00+00:00,13626.9886
2026-03-15 14:45:00+00:00,13626.9886
2026-03-15 15:00:00+00:00,13626.9886
2026-03-15 15:15:00+00:00,13626.9886
2026-03-15 15:30:00+00:00,13626.9886
2026-03-15 15:45:00+00:00,13626.9886
2026-03-15 16:00:00+00:00,13626.9886
2026-03-15 16:15:00+00:00,13626.9886
2026-03-15 16:30:00+00:00,13626.9886
2026-03-15 16:45:00+00:00,13626.9886
2026-03-15 17:00:00+00:00,13626.9886
2026-03-15 17:15:00+00:00,13626.9886
2026-03-15 17:30:00+00:00,13626.9886
2026-03-15 17:45:00+00:00,13626.9886
2026-03-15 18:00:00+00:00,13626.9886
2026-03-15 18:15:00+00:00,13626.9886
2026-03-15 18:30:00+00:00,13626.9886
2026-03-15 18:45:00+00:00,13626.9886
2026-03-15 19:00:00+00:00,13626.9886
2026-03-15 19:15:00+00:00,13626.9886
2026-03-15 19:30:00+00:00,13626.9886
2026-03-15 19:45:00+00:00,13626.9886
2026-03-15 20:00:00+00:00,13626.9886
2026-03-15 20:15:00+00:00,13626.9886
2026-03-15 20:30:00+00:00,13626.9886
2026-03-15 20:45:00+00:00,13626.9886
2026-03-15 21:00:00+00:00,13626.9886
2026-03-15 21:15:00+00:00,13626.9886
2026-03-15 21:30:00+00:00,13899.5284
2026-03-15 21:45:00+00:00,13899.5284
2026-03-15 22:00:00+00:00,13760.5331
2026-03-15 22:15:00+00:00,13760.5331
2026-03-15 22:30:00+00:00,14035.7437
2026-03-15 22:45:00+00:00,14035.7437
2026-03-15 23:00:00+00:00,14035.7437
2026-03-15 23:15:00+00:00,14035.7437
2026-03-15 23:30:00+00:00,14035.7437
2026-03-15 23:45:00+00:00,14035.7437
2026-03-16 00:00:00+00:00,14035.7437
2026-03-16 00:15:00+00:00,14035.7437
2026-03-16 00:30:00+00:00,14035.7437
2026-03-16 00:45:00+00:00,14035.7437
2026-03-16 01:00:00+00:00,14035.7437
2026-03-16 01:15:00+00:00,14035.7437
2026-03-16 01:30:00+00:00,14035.7437
2026-03-16 01:45:00+00:00,14035.7437
2026-03-16 02:00:00+00:00,14035.7437
2026-03-16 02:15:00+00:00,14035.7437
2026-03-16 02:30:00+00:00,14035.7437
2026-03-16 02:45:00+00:00,14035.7437
2026-03-16 03:00:00+00:00,14035.7437
2026-03-16 03:15:00+00:00,14316.4586
2026-03-16 03:30:00+00:00,14316.4586
2026-03-16 03:45:00+00:00,14316.4586
2026-03-16 04:00:00+00:00,14316.4586
2026-03-16 04:15:00+00:00,14316.4586
2026-03-16 04:30:00+00:00,14316.4586
2026-03-16 04:45:00+00:00,14316.4586
2026-03-16 05:00:00+00:00,14316.4586
2026-03-16 05:15:00+00:00,14316.4586
2026-03-16 05:30:00+00:00,14316.4586
2026-03-16 05:45:00+00:00,14316.4586
2026-03-16 06:00:00+00:00,14316.4586
2026-03-16 06:15:00+00:00,14316.4586
2026-03-16 06:30:00+00:00,14316.4586
2026-03-16 06:45:00+00:00,14316.4586
2026-03-16 07:00:00+00:00,14316.4586
2026-03-16 07:15:00+00:00,14316.4586
2026-03-16 07:30:00+00:00,14316.4586
2026-03-16 07:45:00+00:00,14316.4586
2026-03-16 08:00:00+00:00,14316.4586
2026-03-16 08:15:00+00:00,14316.4586
2026-03-16 08:30:00+00:00,14316.4586
2026-03-16 08:45:00+00:00,14316.4586
2026-03-16 09:00:00+00:00,14316.4586
2026-03-16 09:15:00+00:00,14316.4586
2026-03-16 09:30:00+00:00,14316.4586
2026-03-16 09:45:00+00:00,14316.4586
2026-03-16 10:00:00+00:00,14316.4586
2026-03-16 10:15:00+00:00,14316.4586
2026-03-16 10:30:00+00:00,14316.4586
2026-03-16 10:45:00+00:00,14602.7878
2026-03-16 11:00:00+00:00,14602.7878
2026-03-16 11:15:00+00:00,14602.7878
2026-03-16 11:30:00+00:00,14602.7878
2026-03-16 11:45:00+00:00,14602.7878
2026-03-16 12:00:00+00:00,14602.7878
2026-03-16 12:15:00+00:00,14894.8435
2026-03-16 12:30:00+00:00,14894.8435
2026-03-16 12:45:00+00:00,14894.8435
2026-03-16 13:00:00+00:00,14894.8435
2026-03-16 13:15:00+00:00,14894.8435
2026-03-16 13:30:00+00:00,14894.8435
2026-03-16 13:45:00+00:00,14894.8435
2026-03-16 14:00:00+00:00,14894.8435
2026-03-16 14:15:00+00:00,14894.8435
2026-03-16 14:30:00+00:00,14894.8435
2026-03-16 14:45:00+00:00,14894.8435
2026-03-16 15:00:00+00:00,14894.8435
2026-03-16 15:15:00+00:00,14894.8435
2026-03-16 15:30:00+00:00,14894.8435
2026-03-16 15:45:00+00:00,14894.8435
2026-03-16 16:00:00+00:00,14894.8435
2026-03-16 16:15:00+00:00,14894.8435
2026-03-16 16:30:00+00:00,14894.8435
2026-03-16 16:45:00+00:00,14894.8435
2026-03-16 17:00:00+00:00,14894.8435
2026-03-16 17:15:00+00:00,14894.8435
2026-03-16 17:30:00+00:00,14894.8435
2026-03-16 17:45:00+00:00,14894.8435
2026-03-16 18:00:00+00:00,14894.8435
2026-03-16 18:15:00+00:00,14894.8435
2026-03-16 18:30:00+00:00,14894.8435
2026-03-16 18:45:00+00:00,14894.8435
2026-03-16 19:00:00+00:00,14894.8435
2026-03-16 19:15:00+00:00,14894.8435
2026-03-16 19:30:00+00:00,14894.8435
2026-03-16 19:45:00+00:00,14894.8435
2026-03-16 20:00:00+00:00,14894.8435
2026-03-16 20:15:00+00:00,14894.8435
2026-03-16 20:30:00+00:00,14894.8435
2026-03-16 20:45:00+00:00,14894.8435
2026-03-16 21:00:00+00:00,14894.8435
2026-03-16 21:15:00+00:00,14894.8435
2026-03-16 21:30:00+00:00,15192.7404
2026-03-16 21:45:00+00:00,15192.7404
2026-03-16 22:00:00+00:00,15192.7404
2026-03-16 22:15:00+00:00,15192.7404
2026-03-16 22:30:00+00:00,15192.7404
2026-03-16 22:45:00+00:00,15192.7404
2026-03-16 23:00:00+00:00,15192.7404
2026-03-16 23:15:00+00:00,15192.7404
2026-03-16 23:30:00+00:00,15192.7404
2026-03-16 23:45:00+00:00,15192.7404
2026-03-17 00:00:00+00:00,15192.7404
2026-03-17 00:15:00+00:00,15192.7404
2026-03-17 00:30:00+00:00,15192.7404
2026-03-17 00:45:00+00:00,15192.7404
2026-03-17 01:00:00+00:00,15192.7404
2026-03-17 01:15:00+00:00,15192.7404
2026-03-17 01:30:00+00:00,15192.7404
2026-03-17 01:45:00+00:00,15192.7404
2026-03-17 02:00:00+00:00,15192.7404
2026-03-17 02:15:00+00:00,15192.7404
2026-03-17 02:30:00+00:00,15192.7404
2026-03-17 02:45:00+00:00,15192.7404
2026-03-17 03:00:00+00:00,15192.7404
2026-03-17 03:15:00+00:00,15192.7404
2026-03-17 03:30:00+00:00,15192.7404
2026-03-17 03:45:00+00:00,15192.7404
2026-03-17 04:00:00+00:00,15192.7404
2026-03-17 04:15:00+00:00,15192.7404
2026-03-17 04:30:00+00:00,15040.813
2026-03-17 04:45:00+00:00,15040.813
2026-03-17 05:00:00+00:00,15040.813
2026-03-17 05:15:00+00:00,15040.813
2026-03-17 05:30:00+00:00,14890.4049
2026-03-17 05:45:00+00:00,14890.4049
2026-03-17 06:00:00+00:00,14890.4049
2026-03-17 06:15:00+00:00,14890.4049
2026-03-17 06:30:00+00:00,14890.4049
2026-03-17 06:45:00+00:00,14890.4049
2026-03-17 07:00:00+00:00,14890.4049
2026-03-17 07:15:00+00:00,14890.4049
2026-03-17 07:30:00+00:00,14890.4049
2026-03-17 07:45:00+00:00,14890.4049
2026-03-17 08:00:00+00:00,14890.4049
2026-03-17 08:15:00+00:00,14890.4049
2026-03-17 08:30:00+00:00,14890.4049
2026-03-17 08:45:00+00:00,14890.4049
2026-03-17 09:00:00+00:00,14890.4049
2026-03-17 09:15:00+00:00,14890.4049
2026-03-17 09:30:00+00:00,14890.4049
2026-03-17 09:45:00+00:00,14890.4049
2026-03-17 10:00:00+00:00,14741.5008
2026-03-17 10:15:00+00:00,14741.5008
2026-03-17 10:30:00+00:00,14741.5008
2026-03-17 10:45:00+00:00,15036.3308
2026-03-17 11:00:00+00:00,15036.3308
2026-03-17 11:15:00+00:00,15036.3308
2026-03-17 11:30:00+00:00,15036.3308
2026-03-17 11:45:00+00:00,15036.3308
2026-03-17 12:00:00+00:00,15036.3308
2026-03-17 12:15:00+00:00,15036.3308
2026-03-17 12:30:00+00:00,15036.3308
2026-03-17 12:45:00+00:00,15036.3308
2026-03-17 13:00:00+00:00,15036.3308
2026-03-17 13:15:00+00:00,15036.3308
2026-03-17 13:30:00+00:00,15036.3308
2026-03-17 13:45:00+00:00,15337.0575
2026-03-17 14:00:00+00:00,15337.0575
2026-03-17 14:15:00+00:00,15337.0575
2026-03-17 14:30:00+00:00,15337.0575
2026-03-17 14:45:00+00:00,15337.0575
2026-03-17 15:00:00+00:00,15337.0575
2026-03-17 15:15:00+00:00,15337.0575
2026-03-17 15:30:00+00:00,15337.0575
2026-03-17 15:45:00+00:00,15337.0575
2026-03-17 16:00:00+00:00,15337.0575
2026-03-17 16:15:00+00:00,15337.0575
2026-03-17 16:30:00+00:00,15337.0575
2026-03-17 16:45:00+00:00,15337.0575
2026-03-17 17:00:00+00:00,15337.0575
2026-03-17 17:15:00+00:00,15337.0575
2026-03-17 17:30:00+00:00,15337.0575
2026-03-17 17:45:00+00:00,15337.0575
2026-03-17 18:00:00+00:00,15337.0575
2026-03-17 18:15:00+00:00,15337.0575
2026-03-17 18:30:00+00:00,15337.0575
2026-03-17 18:45:00+00:00,15337.0575
2026-03-17 19:00:00+00:00,15337.0575
2026-03-17 19:15:00+00:00,15337.0575
2026-03-17 19:30:00+00:00,15337.0575
2026-03-17 19:45:00+00:00,15337.0575
2026-03-17 20:00:00+00:00,15337.0575
2026-03-17 20:15:00+00:00,15337.0575
2026-03-17 20:30:00+00:00,15337.0575
2026-03-17 20:45:00+00:00,15337.0575
2026-03-17 21:00:00+00:00,15337.0575
2026-03-17 21:15:00+00:00,15337.0575
2026-03-17 21:30:00+00:00,15337.0575
2026-03-17 21:45:00+00:00,15337.0575
2026-03-17 22:00:00+00:00,15337.0575
2026-03-17 22:15:00+00:00,15337.0575
2026-03-17 22:30:00+00:00,15337.0575
2026-03-17 22:45:00+00:00,15337.0575
2026-03-17 23:00:00+00:00,15337.0575
2026-03-17 23:15:00+00:00,15337.0575
2026-03-17 23:30:00+00:00,15337.0575
2026-03-17 23:45:00+00:00,15337.0575
2026-03-18 00:00:00+00:00,15337.0575
2026-03-18 00:15:00+00:00,15337.0575
2026-03-18 00:30:00+00:00,15337.0575
2026-03-18 00:45:00+00:00,15337.0575
2026-03-18 01:00:00+00:00,15337.0575
2026-03-18 01:15:00+00:00,15337.0575
2026-03-18 01:30:00+00:00,15337.0575
2026-03-18 01:45:00+00:00,15337.0575
2026-03-18 02:00:00+00:00,15337.0575
2026-03-18 02:15:00+00:00,15337.0575
2026-03-18 02:30:00+00:00,15337.0575
2026-03-18 02:45:00+00:00,15337.0575
2026-03-18 03:00:00+00:00,15337.0575
2026-03-18 03:15:00+00:00,15337.0575
2026-03-18 03:30:00+00:00,15337.0575
2026-03-18 03:45:00+00:00,15337.0575
2026-03-18 04:00:00+00:00,15337.0575
2026-03-18 04:15:00+00:00,15337.0575
2026-03-18 04:30:00+00:00,15337.0575
2026-03-18 04:45:00+00:00,15337.0575
2026-03-18 05:00:00+00:00,15337.0575
2026-03-18 05:15:00+00:00,15337.0575
2026-03-18 05:30:00+00:00,15337.0575
2026-03-18 05:45:00+00:00,15337.0575
2026-03-18 06:00:00+00:00,15337.0575
2026-03-18 06:15:00+00:00,15337.0575
2026-03-18 06:30:00+00:00,15337.0575
2026-03-18 06:45:00+00:00,15337.0575
2026-03-18 07:00:00+00:00,15337.0575
2026-03-18 07:15:00+00:00,15337.0575
2026-03-18 07:30:00+00:00,15337.0575
2026-03-18 07:45:00+00:00,15337.0575
2026-03-18 08:00:00+00:00,15337.0575
2026-03-18 08:15:00+00:00,15337.0575
2026-03-18 08:30:00+00:00,15337.0575
2026-03-18 08:45:00+00:00,15337.0575
2026-03-18 09:00:00+00:00,15337.0575
2026-03-18 09:15:00+00:00,15337.0575
2026-03-18 09:30:00+00:00,15337.0575
2026-03-18 09:45:00+00:00,15337.0575
2026-03-18 10:00:00+00:00,15337.0575
2026-03-18 10:15:00+00:00,15337.0575
2026-03-18 10:30:00+00:00,15337.0575
2026-03-18 10:45:00+00:00,15337.0575
2026-03-18 11:00:00+00:00,15337.0575
2026-03-18 11:15:00+00:00,15337.0575
2026-03-18 11:30:00+00:00,15337.0575
2026-03-18 11:45:00+00:00,15337.0575
2026-03-18 12:00:00+00:00,15337.0575
2026-03-18 12:15:00+00:00,15337.0575
2026-03-18 12:30:00+00:00,15643.7986
2026-03-18 12:45:00+00:00,15643.7986
2026-03-18 13:00:00+00:00,15643.7986
2026-03-18 13:15:00+00:00,15643.7986
2026-03-18 13:30:00+00:00,15643.7986
2026-03-18 13:45:00+00:00,15643.7986
2026-03-18 14:00:00+00:00,15643.7986
2026-03-18 14:15:00+00:00,15643.7986
2026-03-18 14:30:00+00:00,15643.7986
2026-03-18 14:45:00+00:00,15643.7986
2026-03-18 15:00:00+00:00,15643.7986
2026-03-18 15:15:00+00:00,15643.7986
2026-03-18 15:30:00+00:00,15643.7986
2026-03-18 15:45:00+00:00,15643.7986
2026-03-18 16:00:00+00:00,15643.7986
2026-03-18 16:15:00+00:00,15643.7986
2026-03-18 16:30:00+00:00,15643.7986
2026-03-18 16:45:00+00:00,15643.7986
2026-03-18 17:00:00+00:00,15643.7986
2026-03-18 17:15:00+00:00,15643.7986
2026-03-18 17:30:00+00:00,15643.7986
2026-03-18 17:45:00+00:00,15643.7986
2026-03-18 18:00:00+00:00,15643.7986
2026-03-18 18:15:00+00:00,15643.7986
2026-03-18 18:30:00+00:00,15643.7986
2026-03-18 18:45:00+00:00,15643.7986
2026-03-18 19:00:00+00:00,15643.7986
2026-03-18 19:15:00+00:00,15643.7986
2026-03-18 19:30:00+00:00,15643.7986
2026-03-18 19:45:00+00:00,15643.7986
2026-03-18 20:00:00+00:00,15643.7986
2026-03-18 20:15:00+00:00,15643.7986
2026-03-18 20:30:00+00:00,15643.7986
2026-03-18 20:45:00+00:00,15643.7986
2026-03-18 21:00:00+00:00,15643.7986
2026-03-18 21:15:00+00:00,15643.7986
2026-03-18 21:30:00+00:00,15643.7986
2026-03-18 21:45:00+00:00,15643.7986
2026-03-18 22:00:00+00:00,15643.7986
2026-03-18 22:15:00+00:00,15643.7986
2026-03-18 22:30:00+00:00,15643.7986
2026-03-18 22:45:00+00:00,15643.7986
2026-03-18 23:00:00+00:00,15643.7986
2026-03-18 23:15:00+00:00,15643.7986
2026-03-18 23:30:00+00:00,15643.7986
2026-03-18 23:45:00+00:00,15643.7986
2026-03-19 00:00:00+00:00,15643.7986
2026-03-19 00:15:00+00:00,15643.7986
2026-03-19 00:30:00+00:00,15643.7986
2026-03-19 00:45:00+00:00,15643.7986
2026-03-19 01:00:00+00:00,15643.7986
2026-03-19 01:15:00+00:00,15643.7986
2026-03-19 01:30:00+00:00,15643.7986
2026-03-19 01:45:00+00:00,15643.7986
2026-03-19 02:00:00+00:00,15643.7986
2026-03-19 02:15:00+00:00,15643.7986
2026-03-19 02:30:00+00:00,15643.7986
2026-03-19 02:45:00+00:00,15643.7986
2026-03-19 03:00:00+00:00,15643.7986
2026-03-19 03:15:00+00:00,15643.7986
2026-03-19 03:30:00+00:00,15643.7986
2026-03-19 03:45:00+00:00,15643.7986
2026-03-19 04:00:00+00:00,15643.7986
2026-03-19 04:15:00+00:00,15643.7986
2026-03-19 04:30:00+00:00,15956.6746
2026-03-19 04:45:00+00:00,15956.6746
2026-03-19 05:00:00+00:00,15956.6746
2026-03-19 05:15:00+00:00,15956.6746
2026-03-19 05:30:00+00:00,15956.6746
2026-03-19 05:45:00+00:00,15956.6746
2026-03-19 06:00:00+00:00,15956.6746
2026-03-19 06:15:00+00:00,15956.6746
2026-03-19 06:30:00+00:00,15956.6746
2026-03-19 06:45:00+00:00,15956.6746
2026-03-19 07:00:00+00:00,15956.6746
2026-03-19 07:15:00+00:00,15956.6746
2026-03-19 07:30:00+00:00,15956.6746
2026-03-19 07:45:00+00:00,15956.6746
2026-03-19 08:00:00+00:00,15956.6746
2026-03-19 08:15:00+00:00,15956.6746
2026-03-19 08:30:00+00:00,15956.6746
2026-03-19 08:45:00+00:00,15956.6746
2026-03-19 09:00:00+00:00,15956.6746
2026-03-19 09:15:00+00:00,15956.6746
2026-03-19 09:30:00+00:00,15956.6746
2026-03-19 09:45:00+00:00,15956.6746
2026-03-19 10:00:00+00:00,15956.6746
2026-03-19 10:15:00+00:00,15956.6746
2026-03-19 10:30:00+00:00,15956.6746
2026-03-19 10:45:00+00:00,15956.6746
2026-03-19 11:00:00+00:00,15956.6746
2026-03-19 11:15:00+00:00,15956.6746
2026-03-19 11:30:00+00:00,15956.6746
2026-03-19 11:45:00+00:00,15956.6746
2026-03-19 12:00:00+00:00,15956.6746
2026-03-19 12:15:00+00:00,15956.6746
2026-03-19 12:30:00+00:00,15956.6746
2026-03-19 12:45:00+00:00,15956.6746
2026-03-19 13:00:00+00:00,15956.6746
2026-03-19 13:15:00+00:00,15956.6746
2026-03-19 13:30:00+00:00,15956.6746
2026-03-19 13:45:00+00:00,15956.6746
2026-03-19 14:00:00+00:00,15956.6746
2026-03-19 14:15:00+00:00,15956.6746
2026-03-19 14:30:00+00:00,15956.6746
2026-03-19 14:45:00+00:00,15956.6746
2026-03-19 15:00:00+00:00,15956.6746
2026-03-19 15:15:00+00:00,15956.6746
2026-03-19 15:30:00+00:00,15956.6746
2026-03-19 15:45:00+00:00,15956.6746
2026-03-19 16:00:00+00:00,15956.6746
2026-03-19 16:15:00+00:00,15956.6746
2026-03-19 16:30:00+00:00,15956.6746
2026-03-19 16:45:00+00:00,15956.6746
2026-03-19 17:00:00+00:00,15956.6746
2026-03-19 17:15:00+00:00,15956.6746
2026-03-19 17:30:00+00:00,15956.6746
2026-03-19 17:45:00+00:00,15956.6746
2026-03-19 18:00:00+00:00,15956.6746
2026-03-19 18:15:00+00:00,16275.8081
2026-03-19 18:30:00+00:00,16275.8081
2026-03-19 18:45:00+00:00,16275.8081
2026-03-19 19:00:00+00:00,16275.8081
2026-03-19 19:15:00+00:00,16275.8081
2026-03-19 19:30:00+00:00,16275.8081
2026-03-19 19:45:00+00:00,16275.8081
2026-03-19 20:00:00+00:00,16275.8081
2026-03-19 20:15:00+00:00,16275.8081
2026-03-19 20:30:00+00:00,16113.05
2026-03-19 20:45:00+00:00,16113.05
2026-03-19 21:00:00+00:00,15951.9195
2026-03-19 21:15:00+00:00,15951.9195
2026-03-19 21:30:00+00:00,15951.9195
2026-03-19 21:45:00+00:00,15951.9195
2026-03-19 22:00:00+00:00,15951.9195
2026-03-19 22:15:00+00:00,15951.9195
2026-03-19 22:30:00+00:00,16270.9579
2026-03-19 22:45:00+00:00,16270.9579
2026-03-19 23:00:00+00:00,16270.9579
2026-03-19 23:15:00+00:00,16270.9579
2026-03-19 23:30:00+00:00,16596.377
2026-03-19 23:45:00+00:00,16596.377
2026-03-20 00:00:00+00:00,16596.377
2026-03-20 00:15:00+00:00,16596.377
2026-03-20 00:30:00+00:00,16596.377
2026-03-20 00:45:00+00:00,16596.377
2026-03-20 01:00:00+00:00,16430.4133
2026-03-20 01:15:00+00:00,16430.4133
2026-03-20 01:30:00+00:00,16266.1091
2026-03-20 01:45:00+00:00,16266.1091
2026-03-20 02:00:00+00:00,16266.1091
2026-03-20 02:15:00+00:00,16266.1091
2026-03-20 02:30:00+00:00,16266.1091
2026-03-20 02:45:00+00:00,16266.1091
2026-03-20 03:00:00+00:00,16266.1091
2026-03-20 03:15:00+00:00,16103.4481
2026-03-20 03:30:00+00:00,16103.4481
2026-03-20 03:45:00+00:00,16103.4481
2026-03-20 04:00:00+00:00,15942.4136
2026-03-20 04:15:00+00:00,15942.4136
2026-03-20 04:30:00+00:00,15782.9894
2026-03-20 04:45:00+00:00,15782.9894
2026-03-20 05:00:00+00:00,15782.9894
2026-03-20 05:15:00+00:00,15782.9894
2026-03-20 05:30:00+00:00,15625.1595
2026-03-20 05:45:00+00:00,15625.1595
2026-03-20 06:00:00+00:00,15625.1595
2026-03-20 06:15:00+00:00,15625.1595
2026-03-20 06:30:00+00:00,15625.1595
2026-03-20 06:45:00+00:00,15625.1595
2026-03-20 07:00:00+00:00,15468.9079
2026-03-20 07:15:00+00:00,15468.9079
2026-03-20 07:30:00+00:00,15778.2861
2026-03-20 07:45:00+00:00,15778.2861
2026-03-20 08:00:00+00:00,16093.8518
2026-03-20 08:15:00+00:00,16093.8518
2026-03-20 08:30:00+00:00,16093.8518
2026-03-20 08:45:00+00:00,16093.8518
2026-03-20 09:00:00+00:00,16093.8518
2026-03-20 09:15:00+00:00,16093.8518
2026-03-20 09:30:00+00:00,16093.8518
2026-03-20 09:45:00+00:00,15932.9133
2026-03-20 10:00:00+00:00,15932.9133
2026-03-20 10:15:00+00:00,15932.9133
2026-03-20 10:30:00+00:00,15932.9133
2026-03-20 10:45:00+00:00,15932.9133
2026-03-20 11:00:00+00:00,15932.9133
2026-03-20 11:15:00+00:00,15932.9133
2026-03-20 11:30:00+00:00,15932.9133
2026-03-20 11:45:00+00:00,15773.5842
2026-03-20 12:00:00+00:00,15773.5842
2026-03-20 12:15:00+00:00,15773.5842
2026-03-20 12:30:00+00:00,15615.8483
2026-03-20 12:45:00+00:00,15615.8483
2026-03-20 13:00:00+00:00,15615.8483
2026-03-20 13:15:00+00:00,15615.8483
2026-03-20 13:30:00+00:00,15459.6898
2026-03-20 13:45:00+00:00,15459.6898
2026-03-20 14:00:00+00:00,15459.6898
2026-03-20 14:15:00+00:00,15459.6898
2026-03-20 14:30:00+00:00,15305.093
2026-03-20 14:45:00+00:00,15305.093
2026-03-20 15:00:00+00:00,15305.093
2026-03-20 15:15:00+00:00,15305.093
2026-03-20 15:30:00+00:00,15305.093
2026-03-20 15:45:00+00:00,15305.093
2026-03-20 16:00:00+00:00,15152.042
2026-03-20 16:15:00+00:00,15152.042
2026-03-20 16:30:00+00:00,15152.042
2026-03-20 16:45:00+00:00,15152.042
2026-03-20 17:00:00+00:00,15152.042
2026-03-20 17:15:00+00:00,15152.042
2026-03-20 17:30:00+00:00,15152.042
2026-03-20 17:45:00+00:00,15000.5216
2026-03-20 18:00:00+00:00,15000.5216
2026-03-20 18:15:00+00:00,15300.532
2026-03-20 18:30:00+00:00,15300.532
2026-03-20 18:45:00+00:00,15300.532
2026-03-20 19:00:00+00:00,15300.532
2026-03-20 19:15:00+00:00,15300.532
2026-03-20 19:30:00+00:00,15147.5267
2026-03-20 19:45:00+00:00,15147.5267
2026-03-20 20:00:00+00:00,15147.5267
2026-03-20 20:15:00+00:00,15147.5267
2026-03-20 20:30:00+00:00,15147.5267
2026-03-20 20:45:00+00:00,15147.5267
2026-03-20 21:00:00+00:00,15147.5267
2026-03-20 21:15:00+00:00,14996.0514
2026-03-20 21:30:00+00:00,14996.0514
2026-03-20 21:45:00+00:00,14996.0514
2026-03-20 22:00:00+00:00,14846.0909
2026-03-20 22:15:00+00:00,14846.0909
2026-03-20 22:30:00+00:00,14846.0909
2026-03-20 22:45:00+00:00,14846.0909
2026-03-20 23:00:00+00:00,14846.0909
2026-03-20 23:15:00+00:00,14846.0909
2026-03-20 23:30:00+00:00,14846.0909
2026-03-20 23:45:00+00:00,14846.0909
2026-03-21 00:00:00+00:00,14846.0909
2026-03-21 00:15:00+00:00,14846.0909
2026-03-21 00:30:00+00:00,14846.0909
2026-03-21 00:45:00+00:00,14846.0909
2026-03-21 01:00:00+00:00,14846.0909
2026-03-21 01:15:00+00:00,14846.0909
2026-03-21 01:30:00+00:00,14846.0909
2026-03-21 01:45:00+00:00,14846.0909
2026-03-21 02:00:00+00:00,14846.0909
2026-03-21 02:15:00+00:00,14846.0909
2026-03-21 02:30:00+00:00,14846.0909
2026-03-21 02:45:00+00:00,14846.0909
2026-03-21 03:00:00+00:00,14846.0909
2026-03-21 03:15:00+00:00,14846.0909
2026-03-21 03:30:00+00:00,14846.0909
2026-03-21 03:45:00+00:00,14846.0909
2026-03-21 04:00:00+00:00,14846.0909
2026-03-21 04:15:00+00:00,14846.0909
2026-03-21 04:30:00+00:00,14846.0909
2026-03-21 04:45:00+00:00,14846.0909
2026-03-21 05:00:00+00:00,14846.0909
2026-03-21 05:15:00+00:00,14846.0909
2026-03-21 05:30:00+00:00,14846.0909
2026-03-21 05:45:00+00:00,14846.0909
2026-03-21 06:00:00+00:00,14846.0909
2026-03-21 06:15:00+00:00,14846.0909
2026-03-21 06:30:00+00:00,14846.0909
2026-03-21 06:45:00+00:00,14846.0909
2026-03-21 07:00:00+00:00,14846.0909
2026-03-21 07:15:00+00:00,14697.63
2026-03-21 07:30:00+00:00,14697.63
2026-03-21 07:45:00+00:00,14697.63
2026-03-21 08:00:00+00:00,14697.63
2026-03-21 08:15:00+00:00,14697.63
2026-03-21 08:30:00+00:00,14697.63
2026-03-21 08:45:00+00:00,14697.63
2026-03-21 09:00:00+00:00,14697.63
2026-03-21 09:15:00+00:00,14697.63
2026-03-21 09:30:00+00:00,14697.63
2026-03-21 09:45:00+00:00,14697.63
2026-03-21 10:00:00+00:00,14697.63
2026-03-21 10:15:00+00:00,14697.63
2026-03-21 10:30:00+00:00,14697.63
2026-03-21 10:45:00+00:00,14697.63
2026-03-21 11:00:00+00:00,14697.63
2026-03-21 11:15:00+00:00,14697.63
2026-03-21 11:30:00+00:00,14697.63
2026-03-21 11:45:00+00:00,14697.63
2026-03-21 12:00:00+00:00,14697.63
2026-03-21 12:15:00+00:00,14991.5826
2026-03-21 12:30:00+00:00,14991.5826
2026-03-21 12:45:00+00:00,14991.5826
2026-03-21 13:00:00+00:00,14991.5826
2026-03-21 13:15:00+00:00,14991.5826
2026-03-21 13:30:00+00:00,14991.5826
2026-03-21 13:45:00+00:00,14991.5826
2026-03-21 14:00:00+00:00,15291.4143
2026-03-21 14:15:00+00:00,15291.4143
2026-03-21 14:30:00+00:00,15291.4143
2026-03-21 14:45:00+00:00,15138.5001
2026-03-21 15:00:00+00:00,15138.5001
2026-03-21 15:15:00+00:00,14987.1151
2026-03-21 15:30:00+00:00,14987.1151
2026-03-21 15:45:00+00:00,14987.1151
2026-03-21 16:00:00+00:00,14837.244
2026-03-21 16:15:00+00:00,14837.244
2026-03-21 16:30:00+00:00,14837.244
2026-03-21 16:45:00+00:00,14837.244
2026-03-21 17:00:00+00:00,14837.244
2026-03-21 17:15:00+00:00,14837.244
2026-03-21 17:30:00+00:00,14837.244
2026-03-21 17:45:00+00:00,14837.244
2026-03-21 18:00:00+00:00,14837.244
2026-03-21 18:15:00+00:00,14837.244
2026-03-21 18:30:00+00:00,14837.244
2026-03-21 18:45:00+00:00,14837.244
2026-03-21 19:00:00+00:00,14837.244
2026-03-21 19:15:00+00:00,14837.244
2026-03-21 19:30:00+00:00,14837.244
2026-03-21 19:45:00+00:00,14837.244
2026-03-21 20:00:00+00:00,14837.244
2026-03-21 20:15:00+00:00,14837.244
2026-03-21 20:30:00+00:00,14837.244
2026-03-21 20:45:00+00:00,14837.244
2026-03-21 21:00:00+00:00,14837.244
2026-03-21 21:15:00+00:00,14837.244
2026-03-21 21:30:00+00:00,14837.244
2026-03-21 21:45:00+00:00,14837.244
2026-03-21 22:00:00+00:00,14837.244
2026-03-21 22:15:00+00:00,14837.244
2026-03-21 22:30:00+00:00,14837.244
2026-03-21 22:45:00+00:00,14837.244
2026-03-21 23:00:00+00:00,14688.8715
2026-03-21 23:15:00+00:00,14688.8715
2026-03-21 23:30:00+00:00,14688.8715
2026-03-21 23:45:00+00:00,14982.649
2026-03-22 00:00:00+00:00,14982.649
2026-03-22 00:15:00+00:00,14982.649
2026-03-22 00:30:00+00:00,14982.649
2026-03-22 00:45:00+00:00,14982.649
2026-03-22 01:00:00+00:00,14982.649
2026-03-22 01:15:00+00:00,14982.649
2026-03-22 01:30:00+00:00,14982.649
2026-03-22 01:45:00+00:00,14982.649
2026-03-22 02:00:00+00:00,14982.649
2026-03-22 02:15:00+00:00,14982.649
2026-03-22 02:30:00+00:00,14982.649
2026-03-22 02:45:00+00:00,14982.649
2026-03-22 03:00:00+00:00,14982.649
2026-03-22 03:15:00+00:00,14982.649
2026-03-22 03:30:00+00:00,14982.649
2026-03-22 03:45:00+00:00,14982.649
2026-03-22 04:00:00+00:00,14982.649
2026-03-22 04:15:00+00:00,14982.649
2026-03-22 04:30:00+00:00,14982.649
2026-03-22 04:45:00+00:00,14982.649
2026-03-22 05:00:00+00:00,14982.649
2026-03-22 05:15:00+00:00,14982.649
2026-03-22 05:30:00+00:00,14982.649
2026-03-22 05:45:00+00:00,14982.649
2026-03-22 06:00:00+00:00,14982.649
2026-03-22 06:15:00+00:00,14982.649
2026-03-22 06:30:00+00:00,14982.649
2026-03-22 06:45:00+00:00,14982.649
2026-03-22 07:00:00+00:00,14982.649
2026-03-22 07:15:00+00:00,14982.649
2026-03-22 07:30:00+00:00,14982.649
2026-03-22 07:45:00+00:00,14982.649
2026-03-22 08:00:00+00:00,15282.302
2026-03-22 08:15:00+00:00,15282.302
2026-03-22 08:30:00+00:00,15282.302
2026-03-22 08:45:00+00:00,15282.302
2026-03-22 09:00:00+00:00,15282.302
2026-03-22 09:15:00+00:00,15282.302
2026-03-22 09:30:00+00:00,15282.302
2026-03-22 09:45:00+00:00,15282.302
2026-03-22 10:00:00+00:00,15282.302
2026-03-22 10:15:00+00:00,15282.302
2026-03-22 10:30:00+00:00,15282.302
2026-03-22 10:45:00+00:00,15282.302
2026-03-22 11:00:00+00:00,15282.302
2026-03-22 11:15:00+00:00,15282.302
2026-03-22 11:30:00+00:00,15282.302
2026-03-22 11:45:00+00:00,15282.302
2026-03-22 12:00:00+00:00,15282.302
2026-03-22 12:15:00+00:00,15282.302
2026-03-22 12:30:00+00:00,15282.302
2026-03-22 12:45:00+00:00,15282.302
2026-03-22 13:00:00+00:00,15282.302
2026-03-22 13:15:00+00:00,15282.302
2026-03-22 13:30:00+00:00,15587.948
2026-03-22 13:45:00+00:00,15587.948
2026-03-22 14:00:00+00:00,15587.948
2026-03-22 14:15:00+00:00,15587.948
2026-03-22 14:30:00+00:00,15587.948
2026-03-22 14:45:00+00:00,15587.948
2026-03-22 15:00:00+00:00,15432.0685
2026-03-22 15:15:00+00:00,15432.0685
2026-03-22 15:30:00+00:00,15432.0685
2026-03-22 15:45:00+00:00,15432.0685
2026-03-22 16:00:00+00:00,15432.0685
2026-03-22 16:15:00+00:00,15432.0685
2026-03-22 16:30:00+00:00,15432.0685
2026-03-22 16:45:00+00:00,15432.0685
2026-03-22 17:00:00+00:00,15432.0685
2026-03-22 17:15:00+00:00,15432.0685
2026-03-22 17:30:00+00:00,15432.0685
2026-03-22 17:45:00+00:00,15432.0685
2026-03-22 18:00:00+00:00,15740.7099
2026-03-22 18:15:00+00:00,15740.7099
2026-03-22 18:30:00+00:00,16055.5241
2026-03-22 18:45:00+00:00,16055.5241
2026-03-22 19:00:00+00:00,16055.5241
2026-03-22 19:15:00+00:00,16055.5241
2026-03-22 19:30:00+00:00,16055.5241
2026-03-22 19:45:00+00:00,16055.5241
2026-03-22 20:00:00+00:00,16055.5241
2026-03-22 20:15:00+00:00,16055.5241
2026-03-22 20:30:00+00:00,16055.5241
2026-03-22 20:45:00+00:00,16055.5241
2026-03-22 21:00:00+00:00,16376.6346
2026-03-22 21:15:00+00:00,16376.6346
2026-03-22 21:30:00+00:00,16376.6346
2026-03-22 21:45:00+00:00,16376.6346
2026-03-22 22:00:00+00:00,16376.6346
2026-03-22 22:15:00+00:00,16376.6346
2026-03-22 22:30:00+00:00,16376.6346
2026-03-22 22:45:00+00:00,16212.8682
2026-03-22 23:00:00+00:00,16212.8682
2026-03-22 23:15:00+00:00,16212.8682
2026-03-22 23:30:00+00:00,16537.1256
2026-03-22 23:45:00+00:00,16537.1256
2026-03-23 00:00:00+00:00,16537.1256
2026-03-23 00:15:00+00:00,16537.1256
2026-03-23 00:30:00+00:00,16537.1256
2026-03-23 00:45:00+00:00,16537.1256
2026-03-23 01:00:00+00:00,16537.1256
2026-03-23 01:15:00+00:00,16537.1256
2026-03-23 01:30:00+00:00,16537.1256
2026-03-23 01:45:00+00:00,16537.1256
2026-03-23 02:00:00+00:00,16537.1256
2026-03-23 02:15:00+00:00,16371.7543
2026-03-23 02:30:00+00:00,16371.7543
2026-03-23 02:45:00+00:00,16371.7543
2026-03-23 03:00:00+00:00,16208.0368
2026-03-23 03:15:00+00:00,16208.0368
2026-03-23 03:30:00+00:00,16208.0368
2026-03-23 03:45:00+00:00,16208.0368
2026-03-23 04:00:00+00:00,16208.0368
2026-03-23 04:15:00+00:00,16208.0368
2026-03-23 04:30:00+00:00,16045.9564
2026-03-23 04:45:00+00:00,16045.9564
2026-03-23 05:00:00+00:00,16045.9564
2026-03-23 05:15:00+00:00,16045.9564
2026-03-23 05:30:00+00:00,16045.9564
2026-03-23 05:45:00+00:00,16045.9564
2026-03-23 06:00:00+00:00,16045.9564
2026-03-23 06:15:00+00:00,16045.9564
2026-03-23 06:30:00+00:00,16366.8755
2026-03-23 06:45:00+00:00,16366.8755
2026-03-23 07:00:00+00:00,16366.8755
2026-03-23 07:15:00+00:00,16366.8755
2026-03-23 07:30:00+00:00,16203.2068
2026-03-23 07:45:00+00:00,16203.2068
2026-03-23 08:00:00+00:00,16203.2068
2026-03-23 08:15:00+00:00,16203.2068
2026-03-23 08:30:00+00:00,16203.2068
2026-03-23 08:45:00+00:00,16203.2068
2026-03-23 09:00:00+00:00,16203.2068
2026-03-23 09:15:00+00:00,16203.2068
2026-03-23 09:30:00+00:00,16527.2709
2026-03-23 09:45:00+00:00,16527.2709
2026-03-23 10:00:00+00:00,16527.2709
2026-03-23 10:15:00+00:00,16527.2709
2026-03-23 10:30:00+00:00,16527.2709
2026-03-23 10:45:00+00:00,16527.2709
2026-03-23 11:00:00+00:00,16361.9982
2026-03-23 11:15:00+00:00,16361.9982
2026-03-23 11:30:00+00:00,16361.9982
2026-03-23 11:45:00+00:00,16361.9982
2026-03-23 12:00:00+00:00,16361.9982
2026-03-23 12:15:00+00:00,16361.9982
2026-03-23 12:30:00+00:00,16361.9982
2026-03-23 12:45:00+00:00,16361.9982
2026-03-23 13:00:00+00:00,16361.9982
2026-03-23 13:15:00+00:00,16361.9982
2026-03-23 13:30:00+00:00,16361.9982
2026-03-23 13:45:00+00:00,16361.9982
2026-03-23 14:00:00+00:00,16361.9982
2026-03-23 14:15:00+00:00,16361.9982
2026-03-23 14:30:00+00:00,16361.9982
2026-03-23 14:45:00+00:00,16361.9982
2026-03-23 15:00:00+00:00,16361.9982
2026-03-23 15:15:00+00:00,16361.9982
2026-03-23 15:30:00+00:00,16361.9982
2026-03-23 15:45:00+00:00,16361.9982
2026-03-23 16:00:00+00:00,16361.9982
2026-03-23 16:15:00+00:00,16361.9982
2026-03-23 16:30:00+00:00,16361.9982
2026-03-23 16:45:00+00:00,16361.9982
2026-03-23 17:00:00+00:00,16361.9982
2026-03-23 17:15:00+00:00,16361.9982
2026-03-23 17:30:00+00:00,16361.9982
2026-03-23 17:45:00+00:00,16361.9982
2026-03-23 18:00:00+00:00,16361.9982
2026-03-23 18:15:00+00:00,16361.9982
2026-03-23 18:30:00+00:00,16361.9982
2026-03-23 18:45:00+00:00,16361.9982
2026-03-23 19:00:00+00:00,16361.9982
2026-03-23 19:15:00+00:00,16361.9982
2026-03-23 19:30:00+00:00,16361.9982
2026-03-23 19:45:00+00:00,16361.9982
2026-03-23 20:00:00+00:00,16361.9982
2026-03-23 20:15:00+00:00,16361.9982
2026-03-23 20:30:00+00:00,16361.9982
2026-03-23 20:45:00+00:00,16361.9982
2026-03-23 21:00:00+00:00,16361.9982
2026-03-23 21:15:00+00:00,16361.9982
2026-03-23 21:30:00+00:00,16361.9982
2026-03-23 21:45:00+00:00,16361.9982
2026-03-23 22:00:00+00:00,16361.9982
2026-03-23 22:15:00+00:00,16361.9982
2026-03-23 22:30:00+00:00,16361.9982
2026-03-23 22:45:00+00:00,16361.9982
2026-03-23 23:00:00+00:00,16361.9982
2026-03-23 23:15:00+00:00,16198.3782
2026-03-23 23:30:00+00:00,16198.3782
2026-03-23 23:45:00+00:00,16198.3782
2026-03-24 00:00:00+00:00,16522.3458
2026-03-24 00:15:00+00:00,16522.3458
2026-03-24 00:30:00+00:00,16522.3458
2026-03-24 00:45:00+00:00,16522.3458
2026-03-24 01:00:00+00:00,16357.1223
2026-03-24 01:15:00+00:00,16357.1223
2026-03-24 01:30:00+00:00,16193.5511
2026-03-24 01:45:00+00:00,16193.5511
2026-03-24 02:00:00+00:00,16193.5511
2026-03-24 02:15:00+00:00,16193.5511
2026-03-24 02:30:00+00:00,16193.5511
2026-03-24 02:45:00+00:00,16193.5511
2026-03-24 03:00:00+00:00,16193.5511
2026-03-24 03:15:00+00:00,16193.5511
2026-03-24 03:30:00+00:00,16193.5511
2026-03-24 03:45:00+00:00,16193.5511
2026-03-24 04:00:00+00:00,16193.5511
2026-03-24 04:15:00+00:00,16193.5511
2026-03-24 04:30:00+00:00,16031.6156
2026-03-24 04:45:00+00:00,16031.6156
2026-03-24 05:00:00+00:00,15871.2994
2026-03-24 05:15:00+00:00,15871.2994
2026-03-24 05:30:00+00:00,16188.7254
2026-03-24 05:45:00+00:00,16188.7254
2026-03-24 06:00:00+00:00,16188.7254
2026-03-24 06:15:00+00:00,16188.7254
2026-03-24 06:30:00+00:00,16188.7254
2026-03-24 06:45:00+00:00,16188.7254
2026-03-24 07:00:00+00:00,16512.4999
2026-03-24 07:15:00+00:00,16512.4999
2026-03-24 07:30:00+00:00,16512.4999
2026-03-24 07:45:00+00:00,16842.7499
2026-03-24 08:00:00+00:00,16842.7499
2026-03-24 08:15:00+00:00,16842.7499
2026-03-24 08:30:00+00:00,16842.7499
2026-03-24 08:45:00+00:00,16842.7499
2026-03-24 09:00:00+00:00,16842.7499
2026-03-24 09:15:00+00:00,16842.7499
2026-03-24 09:30:00+00:00,16842.7499
2026-03-24 09:45:00+00:00,16842.7499
2026-03-24 10:00:00+00:00,16842.7499
2026-03-24 10:15:00+00:00,16842.7499
2026-03-24 10:30:00+00:00,16842.7499
2026-03-24 10:45:00+00:00,16842.7499
2026-03-24 11:00:00+00:00,16842.7499
2026-03-24 11:15:00+00:00,16842.7499
2026-03-24 11:30:00+00:00,16842.7499
2026-03-24 11:45:00+00:00,16842.7499
2026-03-24 12:00:00+00:00,16842.7499
2026-03-24 12:15:00+00:00,16842.7499
2026-03-24 12:30:00+00:00,16842.7499
2026-03-24 12:45:00+00:00,16842.7499
2026-03-24 13:00:00+00:00,16674.3224
2026-03-24 13:15:00+00:00,16674.3224
2026-03-24 13:30:00+00:00,16674.3224
2026-03-24 13:45:00+00:00,16674.3224
2026-03-24 14:00:00+00:00,16674.3224
2026-03-24 14:15:00+00:00,16674.3224
2026-03-24 14:30:00+00:00,16507.5792
2026-03-24 14:45:00+00:00,16507.5792
2026-03-24 15:00:00+00:00,16507.5792
2026-03-24 15:15:00+00:00,16837.7308
2026-03-24 15:30:00+00:00,16837.7308
2026-03-24 15:45:00+00:00,16837.7308
2026-03-24 16:00:00+00:00,16837.7308
2026-03-24 16:15:00+00:00,16669.3535
2026-03-24 16:30:00+00:00,16669.3535
2026-03-24 16:45:00+00:00,16669.3535
2026-03-24 17:00:00+00:00,16669.3535
2026-03-24 17:15:00+00:00,16669.3535
2026-03-24 17:30:00+00:00,16669.3535
2026-03-24 17:45:00+00:00,16669.3535
2026-03-24 18:00:00+00:00,16669.3535
2026-03-24 18:15:00+00:00,16669.3535
2026-03-24 18:30:00+00:00,16669.3535
2026-03-24 18:45:00+00:00,16669.3535
2026-03-24 19:00:00+00:00,16669.3535
2026-03-24 19:15:00+00:00,16669.3535
2026-03-24 19:30:00+00:00,16669.3535
2026-03-24 19:45:00+00:00,16669.3535
2026-03-24 20:00:00+00:00,16669.3535
2026-03-24 20:15:00+00:00,16502.66
2026-03-24 20:30:00+00:00,16502.66
2026-03-24 20:45:00+00:00,16502.66
2026-03-24 21:00:00+00:00,16502.66
2026-03-24 21:15:00+00:00,16502.66
2026-03-24 21:30:00+00:00,16337.6334
2026-03-24 21:45:00+00:00,16337.6334
2026-03-24 22:00:00+00:00,16337.6334
2026-03-24 22:15:00+00:00,16337.6334
2026-03-24 22:30:00+00:00,16337.6334
2026-03-24 22:45:00+00:00,16337.6334
2026-03-24 23:00:00+00:00,16174.257
2026-03-24 23:15:00+00:00,16174.257
2026-03-24 23:30:00+00:00,16174.257
2026-03-24 23:45:00+00:00,16174.257
2026-03-25 00:00:00+00:00,16174.257
2026-03-25 00:15:00+00:00,16174.257
2026-03-25 00:30:00+00:00,16012.5145
2026-03-25 00:45:00+00:00,16012.5145
