ts,equity
2025-03-30 01:00:00+00:00,10000.0
2025-03-30 01:15:00+00:00,10000.0
2025-03-30 01:30:00+00:00,10000.0
2025-03-30 01:45:00+00:00,10000.0
2025-03-30 02:00:00+00:00,10000.0
2025-03-30 02:15:00+00:00,10000.0
2025-03-30 02:30:00+00:00,10000.0
2025-03-30 02:45:00+00:00,10000.0
2025-03-30 03:00:00+00:00,10000.0
2025-03-30 03:15:00+00:00,10000.0
2025-03-30 03:30:00+00:00,10000.0
2025-03-30 03:45:00+00:00,10000.0
2025-03-30 04:00:00+00:00,10000.0
2025-03-30 04:15:00+00:00,10000.0
2025-03-30 04:30:00+00:00,10000.0
2025-03-30 04:45:00+00:00,10000.0
2025-03-30 05:00:00+00:00,10000.0
2025-03-30 05:15:00+00:00,10000.0
2025-03-30 05:30:00+00:00,10000.0
2025-03-30 05:45:00+00:00,10000.0
2025-03-30 06:00:00+00:00,10200.0
2025-03-30 06:15:00+00:00,10200.0
2025-03-30 06:30:00+00:00,10200.0
2025-03-30 06:45:00+00:00,10200.0
2025-03-30 07:00:00+00:00,10200.0
2025-03-30 07:15:00+00:00,10200.0
2025-03-30 07:30:00+00:00,10200.0
2025-03-30 07:45:00+00:00,10200.0
2025-03-30 08:00:00+00:00,10200.0
2025-03-30 08:15:00+00:00,10200.0
2025-03-30 08:30:00+00:00,10200.0
2025-03-30 08:45:00+00:00,10200.0
2025-03-30 09:00:00+00:00,10200.0
2025-03-30 09:15:00+00:00,10200.0
2025-03-30 09:30:00+00:00,10200.0
2025-03-30 09:45:00+00:00,10200.0
2025-03-30 10:00:00+00:00,10200.0
2025-03-30 10:15:00+00:00,10200.0
2025-03-30 10:30:00+00:00,10200.0
2025-03-30 10:45:00+00:00,10200.0
2025-03-30 11:00:00+00:00,10200.0
2025-03-30 11:15:00+00:00,10200.0
2025-03-30 11:30:00+00:00,10200.0
2025-03-30 11:45:00+00:00,10200.0
2025-03-30 12:00:00+00:00,10200.0
2025-03-30 12:15:00+00:00,10200.0
2025-03-30 12:30:00+00:00,10200.0
2025-03-30 12:45:00+00:00,10200.0
2025-03-30 13:00:00+00:00,10200.0
2025-03-30 13:15:00+00:00,10200.0
2025-03-30 13:30:00+00:00,10098.0
2025-03-30 13:45:00+00:00,10098.0
2025-03-30 14:00:00+00:00,10098.0
2025-03-30 14:15:00+00:00,10098.0
2025-03-30 14:30:00+00:00,10098.0
2025-03-30 14:45:00+00:00,10098.0
2025-03-30 15:00:00+00:00,10098.0
2025-03-30 15:15:00+00:00,10098.0
2025-03-30 15:30:00+00:00,10098.0
2025-03-30 15:45:00+00:00,10098.0
2025-03-30 16:00:00+00:00,10098.0
2025-03-30 16:15:00+00:00,10098.0
2025-03-30 16:30:00+00:00,10098.0
2025-03-30 16:45:00+00:00,10098.0
2025-03-30 17:00:00+00:00,10098.0
2025-03-30 17:15:00+00:00,9997.02
2025-03-30 17:30:00+00:00,9997.02
2025-03-30 17:45:00+00:00,9997.02
2025-03-30 18:00:00+00:00,9997.02
2025-03-30 18:15:00+00:00,9997.02
2025-03-30 18:30:00+00:00,9997.02
2025-03-30 18:45:00+00:00,9997.02
2025-03-30 19:00:00+00:00,9997.02
2025-03-30 19:15:00+00:00,9997.02
2025-03-30 19:30:00+00:00,9997.02
2025-03-30 19:45:00+00:00,9997.02
2025-03-30 20:00:00+00:00,9997.02
2025-03-30 20:15:00+00:00,9997.02
2025-03-30 20:30:00+00:00,9997.02
2025-03-30 20:45:00+00:00,9997.02
2025-03-30 21:00:00+00:00,9997.02
2025-03-30 21:15:00+00:00,9997.02
2025-03-30 21:30:00+00:00,10196.9604
2025-03-30 21:45:00+00:00,10196.9604
2025-03-30 22:00:00+00:00,10196.9604
2025-03-30 22:15:00+00:00,10196.9604
2025-03-30 22:30:00+00:00,10196.9604
2025-03-30 22:45:00+00:00,10196.9604
2025-03-30 23:00:00+00:00,10196.9604
2025-03-30 23:15:00+00:00,10196.9604
2025-03-30 23:30:00+00:00,10196.9604
2025-03-30 23:45:00+00:00,10196.9604
2025-03-31 00:00:00+00:00,10094.9908
2025-03-31 00:15:00+00:00,10094.9908
2025-03-31 00:30:00+00:00,10094.9908
2025-03-31 00:45:00+00:00,10094.9908
2025-03-31 01:00:00+00:00,10094.9908
2025-03-31 01:15:00+00:00,10094.9908
2025-03-31 01:30:00+00:00,10094.9908
2025-03-31 01:45:00+00:00,10094.9908
2025-03-31 02:00:00+00:00,10094.9908
2025-03-31 02:15:00+00:00,10094.9908
2025-03-31 02:30:00+00:00,10094.9908
2025-03-31 02:45:00+00:00,10094.9908
2025-03-31 03:00:00+00:00,10094.9908
2025-03-31 03:15:00+00:00,10094.9908
2025-03-31 03:30:00+00:00,10094.9908
2025-03-31 03:45:00+00:00,10094.9908
2025-03-31 04:00:00+00:00,10094.9908
2025-03-31 04:15:00+00:00,10094.9908
2025-03-31 04:30:00+00:00,10094.9908
2025-03-31 04:45:00+00:00,10094.9908
2025-03-31 05:00:00+00:00,10094.9908
2025-03-31 05:15:00+00:00,10094.9908
2025-03-31 05:30:00+00:00,10094.9908
2025-03-31 05:45:00+00:00,10094.9908
2025-03-31 06:00:00+00:00,10094.9908
2025-03-31 06:15:00+00:00,10094.9908
2025-03-31 06:30:00+00:00,10094.9908
2025-03-31 06:45:00+00:00,10094.9908
2025-03-31 07:00:00+00:00,10094.9908
2025-03-31 07:15:00+00:00,10094.9908
2025-03-31 07:30:00+00:00,10094.9908
2025-03-31 07:45:00+00:00,10094.9908
2025-03-31 08:00:00+00:00,9994.0409
2025-03-31 08:15:00+00:00,9994.0409
2025-03-31 08:30:00+00:00,9994.0409
2025-03-31 08:45:00+00:00,9994.0409
2025-03-31 09:00:00+00:00,9994.0409
2025-03-31 09:15:00+00:00,9994.0409
2025-03-31 09:30:00+00:00,10193.9217
2025-03-31 09:45:00+00:00,10193.9217
2025-03-31 10:00:00+00:00,10193.9217
2025-03-31 10:15:00+00:00,10193.9217
2025-03-31 10:30:00+00:00,10193.9217
2025-03-31 10:45:00+00:00,10193.9217
2025-03-31 11:00:00+00:00,10193.9217
2025-03-31 11:15:00+00:00,10193.9217
2025-03-31 11:30:00+00:00,10193.9217
2025-03-31 11:45:00+00:00,10193.9217
2025-03-31 12:00:00+00:00,10193.9217
2025-03-31 12:15:00+00:00,10193.9217
2025-03-31 12:30:00+00:00,10091.9825
2025-03-31 12:45:00+00:00,10091.9825
2025-03-31 13:00:00+00:00,10091.9825
2025-03-31 13:15:00+00:00,10091.9825
2025-03-31 13:30:00+00:00,10091.9825
2025-03-31 13:45:00+00:00,10091.9825
2025-03-31 14:00:00+00:00,10091.9825
2025-03-31 14:15:00+00:00,10091.9825
2025-03-31 14:30:00+00:00,10091.9825
2025-03-31 14:45:00+00:00,10091.9825
2025-03-31 15:00:00+00:00,10091.9825
2025-03-31 15:15:00+00:00,10091.9825
2025-03-31 15:30:00+00:00,10091.9825
2025-03-31 15:45:00+00:00,10091.9825
2025-03-31 16:00:00+00:00,10091.9825
2025-03-31 16:15:00+00:00,10091.9825
2025-03-31 16:30:00+00:00,10091.9825
2025-03-31 16:45:00+00:00,10091.9825
2025-03-31 17:00:00+00:00,10091.9825
2025-03-31 17:15:00+00:00,10091.9825
2025-03-31 17:30:00+00:00,10091.9825
2025-03-31 17:45:00+00:00,10091.9825
2025-03-31 18:00:00+00:00,10091.9825
2025-03-31 18:15:00+00:00,10091.9825
2025-03-31 18:30:00+00:00,10091.9825
2025-03-31 18:45:00+00:00,10091.9825
2025-03-31 19:00:00+00:00,10091.9825
2025-03-31 19:15:00+00:00,10091.9825
2025-03-31 19:30:00+00:00,10091.9825
2025-03-31 19:45:00+00:00,9991.0627
2025-03-31 20:00:00+00:00,9991.0627
2025-03-31 20:15:00+00:00,9991.0627
2025-03-31 20:30:00+00:00,9991.0627
2025-03-31 20:45:00+00:00,9991.0627
2025-03-31 21:00:00+00:00,9991.0627
2025-03-31 21:15:00+00:00,9991.0627
2025-03-31 21:30:00+00:00,9991.0627
2025-03-31 21:45:00+00:00,9991.0627
2025-03-31 22:00:00+00:00,9991.0627
2025-03-31 22:15:00+00:00,9991.0627
2025-03-31 22:30:00+00:00,9991.0627
2025-03-31 22:45:00+00:00,9991.0627
2025-03-31 23:00:00+00:00,9991.0627
2025-03-31 23:15:00+00:00,9991.0627
2025-03-31 23:30:00+00:00,9991.0627
2025-03-31 23:45:00+00:00,9991.0627
2025-04-01 00:00:00+00:00,9991.0627
2025-04-01 00:15:00+00:00,9991.0627
2025-04-01 00:30:00+00:00,9991.0627
2025-04-01 00:45:00+00:00,9991.0627
2025-04-01 01:00:00+00:00,9991.0627
2025-04-01 01:15:00+00:00,9991.0627
2025-04-01 01:30:00+00:00,9991.0627
2025-04-01 01:45:00+00:00,9991.0627
2025-04-01 02:00:00+00:00,9991.0627
2025-04-01 02:15:00+00:00,9991.0627
2025-04-01 02:30:00+00:00,9991.0627
2025-04-01 02:45:00+00:00,9991.0627
2025-04-01 03:00:00+00:00,9991.0627
2025-04-01 03:15:00+00:00,9991.0627
2025-04-01 03:30:00+00:00,9991.0627
2025-04-01 03:45:00+00:00,9991.0627
2025-04-01 04:00:00+00:00,9991.0627
2025-04-01 04:15:00+00:00,9991.0627
2025-04-01 04:30:00+00:00,9991.0627
2025-04-01 04:45:00+00:00,9991.0627
2025-04-01 05:00:00+00:00,9991.0627
2025-04-01 05:15:00+00:00,9991.0627
2025-04-01 05:30:00+00:00,9991.0627
2025-04-01 05:45:00+00:00,9991.0627
2025-04-01 06:00:00+00:00,9991.0627
2025-04-01 06:15:00+00:00,9991.0627
2025-04-01 06:30:00+00:00,9991.0627
2025-04-01 06:45:00+00:00,9991.0627
2025-04-01 07:00:00+00:00,9991.0627
2025-04-01 07:15:00+00:00,9991.0627
2025-04-01 07:30:00+00:00,9991.0627
2025-04-01 07:45:00+00:00,9991.0627
2025-04-01 08:00:00+00:00,9991.0627
2025-04-01 08:15:00+00:00,9991.0627
2025-04-01 08:30:00+00:00,9991.0627
2025-04-01 08:45:00+00:00,9991.0627
2025-04-01 09:00:00+00:00,9991.0627
2025-04-01 09:15:00+00:00,9991.0627
2025-04-01 09:30:00+00:00,9991.0627
2025-04-01 09:45:00+00:00,9991.0627
2025-04-01 10:00:00+00:00,9991.0627
2025-04-01 10:15:00+00:00,9991.0627
2025-04-01 10:30:00+00:00,9991.0627
2025-04-01 10:45:00+00:00,9991.0627
2025-04-01 11:00:00+00:00,9991.0627
2025-04-01 11:15:00+00:00,9991.0627
2025-04-01 11:30:00+00:00,9991.0627
2025-04-01 11:45:00+00:00,9991.0627
2025-04-01 12:00:00+00:00,9991.0627
2025-04-01 12:15:00+00:00,9991.0627
2025-04-01 12:30:00+00:00,9991.0627
2025-04-01 12:45:00+00:00,9991.0627
2025-04-01 13:00:00+00:00,9991.0627
2025-04-01 13:15:00+00:00,9991.0627
2025-04-01 13:30:00+00:00,9991.0627
2025-04-01 13:45:00+00:00,9991.0627
2025-04-01 14:00:00+00:00,9991.0627
2025-04-01 14:15:00+00:00,9991.0627
2025-04-01 14:30:00+00:00,9991.0627
2025-04-01 14:45:00+00:00,9991.0627
2025-04-01 15:00:00+00:00,10190.8839
2025-04-01 15:15:00+00:00,10190.8839
2025-04-01 15:30:00+00:00,10190.8839
2025-04-01 15:45:00+00:00,10190.8839
2025-04-01 16:00:00+00:00,10190.8839
2025-04-01 16:15:00+00:00,10190.8839
2025-04-01 16:30:00+00:00,10190.8839
2025-04-01 16:45:00+00:00,10190.8839
2025-04-01 17:00:00+00:00,10190.8839
2025-04-01 17:15:00+00:00,10190.8839
2025-04-01 17:30:00+00:00,10190.8839
2025-04-01 17:45:00+00:00,10190.8839
2025-04-01 18:00:00+00:00,10190.8839
2025-04-01 18:15:00+00:00,10088.9751
2025-04-01 18:30:00+00:00,10088.9751
2025-04-01 18:45:00+00:00,10088.9751
2025-04-01 19:00:00+00:00,10088.9751
2025-04-01 19:15:00+00:00,10088.9751
2025-04-01 19:30:00+00:00,10088.9751
2025-04-01 19:45:00+00:00,10088.9751
2025-04-01 20:00:00+00:00,10088.9751
2025-04-01 20:15:00+00:00,10088.9751
2025-04-01 20:30:00+00:00,10088.9751
2025-04-01 20:45:00+00:00,10088.9751
2025-04-01 21:00:00+00:00,10088.9751
2025-04-01 21:15:00+00:00,10088.9751
2025-04-01 21:30:00+00:00,10088.9751
2025-04-01 21:45:00+00:00,10088.9751
2025-04-01 22:00:00+00:00,10088.9751
2025-04-01 22:15:00+00:00,10088.9751
2025-04-01 22:30:00+00:00,10088.9751
2025-04-01 22:45:00+00:00,10088.9751
2025-04-01 23:00:00+00:00,10088.9751
2025-04-01 23:15:00+00:00,10088.9751
2025-04-01 23:30:00+00:00,10088.9751
2025-04-01 23:45:00+00:00,10088.9751
2025-04-02 00:00:00+00:00,10088.9751
2025-04-02 00:15:00+00:00,10088.9751
2025-04-02 00:30:00+00:00,10088.9751
2025-04-02 00:45:00+00:00,10088.9751
2025-04-02 01:00:00+00:00,10088.9751
2025-04-02 01:15:00+00:00,10088.9751
2025-04-02 01:30:00+00:00,10088.9751
2025-04-02 01:45:00+00:00,10088.9751
2025-04-02 02:00:00+00:00,10088.9751
2025-04-02 02:15:00+00:00,10088.9751
2025-04-02 02:30:00+00:00,10088.9751
2025-04-02 02:45:00+00:00,10088.9751
2025-04-02 03:00:00+00:00,10088.9751
2025-04-02 03:15:00+00:00,9988.0853
2025-04-02 03:30:00+00:00,9988.0853
2025-04-02 03:45:00+00:00,9988.0853
2025-04-02 04:00:00+00:00,9988.0853
2025-04-02 04:15:00+00:00,9988.0853
2025-04-02 04:30:00+00:00,9888.2045
2025-04-02 04:45:00+00:00,9888.2045
2025-04-02 05:00:00+00:00,9789.3224
2025-04-02 05:15:00+00:00,9789.3224
2025-04-02 05:30:00+00:00,9789.3224
2025-04-02 05:45:00+00:00,9789.3224
2025-04-02 06:00:00+00:00,9789.3224
2025-04-02 06:15:00+00:00,9789.3224
2025-04-02 06:30:00+00:00,9789.3224
2025-04-02 06:45:00+00:00,9789.3224
2025-04-02 07:00:00+00:00,9789.3224
2025-04-02 07:15:00+00:00,9789.3224
2025-04-02 07:30:00+00:00,9789.3224
2025-04-02 07:45:00+00:00,9789.3224
2025-04-02 08:00:00+00:00,9789.3224
2025-04-02 08:15:00+00:00,9789.3224
2025-04-02 08:30:00+00:00,9789.3224
2025-04-02 08:45:00+00:00,9789.3224
2025-04-02 09:00:00+00:00,9789.3224
2025-04-02 09:15:00+00:00,9789.3224
2025-04-02 09:30:00+00:00,9789.3224
2025-04-02 09:45:00+00:00,9789.3224
2025-04-02 10:00:00+00:00,9789.3224
2025-04-02 10:15:00+00:00,9789.3224
2025-04-02 10:30:00+00:00,9789.3224
2025-04-02 10:45:00+00:00,9789.3224
2025-04-02 11:00:00+00:00,9789.3224
2025-04-02 11:15:00+00:00,9789.3224
2025-04-02 11:30:00+00:00,9789.3224
2025-04-02 11:45:00+00:00,9789.3224
2025-04-02 12:00:00+00:00,9789.3224
2025-04-02 12:15:00+00:00,9789.3224
2025-04-02 12:30:00+00:00,9789.3224
2025-04-02 12:45:00+00:00,9789.3224
2025-04-02 13:00:00+00:00,9789.3224
2025-04-02 13:15:00+00:00,9789.3224
2025-04-02 13:30:00+00:00,9691.4292
2025-04-02 13:45:00+00:00,9691.4292
2025-04-02 14:00:00+00:00,9691.4292
2025-04-02 14:15:00+00:00,9691.4292
2025-04-02 14:30:00+00:00,9691.4292
2025-04-02 14:45:00+00:00,9691.4292
2025-04-02 15:00:00+00:00,9691.4292
2025-04-02 15:15:00+00:00,9885.2578
2025-04-02 15:30:00+00:00,9885.2578
2025-04-02 15:45:00+00:00,9885.2578
2025-04-02 16:00:00+00:00,9885.2578
2025-04-02 16:15:00+00:00,9885.2578
2025-04-02 16:30:00+00:00,9885.2578
2025-04-02 16:45:00+00:00,9885.2578
2025-04-02 17:00:00+00:00,9885.2578
2025-04-02 17:15:00+00:00,9885.2578
2025-04-02 17:30:00+00:00,9885.2578
2025-04-02 17:45:00+00:00,9885.2578
2025-04-02 18:00:00+00:00,9885.2578
2025-04-02 18:15:00+00:00,9885.2578
2025-04-02 18:30:00+00:00,9885.2578
2025-04-02 18:45:00+00:00,9885.2578
2025-04-02 19:00:00+00:00,9885.2578
2025-04-02 19:15:00+00:00,9885.2578
2025-04-02 19:30:00+00:00,9885.2578
2025-04-02 19:45:00+00:00,9885.2578
2025-04-02 20:00:00+00:00,9885.2578
2025-04-02 20:15:00+00:00,9885.2578
2025-04-02 20:30:00+00:00,9885.2578
2025-04-02 20:45:00+00:00,9885.2578
2025-04-02 21:00:00+00:00,9885.2578
2025-04-02 21:15:00+00:00,9885.2578
2025-04-02 21:30:00+00:00,9885.2578
2025-04-02 21:45:00+00:00,9885.2578
2025-04-02 22:00:00+00:00,9885.2578
2025-04-02 22:15:00+00:00,9885.2578
2025-04-02 22:30:00+00:00,9885.2578
2025-04-02 22:45:00+00:00,9885.2578
2025-04-02 23:00:00+00:00,9885.2578
2025-04-02 23:15:00+00:00,9885.2578
2025-04-02 23:30:00+00:00,9885.2578
2025-04-02 23:45:00+00:00,9885.2578
2025-04-03 00:00:00+00:00,9885.2578
2025-04-03 00:15:00+00:00,9885.2578
2025-04-03 00:30:00+00:00,9885.2578
2025-04-03 00:45:00+00:00,9885.2578
2025-04-03 01:00:00+00:00,9885.2578
2025-04-03 01:15:00+00:00,9885.2578
2025-04-03 01:30:00+00:00,9885.2578
2025-04-03 01:45:00+00:00,9885.2578
2025-04-03 02:00:00+00:00,9885.2578
2025-04-03 02:15:00+00:00,9885.2578
2025-04-03 02:30:00+00:00,9885.2578
2025-04-03 02:45:00+00:00,9885.2578
2025-04-03 03:00:00+00:00,9885.2578
2025-04-03 03:15:00+00:00,9885.2578
2025-04-03 03:30:00+00:00,9885.2578
2025-04-03 03:45:00+00:00,9885.2578
2025-04-03 04:00:00+00:00,9885.2578
2025-04-03 04:15:00+00:00,9885.2578
2025-04-03 04:30:00+00:00,9885.2578
2025-04-03 04:45:00+00:00,9885.2578
2025-04-03 05:00:00+00:00,9885.2578
2025-04-03 05:15:00+00:00,9885.2578
2025-04-03 05:30:00+00:00,9885.2578
2025-04-03 05:45:00+00:00,9885.2578
2025-04-03 06:00:00+00:00,9885.2578
2025-04-03 06:15:00+00:00,9885.2578
2025-04-03 06:30:00+00:00,9885.2578
2025-04-03 06:45:00+00:00,9885.2578
2025-04-03 07:00:00+00:00,9885.2578
2025-04-03 07:15:00+00:00,9885.2578
2025-04-03 07:30:00+00:00,9885.2578
2025-04-03 07:45:00+00:00,9885.2578
2025-04-03 08:00:00+00:00,9885.2578
2025-04-03 08:15:00+00:00,9885.2578
2025-04-03 08:30:00+00:00,9885.2578
2025-04-03 08:45:00+00:00,9885.2578
2025-04-03 09:00:00+00:00,9885.2578
2025-04-03 09:15:00+00:00,9885.2578
2025-04-03 09:30:00+00:00,9885.2578
2025-04-03 09:45:00+00:00,9885.2578
2025-04-03 10:00:00+00:00,9885.2578
2025-04-03 10:15:00+00:00,9885.2578
2025-04-03 10:30:00+00:00,9885.2578
2025-04-03 10:45:00+00:00,9885.2578
2025-04-03 11:00:00+00:00,9885.2578
2025-04-03 11:15:00+00:00,9885.2578
2025-04-03 11:30:00+00:00,9885.2578
2025-04-03 11:45:00+00:00,9885.2578
2025-04-03 12:00:00+00:00,9885.2578
2025-04-03 12:15:00+00:00,9885.2578
2025-04-03 12:30:00+00:00,9885.2578
2025-04-03 12:45:00+00:00,9885.2578
2025-04-03 13:00:00+00:00,9885.2578
2025-04-03 13:15:00+00:00,9885.2578
2025-04-03 13:30:00+00:00,9885.2578
2025-04-03 13:45:00+00:00,9885.2578
2025-04-03 14:00:00+00:00,9885.2578
2025-04-03 14:15:00+00:00,9885.2578
2025-04-03 14:30:00+00:00,9885.2578
2025-04-03 14:45:00+00:00,9885.2578
2025-04-03 15:00:00+00:00,9885.2578
2025-04-03 15:15:00+00:00,9885.2578
2025-04-03 15:30:00+00:00,9885.2578
2025-04-03 15:45:00+00:00,9885.2578
2025-04-03 16:00:00+00:00,9885.2578
2025-04-03 16:15:00+00:00,9885.2578
2025-04-03 16:30:00+00:00,9885.2578
2025-04-03 16:45:00+00:00,9885.2578
2025-04-03 17:00:00+00:00,9885.2578
2025-04-03 17:15:00+00:00,9885.2578
2025-04-03 17:30:00+00:00,9885.2578
2025-04-03 17:45:00+00:00,9885.2578
2025-04-03 18:00:00+00:00,9885.2578
2025-04-03 18:15:00+00:00,9885.2578
2025-04-03 18:30:00+00:00,9885.2578
2025-04-03 18:45:00+00:00,9885.2578
2025-04-03 19:00:00+00:00,9885.2578
2025-04-03 19:15:00+00:00,9885.2578
2025-04-03 19:30:00+00:00,9885.2578
2025-04-03 19:45:00+00:00,9885.2578
2025-04-03 20:00:00+00:00,9885.2578
2025-04-03 20:15:00+00:00,9885.2578
2025-04-03 20:30:00+00:00,9885.2578
2025-04-03 20:45:00+00:00,9885.2578
2025-04-03 21:00:00+00:00,9885.2578
2025-04-03 21:15:00+00:00,9885.2578
2025-04-03 21:30:00+00:00,9885.2578
2025-04-03 21:45:00+00:00,9885.2578
2025-04-03 22:00:00+00:00,9885.2578
2025-04-03 22:15:00+00:00,9885.2578
2025-04-03 22:30:00+00:00,9885.2578
2025-04-03 22:45:00+00:00,9885.2578
2025-04-03 23:00:00+00:00,9885.2578
2025-04-03 23:15:00+00:00,9885.2578
2025-04-03 23:30:00+00:00,9885.2578
2025-04-03 23:45:00+00:00,9885.2578
2025-04-04 00:00:00+00:00,9885.2578
2025-04-04 00:15:00+00:00,9885.2578
2025-04-04 00:30:00+00:00,9885.2578
2025-04-04 00:45:00+00:00,9885.2578
2025-04-04 01:00:00+00:00,9885.2578
2025-04-04 01:15:00+00:00,9885.2578
2025-04-04 01:30:00+00:00,9885.2578
2025-04-04 01:45:00+00:00,9885.2578
2025-04-04 02:00:00+00:00,9885.2578
2025-04-04 02:15:00+00:00,9885.2578
2025-04-04 02:30:00+00:00,9885.2578
2025-04-04 02:45:00+00:00,9885.2578
2025-04-04 03:00:00+00:00,9885.2578
2025-04-04 03:15:00+00:00,9885.2578
2025-04-04 03:30:00+00:00,9885.2578
2025-04-04 03:45:00+00:00,9885.2578
2025-04-04 04:00:00+00:00,9885.2578
2025-04-04 04:15:00+00:00,9885.2578
2025-04-04 04:30:00+00:00,9885.2578
2025-04-04 04:45:00+00:00,9885.2578
2025-04-04 05:00:00+00:00,9885.2578
2025-04-04 05:15:00+00:00,9885.2578
2025-04-04 05:30:00+00:00,9885.2578
2025-04-04 05:45:00+00:00,9885.2578
2025-04-04 06:00:00+00:00,9885.2578
2025-04-04 06:15:00+00:00,9885.2578
2025-04-04 06:30:00+00:00,9885.2578
2025-04-04 06:45:00+00:00,9885.2578
2025-04-04 07:00:00+00:00,9885.2578
2025-04-04 07:15:00+00:00,9885.2578
2025-04-04 07:30:00+00:00,9885.2578
2025-04-04 07:45:00+00:00,9885.2578
2025-04-04 08:00:00+00:00,9885.2578
2025-04-04 08:15:00+00:00,9885.2578
2025-04-04 08:30:00+00:00,9885.2578
2025-04-04 08:45:00+00:00,9885.2578
2025-04-04 09:00:00+00:00,9885.2578
2025-04-04 09:15:00+00:00,9885.2578
2025-04-04 09:30:00+00:00,9885.2578
2025-04-04 09:45:00+00:00,9885.2578
2025-04-04 10:00:00+00:00,9885.2578
2025-04-04 10:15:00+00:00,9885.2578
2025-04-04 10:30:00+00:00,9885.2578
2025-04-04 10:45:00+00:00,9885.2578
2025-04-04 11:00:00+00:00,9885.2578
2025-04-04 11:15:00+00:00,9885.2578
2025-04-04 11:30:00+00:00,9885.2578
2025-04-04 11:45:00+00:00,9885.2578
2025-04-04 12:00:00+00:00,9885.2578
2025-04-04 12:15:00+00:00,9885.2578
2025-04-04 12:30:00+00:00,9885.2578
2025-04-04 12:45:00+00:00,9885.2578
2025-04-04 13:00:00+00:00,9885.2578
2025-04-04 13:15:00+00:00,9885.2578
2025-04-04 13:30:00+00:00,9885.2578
2025-04-04 13:45:00+00:00,9885.2578
2025-04-04 14:00:00+00:00,9885.2578
2025-04-04 14:15:00+00:00,9885.2578
2025-04-04 14:30:00+00:00,9885.2578
2025-04-04 14:45:00+00:00,9885.2578
2025-04-04 15:00:00+00:00,9885.2578
2025-04-04 15:15:00+00:00,9885.2578
2025-04-04 15:30:00+00:00,9885.2578
2025-04-04 15:45:00+00:00,9885.2578
2025-04-04 16:00:00+00:00,9885.2578
2025-04-04 16:15:00+00:00,9885.2578
2025-04-04 16:30:00+00:00,9885.2578
2025-04-04 16:45:00+00:00,9885.2578
2025-04-04 17:00:00+00:00,9885.2578
2025-04-04 17:15:00+00:00,9885.2578
2025-04-04 17:30:00+00:00,9885.2578
2025-04-04 17:45:00+00:00,9885.2578
2025-04-04 18:00:00+00:00,9885.2578
2025-04-04 18:15:00+00:00,9885.2578
2025-04-04 18:30:00+00:00,9885.2578
2025-04-04 18:45:00+00:00,9885.2578
2025-04-04 19:00:00+00:00,9885.2578
2025-04-04 19:15:00+00:00,9885.2578
2025-04-04 19:30:00+00:00,9885.2578
2025-04-04 19:45:00+00:00,9885.2578
2025-04-04 20:00:00+00:00,9885.2578
2025-04-04 20:15:00+00:00,9885.2578
2025-04-04 20:30:00+00:00,9885.2578
2025-04-04 20:45:00+00:00,9885.2578
2025-04-04 21:00:00+00:00,9885.2578
2025-04-04 21:15:00+00:00,9885.2578
2025-04-04 21:30:00+00:00,9885.2578
2025-04-04 21:45:00+00:00,9885.2578
2025-04-04 22:00:00+00:00,9885.2578
2025-04-04 22:15:00+00:00,9885.2578
2025-04-04 22:30:00+00:00,9885.2578
2025-04-04 22:45:00+00:00,9885.2578
2025-04-04 23:00:00+00:00,9885.2578
2025-04-04 23:15:00+00:00,9885.2578
2025-04-04 23:30:00+00:00,9885.2578
2025-04-04 23:45:00+00:00,9885.2578
2025-04-05 00:00:00+00:00,9885.2578
2025-04-05 00:15:00+00:00,9885.2578
2025-04-05 00:30:00+00:00,9885.2578
2025-04-05 00:45:00+00:00,9885.2578
2025-04-05 01:00:00+00:00,9885.2578
2025-04-05 01:15:00+00:00,9885.2578
2025-04-05 01:30:00+00:00,9885.2578
2025-04-05 01:45:00+00:00,9885.2578
2025-04-05 02:00:00+00:00,9885.2578
2025-04-05 02:15:00+00:00,9885.2578
2025-04-05 02:30:00+00:00,9885.2578
2025-04-05 02:45:00+00:00,9885.2578
2025-04-05 03:00:00+00:00,9885.2578
2025-04-05 03:15:00+00:00,9786.4052
2025-04-05 03:30:00+00:00,9786.4052
2025-04-05 03:45:00+00:00,9786.4052
2025-04-05 04:00:00+00:00,9786.4052
2025-04-05 04:15:00+00:00,9786.4052
2025-04-05 04:30:00+00:00,9786.4052
2025-04-05 04:45:00+00:00,9786.4052
2025-04-05 05:00:00+00:00,9786.4052
2025-04-05 05:15:00+00:00,9786.4052
2025-04-05 05:30:00+00:00,9786.4052
2025-04-05 05:45:00+00:00,9786.4052
2025-04-05 06:00:00+00:00,9786.4052
2025-04-05 06:15:00+00:00,9786.4052
2025-04-05 06:30:00+00:00,9786.4052
2025-04-05 06:45:00+00:00,9786.4052
2025-04-05 07:00:00+00:00,9786.4052
2025-04-05 07:15:00+00:00,9786.4052
2025-04-05 07:30:00+00:00,9786.4052
2025-04-05 07:45:00+00:00,9786.4052
2025-04-05 08:00:00+00:00,9786.4052
2025-04-05 08:15:00+00:00,9786.4052
2025-04-05 08:30:00+00:00,9786.4052
2025-04-05 08:45:00+00:00,9786.4052
2025-04-05 09:00:00+00:00,9786.4052
2025-04-05 09:15:00+00:00,9786.4052
2025-04-05 09:30:00+00:00,9786.4052
2025-04-05 09:45:00+00:00,9786.4052
2025-04-05 10:00:00+00:00,9786.4052
2025-04-05 10:15:00+00:00,9786.4052
2025-04-05 10:30:00+00:00,9786.4052
2025-04-05 10:45:00+00:00,9786.4052
2025-04-05 11:00:00+00:00,9786.4052
2025-04-05 11:15:00+00:00,9786.4052
2025-04-05 11:30:00+00:00,9786.4052
2025-04-05 11:45:00+00:00,9786.4052
2025-04-05 12:00:00+00:00,9786.4052
2025-04-05 12:15:00+00:00,9786.4052
2025-04-05 12:30:00+00:00,9786.4052
2025-04-05 12:45:00+00:00,9786.4052
2025-04-05 13:00:00+00:00,9786.4052
2025-04-05 13:15:00+00:00,9786.4052
2025-04-05 13:30:00+00:00,9786.4052
2025-04-05 13:45:00+00:00,9786.4052
2025-04-05 14:00:00+00:00,9786.4052
2025-04-05 14:15:00+00:00,9786.4052
2025-04-05 14:30:00+00:00,9786.4052
2025-04-05 14:45:00+00:00,9786.4052
2025-04-05 15:00:00+00:00,9786.4052
2025-04-05 15:15:00+00:00,9786.4052
2025-04-05 15:30:00+00:00,9786.4052
2025-04-05 15:45:00+00:00,9786.4052
2025-04-05 16:00:00+00:00,9786.4052
2025-04-05 16:15:00+00:00,9786.4052
2025-04-05 16:30:00+00:00,9786.4052
2025-04-05 16:45:00+00:00,9786.4052
2025-04-05 17:00:00+00:00,9786.4052
2025-04-05 17:15:00+00:00,9786.4052
2025-04-05 17:30:00+00:00,9786.4052
2025-04-05 17:45:00+00:00,9786.4052
2025-04-05 18:00:00+00:00,9786.4052
2025-04-05 18:15:00+00:00,9786.4052
2025-04-05 18:30:00+00:00,9786.4052
2025-04-05 18:45:00+00:00,9786.4052
2025-04-05 19:00:00+00:00,9786.4052
2025-04-05 19:15:00+00:00,9786.4052
2025-04-05 19:30:00+00:00,9786.4052
2025-04-05 19:45:00+00:00,9786.4052
2025-04-05 20:00:00+00:00,9786.4052
2025-04-05 20:15:00+00:00,9786.4052
2025-04-05 20:30:00+00:00,9688.5412
2025-04-05 20:45:00+00:00,9688.5412
2025-04-05 21:00:00+00:00,9688.5412
2025-04-05 21:15:00+00:00,9688.5412
2025-04-05 21:30:00+00:00,9688.5412
2025-04-05 21:45:00+00:00,9688.5412
2025-04-05 22:00:00+00:00,9591.6557
2025-04-05 22:15:00+00:00,9591.6557
2025-04-05 22:30:00+00:00,9591.6557
2025-04-05 22:45:00+00:00,9591.6557
2025-04-05 23:00:00+00:00,9591.6557
2025-04-05 23:15:00+00:00,9591.6557
2025-04-05 23:30:00+00:00,9591.6557
2025-04-05 23:45:00+00:00,9591.6557
2025-04-06 00:00:00+00:00,9591.6557
2025-04-06 00:15:00+00:00,9591.6557
2025-04-06 00:30:00+00:00,9591.6557
2025-04-06 00:45:00+00:00,9591.6557
2025-04-06 01:00:00+00:00,9591.6557
2025-04-06 01:15:00+00:00,9591.6557
2025-04-06 01:30:00+00:00,9591.6557
2025-04-06 01:45:00+00:00,9591.6557
2025-04-06 02:00:00+00:00,9591.6557
2025-04-06 02:15:00+00:00,9591.6557
2025-04-06 02:30:00+00:00,9591.6557
2025-04-06 02:45:00+00:00,9591.6557
2025-04-06 03:00:00+00:00,9591.6557
2025-04-06 03:15:00+00:00,9591.6557
2025-04-06 03:30:00+00:00,9591.6557
2025-04-06 03:45:00+00:00,9591.6557
2025-04-06 04:00:00+00:00,9591.6557
2025-04-06 04:15:00+00:00,9591.6557
2025-04-06 04:30:00+00:00,9591.6557
2025-04-06 04:45:00+00:00,9591.6557
2025-04-06 05:00:00+00:00,9591.6557
2025-04-06 05:15:00+00:00,9591.6557
2025-04-06 05:30:00+00:00,9591.6557
2025-04-06 05:45:00+00:00,9591.6557
2025-04-06 06:00:00+00:00,9591.6557
2025-04-06 06:15:00+00:00,9591.6557
2025-04-06 06:30:00+00:00,9591.6557
2025-04-06 06:45:00+00:00,9591.6557
2025-04-06 07:00:00+00:00,9591.6557
2025-04-06 07:15:00+00:00,9591.6557
2025-04-06 07:30:00+00:00,9591.6557
2025-04-06 07:45:00+00:00,9591.6557
2025-04-06 08:00:00+00:00,9591.6557
2025-04-06 08:15:00+00:00,9591.6557
2025-04-06 08:30:00+00:00,9591.6557
2025-04-06 08:45:00+00:00,9591.6557
2025-04-06 09:00:00+00:00,9591.6557
2025-04-06 09:15:00+00:00,9591.6557
2025-04-06 09:30:00+00:00,9591.6557
2025-04-06 09:45:00+00:00,9591.6557
2025-04-06 10:00:00+00:00,9591.6557
2025-04-06 10:15:00+00:00,9591.6557
2025-04-06 10:30:00+00:00,9591.6557
2025-04-06 10:45:00+00:00,9591.6557
2025-04-06 11:00:00+00:00,9591.6557
2025-04-06 11:15:00+00:00,9591.6557
2025-04-06 11:30:00+00:00,9591.6557
2025-04-06 11:45:00+00:00,9591.6557
2025-04-06 12:00:00+00:00,9495.7392
2025-04-06 12:15:00+00:00,9495.7392
2025-04-06 12:30:00+00:00,9495.7392
2025-04-06 12:45:00+00:00,9495.7392
2025-04-06 13:00:00+00:00,9495.7392
2025-04-06 13:15:00+00:00,9495.7392
2025-04-06 13:30:00+00:00,9495.7392
2025-04-06 13:45:00+00:00,9495.7392
2025-04-06 14:00:00+00:00,9495.7392
2025-04-06 14:15:00+00:00,9495.7392
2025-04-06 14:30:00+00:00,9495.7392
2025-04-06 14:45:00+00:00,9495.7392
2025-04-06 15:00:00+00:00,9400.7818
2025-04-06 15:15:00+00:00,9400.7818
2025-04-06 15:30:00+00:00,9400.7818
2025-04-06 15:45:00+00:00,9400.7818
2025-04-06 16:00:00+00:00,9400.7818
2025-04-06 16:15:00+00:00,9400.7818
2025-04-06 16:30:00+00:00,9588.7974
2025-04-06 16:45:00+00:00,9588.7974
2025-04-06 17:00:00+00:00,9588.7974
2025-04-06 17:15:00+00:00,9588.7974
2025-04-06 17:30:00+00:00,9588.7974
2025-04-06 17:45:00+00:00,9588.7974
2025-04-06 18:00:00+00:00,9588.7974
2025-04-06 18:15:00+00:00,9588.7974
2025-04-06 18:30:00+00:00,9588.7974
2025-04-06 18:45:00+00:00,9588.7974
2025-04-06 19:00:00+00:00,9588.7974
2025-04-06 19:15:00+00:00,9588.7974
2025-04-06 19:30:00+00:00,9588.7974
2025-04-06 19:45:00+00:00,9588.7974
2025-04-06 20:00:00+00:00,9588.7974
2025-04-06 20:15:00+00:00,9588.7974
2025-04-06 20:30:00+00:00,9588.7974
2025-04-06 20:45:00+00:00,9588.7974
2025-04-06 21:00:00+00:00,9588.7974
2025-04-06 21:15:00+00:00,9588.7974
2025-04-06 21:30:00+00:00,9588.7974
2025-04-06 21:45:00+00:00,9588.7974
2025-04-06 22:00:00+00:00,9588.7974
2025-04-06 22:15:00+00:00,9588.7974
2025-04-06 22:30:00+00:00,9588.7974
2025-04-06 22:45:00+00:00,9588.7974
2025-04-06 23:00:00+00:00,9588.7974
2025-04-06 23:15:00+00:00,9588.7974
2025-04-06 23:30:00+00:00,9588.7974
2025-04-06 23:45:00+00:00,9588.7974
2025-04-07 00:00:00+00:00,9588.7974
2025-04-07 00:15:00+00:00,9588.7974
2025-04-07 00:30:00+00:00,9588.7974
2025-04-07 00:45:00+00:00,9588.7974
2025-04-07 01:00:00+00:00,9588.7974
2025-04-07 01:15:00+00:00,9588.7974
2025-04-07 01:30:00+00:00,9588.7974
2025-04-07 01:45:00+00:00,9588.7974
2025-04-07 02:00:00+00:00,9588.7974
2025-04-07 02:15:00+00:00,9588.7974
2025-04-07 02:30:00+00:00,9588.7974
2025-04-07 02:45:00+00:00,9588.7974
2025-04-07 03:00:00+00:00,9588.7974
2025-04-07 03:15:00+00:00,9588.7974
2025-04-07 03:30:00+00:00,9588.7974
2025-04-07 03:45:00+00:00,9588.7974
2025-04-07 04:00:00+00:00,9588.7974
2025-04-07 04:15:00+00:00,9588.7974
2025-04-07 04:30:00+00:00,9588.7974
2025-04-07 04:45:00+00:00,9588.7974
2025-04-07 05:00:00+00:00,9588.7974
2025-04-07 05:15:00+00:00,9588.7974
2025-04-07 05:30:00+00:00,9588.7974
2025-04-07 05:45:00+00:00,9588.7974
2025-04-07 06:00:00+00:00,9588.7974
2025-04-07 06:15:00+00:00,9588.7974
2025-04-07 06:30:00+00:00,9588.7974
2025-04-07 06:45:00+00:00,9588.7974
2025-04-07 07:00:00+00:00,9588.7974
2025-04-07 07:15:00+00:00,9588.7974
2025-04-07 07:30:00+00:00,9588.7974
2025-04-07 07:45:00+00:00,9588.7974
2025-04-07 08:00:00+00:00,9588.7974
2025-04-07 08:15:00+00:00,9588.7974
2025-04-07 08:30:00+00:00,9588.7974
2025-04-07 08:45:00+00:00,9588.7974
2025-04-07 09:00:00+00:00,9588.7974
2025-04-07 09:15:00+00:00,9588.7974
2025-04-07 09:30:00+00:00,9588.7974
2025-04-07 09:45:00+00:00,9588.7974
2025-04-07 10:00:00+00:00,9588.7974
2025-04-07 10:15:00+00:00,9588.7974
2025-04-07 10:30:00+00:00,9588.7974
2025-04-07 10:45:00+00:00,9588.7974
2025-04-07 11:00:00+00:00,9588.7974
2025-04-07 11:15:00+00:00,9588.7974
2025-04-07 11:30:00+00:00,9588.7974
2025-04-07 11:45:00+00:00,9588.7974
2025-04-07 12:00:00+00:00,9588.7974
2025-04-07 12:15:00+00:00,9588.7974
2025-04-07 12:30:00+00:00,9588.7974
2025-04-07 12:45:00+00:00,9588.7974
2025-04-07 13:00:00+00:00,9588.7974
2025-04-07 13:15:00+00:00,9588.7974
2025-04-07 13:30:00+00:00,9588.7974
2025-04-07 13:45:00+00:00,9588.7974
2025-04-07 14:00:00+00:00,9588.7974
2025-04-07 14:15:00+00:00,9588.7974
2025-04-07 14:30:00+00:00,9588.7974
2025-04-07 14:45:00+00:00,9588.7974
2025-04-07 15:00:00+00:00,9588.7974
2025-04-07 15:15:00+00:00,9588.7974
2025-04-07 15:30:00+00:00,9588.7974
2025-04-07 15:45:00+00:00,9588.7974
2025-04-07 16:00:00+00:00,9588.7974
2025-04-07 16:15:00+00:00,9588.7974
2025-04-07 16:30:00+00:00,9588.7974
2025-04-07 16:45:00+00:00,9588.7974
2025-04-07 17:00:00+00:00,9492.9095
2025-04-07 17:15:00+00:00,9492.9095
2025-04-07 17:30:00+00:00,9492.9095
2025-04-07 17:45:00+00:00,9492.9095
2025-04-07 18:00:00+00:00,9492.9095
2025-04-07 18:15:00+00:00,9492.9095
2025-04-07 18:30:00+00:00,9492.9095
2025-04-07 18:45:00+00:00,9492.9095
2025-04-07 19:00:00+00:00,9492.9095
2025-04-07 19:15:00+00:00,9492.9095
2025-04-07 19:30:00+00:00,9492.9095
2025-04-07 19:45:00+00:00,9492.9095
2025-04-07 20:00:00+00:00,9492.9095
2025-04-07 20:15:00+00:00,9492.9095
2025-04-07 20:30:00+00:00,9492.9095
2025-04-07 20:45:00+00:00,9492.9095
2025-04-07 21:00:00+00:00,9492.9095
2025-04-07 21:15:00+00:00,9492.9095
2025-04-07 21:30:00+00:00,9492.9095
2025-04-07 21:45:00+00:00,9492.9095
2025-04-07 22:00:00+00:00,9682.7676
2025-04-07 22:15:00+00:00,9682.7676
2025-04-07 22:30:00+00:00,9682.7676
2025-04-07 22:45:00+00:00,9682.7676
2025-04-07 23:00:00+00:00,9682.7676
2025-04-07 23:15:00+00:00,9682.7676
2025-04-07 23:30:00+00:00,9682.7676
2025-04-07 23:45:00+00:00,9682.7676
2025-04-08 00:00:00+00:00,9682.7676
2025-04-08 00:15:00+00:00,9682.7676
2025-04-08 00:30:00+00:00,9682.7676
2025-04-08 00:45:00+00:00,9682.7676
2025-04-08 01:00:00+00:00,9682.7676
2025-04-08 01:15:00+00:00,9682.7676
2025-04-08 01:30:00+00:00,9682.7676
2025-04-08 01:45:00+00:00,9682.7676
2025-04-08 02:00:00+00:00,9682.7676
2025-04-08 02:15:00+00:00,9682.7676
2025-04-08 02:30:00+00:00,9682.7676
2025-04-08 02:45:00+00:00,9682.7676
2025-04-08 03:00:00+00:00,9682.7676
2025-04-08 03:15:00+00:00,9682.7676
2025-04-08 03:30:00+00:00,9682.7676
2025-04-08 03:45:00+00:00,9682.7676
2025-04-08 04:00:00+00:00,9682.7676
2025-04-08 04:15:00+00:00,9682.7676
2025-04-08 04:30:00+00:00,9682.7676
2025-04-08 04:45:00+00:00,9682.7676
2025-04-08 05:00:00+00:00,9682.7676
2025-04-08 05:15:00+00:00,9682.7676
2025-04-08 05:30:00+00:00,9682.7676
2025-04-08 05:45:00+00:00,9682.7676
2025-04-08 06:00:00+00:00,9682.7676
2025-04-08 06:15:00+00:00,9682.7676
2025-04-08 06:30:00+00:00,9682.7676
2025-04-08 06:45:00+00:00,9682.7676
2025-04-08 07:00:00+00:00,9682.7676
2025-04-08 07:15:00+00:00,9682.7676
2025-04-08 07:30:00+00:00,9682.7676
2025-04-08 07:45:00+00:00,9682.7676
2025-04-08 08:00:00+00:00,9682.7676
2025-04-08 08:15:00+00:00,9682.7676
2025-04-08 08:30:00+00:00,9682.7676
2025-04-08 08:45:00+00:00,9682.7676
2025-04-08 09:00:00+00:00,9682.7676
2025-04-08 09:15:00+00:00,9682.7676
2025-04-08 09:30:00+00:00,9682.7676
2025-04-08 09:45:00+00:00,9682.7676
2025-04-08 10:00:00+00:00,9682.7676
2025-04-08 10:15:00+00:00,9682.7676
2025-04-08 10:30:00+00:00,9682.7676
2025-04-08 10:45:00+00:00,9682.7676
2025-04-08 11:00:00+00:00,9682.7676
2025-04-08 11:15:00+00:00,9682.7676
2025-04-08 11:30:00+00:00,9682.7676
2025-04-08 11:45:00+00:00,9682.7676
2025-04-08 12:00:00+00:00,9682.7676
2025-04-08 12:15:00+00:00,9682.7676
2025-04-08 12:30:00+00:00,9682.7676
2025-04-08 12:45:00+00:00,9682.7676
2025-04-08 13:00:00+00:00,9682.7676
2025-04-08 13:15:00+00:00,9682.7676
2025-04-08 13:30:00+00:00,9682.7676
2025-04-08 13:45:00+00:00,9682.7676
2025-04-08 14:00:00+00:00,9682.7676
2025-04-08 14:15:00+00:00,9682.7676
2025-04-08 14:30:00+00:00,9682.7676
2025-04-08 14:45:00+00:00,9682.7676
2025-04-08 15:00:00+00:00,9682.7676
2025-04-08 15:15:00+00:00,9682.7676
2025-04-08 15:30:00+00:00,9682.7676
2025-04-08 15:45:00+00:00,9682.7676
2025-04-08 16:00:00+00:00,9682.7676
2025-04-08 16:15:00+00:00,9682.7676
2025-04-08 16:30:00+00:00,9682.7676
2025-04-08 16:45:00+00:00,9682.7676
2025-04-08 17:00:00+00:00,9682.7676
2025-04-08 17:15:00+00:00,9682.7676
2025-04-08 17:30:00+00:00,9682.7676
2025-04-08 17:45:00+00:00,9682.7676
2025-04-08 18:00:00+00:00,9682.7676
2025-04-08 18:15:00+00:00,9682.7676
2025-04-08 18:30:00+00:00,9682.7676
2025-04-08 18:45:00+00:00,9682.7676
2025-04-08 19:00:00+00:00,9682.7676
2025-04-08 19:15:00+00:00,9682.7676
2025-04-08 19:30:00+00:00,9682.7676
2025-04-08 19:45:00+00:00,9682.7676
2025-04-08 20:00:00+00:00,9682.7676
2025-04-08 20:15:00+00:00,9682.7676
2025-04-08 20:30:00+00:00,9682.7676
2025-04-08 20:45:00+00:00,9682.7676
2025-04-08 21:00:00+00:00,9682.7676
2025-04-08 21:15:00+00:00,9682.7676
2025-04-08 21:30:00+00:00,9682.7676
2025-04-08 21:45:00+00:00,9682.7676
2025-04-08 22:00:00+00:00,9682.7676
2025-04-08 22:15:00+00:00,9682.7676
2025-04-08 22:30:00+00:00,9682.7676
2025-04-08 22:45:00+00:00,9682.7676
2025-04-08 23:00:00+00:00,9682.7676
2025-04-08 23:15:00+00:00,9682.7676
2025-04-08 23:30:00+00:00,9682.7676
2025-04-08 23:45:00+00:00,9682.7676
2025-04-09 00:00:00+00:00,9682.7676
2025-04-09 00:15:00+00:00,9682.7676
2025-04-09 00:30:00+00:00,9682.7676
2025-04-09 00:45:00+00:00,9682.7676
2025-04-09 01:00:00+00:00,9682.7676
2025-04-09 01:15:00+00:00,9682.7676
2025-04-09 01:30:00+00:00,9682.7676
2025-04-09 01:45:00+00:00,9682.7676
2025-04-09 02:00:00+00:00,9682.7676
2025-04-09 02:15:00+00:00,9682.7676
2025-04-09 02:30:00+00:00,9682.7676
2025-04-09 02:45:00+00:00,9682.7676
2025-04-09 03:00:00+00:00,9682.7676
2025-04-09 03:15:00+00:00,9682.7676
2025-04-09 03:30:00+00:00,9682.7676
2025-04-09 03:45:00+00:00,9682.7676
2025-04-09 04:00:00+00:00,9682.7676
2025-04-09 04:15:00+00:00,9682.7676
2025-04-09 04:30:00+00:00,9682.7676
2025-04-09 04:45:00+00:00,9682.7676
2025-04-09 05:00:00+00:00,9682.7676
2025-04-09 05:15:00+00:00,9682.7676
2025-04-09 05:30:00+00:00,9682.7676
2025-04-09 05:45:00+00:00,9682.7676
2025-04-09 06:00:00+00:00,9682.7676
2025-04-09 06:15:00+00:00,9682.7676
2025-04-09 06:30:00+00:00,9682.7676
2025-04-09 06:45:00+00:00,9682.7676
2025-04-09 07:00:00+00:00,9682.7676
2025-04-09 07:15:00+00:00,9682.7676
2025-04-09 07:30:00+00:00,9682.7676
2025-04-09 07:45:00+00:00,9682.7676
2025-04-09 08:00:00+00:00,9682.7676
2025-04-09 08:15:00+00:00,9682.7676
2025-04-09 08:30:00+00:00,9876.423
2025-04-09 08:45:00+00:00,9876.423
2025-04-09 09:00:00+00:00,9876.423
2025-04-09 09:15:00+00:00,9876.423
2025-04-09 09:30:00+00:00,9777.6588
2025-04-09 09:45:00+00:00,9777.6588
2025-04-09 10:00:00+00:00,9777.6588
2025-04-09 10:15:00+00:00,9777.6588
2025-04-09 10:30:00+00:00,9777.6588
2025-04-09 10:45:00+00:00,9777.6588
2025-04-09 11:00:00+00:00,9777.6588
2025-04-09 11:15:00+00:00,9777.6588
2025-04-09 11:30:00+00:00,9777.6588
2025-04-09 11:45:00+00:00,9777.6588
2025-04-09 12:00:00+00:00,9777.6588
2025-04-09 12:15:00+00:00,9777.6588
2025-04-09 12:30:00+00:00,9777.6588
2025-04-09 12:45:00+00:00,9777.6588
2025-04-09 13:00:00+00:00,9777.6588
2025-04-09 13:15:00+00:00,9777.6588
2025-04-09 13:30:00+00:00,9777.6588
2025-04-09 13:45:00+00:00,9777.6588
2025-04-09 14:00:00+00:00,9777.6588
2025-04-09 14:15:00+00:00,9777.6588
2025-04-09 14:30:00+00:00,9777.6588
2025-04-09 14:45:00+00:00,9777.6588
2025-04-09 15:00:00+00:00,9777.6588
2025-04-09 15:15:00+00:00,9777.6588
2025-04-09 15:30:00+00:00,9777.6588
2025-04-09 15:45:00+00:00,9777.6588
2025-04-09 16:00:00+00:00,9777.6588
2025-04-09 16:15:00+00:00,9777.6588
2025-04-09 16:30:00+00:00,9777.6588
2025-04-09 16:45:00+00:00,9777.6588
2025-04-09 17:00:00+00:00,9777.6588
2025-04-09 17:15:00+00:00,9777.6588
2025-04-09 17:30:00+00:00,9777.6588
2025-04-09 17:45:00+00:00,9777.6588
2025-04-09 18:00:00+00:00,9777.6588
2025-04-09 18:15:00+00:00,9777.6588
2025-04-09 18:30:00+00:00,9777.6588
2025-04-09 18:45:00+00:00,9777.6588
2025-04-09 19:00:00+00:00,9777.6588
2025-04-09 19:15:00+00:00,9777.6588
2025-04-09 19:30:00+00:00,9777.6588
2025-04-09 19:45:00+00:00,9777.6588
2025-04-09 20:00:00+00:00,9777.6588
2025-04-09 20:15:00+00:00,9777.6588
2025-04-09 20:30:00+00:00,9777.6588
2025-04-09 20:45:00+00:00,9777.6588
2025-04-09 21:00:00+00:00,9777.6588
2025-04-09 21:15:00+00:00,9777.6588
2025-04-09 21:30:00+00:00,9777.6588
2025-04-09 21:45:00+00:00,9777.6588
2025-04-09 22:00:00+00:00,9777.6588
2025-04-09 22:15:00+00:00,9777.6588
2025-04-09 22:30:00+00:00,9777.6588
2025-04-09 22:45:00+00:00,9777.6588
2025-04-09 23:00:00+00:00,9777.6588
2025-04-09 23:15:00+00:00,9777.6588
2025-04-09 23:30:00+00:00,9777.6588
2025-04-09 23:45:00+00:00,9777.6588
2025-04-10 00:00:00+00:00,9777.6588
2025-04-10 00:15:00+00:00,9777.6588
2025-04-10 00:30:00+00:00,9777.6588
2025-04-10 00:45:00+00:00,9777.6588
2025-04-10 01:00:00+00:00,9777.6588
2025-04-10 01:15:00+00:00,9777.6588
2025-04-10 01:30:00+00:00,9777.6588
2025-04-10 01:45:00+00:00,9777.6588
2025-04-10 02:00:00+00:00,9777.6588
2025-04-10 02:15:00+00:00,9777.6588
2025-04-10 02:30:00+00:00,9777.6588
2025-04-10 02:45:00+00:00,9777.6588
2025-04-10 03:00:00+00:00,9777.6588
2025-04-10 03:15:00+00:00,9777.6588
2025-04-10 03:30:00+00:00,9777.6588
2025-04-10 03:45:00+00:00,9777.6588
2025-04-10 04:00:00+00:00,9777.6588
2025-04-10 04:15:00+00:00,9777.6588
2025-04-10 04:30:00+00:00,9777.6588
2025-04-10 04:45:00+00:00,9777.6588
2025-04-10 05:00:00+00:00,9777.6588
2025-04-10 05:15:00+00:00,9777.6588
2025-04-10 05:30:00+00:00,9777.6588
2025-04-10 05:45:00+00:00,9777.6588
2025-04-10 06:00:00+00:00,9777.6588
2025-04-10 06:15:00+00:00,9777.6588
2025-04-10 06:30:00+00:00,9777.6588
2025-04-10 06:45:00+00:00,9777.6588
2025-04-10 07:00:00+00:00,9777.6588
2025-04-10 07:15:00+00:00,9777.6588
2025-04-10 07:30:00+00:00,9777.6588
2025-04-10 07:45:00+00:00,9777.6588
2025-04-10 08:00:00+00:00,9777.6588
2025-04-10 08:15:00+00:00,9777.6588
2025-04-10 08:30:00+00:00,9777.6588
2025-04-10 08:45:00+00:00,9777.6588
2025-04-10 09:00:00+00:00,9777.6588
2025-04-10 09:15:00+00:00,9777.6588
2025-04-10 09:30:00+00:00,9777.6588
2025-04-10 09:45:00+00:00,9777.6588
2025-04-10 10:00:00+00:00,9777.6588
2025-04-10 10:15:00+00:00,9777.6588
2025-04-10 10:30:00+00:00,9777.6588
2025-04-10 10:45:00+00:00,9777.6588
2025-04-10 11:00:00+00:00,9777.6588
2025-04-10 11:15:00+00:00,9777.6588
2025-04-10 11:30:00+00:00,9777.6588
2025-04-10 11:45:00+00:00,9777.6588
2025-04-10 12:00:00+00:00,9777.6588
2025-04-10 12:15:00+00:00,9777.6588
2025-04-10 12:30:00+00:00,9777.6588
2025-04-10 12:45:00+00:00,9777.6588
2025-04-10 13:00:00+00:00,9777.6588
2025-04-10 13:15:00+00:00,9777.6588
2025-04-10 13:30:00+00:00,9777.6588
2025-04-10 13:45:00+00:00,9777.6588
2025-04-10 14:00:00+00:00,9777.6588
2025-04-10 14:15:00+00:00,9777.6588
2025-04-10 14:30:00+00:00,9777.6588
2025-04-10 14:45:00+00:00,9777.6588
2025-04-10 15:00:00+00:00,9777.6588
2025-04-10 15:15:00+00:00,9777.6588
2025-04-10 15:30:00+00:00,9777.6588
2025-04-10 15:45:00+00:00,9777.6588
2025-04-10 16:00:00+00:00,9777.6588
2025-04-10 16:15:00+00:00,9777.6588
2025-04-10 16:30:00+00:00,9777.6588
2025-04-10 16:45:00+00:00,9777.6588
2025-04-10 17:00:00+00:00,9777.6588
2025-04-10 17:15:00+00:00,9777.6588
2025-04-10 17:30:00+00:00,9777.6588
2025-04-10 17:45:00+00:00,9777.6588
2025-04-10 18:00:00+00:00,9777.6588
2025-04-10 18:15:00+00:00,9777.6588
2025-04-10 18:30:00+00:00,9777.6588
2025-04-10 18:45:00+00:00,9777.6588
2025-04-10 19:00:00+00:00,9777.6588
2025-04-10 19:15:00+00:00,9777.6588
2025-04-10 19:30:00+00:00,9777.6588
2025-04-10 19:45:00+00:00,9777.6588
2025-04-10 20:00:00+00:00,9777.6588
2025-04-10 20:15:00+00:00,9777.6588
2025-04-10 20:30:00+00:00,9777.6588
2025-04-10 20:45:00+00:00,9777.6588
2025-04-10 21:00:00+00:00,9777.6588
2025-04-10 21:15:00+00:00,9777.6588
2025-04-10 21:30:00+00:00,9777.6588
2025-04-10 21:45:00+00:00,9777.6588
2025-04-10 22:00:00+00:00,9777.6588
2025-04-10 22:15:00+00:00,9777.6588
2025-04-10 22:30:00+00:00,9777.6588
2025-04-10 22:45:00+00:00,9777.6588
2025-04-10 23:00:00+00:00,9777.6588
2025-04-10 23:15:00+00:00,9777.6588
2025-04-10 23:30:00+00:00,9777.6588
2025-04-10 23:45:00+00:00,9777.6588
2025-04-11 00:00:00+00:00,9777.6588
2025-04-11 00:15:00+00:00,9777.6588
2025-04-11 00:30:00+00:00,9777.6588
2025-04-11 00:45:00+00:00,9777.6588
2025-04-11 01:00:00+00:00,9777.6588
2025-04-11 01:15:00+00:00,9777.6588
2025-04-11 01:30:00+00:00,9777.6588
2025-04-11 01:45:00+00:00,9777.6588
2025-04-11 02:00:00+00:00,9777.6588
2025-04-11 02:15:00+00:00,9777.6588
2025-04-11 02:30:00+00:00,9777.6588
2025-04-11 02:45:00+00:00,9777.6588
2025-04-11 03:00:00+00:00,9777.6588
2025-04-11 03:15:00+00:00,9777.6588
2025-04-11 03:30:00+00:00,9777.6588
2025-04-11 03:45:00+00:00,9777.6588
2025-04-11 04:00:00+00:00,9777.6588
2025-04-11 04:15:00+00:00,9777.6588
2025-04-11 04:30:00+00:00,9777.6588
2025-04-11 04:45:00+00:00,9777.6588
2025-04-11 05:00:00+00:00,9777.6588
2025-04-11 05:15:00+00:00,9777.6588
2025-04-11 05:30:00+00:00,9777.6588
2025-04-11 05:45:00+00:00,9777.6588
2025-04-11 06:00:00+00:00,9777.6588
2025-04-11 06:15:00+00:00,9777.6588
2025-04-11 06:30:00+00:00,9777.6588
2025-04-11 06:45:00+00:00,9777.6588
2025-04-11 07:00:00+00:00,9777.6588
2025-04-11 07:15:00+00:00,9777.6588
2025-04-11 07:30:00+00:00,9777.6588
2025-04-11 07:45:00+00:00,9777.6588
2025-04-11 08:00:00+00:00,9777.6588
2025-04-11 08:15:00+00:00,9777.6588
2025-04-11 08:30:00+00:00,9777.6588
2025-04-11 08:45:00+00:00,9777.6588
2025-04-11 09:00:00+00:00,9777.6588
2025-04-11 09:15:00+00:00,9777.6588
2025-04-11 09:30:00+00:00,9777.6588
2025-04-11 09:45:00+00:00,9777.6588
2025-04-11 10:00:00+00:00,9777.6588
2025-04-11 10:15:00+00:00,9777.6588
2025-04-11 10:30:00+00:00,9777.6588
2025-04-11 10:45:00+00:00,9777.6588
2025-04-11 11:00:00+00:00,9777.6588
2025-04-11 11:15:00+00:00,9777.6588
2025-04-11 11:30:00+00:00,9777.6588
2025-04-11 11:45:00+00:00,9777.6588
2025-04-11 12:00:00+00:00,9777.6588
2025-04-11 12:15:00+00:00,9777.6588
2025-04-11 12:30:00+00:00,9777.6588
2025-04-11 12:45:00+00:00,9777.6588
2025-04-11 13:00:00+00:00,9777.6588
2025-04-11 13:15:00+00:00,9777.6588
2025-04-11 13:30:00+00:00,9777.6588
2025-04-11 13:45:00+00:00,9777.6588
2025-04-11 14:00:00+00:00,9777.6588
2025-04-11 14:15:00+00:00,9777.6588
2025-04-11 14:30:00+00:00,9777.6588
2025-04-11 14:45:00+00:00,9777.6588
2025-04-11 15:00:00+00:00,9777.6588
2025-04-11 15:15:00+00:00,9777.6588
2025-04-11 15:30:00+00:00,9777.6588
2025-04-11 15:45:00+00:00,9777.6588
2025-04-11 16:00:00+00:00,9777.6588
2025-04-11 16:15:00+00:00,9777.6588
2025-04-11 16:30:00+00:00,9777.6588
2025-04-11 16:45:00+00:00,9777.6588
2025-04-11 17:00:00+00:00,9777.6588
2025-04-11 17:15:00+00:00,9777.6588
2025-04-11 17:30:00+00:00,9777.6588
2025-04-11 17:45:00+00:00,9777.6588
2025-04-11 18:00:00+00:00,9777.6588
2025-04-11 18:15:00+00:00,9777.6588
2025-04-11 18:30:00+00:00,9777.6588
2025-04-11 18:45:00+00:00,9777.6588
2025-04-11 19:00:00+00:00,9777.6588
2025-04-11 19:15:00+00:00,9777.6588
2025-04-11 19:30:00+00:00,9777.6588
2025-04-11 19:45:00+00:00,9777.6588
2025-04-11 20:00:00+00:00,9777.6588
2025-04-11 20:15:00+00:00,9777.6588
2025-04-11 20:30:00+00:00,9777.6588
2025-04-11 20:45:00+00:00,9777.6588
2025-04-11 21:00:00+00:00,9777.6588
2025-04-11 21:15:00+00:00,9777.6588
2025-04-11 21:30:00+00:00,9777.6588
2025-04-11 21:45:00+00:00,9777.6588
2025-04-11 22:00:00+00:00,9777.6588
2025-04-11 22:15:00+00:00,9777.6588
2025-04-11 22:30:00+00:00,9777.6588
2025-04-11 22:45:00+00:00,9777.6588
2025-04-11 23:00:00+00:00,9777.6588
2025-04-11 23:15:00+00:00,9777.6588
2025-04-11 23:30:00+00:00,9777.6588
2025-04-11 23:45:00+00:00,9777.6588
2025-04-12 00:00:00+00:00,9777.6588
2025-04-12 00:15:00+00:00,9777.6588
2025-04-12 00:30:00+00:00,9777.6588
2025-04-12 00:45:00+00:00,9777.6588
2025-04-12 01:00:00+00:00,9777.6588
2025-04-12 01:15:00+00:00,9777.6588
2025-04-12 01:30:00+00:00,9777.6588
2025-04-12 01:45:00+00:00,9777.6588
2025-04-12 02:00:00+00:00,9777.6588
2025-04-12 02:15:00+00:00,9777.6588
2025-04-12 02:30:00+00:00,9777.6588
2025-04-12 02:45:00+00:00,9777.6588
2025-04-12 03:00:00+00:00,9777.6588
2025-04-12 03:15:00+00:00,9777.6588
2025-04-12 03:30:00+00:00,9777.6588
2025-04-12 03:45:00+00:00,9777.6588
2025-04-12 04:00:00+00:00,9777.6588
2025-04-12 04:15:00+00:00,9777.6588
2025-04-12 04:30:00+00:00,9777.6588
2025-04-12 04:45:00+00:00,9777.6588
2025-04-12 05:00:00+00:00,9777.6588
2025-04-12 05:15:00+00:00,9777.6588
2025-04-12 05:30:00+00:00,9777.6588
2025-04-12 05:45:00+00:00,9777.6588
2025-04-12 06:00:00+00:00,9777.6588
2025-04-12 06:15:00+00:00,9777.6588
2025-04-12 06:30:00+00:00,9777.6588
2025-04-12 06:45:00+00:00,9777.6588
2025-04-12 07:00:00+00:00,9777.6588
2025-04-12 07:15:00+00:00,9777.6588
2025-04-12 07:30:00+00:00,9777.6588
2025-04-12 07:45:00+00:00,9777.6588
2025-04-12 08:00:00+00:00,9777.6588
2025-04-12 08:15:00+00:00,9777.6588
2025-04-12 08:30:00+00:00,9777.6588
2025-04-12 08:45:00+00:00,9777.6588
2025-04-12 09:00:00+00:00,9777.6588
2025-04-12 09:15:00+00:00,9777.6588
2025-04-12 09:30:00+00:00,9777.6588
2025-04-12 09:45:00+00:00,9777.6588
2025-04-12 10:00:00+00:00,9777.6588
2025-04-12 10:15:00+00:00,9777.6588
2025-04-12 10:30:00+00:00,9777.6588
2025-04-12 10:45:00+00:00,9777.6588
2025-04-12 11:00:00+00:00,9777.6588
2025-04-12 11:15:00+00:00,9777.6588
2025-04-12 11:30:00+00:00,9777.6588
2025-04-12 11:45:00+00:00,9777.6588
2025-04-12 12:00:00+00:00,9777.6588
2025-04-12 12:15:00+00:00,9777.6588
2025-04-12 12:30:00+00:00,9777.6588
2025-04-12 12:45:00+00:00,9777.6588
2025-04-12 13:00:00+00:00,9777.6588
2025-04-12 13:15:00+00:00,9777.6588
2025-04-12 13:30:00+00:00,9777.6588
2025-04-12 13:45:00+00:00,9777.6588
2025-04-12 14:00:00+00:00,9777.6588
2025-04-12 14:15:00+00:00,9777.6588
2025-04-12 14:30:00+00:00,9777.6588
2025-04-12 14:45:00+00:00,9777.6588
2025-04-12 15:00:00+00:00,9777.6588
2025-04-12 15:15:00+00:00,9777.6588
2025-04-12 15:30:00+00:00,9777.6588
2025-04-12 15:45:00+00:00,9777.6588
2025-04-12 16:00:00+00:00,9777.6588
2025-04-12 16:15:00+00:00,9777.6588
2025-04-12 16:30:00+00:00,9777.6588
2025-04-12 16:45:00+00:00,9777.6588
2025-04-12 17:00:00+00:00,9777.6588
2025-04-12 17:15:00+00:00,9777.6588
2025-04-12 17:30:00+00:00,9777.6588
2025-04-12 17:45:00+00:00,9777.6588
2025-04-12 18:00:00+00:00,9777.6588
2025-04-12 18:15:00+00:00,9777.6588
2025-04-12 18:30:00+00:00,9777.6588
2025-04-12 18:45:00+00:00,9777.6588
2025-04-12 19:00:00+00:00,9777.6588
2025-04-12 19:15:00+00:00,9777.6588
2025-04-12 19:30:00+00:00,9777.6588
2025-04-12 19:45:00+00:00,9777.6588
2025-04-12 20:00:00+00:00,9777.6588
2025-04-12 20:15:00+00:00,9777.6588
2025-04-12 20:30:00+00:00,9777.6588
2025-04-12 20:45:00+00:00,9777.6588
2025-04-12 21:00:00+00:00,9777.6588
2025-04-12 21:15:00+00:00,9777.6588
2025-04-12 21:30:00+00:00,9777.6588
2025-04-12 21:45:00+00:00,9777.6588
2025-04-12 22:00:00+00:00,9777.6588
2025-04-12 22:15:00+00:00,9777.6588
2025-04-12 22:30:00+00:00,9777.6588
2025-04-12 22:45:00+00:00,9777.6588
2025-04-12 23:00:00+00:00,9777.6588
2025-04-12 23:15:00+00:00,9777.6588
2025-04-12 23:30:00+00:00,9777.6588
2025-04-12 23:45:00+00:00,9777.6588
2025-04-13 00:00:00+00:00,9777.6588
2025-04-13 00:15:00+00:00,9777.6588
2025-04-13 00:30:00+00:00,9777.6588
2025-04-13 00:45:00+00:00,9777.6588
2025-04-13 01:00:00+00:00,9777.6588
2025-04-13 01:15:00+00:00,9777.6588
2025-04-13 01:30:00+00:00,9777.6588
2025-04-13 01:45:00+00:00,9777.6588
2025-04-13 02:00:00+00:00,9777.6588
2025-04-13 02:15:00+00:00,9777.6588
2025-04-13 02:30:00+00:00,9777.6588
2025-04-13 02:45:00+00:00,9777.6588
2025-04-13 03:00:00+00:00,9777.6588
2025-04-13 03:15:00+00:00,9777.6588
2025-04-13 03:30:00+00:00,9777.6588
2025-04-13 03:45:00+00:00,9777.6588
2025-04-13 04:00:00+00:00,9777.6588
2025-04-13 04:15:00+00:00,9777.6588
2025-04-13 04:30:00+00:00,9777.6588
2025-04-13 04:45:00+00:00,9777.6588
2025-04-13 05:00:00+00:00,9777.6588
2025-04-13 05:15:00+00:00,9777.6588
2025-04-13 05:30:00+00:00,9777.6588
2025-04-13 05:45:00+00:00,9777.6588
2025-04-13 06:00:00+00:00,9777.6588
2025-04-13 06:15:00+00:00,9777.6588
2025-04-13 06:30:00+00:00,9777.6588
2025-04-13 06:45:00+00:00,9777.6588
2025-04-13 07:00:00+00:00,9777.6588
2025-04-13 07:15:00+00:00,9777.6588
2025-04-13 07:30:00+00:00,9777.6588
2025-04-13 07:45:00+00:00,9777.6588
2025-04-13 08:00:00+00:00,9777.6588
2025-04-13 08:15:00+00:00,9777.6588
2025-04-13 08:30:00+00:00,9777.6588
2025-04-13 08:45:00+00:00,9777.6588
2025-04-13 09:00:00+00:00,9777.6588
2025-04-13 09:15:00+00:00,9777.6588
2025-04-13 09:30:00+00:00,9777.6588
2025-04-13 09:45:00+00:00,9777.6588
2025-04-13 10:00:00+00:00,9777.6588
2025-04-13 10:15:00+00:00,9777.6588
2025-04-13 10:30:00+00:00,9777.6588
2025-04-13 10:45:00+00:00,9777.6588
2025-04-13 11:00:00+00:00,9777.6588
2025-04-13 11:15:00+00:00,9777.6588
2025-04-13 11:30:00+00:00,9777.6588
2025-04-13 11:45:00+00:00,9777.6588
2025-04-13 12:00:00+00:00,9777.6588
2025-04-13 12:15:00+00:00,9777.6588
2025-04-13 12:30:00+00:00,9777.6588
2025-04-13 12:45:00+00:00,9777.6588
2025-04-13 13:00:00+00:00,9777.6588
2025-04-13 13:15:00+00:00,9777.6588
2025-04-13 13:30:00+00:00,9777.6588
2025-04-13 13:45:00+00:00,9777.6588
2025-04-13 14:00:00+00:00,9777.6588
2025-04-13 14:15:00+00:00,9777.6588
2025-04-13 14:30:00+00:00,9777.6588
2025-04-13 14:45:00+00:00,9777.6588
2025-04-13 15:00:00+00:00,9777.6588
2025-04-13 15:15:00+00:00,9777.6588
2025-04-13 15:30:00+00:00,9777.6588
2025-04-13 15:45:00+00:00,9777.6588
2025-04-13 16:00:00+00:00,9777.6588
2025-04-13 16:15:00+00:00,9777.6588
2025-04-13 16:30:00+00:00,9777.6588
2025-04-13 16:45:00+00:00,9777.6588
2025-04-13 17:00:00+00:00,9777.6588
2025-04-13 17:15:00+00:00,9777.6588
2025-04-13 17:30:00+00:00,9777.6588
2025-04-13 17:45:00+00:00,9777.6588
2025-04-13 18:00:00+00:00,9777.6588
2025-04-13 18:15:00+00:00,9777.6588
2025-04-13 18:30:00+00:00,9777.6588
2025-04-13 18:45:00+00:00,9777.6588
2025-04-13 19:00:00+00:00,9777.6588
2025-04-13 19:15:00+00:00,9777.6588
2025-04-13 19:30:00+00:00,9777.6588
2025-04-13 19:45:00+00:00,9777.6588
2025-04-13 20:00:00+00:00,9777.6588
2025-04-13 20:15:00+00:00,9777.6588
2025-04-13 20:30:00+00:00,9777.6588
2025-04-13 20:45:00+00:00,9777.6588
2025-04-13 21:00:00+00:00,9777.6588
2025-04-13 21:15:00+00:00,9777.6588
2025-04-13 21:30:00+00:00,9777.6588
2025-04-13 21:45:00+00:00,9777.6588
2025-04-13 22:00:00+00:00,9777.6588
2025-04-13 22:15:00+00:00,9777.6588
2025-04-13 22:30:00+00:00,9777.6588
2025-04-13 22:45:00+00:00,9777.6588
2025-04-13 23:00:00+00:00,9777.6588
2025-04-13 23:15:00+00:00,9777.6588
2025-04-13 23:30:00+00:00,9777.6588
2025-04-13 23:45:00+00:00,9777.6588
2025-04-14 00:00:00+00:00,9777.6588
2025-04-14 00:15:00+00:00,9777.6588
2025-04-14 00:30:00+00:00,9777.6588
2025-04-14 00:45:00+00:00,9777.6588
2025-04-14 01:00:00+00:00,9777.6588
2025-04-14 01:15:00+00:00,9777.6588
2025-04-14 01:30:00+00:00,9777.6588
2025-04-14 01:45:00+00:00,9777.6588
2025-04-14 02:00:00+00:00,9777.6588
2025-04-14 02:15:00+00:00,9777.6588
2025-04-14 02:30:00+00:00,9777.6588
2025-04-14 02:45:00+00:00,9777.6588
2025-04-14 03:00:00+00:00,9777.6588
2025-04-14 03:15:00+00:00,9777.6588
2025-04-14 03:30:00+00:00,9777.6588
2025-04-14 03:45:00+00:00,9777.6588
2025-04-14 04:00:00+00:00,9777.6588
2025-04-14 04:15:00+00:00,9777.6588
2025-04-14 04:30:00+00:00,9777.6588
2025-04-14 04:45:00+00:00,9777.6588
2025-04-14 05:00:00+00:00,9777.6588
2025-04-14 05:15:00+00:00,9777.6588
2025-04-14 05:30:00+00:00,9777.6588
2025-04-14 05:45:00+00:00,9777.6588
2025-04-14 06:00:00+00:00,9777.6588
2025-04-14 06:15:00+00:00,9777.6588
2025-04-14 06:30:00+00:00,9777.6588
2025-04-14 06:45:00+00:00,9777.6588
2025-04-14 07:00:00+00:00,9777.6588
2025-04-14 07:15:00+00:00,9777.6588
2025-04-14 07:30:00+00:00,9777.6588
2025-04-14 07:45:00+00:00,9777.6588
2025-04-14 08:00:00+00:00,9777.6588
2025-04-14 08:15:00+00:00,9777.6588
2025-04-14 08:30:00+00:00,9777.6588
2025-04-14 08:45:00+00:00,9777.6588
2025-04-14 09:00:00+00:00,9777.6588
2025-04-14 09:15:00+00:00,9777.6588
2025-04-14 09:30:00+00:00,9777.6588
2025-04-14 09:45:00+00:00,9777.6588
2025-04-14 10:00:00+00:00,9777.6588
2025-04-14 10:15:00+00:00,9777.6588
2025-04-14 10:30:00+00:00,9777.6588
2025-04-14 10:45:00+00:00,9777.6588
2025-04-14 11:00:00+00:00,9777.6588
2025-04-14 11:15:00+00:00,9777.6588
2025-04-14 11:30:00+00:00,9777.6588
2025-04-14 11:45:00+00:00,9777.6588
2025-04-14 12:00:00+00:00,9777.6588
2025-04-14 12:15:00+00:00,9777.6588
2025-04-14 12:30:00+00:00,9777.6588
2025-04-14 12:45:00+00:00,9777.6588
2025-04-14 13:00:00+00:00,9777.6588
2025-04-14 13:15:00+00:00,9777.6588
2025-04-14 13:30:00+00:00,9777.6588
2025-04-14 13:45:00+00:00,9777.6588
2025-04-14 14:00:00+00:00,9777.6588
2025-04-14 14:15:00+00:00,9777.6588
2025-04-14 14:30:00+00:00,9777.6588
2025-04-14 14:45:00+00:00,9777.6588
2025-04-14 15:00:00+00:00,9777.6588
2025-04-14 15:15:00+00:00,9777.6588
2025-04-14 15:30:00+00:00,9777.6588
2025-04-14 15:45:00+00:00,9777.6588
2025-04-14 16:00:00+00:00,9777.6588
2025-04-14 16:15:00+00:00,9777.6588
2025-04-14 16:30:00+00:00,9777.6588
2025-04-14 16:45:00+00:00,9777.6588
2025-04-14 17:00:00+00:00,9777.6588
2025-04-14 17:15:00+00:00,9777.6588
2025-04-14 17:30:00+00:00,9777.6588
2025-04-14 17:45:00+00:00,9777.6588
2025-04-14 18:00:00+00:00,9777.6588
2025-04-14 18:15:00+00:00,9777.6588
2025-04-14 18:30:00+00:00,9777.6588
2025-04-14 18:45:00+00:00,9777.6588
2025-04-14 19:00:00+00:00,9777.6588
2025-04-14 19:15:00+00:00,9777.6588
2025-04-14 19:30:00+00:00,9777.6588
2025-04-14 19:45:00+00:00,9777.6588
2025-04-14 20:00:00+00:00,9777.6588
2025-04-14 20:15:00+00:00,9777.6588
2025-04-14 20:30:00+00:00,9777.6588
2025-04-14 20:45:00+00:00,9777.6588
2025-04-14 21:00:00+00:00,9777.6588
2025-04-14 21:15:00+00:00,9777.6588
2025-04-14 21:30:00+00:00,9777.6588
2025-04-14 21:45:00+00:00,9777.6588
2025-04-14 22:00:00+00:00,9777.6588
2025-04-14 22:15:00+00:00,9777.6588
2025-04-14 22:30:00+00:00,9777.6588
2025-04-14 22:45:00+00:00,9777.6588
2025-04-14 23:00:00+00:00,9777.6588
2025-04-14 23:15:00+00:00,9777.6588
2025-04-14 23:30:00+00:00,9777.6588
2025-04-14 23:45:00+00:00,9777.6588
2025-04-15 00:00:00+00:00,9777.6588
2025-04-15 00:15:00+00:00,9777.6588
2025-04-15 00:30:00+00:00,9777.6588
2025-04-15 00:45:00+00:00,9777.6588
2025-04-15 01:00:00+00:00,9777.6588
2025-04-15 01:15:00+00:00,9777.6588
2025-04-15 01:30:00+00:00,9777.6588
2025-04-15 01:45:00+00:00,9777.6588
2025-04-15 02:00:00+00:00,9777.6588
2025-04-15 02:15:00+00:00,9777.6588
2025-04-15 02:30:00+00:00,9777.6588
2025-04-15 02:45:00+00:00,9777.6588
2025-04-15 03:00:00+00:00,9777.6588
2025-04-15 03:15:00+00:00,9777.6588
2025-04-15 03:30:00+00:00,9777.6588
2025-04-15 03:45:00+00:00,9777.6588
2025-04-15 04:00:00+00:00,9777.6588
2025-04-15 04:15:00+00:00,9777.6588
2025-04-15 04:30:00+00:00,9777.6588
2025-04-15 04:45:00+00:00,9777.6588
2025-04-15 05:00:00+00:00,9777.6588
2025-04-15 05:15:00+00:00,9777.6588
2025-04-15 05:30:00+00:00,9777.6588
2025-04-15 05:45:00+00:00,9777.6588
2025-04-15 06:00:00+00:00,9777.6588
2025-04-15 06:15:00+00:00,9777.6588
2025-04-15 06:30:00+00:00,9777.6588
2025-04-15 06:45:00+00:00,9777.6588
2025-04-15 07:00:00+00:00,9777.6588
2025-04-15 07:15:00+00:00,9777.6588
2025-04-15 07:30:00+00:00,9777.6588
2025-04-15 07:45:00+00:00,9777.6588
2025-04-15 08:00:00+00:00,9777.6588
2025-04-15 08:15:00+00:00,9777.6588
2025-04-15 08:30:00+00:00,9777.6588
2025-04-15 08:45:00+00:00,9777.6588
2025-04-15 09:00:00+00:00,9777.6588
2025-04-15 09:15:00+00:00,9777.6588
2025-04-15 09:30:00+00:00,9777.6588
2025-04-15 09:45:00+00:00,9777.6588
2025-04-15 10:00:00+00:00,9777.6588
2025-04-15 10:15:00+00:00,9777.6588
2025-04-15 10:30:00+00:00,9777.6588
2025-04-15 10:45:00+00:00,9777.6588
2025-04-15 11:00:00+00:00,9777.6588
2025-04-15 11:15:00+00:00,9777.6588
2025-04-15 11:30:00+00:00,9777.6588
2025-04-15 11:45:00+00:00,9777.6588
2025-04-15 12:00:00+00:00,9777.6588
2025-04-15 12:15:00+00:00,9777.6588
2025-04-15 12:30:00+00:00,9777.6588
2025-04-15 12:45:00+00:00,9777.6588
2025-04-15 13:00:00+00:00,9777.6588
2025-04-15 13:15:00+00:00,9777.6588
2025-04-15 13:30:00+00:00,9777.6588
2025-04-15 13:45:00+00:00,9777.6588
2025-04-15 14:00:00+00:00,9777.6588
2025-04-15 14:15:00+00:00,9777.6588
2025-04-15 14:30:00+00:00,9777.6588
2025-04-15 14:45:00+00:00,9777.6588
2025-04-15 15:00:00+00:00,9777.6588
2025-04-15 15:15:00+00:00,9777.6588
2025-04-15 15:30:00+00:00,9777.6588
2025-04-15 15:45:00+00:00,9777.6588
2025-04-15 16:00:00+00:00,9777.6588
2025-04-15 16:15:00+00:00,9777.6588
2025-04-15 16:30:00+00:00,9777.6588
2025-04-15 16:45:00+00:00,9777.6588
2025-04-15 17:00:00+00:00,9777.6588
2025-04-15 17:15:00+00:00,9777.6588
2025-04-15 17:30:00+00:00,9777.6588
2025-04-15 17:45:00+00:00,9777.6588
2025-04-15 18:00:00+00:00,9777.6588
2025-04-15 18:15:00+00:00,9777.6588
2025-04-15 18:30:00+00:00,9777.6588
2025-04-15 18:45:00+00:00,9777.6588
2025-04-15 19:00:00+00:00,9777.6588
2025-04-15 19:15:00+00:00,9777.6588
2025-04-15 19:30:00+00:00,9777.6588
2025-04-15 19:45:00+00:00,9777.6588
2025-04-15 20:00:00+00:00,9777.6588
2025-04-15 20:15:00+00:00,9777.6588
2025-04-15 20:30:00+00:00,9777.6588
2025-04-15 20:45:00+00:00,9777.6588
2025-04-15 21:00:00+00:00,9777.6588
2025-04-15 21:15:00+00:00,9777.6588
2025-04-15 21:30:00+00:00,9777.6588
2025-04-15 21:45:00+00:00,9777.6588
2025-04-15 22:00:00+00:00,9777.6588
2025-04-15 22:15:00+00:00,9777.6588
2025-04-15 22:30:00+00:00,9777.6588
2025-04-15 22:45:00+00:00,9777.6588
2025-04-15 23:00:00+00:00,9777.6588
2025-04-15 23:15:00+00:00,9777.6588
2025-04-15 23:30:00+00:00,9777.6588
2025-04-15 23:45:00+00:00,9777.6588
2025-04-16 00:00:00+00:00,9777.6588
2025-04-16 00:15:00+00:00,9777.6588
2025-04-16 00:30:00+00:00,9777.6588
2025-04-16 00:45:00+00:00,9777.6588
2025-04-16 01:00:00+00:00,9777.6588
2025-04-16 01:15:00+00:00,9777.6588
2025-04-16 01:30:00+00:00,9777.6588
2025-04-16 01:45:00+00:00,9777.6588
2025-04-16 02:00:00+00:00,9777.6588
2025-04-16 02:15:00+00:00,9777.6588
2025-04-16 02:30:00+00:00,9777.6588
2025-04-16 02:45:00+00:00,9777.6588
2025-04-16 03:00:00+00:00,9777.6588
2025-04-16 03:15:00+00:00,9777.6588
2025-04-16 03:30:00+00:00,9777.6588
2025-04-16 03:45:00+00:00,9777.6588
2025-04-16 04:00:00+00:00,9777.6588
2025-04-16 04:15:00+00:00,9777.6588
2025-04-16 04:30:00+00:00,9777.6588
2025-04-16 04:45:00+00:00,9777.6588
2025-04-16 05:00:00+00:00,9777.6588
2025-04-16 05:15:00+00:00,9777.6588
2025-04-16 05:30:00+00:00,9777.6588
2025-04-16 05:45:00+00:00,9777.6588
2025-04-16 06:00:00+00:00,9777.6588
2025-04-16 06:15:00+00:00,9777.6588
2025-04-16 06:30:00+00:00,9777.6588
2025-04-16 06:45:00+00:00,9777.6588
2025-04-16 07:00:00+00:00,9777.6588
2025-04-16 07:15:00+00:00,9777.6588
2025-04-16 07:30:00+00:00,9777.6588
2025-04-16 07:45:00+00:00,9777.6588
2025-04-16 08:00:00+00:00,9777.6588
2025-04-16 08:15:00+00:00,9777.6588
2025-04-16 08:30:00+00:00,9777.6588
2025-04-16 08:45:00+00:00,9777.6588
2025-04-16 09:00:00+00:00,9777.6588
2025-04-16 09:15:00+00:00,9777.6588
2025-04-16 09:30:00+00:00,9777.6588
2025-04-16 09:45:00+00:00,9777.6588
2025-04-16 10:00:00+00:00,9777.6588
2025-04-16 10:15:00+00:00,9777.6588
2025-04-16 10:30:00+00:00,9777.6588
2025-04-16 10:45:00+00:00,9777.6588
2025-04-16 11:00:00+00:00,9777.6588
2025-04-16 11:15:00+00:00,9777.6588
2025-04-16 11:30:00+00:00,9777.6588
2025-04-16 11:45:00+00:00,9777.6588
2025-04-16 12:00:00+00:00,9777.6588
2025-04-16 12:15:00+00:00,9777.6588
2025-04-16 12:30:00+00:00,9777.6588
2025-04-16 12:45:00+00:00,9777.6588
2025-04-16 13:00:00+00:00,9777.6588
2025-04-16 13:15:00+00:00,9777.6588
2025-04-16 13:30:00+00:00,9777.6588
2025-04-16 13:45:00+00:00,9777.6588
2025-04-16 14:00:00+00:00,9777.6588
2025-04-16 14:15:00+00:00,9777.6588
2025-04-16 14:30:00+00:00,9777.6588
2025-04-16 14:45:00+00:00,9777.6588
2025-04-16 15:00:00+00:00,9777.6588
2025-04-16 15:15:00+00:00,9777.6588
2025-04-16 15:30:00+00:00,9777.6588
2025-04-16 15:45:00+00:00,9777.6588
2025-04-16 16:00:00+00:00,9777.6588
2025-04-16 16:15:00+00:00,9777.6588
2025-04-16 16:30:00+00:00,9777.6588
2025-04-16 16:45:00+00:00,9777.6588
2025-04-16 17:00:00+00:00,9777.6588
2025-04-16 17:15:00+00:00,9777.6588
2025-04-16 17:30:00+00:00,9777.6588
2025-04-16 17:45:00+00:00,9777.6588
2025-04-16 18:00:00+00:00,9777.6588
2025-04-16 18:15:00+00:00,9777.6588
2025-04-16 18:30:00+00:00,9777.6588
2025-04-16 18:45:00+00:00,9777.6588
2025-04-16 19:00:00+00:00,9777.6588
2025-04-16 19:15:00+00:00,9777.6588
2025-04-16 19:30:00+00:00,9777.6588
2025-04-16 19:45:00+00:00,9777.6588
2025-04-16 20:00:00+00:00,9777.6588
2025-04-16 20:15:00+00:00,9777.6588
2025-04-16 20:30:00+00:00,9777.6588
2025-04-16 20:45:00+00:00,9777.6588
2025-04-16 21:00:00+00:00,9777.6588
2025-04-16 21:15:00+00:00,9777.6588
2025-04-16 21:30:00+00:00,9777.6588
2025-04-16 21:45:00+00:00,9777.6588
2025-04-16 22:00:00+00:00,9777.6588
2025-04-16 22:15:00+00:00,9777.6588
2025-04-16 22:30:00+00:00,9777.6588
2025-04-16 22:45:00+00:00,9777.6588
2025-04-16 23:00:00+00:00,9777.6588
2025-04-16 23:15:00+00:00,9777.6588
2025-04-16 23:30:00+00:00,9777.6588
2025-04-16 23:45:00+00:00,9777.6588
2025-04-17 00:00:00+00:00,9777.6588
2025-04-17 00:15:00+00:00,9777.6588
2025-04-17 00:30:00+00:00,9777.6588
2025-04-17 00:45:00+00:00,9777.6588
2025-04-17 01:00:00+00:00,9777.6588
2025-04-17 01:15:00+00:00,9777.6588
2025-04-17 01:30:00+00:00,9777.6588
2025-04-17 01:45:00+00:00,9777.6588
2025-04-17 02:00:00+00:00,9777.6588
2025-04-17 02:15:00+00:00,9777.6588
2025-04-17 02:30:00+00:00,9777.6588
2025-04-17 02:45:00+00:00,9777.6588
2025-04-17 03:00:00+00:00,9777.6588
2025-04-17 03:15:00+00:00,9777.6588
2025-04-17 03:30:00+00:00,9777.6588
2025-04-17 03:45:00+00:00,9777.6588
2025-04-17 04:00:00+00:00,9777.6588
2025-04-17 04:15:00+00:00,9777.6588
2025-04-17 04:30:00+00:00,9777.6588
2025-04-17 04:45:00+00:00,9777.6588
2025-04-17 05:00:00+00:00,9777.6588
2025-04-17 05:15:00+00:00,9777.6588
2025-04-17 05:30:00+00:00,9777.6588
2025-04-17 05:45:00+00:00,9777.6588
2025-04-17 06:00:00+00:00,9777.6588
2025-04-17 06:15:00+00:00,9777.6588
2025-04-17 06:30:00+00:00,9777.6588
2025-04-17 06:45:00+00:00,9777.6588
2025-04-17 07:00:00+00:00,9777.6588
2025-04-17 07:15:00+00:00,9777.6588
2025-04-17 07:30:00+00:00,9777.6588
2025-04-17 07:45:00+00:00,9777.6588
2025-04-17 08:00:00+00:00,9777.6588
2025-04-17 08:15:00+00:00,9777.6588
2025-04-17 08:30:00+00:00,9777.6588
2025-04-17 08:45:00+00:00,9777.6588
2025-04-17 09:00:00+00:00,9777.6588
2025-04-17 09:15:00+00:00,9777.6588
2025-04-17 09:30:00+00:00,9777.6588
2025-04-17 09:45:00+00:00,9777.6588
2025-04-17 10:00:00+00:00,9777.6588
2025-04-17 10:15:00+00:00,9777.6588
2025-04-17 10:30:00+00:00,9777.6588
2025-04-17 10:45:00+00:00,9777.6588
2025-04-17 11:00:00+00:00,9777.6588
2025-04-17 11:15:00+00:00,9777.6588
2025-04-17 11:30:00+00:00,9777.6588
2025-04-17 11:45:00+00:00,9777.6588
2025-04-17 12:00:00+00:00,9777.6588
2025-04-17 12:15:00+00:00,9777.6588
2025-04-17 12:30:00+00:00,9777.6588
2025-04-17 12:45:00+00:00,9777.6588
2025-04-17 13:00:00+00:00,9777.6588
2025-04-17 13:15:00+00:00,9777.6588
2025-04-17 13:30:00+00:00,9777.6588
2025-04-17 13:45:00+00:00,9777.6588
2025-04-17 14:00:00+00:00,9777.6588
2025-04-17 14:15:00+00:00,9777.6588
2025-04-17 14:30:00+00:00,9777.6588
2025-04-17 14:45:00+00:00,9777.6588
2025-04-17 15:00:00+00:00,9777.6588
2025-04-17 15:15:00+00:00,9777.6588
2025-04-17 15:30:00+00:00,9777.6588
2025-04-17 15:45:00+00:00,9777.6588
2025-04-17 16:00:00+00:00,9777.6588
2025-04-17 16:15:00+00:00,9777.6588
2025-04-17 16:30:00+00:00,9777.6588
2025-04-17 16:45:00+00:00,9777.6588
2025-04-17 17:00:00+00:00,9777.6588
2025-04-17 17:15:00+00:00,9777.6588
2025-04-17 17:30:00+00:00,9777.6588
2025-04-17 17:45:00+00:00,9777.6588
2025-04-17 18:00:00+00:00,9777.6588
2025-04-17 18:15:00+00:00,9777.6588
2025-04-17 18:30:00+00:00,9777.6588
2025-04-17 18:45:00+00:00,9777.6588
2025-04-17 19:00:00+00:00,9777.6588
2025-04-17 19:15:00+00:00,9777.6588
2025-04-17 19:30:00+00:00,9777.6588
2025-04-17 19:45:00+00:00,9777.6588
2025-04-17 20:00:00+00:00,9777.6588
2025-04-17 20:15:00+00:00,9777.6588
2025-04-17 20:30:00+00:00,9777.6588
2025-04-17 20:45:00+00:00,9777.6588
2025-04-17 21:00:00+00:00,9777.6588
2025-04-17 21:15:00+00:00,9777.6588
2025-04-17 21:30:00+00:00,9777.6588
2025-04-17 21:45:00+00:00,9777.6588
2025-04-17 22:00:00+00:00,9777.6588
2025-04-17 22:15:00+00:00,9777.6588
2025-04-17 22:30:00+00:00,9777.6588
2025-04-17 22:45:00+00:00,9777.6588
2025-04-17 23:00:00+00:00,9777.6588
2025-04-17 23:15:00+00:00,9777.6588
2025-04-17 23:30:00+00:00,9777.6588
2025-04-17 23:45:00+00:00,9777.6588
2025-04-18 00:00:00+00:00,9777.6588
2025-04-18 00:15:00+00:00,9777.6588
2025-04-18 00:30:00+00:00,9777.6588
2025-04-18 00:45:00+00:00,9777.6588
2025-04-18 01:00:00+00:00,9777.6588
2025-04-18 01:15:00+00:00,9777.6588
2025-04-18 01:30:00+00:00,9777.6588
2025-04-18 01:45:00+00:00,9777.6588
2025-04-18 02:00:00+00:00,9777.6588
2025-04-18 02:15:00+00:00,9777.6588
2025-04-18 02:30:00+00:00,9777.6588
2025-04-18 02:45:00+00:00,9777.6588
2025-04-18 03:00:00+00:00,9777.6588
2025-04-18 03:15:00+00:00,9777.6588
2025-04-18 03:30:00+00:00,9777.6588
2025-04-18 03:45:00+00:00,9777.6588
2025-04-18 04:00:00+00:00,9777.6588
2025-04-18 04:15:00+00:00,9777.6588
2025-04-18 04:30:00+00:00,9777.6588
2025-04-18 04:45:00+00:00,9777.6588
2025-04-18 05:00:00+00:00,9777.6588
2025-04-18 05:15:00+00:00,9777.6588
2025-04-18 05:30:00+00:00,9777.6588
2025-04-18 05:45:00+00:00,9777.6588
2025-04-18 06:00:00+00:00,9777.6588
2025-04-18 06:15:00+00:00,9777.6588
2025-04-18 06:30:00+00:00,9777.6588
2025-04-18 06:45:00+00:00,9777.6588
2025-04-18 07:00:00+00:00,9777.6588
2025-04-18 07:15:00+00:00,9777.6588
2025-04-18 07:30:00+00:00,9777.6588
2025-04-18 07:45:00+00:00,9777.6588
2025-04-18 08:00:00+00:00,9777.6588
2025-04-18 08:15:00+00:00,9777.6588
2025-04-18 08:30:00+00:00,9777.6588
2025-04-18 08:45:00+00:00,9777.6588
2025-04-18 09:00:00+00:00,9777.6588
2025-04-18 09:15:00+00:00,9777.6588
2025-04-18 09:30:00+00:00,9777.6588
2025-04-18 09:45:00+00:00,9777.6588
2025-04-18 10:00:00+00:00,9777.6588
2025-04-18 10:15:00+00:00,9777.6588
2025-04-18 10:30:00+00:00,9777.6588
2025-04-18 10:45:00+00:00,9777.6588
2025-04-18 11:00:00+00:00,9777.6588
2025-04-18 11:15:00+00:00,9777.6588
2025-04-18 11:30:00+00:00,9777.6588
2025-04-18 11:45:00+00:00,9777.6588
2025-04-18 12:00:00+00:00,9777.6588
2025-04-18 12:15:00+00:00,9777.6588
2025-04-18 12:30:00+00:00,9777.6588
2025-04-18 12:45:00+00:00,9777.6588
2025-04-18 13:00:00+00:00,9777.6588
2025-04-18 13:15:00+00:00,9777.6588
2025-04-18 13:30:00+00:00,9777.6588
2025-04-18 13:45:00+00:00,9777.6588
2025-04-18 14:00:00+00:00,9777.6588
2025-04-18 14:15:00+00:00,9777.6588
2025-04-18 14:30:00+00:00,9777.6588
2025-04-18 14:45:00+00:00,9777.6588
2025-04-18 15:00:00+00:00,9777.6588
2025-04-18 15:15:00+00:00,9777.6588
2025-04-18 15:30:00+00:00,9777.6588
2025-04-18 15:45:00+00:00,9777.6588
2025-04-18 16:00:00+00:00,9777.6588
2025-04-18 16:15:00+00:00,9777.6588
2025-04-18 16:30:00+00:00,9777.6588
2025-04-18 16:45:00+00:00,9777.6588
2025-04-18 17:00:00+00:00,9777.6588
2025-04-18 17:15:00+00:00,9777.6588
2025-04-18 17:30:00+00:00,9777.6588
2025-04-18 17:45:00+00:00,9777.6588
2025-04-18 18:00:00+00:00,9777.6588
2025-04-18 18:15:00+00:00,9777.6588
2025-04-18 18:30:00+00:00,9777.6588
2025-04-18 18:45:00+00:00,9777.6588
2025-04-18 19:00:00+00:00,9777.6588
2025-04-18 19:15:00+00:00,9777.6588
2025-04-18 19:30:00+00:00,9777.6588
2025-04-18 19:45:00+00:00,9777.6588
2025-04-18 20:00:00+00:00,9777.6588
2025-04-18 20:15:00+00:00,9777.6588
2025-04-18 20:30:00+00:00,9777.6588
2025-04-18 20:45:00+00:00,9777.6588
2025-04-18 21:00:00+00:00,9777.6588
2025-04-18 21:15:00+00:00,9777.6588
2025-04-18 21:30:00+00:00,9777.6588
2025-04-18 21:45:00+00:00,9777.6588
2025-04-18 22:00:00+00:00,9777.6588
2025-04-18 22:15:00+00:00,9777.6588
2025-04-18 22:30:00+00:00,9777.6588
2025-04-18 22:45:00+00:00,9777.6588
2025-04-18 23:00:00+00:00,9777.6588
2025-04-18 23:15:00+00:00,9777.6588
2025-04-18 23:30:00+00:00,9777.6588
2025-04-18 23:45:00+00:00,9777.6588
2025-04-19 00:00:00+00:00,9777.6588
2025-04-19 00:15:00+00:00,9777.6588
2025-04-19 00:30:00+00:00,9777.6588
2025-04-19 00:45:00+00:00,9777.6588
2025-04-19 01:00:00+00:00,9777.6588
2025-04-19 01:15:00+00:00,9777.6588
2025-04-19 01:30:00+00:00,9777.6588
2025-04-19 01:45:00+00:00,9777.6588
2025-04-19 02:00:00+00:00,9777.6588
2025-04-19 02:15:00+00:00,9777.6588
2025-04-19 02:30:00+00:00,9777.6588
2025-04-19 02:45:00+00:00,9777.6588
2025-04-19 03:00:00+00:00,9777.6588
2025-04-19 03:15:00+00:00,9777.6588
2025-04-19 03:30:00+00:00,9777.6588
2025-04-19 03:45:00+00:00,9777.6588
2025-04-19 04:00:00+00:00,9777.6588
2025-04-19 04:15:00+00:00,9777.6588
2025-04-19 04:30:00+00:00,9777.6588
2025-04-19 04:45:00+00:00,9777.6588
2025-04-19 05:00:00+00:00,9777.6588
2025-04-19 05:15:00+00:00,9777.6588
2025-04-19 05:30:00+00:00,9777.6588
2025-04-19 05:45:00+00:00,9777.6588
2025-04-19 06:00:00+00:00,9777.6588
2025-04-19 06:15:00+00:00,9777.6588
2025-04-19 06:30:00+00:00,9777.6588
2025-04-19 06:45:00+00:00,9777.6588
2025-04-19 07:00:00+00:00,9777.6588
2025-04-19 07:15:00+00:00,9777.6588
2025-04-19 07:30:00+00:00,9777.6588
2025-04-19 07:45:00+00:00,9777.6588
2025-04-19 08:00:00+00:00,9777.6588
2025-04-19 08:15:00+00:00,9777.6588
2025-04-19 08:30:00+00:00,9777.6588
2025-04-19 08:45:00+00:00,9777.6588
2025-04-19 09:00:00+00:00,9777.6588
2025-04-19 09:15:00+00:00,9777.6588
2025-04-19 09:30:00+00:00,9777.6588
2025-04-19 09:45:00+00:00,9777.6588
2025-04-19 10:00:00+00:00,9777.6588
2025-04-19 10:15:00+00:00,9777.6588
2025-04-19 10:30:00+00:00,9777.6588
2025-04-19 10:45:00+00:00,9777.6588
2025-04-19 11:00:00+00:00,9777.6588
2025-04-19 11:15:00+00:00,9777.6588
2025-04-19 11:30:00+00:00,9777.6588
2025-04-19 11:45:00+00:00,9777.6588
2025-04-19 12:00:00+00:00,9777.6588
2025-04-19 12:15:00+00:00,9777.6588
2025-04-19 12:30:00+00:00,9777.6588
2025-04-19 12:45:00+00:00,9777.6588
2025-04-19 13:00:00+00:00,9777.6588
2025-04-19 13:15:00+00:00,9777.6588
2025-04-19 13:30:00+00:00,9777.6588
2025-04-19 13:45:00+00:00,9777.6588
2025-04-19 14:00:00+00:00,9777.6588
2025-04-19 14:15:00+00:00,9777.6588
2025-04-19 14:30:00+00:00,9777.6588
2025-04-19 14:45:00+00:00,9777.6588
2025-04-19 15:00:00+00:00,9777.6588
2025-04-19 15:15:00+00:00,9777.6588
2025-04-19 15:30:00+00:00,9777.6588
2025-04-19 15:45:00+00:00,9777.6588
2025-04-19 16:00:00+00:00,9777.6588
2025-04-19 16:15:00+00:00,9777.6588
2025-04-19 16:30:00+00:00,9777.6588
2025-04-19 16:45:00+00:00,9777.6588
2025-04-19 17:00:00+00:00,9777.6588
2025-04-19 17:15:00+00:00,9777.6588
2025-04-19 17:30:00+00:00,9777.6588
2025-04-19 17:45:00+00:00,9777.6588
2025-04-19 18:00:00+00:00,9777.6588
2025-04-19 18:15:00+00:00,9777.6588
2025-04-19 18:30:00+00:00,9777.6588
2025-04-19 18:45:00+00:00,9777.6588
2025-04-19 19:00:00+00:00,9777.6588
2025-04-19 19:15:00+00:00,9777.6588
2025-04-19 19:30:00+00:00,9777.6588
2025-04-19 19:45:00+00:00,9777.6588
2025-04-19 20:00:00+00:00,9777.6588
2025-04-19 20:15:00+00:00,9777.6588
2025-04-19 20:30:00+00:00,9777.6588
2025-04-19 20:45:00+00:00,9777.6588
2025-04-19 21:00:00+00:00,9777.6588
2025-04-19 21:15:00+00:00,9777.6588
2025-04-19 21:30:00+00:00,9777.6588
2025-04-19 21:45:00+00:00,9777.6588
2025-04-19 22:00:00+00:00,9777.6588
2025-04-19 22:15:00+00:00,9777.6588
2025-04-19 22:30:00+00:00,9777.6588
2025-04-19 22:45:00+00:00,9777.6588
2025-04-19 23:00:00+00:00,9777.6588
2025-04-19 23:15:00+00:00,9777.6588
2025-04-19 23:30:00+00:00,9777.6588
2025-04-19 23:45:00+00:00,9777.6588
2025-04-20 00:00:00+00:00,9777.6588
2025-04-20 00:15:00+00:00,9777.6588
2025-04-20 00:30:00+00:00,9777.6588
2025-04-20 00:45:00+00:00,9777.6588
2025-04-20 01:00:00+00:00,9777.6588
2025-04-20 01:15:00+00:00,9777.6588
2025-04-20 01:30:00+00:00,9777.6588
2025-04-20 01:45:00+00:00,9777.6588
2025-04-20 02:00:00+00:00,9777.6588
2025-04-20 02:15:00+00:00,9777.6588
2025-04-20 02:30:00+00:00,9777.6588
2025-04-20 02:45:00+00:00,9777.6588
2025-04-20 03:00:00+00:00,9777.6588
2025-04-20 03:15:00+00:00,9777.6588
2025-04-20 03:30:00+00:00,9777.6588
2025-04-20 03:45:00+00:00,9777.6588
2025-04-20 04:00:00+00:00,9777.6588
2025-04-20 04:15:00+00:00,9777.6588
2025-04-20 04:30:00+00:00,9777.6588
2025-04-20 04:45:00+00:00,9777.6588
2025-04-20 05:00:00+00:00,9777.6588
2025-04-20 05:15:00+00:00,9777.6588
2025-04-20 05:30:00+00:00,9777.6588
2025-04-20 05:45:00+00:00,9777.6588
2025-04-20 06:00:00+00:00,9777.6588
2025-04-20 06:15:00+00:00,9777.6588
2025-04-20 06:30:00+00:00,9777.6588
2025-04-20 06:45:00+00:00,9777.6588
2025-04-20 07:00:00+00:00,9777.6588
2025-04-20 07:15:00+00:00,9777.6588
2025-04-20 07:30:00+00:00,9777.6588
2025-04-20 07:45:00+00:00,9777.6588
2025-04-20 08:00:00+00:00,9777.6588
2025-04-20 08:15:00+00:00,9777.6588
2025-04-20 08:30:00+00:00,9777.6588
2025-04-20 08:45:00+00:00,9777.6588
2025-04-20 09:00:00+00:00,9777.6588
2025-04-20 09:15:00+00:00,9777.6588
2025-04-20 09:30:00+00:00,9777.6588
2025-04-20 09:45:00+00:00,9777.6588
2025-04-20 10:00:00+00:00,9777.6588
2025-04-20 10:15:00+00:00,9777.6588
2025-04-20 10:30:00+00:00,9777.6588
2025-04-20 10:45:00+00:00,9777.6588
2025-04-20 11:00:00+00:00,9777.6588
2025-04-20 11:15:00+00:00,9777.6588
2025-04-20 11:30:00+00:00,9777.6588
2025-04-20 11:45:00+00:00,9777.6588
2025-04-20 12:00:00+00:00,9777.6588
2025-04-20 12:15:00+00:00,9777.6588
2025-04-20 12:30:00+00:00,9777.6588
2025-04-20 12:45:00+00:00,9777.6588
2025-04-20 13:00:00+00:00,9777.6588
2025-04-20 13:15:00+00:00,9777.6588
2025-04-20 13:30:00+00:00,9777.6588
2025-04-20 13:45:00+00:00,9777.6588
2025-04-20 14:00:00+00:00,9777.6588
2025-04-20 14:15:00+00:00,9777.6588
2025-04-20 14:30:00+00:00,9777.6588
2025-04-20 14:45:00+00:00,9777.6588
2025-04-20 15:00:00+00:00,9777.6588
2025-04-20 15:15:00+00:00,9777.6588
2025-04-20 15:30:00+00:00,9777.6588
2025-04-20 15:45:00+00:00,9777.6588
2025-04-20 16:00:00+00:00,9777.6588
2025-04-20 16:15:00+00:00,9777.6588
2025-04-20 16:30:00+00:00,9777.6588
2025-04-20 16:45:00+00:00,9777.6588
2025-04-20 17:00:00+00:00,9777.6588
2025-04-20 17:15:00+00:00,9777.6588
2025-04-20 17:30:00+00:00,9777.6588
2025-04-20 17:45:00+00:00,9777.6588
2025-04-20 18:00:00+00:00,9777.6588
2025-04-20 18:15:00+00:00,9777.6588
2025-04-20 18:30:00+00:00,9777.6588
2025-04-20 18:45:00+00:00,9777.6588
2025-04-20 19:00:00+00:00,9777.6588
2025-04-20 19:15:00+00:00,9777.6588
2025-04-20 19:30:00+00:00,9777.6588
2025-04-20 19:45:00+00:00,9777.6588
2025-04-20 20:00:00+00:00,9777.6588
2025-04-20 20:15:00+00:00,9777.6588
2025-04-20 20:30:00+00:00,9777.6588
2025-04-20 20:45:00+00:00,9777.6588
2025-04-20 21:00:00+00:00,9777.6588
2025-04-20 21:15:00+00:00,9777.6588
2025-04-20 21:30:00+00:00,9777.6588
2025-04-20 21:45:00+00:00,9777.6588
2025-04-20 22:00:00+00:00,9777.6588
2025-04-20 22:15:00+00:00,9777.6588
2025-04-20 22:30:00+00:00,9777.6588
2025-04-20 22:45:00+00:00,9777.6588
2025-04-20 23:00:00+00:00,9777.6588
2025-04-20 23:15:00+00:00,9777.6588
2025-04-20 23:30:00+00:00,9777.6588
2025-04-20 23:45:00+00:00,9777.6588
2025-04-21 00:00:00+00:00,9777.6588
2025-04-21 00:15:00+00:00,9777.6588
2025-04-21 00:30:00+00:00,9777.6588
2025-04-21 00:45:00+00:00,9777.6588
2025-04-21 01:00:00+00:00,9973.2119
2025-04-21 01:15:00+00:00,9973.2119
2025-04-21 01:30:00+00:00,9973.2119
2025-04-21 01:45:00+00:00,9973.2119
2025-04-21 02:00:00+00:00,9973.2119
2025-04-21 02:15:00+00:00,9973.2119
2025-04-21 02:30:00+00:00,9973.2119
2025-04-21 02:45:00+00:00,9973.2119
2025-04-21 03:00:00+00:00,9973.2119
2025-04-21 03:15:00+00:00,9973.2119
2025-04-21 03:30:00+00:00,9973.2119
2025-04-21 03:45:00+00:00,9973.2119
2025-04-21 04:00:00+00:00,9973.2119
2025-04-21 04:15:00+00:00,9973.2119
2025-04-21 04:30:00+00:00,9973.2119
2025-04-21 04:45:00+00:00,9973.2119
2025-04-21 05:00:00+00:00,9973.2119
2025-04-21 05:15:00+00:00,9973.2119
2025-04-21 05:30:00+00:00,9973.2119
2025-04-21 05:45:00+00:00,9973.2119
2025-04-21 06:00:00+00:00,9973.2119
2025-04-21 06:15:00+00:00,9973.2119
2025-04-21 06:30:00+00:00,9973.2119
2025-04-21 06:45:00+00:00,9973.2119
2025-04-21 07:00:00+00:00,9973.2119
2025-04-21 07:15:00+00:00,9973.2119
2025-04-21 07:30:00+00:00,9973.2119
2025-04-21 07:45:00+00:00,9973.2119
2025-04-21 08:00:00+00:00,9973.2119
2025-04-21 08:15:00+00:00,9973.2119
2025-04-21 08:30:00+00:00,9973.2119
2025-04-21 08:45:00+00:00,9973.2119
2025-04-21 09:00:00+00:00,9973.2119
2025-04-21 09:15:00+00:00,9973.2119
2025-04-21 09:30:00+00:00,9973.2119
2025-04-21 09:45:00+00:00,9973.2119
2025-04-21 10:00:00+00:00,9973.2119
2025-04-21 10:15:00+00:00,9973.2119
2025-04-21 10:30:00+00:00,9973.2119
2025-04-21 10:45:00+00:00,9973.2119
2025-04-21 11:00:00+00:00,9973.2119
2025-04-21 11:15:00+00:00,9973.2119
2025-04-21 11:30:00+00:00,9973.2119
2025-04-21 11:45:00+00:00,9973.2119
2025-04-21 12:00:00+00:00,9973.2119
2025-04-21 12:15:00+00:00,9973.2119
2025-04-21 12:30:00+00:00,9973.2119
2025-04-21 12:45:00+00:00,9973.2119
2025-04-21 13:00:00+00:00,9873.4798
2025-04-21 13:15:00+00:00,9873.4798
2025-04-21 13:30:00+00:00,9873.4798
2025-04-21 13:45:00+00:00,9873.4798
2025-04-21 14:00:00+00:00,9873.4798
2025-04-21 14:15:00+00:00,9873.4798
2025-04-21 14:30:00+00:00,9873.4798
2025-04-21 14:45:00+00:00,9873.4798
2025-04-21 15:00:00+00:00,9873.4798
2025-04-21 15:15:00+00:00,9873.4798
2025-04-21 15:30:00+00:00,9873.4798
2025-04-21 15:45:00+00:00,9873.4798
2025-04-21 16:00:00+00:00,9873.4798
2025-04-21 16:15:00+00:00,9873.4798
2025-04-21 16:30:00+00:00,9873.4798
2025-04-21 16:45:00+00:00,9873.4798
2025-04-21 17:00:00+00:00,9774.745
2025-04-21 17:15:00+00:00,9774.745
2025-04-21 17:30:00+00:00,9774.745
2025-04-21 17:45:00+00:00,9774.745
2025-04-21 18:00:00+00:00,9774.745
2025-04-21 18:15:00+00:00,9774.745
2025-04-21 18:30:00+00:00,9774.745
2025-04-21 18:45:00+00:00,9774.745
2025-04-21 19:00:00+00:00,9774.745
2025-04-21 19:15:00+00:00,9774.745
2025-04-21 19:30:00+00:00,9774.745
2025-04-21 19:45:00+00:00,9774.745
2025-04-21 20:00:00+00:00,9774.745
2025-04-21 20:15:00+00:00,9774.745
2025-04-21 20:30:00+00:00,9774.745
2025-04-21 20:45:00+00:00,9774.745
2025-04-21 21:00:00+00:00,9774.745
2025-04-21 21:15:00+00:00,9774.745
2025-04-21 21:30:00+00:00,9774.745
2025-04-21 21:45:00+00:00,9774.745
2025-04-21 22:00:00+00:00,9774.745
2025-04-21 22:15:00+00:00,9774.745
2025-04-21 22:30:00+00:00,9774.745
2025-04-21 22:45:00+00:00,9774.745
2025-04-21 23:00:00+00:00,9774.745
2025-04-21 23:15:00+00:00,9774.745
2025-04-21 23:30:00+00:00,9774.745
2025-04-21 23:45:00+00:00,9774.745
2025-04-22 00:00:00+00:00,9774.745
2025-04-22 00:15:00+00:00,9774.745
2025-04-22 00:30:00+00:00,9774.745
2025-04-22 00:45:00+00:00,9970.2399
2025-04-22 01:00:00+00:00,9970.2399
2025-04-22 01:15:00+00:00,9970.2399
2025-04-22 01:30:00+00:00,9970.2399
2025-04-22 01:45:00+00:00,9970.2399
2025-04-22 02:00:00+00:00,9970.2399
2025-04-22 02:15:00+00:00,9970.2399
2025-04-22 02:30:00+00:00,9970.2399
2025-04-22 02:45:00+00:00,9970.2399
2025-04-22 03:00:00+00:00,9970.2399
2025-04-22 03:15:00+00:00,9970.2399
2025-04-22 03:30:00+00:00,9970.2399
2025-04-22 03:45:00+00:00,9970.2399
2025-04-22 04:00:00+00:00,9970.2399
2025-04-22 04:15:00+00:00,9970.2399
2025-04-22 04:30:00+00:00,9970.2399
2025-04-22 04:45:00+00:00,9970.2399
2025-04-22 05:00:00+00:00,9970.2399
2025-04-22 05:15:00+00:00,9970.2399
2025-04-22 05:30:00+00:00,9970.2399
2025-04-22 05:45:00+00:00,9970.2399
2025-04-22 06:00:00+00:00,9970.2399
2025-04-22 06:15:00+00:00,9970.2399
2025-04-22 06:30:00+00:00,9970.2399
2025-04-22 06:45:00+00:00,9970.2399
2025-04-22 07:00:00+00:00,9970.2399
2025-04-22 07:15:00+00:00,9970.2399
2025-04-22 07:30:00+00:00,9970.2399
2025-04-22 07:45:00+00:00,9970.2399
2025-04-22 08:00:00+00:00,9970.2399
2025-04-22 08:15:00+00:00,9970.2399
2025-04-22 08:30:00+00:00,9970.2399
2025-04-22 08:45:00+00:00,9970.2399
2025-04-22 09:00:00+00:00,9970.2399
2025-04-22 09:15:00+00:00,9970.2399
2025-04-22 09:30:00+00:00,9970.2399
2025-04-22 09:45:00+00:00,9970.2399
2025-04-22 10:00:00+00:00,9970.2399
2025-04-22 10:15:00+00:00,9970.2399
2025-04-22 10:30:00+00:00,9970.2399
2025-04-22 10:45:00+00:00,9970.2399
2025-04-22 11:00:00+00:00,9970.2399
2025-04-22 11:15:00+00:00,9970.2399
2025-04-22 11:30:00+00:00,9970.2399
2025-04-22 11:45:00+00:00,9970.2399
2025-04-22 12:00:00+00:00,9970.2399
2025-04-22 12:15:00+00:00,9970.2399
2025-04-22 12:30:00+00:00,9970.2399
2025-04-22 12:45:00+00:00,9970.2399
2025-04-22 13:00:00+00:00,9970.2399
2025-04-22 13:15:00+00:00,9970.2399
2025-04-22 13:30:00+00:00,9970.2399
2025-04-22 13:45:00+00:00,9970.2399
2025-04-22 14:00:00+00:00,9970.2399
2025-04-22 14:15:00+00:00,9970.2399
2025-04-22 14:30:00+00:00,9970.2399
2025-04-22 14:45:00+00:00,9970.2399
2025-04-22 15:00:00+00:00,9970.2399
2025-04-22 15:15:00+00:00,9970.2399
2025-04-22 15:30:00+00:00,9970.2399
2025-04-22 15:45:00+00:00,9970.2399
2025-04-22 16:00:00+00:00,9970.2399
2025-04-22 16:15:00+00:00,9970.2399
2025-04-22 16:30:00+00:00,9970.2399
2025-04-22 16:45:00+00:00,9970.2399
2025-04-22 17:00:00+00:00,9970.2399
2025-04-22 17:15:00+00:00,9970.2399
2025-04-22 17:30:00+00:00,9970.2399
2025-04-22 17:45:00+00:00,9970.2399
2025-04-22 18:00:00+00:00,9970.2399
2025-04-22 18:15:00+00:00,9970.2399
2025-04-22 18:30:00+00:00,9970.2399
2025-04-22 18:45:00+00:00,9970.2399
2025-04-22 19:00:00+00:00,9970.2399
2025-04-22 19:15:00+00:00,9970.2399
2025-04-22 19:30:00+00:00,9970.2399
2025-04-22 19:45:00+00:00,9970.2399
2025-04-22 20:00:00+00:00,9970.2399
2025-04-22 20:15:00+00:00,9970.2399
2025-04-22 20:30:00+00:00,9970.2399
2025-04-22 20:45:00+00:00,9970.2399
2025-04-22 21:00:00+00:00,9970.2399
2025-04-22 21:15:00+00:00,9970.2399
2025-04-22 21:30:00+00:00,9970.2399
2025-04-22 21:45:00+00:00,9970.2399
2025-04-22 22:00:00+00:00,9970.2399
2025-04-22 22:15:00+00:00,9970.2399
2025-04-22 22:30:00+00:00,9970.2399
2025-04-22 22:45:00+00:00,9970.2399
2025-04-22 23:00:00+00:00,9970.2399
2025-04-22 23:15:00+00:00,9970.2399
2025-04-22 23:30:00+00:00,9970.2399
2025-04-22 23:45:00+00:00,9970.2399
2025-04-23 00:00:00+00:00,9970.2399
2025-04-23 00:15:00+00:00,9970.2399
2025-04-23 00:30:00+00:00,9970.2399
2025-04-23 00:45:00+00:00,9970.2399
2025-04-23 01:00:00+00:00,9970.2399
2025-04-23 01:15:00+00:00,9970.2399
2025-04-23 01:30:00+00:00,9970.2399
2025-04-23 01:45:00+00:00,9970.2399
2025-04-23 02:00:00+00:00,9970.2399
2025-04-23 02:15:00+00:00,9970.2399
2025-04-23 02:30:00+00:00,9970.2399
2025-04-23 02:45:00+00:00,9970.2399
2025-04-23 03:00:00+00:00,9970.2399
2025-04-23 03:15:00+00:00,9970.2399
2025-04-23 03:30:00+00:00,9970.2399
2025-04-23 03:45:00+00:00,9970.2399
2025-04-23 04:00:00+00:00,9970.2399
2025-04-23 04:15:00+00:00,9970.2399
2025-04-23 04:30:00+00:00,9970.2399
2025-04-23 04:45:00+00:00,9970.2399
2025-04-23 05:00:00+00:00,9970.2399
2025-04-23 05:15:00+00:00,9970.2399
2025-04-23 05:30:00+00:00,9970.2399
2025-04-23 05:45:00+00:00,9970.2399
2025-04-23 06:00:00+00:00,9970.2399
2025-04-23 06:15:00+00:00,9970.2399
2025-04-23 06:30:00+00:00,9970.2399
2025-04-23 06:45:00+00:00,9970.2399
2025-04-23 07:00:00+00:00,9970.2399
2025-04-23 07:15:00+00:00,9970.2399
2025-04-23 07:30:00+00:00,9970.2399
2025-04-23 07:45:00+00:00,9970.2399
2025-04-23 08:00:00+00:00,9970.2399
2025-04-23 08:15:00+00:00,9970.2399
2025-04-23 08:30:00+00:00,9970.2399
2025-04-23 08:45:00+00:00,9970.2399
2025-04-23 09:00:00+00:00,9970.2399
2025-04-23 09:15:00+00:00,9970.2399
2025-04-23 09:30:00+00:00,9970.2399
2025-04-23 09:45:00+00:00,9970.2399
2025-04-23 10:00:00+00:00,9970.2399
2025-04-23 10:15:00+00:00,9970.2399
2025-04-23 10:30:00+00:00,9970.2399
2025-04-23 10:45:00+00:00,9970.2399
2025-04-23 11:00:00+00:00,9970.2399
2025-04-23 11:15:00+00:00,9970.2399
2025-04-23 11:30:00+00:00,9970.2399
2025-04-23 11:45:00+00:00,9970.2399
2025-04-23 12:00:00+00:00,9970.2399
2025-04-23 12:15:00+00:00,9970.2399
2025-04-23 12:30:00+00:00,9970.2399
2025-04-23 12:45:00+00:00,9970.2399
2025-04-23 13:00:00+00:00,9970.2399
2025-04-23 13:15:00+00:00,9970.2399
2025-04-23 13:30:00+00:00,9970.2399
2025-04-23 13:45:00+00:00,9970.2399
2025-04-23 14:00:00+00:00,9970.2399
2025-04-23 14:15:00+00:00,9970.2399
2025-04-23 14:30:00+00:00,9970.2399
2025-04-23 14:45:00+00:00,9970.2399
2025-04-23 15:00:00+00:00,9970.2399
2025-04-23 15:15:00+00:00,9970.2399
2025-04-23 15:30:00+00:00,9970.2399
2025-04-23 15:45:00+00:00,9970.2399
2025-04-23 16:00:00+00:00,9970.2399
2025-04-23 16:15:00+00:00,9970.2399
2025-04-23 16:30:00+00:00,9970.2399
2025-04-23 16:45:00+00:00,9970.2399
2025-04-23 17:00:00+00:00,9970.2399
2025-04-23 17:15:00+00:00,9970.2399
2025-04-23 17:30:00+00:00,9970.2399
2025-04-23 17:45:00+00:00,9970.2399
2025-04-23 18:00:00+00:00,9970.2399
2025-04-23 18:15:00+00:00,9970.2399
2025-04-23 18:30:00+00:00,9970.2399
2025-04-23 18:45:00+00:00,9970.2399
2025-04-23 19:00:00+00:00,9970.2399
2025-04-23 19:15:00+00:00,9970.2399
2025-04-23 19:30:00+00:00,9970.2399
2025-04-23 19:45:00+00:00,9970.2399
2025-04-23 20:00:00+00:00,9970.2399
2025-04-23 20:15:00+00:00,9970.2399
2025-04-23 20:30:00+00:00,9970.2399
2025-04-23 20:45:00+00:00,9970.2399
2025-04-23 21:00:00+00:00,9970.2399
2025-04-23 21:15:00+00:00,9970.2399
2025-04-23 21:30:00+00:00,9970.2399
2025-04-23 21:45:00+00:00,9970.2399
2025-04-23 22:00:00+00:00,9970.2399
2025-04-23 22:15:00+00:00,9970.2399
2025-04-23 22:30:00+00:00,9970.2399
2025-04-23 22:45:00+00:00,9970.2399
2025-04-23 23:00:00+00:00,9970.2399
2025-04-23 23:15:00+00:00,9970.2399
2025-04-23 23:30:00+00:00,9970.2399
2025-04-23 23:45:00+00:00,9970.2399
2025-04-24 00:00:00+00:00,9970.2399
2025-04-24 00:15:00+00:00,9970.2399
2025-04-24 00:30:00+00:00,9970.2399
2025-04-24 00:45:00+00:00,9970.2399
2025-04-24 01:00:00+00:00,9970.2399
2025-04-24 01:15:00+00:00,9970.2399
2025-04-24 01:30:00+00:00,9970.2399
2025-04-24 01:45:00+00:00,9970.2399
2025-04-24 02:00:00+00:00,9970.2399
2025-04-24 02:15:00+00:00,9970.2399
2025-04-24 02:30:00+00:00,9970.2399
2025-04-24 02:45:00+00:00,9970.2399
2025-04-24 03:00:00+00:00,9970.2399
2025-04-24 03:15:00+00:00,9970.2399
2025-04-24 03:30:00+00:00,9970.2399
2025-04-24 03:45:00+00:00,9970.2399
2025-04-24 04:00:00+00:00,9870.5375
2025-04-24 04:15:00+00:00,9870.5375
2025-04-24 04:30:00+00:00,9870.5375
2025-04-24 04:45:00+00:00,9870.5375
2025-04-24 05:00:00+00:00,9870.5375
2025-04-24 05:15:00+00:00,9870.5375
2025-04-24 05:30:00+00:00,9870.5375
2025-04-24 05:45:00+00:00,9870.5375
2025-04-24 06:00:00+00:00,9870.5375
2025-04-24 06:15:00+00:00,9870.5375
2025-04-24 06:30:00+00:00,9870.5375
2025-04-24 06:45:00+00:00,9870.5375
2025-04-24 07:00:00+00:00,9870.5375
2025-04-24 07:15:00+00:00,9870.5375
2025-04-24 07:30:00+00:00,9870.5375
2025-04-24 07:45:00+00:00,9870.5375
2025-04-24 08:00:00+00:00,9870.5375
2025-04-24 08:15:00+00:00,9870.5375
2025-04-24 08:30:00+00:00,9870.5375
2025-04-24 08:45:00+00:00,9870.5375
2025-04-24 09:00:00+00:00,9870.5375
2025-04-24 09:15:00+00:00,9870.5375
2025-04-24 09:30:00+00:00,9870.5375
2025-04-24 09:45:00+00:00,9870.5375
2025-04-24 10:00:00+00:00,9870.5375
2025-04-24 10:15:00+00:00,9870.5375
2025-04-24 10:30:00+00:00,9870.5375
2025-04-24 10:45:00+00:00,9870.5375
2025-04-24 11:00:00+00:00,9870.5375
2025-04-24 11:15:00+00:00,9870.5375
2025-04-24 11:30:00+00:00,9870.5375
2025-04-24 11:45:00+00:00,9870.5375
2025-04-24 12:00:00+00:00,9870.5375
2025-04-24 12:15:00+00:00,9870.5375
2025-04-24 12:30:00+00:00,9870.5375
2025-04-24 12:45:00+00:00,9870.5375
2025-04-24 13:00:00+00:00,9870.5375
2025-04-24 13:15:00+00:00,9870.5375
2025-04-24 13:30:00+00:00,9870.5375
2025-04-24 13:45:00+00:00,9870.5375
2025-04-24 14:00:00+00:00,9870.5375
2025-04-24 14:15:00+00:00,9870.5375
2025-04-24 14:30:00+00:00,9870.5375
2025-04-24 14:45:00+00:00,9870.5375
2025-04-24 15:00:00+00:00,9870.5375
2025-04-24 15:15:00+00:00,9870.5375
2025-04-24 15:30:00+00:00,9870.5375
2025-04-24 15:45:00+00:00,9870.5375
2025-04-24 16:00:00+00:00,9870.5375
2025-04-24 16:15:00+00:00,9870.5375
2025-04-24 16:30:00+00:00,9870.5375
2025-04-24 16:45:00+00:00,9870.5375
2025-04-24 17:00:00+00:00,9771.8322
2025-04-24 17:15:00+00:00,9771.8322
2025-04-24 17:30:00+00:00,9771.8322
2025-04-24 17:45:00+00:00,9771.8322
2025-04-24 18:00:00+00:00,9771.8322
2025-04-24 18:15:00+00:00,9771.8322
2025-04-24 18:30:00+00:00,9771.8322
2025-04-24 18:45:00+00:00,9771.8322
2025-04-24 19:00:00+00:00,9771.8322
2025-04-24 19:15:00+00:00,9771.8322
2025-04-24 19:30:00+00:00,9771.8322
2025-04-24 19:45:00+00:00,9771.8322
2025-04-24 20:00:00+00:00,9771.8322
2025-04-24 20:15:00+00:00,9771.8322
2025-04-24 20:30:00+00:00,9771.8322
2025-04-24 20:45:00+00:00,9771.8322
2025-04-24 21:00:00+00:00,9771.8322
2025-04-24 21:15:00+00:00,9771.8322
2025-04-24 21:30:00+00:00,9771.8322
2025-04-24 21:45:00+00:00,9771.8322
2025-04-24 22:00:00+00:00,9771.8322
2025-04-24 22:15:00+00:00,9771.8322
2025-04-24 22:30:00+00:00,9771.8322
2025-04-24 22:45:00+00:00,9771.8322
2025-04-24 23:00:00+00:00,9771.8322
2025-04-24 23:15:00+00:00,9771.8322
2025-04-24 23:30:00+00:00,9967.2688
2025-04-24 23:45:00+00:00,9967.2688
2025-04-25 00:00:00+00:00,9967.2688
2025-04-25 00:15:00+00:00,9967.2688
2025-04-25 00:30:00+00:00,9967.2688
2025-04-25 00:45:00+00:00,9967.2688
2025-04-25 01:00:00+00:00,9967.2688
2025-04-25 01:15:00+00:00,9967.2688
2025-04-25 01:30:00+00:00,9867.5961
2025-04-25 01:45:00+00:00,9867.5961
2025-04-25 02:00:00+00:00,9867.5961
2025-04-25 02:15:00+00:00,9867.5961
2025-04-25 02:30:00+00:00,9867.5961
2025-04-25 02:45:00+00:00,9867.5961
2025-04-25 03:00:00+00:00,9867.5961
2025-04-25 03:15:00+00:00,9867.5961
2025-04-25 03:30:00+00:00,9867.5961
2025-04-25 03:45:00+00:00,9867.5961
2025-04-25 04:00:00+00:00,9867.5961
2025-04-25 04:15:00+00:00,9867.5961
2025-04-25 04:30:00+00:00,9768.9201
2025-04-25 04:45:00+00:00,9768.9201
2025-04-25 05:00:00+00:00,9768.9201
2025-04-25 05:15:00+00:00,9768.9201
2025-04-25 05:30:00+00:00,9768.9201
2025-04-25 05:45:00+00:00,9768.9201
2025-04-25 06:00:00+00:00,9768.9201
2025-04-25 06:15:00+00:00,9768.9201
2025-04-25 06:30:00+00:00,9768.9201
2025-04-25 06:45:00+00:00,9768.9201
2025-04-25 07:00:00+00:00,9768.9201
2025-04-25 07:15:00+00:00,9768.9201
2025-04-25 07:30:00+00:00,9768.9201
2025-04-25 07:45:00+00:00,9768.9201
2025-04-25 08:00:00+00:00,9768.9201
2025-04-25 08:15:00+00:00,9768.9201
2025-04-25 08:30:00+00:00,9768.9201
2025-04-25 08:45:00+00:00,9768.9201
2025-04-25 09:00:00+00:00,9768.9201
2025-04-25 09:15:00+00:00,9768.9201
2025-04-25 09:30:00+00:00,9768.9201
2025-04-25 09:45:00+00:00,9768.9201
2025-04-25 10:00:00+00:00,9768.9201
2025-04-25 10:15:00+00:00,9768.9201
2025-04-25 10:30:00+00:00,9768.9201
2025-04-25 10:45:00+00:00,9768.9201
2025-04-25 11:00:00+00:00,9964.2986
2025-04-25 11:15:00+00:00,9964.2986
2025-04-25 11:30:00+00:00,9964.2986
2025-04-25 11:45:00+00:00,10163.5845
2025-04-25 12:00:00+00:00,10163.5845
2025-04-25 12:15:00+00:00,10163.5845
2025-04-25 12:30:00+00:00,10163.5845
2025-04-25 12:45:00+00:00,10061.9487
2025-04-25 13:00:00+00:00,10061.9487
2025-04-25 13:15:00+00:00,10061.9487
2025-04-25 13:30:00+00:00,10061.9487
2025-04-25 13:45:00+00:00,10061.9487
2025-04-25 14:00:00+00:00,10061.9487
2025-04-25 14:15:00+00:00,10061.9487
2025-04-25 14:30:00+00:00,10061.9487
2025-04-25 14:45:00+00:00,10061.9487
2025-04-25 15:00:00+00:00,10061.9487
2025-04-25 15:15:00+00:00,10061.9487
2025-04-25 15:30:00+00:00,10061.9487
2025-04-25 15:45:00+00:00,10061.9487
2025-04-25 16:00:00+00:00,10061.9487
2025-04-25 16:15:00+00:00,10061.9487
2025-04-25 16:30:00+00:00,10061.9487
2025-04-25 16:45:00+00:00,10061.9487
2025-04-25 17:00:00+00:00,10061.9487
2025-04-25 17:15:00+00:00,10061.9487
2025-04-25 17:30:00+00:00,10061.9487
2025-04-25 17:45:00+00:00,10061.9487
2025-04-25 18:00:00+00:00,10061.9487
2025-04-25 18:15:00+00:00,10061.9487
2025-04-25 18:30:00+00:00,10061.9487
2025-04-25 18:45:00+00:00,10061.9487
2025-04-25 19:00:00+00:00,10061.9487
2025-04-25 19:15:00+00:00,10061.9487
2025-04-25 19:30:00+00:00,10061.9487
2025-04-25 19:45:00+00:00,10061.9487
2025-04-25 20:00:00+00:00,10061.9487
2025-04-25 20:15:00+00:00,10061.9487
2025-04-25 20:30:00+00:00,10061.9487
2025-04-25 20:45:00+00:00,10061.9487
2025-04-25 21:00:00+00:00,10061.9487
2025-04-25 21:15:00+00:00,10061.9487
2025-04-25 21:30:00+00:00,10061.9487
2025-04-25 21:45:00+00:00,10061.9487
2025-04-25 22:00:00+00:00,10061.9487
2025-04-25 22:15:00+00:00,10061.9487
2025-04-25 22:30:00+00:00,10061.9487
2025-04-25 22:45:00+00:00,10061.9487
2025-04-25 23:00:00+00:00,10061.9487
2025-04-25 23:15:00+00:00,10061.9487
2025-04-25 23:30:00+00:00,10061.9487
2025-04-25 23:45:00+00:00,10061.9487
2025-04-26 00:00:00+00:00,10061.9487
2025-04-26 00:15:00+00:00,10061.9487
2025-04-26 00:30:00+00:00,9961.3292
2025-04-26 00:45:00+00:00,9961.3292
2025-04-26 01:00:00+00:00,9961.3292
2025-04-26 01:15:00+00:00,9961.3292
2025-04-26 01:30:00+00:00,9961.3292
2025-04-26 01:45:00+00:00,9961.3292
2025-04-26 02:00:00+00:00,9961.3292
2025-04-26 02:15:00+00:00,9961.3292
2025-04-26 02:30:00+00:00,9961.3292
2025-04-26 02:45:00+00:00,9961.3292
2025-04-26 03:00:00+00:00,9961.3292
2025-04-26 03:15:00+00:00,9961.3292
2025-04-26 03:30:00+00:00,9961.3292
2025-04-26 03:45:00+00:00,9961.3292
2025-04-26 04:00:00+00:00,9961.3292
2025-04-26 04:15:00+00:00,9961.3292
2025-04-26 04:30:00+00:00,9961.3292
2025-04-26 04:45:00+00:00,9961.3292
2025-04-26 05:00:00+00:00,9861.7159
2025-04-26 05:15:00+00:00,9861.7159
2025-04-26 05:30:00+00:00,9861.7159
2025-04-26 05:45:00+00:00,9861.7159
2025-04-26 06:00:00+00:00,9861.7159
2025-04-26 06:15:00+00:00,9861.7159
2025-04-26 06:30:00+00:00,9861.7159
2025-04-26 06:45:00+00:00,9861.7159
2025-04-26 07:00:00+00:00,9861.7159
2025-04-26 07:15:00+00:00,9861.7159
2025-04-26 07:30:00+00:00,9861.7159
2025-04-26 07:45:00+00:00,9763.0987
2025-04-26 08:00:00+00:00,9763.0987
2025-04-26 08:15:00+00:00,9763.0987
2025-04-26 08:30:00+00:00,9763.0987
2025-04-26 08:45:00+00:00,9763.0987
2025-04-26 09:00:00+00:00,9763.0987
2025-04-26 09:15:00+00:00,9763.0987
2025-04-26 09:30:00+00:00,9763.0987
2025-04-26 09:45:00+00:00,9763.0987
2025-04-26 10:00:00+00:00,9763.0987
2025-04-26 10:15:00+00:00,9763.0987
2025-04-26 10:30:00+00:00,9763.0987
2025-04-26 10:45:00+00:00,9763.0987
2025-04-26 11:00:00+00:00,9763.0987
2025-04-26 11:15:00+00:00,9763.0987
2025-04-26 11:30:00+00:00,9763.0987
2025-04-26 11:45:00+00:00,9763.0987
2025-04-26 12:00:00+00:00,9763.0987
2025-04-26 12:15:00+00:00,9763.0987
2025-04-26 12:30:00+00:00,9763.0987
2025-04-26 12:45:00+00:00,9763.0987
2025-04-26 13:00:00+00:00,9763.0987
2025-04-26 13:15:00+00:00,9763.0987
2025-04-26 13:30:00+00:00,9763.0987
2025-04-26 13:45:00+00:00,9763.0987
2025-04-26 14:00:00+00:00,9763.0987
2025-04-26 14:15:00+00:00,9763.0987
2025-04-26 14:30:00+00:00,9763.0987
2025-04-26 14:45:00+00:00,9763.0987
2025-04-26 15:00:00+00:00,9763.0987
2025-04-26 15:15:00+00:00,9763.0987
2025-04-26 15:30:00+00:00,9763.0987
2025-04-26 15:45:00+00:00,9763.0987
2025-04-26 16:00:00+00:00,9763.0987
2025-04-26 16:15:00+00:00,9763.0987
2025-04-26 16:30:00+00:00,9763.0987
2025-04-26 16:45:00+00:00,9763.0987
2025-04-26 17:00:00+00:00,9763.0987
2025-04-26 17:15:00+00:00,9763.0987
2025-04-26 17:30:00+00:00,9763.0987
2025-04-26 17:45:00+00:00,9763.0987
2025-04-26 18:00:00+00:00,9763.0987
2025-04-26 18:15:00+00:00,9763.0987
2025-04-26 18:30:00+00:00,9763.0987
2025-04-26 18:45:00+00:00,9763.0987
2025-04-26 19:00:00+00:00,9763.0987
2025-04-26 19:15:00+00:00,9763.0987
2025-04-26 19:30:00+00:00,9763.0987
2025-04-26 19:45:00+00:00,9763.0987
2025-04-26 20:00:00+00:00,9763.0987
2025-04-26 20:15:00+00:00,9763.0987
2025-04-26 20:30:00+00:00,9763.0987
2025-04-26 20:45:00+00:00,9763.0987
2025-04-26 21:00:00+00:00,9763.0987
2025-04-26 21:15:00+00:00,9763.0987
2025-04-26 21:30:00+00:00,9763.0987
2025-04-26 21:45:00+00:00,9763.0987
2025-04-26 22:00:00+00:00,9763.0987
2025-04-26 22:15:00+00:00,9763.0987
2025-04-26 22:30:00+00:00,9763.0987
2025-04-26 22:45:00+00:00,9763.0987
2025-04-26 23:00:00+00:00,9763.0987
2025-04-26 23:15:00+00:00,9763.0987
2025-04-26 23:30:00+00:00,9763.0987
2025-04-26 23:45:00+00:00,9763.0987
2025-04-27 00:00:00+00:00,9665.4678
2025-04-27 00:15:00+00:00,9665.4678
2025-04-27 00:30:00+00:00,9665.4678
2025-04-27 00:45:00+00:00,9665.4678
2025-04-27 01:00:00+00:00,9665.4678
2025-04-27 01:15:00+00:00,9568.8131
2025-04-27 01:30:00+00:00,9568.8131
2025-04-27 01:45:00+00:00,9568.8131
2025-04-27 02:00:00+00:00,9568.8131
2025-04-27 02:15:00+00:00,9568.8131
2025-04-27 02:30:00+00:00,9568.8131
2025-04-27 02:45:00+00:00,9568.8131
2025-04-27 03:00:00+00:00,9568.8131
2025-04-27 03:15:00+00:00,9568.8131
2025-04-27 03:30:00+00:00,9568.8131
2025-04-27 03:45:00+00:00,9568.8131
2025-04-27 04:00:00+00:00,9568.8131
2025-04-27 04:15:00+00:00,9568.8131
2025-04-27 04:30:00+00:00,9568.8131
2025-04-27 04:45:00+00:00,9568.8131
2025-04-27 05:00:00+00:00,9568.8131
2025-04-27 05:15:00+00:00,9568.8131
2025-04-27 05:30:00+00:00,9568.8131
2025-04-27 05:45:00+00:00,9568.8131
2025-04-27 06:00:00+00:00,9568.8131
2025-04-27 06:15:00+00:00,9568.8131
2025-04-27 06:30:00+00:00,9568.8131
2025-04-27 06:45:00+00:00,9568.8131
2025-04-27 07:00:00+00:00,9568.8131
2025-04-27 07:15:00+00:00,9568.8131
2025-04-27 07:30:00+00:00,9568.8131
2025-04-27 07:45:00+00:00,9568.8131
2025-04-27 08:00:00+00:00,9568.8131
2025-04-27 08:15:00+00:00,9568.8131
2025-04-27 08:30:00+00:00,9568.8131
2025-04-27 08:45:00+00:00,9568.8131
2025-04-27 09:00:00+00:00,9568.8131
2025-04-27 09:15:00+00:00,9568.8131
2025-04-27 09:30:00+00:00,9568.8131
2025-04-27 09:45:00+00:00,9568.8131
2025-04-27 10:00:00+00:00,9568.8131
2025-04-27 10:15:00+00:00,9568.8131
2025-04-27 10:30:00+00:00,9568.8131
2025-04-27 10:45:00+00:00,9568.8131
2025-04-27 11:00:00+00:00,9568.8131
2025-04-27 11:15:00+00:00,9568.8131
2025-04-27 11:30:00+00:00,9568.8131
2025-04-27 11:45:00+00:00,9568.8131
2025-04-27 12:00:00+00:00,9568.8131
2025-04-27 12:15:00+00:00,9568.8131
2025-04-27 12:30:00+00:00,9568.8131
2025-04-27 12:45:00+00:00,9568.8131
2025-04-27 13:00:00+00:00,9568.8131
2025-04-27 13:15:00+00:00,9568.8131
2025-04-27 13:30:00+00:00,9568.8131
2025-04-27 13:45:00+00:00,9568.8131
2025-04-27 14:00:00+00:00,9568.8131
2025-04-27 14:15:00+00:00,9568.8131
2025-04-27 14:30:00+00:00,9568.8131
2025-04-27 14:45:00+00:00,9568.8131
2025-04-27 15:00:00+00:00,9568.8131
2025-04-27 15:15:00+00:00,9568.8131
2025-04-27 15:30:00+00:00,9568.8131
2025-04-27 15:45:00+00:00,9568.8131
2025-04-27 16:00:00+00:00,9568.8131
2025-04-27 16:15:00+00:00,9568.8131
2025-04-27 16:30:00+00:00,9568.8131
2025-04-27 16:45:00+00:00,9568.8131
2025-04-27 17:00:00+00:00,9568.8131
2025-04-27 17:15:00+00:00,9568.8131
2025-04-27 17:30:00+00:00,9568.8131
2025-04-27 17:45:00+00:00,9568.8131
2025-04-27 18:00:00+00:00,9568.8131
2025-04-27 18:15:00+00:00,9568.8131
2025-04-27 18:30:00+00:00,9568.8131
2025-04-27 18:45:00+00:00,9568.8131
2025-04-27 19:00:00+00:00,9568.8131
2025-04-27 19:15:00+00:00,9568.8131
2025-04-27 19:30:00+00:00,9568.8131
2025-04-27 19:45:00+00:00,9568.8131
2025-04-27 20:00:00+00:00,9568.8131
2025-04-27 20:15:00+00:00,9568.8131
2025-04-27 20:30:00+00:00,9568.8131
2025-04-27 20:45:00+00:00,9568.8131
2025-04-27 21:00:00+00:00,9568.8131
2025-04-27 21:15:00+00:00,9568.8131
2025-04-27 21:30:00+00:00,9568.8131
2025-04-27 21:45:00+00:00,9568.8131
2025-04-27 22:00:00+00:00,9568.8131
2025-04-27 22:15:00+00:00,9568.8131
2025-04-27 22:30:00+00:00,9568.8131
2025-04-27 22:45:00+00:00,9568.8131
2025-04-27 23:00:00+00:00,9568.8131
2025-04-27 23:15:00+00:00,9568.8131
2025-04-27 23:30:00+00:00,9568.8131
2025-04-27 23:45:00+00:00,9568.8131
2025-04-28 00:00:00+00:00,9568.8131
2025-04-28 00:15:00+00:00,9568.8131
2025-04-28 00:30:00+00:00,9568.8131
2025-04-28 00:45:00+00:00,9568.8131
2025-04-28 01:00:00+00:00,9568.8131
2025-04-28 01:15:00+00:00,9568.8131
2025-04-28 01:30:00+00:00,9568.8131
2025-04-28 01:45:00+00:00,9568.8131
2025-04-28 02:00:00+00:00,9568.8131
2025-04-28 02:15:00+00:00,9568.8131
2025-04-28 02:30:00+00:00,9568.8131
2025-04-28 02:45:00+00:00,9568.8131
2025-04-28 03:00:00+00:00,9568.8131
2025-04-28 03:15:00+00:00,9568.8131
2025-04-28 03:30:00+00:00,9568.8131
2025-04-28 03:45:00+00:00,9568.8131
2025-04-28 04:00:00+00:00,9568.8131
2025-04-28 04:15:00+00:00,9568.8131
2025-04-28 04:30:00+00:00,9568.8131
2025-04-28 04:45:00+00:00,9568.8131
2025-04-28 05:00:00+00:00,9568.8131
2025-04-28 05:15:00+00:00,9568.8131
2025-04-28 05:30:00+00:00,9568.8131
2025-04-28 05:45:00+00:00,9568.8131
2025-04-28 06:00:00+00:00,9568.8131
2025-04-28 06:15:00+00:00,9568.8131
2025-04-28 06:30:00+00:00,9568.8131
2025-04-28 06:45:00+00:00,9568.8131
2025-04-28 07:00:00+00:00,9568.8131
2025-04-28 07:15:00+00:00,9568.8131
2025-04-28 07:30:00+00:00,9568.8131
2025-04-28 07:45:00+00:00,9568.8131
2025-04-28 08:00:00+00:00,9568.8131
2025-04-28 08:15:00+00:00,9568.8131
2025-04-28 08:30:00+00:00,9568.8131
2025-04-28 08:45:00+00:00,9568.8131
2025-04-28 09:00:00+00:00,9568.8131
2025-04-28 09:15:00+00:00,9568.8131
2025-04-28 09:30:00+00:00,9568.8131
2025-04-28 09:45:00+00:00,9568.8131
2025-04-28 10:00:00+00:00,9568.8131
2025-04-28 10:15:00+00:00,9568.8131
2025-04-28 10:30:00+00:00,9568.8131
2025-04-28 10:45:00+00:00,9568.8131
2025-04-28 11:00:00+00:00,9568.8131
2025-04-28 11:15:00+00:00,9568.8131
2025-04-28 11:30:00+00:00,9568.8131
2025-04-28 11:45:00+00:00,9473.1249
2025-04-28 12:00:00+00:00,9473.1249
2025-04-28 12:15:00+00:00,9473.1249
2025-04-28 12:30:00+00:00,9473.1249
2025-04-28 12:45:00+00:00,9473.1249
2025-04-28 13:00:00+00:00,9473.1249
2025-04-28 13:15:00+00:00,9473.1249
2025-04-28 13:30:00+00:00,9473.1249
2025-04-28 13:45:00+00:00,9473.1249
2025-04-28 14:00:00+00:00,9473.1249
2025-04-28 14:15:00+00:00,9473.1249
2025-04-28 14:30:00+00:00,9473.1249
2025-04-28 14:45:00+00:00,9473.1249
2025-04-28 15:00:00+00:00,9473.1249
2025-04-28 15:15:00+00:00,9473.1249
2025-04-28 15:30:00+00:00,9473.1249
2025-04-28 15:45:00+00:00,9473.1249
2025-04-28 16:00:00+00:00,9473.1249
2025-04-28 16:15:00+00:00,9473.1249
2025-04-28 16:30:00+00:00,9473.1249
2025-04-28 16:45:00+00:00,9473.1249
2025-04-28 17:00:00+00:00,9473.1249
2025-04-28 17:15:00+00:00,9473.1249
2025-04-28 17:30:00+00:00,9473.1249
2025-04-28 17:45:00+00:00,9473.1249
2025-04-28 18:00:00+00:00,9473.1249
2025-04-28 18:15:00+00:00,9473.1249
2025-04-28 18:30:00+00:00,9473.1249
2025-04-28 18:45:00+00:00,9473.1249
2025-04-28 19:00:00+00:00,9473.1249
2025-04-28 19:15:00+00:00,9473.1249
2025-04-28 19:30:00+00:00,9473.1249
2025-04-28 19:45:00+00:00,9473.1249
2025-04-28 20:00:00+00:00,9473.1249
2025-04-28 20:15:00+00:00,9473.1249
2025-04-28 20:30:00+00:00,9473.1249
2025-04-28 20:45:00+00:00,9473.1249
2025-04-28 21:00:00+00:00,9473.1249
2025-04-28 21:15:00+00:00,9473.1249
2025-04-28 21:30:00+00:00,9473.1249
2025-04-28 21:45:00+00:00,9473.1249
2025-04-28 22:00:00+00:00,9473.1249
2025-04-28 22:15:00+00:00,9473.1249
2025-04-28 22:30:00+00:00,9473.1249
2025-04-28 22:45:00+00:00,9473.1249
2025-04-28 23:00:00+00:00,9473.1249
2025-04-28 23:15:00+00:00,9473.1249
2025-04-28 23:30:00+00:00,9473.1249
2025-04-28 23:45:00+00:00,9473.1249
2025-04-29 00:00:00+00:00,9473.1249
2025-04-29 00:15:00+00:00,9473.1249
2025-04-29 00:30:00+00:00,9473.1249
2025-04-29 00:45:00+00:00,9473.1249
2025-04-29 01:00:00+00:00,9662.5874
2025-04-29 01:15:00+00:00,9662.5874
2025-04-29 01:30:00+00:00,9662.5874
2025-04-29 01:45:00+00:00,9662.5874
2025-04-29 02:00:00+00:00,9662.5874
2025-04-29 02:15:00+00:00,9662.5874
2025-04-29 02:30:00+00:00,9662.5874
2025-04-29 02:45:00+00:00,9662.5874
2025-04-29 03:00:00+00:00,9662.5874
2025-04-29 03:15:00+00:00,9662.5874
2025-04-29 03:30:00+00:00,9662.5874
2025-04-29 03:45:00+00:00,9662.5874
2025-04-29 04:00:00+00:00,9662.5874
2025-04-29 04:15:00+00:00,9662.5874
2025-04-29 04:30:00+00:00,9565.9616
2025-04-29 04:45:00+00:00,9565.9616
2025-04-29 05:00:00+00:00,9565.9616
2025-04-29 05:15:00+00:00,9565.9616
2025-04-29 05:30:00+00:00,9565.9616
2025-04-29 05:45:00+00:00,9565.9616
2025-04-29 06:00:00+00:00,9565.9616
2025-04-29 06:15:00+00:00,9565.9616
2025-04-29 06:30:00+00:00,9565.9616
2025-04-29 06:45:00+00:00,9565.9616
2025-04-29 07:00:00+00:00,9565.9616
2025-04-29 07:15:00+00:00,9565.9616
2025-04-29 07:30:00+00:00,9565.9616
2025-04-29 07:45:00+00:00,9565.9616
2025-04-29 08:00:00+00:00,9565.9616
2025-04-29 08:15:00+00:00,9565.9616
2025-04-29 08:30:00+00:00,9565.9616
2025-04-29 08:45:00+00:00,9565.9616
2025-04-29 09:00:00+00:00,9565.9616
2025-04-29 09:15:00+00:00,9565.9616
2025-04-29 09:30:00+00:00,9565.9616
2025-04-29 09:45:00+00:00,9565.9616
2025-04-29 10:00:00+00:00,9565.9616
2025-04-29 10:15:00+00:00,9565.9616
2025-04-29 10:30:00+00:00,9565.9616
2025-04-29 10:45:00+00:00,9565.9616
2025-04-29 11:00:00+00:00,9565.9616
2025-04-29 11:15:00+00:00,9565.9616
2025-04-29 11:30:00+00:00,9565.9616
2025-04-29 11:45:00+00:00,9565.9616
2025-04-29 12:00:00+00:00,9565.9616
2025-04-29 12:15:00+00:00,9565.9616
2025-04-29 12:30:00+00:00,9565.9616
2025-04-29 12:45:00+00:00,9470.302
2025-04-29 13:00:00+00:00,9470.302
2025-04-29 13:15:00+00:00,9470.302
2025-04-29 13:30:00+00:00,9470.302
2025-04-29 13:45:00+00:00,9470.302
2025-04-29 14:00:00+00:00,9470.302
2025-04-29 14:15:00+00:00,9470.302
2025-04-29 14:30:00+00:00,9470.302
2025-04-29 14:45:00+00:00,9470.302
2025-04-29 15:00:00+00:00,9470.302
2025-04-29 15:15:00+00:00,9470.302
2025-04-29 15:30:00+00:00,9470.302
2025-04-29 15:45:00+00:00,9470.302
2025-04-29 16:00:00+00:00,9470.302
2025-04-29 16:15:00+00:00,9470.302
2025-04-29 16:30:00+00:00,9470.302
2025-04-29 16:45:00+00:00,9470.302
2025-04-29 17:00:00+00:00,9375.5989
2025-04-29 17:15:00+00:00,9375.5989
2025-04-29 17:30:00+00:00,9375.5989
2025-04-29 17:45:00+00:00,9375.5989
2025-04-29 18:00:00+00:00,9375.5989
2025-04-29 18:15:00+00:00,9375.5989
2025-04-29 18:30:00+00:00,9375.5989
2025-04-29 18:45:00+00:00,9375.5989
2025-04-29 19:00:00+00:00,9375.5989
2025-04-29 19:15:00+00:00,9375.5989
2025-04-29 19:30:00+00:00,9375.5989
2025-04-29 19:45:00+00:00,9375.5989
2025-04-29 20:00:00+00:00,9375.5989
2025-04-29 20:15:00+00:00,9281.8429
2025-04-29 20:30:00+00:00,9281.8429
2025-04-29 20:45:00+00:00,9281.8429
2025-04-29 21:00:00+00:00,9281.8429
2025-04-29 21:15:00+00:00,9281.8429
2025-04-29 21:30:00+00:00,9281.8429
2025-04-29 21:45:00+00:00,9281.8429
2025-04-29 22:00:00+00:00,9281.8429
2025-04-29 22:15:00+00:00,9281.8429
2025-04-29 22:30:00+00:00,9281.8429
2025-04-29 22:45:00+00:00,9281.8429
2025-04-29 23:00:00+00:00,9281.8429
2025-04-29 23:15:00+00:00,9281.8429
2025-04-29 23:30:00+00:00,9281.8429
2025-04-29 23:45:00+00:00,9189.0245
2025-04-30 00:00:00+00:00,9189.0245
2025-04-30 00:15:00+00:00,9189.0245
2025-04-30 00:30:00+00:00,9189.0245
2025-04-30 00:45:00+00:00,9189.0245
2025-04-30 01:00:00+00:00,9189.0245
2025-04-30 01:15:00+00:00,9189.0245
2025-04-30 01:30:00+00:00,9189.0245
2025-04-30 01:45:00+00:00,9189.0245
2025-04-30 02:00:00+00:00,9189.0245
2025-04-30 02:15:00+00:00,9189.0245
2025-04-30 02:30:00+00:00,9189.0245
2025-04-30 02:45:00+00:00,9189.0245
2025-04-30 03:00:00+00:00,9189.0245
2025-04-30 03:15:00+00:00,9189.0245
2025-04-30 03:30:00+00:00,9189.0245
2025-04-30 03:45:00+00:00,9189.0245
2025-04-30 04:00:00+00:00,9189.0245
2025-04-30 04:15:00+00:00,9189.0245
2025-04-30 04:30:00+00:00,9189.0245
2025-04-30 04:45:00+00:00,9189.0245
2025-04-30 05:00:00+00:00,9189.0245
2025-04-30 05:15:00+00:00,9189.0245
2025-04-30 05:30:00+00:00,9189.0245
2025-04-30 05:45:00+00:00,9189.0245
2025-04-30 06:00:00+00:00,9189.0245
2025-04-30 06:15:00+00:00,9189.0245
2025-04-30 06:30:00+00:00,9189.0245
2025-04-30 06:45:00+00:00,9189.0245
2025-04-30 07:00:00+00:00,9189.0245
2025-04-30 07:15:00+00:00,9189.0245
2025-04-30 07:30:00+00:00,9189.0245
2025-04-30 07:45:00+00:00,9189.0245
2025-04-30 08:00:00+00:00,9189.0245
2025-04-30 08:15:00+00:00,9189.0245
2025-04-30 08:30:00+00:00,9189.0245
2025-04-30 08:45:00+00:00,9189.0245
2025-04-30 09:00:00+00:00,9189.0245
2025-04-30 09:15:00+00:00,9189.0245
2025-04-30 09:30:00+00:00,9189.0245
2025-04-30 09:45:00+00:00,9189.0245
2025-04-30 10:00:00+00:00,9189.0245
2025-04-30 10:15:00+00:00,9189.0245
2025-04-30 10:30:00+00:00,9189.0245
2025-04-30 10:45:00+00:00,9189.0245
2025-04-30 11:00:00+00:00,9189.0245
2025-04-30 11:15:00+00:00,9189.0245
2025-04-30 11:30:00+00:00,9189.0245
2025-04-30 11:45:00+00:00,9189.0245
2025-04-30 12:00:00+00:00,9189.0245
2025-04-30 12:15:00+00:00,9189.0245
2025-04-30 12:30:00+00:00,9189.0245
2025-04-30 12:45:00+00:00,9189.0245
2025-04-30 13:00:00+00:00,9189.0245
2025-04-30 13:15:00+00:00,9189.0245
2025-04-30 13:30:00+00:00,9189.0245
2025-04-30 13:45:00+00:00,9189.0245
2025-04-30 14:00:00+00:00,9189.0245
2025-04-30 14:15:00+00:00,9189.0245
2025-04-30 14:30:00+00:00,9189.0245
2025-04-30 14:45:00+00:00,9189.0245
2025-04-30 15:00:00+00:00,9189.0245
2025-04-30 15:15:00+00:00,9189.0245
2025-04-30 15:30:00+00:00,9189.0245
2025-04-30 15:45:00+00:00,9189.0245
2025-04-30 16:00:00+00:00,9189.0245
2025-04-30 16:15:00+00:00,9189.0245
2025-04-30 16:30:00+00:00,9189.0245
2025-04-30 16:45:00+00:00,9189.0245
2025-04-30 17:00:00+00:00,9189.0245
2025-04-30 17:15:00+00:00,9189.0245
2025-04-30 17:30:00+00:00,9189.0245
2025-04-30 17:45:00+00:00,9189.0245
2025-04-30 18:00:00+00:00,9189.0245
2025-04-30 18:15:00+00:00,9189.0245
2025-04-30 18:30:00+00:00,9189.0245
2025-04-30 18:45:00+00:00,9189.0245
2025-04-30 19:00:00+00:00,9189.0245
2025-04-30 19:15:00+00:00,9189.0245
2025-04-30 19:30:00+00:00,9189.0245
2025-04-30 19:45:00+00:00,9097.1343
2025-04-30 20:00:00+00:00,9097.1343
2025-04-30 20:15:00+00:00,9097.1343
2025-04-30 20:30:00+00:00,9097.1343
2025-04-30 20:45:00+00:00,9097.1343
2025-04-30 21:00:00+00:00,9097.1343
2025-04-30 21:15:00+00:00,9097.1343
2025-04-30 21:30:00+00:00,9097.1343
2025-04-30 21:45:00+00:00,9097.1343
2025-04-30 22:00:00+00:00,9097.1343
2025-04-30 22:15:00+00:00,9097.1343
2025-04-30 22:30:00+00:00,9097.1343
2025-04-30 22:45:00+00:00,9097.1343
2025-04-30 23:00:00+00:00,9097.1343
2025-04-30 23:15:00+00:00,9097.1343
2025-04-30 23:30:00+00:00,9097.1343
2025-04-30 23:45:00+00:00,9097.1343
2025-05-01 00:00:00+00:00,9097.1343
2025-05-01 00:15:00+00:00,9097.1343
2025-05-01 00:30:00+00:00,9097.1343
2025-05-01 00:45:00+00:00,9097.1343
2025-05-01 01:00:00+00:00,9097.1343
2025-05-01 01:15:00+00:00,9097.1343
2025-05-01 01:30:00+00:00,9097.1343
2025-05-01 01:45:00+00:00,9097.1343
2025-05-01 02:00:00+00:00,9097.1343
2025-05-01 02:15:00+00:00,9097.1343
2025-05-01 02:30:00+00:00,9097.1343
2025-05-01 02:45:00+00:00,9097.1343
2025-05-01 03:00:00+00:00,9097.1343
2025-05-01 03:15:00+00:00,9097.1343
2025-05-01 03:30:00+00:00,9097.1343
2025-05-01 03:45:00+00:00,9097.1343
2025-05-01 04:00:00+00:00,9097.1343
2025-05-01 04:15:00+00:00,9097.1343
2025-05-01 04:30:00+00:00,9097.1343
2025-05-01 04:45:00+00:00,9097.1343
2025-05-01 05:00:00+00:00,9097.1343
2025-05-01 05:15:00+00:00,9097.1343
2025-05-01 05:30:00+00:00,9097.1343
2025-05-01 05:45:00+00:00,9097.1343
2025-05-01 06:00:00+00:00,9097.1343
2025-05-01 06:15:00+00:00,9097.1343
2025-05-01 06:30:00+00:00,9097.1343
2025-05-01 06:45:00+00:00,9097.1343
2025-05-01 07:00:00+00:00,9097.1343
2025-05-01 07:15:00+00:00,9097.1343
2025-05-01 07:30:00+00:00,9097.1343
2025-05-01 07:45:00+00:00,9097.1343
2025-05-01 08:00:00+00:00,9097.1343
2025-05-01 08:15:00+00:00,9097.1343
2025-05-01 08:30:00+00:00,9097.1343
2025-05-01 08:45:00+00:00,9097.1343
2025-05-01 09:00:00+00:00,9097.1343
2025-05-01 09:15:00+00:00,9097.1343
2025-05-01 09:30:00+00:00,9279.077
2025-05-01 09:45:00+00:00,9279.077
2025-05-01 10:00:00+00:00,9279.077
2025-05-01 10:15:00+00:00,9279.077
2025-05-01 10:30:00+00:00,9279.077
2025-05-01 10:45:00+00:00,9279.077
2025-05-01 11:00:00+00:00,9279.077
2025-05-01 11:15:00+00:00,9279.077
2025-05-01 11:30:00+00:00,9279.077
2025-05-01 11:45:00+00:00,9279.077
2025-05-01 12:00:00+00:00,9279.077
2025-05-01 12:15:00+00:00,9279.077
2025-05-01 12:30:00+00:00,9279.077
2025-05-01 12:45:00+00:00,9279.077
2025-05-01 13:00:00+00:00,9279.077
2025-05-01 13:15:00+00:00,9279.077
2025-05-01 13:30:00+00:00,9279.077
2025-05-01 13:45:00+00:00,9279.077
2025-05-01 14:00:00+00:00,9279.077
2025-05-01 14:15:00+00:00,9279.077
2025-05-01 14:30:00+00:00,9279.077
2025-05-01 14:45:00+00:00,9279.077
2025-05-01 15:00:00+00:00,9279.077
2025-05-01 15:15:00+00:00,9279.077
2025-05-01 15:30:00+00:00,9279.077
2025-05-01 15:45:00+00:00,9279.077
2025-05-01 16:00:00+00:00,9279.077
2025-05-01 16:15:00+00:00,9279.077
2025-05-01 16:30:00+00:00,9279.077
2025-05-01 16:45:00+00:00,9279.077
2025-05-01 17:00:00+00:00,9279.077
2025-05-01 17:15:00+00:00,9279.077
2025-05-01 17:30:00+00:00,9279.077
2025-05-01 17:45:00+00:00,9279.077
2025-05-01 18:00:00+00:00,9279.077
2025-05-01 18:15:00+00:00,9279.077
2025-05-01 18:30:00+00:00,9279.077
2025-05-01 18:45:00+00:00,9279.077
2025-05-01 19:00:00+00:00,9279.077
2025-05-01 19:15:00+00:00,9279.077
2025-05-01 19:30:00+00:00,9279.077
2025-05-01 19:45:00+00:00,9279.077
2025-05-01 20:00:00+00:00,9279.077
2025-05-01 20:15:00+00:00,9279.077
2025-05-01 20:30:00+00:00,9279.077
2025-05-01 20:45:00+00:00,9279.077
2025-05-01 21:00:00+00:00,9279.077
2025-05-01 21:15:00+00:00,9279.077
2025-05-01 21:30:00+00:00,9279.077
2025-05-01 21:45:00+00:00,9279.077
2025-05-01 22:00:00+00:00,9279.077
2025-05-01 22:15:00+00:00,9279.077
2025-05-01 22:30:00+00:00,9279.077
2025-05-01 22:45:00+00:00,9279.077
2025-05-01 23:00:00+00:00,9279.077
2025-05-01 23:15:00+00:00,9279.077
2025-05-01 23:30:00+00:00,9279.077
2025-05-01 23:45:00+00:00,9279.077
2025-05-02 00:00:00+00:00,9279.077
2025-05-02 00:15:00+00:00,9279.077
2025-05-02 00:30:00+00:00,9464.6585
2025-05-02 00:45:00+00:00,9464.6585
2025-05-02 01:00:00+00:00,9464.6585
2025-05-02 01:15:00+00:00,9464.6585
2025-05-02 01:30:00+00:00,9370.0119
2025-05-02 01:45:00+00:00,9370.0119
2025-05-02 02:00:00+00:00,9370.0119
2025-05-02 02:15:00+00:00,9370.0119
2025-05-02 02:30:00+00:00,9370.0119
2025-05-02 02:45:00+00:00,9370.0119
2025-05-02 03:00:00+00:00,9370.0119
2025-05-02 03:15:00+00:00,9370.0119
2025-05-02 03:30:00+00:00,9370.0119
2025-05-02 03:45:00+00:00,9370.0119
2025-05-02 04:00:00+00:00,9370.0119
2025-05-02 04:15:00+00:00,9370.0119
2025-05-02 04:30:00+00:00,9370.0119
2025-05-02 04:45:00+00:00,9370.0119
2025-05-02 05:00:00+00:00,9370.0119
2025-05-02 05:15:00+00:00,9370.0119
2025-05-02 05:30:00+00:00,9370.0119
2025-05-02 05:45:00+00:00,9370.0119
2025-05-02 06:00:00+00:00,9370.0119
2025-05-02 06:15:00+00:00,9370.0119
2025-05-02 06:30:00+00:00,9370.0119
2025-05-02 06:45:00+00:00,9370.0119
2025-05-02 07:00:00+00:00,9370.0119
2025-05-02 07:15:00+00:00,9370.0119
2025-05-02 07:30:00+00:00,9370.0119
2025-05-02 07:45:00+00:00,9370.0119
2025-05-02 08:00:00+00:00,9370.0119
2025-05-02 08:15:00+00:00,9370.0119
2025-05-02 08:30:00+00:00,9370.0119
2025-05-02 08:45:00+00:00,9370.0119
2025-05-02 09:00:00+00:00,9370.0119
2025-05-02 09:15:00+00:00,9370.0119
2025-05-02 09:30:00+00:00,9370.0119
2025-05-02 09:45:00+00:00,9370.0119
2025-05-02 10:00:00+00:00,9370.0119
2025-05-02 10:15:00+00:00,9370.0119
2025-05-02 10:30:00+00:00,9370.0119
2025-05-02 10:45:00+00:00,9370.0119
2025-05-02 11:00:00+00:00,9557.4121
2025-05-02 11:15:00+00:00,9557.4121
2025-05-02 11:30:00+00:00,9557.4121
2025-05-02 11:45:00+00:00,9557.4121
2025-05-02 12:00:00+00:00,9557.4121
2025-05-02 12:15:00+00:00,9557.4121
2025-05-02 12:30:00+00:00,9557.4121
2025-05-02 12:45:00+00:00,9557.4121
2025-05-02 13:00:00+00:00,9557.4121
2025-05-02 13:15:00+00:00,9557.4121
2025-05-02 13:30:00+00:00,9461.838
2025-05-02 13:45:00+00:00,9461.838
2025-05-02 14:00:00+00:00,9461.838
2025-05-02 14:15:00+00:00,9461.838
2025-05-02 14:30:00+00:00,9461.838
2025-05-02 14:45:00+00:00,9651.0748
2025-05-02 15:00:00+00:00,9651.0748
2025-05-02 15:15:00+00:00,9651.0748
2025-05-02 15:30:00+00:00,9651.0748
2025-05-02 15:45:00+00:00,9651.0748
2025-05-02 16:00:00+00:00,9651.0748
2025-05-02 16:15:00+00:00,9651.0748
2025-05-02 16:30:00+00:00,9651.0748
2025-05-02 16:45:00+00:00,9651.0748
2025-05-02 17:00:00+00:00,9554.564
2025-05-02 17:15:00+00:00,9554.564
2025-05-02 17:30:00+00:00,9554.564
2025-05-02 17:45:00+00:00,9554.564
2025-05-02 18:00:00+00:00,9554.564
2025-05-02 18:15:00+00:00,9554.564
2025-05-02 18:30:00+00:00,9554.564
2025-05-02 18:45:00+00:00,9459.0184
2025-05-02 19:00:00+00:00,9459.0184
2025-05-02 19:15:00+00:00,9459.0184
2025-05-02 19:30:00+00:00,9459.0184
2025-05-02 19:45:00+00:00,9459.0184
2025-05-02 20:00:00+00:00,9459.0184
2025-05-02 20:15:00+00:00,9459.0184
2025-05-02 20:30:00+00:00,9459.0184
2025-05-02 20:45:00+00:00,9459.0184
2025-05-02 21:00:00+00:00,9459.0184
2025-05-02 21:15:00+00:00,9459.0184
2025-05-02 21:30:00+00:00,9459.0184
2025-05-02 21:45:00+00:00,9459.0184
2025-05-02 22:00:00+00:00,9459.0184
2025-05-02 22:15:00+00:00,9459.0184
2025-05-02 22:30:00+00:00,9459.0184
2025-05-02 22:45:00+00:00,9459.0184
2025-05-02 23:00:00+00:00,9459.0184
2025-05-02 23:15:00+00:00,9459.0184
2025-05-02 23:30:00+00:00,9459.0184
2025-05-02 23:45:00+00:00,9459.0184
2025-05-03 00:00:00+00:00,9459.0184
2025-05-03 00:15:00+00:00,9459.0184
2025-05-03 00:30:00+00:00,9459.0184
2025-05-03 00:45:00+00:00,9459.0184
2025-05-03 01:00:00+00:00,9459.0184
2025-05-03 01:15:00+00:00,9459.0184
2025-05-03 01:30:00+00:00,9459.0184
2025-05-03 01:45:00+00:00,9459.0184
2025-05-03 02:00:00+00:00,9459.0184
2025-05-03 02:15:00+00:00,9459.0184
2025-05-03 02:30:00+00:00,9459.0184
2025-05-03 02:45:00+00:00,9459.0184
2025-05-03 03:00:00+00:00,9459.0184
2025-05-03 03:15:00+00:00,9459.0184
2025-05-03 03:30:00+00:00,9459.0184
2025-05-03 03:45:00+00:00,9459.0184
2025-05-03 04:00:00+00:00,9459.0184
2025-05-03 04:15:00+00:00,9459.0184
2025-05-03 04:30:00+00:00,9459.0184
2025-05-03 04:45:00+00:00,9459.0184
2025-05-03 05:00:00+00:00,9459.0184
2025-05-03 05:15:00+00:00,9459.0184
2025-05-03 05:30:00+00:00,9459.0184
2025-05-03 05:45:00+00:00,9459.0184
2025-05-03 06:00:00+00:00,9459.0184
2025-05-03 06:15:00+00:00,9459.0184
2025-05-03 06:30:00+00:00,9459.0184
2025-05-03 06:45:00+00:00,9459.0184
2025-05-03 07:00:00+00:00,9459.0184
2025-05-03 07:15:00+00:00,9459.0184
2025-05-03 07:30:00+00:00,9459.0184
2025-05-03 07:45:00+00:00,9459.0184
2025-05-03 08:00:00+00:00,9459.0184
2025-05-03 08:15:00+00:00,9459.0184
2025-05-03 08:30:00+00:00,9459.0184
2025-05-03 08:45:00+00:00,9459.0184
2025-05-03 09:00:00+00:00,9459.0184
2025-05-03 09:15:00+00:00,9459.0184
2025-05-03 09:30:00+00:00,9459.0184
2025-05-03 09:45:00+00:00,9459.0184
2025-05-03 10:00:00+00:00,9459.0184
2025-05-03 10:15:00+00:00,9459.0184
2025-05-03 10:30:00+00:00,9459.0184
2025-05-03 10:45:00+00:00,9459.0184
2025-05-03 11:00:00+00:00,9459.0184
2025-05-03 11:15:00+00:00,9459.0184
2025-05-03 11:30:00+00:00,9459.0184
2025-05-03 11:45:00+00:00,9459.0184
2025-05-03 12:00:00+00:00,9459.0184
2025-05-03 12:15:00+00:00,9459.0184
2025-05-03 12:30:00+00:00,9459.0184
2025-05-03 12:45:00+00:00,9459.0184
2025-05-03 13:00:00+00:00,9459.0184
2025-05-03 13:15:00+00:00,9459.0184
2025-05-03 13:30:00+00:00,9459.0184
2025-05-03 13:45:00+00:00,9459.0184
2025-05-03 14:00:00+00:00,9459.0184
2025-05-03 14:15:00+00:00,9459.0184
2025-05-03 14:30:00+00:00,9459.0184
2025-05-03 14:45:00+00:00,9459.0184
2025-05-03 15:00:00+00:00,9459.0184
2025-05-03 15:15:00+00:00,9459.0184
2025-05-03 15:30:00+00:00,9459.0184
2025-05-03 15:45:00+00:00,9459.0184
2025-05-03 16:00:00+00:00,9459.0184
2025-05-03 16:15:00+00:00,9459.0184
2025-05-03 16:30:00+00:00,9459.0184
2025-05-03 16:45:00+00:00,9459.0184
2025-05-03 17:00:00+00:00,9459.0184
2025-05-03 17:15:00+00:00,9459.0184
2025-05-03 17:30:00+00:00,9459.0184
2025-05-03 17:45:00+00:00,9459.0184
2025-05-03 18:00:00+00:00,9459.0184
2025-05-03 18:15:00+00:00,9459.0184
2025-05-03 18:30:00+00:00,9459.0184
2025-05-03 18:45:00+00:00,9459.0184
2025-05-03 19:00:00+00:00,9459.0184
2025-05-03 19:15:00+00:00,9459.0184
2025-05-03 19:30:00+00:00,9459.0184
2025-05-03 19:45:00+00:00,9459.0184
2025-05-03 20:00:00+00:00,9459.0184
2025-05-03 20:15:00+00:00,9459.0184
2025-05-03 20:30:00+00:00,9459.0184
2025-05-03 20:45:00+00:00,9459.0184
2025-05-03 21:00:00+00:00,9459.0184
2025-05-03 21:15:00+00:00,9459.0184
2025-05-03 21:30:00+00:00,9459.0184
2025-05-03 21:45:00+00:00,9459.0184
2025-05-03 22:00:00+00:00,9459.0184
2025-05-03 22:15:00+00:00,9459.0184
2025-05-03 22:30:00+00:00,9459.0184
2025-05-03 22:45:00+00:00,9459.0184
2025-05-03 23:00:00+00:00,9459.0184
2025-05-03 23:15:00+00:00,9459.0184
2025-05-03 23:30:00+00:00,9459.0184
2025-05-03 23:45:00+00:00,9459.0184
2025-05-04 00:00:00+00:00,9459.0184
2025-05-04 00:15:00+00:00,9459.0184
2025-05-04 00:30:00+00:00,9459.0184
2025-05-04 00:45:00+00:00,9459.0184
2025-05-04 01:00:00+00:00,9459.0184
2025-05-04 01:15:00+00:00,9459.0184
2025-05-04 01:30:00+00:00,9459.0184
2025-05-04 01:45:00+00:00,9459.0184
2025-05-04 02:00:00+00:00,9459.0184
2025-05-04 02:15:00+00:00,9459.0184
2025-05-04 02:30:00+00:00,9459.0184
2025-05-04 02:45:00+00:00,9459.0184
2025-05-04 03:00:00+00:00,9459.0184
2025-05-04 03:15:00+00:00,9459.0184
2025-05-04 03:30:00+00:00,9459.0184
2025-05-04 03:45:00+00:00,9459.0184
2025-05-04 04:00:00+00:00,9459.0184
2025-05-04 04:15:00+00:00,9459.0184
2025-05-04 04:30:00+00:00,9459.0184
2025-05-04 04:45:00+00:00,9459.0184
2025-05-04 05:00:00+00:00,9459.0184
2025-05-04 05:15:00+00:00,9459.0184
2025-05-04 05:30:00+00:00,9459.0184
2025-05-04 05:45:00+00:00,9459.0184
2025-05-04 06:00:00+00:00,9459.0184
2025-05-04 06:15:00+00:00,9459.0184
2025-05-04 06:30:00+00:00,9459.0184
2025-05-04 06:45:00+00:00,9459.0184
2025-05-04 07:00:00+00:00,9459.0184
2025-05-04 07:15:00+00:00,9459.0184
2025-05-04 07:30:00+00:00,9459.0184
2025-05-04 07:45:00+00:00,9459.0184
2025-05-04 08:00:00+00:00,9459.0184
2025-05-04 08:15:00+00:00,9459.0184
2025-05-04 08:30:00+00:00,9459.0184
2025-05-04 08:45:00+00:00,9459.0184
2025-05-04 09:00:00+00:00,9459.0184
2025-05-04 09:15:00+00:00,9459.0184
2025-05-04 09:30:00+00:00,9459.0184
2025-05-04 09:45:00+00:00,9459.0184
2025-05-04 10:00:00+00:00,9459.0184
2025-05-04 10:15:00+00:00,9459.0184
2025-05-04 10:30:00+00:00,9459.0184
2025-05-04 10:45:00+00:00,9459.0184
2025-05-04 11:00:00+00:00,9459.0184
2025-05-04 11:15:00+00:00,9459.0184
2025-05-04 11:30:00+00:00,9459.0184
2025-05-04 11:45:00+00:00,9459.0184
2025-05-04 12:00:00+00:00,9459.0184
2025-05-04 12:15:00+00:00,9459.0184
2025-05-04 12:30:00+00:00,9459.0184
2025-05-04 12:45:00+00:00,9459.0184
2025-05-04 13:00:00+00:00,9459.0184
2025-05-04 13:15:00+00:00,9459.0184
2025-05-04 13:30:00+00:00,9648.1988
2025-05-04 13:45:00+00:00,9648.1988
2025-05-04 14:00:00+00:00,9648.1988
2025-05-04 14:15:00+00:00,9648.1988
2025-05-04 14:30:00+00:00,9648.1988
2025-05-04 14:45:00+00:00,9648.1988
2025-05-04 15:00:00+00:00,9648.1988
2025-05-04 15:15:00+00:00,9648.1988
2025-05-04 15:30:00+00:00,9648.1988
2025-05-04 15:45:00+00:00,9648.1988
2025-05-04 16:00:00+00:00,9648.1988
2025-05-04 16:15:00+00:00,9648.1988
2025-05-04 16:30:00+00:00,9648.1988
2025-05-04 16:45:00+00:00,9648.1988
2025-05-04 17:00:00+00:00,9648.1988
2025-05-04 17:15:00+00:00,9648.1988
2025-05-04 17:30:00+00:00,9648.1988
2025-05-04 17:45:00+00:00,9648.1988
2025-05-04 18:00:00+00:00,9648.1988
2025-05-04 18:15:00+00:00,9648.1988
2025-05-04 18:30:00+00:00,9648.1988
2025-05-04 18:45:00+00:00,9648.1988
2025-05-04 19:00:00+00:00,9648.1988
2025-05-04 19:15:00+00:00,9648.1988
2025-05-04 19:30:00+00:00,9551.7168
2025-05-04 19:45:00+00:00,9551.7168
2025-05-04 20:00:00+00:00,9551.7168
2025-05-04 20:15:00+00:00,9551.7168
2025-05-04 20:30:00+00:00,9551.7168
2025-05-04 20:45:00+00:00,9551.7168
2025-05-04 21:00:00+00:00,9551.7168
2025-05-04 21:15:00+00:00,9551.7168
2025-05-04 21:30:00+00:00,9551.7168
2025-05-04 21:45:00+00:00,9551.7168
2025-05-04 22:00:00+00:00,9551.7168
2025-05-04 22:15:00+00:00,9551.7168
2025-05-04 22:30:00+00:00,9551.7168
2025-05-04 22:45:00+00:00,9551.7168
2025-05-04 23:00:00+00:00,9551.7168
2025-05-04 23:15:00+00:00,9551.7168
2025-05-04 23:30:00+00:00,9742.7511
2025-05-04 23:45:00+00:00,9742.7511
2025-05-05 00:00:00+00:00,9742.7511
2025-05-05 00:15:00+00:00,9742.7511
2025-05-05 00:30:00+00:00,9742.7511
2025-05-05 00:45:00+00:00,9742.7511
2025-05-05 01:00:00+00:00,9742.7511
2025-05-05 01:15:00+00:00,9742.7511
2025-05-05 01:30:00+00:00,9742.7511
2025-05-05 01:45:00+00:00,9742.7511
2025-05-05 02:00:00+00:00,9742.7511
2025-05-05 02:15:00+00:00,9742.7511
2025-05-05 02:30:00+00:00,9742.7511
2025-05-05 02:45:00+00:00,9742.7511
2025-05-05 03:00:00+00:00,9742.7511
2025-05-05 03:15:00+00:00,9742.7511
2025-05-05 03:30:00+00:00,9742.7511
2025-05-05 03:45:00+00:00,9742.7511
2025-05-05 04:00:00+00:00,9742.7511
2025-05-05 04:15:00+00:00,9742.7511
2025-05-05 04:30:00+00:00,9742.7511
2025-05-05 04:45:00+00:00,9742.7511
2025-05-05 05:00:00+00:00,9742.7511
2025-05-05 05:15:00+00:00,9742.7511
2025-05-05 05:30:00+00:00,9742.7511
2025-05-05 05:45:00+00:00,9742.7511
2025-05-05 06:00:00+00:00,9742.7511
2025-05-05 06:15:00+00:00,9742.7511
2025-05-05 06:30:00+00:00,9742.7511
2025-05-05 06:45:00+00:00,9742.7511
2025-05-05 07:00:00+00:00,9742.7511
2025-05-05 07:15:00+00:00,9742.7511
2025-05-05 07:30:00+00:00,9742.7511
2025-05-05 07:45:00+00:00,9742.7511
2025-05-05 08:00:00+00:00,9742.7511
2025-05-05 08:15:00+00:00,9742.7511
2025-05-05 08:30:00+00:00,9742.7511
2025-05-05 08:45:00+00:00,9742.7511
2025-05-05 09:00:00+00:00,9742.7511
2025-05-05 09:15:00+00:00,9742.7511
2025-05-05 09:30:00+00:00,9742.7511
2025-05-05 09:45:00+00:00,9742.7511
2025-05-05 10:00:00+00:00,9742.7511
2025-05-05 10:15:00+00:00,9742.7511
2025-05-05 10:30:00+00:00,9742.7511
2025-05-05 10:45:00+00:00,9937.6061
2025-05-05 11:00:00+00:00,9937.6061
2025-05-05 11:15:00+00:00,9937.6061
2025-05-05 11:30:00+00:00,9937.6061
2025-05-05 11:45:00+00:00,9937.6061
2025-05-05 12:00:00+00:00,9937.6061
2025-05-05 12:15:00+00:00,9937.6061
2025-05-05 12:30:00+00:00,9937.6061
2025-05-05 12:45:00+00:00,9937.6061
2025-05-05 13:00:00+00:00,9937.6061
2025-05-05 13:15:00+00:00,9937.6061
2025-05-05 13:30:00+00:00,9937.6061
2025-05-05 13:45:00+00:00,9937.6061
2025-05-05 14:00:00+00:00,9937.6061
2025-05-05 14:15:00+00:00,9937.6061
2025-05-05 14:30:00+00:00,9937.6061
2025-05-05 14:45:00+00:00,9937.6061
2025-05-05 15:00:00+00:00,9937.6061
2025-05-05 15:15:00+00:00,9937.6061
2025-05-05 15:30:00+00:00,9937.6061
2025-05-05 15:45:00+00:00,9937.6061
2025-05-05 16:00:00+00:00,9937.6061
2025-05-05 16:15:00+00:00,9937.6061
2025-05-05 16:30:00+00:00,9937.6061
2025-05-05 16:45:00+00:00,9937.6061
2025-05-05 17:00:00+00:00,9937.6061
2025-05-05 17:15:00+00:00,9937.6061
2025-05-05 17:30:00+00:00,9937.6061
2025-05-05 17:45:00+00:00,9937.6061
2025-05-05 18:00:00+00:00,9937.6061
2025-05-05 18:15:00+00:00,9937.6061
2025-05-05 18:30:00+00:00,9937.6061
2025-05-05 18:45:00+00:00,9937.6061
2025-05-05 19:00:00+00:00,9937.6061
2025-05-05 19:15:00+00:00,9937.6061
2025-05-05 19:30:00+00:00,9937.6061
2025-05-05 19:45:00+00:00,9937.6061
2025-05-05 20:00:00+00:00,9937.6061
2025-05-05 20:15:00+00:00,9937.6061
2025-05-05 20:30:00+00:00,10136.3583
2025-05-05 20:45:00+00:00,10136.3583
2025-05-05 21:00:00+00:00,10136.3583
2025-05-05 21:15:00+00:00,10136.3583
2025-05-05 21:30:00+00:00,10136.3583
2025-05-05 21:45:00+00:00,10136.3583
2025-05-05 22:00:00+00:00,10136.3583
2025-05-05 22:15:00+00:00,10136.3583
2025-05-05 22:30:00+00:00,10136.3583
2025-05-05 22:45:00+00:00,10136.3583
2025-05-05 23:00:00+00:00,10136.3583
2025-05-05 23:15:00+00:00,10136.3583
2025-05-05 23:30:00+00:00,10136.3583
2025-05-05 23:45:00+00:00,10136.3583
2025-05-06 00:00:00+00:00,10136.3583
2025-05-06 00:15:00+00:00,10136.3583
2025-05-06 00:30:00+00:00,10136.3583
2025-05-06 00:45:00+00:00,10136.3583
2025-05-06 01:00:00+00:00,10136.3583
2025-05-06 01:15:00+00:00,10136.3583
2025-05-06 01:30:00+00:00,10136.3583
2025-05-06 01:45:00+00:00,10136.3583
2025-05-06 02:00:00+00:00,10136.3583
2025-05-06 02:15:00+00:00,10136.3583
2025-05-06 02:30:00+00:00,10136.3583
2025-05-06 02:45:00+00:00,10136.3583
2025-05-06 03:00:00+00:00,10136.3583
2025-05-06 03:15:00+00:00,10136.3583
2025-05-06 03:30:00+00:00,10136.3583
2025-05-06 03:45:00+00:00,10136.3583
2025-05-06 04:00:00+00:00,10136.3583
2025-05-06 04:15:00+00:00,10136.3583
2025-05-06 04:30:00+00:00,10136.3583
2025-05-06 04:45:00+00:00,10136.3583
2025-05-06 05:00:00+00:00,10136.3583
2025-05-06 05:15:00+00:00,10136.3583
2025-05-06 05:30:00+00:00,10136.3583
2025-05-06 05:45:00+00:00,10136.3583
2025-05-06 06:00:00+00:00,10136.3583
2025-05-06 06:15:00+00:00,10136.3583
2025-05-06 06:30:00+00:00,10136.3583
2025-05-06 06:45:00+00:00,10136.3583
2025-05-06 07:00:00+00:00,10136.3583
2025-05-06 07:15:00+00:00,10136.3583
2025-05-06 07:30:00+00:00,10136.3583
2025-05-06 07:45:00+00:00,10136.3583
2025-05-06 08:00:00+00:00,10136.3583
2025-05-06 08:15:00+00:00,10034.9947
2025-05-06 08:30:00+00:00,10034.9947
2025-05-06 08:45:00+00:00,10034.9947
2025-05-06 09:00:00+00:00,10034.9947
2025-05-06 09:15:00+00:00,10034.9947
2025-05-06 09:30:00+00:00,10034.9947
2025-05-06 09:45:00+00:00,10034.9947
2025-05-06 10:00:00+00:00,10034.9947
2025-05-06 10:15:00+00:00,10034.9947
2025-05-06 10:30:00+00:00,10034.9947
2025-05-06 10:45:00+00:00,10034.9947
2025-05-06 11:00:00+00:00,10034.9947
2025-05-06 11:15:00+00:00,10034.9947
2025-05-06 11:30:00+00:00,10235.6946
2025-05-06 11:45:00+00:00,10235.6946
2025-05-06 12:00:00+00:00,10235.6946
2025-05-06 12:15:00+00:00,10235.6946
2025-05-06 12:30:00+00:00,10235.6946
2025-05-06 12:45:00+00:00,10235.6946
2025-05-06 13:00:00+00:00,10235.6946
2025-05-06 13:15:00+00:00,10235.6946
2025-05-06 13:30:00+00:00,10235.6946
2025-05-06 13:45:00+00:00,10235.6946
2025-05-06 14:00:00+00:00,10235.6946
2025-05-06 14:15:00+00:00,10235.6946
2025-05-06 14:30:00+00:00,10235.6946
2025-05-06 14:45:00+00:00,10235.6946
2025-05-06 15:00:00+00:00,10235.6946
2025-05-06 15:15:00+00:00,10235.6946
2025-05-06 15:30:00+00:00,10235.6946
2025-05-06 15:45:00+00:00,10235.6946
2025-05-06 16:00:00+00:00,10235.6946
2025-05-06 16:15:00+00:00,10235.6946
2025-05-06 16:30:00+00:00,10235.6946
2025-05-06 16:45:00+00:00,10235.6946
2025-05-06 17:00:00+00:00,10235.6946
2025-05-06 17:15:00+00:00,10235.6946
2025-05-06 17:30:00+00:00,10235.6946
2025-05-06 17:45:00+00:00,10235.6946
2025-05-06 18:00:00+00:00,10235.6946
2025-05-06 18:15:00+00:00,10235.6946
2025-05-06 18:30:00+00:00,10235.6946
2025-05-06 18:45:00+00:00,10235.6946
2025-05-06 19:00:00+00:00,10235.6946
2025-05-06 19:15:00+00:00,10235.6946
2025-05-06 19:30:00+00:00,10235.6946
2025-05-06 19:45:00+00:00,10235.6946
2025-05-06 20:00:00+00:00,10235.6946
2025-05-06 20:15:00+00:00,10235.6946
2025-05-06 20:30:00+00:00,10235.6946
2025-05-06 20:45:00+00:00,10235.6946
2025-05-06 21:00:00+00:00,10235.6946
2025-05-06 21:15:00+00:00,10235.6946
2025-05-06 21:30:00+00:00,10235.6946
2025-05-06 21:45:00+00:00,10235.6946
2025-05-06 22:00:00+00:00,10235.6946
2025-05-06 22:15:00+00:00,10235.6946
2025-05-06 22:30:00+00:00,10235.6946
2025-05-06 22:45:00+00:00,10235.6946
2025-05-06 23:00:00+00:00,10235.6946
2025-05-06 23:15:00+00:00,10235.6946
2025-05-06 23:30:00+00:00,10235.6946
2025-05-06 23:45:00+00:00,10235.6946
2025-05-07 00:00:00+00:00,10235.6946
2025-05-07 00:15:00+00:00,10440.4085
2025-05-07 00:30:00+00:00,10440.4085
2025-05-07 00:45:00+00:00,10440.4085
2025-05-07 01:00:00+00:00,10440.4085
2025-05-07 01:15:00+00:00,10440.4085
2025-05-07 01:30:00+00:00,10440.4085
2025-05-07 01:45:00+00:00,10440.4085
2025-05-07 02:00:00+00:00,10440.4085
2025-05-07 02:15:00+00:00,10440.4085
2025-05-07 02:30:00+00:00,10440.4085
2025-05-07 02:45:00+00:00,10440.4085
2025-05-07 03:00:00+00:00,10440.4085
2025-05-07 03:15:00+00:00,10440.4085
2025-05-07 03:30:00+00:00,10440.4085
2025-05-07 03:45:00+00:00,10440.4085
2025-05-07 04:00:00+00:00,10440.4085
2025-05-07 04:15:00+00:00,10440.4085
2025-05-07 04:30:00+00:00,10440.4085
2025-05-07 04:45:00+00:00,10440.4085
2025-05-07 05:00:00+00:00,10440.4085
2025-05-07 05:15:00+00:00,10440.4085
2025-05-07 05:30:00+00:00,10440.4085
2025-05-07 05:45:00+00:00,10440.4085
2025-05-07 06:00:00+00:00,10440.4085
2025-05-07 06:15:00+00:00,10440.4085
2025-05-07 06:30:00+00:00,10440.4085
2025-05-07 06:45:00+00:00,10440.4085
2025-05-07 07:00:00+00:00,10440.4085
2025-05-07 07:15:00+00:00,10440.4085
2025-05-07 07:30:00+00:00,10440.4085
2025-05-07 07:45:00+00:00,10440.4085
2025-05-07 08:00:00+00:00,10440.4085
2025-05-07 08:15:00+00:00,10440.4085
2025-05-07 08:30:00+00:00,10440.4085
2025-05-07 08:45:00+00:00,10440.4085
2025-05-07 09:00:00+00:00,10440.4085
2025-05-07 09:15:00+00:00,10440.4085
2025-05-07 09:30:00+00:00,10440.4085
2025-05-07 09:45:00+00:00,10440.4085
2025-05-07 10:00:00+00:00,10440.4085
2025-05-07 10:15:00+00:00,10440.4085
2025-05-07 10:30:00+00:00,10440.4085
2025-05-07 10:45:00+00:00,10440.4085
2025-05-07 11:00:00+00:00,10440.4085
2025-05-07 11:15:00+00:00,10440.4085
2025-05-07 11:30:00+00:00,10440.4085
2025-05-07 11:45:00+00:00,10440.4085
2025-05-07 12:00:00+00:00,10440.4085
2025-05-07 12:15:00+00:00,10440.4085
2025-05-07 12:30:00+00:00,10440.4085
2025-05-07 12:45:00+00:00,10440.4085
2025-05-07 13:00:00+00:00,10440.4085
2025-05-07 13:15:00+00:00,10440.4085
2025-05-07 13:30:00+00:00,10440.4085
2025-05-07 13:45:00+00:00,10440.4085
2025-05-07 14:00:00+00:00,10440.4085
2025-05-07 14:15:00+00:00,10440.4085
2025-05-07 14:30:00+00:00,10440.4085
2025-05-07 14:45:00+00:00,10440.4085
2025-05-07 15:00:00+00:00,10440.4085
2025-05-07 15:15:00+00:00,10440.4085
2025-05-07 15:30:00+00:00,10440.4085
2025-05-07 15:45:00+00:00,10440.4085
2025-05-07 16:00:00+00:00,10440.4085
2025-05-07 16:15:00+00:00,10440.4085
2025-05-07 16:30:00+00:00,10440.4085
2025-05-07 16:45:00+00:00,10440.4085
2025-05-07 17:00:00+00:00,10440.4085
2025-05-07 17:15:00+00:00,10440.4085
2025-05-07 17:30:00+00:00,10440.4085
2025-05-07 17:45:00+00:00,10440.4085
2025-05-07 18:00:00+00:00,10440.4085
2025-05-07 18:15:00+00:00,10440.4085
2025-05-07 18:30:00+00:00,10440.4085
2025-05-07 18:45:00+00:00,10440.4085
2025-05-07 19:00:00+00:00,10440.4085
2025-05-07 19:15:00+00:00,10440.4085
2025-05-07 19:30:00+00:00,10440.4085
2025-05-07 19:45:00+00:00,10440.4085
2025-05-07 20:00:00+00:00,10440.4085
2025-05-07 20:15:00+00:00,10440.4085
2025-05-07 20:30:00+00:00,10440.4085
2025-05-07 20:45:00+00:00,10440.4085
2025-05-07 21:00:00+00:00,10440.4085
2025-05-07 21:15:00+00:00,10649.2166
2025-05-07 21:30:00+00:00,10649.2166
2025-05-07 21:45:00+00:00,10649.2166
2025-05-07 22:00:00+00:00,10649.2166
2025-05-07 22:15:00+00:00,10649.2166
2025-05-07 22:30:00+00:00,10649.2166
2025-05-07 22:45:00+00:00,10649.2166
2025-05-07 23:00:00+00:00,10649.2166
2025-05-07 23:15:00+00:00,10649.2166
2025-05-07 23:30:00+00:00,10542.7245
2025-05-07 23:45:00+00:00,10542.7245
2025-05-08 00:00:00+00:00,10542.7245
2025-05-08 00:15:00+00:00,10542.7245
2025-05-08 00:30:00+00:00,10542.7245
2025-05-08 00:45:00+00:00,10542.7245
2025-05-08 01:00:00+00:00,10542.7245
2025-05-08 01:15:00+00:00,10542.7245
2025-05-08 01:30:00+00:00,10542.7245
2025-05-08 01:45:00+00:00,10542.7245
2025-05-08 02:00:00+00:00,10542.7245
2025-05-08 02:15:00+00:00,10542.7245
2025-05-08 02:30:00+00:00,10542.7245
2025-05-08 02:45:00+00:00,10542.7245
2025-05-08 03:00:00+00:00,10542.7245
2025-05-08 03:15:00+00:00,10542.7245
2025-05-08 03:30:00+00:00,10542.7245
2025-05-08 03:45:00+00:00,10542.7245
2025-05-08 04:00:00+00:00,10542.7245
2025-05-08 04:15:00+00:00,10542.7245
2025-05-08 04:30:00+00:00,10542.7245
2025-05-08 04:45:00+00:00,10542.7245
2025-05-08 05:00:00+00:00,10542.7245
2025-05-08 05:15:00+00:00,10542.7245
2025-05-08 05:30:00+00:00,10542.7245
2025-05-08 05:45:00+00:00,10542.7245
2025-05-08 06:00:00+00:00,10542.7245
2025-05-08 06:15:00+00:00,10542.7245
2025-05-08 06:30:00+00:00,10542.7245
2025-05-08 06:45:00+00:00,10542.7245
2025-05-08 07:00:00+00:00,10542.7245
2025-05-08 07:15:00+00:00,10542.7245
2025-05-08 07:30:00+00:00,10542.7245
2025-05-08 07:45:00+00:00,10542.7245
2025-05-08 08:00:00+00:00,10542.7245
2025-05-08 08:15:00+00:00,10542.7245
2025-05-08 08:30:00+00:00,10542.7245
2025-05-08 08:45:00+00:00,10542.7245
2025-05-08 09:00:00+00:00,10542.7245
2025-05-08 09:15:00+00:00,10542.7245
2025-05-08 09:30:00+00:00,10542.7245
2025-05-08 09:45:00+00:00,10542.7245
2025-05-08 10:00:00+00:00,10542.7245
2025-05-08 10:15:00+00:00,10542.7245
2025-05-08 10:30:00+00:00,10542.7245
2025-05-08 10:45:00+00:00,10542.7245
2025-05-08 11:00:00+00:00,10542.7245
2025-05-08 11:15:00+00:00,10542.7245
2025-05-08 11:30:00+00:00,10542.7245
2025-05-08 11:45:00+00:00,10542.7245
2025-05-08 12:00:00+00:00,10542.7245
2025-05-08 12:15:00+00:00,10542.7245
2025-05-08 12:30:00+00:00,10542.7245
2025-05-08 12:45:00+00:00,10542.7245
2025-05-08 13:00:00+00:00,10542.7245
2025-05-08 13:15:00+00:00,10542.7245
2025-05-08 13:30:00+00:00,10542.7245
2025-05-08 13:45:00+00:00,10542.7245
2025-05-08 14:00:00+00:00,10542.7245
2025-05-08 14:15:00+00:00,10542.7245
2025-05-08 14:30:00+00:00,10542.7245
2025-05-08 14:45:00+00:00,10542.7245
2025-05-08 15:00:00+00:00,10542.7245
2025-05-08 15:15:00+00:00,10542.7245
2025-05-08 15:30:00+00:00,10542.7245
2025-05-08 15:45:00+00:00,10542.7245
2025-05-08 16:00:00+00:00,10542.7245
2025-05-08 16:15:00+00:00,10542.7245
2025-05-08 16:30:00+00:00,10542.7245
2025-05-08 16:45:00+00:00,10542.7245
2025-05-08 17:00:00+00:00,10542.7245
2025-05-08 17:15:00+00:00,10542.7245
2025-05-08 17:30:00+00:00,10542.7245
2025-05-08 17:45:00+00:00,10542.7245
2025-05-08 18:00:00+00:00,10542.7245
2025-05-08 18:15:00+00:00,10542.7245
2025-05-08 18:30:00+00:00,10542.7245
2025-05-08 18:45:00+00:00,10542.7245
2025-05-08 19:00:00+00:00,10542.7245
2025-05-08 19:15:00+00:00,10542.7245
2025-05-08 19:30:00+00:00,10542.7245
2025-05-08 19:45:00+00:00,10542.7245
2025-05-08 20:00:00+00:00,10542.7245
2025-05-08 20:15:00+00:00,10542.7245
2025-05-08 20:30:00+00:00,10542.7245
2025-05-08 20:45:00+00:00,10542.7245
2025-05-08 21:00:00+00:00,10542.7245
2025-05-08 21:15:00+00:00,10542.7245
2025-05-08 21:30:00+00:00,10542.7245
2025-05-08 21:45:00+00:00,10542.7245
2025-05-08 22:00:00+00:00,10542.7245
2025-05-08 22:15:00+00:00,10542.7245
2025-05-08 22:30:00+00:00,10542.7245
2025-05-08 22:45:00+00:00,10542.7245
2025-05-08 23:00:00+00:00,10542.7245
2025-05-08 23:15:00+00:00,10542.7245
2025-05-08 23:30:00+00:00,10542.7245
2025-05-08 23:45:00+00:00,10542.7245
2025-05-09 00:00:00+00:00,10542.7245
2025-05-09 00:15:00+00:00,10542.7245
2025-05-09 00:30:00+00:00,10542.7245
2025-05-09 00:45:00+00:00,10542.7245
2025-05-09 01:00:00+00:00,10542.7245
2025-05-09 01:15:00+00:00,10542.7245
2025-05-09 01:30:00+00:00,10542.7245
2025-05-09 01:45:00+00:00,10542.7245
2025-05-09 02:00:00+00:00,10542.7245
2025-05-09 02:15:00+00:00,10542.7245
2025-05-09 02:30:00+00:00,10542.7245
2025-05-09 02:45:00+00:00,10542.7245
2025-05-09 03:00:00+00:00,10542.7245
2025-05-09 03:15:00+00:00,10542.7245
2025-05-09 03:30:00+00:00,10542.7245
2025-05-09 03:45:00+00:00,10542.7245
2025-05-09 04:00:00+00:00,10542.7245
2025-05-09 04:15:00+00:00,10542.7245
2025-05-09 04:30:00+00:00,10542.7245
2025-05-09 04:45:00+00:00,10542.7245
2025-05-09 05:00:00+00:00,10542.7245
2025-05-09 05:15:00+00:00,10542.7245
2025-05-09 05:30:00+00:00,10542.7245
2025-05-09 05:45:00+00:00,10542.7245
2025-05-09 06:00:00+00:00,10542.7245
2025-05-09 06:15:00+00:00,10542.7245
2025-05-09 06:30:00+00:00,10542.7245
2025-05-09 06:45:00+00:00,10542.7245
2025-05-09 07:00:00+00:00,10542.7245
2025-05-09 07:15:00+00:00,10542.7245
2025-05-09 07:30:00+00:00,10542.7245
2025-05-09 07:45:00+00:00,10542.7245
2025-05-09 08:00:00+00:00,10542.7245
2025-05-09 08:15:00+00:00,10542.7245
2025-05-09 08:30:00+00:00,10542.7245
2025-05-09 08:45:00+00:00,10542.7245
2025-05-09 09:00:00+00:00,10542.7245
2025-05-09 09:15:00+00:00,10542.7245
2025-05-09 09:30:00+00:00,10542.7245
2025-05-09 09:45:00+00:00,10542.7245
2025-05-09 10:00:00+00:00,10542.7245
2025-05-09 10:15:00+00:00,10542.7245
2025-05-09 10:30:00+00:00,10542.7245
2025-05-09 10:45:00+00:00,10542.7245
2025-05-09 11:00:00+00:00,10542.7245
2025-05-09 11:15:00+00:00,10542.7245
2025-05-09 11:30:00+00:00,10542.7245
2025-05-09 11:45:00+00:00,10542.7245
2025-05-09 12:00:00+00:00,10542.7245
2025-05-09 12:15:00+00:00,10542.7245
2025-05-09 12:30:00+00:00,10542.7245
2025-05-09 12:45:00+00:00,10542.7245
2025-05-09 13:00:00+00:00,10542.7245
2025-05-09 13:15:00+00:00,10542.7245
2025-05-09 13:30:00+00:00,10542.7245
2025-05-09 13:45:00+00:00,10542.7245
2025-05-09 14:00:00+00:00,10542.7245
2025-05-09 14:15:00+00:00,10542.7245
2025-05-09 14:30:00+00:00,10542.7245
2025-05-09 14:45:00+00:00,10542.7245
2025-05-09 15:00:00+00:00,10542.7245
2025-05-09 15:15:00+00:00,10542.7245
2025-05-09 15:30:00+00:00,10542.7245
2025-05-09 15:45:00+00:00,10542.7245
2025-05-09 16:00:00+00:00,10542.7245
2025-05-09 16:15:00+00:00,10542.7245
2025-05-09 16:30:00+00:00,10542.7245
2025-05-09 16:45:00+00:00,10542.7245
2025-05-09 17:00:00+00:00,10542.7245
2025-05-09 17:15:00+00:00,10542.7245
2025-05-09 17:30:00+00:00,10542.7245
2025-05-09 17:45:00+00:00,10542.7245
2025-05-09 18:00:00+00:00,10542.7245
2025-05-09 18:15:00+00:00,10542.7245
2025-05-09 18:30:00+00:00,10542.7245
2025-05-09 18:45:00+00:00,10542.7245
2025-05-09 19:00:00+00:00,10542.7245
2025-05-09 19:15:00+00:00,10542.7245
2025-05-09 19:30:00+00:00,10542.7245
2025-05-09 19:45:00+00:00,10542.7245
2025-05-09 20:00:00+00:00,10542.7245
2025-05-09 20:15:00+00:00,10542.7245
2025-05-09 20:30:00+00:00,10542.7245
2025-05-09 20:45:00+00:00,10542.7245
2025-05-09 21:00:00+00:00,10542.7245
2025-05-09 21:15:00+00:00,10437.2972
2025-05-09 21:30:00+00:00,10437.2972
2025-05-09 21:45:00+00:00,10437.2972
2025-05-09 22:00:00+00:00,10437.2972
2025-05-09 22:15:00+00:00,10437.2972
2025-05-09 22:30:00+00:00,10437.2972
2025-05-09 22:45:00+00:00,10437.2972
2025-05-09 23:00:00+00:00,10437.2972
2025-05-09 23:15:00+00:00,10437.2972
2025-05-09 23:30:00+00:00,10437.2972
2025-05-09 23:45:00+00:00,10437.2972
2025-05-10 00:00:00+00:00,10437.2972
2025-05-10 00:15:00+00:00,10437.2972
2025-05-10 00:30:00+00:00,10437.2972
2025-05-10 00:45:00+00:00,10437.2972
2025-05-10 01:00:00+00:00,10437.2972
2025-05-10 01:15:00+00:00,10437.2972
2025-05-10 01:30:00+00:00,10437.2972
2025-05-10 01:45:00+00:00,10437.2972
2025-05-10 02:00:00+00:00,10437.2972
2025-05-10 02:15:00+00:00,10437.2972
2025-05-10 02:30:00+00:00,10646.0432
2025-05-10 02:45:00+00:00,10646.0432
2025-05-10 03:00:00+00:00,10646.0432
2025-05-10 03:15:00+00:00,10646.0432
2025-05-10 03:30:00+00:00,10646.0432
2025-05-10 03:45:00+00:00,10646.0432
2025-05-10 04:00:00+00:00,10646.0432
2025-05-10 04:15:00+00:00,10646.0432
2025-05-10 04:30:00+00:00,10646.0432
2025-05-10 04:45:00+00:00,10646.0432
2025-05-10 05:00:00+00:00,10646.0432
2025-05-10 05:15:00+00:00,10646.0432
2025-05-10 05:30:00+00:00,10646.0432
2025-05-10 05:45:00+00:00,10646.0432
2025-05-10 06:00:00+00:00,10858.964
2025-05-10 06:15:00+00:00,10858.964
2025-05-10 06:30:00+00:00,10858.964
2025-05-10 06:45:00+00:00,10858.964
2025-05-10 07:00:00+00:00,10858.964
2025-05-10 07:15:00+00:00,10858.964
2025-05-10 07:30:00+00:00,10858.964
2025-05-10 07:45:00+00:00,10858.964
2025-05-10 08:00:00+00:00,10858.964
2025-05-10 08:15:00+00:00,10858.964
2025-05-10 08:30:00+00:00,10858.964
2025-05-10 08:45:00+00:00,10858.964
2025-05-10 09:00:00+00:00,10750.3744
2025-05-10 09:15:00+00:00,10750.3744
2025-05-10 09:30:00+00:00,10750.3744
2025-05-10 09:45:00+00:00,10750.3744
2025-05-10 10:00:00+00:00,10750.3744
2025-05-10 10:15:00+00:00,10750.3744
2025-05-10 10:30:00+00:00,10750.3744
2025-05-10 10:45:00+00:00,10750.3744
2025-05-10 11:00:00+00:00,10750.3744
2025-05-10 11:15:00+00:00,10750.3744
2025-05-10 11:30:00+00:00,10750.3744
2025-05-10 11:45:00+00:00,10750.3744
2025-05-10 12:00:00+00:00,10750.3744
2025-05-10 12:15:00+00:00,10750.3744
2025-05-10 12:30:00+00:00,10750.3744
2025-05-10 12:45:00+00:00,10750.3744
2025-05-10 13:00:00+00:00,10750.3744
2025-05-10 13:15:00+00:00,10750.3744
2025-05-10 13:30:00+00:00,10750.3744
2025-05-10 13:45:00+00:00,10750.3744
2025-05-10 14:00:00+00:00,10750.3744
2025-05-10 14:15:00+00:00,10642.8706
2025-05-10 14:30:00+00:00,10642.8706
2025-05-10 14:45:00+00:00,10536.4419
2025-05-10 15:00:00+00:00,10536.4419
2025-05-10 15:15:00+00:00,10536.4419
2025-05-10 15:30:00+00:00,10536.4419
2025-05-10 15:45:00+00:00,10536.4419
2025-05-10 16:00:00+00:00,10536.4419
2025-05-10 16:15:00+00:00,10536.4419
2025-05-10 16:30:00+00:00,10536.4419
2025-05-10 16:45:00+00:00,10536.4419
2025-05-10 17:00:00+00:00,10536.4419
2025-05-10 17:15:00+00:00,10747.1708
2025-05-10 17:30:00+00:00,10747.1708
2025-05-10 17:45:00+00:00,10747.1708
2025-05-10 18:00:00+00:00,10747.1708
2025-05-10 18:15:00+00:00,10747.1708
2025-05-10 18:30:00+00:00,10639.6991
2025-05-10 18:45:00+00:00,10639.6991
2025-05-10 19:00:00+00:00,10639.6991
2025-05-10 19:15:00+00:00,10639.6991
2025-05-10 19:30:00+00:00,10533.3021
2025-05-10 19:45:00+00:00,10533.3021
2025-05-10 20:00:00+00:00,10533.3021
2025-05-10 20:15:00+00:00,10533.3021
2025-05-10 20:30:00+00:00,10533.3021
2025-05-10 20:45:00+00:00,10533.3021
2025-05-10 21:00:00+00:00,10427.9691
2025-05-10 21:15:00+00:00,10427.9691
2025-05-10 21:30:00+00:00,10323.6894
2025-05-10 21:45:00+00:00,10323.6894
2025-05-10 22:00:00+00:00,10323.6894
2025-05-10 22:15:00+00:00,10323.6894
2025-05-10 22:30:00+00:00,10220.4525
2025-05-10 22:45:00+00:00,10220.4525
2025-05-10 23:00:00+00:00,10220.4525
2025-05-10 23:15:00+00:00,10424.8615
2025-05-10 23:30:00+00:00,10424.8615
2025-05-10 23:45:00+00:00,10424.8615
2025-05-11 00:00:00+00:00,10424.8615
2025-05-11 00:15:00+00:00,10320.6129
2025-05-11 00:30:00+00:00,10320.6129
2025-05-11 00:45:00+00:00,10320.6129
2025-05-11 01:00:00+00:00,10320.6129
2025-05-11 01:15:00+00:00,10320.6129
2025-05-11 01:30:00+00:00,10320.6129
2025-05-11 01:45:00+00:00,10217.4068
2025-05-11 02:00:00+00:00,10217.4068
2025-05-11 02:15:00+00:00,10217.4068
2025-05-11 02:30:00+00:00,10217.4068
2025-05-11 02:45:00+00:00,10217.4068
2025-05-11 03:00:00+00:00,10217.4068
2025-05-11 03:15:00+00:00,10217.4068
2025-05-11 03:30:00+00:00,10115.2327
2025-05-11 03:45:00+00:00,10115.2327
2025-05-11 04:00:00+00:00,10115.2327
2025-05-11 04:15:00+00:00,10115.2327
2025-05-11 04:30:00+00:00,10115.2327
2025-05-11 04:45:00+00:00,10115.2327
2025-05-11 05:00:00+00:00,10115.2327
2025-05-11 05:15:00+00:00,10014.0804
2025-05-11 05:30:00+00:00,10014.0804
2025-05-11 05:45:00+00:00,10014.0804
2025-05-11 06:00:00+00:00,10014.0804
2025-05-11 06:15:00+00:00,10014.0804
2025-05-11 06:30:00+00:00,9913.9396
2025-05-11 06:45:00+00:00,9913.9396
2025-05-11 07:00:00+00:00,9913.9396
2025-05-11 07:15:00+00:00,9913.9396
2025-05-11 07:30:00+00:00,9913.9396
2025-05-11 07:45:00+00:00,9913.9396
2025-05-11 08:00:00+00:00,9913.9396
2025-05-11 08:15:00+00:00,9913.9396
2025-05-11 08:30:00+00:00,9913.9396
2025-05-11 08:45:00+00:00,9913.9396
2025-05-11 09:00:00+00:00,9913.9396
2025-05-11 09:15:00+00:00,9913.9396
2025-05-11 09:30:00+00:00,9913.9396
2025-05-11 09:45:00+00:00,9913.9396
2025-05-11 10:00:00+00:00,9913.9396
2025-05-11 10:15:00+00:00,9913.9396
2025-05-11 10:30:00+00:00,9913.9396
2025-05-11 10:45:00+00:00,10112.2184
2025-05-11 11:00:00+00:00,10112.2184
2025-05-11 11:15:00+00:00,10112.2184
2025-05-11 11:30:00+00:00,10112.2184
2025-05-11 11:45:00+00:00,10112.2184
2025-05-11 12:00:00+00:00,10112.2184
2025-05-11 12:15:00+00:00,10112.2184
2025-05-11 12:30:00+00:00,10112.2184
2025-05-11 12:45:00+00:00,10112.2184
2025-05-11 13:00:00+00:00,10112.2184
2025-05-11 13:15:00+00:00,10112.2184
2025-05-11 13:30:00+00:00,10112.2184
2025-05-11 13:45:00+00:00,10112.2184
2025-05-11 14:00:00+00:00,10112.2184
2025-05-11 14:15:00+00:00,10112.2184
2025-05-11 14:30:00+00:00,10112.2184
2025-05-11 14:45:00+00:00,10112.2184
2025-05-11 15:00:00+00:00,10112.2184
2025-05-11 15:15:00+00:00,10112.2184
2025-05-11 15:30:00+00:00,10112.2184
2025-05-11 15:45:00+00:00,10112.2184
2025-05-11 16:00:00+00:00,10011.0962
2025-05-11 16:15:00+00:00,10011.0962
2025-05-11 16:30:00+00:00,10011.0962
2025-05-11 16:45:00+00:00,10011.0962
2025-05-11 17:00:00+00:00,10011.0962
2025-05-11 17:15:00+00:00,10011.0962
2025-05-11 17:30:00+00:00,10011.0962
2025-05-11 17:45:00+00:00,10011.0962
2025-05-11 18:00:00+00:00,10011.0962
2025-05-11 18:15:00+00:00,10011.0962
2025-05-11 18:30:00+00:00,10011.0962
2025-05-11 18:45:00+00:00,10011.0962
2025-05-11 19:00:00+00:00,10011.0962
2025-05-11 19:15:00+00:00,10011.0962
2025-05-11 19:30:00+00:00,10011.0962
2025-05-11 19:45:00+00:00,10011.0962
2025-05-11 20:00:00+00:00,10011.0962
2025-05-11 20:15:00+00:00,10011.0962
2025-05-11 20:30:00+00:00,10011.0962
2025-05-11 20:45:00+00:00,10011.0962
2025-05-11 21:00:00+00:00,10011.0962
2025-05-11 21:15:00+00:00,10011.0962
2025-05-11 21:30:00+00:00,10011.0962
2025-05-11 21:45:00+00:00,10011.0962
2025-05-11 22:00:00+00:00,9910.9852
2025-05-11 22:15:00+00:00,9910.9852
2025-05-11 22:30:00+00:00,9910.9852
2025-05-11 22:45:00+00:00,9910.9852
2025-05-11 23:00:00+00:00,9910.9852
2025-05-11 23:15:00+00:00,9910.9852
2025-05-11 23:30:00+00:00,9910.9852
2025-05-11 23:45:00+00:00,9910.9852
2025-05-12 00:00:00+00:00,9910.9852
2025-05-12 00:15:00+00:00,9910.9852
2025-05-12 00:30:00+00:00,9910.9852
2025-05-12 00:45:00+00:00,9910.9852
2025-05-12 01:00:00+00:00,10109.2049
2025-05-12 01:15:00+00:00,10109.2049
2025-05-12 01:30:00+00:00,10109.2049
2025-05-12 01:45:00+00:00,10109.2049
2025-05-12 02:00:00+00:00,10109.2049
2025-05-12 02:15:00+00:00,10109.2049
2025-05-12 02:30:00+00:00,10109.2049
2025-05-12 02:45:00+00:00,10109.2049
2025-05-12 03:00:00+00:00,10109.2049
2025-05-12 03:15:00+00:00,10109.2049
2025-05-12 03:30:00+00:00,10109.2049
2025-05-12 03:45:00+00:00,10109.2049
2025-05-12 04:00:00+00:00,10109.2049
2025-05-12 04:15:00+00:00,10109.2049
2025-05-12 04:30:00+00:00,10109.2049
2025-05-12 04:45:00+00:00,10109.2049
2025-05-12 05:00:00+00:00,10109.2049
2025-05-12 05:15:00+00:00,10109.2049
2025-05-12 05:30:00+00:00,10109.2049
2025-05-12 05:45:00+00:00,10109.2049
2025-05-12 06:00:00+00:00,10109.2049
2025-05-12 06:15:00+00:00,10109.2049
2025-05-12 06:30:00+00:00,10109.2049
2025-05-12 06:45:00+00:00,10109.2049
2025-05-12 07:00:00+00:00,10109.2049
2025-05-12 07:15:00+00:00,10109.2049
2025-05-12 07:30:00+00:00,10109.2049
2025-05-12 07:45:00+00:00,10109.2049
2025-05-12 08:00:00+00:00,10109.2049
2025-05-12 08:15:00+00:00,10109.2049
2025-05-12 08:30:00+00:00,10109.2049
2025-05-12 08:45:00+00:00,10109.2049
2025-05-12 09:00:00+00:00,10109.2049
2025-05-12 09:15:00+00:00,10109.2049
2025-05-12 09:30:00+00:00,10109.2049
2025-05-12 09:45:00+00:00,10109.2049
2025-05-12 10:00:00+00:00,10109.2049
2025-05-12 10:15:00+00:00,10109.2049
2025-05-12 10:30:00+00:00,10109.2049
2025-05-12 10:45:00+00:00,10109.2049
2025-05-12 11:00:00+00:00,10109.2049
2025-05-12 11:15:00+00:00,10109.2049
2025-05-12 11:30:00+00:00,10109.2049
2025-05-12 11:45:00+00:00,10109.2049
2025-05-12 12:00:00+00:00,10109.2049
2025-05-12 12:15:00+00:00,10109.2049
2025-05-12 12:30:00+00:00,10109.2049
2025-05-12 12:45:00+00:00,10109.2049
2025-05-12 13:00:00+00:00,10109.2049
2025-05-12 13:15:00+00:00,10109.2049
2025-05-12 13:30:00+00:00,10109.2049
2025-05-12 13:45:00+00:00,10109.2049
2025-05-12 14:00:00+00:00,10109.2049
2025-05-12 14:15:00+00:00,10311.389
2025-05-12 14:30:00+00:00,10311.389
2025-05-12 14:45:00+00:00,10311.389
2025-05-12 15:00:00+00:00,10311.389
2025-05-12 15:15:00+00:00,10311.389
2025-05-12 15:30:00+00:00,10311.389
2025-05-12 15:45:00+00:00,10311.389
2025-05-12 16:00:00+00:00,10311.389
2025-05-12 16:15:00+00:00,10311.389
2025-05-12 16:30:00+00:00,10311.389
2025-05-12 16:45:00+00:00,10311.389
2025-05-12 17:00:00+00:00,10311.389
2025-05-12 17:15:00+00:00,10311.389
2025-05-12 17:30:00+00:00,10311.389
2025-05-12 17:45:00+00:00,10311.389
2025-05-12 18:00:00+00:00,10311.389
2025-05-12 18:15:00+00:00,10311.389
2025-05-12 18:30:00+00:00,10517.6168
2025-05-12 18:45:00+00:00,10517.6168
2025-05-12 19:00:00+00:00,10517.6168
2025-05-12 19:15:00+00:00,10517.6168
2025-05-12 19:30:00+00:00,10517.6168
2025-05-12 19:45:00+00:00,10517.6168
2025-05-12 20:00:00+00:00,10517.6168
2025-05-12 20:15:00+00:00,10517.6168
2025-05-12 20:30:00+00:00,10517.6168
2025-05-12 20:45:00+00:00,10517.6168
2025-05-12 21:00:00+00:00,10517.6168
2025-05-12 21:15:00+00:00,10517.6168
2025-05-12 21:30:00+00:00,10517.6168
2025-05-12 21:45:00+00:00,10517.6168
2025-05-12 22:00:00+00:00,10517.6168
2025-05-12 22:15:00+00:00,10517.6168
2025-05-12 22:30:00+00:00,10517.6168
2025-05-12 22:45:00+00:00,10517.6168
2025-05-12 23:00:00+00:00,10517.6168
2025-05-12 23:15:00+00:00,10517.6168
2025-05-12 23:30:00+00:00,10517.6168
2025-05-12 23:45:00+00:00,10517.6168
2025-05-13 00:00:00+00:00,10517.6168
2025-05-13 00:15:00+00:00,10517.6168
2025-05-13 00:30:00+00:00,10517.6168
2025-05-13 00:45:00+00:00,10727.9691
2025-05-13 01:00:00+00:00,10727.9691
2025-05-13 01:15:00+00:00,10727.9691
2025-05-13 01:30:00+00:00,10727.9691
2025-05-13 01:45:00+00:00,10727.9691
2025-05-13 02:00:00+00:00,10727.9691
2025-05-13 02:15:00+00:00,10727.9691
2025-05-13 02:30:00+00:00,10727.9691
2025-05-13 02:45:00+00:00,10727.9691
2025-05-13 03:00:00+00:00,10727.9691
2025-05-13 03:15:00+00:00,10727.9691
2025-05-13 03:30:00+00:00,10727.9691
2025-05-13 03:45:00+00:00,10727.9691
2025-05-13 04:00:00+00:00,10727.9691
2025-05-13 04:15:00+00:00,10620.6895
2025-05-13 04:30:00+00:00,10620.6895
2025-05-13 04:45:00+00:00,10620.6895
2025-05-13 05:00:00+00:00,10620.6895
2025-05-13 05:15:00+00:00,10620.6895
2025-05-13 05:30:00+00:00,10833.1032
2025-05-13 05:45:00+00:00,10833.1032
2025-05-13 06:00:00+00:00,10833.1032
2025-05-13 06:15:00+00:00,10833.1032
2025-05-13 06:30:00+00:00,10833.1032
2025-05-13 06:45:00+00:00,10833.1032
2025-05-13 07:00:00+00:00,10724.7722
2025-05-13 07:15:00+00:00,10724.7722
2025-05-13 07:30:00+00:00,10724.7722
2025-05-13 07:45:00+00:00,10724.7722
2025-05-13 08:00:00+00:00,10724.7722
2025-05-13 08:15:00+00:00,10724.7722
2025-05-13 08:30:00+00:00,10724.7722
2025-05-13 08:45:00+00:00,10724.7722
2025-05-13 09:00:00+00:00,10617.5245
2025-05-13 09:15:00+00:00,10617.5245
2025-05-13 09:30:00+00:00,10617.5245
2025-05-13 09:45:00+00:00,10617.5245
2025-05-13 10:00:00+00:00,10617.5245
2025-05-13 10:15:00+00:00,10617.5245
2025-05-13 10:30:00+00:00,10617.5245
2025-05-13 10:45:00+00:00,10617.5245
2025-05-13 11:00:00+00:00,10617.5245
2025-05-13 11:15:00+00:00,10617.5245
2025-05-13 11:30:00+00:00,10617.5245
2025-05-13 11:45:00+00:00,10617.5245
2025-05-13 12:00:00+00:00,10617.5245
2025-05-13 12:15:00+00:00,10617.5245
2025-05-13 12:30:00+00:00,10617.5245
2025-05-13 12:45:00+00:00,10617.5245
2025-05-13 13:00:00+00:00,10617.5245
2025-05-13 13:15:00+00:00,10617.5245
2025-05-13 13:30:00+00:00,10617.5245
2025-05-13 13:45:00+00:00,10617.5245
2025-05-13 14:00:00+00:00,10617.5245
2025-05-13 14:15:00+00:00,10617.5245
2025-05-13 14:30:00+00:00,10617.5245
2025-05-13 14:45:00+00:00,10617.5245
2025-05-13 15:00:00+00:00,10617.5245
2025-05-13 15:15:00+00:00,10617.5245
2025-05-13 15:30:00+00:00,10617.5245
2025-05-13 15:45:00+00:00,10617.5245
2025-05-13 16:00:00+00:00,10617.5245
2025-05-13 16:15:00+00:00,10617.5245
2025-05-13 16:30:00+00:00,10617.5245
2025-05-13 16:45:00+00:00,10617.5245
2025-05-13 17:00:00+00:00,10617.5245
2025-05-13 17:15:00+00:00,10617.5245
2025-05-13 17:30:00+00:00,10617.5245
2025-05-13 17:45:00+00:00,10617.5245
2025-05-13 18:00:00+00:00,10617.5245
2025-05-13 18:15:00+00:00,10617.5245
2025-05-13 18:30:00+00:00,10617.5245
2025-05-13 18:45:00+00:00,10617.5245
2025-05-13 19:00:00+00:00,10617.5245
2025-05-13 19:15:00+00:00,10617.5245
2025-05-13 19:30:00+00:00,10617.5245
2025-05-13 19:45:00+00:00,10829.875
2025-05-13 20:00:00+00:00,10829.875
2025-05-13 20:15:00+00:00,10829.875
2025-05-13 20:30:00+00:00,10829.875
2025-05-13 20:45:00+00:00,10829.875
2025-05-13 21:00:00+00:00,10829.875
2025-05-13 21:15:00+00:00,10829.875
2025-05-13 21:30:00+00:00,10829.875
2025-05-13 21:45:00+00:00,10829.875
2025-05-13 22:00:00+00:00,10829.875
2025-05-13 22:15:00+00:00,10829.875
2025-05-13 22:30:00+00:00,10829.875
2025-05-13 22:45:00+00:00,10829.875
2025-05-13 23:00:00+00:00,10829.875
2025-05-13 23:15:00+00:00,10829.875
2025-05-13 23:30:00+00:00,10829.875
2025-05-13 23:45:00+00:00,10829.875
2025-05-14 00:00:00+00:00,10829.875
2025-05-14 00:15:00+00:00,10829.875
2025-05-14 00:30:00+00:00,10829.875
2025-05-14 00:45:00+00:00,10829.875
2025-05-14 01:00:00+00:00,10829.875
2025-05-14 01:15:00+00:00,10829.875
2025-05-14 01:30:00+00:00,10829.875
2025-05-14 01:45:00+00:00,10829.875
2025-05-14 02:00:00+00:00,10829.875
2025-05-14 02:15:00+00:00,10829.875
2025-05-14 02:30:00+00:00,10829.875
2025-05-14 02:45:00+00:00,10829.875
2025-05-14 03:00:00+00:00,10829.875
2025-05-14 03:15:00+00:00,10829.875
2025-05-14 03:30:00+00:00,10829.875
2025-05-14 03:45:00+00:00,10829.875
2025-05-14 04:00:00+00:00,10829.875
2025-05-14 04:15:00+00:00,10829.875
2025-05-14 04:30:00+00:00,10829.875
2025-05-14 04:45:00+00:00,10829.875
2025-05-14 05:00:00+00:00,10829.875
2025-05-14 05:15:00+00:00,10829.875
2025-05-14 05:30:00+00:00,10829.875
2025-05-14 05:45:00+00:00,10829.875
2025-05-14 06:00:00+00:00,10829.875
2025-05-14 06:15:00+00:00,10829.875
2025-05-14 06:30:00+00:00,10829.875
2025-05-14 06:45:00+00:00,10829.875
2025-05-14 07:00:00+00:00,10829.875
2025-05-14 07:15:00+00:00,10829.875
2025-05-14 07:30:00+00:00,10829.875
2025-05-14 07:45:00+00:00,10829.875
2025-05-14 08:00:00+00:00,10829.875
2025-05-14 08:15:00+00:00,10829.875
2025-05-14 08:30:00+00:00,10829.875
2025-05-14 08:45:00+00:00,10829.875
2025-05-14 09:00:00+00:00,10829.875
2025-05-14 09:15:00+00:00,10829.875
2025-05-14 09:30:00+00:00,10829.875
2025-05-14 09:45:00+00:00,10829.875
2025-05-14 10:00:00+00:00,10829.875
2025-05-14 10:15:00+00:00,10829.875
2025-05-14 10:30:00+00:00,10829.875
2025-05-14 10:45:00+00:00,10829.875
2025-05-14 11:00:00+00:00,10829.875
2025-05-14 11:15:00+00:00,10829.875
2025-05-14 11:30:00+00:00,10829.875
2025-05-14 11:45:00+00:00,10829.875
2025-05-14 12:00:00+00:00,10829.875
2025-05-14 12:15:00+00:00,10829.875
2025-05-14 12:30:00+00:00,10829.875
2025-05-14 12:45:00+00:00,10829.875
2025-05-14 13:00:00+00:00,10829.875
2025-05-14 13:15:00+00:00,10829.875
2025-05-14 13:30:00+00:00,10829.875
2025-05-14 13:45:00+00:00,10829.875
2025-05-14 14:00:00+00:00,10829.875
2025-05-14 14:15:00+00:00,10829.875
2025-05-14 14:30:00+00:00,10829.875
2025-05-14 14:45:00+00:00,10829.875
2025-05-14 15:00:00+00:00,10829.875
2025-05-14 15:15:00+00:00,10829.875
2025-05-14 15:30:00+00:00,10829.875
2025-05-14 15:45:00+00:00,10829.875
2025-05-14 16:00:00+00:00,10829.875
2025-05-14 16:15:00+00:00,10829.875
2025-05-14 16:30:00+00:00,10829.875
2025-05-14 16:45:00+00:00,10829.875
2025-05-14 17:00:00+00:00,10829.875
2025-05-14 17:15:00+00:00,10829.875
2025-05-14 17:30:00+00:00,10829.875
2025-05-14 17:45:00+00:00,10829.875
2025-05-14 18:00:00+00:00,10829.875
2025-05-14 18:15:00+00:00,10829.875
2025-05-14 18:30:00+00:00,10829.875
2025-05-14 18:45:00+00:00,10829.875
2025-05-14 19:00:00+00:00,10829.875
2025-05-14 19:15:00+00:00,10829.875
2025-05-14 19:30:00+00:00,10829.875
2025-05-14 19:45:00+00:00,10829.875
2025-05-14 20:00:00+00:00,10829.875
2025-05-14 20:15:00+00:00,10829.875
2025-05-14 20:30:00+00:00,10829.875
2025-05-14 20:45:00+00:00,10829.875
2025-05-14 21:00:00+00:00,10829.875
2025-05-14 21:15:00+00:00,10829.875
2025-05-14 21:30:00+00:00,10829.875
2025-05-14 21:45:00+00:00,10829.875
2025-05-14 22:00:00+00:00,10829.875
2025-05-14 22:15:00+00:00,10829.875
2025-05-14 22:30:00+00:00,10829.875
2025-05-14 22:45:00+00:00,10829.875
2025-05-14 23:00:00+00:00,10829.875
2025-05-14 23:15:00+00:00,10829.875
2025-05-14 23:30:00+00:00,10829.875
2025-05-14 23:45:00+00:00,10829.875
2025-05-15 00:00:00+00:00,10829.875
2025-05-15 00:15:00+00:00,10829.875
2025-05-15 00:30:00+00:00,10829.875
2025-05-15 00:45:00+00:00,10829.875
2025-05-15 01:00:00+00:00,10829.875
2025-05-15 01:15:00+00:00,10829.875
2025-05-15 01:30:00+00:00,10829.875
2025-05-15 01:45:00+00:00,10829.875
2025-05-15 02:00:00+00:00,10829.875
2025-05-15 02:15:00+00:00,10829.875
2025-05-15 02:30:00+00:00,10829.875
2025-05-15 02:45:00+00:00,10829.875
2025-05-15 03:00:00+00:00,10829.875
2025-05-15 03:15:00+00:00,10829.875
2025-05-15 03:30:00+00:00,10829.875
2025-05-15 03:45:00+00:00,10829.875
2025-05-15 04:00:00+00:00,10829.875
2025-05-15 04:15:00+00:00,10829.875
2025-05-15 04:30:00+00:00,10829.875
2025-05-15 04:45:00+00:00,10829.875
2025-05-15 05:00:00+00:00,10829.875
2025-05-15 05:15:00+00:00,10829.875
2025-05-15 05:30:00+00:00,10829.875
2025-05-15 05:45:00+00:00,10829.875
2025-05-15 06:00:00+00:00,10829.875
2025-05-15 06:15:00+00:00,10829.875
2025-05-15 06:30:00+00:00,10829.875
2025-05-15 06:45:00+00:00,10829.875
2025-05-15 07:00:00+00:00,10829.875
2025-05-15 07:15:00+00:00,10829.875
2025-05-15 07:30:00+00:00,10829.875
2025-05-15 07:45:00+00:00,10829.875
2025-05-15 08:00:00+00:00,10829.875
2025-05-15 08:15:00+00:00,10829.875
2025-05-15 08:30:00+00:00,10829.875
2025-05-15 08:45:00+00:00,10829.875
2025-05-15 09:00:00+00:00,10829.875
2025-05-15 09:15:00+00:00,10829.875
2025-05-15 09:30:00+00:00,10829.875
2025-05-15 09:45:00+00:00,10829.875
2025-05-15 10:00:00+00:00,10829.875
2025-05-15 10:15:00+00:00,10829.875
2025-05-15 10:30:00+00:00,10829.875
2025-05-15 10:45:00+00:00,10829.875
2025-05-15 11:00:00+00:00,10829.875
2025-05-15 11:15:00+00:00,10829.875
2025-05-15 11:30:00+00:00,10829.875
2025-05-15 11:45:00+00:00,10829.875
2025-05-15 12:00:00+00:00,10829.875
2025-05-15 12:15:00+00:00,10829.875
2025-05-15 12:30:00+00:00,10829.875
2025-05-15 12:45:00+00:00,10829.875
2025-05-15 13:00:00+00:00,10829.875
2025-05-15 13:15:00+00:00,10829.875
2025-05-15 13:30:00+00:00,11046.4725
2025-05-15 13:45:00+00:00,11046.4725
2025-05-15 14:00:00+00:00,11046.4725
2025-05-15 14:15:00+00:00,11046.4725
2025-05-15 14:30:00+00:00,11046.4725
2025-05-15 14:45:00+00:00,11046.4725
2025-05-15 15:00:00+00:00,10936.0078
2025-05-15 15:15:00+00:00,10936.0078
2025-05-15 15:30:00+00:00,10936.0078
2025-05-15 15:45:00+00:00,10936.0078
2025-05-15 16:00:00+00:00,10936.0078
2025-05-15 16:15:00+00:00,10936.0078
2025-05-15 16:30:00+00:00,10936.0078
2025-05-15 16:45:00+00:00,10936.0078
2025-05-15 17:00:00+00:00,10936.0078
2025-05-15 17:15:00+00:00,10936.0078
2025-05-15 17:30:00+00:00,10936.0078
2025-05-15 17:45:00+00:00,10936.0078
2025-05-15 18:00:00+00:00,10936.0078
2025-05-15 18:15:00+00:00,10936.0078
2025-05-15 18:30:00+00:00,10936.0078
2025-05-15 18:45:00+00:00,10936.0078
2025-05-15 19:00:00+00:00,10936.0078
2025-05-15 19:15:00+00:00,10936.0078
2025-05-15 19:30:00+00:00,10936.0078
2025-05-15 19:45:00+00:00,10936.0078
2025-05-15 20:00:00+00:00,10936.0078
2025-05-15 20:15:00+00:00,10936.0078
2025-05-15 20:30:00+00:00,10936.0078
2025-05-15 20:45:00+00:00,10936.0078
2025-05-15 21:00:00+00:00,10936.0078
2025-05-15 21:15:00+00:00,10936.0078
2025-05-15 21:30:00+00:00,10936.0078
2025-05-15 21:45:00+00:00,10936.0078
2025-05-15 22:00:00+00:00,10936.0078
2025-05-15 22:15:00+00:00,10936.0078
2025-05-15 22:30:00+00:00,10936.0078
2025-05-15 22:45:00+00:00,10936.0078
2025-05-15 23:00:00+00:00,10936.0078
2025-05-15 23:15:00+00:00,10936.0078
2025-05-15 23:30:00+00:00,10936.0078
2025-05-15 23:45:00+00:00,10936.0078
2025-05-16 00:00:00+00:00,10936.0078
2025-05-16 00:15:00+00:00,10936.0078
2025-05-16 00:30:00+00:00,10936.0078
2025-05-16 00:45:00+00:00,10826.6477
2025-05-16 01:00:00+00:00,10826.6477
2025-05-16 01:15:00+00:00,10826.6477
2025-05-16 01:30:00+00:00,10826.6477
2025-05-16 01:45:00+00:00,10826.6477
2025-05-16 02:00:00+00:00,10826.6477
2025-05-16 02:15:00+00:00,10826.6477
2025-05-16 02:30:00+00:00,10826.6477
2025-05-16 02:45:00+00:00,10826.6477
2025-05-16 03:00:00+00:00,10826.6477
2025-05-16 03:15:00+00:00,10826.6477
2025-05-16 03:30:00+00:00,10826.6477
2025-05-16 03:45:00+00:00,10826.6477
2025-05-16 04:00:00+00:00,10826.6477
2025-05-16 04:15:00+00:00,10826.6477
2025-05-16 04:30:00+00:00,10826.6477
2025-05-16 04:45:00+00:00,10826.6477
2025-05-16 05:00:00+00:00,10826.6477
2025-05-16 05:15:00+00:00,10826.6477
2025-05-16 05:30:00+00:00,10826.6477
2025-05-16 05:45:00+00:00,10826.6477
2025-05-16 06:00:00+00:00,10826.6477
2025-05-16 06:15:00+00:00,10826.6477
2025-05-16 06:30:00+00:00,10826.6477
2025-05-16 06:45:00+00:00,10826.6477
2025-05-16 07:00:00+00:00,10826.6477
2025-05-16 07:15:00+00:00,10826.6477
2025-05-16 07:30:00+00:00,10826.6477
2025-05-16 07:45:00+00:00,10826.6477
2025-05-16 08:00:00+00:00,10826.6477
2025-05-16 08:15:00+00:00,10826.6477
2025-05-16 08:30:00+00:00,10826.6477
2025-05-16 08:45:00+00:00,10826.6477
2025-05-16 09:00:00+00:00,10826.6477
2025-05-16 09:15:00+00:00,10826.6477
2025-05-16 09:30:00+00:00,10826.6477
2025-05-16 09:45:00+00:00,10826.6477
2025-05-16 10:00:00+00:00,10826.6477
2025-05-16 10:15:00+00:00,10826.6477
2025-05-16 10:30:00+00:00,10826.6477
2025-05-16 10:45:00+00:00,10826.6477
2025-05-16 11:00:00+00:00,10826.6477
2025-05-16 11:15:00+00:00,10826.6477
2025-05-16 11:30:00+00:00,10826.6477
2025-05-16 11:45:00+00:00,10826.6477
2025-05-16 12:00:00+00:00,10826.6477
2025-05-16 12:15:00+00:00,10826.6477
2025-05-16 12:30:00+00:00,10826.6477
2025-05-16 12:45:00+00:00,10826.6477
2025-05-16 13:00:00+00:00,10826.6477
2025-05-16 13:15:00+00:00,10826.6477
2025-05-16 13:30:00+00:00,10826.6477
2025-05-16 13:45:00+00:00,10826.6477
2025-05-16 14:00:00+00:00,10826.6477
2025-05-16 14:15:00+00:00,10826.6477
2025-05-16 14:30:00+00:00,10826.6477
2025-05-16 14:45:00+00:00,10826.6477
2025-05-16 15:00:00+00:00,10826.6477
2025-05-16 15:15:00+00:00,10826.6477
2025-05-16 15:30:00+00:00,10826.6477
2025-05-16 15:45:00+00:00,10826.6477
2025-05-16 16:00:00+00:00,10826.6477
2025-05-16 16:15:00+00:00,10826.6477
2025-05-16 16:30:00+00:00,10826.6477
2025-05-16 16:45:00+00:00,10826.6477
2025-05-16 17:00:00+00:00,10826.6477
2025-05-16 17:15:00+00:00,10826.6477
2025-05-16 17:30:00+00:00,10826.6477
2025-05-16 17:45:00+00:00,10826.6477
2025-05-16 18:00:00+00:00,10826.6477
2025-05-16 18:15:00+00:00,10826.6477
2025-05-16 18:30:00+00:00,10826.6477
2025-05-16 18:45:00+00:00,10826.6477
2025-05-16 19:00:00+00:00,10826.6477
2025-05-16 19:15:00+00:00,10826.6477
2025-05-16 19:30:00+00:00,10826.6477
2025-05-16 19:45:00+00:00,10826.6477
2025-05-16 20:00:00+00:00,10826.6477
2025-05-16 20:15:00+00:00,10826.6477
2025-05-16 20:30:00+00:00,10718.3812
2025-05-16 20:45:00+00:00,10718.3812
2025-05-16 21:00:00+00:00,10718.3812
2025-05-16 21:15:00+00:00,10718.3812
2025-05-16 21:30:00+00:00,10718.3812
2025-05-16 21:45:00+00:00,10718.3812
2025-05-16 22:00:00+00:00,10718.3812
2025-05-16 22:15:00+00:00,10718.3812
2025-05-16 22:30:00+00:00,10718.3812
2025-05-16 22:45:00+00:00,10718.3812
2025-05-16 23:00:00+00:00,10718.3812
2025-05-16 23:15:00+00:00,10718.3812
2025-05-16 23:30:00+00:00,10718.3812
2025-05-16 23:45:00+00:00,10718.3812
2025-05-17 00:00:00+00:00,10718.3812
2025-05-17 00:15:00+00:00,10718.3812
2025-05-17 00:30:00+00:00,10718.3812
2025-05-17 00:45:00+00:00,10718.3812
2025-05-17 01:00:00+00:00,10718.3812
2025-05-17 01:15:00+00:00,10718.3812
2025-05-17 01:30:00+00:00,10718.3812
2025-05-17 01:45:00+00:00,10718.3812
2025-05-17 02:00:00+00:00,10718.3812
2025-05-17 02:15:00+00:00,10718.3812
2025-05-17 02:30:00+00:00,10718.3812
2025-05-17 02:45:00+00:00,10718.3812
2025-05-17 03:00:00+00:00,10718.3812
2025-05-17 03:15:00+00:00,10718.3812
2025-05-17 03:30:00+00:00,10718.3812
2025-05-17 03:45:00+00:00,10718.3812
2025-05-17 04:00:00+00:00,10718.3812
2025-05-17 04:15:00+00:00,10718.3812
2025-05-17 04:30:00+00:00,10718.3812
2025-05-17 04:45:00+00:00,10718.3812
2025-05-17 05:00:00+00:00,10718.3812
2025-05-17 05:15:00+00:00,10718.3812
2025-05-17 05:30:00+00:00,10718.3812
2025-05-17 05:45:00+00:00,10718.3812
2025-05-17 06:00:00+00:00,10718.3812
2025-05-17 06:15:00+00:00,10718.3812
2025-05-17 06:30:00+00:00,10718.3812
2025-05-17 06:45:00+00:00,10718.3812
2025-05-17 07:00:00+00:00,10718.3812
2025-05-17 07:15:00+00:00,10718.3812
2025-05-17 07:30:00+00:00,10718.3812
2025-05-17 07:45:00+00:00,10718.3812
2025-05-17 08:00:00+00:00,10718.3812
2025-05-17 08:15:00+00:00,10718.3812
2025-05-17 08:30:00+00:00,10718.3812
2025-05-17 08:45:00+00:00,10718.3812
2025-05-17 09:00:00+00:00,10718.3812
2025-05-17 09:15:00+00:00,10718.3812
2025-05-17 09:30:00+00:00,10718.3812
2025-05-17 09:45:00+00:00,10718.3812
2025-05-17 10:00:00+00:00,10718.3812
2025-05-17 10:15:00+00:00,10718.3812
2025-05-17 10:30:00+00:00,10718.3812
2025-05-17 10:45:00+00:00,10718.3812
2025-05-17 11:00:00+00:00,10718.3812
2025-05-17 11:15:00+00:00,10718.3812
2025-05-17 11:30:00+00:00,10718.3812
2025-05-17 11:45:00+00:00,10718.3812
2025-05-17 12:00:00+00:00,10718.3812
2025-05-17 12:15:00+00:00,10718.3812
2025-05-17 12:30:00+00:00,10718.3812
2025-05-17 12:45:00+00:00,10718.3812
2025-05-17 13:00:00+00:00,10718.3812
2025-05-17 13:15:00+00:00,10718.3812
2025-05-17 13:30:00+00:00,10718.3812
2025-05-17 13:45:00+00:00,10718.3812
2025-05-17 14:00:00+00:00,10718.3812
2025-05-17 14:15:00+00:00,10718.3812
2025-05-17 14:30:00+00:00,10718.3812
2025-05-17 14:45:00+00:00,10718.3812
2025-05-17 15:00:00+00:00,10718.3812
2025-05-17 15:15:00+00:00,10718.3812
2025-05-17 15:30:00+00:00,10718.3812
2025-05-17 15:45:00+00:00,10718.3812
2025-05-17 16:00:00+00:00,10718.3812
2025-05-17 16:15:00+00:00,10718.3812
2025-05-17 16:30:00+00:00,10718.3812
2025-05-17 16:45:00+00:00,10718.3812
2025-05-17 17:00:00+00:00,10718.3812
2025-05-17 17:15:00+00:00,10718.3812
2025-05-17 17:30:00+00:00,10718.3812
2025-05-17 17:45:00+00:00,10718.3812
2025-05-17 18:00:00+00:00,10718.3812
2025-05-17 18:15:00+00:00,10718.3812
2025-05-17 18:30:00+00:00,10718.3812
2025-05-17 18:45:00+00:00,10718.3812
2025-05-17 19:00:00+00:00,10718.3812
2025-05-17 19:15:00+00:00,10718.3812
2025-05-17 19:30:00+00:00,10718.3812
2025-05-17 19:45:00+00:00,10718.3812
2025-05-17 20:00:00+00:00,10718.3812
2025-05-17 20:15:00+00:00,10718.3812
2025-05-17 20:30:00+00:00,10718.3812
2025-05-17 20:45:00+00:00,10718.3812
2025-05-17 21:00:00+00:00,10718.3812
2025-05-17 21:15:00+00:00,10718.3812
2025-05-17 21:30:00+00:00,10718.3812
2025-05-17 21:45:00+00:00,10718.3812
2025-05-17 22:00:00+00:00,10718.3812
2025-05-17 22:15:00+00:00,10718.3812
2025-05-17 22:30:00+00:00,10718.3812
2025-05-17 22:45:00+00:00,10718.3812
2025-05-17 23:00:00+00:00,10718.3812
2025-05-17 23:15:00+00:00,10718.3812
2025-05-17 23:30:00+00:00,10718.3812
2025-05-17 23:45:00+00:00,10718.3812
2025-05-18 00:00:00+00:00,10718.3812
2025-05-18 00:15:00+00:00,10718.3812
2025-05-18 00:30:00+00:00,10718.3812
2025-05-18 00:45:00+00:00,10718.3812
2025-05-18 01:00:00+00:00,10718.3812
2025-05-18 01:15:00+00:00,10718.3812
2025-05-18 01:30:00+00:00,10718.3812
2025-05-18 01:45:00+00:00,10718.3812
2025-05-18 02:00:00+00:00,10718.3812
2025-05-18 02:15:00+00:00,10718.3812
2025-05-18 02:30:00+00:00,10718.3812
2025-05-18 02:45:00+00:00,10718.3812
2025-05-18 03:00:00+00:00,10718.3812
2025-05-18 03:15:00+00:00,10718.3812
2025-05-18 03:30:00+00:00,10718.3812
2025-05-18 03:45:00+00:00,10718.3812
2025-05-18 04:00:00+00:00,10718.3812
2025-05-18 04:15:00+00:00,10718.3812
2025-05-18 04:30:00+00:00,10718.3812
2025-05-18 04:45:00+00:00,10718.3812
2025-05-18 05:00:00+00:00,10718.3812
2025-05-18 05:15:00+00:00,10718.3812
2025-05-18 05:30:00+00:00,10718.3812
2025-05-18 05:45:00+00:00,10718.3812
2025-05-18 06:00:00+00:00,10718.3812
2025-05-18 06:15:00+00:00,10718.3812
2025-05-18 06:30:00+00:00,10718.3812
2025-05-18 06:45:00+00:00,10718.3812
2025-05-18 07:00:00+00:00,10718.3812
2025-05-18 07:15:00+00:00,10718.3812
2025-05-18 07:30:00+00:00,10718.3812
2025-05-18 07:45:00+00:00,10718.3812
2025-05-18 08:00:00+00:00,10718.3812
2025-05-18 08:15:00+00:00,10718.3812
2025-05-18 08:30:00+00:00,10718.3812
2025-05-18 08:45:00+00:00,10718.3812
2025-05-18 09:00:00+00:00,10718.3812
2025-05-18 09:15:00+00:00,10718.3812
2025-05-18 09:30:00+00:00,10718.3812
2025-05-18 09:45:00+00:00,10718.3812
2025-05-18 10:00:00+00:00,10718.3812
2025-05-18 10:15:00+00:00,10718.3812
2025-05-18 10:30:00+00:00,10718.3812
2025-05-18 10:45:00+00:00,10718.3812
2025-05-18 11:00:00+00:00,10718.3812
2025-05-18 11:15:00+00:00,10718.3812
2025-05-18 11:30:00+00:00,10718.3812
2025-05-18 11:45:00+00:00,10718.3812
2025-05-18 12:00:00+00:00,10718.3812
2025-05-18 12:15:00+00:00,10718.3812
2025-05-18 12:30:00+00:00,10718.3812
2025-05-18 12:45:00+00:00,10718.3812
2025-05-18 13:00:00+00:00,10718.3812
2025-05-18 13:15:00+00:00,10718.3812
2025-05-18 13:30:00+00:00,10718.3812
2025-05-18 13:45:00+00:00,10718.3812
2025-05-18 14:00:00+00:00,10718.3812
2025-05-18 14:15:00+00:00,10718.3812
2025-05-18 14:30:00+00:00,10718.3812
2025-05-18 14:45:00+00:00,10718.3812
2025-05-18 15:00:00+00:00,10718.3812
2025-05-18 15:15:00+00:00,10718.3812
2025-05-18 15:30:00+00:00,10718.3812
2025-05-18 15:45:00+00:00,10932.7488
2025-05-18 16:00:00+00:00,10932.7488
2025-05-18 16:15:00+00:00,10932.7488
2025-05-18 16:30:00+00:00,10932.7488
2025-05-18 16:45:00+00:00,10932.7488
2025-05-18 17:00:00+00:00,10932.7488
2025-05-18 17:15:00+00:00,10932.7488
2025-05-18 17:30:00+00:00,10932.7488
2025-05-18 17:45:00+00:00,10932.7488
2025-05-18 18:00:00+00:00,10932.7488
2025-05-18 18:15:00+00:00,10932.7488
2025-05-18 18:30:00+00:00,10932.7488
2025-05-18 18:45:00+00:00,10932.7488
2025-05-18 19:00:00+00:00,10932.7488
2025-05-18 19:15:00+00:00,10932.7488
2025-05-18 19:30:00+00:00,10823.4213
2025-05-18 19:45:00+00:00,10823.4213
2025-05-18 20:00:00+00:00,10823.4213
2025-05-18 20:15:00+00:00,10823.4213
2025-05-18 20:30:00+00:00,10823.4213
2025-05-18 20:45:00+00:00,10823.4213
2025-05-18 21:00:00+00:00,10823.4213
2025-05-18 21:15:00+00:00,10823.4213
2025-05-18 21:30:00+00:00,10823.4213
2025-05-18 21:45:00+00:00,10823.4213
2025-05-18 22:00:00+00:00,10823.4213
2025-05-18 22:15:00+00:00,10823.4213
2025-05-18 22:30:00+00:00,10823.4213
2025-05-18 22:45:00+00:00,10823.4213
2025-05-18 23:00:00+00:00,10823.4213
2025-05-18 23:15:00+00:00,10823.4213
2025-05-18 23:30:00+00:00,10823.4213
2025-05-18 23:45:00+00:00,10823.4213
2025-05-19 00:00:00+00:00,10823.4213
2025-05-19 00:15:00+00:00,10823.4213
2025-05-19 00:30:00+00:00,10823.4213
2025-05-19 00:45:00+00:00,10823.4213
2025-05-19 01:00:00+00:00,10823.4213
2025-05-19 01:15:00+00:00,10823.4213
2025-05-19 01:30:00+00:00,10823.4213
2025-05-19 01:45:00+00:00,10823.4213
2025-05-19 02:00:00+00:00,10823.4213
2025-05-19 02:15:00+00:00,10823.4213
2025-05-19 02:30:00+00:00,10823.4213
2025-05-19 02:45:00+00:00,10823.4213
2025-05-19 03:00:00+00:00,10823.4213
2025-05-19 03:15:00+00:00,10823.4213
2025-05-19 03:30:00+00:00,10715.1871
2025-05-19 03:45:00+00:00,10715.1871
2025-05-19 04:00:00+00:00,10715.1871
2025-05-19 04:15:00+00:00,10715.1871
2025-05-19 04:30:00+00:00,10715.1871
2025-05-19 04:45:00+00:00,10715.1871
2025-05-19 05:00:00+00:00,10715.1871
2025-05-19 05:15:00+00:00,10715.1871
2025-05-19 05:30:00+00:00,10715.1871
2025-05-19 05:45:00+00:00,10715.1871
2025-05-19 06:00:00+00:00,10715.1871
2025-05-19 06:15:00+00:00,10715.1871
2025-05-19 06:30:00+00:00,10715.1871
2025-05-19 06:45:00+00:00,10715.1871
2025-05-19 07:00:00+00:00,10715.1871
2025-05-19 07:15:00+00:00,10715.1871
2025-05-19 07:30:00+00:00,10715.1871
2025-05-19 07:45:00+00:00,10715.1871
2025-05-19 08:00:00+00:00,10715.1871
2025-05-19 08:15:00+00:00,10715.1871
2025-05-19 08:30:00+00:00,10715.1871
2025-05-19 08:45:00+00:00,10715.1871
2025-05-19 09:00:00+00:00,10715.1871
2025-05-19 09:15:00+00:00,10715.1871
2025-05-19 09:30:00+00:00,10715.1871
2025-05-19 09:45:00+00:00,10715.1871
2025-05-19 10:00:00+00:00,10715.1871
2025-05-19 10:15:00+00:00,10715.1871
2025-05-19 10:30:00+00:00,10715.1871
2025-05-19 10:45:00+00:00,10715.1871
2025-05-19 11:00:00+00:00,10715.1871
2025-05-19 11:15:00+00:00,10715.1871
2025-05-19 11:30:00+00:00,10715.1871
2025-05-19 11:45:00+00:00,10715.1871
2025-05-19 12:00:00+00:00,10715.1871
2025-05-19 12:15:00+00:00,10715.1871
2025-05-19 12:30:00+00:00,10715.1871
2025-05-19 12:45:00+00:00,10715.1871
2025-05-19 13:00:00+00:00,10715.1871
2025-05-19 13:15:00+00:00,10715.1871
2025-05-19 13:30:00+00:00,10715.1871
2025-05-19 13:45:00+00:00,10715.1871
2025-05-19 14:00:00+00:00,10715.1871
2025-05-19 14:15:00+00:00,10715.1871
2025-05-19 14:30:00+00:00,10715.1871
2025-05-19 14:45:00+00:00,10715.1871
2025-05-19 15:00:00+00:00,10715.1871
2025-05-19 15:15:00+00:00,10715.1871
2025-05-19 15:30:00+00:00,10715.1871
2025-05-19 15:45:00+00:00,10715.1871
2025-05-19 16:00:00+00:00,10715.1871
2025-05-19 16:15:00+00:00,10715.1871
2025-05-19 16:30:00+00:00,10715.1871
2025-05-19 16:45:00+00:00,10715.1871
2025-05-19 17:00:00+00:00,10715.1871
2025-05-19 17:15:00+00:00,10715.1871
2025-05-19 17:30:00+00:00,10715.1871
2025-05-19 17:45:00+00:00,10715.1871
2025-05-19 18:00:00+00:00,10715.1871
2025-05-19 18:15:00+00:00,10715.1871
2025-05-19 18:30:00+00:00,10715.1871
2025-05-19 18:45:00+00:00,10715.1871
2025-05-19 19:00:00+00:00,10715.1871
2025-05-19 19:15:00+00:00,10715.1871
2025-05-19 19:30:00+00:00,10715.1871
2025-05-19 19:45:00+00:00,10715.1871
2025-05-19 20:00:00+00:00,10715.1871
2025-05-19 20:15:00+00:00,10715.1871
2025-05-19 20:30:00+00:00,10715.1871
2025-05-19 20:45:00+00:00,10715.1871
2025-05-19 21:00:00+00:00,10715.1871
2025-05-19 21:15:00+00:00,10715.1871
2025-05-19 21:30:00+00:00,10715.1871
2025-05-19 21:45:00+00:00,10715.1871
2025-05-19 22:00:00+00:00,10715.1871
2025-05-19 22:15:00+00:00,10715.1871
2025-05-19 22:30:00+00:00,10715.1871
2025-05-19 22:45:00+00:00,10715.1871
2025-05-19 23:00:00+00:00,10715.1871
2025-05-19 23:15:00+00:00,10715.1871
2025-05-19 23:30:00+00:00,10715.1871
2025-05-19 23:45:00+00:00,10715.1871
2025-05-20 00:00:00+00:00,10715.1871
2025-05-20 00:15:00+00:00,10715.1871
2025-05-20 00:30:00+00:00,10715.1871
2025-05-20 00:45:00+00:00,10715.1871
2025-05-20 01:00:00+00:00,10715.1871
2025-05-20 01:15:00+00:00,10715.1871
2025-05-20 01:30:00+00:00,10715.1871
2025-05-20 01:45:00+00:00,10715.1871
2025-05-20 02:00:00+00:00,10715.1871
2025-05-20 02:15:00+00:00,10715.1871
2025-05-20 02:30:00+00:00,10715.1871
2025-05-20 02:45:00+00:00,10715.1871
2025-05-20 03:00:00+00:00,10715.1871
2025-05-20 03:15:00+00:00,10715.1871
2025-05-20 03:30:00+00:00,10715.1871
2025-05-20 03:45:00+00:00,10715.1871
2025-05-20 04:00:00+00:00,10715.1871
2025-05-20 04:15:00+00:00,10715.1871
2025-05-20 04:30:00+00:00,10715.1871
2025-05-20 04:45:00+00:00,10715.1871
2025-05-20 05:00:00+00:00,10715.1871
2025-05-20 05:15:00+00:00,10715.1871
2025-05-20 05:30:00+00:00,10715.1871
2025-05-20 05:45:00+00:00,10715.1871
2025-05-20 06:00:00+00:00,10715.1871
2025-05-20 06:15:00+00:00,10715.1871
2025-05-20 06:30:00+00:00,10715.1871
2025-05-20 06:45:00+00:00,10715.1871
2025-05-20 07:00:00+00:00,10715.1871
2025-05-20 07:15:00+00:00,10715.1871
2025-05-20 07:30:00+00:00,10715.1871
2025-05-20 07:45:00+00:00,10715.1871
2025-05-20 08:00:00+00:00,10715.1871
2025-05-20 08:15:00+00:00,10715.1871
2025-05-20 08:30:00+00:00,10715.1871
2025-05-20 08:45:00+00:00,10715.1871
2025-05-20 09:00:00+00:00,10715.1871
2025-05-20 09:15:00+00:00,10715.1871
2025-05-20 09:30:00+00:00,10715.1871
2025-05-20 09:45:00+00:00,10608.0352
2025-05-20 10:00:00+00:00,10608.0352
2025-05-20 10:15:00+00:00,10608.0352
2025-05-20 10:30:00+00:00,10608.0352
2025-05-20 10:45:00+00:00,10608.0352
2025-05-20 11:00:00+00:00,10608.0352
2025-05-20 11:15:00+00:00,10608.0352
2025-05-20 11:30:00+00:00,10608.0352
2025-05-20 11:45:00+00:00,10608.0352
2025-05-20 12:00:00+00:00,10608.0352
2025-05-20 12:15:00+00:00,10608.0352
2025-05-20 12:30:00+00:00,10608.0352
2025-05-20 12:45:00+00:00,10608.0352
2025-05-20 13:00:00+00:00,10608.0352
2025-05-20 13:15:00+00:00,10608.0352
2025-05-20 13:30:00+00:00,10608.0352
2025-05-20 13:45:00+00:00,10608.0352
2025-05-20 14:00:00+00:00,10608.0352
2025-05-20 14:15:00+00:00,10608.0352
2025-05-20 14:30:00+00:00,10608.0352
2025-05-20 14:45:00+00:00,10608.0352
2025-05-20 15:00:00+00:00,10608.0352
2025-05-20 15:15:00+00:00,10608.0352
2025-05-20 15:30:00+00:00,10608.0352
2025-05-20 15:45:00+00:00,10608.0352
2025-05-20 16:00:00+00:00,10608.0352
2025-05-20 16:15:00+00:00,10608.0352
2025-05-20 16:30:00+00:00,10608.0352
2025-05-20 16:45:00+00:00,10608.0352
2025-05-20 17:00:00+00:00,10608.0352
2025-05-20 17:15:00+00:00,10608.0352
2025-05-20 17:30:00+00:00,10608.0352
2025-05-20 17:45:00+00:00,10608.0352
2025-05-20 18:00:00+00:00,10608.0352
2025-05-20 18:15:00+00:00,10608.0352
2025-05-20 18:30:00+00:00,10608.0352
2025-05-20 18:45:00+00:00,10608.0352
2025-05-20 19:00:00+00:00,10608.0352
2025-05-20 19:15:00+00:00,10608.0352
2025-05-20 19:30:00+00:00,10608.0352
2025-05-20 19:45:00+00:00,10820.196
2025-05-20 20:00:00+00:00,10820.196
2025-05-20 20:15:00+00:00,10820.196
2025-05-20 20:30:00+00:00,10820.196
2025-05-20 20:45:00+00:00,10820.196
2025-05-20 21:00:00+00:00,10820.196
2025-05-20 21:15:00+00:00,10820.196
2025-05-20 21:30:00+00:00,10820.196
2025-05-20 21:45:00+00:00,10820.196
2025-05-20 22:00:00+00:00,10820.196
2025-05-20 22:15:00+00:00,10820.196
2025-05-20 22:30:00+00:00,10820.196
2025-05-20 22:45:00+00:00,10820.196
2025-05-20 23:00:00+00:00,10820.196
2025-05-20 23:15:00+00:00,10820.196
2025-05-20 23:30:00+00:00,10820.196
2025-05-20 23:45:00+00:00,10820.196
2025-05-21 00:00:00+00:00,10820.196
2025-05-21 00:15:00+00:00,10820.196
2025-05-21 00:30:00+00:00,10820.196
2025-05-21 00:45:00+00:00,10820.196
2025-05-21 01:00:00+00:00,10820.196
2025-05-21 01:15:00+00:00,10820.196
2025-05-21 01:30:00+00:00,10820.196
2025-05-21 01:45:00+00:00,10820.196
2025-05-21 02:00:00+00:00,10820.196
2025-05-21 02:15:00+00:00,10820.196
2025-05-21 02:30:00+00:00,10820.196
2025-05-21 02:45:00+00:00,10820.196
2025-05-21 03:00:00+00:00,10820.196
2025-05-21 03:15:00+00:00,10820.196
2025-05-21 03:30:00+00:00,10820.196
2025-05-21 03:45:00+00:00,10820.196
2025-05-21 04:00:00+00:00,10820.196
2025-05-21 04:15:00+00:00,10820.196
2025-05-21 04:30:00+00:00,10820.196
2025-05-21 04:45:00+00:00,10820.196
2025-05-21 05:00:00+00:00,10820.196
2025-05-21 05:15:00+00:00,10820.196
2025-05-21 05:30:00+00:00,10820.196
2025-05-21 05:45:00+00:00,10820.196
2025-05-21 06:00:00+00:00,10820.196
2025-05-21 06:15:00+00:00,10820.196
2025-05-21 06:30:00+00:00,10820.196
2025-05-21 06:45:00+00:00,10820.196
2025-05-21 07:00:00+00:00,10820.196
2025-05-21 07:15:00+00:00,10820.196
2025-05-21 07:30:00+00:00,10820.196
2025-05-21 07:45:00+00:00,10820.196
2025-05-21 08:00:00+00:00,10820.196
2025-05-21 08:15:00+00:00,10711.994
2025-05-21 08:30:00+00:00,10711.994
2025-05-21 08:45:00+00:00,10711.994
2025-05-21 09:00:00+00:00,10711.994
2025-05-21 09:15:00+00:00,10711.994
2025-05-21 09:30:00+00:00,10711.994
2025-05-21 09:45:00+00:00,10711.994
2025-05-21 10:00:00+00:00,10711.994
2025-05-21 10:15:00+00:00,10711.994
2025-05-21 10:30:00+00:00,10711.994
2025-05-21 10:45:00+00:00,10711.994
2025-05-21 11:00:00+00:00,10711.994
2025-05-21 11:15:00+00:00,10711.994
2025-05-21 11:30:00+00:00,10711.994
2025-05-21 11:45:00+00:00,10711.994
2025-05-21 12:00:00+00:00,10711.994
2025-05-21 12:15:00+00:00,10711.994
2025-05-21 12:30:00+00:00,10711.994
2025-05-21 12:45:00+00:00,10711.994
2025-05-21 13:00:00+00:00,10711.994
2025-05-21 13:15:00+00:00,10711.994
2025-05-21 13:30:00+00:00,10926.2339
2025-05-21 13:45:00+00:00,10926.2339
2025-05-21 14:00:00+00:00,10926.2339
2025-05-21 14:15:00+00:00,10926.2339
2025-05-21 14:30:00+00:00,10926.2339
2025-05-21 14:45:00+00:00,10926.2339
2025-05-21 15:00:00+00:00,10926.2339
2025-05-21 15:15:00+00:00,10926.2339
2025-05-21 15:30:00+00:00,10926.2339
2025-05-21 15:45:00+00:00,10926.2339
2025-05-21 16:00:00+00:00,10926.2339
2025-05-21 16:15:00+00:00,10926.2339
2025-05-21 16:30:00+00:00,10926.2339
2025-05-21 16:45:00+00:00,10926.2339
2025-05-21 17:00:00+00:00,10926.2339
2025-05-21 17:15:00+00:00,10816.9715
2025-05-21 17:30:00+00:00,10816.9715
2025-05-21 17:45:00+00:00,10816.9715
2025-05-21 18:00:00+00:00,10816.9715
2025-05-21 18:15:00+00:00,10816.9715
2025-05-21 18:30:00+00:00,10816.9715
2025-05-21 18:45:00+00:00,10816.9715
2025-05-21 19:00:00+00:00,10816.9715
2025-05-21 19:15:00+00:00,10816.9715
2025-05-21 19:30:00+00:00,10816.9715
2025-05-21 19:45:00+00:00,10816.9715
2025-05-21 20:00:00+00:00,10816.9715
2025-05-21 20:15:00+00:00,10816.9715
2025-05-21 20:30:00+00:00,10816.9715
2025-05-21 20:45:00+00:00,10816.9715
2025-05-21 21:00:00+00:00,10816.9715
2025-05-21 21:15:00+00:00,10816.9715
2025-05-21 21:30:00+00:00,10816.9715
2025-05-21 21:45:00+00:00,10816.9715
2025-05-21 22:00:00+00:00,10816.9715
2025-05-21 22:15:00+00:00,10816.9715
2025-05-21 22:30:00+00:00,10816.9715
2025-05-21 22:45:00+00:00,10816.9715
2025-05-21 23:00:00+00:00,10816.9715
2025-05-21 23:15:00+00:00,11033.311
2025-05-21 23:30:00+00:00,11033.311
2025-05-21 23:45:00+00:00,11033.311
2025-05-22 00:00:00+00:00,11033.311
2025-05-22 00:15:00+00:00,11033.311
2025-05-22 00:30:00+00:00,11033.311
2025-05-22 00:45:00+00:00,11033.311
2025-05-22 01:00:00+00:00,11033.311
2025-05-22 01:15:00+00:00,11033.311
2025-05-22 01:30:00+00:00,11033.311
2025-05-22 01:45:00+00:00,11033.311
2025-05-22 02:00:00+00:00,11033.311
2025-05-22 02:15:00+00:00,11033.311
2025-05-22 02:30:00+00:00,11033.311
2025-05-22 02:45:00+00:00,11033.311
2025-05-22 03:00:00+00:00,11033.311
2025-05-22 03:15:00+00:00,11033.311
2025-05-22 03:30:00+00:00,11033.311
2025-05-22 03:45:00+00:00,11033.311
2025-05-22 04:00:00+00:00,11033.311
2025-05-22 04:15:00+00:00,11033.311
2025-05-22 04:30:00+00:00,11033.311
2025-05-22 04:45:00+00:00,11033.311
2025-05-22 05:00:00+00:00,11033.311
2025-05-22 05:15:00+00:00,11033.311
2025-05-22 05:30:00+00:00,11033.311
2025-05-22 05:45:00+00:00,11033.311
2025-05-22 06:00:00+00:00,11033.311
2025-05-22 06:15:00+00:00,11033.311
2025-05-22 06:30:00+00:00,11033.311
2025-05-22 06:45:00+00:00,11033.311
2025-05-22 07:00:00+00:00,11033.311
2025-05-22 07:15:00+00:00,11033.311
2025-05-22 07:30:00+00:00,11033.311
2025-05-22 07:45:00+00:00,11033.311
2025-05-22 08:00:00+00:00,11033.311
2025-05-22 08:15:00+00:00,11033.311
2025-05-22 08:30:00+00:00,11033.311
2025-05-22 08:45:00+00:00,11033.311
2025-05-22 09:00:00+00:00,11033.311
2025-05-22 09:15:00+00:00,11033.311
2025-05-22 09:30:00+00:00,11033.311
2025-05-22 09:45:00+00:00,11033.311
2025-05-22 10:00:00+00:00,11033.311
2025-05-22 10:15:00+00:00,11033.311
2025-05-22 10:30:00+00:00,11033.311
2025-05-22 10:45:00+00:00,11033.311
2025-05-22 11:00:00+00:00,11033.311
2025-05-22 11:15:00+00:00,11033.311
2025-05-22 11:30:00+00:00,11033.311
2025-05-22 11:45:00+00:00,11033.311
2025-05-22 12:00:00+00:00,11033.311
2025-05-22 12:15:00+00:00,11033.311
2025-05-22 12:30:00+00:00,11033.311
2025-05-22 12:45:00+00:00,11033.311
2025-05-22 13:00:00+00:00,11033.311
2025-05-22 13:15:00+00:00,11033.311
2025-05-22 13:30:00+00:00,11033.311
2025-05-22 13:45:00+00:00,11033.311
2025-05-22 14:00:00+00:00,11033.311
2025-05-22 14:15:00+00:00,11033.311
2025-05-22 14:30:00+00:00,11033.311
2025-05-22 14:45:00+00:00,11033.311
2025-05-22 15:00:00+00:00,11033.311
2025-05-22 15:15:00+00:00,11033.311
2025-05-22 15:30:00+00:00,11033.311
2025-05-22 15:45:00+00:00,11033.311
2025-05-22 16:00:00+00:00,11033.311
2025-05-22 16:15:00+00:00,11033.311
2025-05-22 16:30:00+00:00,11033.311
2025-05-22 16:45:00+00:00,11033.311
2025-05-22 17:00:00+00:00,11033.311
2025-05-22 17:15:00+00:00,11033.311
2025-05-22 17:30:00+00:00,11033.311
2025-05-22 17:45:00+00:00,11033.311
2025-05-22 18:00:00+00:00,11033.311
2025-05-22 18:15:00+00:00,11033.311
2025-05-22 18:30:00+00:00,11033.311
2025-05-22 18:45:00+00:00,11033.311
2025-05-22 19:00:00+00:00,11033.311
2025-05-22 19:15:00+00:00,11033.311
2025-05-22 19:30:00+00:00,11033.311
2025-05-22 19:45:00+00:00,11033.311
2025-05-22 20:00:00+00:00,11033.311
2025-05-22 20:15:00+00:00,11033.311
2025-05-22 20:30:00+00:00,11033.311
2025-05-22 20:45:00+00:00,11033.311
2025-05-22 21:00:00+00:00,11033.311
2025-05-22 21:15:00+00:00,11033.311
2025-05-22 21:30:00+00:00,11033.311
2025-05-22 21:45:00+00:00,10922.9779
2025-05-22 22:00:00+00:00,10922.9779
2025-05-22 22:15:00+00:00,10922.9779
2025-05-22 22:30:00+00:00,10922.9779
2025-05-22 22:45:00+00:00,10922.9779
2025-05-22 23:00:00+00:00,10922.9779
2025-05-22 23:15:00+00:00,10922.9779
2025-05-22 23:30:00+00:00,10922.9779
2025-05-22 23:45:00+00:00,11141.4374
2025-05-23 00:00:00+00:00,11141.4374
2025-05-23 00:15:00+00:00,11141.4374
2025-05-23 00:30:00+00:00,11141.4374
2025-05-23 00:45:00+00:00,11141.4374
2025-05-23 01:00:00+00:00,11141.4374
2025-05-23 01:15:00+00:00,11141.4374
2025-05-23 01:30:00+00:00,11141.4374
2025-05-23 01:45:00+00:00,11141.4374
2025-05-23 02:00:00+00:00,11141.4374
2025-05-23 02:15:00+00:00,11141.4374
2025-05-23 02:30:00+00:00,11141.4374
2025-05-23 02:45:00+00:00,11141.4374
2025-05-23 03:00:00+00:00,11141.4374
2025-05-23 03:15:00+00:00,11141.4374
2025-05-23 03:30:00+00:00,11141.4374
2025-05-23 03:45:00+00:00,11141.4374
2025-05-23 04:00:00+00:00,11141.4374
2025-05-23 04:15:00+00:00,11030.023
2025-05-23 04:30:00+00:00,11030.023
2025-05-23 04:45:00+00:00,11030.023
2025-05-23 05:00:00+00:00,11030.023
2025-05-23 05:15:00+00:00,11030.023
2025-05-23 05:30:00+00:00,11030.023
2025-05-23 05:45:00+00:00,11030.023
2025-05-23 06:00:00+00:00,10919.7228
2025-05-23 06:15:00+00:00,10919.7228
2025-05-23 06:30:00+00:00,10919.7228
2025-05-23 06:45:00+00:00,10919.7228
2025-05-23 07:00:00+00:00,10919.7228
2025-05-23 07:15:00+00:00,10919.7228
2025-05-23 07:30:00+00:00,10919.7228
2025-05-23 07:45:00+00:00,10919.7228
2025-05-23 08:00:00+00:00,10919.7228
2025-05-23 08:15:00+00:00,10919.7228
2025-05-23 08:30:00+00:00,10919.7228
2025-05-23 08:45:00+00:00,10919.7228
2025-05-23 09:00:00+00:00,10919.7228
2025-05-23 09:15:00+00:00,10919.7228
2025-05-23 09:30:00+00:00,10919.7228
2025-05-23 09:45:00+00:00,10919.7228
2025-05-23 10:00:00+00:00,10919.7228
2025-05-23 10:15:00+00:00,10919.7228
2025-05-23 10:30:00+00:00,10919.7228
2025-05-23 10:45:00+00:00,10919.7228
2025-05-23 11:00:00+00:00,10919.7228
2025-05-23 11:15:00+00:00,10919.7228
2025-05-23 11:30:00+00:00,10919.7228
2025-05-23 11:45:00+00:00,11138.1173
2025-05-23 12:00:00+00:00,11138.1173
2025-05-23 12:15:00+00:00,11138.1173
2025-05-23 12:30:00+00:00,11138.1173
2025-05-23 12:45:00+00:00,11138.1173
2025-05-23 13:00:00+00:00,11138.1173
2025-05-23 13:15:00+00:00,11138.1173
2025-05-23 13:30:00+00:00,11026.7361
2025-05-23 13:45:00+00:00,11026.7361
2025-05-23 14:00:00+00:00,11026.7361
2025-05-23 14:15:00+00:00,11026.7361
2025-05-23 14:30:00+00:00,11026.7361
2025-05-23 14:45:00+00:00,11026.7361
2025-05-23 15:00:00+00:00,11026.7361
2025-05-23 15:15:00+00:00,11026.7361
2025-05-23 15:30:00+00:00,11026.7361
2025-05-23 15:45:00+00:00,11026.7361
2025-05-23 16:00:00+00:00,11026.7361
2025-05-23 16:15:00+00:00,11026.7361
2025-05-23 16:30:00+00:00,11026.7361
2025-05-23 16:45:00+00:00,11026.7361
2025-05-23 17:00:00+00:00,11026.7361
2025-05-23 17:15:00+00:00,11026.7361
2025-05-23 17:30:00+00:00,11026.7361
2025-05-23 17:45:00+00:00,11026.7361
2025-05-23 18:00:00+00:00,11026.7361
2025-05-23 18:15:00+00:00,11026.7361
2025-05-23 18:30:00+00:00,11026.7361
2025-05-23 18:45:00+00:00,11026.7361
2025-05-23 19:00:00+00:00,11026.7361
2025-05-23 19:15:00+00:00,11026.7361
2025-05-23 19:30:00+00:00,11026.7361
2025-05-23 19:45:00+00:00,11026.7361
2025-05-23 20:00:00+00:00,11026.7361
2025-05-23 20:15:00+00:00,11026.7361
2025-05-23 20:30:00+00:00,11026.7361
2025-05-23 20:45:00+00:00,11026.7361
2025-05-23 21:00:00+00:00,11026.7361
2025-05-23 21:15:00+00:00,11026.7361
2025-05-23 21:30:00+00:00,11026.7361
2025-05-23 21:45:00+00:00,11026.7361
2025-05-23 22:00:00+00:00,11026.7361
2025-05-23 22:15:00+00:00,11026.7361
2025-05-23 22:30:00+00:00,11026.7361
2025-05-23 22:45:00+00:00,11026.7361
2025-05-23 23:00:00+00:00,11026.7361
2025-05-23 23:15:00+00:00,11026.7361
2025-05-23 23:30:00+00:00,11026.7361
2025-05-23 23:45:00+00:00,11026.7361
2025-05-24 00:00:00+00:00,11026.7361
2025-05-24 00:15:00+00:00,11026.7361
2025-05-24 00:30:00+00:00,11026.7361
2025-05-24 00:45:00+00:00,11026.7361
2025-05-24 01:00:00+00:00,11026.7361
2025-05-24 01:15:00+00:00,11026.7361
2025-05-24 01:30:00+00:00,11026.7361
2025-05-24 01:45:00+00:00,11026.7361
2025-05-24 02:00:00+00:00,11026.7361
2025-05-24 02:15:00+00:00,11026.7361
2025-05-24 02:30:00+00:00,11026.7361
2025-05-24 02:45:00+00:00,11026.7361
2025-05-24 03:00:00+00:00,11026.7361
2025-05-24 03:15:00+00:00,11026.7361
2025-05-24 03:30:00+00:00,11026.7361
2025-05-24 03:45:00+00:00,11026.7361
2025-05-24 04:00:00+00:00,11026.7361
2025-05-24 04:15:00+00:00,11026.7361
2025-05-24 04:30:00+00:00,11026.7361
2025-05-24 04:45:00+00:00,11026.7361
2025-05-24 05:00:00+00:00,11026.7361
2025-05-24 05:15:00+00:00,11026.7361
2025-05-24 05:30:00+00:00,11026.7361
2025-05-24 05:45:00+00:00,11026.7361
2025-05-24 06:00:00+00:00,11026.7361
2025-05-24 06:15:00+00:00,11026.7361
2025-05-24 06:30:00+00:00,11026.7361
2025-05-24 06:45:00+00:00,11026.7361
2025-05-24 07:00:00+00:00,11026.7361
2025-05-24 07:15:00+00:00,11026.7361
2025-05-24 07:30:00+00:00,11026.7361
2025-05-24 07:45:00+00:00,11026.7361
2025-05-24 08:00:00+00:00,11026.7361
2025-05-24 08:15:00+00:00,11026.7361
2025-05-24 08:30:00+00:00,11026.7361
2025-05-24 08:45:00+00:00,11026.7361
2025-05-24 09:00:00+00:00,11026.7361
2025-05-24 09:15:00+00:00,11026.7361
2025-05-24 09:30:00+00:00,11026.7361
2025-05-24 09:45:00+00:00,11026.7361
2025-05-24 10:00:00+00:00,11026.7361
2025-05-24 10:15:00+00:00,11026.7361
2025-05-24 10:30:00+00:00,11026.7361
2025-05-24 10:45:00+00:00,11026.7361
2025-05-24 11:00:00+00:00,11026.7361
2025-05-24 11:15:00+00:00,11026.7361
2025-05-24 11:30:00+00:00,11026.7361
2025-05-24 11:45:00+00:00,11026.7361
2025-05-24 12:00:00+00:00,11026.7361
2025-05-24 12:15:00+00:00,11026.7361
2025-05-24 12:30:00+00:00,11026.7361
2025-05-24 12:45:00+00:00,11026.7361
2025-05-24 13:00:00+00:00,11026.7361
2025-05-24 13:15:00+00:00,11026.7361
2025-05-24 13:30:00+00:00,11026.7361
2025-05-24 13:45:00+00:00,11026.7361
2025-05-24 14:00:00+00:00,11026.7361
2025-05-24 14:15:00+00:00,11026.7361
2025-05-24 14:30:00+00:00,11026.7361
2025-05-24 14:45:00+00:00,11026.7361
2025-05-24 15:00:00+00:00,11026.7361
2025-05-24 15:15:00+00:00,11026.7361
2025-05-24 15:30:00+00:00,11026.7361
2025-05-24 15:45:00+00:00,11026.7361
2025-05-24 16:00:00+00:00,11026.7361
2025-05-24 16:15:00+00:00,11026.7361
2025-05-24 16:30:00+00:00,11026.7361
2025-05-24 16:45:00+00:00,11026.7361
2025-05-24 17:00:00+00:00,11026.7361
2025-05-24 17:15:00+00:00,11026.7361
2025-05-24 17:30:00+00:00,11026.7361
2025-05-24 17:45:00+00:00,11026.7361
2025-05-24 18:00:00+00:00,11026.7361
2025-05-24 18:15:00+00:00,11026.7361
2025-05-24 18:30:00+00:00,11026.7361
2025-05-24 18:45:00+00:00,11026.7361
2025-05-24 19:00:00+00:00,11026.7361
2025-05-24 19:15:00+00:00,11026.7361
2025-05-24 19:30:00+00:00,11026.7361
2025-05-24 19:45:00+00:00,11026.7361
2025-05-24 20:00:00+00:00,11026.7361
2025-05-24 20:15:00+00:00,11026.7361
2025-05-24 20:30:00+00:00,11026.7361
2025-05-24 20:45:00+00:00,11026.7361
2025-05-24 21:00:00+00:00,11026.7361
2025-05-24 21:15:00+00:00,11026.7361
2025-05-24 21:30:00+00:00,11026.7361
2025-05-24 21:45:00+00:00,11026.7361
2025-05-24 22:00:00+00:00,11026.7361
2025-05-24 22:15:00+00:00,11026.7361
2025-05-24 22:30:00+00:00,11026.7361
2025-05-24 22:45:00+00:00,11026.7361
2025-05-24 23:00:00+00:00,11026.7361
2025-05-24 23:15:00+00:00,11026.7361
2025-05-24 23:30:00+00:00,11026.7361
2025-05-24 23:45:00+00:00,11026.7361
2025-05-25 00:00:00+00:00,11026.7361
2025-05-25 00:15:00+00:00,11026.7361
2025-05-25 00:30:00+00:00,11026.7361
2025-05-25 00:45:00+00:00,11026.7361
2025-05-25 01:00:00+00:00,11026.7361
2025-05-25 01:15:00+00:00,11026.7361
2025-05-25 01:30:00+00:00,11026.7361
2025-05-25 01:45:00+00:00,11026.7361
2025-05-25 02:00:00+00:00,11026.7361
2025-05-25 02:15:00+00:00,11026.7361
2025-05-25 02:30:00+00:00,11026.7361
2025-05-25 02:45:00+00:00,11026.7361
2025-05-25 03:00:00+00:00,10916.4687
2025-05-25 03:15:00+00:00,10916.4687
2025-05-25 03:30:00+00:00,10916.4687
2025-05-25 03:45:00+00:00,10916.4687
2025-05-25 04:00:00+00:00,10916.4687
2025-05-25 04:15:00+00:00,10916.4687
2025-05-25 04:30:00+00:00,10807.304
2025-05-25 04:45:00+00:00,10807.304
2025-05-25 05:00:00+00:00,10807.304
2025-05-25 05:15:00+00:00,10807.304
2025-05-25 05:30:00+00:00,10807.304
2025-05-25 05:45:00+00:00,10807.304
2025-05-25 06:00:00+00:00,10807.304
2025-05-25 06:15:00+00:00,10807.304
2025-05-25 06:30:00+00:00,10807.304
2025-05-25 06:45:00+00:00,11023.4501
2025-05-25 07:00:00+00:00,11023.4501
2025-05-25 07:15:00+00:00,11023.4501
2025-05-25 07:30:00+00:00,11023.4501
2025-05-25 07:45:00+00:00,11023.4501
2025-05-25 08:00:00+00:00,11023.4501
2025-05-25 08:15:00+00:00,11023.4501
2025-05-25 08:30:00+00:00,11243.9191
2025-05-25 08:45:00+00:00,11243.9191
2025-05-25 09:00:00+00:00,11243.9191
2025-05-25 09:15:00+00:00,11243.9191
2025-05-25 09:30:00+00:00,11243.9191
2025-05-25 09:45:00+00:00,11243.9191
2025-05-25 10:00:00+00:00,11243.9191
2025-05-25 10:15:00+00:00,11243.9191
2025-05-25 10:30:00+00:00,11243.9191
2025-05-25 10:45:00+00:00,11243.9191
2025-05-25 11:00:00+00:00,11243.9191
2025-05-25 11:15:00+00:00,11243.9191
2025-05-25 11:30:00+00:00,11243.9191
2025-05-25 11:45:00+00:00,11243.9191
2025-05-25 12:00:00+00:00,11243.9191
2025-05-25 12:15:00+00:00,11243.9191
2025-05-25 12:30:00+00:00,11243.9191
2025-05-25 12:45:00+00:00,11243.9191
2025-05-25 13:00:00+00:00,11243.9191
2025-05-25 13:15:00+00:00,11243.9191
2025-05-25 13:30:00+00:00,11243.9191
2025-05-25 13:45:00+00:00,11243.9191
2025-05-25 14:00:00+00:00,11243.9191
2025-05-25 14:15:00+00:00,11243.9191
2025-05-25 14:30:00+00:00,11243.9191
2025-05-25 14:45:00+00:00,11243.9191
2025-05-25 15:00:00+00:00,11243.9191
2025-05-25 15:15:00+00:00,11243.9191
2025-05-25 15:30:00+00:00,11243.9191
2025-05-25 15:45:00+00:00,11243.9191
2025-05-25 16:00:00+00:00,11243.9191
2025-05-25 16:15:00+00:00,11243.9191
2025-05-25 16:30:00+00:00,11243.9191
2025-05-25 16:45:00+00:00,11243.9191
2025-05-25 17:00:00+00:00,11243.9191
2025-05-25 17:15:00+00:00,11243.9191
2025-05-25 17:30:00+00:00,11243.9191
2025-05-25 17:45:00+00:00,11243.9191
2025-05-25 18:00:00+00:00,11243.9191
2025-05-25 18:15:00+00:00,11243.9191
2025-05-25 18:30:00+00:00,11243.9191
2025-05-25 18:45:00+00:00,11243.9191
2025-05-25 19:00:00+00:00,11243.9191
2025-05-25 19:15:00+00:00,11243.9191
2025-05-25 19:30:00+00:00,11131.4799
2025-05-25 19:45:00+00:00,11131.4799
2025-05-25 20:00:00+00:00,11131.4799
2025-05-25 20:15:00+00:00,11131.4799
2025-05-25 20:30:00+00:00,11131.4799
2025-05-25 20:45:00+00:00,11131.4799
2025-05-25 21:00:00+00:00,11020.1651
2025-05-25 21:15:00+00:00,11020.1651
2025-05-25 21:30:00+00:00,11020.1651
2025-05-25 21:45:00+00:00,11020.1651
2025-05-25 22:00:00+00:00,10909.9635
2025-05-25 22:15:00+00:00,10909.9635
2025-05-25 22:30:00+00:00,10909.9635
2025-05-25 22:45:00+00:00,10909.9635
2025-05-25 23:00:00+00:00,10909.9635
2025-05-25 23:15:00+00:00,10909.9635
2025-05-25 23:30:00+00:00,10909.9635
2025-05-25 23:45:00+00:00,10909.9635
2025-05-26 00:00:00+00:00,10909.9635
2025-05-26 00:15:00+00:00,10909.9635
2025-05-26 00:30:00+00:00,10909.9635
2025-05-26 00:45:00+00:00,10909.9635
2025-05-26 01:00:00+00:00,10909.9635
2025-05-26 01:15:00+00:00,10909.9635
2025-05-26 01:30:00+00:00,10909.9635
2025-05-26 01:45:00+00:00,10909.9635
2025-05-26 02:00:00+00:00,10909.9635
2025-05-26 02:15:00+00:00,10909.9635
2025-05-26 02:30:00+00:00,10909.9635
2025-05-26 02:45:00+00:00,10909.9635
2025-05-26 03:00:00+00:00,10909.9635
2025-05-26 03:15:00+00:00,10909.9635
2025-05-26 03:30:00+00:00,10909.9635
2025-05-26 03:45:00+00:00,10909.9635
2025-05-26 04:00:00+00:00,10909.9635
2025-05-26 04:15:00+00:00,10909.9635
2025-05-26 04:30:00+00:00,10909.9635
2025-05-26 04:45:00+00:00,10909.9635
2025-05-26 05:00:00+00:00,10909.9635
2025-05-26 05:15:00+00:00,10909.9635
2025-05-26 05:30:00+00:00,10909.9635
2025-05-26 05:45:00+00:00,10909.9635
2025-05-26 06:00:00+00:00,10909.9635
2025-05-26 06:15:00+00:00,10909.9635
2025-05-26 06:30:00+00:00,10909.9635
2025-05-26 06:45:00+00:00,10909.9635
2025-05-26 07:00:00+00:00,10909.9635
2025-05-26 07:15:00+00:00,10909.9635
2025-05-26 07:30:00+00:00,10909.9635
2025-05-26 07:45:00+00:00,10909.9635
2025-05-26 08:00:00+00:00,10909.9635
2025-05-26 08:15:00+00:00,10909.9635
2025-05-26 08:30:00+00:00,10909.9635
2025-05-26 08:45:00+00:00,10909.9635
2025-05-26 09:00:00+00:00,10909.9635
2025-05-26 09:15:00+00:00,10909.9635
2025-05-26 09:30:00+00:00,10909.9635
2025-05-26 09:45:00+00:00,10909.9635
2025-05-26 10:00:00+00:00,10909.9635
2025-05-26 10:15:00+00:00,10909.9635
2025-05-26 10:30:00+00:00,10909.9635
2025-05-26 10:45:00+00:00,10909.9635
2025-05-26 11:00:00+00:00,10909.9635
2025-05-26 11:15:00+00:00,10909.9635
2025-05-26 11:30:00+00:00,10909.9635
2025-05-26 11:45:00+00:00,10909.9635
2025-05-26 12:00:00+00:00,10909.9635
2025-05-26 12:15:00+00:00,10909.9635
2025-05-26 12:30:00+00:00,10909.9635
2025-05-26 12:45:00+00:00,10909.9635
2025-05-26 13:00:00+00:00,10909.9635
2025-05-26 13:15:00+00:00,10909.9635
2025-05-26 13:30:00+00:00,10909.9635
2025-05-26 13:45:00+00:00,10909.9635
2025-05-26 14:00:00+00:00,10909.9635
2025-05-26 14:15:00+00:00,10909.9635
2025-05-26 14:30:00+00:00,10909.9635
2025-05-26 14:45:00+00:00,10909.9635
2025-05-26 15:00:00+00:00,10909.9635
2025-05-26 15:15:00+00:00,10909.9635
2025-05-26 15:30:00+00:00,11128.1628
2025-05-26 15:45:00+00:00,11128.1628
2025-05-26 16:00:00+00:00,11128.1628
2025-05-26 16:15:00+00:00,11128.1628
2025-05-26 16:30:00+00:00,11128.1628
2025-05-26 16:45:00+00:00,11128.1628
2025-05-26 17:00:00+00:00,11128.1628
2025-05-26 17:15:00+00:00,11128.1628
2025-05-26 17:30:00+00:00,11128.1628
2025-05-26 17:45:00+00:00,11128.1628
2025-05-26 18:00:00+00:00,11128.1628
2025-05-26 18:15:00+00:00,11128.1628
2025-05-26 18:30:00+00:00,11128.1628
2025-05-26 18:45:00+00:00,11128.1628
2025-05-26 19:00:00+00:00,11128.1628
2025-05-26 19:15:00+00:00,11128.1628
2025-05-26 19:30:00+00:00,11128.1628
2025-05-26 19:45:00+00:00,11128.1628
2025-05-26 20:00:00+00:00,11128.1628
2025-05-26 20:15:00+00:00,11128.1628
2025-05-26 20:30:00+00:00,11128.1628
2025-05-26 20:45:00+00:00,11128.1628
2025-05-26 21:00:00+00:00,11016.8811
2025-05-26 21:15:00+00:00,11016.8811
2025-05-26 21:30:00+00:00,11016.8811
2025-05-26 21:45:00+00:00,11016.8811
2025-05-26 22:00:00+00:00,11016.8811
2025-05-26 22:15:00+00:00,11016.8811
2025-05-26 22:30:00+00:00,11016.8811
2025-05-26 22:45:00+00:00,11016.8811
2025-05-26 23:00:00+00:00,11016.8811
2025-05-26 23:15:00+00:00,11016.8811
2025-05-26 23:30:00+00:00,11016.8811
2025-05-26 23:45:00+00:00,11016.8811
2025-05-27 00:00:00+00:00,11016.8811
2025-05-27 00:15:00+00:00,11016.8811
2025-05-27 00:30:00+00:00,11016.8811
2025-05-27 00:45:00+00:00,11016.8811
2025-05-27 01:00:00+00:00,11016.8811
2025-05-27 01:15:00+00:00,11016.8811
2025-05-27 01:30:00+00:00,11016.8811
2025-05-27 01:45:00+00:00,11016.8811
2025-05-27 02:00:00+00:00,11016.8811
2025-05-27 02:15:00+00:00,11016.8811
2025-05-27 02:30:00+00:00,11016.8811
2025-05-27 02:45:00+00:00,11016.8811
2025-05-27 03:00:00+00:00,11016.8811
2025-05-27 03:15:00+00:00,11016.8811
2025-05-27 03:30:00+00:00,11016.8811
2025-05-27 03:45:00+00:00,11016.8811
2025-05-27 04:00:00+00:00,11016.8811
2025-05-27 04:15:00+00:00,11016.8811
2025-05-27 04:30:00+00:00,11016.8811
2025-05-27 04:45:00+00:00,11016.8811
2025-05-27 05:00:00+00:00,11016.8811
2025-05-27 05:15:00+00:00,11016.8811
2025-05-27 05:30:00+00:00,11016.8811
2025-05-27 05:45:00+00:00,11016.8811
2025-05-27 06:00:00+00:00,11016.8811
2025-05-27 06:15:00+00:00,11016.8811
2025-05-27 06:30:00+00:00,11016.8811
2025-05-27 06:45:00+00:00,11016.8811
2025-05-27 07:00:00+00:00,11016.8811
2025-05-27 07:15:00+00:00,11016.8811
2025-05-27 07:30:00+00:00,11016.8811
2025-05-27 07:45:00+00:00,11016.8811
2025-05-27 08:00:00+00:00,11016.8811
2025-05-27 08:15:00+00:00,11016.8811
2025-05-27 08:30:00+00:00,11016.8811
2025-05-27 08:45:00+00:00,11016.8811
2025-05-27 09:00:00+00:00,11016.8811
2025-05-27 09:15:00+00:00,11016.8811
2025-05-27 09:30:00+00:00,11016.8811
2025-05-27 09:45:00+00:00,11016.8811
2025-05-27 10:00:00+00:00,11016.8811
2025-05-27 10:15:00+00:00,11016.8811
2025-05-27 10:30:00+00:00,11016.8811
2025-05-27 10:45:00+00:00,11016.8811
2025-05-27 11:00:00+00:00,11016.8811
2025-05-27 11:15:00+00:00,11016.8811
2025-05-27 11:30:00+00:00,11016.8811
2025-05-27 11:45:00+00:00,11016.8811
2025-05-27 12:00:00+00:00,11016.8811
2025-05-27 12:15:00+00:00,11016.8811
2025-05-27 12:30:00+00:00,11016.8811
2025-05-27 12:45:00+00:00,11016.8811
2025-05-27 13:00:00+00:00,11016.8811
2025-05-27 13:15:00+00:00,11016.8811
2025-05-27 13:30:00+00:00,11016.8811
2025-05-27 13:45:00+00:00,11016.8811
2025-05-27 14:00:00+00:00,11016.8811
2025-05-27 14:15:00+00:00,10906.7123
2025-05-27 14:30:00+00:00,10906.7123
2025-05-27 14:45:00+00:00,10906.7123
2025-05-27 15:00:00+00:00,10906.7123
2025-05-27 15:15:00+00:00,10906.7123
2025-05-27 15:30:00+00:00,10906.7123
2025-05-27 15:45:00+00:00,10906.7123
2025-05-27 16:00:00+00:00,10906.7123
2025-05-27 16:15:00+00:00,10906.7123
2025-05-27 16:30:00+00:00,10906.7123
2025-05-27 16:45:00+00:00,10906.7123
2025-05-27 17:00:00+00:00,10906.7123
2025-05-27 17:15:00+00:00,10906.7123
2025-05-27 17:30:00+00:00,10906.7123
2025-05-27 17:45:00+00:00,10906.7123
2025-05-27 18:00:00+00:00,10906.7123
2025-05-27 18:15:00+00:00,10906.7123
2025-05-27 18:30:00+00:00,10906.7123
2025-05-27 18:45:00+00:00,10906.7123
2025-05-27 19:00:00+00:00,10797.6452
2025-05-27 19:15:00+00:00,10797.6452
2025-05-27 19:30:00+00:00,10797.6452
2025-05-27 19:45:00+00:00,10797.6452
2025-05-27 20:00:00+00:00,10797.6452
2025-05-27 20:15:00+00:00,10797.6452
2025-05-27 20:30:00+00:00,10797.6452
2025-05-27 20:45:00+00:00,10797.6452
2025-05-27 21:00:00+00:00,10797.6452
2025-05-27 21:15:00+00:00,10797.6452
2025-05-27 21:30:00+00:00,10797.6452
2025-05-27 21:45:00+00:00,10797.6452
2025-05-27 22:00:00+00:00,10797.6452
2025-05-27 22:15:00+00:00,10797.6452
2025-05-27 22:30:00+00:00,10797.6452
2025-05-27 22:45:00+00:00,10797.6452
2025-05-27 23:00:00+00:00,10797.6452
2025-05-27 23:15:00+00:00,10797.6452
2025-05-27 23:30:00+00:00,10797.6452
2025-05-27 23:45:00+00:00,10797.6452
2025-05-28 00:00:00+00:00,10797.6452
2025-05-28 00:15:00+00:00,10797.6452
2025-05-28 00:30:00+00:00,10797.6452
2025-05-28 00:45:00+00:00,10797.6452
2025-05-28 01:00:00+00:00,10797.6452
2025-05-28 01:15:00+00:00,10797.6452
2025-05-28 01:30:00+00:00,10797.6452
2025-05-28 01:45:00+00:00,10797.6452
2025-05-28 02:00:00+00:00,10797.6452
2025-05-28 02:15:00+00:00,10797.6452
2025-05-28 02:30:00+00:00,10797.6452
2025-05-28 02:45:00+00:00,10797.6452
2025-05-28 03:00:00+00:00,10797.6452
2025-05-28 03:15:00+00:00,10689.6687
2025-05-28 03:30:00+00:00,10689.6687
2025-05-28 03:45:00+00:00,10689.6687
2025-05-28 04:00:00+00:00,10689.6687
2025-05-28 04:15:00+00:00,10689.6687
2025-05-28 04:30:00+00:00,10689.6687
2025-05-28 04:45:00+00:00,10689.6687
2025-05-28 05:00:00+00:00,10689.6687
2025-05-28 05:15:00+00:00,10689.6687
2025-05-28 05:30:00+00:00,10689.6687
2025-05-28 05:45:00+00:00,10689.6687
2025-05-28 06:00:00+00:00,10689.6687
2025-05-28 06:15:00+00:00,10689.6687
2025-05-28 06:30:00+00:00,10689.6687
2025-05-28 06:45:00+00:00,10689.6687
2025-05-28 07:00:00+00:00,10689.6687
2025-05-28 07:15:00+00:00,10689.6687
2025-05-28 07:30:00+00:00,10689.6687
2025-05-28 07:45:00+00:00,10689.6687
2025-05-28 08:00:00+00:00,10689.6687
2025-05-28 08:15:00+00:00,10689.6687
2025-05-28 08:30:00+00:00,10689.6687
2025-05-28 08:45:00+00:00,10689.6687
2025-05-28 09:00:00+00:00,10689.6687
2025-05-28 09:15:00+00:00,10689.6687
2025-05-28 09:30:00+00:00,10689.6687
2025-05-28 09:45:00+00:00,10689.6687
2025-05-28 10:00:00+00:00,10689.6687
2025-05-28 10:15:00+00:00,10689.6687
2025-05-28 10:30:00+00:00,10689.6687
2025-05-28 10:45:00+00:00,10582.7721
2025-05-28 11:00:00+00:00,10582.7721
2025-05-28 11:15:00+00:00,10582.7721
2025-05-28 11:30:00+00:00,10582.7721
2025-05-28 11:45:00+00:00,10582.7721
2025-05-28 12:00:00+00:00,10582.7721
2025-05-28 12:15:00+00:00,10582.7721
2025-05-28 12:30:00+00:00,10582.7721
2025-05-28 12:45:00+00:00,10582.7721
2025-05-28 13:00:00+00:00,10582.7721
2025-05-28 13:15:00+00:00,10582.7721
2025-05-28 13:30:00+00:00,10582.7721
2025-05-28 13:45:00+00:00,10582.7721
2025-05-28 14:00:00+00:00,10582.7721
2025-05-28 14:15:00+00:00,10582.7721
2025-05-28 14:30:00+00:00,10582.7721
2025-05-28 14:45:00+00:00,10582.7721
2025-05-28 15:00:00+00:00,10582.7721
2025-05-28 15:15:00+00:00,10582.7721
2025-05-28 15:30:00+00:00,10582.7721
2025-05-28 15:45:00+00:00,10582.7721
2025-05-28 16:00:00+00:00,10582.7721
2025-05-28 16:15:00+00:00,10582.7721
2025-05-28 16:30:00+00:00,10582.7721
2025-05-28 16:45:00+00:00,10582.7721
2025-05-28 17:00:00+00:00,10582.7721
2025-05-28 17:15:00+00:00,10582.7721
2025-05-28 17:30:00+00:00,10582.7721
2025-05-28 17:45:00+00:00,10582.7721
2025-05-28 18:00:00+00:00,10582.7721
2025-05-28 18:15:00+00:00,10582.7721
2025-05-28 18:30:00+00:00,10582.7721
2025-05-28 18:45:00+00:00,10582.7721
2025-05-28 19:00:00+00:00,10582.7721
2025-05-28 19:15:00+00:00,10582.7721
2025-05-28 19:30:00+00:00,10582.7721
2025-05-28 19:45:00+00:00,10582.7721
2025-05-28 20:00:00+00:00,10794.4275
2025-05-28 20:15:00+00:00,10794.4275
2025-05-28 20:30:00+00:00,10794.4275
2025-05-28 20:45:00+00:00,10794.4275
2025-05-28 21:00:00+00:00,10794.4275
2025-05-28 21:15:00+00:00,10794.4275
2025-05-28 21:30:00+00:00,10794.4275
2025-05-28 21:45:00+00:00,10794.4275
2025-05-28 22:00:00+00:00,10794.4275
2025-05-28 22:15:00+00:00,10794.4275
2025-05-28 22:30:00+00:00,10794.4275
2025-05-28 22:45:00+00:00,10794.4275
2025-05-28 23:00:00+00:00,10794.4275
2025-05-28 23:15:00+00:00,10794.4275
2025-05-28 23:30:00+00:00,10794.4275
2025-05-28 23:45:00+00:00,10794.4275
2025-05-29 00:00:00+00:00,10794.4275
2025-05-29 00:15:00+00:00,10794.4275
2025-05-29 00:30:00+00:00,10794.4275
2025-05-29 00:45:00+00:00,10686.4832
2025-05-29 01:00:00+00:00,10686.4832
2025-05-29 01:15:00+00:00,10686.4832
2025-05-29 01:30:00+00:00,10686.4832
2025-05-29 01:45:00+00:00,10686.4832
2025-05-29 02:00:00+00:00,10686.4832
2025-05-29 02:15:00+00:00,10686.4832
2025-05-29 02:30:00+00:00,10686.4832
2025-05-29 02:45:00+00:00,10686.4832
2025-05-29 03:00:00+00:00,10686.4832
2025-05-29 03:15:00+00:00,10686.4832
2025-05-29 03:30:00+00:00,10686.4832
2025-05-29 03:45:00+00:00,10686.4832
2025-05-29 04:00:00+00:00,10686.4832
2025-05-29 04:15:00+00:00,10686.4832
2025-05-29 04:30:00+00:00,10686.4832
2025-05-29 04:45:00+00:00,10686.4832
2025-05-29 05:00:00+00:00,10686.4832
2025-05-29 05:15:00+00:00,10686.4832
2025-05-29 05:30:00+00:00,10686.4832
2025-05-29 05:45:00+00:00,10686.4832
2025-05-29 06:00:00+00:00,10686.4832
2025-05-29 06:15:00+00:00,10686.4832
2025-05-29 06:30:00+00:00,10686.4832
2025-05-29 06:45:00+00:00,10686.4832
2025-05-29 07:00:00+00:00,10900.2129
2025-05-29 07:15:00+00:00,10900.2129
2025-05-29 07:30:00+00:00,10900.2129
2025-05-29 07:45:00+00:00,10900.2129
2025-05-29 08:00:00+00:00,10900.2129
2025-05-29 08:15:00+00:00,10791.2108
2025-05-29 08:30:00+00:00,10791.2108
2025-05-29 08:45:00+00:00,10791.2108
2025-05-29 09:00:00+00:00,10791.2108
2025-05-29 09:15:00+00:00,10791.2108
2025-05-29 09:30:00+00:00,10791.2108
2025-05-29 09:45:00+00:00,10791.2108
2025-05-29 10:00:00+00:00,10791.2108
2025-05-29 10:15:00+00:00,10791.2108
2025-05-29 10:30:00+00:00,10791.2108
2025-05-29 10:45:00+00:00,10791.2108
2025-05-29 11:00:00+00:00,10791.2108
2025-05-29 11:15:00+00:00,10791.2108
2025-05-29 11:30:00+00:00,10791.2108
2025-05-29 11:45:00+00:00,10791.2108
2025-05-29 12:00:00+00:00,10791.2108
2025-05-29 12:15:00+00:00,10791.2108
2025-05-29 12:30:00+00:00,10791.2108
2025-05-29 12:45:00+00:00,10791.2108
2025-05-29 13:00:00+00:00,10791.2108
2025-05-29 13:15:00+00:00,10791.2108
2025-05-29 13:30:00+00:00,10791.2108
2025-05-29 13:45:00+00:00,10791.2108
2025-05-29 14:00:00+00:00,10791.2108
2025-05-29 14:15:00+00:00,10791.2108
2025-05-29 14:30:00+00:00,10791.2108
2025-05-29 14:45:00+00:00,10791.2108
2025-05-29 15:00:00+00:00,10791.2108
2025-05-29 15:15:00+00:00,10791.2108
2025-05-29 15:30:00+00:00,10791.2108
2025-05-29 15:45:00+00:00,10791.2108
2025-05-29 16:00:00+00:00,10791.2108
2025-05-29 16:15:00+00:00,10791.2108
2025-05-29 16:30:00+00:00,10791.2108
2025-05-29 16:45:00+00:00,10791.2108
2025-05-29 17:00:00+00:00,10791.2108
2025-05-29 17:15:00+00:00,10791.2108
2025-05-29 17:30:00+00:00,10791.2108
2025-05-29 17:45:00+00:00,10791.2108
2025-05-29 18:00:00+00:00,10791.2108
2025-05-29 18:15:00+00:00,10791.2108
2025-05-29 18:30:00+00:00,10791.2108
2025-05-29 18:45:00+00:00,10791.2108
2025-05-29 19:00:00+00:00,10791.2108
2025-05-29 19:15:00+00:00,10791.2108
2025-05-29 19:30:00+00:00,10791.2108
2025-05-29 19:45:00+00:00,10791.2108
2025-05-29 20:00:00+00:00,10791.2108
2025-05-29 20:15:00+00:00,10791.2108
2025-05-29 20:30:00+00:00,10791.2108
2025-05-29 20:45:00+00:00,10791.2108
2025-05-29 21:00:00+00:00,10791.2108
2025-05-29 21:15:00+00:00,10791.2108
2025-05-29 21:30:00+00:00,10791.2108
2025-05-29 21:45:00+00:00,10791.2108
2025-05-29 22:00:00+00:00,10791.2108
2025-05-29 22:15:00+00:00,10791.2108
2025-05-29 22:30:00+00:00,10791.2108
2025-05-29 22:45:00+00:00,10791.2108
2025-05-29 23:00:00+00:00,10791.2108
2025-05-29 23:15:00+00:00,10791.2108
2025-05-29 23:30:00+00:00,10791.2108
2025-05-29 23:45:00+00:00,10791.2108
2025-05-30 00:00:00+00:00,10791.2108
2025-05-30 00:15:00+00:00,10791.2108
2025-05-30 00:30:00+00:00,10791.2108
2025-05-30 00:45:00+00:00,10791.2108
2025-05-30 01:00:00+00:00,10791.2108
2025-05-30 01:15:00+00:00,10791.2108
2025-05-30 01:30:00+00:00,10791.2108
2025-05-30 01:45:00+00:00,10791.2108
2025-05-30 02:00:00+00:00,10791.2108
2025-05-30 02:15:00+00:00,10791.2108
2025-05-30 02:30:00+00:00,10791.2108
2025-05-30 02:45:00+00:00,10791.2108
2025-05-30 03:00:00+00:00,10791.2108
2025-05-30 03:15:00+00:00,10791.2108
2025-05-30 03:30:00+00:00,10791.2108
2025-05-30 03:45:00+00:00,10791.2108
2025-05-30 04:00:00+00:00,10791.2108
2025-05-30 04:15:00+00:00,10791.2108
2025-05-30 04:30:00+00:00,10791.2108
2025-05-30 04:45:00+00:00,10791.2108
2025-05-30 05:00:00+00:00,10791.2108
2025-05-30 05:15:00+00:00,10791.2108
2025-05-30 05:30:00+00:00,10791.2108
2025-05-30 05:45:00+00:00,10791.2108
2025-05-30 06:00:00+00:00,10791.2108
2025-05-30 06:15:00+00:00,10791.2108
2025-05-30 06:30:00+00:00,10791.2108
2025-05-30 06:45:00+00:00,11007.035
2025-05-30 07:00:00+00:00,11007.035
2025-05-30 07:15:00+00:00,11007.035
2025-05-30 07:30:00+00:00,11007.035
2025-05-30 07:45:00+00:00,11007.035
2025-05-30 08:00:00+00:00,11007.035
2025-05-30 08:15:00+00:00,11007.035
2025-05-30 08:30:00+00:00,11007.035
2025-05-30 08:45:00+00:00,11007.035
2025-05-30 09:00:00+00:00,11007.035
2025-05-30 09:15:00+00:00,11007.035
2025-05-30 09:30:00+00:00,11007.035
2025-05-30 09:45:00+00:00,11007.035
2025-05-30 10:00:00+00:00,11007.035
2025-05-30 10:15:00+00:00,11007.035
2025-05-30 10:30:00+00:00,11007.035
2025-05-30 10:45:00+00:00,11007.035
2025-05-30 11:00:00+00:00,11007.035
2025-05-30 11:15:00+00:00,11007.035
2025-05-30 11:30:00+00:00,11007.035
2025-05-30 11:45:00+00:00,11007.035
2025-05-30 12:00:00+00:00,11227.1757
2025-05-30 12:15:00+00:00,11227.1757
2025-05-30 12:30:00+00:00,11227.1757
2025-05-30 12:45:00+00:00,11227.1757
2025-05-30 13:00:00+00:00,11227.1757
2025-05-30 13:15:00+00:00,11227.1757
2025-05-30 13:30:00+00:00,11227.1757
2025-05-30 13:45:00+00:00,11227.1757
2025-05-30 14:00:00+00:00,11227.1757
2025-05-30 14:15:00+00:00,11451.7192
2025-05-30 14:30:00+00:00,11451.7192
2025-05-30 14:45:00+00:00,11451.7192
2025-05-30 15:00:00+00:00,11451.7192
2025-05-30 15:15:00+00:00,11451.7192
2025-05-30 15:30:00+00:00,11451.7192
2025-05-30 15:45:00+00:00,11451.7192
2025-05-30 16:00:00+00:00,11451.7192
2025-05-30 16:15:00+00:00,11680.7536
2025-05-30 16:30:00+00:00,11680.7536
2025-05-30 16:45:00+00:00,11680.7536
2025-05-30 17:00:00+00:00,11680.7536
2025-05-30 17:15:00+00:00,11680.7536
2025-05-30 17:30:00+00:00,11680.7536
2025-05-30 17:45:00+00:00,11680.7536
2025-05-30 18:00:00+00:00,11563.946
2025-05-30 18:15:00+00:00,11563.946
2025-05-30 18:30:00+00:00,11563.946
2025-05-30 18:45:00+00:00,11563.946
2025-05-30 19:00:00+00:00,11563.946
2025-05-30 19:15:00+00:00,11563.946
2025-05-30 19:30:00+00:00,11563.946
2025-05-30 19:45:00+00:00,11563.946
2025-05-30 20:00:00+00:00,11563.946
2025-05-30 20:15:00+00:00,11563.946
2025-05-30 20:30:00+00:00,11563.946
2025-05-30 20:45:00+00:00,11563.946
2025-05-30 21:00:00+00:00,11563.946
2025-05-30 21:15:00+00:00,11563.946
2025-05-30 21:30:00+00:00,11563.946
2025-05-30 21:45:00+00:00,11563.946
2025-05-30 22:00:00+00:00,11563.946
2025-05-30 22:15:00+00:00,11563.946
2025-05-30 22:30:00+00:00,11563.946
2025-05-30 22:45:00+00:00,11563.946
2025-05-30 23:00:00+00:00,11563.946
2025-05-30 23:15:00+00:00,11563.946
2025-05-30 23:30:00+00:00,11563.946
2025-05-30 23:45:00+00:00,11563.946
2025-05-31 00:00:00+00:00,11563.946
2025-05-31 00:15:00+00:00,11563.946
2025-05-31 00:30:00+00:00,11563.946
2025-05-31 00:45:00+00:00,11563.946
2025-05-31 01:00:00+00:00,11563.946
2025-05-31 01:15:00+00:00,11563.946
2025-05-31 01:30:00+00:00,11563.946
2025-05-31 01:45:00+00:00,11563.946
2025-05-31 02:00:00+00:00,11563.946
2025-05-31 02:15:00+00:00,11563.946
2025-05-31 02:30:00+00:00,11563.946
2025-05-31 02:45:00+00:00,11563.946
2025-05-31 03:00:00+00:00,11563.946
2025-05-31 03:15:00+00:00,11563.946
2025-05-31 03:30:00+00:00,11563.946
2025-05-31 03:45:00+00:00,11563.946
2025-05-31 04:00:00+00:00,11563.946
2025-05-31 04:15:00+00:00,11563.946
2025-05-31 04:30:00+00:00,11563.946
2025-05-31 04:45:00+00:00,11563.946
2025-05-31 05:00:00+00:00,11563.946
2025-05-31 05:15:00+00:00,11563.946
2025-05-31 05:30:00+00:00,11563.946
2025-05-31 05:45:00+00:00,11563.946
2025-05-31 06:00:00+00:00,11563.946
2025-05-31 06:15:00+00:00,11563.946
2025-05-31 06:30:00+00:00,11563.946
2025-05-31 06:45:00+00:00,11563.946
2025-05-31 07:00:00+00:00,11563.946
2025-05-31 07:15:00+00:00,11563.946
2025-05-31 07:30:00+00:00,11563.946
2025-05-31 07:45:00+00:00,11563.946
2025-05-31 08:00:00+00:00,11563.946
2025-05-31 08:15:00+00:00,11563.946
2025-05-31 08:30:00+00:00,11563.946
2025-05-31 08:45:00+00:00,11563.946
2025-05-31 09:00:00+00:00,11563.946
2025-05-31 09:15:00+00:00,11563.946
2025-05-31 09:30:00+00:00,11563.946
2025-05-31 09:45:00+00:00,11563.946
2025-05-31 10:00:00+00:00,11563.946
2025-05-31 10:15:00+00:00,11563.946
2025-05-31 10:30:00+00:00,11563.946
2025-05-31 10:45:00+00:00,11563.946
2025-05-31 11:00:00+00:00,11563.946
2025-05-31 11:15:00+00:00,11563.946
2025-05-31 11:30:00+00:00,11563.946
2025-05-31 11:45:00+00:00,11563.946
2025-05-31 12:00:00+00:00,11563.946
2025-05-31 12:15:00+00:00,11563.946
2025-05-31 12:30:00+00:00,11563.946
2025-05-31 12:45:00+00:00,11563.946
2025-05-31 13:00:00+00:00,11563.946
2025-05-31 13:15:00+00:00,11563.946
2025-05-31 13:30:00+00:00,11563.946
2025-05-31 13:45:00+00:00,11563.946
2025-05-31 14:00:00+00:00,11563.946
2025-05-31 14:15:00+00:00,11563.946
2025-05-31 14:30:00+00:00,11563.946
2025-05-31 14:45:00+00:00,11563.946
2025-05-31 15:00:00+00:00,11563.946
2025-05-31 15:15:00+00:00,11563.946
2025-05-31 15:30:00+00:00,11563.946
2025-05-31 15:45:00+00:00,11563.946
2025-05-31 16:00:00+00:00,11563.946
2025-05-31 16:15:00+00:00,11563.946
2025-05-31 16:30:00+00:00,11563.946
2025-05-31 16:45:00+00:00,11563.946
2025-05-31 17:00:00+00:00,11563.946
2025-05-31 17:15:00+00:00,11563.946
2025-05-31 17:30:00+00:00,11563.946
2025-05-31 17:45:00+00:00,11563.946
2025-05-31 18:00:00+00:00,11563.946
2025-05-31 18:15:00+00:00,11563.946
2025-05-31 18:30:00+00:00,11563.946
2025-05-31 18:45:00+00:00,11563.946
2025-05-31 19:00:00+00:00,11563.946
2025-05-31 19:15:00+00:00,11563.946
2025-05-31 19:30:00+00:00,11563.946
2025-05-31 19:45:00+00:00,11563.946
2025-05-31 20:00:00+00:00,11563.946
2025-05-31 20:15:00+00:00,11563.946
2025-05-31 20:30:00+00:00,11563.946
2025-05-31 20:45:00+00:00,11563.946
2025-05-31 21:00:00+00:00,11563.946
2025-05-31 21:15:00+00:00,11563.946
2025-05-31 21:30:00+00:00,11563.946
2025-05-31 21:45:00+00:00,11563.946
2025-05-31 22:00:00+00:00,11563.946
2025-05-31 22:15:00+00:00,11563.946
2025-05-31 22:30:00+00:00,11563.946
2025-05-31 22:45:00+00:00,11563.946
2025-05-31 23:00:00+00:00,11563.946
2025-05-31 23:15:00+00:00,11563.946
2025-05-31 23:30:00+00:00,11563.946
2025-05-31 23:45:00+00:00,11563.946
2025-06-01 00:00:00+00:00,11563.946
2025-06-01 00:15:00+00:00,11563.946
2025-06-01 00:30:00+00:00,11563.946
2025-06-01 00:45:00+00:00,11563.946
2025-06-01 01:00:00+00:00,11563.946
2025-06-01 01:15:00+00:00,11563.946
2025-06-01 01:30:00+00:00,11563.946
2025-06-01 01:45:00+00:00,11563.946
2025-06-01 02:00:00+00:00,11563.946
2025-06-01 02:15:00+00:00,11563.946
2025-06-01 02:30:00+00:00,11563.946
2025-06-01 02:45:00+00:00,11563.946
2025-06-01 03:00:00+00:00,11563.946
2025-06-01 03:15:00+00:00,11563.946
2025-06-01 03:30:00+00:00,11563.946
2025-06-01 03:45:00+00:00,11563.946
2025-06-01 04:00:00+00:00,11563.946
2025-06-01 04:15:00+00:00,11563.946
2025-06-01 04:30:00+00:00,11795.225
2025-06-01 04:45:00+00:00,11795.225
2025-06-01 05:00:00+00:00,11795.225
2025-06-01 05:15:00+00:00,11795.225
2025-06-01 05:30:00+00:00,11795.225
2025-06-01 05:45:00+00:00,11795.225
2025-06-01 06:00:00+00:00,11795.225
2025-06-01 06:15:00+00:00,11795.225
2025-06-01 06:30:00+00:00,11795.225
2025-06-01 06:45:00+00:00,11795.225
2025-06-01 07:00:00+00:00,11795.225
2025-06-01 07:15:00+00:00,11677.2727
2025-06-01 07:30:00+00:00,11677.2727
2025-06-01 07:45:00+00:00,11677.2727
2025-06-01 08:00:00+00:00,11677.2727
2025-06-01 08:15:00+00:00,11677.2727
2025-06-01 08:30:00+00:00,11677.2727
2025-06-01 08:45:00+00:00,11677.2727
2025-06-01 09:00:00+00:00,11677.2727
2025-06-01 09:15:00+00:00,11677.2727
2025-06-01 09:30:00+00:00,11677.2727
2025-06-01 09:45:00+00:00,11677.2727
2025-06-01 10:00:00+00:00,11677.2727
2025-06-01 10:15:00+00:00,11677.2727
2025-06-01 10:30:00+00:00,11677.2727
2025-06-01 10:45:00+00:00,11677.2727
2025-06-01 11:00:00+00:00,11560.5
2025-06-01 11:15:00+00:00,11560.5
2025-06-01 11:30:00+00:00,11560.5
2025-06-01 11:45:00+00:00,11560.5
2025-06-01 12:00:00+00:00,11560.5
2025-06-01 12:15:00+00:00,11560.5
2025-06-01 12:30:00+00:00,11560.5
2025-06-01 12:45:00+00:00,11560.5
2025-06-01 13:00:00+00:00,11444.895
2025-06-01 13:15:00+00:00,11444.895
2025-06-01 13:30:00+00:00,11444.895
2025-06-01 13:45:00+00:00,11444.895
2025-06-01 14:00:00+00:00,11444.895
2025-06-01 14:15:00+00:00,11444.895
2025-06-01 14:30:00+00:00,11444.895
2025-06-01 14:45:00+00:00,11444.895
2025-06-01 15:00:00+00:00,11444.895
2025-06-01 15:15:00+00:00,11444.895
2025-06-01 15:30:00+00:00,11444.895
2025-06-01 15:45:00+00:00,11444.895
2025-06-01 16:00:00+00:00,11444.895
2025-06-01 16:15:00+00:00,11444.895
2025-06-01 16:30:00+00:00,11444.895
2025-06-01 16:45:00+00:00,11444.895
2025-06-01 17:00:00+00:00,11444.895
2025-06-01 17:15:00+00:00,11444.895
2025-06-01 17:30:00+00:00,11444.895
2025-06-01 17:45:00+00:00,11444.895
2025-06-01 18:00:00+00:00,11444.895
2025-06-01 18:15:00+00:00,11444.895
2025-06-01 18:30:00+00:00,11444.895
2025-06-01 18:45:00+00:00,11444.895
2025-06-01 19:00:00+00:00,11444.895
2025-06-01 19:15:00+00:00,11444.895
2025-06-01 19:30:00+00:00,11444.895
2025-06-01 19:45:00+00:00,11444.895
2025-06-01 20:00:00+00:00,11444.895
2025-06-01 20:15:00+00:00,11444.895
2025-06-01 20:30:00+00:00,11444.895
2025-06-01 20:45:00+00:00,11444.895
2025-06-01 21:00:00+00:00,11444.895
2025-06-01 21:15:00+00:00,11444.895
2025-06-01 21:30:00+00:00,11444.895
2025-06-01 21:45:00+00:00,11444.895
2025-06-01 22:00:00+00:00,11444.895
2025-06-01 22:15:00+00:00,11444.895
2025-06-01 22:30:00+00:00,11444.895
2025-06-01 22:45:00+00:00,11444.895
2025-06-01 23:00:00+00:00,11444.895
2025-06-01 23:15:00+00:00,11444.895
2025-06-01 23:30:00+00:00,11444.895
2025-06-01 23:45:00+00:00,11444.895
2025-06-02 00:00:00+00:00,11444.895
2025-06-02 00:15:00+00:00,11444.895
2025-06-02 00:30:00+00:00,11444.895
2025-06-02 00:45:00+00:00,11444.895
2025-06-02 01:00:00+00:00,11444.895
2025-06-02 01:15:00+00:00,11444.895
2025-06-02 01:30:00+00:00,11444.895
2025-06-02 01:45:00+00:00,11444.895
2025-06-02 02:00:00+00:00,11444.895
2025-06-02 02:15:00+00:00,11444.895
2025-06-02 02:30:00+00:00,11444.895
2025-06-02 02:45:00+00:00,11444.895
2025-06-02 03:00:00+00:00,11444.895
2025-06-02 03:15:00+00:00,11444.895
2025-06-02 03:30:00+00:00,11444.895
2025-06-02 03:45:00+00:00,11444.895
2025-06-02 04:00:00+00:00,11444.895
2025-06-02 04:15:00+00:00,11444.895
2025-06-02 04:30:00+00:00,11444.895
2025-06-02 04:45:00+00:00,11444.895
2025-06-02 05:00:00+00:00,11444.895
2025-06-02 05:15:00+00:00,11444.895
2025-06-02 05:30:00+00:00,11444.895
2025-06-02 05:45:00+00:00,11444.895
2025-06-02 06:00:00+00:00,11444.895
2025-06-02 06:15:00+00:00,11444.895
2025-06-02 06:30:00+00:00,11444.895
2025-06-02 06:45:00+00:00,11444.895
2025-06-02 07:00:00+00:00,11444.895
2025-06-02 07:15:00+00:00,11444.895
2025-06-02 07:30:00+00:00,11444.895
2025-06-02 07:45:00+00:00,11444.895
2025-06-02 08:00:00+00:00,11444.895
2025-06-02 08:15:00+00:00,11444.895
2025-06-02 08:30:00+00:00,11444.895
2025-06-02 08:45:00+00:00,11444.895
2025-06-02 09:00:00+00:00,11444.895
2025-06-02 09:15:00+00:00,11444.895
2025-06-02 09:30:00+00:00,11444.895
2025-06-02 09:45:00+00:00,11444.895
2025-06-02 10:00:00+00:00,11444.895
2025-06-02 10:15:00+00:00,11444.895
2025-06-02 10:30:00+00:00,11444.895
2025-06-02 10:45:00+00:00,11444.895
2025-06-02 11:00:00+00:00,11444.895
2025-06-02 11:15:00+00:00,11444.895
2025-06-02 11:30:00+00:00,11444.895
2025-06-02 11:45:00+00:00,11444.895
2025-06-02 12:00:00+00:00,11444.895
2025-06-02 12:15:00+00:00,11444.895
2025-06-02 12:30:00+00:00,11444.895
2025-06-02 12:45:00+00:00,11444.895
2025-06-02 13:00:00+00:00,11444.895
2025-06-02 13:15:00+00:00,11444.895
2025-06-02 13:30:00+00:00,11444.895
2025-06-02 13:45:00+00:00,11444.895
2025-06-02 14:00:00+00:00,11444.895
2025-06-02 14:15:00+00:00,11444.895
2025-06-02 14:30:00+00:00,11444.895
2025-06-02 14:45:00+00:00,11444.895
2025-06-02 15:00:00+00:00,11444.895
2025-06-02 15:15:00+00:00,11444.895
2025-06-02 15:30:00+00:00,11444.895
2025-06-02 15:45:00+00:00,11444.895
2025-06-02 16:00:00+00:00,11444.895
2025-06-02 16:15:00+00:00,11444.895
2025-06-02 16:30:00+00:00,11444.895
2025-06-02 16:45:00+00:00,11444.895
2025-06-02 17:00:00+00:00,11444.895
2025-06-02 17:15:00+00:00,11444.895
2025-06-02 17:30:00+00:00,11444.895
2025-06-02 17:45:00+00:00,11444.895
2025-06-02 18:00:00+00:00,11444.895
2025-06-02 18:15:00+00:00,11444.895
2025-06-02 18:30:00+00:00,11444.895
2025-06-02 18:45:00+00:00,11444.895
2025-06-02 19:00:00+00:00,11444.895
2025-06-02 19:15:00+00:00,11444.895
2025-06-02 19:30:00+00:00,11444.895
2025-06-02 19:45:00+00:00,11330.446
2025-06-02 20:00:00+00:00,11330.446
2025-06-02 20:15:00+00:00,11330.446
2025-06-02 20:30:00+00:00,11330.446
2025-06-02 20:45:00+00:00,11330.446
2025-06-02 21:00:00+00:00,11330.446
2025-06-02 21:15:00+00:00,11330.446
2025-06-02 21:30:00+00:00,11330.446
2025-06-02 21:45:00+00:00,11330.446
2025-06-02 22:00:00+00:00,11330.446
2025-06-02 22:15:00+00:00,11330.446
2025-06-02 22:30:00+00:00,11330.446
2025-06-02 22:45:00+00:00,11330.446
2025-06-02 23:00:00+00:00,11330.446
2025-06-02 23:15:00+00:00,11330.446
2025-06-02 23:30:00+00:00,11330.446
2025-06-02 23:45:00+00:00,11330.446
2025-06-03 00:00:00+00:00,11330.446
2025-06-03 00:15:00+00:00,11330.446
2025-06-03 00:30:00+00:00,11330.446
2025-06-03 00:45:00+00:00,11330.446
2025-06-03 01:00:00+00:00,11330.446
2025-06-03 01:15:00+00:00,11330.446
2025-06-03 01:30:00+00:00,11330.446
2025-06-03 01:45:00+00:00,11330.446
2025-06-03 02:00:00+00:00,11330.446
2025-06-03 02:15:00+00:00,11330.446
2025-06-03 02:30:00+00:00,11330.446
2025-06-03 02:45:00+00:00,11330.446
2025-06-03 03:00:00+00:00,11330.446
2025-06-03 03:15:00+00:00,11330.446
2025-06-03 03:30:00+00:00,11330.446
2025-06-03 03:45:00+00:00,11330.446
2025-06-03 04:00:00+00:00,11330.446
2025-06-03 04:15:00+00:00,11330.446
2025-06-03 04:30:00+00:00,11330.446
2025-06-03 04:45:00+00:00,11330.446
2025-06-03 05:00:00+00:00,11330.446
2025-06-03 05:15:00+00:00,11330.446
2025-06-03 05:30:00+00:00,11330.446
2025-06-03 05:45:00+00:00,11330.446
2025-06-03 06:00:00+00:00,11330.446
2025-06-03 06:15:00+00:00,11330.446
2025-06-03 06:30:00+00:00,11330.446
2025-06-03 06:45:00+00:00,11330.446
2025-06-03 07:00:00+00:00,11330.446
2025-06-03 07:15:00+00:00,11330.446
2025-06-03 07:30:00+00:00,11330.446
2025-06-03 07:45:00+00:00,11330.446
2025-06-03 08:00:00+00:00,11330.446
2025-06-03 08:15:00+00:00,11330.446
2025-06-03 08:30:00+00:00,11330.446
2025-06-03 08:45:00+00:00,11330.446
2025-06-03 09:00:00+00:00,11330.446
2025-06-03 09:15:00+00:00,11330.446
2025-06-03 09:30:00+00:00,11330.446
2025-06-03 09:45:00+00:00,11330.446
2025-06-03 10:00:00+00:00,11330.446
2025-06-03 10:15:00+00:00,11330.446
2025-06-03 10:30:00+00:00,11330.446
2025-06-03 10:45:00+00:00,11330.446
2025-06-03 11:00:00+00:00,11330.446
2025-06-03 11:15:00+00:00,11330.446
2025-06-03 11:30:00+00:00,11330.446
2025-06-03 11:45:00+00:00,11330.446
2025-06-03 12:00:00+00:00,11330.446
2025-06-03 12:15:00+00:00,11330.446
2025-06-03 12:30:00+00:00,11330.446
2025-06-03 12:45:00+00:00,11330.446
2025-06-03 13:00:00+00:00,11330.446
2025-06-03 13:15:00+00:00,11330.446
2025-06-03 13:30:00+00:00,11330.446
2025-06-03 13:45:00+00:00,11330.446
2025-06-03 14:00:00+00:00,11330.446
2025-06-03 14:15:00+00:00,11330.446
2025-06-03 14:30:00+00:00,11330.446
2025-06-03 14:45:00+00:00,11330.446
2025-06-03 15:00:00+00:00,11330.446
2025-06-03 15:15:00+00:00,11330.446
2025-06-03 15:30:00+00:00,11330.446
2025-06-03 15:45:00+00:00,11330.446
2025-06-03 16:00:00+00:00,11330.446
2025-06-03 16:15:00+00:00,11330.446
2025-06-03 16:30:00+00:00,11330.446
2025-06-03 16:45:00+00:00,11330.446
2025-06-03 17:00:00+00:00,11330.446
2025-06-03 17:15:00+00:00,11330.446
2025-06-03 17:30:00+00:00,11330.446
2025-06-03 17:45:00+00:00,11330.446
2025-06-03 18:00:00+00:00,11330.446
2025-06-03 18:15:00+00:00,11330.446
2025-06-03 18:30:00+00:00,11330.446
2025-06-03 18:45:00+00:00,11330.446
2025-06-03 19:00:00+00:00,11330.446
2025-06-03 19:15:00+00:00,11330.446
2025-06-03 19:30:00+00:00,11330.446
2025-06-03 19:45:00+00:00,11330.446
2025-06-03 20:00:00+00:00,11330.446
2025-06-03 20:15:00+00:00,11330.446
2025-06-03 20:30:00+00:00,11330.446
2025-06-03 20:45:00+00:00,11330.446
2025-06-03 21:00:00+00:00,11330.446
2025-06-03 21:15:00+00:00,11330.446
2025-06-03 21:30:00+00:00,11330.446
2025-06-03 21:45:00+00:00,11330.446
2025-06-03 22:00:00+00:00,11330.446
2025-06-03 22:15:00+00:00,11330.446
2025-06-03 22:30:00+00:00,11330.446
2025-06-03 22:45:00+00:00,11330.446
2025-06-03 23:00:00+00:00,11330.446
2025-06-03 23:15:00+00:00,11330.446
2025-06-03 23:30:00+00:00,11330.446
2025-06-03 23:45:00+00:00,11330.446
2025-06-04 00:00:00+00:00,11330.446
2025-06-04 00:15:00+00:00,11330.446
2025-06-04 00:30:00+00:00,11217.1416
2025-06-04 00:45:00+00:00,11217.1416
2025-06-04 01:00:00+00:00,11217.1416
2025-06-04 01:15:00+00:00,11217.1416
2025-06-04 01:30:00+00:00,11217.1416
2025-06-04 01:45:00+00:00,11217.1416
2025-06-04 02:00:00+00:00,11217.1416
2025-06-04 02:15:00+00:00,11217.1416
2025-06-04 02:30:00+00:00,11217.1416
2025-06-04 02:45:00+00:00,11217.1416
2025-06-04 03:00:00+00:00,11217.1416
2025-06-04 03:15:00+00:00,11217.1416
2025-06-04 03:30:00+00:00,11217.1416
2025-06-04 03:45:00+00:00,11217.1416
2025-06-04 04:00:00+00:00,11217.1416
2025-06-04 04:15:00+00:00,11217.1416
2025-06-04 04:30:00+00:00,11217.1416
2025-06-04 04:45:00+00:00,11217.1416
2025-06-04 05:00:00+00:00,11217.1416
2025-06-04 05:15:00+00:00,11217.1416
2025-06-04 05:30:00+00:00,11217.1416
2025-06-04 05:45:00+00:00,11217.1416
2025-06-04 06:00:00+00:00,11217.1416
2025-06-04 06:15:00+00:00,11217.1416
2025-06-04 06:30:00+00:00,11217.1416
2025-06-04 06:45:00+00:00,11217.1416
2025-06-04 07:00:00+00:00,11217.1416
2025-06-04 07:15:00+00:00,11217.1416
2025-06-04 07:30:00+00:00,11217.1416
2025-06-04 07:45:00+00:00,11217.1416
2025-06-04 08:00:00+00:00,11217.1416
2025-06-04 08:15:00+00:00,11217.1416
2025-06-04 08:30:00+00:00,11217.1416
2025-06-04 08:45:00+00:00,11217.1416
2025-06-04 09:00:00+00:00,11217.1416
2025-06-04 09:15:00+00:00,11217.1416
2025-06-04 09:30:00+00:00,11217.1416
2025-06-04 09:45:00+00:00,11217.1416
2025-06-04 10:00:00+00:00,11217.1416
2025-06-04 10:15:00+00:00,11217.1416
2025-06-04 10:30:00+00:00,11217.1416
2025-06-04 10:45:00+00:00,11217.1416
2025-06-04 11:00:00+00:00,11217.1416
2025-06-04 11:15:00+00:00,11217.1416
2025-06-04 11:30:00+00:00,11217.1416
2025-06-04 11:45:00+00:00,11217.1416
2025-06-04 12:00:00+00:00,11217.1416
2025-06-04 12:15:00+00:00,11217.1416
2025-06-04 12:30:00+00:00,11217.1416
2025-06-04 12:45:00+00:00,11217.1416
2025-06-04 13:00:00+00:00,11217.1416
2025-06-04 13:15:00+00:00,11217.1416
2025-06-04 13:30:00+00:00,11217.1416
2025-06-04 13:45:00+00:00,11217.1416
2025-06-04 14:00:00+00:00,11217.1416
2025-06-04 14:15:00+00:00,11217.1416
2025-06-04 14:30:00+00:00,11217.1416
2025-06-04 14:45:00+00:00,11217.1416
2025-06-04 15:00:00+00:00,11217.1416
2025-06-04 15:15:00+00:00,11217.1416
2025-06-04 15:30:00+00:00,11217.1416
2025-06-04 15:45:00+00:00,11217.1416
2025-06-04 16:00:00+00:00,11217.1416
2025-06-04 16:15:00+00:00,11217.1416
2025-06-04 16:30:00+00:00,11217.1416
2025-06-04 16:45:00+00:00,11217.1416
2025-06-04 17:00:00+00:00,11217.1416
2025-06-04 17:15:00+00:00,11217.1416
2025-06-04 17:30:00+00:00,11217.1416
2025-06-04 17:45:00+00:00,11217.1416
2025-06-04 18:00:00+00:00,11217.1416
2025-06-04 18:15:00+00:00,11217.1416
2025-06-04 18:30:00+00:00,11217.1416
2025-06-04 18:45:00+00:00,11217.1416
2025-06-04 19:00:00+00:00,11217.1416
2025-06-04 19:15:00+00:00,11217.1416
2025-06-04 19:30:00+00:00,11217.1416
2025-06-04 19:45:00+00:00,11217.1416
2025-06-04 20:00:00+00:00,11217.1416
2025-06-04 20:15:00+00:00,11217.1416
2025-06-04 20:30:00+00:00,11217.1416
2025-06-04 20:45:00+00:00,11217.1416
2025-06-04 21:00:00+00:00,11217.1416
2025-06-04 21:15:00+00:00,11217.1416
2025-06-04 21:30:00+00:00,11217.1416
2025-06-04 21:45:00+00:00,11217.1416
2025-06-04 22:00:00+00:00,11217.1416
2025-06-04 22:15:00+00:00,11217.1416
2025-06-04 22:30:00+00:00,11217.1416
2025-06-04 22:45:00+00:00,11217.1416
2025-06-04 23:00:00+00:00,11217.1416
2025-06-04 23:15:00+00:00,11217.1416
2025-06-04 23:30:00+00:00,11217.1416
2025-06-04 23:45:00+00:00,11217.1416
2025-06-05 00:00:00+00:00,11217.1416
2025-06-05 00:15:00+00:00,11217.1416
2025-06-05 00:30:00+00:00,11217.1416
2025-06-05 00:45:00+00:00,11217.1416
2025-06-05 01:00:00+00:00,11217.1416
2025-06-05 01:15:00+00:00,11217.1416
2025-06-05 01:30:00+00:00,11217.1416
2025-06-05 01:45:00+00:00,11217.1416
2025-06-05 02:00:00+00:00,11217.1416
2025-06-05 02:15:00+00:00,11217.1416
2025-06-05 02:30:00+00:00,11217.1416
2025-06-05 02:45:00+00:00,11217.1416
2025-06-05 03:00:00+00:00,11217.1416
2025-06-05 03:15:00+00:00,11217.1416
2025-06-05 03:30:00+00:00,11217.1416
2025-06-05 03:45:00+00:00,11217.1416
2025-06-05 04:00:00+00:00,11217.1416
2025-06-05 04:15:00+00:00,11217.1416
2025-06-05 04:30:00+00:00,11217.1416
2025-06-05 04:45:00+00:00,11217.1416
2025-06-05 05:00:00+00:00,11217.1416
2025-06-05 05:15:00+00:00,11217.1416
2025-06-05 05:30:00+00:00,11217.1416
2025-06-05 05:45:00+00:00,11217.1416
2025-06-05 06:00:00+00:00,11217.1416
2025-06-05 06:15:00+00:00,11217.1416
2025-06-05 06:30:00+00:00,11217.1416
2025-06-05 06:45:00+00:00,11217.1416
2025-06-05 07:00:00+00:00,11217.1416
2025-06-05 07:15:00+00:00,11217.1416
2025-06-05 07:30:00+00:00,11217.1416
2025-06-05 07:45:00+00:00,11217.1416
2025-06-05 08:00:00+00:00,11217.1416
2025-06-05 08:15:00+00:00,11217.1416
2025-06-05 08:30:00+00:00,11217.1416
2025-06-05 08:45:00+00:00,11217.1416
2025-06-05 09:00:00+00:00,11217.1416
2025-06-05 09:15:00+00:00,11217.1416
2025-06-05 09:30:00+00:00,11217.1416
2025-06-05 09:45:00+00:00,11217.1416
2025-06-05 10:00:00+00:00,11217.1416
2025-06-05 10:15:00+00:00,11217.1416
2025-06-05 10:30:00+00:00,11217.1416
2025-06-05 10:45:00+00:00,11217.1416
2025-06-05 11:00:00+00:00,11217.1416
2025-06-05 11:15:00+00:00,11217.1416
2025-06-05 11:30:00+00:00,11217.1416
2025-06-05 11:45:00+00:00,11217.1416
2025-06-05 12:00:00+00:00,11217.1416
2025-06-05 12:15:00+00:00,11217.1416
2025-06-05 12:30:00+00:00,11217.1416
2025-06-05 12:45:00+00:00,11217.1416
2025-06-05 13:00:00+00:00,11217.1416
2025-06-05 13:15:00+00:00,11217.1416
2025-06-05 13:30:00+00:00,11217.1416
2025-06-05 13:45:00+00:00,11217.1416
2025-06-05 14:00:00+00:00,11217.1416
2025-06-05 14:15:00+00:00,11217.1416
2025-06-05 14:30:00+00:00,11217.1416
2025-06-05 14:45:00+00:00,11217.1416
2025-06-05 15:00:00+00:00,11217.1416
2025-06-05 15:15:00+00:00,11217.1416
2025-06-05 15:30:00+00:00,11217.1416
2025-06-05 15:45:00+00:00,11217.1416
2025-06-05 16:00:00+00:00,11217.1416
2025-06-05 16:15:00+00:00,11217.1416
2025-06-05 16:30:00+00:00,11217.1416
2025-06-05 16:45:00+00:00,11217.1416
2025-06-05 17:00:00+00:00,11217.1416
2025-06-05 17:15:00+00:00,11217.1416
2025-06-05 17:30:00+00:00,11217.1416
2025-06-05 17:45:00+00:00,11217.1416
2025-06-05 18:00:00+00:00,11441.4844
2025-06-05 18:15:00+00:00,11441.4844
2025-06-05 18:30:00+00:00,11441.4844
2025-06-05 18:45:00+00:00,11441.4844
2025-06-05 19:00:00+00:00,11441.4844
2025-06-05 19:15:00+00:00,11441.4844
2025-06-05 19:30:00+00:00,11441.4844
2025-06-05 19:45:00+00:00,11441.4844
2025-06-05 20:00:00+00:00,11441.4844
2025-06-05 20:15:00+00:00,11441.4844
2025-06-05 20:30:00+00:00,11441.4844
2025-06-05 20:45:00+00:00,11441.4844
2025-06-05 21:00:00+00:00,11441.4844
2025-06-05 21:15:00+00:00,11441.4844
2025-06-05 21:30:00+00:00,11441.4844
2025-06-05 21:45:00+00:00,11441.4844
2025-06-05 22:00:00+00:00,11441.4844
2025-06-05 22:15:00+00:00,11441.4844
2025-06-05 22:30:00+00:00,11441.4844
2025-06-05 22:45:00+00:00,11441.4844
2025-06-05 23:00:00+00:00,11441.4844
2025-06-05 23:15:00+00:00,11441.4844
2025-06-05 23:30:00+00:00,11441.4844
2025-06-05 23:45:00+00:00,11441.4844
2025-06-06 00:00:00+00:00,11441.4844
2025-06-06 00:15:00+00:00,11441.4844
2025-06-06 00:30:00+00:00,11441.4844
2025-06-06 00:45:00+00:00,11441.4844
2025-06-06 01:00:00+00:00,11441.4844
2025-06-06 01:15:00+00:00,11441.4844
2025-06-06 01:30:00+00:00,11441.4844
2025-06-06 01:45:00+00:00,11441.4844
2025-06-06 02:00:00+00:00,11441.4844
2025-06-06 02:15:00+00:00,11441.4844
2025-06-06 02:30:00+00:00,11441.4844
2025-06-06 02:45:00+00:00,11441.4844
2025-06-06 03:00:00+00:00,11441.4844
2025-06-06 03:15:00+00:00,11441.4844
2025-06-06 03:30:00+00:00,11441.4844
2025-06-06 03:45:00+00:00,11441.4844
2025-06-06 04:00:00+00:00,11441.4844
2025-06-06 04:15:00+00:00,11441.4844
2025-06-06 04:30:00+00:00,11441.4844
2025-06-06 04:45:00+00:00,11441.4844
2025-06-06 05:00:00+00:00,11441.4844
2025-06-06 05:15:00+00:00,11441.4844
2025-06-06 05:30:00+00:00,11441.4844
2025-06-06 05:45:00+00:00,11327.0696
2025-06-06 06:00:00+00:00,11327.0696
2025-06-06 06:15:00+00:00,11327.0696
2025-06-06 06:30:00+00:00,11327.0696
2025-06-06 06:45:00+00:00,11327.0696
2025-06-06 07:00:00+00:00,11327.0696
2025-06-06 07:15:00+00:00,11327.0696
2025-06-06 07:30:00+00:00,11327.0696
2025-06-06 07:45:00+00:00,11327.0696
2025-06-06 08:00:00+00:00,11213.7989
2025-06-06 08:15:00+00:00,11213.7989
2025-06-06 08:30:00+00:00,11213.7989
2025-06-06 08:45:00+00:00,11213.7989
2025-06-06 09:00:00+00:00,11213.7989
2025-06-06 09:15:00+00:00,11213.7989
2025-06-06 09:30:00+00:00,11213.7989
2025-06-06 09:45:00+00:00,11213.7989
2025-06-06 10:00:00+00:00,11213.7989
2025-06-06 10:15:00+00:00,11213.7989
2025-06-06 10:30:00+00:00,11213.7989
2025-06-06 10:45:00+00:00,11213.7989
2025-06-06 11:00:00+00:00,11213.7989
2025-06-06 11:15:00+00:00,11213.7989
2025-06-06 11:30:00+00:00,11213.7989
2025-06-06 11:45:00+00:00,11213.7989
2025-06-06 12:00:00+00:00,11213.7989
2025-06-06 12:15:00+00:00,11213.7989
2025-06-06 12:30:00+00:00,11213.7989
2025-06-06 12:45:00+00:00,11213.7989
2025-06-06 13:00:00+00:00,11213.7989
2025-06-06 13:15:00+00:00,11213.7989
2025-06-06 13:30:00+00:00,11213.7989
2025-06-06 13:45:00+00:00,11213.7989
2025-06-06 14:00:00+00:00,11213.7989
2025-06-06 14:15:00+00:00,11213.7989
2025-06-06 14:30:00+00:00,11213.7989
2025-06-06 14:45:00+00:00,11213.7989
2025-06-06 15:00:00+00:00,11213.7989
2025-06-06 15:15:00+00:00,11213.7989
2025-06-06 15:30:00+00:00,11213.7989
2025-06-06 15:45:00+00:00,11213.7989
2025-06-06 16:00:00+00:00,11213.7989
2025-06-06 16:15:00+00:00,11213.7989
2025-06-06 16:30:00+00:00,11213.7989
2025-06-06 16:45:00+00:00,11213.7989
2025-06-06 17:00:00+00:00,11213.7989
2025-06-06 17:15:00+00:00,11213.7989
2025-06-06 17:30:00+00:00,11213.7989
2025-06-06 17:45:00+00:00,11213.7989
2025-06-06 18:00:00+00:00,11213.7989
2025-06-06 18:15:00+00:00,11213.7989
2025-06-06 18:30:00+00:00,11213.7989
2025-06-06 18:45:00+00:00,11213.7989
2025-06-06 19:00:00+00:00,11213.7989
2025-06-06 19:15:00+00:00,11213.7989
2025-06-06 19:30:00+00:00,11213.7989
2025-06-06 19:45:00+00:00,11213.7989
2025-06-06 20:00:00+00:00,11213.7989
2025-06-06 20:15:00+00:00,11213.7989
2025-06-06 20:30:00+00:00,11213.7989
2025-06-06 20:45:00+00:00,11213.7989
2025-06-06 21:00:00+00:00,11101.6609
2025-06-06 21:15:00+00:00,11101.6609
2025-06-06 21:30:00+00:00,11101.6609
2025-06-06 21:45:00+00:00,11101.6609
2025-06-06 22:00:00+00:00,11101.6609
2025-06-06 22:15:00+00:00,11101.6609
2025-06-06 22:30:00+00:00,11101.6609
2025-06-06 22:45:00+00:00,11101.6609
2025-06-06 23:00:00+00:00,11101.6609
2025-06-06 23:15:00+00:00,11101.6609
2025-06-06 23:30:00+00:00,11101.6609
2025-06-06 23:45:00+00:00,11101.6609
2025-06-07 00:00:00+00:00,11101.6609
2025-06-07 00:15:00+00:00,11101.6609
2025-06-07 00:30:00+00:00,11101.6609
2025-06-07 00:45:00+00:00,11101.6609
2025-06-07 01:00:00+00:00,11101.6609
2025-06-07 01:15:00+00:00,11101.6609
2025-06-07 01:30:00+00:00,11101.6609
2025-06-07 01:45:00+00:00,11101.6609
2025-06-07 02:00:00+00:00,11101.6609
2025-06-07 02:15:00+00:00,11101.6609
2025-06-07 02:30:00+00:00,11101.6609
2025-06-07 02:45:00+00:00,11101.6609
2025-06-07 03:00:00+00:00,11101.6609
2025-06-07 03:15:00+00:00,11101.6609
2025-06-07 03:30:00+00:00,11101.6609
2025-06-07 03:45:00+00:00,11101.6609
2025-06-07 04:00:00+00:00,11101.6609
2025-06-07 04:15:00+00:00,11101.6609
2025-06-07 04:30:00+00:00,11101.6609
2025-06-07 04:45:00+00:00,11101.6609
2025-06-07 05:00:00+00:00,11101.6609
2025-06-07 05:15:00+00:00,11101.6609
2025-06-07 05:30:00+00:00,11101.6609
2025-06-07 05:45:00+00:00,11101.6609
2025-06-07 06:00:00+00:00,11101.6609
2025-06-07 06:15:00+00:00,11101.6609
2025-06-07 06:30:00+00:00,11101.6609
2025-06-07 06:45:00+00:00,11323.6941
2025-06-07 07:00:00+00:00,11323.6941
2025-06-07 07:15:00+00:00,11323.6941
2025-06-07 07:30:00+00:00,11323.6941
2025-06-07 07:45:00+00:00,11323.6941
2025-06-07 08:00:00+00:00,11323.6941
2025-06-07 08:15:00+00:00,11323.6941
2025-06-07 08:30:00+00:00,11323.6941
2025-06-07 08:45:00+00:00,11323.6941
2025-06-07 09:00:00+00:00,11323.6941
2025-06-07 09:15:00+00:00,11323.6941
2025-06-07 09:30:00+00:00,11323.6941
2025-06-07 09:45:00+00:00,11323.6941
2025-06-07 10:00:00+00:00,11323.6941
2025-06-07 10:15:00+00:00,11550.168
2025-06-07 10:30:00+00:00,11550.168
2025-06-07 10:45:00+00:00,11550.168
2025-06-07 11:00:00+00:00,11550.168
2025-06-07 11:15:00+00:00,11550.168
2025-06-07 11:30:00+00:00,11550.168
2025-06-07 11:45:00+00:00,11550.168
2025-06-07 12:00:00+00:00,11550.168
2025-06-07 12:15:00+00:00,11550.168
2025-06-07 12:30:00+00:00,11550.168
2025-06-07 12:45:00+00:00,11550.168
2025-06-07 13:00:00+00:00,11550.168
2025-06-07 13:15:00+00:00,11550.168
2025-06-07 13:30:00+00:00,11550.168
2025-06-07 13:45:00+00:00,11550.168
2025-06-07 14:00:00+00:00,11550.168
2025-06-07 14:15:00+00:00,11550.168
2025-06-07 14:30:00+00:00,11550.168
2025-06-07 14:45:00+00:00,11550.168
2025-06-07 15:00:00+00:00,11550.168
2025-06-07 15:15:00+00:00,11550.168
2025-06-07 15:30:00+00:00,11550.168
2025-06-07 15:45:00+00:00,11550.168
2025-06-07 16:00:00+00:00,11550.168
2025-06-07 16:15:00+00:00,11550.168
2025-06-07 16:30:00+00:00,11550.168
2025-06-07 16:45:00+00:00,11550.168
2025-06-07 17:00:00+00:00,11550.168
2025-06-07 17:15:00+00:00,11550.168
2025-06-07 17:30:00+00:00,11550.168
2025-06-07 17:45:00+00:00,11550.168
2025-06-07 18:00:00+00:00,11550.168
2025-06-07 18:15:00+00:00,11550.168
2025-06-07 18:30:00+00:00,11550.168
2025-06-07 18:45:00+00:00,11550.168
2025-06-07 19:00:00+00:00,11550.168
2025-06-07 19:15:00+00:00,11550.168
2025-06-07 19:30:00+00:00,11550.168
2025-06-07 19:45:00+00:00,11550.168
2025-06-07 20:00:00+00:00,11550.168
2025-06-07 20:15:00+00:00,11550.168
2025-06-07 20:30:00+00:00,11550.168
2025-06-07 20:45:00+00:00,11550.168
2025-06-07 21:00:00+00:00,11550.168
2025-06-07 21:15:00+00:00,11550.168
2025-06-07 21:30:00+00:00,11550.168
2025-06-07 21:45:00+00:00,11550.168
2025-06-07 22:00:00+00:00,11550.168
2025-06-07 22:15:00+00:00,11550.168
2025-06-07 22:30:00+00:00,11550.168
2025-06-07 22:45:00+00:00,11550.168
2025-06-07 23:00:00+00:00,11550.168
2025-06-07 23:15:00+00:00,11550.168
2025-06-07 23:30:00+00:00,11550.168
2025-06-07 23:45:00+00:00,11550.168
2025-06-08 00:00:00+00:00,11550.168
2025-06-08 00:15:00+00:00,11550.168
2025-06-08 00:30:00+00:00,11781.1713
2025-06-08 00:45:00+00:00,11781.1713
2025-06-08 01:00:00+00:00,11781.1713
2025-06-08 01:15:00+00:00,11781.1713
2025-06-08 01:30:00+00:00,11781.1713
2025-06-08 01:45:00+00:00,11781.1713
2025-06-08 02:00:00+00:00,11663.3596
2025-06-08 02:15:00+00:00,11663.3596
2025-06-08 02:30:00+00:00,11663.3596
2025-06-08 02:45:00+00:00,11663.3596
2025-06-08 03:00:00+00:00,11663.3596
2025-06-08 03:15:00+00:00,11663.3596
2025-06-08 03:30:00+00:00,11663.3596
2025-06-08 03:45:00+00:00,11663.3596
2025-06-08 04:00:00+00:00,11663.3596
2025-06-08 04:15:00+00:00,11663.3596
2025-06-08 04:30:00+00:00,11663.3596
2025-06-08 04:45:00+00:00,11663.3596
2025-06-08 05:00:00+00:00,11663.3596
2025-06-08 05:15:00+00:00,11663.3596
2025-06-08 05:30:00+00:00,11663.3596
2025-06-08 05:45:00+00:00,11663.3596
2025-06-08 06:00:00+00:00,11663.3596
2025-06-08 06:15:00+00:00,11663.3596
2025-06-08 06:30:00+00:00,11663.3596
2025-06-08 06:45:00+00:00,11663.3596
2025-06-08 07:00:00+00:00,11663.3596
2025-06-08 07:15:00+00:00,11663.3596
2025-06-08 07:30:00+00:00,11663.3596
2025-06-08 07:45:00+00:00,11663.3596
2025-06-08 08:00:00+00:00,11663.3596
2025-06-08 08:15:00+00:00,11663.3596
2025-06-08 08:30:00+00:00,11663.3596
2025-06-08 08:45:00+00:00,11663.3596
2025-06-08 09:00:00+00:00,11663.3596
2025-06-08 09:15:00+00:00,11663.3596
2025-06-08 09:30:00+00:00,11663.3596
2025-06-08 09:45:00+00:00,11663.3596
2025-06-08 10:00:00+00:00,11663.3596
2025-06-08 10:15:00+00:00,11663.3596
2025-06-08 10:30:00+00:00,11663.3596
2025-06-08 10:45:00+00:00,11663.3596
2025-06-08 11:00:00+00:00,11663.3596
2025-06-08 11:15:00+00:00,11663.3596
2025-06-08 11:30:00+00:00,11663.3596
2025-06-08 11:45:00+00:00,11663.3596
2025-06-08 12:00:00+00:00,11663.3596
2025-06-08 12:15:00+00:00,11663.3596
2025-06-08 12:30:00+00:00,11663.3596
2025-06-08 12:45:00+00:00,11663.3596
2025-06-08 13:00:00+00:00,11663.3596
2025-06-08 13:15:00+00:00,11663.3596
2025-06-08 13:30:00+00:00,11663.3596
2025-06-08 13:45:00+00:00,11546.726
2025-06-08 14:00:00+00:00,11546.726
2025-06-08 14:15:00+00:00,11546.726
2025-06-08 14:30:00+00:00,11546.726
2025-06-08 14:45:00+00:00,11546.726
2025-06-08 15:00:00+00:00,11777.6605
2025-06-08 15:15:00+00:00,11777.6605
2025-06-08 15:30:00+00:00,11777.6605
2025-06-08 15:45:00+00:00,11777.6605
2025-06-08 16:00:00+00:00,11777.6605
2025-06-08 16:15:00+00:00,11777.6605
2025-06-08 16:30:00+00:00,11777.6605
2025-06-08 16:45:00+00:00,11777.6605
2025-06-08 17:00:00+00:00,11777.6605
2025-06-08 17:15:00+00:00,11777.6605
2025-06-08 17:30:00+00:00,11777.6605
2025-06-08 17:45:00+00:00,11777.6605
2025-06-08 18:00:00+00:00,11777.6605
2025-06-08 18:15:00+00:00,11777.6605
2025-06-08 18:30:00+00:00,11777.6605
2025-06-08 18:45:00+00:00,11777.6605
2025-06-08 19:00:00+00:00,11777.6605
2025-06-08 19:15:00+00:00,11777.6605
2025-06-08 19:30:00+00:00,11777.6605
2025-06-08 19:45:00+00:00,11777.6605
2025-06-08 20:00:00+00:00,11777.6605
2025-06-08 20:15:00+00:00,11777.6605
2025-06-08 20:30:00+00:00,11777.6605
2025-06-08 20:45:00+00:00,11777.6605
2025-06-08 21:00:00+00:00,11777.6605
2025-06-08 21:15:00+00:00,11777.6605
2025-06-08 21:30:00+00:00,11777.6605
2025-06-08 21:45:00+00:00,11777.6605
2025-06-08 22:00:00+00:00,11777.6605
2025-06-08 22:15:00+00:00,11777.6605
2025-06-08 22:30:00+00:00,11777.6605
2025-06-08 22:45:00+00:00,11777.6605
2025-06-08 23:00:00+00:00,11777.6605
2025-06-08 23:15:00+00:00,11777.6605
2025-06-08 23:30:00+00:00,11777.6605
2025-06-08 23:45:00+00:00,11777.6605
2025-06-09 00:00:00+00:00,11777.6605
2025-06-09 00:15:00+00:00,11777.6605
2025-06-09 00:30:00+00:00,11777.6605
2025-06-09 00:45:00+00:00,11777.6605
2025-06-09 01:00:00+00:00,11777.6605
2025-06-09 01:15:00+00:00,11777.6605
2025-06-09 01:30:00+00:00,11777.6605
2025-06-09 01:45:00+00:00,11777.6605
2025-06-09 02:00:00+00:00,11777.6605
2025-06-09 02:15:00+00:00,11777.6605
2025-06-09 02:30:00+00:00,11777.6605
2025-06-09 02:45:00+00:00,11777.6605
2025-06-09 03:00:00+00:00,11777.6605
2025-06-09 03:15:00+00:00,11777.6605
2025-06-09 03:30:00+00:00,11777.6605
2025-06-09 03:45:00+00:00,11777.6605
2025-06-09 04:00:00+00:00,11777.6605
2025-06-09 04:15:00+00:00,11777.6605
2025-06-09 04:30:00+00:00,11777.6605
2025-06-09 04:45:00+00:00,11777.6605
2025-06-09 05:00:00+00:00,11777.6605
2025-06-09 05:15:00+00:00,11777.6605
2025-06-09 05:30:00+00:00,11777.6605
2025-06-09 05:45:00+00:00,11777.6605
2025-06-09 06:00:00+00:00,11777.6605
2025-06-09 06:15:00+00:00,11777.6605
2025-06-09 06:30:00+00:00,11777.6605
2025-06-09 06:45:00+00:00,11777.6605
2025-06-09 07:00:00+00:00,11777.6605
2025-06-09 07:15:00+00:00,11777.6605
2025-06-09 07:30:00+00:00,11777.6605
2025-06-09 07:45:00+00:00,11777.6605
2025-06-09 08:00:00+00:00,11777.6605
2025-06-09 08:15:00+00:00,11777.6605
2025-06-09 08:30:00+00:00,11777.6605
2025-06-09 08:45:00+00:00,11777.6605
2025-06-09 09:00:00+00:00,11777.6605
2025-06-09 09:15:00+00:00,11777.6605
2025-06-09 09:30:00+00:00,11777.6605
2025-06-09 09:45:00+00:00,11777.6605
2025-06-09 10:00:00+00:00,11777.6605
2025-06-09 10:15:00+00:00,11777.6605
2025-06-09 10:30:00+00:00,11777.6605
2025-06-09 10:45:00+00:00,11777.6605
2025-06-09 11:00:00+00:00,11777.6605
2025-06-09 11:15:00+00:00,11777.6605
2025-06-09 11:30:00+00:00,11777.6605
2025-06-09 11:45:00+00:00,11777.6605
2025-06-09 12:00:00+00:00,11777.6605
2025-06-09 12:15:00+00:00,11777.6605
2025-06-09 12:30:00+00:00,11777.6605
2025-06-09 12:45:00+00:00,11777.6605
2025-06-09 13:00:00+00:00,11777.6605
2025-06-09 13:15:00+00:00,11777.6605
2025-06-09 13:30:00+00:00,11777.6605
2025-06-09 13:45:00+00:00,11777.6605
2025-06-09 14:00:00+00:00,11777.6605
2025-06-09 14:15:00+00:00,11777.6605
2025-06-09 14:30:00+00:00,11777.6605
2025-06-09 14:45:00+00:00,11777.6605
2025-06-09 15:00:00+00:00,11777.6605
2025-06-09 15:15:00+00:00,11777.6605
2025-06-09 15:30:00+00:00,11777.6605
2025-06-09 15:45:00+00:00,11777.6605
2025-06-09 16:00:00+00:00,11777.6605
2025-06-09 16:15:00+00:00,11777.6605
2025-06-09 16:30:00+00:00,11777.6605
2025-06-09 16:45:00+00:00,11777.6605
2025-06-09 17:00:00+00:00,11777.6605
2025-06-09 17:15:00+00:00,11777.6605
2025-06-09 17:30:00+00:00,11777.6605
2025-06-09 17:45:00+00:00,12013.2138
2025-06-09 18:00:00+00:00,12013.2138
2025-06-09 18:15:00+00:00,12013.2138
2025-06-09 18:30:00+00:00,12013.2138
2025-06-09 18:45:00+00:00,12013.2138
2025-06-09 19:00:00+00:00,12013.2138
2025-06-09 19:15:00+00:00,12013.2138
2025-06-09 19:30:00+00:00,12013.2138
2025-06-09 19:45:00+00:00,12013.2138
2025-06-09 20:00:00+00:00,12013.2138
2025-06-09 20:15:00+00:00,12013.2138
2025-06-09 20:30:00+00:00,12013.2138
2025-06-09 20:45:00+00:00,12013.2138
2025-06-09 21:00:00+00:00,12013.2138
2025-06-09 21:15:00+00:00,12013.2138
2025-06-09 21:30:00+00:00,12013.2138
2025-06-09 21:45:00+00:00,12013.2138
2025-06-09 22:00:00+00:00,12013.2138
2025-06-09 22:15:00+00:00,12013.2138
2025-06-09 22:30:00+00:00,12013.2138
2025-06-09 22:45:00+00:00,12013.2138
2025-06-09 23:00:00+00:00,12013.2138
2025-06-09 23:15:00+00:00,12013.2138
2025-06-09 23:30:00+00:00,12013.2138
2025-06-09 23:45:00+00:00,12013.2138
2025-06-10 00:00:00+00:00,12013.2138
2025-06-10 00:15:00+00:00,12013.2138
2025-06-10 00:30:00+00:00,12013.2138
2025-06-10 00:45:00+00:00,12013.2138
2025-06-10 01:00:00+00:00,12013.2138
2025-06-10 01:15:00+00:00,12013.2138
2025-06-10 01:30:00+00:00,12013.2138
2025-06-10 01:45:00+00:00,12013.2138
2025-06-10 02:00:00+00:00,12013.2138
2025-06-10 02:15:00+00:00,12013.2138
2025-06-10 02:30:00+00:00,12013.2138
2025-06-10 02:45:00+00:00,12013.2138
2025-06-10 03:00:00+00:00,12013.2138
2025-06-10 03:15:00+00:00,12013.2138
2025-06-10 03:30:00+00:00,12013.2138
2025-06-10 03:45:00+00:00,12013.2138
2025-06-10 04:00:00+00:00,12013.2138
2025-06-10 04:15:00+00:00,12013.2138
2025-06-10 04:30:00+00:00,12013.2138
2025-06-10 04:45:00+00:00,12013.2138
2025-06-10 05:00:00+00:00,12013.2138
2025-06-10 05:15:00+00:00,12013.2138
2025-06-10 05:30:00+00:00,12013.2138
2025-06-10 05:45:00+00:00,12013.2138
2025-06-10 06:00:00+00:00,12013.2138
2025-06-10 06:15:00+00:00,12013.2138
2025-06-10 06:30:00+00:00,12013.2138
2025-06-10 06:45:00+00:00,12013.2138
2025-06-10 07:00:00+00:00,12013.2138
2025-06-10 07:15:00+00:00,12013.2138
2025-06-10 07:30:00+00:00,12013.2138
2025-06-10 07:45:00+00:00,12013.2138
2025-06-10 08:00:00+00:00,12013.2138
2025-06-10 08:15:00+00:00,12013.2138
2025-06-10 08:30:00+00:00,12013.2138
2025-06-10 08:45:00+00:00,12013.2138
2025-06-10 09:00:00+00:00,12013.2138
2025-06-10 09:15:00+00:00,12013.2138
2025-06-10 09:30:00+00:00,12013.2138
2025-06-10 09:45:00+00:00,12013.2138
2025-06-10 10:00:00+00:00,12013.2138
2025-06-10 10:15:00+00:00,12013.2138
2025-06-10 10:30:00+00:00,11893.0816
2025-06-10 10:45:00+00:00,11893.0816
2025-06-10 11:00:00+00:00,12130.9432
2025-06-10 11:15:00+00:00,12130.9432
2025-06-10 11:30:00+00:00,12130.9432
2025-06-10 11:45:00+00:00,12130.9432
2025-06-10 12:00:00+00:00,12130.9432
2025-06-10 12:15:00+00:00,12130.9432
2025-06-10 12:30:00+00:00,12130.9432
2025-06-10 12:45:00+00:00,12130.9432
2025-06-10 13:00:00+00:00,12130.9432
2025-06-10 13:15:00+00:00,12130.9432
2025-06-10 13:30:00+00:00,12009.6338
2025-06-10 13:45:00+00:00,12009.6338
2025-06-10 14:00:00+00:00,12009.6338
2025-06-10 14:15:00+00:00,12009.6338
2025-06-10 14:30:00+00:00,12009.6338
2025-06-10 14:45:00+00:00,12009.6338
2025-06-10 15:00:00+00:00,12009.6338
2025-06-10 15:15:00+00:00,12009.6338
2025-06-10 15:30:00+00:00,11889.5375
2025-06-10 15:45:00+00:00,11889.5375
2025-06-10 16:00:00+00:00,11889.5375
2025-06-10 16:15:00+00:00,11889.5375
2025-06-10 16:30:00+00:00,11889.5375
2025-06-10 16:45:00+00:00,11889.5375
2025-06-10 17:00:00+00:00,11889.5375
2025-06-10 17:15:00+00:00,11889.5375
2025-06-10 17:30:00+00:00,11889.5375
2025-06-10 17:45:00+00:00,11770.6421
2025-06-10 18:00:00+00:00,11770.6421
2025-06-10 18:15:00+00:00,11770.6421
2025-06-10 18:30:00+00:00,11770.6421
2025-06-10 18:45:00+00:00,11770.6421
2025-06-10 19:00:00+00:00,11770.6421
2025-06-10 19:15:00+00:00,11770.6421
2025-06-10 19:30:00+00:00,11770.6421
2025-06-10 19:45:00+00:00,11770.6421
2025-06-10 20:00:00+00:00,11770.6421
2025-06-10 20:15:00+00:00,11770.6421
2025-06-10 20:30:00+00:00,11770.6421
2025-06-10 20:45:00+00:00,11652.9357
2025-06-10 21:00:00+00:00,11652.9357
2025-06-10 21:15:00+00:00,11652.9357
2025-06-10 21:30:00+00:00,11652.9357
2025-06-10 21:45:00+00:00,11652.9357
2025-06-10 22:00:00+00:00,11652.9357
2025-06-10 22:15:00+00:00,11652.9357
2025-06-10 22:30:00+00:00,11652.9357
2025-06-10 22:45:00+00:00,11652.9357
2025-06-10 23:00:00+00:00,11652.9357
2025-06-10 23:15:00+00:00,11652.9357
2025-06-10 23:30:00+00:00,11652.9357
2025-06-10 23:45:00+00:00,11652.9357
2025-06-11 00:00:00+00:00,11652.9357
2025-06-11 00:15:00+00:00,11652.9357
2025-06-11 00:30:00+00:00,11652.9357
2025-06-11 00:45:00+00:00,11652.9357
2025-06-11 01:00:00+00:00,11652.9357
2025-06-11 01:15:00+00:00,11652.9357
2025-06-11 01:30:00+00:00,11652.9357
2025-06-11 01:45:00+00:00,11652.9357
2025-06-11 02:00:00+00:00,11652.9357
2025-06-11 02:15:00+00:00,11652.9357
2025-06-11 02:30:00+00:00,11652.9357
2025-06-11 02:45:00+00:00,11652.9357
2025-06-11 03:00:00+00:00,11652.9357
2025-06-11 03:15:00+00:00,11652.9357
2025-06-11 03:30:00+00:00,11536.4063
2025-06-11 03:45:00+00:00,11536.4063
2025-06-11 04:00:00+00:00,11421.0423
2025-06-11 04:15:00+00:00,11421.0423
2025-06-11 04:30:00+00:00,11421.0423
2025-06-11 04:45:00+00:00,11306.8318
2025-06-11 05:00:00+00:00,11306.8318
2025-06-11 05:15:00+00:00,11306.8318
2025-06-11 05:30:00+00:00,11306.8318
2025-06-11 05:45:00+00:00,11306.8318
2025-06-11 06:00:00+00:00,11306.8318
2025-06-11 06:15:00+00:00,11193.7635
2025-06-11 06:30:00+00:00,11193.7635
2025-06-11 06:45:00+00:00,11193.7635
2025-06-11 07:00:00+00:00,11193.7635
2025-06-11 07:15:00+00:00,11081.8259
2025-06-11 07:30:00+00:00,11081.8259
2025-06-11 07:45:00+00:00,11081.8259
2025-06-11 08:00:00+00:00,11081.8259
2025-06-11 08:15:00+00:00,11081.8259
2025-06-11 08:30:00+00:00,11081.8259
2025-06-11 08:45:00+00:00,11081.8259
2025-06-11 09:00:00+00:00,10971.0076
2025-06-11 09:15:00+00:00,10971.0076
2025-06-11 09:30:00+00:00,10971.0076
2025-06-11 09:45:00+00:00,10971.0076
2025-06-11 10:00:00+00:00,10971.0076
2025-06-11 10:15:00+00:00,10971.0076
2025-06-11 10:30:00+00:00,10971.0076
2025-06-11 10:45:00+00:00,10971.0076
2025-06-11 11:00:00+00:00,10971.0076
2025-06-11 11:15:00+00:00,10971.0076
2025-06-11 11:30:00+00:00,10971.0076
2025-06-11 11:45:00+00:00,10971.0076
2025-06-11 12:00:00+00:00,10971.0076
2025-06-11 12:15:00+00:00,10971.0076
2025-06-11 12:30:00+00:00,10971.0076
2025-06-11 12:45:00+00:00,10971.0076
2025-06-11 13:00:00+00:00,10971.0076
2025-06-11 13:15:00+00:00,10971.0076
2025-06-11 13:30:00+00:00,10971.0076
2025-06-11 13:45:00+00:00,10971.0076
2025-06-11 14:00:00+00:00,10971.0076
2025-06-11 14:15:00+00:00,10971.0076
2025-06-11 14:30:00+00:00,10971.0076
2025-06-11 14:45:00+00:00,10971.0076
2025-06-11 15:00:00+00:00,10971.0076
2025-06-11 15:15:00+00:00,10971.0076
2025-06-11 15:30:00+00:00,10971.0076
2025-06-11 15:45:00+00:00,10971.0076
2025-06-11 16:00:00+00:00,10861.2975
2025-06-11 16:15:00+00:00,10861.2975
2025-06-11 16:30:00+00:00,10861.2975
2025-06-11 16:45:00+00:00,10861.2975
2025-06-11 17:00:00+00:00,10861.2975
2025-06-11 17:15:00+00:00,10861.2975
2025-06-11 17:30:00+00:00,10861.2975
2025-06-11 17:45:00+00:00,10861.2975
2025-06-11 18:00:00+00:00,10861.2975
2025-06-11 18:15:00+00:00,10861.2975
2025-06-11 18:30:00+00:00,10861.2975
2025-06-11 18:45:00+00:00,10861.2975
2025-06-11 19:00:00+00:00,10861.2975
2025-06-11 19:15:00+00:00,10861.2975
2025-06-11 19:30:00+00:00,10861.2975
2025-06-11 19:45:00+00:00,10861.2975
2025-06-11 20:00:00+00:00,10861.2975
2025-06-11 20:15:00+00:00,10861.2975
2025-06-11 20:30:00+00:00,10861.2975
2025-06-11 20:45:00+00:00,10861.2975
2025-06-11 21:00:00+00:00,10861.2975
2025-06-11 21:15:00+00:00,10861.2975
2025-06-11 21:30:00+00:00,10861.2975
2025-06-11 21:45:00+00:00,10861.2975
2025-06-11 22:00:00+00:00,10861.2975
2025-06-11 22:15:00+00:00,10861.2975
2025-06-11 22:30:00+00:00,10861.2975
2025-06-11 22:45:00+00:00,10861.2975
2025-06-11 23:00:00+00:00,10861.2975
2025-06-11 23:15:00+00:00,10861.2975
2025-06-11 23:30:00+00:00,10861.2975
2025-06-11 23:45:00+00:00,10861.2975
2025-06-12 00:00:00+00:00,10861.2975
2025-06-12 00:15:00+00:00,10861.2975
2025-06-12 00:30:00+00:00,10861.2975
2025-06-12 00:45:00+00:00,10861.2975
2025-06-12 01:00:00+00:00,10861.2975
2025-06-12 01:15:00+00:00,10861.2975
2025-06-12 01:30:00+00:00,10861.2975
2025-06-12 01:45:00+00:00,10861.2975
2025-06-12 02:00:00+00:00,10861.2975
2025-06-12 02:15:00+00:00,10861.2975
2025-06-12 02:30:00+00:00,10861.2975
2025-06-12 02:45:00+00:00,10861.2975
2025-06-12 03:00:00+00:00,10861.2975
2025-06-12 03:15:00+00:00,10861.2975
2025-06-12 03:30:00+00:00,10861.2975
2025-06-12 03:45:00+00:00,10861.2975
2025-06-12 04:00:00+00:00,10861.2975
2025-06-12 04:15:00+00:00,10861.2975
2025-06-12 04:30:00+00:00,10861.2975
2025-06-12 04:45:00+00:00,10861.2975
2025-06-12 05:00:00+00:00,10861.2975
2025-06-12 05:15:00+00:00,10861.2975
2025-06-12 05:30:00+00:00,10861.2975
2025-06-12 05:45:00+00:00,10861.2975
2025-06-12 06:00:00+00:00,10861.2975
2025-06-12 06:15:00+00:00,10861.2975
2025-06-12 06:30:00+00:00,10861.2975
2025-06-12 06:45:00+00:00,10861.2975
2025-06-12 07:00:00+00:00,10861.2975
2025-06-12 07:15:00+00:00,10861.2975
2025-06-12 07:30:00+00:00,10861.2975
2025-06-12 07:45:00+00:00,10861.2975
2025-06-12 08:00:00+00:00,10861.2975
2025-06-12 08:15:00+00:00,10861.2975
2025-06-12 08:30:00+00:00,10861.2975
2025-06-12 08:45:00+00:00,10861.2975
2025-06-12 09:00:00+00:00,10861.2975
2025-06-12 09:15:00+00:00,10861.2975
2025-06-12 09:30:00+00:00,10861.2975
2025-06-12 09:45:00+00:00,10861.2975
2025-06-12 10:00:00+00:00,10861.2975
2025-06-12 10:15:00+00:00,10861.2975
2025-06-12 10:30:00+00:00,10861.2975
2025-06-12 10:45:00+00:00,10861.2975
2025-06-12 11:00:00+00:00,10861.2975
2025-06-12 11:15:00+00:00,10861.2975
2025-06-12 11:30:00+00:00,11078.5235
2025-06-12 11:45:00+00:00,11078.5235
2025-06-12 12:00:00+00:00,11078.5235
2025-06-12 12:15:00+00:00,11078.5235
2025-06-12 12:30:00+00:00,11078.5235
2025-06-12 12:45:00+00:00,11078.5235
2025-06-12 13:00:00+00:00,11078.5235
2025-06-12 13:15:00+00:00,11078.5235
2025-06-12 13:30:00+00:00,11078.5235
2025-06-12 13:45:00+00:00,11078.5235
2025-06-12 14:00:00+00:00,11078.5235
2025-06-12 14:15:00+00:00,11078.5235
2025-06-12 14:30:00+00:00,11078.5235
2025-06-12 14:45:00+00:00,11078.5235
2025-06-12 15:00:00+00:00,11078.5235
2025-06-12 15:15:00+00:00,11078.5235
2025-06-12 15:30:00+00:00,11078.5235
2025-06-12 15:45:00+00:00,11078.5235
2025-06-12 16:00:00+00:00,11078.5235
2025-06-12 16:15:00+00:00,10967.7383
2025-06-12 16:30:00+00:00,10967.7383
2025-06-12 16:45:00+00:00,10967.7383
2025-06-12 17:00:00+00:00,10967.7383
2025-06-12 17:15:00+00:00,10967.7383
2025-06-12 17:30:00+00:00,10967.7383
2025-06-12 17:45:00+00:00,10967.7383
2025-06-12 18:00:00+00:00,10967.7383
2025-06-12 18:15:00+00:00,10967.7383
2025-06-12 18:30:00+00:00,10967.7383
2025-06-12 18:45:00+00:00,10967.7383
2025-06-12 19:00:00+00:00,10967.7383
2025-06-12 19:15:00+00:00,10967.7383
2025-06-12 19:30:00+00:00,10967.7383
2025-06-12 19:45:00+00:00,11187.093
2025-06-12 20:00:00+00:00,11187.093
2025-06-12 20:15:00+00:00,11187.093
2025-06-12 20:30:00+00:00,11187.093
2025-06-12 20:45:00+00:00,11187.093
2025-06-12 21:00:00+00:00,11187.093
2025-06-12 21:15:00+00:00,11187.093
2025-06-12 21:30:00+00:00,11187.093
2025-06-12 21:45:00+00:00,11187.093
2025-06-12 22:00:00+00:00,11187.093
2025-06-12 22:15:00+00:00,11187.093
2025-06-12 22:30:00+00:00,11187.093
2025-06-12 22:45:00+00:00,11187.093
2025-06-12 23:00:00+00:00,11187.093
2025-06-12 23:15:00+00:00,11187.093
2025-06-12 23:30:00+00:00,11187.093
2025-06-12 23:45:00+00:00,11187.093
2025-06-13 00:00:00+00:00,11410.8349
2025-06-13 00:15:00+00:00,11410.8349
2025-06-13 00:30:00+00:00,11410.8349
2025-06-13 00:45:00+00:00,11410.8349
2025-06-13 01:00:00+00:00,11410.8349
2025-06-13 01:15:00+00:00,11410.8349
2025-06-13 01:30:00+00:00,11410.8349
2025-06-13 01:45:00+00:00,11410.8349
2025-06-13 02:00:00+00:00,11410.8349
2025-06-13 02:15:00+00:00,11410.8349
2025-06-13 02:30:00+00:00,11410.8349
2025-06-13 02:45:00+00:00,11410.8349
2025-06-13 03:00:00+00:00,11410.8349
2025-06-13 03:15:00+00:00,11410.8349
2025-06-13 03:30:00+00:00,11410.8349
2025-06-13 03:45:00+00:00,11410.8349
2025-06-13 04:00:00+00:00,11410.8349
2025-06-13 04:15:00+00:00,11410.8349
2025-06-13 04:30:00+00:00,11410.8349
2025-06-13 04:45:00+00:00,11410.8349
2025-06-13 05:00:00+00:00,11410.8349
2025-06-13 05:15:00+00:00,11410.8349
2025-06-13 05:30:00+00:00,11410.8349
2025-06-13 05:45:00+00:00,11410.8349
2025-06-13 06:00:00+00:00,11410.8349
2025-06-13 06:15:00+00:00,11410.8349
2025-06-13 06:30:00+00:00,11410.8349
2025-06-13 06:45:00+00:00,11410.8349
2025-06-13 07:00:00+00:00,11410.8349
2025-06-13 07:15:00+00:00,11410.8349
2025-06-13 07:30:00+00:00,11410.8349
2025-06-13 07:45:00+00:00,11410.8349
2025-06-13 08:00:00+00:00,11410.8349
2025-06-13 08:15:00+00:00,11410.8349
2025-06-13 08:30:00+00:00,11410.8349
2025-06-13 08:45:00+00:00,11410.8349
2025-06-13 09:00:00+00:00,11410.8349
2025-06-13 09:15:00+00:00,11410.8349
2025-06-13 09:30:00+00:00,11410.8349
2025-06-13 09:45:00+00:00,11410.8349
2025-06-13 10:00:00+00:00,11410.8349
2025-06-13 10:15:00+00:00,11410.8349
2025-06-13 10:30:00+00:00,11410.8349
2025-06-13 10:45:00+00:00,11410.8349
2025-06-13 11:00:00+00:00,11410.8349
2025-06-13 11:15:00+00:00,11410.8349
2025-06-13 11:30:00+00:00,11410.8349
2025-06-13 11:45:00+00:00,11410.8349
2025-06-13 12:00:00+00:00,11410.8349
2025-06-13 12:15:00+00:00,11410.8349
2025-06-13 12:30:00+00:00,11410.8349
2025-06-13 12:45:00+00:00,11410.8349
2025-06-13 13:00:00+00:00,11410.8349
2025-06-13 13:15:00+00:00,11410.8349
2025-06-13 13:30:00+00:00,11410.8349
2025-06-13 13:45:00+00:00,11410.8349
2025-06-13 14:00:00+00:00,11410.8349
2025-06-13 14:15:00+00:00,11410.8349
2025-06-13 14:30:00+00:00,11410.8349
2025-06-13 14:45:00+00:00,11410.8349
2025-06-13 15:00:00+00:00,11296.7265
2025-06-13 15:15:00+00:00,11296.7265
2025-06-13 15:30:00+00:00,11296.7265
2025-06-13 15:45:00+00:00,11296.7265
2025-06-13 16:00:00+00:00,11296.7265
2025-06-13 16:15:00+00:00,11296.7265
2025-06-13 16:30:00+00:00,11296.7265
2025-06-13 16:45:00+00:00,11296.7265
2025-06-13 17:00:00+00:00,11296.7265
2025-06-13 17:15:00+00:00,11296.7265
2025-06-13 17:30:00+00:00,11296.7265
2025-06-13 17:45:00+00:00,11296.7265
2025-06-13 18:00:00+00:00,11296.7265
2025-06-13 18:15:00+00:00,11296.7265
2025-06-13 18:30:00+00:00,11296.7265
2025-06-13 18:45:00+00:00,11296.7265
2025-06-13 19:00:00+00:00,11296.7265
2025-06-13 19:15:00+00:00,11296.7265
2025-06-13 19:30:00+00:00,11296.7265
2025-06-13 19:45:00+00:00,11296.7265
2025-06-13 20:00:00+00:00,11296.7265
2025-06-13 20:15:00+00:00,11296.7265
2025-06-13 20:30:00+00:00,11296.7265
2025-06-13 20:45:00+00:00,11296.7265
2025-06-13 21:00:00+00:00,11296.7265
2025-06-13 21:15:00+00:00,11296.7265
2025-06-13 21:30:00+00:00,11296.7265
2025-06-13 21:45:00+00:00,11183.7593
2025-06-13 22:00:00+00:00,11183.7593
2025-06-13 22:15:00+00:00,11183.7593
2025-06-13 22:30:00+00:00,11183.7593
2025-06-13 22:45:00+00:00,11183.7593
2025-06-13 23:00:00+00:00,11183.7593
2025-06-13 23:15:00+00:00,11183.7593
2025-06-13 23:30:00+00:00,11183.7593
2025-06-13 23:45:00+00:00,11183.7593
2025-06-14 00:00:00+00:00,11183.7593
2025-06-14 00:15:00+00:00,11183.7593
2025-06-14 00:30:00+00:00,11183.7593
2025-06-14 00:45:00+00:00,11183.7593
2025-06-14 01:00:00+00:00,11183.7593
2025-06-14 01:15:00+00:00,11183.7593
2025-06-14 01:30:00+00:00,11183.7593
2025-06-14 01:45:00+00:00,11183.7593
2025-06-14 02:00:00+00:00,11183.7593
2025-06-14 02:15:00+00:00,11183.7593
2025-06-14 02:30:00+00:00,11183.7593
2025-06-14 02:45:00+00:00,11183.7593
2025-06-14 03:00:00+00:00,11183.7593
2025-06-14 03:15:00+00:00,11183.7593
2025-06-14 03:30:00+00:00,11183.7593
2025-06-14 03:45:00+00:00,11071.9217
2025-06-14 04:00:00+00:00,11071.9217
2025-06-14 04:15:00+00:00,11071.9217
2025-06-14 04:30:00+00:00,11071.9217
2025-06-14 04:45:00+00:00,11071.9217
2025-06-14 05:00:00+00:00,11071.9217
2025-06-14 05:15:00+00:00,11071.9217
2025-06-14 05:30:00+00:00,11071.9217
2025-06-14 05:45:00+00:00,11071.9217
2025-06-14 06:00:00+00:00,11071.9217
2025-06-14 06:15:00+00:00,11071.9217
2025-06-14 06:30:00+00:00,11071.9217
2025-06-14 06:45:00+00:00,11071.9217
2025-06-14 07:00:00+00:00,11071.9217
2025-06-14 07:15:00+00:00,11071.9217
2025-06-14 07:30:00+00:00,10961.2025
2025-06-14 07:45:00+00:00,10961.2025
2025-06-14 08:00:00+00:00,11180.4265
2025-06-14 08:15:00+00:00,11180.4265
2025-06-14 08:30:00+00:00,11180.4265
2025-06-14 08:45:00+00:00,11180.4265
2025-06-14 09:00:00+00:00,11180.4265
2025-06-14 09:15:00+00:00,11180.4265
2025-06-14 09:30:00+00:00,11180.4265
2025-06-14 09:45:00+00:00,11180.4265
2025-06-14 10:00:00+00:00,11180.4265
2025-06-14 10:15:00+00:00,11180.4265
2025-06-14 10:30:00+00:00,11180.4265
2025-06-14 10:45:00+00:00,11180.4265
2025-06-14 11:00:00+00:00,11180.4265
2025-06-14 11:15:00+00:00,11180.4265
2025-06-14 11:30:00+00:00,11180.4265
2025-06-14 11:45:00+00:00,11180.4265
2025-06-14 12:00:00+00:00,11180.4265
2025-06-14 12:15:00+00:00,11180.4265
2025-06-14 12:30:00+00:00,11180.4265
2025-06-14 12:45:00+00:00,11180.4265
2025-06-14 13:00:00+00:00,11068.6222
2025-06-14 13:15:00+00:00,11068.6222
2025-06-14 13:30:00+00:00,11068.6222
2025-06-14 13:45:00+00:00,11068.6222
2025-06-14 14:00:00+00:00,11068.6222
2025-06-14 14:15:00+00:00,11068.6222
2025-06-14 14:30:00+00:00,11289.9947
2025-06-14 14:45:00+00:00,11289.9947
2025-06-14 15:00:00+00:00,11289.9947
2025-06-14 15:15:00+00:00,11289.9947
2025-06-14 15:30:00+00:00,11289.9947
2025-06-14 15:45:00+00:00,11289.9947
2025-06-14 16:00:00+00:00,11289.9947
2025-06-14 16:15:00+00:00,11289.9947
2025-06-14 16:30:00+00:00,11289.9947
2025-06-14 16:45:00+00:00,11515.7946
2025-06-14 17:00:00+00:00,11515.7946
2025-06-14 17:15:00+00:00,11515.7946
2025-06-14 17:30:00+00:00,11515.7946
2025-06-14 17:45:00+00:00,11515.7946
2025-06-14 18:00:00+00:00,11400.6366
2025-06-14 18:15:00+00:00,11400.6366
2025-06-14 18:30:00+00:00,11400.6366
2025-06-14 18:45:00+00:00,11400.6366
2025-06-14 19:00:00+00:00,11400.6366
2025-06-14 19:15:00+00:00,11400.6366
2025-06-14 19:30:00+00:00,11400.6366
2025-06-14 19:45:00+00:00,11400.6366
2025-06-14 20:00:00+00:00,11400.6366
2025-06-14 20:15:00+00:00,11400.6366
2025-06-14 20:30:00+00:00,11286.6303
2025-06-14 20:45:00+00:00,11286.6303
2025-06-14 21:00:00+00:00,11286.6303
2025-06-14 21:15:00+00:00,11286.6303
2025-06-14 21:30:00+00:00,11286.6303
2025-06-14 21:45:00+00:00,11286.6303
2025-06-14 22:00:00+00:00,11286.6303
2025-06-14 22:15:00+00:00,11286.6303
2025-06-14 22:30:00+00:00,11286.6303
2025-06-14 22:45:00+00:00,11286.6303
2025-06-14 23:00:00+00:00,11286.6303
2025-06-14 23:15:00+00:00,11286.6303
2025-06-14 23:30:00+00:00,11286.6303
2025-06-14 23:45:00+00:00,11286.6303
2025-06-15 00:00:00+00:00,11286.6303
2025-06-15 00:15:00+00:00,11286.6303
2025-06-15 00:30:00+00:00,11286.6303
2025-06-15 00:45:00+00:00,11286.6303
2025-06-15 01:00:00+00:00,11286.6303
2025-06-15 01:15:00+00:00,11286.6303
2025-06-15 01:30:00+00:00,11286.6303
2025-06-15 01:45:00+00:00,11286.6303
2025-06-15 02:00:00+00:00,11286.6303
2025-06-15 02:15:00+00:00,11286.6303
2025-06-15 02:30:00+00:00,11286.6303
2025-06-15 02:45:00+00:00,11286.6303
2025-06-15 03:00:00+00:00,11286.6303
2025-06-15 03:15:00+00:00,11286.6303
2025-06-15 03:30:00+00:00,11286.6303
2025-06-15 03:45:00+00:00,11286.6303
2025-06-15 04:00:00+00:00,11286.6303
2025-06-15 04:15:00+00:00,11286.6303
2025-06-15 04:30:00+00:00,11286.6303
2025-06-15 04:45:00+00:00,11286.6303
2025-06-15 05:00:00+00:00,11286.6303
2025-06-15 05:15:00+00:00,11286.6303
2025-06-15 05:30:00+00:00,11286.6303
2025-06-15 05:45:00+00:00,11286.6303
2025-06-15 06:00:00+00:00,11286.6303
2025-06-15 06:15:00+00:00,11286.6303
2025-06-15 06:30:00+00:00,11286.6303
2025-06-15 06:45:00+00:00,11286.6303
2025-06-15 07:00:00+00:00,11286.6303
2025-06-15 07:15:00+00:00,11286.6303
2025-06-15 07:30:00+00:00,11286.6303
2025-06-15 07:45:00+00:00,11286.6303
2025-06-15 08:00:00+00:00,11286.6303
2025-06-15 08:15:00+00:00,11286.6303
2025-06-15 08:30:00+00:00,11286.6303
2025-06-15 08:45:00+00:00,11286.6303
2025-06-15 09:00:00+00:00,11286.6303
2025-06-15 09:15:00+00:00,11286.6303
2025-06-15 09:30:00+00:00,11286.6303
2025-06-15 09:45:00+00:00,11286.6303
2025-06-15 10:00:00+00:00,11286.6303
2025-06-15 10:15:00+00:00,11286.6303
2025-06-15 10:30:00+00:00,11286.6303
2025-06-15 10:45:00+00:00,11286.6303
2025-06-15 11:00:00+00:00,11286.6303
2025-06-15 11:15:00+00:00,11286.6303
2025-06-15 11:30:00+00:00,11286.6303
2025-06-15 11:45:00+00:00,11286.6303
2025-06-15 12:00:00+00:00,11286.6303
2025-06-15 12:15:00+00:00,11286.6303
2025-06-15 12:30:00+00:00,11286.6303
2025-06-15 12:45:00+00:00,11286.6303
2025-06-15 13:00:00+00:00,11286.6303
2025-06-15 13:15:00+00:00,11286.6303
2025-06-15 13:30:00+00:00,11286.6303
2025-06-15 13:45:00+00:00,11286.6303
2025-06-15 14:00:00+00:00,11286.6303
2025-06-15 14:15:00+00:00,11286.6303
2025-06-15 14:30:00+00:00,11286.6303
2025-06-15 14:45:00+00:00,11286.6303
2025-06-15 15:00:00+00:00,11286.6303
2025-06-15 15:15:00+00:00,11286.6303
2025-06-15 15:30:00+00:00,11286.6303
2025-06-15 15:45:00+00:00,11286.6303
2025-06-15 16:00:00+00:00,11286.6303
2025-06-15 16:15:00+00:00,11286.6303
2025-06-15 16:30:00+00:00,11286.6303
2025-06-15 16:45:00+00:00,11286.6303
2025-06-15 17:00:00+00:00,11286.6303
2025-06-15 17:15:00+00:00,11286.6303
2025-06-15 17:30:00+00:00,11286.6303
2025-06-15 17:45:00+00:00,11286.6303
2025-06-15 18:00:00+00:00,11286.6303
2025-06-15 18:15:00+00:00,11286.6303
2025-06-15 18:30:00+00:00,11286.6303
2025-06-15 18:45:00+00:00,11286.6303
2025-06-15 19:00:00+00:00,11286.6303
2025-06-15 19:15:00+00:00,11286.6303
2025-06-15 19:30:00+00:00,11286.6303
2025-06-15 19:45:00+00:00,11286.6303
2025-06-15 20:00:00+00:00,11286.6303
2025-06-15 20:15:00+00:00,11286.6303
2025-06-15 20:30:00+00:00,11286.6303
2025-06-15 20:45:00+00:00,11286.6303
2025-06-15 21:00:00+00:00,11286.6303
2025-06-15 21:15:00+00:00,11286.6303
2025-06-15 21:30:00+00:00,11286.6303
2025-06-15 21:45:00+00:00,11286.6303
2025-06-15 22:00:00+00:00,11286.6303
2025-06-15 22:15:00+00:00,11286.6303
2025-06-15 22:30:00+00:00,11286.6303
2025-06-15 22:45:00+00:00,11286.6303
2025-06-15 23:00:00+00:00,11286.6303
2025-06-15 23:15:00+00:00,11286.6303
2025-06-15 23:30:00+00:00,11286.6303
2025-06-15 23:45:00+00:00,11286.6303
2025-06-16 00:00:00+00:00,11286.6303
2025-06-16 00:15:00+00:00,11286.6303
2025-06-16 00:30:00+00:00,11286.6303
2025-06-16 00:45:00+00:00,11286.6303
2025-06-16 01:00:00+00:00,11286.6303
2025-06-16 01:15:00+00:00,11286.6303
2025-06-16 01:30:00+00:00,11286.6303
2025-06-16 01:45:00+00:00,11286.6303
2025-06-16 02:00:00+00:00,11286.6303
2025-06-16 02:15:00+00:00,11286.6303
2025-06-16 02:30:00+00:00,11286.6303
2025-06-16 02:45:00+00:00,11286.6303
2025-06-16 03:00:00+00:00,11286.6303
2025-06-16 03:15:00+00:00,11286.6303
2025-06-16 03:30:00+00:00,11286.6303
2025-06-16 03:45:00+00:00,11286.6303
2025-06-16 04:00:00+00:00,11286.6303
2025-06-16 04:15:00+00:00,11286.6303
2025-06-16 04:30:00+00:00,11286.6303
2025-06-16 04:45:00+00:00,11286.6303
2025-06-16 05:00:00+00:00,11286.6303
2025-06-16 05:15:00+00:00,11286.6303
2025-06-16 05:30:00+00:00,11286.6303
2025-06-16 05:45:00+00:00,11286.6303
2025-06-16 06:00:00+00:00,11286.6303
2025-06-16 06:15:00+00:00,11286.6303
2025-06-16 06:30:00+00:00,11286.6303
2025-06-16 06:45:00+00:00,11286.6303
2025-06-16 07:00:00+00:00,11286.6303
2025-06-16 07:15:00+00:00,11286.6303
2025-06-16 07:30:00+00:00,11286.6303
2025-06-16 07:45:00+00:00,11286.6303
2025-06-16 08:00:00+00:00,11286.6303
2025-06-16 08:15:00+00:00,11286.6303
2025-06-16 08:30:00+00:00,11286.6303
2025-06-16 08:45:00+00:00,11286.6303
2025-06-16 09:00:00+00:00,11286.6303
2025-06-16 09:15:00+00:00,11286.6303
2025-06-16 09:30:00+00:00,11286.6303
2025-06-16 09:45:00+00:00,11286.6303
2025-06-16 10:00:00+00:00,11286.6303
2025-06-16 10:15:00+00:00,11286.6303
2025-06-16 10:30:00+00:00,11286.6303
2025-06-16 10:45:00+00:00,11286.6303
2025-06-16 11:00:00+00:00,11286.6303
2025-06-16 11:15:00+00:00,11286.6303
2025-06-16 11:30:00+00:00,11286.6303
2025-06-16 11:45:00+00:00,11286.6303
2025-06-16 12:00:00+00:00,11286.6303
2025-06-16 12:15:00+00:00,11286.6303
2025-06-16 12:30:00+00:00,11286.6303
2025-06-16 12:45:00+00:00,11286.6303
2025-06-16 13:00:00+00:00,11286.6303
2025-06-16 13:15:00+00:00,11286.6303
2025-06-16 13:30:00+00:00,11286.6303
2025-06-16 13:45:00+00:00,11286.6303
2025-06-16 14:00:00+00:00,11286.6303
2025-06-16 14:15:00+00:00,11286.6303
2025-06-16 14:30:00+00:00,11286.6303
2025-06-16 14:45:00+00:00,11286.6303
2025-06-16 15:00:00+00:00,11286.6303
2025-06-16 15:15:00+00:00,11286.6303
2025-06-16 15:30:00+00:00,11286.6303
2025-06-16 15:45:00+00:00,11286.6303
2025-06-16 16:00:00+00:00,11286.6303
2025-06-16 16:15:00+00:00,11286.6303
2025-06-16 16:30:00+00:00,11286.6303
2025-06-16 16:45:00+00:00,11286.6303
2025-06-16 17:00:00+00:00,11286.6303
2025-06-16 17:15:00+00:00,11286.6303
2025-06-16 17:30:00+00:00,11286.6303
2025-06-16 17:45:00+00:00,11286.6303
2025-06-16 18:00:00+00:00,11286.6303
2025-06-16 18:15:00+00:00,11286.6303
2025-06-16 18:30:00+00:00,11286.6303
2025-06-16 18:45:00+00:00,11286.6303
2025-06-16 19:00:00+00:00,11512.3629
2025-06-16 19:15:00+00:00,11512.3629
2025-06-16 19:30:00+00:00,11512.3629
2025-06-16 19:45:00+00:00,11512.3629
2025-06-16 20:00:00+00:00,11512.3629
2025-06-16 20:15:00+00:00,11512.3629
2025-06-16 20:30:00+00:00,11512.3629
2025-06-16 20:45:00+00:00,11512.3629
2025-06-16 21:00:00+00:00,11512.3629
2025-06-16 21:15:00+00:00,11512.3629
2025-06-16 21:30:00+00:00,11512.3629
2025-06-16 21:45:00+00:00,11512.3629
2025-06-16 22:00:00+00:00,11512.3629
2025-06-16 22:15:00+00:00,11512.3629
2025-06-16 22:30:00+00:00,11512.3629
2025-06-16 22:45:00+00:00,11512.3629
2025-06-16 23:00:00+00:00,11512.3629
2025-06-16 23:15:00+00:00,11512.3629
2025-06-16 23:30:00+00:00,11512.3629
2025-06-16 23:45:00+00:00,11512.3629
2025-06-17 00:00:00+00:00,11512.3629
2025-06-17 00:15:00+00:00,11512.3629
2025-06-17 00:30:00+00:00,11512.3629
2025-06-17 00:45:00+00:00,11512.3629
2025-06-17 01:00:00+00:00,11512.3629
2025-06-17 01:15:00+00:00,11512.3629
2025-06-17 01:30:00+00:00,11512.3629
2025-06-17 01:45:00+00:00,11512.3629
2025-06-17 02:00:00+00:00,11512.3629
2025-06-17 02:15:00+00:00,11512.3629
2025-06-17 02:30:00+00:00,11512.3629
2025-06-17 02:45:00+00:00,11512.3629
2025-06-17 03:00:00+00:00,11512.3629
2025-06-17 03:15:00+00:00,11512.3629
2025-06-17 03:30:00+00:00,11512.3629
2025-06-17 03:45:00+00:00,11512.3629
2025-06-17 04:00:00+00:00,11512.3629
2025-06-17 04:15:00+00:00,11512.3629
2025-06-17 04:30:00+00:00,11512.3629
2025-06-17 04:45:00+00:00,11512.3629
2025-06-17 05:00:00+00:00,11512.3629
2025-06-17 05:15:00+00:00,11512.3629
2025-06-17 05:30:00+00:00,11512.3629
2025-06-17 05:45:00+00:00,11512.3629
2025-06-17 06:00:00+00:00,11512.3629
2025-06-17 06:15:00+00:00,11512.3629
2025-06-17 06:30:00+00:00,11512.3629
2025-06-17 06:45:00+00:00,11512.3629
2025-06-17 07:00:00+00:00,11397.2393
2025-06-17 07:15:00+00:00,11397.2393
2025-06-17 07:30:00+00:00,11397.2393
2025-06-17 07:45:00+00:00,11397.2393
2025-06-17 08:00:00+00:00,11397.2393
2025-06-17 08:15:00+00:00,11397.2393
2025-06-17 08:30:00+00:00,11397.2393
2025-06-17 08:45:00+00:00,11397.2393
2025-06-17 09:00:00+00:00,11397.2393
2025-06-17 09:15:00+00:00,11397.2393
2025-06-17 09:30:00+00:00,11397.2393
2025-06-17 09:45:00+00:00,11397.2393
2025-06-17 10:00:00+00:00,11397.2393
2025-06-17 10:15:00+00:00,11397.2393
2025-06-17 10:30:00+00:00,11397.2393
2025-06-17 10:45:00+00:00,11397.2393
2025-06-17 11:00:00+00:00,11397.2393
2025-06-17 11:15:00+00:00,11397.2393
2025-06-17 11:30:00+00:00,11397.2393
2025-06-17 11:45:00+00:00,11397.2393
2025-06-17 12:00:00+00:00,11397.2393
2025-06-17 12:15:00+00:00,11397.2393
2025-06-17 12:30:00+00:00,11397.2393
2025-06-17 12:45:00+00:00,11397.2393
2025-06-17 13:00:00+00:00,11397.2393
2025-06-17 13:15:00+00:00,11397.2393
2025-06-17 13:30:00+00:00,11397.2393
2025-06-17 13:45:00+00:00,11397.2393
2025-06-17 14:00:00+00:00,11397.2393
2025-06-17 14:15:00+00:00,11397.2393
2025-06-17 14:30:00+00:00,11397.2393
2025-06-17 14:45:00+00:00,11397.2393
2025-06-17 15:00:00+00:00,11397.2393
2025-06-17 15:15:00+00:00,11397.2393
2025-06-17 15:30:00+00:00,11397.2393
2025-06-17 15:45:00+00:00,11397.2393
2025-06-17 16:00:00+00:00,11397.2393
2025-06-17 16:15:00+00:00,11397.2393
2025-06-17 16:30:00+00:00,11397.2393
2025-06-17 16:45:00+00:00,11397.2393
2025-06-17 17:00:00+00:00,11397.2393
2025-06-17 17:15:00+00:00,11397.2393
2025-06-17 17:30:00+00:00,11397.2393
2025-06-17 17:45:00+00:00,11397.2393
2025-06-17 18:00:00+00:00,11397.2393
2025-06-17 18:15:00+00:00,11397.2393
2025-06-17 18:30:00+00:00,11397.2393
2025-06-17 18:45:00+00:00,11397.2393
2025-06-17 19:00:00+00:00,11397.2393
2025-06-17 19:15:00+00:00,11397.2393
2025-06-17 19:30:00+00:00,11397.2393
2025-06-17 19:45:00+00:00,11397.2393
2025-06-17 20:00:00+00:00,11397.2393
2025-06-17 20:15:00+00:00,11397.2393
2025-06-17 20:30:00+00:00,11397.2393
2025-06-17 20:45:00+00:00,11397.2393
2025-06-17 21:00:00+00:00,11397.2393
2025-06-17 21:15:00+00:00,11397.2393
2025-06-17 21:30:00+00:00,11283.2669
2025-06-17 21:45:00+00:00,11283.2669
2025-06-17 22:00:00+00:00,11283.2669
2025-06-17 22:15:00+00:00,11283.2669
2025-06-17 22:30:00+00:00,11283.2669
2025-06-17 22:45:00+00:00,11283.2669
2025-06-17 23:00:00+00:00,11283.2669
2025-06-17 23:15:00+00:00,11283.2669
2025-06-17 23:30:00+00:00,11283.2669
2025-06-17 23:45:00+00:00,11283.2669
2025-06-18 00:00:00+00:00,11283.2669
2025-06-18 00:15:00+00:00,11283.2669
2025-06-18 00:30:00+00:00,11283.2669
2025-06-18 00:45:00+00:00,11283.2669
2025-06-18 01:00:00+00:00,11283.2669
2025-06-18 01:15:00+00:00,11283.2669
2025-06-18 01:30:00+00:00,11283.2669
2025-06-18 01:45:00+00:00,11283.2669
2025-06-18 02:00:00+00:00,11283.2669
2025-06-18 02:15:00+00:00,11283.2669
2025-06-18 02:30:00+00:00,11283.2669
2025-06-18 02:45:00+00:00,11283.2669
2025-06-18 03:00:00+00:00,11283.2669
2025-06-18 03:15:00+00:00,11170.4342
2025-06-18 03:30:00+00:00,11170.4342
2025-06-18 03:45:00+00:00,11170.4342
2025-06-18 04:00:00+00:00,11170.4342
2025-06-18 04:15:00+00:00,11170.4342
2025-06-18 04:30:00+00:00,11170.4342
2025-06-18 04:45:00+00:00,11170.4342
2025-06-18 05:00:00+00:00,11170.4342
2025-06-18 05:15:00+00:00,11170.4342
2025-06-18 05:30:00+00:00,11170.4342
2025-06-18 05:45:00+00:00,11170.4342
2025-06-18 06:00:00+00:00,11170.4342
2025-06-18 06:15:00+00:00,11170.4342
2025-06-18 06:30:00+00:00,11170.4342
2025-06-18 06:45:00+00:00,11170.4342
2025-06-18 07:00:00+00:00,11170.4342
2025-06-18 07:15:00+00:00,11170.4342
2025-06-18 07:30:00+00:00,11170.4342
2025-06-18 07:45:00+00:00,11170.4342
2025-06-18 08:00:00+00:00,11393.8429
2025-06-18 08:15:00+00:00,11393.8429
2025-06-18 08:30:00+00:00,11393.8429
2025-06-18 08:45:00+00:00,11393.8429
2025-06-18 09:00:00+00:00,11393.8429
2025-06-18 09:15:00+00:00,11393.8429
2025-06-18 09:30:00+00:00,11279.9044
2025-06-18 09:45:00+00:00,11279.9044
2025-06-18 10:00:00+00:00,11279.9044
2025-06-18 10:15:00+00:00,11279.9044
2025-06-18 10:30:00+00:00,11279.9044
2025-06-18 10:45:00+00:00,11279.9044
2025-06-18 11:00:00+00:00,11279.9044
2025-06-18 11:15:00+00:00,11279.9044
2025-06-18 11:30:00+00:00,11279.9044
2025-06-18 11:45:00+00:00,11279.9044
2025-06-18 12:00:00+00:00,11279.9044
2025-06-18 12:15:00+00:00,11279.9044
2025-06-18 12:30:00+00:00,11279.9044
2025-06-18 12:45:00+00:00,11279.9044
2025-06-18 13:00:00+00:00,11279.9044
2025-06-18 13:15:00+00:00,11505.5025
2025-06-18 13:30:00+00:00,11505.5025
2025-06-18 13:45:00+00:00,11505.5025
2025-06-18 14:00:00+00:00,11505.5025
2025-06-18 14:15:00+00:00,11505.5025
2025-06-18 14:30:00+00:00,11505.5025
2025-06-18 14:45:00+00:00,11505.5025
2025-06-18 15:00:00+00:00,11505.5025
2025-06-18 15:15:00+00:00,11505.5025
2025-06-18 15:30:00+00:00,11505.5025
2025-06-18 15:45:00+00:00,11505.5025
2025-06-18 16:00:00+00:00,11505.5025
2025-06-18 16:15:00+00:00,11505.5025
2025-06-18 16:30:00+00:00,11505.5025
2025-06-18 16:45:00+00:00,11505.5025
2025-06-18 17:00:00+00:00,11735.6126
2025-06-18 17:15:00+00:00,11735.6126
2025-06-18 17:30:00+00:00,11970.3248
2025-06-18 17:45:00+00:00,11970.3248
2025-06-18 18:00:00+00:00,11970.3248
2025-06-18 18:15:00+00:00,11970.3248
2025-06-18 18:30:00+00:00,11970.3248
2025-06-18 18:45:00+00:00,11970.3248
2025-06-18 19:00:00+00:00,11970.3248
2025-06-18 19:15:00+00:00,11970.3248
2025-06-18 19:30:00+00:00,11970.3248
2025-06-18 19:45:00+00:00,11970.3248
2025-06-18 20:00:00+00:00,11970.3248
2025-06-18 20:15:00+00:00,11970.3248
2025-06-18 20:30:00+00:00,11850.6216
2025-06-18 20:45:00+00:00,11850.6216
2025-06-18 21:00:00+00:00,11850.6216
2025-06-18 21:15:00+00:00,11850.6216
2025-06-18 21:30:00+00:00,11732.1154
2025-06-18 21:45:00+00:00,11732.1154
2025-06-18 22:00:00+00:00,11732.1154
2025-06-18 22:15:00+00:00,11732.1154
2025-06-18 22:30:00+00:00,11732.1154
2025-06-18 22:45:00+00:00,11732.1154
2025-06-18 23:00:00+00:00,11732.1154
2025-06-18 23:15:00+00:00,11732.1154
2025-06-18 23:30:00+00:00,11732.1154
2025-06-18 23:45:00+00:00,11732.1154
2025-06-19 00:00:00+00:00,11732.1154
2025-06-19 00:15:00+00:00,11732.1154
2025-06-19 00:30:00+00:00,11732.1154
2025-06-19 00:45:00+00:00,11732.1154
2025-06-19 01:00:00+00:00,11732.1154
2025-06-19 01:15:00+00:00,11732.1154
2025-06-19 01:30:00+00:00,11732.1154
2025-06-19 01:45:00+00:00,11732.1154
2025-06-19 02:00:00+00:00,11732.1154
2025-06-19 02:15:00+00:00,11732.1154
2025-06-19 02:30:00+00:00,11732.1154
2025-06-19 02:45:00+00:00,11732.1154
2025-06-19 03:00:00+00:00,11732.1154
2025-06-19 03:15:00+00:00,11732.1154
2025-06-19 03:30:00+00:00,11732.1154
2025-06-19 03:45:00+00:00,11732.1154
2025-06-19 04:00:00+00:00,11732.1154
2025-06-19 04:15:00+00:00,11732.1154
2025-06-19 04:30:00+00:00,11732.1154
2025-06-19 04:45:00+00:00,11732.1154
2025-06-19 05:00:00+00:00,11732.1154
2025-06-19 05:15:00+00:00,11732.1154
2025-06-19 05:30:00+00:00,11732.1154
2025-06-19 05:45:00+00:00,11732.1154
2025-06-19 06:00:00+00:00,11732.1154
2025-06-19 06:15:00+00:00,11732.1154
2025-06-19 06:30:00+00:00,11732.1154
2025-06-19 06:45:00+00:00,11732.1154
2025-06-19 07:00:00+00:00,11732.1154
2025-06-19 07:15:00+00:00,11732.1154
2025-06-19 07:30:00+00:00,11732.1154
2025-06-19 07:45:00+00:00,11732.1154
2025-06-19 08:00:00+00:00,11732.1154
2025-06-19 08:15:00+00:00,11732.1154
2025-06-19 08:30:00+00:00,11732.1154
2025-06-19 08:45:00+00:00,11732.1154
2025-06-19 09:00:00+00:00,11732.1154
2025-06-19 09:15:00+00:00,11732.1154
2025-06-19 09:30:00+00:00,11732.1154
2025-06-19 09:45:00+00:00,11732.1154
2025-06-19 10:00:00+00:00,11732.1154
2025-06-19 10:15:00+00:00,11732.1154
2025-06-19 10:30:00+00:00,11732.1154
2025-06-19 10:45:00+00:00,11732.1154
2025-06-19 11:00:00+00:00,11732.1154
2025-06-19 11:15:00+00:00,11732.1154
2025-06-19 11:30:00+00:00,11732.1154
2025-06-19 11:45:00+00:00,11732.1154
2025-06-19 12:00:00+00:00,11732.1154
2025-06-19 12:15:00+00:00,11732.1154
2025-06-19 12:30:00+00:00,11732.1154
2025-06-19 12:45:00+00:00,11732.1154
2025-06-19 13:00:00+00:00,11732.1154
2025-06-19 13:15:00+00:00,11732.1154
2025-06-19 13:30:00+00:00,11732.1154
2025-06-19 13:45:00+00:00,11732.1154
2025-06-19 14:00:00+00:00,11732.1154
2025-06-19 14:15:00+00:00,11732.1154
2025-06-19 14:30:00+00:00,11732.1154
2025-06-19 14:45:00+00:00,11732.1154
2025-06-19 15:00:00+00:00,11732.1154
2025-06-19 15:15:00+00:00,11732.1154
2025-06-19 15:30:00+00:00,11732.1154
2025-06-19 15:45:00+00:00,11732.1154
2025-06-19 16:00:00+00:00,11732.1154
2025-06-19 16:15:00+00:00,11732.1154
2025-06-19 16:30:00+00:00,11732.1154
2025-06-19 16:45:00+00:00,11732.1154
2025-06-19 17:00:00+00:00,11732.1154
2025-06-19 17:15:00+00:00,11732.1154
2025-06-19 17:30:00+00:00,11614.7942
2025-06-19 17:45:00+00:00,11614.7942
2025-06-19 18:00:00+00:00,11614.7942
2025-06-19 18:15:00+00:00,11614.7942
2025-06-19 18:30:00+00:00,11614.7942
2025-06-19 18:45:00+00:00,11614.7942
2025-06-19 19:00:00+00:00,11614.7942
2025-06-19 19:15:00+00:00,11614.7942
2025-06-19 19:30:00+00:00,11614.7942
2025-06-19 19:45:00+00:00,11498.6463
2025-06-19 20:00:00+00:00,11498.6463
2025-06-19 20:15:00+00:00,11498.6463
2025-06-19 20:30:00+00:00,11498.6463
2025-06-19 20:45:00+00:00,11498.6463
2025-06-19 21:00:00+00:00,11498.6463
2025-06-19 21:15:00+00:00,11383.6598
2025-06-19 21:30:00+00:00,11383.6598
2025-06-19 21:45:00+00:00,11383.6598
2025-06-19 22:00:00+00:00,11383.6598
2025-06-19 22:15:00+00:00,11383.6598
2025-06-19 22:30:00+00:00,11383.6598
2025-06-19 22:45:00+00:00,11383.6598
2025-06-19 23:00:00+00:00,11383.6598
2025-06-19 23:15:00+00:00,11383.6598
2025-06-19 23:30:00+00:00,11383.6598
2025-06-19 23:45:00+00:00,11383.6598
2025-06-20 00:00:00+00:00,11383.6598
2025-06-20 00:15:00+00:00,11383.6598
2025-06-20 00:30:00+00:00,11383.6598
2025-06-20 00:45:00+00:00,11383.6598
2025-06-20 01:00:00+00:00,11383.6598
2025-06-20 01:15:00+00:00,11383.6598
2025-06-20 01:30:00+00:00,11383.6598
2025-06-20 01:45:00+00:00,11383.6598
2025-06-20 02:00:00+00:00,11383.6598
2025-06-20 02:15:00+00:00,11383.6598
2025-06-20 02:30:00+00:00,11383.6598
2025-06-20 02:45:00+00:00,11383.6598
2025-06-20 03:00:00+00:00,11383.6598
2025-06-20 03:15:00+00:00,11383.6598
2025-06-20 03:30:00+00:00,11383.6598
2025-06-20 03:45:00+00:00,11383.6598
2025-06-20 04:00:00+00:00,11383.6598
2025-06-20 04:15:00+00:00,11383.6598
2025-06-20 04:30:00+00:00,11383.6598
2025-06-20 04:45:00+00:00,11383.6598
2025-06-20 05:00:00+00:00,11383.6598
2025-06-20 05:15:00+00:00,11383.6598
2025-06-20 05:30:00+00:00,11383.6598
2025-06-20 05:45:00+00:00,11383.6598
2025-06-20 06:00:00+00:00,11383.6598
2025-06-20 06:15:00+00:00,11383.6598
2025-06-20 06:30:00+00:00,11383.6598
2025-06-20 06:45:00+00:00,11383.6598
2025-06-20 07:00:00+00:00,11383.6598
2025-06-20 07:15:00+00:00,11383.6598
2025-06-20 07:30:00+00:00,11383.6598
2025-06-20 07:45:00+00:00,11383.6598
2025-06-20 08:00:00+00:00,11383.6598
2025-06-20 08:15:00+00:00,11383.6598
2025-06-20 08:30:00+00:00,11383.6598
2025-06-20 08:45:00+00:00,11383.6598
2025-06-20 09:00:00+00:00,11383.6598
2025-06-20 09:15:00+00:00,11383.6598
2025-06-20 09:30:00+00:00,11383.6598
2025-06-20 09:45:00+00:00,11383.6598
2025-06-20 10:00:00+00:00,11383.6598
2025-06-20 10:15:00+00:00,11383.6598
2025-06-20 10:30:00+00:00,11383.6598
2025-06-20 10:45:00+00:00,11383.6598
2025-06-20 11:00:00+00:00,11383.6598
2025-06-20 11:15:00+00:00,11383.6598
2025-06-20 11:30:00+00:00,11383.6598
2025-06-20 11:45:00+00:00,11383.6598
2025-06-20 12:00:00+00:00,11383.6598
2025-06-20 12:15:00+00:00,11383.6598
2025-06-20 12:30:00+00:00,11383.6598
2025-06-20 12:45:00+00:00,11383.6598
2025-06-20 13:00:00+00:00,11383.6598
2025-06-20 13:15:00+00:00,11383.6598
2025-06-20 13:30:00+00:00,11383.6598
2025-06-20 13:45:00+00:00,11383.6598
2025-06-20 14:00:00+00:00,11383.6598
2025-06-20 14:15:00+00:00,11383.6598
2025-06-20 14:30:00+00:00,11383.6598
2025-06-20 14:45:00+00:00,11383.6598
2025-06-20 15:00:00+00:00,11383.6598
2025-06-20 15:15:00+00:00,11383.6598
2025-06-20 15:30:00+00:00,11383.6598
2025-06-20 15:45:00+00:00,11383.6598
2025-06-20 16:00:00+00:00,11383.6598
2025-06-20 16:15:00+00:00,11383.6598
2025-06-20 16:30:00+00:00,11383.6598
2025-06-20 16:45:00+00:00,11383.6598
2025-06-20 17:00:00+00:00,11383.6598
2025-06-20 17:15:00+00:00,11383.6598
2025-06-20 17:30:00+00:00,11383.6598
2025-06-20 17:45:00+00:00,11383.6598
2025-06-20 18:00:00+00:00,11383.6598
2025-06-20 18:15:00+00:00,11383.6598
2025-06-20 18:30:00+00:00,11383.6598
2025-06-20 18:45:00+00:00,11383.6598
2025-06-20 19:00:00+00:00,11383.6598
2025-06-20 19:15:00+00:00,11383.6598
2025-06-20 19:30:00+00:00,11383.6598
2025-06-20 19:45:00+00:00,11383.6598
2025-06-20 20:00:00+00:00,11383.6598
2025-06-20 20:15:00+00:00,11383.6598
2025-06-20 20:30:00+00:00,11383.6598
2025-06-20 20:45:00+00:00,11383.6598
2025-06-20 21:00:00+00:00,11383.6598
2025-06-20 21:15:00+00:00,11383.6598
2025-06-20 21:30:00+00:00,11383.6598
2025-06-20 21:45:00+00:00,11383.6598
2025-06-20 22:00:00+00:00,11383.6598
2025-06-20 22:15:00+00:00,11383.6598
2025-06-20 22:30:00+00:00,11383.6598
2025-06-20 22:45:00+00:00,11383.6598
2025-06-20 23:00:00+00:00,11383.6598
2025-06-20 23:15:00+00:00,11383.6598
2025-06-20 23:30:00+00:00,11383.6598
2025-06-20 23:45:00+00:00,11383.6598
2025-06-21 00:00:00+00:00,11383.6598
2025-06-21 00:15:00+00:00,11383.6598
2025-06-21 00:30:00+00:00,11383.6598
2025-06-21 00:45:00+00:00,11383.6598
2025-06-21 01:00:00+00:00,11383.6598
2025-06-21 01:15:00+00:00,11383.6598
2025-06-21 01:30:00+00:00,11383.6598
2025-06-21 01:45:00+00:00,11383.6598
2025-06-21 02:00:00+00:00,11383.6598
2025-06-21 02:15:00+00:00,11383.6598
2025-06-21 02:30:00+00:00,11383.6598
2025-06-21 02:45:00+00:00,11383.6598
2025-06-21 03:00:00+00:00,11383.6598
2025-06-21 03:15:00+00:00,11383.6598
2025-06-21 03:30:00+00:00,11383.6598
2025-06-21 03:45:00+00:00,11383.6598
2025-06-21 04:00:00+00:00,11383.6598
2025-06-21 04:15:00+00:00,11383.6598
2025-06-21 04:30:00+00:00,11383.6598
2025-06-21 04:45:00+00:00,11383.6598
2025-06-21 05:00:00+00:00,11383.6598
2025-06-21 05:15:00+00:00,11383.6598
2025-06-21 05:30:00+00:00,11383.6598
2025-06-21 05:45:00+00:00,11383.6598
2025-06-21 06:00:00+00:00,11383.6598
2025-06-21 06:15:00+00:00,11383.6598
2025-06-21 06:30:00+00:00,11383.6598
2025-06-21 06:45:00+00:00,11383.6598
2025-06-21 07:00:00+00:00,11383.6598
2025-06-21 07:15:00+00:00,11383.6598
2025-06-21 07:30:00+00:00,11383.6598
2025-06-21 07:45:00+00:00,11383.6598
2025-06-21 08:00:00+00:00,11383.6598
2025-06-21 08:15:00+00:00,11383.6598
2025-06-21 08:30:00+00:00,11269.8232
2025-06-21 08:45:00+00:00,11269.8232
2025-06-21 09:00:00+00:00,11269.8232
2025-06-21 09:15:00+00:00,11269.8232
2025-06-21 09:30:00+00:00,11269.8232
2025-06-21 09:45:00+00:00,11269.8232
2025-06-21 10:00:00+00:00,11269.8232
2025-06-21 10:15:00+00:00,11269.8232
2025-06-21 10:30:00+00:00,11269.8232
2025-06-21 10:45:00+00:00,11269.8232
2025-06-21 11:00:00+00:00,11269.8232
2025-06-21 11:15:00+00:00,11269.8232
2025-06-21 11:30:00+00:00,11269.8232
2025-06-21 11:45:00+00:00,11269.8232
2025-06-21 12:00:00+00:00,11269.8232
2025-06-21 12:15:00+00:00,11269.8232
2025-06-21 12:30:00+00:00,11269.8232
2025-06-21 12:45:00+00:00,11269.8232
2025-06-21 13:00:00+00:00,11269.8232
2025-06-21 13:15:00+00:00,11269.8232
2025-06-21 13:30:00+00:00,11269.8232
2025-06-21 13:45:00+00:00,11269.8232
2025-06-21 14:00:00+00:00,11269.8232
2025-06-21 14:15:00+00:00,11269.8232
2025-06-21 14:30:00+00:00,11269.8232
2025-06-21 14:45:00+00:00,11269.8232
2025-06-21 15:00:00+00:00,11269.8232
2025-06-21 15:15:00+00:00,11269.8232
2025-06-21 15:30:00+00:00,11269.8232
2025-06-21 15:45:00+00:00,11157.125
2025-06-21 16:00:00+00:00,11157.125
2025-06-21 16:15:00+00:00,11157.125
2025-06-21 16:30:00+00:00,11157.125
2025-06-21 16:45:00+00:00,11157.125
2025-06-21 17:00:00+00:00,11157.125
2025-06-21 17:15:00+00:00,11157.125
2025-06-21 17:30:00+00:00,11157.125
2025-06-21 17:45:00+00:00,11157.125
2025-06-21 18:00:00+00:00,11157.125
2025-06-21 18:15:00+00:00,11157.125
2025-06-21 18:30:00+00:00,11157.125
2025-06-21 18:45:00+00:00,11380.2675
2025-06-21 19:00:00+00:00,11380.2675
2025-06-21 19:15:00+00:00,11380.2675
2025-06-21 19:30:00+00:00,11380.2675
2025-06-21 19:45:00+00:00,11380.2675
2025-06-21 20:00:00+00:00,11380.2675
2025-06-21 20:15:00+00:00,11380.2675
2025-06-21 20:30:00+00:00,11266.4648
2025-06-21 20:45:00+00:00,11266.4648
2025-06-21 21:00:00+00:00,11266.4648
2025-06-21 21:15:00+00:00,11266.4648
2025-06-21 21:30:00+00:00,11266.4648
2025-06-21 21:45:00+00:00,11266.4648
2025-06-21 22:00:00+00:00,11266.4648
2025-06-21 22:15:00+00:00,11266.4648
2025-06-21 22:30:00+00:00,11266.4648
2025-06-21 22:45:00+00:00,11266.4648
2025-06-21 23:00:00+00:00,11266.4648
2025-06-21 23:15:00+00:00,11266.4648
2025-06-21 23:30:00+00:00,11266.4648
2025-06-21 23:45:00+00:00,11266.4648
2025-06-22 00:00:00+00:00,11266.4648
2025-06-22 00:15:00+00:00,11266.4648
2025-06-22 00:30:00+00:00,11266.4648
2025-06-22 00:45:00+00:00,11266.4648
2025-06-22 01:00:00+00:00,11266.4648
2025-06-22 01:15:00+00:00,11266.4648
2025-06-22 01:30:00+00:00,11266.4648
2025-06-22 01:45:00+00:00,11266.4648
2025-06-22 02:00:00+00:00,11153.8002
2025-06-22 02:15:00+00:00,11153.8002
2025-06-22 02:30:00+00:00,11153.8002
2025-06-22 02:45:00+00:00,11153.8002
2025-06-22 03:00:00+00:00,11153.8002
2025-06-22 03:15:00+00:00,11153.8002
2025-06-22 03:30:00+00:00,11153.8002
2025-06-22 03:45:00+00:00,11153.8002
2025-06-22 04:00:00+00:00,11042.2622
2025-06-22 04:15:00+00:00,11042.2622
2025-06-22 04:30:00+00:00,11042.2622
2025-06-22 04:45:00+00:00,11042.2622
2025-06-22 05:00:00+00:00,11042.2622
2025-06-22 05:15:00+00:00,11042.2622
2025-06-22 05:30:00+00:00,11042.2622
2025-06-22 05:45:00+00:00,10931.8395
2025-06-22 06:00:00+00:00,10931.8395
2025-06-22 06:15:00+00:00,10931.8395
2025-06-22 06:30:00+00:00,10931.8395
2025-06-22 06:45:00+00:00,10931.8395
2025-06-22 07:00:00+00:00,10931.8395
2025-06-22 07:15:00+00:00,11150.4763
2025-06-22 07:30:00+00:00,11150.4763
2025-06-22 07:45:00+00:00,11150.4763
2025-06-22 08:00:00+00:00,11150.4763
2025-06-22 08:15:00+00:00,11150.4763
2025-06-22 08:30:00+00:00,11038.9716
2025-06-22 08:45:00+00:00,11038.9716
2025-06-22 09:00:00+00:00,11038.9716
2025-06-22 09:15:00+00:00,11038.9716
2025-06-22 09:30:00+00:00,11038.9716
2025-06-22 09:45:00+00:00,11038.9716
2025-06-22 10:00:00+00:00,11038.9716
2025-06-22 10:15:00+00:00,11038.9716
2025-06-22 10:30:00+00:00,11038.9716
2025-06-22 10:45:00+00:00,11038.9716
2025-06-22 11:00:00+00:00,10928.5819
2025-06-22 11:15:00+00:00,10928.5819
2025-06-22 11:30:00+00:00,10928.5819
2025-06-22 11:45:00+00:00,10928.5819
2025-06-22 12:00:00+00:00,10928.5819
2025-06-22 12:15:00+00:00,10928.5819
2025-06-22 12:30:00+00:00,10928.5819
2025-06-22 12:45:00+00:00,10928.5819
2025-06-22 13:00:00+00:00,10928.5819
2025-06-22 13:15:00+00:00,11147.1535
2025-06-22 13:30:00+00:00,11147.1535
2025-06-22 13:45:00+00:00,11147.1535
2025-06-22 14:00:00+00:00,11035.682
2025-06-22 14:15:00+00:00,11035.682
2025-06-22 14:30:00+00:00,11035.682
2025-06-22 14:45:00+00:00,11035.682
2025-06-22 15:00:00+00:00,11035.682
2025-06-22 15:15:00+00:00,11035.682
2025-06-22 15:30:00+00:00,11035.682
2025-06-22 15:45:00+00:00,11035.682
2025-06-22 16:00:00+00:00,11035.682
2025-06-22 16:15:00+00:00,11035.682
2025-06-22 16:30:00+00:00,11035.682
2025-06-22 16:45:00+00:00,11035.682
2025-06-22 17:00:00+00:00,11035.682
2025-06-22 17:15:00+00:00,11035.682
2025-06-22 17:30:00+00:00,11035.682
2025-06-22 17:45:00+00:00,11035.682
2025-06-22 18:00:00+00:00,11035.682
2025-06-22 18:15:00+00:00,11035.682
2025-06-22 18:30:00+00:00,11035.682
2025-06-22 18:45:00+00:00,11035.682
2025-06-22 19:00:00+00:00,11035.682
2025-06-22 19:15:00+00:00,11035.682
2025-06-22 19:30:00+00:00,11035.682
2025-06-22 19:45:00+00:00,11035.682
2025-06-22 20:00:00+00:00,11035.682
2025-06-22 20:15:00+00:00,11035.682
2025-06-22 20:30:00+00:00,11035.682
2025-06-22 20:45:00+00:00,11035.682
2025-06-22 21:00:00+00:00,11035.682
2025-06-22 21:15:00+00:00,11035.682
2025-06-22 21:30:00+00:00,11035.682
2025-06-22 21:45:00+00:00,11035.682
2025-06-22 22:00:00+00:00,11035.682
2025-06-22 22:15:00+00:00,10925.3251
2025-06-22 22:30:00+00:00,10925.3251
2025-06-22 22:45:00+00:00,10925.3251
2025-06-22 23:00:00+00:00,10925.3251
2025-06-22 23:15:00+00:00,10925.3251
2025-06-22 23:30:00+00:00,10925.3251
2025-06-22 23:45:00+00:00,10925.3251
2025-06-23 00:00:00+00:00,10925.3251
2025-06-23 00:15:00+00:00,10925.3251
2025-06-23 00:30:00+00:00,10816.0719
2025-06-23 00:45:00+00:00,10816.0719
2025-06-23 01:00:00+00:00,10816.0719
2025-06-23 01:15:00+00:00,10816.0719
2025-06-23 01:30:00+00:00,10816.0719
2025-06-23 01:45:00+00:00,10707.9112
2025-06-23 02:00:00+00:00,10707.9112
2025-06-23 02:15:00+00:00,10707.9112
2025-06-23 02:30:00+00:00,10707.9112
2025-06-23 02:45:00+00:00,10707.9112
2025-06-23 03:00:00+00:00,10707.9112
2025-06-23 03:15:00+00:00,10707.9112
2025-06-23 03:30:00+00:00,10707.9112
2025-06-23 03:45:00+00:00,10707.9112
2025-06-23 04:00:00+00:00,10707.9112
2025-06-23 04:15:00+00:00,10707.9112
2025-06-23 04:30:00+00:00,10707.9112
2025-06-23 04:45:00+00:00,10707.9112
2025-06-23 05:00:00+00:00,10707.9112
2025-06-23 05:15:00+00:00,10707.9112
2025-06-23 05:30:00+00:00,10707.9112
2025-06-23 05:45:00+00:00,10922.0694
2025-06-23 06:00:00+00:00,10922.0694
2025-06-23 06:15:00+00:00,10922.0694
2025-06-23 06:30:00+00:00,10922.0694
2025-06-23 06:45:00+00:00,10922.0694
2025-06-23 07:00:00+00:00,10922.0694
2025-06-23 07:15:00+00:00,10922.0694
2025-06-23 07:30:00+00:00,10922.0694
2025-06-23 07:45:00+00:00,10922.0694
2025-06-23 08:00:00+00:00,10922.0694
2025-06-23 08:15:00+00:00,10922.0694
2025-06-23 08:30:00+00:00,10922.0694
2025-06-23 08:45:00+00:00,10922.0694
2025-06-23 09:00:00+00:00,10922.0694
2025-06-23 09:15:00+00:00,10922.0694
2025-06-23 09:30:00+00:00,10922.0694
2025-06-23 09:45:00+00:00,10922.0694
2025-06-23 10:00:00+00:00,10922.0694
2025-06-23 10:15:00+00:00,10922.0694
2025-06-23 10:30:00+00:00,10922.0694
2025-06-23 10:45:00+00:00,10922.0694
2025-06-23 11:00:00+00:00,10922.0694
2025-06-23 11:15:00+00:00,10922.0694
2025-06-23 11:30:00+00:00,10922.0694
2025-06-23 11:45:00+00:00,10922.0694
2025-06-23 12:00:00+00:00,10922.0694
2025-06-23 12:15:00+00:00,10922.0694
2025-06-23 12:30:00+00:00,10922.0694
2025-06-23 12:45:00+00:00,10922.0694
2025-06-23 13:00:00+00:00,10922.0694
2025-06-23 13:15:00+00:00,10922.0694
2025-06-23 13:30:00+00:00,10922.0694
2025-06-23 13:45:00+00:00,10922.0694
2025-06-23 14:00:00+00:00,10922.0694
2025-06-23 14:15:00+00:00,10922.0694
2025-06-23 14:30:00+00:00,10922.0694
2025-06-23 14:45:00+00:00,10922.0694
2025-06-23 15:00:00+00:00,10922.0694
2025-06-23 15:15:00+00:00,10922.0694
2025-06-23 15:30:00+00:00,10922.0694
2025-06-23 15:45:00+00:00,10922.0694
2025-06-23 16:00:00+00:00,10922.0694
2025-06-23 16:15:00+00:00,10922.0694
2025-06-23 16:30:00+00:00,10922.0694
2025-06-23 16:45:00+00:00,10922.0694
2025-06-23 17:00:00+00:00,10922.0694
2025-06-23 17:15:00+00:00,10922.0694
2025-06-23 17:30:00+00:00,10922.0694
2025-06-23 17:45:00+00:00,10922.0694
2025-06-23 18:00:00+00:00,10922.0694
2025-06-23 18:15:00+00:00,10922.0694
2025-06-23 18:30:00+00:00,10922.0694
2025-06-23 18:45:00+00:00,10922.0694
2025-06-23 19:00:00+00:00,10922.0694
2025-06-23 19:15:00+00:00,10922.0694
2025-06-23 19:30:00+00:00,10922.0694
2025-06-23 19:45:00+00:00,10922.0694
2025-06-23 20:00:00+00:00,10922.0694
2025-06-23 20:15:00+00:00,10922.0694
2025-06-23 20:30:00+00:00,10922.0694
2025-06-23 20:45:00+00:00,10922.0694
2025-06-23 21:00:00+00:00,10922.0694
2025-06-23 21:15:00+00:00,10922.0694
2025-06-23 21:30:00+00:00,10922.0694
2025-06-23 21:45:00+00:00,10922.0694
2025-06-23 22:00:00+00:00,10922.0694
2025-06-23 22:15:00+00:00,10922.0694
2025-06-23 22:30:00+00:00,10922.0694
2025-06-23 22:45:00+00:00,10922.0694
2025-06-23 23:00:00+00:00,10922.0694
2025-06-23 23:15:00+00:00,10922.0694
2025-06-23 23:30:00+00:00,10922.0694
2025-06-23 23:45:00+00:00,10922.0694
2025-06-24 00:00:00+00:00,10922.0694
2025-06-24 00:15:00+00:00,10922.0694
2025-06-24 00:30:00+00:00,10922.0694
2025-06-24 00:45:00+00:00,10922.0694
2025-06-24 01:00:00+00:00,10922.0694
2025-06-24 01:15:00+00:00,10922.0694
2025-06-24 01:30:00+00:00,10922.0694
2025-06-24 01:45:00+00:00,10922.0694
2025-06-24 02:00:00+00:00,10922.0694
2025-06-24 02:15:00+00:00,10922.0694
2025-06-24 02:30:00+00:00,10922.0694
2025-06-24 02:45:00+00:00,10922.0694
2025-06-24 03:00:00+00:00,10922.0694
2025-06-24 03:15:00+00:00,10922.0694
2025-06-24 03:30:00+00:00,10922.0694
2025-06-24 03:45:00+00:00,10922.0694
2025-06-24 04:00:00+00:00,10922.0694
2025-06-24 04:15:00+00:00,10922.0694
2025-06-24 04:30:00+00:00,10922.0694
2025-06-24 04:45:00+00:00,10922.0694
2025-06-24 05:00:00+00:00,10922.0694
2025-06-24 05:15:00+00:00,10922.0694
2025-06-24 05:30:00+00:00,10922.0694
2025-06-24 05:45:00+00:00,10922.0694
2025-06-24 06:00:00+00:00,10922.0694
2025-06-24 06:15:00+00:00,10922.0694
2025-06-24 06:30:00+00:00,10922.0694
2025-06-24 06:45:00+00:00,10922.0694
2025-06-24 07:00:00+00:00,10922.0694
2025-06-24 07:15:00+00:00,10922.0694
2025-06-24 07:30:00+00:00,10922.0694
2025-06-24 07:45:00+00:00,10922.0694
2025-06-24 08:00:00+00:00,10922.0694
2025-06-24 08:15:00+00:00,10922.0694
2025-06-24 08:30:00+00:00,10922.0694
2025-06-24 08:45:00+00:00,10922.0694
2025-06-24 09:00:00+00:00,10922.0694
2025-06-24 09:15:00+00:00,10922.0694
2025-06-24 09:30:00+00:00,10922.0694
2025-06-24 09:45:00+00:00,10922.0694
2025-06-24 10:00:00+00:00,10922.0694
2025-06-24 10:15:00+00:00,10922.0694
2025-06-24 10:30:00+00:00,10922.0694
2025-06-24 10:45:00+00:00,10922.0694
2025-06-24 11:00:00+00:00,10922.0694
2025-06-24 11:15:00+00:00,10922.0694
2025-06-24 11:30:00+00:00,10922.0694
2025-06-24 11:45:00+00:00,10922.0694
2025-06-24 12:00:00+00:00,10922.0694
2025-06-24 12:15:00+00:00,10922.0694
2025-06-24 12:30:00+00:00,10922.0694
2025-06-24 12:45:00+00:00,10922.0694
2025-06-24 13:00:00+00:00,10922.0694
2025-06-24 13:15:00+00:00,10922.0694
2025-06-24 13:30:00+00:00,10922.0694
2025-06-24 13:45:00+00:00,10922.0694
2025-06-24 14:00:00+00:00,10922.0694
2025-06-24 14:15:00+00:00,10922.0694
2025-06-24 14:30:00+00:00,10922.0694
2025-06-24 14:45:00+00:00,10922.0694
2025-06-24 15:00:00+00:00,10922.0694
2025-06-24 15:15:00+00:00,10922.0694
2025-06-24 15:30:00+00:00,10922.0694
2025-06-24 15:45:00+00:00,10922.0694
2025-06-24 16:00:00+00:00,10922.0694
2025-06-24 16:15:00+00:00,10922.0694
2025-06-24 16:30:00+00:00,10922.0694
2025-06-24 16:45:00+00:00,10922.0694
2025-06-24 17:00:00+00:00,10922.0694
2025-06-24 17:15:00+00:00,10922.0694
2025-06-24 17:30:00+00:00,10922.0694
2025-06-24 17:45:00+00:00,10922.0694
2025-06-24 18:00:00+00:00,10922.0694
2025-06-24 18:15:00+00:00,10922.0694
2025-06-24 18:30:00+00:00,10922.0694
2025-06-24 18:45:00+00:00,10922.0694
2025-06-24 19:00:00+00:00,10922.0694
2025-06-24 19:15:00+00:00,10922.0694
2025-06-24 19:30:00+00:00,10922.0694
2025-06-24 19:45:00+00:00,10922.0694
2025-06-24 20:00:00+00:00,10922.0694
2025-06-24 20:15:00+00:00,10922.0694
2025-06-24 20:30:00+00:00,10922.0694
2025-06-24 20:45:00+00:00,10922.0694
2025-06-24 21:00:00+00:00,10922.0694
2025-06-24 21:15:00+00:00,10922.0694
2025-06-24 21:30:00+00:00,10922.0694
2025-06-24 21:45:00+00:00,10922.0694
2025-06-24 22:00:00+00:00,10922.0694
2025-06-24 22:15:00+00:00,10922.0694
2025-06-24 22:30:00+00:00,10922.0694
2025-06-24 22:45:00+00:00,10922.0694
2025-06-24 23:00:00+00:00,10922.0694
2025-06-24 23:15:00+00:00,10922.0694
2025-06-24 23:30:00+00:00,10922.0694
2025-06-24 23:45:00+00:00,10922.0694
2025-06-25 00:00:00+00:00,10922.0694
2025-06-25 00:15:00+00:00,10922.0694
2025-06-25 00:30:00+00:00,10922.0694
2025-06-25 00:45:00+00:00,10922.0694
2025-06-25 01:00:00+00:00,10922.0694
2025-06-25 01:15:00+00:00,11140.5108
2025-06-25 01:30:00+00:00,11140.5108
2025-06-25 01:45:00+00:00,11140.5108
2025-06-25 02:00:00+00:00,11140.5108
2025-06-25 02:15:00+00:00,11140.5108
2025-06-25 02:30:00+00:00,11140.5108
2025-06-25 02:45:00+00:00,11140.5108
2025-06-25 03:00:00+00:00,11140.5108
2025-06-25 03:15:00+00:00,11140.5108
2025-06-25 03:30:00+00:00,11140.5108
2025-06-25 03:45:00+00:00,11140.5108
2025-06-25 04:00:00+00:00,11140.5108
2025-06-25 04:15:00+00:00,11140.5108
2025-06-25 04:30:00+00:00,11140.5108
2025-06-25 04:45:00+00:00,11140.5108
2025-06-25 05:00:00+00:00,11140.5108
2025-06-25 05:15:00+00:00,11140.5108
2025-06-25 05:30:00+00:00,11140.5108
2025-06-25 05:45:00+00:00,11140.5108
2025-06-25 06:00:00+00:00,11140.5108
2025-06-25 06:15:00+00:00,11140.5108
2025-06-25 06:30:00+00:00,11140.5108
2025-06-25 06:45:00+00:00,11140.5108
2025-06-25 07:00:00+00:00,11140.5108
2025-06-25 07:15:00+00:00,11140.5108
2025-06-25 07:30:00+00:00,11140.5108
2025-06-25 07:45:00+00:00,11140.5108
2025-06-25 08:00:00+00:00,11140.5108
2025-06-25 08:15:00+00:00,11140.5108
2025-06-25 08:30:00+00:00,11140.5108
2025-06-25 08:45:00+00:00,11140.5108
2025-06-25 09:00:00+00:00,11140.5108
2025-06-25 09:15:00+00:00,11140.5108
2025-06-25 09:30:00+00:00,11140.5108
2025-06-25 09:45:00+00:00,11140.5108
2025-06-25 10:00:00+00:00,11140.5108
2025-06-25 10:15:00+00:00,11140.5108
2025-06-25 10:30:00+00:00,11140.5108
2025-06-25 10:45:00+00:00,11140.5108
2025-06-25 11:00:00+00:00,11140.5108
2025-06-25 11:15:00+00:00,11140.5108
2025-06-25 11:30:00+00:00,11140.5108
2025-06-25 11:45:00+00:00,11140.5108
2025-06-25 12:00:00+00:00,11140.5108
2025-06-25 12:15:00+00:00,11140.5108
2025-06-25 12:30:00+00:00,11140.5108
2025-06-25 12:45:00+00:00,11140.5108
2025-06-25 13:00:00+00:00,11140.5108
2025-06-25 13:15:00+00:00,11140.5108
2025-06-25 13:30:00+00:00,11140.5108
2025-06-25 13:45:00+00:00,11140.5108
2025-06-25 14:00:00+00:00,11140.5108
2025-06-25 14:15:00+00:00,11140.5108
2025-06-25 14:30:00+00:00,11140.5108
2025-06-25 14:45:00+00:00,11140.5108
2025-06-25 15:00:00+00:00,11140.5108
2025-06-25 15:15:00+00:00,11140.5108
2025-06-25 15:30:00+00:00,11140.5108
2025-06-25 15:45:00+00:00,11140.5108
2025-06-25 16:00:00+00:00,11140.5108
2025-06-25 16:15:00+00:00,11140.5108
2025-06-25 16:30:00+00:00,11140.5108
2025-06-25 16:45:00+00:00,11029.1057
2025-06-25 17:00:00+00:00,11029.1057
2025-06-25 17:15:00+00:00,11029.1057
2025-06-25 17:30:00+00:00,11029.1057
2025-06-25 17:45:00+00:00,11029.1057
2025-06-25 18:00:00+00:00,11029.1057
2025-06-25 18:15:00+00:00,11029.1057
2025-06-25 18:30:00+00:00,11029.1057
2025-06-25 18:45:00+00:00,11029.1057
2025-06-25 19:00:00+00:00,11029.1057
2025-06-25 19:15:00+00:00,11029.1057
2025-06-25 19:30:00+00:00,11029.1057
2025-06-25 19:45:00+00:00,11029.1057
2025-06-25 20:00:00+00:00,11029.1057
2025-06-25 20:15:00+00:00,11029.1057
2025-06-25 20:30:00+00:00,11029.1057
2025-06-25 20:45:00+00:00,11029.1057
2025-06-25 21:00:00+00:00,11029.1057
2025-06-25 21:15:00+00:00,11029.1057
2025-06-25 21:30:00+00:00,11029.1057
2025-06-25 21:45:00+00:00,11029.1057
2025-06-25 22:00:00+00:00,11029.1057
2025-06-25 22:15:00+00:00,11029.1057
2025-06-25 22:30:00+00:00,11029.1057
2025-06-25 22:45:00+00:00,11029.1057
2025-06-25 23:00:00+00:00,11029.1057
2025-06-25 23:15:00+00:00,11029.1057
2025-06-25 23:30:00+00:00,11029.1057
2025-06-25 23:45:00+00:00,11029.1057
2025-06-26 00:00:00+00:00,11029.1057
2025-06-26 00:15:00+00:00,11029.1057
2025-06-26 00:30:00+00:00,11029.1057
2025-06-26 00:45:00+00:00,11029.1057
2025-06-26 01:00:00+00:00,11029.1057
2025-06-26 01:15:00+00:00,10918.8146
2025-06-26 01:30:00+00:00,10918.8146
2025-06-26 01:45:00+00:00,10918.8146
2025-06-26 02:00:00+00:00,10918.8146
2025-06-26 02:15:00+00:00,10918.8146
2025-06-26 02:30:00+00:00,10918.8146
2025-06-26 02:45:00+00:00,10918.8146
2025-06-26 03:00:00+00:00,10918.8146
2025-06-26 03:15:00+00:00,10918.8146
2025-06-26 03:30:00+00:00,10918.8146
2025-06-26 03:45:00+00:00,10918.8146
2025-06-26 04:00:00+00:00,10918.8146
2025-06-26 04:15:00+00:00,10918.8146
2025-06-26 04:30:00+00:00,10918.8146
2025-06-26 04:45:00+00:00,10918.8146
2025-06-26 05:00:00+00:00,10918.8146
2025-06-26 05:15:00+00:00,10918.8146
2025-06-26 05:30:00+00:00,10918.8146
2025-06-26 05:45:00+00:00,10918.8146
2025-06-26 06:00:00+00:00,10918.8146
2025-06-26 06:15:00+00:00,10918.8146
2025-06-26 06:30:00+00:00,10918.8146
2025-06-26 06:45:00+00:00,10918.8146
2025-06-26 07:00:00+00:00,10918.8146
2025-06-26 07:15:00+00:00,10918.8146
2025-06-26 07:30:00+00:00,10918.8146
2025-06-26 07:45:00+00:00,10918.8146
2025-06-26 08:00:00+00:00,10918.8146
2025-06-26 08:15:00+00:00,10918.8146
2025-06-26 08:30:00+00:00,10918.8146
2025-06-26 08:45:00+00:00,10918.8146
2025-06-26 09:00:00+00:00,10918.8146
2025-06-26 09:15:00+00:00,10918.8146
2025-06-26 09:30:00+00:00,10918.8146
2025-06-26 09:45:00+00:00,10918.8146
2025-06-26 10:00:00+00:00,10918.8146
2025-06-26 10:15:00+00:00,10918.8146
2025-06-26 10:30:00+00:00,10918.8146
2025-06-26 10:45:00+00:00,10918.8146
2025-06-26 11:00:00+00:00,10918.8146
2025-06-26 11:15:00+00:00,10918.8146
2025-06-26 11:30:00+00:00,10918.8146
2025-06-26 11:45:00+00:00,10918.8146
2025-06-26 12:00:00+00:00,10918.8146
2025-06-26 12:15:00+00:00,10809.6265
2025-06-26 12:30:00+00:00,10809.6265
2025-06-26 12:45:00+00:00,10809.6265
2025-06-26 13:00:00+00:00,10809.6265
2025-06-26 13:15:00+00:00,10809.6265
2025-06-26 13:30:00+00:00,10809.6265
2025-06-26 13:45:00+00:00,10809.6265
2025-06-26 14:00:00+00:00,10809.6265
2025-06-26 14:15:00+00:00,10809.6265
2025-06-26 14:30:00+00:00,10809.6265
2025-06-26 14:45:00+00:00,10809.6265
2025-06-26 15:00:00+00:00,10809.6265
2025-06-26 15:15:00+00:00,10809.6265
2025-06-26 15:30:00+00:00,11025.819
2025-06-26 15:45:00+00:00,11025.819
2025-06-26 16:00:00+00:00,11025.819
2025-06-26 16:15:00+00:00,11025.819
2025-06-26 16:30:00+00:00,11025.819
2025-06-26 16:45:00+00:00,11025.819
2025-06-26 17:00:00+00:00,11025.819
2025-06-26 17:15:00+00:00,11025.819
2025-06-26 17:30:00+00:00,11025.819
2025-06-26 17:45:00+00:00,11025.819
2025-06-26 18:00:00+00:00,11025.819
2025-06-26 18:15:00+00:00,11025.819
2025-06-26 18:30:00+00:00,11025.819
2025-06-26 18:45:00+00:00,11025.819
2025-06-26 19:00:00+00:00,11025.819
2025-06-26 19:15:00+00:00,11025.819
2025-06-26 19:30:00+00:00,11025.819
2025-06-26 19:45:00+00:00,11025.819
2025-06-26 20:00:00+00:00,11025.819
2025-06-26 20:15:00+00:00,11025.819
2025-06-26 20:30:00+00:00,11025.819
2025-06-26 20:45:00+00:00,11025.819
2025-06-26 21:00:00+00:00,11025.819
2025-06-26 21:15:00+00:00,11025.819
2025-06-26 21:30:00+00:00,11025.819
2025-06-26 21:45:00+00:00,11025.819
2025-06-26 22:00:00+00:00,11025.819
2025-06-26 22:15:00+00:00,11025.819
2025-06-26 22:30:00+00:00,11025.819
2025-06-26 22:45:00+00:00,11025.819
2025-06-26 23:00:00+00:00,11025.819
2025-06-26 23:15:00+00:00,11025.819
2025-06-26 23:30:00+00:00,11025.819
2025-06-26 23:45:00+00:00,11025.819
2025-06-27 00:00:00+00:00,11025.819
2025-06-27 00:15:00+00:00,11025.819
2025-06-27 00:30:00+00:00,11025.819
2025-06-27 00:45:00+00:00,11025.819
2025-06-27 01:00:00+00:00,11025.819
2025-06-27 01:15:00+00:00,11025.819
2025-06-27 01:30:00+00:00,11025.819
2025-06-27 01:45:00+00:00,11025.819
2025-06-27 02:00:00+00:00,11025.819
2025-06-27 02:15:00+00:00,11025.819
2025-06-27 02:30:00+00:00,11025.819
2025-06-27 02:45:00+00:00,11025.819
2025-06-27 03:00:00+00:00,11025.819
2025-06-27 03:15:00+00:00,11025.819
2025-06-27 03:30:00+00:00,11025.819
2025-06-27 03:45:00+00:00,11025.819
2025-06-27 04:00:00+00:00,11025.819
2025-06-27 04:15:00+00:00,11025.819
2025-06-27 04:30:00+00:00,11025.819
2025-06-27 04:45:00+00:00,11025.819
2025-06-27 05:00:00+00:00,11025.819
2025-06-27 05:15:00+00:00,11025.819
2025-06-27 05:30:00+00:00,11025.819
2025-06-27 05:45:00+00:00,11025.819
2025-06-27 06:00:00+00:00,11025.819
2025-06-27 06:15:00+00:00,11025.819
2025-06-27 06:30:00+00:00,11025.819
2025-06-27 06:45:00+00:00,11025.819
2025-06-27 07:00:00+00:00,11025.819
2025-06-27 07:15:00+00:00,11025.819
2025-06-27 07:30:00+00:00,11025.819
2025-06-27 07:45:00+00:00,11025.819
2025-06-27 08:00:00+00:00,11025.819
2025-06-27 08:15:00+00:00,11025.819
2025-06-27 08:30:00+00:00,11025.819
2025-06-27 08:45:00+00:00,11025.819
2025-06-27 09:00:00+00:00,11025.819
2025-06-27 09:15:00+00:00,11025.819
2025-06-27 09:30:00+00:00,11025.819
2025-06-27 09:45:00+00:00,11025.819
2025-06-27 10:00:00+00:00,11025.819
2025-06-27 10:15:00+00:00,11025.819
2025-06-27 10:30:00+00:00,11025.819
2025-06-27 10:45:00+00:00,11025.819
2025-06-27 11:00:00+00:00,11025.819
2025-06-27 11:15:00+00:00,11025.819
2025-06-27 11:30:00+00:00,11025.819
2025-06-27 11:45:00+00:00,11025.819
2025-06-27 12:00:00+00:00,11025.819
2025-06-27 12:15:00+00:00,11025.819
2025-06-27 12:30:00+00:00,11025.819
2025-06-27 12:45:00+00:00,11025.819
2025-06-27 13:00:00+00:00,11025.819
2025-06-27 13:15:00+00:00,11025.819
2025-06-27 13:30:00+00:00,11025.819
2025-06-27 13:45:00+00:00,11025.819
2025-06-27 14:00:00+00:00,11025.819
2025-06-27 14:15:00+00:00,11025.819
2025-06-27 14:30:00+00:00,11025.819
2025-06-27 14:45:00+00:00,11025.819
2025-06-27 15:00:00+00:00,11025.819
2025-06-27 15:15:00+00:00,11025.819
2025-06-27 15:30:00+00:00,11025.819
2025-06-27 15:45:00+00:00,11025.819
2025-06-27 16:00:00+00:00,11025.819
2025-06-27 16:15:00+00:00,11025.819
2025-06-27 16:30:00+00:00,11025.819
2025-06-27 16:45:00+00:00,11025.819
2025-06-27 17:00:00+00:00,11025.819
2025-06-27 17:15:00+00:00,11025.819
2025-06-27 17:30:00+00:00,11025.819
2025-06-27 17:45:00+00:00,11025.819
2025-06-27 18:00:00+00:00,11025.819
2025-06-27 18:15:00+00:00,11025.819
2025-06-27 18:30:00+00:00,11025.819
2025-06-27 18:45:00+00:00,11025.819
2025-06-27 19:00:00+00:00,11025.819
2025-06-27 19:15:00+00:00,11025.819
2025-06-27 19:30:00+00:00,11025.819
2025-06-27 19:45:00+00:00,11025.819
2025-06-27 20:00:00+00:00,11025.819
2025-06-27 20:15:00+00:00,11025.819
2025-06-27 20:30:00+00:00,11025.819
2025-06-27 20:45:00+00:00,11025.819
2025-06-27 21:00:00+00:00,11025.819
2025-06-27 21:15:00+00:00,11025.819
2025-06-27 21:30:00+00:00,11025.819
2025-06-27 21:45:00+00:00,11025.819
2025-06-27 22:00:00+00:00,11025.819
2025-06-27 22:15:00+00:00,11025.819
2025-06-27 22:30:00+00:00,11025.819
2025-06-27 22:45:00+00:00,11025.819
2025-06-27 23:00:00+00:00,11025.819
2025-06-27 23:15:00+00:00,11025.819
2025-06-27 23:30:00+00:00,11025.819
2025-06-27 23:45:00+00:00,11025.819
2025-06-28 00:00:00+00:00,11025.819
2025-06-28 00:15:00+00:00,11025.819
2025-06-28 00:30:00+00:00,11025.819
2025-06-28 00:45:00+00:00,11025.819
2025-06-28 01:00:00+00:00,11025.819
2025-06-28 01:15:00+00:00,11025.819
2025-06-28 01:30:00+00:00,11025.819
2025-06-28 01:45:00+00:00,11025.819
2025-06-28 02:00:00+00:00,11025.819
2025-06-28 02:15:00+00:00,11025.819
2025-06-28 02:30:00+00:00,11025.819
2025-06-28 02:45:00+00:00,11025.819
2025-06-28 03:00:00+00:00,11025.819
2025-06-28 03:15:00+00:00,11025.819
2025-06-28 03:30:00+00:00,11025.819
2025-06-28 03:45:00+00:00,11025.819
2025-06-28 04:00:00+00:00,11025.819
2025-06-28 04:15:00+00:00,11025.819
2025-06-28 04:30:00+00:00,11025.819
2025-06-28 04:45:00+00:00,11025.819
2025-06-28 05:00:00+00:00,11025.819
2025-06-28 05:15:00+00:00,11025.819
2025-06-28 05:30:00+00:00,11025.819
2025-06-28 05:45:00+00:00,11025.819
2025-06-28 06:00:00+00:00,11025.819
2025-06-28 06:15:00+00:00,11025.819
2025-06-28 06:30:00+00:00,11025.819
2025-06-28 06:45:00+00:00,11025.819
2025-06-28 07:00:00+00:00,11025.819
2025-06-28 07:15:00+00:00,11025.819
2025-06-28 07:30:00+00:00,11025.819
2025-06-28 07:45:00+00:00,11025.819
2025-06-28 08:00:00+00:00,11025.819
2025-06-28 08:15:00+00:00,11025.819
2025-06-28 08:30:00+00:00,11025.819
2025-06-28 08:45:00+00:00,11025.819
2025-06-28 09:00:00+00:00,11025.819
2025-06-28 09:15:00+00:00,11025.819
2025-06-28 09:30:00+00:00,11025.819
2025-06-28 09:45:00+00:00,11025.819
2025-06-28 10:00:00+00:00,11025.819
2025-06-28 10:15:00+00:00,11025.819
2025-06-28 10:30:00+00:00,11025.819
2025-06-28 10:45:00+00:00,11025.819
2025-06-28 11:00:00+00:00,11025.819
2025-06-28 11:15:00+00:00,11025.819
2025-06-28 11:30:00+00:00,11025.819
2025-06-28 11:45:00+00:00,11025.819
2025-06-28 12:00:00+00:00,11025.819
2025-06-28 12:15:00+00:00,11025.819
2025-06-28 12:30:00+00:00,11025.819
2025-06-28 12:45:00+00:00,11025.819
2025-06-28 13:00:00+00:00,11025.819
2025-06-28 13:15:00+00:00,11025.819
2025-06-28 13:30:00+00:00,11025.819
2025-06-28 13:45:00+00:00,11025.819
2025-06-28 14:00:00+00:00,11025.819
2025-06-28 14:15:00+00:00,11025.819
2025-06-28 14:30:00+00:00,11025.819
2025-06-28 14:45:00+00:00,11025.819
2025-06-28 15:00:00+00:00,11025.819
2025-06-28 15:15:00+00:00,11025.819
2025-06-28 15:30:00+00:00,11025.819
2025-06-28 15:45:00+00:00,11025.819
2025-06-28 16:00:00+00:00,11025.819
2025-06-28 16:15:00+00:00,11025.819
2025-06-28 16:30:00+00:00,11025.819
2025-06-28 16:45:00+00:00,11025.819
2025-06-28 17:00:00+00:00,11025.819
2025-06-28 17:15:00+00:00,11025.819
2025-06-28 17:30:00+00:00,11025.819
2025-06-28 17:45:00+00:00,11025.819
2025-06-28 18:00:00+00:00,11025.819
2025-06-28 18:15:00+00:00,11025.819
2025-06-28 18:30:00+00:00,11025.819
2025-06-28 18:45:00+00:00,11025.819
2025-06-28 19:00:00+00:00,11025.819
2025-06-28 19:15:00+00:00,11025.819
2025-06-28 19:30:00+00:00,11025.819
2025-06-28 19:45:00+00:00,11025.819
2025-06-28 20:00:00+00:00,11025.819
2025-06-28 20:15:00+00:00,11025.819
2025-06-28 20:30:00+00:00,11025.819
2025-06-28 20:45:00+00:00,11025.819
2025-06-28 21:00:00+00:00,11025.819
2025-06-28 21:15:00+00:00,11025.819
2025-06-28 21:30:00+00:00,11025.819
2025-06-28 21:45:00+00:00,11025.819
2025-06-28 22:00:00+00:00,11025.819
2025-06-28 22:15:00+00:00,11025.819
2025-06-28 22:30:00+00:00,11025.819
2025-06-28 22:45:00+00:00,11025.819
2025-06-28 23:00:00+00:00,11025.819
2025-06-28 23:15:00+00:00,11025.819
2025-06-28 23:30:00+00:00,11025.819
2025-06-28 23:45:00+00:00,11025.819
2025-06-29 00:00:00+00:00,11025.819
2025-06-29 00:15:00+00:00,11025.819
2025-06-29 00:30:00+00:00,11025.819
2025-06-29 00:45:00+00:00,11025.819
2025-06-29 01:00:00+00:00,11025.819
2025-06-29 01:15:00+00:00,11025.819
2025-06-29 01:30:00+00:00,11025.819
2025-06-29 01:45:00+00:00,11025.819
2025-06-29 02:00:00+00:00,11025.819
2025-06-29 02:15:00+00:00,11025.819
2025-06-29 02:30:00+00:00,11025.819
2025-06-29 02:45:00+00:00,11025.819
2025-06-29 03:00:00+00:00,11025.819
2025-06-29 03:15:00+00:00,11025.819
2025-06-29 03:30:00+00:00,11025.819
2025-06-29 03:45:00+00:00,11025.819
2025-06-29 04:00:00+00:00,11025.819
2025-06-29 04:15:00+00:00,11025.819
2025-06-29 04:30:00+00:00,11025.819
2025-06-29 04:45:00+00:00,11025.819
2025-06-29 05:00:00+00:00,11025.819
2025-06-29 05:15:00+00:00,11025.819
2025-06-29 05:30:00+00:00,11025.819
2025-06-29 05:45:00+00:00,11025.819
2025-06-29 06:00:00+00:00,11025.819
2025-06-29 06:15:00+00:00,11025.819
2025-06-29 06:30:00+00:00,11025.819
2025-06-29 06:45:00+00:00,11025.819
2025-06-29 07:00:00+00:00,11025.819
2025-06-29 07:15:00+00:00,11025.819
2025-06-29 07:30:00+00:00,11025.819
2025-06-29 07:45:00+00:00,11025.819
2025-06-29 08:00:00+00:00,11025.819
2025-06-29 08:15:00+00:00,11025.819
2025-06-29 08:30:00+00:00,11025.819
2025-06-29 08:45:00+00:00,11025.819
2025-06-29 09:00:00+00:00,11025.819
2025-06-29 09:15:00+00:00,11025.819
2025-06-29 09:30:00+00:00,11025.819
2025-06-29 09:45:00+00:00,11025.819
2025-06-29 10:00:00+00:00,11025.819
2025-06-29 10:15:00+00:00,11025.819
2025-06-29 10:30:00+00:00,11025.819
2025-06-29 10:45:00+00:00,11025.819
2025-06-29 11:00:00+00:00,11025.819
2025-06-29 11:15:00+00:00,11025.819
2025-06-29 11:30:00+00:00,11025.819
2025-06-29 11:45:00+00:00,11025.819
2025-06-29 12:00:00+00:00,11025.819
2025-06-29 12:15:00+00:00,11025.819
2025-06-29 12:30:00+00:00,11025.819
2025-06-29 12:45:00+00:00,11025.819
2025-06-29 13:00:00+00:00,11025.819
2025-06-29 13:15:00+00:00,11025.819
2025-06-29 13:30:00+00:00,11025.819
2025-06-29 13:45:00+00:00,11025.819
2025-06-29 14:00:00+00:00,11025.819
2025-06-29 14:15:00+00:00,11025.819
2025-06-29 14:30:00+00:00,11025.819
2025-06-29 14:45:00+00:00,11025.819
2025-06-29 15:00:00+00:00,11025.819
2025-06-29 15:15:00+00:00,11025.819
2025-06-29 15:30:00+00:00,11025.819
2025-06-29 15:45:00+00:00,11025.819
2025-06-29 16:00:00+00:00,11025.819
2025-06-29 16:15:00+00:00,11025.819
2025-06-29 16:30:00+00:00,11025.819
2025-06-29 16:45:00+00:00,11025.819
2025-06-29 17:00:00+00:00,11025.819
2025-06-29 17:15:00+00:00,11025.819
2025-06-29 17:30:00+00:00,11025.819
2025-06-29 17:45:00+00:00,11025.819
2025-06-29 18:00:00+00:00,11025.819
2025-06-29 18:15:00+00:00,11025.819
2025-06-29 18:30:00+00:00,11025.819
2025-06-29 18:45:00+00:00,11025.819
2025-06-29 19:00:00+00:00,11025.819
2025-06-29 19:15:00+00:00,11025.819
2025-06-29 19:30:00+00:00,11025.819
2025-06-29 19:45:00+00:00,11025.819
2025-06-29 20:00:00+00:00,11025.819
2025-06-29 20:15:00+00:00,11025.819
2025-06-29 20:30:00+00:00,11025.819
2025-06-29 20:45:00+00:00,11025.819
2025-06-29 21:00:00+00:00,11025.819
2025-06-29 21:15:00+00:00,11025.819
2025-06-29 21:30:00+00:00,11025.819
2025-06-29 21:45:00+00:00,11025.819
2025-06-29 22:00:00+00:00,11025.819
2025-06-29 22:15:00+00:00,11025.819
2025-06-29 22:30:00+00:00,11025.819
2025-06-29 22:45:00+00:00,11025.819
2025-06-29 23:00:00+00:00,11025.819
2025-06-29 23:15:00+00:00,11025.819
2025-06-29 23:30:00+00:00,11025.819
2025-06-29 23:45:00+00:00,11025.819
2025-06-30 00:00:00+00:00,11025.819
2025-06-30 00:15:00+00:00,11025.819
2025-06-30 00:30:00+00:00,11025.819
2025-06-30 00:45:00+00:00,11025.819
2025-06-30 01:00:00+00:00,11025.819
2025-06-30 01:15:00+00:00,11025.819
2025-06-30 01:30:00+00:00,11025.819
2025-06-30 01:45:00+00:00,11025.819
2025-06-30 02:00:00+00:00,11025.819
2025-06-30 02:15:00+00:00,11025.819
2025-06-30 02:30:00+00:00,11025.819
2025-06-30 02:45:00+00:00,11025.819
2025-06-30 03:00:00+00:00,11025.819
2025-06-30 03:15:00+00:00,11025.819
2025-06-30 03:30:00+00:00,11025.819
2025-06-30 03:45:00+00:00,11025.819
2025-06-30 04:00:00+00:00,11025.819
2025-06-30 04:15:00+00:00,11025.819
2025-06-30 04:30:00+00:00,11025.819
2025-06-30 04:45:00+00:00,11025.819
2025-06-30 05:00:00+00:00,11025.819
2025-06-30 05:15:00+00:00,11025.819
2025-06-30 05:30:00+00:00,11025.819
2025-06-30 05:45:00+00:00,11025.819
2025-06-30 06:00:00+00:00,11025.819
2025-06-30 06:15:00+00:00,11025.819
2025-06-30 06:30:00+00:00,11025.819
2025-06-30 06:45:00+00:00,11025.819
2025-06-30 07:00:00+00:00,11025.819
2025-06-30 07:15:00+00:00,11025.819
2025-06-30 07:30:00+00:00,11025.819
2025-06-30 07:45:00+00:00,11025.819
2025-06-30 08:00:00+00:00,11025.819
2025-06-30 08:15:00+00:00,11025.819
2025-06-30 08:30:00+00:00,11025.819
2025-06-30 08:45:00+00:00,11025.819
2025-06-30 09:00:00+00:00,11025.819
2025-06-30 09:15:00+00:00,11025.819
2025-06-30 09:30:00+00:00,11025.819
2025-06-30 09:45:00+00:00,11025.819
2025-06-30 10:00:00+00:00,11025.819
2025-06-30 10:15:00+00:00,11025.819
2025-06-30 10:30:00+00:00,11025.819
2025-06-30 10:45:00+00:00,11025.819
2025-06-30 11:00:00+00:00,11025.819
2025-06-30 11:15:00+00:00,11025.819
2025-06-30 11:30:00+00:00,11025.819
2025-06-30 11:45:00+00:00,11025.819
2025-06-30 12:00:00+00:00,11025.819
2025-06-30 12:15:00+00:00,11025.819
2025-06-30 12:30:00+00:00,11025.819
2025-06-30 12:45:00+00:00,11025.819
2025-06-30 13:00:00+00:00,11025.819
2025-06-30 13:15:00+00:00,11025.819
2025-06-30 13:30:00+00:00,11025.819
2025-06-30 13:45:00+00:00,11025.819
2025-06-30 14:00:00+00:00,11025.819
2025-06-30 14:15:00+00:00,11025.819
2025-06-30 14:30:00+00:00,11025.819
2025-06-30 14:45:00+00:00,11025.819
2025-06-30 15:00:00+00:00,11025.819
2025-06-30 15:15:00+00:00,11025.819
2025-06-30 15:30:00+00:00,11025.819
2025-06-30 15:45:00+00:00,11025.819
2025-06-30 16:00:00+00:00,11025.819
2025-06-30 16:15:00+00:00,11025.819
2025-06-30 16:30:00+00:00,11025.819
2025-06-30 16:45:00+00:00,11025.819
2025-06-30 17:00:00+00:00,11025.819
2025-06-30 17:15:00+00:00,11025.819
2025-06-30 17:30:00+00:00,11025.819
2025-06-30 17:45:00+00:00,11025.819
2025-06-30 18:00:00+00:00,11025.819
2025-06-30 18:15:00+00:00,11025.819
2025-06-30 18:30:00+00:00,11025.819
2025-06-30 18:45:00+00:00,11025.819
2025-06-30 19:00:00+00:00,11025.819
2025-06-30 19:15:00+00:00,11025.819
2025-06-30 19:30:00+00:00,11025.819
2025-06-30 19:45:00+00:00,11025.819
2025-06-30 20:00:00+00:00,11025.819
2025-06-30 20:15:00+00:00,11025.819
2025-06-30 20:30:00+00:00,11025.819
2025-06-30 20:45:00+00:00,11025.819
2025-06-30 21:00:00+00:00,11025.819
2025-06-30 21:15:00+00:00,11025.819
2025-06-30 21:30:00+00:00,11025.819
2025-06-30 21:45:00+00:00,11025.819
2025-06-30 22:00:00+00:00,11025.819
2025-06-30 22:15:00+00:00,11025.819
2025-06-30 22:30:00+00:00,11025.819
2025-06-30 22:45:00+00:00,11025.819
2025-06-30 23:00:00+00:00,11025.819
2025-06-30 23:15:00+00:00,11025.819
2025-06-30 23:30:00+00:00,11025.819
2025-06-30 23:45:00+00:00,11025.819
2025-07-01 00:00:00+00:00,11025.819
2025-07-01 00:15:00+00:00,11025.819
2025-07-01 00:30:00+00:00,11025.819
2025-07-01 00:45:00+00:00,11025.819
2025-07-01 01:00:00+00:00,11025.819
2025-07-01 01:15:00+00:00,11025.819
2025-07-01 01:30:00+00:00,11025.819
2025-07-01 01:45:00+00:00,11025.819
2025-07-01 02:00:00+00:00,11025.819
2025-07-01 02:15:00+00:00,11025.819
2025-07-01 02:30:00+00:00,11025.819
2025-07-01 02:45:00+00:00,11025.819
2025-07-01 03:00:00+00:00,11025.819
2025-07-01 03:15:00+00:00,11025.819
2025-07-01 03:30:00+00:00,11025.819
2025-07-01 03:45:00+00:00,11025.819
2025-07-01 04:00:00+00:00,11025.819
2025-07-01 04:15:00+00:00,11025.819
2025-07-01 04:30:00+00:00,11025.819
2025-07-01 04:45:00+00:00,11025.819
2025-07-01 05:00:00+00:00,11025.819
2025-07-01 05:15:00+00:00,11025.819
2025-07-01 05:30:00+00:00,11025.819
2025-07-01 05:45:00+00:00,11025.819
2025-07-01 06:00:00+00:00,11025.819
2025-07-01 06:15:00+00:00,11025.819
2025-07-01 06:30:00+00:00,11025.819
2025-07-01 06:45:00+00:00,11025.819
2025-07-01 07:00:00+00:00,11025.819
2025-07-01 07:15:00+00:00,11025.819
2025-07-01 07:30:00+00:00,11025.819
2025-07-01 07:45:00+00:00,11025.819
2025-07-01 08:00:00+00:00,11025.819
2025-07-01 08:15:00+00:00,11025.819
2025-07-01 08:30:00+00:00,11025.819
2025-07-01 08:45:00+00:00,11025.819
2025-07-01 09:00:00+00:00,11025.819
2025-07-01 09:15:00+00:00,11025.819
2025-07-01 09:30:00+00:00,11025.819
2025-07-01 09:45:00+00:00,11025.819
2025-07-01 10:00:00+00:00,11025.819
2025-07-01 10:15:00+00:00,11025.819
2025-07-01 10:30:00+00:00,11025.819
2025-07-01 10:45:00+00:00,11246.3354
2025-07-01 11:00:00+00:00,11246.3354
2025-07-01 11:15:00+00:00,11246.3354
2025-07-01 11:30:00+00:00,11246.3354
2025-07-01 11:45:00+00:00,11246.3354
2025-07-01 12:00:00+00:00,11246.3354
2025-07-01 12:15:00+00:00,11246.3354
2025-07-01 12:30:00+00:00,11246.3354
2025-07-01 12:45:00+00:00,11246.3354
2025-07-01 13:00:00+00:00,11246.3354
2025-07-01 13:15:00+00:00,11246.3354
2025-07-01 13:30:00+00:00,11246.3354
2025-07-01 13:45:00+00:00,11246.3354
2025-07-01 14:00:00+00:00,11246.3354
2025-07-01 14:15:00+00:00,11246.3354
2025-07-01 14:30:00+00:00,11246.3354
2025-07-01 14:45:00+00:00,11246.3354
2025-07-01 15:00:00+00:00,11246.3354
2025-07-01 15:15:00+00:00,11246.3354
2025-07-01 15:30:00+00:00,11246.3354
2025-07-01 15:45:00+00:00,11246.3354
2025-07-01 16:00:00+00:00,11246.3354
2025-07-01 16:15:00+00:00,11246.3354
2025-07-01 16:30:00+00:00,11246.3354
2025-07-01 16:45:00+00:00,11246.3354
2025-07-01 17:00:00+00:00,11246.3354
2025-07-01 17:15:00+00:00,11246.3354
2025-07-01 17:30:00+00:00,11246.3354
2025-07-01 17:45:00+00:00,11246.3354
2025-07-01 18:00:00+00:00,11246.3354
2025-07-01 18:15:00+00:00,11246.3354
2025-07-01 18:30:00+00:00,11246.3354
2025-07-01 18:45:00+00:00,11246.3354
2025-07-01 19:00:00+00:00,11246.3354
2025-07-01 19:15:00+00:00,11246.3354
2025-07-01 19:30:00+00:00,11246.3354
2025-07-01 19:45:00+00:00,11246.3354
2025-07-01 20:00:00+00:00,11471.2621
2025-07-01 20:15:00+00:00,11471.2621
2025-07-01 20:30:00+00:00,11471.2621
2025-07-01 20:45:00+00:00,11471.2621
2025-07-01 21:00:00+00:00,11471.2621
2025-07-01 21:15:00+00:00,11471.2621
2025-07-01 21:30:00+00:00,11471.2621
2025-07-01 21:45:00+00:00,11471.2621
2025-07-01 22:00:00+00:00,11471.2621
2025-07-01 22:15:00+00:00,11471.2621
2025-07-01 22:30:00+00:00,11471.2621
2025-07-01 22:45:00+00:00,11471.2621
2025-07-01 23:00:00+00:00,11471.2621
2025-07-01 23:15:00+00:00,11471.2621
2025-07-01 23:30:00+00:00,11471.2621
2025-07-01 23:45:00+00:00,11471.2621
2025-07-02 00:00:00+00:00,11471.2621
2025-07-02 00:15:00+00:00,11471.2621
2025-07-02 00:30:00+00:00,11471.2621
2025-07-02 00:45:00+00:00,11471.2621
2025-07-02 01:00:00+00:00,11471.2621
2025-07-02 01:15:00+00:00,11471.2621
2025-07-02 01:30:00+00:00,11471.2621
2025-07-02 01:45:00+00:00,11471.2621
2025-07-02 02:00:00+00:00,11471.2621
2025-07-02 02:15:00+00:00,11471.2621
2025-07-02 02:30:00+00:00,11471.2621
2025-07-02 02:45:00+00:00,11471.2621
2025-07-02 03:00:00+00:00,11471.2621
2025-07-02 03:15:00+00:00,11471.2621
2025-07-02 03:30:00+00:00,11471.2621
2025-07-02 03:45:00+00:00,11471.2621
2025-07-02 04:00:00+00:00,11471.2621
2025-07-02 04:15:00+00:00,11471.2621
2025-07-02 04:30:00+00:00,11471.2621
2025-07-02 04:45:00+00:00,11471.2621
2025-07-02 05:00:00+00:00,11471.2621
2025-07-02 05:15:00+00:00,11471.2621
2025-07-02 05:30:00+00:00,11471.2621
2025-07-02 05:45:00+00:00,11471.2621
2025-07-02 06:00:00+00:00,11471.2621
2025-07-02 06:15:00+00:00,11471.2621
2025-07-02 06:30:00+00:00,11471.2621
2025-07-02 06:45:00+00:00,11471.2621
2025-07-02 07:00:00+00:00,11471.2621
2025-07-02 07:15:00+00:00,11471.2621
2025-07-02 07:30:00+00:00,11471.2621
2025-07-02 07:45:00+00:00,11471.2621
2025-07-02 08:00:00+00:00,11471.2621
2025-07-02 08:15:00+00:00,11471.2621
2025-07-02 08:30:00+00:00,11471.2621
2025-07-02 08:45:00+00:00,11471.2621
2025-07-02 09:00:00+00:00,11471.2621
2025-07-02 09:15:00+00:00,11471.2621
2025-07-02 09:30:00+00:00,11471.2621
2025-07-02 09:45:00+00:00,11471.2621
2025-07-02 10:00:00+00:00,11471.2621
2025-07-02 10:15:00+00:00,11471.2621
2025-07-02 10:30:00+00:00,11471.2621
2025-07-02 10:45:00+00:00,11471.2621
2025-07-02 11:00:00+00:00,11471.2621
2025-07-02 11:15:00+00:00,11471.2621
2025-07-02 11:30:00+00:00,11471.2621
2025-07-02 11:45:00+00:00,11471.2621
2025-07-02 12:00:00+00:00,11471.2621
2025-07-02 12:15:00+00:00,11471.2621
2025-07-02 12:30:00+00:00,11471.2621
2025-07-02 12:45:00+00:00,11471.2621
2025-07-02 13:00:00+00:00,11471.2621
2025-07-02 13:15:00+00:00,11471.2621
2025-07-02 13:30:00+00:00,11471.2621
2025-07-02 13:45:00+00:00,11471.2621
2025-07-02 14:00:00+00:00,11471.2621
2025-07-02 14:15:00+00:00,11471.2621
2025-07-02 14:30:00+00:00,11471.2621
2025-07-02 14:45:00+00:00,11471.2621
2025-07-02 15:00:00+00:00,11471.2621
2025-07-02 15:15:00+00:00,11471.2621
2025-07-02 15:30:00+00:00,11471.2621
2025-07-02 15:45:00+00:00,11471.2621
2025-07-02 16:00:00+00:00,11471.2621
2025-07-02 16:15:00+00:00,11471.2621
2025-07-02 16:30:00+00:00,11471.2621
2025-07-02 16:45:00+00:00,11471.2621
2025-07-02 17:00:00+00:00,11471.2621
2025-07-02 17:15:00+00:00,11471.2621
2025-07-02 17:30:00+00:00,11471.2621
2025-07-02 17:45:00+00:00,11471.2621
2025-07-02 18:00:00+00:00,11471.2621
2025-07-02 18:15:00+00:00,11471.2621
2025-07-02 18:30:00+00:00,11471.2621
2025-07-02 18:45:00+00:00,11471.2621
2025-07-02 19:00:00+00:00,11471.2621
2025-07-02 19:15:00+00:00,11471.2621
2025-07-02 19:30:00+00:00,11471.2621
2025-07-02 19:45:00+00:00,11471.2621
2025-07-02 20:00:00+00:00,11471.2621
2025-07-02 20:15:00+00:00,11471.2621
2025-07-02 20:30:00+00:00,11471.2621
2025-07-02 20:45:00+00:00,11471.2621
2025-07-02 21:00:00+00:00,11471.2621
2025-07-02 21:15:00+00:00,11471.2621
2025-07-02 21:30:00+00:00,11471.2621
2025-07-02 21:45:00+00:00,11471.2621
2025-07-02 22:00:00+00:00,11471.2621
2025-07-02 22:15:00+00:00,11471.2621
2025-07-02 22:30:00+00:00,11471.2621
2025-07-02 22:45:00+00:00,11471.2621
2025-07-02 23:00:00+00:00,11471.2621
2025-07-02 23:15:00+00:00,11471.2621
2025-07-02 23:30:00+00:00,11471.2621
2025-07-02 23:45:00+00:00,11471.2621
2025-07-03 00:00:00+00:00,11471.2621
2025-07-03 00:15:00+00:00,11471.2621
2025-07-03 00:30:00+00:00,11471.2621
2025-07-03 00:45:00+00:00,11471.2621
2025-07-03 01:00:00+00:00,11471.2621
2025-07-03 01:15:00+00:00,11471.2621
2025-07-03 01:30:00+00:00,11471.2621
2025-07-03 01:45:00+00:00,11471.2621
2025-07-03 02:00:00+00:00,11471.2621
2025-07-03 02:15:00+00:00,11471.2621
2025-07-03 02:30:00+00:00,11471.2621
2025-07-03 02:45:00+00:00,11471.2621
2025-07-03 03:00:00+00:00,11471.2621
2025-07-03 03:15:00+00:00,11471.2621
2025-07-03 03:30:00+00:00,11471.2621
2025-07-03 03:45:00+00:00,11471.2621
2025-07-03 04:00:00+00:00,11471.2621
2025-07-03 04:15:00+00:00,11471.2621
2025-07-03 04:30:00+00:00,11471.2621
2025-07-03 04:45:00+00:00,11471.2621
2025-07-03 05:00:00+00:00,11471.2621
2025-07-03 05:15:00+00:00,11471.2621
2025-07-03 05:30:00+00:00,11700.6873
2025-07-03 05:45:00+00:00,11700.6873
2025-07-03 06:00:00+00:00,11700.6873
2025-07-03 06:15:00+00:00,11700.6873
2025-07-03 06:30:00+00:00,11700.6873
2025-07-03 06:45:00+00:00,11700.6873
2025-07-03 07:00:00+00:00,11583.6804
2025-07-03 07:15:00+00:00,11583.6804
2025-07-03 07:30:00+00:00,11583.6804
2025-07-03 07:45:00+00:00,11583.6804
2025-07-03 08:00:00+00:00,11583.6804
2025-07-03 08:15:00+00:00,11583.6804
2025-07-03 08:30:00+00:00,11583.6804
2025-07-03 08:45:00+00:00,11583.6804
2025-07-03 09:00:00+00:00,11583.6804
2025-07-03 09:15:00+00:00,11583.6804
2025-07-03 09:30:00+00:00,11583.6804
2025-07-03 09:45:00+00:00,11583.6804
2025-07-03 10:00:00+00:00,11583.6804
2025-07-03 10:15:00+00:00,11583.6804
2025-07-03 10:30:00+00:00,11583.6804
2025-07-03 10:45:00+00:00,11583.6804
2025-07-03 11:00:00+00:00,11583.6804
2025-07-03 11:15:00+00:00,11583.6804
2025-07-03 11:30:00+00:00,11583.6804
2025-07-03 11:45:00+00:00,11583.6804
2025-07-03 12:00:00+00:00,11583.6804
2025-07-03 12:15:00+00:00,11583.6804
2025-07-03 12:30:00+00:00,11583.6804
2025-07-03 12:45:00+00:00,11583.6804
2025-07-03 13:00:00+00:00,11583.6804
2025-07-03 13:15:00+00:00,11583.6804
2025-07-03 13:30:00+00:00,11815.3541
2025-07-03 13:45:00+00:00,11815.3541
2025-07-03 14:00:00+00:00,11815.3541
2025-07-03 14:15:00+00:00,11815.3541
2025-07-03 14:30:00+00:00,11815.3541
2025-07-03 14:45:00+00:00,11815.3541
2025-07-03 15:00:00+00:00,11815.3541
2025-07-03 15:15:00+00:00,11815.3541
2025-07-03 15:30:00+00:00,11815.3541
2025-07-03 15:45:00+00:00,11815.3541
2025-07-03 16:00:00+00:00,11815.3541
2025-07-03 16:15:00+00:00,11815.3541
2025-07-03 16:30:00+00:00,11815.3541
2025-07-03 16:45:00+00:00,11815.3541
2025-07-03 17:00:00+00:00,11815.3541
2025-07-03 17:15:00+00:00,11815.3541
2025-07-03 17:30:00+00:00,11815.3541
2025-07-03 17:45:00+00:00,11815.3541
2025-07-03 18:00:00+00:00,11815.3541
2025-07-03 18:15:00+00:00,11815.3541
2025-07-03 18:30:00+00:00,11815.3541
2025-07-03 18:45:00+00:00,11815.3541
2025-07-03 19:00:00+00:00,12051.6611
2025-07-03 19:15:00+00:00,12051.6611
2025-07-03 19:30:00+00:00,12051.6611
2025-07-03 19:45:00+00:00,12051.6611
2025-07-03 20:00:00+00:00,12051.6611
2025-07-03 20:15:00+00:00,12051.6611
2025-07-03 20:30:00+00:00,12051.6611
2025-07-03 20:45:00+00:00,12051.6611
2025-07-03 21:00:00+00:00,12051.6611
2025-07-03 21:15:00+00:00,12051.6611
2025-07-03 21:30:00+00:00,12051.6611
2025-07-03 21:45:00+00:00,12051.6611
2025-07-03 22:00:00+00:00,12051.6611
2025-07-03 22:15:00+00:00,12051.6611
2025-07-03 22:30:00+00:00,12051.6611
2025-07-03 22:45:00+00:00,12051.6611
2025-07-03 23:00:00+00:00,12051.6611
2025-07-03 23:15:00+00:00,12051.6611
2025-07-03 23:30:00+00:00,12051.6611
2025-07-03 23:45:00+00:00,12051.6611
2025-07-04 00:00:00+00:00,12051.6611
2025-07-04 00:15:00+00:00,12051.6611
2025-07-04 00:30:00+00:00,12051.6611
2025-07-04 00:45:00+00:00,11931.1445
2025-07-04 01:00:00+00:00,11931.1445
2025-07-04 01:15:00+00:00,11931.1445
2025-07-04 01:30:00+00:00,11931.1445
2025-07-04 01:45:00+00:00,11931.1445
2025-07-04 02:00:00+00:00,11931.1445
2025-07-04 02:15:00+00:00,11931.1445
2025-07-04 02:30:00+00:00,11931.1445
2025-07-04 02:45:00+00:00,11931.1445
2025-07-04 03:00:00+00:00,11931.1445
2025-07-04 03:15:00+00:00,11931.1445
2025-07-04 03:30:00+00:00,11931.1445
2025-07-04 03:45:00+00:00,11931.1445
2025-07-04 04:00:00+00:00,11931.1445
2025-07-04 04:15:00+00:00,11931.1445
2025-07-04 04:30:00+00:00,11931.1445
2025-07-04 04:45:00+00:00,11931.1445
2025-07-04 05:00:00+00:00,11931.1445
2025-07-04 05:15:00+00:00,11931.1445
2025-07-04 05:30:00+00:00,11931.1445
2025-07-04 05:45:00+00:00,11931.1445
2025-07-04 06:00:00+00:00,11931.1445
2025-07-04 06:15:00+00:00,11931.1445
2025-07-04 06:30:00+00:00,11931.1445
2025-07-04 06:45:00+00:00,11931.1445
2025-07-04 07:00:00+00:00,11931.1445
2025-07-04 07:15:00+00:00,11931.1445
2025-07-04 07:30:00+00:00,11931.1445
2025-07-04 07:45:00+00:00,11931.1445
2025-07-04 08:00:00+00:00,11931.1445
2025-07-04 08:15:00+00:00,11931.1445
2025-07-04 08:30:00+00:00,11931.1445
2025-07-04 08:45:00+00:00,11931.1445
2025-07-04 09:00:00+00:00,11931.1445
2025-07-04 09:15:00+00:00,11931.1445
2025-07-04 09:30:00+00:00,11931.1445
2025-07-04 09:45:00+00:00,11931.1445
2025-07-04 10:00:00+00:00,11931.1445
2025-07-04 10:15:00+00:00,11931.1445
2025-07-04 10:30:00+00:00,11931.1445
2025-07-04 10:45:00+00:00,11931.1445
2025-07-04 11:00:00+00:00,11931.1445
2025-07-04 11:15:00+00:00,11931.1445
2025-07-04 11:30:00+00:00,11931.1445
2025-07-04 11:45:00+00:00,11931.1445
2025-07-04 12:00:00+00:00,11931.1445
2025-07-04 12:15:00+00:00,11931.1445
2025-07-04 12:30:00+00:00,11931.1445
2025-07-04 12:45:00+00:00,11931.1445
2025-07-04 13:00:00+00:00,11931.1445
2025-07-04 13:15:00+00:00,11931.1445
2025-07-04 13:30:00+00:00,11931.1445
2025-07-04 13:45:00+00:00,11931.1445
2025-07-04 14:00:00+00:00,11931.1445
2025-07-04 14:15:00+00:00,11931.1445
2025-07-04 14:30:00+00:00,11931.1445
2025-07-04 14:45:00+00:00,11931.1445
2025-07-04 15:00:00+00:00,11931.1445
2025-07-04 15:15:00+00:00,11931.1445
2025-07-04 15:30:00+00:00,11931.1445
2025-07-04 15:45:00+00:00,11931.1445
2025-07-04 16:00:00+00:00,11931.1445
2025-07-04 16:15:00+00:00,11931.1445
2025-07-04 16:30:00+00:00,11931.1445
2025-07-04 16:45:00+00:00,11931.1445
2025-07-04 17:00:00+00:00,11931.1445
2025-07-04 17:15:00+00:00,11931.1445
2025-07-04 17:30:00+00:00,11931.1445
2025-07-04 17:45:00+00:00,11931.1445
2025-07-04 18:00:00+00:00,11931.1445
2025-07-04 18:15:00+00:00,11931.1445
2025-07-04 18:30:00+00:00,11931.1445
2025-07-04 18:45:00+00:00,11931.1445
2025-07-04 19:00:00+00:00,11931.1445
2025-07-04 19:15:00+00:00,11931.1445
2025-07-04 19:30:00+00:00,11931.1445
2025-07-04 19:45:00+00:00,11931.1445
2025-07-04 20:00:00+00:00,11931.1445
2025-07-04 20:15:00+00:00,11931.1445
2025-07-04 20:30:00+00:00,11931.1445
2025-07-04 20:45:00+00:00,11931.1445
2025-07-04 21:00:00+00:00,11931.1445
2025-07-04 21:15:00+00:00,11931.1445
2025-07-04 21:30:00+00:00,11931.1445
2025-07-04 21:45:00+00:00,11931.1445
2025-07-04 22:00:00+00:00,11931.1445
2025-07-04 22:15:00+00:00,11931.1445
2025-07-04 22:30:00+00:00,11931.1445
2025-07-04 22:45:00+00:00,11931.1445
2025-07-04 23:00:00+00:00,11931.1445
2025-07-04 23:15:00+00:00,11931.1445
2025-07-04 23:30:00+00:00,11931.1445
2025-07-04 23:45:00+00:00,11931.1445
2025-07-05 00:00:00+00:00,11931.1445
2025-07-05 00:15:00+00:00,11931.1445
2025-07-05 00:30:00+00:00,11931.1445
2025-07-05 00:45:00+00:00,11931.1445
2025-07-05 01:00:00+00:00,11931.1445
2025-07-05 01:15:00+00:00,11931.1445
2025-07-05 01:30:00+00:00,11931.1445
2025-07-05 01:45:00+00:00,11931.1445
2025-07-05 02:00:00+00:00,11931.1445
2025-07-05 02:15:00+00:00,11931.1445
2025-07-05 02:30:00+00:00,11931.1445
2025-07-05 02:45:00+00:00,11811.8331
2025-07-05 03:00:00+00:00,11811.8331
2025-07-05 03:15:00+00:00,11811.8331
2025-07-05 03:30:00+00:00,11811.8331
2025-07-05 03:45:00+00:00,11811.8331
2025-07-05 04:00:00+00:00,11811.8331
2025-07-05 04:15:00+00:00,11811.8331
2025-07-05 04:30:00+00:00,11811.8331
2025-07-05 04:45:00+00:00,11811.8331
2025-07-05 05:00:00+00:00,11811.8331
2025-07-05 05:15:00+00:00,11811.8331
2025-07-05 05:30:00+00:00,11811.8331
2025-07-05 05:45:00+00:00,11811.8331
2025-07-05 06:00:00+00:00,11811.8331
2025-07-05 06:15:00+00:00,11811.8331
2025-07-05 06:30:00+00:00,11811.8331
2025-07-05 06:45:00+00:00,11811.8331
2025-07-05 07:00:00+00:00,11811.8331
2025-07-05 07:15:00+00:00,11811.8331
2025-07-05 07:30:00+00:00,11811.8331
2025-07-05 07:45:00+00:00,11811.8331
2025-07-05 08:00:00+00:00,11811.8331
2025-07-05 08:15:00+00:00,11811.8331
2025-07-05 08:30:00+00:00,11811.8331
2025-07-05 08:45:00+00:00,11811.8331
2025-07-05 09:00:00+00:00,11811.8331
2025-07-05 09:15:00+00:00,11811.8331
2025-07-05 09:30:00+00:00,11811.8331
2025-07-05 09:45:00+00:00,11811.8331
2025-07-05 10:00:00+00:00,11811.8331
2025-07-05 10:15:00+00:00,11811.8331
2025-07-05 10:30:00+00:00,11811.8331
2025-07-05 10:45:00+00:00,11811.8331
2025-07-05 11:00:00+00:00,11811.8331
2025-07-05 11:15:00+00:00,11811.8331
2025-07-05 11:30:00+00:00,11811.8331
2025-07-05 11:45:00+00:00,11811.8331
2025-07-05 12:00:00+00:00,11811.8331
2025-07-05 12:15:00+00:00,11811.8331
2025-07-05 12:30:00+00:00,11811.8331
2025-07-05 12:45:00+00:00,11811.8331
2025-07-05 13:00:00+00:00,11811.8331
2025-07-05 13:15:00+00:00,11811.8331
2025-07-05 13:30:00+00:00,11811.8331
2025-07-05 13:45:00+00:00,11811.8331
2025-07-05 14:00:00+00:00,11811.8331
2025-07-05 14:15:00+00:00,11811.8331
2025-07-05 14:30:00+00:00,11811.8331
2025-07-05 14:45:00+00:00,11811.8331
2025-07-05 15:00:00+00:00,11811.8331
2025-07-05 15:15:00+00:00,11811.8331
2025-07-05 15:30:00+00:00,11811.8331
2025-07-05 15:45:00+00:00,11811.8331
2025-07-05 16:00:00+00:00,11811.8331
2025-07-05 16:15:00+00:00,11811.8331
2025-07-05 16:30:00+00:00,11811.8331
2025-07-05 16:45:00+00:00,11811.8331
2025-07-05 17:00:00+00:00,11811.8331
2025-07-05 17:15:00+00:00,11811.8331
2025-07-05 17:30:00+00:00,11811.8331
2025-07-05 17:45:00+00:00,11811.8331
2025-07-05 18:00:00+00:00,11811.8331
2025-07-05 18:15:00+00:00,11811.8331
2025-07-05 18:30:00+00:00,11811.8331
2025-07-05 18:45:00+00:00,11811.8331
2025-07-05 19:00:00+00:00,11811.8331
2025-07-05 19:15:00+00:00,11811.8331
2025-07-05 19:30:00+00:00,11811.8331
2025-07-05 19:45:00+00:00,11811.8331
2025-07-05 20:00:00+00:00,11811.8331
2025-07-05 20:15:00+00:00,11811.8331
2025-07-05 20:30:00+00:00,11811.8331
2025-07-05 20:45:00+00:00,11811.8331
2025-07-05 21:00:00+00:00,11811.8331
2025-07-05 21:15:00+00:00,11811.8331
2025-07-05 21:30:00+00:00,11811.8331
2025-07-05 21:45:00+00:00,11811.8331
2025-07-05 22:00:00+00:00,11811.8331
2025-07-05 22:15:00+00:00,11811.8331
2025-07-05 22:30:00+00:00,11811.8331
2025-07-05 22:45:00+00:00,11811.8331
2025-07-05 23:00:00+00:00,11811.8331
2025-07-05 23:15:00+00:00,11811.8331
2025-07-05 23:30:00+00:00,11811.8331
2025-07-05 23:45:00+00:00,11811.8331
2025-07-06 00:00:00+00:00,11811.8331
2025-07-06 00:15:00+00:00,11811.8331
2025-07-06 00:30:00+00:00,11811.8331
2025-07-06 00:45:00+00:00,11811.8331
2025-07-06 01:00:00+00:00,11811.8331
2025-07-06 01:15:00+00:00,11811.8331
2025-07-06 01:30:00+00:00,11811.8331
2025-07-06 01:45:00+00:00,11811.8331
2025-07-06 02:00:00+00:00,11811.8331
2025-07-06 02:15:00+00:00,11811.8331
2025-07-06 02:30:00+00:00,11811.8331
2025-07-06 02:45:00+00:00,11811.8331
2025-07-06 03:00:00+00:00,11811.8331
2025-07-06 03:15:00+00:00,11811.8331
2025-07-06 03:30:00+00:00,11811.8331
2025-07-06 03:45:00+00:00,11811.8331
2025-07-06 04:00:00+00:00,11811.8331
2025-07-06 04:15:00+00:00,11811.8331
2025-07-06 04:30:00+00:00,11811.8331
2025-07-06 04:45:00+00:00,11811.8331
2025-07-06 05:00:00+00:00,11811.8331
2025-07-06 05:15:00+00:00,11811.8331
2025-07-06 05:30:00+00:00,11811.8331
2025-07-06 05:45:00+00:00,11811.8331
2025-07-06 06:00:00+00:00,11811.8331
2025-07-06 06:15:00+00:00,11811.8331
2025-07-06 06:30:00+00:00,11811.8331
2025-07-06 06:45:00+00:00,11811.8331
2025-07-06 07:00:00+00:00,11811.8331
2025-07-06 07:15:00+00:00,11811.8331
2025-07-06 07:30:00+00:00,11811.8331
2025-07-06 07:45:00+00:00,11811.8331
2025-07-06 08:00:00+00:00,11811.8331
2025-07-06 08:15:00+00:00,11811.8331
2025-07-06 08:30:00+00:00,11811.8331
2025-07-06 08:45:00+00:00,11811.8331
2025-07-06 09:00:00+00:00,11811.8331
2025-07-06 09:15:00+00:00,11811.8331
2025-07-06 09:30:00+00:00,11811.8331
2025-07-06 09:45:00+00:00,11811.8331
2025-07-06 10:00:00+00:00,11811.8331
2025-07-06 10:15:00+00:00,11811.8331
2025-07-06 10:30:00+00:00,11811.8331
2025-07-06 10:45:00+00:00,11811.8331
2025-07-06 11:00:00+00:00,11811.8331
2025-07-06 11:15:00+00:00,11811.8331
2025-07-06 11:30:00+00:00,11811.8331
2025-07-06 11:45:00+00:00,11811.8331
2025-07-06 12:00:00+00:00,11811.8331
2025-07-06 12:15:00+00:00,11811.8331
2025-07-06 12:30:00+00:00,11811.8331
2025-07-06 12:45:00+00:00,11811.8331
2025-07-06 13:00:00+00:00,11811.8331
2025-07-06 13:15:00+00:00,11811.8331
2025-07-06 13:30:00+00:00,11811.8331
2025-07-06 13:45:00+00:00,11811.8331
2025-07-06 14:00:00+00:00,11811.8331
2025-07-06 14:15:00+00:00,11811.8331
2025-07-06 14:30:00+00:00,11811.8331
2025-07-06 14:45:00+00:00,11811.8331
2025-07-06 15:00:00+00:00,11811.8331
2025-07-06 15:15:00+00:00,11811.8331
2025-07-06 15:30:00+00:00,11811.8331
2025-07-06 15:45:00+00:00,11811.8331
2025-07-06 16:00:00+00:00,11811.8331
2025-07-06 16:15:00+00:00,11811.8331
2025-07-06 16:30:00+00:00,11811.8331
2025-07-06 16:45:00+00:00,11811.8331
2025-07-06 17:00:00+00:00,11811.8331
2025-07-06 17:15:00+00:00,11811.8331
2025-07-06 17:30:00+00:00,11811.8331
2025-07-06 17:45:00+00:00,11811.8331
2025-07-06 18:00:00+00:00,11811.8331
2025-07-06 18:15:00+00:00,11811.8331
2025-07-06 18:30:00+00:00,11811.8331
2025-07-06 18:45:00+00:00,11811.8331
2025-07-06 19:00:00+00:00,11811.8331
2025-07-06 19:15:00+00:00,11811.8331
2025-07-06 19:30:00+00:00,11811.8331
2025-07-06 19:45:00+00:00,11811.8331
2025-07-06 20:00:00+00:00,11811.8331
2025-07-06 20:15:00+00:00,11811.8331
2025-07-06 20:30:00+00:00,11811.8331
2025-07-06 20:45:00+00:00,11811.8331
2025-07-06 21:00:00+00:00,11811.8331
2025-07-06 21:15:00+00:00,11811.8331
2025-07-06 21:30:00+00:00,12048.0697
2025-07-06 21:45:00+00:00,12048.0697
2025-07-06 22:00:00+00:00,12048.0697
2025-07-06 22:15:00+00:00,12048.0697
2025-07-06 22:30:00+00:00,12048.0697
2025-07-06 22:45:00+00:00,12048.0697
2025-07-06 23:00:00+00:00,12048.0697
2025-07-06 23:15:00+00:00,12048.0697
2025-07-06 23:30:00+00:00,12048.0697
2025-07-06 23:45:00+00:00,12048.0697
2025-07-07 00:00:00+00:00,12048.0697
2025-07-07 00:15:00+00:00,12048.0697
2025-07-07 00:30:00+00:00,12048.0697
2025-07-07 00:45:00+00:00,12048.0697
2025-07-07 01:00:00+00:00,12048.0697
2025-07-07 01:15:00+00:00,12048.0697
2025-07-07 01:30:00+00:00,12048.0697
2025-07-07 01:45:00+00:00,12048.0697
2025-07-07 02:00:00+00:00,12289.0311
2025-07-07 02:15:00+00:00,12289.0311
2025-07-07 02:30:00+00:00,12289.0311
2025-07-07 02:45:00+00:00,12289.0311
2025-07-07 03:00:00+00:00,12289.0311
2025-07-07 03:15:00+00:00,12289.0311
2025-07-07 03:30:00+00:00,12289.0311
2025-07-07 03:45:00+00:00,12289.0311
2025-07-07 04:00:00+00:00,12289.0311
2025-07-07 04:15:00+00:00,12289.0311
2025-07-07 04:30:00+00:00,12289.0311
2025-07-07 04:45:00+00:00,12289.0311
2025-07-07 05:00:00+00:00,12289.0311
2025-07-07 05:15:00+00:00,12289.0311
2025-07-07 05:30:00+00:00,12289.0311
2025-07-07 05:45:00+00:00,12289.0311
2025-07-07 06:00:00+00:00,12289.0311
2025-07-07 06:15:00+00:00,12289.0311
2025-07-07 06:30:00+00:00,12289.0311
2025-07-07 06:45:00+00:00,12289.0311
2025-07-07 07:00:00+00:00,12289.0311
2025-07-07 07:15:00+00:00,12289.0311
2025-07-07 07:30:00+00:00,12289.0311
2025-07-07 07:45:00+00:00,12289.0311
2025-07-07 08:00:00+00:00,12289.0311
2025-07-07 08:15:00+00:00,12289.0311
2025-07-07 08:30:00+00:00,12289.0311
2025-07-07 08:45:00+00:00,12289.0311
2025-07-07 09:00:00+00:00,12289.0311
2025-07-07 09:15:00+00:00,12289.0311
2025-07-07 09:30:00+00:00,12289.0311
2025-07-07 09:45:00+00:00,12289.0311
2025-07-07 10:00:00+00:00,12289.0311
2025-07-07 10:15:00+00:00,12289.0311
2025-07-07 10:30:00+00:00,12289.0311
2025-07-07 10:45:00+00:00,12289.0311
2025-07-07 11:00:00+00:00,12289.0311
2025-07-07 11:15:00+00:00,12289.0311
2025-07-07 11:30:00+00:00,12289.0311
2025-07-07 11:45:00+00:00,12289.0311
2025-07-07 12:00:00+00:00,12289.0311
2025-07-07 12:15:00+00:00,12289.0311
2025-07-07 12:30:00+00:00,12289.0311
2025-07-07 12:45:00+00:00,12289.0311
2025-07-07 13:00:00+00:00,12289.0311
2025-07-07 13:15:00+00:00,12289.0311
2025-07-07 13:30:00+00:00,12289.0311
2025-07-07 13:45:00+00:00,12289.0311
2025-07-07 14:00:00+00:00,12289.0311
2025-07-07 14:15:00+00:00,12289.0311
2025-07-07 14:30:00+00:00,12289.0311
2025-07-07 14:45:00+00:00,12289.0311
2025-07-07 15:00:00+00:00,12289.0311
2025-07-07 15:15:00+00:00,12289.0311
2025-07-07 15:30:00+00:00,12289.0311
2025-07-07 15:45:00+00:00,12289.0311
2025-07-07 16:00:00+00:00,12289.0311
2025-07-07 16:15:00+00:00,12289.0311
2025-07-07 16:30:00+00:00,12289.0311
2025-07-07 16:45:00+00:00,12289.0311
2025-07-07 17:00:00+00:00,12289.0311
2025-07-07 17:15:00+00:00,12289.0311
2025-07-07 17:30:00+00:00,12289.0311
2025-07-07 17:45:00+00:00,12289.0311
2025-07-07 18:00:00+00:00,12289.0311
2025-07-07 18:15:00+00:00,12289.0311
2025-07-07 18:30:00+00:00,12289.0311
2025-07-07 18:45:00+00:00,12289.0311
2025-07-07 19:00:00+00:00,12166.1408
2025-07-07 19:15:00+00:00,12166.1408
2025-07-07 19:30:00+00:00,12166.1408
2025-07-07 19:45:00+00:00,12166.1408
2025-07-07 20:00:00+00:00,12166.1408
2025-07-07 20:15:00+00:00,12166.1408
2025-07-07 20:30:00+00:00,12166.1408
2025-07-07 20:45:00+00:00,12166.1408
2025-07-07 21:00:00+00:00,12166.1408
2025-07-07 21:15:00+00:00,12166.1408
2025-07-07 21:30:00+00:00,12044.4794
2025-07-07 21:45:00+00:00,12044.4794
2025-07-07 22:00:00+00:00,12044.4794
2025-07-07 22:15:00+00:00,12044.4794
2025-07-07 22:30:00+00:00,12044.4794
2025-07-07 22:45:00+00:00,12044.4794
2025-07-07 23:00:00+00:00,12044.4794
2025-07-07 23:15:00+00:00,12044.4794
2025-07-07 23:30:00+00:00,12044.4794
2025-07-07 23:45:00+00:00,12044.4794
2025-07-08 00:00:00+00:00,12044.4794
2025-07-08 00:15:00+00:00,12044.4794
2025-07-08 00:30:00+00:00,12044.4794
2025-07-08 00:45:00+00:00,12044.4794
2025-07-08 01:00:00+00:00,12044.4794
2025-07-08 01:15:00+00:00,12044.4794
2025-07-08 01:30:00+00:00,12044.4794
2025-07-08 01:45:00+00:00,12044.4794
2025-07-08 02:00:00+00:00,12044.4794
2025-07-08 02:15:00+00:00,12044.4794
2025-07-08 02:30:00+00:00,12044.4794
2025-07-08 02:45:00+00:00,12044.4794
2025-07-08 03:00:00+00:00,12044.4794
2025-07-08 03:15:00+00:00,12044.4794
2025-07-08 03:30:00+00:00,12044.4794
2025-07-08 03:45:00+00:00,12044.4794
2025-07-08 04:00:00+00:00,12044.4794
2025-07-08 04:15:00+00:00,12044.4794
2025-07-08 04:30:00+00:00,12044.4794
2025-07-08 04:45:00+00:00,12044.4794
2025-07-08 05:00:00+00:00,12044.4794
2025-07-08 05:15:00+00:00,12044.4794
2025-07-08 05:30:00+00:00,11924.0346
2025-07-08 05:45:00+00:00,11924.0346
2025-07-08 06:00:00+00:00,11924.0346
2025-07-08 06:15:00+00:00,11924.0346
2025-07-08 06:30:00+00:00,11924.0346
2025-07-08 06:45:00+00:00,11924.0346
2025-07-08 07:00:00+00:00,11924.0346
2025-07-08 07:15:00+00:00,11924.0346
2025-07-08 07:30:00+00:00,11924.0346
2025-07-08 07:45:00+00:00,11924.0346
2025-07-08 08:00:00+00:00,11924.0346
2025-07-08 08:15:00+00:00,11924.0346
2025-07-08 08:30:00+00:00,11924.0346
2025-07-08 08:45:00+00:00,11924.0346
2025-07-08 09:00:00+00:00,11924.0346
2025-07-08 09:15:00+00:00,11924.0346
2025-07-08 09:30:00+00:00,11924.0346
2025-07-08 09:45:00+00:00,11924.0346
2025-07-08 10:00:00+00:00,11924.0346
2025-07-08 10:15:00+00:00,11924.0346
2025-07-08 10:30:00+00:00,11924.0346
2025-07-08 10:45:00+00:00,11924.0346
2025-07-08 11:00:00+00:00,11924.0346
2025-07-08 11:15:00+00:00,11924.0346
2025-07-08 11:30:00+00:00,11924.0346
2025-07-08 11:45:00+00:00,11924.0346
2025-07-08 12:00:00+00:00,11924.0346
2025-07-08 12:15:00+00:00,11924.0346
2025-07-08 12:30:00+00:00,11924.0346
2025-07-08 12:45:00+00:00,11924.0346
2025-07-08 13:00:00+00:00,11924.0346
2025-07-08 13:15:00+00:00,11924.0346
2025-07-08 13:30:00+00:00,11924.0346
2025-07-08 13:45:00+00:00,11924.0346
2025-07-08 14:00:00+00:00,11924.0346
2025-07-08 14:15:00+00:00,11924.0346
2025-07-08 14:30:00+00:00,11924.0346
2025-07-08 14:45:00+00:00,11924.0346
2025-07-08 15:00:00+00:00,11924.0346
2025-07-08 15:15:00+00:00,11924.0346
2025-07-08 15:30:00+00:00,11924.0346
2025-07-08 15:45:00+00:00,11924.0346
2025-07-08 16:00:00+00:00,11924.0346
2025-07-08 16:15:00+00:00,11924.0346
2025-07-08 16:30:00+00:00,11924.0346
2025-07-08 16:45:00+00:00,11924.0346
2025-07-08 17:00:00+00:00,11924.0346
2025-07-08 17:15:00+00:00,11924.0346
2025-07-08 17:30:00+00:00,11924.0346
2025-07-08 17:45:00+00:00,11924.0346
2025-07-08 18:00:00+00:00,11924.0346
2025-07-08 18:15:00+00:00,11924.0346
2025-07-08 18:30:00+00:00,11924.0346
2025-07-08 18:45:00+00:00,11924.0346
2025-07-08 19:00:00+00:00,11924.0346
2025-07-08 19:15:00+00:00,11924.0346
2025-07-08 19:30:00+00:00,11924.0346
2025-07-08 19:45:00+00:00,11924.0346
2025-07-08 20:00:00+00:00,11924.0346
2025-07-08 20:15:00+00:00,11924.0346
2025-07-08 20:30:00+00:00,11924.0346
2025-07-08 20:45:00+00:00,11924.0346
2025-07-08 21:00:00+00:00,11924.0346
2025-07-08 21:15:00+00:00,11924.0346
2025-07-08 21:30:00+00:00,11924.0346
2025-07-08 21:45:00+00:00,11924.0346
2025-07-08 22:00:00+00:00,11924.0346
2025-07-08 22:15:00+00:00,11924.0346
2025-07-08 22:30:00+00:00,11924.0346
2025-07-08 22:45:00+00:00,11924.0346
2025-07-08 23:00:00+00:00,11924.0346
2025-07-08 23:15:00+00:00,11924.0346
2025-07-08 23:30:00+00:00,11924.0346
2025-07-08 23:45:00+00:00,11924.0346
2025-07-09 00:00:00+00:00,11924.0346
2025-07-09 00:15:00+00:00,11924.0346
2025-07-09 00:30:00+00:00,11924.0346
2025-07-09 00:45:00+00:00,11924.0346
2025-07-09 01:00:00+00:00,11924.0346
2025-07-09 01:15:00+00:00,11804.7943
2025-07-09 01:30:00+00:00,11804.7943
2025-07-09 01:45:00+00:00,11804.7943
2025-07-09 02:00:00+00:00,11804.7943
2025-07-09 02:15:00+00:00,11804.7943
2025-07-09 02:30:00+00:00,11804.7943
2025-07-09 02:45:00+00:00,11804.7943
2025-07-09 03:00:00+00:00,11804.7943
2025-07-09 03:15:00+00:00,11804.7943
2025-07-09 03:30:00+00:00,11804.7943
2025-07-09 03:45:00+00:00,11804.7943
2025-07-09 04:00:00+00:00,11804.7943
2025-07-09 04:15:00+00:00,11804.7943
2025-07-09 04:30:00+00:00,11804.7943
2025-07-09 04:45:00+00:00,11804.7943
2025-07-09 05:00:00+00:00,11804.7943
2025-07-09 05:15:00+00:00,11804.7943
2025-07-09 05:30:00+00:00,11804.7943
2025-07-09 05:45:00+00:00,11804.7943
2025-07-09 06:00:00+00:00,11804.7943
2025-07-09 06:15:00+00:00,11804.7943
2025-07-09 06:30:00+00:00,11804.7943
2025-07-09 06:45:00+00:00,11804.7943
2025-07-09 07:00:00+00:00,11804.7943
2025-07-09 07:15:00+00:00,11804.7943
2025-07-09 07:30:00+00:00,11804.7943
2025-07-09 07:45:00+00:00,11804.7943
2025-07-09 08:00:00+00:00,11804.7943
2025-07-09 08:15:00+00:00,11804.7943
2025-07-09 08:30:00+00:00,11804.7943
2025-07-09 08:45:00+00:00,11804.7943
2025-07-09 09:00:00+00:00,11804.7943
2025-07-09 09:15:00+00:00,11804.7943
2025-07-09 09:30:00+00:00,11804.7943
2025-07-09 09:45:00+00:00,11804.7943
2025-07-09 10:00:00+00:00,11804.7943
2025-07-09 10:15:00+00:00,11804.7943
2025-07-09 10:30:00+00:00,11804.7943
2025-07-09 10:45:00+00:00,11804.7943
2025-07-09 11:00:00+00:00,11804.7943
2025-07-09 11:15:00+00:00,11804.7943
2025-07-09 11:30:00+00:00,11804.7943
2025-07-09 11:45:00+00:00,11804.7943
2025-07-09 12:00:00+00:00,11804.7943
2025-07-09 12:15:00+00:00,11804.7943
2025-07-09 12:30:00+00:00,11804.7943
2025-07-09 12:45:00+00:00,11804.7943
2025-07-09 13:00:00+00:00,11804.7943
2025-07-09 13:15:00+00:00,11804.7943
2025-07-09 13:30:00+00:00,11804.7943
2025-07-09 13:45:00+00:00,11686.7463
2025-07-09 14:00:00+00:00,11686.7463
2025-07-09 14:15:00+00:00,11686.7463
2025-07-09 14:30:00+00:00,11686.7463
2025-07-09 14:45:00+00:00,11686.7463
2025-07-09 15:00:00+00:00,11686.7463
2025-07-09 15:15:00+00:00,11686.7463
2025-07-09 15:30:00+00:00,11686.7463
2025-07-09 15:45:00+00:00,11686.7463
2025-07-09 16:00:00+00:00,11686.7463
2025-07-09 16:15:00+00:00,11686.7463
2025-07-09 16:30:00+00:00,11686.7463
2025-07-09 16:45:00+00:00,11686.7463
2025-07-09 17:00:00+00:00,11686.7463
2025-07-09 17:15:00+00:00,11569.8789
2025-07-09 17:30:00+00:00,11569.8789
2025-07-09 17:45:00+00:00,11569.8789
2025-07-09 18:00:00+00:00,11569.8789
2025-07-09 18:15:00+00:00,11569.8789
2025-07-09 18:30:00+00:00,11569.8789
2025-07-09 18:45:00+00:00,11569.8789
2025-07-09 19:00:00+00:00,11569.8789
2025-07-09 19:15:00+00:00,11801.2764
2025-07-09 19:30:00+00:00,11801.2764
2025-07-09 19:45:00+00:00,11801.2764
2025-07-09 20:00:00+00:00,11801.2764
2025-07-09 20:15:00+00:00,11801.2764
2025-07-09 20:30:00+00:00,11801.2764
2025-07-09 20:45:00+00:00,11801.2764
2025-07-09 21:00:00+00:00,11801.2764
2025-07-09 21:15:00+00:00,11801.2764
2025-07-09 21:30:00+00:00,11801.2764
2025-07-09 21:45:00+00:00,11801.2764
2025-07-09 22:00:00+00:00,11801.2764
2025-07-09 22:15:00+00:00,11801.2764
2025-07-09 22:30:00+00:00,11801.2764
2025-07-09 22:45:00+00:00,11801.2764
2025-07-09 23:00:00+00:00,11801.2764
2025-07-09 23:15:00+00:00,11801.2764
2025-07-09 23:30:00+00:00,11801.2764
2025-07-09 23:45:00+00:00,11801.2764
2025-07-10 00:00:00+00:00,11801.2764
2025-07-10 00:15:00+00:00,11801.2764
2025-07-10 00:30:00+00:00,11801.2764
2025-07-10 00:45:00+00:00,11801.2764
2025-07-10 01:00:00+00:00,11801.2764
2025-07-10 01:15:00+00:00,11801.2764
2025-07-10 01:30:00+00:00,11801.2764
2025-07-10 01:45:00+00:00,11801.2764
2025-07-10 02:00:00+00:00,11801.2764
2025-07-10 02:15:00+00:00,11801.2764
2025-07-10 02:30:00+00:00,11801.2764
2025-07-10 02:45:00+00:00,11801.2764
2025-07-10 03:00:00+00:00,11801.2764
2025-07-10 03:15:00+00:00,11801.2764
2025-07-10 03:30:00+00:00,11801.2764
2025-07-10 03:45:00+00:00,11801.2764
2025-07-10 04:00:00+00:00,11801.2764
2025-07-10 04:15:00+00:00,11801.2764
2025-07-10 04:30:00+00:00,11801.2764
2025-07-10 04:45:00+00:00,11801.2764
2025-07-10 05:00:00+00:00,11801.2764
2025-07-10 05:15:00+00:00,11801.2764
2025-07-10 05:30:00+00:00,11801.2764
2025-07-10 05:45:00+00:00,11801.2764
2025-07-10 06:00:00+00:00,11801.2764
2025-07-10 06:15:00+00:00,11801.2764
2025-07-10 06:30:00+00:00,11801.2764
2025-07-10 06:45:00+00:00,11801.2764
2025-07-10 07:00:00+00:00,11801.2764
2025-07-10 07:15:00+00:00,11801.2764
2025-07-10 07:30:00+00:00,11801.2764
2025-07-10 07:45:00+00:00,11801.2764
2025-07-10 08:00:00+00:00,11801.2764
2025-07-10 08:15:00+00:00,11801.2764
2025-07-10 08:30:00+00:00,11801.2764
2025-07-10 08:45:00+00:00,11801.2764
2025-07-10 09:00:00+00:00,11801.2764
2025-07-10 09:15:00+00:00,11801.2764
2025-07-10 09:30:00+00:00,11801.2764
2025-07-10 09:45:00+00:00,11801.2764
2025-07-10 10:00:00+00:00,11801.2764
2025-07-10 10:15:00+00:00,11801.2764
2025-07-10 10:30:00+00:00,11801.2764
2025-07-10 10:45:00+00:00,11801.2764
2025-07-10 11:00:00+00:00,11801.2764
2025-07-10 11:15:00+00:00,11801.2764
2025-07-10 11:30:00+00:00,11801.2764
2025-07-10 11:45:00+00:00,11801.2764
2025-07-10 12:00:00+00:00,11801.2764
2025-07-10 12:15:00+00:00,11801.2764
2025-07-10 12:30:00+00:00,11801.2764
2025-07-10 12:45:00+00:00,11801.2764
2025-07-10 13:00:00+00:00,11801.2764
2025-07-10 13:15:00+00:00,11801.2764
2025-07-10 13:30:00+00:00,11801.2764
2025-07-10 13:45:00+00:00,11801.2764
2025-07-10 14:00:00+00:00,11801.2764
2025-07-10 14:15:00+00:00,11801.2764
2025-07-10 14:30:00+00:00,11801.2764
2025-07-10 14:45:00+00:00,11801.2764
2025-07-10 15:00:00+00:00,11801.2764
2025-07-10 15:15:00+00:00,11801.2764
2025-07-10 15:30:00+00:00,11801.2764
2025-07-10 15:45:00+00:00,11801.2764
2025-07-10 16:00:00+00:00,11801.2764
2025-07-10 16:15:00+00:00,11801.2764
2025-07-10 16:30:00+00:00,11801.2764
2025-07-10 16:45:00+00:00,11801.2764
2025-07-10 17:00:00+00:00,11801.2764
2025-07-10 17:15:00+00:00,11801.2764
2025-07-10 17:30:00+00:00,12037.302
2025-07-10 17:45:00+00:00,12037.302
2025-07-10 18:00:00+00:00,12037.302
2025-07-10 18:15:00+00:00,12037.302
2025-07-10 18:30:00+00:00,12037.302
2025-07-10 18:45:00+00:00,12037.302
2025-07-10 19:00:00+00:00,12037.302
2025-07-10 19:15:00+00:00,12037.302
2025-07-10 19:30:00+00:00,12037.302
2025-07-10 19:45:00+00:00,12037.302
2025-07-10 20:00:00+00:00,12037.302
2025-07-10 20:15:00+00:00,12037.302
2025-07-10 20:30:00+00:00,12037.302
2025-07-10 20:45:00+00:00,12037.302
2025-07-10 21:00:00+00:00,12037.302
2025-07-10 21:15:00+00:00,12037.302
2025-07-10 21:30:00+00:00,12037.302
2025-07-10 21:45:00+00:00,12037.302
2025-07-10 22:00:00+00:00,12037.302
2025-07-10 22:15:00+00:00,12037.302
2025-07-10 22:30:00+00:00,12037.302
2025-07-10 22:45:00+00:00,12037.302
2025-07-10 23:00:00+00:00,12037.302
2025-07-10 23:15:00+00:00,12037.302
2025-07-10 23:30:00+00:00,12037.302
2025-07-10 23:45:00+00:00,12037.302
2025-07-11 00:00:00+00:00,12037.302
2025-07-11 00:15:00+00:00,12037.302
2025-07-11 00:30:00+00:00,12037.302
2025-07-11 00:45:00+00:00,12037.302
2025-07-11 01:00:00+00:00,12037.302
2025-07-11 01:15:00+00:00,12037.302
2025-07-11 01:30:00+00:00,12037.302
2025-07-11 01:45:00+00:00,12037.302
2025-07-11 02:00:00+00:00,12037.302
2025-07-11 02:15:00+00:00,12037.302
2025-07-11 02:30:00+00:00,12037.302
2025-07-11 02:45:00+00:00,12037.302
2025-07-11 03:00:00+00:00,12037.302
2025-07-11 03:15:00+00:00,12037.302
2025-07-11 03:30:00+00:00,12037.302
2025-07-11 03:45:00+00:00,12037.302
2025-07-11 04:00:00+00:00,12037.302
2025-07-11 04:15:00+00:00,12037.302
2025-07-11 04:30:00+00:00,12037.302
2025-07-11 04:45:00+00:00,12037.302
2025-07-11 05:00:00+00:00,12037.302
2025-07-11 05:15:00+00:00,12037.302
2025-07-11 05:30:00+00:00,12037.302
2025-07-11 05:45:00+00:00,12037.302
2025-07-11 06:00:00+00:00,12037.302
2025-07-11 06:15:00+00:00,12037.302
2025-07-11 06:30:00+00:00,12037.302
2025-07-11 06:45:00+00:00,12037.302
2025-07-11 07:00:00+00:00,12037.302
2025-07-11 07:15:00+00:00,12037.302
2025-07-11 07:30:00+00:00,12037.302
2025-07-11 07:45:00+00:00,12037.302
2025-07-11 08:00:00+00:00,12037.302
2025-07-11 08:15:00+00:00,12037.302
2025-07-11 08:30:00+00:00,12037.302
2025-07-11 08:45:00+00:00,12037.302
2025-07-11 09:00:00+00:00,12037.302
2025-07-11 09:15:00+00:00,12037.302
2025-07-11 09:30:00+00:00,12037.302
2025-07-11 09:45:00+00:00,12037.302
2025-07-11 10:00:00+00:00,12037.302
2025-07-11 10:15:00+00:00,12037.302
2025-07-11 10:30:00+00:00,12037.302
2025-07-11 10:45:00+00:00,12037.302
2025-07-11 11:00:00+00:00,12037.302
2025-07-11 11:15:00+00:00,12037.302
2025-07-11 11:30:00+00:00,12037.302
2025-07-11 11:45:00+00:00,12037.302
2025-07-11 12:00:00+00:00,12037.302
2025-07-11 12:15:00+00:00,12037.302
2025-07-11 12:30:00+00:00,12037.302
2025-07-11 12:45:00+00:00,12037.302
2025-07-11 13:00:00+00:00,12037.302
2025-07-11 13:15:00+00:00,12037.302
2025-07-11 13:30:00+00:00,12037.302
2025-07-11 13:45:00+00:00,12037.302
2025-07-11 14:00:00+00:00,12037.302
2025-07-11 14:15:00+00:00,12037.302
2025-07-11 14:30:00+00:00,12037.302
2025-07-11 14:45:00+00:00,12037.302
2025-07-11 15:00:00+00:00,12037.302
2025-07-11 15:15:00+00:00,12037.302
2025-07-11 15:30:00+00:00,12037.302
2025-07-11 15:45:00+00:00,12037.302
2025-07-11 16:00:00+00:00,12037.302
2025-07-11 16:15:00+00:00,12037.302
2025-07-11 16:30:00+00:00,12037.302
2025-07-11 16:45:00+00:00,12037.302
2025-07-11 17:00:00+00:00,12037.302
2025-07-11 17:15:00+00:00,12037.302
2025-07-11 17:30:00+00:00,12037.302
2025-07-11 17:45:00+00:00,12037.302
2025-07-11 18:00:00+00:00,12037.302
2025-07-11 18:15:00+00:00,12037.302
2025-07-11 18:30:00+00:00,12037.302
2025-07-11 18:45:00+00:00,12037.302
2025-07-11 19:00:00+00:00,12037.302
2025-07-11 19:15:00+00:00,12037.302
2025-07-11 19:30:00+00:00,12037.302
2025-07-11 19:45:00+00:00,12037.302
2025-07-11 20:00:00+00:00,12037.302
2025-07-11 20:15:00+00:00,12037.302
2025-07-11 20:30:00+00:00,12037.302
2025-07-11 20:45:00+00:00,12037.302
2025-07-11 21:00:00+00:00,12037.302
2025-07-11 21:15:00+00:00,12037.302
2025-07-11 21:30:00+00:00,12037.302
2025-07-11 21:45:00+00:00,12037.302
2025-07-11 22:00:00+00:00,12037.302
2025-07-11 22:15:00+00:00,12037.302
2025-07-11 22:30:00+00:00,12037.302
2025-07-11 22:45:00+00:00,12037.302
2025-07-11 23:00:00+00:00,12037.302
2025-07-11 23:15:00+00:00,12037.302
2025-07-11 23:30:00+00:00,12037.302
2025-07-11 23:45:00+00:00,12037.302
2025-07-12 00:00:00+00:00,12037.302
2025-07-12 00:15:00+00:00,12037.302
2025-07-12 00:30:00+00:00,12037.302
2025-07-12 00:45:00+00:00,12037.302
2025-07-12 01:00:00+00:00,12037.302
2025-07-12 01:15:00+00:00,12037.302
2025-07-12 01:30:00+00:00,12037.302
2025-07-12 01:45:00+00:00,12037.302
2025-07-12 02:00:00+00:00,12037.302
2025-07-12 02:15:00+00:00,12037.302
2025-07-12 02:30:00+00:00,12037.302
2025-07-12 02:45:00+00:00,12037.302
2025-07-12 03:00:00+00:00,12037.302
2025-07-12 03:15:00+00:00,12037.302
2025-07-12 03:30:00+00:00,12037.302
2025-07-12 03:45:00+00:00,12037.302
2025-07-12 04:00:00+00:00,12037.302
2025-07-12 04:15:00+00:00,12037.302
2025-07-12 04:30:00+00:00,12037.302
2025-07-12 04:45:00+00:00,12037.302
2025-07-12 05:00:00+00:00,12037.302
2025-07-12 05:15:00+00:00,12037.302
2025-07-12 05:30:00+00:00,12037.302
2025-07-12 05:45:00+00:00,12037.302
2025-07-12 06:00:00+00:00,12037.302
2025-07-12 06:15:00+00:00,12037.302
2025-07-12 06:30:00+00:00,12037.302
2025-07-12 06:45:00+00:00,12037.302
2025-07-12 07:00:00+00:00,12037.302
2025-07-12 07:15:00+00:00,12037.302
2025-07-12 07:30:00+00:00,12037.302
2025-07-12 07:45:00+00:00,12037.302
2025-07-12 08:00:00+00:00,12037.302
2025-07-12 08:15:00+00:00,12037.302
2025-07-12 08:30:00+00:00,12037.302
2025-07-12 08:45:00+00:00,12037.302
2025-07-12 09:00:00+00:00,12037.302
2025-07-12 09:15:00+00:00,12037.302
2025-07-12 09:30:00+00:00,12037.302
2025-07-12 09:45:00+00:00,12037.302
2025-07-12 10:00:00+00:00,12037.302
2025-07-12 10:15:00+00:00,12037.302
2025-07-12 10:30:00+00:00,12037.302
2025-07-12 10:45:00+00:00,12037.302
2025-07-12 11:00:00+00:00,12037.302
2025-07-12 11:15:00+00:00,12037.302
2025-07-12 11:30:00+00:00,12037.302
2025-07-12 11:45:00+00:00,12037.302
2025-07-12 12:00:00+00:00,12037.302
2025-07-12 12:15:00+00:00,12037.302
2025-07-12 12:30:00+00:00,12037.302
2025-07-12 12:45:00+00:00,12037.302
2025-07-12 13:00:00+00:00,12037.302
2025-07-12 13:15:00+00:00,12037.302
2025-07-12 13:30:00+00:00,12037.302
2025-07-12 13:45:00+00:00,12037.302
2025-07-12 14:00:00+00:00,12037.302
2025-07-12 14:15:00+00:00,12037.302
2025-07-12 14:30:00+00:00,12037.302
2025-07-12 14:45:00+00:00,12037.302
2025-07-12 15:00:00+00:00,12037.302
2025-07-12 15:15:00+00:00,12037.302
2025-07-12 15:30:00+00:00,12037.302
2025-07-12 15:45:00+00:00,12037.302
2025-07-12 16:00:00+00:00,12037.302
2025-07-12 16:15:00+00:00,12037.302
2025-07-12 16:30:00+00:00,12037.302
2025-07-12 16:45:00+00:00,12037.302
2025-07-12 17:00:00+00:00,12037.302
2025-07-12 17:15:00+00:00,12037.302
2025-07-12 17:30:00+00:00,12037.302
2025-07-12 17:45:00+00:00,12037.302
2025-07-12 18:00:00+00:00,12037.302
2025-07-12 18:15:00+00:00,12037.302
2025-07-12 18:30:00+00:00,12037.302
2025-07-12 18:45:00+00:00,12037.302
2025-07-12 19:00:00+00:00,12037.302
2025-07-12 19:15:00+00:00,12037.302
2025-07-12 19:30:00+00:00,12037.302
2025-07-12 19:45:00+00:00,12037.302
2025-07-12 20:00:00+00:00,12037.302
2025-07-12 20:15:00+00:00,12037.302
2025-07-12 20:30:00+00:00,12037.302
2025-07-12 20:45:00+00:00,12037.302
2025-07-12 21:00:00+00:00,12037.302
2025-07-12 21:15:00+00:00,12037.302
2025-07-12 21:30:00+00:00,12037.302
2025-07-12 21:45:00+00:00,12037.302
2025-07-12 22:00:00+00:00,12037.302
2025-07-12 22:15:00+00:00,12037.302
2025-07-12 22:30:00+00:00,12037.302
2025-07-12 22:45:00+00:00,12037.302
2025-07-12 23:00:00+00:00,12037.302
2025-07-12 23:15:00+00:00,12037.302
2025-07-12 23:30:00+00:00,12037.302
2025-07-12 23:45:00+00:00,12037.302
2025-07-13 00:00:00+00:00,12037.302
2025-07-13 00:15:00+00:00,12037.302
2025-07-13 00:30:00+00:00,12037.302
2025-07-13 00:45:00+00:00,12037.302
2025-07-13 01:00:00+00:00,12037.302
2025-07-13 01:15:00+00:00,12037.302
2025-07-13 01:30:00+00:00,12037.302
2025-07-13 01:45:00+00:00,12037.302
2025-07-13 02:00:00+00:00,12037.302
2025-07-13 02:15:00+00:00,12037.302
2025-07-13 02:30:00+00:00,12037.302
2025-07-13 02:45:00+00:00,12037.302
2025-07-13 03:00:00+00:00,12037.302
2025-07-13 03:15:00+00:00,12037.302
2025-07-13 03:30:00+00:00,12037.302
2025-07-13 03:45:00+00:00,12037.302
2025-07-13 04:00:00+00:00,12037.302
2025-07-13 04:15:00+00:00,12037.302
2025-07-13 04:30:00+00:00,12037.302
2025-07-13 04:45:00+00:00,12037.302
2025-07-13 05:00:00+00:00,12037.302
2025-07-13 05:15:00+00:00,12037.302
2025-07-13 05:30:00+00:00,12037.302
2025-07-13 05:45:00+00:00,12037.302
2025-07-13 06:00:00+00:00,12037.302
2025-07-13 06:15:00+00:00,12037.302
2025-07-13 06:30:00+00:00,12037.302
2025-07-13 06:45:00+00:00,12037.302
2025-07-13 07:00:00+00:00,12037.302
2025-07-13 07:15:00+00:00,12037.302
2025-07-13 07:30:00+00:00,12037.302
2025-07-13 07:45:00+00:00,12037.302
2025-07-13 08:00:00+00:00,12037.302
2025-07-13 08:15:00+00:00,12037.302
2025-07-13 08:30:00+00:00,12037.302
2025-07-13 08:45:00+00:00,12037.302
2025-07-13 09:00:00+00:00,12037.302
2025-07-13 09:15:00+00:00,12037.302
2025-07-13 09:30:00+00:00,12037.302
2025-07-13 09:45:00+00:00,12037.302
2025-07-13 10:00:00+00:00,12037.302
2025-07-13 10:15:00+00:00,12037.302
2025-07-13 10:30:00+00:00,12037.302
2025-07-13 10:45:00+00:00,12037.302
2025-07-13 11:00:00+00:00,12037.302
2025-07-13 11:15:00+00:00,12037.302
2025-07-13 11:30:00+00:00,12037.302
2025-07-13 11:45:00+00:00,12037.302
2025-07-13 12:00:00+00:00,12037.302
2025-07-13 12:15:00+00:00,12037.302
2025-07-13 12:30:00+00:00,12037.302
2025-07-13 12:45:00+00:00,12278.048
2025-07-13 13:00:00+00:00,12278.048
2025-07-13 13:15:00+00:00,12278.048
2025-07-13 13:30:00+00:00,12523.609
2025-07-13 13:45:00+00:00,12523.609
2025-07-13 14:00:00+00:00,12523.609
2025-07-13 14:15:00+00:00,12523.609
2025-07-13 14:30:00+00:00,12523.609
2025-07-13 14:45:00+00:00,12523.609
2025-07-13 15:00:00+00:00,12523.609
2025-07-13 15:15:00+00:00,12523.609
2025-07-13 15:30:00+00:00,12523.609
2025-07-13 15:45:00+00:00,12523.609
2025-07-13 16:00:00+00:00,12523.609
2025-07-13 16:15:00+00:00,12523.609
2025-07-13 16:30:00+00:00,12523.609
2025-07-13 16:45:00+00:00,12523.609
2025-07-13 17:00:00+00:00,12523.609
2025-07-13 17:15:00+00:00,12523.609
2025-07-13 17:30:00+00:00,12523.609
2025-07-13 17:45:00+00:00,12523.609
2025-07-13 18:00:00+00:00,12523.609
2025-07-13 18:15:00+00:00,12523.609
2025-07-13 18:30:00+00:00,12523.609
2025-07-13 18:45:00+00:00,12523.609
2025-07-13 19:00:00+00:00,12523.609
2025-07-13 19:15:00+00:00,12523.609
2025-07-13 19:30:00+00:00,12523.609
2025-07-13 19:45:00+00:00,12523.609
2025-07-13 20:00:00+00:00,12523.609
2025-07-13 20:15:00+00:00,12523.609
2025-07-13 20:30:00+00:00,12523.609
2025-07-13 20:45:00+00:00,12523.609
2025-07-13 21:00:00+00:00,12523.609
2025-07-13 21:15:00+00:00,12523.609
2025-07-13 21:30:00+00:00,12523.609
2025-07-13 21:45:00+00:00,12523.609
2025-07-13 22:00:00+00:00,12523.609
2025-07-13 22:15:00+00:00,12523.609
2025-07-13 22:30:00+00:00,12523.609
2025-07-13 22:45:00+00:00,12523.609
2025-07-13 23:00:00+00:00,12398.3729
2025-07-13 23:15:00+00:00,12398.3729
2025-07-13 23:30:00+00:00,12398.3729
2025-07-13 23:45:00+00:00,12398.3729
2025-07-14 00:00:00+00:00,12398.3729
2025-07-14 00:15:00+00:00,12398.3729
2025-07-14 00:30:00+00:00,12398.3729
2025-07-14 00:45:00+00:00,12398.3729
2025-07-14 01:00:00+00:00,12398.3729
2025-07-14 01:15:00+00:00,12398.3729
2025-07-14 01:30:00+00:00,12398.3729
2025-07-14 01:45:00+00:00,12398.3729
2025-07-14 02:00:00+00:00,12398.3729
2025-07-14 02:15:00+00:00,12646.3403
2025-07-14 02:30:00+00:00,12646.3403
2025-07-14 02:45:00+00:00,12646.3403
2025-07-14 03:00:00+00:00,12646.3403
2025-07-14 03:15:00+00:00,12646.3403
2025-07-14 03:30:00+00:00,12646.3403
2025-07-14 03:45:00+00:00,12646.3403
2025-07-14 04:00:00+00:00,12646.3403
2025-07-14 04:15:00+00:00,12646.3403
2025-07-14 04:30:00+00:00,12646.3403
2025-07-14 04:45:00+00:00,12646.3403
2025-07-14 05:00:00+00:00,12646.3403
2025-07-14 05:15:00+00:00,12646.3403
2025-07-14 05:30:00+00:00,12646.3403
2025-07-14 05:45:00+00:00,12646.3403
2025-07-14 06:00:00+00:00,12646.3403
2025-07-14 06:15:00+00:00,12646.3403
2025-07-14 06:30:00+00:00,12646.3403
2025-07-14 06:45:00+00:00,12646.3403
2025-07-14 07:00:00+00:00,12646.3403
2025-07-14 07:15:00+00:00,12646.3403
2025-07-14 07:30:00+00:00,12646.3403
2025-07-14 07:45:00+00:00,12646.3403
2025-07-14 08:00:00+00:00,12646.3403
2025-07-14 08:15:00+00:00,12646.3403
2025-07-14 08:30:00+00:00,12646.3403
2025-07-14 08:45:00+00:00,12646.3403
2025-07-14 09:00:00+00:00,12646.3403
2025-07-14 09:15:00+00:00,12646.3403
2025-07-14 09:30:00+00:00,12646.3403
2025-07-14 09:45:00+00:00,12646.3403
2025-07-14 10:00:00+00:00,12646.3403
2025-07-14 10:15:00+00:00,12646.3403
2025-07-14 10:30:00+00:00,12646.3403
2025-07-14 10:45:00+00:00,12646.3403
2025-07-14 11:00:00+00:00,12646.3403
2025-07-14 11:15:00+00:00,12646.3403
2025-07-14 11:30:00+00:00,12646.3403
2025-07-14 11:45:00+00:00,12646.3403
2025-07-14 12:00:00+00:00,12646.3403
2025-07-14 12:15:00+00:00,12646.3403
2025-07-14 12:30:00+00:00,12646.3403
2025-07-14 12:45:00+00:00,12646.3403
2025-07-14 13:00:00+00:00,12646.3403
2025-07-14 13:15:00+00:00,12646.3403
2025-07-14 13:30:00+00:00,12646.3403
2025-07-14 13:45:00+00:00,12646.3403
2025-07-14 14:00:00+00:00,12646.3403
2025-07-14 14:15:00+00:00,12646.3403
2025-07-14 14:30:00+00:00,12646.3403
2025-07-14 14:45:00+00:00,12646.3403
2025-07-14 15:00:00+00:00,12646.3403
2025-07-14 15:15:00+00:00,12646.3403
2025-07-14 15:30:00+00:00,12646.3403
2025-07-14 15:45:00+00:00,12646.3403
2025-07-14 16:00:00+00:00,12646.3403
2025-07-14 16:15:00+00:00,12646.3403
2025-07-14 16:30:00+00:00,12646.3403
2025-07-14 16:45:00+00:00,12646.3403
2025-07-14 17:00:00+00:00,12646.3403
2025-07-14 17:15:00+00:00,12519.8769
2025-07-14 17:30:00+00:00,12519.8769
2025-07-14 17:45:00+00:00,12519.8769
2025-07-14 18:00:00+00:00,12519.8769
2025-07-14 18:15:00+00:00,12519.8769
2025-07-14 18:30:00+00:00,12519.8769
2025-07-14 18:45:00+00:00,12519.8769
2025-07-14 19:00:00+00:00,12519.8769
2025-07-14 19:15:00+00:00,12519.8769
2025-07-14 19:30:00+00:00,12519.8769
2025-07-14 19:45:00+00:00,12519.8769
2025-07-14 20:00:00+00:00,12519.8769
2025-07-14 20:15:00+00:00,12519.8769
2025-07-14 20:30:00+00:00,12519.8769
2025-07-14 20:45:00+00:00,12519.8769
2025-07-14 21:00:00+00:00,12519.8769
2025-07-14 21:15:00+00:00,12519.8769
2025-07-14 21:30:00+00:00,12519.8769
2025-07-14 21:45:00+00:00,12519.8769
2025-07-14 22:00:00+00:00,12519.8769
2025-07-14 22:15:00+00:00,12519.8769
2025-07-14 22:30:00+00:00,12519.8769
2025-07-14 22:45:00+00:00,12519.8769
2025-07-14 23:00:00+00:00,12519.8769
2025-07-14 23:15:00+00:00,12519.8769
2025-07-14 23:30:00+00:00,12519.8769
2025-07-14 23:45:00+00:00,12519.8769
2025-07-15 00:00:00+00:00,12519.8769
2025-07-15 00:15:00+00:00,12519.8769
2025-07-15 00:30:00+00:00,12519.8769
2025-07-15 00:45:00+00:00,12519.8769
2025-07-15 01:00:00+00:00,12519.8769
2025-07-15 01:15:00+00:00,12519.8769
2025-07-15 01:30:00+00:00,12519.8769
2025-07-15 01:45:00+00:00,12519.8769
2025-07-15 02:00:00+00:00,12519.8769
2025-07-15 02:15:00+00:00,12519.8769
2025-07-15 02:30:00+00:00,12519.8769
2025-07-15 02:45:00+00:00,12519.8769
2025-07-15 03:00:00+00:00,12519.8769
2025-07-15 03:15:00+00:00,12519.8769
2025-07-15 03:30:00+00:00,12519.8769
2025-07-15 03:45:00+00:00,12519.8769
2025-07-15 04:00:00+00:00,12519.8769
2025-07-15 04:15:00+00:00,12519.8769
2025-07-15 04:30:00+00:00,12519.8769
2025-07-15 04:45:00+00:00,12519.8769
2025-07-15 05:00:00+00:00,12519.8769
2025-07-15 05:15:00+00:00,12519.8769
2025-07-15 05:30:00+00:00,12519.8769
2025-07-15 05:45:00+00:00,12519.8769
2025-07-15 06:00:00+00:00,12519.8769
2025-07-15 06:15:00+00:00,12519.8769
2025-07-15 06:30:00+00:00,12519.8769
2025-07-15 06:45:00+00:00,12519.8769
2025-07-15 07:00:00+00:00,12519.8769
2025-07-15 07:15:00+00:00,12519.8769
2025-07-15 07:30:00+00:00,12519.8769
2025-07-15 07:45:00+00:00,12519.8769
2025-07-15 08:00:00+00:00,12519.8769
2025-07-15 08:15:00+00:00,12519.8769
2025-07-15 08:30:00+00:00,12519.8769
2025-07-15 08:45:00+00:00,12519.8769
2025-07-15 09:00:00+00:00,12519.8769
2025-07-15 09:15:00+00:00,12519.8769
2025-07-15 09:30:00+00:00,12519.8769
2025-07-15 09:45:00+00:00,12519.8769
2025-07-15 10:00:00+00:00,12519.8769
2025-07-15 10:15:00+00:00,12519.8769
2025-07-15 10:30:00+00:00,12519.8769
2025-07-15 10:45:00+00:00,12519.8769
2025-07-15 11:00:00+00:00,12519.8769
2025-07-15 11:15:00+00:00,12519.8769
2025-07-15 11:30:00+00:00,12519.8769
2025-07-15 11:45:00+00:00,12519.8769
2025-07-15 12:00:00+00:00,12519.8769
2025-07-15 12:15:00+00:00,12519.8769
2025-07-15 12:30:00+00:00,12519.8769
2025-07-15 12:45:00+00:00,12519.8769
2025-07-15 13:00:00+00:00,12519.8769
2025-07-15 13:15:00+00:00,12519.8769
2025-07-15 13:30:00+00:00,12519.8769
2025-07-15 13:45:00+00:00,12519.8769
2025-07-15 14:00:00+00:00,12519.8769
2025-07-15 14:15:00+00:00,12519.8769
2025-07-15 14:30:00+00:00,12519.8769
2025-07-15 14:45:00+00:00,12770.2745
2025-07-15 15:00:00+00:00,12770.2745
2025-07-15 15:15:00+00:00,12770.2745
2025-07-15 15:30:00+00:00,12770.2745
2025-07-15 15:45:00+00:00,12770.2745
2025-07-15 16:00:00+00:00,12770.2745
2025-07-15 16:15:00+00:00,12770.2745
2025-07-15 16:30:00+00:00,12770.2745
2025-07-15 16:45:00+00:00,12770.2745
2025-07-15 17:00:00+00:00,12770.2745
2025-07-15 17:15:00+00:00,12770.2745
2025-07-15 17:30:00+00:00,12770.2745
2025-07-15 17:45:00+00:00,12770.2745
2025-07-15 18:00:00+00:00,12770.2745
2025-07-15 18:15:00+00:00,12770.2745
2025-07-15 18:30:00+00:00,13025.68
2025-07-15 18:45:00+00:00,13025.68
2025-07-15 19:00:00+00:00,13025.68
2025-07-15 19:15:00+00:00,13025.68
2025-07-15 19:30:00+00:00,13025.68
2025-07-15 19:45:00+00:00,13025.68
2025-07-15 20:00:00+00:00,13025.68
2025-07-15 20:15:00+00:00,13025.68
2025-07-15 20:30:00+00:00,13025.68
2025-07-15 20:45:00+00:00,13025.68
2025-07-15 21:00:00+00:00,12895.4232
2025-07-15 21:15:00+00:00,12895.4232
2025-07-15 21:30:00+00:00,12895.4232
2025-07-15 21:45:00+00:00,12895.4232
2025-07-15 22:00:00+00:00,12895.4232
2025-07-15 22:15:00+00:00,12895.4232
2025-07-15 22:30:00+00:00,12895.4232
2025-07-15 22:45:00+00:00,12895.4232
2025-07-15 23:00:00+00:00,12895.4232
2025-07-15 23:15:00+00:00,12895.4232
2025-07-15 23:30:00+00:00,12895.4232
2025-07-15 23:45:00+00:00,12895.4232
2025-07-16 00:00:00+00:00,12895.4232
2025-07-16 00:15:00+00:00,12895.4232
2025-07-16 00:30:00+00:00,12766.4689
2025-07-16 00:45:00+00:00,12766.4689
2025-07-16 01:00:00+00:00,12766.4689
2025-07-16 01:15:00+00:00,12766.4689
2025-07-16 01:30:00+00:00,12766.4689
2025-07-16 01:45:00+00:00,12766.4689
2025-07-16 02:00:00+00:00,12766.4689
2025-07-16 02:15:00+00:00,12766.4689
2025-07-16 02:30:00+00:00,12766.4689
2025-07-16 02:45:00+00:00,12766.4689
2025-07-16 03:00:00+00:00,12766.4689
2025-07-16 03:15:00+00:00,12766.4689
2025-07-16 03:30:00+00:00,12766.4689
2025-07-16 03:45:00+00:00,12766.4689
2025-07-16 04:00:00+00:00,12766.4689
2025-07-16 04:15:00+00:00,12766.4689
2025-07-16 04:30:00+00:00,12766.4689
2025-07-16 04:45:00+00:00,12766.4689
2025-07-16 05:00:00+00:00,13021.7983
2025-07-16 05:15:00+00:00,13021.7983
2025-07-16 05:30:00+00:00,13021.7983
2025-07-16 05:45:00+00:00,13021.7983
2025-07-16 06:00:00+00:00,13021.7983
2025-07-16 06:15:00+00:00,13021.7983
2025-07-16 06:30:00+00:00,13021.7983
2025-07-16 06:45:00+00:00,13021.7983
2025-07-16 07:00:00+00:00,13021.7983
2025-07-16 07:15:00+00:00,13021.7983
2025-07-16 07:30:00+00:00,13021.7983
2025-07-16 07:45:00+00:00,13021.7983
2025-07-16 08:00:00+00:00,13021.7983
2025-07-16 08:15:00+00:00,13021.7983
2025-07-16 08:30:00+00:00,13021.7983
2025-07-16 08:45:00+00:00,13021.7983
2025-07-16 09:00:00+00:00,13021.7983
2025-07-16 09:15:00+00:00,13021.7983
2025-07-16 09:30:00+00:00,13021.7983
2025-07-16 09:45:00+00:00,13021.7983
2025-07-16 10:00:00+00:00,13021.7983
2025-07-16 10:15:00+00:00,13021.7983
2025-07-16 10:30:00+00:00,13021.7983
2025-07-16 10:45:00+00:00,13021.7983
2025-07-16 11:00:00+00:00,13021.7983
2025-07-16 11:15:00+00:00,13021.7983
2025-07-16 11:30:00+00:00,13021.7983
2025-07-16 11:45:00+00:00,13021.7983
2025-07-16 12:00:00+00:00,13021.7983
2025-07-16 12:15:00+00:00,13021.7983
2025-07-16 12:30:00+00:00,13021.7983
2025-07-16 12:45:00+00:00,13021.7983
2025-07-16 13:00:00+00:00,13021.7983
2025-07-16 13:15:00+00:00,13021.7983
2025-07-16 13:30:00+00:00,13021.7983
2025-07-16 13:45:00+00:00,13021.7983
2025-07-16 14:00:00+00:00,13021.7983
2025-07-16 14:15:00+00:00,13021.7983
2025-07-16 14:30:00+00:00,13021.7983
2025-07-16 14:45:00+00:00,13021.7983
2025-07-16 15:00:00+00:00,13021.7983
2025-07-16 15:15:00+00:00,13021.7983
2025-07-16 15:30:00+00:00,12891.5803
2025-07-16 15:45:00+00:00,12891.5803
2025-07-16 16:00:00+00:00,12891.5803
2025-07-16 16:15:00+00:00,12891.5803
2025-07-16 16:30:00+00:00,12891.5803
2025-07-16 16:45:00+00:00,12891.5803
2025-07-16 17:00:00+00:00,12891.5803
2025-07-16 17:15:00+00:00,12891.5803
2025-07-16 17:30:00+00:00,12891.5803
2025-07-16 17:45:00+00:00,12891.5803
2025-07-16 18:00:00+00:00,12891.5803
2025-07-16 18:15:00+00:00,12891.5803
2025-07-16 18:30:00+00:00,12891.5803
2025-07-16 18:45:00+00:00,12891.5803
2025-07-16 19:00:00+00:00,12891.5803
2025-07-16 19:15:00+00:00,12891.5803
2025-07-16 19:30:00+00:00,12891.5803
2025-07-16 19:45:00+00:00,12891.5803
2025-07-16 20:00:00+00:00,12891.5803
2025-07-16 20:15:00+00:00,12891.5803
2025-07-16 20:30:00+00:00,12891.5803
2025-07-16 20:45:00+00:00,12891.5803
2025-07-16 21:00:00+00:00,13149.4119
2025-07-16 21:15:00+00:00,13149.4119
2025-07-16 21:30:00+00:00,13149.4119
2025-07-16 21:45:00+00:00,13149.4119
2025-07-16 22:00:00+00:00,13149.4119
2025-07-16 22:15:00+00:00,13149.4119
2025-07-16 22:30:00+00:00,13149.4119
2025-07-16 22:45:00+00:00,13149.4119
2025-07-16 23:00:00+00:00,13149.4119
2025-07-16 23:15:00+00:00,13149.4119
2025-07-16 23:30:00+00:00,13149.4119
2025-07-16 23:45:00+00:00,13149.4119
2025-07-17 00:00:00+00:00,13149.4119
2025-07-17 00:15:00+00:00,13149.4119
2025-07-17 00:30:00+00:00,13149.4119
2025-07-17 00:45:00+00:00,13149.4119
2025-07-17 01:00:00+00:00,13149.4119
2025-07-17 01:15:00+00:00,13017.9178
2025-07-17 01:30:00+00:00,13017.9178
2025-07-17 01:45:00+00:00,13017.9178
2025-07-17 02:00:00+00:00,13017.9178
2025-07-17 02:15:00+00:00,13017.9178
2025-07-17 02:30:00+00:00,13017.9178
2025-07-17 02:45:00+00:00,13017.9178
2025-07-17 03:00:00+00:00,13017.9178
2025-07-17 03:15:00+00:00,13017.9178
2025-07-17 03:30:00+00:00,13017.9178
2025-07-17 03:45:00+00:00,13017.9178
2025-07-17 04:00:00+00:00,13017.9178
2025-07-17 04:15:00+00:00,13017.9178
2025-07-17 04:30:00+00:00,13017.9178
2025-07-17 04:45:00+00:00,13017.9178
2025-07-17 05:00:00+00:00,13017.9178
2025-07-17 05:15:00+00:00,13017.9178
2025-07-17 05:30:00+00:00,13017.9178
2025-07-17 05:45:00+00:00,13017.9178
2025-07-17 06:00:00+00:00,13017.9178
2025-07-17 06:15:00+00:00,13017.9178
2025-07-17 06:30:00+00:00,13017.9178
2025-07-17 06:45:00+00:00,13017.9178
2025-07-17 07:00:00+00:00,13017.9178
2025-07-17 07:15:00+00:00,13017.9178
2025-07-17 07:30:00+00:00,13017.9178
2025-07-17 07:45:00+00:00,13017.9178
2025-07-17 08:00:00+00:00,13017.9178
2025-07-17 08:15:00+00:00,13017.9178
2025-07-17 08:30:00+00:00,13017.9178
2025-07-17 08:45:00+00:00,13017.9178
2025-07-17 09:00:00+00:00,13017.9178
2025-07-17 09:15:00+00:00,13017.9178
2025-07-17 09:30:00+00:00,13017.9178
2025-07-17 09:45:00+00:00,13017.9178
2025-07-17 10:00:00+00:00,13017.9178
2025-07-17 10:15:00+00:00,13017.9178
2025-07-17 10:30:00+00:00,13017.9178
2025-07-17 10:45:00+00:00,13017.9178
2025-07-17 11:00:00+00:00,13017.9178
2025-07-17 11:15:00+00:00,13017.9178
2025-07-17 11:30:00+00:00,13017.9178
2025-07-17 11:45:00+00:00,13017.9178
2025-07-17 12:00:00+00:00,13017.9178
2025-07-17 12:15:00+00:00,13017.9178
2025-07-17 12:30:00+00:00,13017.9178
2025-07-17 12:45:00+00:00,13017.9178
2025-07-17 13:00:00+00:00,13017.9178
2025-07-17 13:15:00+00:00,13017.9178
2025-07-17 13:30:00+00:00,13017.9178
2025-07-17 13:45:00+00:00,13017.9178
2025-07-17 14:00:00+00:00,13017.9178
2025-07-17 14:15:00+00:00,13017.9178
2025-07-17 14:30:00+00:00,13017.9178
2025-07-17 14:45:00+00:00,13017.9178
2025-07-17 15:00:00+00:00,13017.9178
2025-07-17 15:15:00+00:00,13017.9178
2025-07-17 15:30:00+00:00,13017.9178
2025-07-17 15:45:00+00:00,13017.9178
2025-07-17 16:00:00+00:00,13017.9178
2025-07-17 16:15:00+00:00,13017.9178
2025-07-17 16:30:00+00:00,13017.9178
2025-07-17 16:45:00+00:00,13017.9178
2025-07-17 17:00:00+00:00,13017.9178
2025-07-17 17:15:00+00:00,13017.9178
2025-07-17 17:30:00+00:00,13017.9178
2025-07-17 17:45:00+00:00,13017.9178
2025-07-17 18:00:00+00:00,13017.9178
2025-07-17 18:15:00+00:00,13017.9178
2025-07-17 18:30:00+00:00,13017.9178
2025-07-17 18:45:00+00:00,13017.9178
2025-07-17 19:00:00+00:00,13017.9178
2025-07-17 19:15:00+00:00,13017.9178
2025-07-17 19:30:00+00:00,13017.9178
2025-07-17 19:45:00+00:00,13017.9178
2025-07-17 20:00:00+00:00,13017.9178
2025-07-17 20:15:00+00:00,13017.9178
2025-07-17 20:30:00+00:00,13017.9178
2025-07-17 20:45:00+00:00,13017.9178
2025-07-17 21:00:00+00:00,13017.9178
2025-07-17 21:15:00+00:00,13017.9178
2025-07-17 21:30:00+00:00,13017.9178
2025-07-17 21:45:00+00:00,13017.9178
2025-07-17 22:00:00+00:00,13017.9178
2025-07-17 22:15:00+00:00,13017.9178
2025-07-17 22:30:00+00:00,13017.9178
2025-07-17 22:45:00+00:00,13017.9178
2025-07-17 23:00:00+00:00,13017.9178
2025-07-17 23:15:00+00:00,13017.9178
2025-07-17 23:30:00+00:00,12887.7386
2025-07-17 23:45:00+00:00,12887.7386
2025-07-18 00:00:00+00:00,12887.7386
2025-07-18 00:15:00+00:00,12887.7386
2025-07-18 00:30:00+00:00,12887.7386
2025-07-18 00:45:00+00:00,12887.7386
2025-07-18 01:00:00+00:00,13145.4934
2025-07-18 01:15:00+00:00,13145.4934
2025-07-18 01:30:00+00:00,13145.4934
2025-07-18 01:45:00+00:00,13145.4934
2025-07-18 02:00:00+00:00,13145.4934
2025-07-18 02:15:00+00:00,13145.4934
2025-07-18 02:30:00+00:00,13145.4934
2025-07-18 02:45:00+00:00,13145.4934
2025-07-18 03:00:00+00:00,13145.4934
2025-07-18 03:15:00+00:00,13145.4934
2025-07-18 03:30:00+00:00,13145.4934
2025-07-18 03:45:00+00:00,13145.4934
2025-07-18 04:00:00+00:00,13145.4934
2025-07-18 04:15:00+00:00,13145.4934
2025-07-18 04:30:00+00:00,13145.4934
2025-07-18 04:45:00+00:00,13145.4934
2025-07-18 05:00:00+00:00,13145.4934
2025-07-18 05:15:00+00:00,13145.4934
2025-07-18 05:30:00+00:00,13145.4934
2025-07-18 05:45:00+00:00,13145.4934
2025-07-18 06:00:00+00:00,13145.4934
2025-07-18 06:15:00+00:00,13145.4934
2025-07-18 06:30:00+00:00,13145.4934
2025-07-18 06:45:00+00:00,13145.4934
2025-07-18 07:00:00+00:00,13145.4934
2025-07-18 07:15:00+00:00,13145.4934
2025-07-18 07:30:00+00:00,13145.4934
2025-07-18 07:45:00+00:00,13145.4934
2025-07-18 08:00:00+00:00,13145.4934
2025-07-18 08:15:00+00:00,13145.4934
2025-07-18 08:30:00+00:00,13145.4934
2025-07-18 08:45:00+00:00,13145.4934
2025-07-18 09:00:00+00:00,13145.4934
2025-07-18 09:15:00+00:00,13145.4934
2025-07-18 09:30:00+00:00,13145.4934
2025-07-18 09:45:00+00:00,13145.4934
2025-07-18 10:00:00+00:00,13145.4934
2025-07-18 10:15:00+00:00,13145.4934
2025-07-18 10:30:00+00:00,13145.4934
2025-07-18 10:45:00+00:00,13145.4934
2025-07-18 11:00:00+00:00,13145.4934
2025-07-18 11:15:00+00:00,13145.4934
2025-07-18 11:30:00+00:00,13145.4934
2025-07-18 11:45:00+00:00,13145.4934
2025-07-18 12:00:00+00:00,13145.4934
2025-07-18 12:15:00+00:00,13145.4934
2025-07-18 12:30:00+00:00,13145.4934
2025-07-18 12:45:00+00:00,13145.4934
2025-07-18 13:00:00+00:00,13145.4934
2025-07-18 13:15:00+00:00,13145.4934
2025-07-18 13:30:00+00:00,13145.4934
2025-07-18 13:45:00+00:00,13145.4934
2025-07-18 14:00:00+00:00,13145.4934
2025-07-18 14:15:00+00:00,13145.4934
2025-07-18 14:30:00+00:00,13145.4934
2025-07-18 14:45:00+00:00,13145.4934
2025-07-18 15:00:00+00:00,13145.4934
2025-07-18 15:15:00+00:00,13145.4934
2025-07-18 15:30:00+00:00,13145.4934
2025-07-18 15:45:00+00:00,13145.4934
2025-07-18 16:00:00+00:00,13145.4934
2025-07-18 16:15:00+00:00,13145.4934
2025-07-18 16:30:00+00:00,13145.4934
2025-07-18 16:45:00+00:00,13145.4934
2025-07-18 17:00:00+00:00,13145.4934
2025-07-18 17:15:00+00:00,13145.4934
2025-07-18 17:30:00+00:00,13145.4934
2025-07-18 17:45:00+00:00,13145.4934
2025-07-18 18:00:00+00:00,13145.4934
2025-07-18 18:15:00+00:00,13145.4934
2025-07-18 18:30:00+00:00,13145.4934
2025-07-18 18:45:00+00:00,13145.4934
2025-07-18 19:00:00+00:00,13145.4934
2025-07-18 19:15:00+00:00,13145.4934
2025-07-18 19:30:00+00:00,13145.4934
2025-07-18 19:45:00+00:00,13145.4934
2025-07-18 20:00:00+00:00,13145.4934
2025-07-18 20:15:00+00:00,13145.4934
2025-07-18 20:30:00+00:00,13145.4934
2025-07-18 20:45:00+00:00,13145.4934
2025-07-18 21:00:00+00:00,13145.4934
2025-07-18 21:15:00+00:00,13145.4934
2025-07-18 21:30:00+00:00,13145.4934
2025-07-18 21:45:00+00:00,13145.4934
2025-07-18 22:00:00+00:00,13145.4934
2025-07-18 22:15:00+00:00,13145.4934
2025-07-18 22:30:00+00:00,13145.4934
2025-07-18 22:45:00+00:00,13145.4934
2025-07-18 23:00:00+00:00,13145.4934
2025-07-18 23:15:00+00:00,13145.4934
2025-07-18 23:30:00+00:00,13145.4934
2025-07-18 23:45:00+00:00,13145.4934
2025-07-19 00:00:00+00:00,13145.4934
2025-07-19 00:15:00+00:00,13145.4934
2025-07-19 00:30:00+00:00,13145.4934
2025-07-19 00:45:00+00:00,13145.4934
2025-07-19 01:00:00+00:00,13145.4934
2025-07-19 01:15:00+00:00,13145.4934
2025-07-19 01:30:00+00:00,13145.4934
2025-07-19 01:45:00+00:00,13145.4934
2025-07-19 02:00:00+00:00,13145.4934
2025-07-19 02:15:00+00:00,13145.4934
2025-07-19 02:30:00+00:00,13145.4934
2025-07-19 02:45:00+00:00,13145.4934
2025-07-19 03:00:00+00:00,13145.4934
2025-07-19 03:15:00+00:00,13145.4934
2025-07-19 03:30:00+00:00,13145.4934
2025-07-19 03:45:00+00:00,13145.4934
2025-07-19 04:00:00+00:00,13145.4934
2025-07-19 04:15:00+00:00,13145.4934
2025-07-19 04:30:00+00:00,13145.4934
2025-07-19 04:45:00+00:00,13145.4934
2025-07-19 05:00:00+00:00,13145.4934
2025-07-19 05:15:00+00:00,13145.4934
2025-07-19 05:30:00+00:00,13145.4934
2025-07-19 05:45:00+00:00,13145.4934
2025-07-19 06:00:00+00:00,13145.4934
2025-07-19 06:15:00+00:00,13145.4934
2025-07-19 06:30:00+00:00,13145.4934
2025-07-19 06:45:00+00:00,13145.4934
2025-07-19 07:00:00+00:00,13145.4934
2025-07-19 07:15:00+00:00,13145.4934
2025-07-19 07:30:00+00:00,13145.4934
2025-07-19 07:45:00+00:00,13145.4934
2025-07-19 08:00:00+00:00,13145.4934
2025-07-19 08:15:00+00:00,13145.4934
2025-07-19 08:30:00+00:00,13145.4934
2025-07-19 08:45:00+00:00,13145.4934
2025-07-19 09:00:00+00:00,13145.4934
2025-07-19 09:15:00+00:00,13145.4934
2025-07-19 09:30:00+00:00,13145.4934
2025-07-19 09:45:00+00:00,13145.4934
2025-07-19 10:00:00+00:00,13145.4934
2025-07-19 10:15:00+00:00,13145.4934
2025-07-19 10:30:00+00:00,13145.4934
2025-07-19 10:45:00+00:00,13145.4934
2025-07-19 11:00:00+00:00,13145.4934
2025-07-19 11:15:00+00:00,13145.4934
2025-07-19 11:30:00+00:00,13145.4934
2025-07-19 11:45:00+00:00,13145.4934
2025-07-19 12:00:00+00:00,13145.4934
2025-07-19 12:15:00+00:00,13145.4934
2025-07-19 12:30:00+00:00,13145.4934
2025-07-19 12:45:00+00:00,13145.4934
2025-07-19 13:00:00+00:00,13145.4934
2025-07-19 13:15:00+00:00,13145.4934
2025-07-19 13:30:00+00:00,13145.4934
2025-07-19 13:45:00+00:00,13145.4934
2025-07-19 14:00:00+00:00,13145.4934
2025-07-19 14:15:00+00:00,13145.4934
2025-07-19 14:30:00+00:00,13145.4934
2025-07-19 14:45:00+00:00,13145.4934
2025-07-19 15:00:00+00:00,13145.4934
2025-07-19 15:15:00+00:00,13145.4934
2025-07-19 15:30:00+00:00,13145.4934
2025-07-19 15:45:00+00:00,13145.4934
2025-07-19 16:00:00+00:00,13145.4934
2025-07-19 16:15:00+00:00,13145.4934
2025-07-19 16:30:00+00:00,13145.4934
2025-07-19 16:45:00+00:00,13145.4934
2025-07-19 17:00:00+00:00,13145.4934
2025-07-19 17:15:00+00:00,13145.4934
2025-07-19 17:30:00+00:00,13145.4934
2025-07-19 17:45:00+00:00,13145.4934
2025-07-19 18:00:00+00:00,13145.4934
2025-07-19 18:15:00+00:00,13145.4934
2025-07-19 18:30:00+00:00,13145.4934
2025-07-19 18:45:00+00:00,13145.4934
2025-07-19 19:00:00+00:00,13145.4934
2025-07-19 19:15:00+00:00,13145.4934
2025-07-19 19:30:00+00:00,13145.4934
2025-07-19 19:45:00+00:00,13145.4934
2025-07-19 20:00:00+00:00,13145.4934
2025-07-19 20:15:00+00:00,13145.4934
2025-07-19 20:30:00+00:00,13145.4934
2025-07-19 20:45:00+00:00,13145.4934
2025-07-19 21:00:00+00:00,13145.4934
2025-07-19 21:15:00+00:00,13145.4934
2025-07-19 21:30:00+00:00,13145.4934
2025-07-19 21:45:00+00:00,13145.4934
2025-07-19 22:00:00+00:00,13145.4934
2025-07-19 22:15:00+00:00,13145.4934
2025-07-19 22:30:00+00:00,13145.4934
2025-07-19 22:45:00+00:00,13145.4934
2025-07-19 23:00:00+00:00,13145.4934
2025-07-19 23:15:00+00:00,13145.4934
2025-07-19 23:30:00+00:00,13145.4934
2025-07-19 23:45:00+00:00,13145.4934
2025-07-20 00:00:00+00:00,13145.4934
2025-07-20 00:15:00+00:00,13145.4934
2025-07-20 00:30:00+00:00,13145.4934
2025-07-20 00:45:00+00:00,13145.4934
2025-07-20 01:00:00+00:00,13145.4934
2025-07-20 01:15:00+00:00,13014.0385
2025-07-20 01:30:00+00:00,13014.0385
2025-07-20 01:45:00+00:00,13014.0385
2025-07-20 02:00:00+00:00,13014.0385
2025-07-20 02:15:00+00:00,13014.0385
2025-07-20 02:30:00+00:00,13014.0385
2025-07-20 02:45:00+00:00,13014.0385
2025-07-20 03:00:00+00:00,13014.0385
2025-07-20 03:15:00+00:00,13014.0385
2025-07-20 03:30:00+00:00,13014.0385
2025-07-20 03:45:00+00:00,13014.0385
2025-07-20 04:00:00+00:00,13014.0385
2025-07-20 04:15:00+00:00,13014.0385
2025-07-20 04:30:00+00:00,13014.0385
2025-07-20 04:45:00+00:00,13014.0385
2025-07-20 05:00:00+00:00,13014.0385
2025-07-20 05:15:00+00:00,13014.0385
2025-07-20 05:30:00+00:00,13014.0385
2025-07-20 05:45:00+00:00,13014.0385
2025-07-20 06:00:00+00:00,13014.0385
2025-07-20 06:15:00+00:00,13014.0385
2025-07-20 06:30:00+00:00,13014.0385
2025-07-20 06:45:00+00:00,13014.0385
2025-07-20 07:00:00+00:00,13014.0385
2025-07-20 07:15:00+00:00,13014.0385
2025-07-20 07:30:00+00:00,13014.0385
2025-07-20 07:45:00+00:00,13014.0385
2025-07-20 08:00:00+00:00,13014.0385
2025-07-20 08:15:00+00:00,13014.0385
2025-07-20 08:30:00+00:00,13014.0385
2025-07-20 08:45:00+00:00,13014.0385
2025-07-20 09:00:00+00:00,13014.0385
2025-07-20 09:15:00+00:00,13014.0385
2025-07-20 09:30:00+00:00,13014.0385
2025-07-20 09:45:00+00:00,13014.0385
2025-07-20 10:00:00+00:00,13014.0385
2025-07-20 10:15:00+00:00,13014.0385
2025-07-20 10:30:00+00:00,13014.0385
2025-07-20 10:45:00+00:00,13014.0385
2025-07-20 11:00:00+00:00,13014.0385
2025-07-20 11:15:00+00:00,13014.0385
2025-07-20 11:30:00+00:00,13014.0385
2025-07-20 11:45:00+00:00,13014.0385
2025-07-20 12:00:00+00:00,13014.0385
2025-07-20 12:15:00+00:00,13014.0385
2025-07-20 12:30:00+00:00,13014.0385
2025-07-20 12:45:00+00:00,13014.0385
2025-07-20 13:00:00+00:00,13014.0385
2025-07-20 13:15:00+00:00,13014.0385
2025-07-20 13:30:00+00:00,13014.0385
2025-07-20 13:45:00+00:00,13014.0385
2025-07-20 14:00:00+00:00,13014.0385
2025-07-20 14:15:00+00:00,13014.0385
2025-07-20 14:30:00+00:00,13014.0385
2025-07-20 14:45:00+00:00,13014.0385
2025-07-20 15:00:00+00:00,13014.0385
2025-07-20 15:15:00+00:00,13014.0385
2025-07-20 15:30:00+00:00,13014.0385
2025-07-20 15:45:00+00:00,13014.0385
2025-07-20 16:00:00+00:00,13014.0385
2025-07-20 16:15:00+00:00,13014.0385
2025-07-20 16:30:00+00:00,13014.0385
2025-07-20 16:45:00+00:00,13014.0385
2025-07-20 17:00:00+00:00,13014.0385
2025-07-20 17:15:00+00:00,13014.0385
2025-07-20 17:30:00+00:00,13014.0385
2025-07-20 17:45:00+00:00,13014.0385
2025-07-20 18:00:00+00:00,13014.0385
2025-07-20 18:15:00+00:00,13014.0385
2025-07-20 18:30:00+00:00,13014.0385
2025-07-20 18:45:00+00:00,13014.0385
2025-07-20 19:00:00+00:00,13014.0385
2025-07-20 19:15:00+00:00,13014.0385
2025-07-20 19:30:00+00:00,13014.0385
2025-07-20 19:45:00+00:00,13014.0385
2025-07-20 20:00:00+00:00,13014.0385
2025-07-20 20:15:00+00:00,13014.0385
2025-07-20 20:30:00+00:00,13014.0385
2025-07-20 20:45:00+00:00,13014.0385
2025-07-20 21:00:00+00:00,13014.0385
2025-07-20 21:15:00+00:00,13014.0385
2025-07-20 21:30:00+00:00,13014.0385
2025-07-20 21:45:00+00:00,13014.0385
2025-07-20 22:00:00+00:00,13014.0385
2025-07-20 22:15:00+00:00,13014.0385
2025-07-20 22:30:00+00:00,13014.0385
2025-07-20 22:45:00+00:00,13014.0385
2025-07-20 23:00:00+00:00,13014.0385
2025-07-20 23:15:00+00:00,13014.0385
2025-07-20 23:30:00+00:00,13014.0385
2025-07-20 23:45:00+00:00,13014.0385
2025-07-21 00:00:00+00:00,13014.0385
2025-07-21 00:15:00+00:00,13014.0385
2025-07-21 00:30:00+00:00,13014.0385
2025-07-21 00:45:00+00:00,13014.0385
2025-07-21 01:00:00+00:00,13014.0385
2025-07-21 01:15:00+00:00,13014.0385
2025-07-21 01:30:00+00:00,13014.0385
2025-07-21 01:45:00+00:00,13014.0385
2025-07-21 02:00:00+00:00,13014.0385
2025-07-21 02:15:00+00:00,13014.0385
2025-07-21 02:30:00+00:00,13014.0385
2025-07-21 02:45:00+00:00,13014.0385
2025-07-21 03:00:00+00:00,13014.0385
2025-07-21 03:15:00+00:00,13014.0385
2025-07-21 03:30:00+00:00,13014.0385
2025-07-21 03:45:00+00:00,13014.0385
2025-07-21 04:00:00+00:00,13014.0385
2025-07-21 04:15:00+00:00,13014.0385
2025-07-21 04:30:00+00:00,13014.0385
2025-07-21 04:45:00+00:00,13014.0385
2025-07-21 05:00:00+00:00,13014.0385
2025-07-21 05:15:00+00:00,13014.0385
2025-07-21 05:30:00+00:00,13014.0385
2025-07-21 05:45:00+00:00,13014.0385
2025-07-21 06:00:00+00:00,13014.0385
2025-07-21 06:15:00+00:00,13014.0385
2025-07-21 06:30:00+00:00,13014.0385
2025-07-21 06:45:00+00:00,13014.0385
2025-07-21 07:00:00+00:00,13014.0385
2025-07-21 07:15:00+00:00,13014.0385
2025-07-21 07:30:00+00:00,13014.0385
2025-07-21 07:45:00+00:00,13014.0385
2025-07-21 08:00:00+00:00,13014.0385
2025-07-21 08:15:00+00:00,13014.0385
2025-07-21 08:30:00+00:00,12883.8981
2025-07-21 08:45:00+00:00,12883.8981
2025-07-21 09:00:00+00:00,12883.8981
2025-07-21 09:15:00+00:00,12883.8981
2025-07-21 09:30:00+00:00,12883.8981
2025-07-21 09:45:00+00:00,12883.8981
2025-07-21 10:00:00+00:00,12883.8981
2025-07-21 10:15:00+00:00,12883.8981
2025-07-21 10:30:00+00:00,12883.8981
2025-07-21 10:45:00+00:00,12883.8981
2025-07-21 11:00:00+00:00,12883.8981
2025-07-21 11:15:00+00:00,12883.8981
2025-07-21 11:30:00+00:00,12883.8981
2025-07-21 11:45:00+00:00,12883.8981
2025-07-21 12:00:00+00:00,12883.8981
2025-07-21 12:15:00+00:00,12883.8981
2025-07-21 12:30:00+00:00,12883.8981
2025-07-21 12:45:00+00:00,12883.8981
2025-07-21 13:00:00+00:00,12883.8981
2025-07-21 13:15:00+00:00,12883.8981
2025-07-21 13:30:00+00:00,12883.8981
2025-07-21 13:45:00+00:00,12883.8981
2025-07-21 14:00:00+00:00,12883.8981
2025-07-21 14:15:00+00:00,12883.8981
2025-07-21 14:30:00+00:00,12883.8981
2025-07-21 14:45:00+00:00,12883.8981
2025-07-21 15:00:00+00:00,12883.8981
2025-07-21 15:15:00+00:00,12883.8981
2025-07-21 15:30:00+00:00,12883.8981
2025-07-21 15:45:00+00:00,12883.8981
2025-07-21 16:00:00+00:00,12883.8981
2025-07-21 16:15:00+00:00,12883.8981
2025-07-21 16:30:00+00:00,12883.8981
2025-07-21 16:45:00+00:00,12883.8981
2025-07-21 17:00:00+00:00,12883.8981
2025-07-21 17:15:00+00:00,12883.8981
2025-07-21 17:30:00+00:00,12883.8981
2025-07-21 17:45:00+00:00,12883.8981
2025-07-21 18:00:00+00:00,12883.8981
2025-07-21 18:15:00+00:00,12883.8981
2025-07-21 18:30:00+00:00,12883.8981
2025-07-21 18:45:00+00:00,12883.8981
2025-07-21 19:00:00+00:00,12883.8981
2025-07-21 19:15:00+00:00,12883.8981
2025-07-21 19:30:00+00:00,12883.8981
2025-07-21 19:45:00+00:00,12883.8981
2025-07-21 20:00:00+00:00,12883.8981
2025-07-21 20:15:00+00:00,12883.8981
2025-07-21 20:30:00+00:00,12883.8981
2025-07-21 20:45:00+00:00,12883.8981
2025-07-21 21:00:00+00:00,12883.8981
2025-07-21 21:15:00+00:00,12883.8981
2025-07-21 21:30:00+00:00,12883.8981
2025-07-21 21:45:00+00:00,12883.8981
2025-07-21 22:00:00+00:00,12883.8981
2025-07-21 22:15:00+00:00,12883.8981
2025-07-21 22:30:00+00:00,12883.8981
2025-07-21 22:45:00+00:00,12883.8981
2025-07-21 23:00:00+00:00,12883.8981
2025-07-21 23:15:00+00:00,12883.8981
2025-07-21 23:30:00+00:00,12883.8981
2025-07-21 23:45:00+00:00,12883.8981
2025-07-22 00:00:00+00:00,12883.8981
2025-07-22 00:15:00+00:00,12883.8981
2025-07-22 00:30:00+00:00,12883.8981
2025-07-22 00:45:00+00:00,12883.8981
2025-07-22 01:00:00+00:00,12883.8981
2025-07-22 01:15:00+00:00,12755.0591
2025-07-22 01:30:00+00:00,12755.0591
2025-07-22 01:45:00+00:00,12755.0591
2025-07-22 02:00:00+00:00,12755.0591
2025-07-22 02:15:00+00:00,12755.0591
2025-07-22 02:30:00+00:00,12755.0591
2025-07-22 02:45:00+00:00,12755.0591
2025-07-22 03:00:00+00:00,12755.0591
2025-07-22 03:15:00+00:00,12755.0591
2025-07-22 03:30:00+00:00,12755.0591
2025-07-22 03:45:00+00:00,12755.0591
2025-07-22 04:00:00+00:00,12755.0591
2025-07-22 04:15:00+00:00,12755.0591
2025-07-22 04:30:00+00:00,12755.0591
2025-07-22 04:45:00+00:00,12755.0591
2025-07-22 05:00:00+00:00,12755.0591
2025-07-22 05:15:00+00:00,12755.0591
2025-07-22 05:30:00+00:00,12755.0591
2025-07-22 05:45:00+00:00,12755.0591
2025-07-22 06:00:00+00:00,12755.0591
2025-07-22 06:15:00+00:00,12627.5085
2025-07-22 06:30:00+00:00,12627.5085
2025-07-22 06:45:00+00:00,12627.5085
2025-07-22 07:00:00+00:00,12627.5085
2025-07-22 07:15:00+00:00,12627.5085
2025-07-22 07:30:00+00:00,12627.5085
2025-07-22 07:45:00+00:00,12627.5085
2025-07-22 08:00:00+00:00,12627.5085
2025-07-22 08:15:00+00:00,12627.5085
2025-07-22 08:30:00+00:00,12627.5085
2025-07-22 08:45:00+00:00,12627.5085
2025-07-22 09:00:00+00:00,12627.5085
2025-07-22 09:15:00+00:00,12627.5085
2025-07-22 09:30:00+00:00,12627.5085
2025-07-22 09:45:00+00:00,12627.5085
2025-07-22 10:00:00+00:00,12627.5085
2025-07-22 10:15:00+00:00,12627.5085
2025-07-22 10:30:00+00:00,12627.5085
2025-07-22 10:45:00+00:00,12627.5085
2025-07-22 11:00:00+00:00,12627.5085
2025-07-22 11:15:00+00:00,12627.5085
2025-07-22 11:30:00+00:00,12627.5085
2025-07-22 11:45:00+00:00,12627.5085
2025-07-22 12:00:00+00:00,12627.5085
2025-07-22 12:15:00+00:00,12627.5085
2025-07-22 12:30:00+00:00,12627.5085
2025-07-22 12:45:00+00:00,12627.5085
2025-07-22 13:00:00+00:00,12627.5085
2025-07-22 13:15:00+00:00,12627.5085
2025-07-22 13:30:00+00:00,12627.5085
2025-07-22 13:45:00+00:00,12627.5085
2025-07-22 14:00:00+00:00,12627.5085
2025-07-22 14:15:00+00:00,12627.5085
2025-07-22 14:30:00+00:00,12627.5085
2025-07-22 14:45:00+00:00,12627.5085
2025-07-22 15:00:00+00:00,12627.5085
2025-07-22 15:15:00+00:00,12627.5085
2025-07-22 15:30:00+00:00,12627.5085
2025-07-22 15:45:00+00:00,12627.5085
2025-07-22 16:00:00+00:00,12627.5085
2025-07-22 16:15:00+00:00,12627.5085
2025-07-22 16:30:00+00:00,12627.5085
2025-07-22 16:45:00+00:00,12627.5085
2025-07-22 17:00:00+00:00,12627.5085
2025-07-22 17:15:00+00:00,12627.5085
2025-07-22 17:30:00+00:00,12627.5085
2025-07-22 17:45:00+00:00,12627.5085
2025-07-22 18:00:00+00:00,12627.5085
2025-07-22 18:15:00+00:00,12627.5085
2025-07-22 18:30:00+00:00,12627.5085
2025-07-22 18:45:00+00:00,12880.0587
2025-07-22 19:00:00+00:00,12880.0587
2025-07-22 19:15:00+00:00,12880.0587
2025-07-22 19:30:00+00:00,12880.0587
2025-07-22 19:45:00+00:00,12880.0587
2025-07-22 20:00:00+00:00,12880.0587
2025-07-22 20:15:00+00:00,12880.0587
2025-07-22 20:30:00+00:00,12880.0587
2025-07-22 20:45:00+00:00,12880.0587
2025-07-22 21:00:00+00:00,12880.0587
2025-07-22 21:15:00+00:00,12880.0587
2025-07-22 21:30:00+00:00,12880.0587
2025-07-22 21:45:00+00:00,12880.0587
2025-07-22 22:00:00+00:00,12880.0587
2025-07-22 22:15:00+00:00,12880.0587
2025-07-22 22:30:00+00:00,12880.0587
2025-07-22 22:45:00+00:00,12880.0587
2025-07-22 23:00:00+00:00,12880.0587
2025-07-22 23:15:00+00:00,12880.0587
2025-07-22 23:30:00+00:00,12880.0587
2025-07-22 23:45:00+00:00,12880.0587
2025-07-23 00:00:00+00:00,12880.0587
2025-07-23 00:15:00+00:00,12880.0587
2025-07-23 00:30:00+00:00,12880.0587
2025-07-23 00:45:00+00:00,12880.0587
2025-07-23 01:00:00+00:00,12880.0587
2025-07-23 01:15:00+00:00,12880.0587
2025-07-23 01:30:00+00:00,12880.0587
2025-07-23 01:45:00+00:00,12880.0587
2025-07-23 02:00:00+00:00,12880.0587
2025-07-23 02:15:00+00:00,12880.0587
2025-07-23 02:30:00+00:00,12880.0587
2025-07-23 02:45:00+00:00,12880.0587
2025-07-23 03:00:00+00:00,12880.0587
2025-07-23 03:15:00+00:00,12880.0587
2025-07-23 03:30:00+00:00,12880.0587
2025-07-23 03:45:00+00:00,12880.0587
2025-07-23 04:00:00+00:00,12880.0587
2025-07-23 04:15:00+00:00,12880.0587
2025-07-23 04:30:00+00:00,12880.0587
2025-07-23 04:45:00+00:00,12880.0587
2025-07-23 05:00:00+00:00,12880.0587
2025-07-23 05:15:00+00:00,12880.0587
2025-07-23 05:30:00+00:00,12880.0587
2025-07-23 05:45:00+00:00,12880.0587
2025-07-23 06:00:00+00:00,12880.0587
2025-07-23 06:15:00+00:00,12880.0587
2025-07-23 06:30:00+00:00,12880.0587
2025-07-23 06:45:00+00:00,12880.0587
2025-07-23 07:00:00+00:00,12880.0587
2025-07-23 07:15:00+00:00,12880.0587
2025-07-23 07:30:00+00:00,12880.0587
2025-07-23 07:45:00+00:00,12880.0587
2025-07-23 08:00:00+00:00,12880.0587
2025-07-23 08:15:00+00:00,12880.0587
2025-07-23 08:30:00+00:00,12880.0587
2025-07-23 08:45:00+00:00,12880.0587
2025-07-23 09:00:00+00:00,12880.0587
2025-07-23 09:15:00+00:00,12880.0587
2025-07-23 09:30:00+00:00,12880.0587
2025-07-23 09:45:00+00:00,12880.0587
2025-07-23 10:00:00+00:00,12880.0587
2025-07-23 10:15:00+00:00,12880.0587
2025-07-23 10:30:00+00:00,12880.0587
2025-07-23 10:45:00+00:00,12880.0587
2025-07-23 11:00:00+00:00,12880.0587
2025-07-23 11:15:00+00:00,12880.0587
2025-07-23 11:30:00+00:00,12880.0587
2025-07-23 11:45:00+00:00,12880.0587
2025-07-23 12:00:00+00:00,12880.0587
2025-07-23 12:15:00+00:00,12880.0587
2025-07-23 12:30:00+00:00,12880.0587
2025-07-23 12:45:00+00:00,12880.0587
2025-07-23 13:00:00+00:00,12880.0587
2025-07-23 13:15:00+00:00,12880.0587
2025-07-23 13:30:00+00:00,12880.0587
2025-07-23 13:45:00+00:00,12880.0587
2025-07-23 14:00:00+00:00,12880.0587
2025-07-23 14:15:00+00:00,12880.0587
2025-07-23 14:30:00+00:00,12880.0587
2025-07-23 14:45:00+00:00,12880.0587
2025-07-23 15:00:00+00:00,12880.0587
2025-07-23 15:15:00+00:00,12880.0587
2025-07-23 15:30:00+00:00,12880.0587
2025-07-23 15:45:00+00:00,12880.0587
2025-07-23 16:00:00+00:00,12880.0587
2025-07-23 16:15:00+00:00,12880.0587
2025-07-23 16:30:00+00:00,12880.0587
2025-07-23 16:45:00+00:00,12880.0587
2025-07-23 17:00:00+00:00,12880.0587
2025-07-23 17:15:00+00:00,12880.0587
2025-07-23 17:30:00+00:00,12880.0587
2025-07-23 17:45:00+00:00,12880.0587
2025-07-23 18:00:00+00:00,12880.0587
2025-07-23 18:15:00+00:00,12880.0587
2025-07-23 18:30:00+00:00,12880.0587
2025-07-23 18:45:00+00:00,12880.0587
2025-07-23 19:00:00+00:00,12880.0587
2025-07-23 19:15:00+00:00,12880.0587
2025-07-23 19:30:00+00:00,12880.0587
2025-07-23 19:45:00+00:00,12880.0587
2025-07-23 20:00:00+00:00,12880.0587
2025-07-23 20:15:00+00:00,12880.0587
2025-07-23 20:30:00+00:00,12880.0587
2025-07-23 20:45:00+00:00,12880.0587
2025-07-23 21:00:00+00:00,12880.0587
2025-07-23 21:15:00+00:00,12880.0587
2025-07-23 21:30:00+00:00,12880.0587
2025-07-23 21:45:00+00:00,12751.2581
2025-07-23 22:00:00+00:00,12751.2581
2025-07-23 22:15:00+00:00,12751.2581
2025-07-23 22:30:00+00:00,12751.2581
2025-07-23 22:45:00+00:00,12751.2581
2025-07-23 23:00:00+00:00,12751.2581
2025-07-23 23:15:00+00:00,12751.2581
2025-07-23 23:30:00+00:00,12751.2581
2025-07-23 23:45:00+00:00,12751.2581
2025-07-24 00:00:00+00:00,12751.2581
2025-07-24 00:15:00+00:00,12751.2581
2025-07-24 00:30:00+00:00,12751.2581
2025-07-24 00:45:00+00:00,12751.2581
2025-07-24 01:00:00+00:00,12751.2581
2025-07-24 01:15:00+00:00,12751.2581
2025-07-24 01:30:00+00:00,12751.2581
2025-07-24 01:45:00+00:00,12751.2581
2025-07-24 02:00:00+00:00,12751.2581
2025-07-24 02:15:00+00:00,12751.2581
2025-07-24 02:30:00+00:00,12751.2581
2025-07-24 02:45:00+00:00,12751.2581
2025-07-24 03:00:00+00:00,12751.2581
2025-07-24 03:15:00+00:00,12751.2581
2025-07-24 03:30:00+00:00,12751.2581
2025-07-24 03:45:00+00:00,12751.2581
2025-07-24 04:00:00+00:00,12751.2581
2025-07-24 04:15:00+00:00,12751.2581
2025-07-24 04:30:00+00:00,12751.2581
2025-07-24 04:45:00+00:00,12751.2581
2025-07-24 05:00:00+00:00,12751.2581
2025-07-24 05:15:00+00:00,12751.2581
2025-07-24 05:30:00+00:00,12751.2581
2025-07-24 05:45:00+00:00,12751.2581
2025-07-24 06:00:00+00:00,12751.2581
2025-07-24 06:15:00+00:00,12751.2581
2025-07-24 06:30:00+00:00,12751.2581
2025-07-24 06:45:00+00:00,12751.2581
2025-07-24 07:00:00+00:00,12751.2581
2025-07-24 07:15:00+00:00,12751.2581
2025-07-24 07:30:00+00:00,12751.2581
2025-07-24 07:45:00+00:00,12751.2581
2025-07-24 08:00:00+00:00,12751.2581
2025-07-24 08:15:00+00:00,12751.2581
2025-07-24 08:30:00+00:00,12751.2581
2025-07-24 08:45:00+00:00,12751.2581
2025-07-24 09:00:00+00:00,12751.2581
2025-07-24 09:15:00+00:00,12751.2581
2025-07-24 09:30:00+00:00,12751.2581
2025-07-24 09:45:00+00:00,12751.2581
2025-07-24 10:00:00+00:00,12751.2581
2025-07-24 10:15:00+00:00,12751.2581
2025-07-24 10:30:00+00:00,12751.2581
2025-07-24 10:45:00+00:00,12751.2581
2025-07-24 11:00:00+00:00,12751.2581
2025-07-24 11:15:00+00:00,12751.2581
2025-07-24 11:30:00+00:00,12751.2581
2025-07-24 11:45:00+00:00,12751.2581
2025-07-24 12:00:00+00:00,12751.2581
2025-07-24 12:15:00+00:00,12751.2581
2025-07-24 12:30:00+00:00,12751.2581
2025-07-24 12:45:00+00:00,12751.2581
2025-07-24 13:00:00+00:00,12751.2581
2025-07-24 13:15:00+00:00,12751.2581
2025-07-24 13:30:00+00:00,12751.2581
2025-07-24 13:45:00+00:00,12751.2581
2025-07-24 14:00:00+00:00,12751.2581
2025-07-24 14:15:00+00:00,12751.2581
2025-07-24 14:30:00+00:00,12751.2581
2025-07-24 14:45:00+00:00,12751.2581
2025-07-24 15:00:00+00:00,12751.2581
2025-07-24 15:15:00+00:00,12751.2581
2025-07-24 15:30:00+00:00,12751.2581
2025-07-24 15:45:00+00:00,12751.2581
2025-07-24 16:00:00+00:00,12751.2581
2025-07-24 16:15:00+00:00,12751.2581
2025-07-24 16:30:00+00:00,12751.2581
2025-07-24 16:45:00+00:00,12751.2581
2025-07-24 17:00:00+00:00,12751.2581
2025-07-24 17:15:00+00:00,12751.2581
2025-07-24 17:30:00+00:00,12751.2581
2025-07-24 17:45:00+00:00,12751.2581
2025-07-24 18:00:00+00:00,12751.2581
2025-07-24 18:15:00+00:00,12751.2581
2025-07-24 18:30:00+00:00,12751.2581
2025-07-24 18:45:00+00:00,12751.2581
2025-07-24 19:00:00+00:00,12751.2581
2025-07-24 19:15:00+00:00,12751.2581
2025-07-24 19:30:00+00:00,12751.2581
2025-07-24 19:45:00+00:00,12751.2581
2025-07-24 20:00:00+00:00,12751.2581
2025-07-24 20:15:00+00:00,12751.2581
2025-07-24 20:30:00+00:00,12751.2581
2025-07-24 20:45:00+00:00,12751.2581
2025-07-24 21:00:00+00:00,12751.2581
2025-07-24 21:15:00+00:00,12751.2581
2025-07-24 21:30:00+00:00,12751.2581
2025-07-24 21:45:00+00:00,12751.2581
2025-07-24 22:00:00+00:00,12751.2581
2025-07-24 22:15:00+00:00,12751.2581
2025-07-24 22:30:00+00:00,12751.2581
2025-07-24 22:45:00+00:00,12751.2581
2025-07-24 23:00:00+00:00,12751.2581
2025-07-24 23:15:00+00:00,12751.2581
2025-07-24 23:30:00+00:00,12751.2581
2025-07-24 23:45:00+00:00,12751.2581
2025-07-25 00:00:00+00:00,12751.2581
2025-07-25 00:15:00+00:00,12751.2581
2025-07-25 00:30:00+00:00,12751.2581
2025-07-25 00:45:00+00:00,12751.2581
2025-07-25 01:00:00+00:00,12751.2581
2025-07-25 01:15:00+00:00,12751.2581
2025-07-25 01:30:00+00:00,12751.2581
2025-07-25 01:45:00+00:00,12751.2581
2025-07-25 02:00:00+00:00,12751.2581
2025-07-25 02:15:00+00:00,12751.2581
2025-07-25 02:30:00+00:00,12751.2581
2025-07-25 02:45:00+00:00,12751.2581
2025-07-25 03:00:00+00:00,12751.2581
2025-07-25 03:15:00+00:00,12751.2581
2025-07-25 03:30:00+00:00,12751.2581
2025-07-25 03:45:00+00:00,12751.2581
2025-07-25 04:00:00+00:00,12751.2581
2025-07-25 04:15:00+00:00,12751.2581
2025-07-25 04:30:00+00:00,12751.2581
2025-07-25 04:45:00+00:00,12751.2581
2025-07-25 05:00:00+00:00,12751.2581
2025-07-25 05:15:00+00:00,12751.2581
2025-07-25 05:30:00+00:00,12751.2581
2025-07-25 05:45:00+00:00,12751.2581
2025-07-25 06:00:00+00:00,12751.2581
2025-07-25 06:15:00+00:00,12751.2581
2025-07-25 06:30:00+00:00,12751.2581
2025-07-25 06:45:00+00:00,12751.2581
2025-07-25 07:00:00+00:00,12751.2581
2025-07-25 07:15:00+00:00,12751.2581
2025-07-25 07:30:00+00:00,12751.2581
2025-07-25 07:45:00+00:00,12751.2581
2025-07-25 08:00:00+00:00,12751.2581
2025-07-25 08:15:00+00:00,12751.2581
2025-07-25 08:30:00+00:00,12751.2581
2025-07-25 08:45:00+00:00,12751.2581
2025-07-25 09:00:00+00:00,12751.2581
2025-07-25 09:15:00+00:00,12751.2581
2025-07-25 09:30:00+00:00,12751.2581
2025-07-25 09:45:00+00:00,12751.2581
2025-07-25 10:00:00+00:00,12751.2581
2025-07-25 10:15:00+00:00,12751.2581
2025-07-25 10:30:00+00:00,12751.2581
2025-07-25 10:45:00+00:00,12751.2581
2025-07-25 11:00:00+00:00,12751.2581
2025-07-25 11:15:00+00:00,12751.2581
2025-07-25 11:30:00+00:00,12751.2581
2025-07-25 11:45:00+00:00,12751.2581
2025-07-25 12:00:00+00:00,12751.2581
2025-07-25 12:15:00+00:00,12751.2581
2025-07-25 12:30:00+00:00,12751.2581
2025-07-25 12:45:00+00:00,12751.2581
2025-07-25 13:00:00+00:00,12751.2581
2025-07-25 13:15:00+00:00,12751.2581
2025-07-25 13:30:00+00:00,13006.2833
2025-07-25 13:45:00+00:00,13006.2833
2025-07-25 14:00:00+00:00,13006.2833
2025-07-25 14:15:00+00:00,13006.2833
2025-07-25 14:30:00+00:00,13006.2833
2025-07-25 14:45:00+00:00,13006.2833
2025-07-25 15:00:00+00:00,13006.2833
2025-07-25 15:15:00+00:00,13006.2833
2025-07-25 15:30:00+00:00,13006.2833
2025-07-25 15:45:00+00:00,13006.2833
2025-07-25 16:00:00+00:00,13006.2833
2025-07-25 16:15:00+00:00,13006.2833
2025-07-25 16:30:00+00:00,13006.2833
2025-07-25 16:45:00+00:00,13006.2833
2025-07-25 17:00:00+00:00,12876.2204
2025-07-25 17:15:00+00:00,12876.2204
2025-07-25 17:30:00+00:00,12876.2204
2025-07-25 17:45:00+00:00,12876.2204
2025-07-25 18:00:00+00:00,12747.4582
2025-07-25 18:15:00+00:00,12747.4582
2025-07-25 18:30:00+00:00,12747.4582
2025-07-25 18:45:00+00:00,12747.4582
2025-07-25 19:00:00+00:00,12747.4582
2025-07-25 19:15:00+00:00,12747.4582
2025-07-25 19:30:00+00:00,12747.4582
2025-07-25 19:45:00+00:00,12747.4582
2025-07-25 20:00:00+00:00,12747.4582
2025-07-25 20:15:00+00:00,12747.4582
2025-07-25 20:30:00+00:00,12747.4582
2025-07-25 20:45:00+00:00,12747.4582
2025-07-25 21:00:00+00:00,12747.4582
2025-07-25 21:15:00+00:00,12747.4582
2025-07-25 21:30:00+00:00,12747.4582
2025-07-25 21:45:00+00:00,12747.4582
2025-07-25 22:00:00+00:00,12747.4582
2025-07-25 22:15:00+00:00,12747.4582
2025-07-25 22:30:00+00:00,12747.4582
2025-07-25 22:45:00+00:00,12747.4582
2025-07-25 23:00:00+00:00,12747.4582
2025-07-25 23:15:00+00:00,12747.4582
2025-07-25 23:30:00+00:00,12747.4582
2025-07-25 23:45:00+00:00,12747.4582
2025-07-26 00:00:00+00:00,12747.4582
2025-07-26 00:15:00+00:00,12747.4582
2025-07-26 00:30:00+00:00,12747.4582
2025-07-26 00:45:00+00:00,12747.4582
2025-07-26 01:00:00+00:00,12747.4582
2025-07-26 01:15:00+00:00,12747.4582
2025-07-26 01:30:00+00:00,12747.4582
2025-07-26 01:45:00+00:00,12747.4582
2025-07-26 02:00:00+00:00,12747.4582
2025-07-26 02:15:00+00:00,12747.4582
2025-07-26 02:30:00+00:00,12747.4582
2025-07-26 02:45:00+00:00,12747.4582
2025-07-26 03:00:00+00:00,12747.4582
2025-07-26 03:15:00+00:00,12747.4582
2025-07-26 03:30:00+00:00,12747.4582
2025-07-26 03:45:00+00:00,12747.4582
2025-07-26 04:00:00+00:00,12747.4582
2025-07-26 04:15:00+00:00,12747.4582
2025-07-26 04:30:00+00:00,12747.4582
2025-07-26 04:45:00+00:00,12747.4582
2025-07-26 05:00:00+00:00,12747.4582
2025-07-26 05:15:00+00:00,12747.4582
2025-07-26 05:30:00+00:00,12747.4582
2025-07-26 05:45:00+00:00,12747.4582
2025-07-26 06:00:00+00:00,12747.4582
2025-07-26 06:15:00+00:00,12747.4582
2025-07-26 06:30:00+00:00,12747.4582
2025-07-26 06:45:00+00:00,12747.4582
2025-07-26 07:00:00+00:00,12747.4582
2025-07-26 07:15:00+00:00,12747.4582
2025-07-26 07:30:00+00:00,12747.4582
2025-07-26 07:45:00+00:00,12747.4582
2025-07-26 08:00:00+00:00,12747.4582
2025-07-26 08:15:00+00:00,12747.4582
2025-07-26 08:30:00+00:00,12747.4582
2025-07-26 08:45:00+00:00,12747.4582
2025-07-26 09:00:00+00:00,12747.4582
2025-07-26 09:15:00+00:00,12747.4582
2025-07-26 09:30:00+00:00,12747.4582
2025-07-26 09:45:00+00:00,12747.4582
2025-07-26 10:00:00+00:00,12747.4582
2025-07-26 10:15:00+00:00,12747.4582
2025-07-26 10:30:00+00:00,12747.4582
2025-07-26 10:45:00+00:00,12747.4582
2025-07-26 11:00:00+00:00,12747.4582
2025-07-26 11:15:00+00:00,12747.4582
2025-07-26 11:30:00+00:00,12747.4582
2025-07-26 11:45:00+00:00,12747.4582
2025-07-26 12:00:00+00:00,12747.4582
2025-07-26 12:15:00+00:00,12747.4582
2025-07-26 12:30:00+00:00,12747.4582
2025-07-26 12:45:00+00:00,12747.4582
2025-07-26 13:00:00+00:00,12747.4582
2025-07-26 13:15:00+00:00,12747.4582
2025-07-26 13:30:00+00:00,12747.4582
2025-07-26 13:45:00+00:00,12747.4582
2025-07-26 14:00:00+00:00,12747.4582
2025-07-26 14:15:00+00:00,12747.4582
2025-07-26 14:30:00+00:00,12747.4582
2025-07-26 14:45:00+00:00,12747.4582
2025-07-26 15:00:00+00:00,12747.4582
2025-07-26 15:15:00+00:00,12747.4582
2025-07-26 15:30:00+00:00,12747.4582
2025-07-26 15:45:00+00:00,12747.4582
2025-07-26 16:00:00+00:00,12747.4582
2025-07-26 16:15:00+00:00,12747.4582
2025-07-26 16:30:00+00:00,12747.4582
2025-07-26 16:45:00+00:00,12747.4582
2025-07-26 17:00:00+00:00,12747.4582
2025-07-26 17:15:00+00:00,12747.4582
2025-07-26 17:30:00+00:00,12747.4582
2025-07-26 17:45:00+00:00,12747.4582
2025-07-26 18:00:00+00:00,12747.4582
2025-07-26 18:15:00+00:00,12747.4582
2025-07-26 18:30:00+00:00,12747.4582
2025-07-26 18:45:00+00:00,12747.4582
2025-07-26 19:00:00+00:00,12747.4582
2025-07-26 19:15:00+00:00,12747.4582
2025-07-26 19:30:00+00:00,12747.4582
2025-07-26 19:45:00+00:00,12747.4582
2025-07-26 20:00:00+00:00,12747.4582
2025-07-26 20:15:00+00:00,12747.4582
2025-07-26 20:30:00+00:00,12747.4582
2025-07-26 20:45:00+00:00,12747.4582
2025-07-26 21:00:00+00:00,12747.4582
2025-07-26 21:15:00+00:00,12747.4582
2025-07-26 21:30:00+00:00,12747.4582
2025-07-26 21:45:00+00:00,12747.4582
2025-07-26 22:00:00+00:00,12747.4582
2025-07-26 22:15:00+00:00,12747.4582
2025-07-26 22:30:00+00:00,12747.4582
2025-07-26 22:45:00+00:00,12747.4582
2025-07-26 23:00:00+00:00,12747.4582
2025-07-26 23:15:00+00:00,12747.4582
2025-07-26 23:30:00+00:00,12747.4582
2025-07-26 23:45:00+00:00,12747.4582
2025-07-27 00:00:00+00:00,12747.4582
2025-07-27 00:15:00+00:00,12747.4582
2025-07-27 00:30:00+00:00,12747.4582
2025-07-27 00:45:00+00:00,12747.4582
2025-07-27 01:00:00+00:00,12747.4582
2025-07-27 01:15:00+00:00,12747.4582
2025-07-27 01:30:00+00:00,12747.4582
2025-07-27 01:45:00+00:00,12747.4582
2025-07-27 02:00:00+00:00,12747.4582
2025-07-27 02:15:00+00:00,12747.4582
2025-07-27 02:30:00+00:00,12747.4582
2025-07-27 02:45:00+00:00,12747.4582
2025-07-27 03:00:00+00:00,12747.4582
2025-07-27 03:15:00+00:00,12747.4582
2025-07-27 03:30:00+00:00,12747.4582
2025-07-27 03:45:00+00:00,12747.4582
2025-07-27 04:00:00+00:00,12747.4582
2025-07-27 04:15:00+00:00,12747.4582
2025-07-27 04:30:00+00:00,12747.4582
2025-07-27 04:45:00+00:00,12747.4582
2025-07-27 05:00:00+00:00,12747.4582
2025-07-27 05:15:00+00:00,12747.4582
2025-07-27 05:30:00+00:00,12747.4582
2025-07-27 05:45:00+00:00,12747.4582
2025-07-27 06:00:00+00:00,12747.4582
2025-07-27 06:15:00+00:00,12747.4582
2025-07-27 06:30:00+00:00,12747.4582
2025-07-27 06:45:00+00:00,12747.4582
2025-07-27 07:00:00+00:00,12747.4582
2025-07-27 07:15:00+00:00,12747.4582
2025-07-27 07:30:00+00:00,12747.4582
2025-07-27 07:45:00+00:00,12747.4582
2025-07-27 08:00:00+00:00,12747.4582
2025-07-27 08:15:00+00:00,12747.4582
2025-07-27 08:30:00+00:00,12747.4582
2025-07-27 08:45:00+00:00,12747.4582
2025-07-27 09:00:00+00:00,12747.4582
2025-07-27 09:15:00+00:00,12747.4582
2025-07-27 09:30:00+00:00,12747.4582
2025-07-27 09:45:00+00:00,12747.4582
2025-07-27 10:00:00+00:00,12747.4582
2025-07-27 10:15:00+00:00,12747.4582
2025-07-27 10:30:00+00:00,12747.4582
2025-07-27 10:45:00+00:00,12747.4582
2025-07-27 11:00:00+00:00,12747.4582
2025-07-27 11:15:00+00:00,12747.4582
2025-07-27 11:30:00+00:00,12747.4582
2025-07-27 11:45:00+00:00,12747.4582
2025-07-27 12:00:00+00:00,12747.4582
2025-07-27 12:15:00+00:00,12747.4582
2025-07-27 12:30:00+00:00,12747.4582
2025-07-27 12:45:00+00:00,12747.4582
2025-07-27 13:00:00+00:00,12747.4582
2025-07-27 13:15:00+00:00,12747.4582
2025-07-27 13:30:00+00:00,12747.4582
2025-07-27 13:45:00+00:00,12747.4582
2025-07-27 14:00:00+00:00,12747.4582
2025-07-27 14:15:00+00:00,12747.4582
2025-07-27 14:30:00+00:00,12619.9837
2025-07-27 14:45:00+00:00,12619.9837
2025-07-27 15:00:00+00:00,12619.9837
2025-07-27 15:15:00+00:00,12619.9837
2025-07-27 15:30:00+00:00,12619.9837
2025-07-27 15:45:00+00:00,12619.9837
2025-07-27 16:00:00+00:00,12872.3833
2025-07-27 16:15:00+00:00,12872.3833
2025-07-27 16:30:00+00:00,12872.3833
2025-07-27 16:45:00+00:00,12743.6595
2025-07-27 17:00:00+00:00,12743.6595
2025-07-27 17:15:00+00:00,12743.6595
2025-07-27 17:30:00+00:00,12743.6595
2025-07-27 17:45:00+00:00,12743.6595
2025-07-27 18:00:00+00:00,12743.6595
2025-07-27 18:15:00+00:00,12743.6595
2025-07-27 18:30:00+00:00,12743.6595
2025-07-27 18:45:00+00:00,12743.6595
2025-07-27 19:00:00+00:00,12743.6595
2025-07-27 19:15:00+00:00,12743.6595
2025-07-27 19:30:00+00:00,12743.6595
2025-07-27 19:45:00+00:00,12743.6595
2025-07-27 20:00:00+00:00,12743.6595
2025-07-27 20:15:00+00:00,12743.6595
2025-07-27 20:30:00+00:00,12743.6595
2025-07-27 20:45:00+00:00,12743.6595
2025-07-27 21:00:00+00:00,12743.6595
2025-07-27 21:15:00+00:00,12743.6595
2025-07-27 21:30:00+00:00,12743.6595
2025-07-27 21:45:00+00:00,12743.6595
2025-07-27 22:00:00+00:00,12743.6595
2025-07-27 22:15:00+00:00,12743.6595
2025-07-27 22:30:00+00:00,12743.6595
2025-07-27 22:45:00+00:00,12743.6595
2025-07-27 23:00:00+00:00,12616.2229
2025-07-27 23:15:00+00:00,12616.2229
2025-07-27 23:30:00+00:00,12616.2229
2025-07-27 23:45:00+00:00,12616.2229
2025-07-28 00:00:00+00:00,12616.2229
2025-07-28 00:15:00+00:00,12616.2229
2025-07-28 00:30:00+00:00,12616.2229
2025-07-28 00:45:00+00:00,12616.2229
2025-07-28 01:00:00+00:00,12616.2229
2025-07-28 01:15:00+00:00,12616.2229
2025-07-28 01:30:00+00:00,12616.2229
2025-07-28 01:45:00+00:00,12616.2229
2025-07-28 02:00:00+00:00,12616.2229
2025-07-28 02:15:00+00:00,12616.2229
2025-07-28 02:30:00+00:00,12868.5474
2025-07-28 02:45:00+00:00,12868.5474
2025-07-28 03:00:00+00:00,12868.5474
2025-07-28 03:15:00+00:00,12868.5474
2025-07-28 03:30:00+00:00,12868.5474
2025-07-28 03:45:00+00:00,12868.5474
2025-07-28 04:00:00+00:00,13125.9183
2025-07-28 04:15:00+00:00,13125.9183
2025-07-28 04:30:00+00:00,13125.9183
2025-07-28 04:45:00+00:00,13125.9183
2025-07-28 05:00:00+00:00,13125.9183
2025-07-28 05:15:00+00:00,13125.9183
2025-07-28 05:30:00+00:00,13125.9183
2025-07-28 05:45:00+00:00,13125.9183
2025-07-28 06:00:00+00:00,13125.9183
2025-07-28 06:15:00+00:00,13125.9183
2025-07-28 06:30:00+00:00,13125.9183
2025-07-28 06:45:00+00:00,13125.9183
2025-07-28 07:00:00+00:00,13125.9183
2025-07-28 07:15:00+00:00,13125.9183
2025-07-28 07:30:00+00:00,13125.9183
2025-07-28 07:45:00+00:00,13125.9183
2025-07-28 08:00:00+00:00,13125.9183
2025-07-28 08:15:00+00:00,13125.9183
2025-07-28 08:30:00+00:00,13125.9183
2025-07-28 08:45:00+00:00,13125.9183
2025-07-28 09:00:00+00:00,13125.9183
2025-07-28 09:15:00+00:00,13125.9183
2025-07-28 09:30:00+00:00,13125.9183
2025-07-28 09:45:00+00:00,13125.9183
2025-07-28 10:00:00+00:00,13125.9183
2025-07-28 10:15:00+00:00,13125.9183
2025-07-28 10:30:00+00:00,13125.9183
2025-07-28 10:45:00+00:00,13125.9183
2025-07-28 11:00:00+00:00,13125.9183
2025-07-28 11:15:00+00:00,13125.9183
2025-07-28 11:30:00+00:00,13125.9183
2025-07-28 11:45:00+00:00,13125.9183
2025-07-28 12:00:00+00:00,13125.9183
2025-07-28 12:15:00+00:00,13125.9183
2025-07-28 12:30:00+00:00,13125.9183
2025-07-28 12:45:00+00:00,13125.9183
2025-07-28 13:00:00+00:00,13125.9183
2025-07-28 13:15:00+00:00,13125.9183
2025-07-28 13:30:00+00:00,13125.9183
2025-07-28 13:45:00+00:00,13125.9183
2025-07-28 14:00:00+00:00,13125.9183
2025-07-28 14:15:00+00:00,13125.9183
2025-07-28 14:30:00+00:00,13125.9183
2025-07-28 14:45:00+00:00,13125.9183
2025-07-28 15:00:00+00:00,13125.9183
2025-07-28 15:15:00+00:00,13125.9183
2025-07-28 15:30:00+00:00,13125.9183
2025-07-28 15:45:00+00:00,13125.9183
2025-07-28 16:00:00+00:00,13125.9183
2025-07-28 16:15:00+00:00,13125.9183
2025-07-28 16:30:00+00:00,13125.9183
2025-07-28 16:45:00+00:00,13125.9183
2025-07-28 17:00:00+00:00,13125.9183
2025-07-28 17:15:00+00:00,13125.9183
2025-07-28 17:30:00+00:00,13125.9183
2025-07-28 17:45:00+00:00,13125.9183
2025-07-28 18:00:00+00:00,13125.9183
2025-07-28 18:15:00+00:00,13125.9183
2025-07-28 18:30:00+00:00,13125.9183
2025-07-28 18:45:00+00:00,13125.9183
2025-07-28 19:00:00+00:00,13125.9183
2025-07-28 19:15:00+00:00,13125.9183
2025-07-28 19:30:00+00:00,13125.9183
2025-07-28 19:45:00+00:00,13125.9183
2025-07-28 20:00:00+00:00,13125.9183
2025-07-28 20:15:00+00:00,13125.9183
2025-07-28 20:30:00+00:00,13125.9183
2025-07-28 20:45:00+00:00,13125.9183
2025-07-28 21:00:00+00:00,12994.6591
2025-07-28 21:15:00+00:00,12994.6591
2025-07-28 21:30:00+00:00,12994.6591
2025-07-28 21:45:00+00:00,12994.6591
2025-07-28 22:00:00+00:00,12994.6591
2025-07-28 22:15:00+00:00,12994.6591
2025-07-28 22:30:00+00:00,12994.6591
2025-07-28 22:45:00+00:00,12994.6591
2025-07-28 23:00:00+00:00,12994.6591
2025-07-28 23:15:00+00:00,12994.6591
2025-07-28 23:30:00+00:00,12994.6591
2025-07-28 23:45:00+00:00,12994.6591
2025-07-29 00:00:00+00:00,12994.6591
2025-07-29 00:15:00+00:00,12994.6591
2025-07-29 00:30:00+00:00,12994.6591
2025-07-29 00:45:00+00:00,12994.6591
2025-07-29 01:00:00+00:00,12994.6591
2025-07-29 01:15:00+00:00,12994.6591
2025-07-29 01:30:00+00:00,12994.6591
2025-07-29 01:45:00+00:00,12994.6591
2025-07-29 02:00:00+00:00,12994.6591
2025-07-29 02:15:00+00:00,12994.6591
2025-07-29 02:30:00+00:00,12994.6591
2025-07-29 02:45:00+00:00,12994.6591
2025-07-29 03:00:00+00:00,12864.7125
2025-07-29 03:15:00+00:00,12864.7125
2025-07-29 03:30:00+00:00,12864.7125
2025-07-29 03:45:00+00:00,12864.7125
2025-07-29 04:00:00+00:00,12864.7125
2025-07-29 04:15:00+00:00,12864.7125
2025-07-29 04:30:00+00:00,12864.7125
2025-07-29 04:45:00+00:00,12864.7125
2025-07-29 05:00:00+00:00,12864.7125
2025-07-29 05:15:00+00:00,12864.7125
2025-07-29 05:30:00+00:00,12864.7125
2025-07-29 05:45:00+00:00,12864.7125
2025-07-29 06:00:00+00:00,12864.7125
2025-07-29 06:15:00+00:00,12864.7125
2025-07-29 06:30:00+00:00,12864.7125
2025-07-29 06:45:00+00:00,12864.7125
2025-07-29 07:00:00+00:00,12864.7125
2025-07-29 07:15:00+00:00,12864.7125
2025-07-29 07:30:00+00:00,12864.7125
2025-07-29 07:45:00+00:00,12864.7125
2025-07-29 08:00:00+00:00,12864.7125
2025-07-29 08:15:00+00:00,12864.7125
2025-07-29 08:30:00+00:00,12864.7125
2025-07-29 08:45:00+00:00,12864.7125
2025-07-29 09:00:00+00:00,12864.7125
2025-07-29 09:15:00+00:00,12864.7125
2025-07-29 09:30:00+00:00,12864.7125
2025-07-29 09:45:00+00:00,12864.7125
2025-07-29 10:00:00+00:00,12864.7125
2025-07-29 10:15:00+00:00,12864.7125
2025-07-29 10:30:00+00:00,12864.7125
2025-07-29 10:45:00+00:00,12864.7125
2025-07-29 11:00:00+00:00,12864.7125
2025-07-29 11:15:00+00:00,12864.7125
2025-07-29 11:30:00+00:00,12864.7125
2025-07-29 11:45:00+00:00,12864.7125
2025-07-29 12:00:00+00:00,12864.7125
2025-07-29 12:15:00+00:00,12864.7125
2025-07-29 12:30:00+00:00,12864.7125
2025-07-29 12:45:00+00:00,12864.7125
2025-07-29 13:00:00+00:00,12864.7125
2025-07-29 13:15:00+00:00,12864.7125
2025-07-29 13:30:00+00:00,12864.7125
2025-07-29 13:45:00+00:00,12864.7125
2025-07-29 14:00:00+00:00,12864.7125
2025-07-29 14:15:00+00:00,12864.7125
2025-07-29 14:30:00+00:00,12864.7125
2025-07-29 14:45:00+00:00,12864.7125
2025-07-29 15:00:00+00:00,12864.7125
2025-07-29 15:15:00+00:00,12864.7125
2025-07-29 15:30:00+00:00,12864.7125
2025-07-29 15:45:00+00:00,12864.7125
2025-07-29 16:00:00+00:00,12864.7125
2025-07-29 16:15:00+00:00,12864.7125
2025-07-29 16:30:00+00:00,12864.7125
2025-07-29 16:45:00+00:00,12864.7125
2025-07-29 17:00:00+00:00,12864.7125
2025-07-29 17:15:00+00:00,12864.7125
2025-07-29 17:30:00+00:00,12864.7125
2025-07-29 17:45:00+00:00,12864.7125
2025-07-29 18:00:00+00:00,12864.7125
2025-07-29 18:15:00+00:00,12864.7125
2025-07-29 18:30:00+00:00,12864.7125
2025-07-29 18:45:00+00:00,12864.7125
2025-07-29 19:00:00+00:00,12864.7125
2025-07-29 19:15:00+00:00,12864.7125
2025-07-29 19:30:00+00:00,12864.7125
2025-07-29 19:45:00+00:00,12864.7125
2025-07-29 20:00:00+00:00,12864.7125
2025-07-29 20:15:00+00:00,12864.7125
2025-07-29 20:30:00+00:00,12864.7125
2025-07-29 20:45:00+00:00,12864.7125
2025-07-29 21:00:00+00:00,12864.7125
2025-07-29 21:15:00+00:00,12864.7125
2025-07-29 21:30:00+00:00,12864.7125
2025-07-29 21:45:00+00:00,12736.0654
2025-07-29 22:00:00+00:00,12736.0654
2025-07-29 22:15:00+00:00,12736.0654
2025-07-29 22:30:00+00:00,12736.0654
2025-07-29 22:45:00+00:00,12736.0654
2025-07-29 23:00:00+00:00,12736.0654
2025-07-29 23:15:00+00:00,12736.0654
2025-07-29 23:30:00+00:00,12736.0654
2025-07-29 23:45:00+00:00,12736.0654
2025-07-30 00:00:00+00:00,12736.0654
2025-07-30 00:15:00+00:00,12736.0654
2025-07-30 00:30:00+00:00,12736.0654
2025-07-30 00:45:00+00:00,12736.0654
2025-07-30 01:00:00+00:00,12736.0654
2025-07-30 01:15:00+00:00,12736.0654
2025-07-30 01:30:00+00:00,12736.0654
2025-07-30 01:45:00+00:00,12736.0654
2025-07-30 02:00:00+00:00,12736.0654
2025-07-30 02:15:00+00:00,12736.0654
2025-07-30 02:30:00+00:00,12736.0654
2025-07-30 02:45:00+00:00,12736.0654
2025-07-30 03:00:00+00:00,12736.0654
2025-07-30 03:15:00+00:00,12736.0654
2025-07-30 03:30:00+00:00,12736.0654
2025-07-30 03:45:00+00:00,12736.0654
2025-07-30 04:00:00+00:00,12736.0654
2025-07-30 04:15:00+00:00,12736.0654
2025-07-30 04:30:00+00:00,12736.0654
2025-07-30 04:45:00+00:00,12736.0654
2025-07-30 05:00:00+00:00,12736.0654
2025-07-30 05:15:00+00:00,12736.0654
2025-07-30 05:30:00+00:00,12736.0654
2025-07-30 05:45:00+00:00,12736.0654
2025-07-30 06:00:00+00:00,12736.0654
2025-07-30 06:15:00+00:00,12736.0654
2025-07-30 06:30:00+00:00,12736.0654
2025-07-30 06:45:00+00:00,12736.0654
2025-07-30 07:00:00+00:00,12736.0654
2025-07-30 07:15:00+00:00,12736.0654
2025-07-30 07:30:00+00:00,12736.0654
2025-07-30 07:45:00+00:00,12736.0654
2025-07-30 08:00:00+00:00,12736.0654
2025-07-30 08:15:00+00:00,12736.0654
2025-07-30 08:30:00+00:00,12736.0654
2025-07-30 08:45:00+00:00,12736.0654
2025-07-30 09:00:00+00:00,12736.0654
2025-07-30 09:15:00+00:00,12736.0654
2025-07-30 09:30:00+00:00,12736.0654
2025-07-30 09:45:00+00:00,12736.0654
2025-07-30 10:00:00+00:00,12736.0654
2025-07-30 10:15:00+00:00,12736.0654
2025-07-30 10:30:00+00:00,12736.0654
2025-07-30 10:45:00+00:00,12736.0654
2025-07-30 11:00:00+00:00,12736.0654
2025-07-30 11:15:00+00:00,12736.0654
2025-07-30 11:30:00+00:00,12736.0654
2025-07-30 11:45:00+00:00,12736.0654
2025-07-30 12:00:00+00:00,12736.0654
2025-07-30 12:15:00+00:00,12736.0654
2025-07-30 12:30:00+00:00,12736.0654
2025-07-30 12:45:00+00:00,12736.0654
2025-07-30 13:00:00+00:00,12736.0654
2025-07-30 13:15:00+00:00,12736.0654
2025-07-30 13:30:00+00:00,12736.0654
2025-07-30 13:45:00+00:00,12736.0654
2025-07-30 14:00:00+00:00,12736.0654
2025-07-30 14:15:00+00:00,12736.0654
2025-07-30 14:30:00+00:00,12736.0654
2025-07-30 14:45:00+00:00,12736.0654
2025-07-30 15:00:00+00:00,12736.0654
2025-07-30 15:15:00+00:00,12736.0654
2025-07-30 15:30:00+00:00,12736.0654
2025-07-30 15:45:00+00:00,12736.0654
2025-07-30 16:00:00+00:00,12736.0654
2025-07-30 16:15:00+00:00,12736.0654
2025-07-30 16:30:00+00:00,12736.0654
2025-07-30 16:45:00+00:00,12736.0654
2025-07-30 17:00:00+00:00,12736.0654
2025-07-30 17:15:00+00:00,12736.0654
2025-07-30 17:30:00+00:00,12736.0654
2025-07-30 17:45:00+00:00,12736.0654
2025-07-30 18:00:00+00:00,12736.0654
2025-07-30 18:15:00+00:00,12736.0654
2025-07-30 18:30:00+00:00,12736.0654
2025-07-30 18:45:00+00:00,12736.0654
2025-07-30 19:00:00+00:00,12736.0654
2025-07-30 19:15:00+00:00,12736.0654
2025-07-30 19:30:00+00:00,12736.0654
2025-07-30 19:45:00+00:00,12736.0654
2025-07-30 20:00:00+00:00,12736.0654
2025-07-30 20:15:00+00:00,12736.0654
2025-07-30 20:30:00+00:00,12736.0654
2025-07-30 20:45:00+00:00,12736.0654
2025-07-30 21:00:00+00:00,12736.0654
2025-07-30 21:15:00+00:00,12736.0654
2025-07-30 21:30:00+00:00,12736.0654
2025-07-30 21:45:00+00:00,12736.0654
2025-07-30 22:00:00+00:00,12736.0654
2025-07-30 22:15:00+00:00,12736.0654
2025-07-30 22:30:00+00:00,12736.0654
2025-07-30 22:45:00+00:00,12736.0654
2025-07-30 23:00:00+00:00,12736.0654
2025-07-30 23:15:00+00:00,12736.0654
2025-07-30 23:30:00+00:00,12736.0654
2025-07-30 23:45:00+00:00,12736.0654
2025-07-31 00:00:00+00:00,12736.0654
2025-07-31 00:15:00+00:00,12736.0654
2025-07-31 00:30:00+00:00,12736.0654
2025-07-31 00:45:00+00:00,12736.0654
2025-07-31 01:00:00+00:00,12736.0654
2025-07-31 01:15:00+00:00,12736.0654
2025-07-31 01:30:00+00:00,12736.0654
2025-07-31 01:45:00+00:00,12736.0654
2025-07-31 02:00:00+00:00,12736.0654
2025-07-31 02:15:00+00:00,12736.0654
2025-07-31 02:30:00+00:00,12736.0654
2025-07-31 02:45:00+00:00,12736.0654
2025-07-31 03:00:00+00:00,12736.0654
2025-07-31 03:15:00+00:00,12736.0654
2025-07-31 03:30:00+00:00,12736.0654
2025-07-31 03:45:00+00:00,12736.0654
2025-07-31 04:00:00+00:00,12736.0654
2025-07-31 04:15:00+00:00,12736.0654
2025-07-31 04:30:00+00:00,12736.0654
2025-07-31 04:45:00+00:00,12736.0654
2025-07-31 05:00:00+00:00,12736.0654
2025-07-31 05:15:00+00:00,12736.0654
2025-07-31 05:30:00+00:00,12736.0654
2025-07-31 05:45:00+00:00,12736.0654
2025-07-31 06:00:00+00:00,12736.0654
2025-07-31 06:15:00+00:00,12736.0654
2025-07-31 06:30:00+00:00,12736.0654
2025-07-31 06:45:00+00:00,12736.0654
2025-07-31 07:00:00+00:00,12736.0654
2025-07-31 07:15:00+00:00,12736.0654
2025-07-31 07:30:00+00:00,12736.0654
2025-07-31 07:45:00+00:00,12736.0654
2025-07-31 08:00:00+00:00,12736.0654
2025-07-31 08:15:00+00:00,12736.0654
2025-07-31 08:30:00+00:00,12736.0654
2025-07-31 08:45:00+00:00,12736.0654
2025-07-31 09:00:00+00:00,12736.0654
2025-07-31 09:15:00+00:00,12736.0654
2025-07-31 09:30:00+00:00,12736.0654
2025-07-31 09:45:00+00:00,12736.0654
2025-07-31 10:00:00+00:00,12736.0654
2025-07-31 10:15:00+00:00,12736.0654
2025-07-31 10:30:00+00:00,12736.0654
2025-07-31 10:45:00+00:00,12736.0654
2025-07-31 11:00:00+00:00,12736.0654
2025-07-31 11:15:00+00:00,12736.0654
2025-07-31 11:30:00+00:00,12736.0654
2025-07-31 11:45:00+00:00,12736.0654
2025-07-31 12:00:00+00:00,12736.0654
2025-07-31 12:15:00+00:00,12736.0654
2025-07-31 12:30:00+00:00,12736.0654
2025-07-31 12:45:00+00:00,12736.0654
2025-07-31 13:00:00+00:00,12736.0654
2025-07-31 13:15:00+00:00,12736.0654
2025-07-31 13:30:00+00:00,12736.0654
2025-07-31 13:45:00+00:00,12736.0654
2025-07-31 14:00:00+00:00,12736.0654
2025-07-31 14:15:00+00:00,12736.0654
2025-07-31 14:30:00+00:00,12736.0654
2025-07-31 14:45:00+00:00,12736.0654
2025-07-31 15:00:00+00:00,12736.0654
2025-07-31 15:15:00+00:00,12736.0654
2025-07-31 15:30:00+00:00,12736.0654
2025-07-31 15:45:00+00:00,12736.0654
2025-07-31 16:00:00+00:00,12736.0654
2025-07-31 16:15:00+00:00,12736.0654
2025-07-31 16:30:00+00:00,12736.0654
2025-07-31 16:45:00+00:00,12736.0654
2025-07-31 17:00:00+00:00,12736.0654
2025-07-31 17:15:00+00:00,12736.0654
2025-07-31 17:30:00+00:00,12736.0654
2025-07-31 17:45:00+00:00,12736.0654
2025-07-31 18:00:00+00:00,12736.0654
2025-07-31 18:15:00+00:00,12736.0654
2025-07-31 18:30:00+00:00,12736.0654
2025-07-31 18:45:00+00:00,12736.0654
2025-07-31 19:00:00+00:00,12736.0654
2025-07-31 19:15:00+00:00,12736.0654
2025-07-31 19:30:00+00:00,12736.0654
2025-07-31 19:45:00+00:00,12736.0654
2025-07-31 20:00:00+00:00,12736.0654
2025-07-31 20:15:00+00:00,12736.0654
2025-07-31 20:30:00+00:00,12736.0654
2025-07-31 20:45:00+00:00,12736.0654
2025-07-31 21:00:00+00:00,12736.0654
2025-07-31 21:15:00+00:00,12736.0654
2025-07-31 21:30:00+00:00,12736.0654
2025-07-31 21:45:00+00:00,12736.0654
2025-07-31 22:00:00+00:00,12736.0654
2025-07-31 22:15:00+00:00,12736.0654
2025-07-31 22:30:00+00:00,12736.0654
2025-07-31 22:45:00+00:00,12736.0654
2025-07-31 23:00:00+00:00,12736.0654
2025-07-31 23:15:00+00:00,12736.0654
2025-07-31 23:30:00+00:00,12736.0654
2025-07-31 23:45:00+00:00,12736.0654
2025-08-01 00:00:00+00:00,12736.0654
2025-08-01 00:15:00+00:00,12736.0654
2025-08-01 00:30:00+00:00,12736.0654
2025-08-01 00:45:00+00:00,12736.0654
2025-08-01 01:00:00+00:00,12736.0654
2025-08-01 01:15:00+00:00,12736.0654
2025-08-01 01:30:00+00:00,12736.0654
2025-08-01 01:45:00+00:00,12736.0654
2025-08-01 02:00:00+00:00,12736.0654
2025-08-01 02:15:00+00:00,12736.0654
2025-08-01 02:30:00+00:00,12736.0654
2025-08-01 02:45:00+00:00,12736.0654
2025-08-01 03:00:00+00:00,12736.0654
2025-08-01 03:15:00+00:00,12736.0654
2025-08-01 03:30:00+00:00,12736.0654
2025-08-01 03:45:00+00:00,12736.0654
2025-08-01 04:00:00+00:00,12736.0654
2025-08-01 04:15:00+00:00,12736.0654
2025-08-01 04:30:00+00:00,12736.0654
2025-08-01 04:45:00+00:00,12736.0654
2025-08-01 05:00:00+00:00,12736.0654
2025-08-01 05:15:00+00:00,12736.0654
2025-08-01 05:30:00+00:00,12736.0654
2025-08-01 05:45:00+00:00,12736.0654
2025-08-01 06:00:00+00:00,12736.0654
2025-08-01 06:15:00+00:00,12736.0654
2025-08-01 06:30:00+00:00,12736.0654
2025-08-01 06:45:00+00:00,12736.0654
2025-08-01 07:00:00+00:00,12736.0654
2025-08-01 07:15:00+00:00,12736.0654
2025-08-01 07:30:00+00:00,12736.0654
2025-08-01 07:45:00+00:00,12736.0654
2025-08-01 08:00:00+00:00,12736.0654
2025-08-01 08:15:00+00:00,12736.0654
2025-08-01 08:30:00+00:00,12736.0654
2025-08-01 08:45:00+00:00,12736.0654
2025-08-01 09:00:00+00:00,12736.0654
2025-08-01 09:15:00+00:00,12736.0654
2025-08-01 09:30:00+00:00,12736.0654
2025-08-01 09:45:00+00:00,12736.0654
2025-08-01 10:00:00+00:00,12736.0654
2025-08-01 10:15:00+00:00,12736.0654
2025-08-01 10:30:00+00:00,12736.0654
2025-08-01 10:45:00+00:00,12736.0654
2025-08-01 11:00:00+00:00,12736.0654
2025-08-01 11:15:00+00:00,12736.0654
2025-08-01 11:30:00+00:00,12736.0654
2025-08-01 11:45:00+00:00,12736.0654
2025-08-01 12:00:00+00:00,12736.0654
2025-08-01 12:15:00+00:00,12736.0654
2025-08-01 12:30:00+00:00,12736.0654
2025-08-01 12:45:00+00:00,12736.0654
2025-08-01 13:00:00+00:00,12736.0654
2025-08-01 13:15:00+00:00,12736.0654
2025-08-01 13:30:00+00:00,12736.0654
2025-08-01 13:45:00+00:00,12736.0654
2025-08-01 14:00:00+00:00,12736.0654
2025-08-01 14:15:00+00:00,12608.7047
2025-08-01 14:30:00+00:00,12608.7047
2025-08-01 14:45:00+00:00,12608.7047
2025-08-01 15:00:00+00:00,12608.7047
2025-08-01 15:15:00+00:00,12608.7047
2025-08-01 15:30:00+00:00,12608.7047
2025-08-01 15:45:00+00:00,12608.7047
2025-08-01 16:00:00+00:00,12608.7047
2025-08-01 16:15:00+00:00,12608.7047
2025-08-01 16:30:00+00:00,12608.7047
2025-08-01 16:45:00+00:00,12608.7047
2025-08-01 17:00:00+00:00,12860.8788
2025-08-01 17:15:00+00:00,12860.8788
2025-08-01 17:30:00+00:00,12860.8788
2025-08-01 17:45:00+00:00,12860.8788
2025-08-01 18:00:00+00:00,12860.8788
2025-08-01 18:15:00+00:00,12860.8788
2025-08-01 18:30:00+00:00,12860.8788
2025-08-01 18:45:00+00:00,12860.8788
2025-08-01 19:00:00+00:00,12860.8788
2025-08-01 19:15:00+00:00,12860.8788
2025-08-01 19:30:00+00:00,12860.8788
2025-08-01 19:45:00+00:00,12860.8788
2025-08-01 20:00:00+00:00,12860.8788
2025-08-01 20:15:00+00:00,12860.8788
2025-08-01 20:30:00+00:00,12860.8788
2025-08-01 20:45:00+00:00,12860.8788
2025-08-01 21:00:00+00:00,12860.8788
2025-08-01 21:15:00+00:00,12860.8788
2025-08-01 21:30:00+00:00,12860.8788
2025-08-01 21:45:00+00:00,12860.8788
2025-08-01 22:00:00+00:00,12860.8788
2025-08-01 22:15:00+00:00,12860.8788
2025-08-01 22:30:00+00:00,12860.8788
2025-08-01 22:45:00+00:00,12860.8788
2025-08-01 23:00:00+00:00,12860.8788
2025-08-01 23:15:00+00:00,12860.8788
2025-08-01 23:30:00+00:00,12860.8788
2025-08-01 23:45:00+00:00,12860.8788
2025-08-02 00:00:00+00:00,12860.8788
2025-08-02 00:15:00+00:00,12860.8788
2025-08-02 00:30:00+00:00,12860.8788
2025-08-02 00:45:00+00:00,12860.8788
2025-08-02 01:00:00+00:00,12860.8788
2025-08-02 01:15:00+00:00,12860.8788
2025-08-02 01:30:00+00:00,12860.8788
2025-08-02 01:45:00+00:00,12860.8788
2025-08-02 02:00:00+00:00,12860.8788
2025-08-02 02:15:00+00:00,12860.8788
2025-08-02 02:30:00+00:00,12860.8788
2025-08-02 02:45:00+00:00,12860.8788
2025-08-02 03:00:00+00:00,12860.8788
2025-08-02 03:15:00+00:00,12860.8788
2025-08-02 03:30:00+00:00,12860.8788
2025-08-02 03:45:00+00:00,12860.8788
2025-08-02 04:00:00+00:00,12860.8788
2025-08-02 04:15:00+00:00,12860.8788
2025-08-02 04:30:00+00:00,12860.8788
2025-08-02 04:45:00+00:00,12860.8788
2025-08-02 05:00:00+00:00,12860.8788
2025-08-02 05:15:00+00:00,12860.8788
2025-08-02 05:30:00+00:00,12860.8788
2025-08-02 05:45:00+00:00,12860.8788
2025-08-02 06:00:00+00:00,12860.8788
2025-08-02 06:15:00+00:00,12860.8788
2025-08-02 06:30:00+00:00,13118.0964
2025-08-02 06:45:00+00:00,13118.0964
2025-08-02 07:00:00+00:00,13118.0964
2025-08-02 07:15:00+00:00,13118.0964
2025-08-02 07:30:00+00:00,13118.0964
2025-08-02 07:45:00+00:00,13118.0964
2025-08-02 08:00:00+00:00,13118.0964
2025-08-02 08:15:00+00:00,13118.0964
2025-08-02 08:30:00+00:00,13118.0964
2025-08-02 08:45:00+00:00,13118.0964
2025-08-02 09:00:00+00:00,13118.0964
2025-08-02 09:15:00+00:00,13118.0964
2025-08-02 09:30:00+00:00,13118.0964
2025-08-02 09:45:00+00:00,13118.0964
2025-08-02 10:00:00+00:00,13118.0964
2025-08-02 10:15:00+00:00,13118.0964
2025-08-02 10:30:00+00:00,13118.0964
2025-08-02 10:45:00+00:00,13118.0964
2025-08-02 11:00:00+00:00,13118.0964
2025-08-02 11:15:00+00:00,13118.0964
2025-08-02 11:30:00+00:00,12986.9155
2025-08-02 11:45:00+00:00,12986.9155
2025-08-02 12:00:00+00:00,12986.9155
2025-08-02 12:15:00+00:00,12986.9155
2025-08-02 12:30:00+00:00,13246.6538
2025-08-02 12:45:00+00:00,13246.6538
2025-08-02 13:00:00+00:00,13246.6538
2025-08-02 13:15:00+00:00,13246.6538
2025-08-02 13:30:00+00:00,13246.6538
2025-08-02 13:45:00+00:00,13246.6538
2025-08-02 14:00:00+00:00,13246.6538
2025-08-02 14:15:00+00:00,13246.6538
2025-08-02 14:30:00+00:00,13511.5868
2025-08-02 14:45:00+00:00,13511.5868
2025-08-02 15:00:00+00:00,13511.5868
2025-08-02 15:15:00+00:00,13511.5868
2025-08-02 15:30:00+00:00,13511.5868
2025-08-02 15:45:00+00:00,13511.5868
2025-08-02 16:00:00+00:00,13511.5868
2025-08-02 16:15:00+00:00,13511.5868
2025-08-02 16:30:00+00:00,13511.5868
2025-08-02 16:45:00+00:00,13511.5868
2025-08-02 17:00:00+00:00,13511.5868
2025-08-02 17:15:00+00:00,13511.5868
2025-08-02 17:30:00+00:00,13511.5868
2025-08-02 17:45:00+00:00,13511.5868
2025-08-02 18:00:00+00:00,13511.5868
2025-08-02 18:15:00+00:00,13511.5868
2025-08-02 18:30:00+00:00,13511.5868
2025-08-02 18:45:00+00:00,13511.5868
2025-08-02 19:00:00+00:00,13511.5868
2025-08-02 19:15:00+00:00,13511.5868
2025-08-02 19:30:00+00:00,13511.5868
2025-08-02 19:45:00+00:00,13511.5868
2025-08-02 20:00:00+00:00,13511.5868
2025-08-02 20:15:00+00:00,13511.5868
2025-08-02 20:30:00+00:00,13511.5868
2025-08-02 20:45:00+00:00,13511.5868
2025-08-02 21:00:00+00:00,13511.5868
2025-08-02 21:15:00+00:00,13511.5868
2025-08-02 21:30:00+00:00,13511.5868
2025-08-02 21:45:00+00:00,13511.5868
2025-08-02 22:00:00+00:00,13511.5868
2025-08-02 22:15:00+00:00,13511.5868
2025-08-02 22:30:00+00:00,13376.471
2025-08-02 22:45:00+00:00,13376.471
2025-08-02 23:00:00+00:00,13376.471
2025-08-02 23:15:00+00:00,13376.471
2025-08-02 23:30:00+00:00,13376.471
2025-08-02 23:45:00+00:00,13376.471
2025-08-03 00:00:00+00:00,13376.471
2025-08-03 00:15:00+00:00,13376.471
2025-08-03 00:30:00+00:00,13644.0004
2025-08-03 00:45:00+00:00,13644.0004
2025-08-03 01:00:00+00:00,13644.0004
2025-08-03 01:15:00+00:00,13644.0004
2025-08-03 01:30:00+00:00,13644.0004
2025-08-03 01:45:00+00:00,13644.0004
2025-08-03 02:00:00+00:00,13644.0004
2025-08-03 02:15:00+00:00,13644.0004
2025-08-03 02:30:00+00:00,13644.0004
2025-08-03 02:45:00+00:00,13644.0004
2025-08-03 03:00:00+00:00,13644.0004
2025-08-03 03:15:00+00:00,13644.0004
2025-08-03 03:30:00+00:00,13644.0004
2025-08-03 03:45:00+00:00,13644.0004
2025-08-03 04:00:00+00:00,13644.0004
2025-08-03 04:15:00+00:00,13644.0004
2025-08-03 04:30:00+00:00,13644.0004
2025-08-03 04:45:00+00:00,13644.0004
2025-08-03 05:00:00+00:00,13644.0004
2025-08-03 05:15:00+00:00,13644.0004
2025-08-03 05:30:00+00:00,13507.5604
2025-08-03 05:45:00+00:00,13507.5604
2025-08-03 06:00:00+00:00,13507.5604
2025-08-03 06:15:00+00:00,13507.5604
2025-08-03 06:30:00+00:00,13507.5604
2025-08-03 06:45:00+00:00,13507.5604
2025-08-03 07:00:00+00:00,13507.5604
2025-08-03 07:15:00+00:00,13507.5604
2025-08-03 07:30:00+00:00,13507.5604
2025-08-03 07:45:00+00:00,13507.5604
2025-08-03 08:00:00+00:00,13507.5604
2025-08-03 08:15:00+00:00,13507.5604
2025-08-03 08:30:00+00:00,13507.5604
2025-08-03 08:45:00+00:00,13507.5604
2025-08-03 09:00:00+00:00,13507.5604
2025-08-03 09:15:00+00:00,13507.5604
2025-08-03 09:30:00+00:00,13507.5604
2025-08-03 09:45:00+00:00,13507.5604
2025-08-03 10:00:00+00:00,13507.5604
2025-08-03 10:15:00+00:00,13507.5604
2025-08-03 10:30:00+00:00,13507.5604
2025-08-03 10:45:00+00:00,13507.5604
2025-08-03 11:00:00+00:00,13507.5604
2025-08-03 11:15:00+00:00,13507.5604
2025-08-03 11:30:00+00:00,13507.5604
2025-08-03 11:45:00+00:00,13507.5604
2025-08-03 12:00:00+00:00,13507.5604
2025-08-03 12:15:00+00:00,13507.5604
2025-08-03 12:30:00+00:00,13507.5604
2025-08-03 12:45:00+00:00,13507.5604
2025-08-03 13:00:00+00:00,13507.5604
2025-08-03 13:15:00+00:00,13507.5604
2025-08-03 13:30:00+00:00,13507.5604
2025-08-03 13:45:00+00:00,13507.5604
2025-08-03 14:00:00+00:00,13507.5604
2025-08-03 14:15:00+00:00,13507.5604
2025-08-03 14:30:00+00:00,13507.5604
2025-08-03 14:45:00+00:00,13507.5604
2025-08-03 15:00:00+00:00,13507.5604
2025-08-03 15:15:00+00:00,13507.5604
2025-08-03 15:30:00+00:00,13507.5604
2025-08-03 15:45:00+00:00,13507.5604
2025-08-03 16:00:00+00:00,13507.5604
2025-08-03 16:15:00+00:00,13507.5604
2025-08-03 16:30:00+00:00,13507.5604
2025-08-03 16:45:00+00:00,13507.5604
2025-08-03 17:00:00+00:00,13507.5604
2025-08-03 17:15:00+00:00,13507.5604
2025-08-03 17:30:00+00:00,13507.5604
2025-08-03 17:45:00+00:00,13507.5604
2025-08-03 18:00:00+00:00,13507.5604
2025-08-03 18:15:00+00:00,13507.5604
2025-08-03 18:30:00+00:00,13507.5604
2025-08-03 18:45:00+00:00,13507.5604
2025-08-03 19:00:00+00:00,13507.5604
2025-08-03 19:15:00+00:00,13507.5604
2025-08-03 19:30:00+00:00,13507.5604
2025-08-03 19:45:00+00:00,13507.5604
2025-08-03 20:00:00+00:00,13507.5604
2025-08-03 20:15:00+00:00,13507.5604
2025-08-03 20:30:00+00:00,13507.5604
2025-08-03 20:45:00+00:00,13507.5604
2025-08-03 21:00:00+00:00,13507.5604
2025-08-03 21:15:00+00:00,13507.5604
2025-08-03 21:30:00+00:00,13507.5604
2025-08-03 21:45:00+00:00,13507.5604
2025-08-03 22:00:00+00:00,13507.5604
2025-08-03 22:15:00+00:00,13507.5604
2025-08-03 22:30:00+00:00,13507.5604
2025-08-03 22:45:00+00:00,13507.5604
2025-08-03 23:00:00+00:00,13507.5604
2025-08-03 23:15:00+00:00,13507.5604
2025-08-03 23:30:00+00:00,13507.5604
2025-08-03 23:45:00+00:00,13507.5604
2025-08-04 00:00:00+00:00,13507.5604
2025-08-04 00:15:00+00:00,13507.5604
2025-08-04 00:30:00+00:00,13507.5604
2025-08-04 00:45:00+00:00,13507.5604
2025-08-04 01:00:00+00:00,13507.5604
2025-08-04 01:15:00+00:00,13507.5604
2025-08-04 01:30:00+00:00,13507.5604
2025-08-04 01:45:00+00:00,13507.5604
2025-08-04 02:00:00+00:00,13372.4848
2025-08-04 02:15:00+00:00,13372.4848
2025-08-04 02:30:00+00:00,13372.4848
2025-08-04 02:45:00+00:00,13372.4848
2025-08-04 03:00:00+00:00,13372.4848
2025-08-04 03:15:00+00:00,13372.4848
2025-08-04 03:30:00+00:00,13372.4848
2025-08-04 03:45:00+00:00,13372.4848
2025-08-04 04:00:00+00:00,13372.4848
2025-08-04 04:15:00+00:00,13372.4848
2025-08-04 04:30:00+00:00,13372.4848
2025-08-04 04:45:00+00:00,13372.4848
2025-08-04 05:00:00+00:00,13372.4848
2025-08-04 05:15:00+00:00,13372.4848
2025-08-04 05:30:00+00:00,13372.4848
2025-08-04 05:45:00+00:00,13372.4848
2025-08-04 06:00:00+00:00,13372.4848
2025-08-04 06:15:00+00:00,13372.4848
2025-08-04 06:30:00+00:00,13372.4848
2025-08-04 06:45:00+00:00,13372.4848
2025-08-04 07:00:00+00:00,13372.4848
2025-08-04 07:15:00+00:00,13372.4848
2025-08-04 07:30:00+00:00,13372.4848
2025-08-04 07:45:00+00:00,13372.4848
2025-08-04 08:00:00+00:00,13372.4848
2025-08-04 08:15:00+00:00,13372.4848
2025-08-04 08:30:00+00:00,13372.4848
2025-08-04 08:45:00+00:00,13372.4848
2025-08-04 09:00:00+00:00,13372.4848
2025-08-04 09:15:00+00:00,13372.4848
2025-08-04 09:30:00+00:00,13372.4848
2025-08-04 09:45:00+00:00,13372.4848
2025-08-04 10:00:00+00:00,13372.4848
2025-08-04 10:15:00+00:00,13372.4848
2025-08-04 10:30:00+00:00,13372.4848
2025-08-04 10:45:00+00:00,13372.4848
2025-08-04 11:00:00+00:00,13372.4848
2025-08-04 11:15:00+00:00,13372.4848
2025-08-04 11:30:00+00:00,13372.4848
2025-08-04 11:45:00+00:00,13372.4848
2025-08-04 12:00:00+00:00,13372.4848
2025-08-04 12:15:00+00:00,13372.4848
2025-08-04 12:30:00+00:00,13372.4848
2025-08-04 12:45:00+00:00,13372.4848
2025-08-04 13:00:00+00:00,13372.4848
2025-08-04 13:15:00+00:00,13372.4848
2025-08-04 13:30:00+00:00,13372.4848
2025-08-04 13:45:00+00:00,13372.4848
2025-08-04 14:00:00+00:00,13372.4848
2025-08-04 14:15:00+00:00,13372.4848
2025-08-04 14:30:00+00:00,13372.4848
2025-08-04 14:45:00+00:00,13372.4848
2025-08-04 15:00:00+00:00,13372.4848
2025-08-04 15:15:00+00:00,13372.4848
2025-08-04 15:30:00+00:00,13238.7599
2025-08-04 15:45:00+00:00,13238.7599
2025-08-04 16:00:00+00:00,13238.7599
2025-08-04 16:15:00+00:00,13238.7599
2025-08-04 16:30:00+00:00,13238.7599
2025-08-04 16:45:00+00:00,13503.5351
2025-08-04 17:00:00+00:00,13503.5351
2025-08-04 17:15:00+00:00,13503.5351
2025-08-04 17:30:00+00:00,13503.5351
2025-08-04 17:45:00+00:00,13503.5351
2025-08-04 18:00:00+00:00,13503.5351
2025-08-04 18:15:00+00:00,13503.5351
2025-08-04 18:30:00+00:00,13503.5351
2025-08-04 18:45:00+00:00,13503.5351
2025-08-04 19:00:00+00:00,13503.5351
2025-08-04 19:15:00+00:00,13503.5351
2025-08-04 19:30:00+00:00,13503.5351
2025-08-04 19:45:00+00:00,13503.5351
2025-08-04 20:00:00+00:00,13503.5351
2025-08-04 20:15:00+00:00,13503.5351
2025-08-04 20:30:00+00:00,13503.5351
2025-08-04 20:45:00+00:00,13503.5351
2025-08-04 21:00:00+00:00,13503.5351
2025-08-04 21:15:00+00:00,13503.5351
2025-08-04 21:30:00+00:00,13503.5351
2025-08-04 21:45:00+00:00,13503.5351
2025-08-04 22:00:00+00:00,13503.5351
2025-08-04 22:15:00+00:00,13503.5351
2025-08-04 22:30:00+00:00,13503.5351
2025-08-04 22:45:00+00:00,13503.5351
2025-08-04 23:00:00+00:00,13503.5351
2025-08-04 23:15:00+00:00,13503.5351
2025-08-04 23:30:00+00:00,13503.5351
2025-08-04 23:45:00+00:00,13503.5351
2025-08-05 00:00:00+00:00,13503.5351
2025-08-05 00:15:00+00:00,13503.5351
2025-08-05 00:30:00+00:00,13503.5351
2025-08-05 00:45:00+00:00,13503.5351
2025-08-05 01:00:00+00:00,13503.5351
2025-08-05 01:15:00+00:00,13503.5351
2025-08-05 01:30:00+00:00,13503.5351
2025-08-05 01:45:00+00:00,13368.4998
2025-08-05 02:00:00+00:00,13368.4998
2025-08-05 02:15:00+00:00,13368.4998
2025-08-05 02:30:00+00:00,13368.4998
2025-08-05 02:45:00+00:00,13368.4998
2025-08-05 03:00:00+00:00,13368.4998
2025-08-05 03:15:00+00:00,13368.4998
2025-08-05 03:30:00+00:00,13368.4998
2025-08-05 03:45:00+00:00,13368.4998
2025-08-05 04:00:00+00:00,13368.4998
2025-08-05 04:15:00+00:00,13368.4998
2025-08-05 04:30:00+00:00,13368.4998
2025-08-05 04:45:00+00:00,13368.4998
2025-08-05 05:00:00+00:00,13368.4998
2025-08-05 05:15:00+00:00,13368.4998
2025-08-05 05:30:00+00:00,13368.4998
2025-08-05 05:45:00+00:00,13368.4998
2025-08-05 06:00:00+00:00,13368.4998
2025-08-05 06:15:00+00:00,13368.4998
2025-08-05 06:30:00+00:00,13368.4998
2025-08-05 06:45:00+00:00,13368.4998
2025-08-05 07:00:00+00:00,13368.4998
2025-08-05 07:15:00+00:00,13368.4998
2025-08-05 07:30:00+00:00,13368.4998
2025-08-05 07:45:00+00:00,13368.4998
2025-08-05 08:00:00+00:00,13368.4998
2025-08-05 08:15:00+00:00,13368.4998
2025-08-05 08:30:00+00:00,13368.4998
2025-08-05 08:45:00+00:00,13368.4998
2025-08-05 09:00:00+00:00,13368.4998
2025-08-05 09:15:00+00:00,13368.4998
2025-08-05 09:30:00+00:00,13368.4998
2025-08-05 09:45:00+00:00,13368.4998
2025-08-05 10:00:00+00:00,13368.4998
2025-08-05 10:15:00+00:00,13368.4998
2025-08-05 10:30:00+00:00,13368.4998
2025-08-05 10:45:00+00:00,13368.4998
2025-08-05 11:00:00+00:00,13368.4998
2025-08-05 11:15:00+00:00,13368.4998
2025-08-05 11:30:00+00:00,13368.4998
2025-08-05 11:45:00+00:00,13368.4998
2025-08-05 12:00:00+00:00,13368.4998
2025-08-05 12:15:00+00:00,13368.4998
2025-08-05 12:30:00+00:00,13368.4998
2025-08-05 12:45:00+00:00,13368.4998
2025-08-05 13:00:00+00:00,13368.4998
2025-08-05 13:15:00+00:00,13368.4998
2025-08-05 13:30:00+00:00,13368.4998
2025-08-05 13:45:00+00:00,13368.4998
2025-08-05 14:00:00+00:00,13368.4998
2025-08-05 14:15:00+00:00,13368.4998
2025-08-05 14:30:00+00:00,13368.4998
2025-08-05 14:45:00+00:00,13368.4998
2025-08-05 15:00:00+00:00,13368.4998
2025-08-05 15:15:00+00:00,13368.4998
2025-08-05 15:30:00+00:00,13368.4998
2025-08-05 15:45:00+00:00,13368.4998
2025-08-05 16:00:00+00:00,13368.4998
2025-08-05 16:15:00+00:00,13368.4998
2025-08-05 16:30:00+00:00,13368.4998
2025-08-05 16:45:00+00:00,13368.4998
2025-08-05 17:00:00+00:00,13368.4998
2025-08-05 17:15:00+00:00,13368.4998
2025-08-05 17:30:00+00:00,13368.4998
2025-08-05 17:45:00+00:00,13368.4998
2025-08-05 18:00:00+00:00,13368.4998
2025-08-05 18:15:00+00:00,13368.4998
2025-08-05 18:30:00+00:00,13368.4998
2025-08-05 18:45:00+00:00,13368.4998
2025-08-05 19:00:00+00:00,13368.4998
2025-08-05 19:15:00+00:00,13368.4998
2025-08-05 19:30:00+00:00,13368.4998
2025-08-05 19:45:00+00:00,13368.4998
2025-08-05 20:00:00+00:00,13368.4998
2025-08-05 20:15:00+00:00,13368.4998
2025-08-05 20:30:00+00:00,13368.4998
2025-08-05 20:45:00+00:00,13368.4998
2025-08-05 21:00:00+00:00,13368.4998
2025-08-05 21:15:00+00:00,13368.4998
2025-08-05 21:30:00+00:00,13368.4998
2025-08-05 21:45:00+00:00,13368.4998
2025-08-05 22:00:00+00:00,13234.8148
2025-08-05 22:15:00+00:00,13234.8148
2025-08-05 22:30:00+00:00,13234.8148
2025-08-05 22:45:00+00:00,13234.8148
2025-08-05 23:00:00+00:00,13234.8148
2025-08-05 23:15:00+00:00,13234.8148
2025-08-05 23:30:00+00:00,13234.8148
2025-08-05 23:45:00+00:00,13234.8148
2025-08-06 00:00:00+00:00,13234.8148
2025-08-06 00:15:00+00:00,13234.8148
2025-08-06 00:30:00+00:00,13234.8148
2025-08-06 00:45:00+00:00,13234.8148
2025-08-06 01:00:00+00:00,13234.8148
2025-08-06 01:15:00+00:00,13234.8148
2025-08-06 01:30:00+00:00,13234.8148
2025-08-06 01:45:00+00:00,13234.8148
2025-08-06 02:00:00+00:00,13234.8148
2025-08-06 02:15:00+00:00,13234.8148
2025-08-06 02:30:00+00:00,13234.8148
2025-08-06 02:45:00+00:00,13234.8148
2025-08-06 03:00:00+00:00,13234.8148
2025-08-06 03:15:00+00:00,13234.8148
2025-08-06 03:30:00+00:00,13234.8148
2025-08-06 03:45:00+00:00,13234.8148
2025-08-06 04:00:00+00:00,13234.8148
2025-08-06 04:15:00+00:00,13234.8148
2025-08-06 04:30:00+00:00,13234.8148
2025-08-06 04:45:00+00:00,13234.8148
2025-08-06 05:00:00+00:00,13102.4666
2025-08-06 05:15:00+00:00,13102.4666
2025-08-06 05:30:00+00:00,13102.4666
2025-08-06 05:45:00+00:00,13102.4666
2025-08-06 06:00:00+00:00,13102.4666
2025-08-06 06:15:00+00:00,13102.4666
2025-08-06 06:30:00+00:00,13102.4666
2025-08-06 06:45:00+00:00,13102.4666
2025-08-06 07:00:00+00:00,13102.4666
2025-08-06 07:15:00+00:00,13102.4666
2025-08-06 07:30:00+00:00,13102.4666
2025-08-06 07:45:00+00:00,13102.4666
2025-08-06 08:00:00+00:00,13102.4666
2025-08-06 08:15:00+00:00,13102.4666
2025-08-06 08:30:00+00:00,13102.4666
2025-08-06 08:45:00+00:00,13102.4666
2025-08-06 09:00:00+00:00,13102.4666
2025-08-06 09:15:00+00:00,13102.4666
2025-08-06 09:30:00+00:00,13102.4666
2025-08-06 09:45:00+00:00,13102.4666
2025-08-06 10:00:00+00:00,13102.4666
2025-08-06 10:15:00+00:00,13102.4666
2025-08-06 10:30:00+00:00,13102.4666
2025-08-06 10:45:00+00:00,13102.4666
2025-08-06 11:00:00+00:00,13102.4666
2025-08-06 11:15:00+00:00,13102.4666
2025-08-06 11:30:00+00:00,13102.4666
2025-08-06 11:45:00+00:00,13102.4666
2025-08-06 12:00:00+00:00,13102.4666
2025-08-06 12:15:00+00:00,13102.4666
2025-08-06 12:30:00+00:00,13102.4666
2025-08-06 12:45:00+00:00,13102.4666
2025-08-06 13:00:00+00:00,13102.4666
2025-08-06 13:15:00+00:00,13102.4666
2025-08-06 13:30:00+00:00,13102.4666
2025-08-06 13:45:00+00:00,13102.4666
2025-08-06 14:00:00+00:00,13102.4666
2025-08-06 14:15:00+00:00,13102.4666
2025-08-06 14:30:00+00:00,13102.4666
2025-08-06 14:45:00+00:00,13102.4666
2025-08-06 15:00:00+00:00,13102.4666
2025-08-06 15:15:00+00:00,13102.4666
2025-08-06 15:30:00+00:00,13102.4666
2025-08-06 15:45:00+00:00,13102.4666
2025-08-06 16:00:00+00:00,13102.4666
2025-08-06 16:15:00+00:00,13102.4666
2025-08-06 16:30:00+00:00,13102.4666
2025-08-06 16:45:00+00:00,13102.4666
2025-08-06 17:00:00+00:00,13102.4666
2025-08-06 17:15:00+00:00,13102.4666
2025-08-06 17:30:00+00:00,13102.4666
2025-08-06 17:45:00+00:00,13102.4666
2025-08-06 18:00:00+00:00,13102.4666
2025-08-06 18:15:00+00:00,13102.4666
2025-08-06 18:30:00+00:00,13102.4666
2025-08-06 18:45:00+00:00,13102.4666
2025-08-06 19:00:00+00:00,13102.4666
2025-08-06 19:15:00+00:00,13102.4666
2025-08-06 19:30:00+00:00,13102.4666
2025-08-06 19:45:00+00:00,13102.4666
2025-08-06 20:00:00+00:00,13102.4666
2025-08-06 20:15:00+00:00,13102.4666
2025-08-06 20:30:00+00:00,13102.4666
2025-08-06 20:45:00+00:00,13102.4666
2025-08-06 21:00:00+00:00,13102.4666
2025-08-06 21:15:00+00:00,13102.4666
2025-08-06 21:30:00+00:00,13102.4666
2025-08-06 21:45:00+00:00,13102.4666
2025-08-06 22:00:00+00:00,13102.4666
2025-08-06 22:15:00+00:00,12971.442
2025-08-06 22:30:00+00:00,12971.442
2025-08-06 22:45:00+00:00,12971.442
2025-08-06 23:00:00+00:00,12971.442
2025-08-06 23:15:00+00:00,12971.442
2025-08-06 23:30:00+00:00,12971.442
2025-08-06 23:45:00+00:00,12971.442
2025-08-07 00:00:00+00:00,12971.442
2025-08-07 00:15:00+00:00,12971.442
2025-08-07 00:30:00+00:00,12971.442
2025-08-07 00:45:00+00:00,12971.442
2025-08-07 01:00:00+00:00,12971.442
2025-08-07 01:15:00+00:00,12971.442
2025-08-07 01:30:00+00:00,12971.442
2025-08-07 01:45:00+00:00,12971.442
2025-08-07 02:00:00+00:00,12971.442
2025-08-07 02:15:00+00:00,12971.442
2025-08-07 02:30:00+00:00,12971.442
2025-08-07 02:45:00+00:00,12971.442
2025-08-07 03:00:00+00:00,12971.442
2025-08-07 03:15:00+00:00,12971.442
2025-08-07 03:30:00+00:00,12971.442
2025-08-07 03:45:00+00:00,12971.442
2025-08-07 04:00:00+00:00,12971.442
2025-08-07 04:15:00+00:00,12971.442
2025-08-07 04:30:00+00:00,12971.442
2025-08-07 04:45:00+00:00,12971.442
2025-08-07 05:00:00+00:00,12971.442
2025-08-07 05:15:00+00:00,12971.442
2025-08-07 05:30:00+00:00,12971.442
2025-08-07 05:45:00+00:00,12971.442
2025-08-07 06:00:00+00:00,12971.442
2025-08-07 06:15:00+00:00,12971.442
2025-08-07 06:30:00+00:00,12971.442
2025-08-07 06:45:00+00:00,12971.442
2025-08-07 07:00:00+00:00,12971.442
2025-08-07 07:15:00+00:00,12971.442
2025-08-07 07:30:00+00:00,12971.442
2025-08-07 07:45:00+00:00,12971.442
2025-08-07 08:00:00+00:00,12971.442
2025-08-07 08:15:00+00:00,12971.442
2025-08-07 08:30:00+00:00,12971.442
2025-08-07 08:45:00+00:00,12971.442
2025-08-07 09:00:00+00:00,12971.442
2025-08-07 09:15:00+00:00,12971.442
2025-08-07 09:30:00+00:00,12971.442
2025-08-07 09:45:00+00:00,12971.442
2025-08-07 10:00:00+00:00,12971.442
2025-08-07 10:15:00+00:00,12971.442
2025-08-07 10:30:00+00:00,12971.442
2025-08-07 10:45:00+00:00,13230.8708
2025-08-07 11:00:00+00:00,13230.8708
2025-08-07 11:15:00+00:00,13495.4882
2025-08-07 11:30:00+00:00,13495.4882
2025-08-07 11:45:00+00:00,13495.4882
2025-08-07 12:00:00+00:00,13495.4882
2025-08-07 12:15:00+00:00,13495.4882
2025-08-07 12:30:00+00:00,13495.4882
2025-08-07 12:45:00+00:00,13495.4882
2025-08-07 13:00:00+00:00,13495.4882
2025-08-07 13:15:00+00:00,13495.4882
2025-08-07 13:30:00+00:00,13495.4882
2025-08-07 13:45:00+00:00,13495.4882
2025-08-07 14:00:00+00:00,13495.4882
2025-08-07 14:15:00+00:00,13495.4882
2025-08-07 14:30:00+00:00,13495.4882
2025-08-07 14:45:00+00:00,13495.4882
2025-08-07 15:00:00+00:00,13495.4882
2025-08-07 15:15:00+00:00,13495.4882
2025-08-07 15:30:00+00:00,13495.4882
2025-08-07 15:45:00+00:00,13495.4882
2025-08-07 16:00:00+00:00,13495.4882
2025-08-07 16:15:00+00:00,13495.4882
2025-08-07 16:30:00+00:00,13495.4882
2025-08-07 16:45:00+00:00,13495.4882
2025-08-07 17:00:00+00:00,13495.4882
2025-08-07 17:15:00+00:00,13495.4882
2025-08-07 17:30:00+00:00,13495.4882
2025-08-07 17:45:00+00:00,13495.4882
2025-08-07 18:00:00+00:00,13360.5333
2025-08-07 18:15:00+00:00,13360.5333
2025-08-07 18:30:00+00:00,13360.5333
2025-08-07 18:45:00+00:00,13360.5333
2025-08-07 19:00:00+00:00,13360.5333
2025-08-07 19:15:00+00:00,13360.5333
2025-08-07 19:30:00+00:00,13360.5333
2025-08-07 19:45:00+00:00,13360.5333
2025-08-07 20:00:00+00:00,13360.5333
2025-08-07 20:15:00+00:00,13360.5333
2025-08-07 20:30:00+00:00,13360.5333
2025-08-07 20:45:00+00:00,13360.5333
2025-08-07 21:00:00+00:00,13360.5333
2025-08-07 21:15:00+00:00,13360.5333
2025-08-07 21:30:00+00:00,13360.5333
2025-08-07 21:45:00+00:00,13360.5333
2025-08-07 22:00:00+00:00,13360.5333
2025-08-07 22:15:00+00:00,13360.5333
2025-08-07 22:30:00+00:00,13360.5333
2025-08-07 22:45:00+00:00,13360.5333
2025-08-07 23:00:00+00:00,13360.5333
2025-08-07 23:15:00+00:00,13360.5333
2025-08-07 23:30:00+00:00,13360.5333
2025-08-07 23:45:00+00:00,13360.5333
2025-08-08 00:00:00+00:00,13360.5333
2025-08-08 00:15:00+00:00,13360.5333
2025-08-08 00:30:00+00:00,13360.5333
2025-08-08 00:45:00+00:00,13360.5333
2025-08-08 01:00:00+00:00,13360.5333
2025-08-08 01:15:00+00:00,13360.5333
2025-08-08 01:30:00+00:00,13360.5333
2025-08-08 01:45:00+00:00,13360.5333
2025-08-08 02:00:00+00:00,13360.5333
2025-08-08 02:15:00+00:00,13360.5333
2025-08-08 02:30:00+00:00,13360.5333
2025-08-08 02:45:00+00:00,13360.5333
2025-08-08 03:00:00+00:00,13360.5333
2025-08-08 03:15:00+00:00,13360.5333
2025-08-08 03:30:00+00:00,13360.5333
2025-08-08 03:45:00+00:00,13360.5333
2025-08-08 04:00:00+00:00,13226.928
2025-08-08 04:15:00+00:00,13226.928
2025-08-08 04:30:00+00:00,13226.928
2025-08-08 04:45:00+00:00,13226.928
2025-08-08 05:00:00+00:00,13226.928
2025-08-08 05:15:00+00:00,13226.928
2025-08-08 05:30:00+00:00,13226.928
2025-08-08 05:45:00+00:00,13226.928
2025-08-08 06:00:00+00:00,13226.928
2025-08-08 06:15:00+00:00,13226.928
2025-08-08 06:30:00+00:00,13226.928
2025-08-08 06:45:00+00:00,13226.928
2025-08-08 07:00:00+00:00,13094.6587
2025-08-08 07:15:00+00:00,13094.6587
2025-08-08 07:30:00+00:00,13094.6587
2025-08-08 07:45:00+00:00,13094.6587
2025-08-08 08:00:00+00:00,13094.6587
2025-08-08 08:15:00+00:00,13094.6587
2025-08-08 08:30:00+00:00,12963.7121
2025-08-08 08:45:00+00:00,12963.7121
2025-08-08 09:00:00+00:00,12963.7121
2025-08-08 09:15:00+00:00,12963.7121
2025-08-08 09:30:00+00:00,12963.7121
2025-08-08 09:45:00+00:00,12963.7121
2025-08-08 10:00:00+00:00,12963.7121
2025-08-08 10:15:00+00:00,12834.075
2025-08-08 10:30:00+00:00,12834.075
2025-08-08 10:45:00+00:00,12834.075
2025-08-08 11:00:00+00:00,12834.075
2025-08-08 11:15:00+00:00,12834.075
2025-08-08 11:30:00+00:00,12834.075
2025-08-08 11:45:00+00:00,12834.075
2025-08-08 12:00:00+00:00,12834.075
2025-08-08 12:15:00+00:00,12834.075
2025-08-08 12:30:00+00:00,12834.075
2025-08-08 12:45:00+00:00,12705.7343
2025-08-08 13:00:00+00:00,12705.7343
2025-08-08 13:15:00+00:00,12705.7343
2025-08-08 13:30:00+00:00,12578.6769
2025-08-08 13:45:00+00:00,12578.6769
2025-08-08 14:00:00+00:00,12578.6769
2025-08-08 14:15:00+00:00,12578.6769
2025-08-08 14:30:00+00:00,12578.6769
2025-08-08 14:45:00+00:00,12578.6769
2025-08-08 15:00:00+00:00,12578.6769
2025-08-08 15:15:00+00:00,12578.6769
2025-08-08 15:30:00+00:00,12578.6769
2025-08-08 15:45:00+00:00,12578.6769
2025-08-08 16:00:00+00:00,12578.6769
2025-08-08 16:15:00+00:00,12578.6769
2025-08-08 16:30:00+00:00,12578.6769
2025-08-08 16:45:00+00:00,12578.6769
2025-08-08 17:00:00+00:00,12578.6769
2025-08-08 17:15:00+00:00,12578.6769
2025-08-08 17:30:00+00:00,12578.6769
2025-08-08 17:45:00+00:00,12578.6769
2025-08-08 18:00:00+00:00,12578.6769
2025-08-08 18:15:00+00:00,12578.6769
2025-08-08 18:30:00+00:00,12578.6769
2025-08-08 18:45:00+00:00,12578.6769
2025-08-08 19:00:00+00:00,12578.6769
2025-08-08 19:15:00+00:00,12578.6769
2025-08-08 19:30:00+00:00,12578.6769
2025-08-08 19:45:00+00:00,12578.6769
2025-08-08 20:00:00+00:00,12578.6769
2025-08-08 20:15:00+00:00,12578.6769
2025-08-08 20:30:00+00:00,12578.6769
2025-08-08 20:45:00+00:00,12578.6769
2025-08-08 21:00:00+00:00,12578.6769
2025-08-08 21:15:00+00:00,12578.6769
2025-08-08 21:30:00+00:00,12452.8902
2025-08-08 21:45:00+00:00,12452.8902
2025-08-08 22:00:00+00:00,12452.8902
2025-08-08 22:15:00+00:00,12452.8902
2025-08-08 22:30:00+00:00,12452.8902
2025-08-08 22:45:00+00:00,12452.8902
2025-08-08 23:00:00+00:00,12452.8902
2025-08-08 23:15:00+00:00,12452.8902
2025-08-08 23:30:00+00:00,12452.8902
2025-08-08 23:45:00+00:00,12452.8902
2025-08-09 00:00:00+00:00,12452.8902
2025-08-09 00:15:00+00:00,12452.8902
2025-08-09 00:30:00+00:00,12452.8902
2025-08-09 00:45:00+00:00,12452.8902
2025-08-09 01:00:00+00:00,12452.8902
2025-08-09 01:15:00+00:00,12452.8902
2025-08-09 01:30:00+00:00,12452.8902
2025-08-09 01:45:00+00:00,12452.8902
2025-08-09 02:00:00+00:00,12452.8902
2025-08-09 02:15:00+00:00,12452.8902
2025-08-09 02:30:00+00:00,12452.8902
2025-08-09 02:45:00+00:00,12452.8902
2025-08-09 03:00:00+00:00,12452.8902
2025-08-09 03:15:00+00:00,12452.8902
2025-08-09 03:30:00+00:00,12452.8902
2025-08-09 03:45:00+00:00,12452.8902
2025-08-09 04:00:00+00:00,12452.8902
2025-08-09 04:15:00+00:00,12452.8902
2025-08-09 04:30:00+00:00,12452.8902
2025-08-09 04:45:00+00:00,12452.8902
2025-08-09 05:00:00+00:00,12452.8902
2025-08-09 05:15:00+00:00,12452.8902
2025-08-09 05:30:00+00:00,12452.8902
2025-08-09 05:45:00+00:00,12452.8902
2025-08-09 06:00:00+00:00,12452.8902
2025-08-09 06:15:00+00:00,12452.8902
2025-08-09 06:30:00+00:00,12452.8902
2025-08-09 06:45:00+00:00,12452.8902
2025-08-09 07:00:00+00:00,12452.8902
2025-08-09 07:15:00+00:00,12452.8902
2025-08-09 07:30:00+00:00,12452.8902
2025-08-09 07:45:00+00:00,12452.8902
2025-08-09 08:00:00+00:00,12452.8902
2025-08-09 08:15:00+00:00,12452.8902
2025-08-09 08:30:00+00:00,12452.8902
2025-08-09 08:45:00+00:00,12452.8902
2025-08-09 09:00:00+00:00,12452.8902
2025-08-09 09:15:00+00:00,12452.8902
2025-08-09 09:30:00+00:00,12452.8902
2025-08-09 09:45:00+00:00,12452.8902
2025-08-09 10:00:00+00:00,12452.8902
2025-08-09 10:15:00+00:00,12452.8902
2025-08-09 10:30:00+00:00,12452.8902
2025-08-09 10:45:00+00:00,12452.8902
2025-08-09 11:00:00+00:00,12452.8902
2025-08-09 11:15:00+00:00,12452.8902
2025-08-09 11:30:00+00:00,12452.8902
2025-08-09 11:45:00+00:00,12452.8902
2025-08-09 12:00:00+00:00,12452.8902
2025-08-09 12:15:00+00:00,12452.8902
2025-08-09 12:30:00+00:00,12328.3613
2025-08-09 12:45:00+00:00,12328.3613
2025-08-09 13:00:00+00:00,12328.3613
2025-08-09 13:15:00+00:00,12328.3613
2025-08-09 13:30:00+00:00,12328.3613
2025-08-09 13:45:00+00:00,12328.3613
2025-08-09 14:00:00+00:00,12328.3613
2025-08-09 14:15:00+00:00,12328.3613
2025-08-09 14:30:00+00:00,12328.3613
2025-08-09 14:45:00+00:00,12328.3613
2025-08-09 15:00:00+00:00,12328.3613
2025-08-09 15:15:00+00:00,12328.3613
2025-08-09 15:30:00+00:00,12328.3613
2025-08-09 15:45:00+00:00,12328.3613
2025-08-09 16:00:00+00:00,12328.3613
2025-08-09 16:15:00+00:00,12328.3613
2025-08-09 16:30:00+00:00,12328.3613
2025-08-09 16:45:00+00:00,12328.3613
2025-08-09 17:00:00+00:00,12328.3613
2025-08-09 17:15:00+00:00,12328.3613
2025-08-09 17:30:00+00:00,12328.3613
2025-08-09 17:45:00+00:00,12328.3613
2025-08-09 18:00:00+00:00,12328.3613
2025-08-09 18:15:00+00:00,12328.3613
2025-08-09 18:30:00+00:00,12328.3613
2025-08-09 18:45:00+00:00,12328.3613
2025-08-09 19:00:00+00:00,12328.3613
2025-08-09 19:15:00+00:00,12328.3613
2025-08-09 19:30:00+00:00,12328.3613
2025-08-09 19:45:00+00:00,12328.3613
2025-08-09 20:00:00+00:00,12328.3613
2025-08-09 20:15:00+00:00,12328.3613
2025-08-09 20:30:00+00:00,12328.3613
2025-08-09 20:45:00+00:00,12328.3613
2025-08-09 21:00:00+00:00,12328.3613
2025-08-09 21:15:00+00:00,12328.3613
2025-08-09 21:30:00+00:00,12328.3613
2025-08-09 21:45:00+00:00,12328.3613
2025-08-09 22:00:00+00:00,12328.3613
2025-08-09 22:15:00+00:00,12328.3613
2025-08-09 22:30:00+00:00,12328.3613
2025-08-09 22:45:00+00:00,12328.3613
2025-08-09 23:00:00+00:00,12328.3613
2025-08-09 23:15:00+00:00,12328.3613
2025-08-09 23:30:00+00:00,12328.3613
2025-08-09 23:45:00+00:00,12328.3613
2025-08-10 00:00:00+00:00,12328.3613
2025-08-10 00:15:00+00:00,12328.3613
2025-08-10 00:30:00+00:00,12328.3613
2025-08-10 00:45:00+00:00,12328.3613
2025-08-10 01:00:00+00:00,12328.3613
2025-08-10 01:15:00+00:00,12328.3613
2025-08-10 01:30:00+00:00,12328.3613
2025-08-10 01:45:00+00:00,12328.3613
2025-08-10 02:00:00+00:00,12328.3613
2025-08-10 02:15:00+00:00,12328.3613
2025-08-10 02:30:00+00:00,12328.3613
2025-08-10 02:45:00+00:00,12328.3613
2025-08-10 03:00:00+00:00,12328.3613
2025-08-10 03:15:00+00:00,12328.3613
2025-08-10 03:30:00+00:00,12328.3613
2025-08-10 03:45:00+00:00,12328.3613
2025-08-10 04:00:00+00:00,12328.3613
2025-08-10 04:15:00+00:00,12328.3613
2025-08-10 04:30:00+00:00,12328.3613
2025-08-10 04:45:00+00:00,12328.3613
2025-08-10 05:00:00+00:00,12328.3613
2025-08-10 05:15:00+00:00,12328.3613
2025-08-10 05:30:00+00:00,12328.3613
2025-08-10 05:45:00+00:00,12328.3613
2025-08-10 06:00:00+00:00,12328.3613
2025-08-10 06:15:00+00:00,12328.3613
2025-08-10 06:30:00+00:00,12328.3613
2025-08-10 06:45:00+00:00,12328.3613
2025-08-10 07:00:00+00:00,12328.3613
2025-08-10 07:15:00+00:00,12328.3613
2025-08-10 07:30:00+00:00,12328.3613
2025-08-10 07:45:00+00:00,12328.3613
2025-08-10 08:00:00+00:00,12328.3613
2025-08-10 08:15:00+00:00,12328.3613
2025-08-10 08:30:00+00:00,12328.3613
2025-08-10 08:45:00+00:00,12574.9285
2025-08-10 09:00:00+00:00,12574.9285
2025-08-10 09:15:00+00:00,12574.9285
2025-08-10 09:30:00+00:00,12574.9285
2025-08-10 09:45:00+00:00,12574.9285
2025-08-10 10:00:00+00:00,12574.9285
2025-08-10 10:15:00+00:00,12574.9285
2025-08-10 10:30:00+00:00,12574.9285
2025-08-10 10:45:00+00:00,12574.9285
2025-08-10 11:00:00+00:00,12574.9285
2025-08-10 11:15:00+00:00,12574.9285
2025-08-10 11:30:00+00:00,12574.9285
2025-08-10 11:45:00+00:00,12574.9285
2025-08-10 12:00:00+00:00,12574.9285
2025-08-10 12:15:00+00:00,12574.9285
2025-08-10 12:30:00+00:00,12574.9285
2025-08-10 12:45:00+00:00,12574.9285
2025-08-10 13:00:00+00:00,12574.9285
2025-08-10 13:15:00+00:00,12574.9285
2025-08-10 13:30:00+00:00,12574.9285
2025-08-10 13:45:00+00:00,12574.9285
2025-08-10 14:00:00+00:00,12574.9285
2025-08-10 14:15:00+00:00,12574.9285
2025-08-10 14:30:00+00:00,12574.9285
2025-08-10 14:45:00+00:00,12574.9285
2025-08-10 15:00:00+00:00,12574.9285
2025-08-10 15:15:00+00:00,12574.9285
2025-08-10 15:30:00+00:00,12574.9285
2025-08-10 15:45:00+00:00,12574.9285
2025-08-10 16:00:00+00:00,12574.9285
2025-08-10 16:15:00+00:00,12574.9285
2025-08-10 16:30:00+00:00,12574.9285
2025-08-10 16:45:00+00:00,12574.9285
2025-08-10 17:00:00+00:00,12574.9285
2025-08-10 17:15:00+00:00,12574.9285
2025-08-10 17:30:00+00:00,12574.9285
2025-08-10 17:45:00+00:00,12574.9285
2025-08-10 18:00:00+00:00,12574.9285
2025-08-10 18:15:00+00:00,12574.9285
2025-08-10 18:30:00+00:00,12574.9285
2025-08-10 18:45:00+00:00,12574.9285
2025-08-10 19:00:00+00:00,12574.9285
2025-08-10 19:15:00+00:00,12574.9285
2025-08-10 19:30:00+00:00,12574.9285
2025-08-10 19:45:00+00:00,12574.9285
2025-08-10 20:00:00+00:00,12574.9285
2025-08-10 20:15:00+00:00,12574.9285
2025-08-10 20:30:00+00:00,12574.9285
2025-08-10 20:45:00+00:00,12574.9285
2025-08-10 21:00:00+00:00,12574.9285
2025-08-10 21:15:00+00:00,12574.9285
2025-08-10 21:30:00+00:00,12574.9285
2025-08-10 21:45:00+00:00,12574.9285
2025-08-10 22:00:00+00:00,12574.9285
2025-08-10 22:15:00+00:00,12574.9285
2025-08-10 22:30:00+00:00,12574.9285
2025-08-10 22:45:00+00:00,12574.9285
2025-08-10 23:00:00+00:00,12574.9285
2025-08-10 23:15:00+00:00,12574.9285
2025-08-10 23:30:00+00:00,12574.9285
2025-08-10 23:45:00+00:00,12574.9285
2025-08-11 00:00:00+00:00,12574.9285
2025-08-11 00:15:00+00:00,12574.9285
2025-08-11 00:30:00+00:00,12574.9285
2025-08-11 00:45:00+00:00,12574.9285
2025-08-11 01:00:00+00:00,12574.9285
2025-08-11 01:15:00+00:00,12574.9285
2025-08-11 01:30:00+00:00,12826.4271
2025-08-11 01:45:00+00:00,12826.4271
2025-08-11 02:00:00+00:00,12826.4271
2025-08-11 02:15:00+00:00,12826.4271
2025-08-11 02:30:00+00:00,12826.4271
2025-08-11 02:45:00+00:00,12826.4271
2025-08-11 03:00:00+00:00,12826.4271
2025-08-11 03:15:00+00:00,12826.4271
2025-08-11 03:30:00+00:00,12826.4271
2025-08-11 03:45:00+00:00,12826.4271
2025-08-11 04:00:00+00:00,12826.4271
2025-08-11 04:15:00+00:00,12826.4271
2025-08-11 04:30:00+00:00,12826.4271
2025-08-11 04:45:00+00:00,12826.4271
2025-08-11 05:00:00+00:00,12826.4271
2025-08-11 05:15:00+00:00,12826.4271
2025-08-11 05:30:00+00:00,12826.4271
2025-08-11 05:45:00+00:00,12826.4271
2025-08-11 06:00:00+00:00,12826.4271
2025-08-11 06:15:00+00:00,12826.4271
2025-08-11 06:30:00+00:00,12826.4271
2025-08-11 06:45:00+00:00,12826.4271
2025-08-11 07:00:00+00:00,12826.4271
2025-08-11 07:15:00+00:00,12826.4271
2025-08-11 07:30:00+00:00,12826.4271
2025-08-11 07:45:00+00:00,12826.4271
2025-08-11 08:00:00+00:00,12826.4271
2025-08-11 08:15:00+00:00,12826.4271
2025-08-11 08:30:00+00:00,12826.4271
2025-08-11 08:45:00+00:00,12826.4271
2025-08-11 09:00:00+00:00,12826.4271
2025-08-11 09:15:00+00:00,12826.4271
2025-08-11 09:30:00+00:00,12826.4271
2025-08-11 09:45:00+00:00,12826.4271
2025-08-11 10:00:00+00:00,12826.4271
2025-08-11 10:15:00+00:00,12826.4271
2025-08-11 10:30:00+00:00,12826.4271
2025-08-11 10:45:00+00:00,12826.4271
2025-08-11 11:00:00+00:00,12826.4271
2025-08-11 11:15:00+00:00,12826.4271
2025-08-11 11:30:00+00:00,12826.4271
2025-08-11 11:45:00+00:00,12826.4271
2025-08-11 12:00:00+00:00,12826.4271
2025-08-11 12:15:00+00:00,12826.4271
2025-08-11 12:30:00+00:00,12826.4271
2025-08-11 12:45:00+00:00,12826.4271
2025-08-11 13:00:00+00:00,12826.4271
2025-08-11 13:15:00+00:00,12826.4271
2025-08-11 13:30:00+00:00,12826.4271
2025-08-11 13:45:00+00:00,12826.4271
2025-08-11 14:00:00+00:00,12826.4271
2025-08-11 14:15:00+00:00,12826.4271
2025-08-11 14:30:00+00:00,12826.4271
2025-08-11 14:45:00+00:00,12826.4271
2025-08-11 15:00:00+00:00,12826.4271
2025-08-11 15:15:00+00:00,12826.4271
2025-08-11 15:30:00+00:00,12826.4271
2025-08-11 15:45:00+00:00,12826.4271
2025-08-11 16:00:00+00:00,12826.4271
2025-08-11 16:15:00+00:00,12826.4271
2025-08-11 16:30:00+00:00,12826.4271
2025-08-11 16:45:00+00:00,12826.4271
2025-08-11 17:00:00+00:00,12826.4271
2025-08-11 17:15:00+00:00,12826.4271
2025-08-11 17:30:00+00:00,12826.4271
2025-08-11 17:45:00+00:00,12826.4271
2025-08-11 18:00:00+00:00,12826.4271
2025-08-11 18:15:00+00:00,12826.4271
2025-08-11 18:30:00+00:00,12826.4271
2025-08-11 18:45:00+00:00,12826.4271
2025-08-11 19:00:00+00:00,12826.4271
2025-08-11 19:15:00+00:00,12826.4271
2025-08-11 19:30:00+00:00,12826.4271
2025-08-11 19:45:00+00:00,13082.9556
2025-08-11 20:00:00+00:00,13082.9556
2025-08-11 20:15:00+00:00,13082.9556
2025-08-11 20:30:00+00:00,13082.9556
2025-08-11 20:45:00+00:00,13082.9556
2025-08-11 21:00:00+00:00,13082.9556
2025-08-11 21:15:00+00:00,13082.9556
2025-08-11 21:30:00+00:00,13082.9556
2025-08-11 21:45:00+00:00,13082.9556
2025-08-11 22:00:00+00:00,13082.9556
2025-08-11 22:15:00+00:00,13082.9556
2025-08-11 22:30:00+00:00,13082.9556
2025-08-11 22:45:00+00:00,13082.9556
2025-08-11 23:00:00+00:00,13082.9556
2025-08-11 23:15:00+00:00,13082.9556
2025-08-11 23:30:00+00:00,13082.9556
2025-08-11 23:45:00+00:00,13082.9556
2025-08-12 00:00:00+00:00,13082.9556
2025-08-12 00:15:00+00:00,13082.9556
2025-08-12 00:30:00+00:00,13082.9556
2025-08-12 00:45:00+00:00,13082.9556
2025-08-12 01:00:00+00:00,13082.9556
2025-08-12 01:15:00+00:00,13082.9556
2025-08-12 01:30:00+00:00,13082.9556
2025-08-12 01:45:00+00:00,13082.9556
2025-08-12 02:00:00+00:00,13082.9556
2025-08-12 02:15:00+00:00,13082.9556
2025-08-12 02:30:00+00:00,13082.9556
2025-08-12 02:45:00+00:00,13082.9556
2025-08-12 03:00:00+00:00,13082.9556
2025-08-12 03:15:00+00:00,13082.9556
2025-08-12 03:30:00+00:00,13082.9556
2025-08-12 03:45:00+00:00,13082.9556
2025-08-12 04:00:00+00:00,13082.9556
2025-08-12 04:15:00+00:00,13082.9556
2025-08-12 04:30:00+00:00,13082.9556
2025-08-12 04:45:00+00:00,13082.9556
2025-08-12 05:00:00+00:00,13082.9556
2025-08-12 05:15:00+00:00,13082.9556
2025-08-12 05:30:00+00:00,13082.9556
2025-08-12 05:45:00+00:00,13082.9556
2025-08-12 06:00:00+00:00,13082.9556
2025-08-12 06:15:00+00:00,13082.9556
2025-08-12 06:30:00+00:00,13082.9556
2025-08-12 06:45:00+00:00,13082.9556
2025-08-12 07:00:00+00:00,13082.9556
2025-08-12 07:15:00+00:00,13082.9556
2025-08-12 07:30:00+00:00,13082.9556
2025-08-12 07:45:00+00:00,13082.9556
2025-08-12 08:00:00+00:00,13082.9556
2025-08-12 08:15:00+00:00,13082.9556
2025-08-12 08:30:00+00:00,13082.9556
2025-08-12 08:45:00+00:00,13082.9556
2025-08-12 09:00:00+00:00,13082.9556
2025-08-12 09:15:00+00:00,13082.9556
2025-08-12 09:30:00+00:00,13082.9556
2025-08-12 09:45:00+00:00,13082.9556
2025-08-12 10:00:00+00:00,13082.9556
2025-08-12 10:15:00+00:00,13082.9556
2025-08-12 10:30:00+00:00,13082.9556
2025-08-12 10:45:00+00:00,13082.9556
2025-08-12 11:00:00+00:00,13082.9556
2025-08-12 11:15:00+00:00,13082.9556
2025-08-12 11:30:00+00:00,13082.9556
2025-08-12 11:45:00+00:00,13082.9556
2025-08-12 12:00:00+00:00,13082.9556
2025-08-12 12:15:00+00:00,13082.9556
2025-08-12 12:30:00+00:00,13082.9556
2025-08-12 12:45:00+00:00,13082.9556
2025-08-12 13:00:00+00:00,13082.9556
2025-08-12 13:15:00+00:00,13082.9556
2025-08-12 13:30:00+00:00,13082.9556
2025-08-12 13:45:00+00:00,13082.9556
2025-08-12 14:00:00+00:00,13082.9556
2025-08-12 14:15:00+00:00,13082.9556
2025-08-12 14:30:00+00:00,13082.9556
2025-08-12 14:45:00+00:00,13082.9556
2025-08-12 15:00:00+00:00,13082.9556
2025-08-12 15:15:00+00:00,13082.9556
2025-08-12 15:30:00+00:00,13082.9556
2025-08-12 15:45:00+00:00,13082.9556
2025-08-12 16:00:00+00:00,13082.9556
2025-08-12 16:15:00+00:00,13082.9556
2025-08-12 16:30:00+00:00,13082.9556
2025-08-12 16:45:00+00:00,13082.9556
2025-08-12 17:00:00+00:00,13082.9556
2025-08-12 17:15:00+00:00,13082.9556
2025-08-12 17:30:00+00:00,13082.9556
2025-08-12 17:45:00+00:00,13082.9556
2025-08-12 18:00:00+00:00,13082.9556
2025-08-12 18:15:00+00:00,13082.9556
2025-08-12 18:30:00+00:00,13082.9556
2025-08-12 18:45:00+00:00,12952.126
2025-08-12 19:00:00+00:00,12952.126
2025-08-12 19:15:00+00:00,12952.126
2025-08-12 19:30:00+00:00,12952.126
2025-08-12 19:45:00+00:00,12952.126
2025-08-12 20:00:00+00:00,12822.6048
2025-08-12 20:15:00+00:00,12822.6048
2025-08-12 20:30:00+00:00,12822.6048
2025-08-12 20:45:00+00:00,12822.6048
2025-08-12 21:00:00+00:00,12822.6048
2025-08-12 21:15:00+00:00,12822.6048
2025-08-12 21:30:00+00:00,12822.6048
2025-08-12 21:45:00+00:00,12694.3787
2025-08-12 22:00:00+00:00,12694.3787
2025-08-12 22:15:00+00:00,12694.3787
2025-08-12 22:30:00+00:00,12694.3787
2025-08-12 22:45:00+00:00,12694.3787
2025-08-12 23:00:00+00:00,12694.3787
2025-08-12 23:15:00+00:00,12694.3787
2025-08-12 23:30:00+00:00,12567.4349
2025-08-12 23:45:00+00:00,12567.4349
2025-08-13 00:00:00+00:00,12567.4349
2025-08-13 00:15:00+00:00,12567.4349
2025-08-13 00:30:00+00:00,12567.4349
2025-08-13 00:45:00+00:00,12567.4349
2025-08-13 01:00:00+00:00,12567.4349
2025-08-13 01:15:00+00:00,12567.4349
2025-08-13 01:30:00+00:00,12567.4349
2025-08-13 01:45:00+00:00,12567.4349
2025-08-13 02:00:00+00:00,12567.4349
2025-08-13 02:15:00+00:00,12567.4349
2025-08-13 02:30:00+00:00,12567.4349
2025-08-13 02:45:00+00:00,12567.4349
2025-08-13 03:00:00+00:00,12567.4349
2025-08-13 03:15:00+00:00,12567.4349
2025-08-13 03:30:00+00:00,12567.4349
2025-08-13 03:45:00+00:00,12567.4349
2025-08-13 04:00:00+00:00,12567.4349
2025-08-13 04:15:00+00:00,12567.4349
2025-08-13 04:30:00+00:00,12567.4349
2025-08-13 04:45:00+00:00,12567.4349
2025-08-13 05:00:00+00:00,12567.4349
2025-08-13 05:15:00+00:00,12567.4349
2025-08-13 05:30:00+00:00,12567.4349
2025-08-13 05:45:00+00:00,12567.4349
2025-08-13 06:00:00+00:00,12567.4349
2025-08-13 06:15:00+00:00,12567.4349
2025-08-13 06:30:00+00:00,12567.4349
2025-08-13 06:45:00+00:00,12567.4349
2025-08-13 07:00:00+00:00,12567.4349
2025-08-13 07:15:00+00:00,12567.4349
2025-08-13 07:30:00+00:00,12567.4349
2025-08-13 07:45:00+00:00,12567.4349
2025-08-13 08:00:00+00:00,12567.4349
2025-08-13 08:15:00+00:00,12567.4349
2025-08-13 08:30:00+00:00,12567.4349
2025-08-13 08:45:00+00:00,12567.4349
2025-08-13 09:00:00+00:00,12567.4349
2025-08-13 09:15:00+00:00,12567.4349
2025-08-13 09:30:00+00:00,12567.4349
2025-08-13 09:45:00+00:00,12567.4349
2025-08-13 10:00:00+00:00,12567.4349
2025-08-13 10:15:00+00:00,12567.4349
2025-08-13 10:30:00+00:00,12567.4349
2025-08-13 10:45:00+00:00,12567.4349
2025-08-13 11:00:00+00:00,12567.4349
2025-08-13 11:15:00+00:00,12567.4349
2025-08-13 11:30:00+00:00,12567.4349
2025-08-13 11:45:00+00:00,12567.4349
2025-08-13 12:00:00+00:00,12567.4349
2025-08-13 12:15:00+00:00,12567.4349
2025-08-13 12:30:00+00:00,12567.4349
2025-08-13 12:45:00+00:00,12567.4349
2025-08-13 13:00:00+00:00,12567.4349
2025-08-13 13:15:00+00:00,12567.4349
2025-08-13 13:30:00+00:00,12567.4349
2025-08-13 13:45:00+00:00,12818.7836
2025-08-13 14:00:00+00:00,12818.7836
2025-08-13 14:15:00+00:00,12690.5958
2025-08-13 14:30:00+00:00,12690.5958
2025-08-13 14:45:00+00:00,12690.5958
2025-08-13 15:00:00+00:00,12690.5958
2025-08-13 15:15:00+00:00,12690.5958
2025-08-13 15:30:00+00:00,12690.5958
2025-08-13 15:45:00+00:00,12690.5958
2025-08-13 16:00:00+00:00,12690.5958
2025-08-13 16:15:00+00:00,12690.5958
2025-08-13 16:30:00+00:00,12690.5958
2025-08-13 16:45:00+00:00,12690.5958
2025-08-13 17:00:00+00:00,12690.5958
2025-08-13 17:15:00+00:00,12690.5958
2025-08-13 17:30:00+00:00,12690.5958
2025-08-13 17:45:00+00:00,12690.5958
2025-08-13 18:00:00+00:00,12690.5958
2025-08-13 18:15:00+00:00,12690.5958
2025-08-13 18:30:00+00:00,12690.5958
2025-08-13 18:45:00+00:00,12690.5958
2025-08-13 19:00:00+00:00,12690.5958
2025-08-13 19:15:00+00:00,12690.5958
2025-08-13 19:30:00+00:00,12690.5958
2025-08-13 19:45:00+00:00,12944.4077
2025-08-13 20:00:00+00:00,12944.4077
2025-08-13 20:15:00+00:00,12944.4077
2025-08-13 20:30:00+00:00,12944.4077
2025-08-13 20:45:00+00:00,12944.4077
2025-08-13 21:00:00+00:00,12944.4077
2025-08-13 21:15:00+00:00,12944.4077
2025-08-13 21:30:00+00:00,12944.4077
2025-08-13 21:45:00+00:00,12944.4077
2025-08-13 22:00:00+00:00,12944.4077
2025-08-13 22:15:00+00:00,12944.4077
2025-08-13 22:30:00+00:00,12944.4077
2025-08-13 22:45:00+00:00,12944.4077
2025-08-13 23:00:00+00:00,12944.4077
2025-08-13 23:15:00+00:00,12944.4077
2025-08-13 23:30:00+00:00,12944.4077
2025-08-13 23:45:00+00:00,12944.4077
2025-08-14 00:00:00+00:00,12944.4077
2025-08-14 00:15:00+00:00,12944.4077
2025-08-14 00:30:00+00:00,12944.4077
2025-08-14 00:45:00+00:00,12944.4077
2025-08-14 01:00:00+00:00,12944.4077
2025-08-14 01:15:00+00:00,12944.4077
2025-08-14 01:30:00+00:00,12944.4077
2025-08-14 01:45:00+00:00,12944.4077
2025-08-14 02:00:00+00:00,12944.4077
2025-08-14 02:15:00+00:00,12944.4077
2025-08-14 02:30:00+00:00,12944.4077
2025-08-14 02:45:00+00:00,12944.4077
2025-08-14 03:00:00+00:00,12944.4077
2025-08-14 03:15:00+00:00,12944.4077
2025-08-14 03:30:00+00:00,12944.4077
2025-08-14 03:45:00+00:00,12944.4077
2025-08-14 04:00:00+00:00,12944.4077
2025-08-14 04:15:00+00:00,12944.4077
2025-08-14 04:30:00+00:00,12944.4077
2025-08-14 04:45:00+00:00,12944.4077
2025-08-14 05:00:00+00:00,12944.4077
2025-08-14 05:15:00+00:00,12944.4077
2025-08-14 05:30:00+00:00,12944.4077
2025-08-14 05:45:00+00:00,12944.4077
2025-08-14 06:00:00+00:00,12944.4077
2025-08-14 06:15:00+00:00,12944.4077
2025-08-14 06:30:00+00:00,12944.4077
2025-08-14 06:45:00+00:00,12944.4077
2025-08-14 07:00:00+00:00,12944.4077
2025-08-14 07:15:00+00:00,12944.4077
2025-08-14 07:30:00+00:00,12944.4077
2025-08-14 07:45:00+00:00,12814.9636
2025-08-14 08:00:00+00:00,12814.9636
2025-08-14 08:15:00+00:00,12814.9636
2025-08-14 08:30:00+00:00,12686.814
2025-08-14 08:45:00+00:00,12686.814
2025-08-14 09:00:00+00:00,12686.814
2025-08-14 09:15:00+00:00,12686.814
2025-08-14 09:30:00+00:00,12686.814
2025-08-14 09:45:00+00:00,12686.814
2025-08-14 10:00:00+00:00,12686.814
2025-08-14 10:15:00+00:00,12686.814
2025-08-14 10:30:00+00:00,12686.814
2025-08-14 10:45:00+00:00,12686.814
2025-08-14 11:00:00+00:00,12686.814
2025-08-14 11:15:00+00:00,12686.814
2025-08-14 11:30:00+00:00,12686.814
2025-08-14 11:45:00+00:00,12686.814
2025-08-14 12:00:00+00:00,12686.814
2025-08-14 12:15:00+00:00,12686.814
2025-08-14 12:30:00+00:00,12686.814
2025-08-14 12:45:00+00:00,12686.814
2025-08-14 13:00:00+00:00,12686.814
2025-08-14 13:15:00+00:00,12686.814
2025-08-14 13:30:00+00:00,12686.814
2025-08-14 13:45:00+00:00,12686.814
2025-08-14 14:00:00+00:00,12686.814
2025-08-14 14:15:00+00:00,12686.814
2025-08-14 14:30:00+00:00,12686.814
2025-08-14 14:45:00+00:00,12686.814
2025-08-14 15:00:00+00:00,12686.814
2025-08-14 15:15:00+00:00,12686.814
2025-08-14 15:30:00+00:00,12686.814
2025-08-14 15:45:00+00:00,12686.814
2025-08-14 16:00:00+00:00,12686.814
2025-08-14 16:15:00+00:00,12686.814
2025-08-14 16:30:00+00:00,12686.814
2025-08-14 16:45:00+00:00,12686.814
2025-08-14 17:00:00+00:00,12686.814
2025-08-14 17:15:00+00:00,12686.814
2025-08-14 17:30:00+00:00,12686.814
2025-08-14 17:45:00+00:00,12686.814
2025-08-14 18:00:00+00:00,12686.814
2025-08-14 18:15:00+00:00,12686.814
2025-08-14 18:30:00+00:00,12686.814
2025-08-14 18:45:00+00:00,12686.814
2025-08-14 19:00:00+00:00,12686.814
2025-08-14 19:15:00+00:00,12686.814
2025-08-14 19:30:00+00:00,12686.814
2025-08-14 19:45:00+00:00,12686.814
2025-08-14 20:00:00+00:00,12686.814
2025-08-14 20:15:00+00:00,12686.814
2025-08-14 20:30:00+00:00,12686.814
2025-08-14 20:45:00+00:00,12686.814
2025-08-14 21:00:00+00:00,12686.814
2025-08-14 21:15:00+00:00,12686.814
2025-08-14 21:30:00+00:00,12686.814
2025-08-14 21:45:00+00:00,12686.814
2025-08-14 22:00:00+00:00,12686.814
2025-08-14 22:15:00+00:00,12686.814
2025-08-14 22:30:00+00:00,12686.814
2025-08-14 22:45:00+00:00,12686.814
2025-08-14 23:00:00+00:00,12686.814
2025-08-14 23:15:00+00:00,12686.814
2025-08-14 23:30:00+00:00,12686.814
2025-08-14 23:45:00+00:00,12686.814
2025-08-15 00:00:00+00:00,12686.814
2025-08-15 00:15:00+00:00,12686.814
2025-08-15 00:30:00+00:00,12686.814
2025-08-15 00:45:00+00:00,12686.814
2025-08-15 01:00:00+00:00,12686.814
2025-08-15 01:15:00+00:00,12686.814
2025-08-15 01:30:00+00:00,12686.814
2025-08-15 01:45:00+00:00,12686.814
2025-08-15 02:00:00+00:00,12686.814
2025-08-15 02:15:00+00:00,12686.814
2025-08-15 02:30:00+00:00,12686.814
2025-08-15 02:45:00+00:00,12686.814
2025-08-15 03:00:00+00:00,12686.814
2025-08-15 03:15:00+00:00,12686.814
2025-08-15 03:30:00+00:00,12686.814
2025-08-15 03:45:00+00:00,12686.814
2025-08-15 04:00:00+00:00,12686.814
2025-08-15 04:15:00+00:00,12686.814
2025-08-15 04:30:00+00:00,12686.814
2025-08-15 04:45:00+00:00,12686.814
2025-08-15 05:00:00+00:00,12686.814
2025-08-15 05:15:00+00:00,12686.814
2025-08-15 05:30:00+00:00,12686.814
2025-08-15 05:45:00+00:00,12686.814
2025-08-15 06:00:00+00:00,12686.814
2025-08-15 06:15:00+00:00,12686.814
2025-08-15 06:30:00+00:00,12559.9459
2025-08-15 06:45:00+00:00,12559.9459
2025-08-15 07:00:00+00:00,12559.9459
2025-08-15 07:15:00+00:00,12811.1448
2025-08-15 07:30:00+00:00,12811.1448
2025-08-15 07:45:00+00:00,12811.1448
2025-08-15 08:00:00+00:00,12811.1448
2025-08-15 08:15:00+00:00,12811.1448
2025-08-15 08:30:00+00:00,12811.1448
2025-08-15 08:45:00+00:00,12811.1448
2025-08-15 09:00:00+00:00,12811.1448
2025-08-15 09:15:00+00:00,12811.1448
2025-08-15 09:30:00+00:00,12811.1448
2025-08-15 09:45:00+00:00,12811.1448
2025-08-15 10:00:00+00:00,12811.1448
2025-08-15 10:15:00+00:00,12811.1448
2025-08-15 10:30:00+00:00,12811.1448
2025-08-15 10:45:00+00:00,12811.1448
2025-08-15 11:00:00+00:00,12811.1448
2025-08-15 11:15:00+00:00,12811.1448
2025-08-15 11:30:00+00:00,12811.1448
2025-08-15 11:45:00+00:00,12811.1448
2025-08-15 12:00:00+00:00,12811.1448
2025-08-15 12:15:00+00:00,12811.1448
2025-08-15 12:30:00+00:00,12811.1448
2025-08-15 12:45:00+00:00,12811.1448
2025-08-15 13:00:00+00:00,13067.3677
2025-08-15 13:15:00+00:00,13067.3677
2025-08-15 13:30:00+00:00,13067.3677
2025-08-15 13:45:00+00:00,13067.3677
2025-08-15 14:00:00+00:00,13067.3677
2025-08-15 14:15:00+00:00,13067.3677
2025-08-15 14:30:00+00:00,13067.3677
2025-08-15 14:45:00+00:00,13067.3677
2025-08-15 15:00:00+00:00,13328.715
2025-08-15 15:15:00+00:00,13328.715
2025-08-15 15:30:00+00:00,13328.715
2025-08-15 15:45:00+00:00,13328.715
2025-08-15 16:00:00+00:00,13328.715
2025-08-15 16:15:00+00:00,13328.715
2025-08-15 16:30:00+00:00,13328.715
2025-08-15 16:45:00+00:00,13328.715
2025-08-15 17:00:00+00:00,13328.715
2025-08-15 17:15:00+00:00,13328.715
2025-08-15 17:30:00+00:00,13328.715
2025-08-15 17:45:00+00:00,13328.715
2025-08-15 18:00:00+00:00,13328.715
2025-08-15 18:15:00+00:00,13328.715
2025-08-15 18:30:00+00:00,13328.715
2025-08-15 18:45:00+00:00,13328.715
2025-08-15 19:00:00+00:00,13328.715
2025-08-15 19:15:00+00:00,13328.715
2025-08-15 19:30:00+00:00,13328.715
2025-08-15 19:45:00+00:00,13328.715
2025-08-15 20:00:00+00:00,13328.715
2025-08-15 20:15:00+00:00,13328.715
2025-08-15 20:30:00+00:00,13328.715
2025-08-15 20:45:00+00:00,13328.715
2025-08-15 21:00:00+00:00,13328.715
2025-08-15 21:15:00+00:00,13328.715
2025-08-15 21:30:00+00:00,13328.715
2025-08-15 21:45:00+00:00,13328.715
2025-08-15 22:00:00+00:00,13328.715
2025-08-15 22:15:00+00:00,13328.715
2025-08-15 22:30:00+00:00,13328.715
2025-08-15 22:45:00+00:00,13328.715
2025-08-15 23:00:00+00:00,13328.715
2025-08-15 23:15:00+00:00,13328.715
2025-08-15 23:30:00+00:00,13328.715
2025-08-15 23:45:00+00:00,13328.715
2025-08-16 00:00:00+00:00,13328.715
2025-08-16 00:15:00+00:00,13328.715
2025-08-16 00:30:00+00:00,13328.715
2025-08-16 00:45:00+00:00,13195.4279
2025-08-16 01:00:00+00:00,13195.4279
2025-08-16 01:15:00+00:00,13195.4279
2025-08-16 01:30:00+00:00,13195.4279
2025-08-16 01:45:00+00:00,13195.4279
2025-08-16 02:00:00+00:00,13195.4279
2025-08-16 02:15:00+00:00,13195.4279
2025-08-16 02:30:00+00:00,13195.4279
2025-08-16 02:45:00+00:00,13195.4279
2025-08-16 03:00:00+00:00,13195.4279
2025-08-16 03:15:00+00:00,13195.4279
2025-08-16 03:30:00+00:00,13195.4279
2025-08-16 03:45:00+00:00,13195.4279
2025-08-16 04:00:00+00:00,13195.4279
2025-08-16 04:15:00+00:00,13063.4736
2025-08-16 04:30:00+00:00,13063.4736
2025-08-16 04:45:00+00:00,12932.8389
2025-08-16 05:00:00+00:00,12932.8389
2025-08-16 05:15:00+00:00,12932.8389
2025-08-16 05:30:00+00:00,12932.8389
2025-08-16 05:45:00+00:00,12932.8389
2025-08-16 06:00:00+00:00,13191.4956
2025-08-16 06:15:00+00:00,13191.4956
2025-08-16 06:30:00+00:00,13191.4956
2025-08-16 06:45:00+00:00,13191.4956
2025-08-16 07:00:00+00:00,13191.4956
2025-08-16 07:15:00+00:00,13191.4956
2025-08-16 07:30:00+00:00,13191.4956
2025-08-16 07:45:00+00:00,13191.4956
2025-08-16 08:00:00+00:00,13191.4956
2025-08-16 08:15:00+00:00,13191.4956
2025-08-16 08:30:00+00:00,13059.5807
2025-08-16 08:45:00+00:00,13059.5807
2025-08-16 09:00:00+00:00,13059.5807
2025-08-16 09:15:00+00:00,13059.5807
2025-08-16 09:30:00+00:00,13059.5807
2025-08-16 09:45:00+00:00,13059.5807
2025-08-16 10:00:00+00:00,13059.5807
2025-08-16 10:15:00+00:00,13059.5807
2025-08-16 10:30:00+00:00,13059.5807
2025-08-16 10:45:00+00:00,13059.5807
2025-08-16 11:00:00+00:00,13059.5807
2025-08-16 11:15:00+00:00,13059.5807
2025-08-16 11:30:00+00:00,13059.5807
2025-08-16 11:45:00+00:00,13059.5807
2025-08-16 12:00:00+00:00,13059.5807
2025-08-16 12:15:00+00:00,13059.5807
2025-08-16 12:30:00+00:00,12928.9849
2025-08-16 12:45:00+00:00,12928.9849
2025-08-16 13:00:00+00:00,12928.9849
2025-08-16 13:15:00+00:00,12928.9849
2025-08-16 13:30:00+00:00,12928.9849
2025-08-16 13:45:00+00:00,12928.9849
2025-08-16 14:00:00+00:00,12928.9849
2025-08-16 14:15:00+00:00,12928.9849
2025-08-16 14:30:00+00:00,12928.9849
2025-08-16 14:45:00+00:00,12928.9849
2025-08-16 15:00:00+00:00,12799.695
2025-08-16 15:15:00+00:00,12799.695
2025-08-16 15:30:00+00:00,12799.695
2025-08-16 15:45:00+00:00,12799.695
2025-08-16 16:00:00+00:00,12799.695
2025-08-16 16:15:00+00:00,12799.695
2025-08-16 16:30:00+00:00,12799.695
2025-08-16 16:45:00+00:00,12799.695
2025-08-16 17:00:00+00:00,12799.695
2025-08-16 17:15:00+00:00,12799.695
2025-08-16 17:30:00+00:00,12799.695
2025-08-16 17:45:00+00:00,12799.695
2025-08-16 18:00:00+00:00,12799.695
2025-08-16 18:15:00+00:00,12799.695
2025-08-16 18:30:00+00:00,12799.695
2025-08-16 18:45:00+00:00,12799.695
2025-08-16 19:00:00+00:00,12799.695
2025-08-16 19:15:00+00:00,12799.695
2025-08-16 19:30:00+00:00,12799.695
2025-08-16 19:45:00+00:00,12799.695
2025-08-16 20:00:00+00:00,12799.695
2025-08-16 20:15:00+00:00,12799.695
2025-08-16 20:30:00+00:00,12799.695
2025-08-16 20:45:00+00:00,12799.695
2025-08-16 21:00:00+00:00,12799.695
2025-08-16 21:15:00+00:00,12799.695
2025-08-16 21:30:00+00:00,12799.695
2025-08-16 21:45:00+00:00,12799.695
2025-08-16 22:00:00+00:00,12799.695
2025-08-16 22:15:00+00:00,12799.695
2025-08-16 22:30:00+00:00,12799.695
2025-08-16 22:45:00+00:00,12799.695
2025-08-16 23:00:00+00:00,12799.695
2025-08-16 23:15:00+00:00,12799.695
2025-08-16 23:30:00+00:00,12799.695
2025-08-16 23:45:00+00:00,12799.695
2025-08-17 00:00:00+00:00,12799.695
2025-08-17 00:15:00+00:00,12799.695
2025-08-17 00:30:00+00:00,12799.695
2025-08-17 00:45:00+00:00,12799.695
2025-08-17 01:00:00+00:00,12799.695
2025-08-17 01:15:00+00:00,12799.695
2025-08-17 01:30:00+00:00,12799.695
2025-08-17 01:45:00+00:00,12799.695
2025-08-17 02:00:00+00:00,12799.695
2025-08-17 02:15:00+00:00,12799.695
2025-08-17 02:30:00+00:00,12799.695
2025-08-17 02:45:00+00:00,12799.695
2025-08-17 03:00:00+00:00,12799.695
2025-08-17 03:15:00+00:00,12799.695
2025-08-17 03:30:00+00:00,12799.695
2025-08-17 03:45:00+00:00,12799.695
2025-08-17 04:00:00+00:00,12799.695
2025-08-17 04:15:00+00:00,12799.695
2025-08-17 04:30:00+00:00,12799.695
2025-08-17 04:45:00+00:00,12799.695
2025-08-17 05:00:00+00:00,12799.695
2025-08-17 05:15:00+00:00,12799.695
2025-08-17 05:30:00+00:00,12799.695
2025-08-17 05:45:00+00:00,12799.695
2025-08-17 06:00:00+00:00,12799.695
2025-08-17 06:15:00+00:00,12799.695
2025-08-17 06:30:00+00:00,12799.695
2025-08-17 06:45:00+00:00,12799.695
2025-08-17 07:00:00+00:00,12799.695
2025-08-17 07:15:00+00:00,12799.695
2025-08-17 07:30:00+00:00,12799.695
2025-08-17 07:45:00+00:00,12799.695
2025-08-17 08:00:00+00:00,12799.695
2025-08-17 08:15:00+00:00,12799.695
2025-08-17 08:30:00+00:00,12799.695
2025-08-17 08:45:00+00:00,12799.695
2025-08-17 09:00:00+00:00,12799.695
2025-08-17 09:15:00+00:00,12799.695
2025-08-17 09:30:00+00:00,12799.695
2025-08-17 09:45:00+00:00,12799.695
2025-08-17 10:00:00+00:00,12799.695
2025-08-17 10:15:00+00:00,12799.695
2025-08-17 10:30:00+00:00,12799.695
2025-08-17 10:45:00+00:00,12799.695
2025-08-17 11:00:00+00:00,12799.695
2025-08-17 11:15:00+00:00,12799.695
2025-08-17 11:30:00+00:00,12799.695
2025-08-17 11:45:00+00:00,12799.695
2025-08-17 12:00:00+00:00,12799.695
2025-08-17 12:15:00+00:00,12799.695
2025-08-17 12:30:00+00:00,12799.695
2025-08-17 12:45:00+00:00,12799.695
2025-08-17 13:00:00+00:00,12799.695
2025-08-17 13:15:00+00:00,12799.695
2025-08-17 13:30:00+00:00,12799.695
2025-08-17 13:45:00+00:00,12799.695
2025-08-17 14:00:00+00:00,12799.695
2025-08-17 14:15:00+00:00,12799.695
2025-08-17 14:30:00+00:00,12799.695
2025-08-17 14:45:00+00:00,12799.695
2025-08-17 15:00:00+00:00,12799.695
2025-08-17 15:15:00+00:00,12799.695
2025-08-17 15:30:00+00:00,12799.695
2025-08-17 15:45:00+00:00,12799.695
2025-08-17 16:00:00+00:00,12799.695
2025-08-17 16:15:00+00:00,12799.695
2025-08-17 16:30:00+00:00,12799.695
2025-08-17 16:45:00+00:00,12799.695
2025-08-17 17:00:00+00:00,12799.695
2025-08-17 17:15:00+00:00,12799.695
2025-08-17 17:30:00+00:00,12799.695
2025-08-17 17:45:00+00:00,12799.695
2025-08-17 18:00:00+00:00,12799.695
2025-08-17 18:15:00+00:00,12799.695
2025-08-17 18:30:00+00:00,12799.695
2025-08-17 18:45:00+00:00,12799.695
2025-08-17 19:00:00+00:00,12799.695
2025-08-17 19:15:00+00:00,12799.695
2025-08-17 19:30:00+00:00,12799.695
2025-08-17 19:45:00+00:00,12799.695
2025-08-17 20:00:00+00:00,12799.695
2025-08-17 20:15:00+00:00,12799.695
2025-08-17 20:30:00+00:00,12799.695
2025-08-17 20:45:00+00:00,12799.695
2025-08-17 21:00:00+00:00,12799.695
2025-08-17 21:15:00+00:00,12799.695
2025-08-17 21:30:00+00:00,12799.695
2025-08-17 21:45:00+00:00,12799.695
2025-08-17 22:00:00+00:00,12799.695
2025-08-17 22:15:00+00:00,12799.695
2025-08-17 22:30:00+00:00,12799.695
2025-08-17 22:45:00+00:00,12799.695
2025-08-17 23:00:00+00:00,12799.695
2025-08-17 23:15:00+00:00,12799.695
2025-08-17 23:30:00+00:00,12799.695
2025-08-17 23:45:00+00:00,12799.695
2025-08-18 00:00:00+00:00,12799.695
2025-08-18 00:15:00+00:00,12799.695
2025-08-18 00:30:00+00:00,12799.695
2025-08-18 00:45:00+00:00,12799.695
2025-08-18 01:00:00+00:00,12799.695
2025-08-18 01:15:00+00:00,12799.695
2025-08-18 01:30:00+00:00,13055.6889
2025-08-18 01:45:00+00:00,13055.6889
2025-08-18 02:00:00+00:00,13055.6889
2025-08-18 02:15:00+00:00,13055.6889
2025-08-18 02:30:00+00:00,13055.6889
2025-08-18 02:45:00+00:00,13316.8027
2025-08-18 03:00:00+00:00,13316.8027
2025-08-18 03:15:00+00:00,13316.8027
2025-08-18 03:30:00+00:00,13316.8027
2025-08-18 03:45:00+00:00,13316.8027
2025-08-18 04:00:00+00:00,13316.8027
2025-08-18 04:15:00+00:00,13316.8027
2025-08-18 04:30:00+00:00,13316.8027
2025-08-18 04:45:00+00:00,13316.8027
2025-08-18 05:00:00+00:00,13316.8027
2025-08-18 05:15:00+00:00,13316.8027
2025-08-18 05:30:00+00:00,13316.8027
2025-08-18 05:45:00+00:00,13316.8027
2025-08-18 06:00:00+00:00,13316.8027
2025-08-18 06:15:00+00:00,13316.8027
2025-08-18 06:30:00+00:00,13316.8027
2025-08-18 06:45:00+00:00,13316.8027
2025-08-18 07:00:00+00:00,13316.8027
2025-08-18 07:15:00+00:00,13316.8027
2025-08-18 07:30:00+00:00,13316.8027
2025-08-18 07:45:00+00:00,13316.8027
2025-08-18 08:00:00+00:00,13316.8027
2025-08-18 08:15:00+00:00,13316.8027
2025-08-18 08:30:00+00:00,13316.8027
2025-08-18 08:45:00+00:00,13316.8027
2025-08-18 09:00:00+00:00,13316.8027
2025-08-18 09:15:00+00:00,13316.8027
2025-08-18 09:30:00+00:00,13316.8027
2025-08-18 09:45:00+00:00,13316.8027
2025-08-18 10:00:00+00:00,13316.8027
2025-08-18 10:15:00+00:00,13316.8027
2025-08-18 10:30:00+00:00,13316.8027
2025-08-18 10:45:00+00:00,13316.8027
2025-08-18 11:00:00+00:00,13316.8027
2025-08-18 11:15:00+00:00,13316.8027
2025-08-18 11:30:00+00:00,13316.8027
2025-08-18 11:45:00+00:00,13316.8027
2025-08-18 12:00:00+00:00,13316.8027
2025-08-18 12:15:00+00:00,13316.8027
2025-08-18 12:30:00+00:00,13316.8027
2025-08-18 12:45:00+00:00,13316.8027
2025-08-18 13:00:00+00:00,13316.8027
2025-08-18 13:15:00+00:00,13316.8027
2025-08-18 13:30:00+00:00,13316.8027
2025-08-18 13:45:00+00:00,13316.8027
2025-08-18 14:00:00+00:00,13316.8027
2025-08-18 14:15:00+00:00,13316.8027
2025-08-18 14:30:00+00:00,13316.8027
2025-08-18 14:45:00+00:00,13183.6347
2025-08-18 15:00:00+00:00,13183.6347
2025-08-18 15:15:00+00:00,13183.6347
2025-08-18 15:30:00+00:00,13183.6347
2025-08-18 15:45:00+00:00,13183.6347
2025-08-18 16:00:00+00:00,13183.6347
2025-08-18 16:15:00+00:00,13183.6347
2025-08-18 16:30:00+00:00,13183.6347
2025-08-18 16:45:00+00:00,13183.6347
2025-08-18 17:00:00+00:00,13183.6347
2025-08-18 17:15:00+00:00,13183.6347
2025-08-18 17:30:00+00:00,13183.6347
2025-08-18 17:45:00+00:00,13183.6347
2025-08-18 18:00:00+00:00,13183.6347
2025-08-18 18:15:00+00:00,13183.6347
2025-08-18 18:30:00+00:00,13183.6347
2025-08-18 18:45:00+00:00,13183.6347
2025-08-18 19:00:00+00:00,13183.6347
2025-08-18 19:15:00+00:00,13183.6347
2025-08-18 19:30:00+00:00,13183.6347
2025-08-18 19:45:00+00:00,13183.6347
2025-08-18 20:00:00+00:00,13183.6347
2025-08-18 20:15:00+00:00,13183.6347
2025-08-18 20:30:00+00:00,13183.6347
2025-08-18 20:45:00+00:00,13183.6347
2025-08-18 21:00:00+00:00,13183.6347
2025-08-18 21:15:00+00:00,13183.6347
2025-08-18 21:30:00+00:00,13183.6347
2025-08-18 21:45:00+00:00,13183.6347
2025-08-18 22:00:00+00:00,13183.6347
2025-08-18 22:15:00+00:00,13183.6347
2025-08-18 22:30:00+00:00,13183.6347
2025-08-18 22:45:00+00:00,13183.6347
2025-08-18 23:00:00+00:00,13183.6347
2025-08-18 23:15:00+00:00,13183.6347
2025-08-18 23:30:00+00:00,13183.6347
2025-08-18 23:45:00+00:00,13183.6347
2025-08-19 00:00:00+00:00,13183.6347
2025-08-19 00:15:00+00:00,13183.6347
2025-08-19 00:30:00+00:00,13183.6347
2025-08-19 00:45:00+00:00,13183.6347
2025-08-19 01:00:00+00:00,13183.6347
2025-08-19 01:15:00+00:00,13183.6347
2025-08-19 01:30:00+00:00,13183.6347
2025-08-19 01:45:00+00:00,13183.6347
2025-08-19 02:00:00+00:00,13183.6347
2025-08-19 02:15:00+00:00,13183.6347
2025-08-19 02:30:00+00:00,13183.6347
2025-08-19 02:45:00+00:00,13183.6347
2025-08-19 03:00:00+00:00,13183.6347
2025-08-19 03:15:00+00:00,13183.6347
2025-08-19 03:30:00+00:00,13183.6347
2025-08-19 03:45:00+00:00,13183.6347
2025-08-19 04:00:00+00:00,13447.3074
2025-08-19 04:15:00+00:00,13447.3074
2025-08-19 04:30:00+00:00,13447.3074
2025-08-19 04:45:00+00:00,13447.3074
2025-08-19 05:00:00+00:00,13447.3074
2025-08-19 05:15:00+00:00,13447.3074
2025-08-19 05:30:00+00:00,13447.3074
2025-08-19 05:45:00+00:00,13447.3074
2025-08-19 06:00:00+00:00,13447.3074
2025-08-19 06:15:00+00:00,13447.3074
2025-08-19 06:30:00+00:00,13447.3074
2025-08-19 06:45:00+00:00,13447.3074
2025-08-19 07:00:00+00:00,13447.3074
2025-08-19 07:15:00+00:00,13447.3074
2025-08-19 07:30:00+00:00,13447.3074
2025-08-19 07:45:00+00:00,13447.3074
2025-08-19 08:00:00+00:00,13447.3074
2025-08-19 08:15:00+00:00,13447.3074
2025-08-19 08:30:00+00:00,13447.3074
2025-08-19 08:45:00+00:00,13447.3074
2025-08-19 09:00:00+00:00,13447.3074
2025-08-19 09:15:00+00:00,13447.3074
2025-08-19 09:30:00+00:00,13447.3074
2025-08-19 09:45:00+00:00,13447.3074
2025-08-19 10:00:00+00:00,13447.3074
2025-08-19 10:15:00+00:00,13447.3074
2025-08-19 10:30:00+00:00,13447.3074
2025-08-19 10:45:00+00:00,13447.3074
2025-08-19 11:00:00+00:00,13447.3074
2025-08-19 11:15:00+00:00,13447.3074
2025-08-19 11:30:00+00:00,13447.3074
2025-08-19 11:45:00+00:00,13447.3074
2025-08-19 12:00:00+00:00,13312.8343
2025-08-19 12:15:00+00:00,13312.8343
2025-08-19 12:30:00+00:00,13312.8343
2025-08-19 12:45:00+00:00,13312.8343
2025-08-19 13:00:00+00:00,13312.8343
2025-08-19 13:15:00+00:00,13312.8343
2025-08-19 13:30:00+00:00,13312.8343
2025-08-19 13:45:00+00:00,13312.8343
2025-08-19 14:00:00+00:00,13312.8343
2025-08-19 14:15:00+00:00,13312.8343
2025-08-19 14:30:00+00:00,13312.8343
2025-08-19 14:45:00+00:00,13312.8343
2025-08-19 15:00:00+00:00,13579.091
2025-08-19 15:15:00+00:00,13579.091
2025-08-19 15:30:00+00:00,13579.091
2025-08-19 15:45:00+00:00,13579.091
2025-08-19 16:00:00+00:00,13579.091
2025-08-19 16:15:00+00:00,13579.091
2025-08-19 16:30:00+00:00,13579.091
2025-08-19 16:45:00+00:00,13579.091
2025-08-19 17:00:00+00:00,13850.6728
2025-08-19 17:15:00+00:00,13850.6728
2025-08-19 17:30:00+00:00,13850.6728
2025-08-19 17:45:00+00:00,13850.6728
2025-08-19 18:00:00+00:00,13850.6728
2025-08-19 18:15:00+00:00,13850.6728
2025-08-19 18:30:00+00:00,13850.6728
2025-08-19 18:45:00+00:00,13850.6728
2025-08-19 19:00:00+00:00,13850.6728
2025-08-19 19:15:00+00:00,13850.6728
2025-08-19 19:30:00+00:00,13850.6728
2025-08-19 19:45:00+00:00,13850.6728
2025-08-19 20:00:00+00:00,13850.6728
2025-08-19 20:15:00+00:00,13850.6728
2025-08-19 20:30:00+00:00,13850.6728
2025-08-19 20:45:00+00:00,13850.6728
2025-08-19 21:00:00+00:00,13850.6728
2025-08-19 21:15:00+00:00,13850.6728
2025-08-19 21:30:00+00:00,13850.6728
2025-08-19 21:45:00+00:00,13850.6728
2025-08-19 22:00:00+00:00,13850.6728
2025-08-19 22:15:00+00:00,13850.6728
2025-08-19 22:30:00+00:00,13850.6728
2025-08-19 22:45:00+00:00,13850.6728
2025-08-19 23:00:00+00:00,13850.6728
2025-08-19 23:15:00+00:00,13850.6728
2025-08-19 23:30:00+00:00,13850.6728
2025-08-19 23:45:00+00:00,13850.6728
2025-08-20 00:00:00+00:00,13850.6728
2025-08-20 00:15:00+00:00,13850.6728
2025-08-20 00:30:00+00:00,13850.6728
2025-08-20 00:45:00+00:00,13850.6728
2025-08-20 01:00:00+00:00,13850.6728
2025-08-20 01:15:00+00:00,13850.6728
2025-08-20 01:30:00+00:00,13850.6728
2025-08-20 01:45:00+00:00,13850.6728
2025-08-20 02:00:00+00:00,13850.6728
2025-08-20 02:15:00+00:00,13850.6728
2025-08-20 02:30:00+00:00,13850.6728
2025-08-20 02:45:00+00:00,13850.6728
2025-08-20 03:00:00+00:00,13850.6728
2025-08-20 03:15:00+00:00,13850.6728
2025-08-20 03:30:00+00:00,13850.6728
2025-08-20 03:45:00+00:00,13850.6728
2025-08-20 04:00:00+00:00,13850.6728
2025-08-20 04:15:00+00:00,13850.6728
2025-08-20 04:30:00+00:00,13850.6728
2025-08-20 04:45:00+00:00,13850.6728
2025-08-20 05:00:00+00:00,13850.6728
2025-08-20 05:15:00+00:00,13850.6728
2025-08-20 05:30:00+00:00,13712.1661
2025-08-20 05:45:00+00:00,13712.1661
2025-08-20 06:00:00+00:00,13712.1661
2025-08-20 06:15:00+00:00,13712.1661
2025-08-20 06:30:00+00:00,13712.1661
2025-08-20 06:45:00+00:00,13712.1661
2025-08-20 07:00:00+00:00,13575.0444
2025-08-20 07:15:00+00:00,13575.0444
2025-08-20 07:30:00+00:00,13575.0444
2025-08-20 07:45:00+00:00,13575.0444
2025-08-20 08:00:00+00:00,13575.0444
2025-08-20 08:15:00+00:00,13439.294
2025-08-20 08:30:00+00:00,13439.294
2025-08-20 08:45:00+00:00,13439.294
2025-08-20 09:00:00+00:00,13439.294
2025-08-20 09:15:00+00:00,13439.294
2025-08-20 09:30:00+00:00,13439.294
2025-08-20 09:45:00+00:00,13439.294
2025-08-20 10:00:00+00:00,13439.294
2025-08-20 10:15:00+00:00,13439.294
2025-08-20 10:30:00+00:00,13439.294
2025-08-20 10:45:00+00:00,13439.294
2025-08-20 11:00:00+00:00,13708.0799
2025-08-20 11:15:00+00:00,13708.0799
2025-08-20 11:30:00+00:00,13982.2415
2025-08-20 11:45:00+00:00,13982.2415
2025-08-20 12:00:00+00:00,13982.2415
2025-08-20 12:15:00+00:00,13982.2415
2025-08-20 12:30:00+00:00,13982.2415
2025-08-20 12:45:00+00:00,13982.2415
2025-08-20 13:00:00+00:00,13982.2415
2025-08-20 13:15:00+00:00,13982.2415
2025-08-20 13:30:00+00:00,14261.8863
2025-08-20 13:45:00+00:00,14261.8863
2025-08-20 14:00:00+00:00,14261.8863
2025-08-20 14:15:00+00:00,14119.2674
2025-08-20 14:30:00+00:00,14119.2674
2025-08-20 14:45:00+00:00,14119.2674
2025-08-20 15:00:00+00:00,14119.2674
2025-08-20 15:15:00+00:00,14119.2674
2025-08-20 15:30:00+00:00,14119.2674
2025-08-20 15:45:00+00:00,14119.2674
2025-08-20 16:00:00+00:00,14119.2674
2025-08-20 16:15:00+00:00,13978.0747
2025-08-20 16:30:00+00:00,13978.0747
2025-08-20 16:45:00+00:00,13978.0747
2025-08-20 17:00:00+00:00,13978.0747
2025-08-20 17:15:00+00:00,13978.0747
2025-08-20 17:30:00+00:00,13978.0747
2025-08-20 17:45:00+00:00,13978.0747
2025-08-20 18:00:00+00:00,13978.0747
2025-08-20 18:15:00+00:00,13978.0747
2025-08-20 18:30:00+00:00,13978.0747
2025-08-20 18:45:00+00:00,13978.0747
2025-08-20 19:00:00+00:00,13978.0747
2025-08-20 19:15:00+00:00,13838.294
2025-08-20 19:30:00+00:00,13838.294
2025-08-20 19:45:00+00:00,13838.294
2025-08-20 20:00:00+00:00,13838.294
2025-08-20 20:15:00+00:00,13838.294
2025-08-20 20:30:00+00:00,13838.294
2025-08-20 20:45:00+00:00,13838.294
2025-08-20 21:00:00+00:00,13838.294
2025-08-20 21:15:00+00:00,13838.294
2025-08-20 21:30:00+00:00,13838.294
2025-08-20 21:45:00+00:00,13838.294
2025-08-20 22:00:00+00:00,13838.294
2025-08-20 22:15:00+00:00,13838.294
2025-08-20 22:30:00+00:00,13838.294
2025-08-20 22:45:00+00:00,13838.294
2025-08-20 23:00:00+00:00,13838.294
2025-08-20 23:15:00+00:00,13838.294
2025-08-20 23:30:00+00:00,13838.294
2025-08-20 23:45:00+00:00,13838.294
2025-08-21 00:00:00+00:00,13838.294
2025-08-21 00:15:00+00:00,13838.294
2025-08-21 00:30:00+00:00,13838.294
2025-08-21 00:45:00+00:00,13838.294
2025-08-21 01:00:00+00:00,13838.294
2025-08-21 01:15:00+00:00,13838.294
2025-08-21 01:30:00+00:00,13838.294
2025-08-21 01:45:00+00:00,13838.294
2025-08-21 02:00:00+00:00,13838.294
2025-08-21 02:15:00+00:00,13838.294
2025-08-21 02:30:00+00:00,13838.294
2025-08-21 02:45:00+00:00,13838.294
2025-08-21 03:00:00+00:00,13838.294
2025-08-21 03:15:00+00:00,13838.294
2025-08-21 03:30:00+00:00,13838.294
2025-08-21 03:45:00+00:00,13838.294
2025-08-21 04:00:00+00:00,13838.294
2025-08-21 04:15:00+00:00,13838.294
2025-08-21 04:30:00+00:00,13838.294
2025-08-21 04:45:00+00:00,13838.294
2025-08-21 05:00:00+00:00,13838.294
2025-08-21 05:15:00+00:00,13838.294
2025-08-21 05:30:00+00:00,13838.294
2025-08-21 05:45:00+00:00,13838.294
2025-08-21 06:00:00+00:00,13838.294
2025-08-21 06:15:00+00:00,13838.294
2025-08-21 06:30:00+00:00,13838.294
2025-08-21 06:45:00+00:00,13838.294
2025-08-21 07:00:00+00:00,13838.294
2025-08-21 07:15:00+00:00,13838.294
2025-08-21 07:30:00+00:00,13699.9111
2025-08-21 07:45:00+00:00,13699.9111
2025-08-21 08:00:00+00:00,13699.9111
2025-08-21 08:15:00+00:00,13699.9111
2025-08-21 08:30:00+00:00,13699.9111
2025-08-21 08:45:00+00:00,13699.9111
2025-08-21 09:00:00+00:00,13699.9111
2025-08-21 09:15:00+00:00,13699.9111
2025-08-21 09:30:00+00:00,13699.9111
2025-08-21 09:45:00+00:00,13699.9111
2025-08-21 10:00:00+00:00,13699.9111
2025-08-21 10:15:00+00:00,13699.9111
2025-08-21 10:30:00+00:00,13699.9111
2025-08-21 10:45:00+00:00,13699.9111
2025-08-21 11:00:00+00:00,13699.9111
2025-08-21 11:15:00+00:00,13699.9111
2025-08-21 11:30:00+00:00,13699.9111
2025-08-21 11:45:00+00:00,13973.9093
2025-08-21 12:00:00+00:00,13973.9093
2025-08-21 12:15:00+00:00,13973.9093
2025-08-21 12:30:00+00:00,13973.9093
2025-08-21 12:45:00+00:00,13973.9093
2025-08-21 13:00:00+00:00,13973.9093
2025-08-21 13:15:00+00:00,13973.9093
2025-08-21 13:30:00+00:00,13973.9093
2025-08-21 13:45:00+00:00,13973.9093
2025-08-21 14:00:00+00:00,13973.9093
2025-08-21 14:15:00+00:00,13973.9093
2025-08-21 14:30:00+00:00,13973.9093
2025-08-21 14:45:00+00:00,13973.9093
2025-08-21 15:00:00+00:00,13973.9093
2025-08-21 15:15:00+00:00,13973.9093
2025-08-21 15:30:00+00:00,13973.9093
2025-08-21 15:45:00+00:00,13973.9093
2025-08-21 16:00:00+00:00,13973.9093
2025-08-21 16:15:00+00:00,13973.9093
2025-08-21 16:30:00+00:00,13973.9093
2025-08-21 16:45:00+00:00,13973.9093
2025-08-21 17:00:00+00:00,13973.9093
2025-08-21 17:15:00+00:00,13973.9093
2025-08-21 17:30:00+00:00,13973.9093
2025-08-21 17:45:00+00:00,13973.9093
2025-08-21 18:00:00+00:00,13973.9093
2025-08-21 18:15:00+00:00,13973.9093
2025-08-21 18:30:00+00:00,13973.9093
2025-08-21 18:45:00+00:00,13973.9093
2025-08-21 19:00:00+00:00,13973.9093
2025-08-21 19:15:00+00:00,13973.9093
2025-08-21 19:30:00+00:00,14253.3875
2025-08-21 19:45:00+00:00,14253.3875
2025-08-21 20:00:00+00:00,14253.3875
2025-08-21 20:15:00+00:00,14253.3875
2025-08-21 20:30:00+00:00,14253.3875
2025-08-21 20:45:00+00:00,14253.3875
2025-08-21 21:00:00+00:00,14253.3875
2025-08-21 21:15:00+00:00,14253.3875
2025-08-21 21:30:00+00:00,14253.3875
2025-08-21 21:45:00+00:00,14253.3875
2025-08-21 22:00:00+00:00,14253.3875
2025-08-21 22:15:00+00:00,14253.3875
2025-08-21 22:30:00+00:00,14253.3875
2025-08-21 22:45:00+00:00,14253.3875
2025-08-21 23:00:00+00:00,14253.3875
2025-08-21 23:15:00+00:00,14253.3875
2025-08-21 23:30:00+00:00,14253.3875
2025-08-21 23:45:00+00:00,14253.3875
2025-08-22 00:00:00+00:00,14253.3875
2025-08-22 00:15:00+00:00,14253.3875
2025-08-22 00:30:00+00:00,14253.3875
2025-08-22 00:45:00+00:00,14253.3875
2025-08-22 01:00:00+00:00,14253.3875
2025-08-22 01:15:00+00:00,14110.8536
2025-08-22 01:30:00+00:00,14110.8536
2025-08-22 01:45:00+00:00,14110.8536
2025-08-22 02:00:00+00:00,14110.8536
2025-08-22 02:15:00+00:00,14110.8536
2025-08-22 02:30:00+00:00,14110.8536
2025-08-22 02:45:00+00:00,14110.8536
2025-08-22 03:00:00+00:00,14110.8536
2025-08-22 03:15:00+00:00,14110.8536
2025-08-22 03:30:00+00:00,14110.8536
2025-08-22 03:45:00+00:00,14110.8536
2025-08-22 04:00:00+00:00,14110.8536
2025-08-22 04:15:00+00:00,14110.8536
2025-08-22 04:30:00+00:00,14110.8536
2025-08-22 04:45:00+00:00,14110.8536
2025-08-22 05:00:00+00:00,14110.8536
2025-08-22 05:15:00+00:00,14110.8536
2025-08-22 05:30:00+00:00,13969.7451
2025-08-22 05:45:00+00:00,13969.7451
2025-08-22 06:00:00+00:00,13969.7451
2025-08-22 06:15:00+00:00,13969.7451
2025-08-22 06:30:00+00:00,13969.7451
2025-08-22 06:45:00+00:00,13969.7451
2025-08-22 07:00:00+00:00,13969.7451
2025-08-22 07:15:00+00:00,13969.7451
2025-08-22 07:30:00+00:00,13969.7451
2025-08-22 07:45:00+00:00,13969.7451
2025-08-22 08:00:00+00:00,13969.7451
2025-08-22 08:15:00+00:00,13969.7451
2025-08-22 08:30:00+00:00,13969.7451
2025-08-22 08:45:00+00:00,13969.7451
2025-08-22 09:00:00+00:00,13969.7451
2025-08-22 09:15:00+00:00,13969.7451
2025-08-22 09:30:00+00:00,13969.7451
2025-08-22 09:45:00+00:00,13969.7451
2025-08-22 10:00:00+00:00,13969.7451
2025-08-22 10:15:00+00:00,13969.7451
2025-08-22 10:30:00+00:00,13969.7451
2025-08-22 10:45:00+00:00,13969.7451
2025-08-22 11:00:00+00:00,13969.7451
2025-08-22 11:15:00+00:00,13969.7451
2025-08-22 11:30:00+00:00,13969.7451
2025-08-22 11:45:00+00:00,13969.7451
2025-08-22 12:00:00+00:00,13969.7451
2025-08-22 12:15:00+00:00,13969.7451
2025-08-22 12:30:00+00:00,13969.7451
2025-08-22 12:45:00+00:00,13830.0476
2025-08-22 13:00:00+00:00,13830.0476
2025-08-22 13:15:00+00:00,13830.0476
2025-08-22 13:30:00+00:00,13830.0476
2025-08-22 13:45:00+00:00,13830.0476
2025-08-22 14:00:00+00:00,13830.0476
2025-08-22 14:15:00+00:00,13830.0476
2025-08-22 14:30:00+00:00,13830.0476
2025-08-22 14:45:00+00:00,13830.0476
2025-08-22 15:00:00+00:00,13830.0476
2025-08-22 15:15:00+00:00,13830.0476
2025-08-22 15:30:00+00:00,13830.0476
2025-08-22 15:45:00+00:00,13830.0476
2025-08-22 16:00:00+00:00,13830.0476
2025-08-22 16:15:00+00:00,13830.0476
2025-08-22 16:30:00+00:00,13830.0476
2025-08-22 16:45:00+00:00,13830.0476
2025-08-22 17:00:00+00:00,13830.0476
2025-08-22 17:15:00+00:00,13830.0476
2025-08-22 17:30:00+00:00,13830.0476
2025-08-22 17:45:00+00:00,13830.0476
2025-08-22 18:00:00+00:00,13830.0476
2025-08-22 18:15:00+00:00,13830.0476
2025-08-22 18:30:00+00:00,13830.0476
2025-08-22 18:45:00+00:00,13830.0476
2025-08-22 19:00:00+00:00,13830.0476
2025-08-22 19:15:00+00:00,13830.0476
2025-08-22 19:30:00+00:00,13830.0476
2025-08-22 19:45:00+00:00,13830.0476
2025-08-22 20:00:00+00:00,13830.0476
2025-08-22 20:15:00+00:00,13830.0476
2025-08-22 20:30:00+00:00,13830.0476
2025-08-22 20:45:00+00:00,13830.0476
2025-08-22 21:00:00+00:00,13830.0476
2025-08-22 21:15:00+00:00,13830.0476
2025-08-22 21:30:00+00:00,13830.0476
2025-08-22 21:45:00+00:00,13830.0476
2025-08-22 22:00:00+00:00,13830.0476
2025-08-22 22:15:00+00:00,13830.0476
2025-08-22 22:30:00+00:00,13830.0476
2025-08-22 22:45:00+00:00,13830.0476
2025-08-22 23:00:00+00:00,13830.0476
2025-08-22 23:15:00+00:00,13830.0476
2025-08-22 23:30:00+00:00,13830.0476
2025-08-22 23:45:00+00:00,13830.0476
2025-08-23 00:00:00+00:00,13830.0476
2025-08-23 00:15:00+00:00,13830.0476
2025-08-23 00:30:00+00:00,13830.0476
2025-08-23 00:45:00+00:00,13830.0476
2025-08-23 01:00:00+00:00,13830.0476
2025-08-23 01:15:00+00:00,13830.0476
2025-08-23 01:30:00+00:00,13830.0476
2025-08-23 01:45:00+00:00,13830.0476
2025-08-23 02:00:00+00:00,13830.0476
2025-08-23 02:15:00+00:00,13830.0476
2025-08-23 02:30:00+00:00,13830.0476
2025-08-23 02:45:00+00:00,13830.0476
2025-08-23 03:00:00+00:00,13830.0476
2025-08-23 03:15:00+00:00,13830.0476
2025-08-23 03:30:00+00:00,13830.0476
2025-08-23 03:45:00+00:00,13830.0476
2025-08-23 04:00:00+00:00,13830.0476
2025-08-23 04:15:00+00:00,13830.0476
2025-08-23 04:30:00+00:00,13830.0476
2025-08-23 04:45:00+00:00,13830.0476
2025-08-23 05:00:00+00:00,13830.0476
2025-08-23 05:15:00+00:00,13830.0476
2025-08-23 05:30:00+00:00,13830.0476
2025-08-23 05:45:00+00:00,13830.0476
2025-08-23 06:00:00+00:00,13830.0476
2025-08-23 06:15:00+00:00,13830.0476
2025-08-23 06:30:00+00:00,13830.0476
2025-08-23 06:45:00+00:00,13830.0476
2025-08-23 07:00:00+00:00,13830.0476
2025-08-23 07:15:00+00:00,13830.0476
2025-08-23 07:30:00+00:00,13830.0476
2025-08-23 07:45:00+00:00,13830.0476
2025-08-23 08:00:00+00:00,13830.0476
2025-08-23 08:15:00+00:00,13830.0476
2025-08-23 08:30:00+00:00,13830.0476
2025-08-23 08:45:00+00:00,13830.0476
2025-08-23 09:00:00+00:00,13830.0476
2025-08-23 09:15:00+00:00,13830.0476
2025-08-23 09:30:00+00:00,13830.0476
2025-08-23 09:45:00+00:00,13830.0476
2025-08-23 10:00:00+00:00,13830.0476
2025-08-23 10:15:00+00:00,13830.0476
2025-08-23 10:30:00+00:00,13830.0476
2025-08-23 10:45:00+00:00,13830.0476
2025-08-23 11:00:00+00:00,13691.7471
2025-08-23 11:15:00+00:00,13691.7471
2025-08-23 11:30:00+00:00,13691.7471
2025-08-23 11:45:00+00:00,13691.7471
2025-08-23 12:00:00+00:00,13691.7471
2025-08-23 12:15:00+00:00,13691.7471
2025-08-23 12:30:00+00:00,13691.7471
2025-08-23 12:45:00+00:00,13691.7471
2025-08-23 13:00:00+00:00,13691.7471
2025-08-23 13:15:00+00:00,13691.7471
2025-08-23 13:30:00+00:00,13691.7471
2025-08-23 13:45:00+00:00,13691.7471
2025-08-23 14:00:00+00:00,13691.7471
2025-08-23 14:15:00+00:00,13691.7471
2025-08-23 14:30:00+00:00,13691.7471
2025-08-23 14:45:00+00:00,13691.7471
2025-08-23 15:00:00+00:00,13691.7471
2025-08-23 15:15:00+00:00,13691.7471
2025-08-23 15:30:00+00:00,13691.7471
2025-08-23 15:45:00+00:00,13691.7471
2025-08-23 16:00:00+00:00,13691.7471
2025-08-23 16:15:00+00:00,13691.7471
2025-08-23 16:30:00+00:00,13691.7471
2025-08-23 16:45:00+00:00,13691.7471
2025-08-23 17:00:00+00:00,13691.7471
2025-08-23 17:15:00+00:00,13691.7471
2025-08-23 17:30:00+00:00,13691.7471
2025-08-23 17:45:00+00:00,13691.7471
2025-08-23 18:00:00+00:00,13691.7471
2025-08-23 18:15:00+00:00,13691.7471
2025-08-23 18:30:00+00:00,13691.7471
2025-08-23 18:45:00+00:00,13691.7471
2025-08-23 19:00:00+00:00,13691.7471
2025-08-23 19:15:00+00:00,13691.7471
2025-08-23 19:30:00+00:00,13691.7471
2025-08-23 19:45:00+00:00,13691.7471
2025-08-23 20:00:00+00:00,13691.7471
2025-08-23 20:15:00+00:00,13691.7471
2025-08-23 20:30:00+00:00,13691.7471
2025-08-23 20:45:00+00:00,13691.7471
2025-08-23 21:00:00+00:00,13691.7471
2025-08-23 21:15:00+00:00,13691.7471
2025-08-23 21:30:00+00:00,13691.7471
2025-08-23 21:45:00+00:00,13691.7471
2025-08-23 22:00:00+00:00,13691.7471
2025-08-23 22:15:00+00:00,13691.7471
2025-08-23 22:30:00+00:00,13691.7471
2025-08-23 22:45:00+00:00,13691.7471
2025-08-23 23:00:00+00:00,13691.7471
2025-08-23 23:15:00+00:00,13691.7471
2025-08-23 23:30:00+00:00,13691.7471
2025-08-23 23:45:00+00:00,13691.7471
2025-08-24 00:00:00+00:00,13691.7471
2025-08-24 00:15:00+00:00,13691.7471
2025-08-24 00:30:00+00:00,13691.7471
2025-08-24 00:45:00+00:00,13691.7471
2025-08-24 01:00:00+00:00,13691.7471
2025-08-24 01:15:00+00:00,13691.7471
2025-08-24 01:30:00+00:00,13691.7471
2025-08-24 01:45:00+00:00,13691.7471
2025-08-24 02:00:00+00:00,13691.7471
2025-08-24 02:15:00+00:00,13691.7471
2025-08-24 02:30:00+00:00,13554.8297
2025-08-24 02:45:00+00:00,13554.8297
2025-08-24 03:00:00+00:00,13554.8297
2025-08-24 03:15:00+00:00,13554.8297
2025-08-24 03:30:00+00:00,13554.8297
2025-08-24 03:45:00+00:00,13554.8297
2025-08-24 04:00:00+00:00,13554.8297
2025-08-24 04:15:00+00:00,13554.8297
2025-08-24 04:30:00+00:00,13554.8297
2025-08-24 04:45:00+00:00,13554.8297
2025-08-24 05:00:00+00:00,13554.8297
2025-08-24 05:15:00+00:00,13554.8297
2025-08-24 05:30:00+00:00,13554.8297
2025-08-24 05:45:00+00:00,13554.8297
2025-08-24 06:00:00+00:00,13554.8297
2025-08-24 06:15:00+00:00,13554.8297
2025-08-24 06:30:00+00:00,13554.8297
2025-08-24 06:45:00+00:00,13554.8297
2025-08-24 07:00:00+00:00,13554.8297
2025-08-24 07:15:00+00:00,13554.8297
2025-08-24 07:30:00+00:00,13554.8297
2025-08-24 07:45:00+00:00,13554.8297
2025-08-24 08:00:00+00:00,13554.8297
2025-08-24 08:15:00+00:00,13554.8297
2025-08-24 08:30:00+00:00,13554.8297
2025-08-24 08:45:00+00:00,13554.8297
2025-08-24 09:00:00+00:00,13554.8297
2025-08-24 09:15:00+00:00,13554.8297
2025-08-24 09:30:00+00:00,13554.8297
2025-08-24 09:45:00+00:00,13554.8297
2025-08-24 10:00:00+00:00,13554.8297
2025-08-24 10:15:00+00:00,13554.8297
2025-08-24 10:30:00+00:00,13554.8297
2025-08-24 10:45:00+00:00,13554.8297
2025-08-24 11:00:00+00:00,13554.8297
2025-08-24 11:15:00+00:00,13554.8297
2025-08-24 11:30:00+00:00,13554.8297
2025-08-24 11:45:00+00:00,13554.8297
2025-08-24 12:00:00+00:00,13554.8297
2025-08-24 12:15:00+00:00,13554.8297
2025-08-24 12:30:00+00:00,13554.8297
2025-08-24 12:45:00+00:00,13554.8297
2025-08-24 13:00:00+00:00,13554.8297
2025-08-24 13:15:00+00:00,13554.8297
2025-08-24 13:30:00+00:00,13554.8297
2025-08-24 13:45:00+00:00,13554.8297
2025-08-24 14:00:00+00:00,13554.8297
2025-08-24 14:15:00+00:00,13554.8297
2025-08-24 14:30:00+00:00,13554.8297
2025-08-24 14:45:00+00:00,13554.8297
2025-08-24 15:00:00+00:00,13554.8297
2025-08-24 15:15:00+00:00,13554.8297
2025-08-24 15:30:00+00:00,13554.8297
2025-08-24 15:45:00+00:00,13554.8297
2025-08-24 16:00:00+00:00,13554.8297
2025-08-24 16:15:00+00:00,13554.8297
2025-08-24 16:30:00+00:00,13554.8297
2025-08-24 16:45:00+00:00,13554.8297
2025-08-24 17:00:00+00:00,13419.2814
2025-08-24 17:15:00+00:00,13419.2814
2025-08-24 17:30:00+00:00,13419.2814
2025-08-24 17:45:00+00:00,13419.2814
2025-08-24 18:00:00+00:00,13419.2814
2025-08-24 18:15:00+00:00,13419.2814
2025-08-24 18:30:00+00:00,13419.2814
2025-08-24 18:45:00+00:00,13419.2814
2025-08-24 19:00:00+00:00,13419.2814
2025-08-24 19:15:00+00:00,13419.2814
2025-08-24 19:30:00+00:00,13419.2814
2025-08-24 19:45:00+00:00,13419.2814
2025-08-24 20:00:00+00:00,13419.2814
2025-08-24 20:15:00+00:00,13419.2814
2025-08-24 20:30:00+00:00,13419.2814
2025-08-24 20:45:00+00:00,13419.2814
2025-08-24 21:00:00+00:00,13419.2814
2025-08-24 21:15:00+00:00,13419.2814
2025-08-24 21:30:00+00:00,13419.2814
2025-08-24 21:45:00+00:00,13419.2814
2025-08-24 22:00:00+00:00,13419.2814
2025-08-24 22:15:00+00:00,13419.2814
2025-08-24 22:30:00+00:00,13419.2814
2025-08-24 22:45:00+00:00,13419.2814
2025-08-24 23:00:00+00:00,13419.2814
2025-08-24 23:15:00+00:00,13419.2814
2025-08-24 23:30:00+00:00,13419.2814
2025-08-24 23:45:00+00:00,13419.2814
2025-08-25 00:00:00+00:00,13419.2814
2025-08-25 00:15:00+00:00,13419.2814
2025-08-25 00:30:00+00:00,13419.2814
2025-08-25 00:45:00+00:00,13419.2814
2025-08-25 01:00:00+00:00,13419.2814
2025-08-25 01:15:00+00:00,13419.2814
2025-08-25 01:30:00+00:00,13419.2814
2025-08-25 01:45:00+00:00,13419.2814
2025-08-25 02:00:00+00:00,13419.2814
2025-08-25 02:15:00+00:00,13419.2814
2025-08-25 02:30:00+00:00,13419.2814
2025-08-25 02:45:00+00:00,13419.2814
2025-08-25 03:00:00+00:00,13419.2814
2025-08-25 03:15:00+00:00,13419.2814
2025-08-25 03:30:00+00:00,13419.2814
2025-08-25 03:45:00+00:00,13419.2814
2025-08-25 04:00:00+00:00,13419.2814
2025-08-25 04:15:00+00:00,13419.2814
2025-08-25 04:30:00+00:00,13419.2814
2025-08-25 04:45:00+00:00,13419.2814
2025-08-25 05:00:00+00:00,13419.2814
2025-08-25 05:15:00+00:00,13419.2814
2025-08-25 05:30:00+00:00,13419.2814
2025-08-25 05:45:00+00:00,13419.2814
2025-08-25 06:00:00+00:00,13419.2814
2025-08-25 06:15:00+00:00,13419.2814
2025-08-25 06:30:00+00:00,13419.2814
2025-08-25 06:45:00+00:00,13687.667
2025-08-25 07:00:00+00:00,13687.667
2025-08-25 07:15:00+00:00,13687.667
2025-08-25 07:30:00+00:00,13687.667
2025-08-25 07:45:00+00:00,13687.667
2025-08-25 08:00:00+00:00,13687.667
2025-08-25 08:15:00+00:00,13687.667
2025-08-25 08:30:00+00:00,13687.667
2025-08-25 08:45:00+00:00,13687.667
2025-08-25 09:00:00+00:00,13687.667
2025-08-25 09:15:00+00:00,13687.667
2025-08-25 09:30:00+00:00,13687.667
2025-08-25 09:45:00+00:00,13687.667
2025-08-25 10:00:00+00:00,13687.667
2025-08-25 10:15:00+00:00,13687.667
2025-08-25 10:30:00+00:00,13687.667
2025-08-25 10:45:00+00:00,13687.667
2025-08-25 11:00:00+00:00,13687.667
2025-08-25 11:15:00+00:00,13687.667
2025-08-25 11:30:00+00:00,13687.667
2025-08-25 11:45:00+00:00,13687.667
2025-08-25 12:00:00+00:00,13687.667
2025-08-25 12:15:00+00:00,13687.667
2025-08-25 12:30:00+00:00,13687.667
2025-08-25 12:45:00+00:00,13687.667
2025-08-25 13:00:00+00:00,13687.667
2025-08-25 13:15:00+00:00,13687.667
2025-08-25 13:30:00+00:00,13687.667
2025-08-25 13:45:00+00:00,13687.667
2025-08-25 14:00:00+00:00,13687.667
2025-08-25 14:15:00+00:00,13687.667
2025-08-25 14:30:00+00:00,13687.667
2025-08-25 14:45:00+00:00,13687.667
2025-08-25 15:00:00+00:00,13687.667
2025-08-25 15:15:00+00:00,13687.667
2025-08-25 15:30:00+00:00,13687.667
2025-08-25 15:45:00+00:00,13687.667
2025-08-25 16:00:00+00:00,13550.7903
2025-08-25 16:15:00+00:00,13550.7903
2025-08-25 16:30:00+00:00,13550.7903
2025-08-25 16:45:00+00:00,13550.7903
2025-08-25 17:00:00+00:00,13550.7903
2025-08-25 17:15:00+00:00,13415.2824
2025-08-25 17:30:00+00:00,13415.2824
2025-08-25 17:45:00+00:00,13415.2824
2025-08-25 18:00:00+00:00,13415.2824
2025-08-25 18:15:00+00:00,13415.2824
2025-08-25 18:30:00+00:00,13415.2824
2025-08-25 18:45:00+00:00,13415.2824
2025-08-25 19:00:00+00:00,13415.2824
2025-08-25 19:15:00+00:00,13683.5881
2025-08-25 19:30:00+00:00,13683.5881
2025-08-25 19:45:00+00:00,13683.5881
2025-08-25 20:00:00+00:00,13683.5881
2025-08-25 20:15:00+00:00,13683.5881
2025-08-25 20:30:00+00:00,13957.2598
2025-08-25 20:45:00+00:00,13957.2598
2025-08-25 21:00:00+00:00,13957.2598
2025-08-25 21:15:00+00:00,13957.2598
2025-08-25 21:30:00+00:00,13817.6872
2025-08-25 21:45:00+00:00,13817.6872
2025-08-25 22:00:00+00:00,13817.6872
2025-08-25 22:15:00+00:00,13817.6872
2025-08-25 22:30:00+00:00,13817.6872
2025-08-25 22:45:00+00:00,13817.6872
2025-08-25 23:00:00+00:00,13817.6872
2025-08-25 23:15:00+00:00,13817.6872
2025-08-25 23:30:00+00:00,13817.6872
2025-08-25 23:45:00+00:00,13817.6872
2025-08-26 00:00:00+00:00,13817.6872
2025-08-26 00:15:00+00:00,13817.6872
2025-08-26 00:30:00+00:00,13817.6872
2025-08-26 00:45:00+00:00,13817.6872
2025-08-26 01:00:00+00:00,13817.6872
2025-08-26 01:15:00+00:00,13817.6872
2025-08-26 01:30:00+00:00,13817.6872
2025-08-26 01:45:00+00:00,13817.6872
2025-08-26 02:00:00+00:00,13817.6872
2025-08-26 02:15:00+00:00,13817.6872
2025-08-26 02:30:00+00:00,13817.6872
2025-08-26 02:45:00+00:00,13817.6872
2025-08-26 03:00:00+00:00,13817.6872
2025-08-26 03:15:00+00:00,13817.6872
2025-08-26 03:30:00+00:00,13817.6872
2025-08-26 03:45:00+00:00,13817.6872
2025-08-26 04:00:00+00:00,13817.6872
2025-08-26 04:15:00+00:00,13817.6872
2025-08-26 04:30:00+00:00,13817.6872
2025-08-26 04:45:00+00:00,13817.6872
2025-08-26 05:00:00+00:00,13817.6872
2025-08-26 05:15:00+00:00,13817.6872
2025-08-26 05:30:00+00:00,13817.6872
2025-08-26 05:45:00+00:00,13817.6872
2025-08-26 06:00:00+00:00,13817.6872
2025-08-26 06:15:00+00:00,13817.6872
2025-08-26 06:30:00+00:00,13817.6872
2025-08-26 06:45:00+00:00,13817.6872
2025-08-26 07:00:00+00:00,13817.6872
2025-08-26 07:15:00+00:00,13817.6872
2025-08-26 07:30:00+00:00,13817.6872
2025-08-26 07:45:00+00:00,13817.6872
2025-08-26 08:00:00+00:00,13817.6872
2025-08-26 08:15:00+00:00,13817.6872
2025-08-26 08:30:00+00:00,13817.6872
2025-08-26 08:45:00+00:00,13817.6872
2025-08-26 09:00:00+00:00,13817.6872
2025-08-26 09:15:00+00:00,13817.6872
2025-08-26 09:30:00+00:00,13817.6872
2025-08-26 09:45:00+00:00,13817.6872
2025-08-26 10:00:00+00:00,13679.5104
2025-08-26 10:15:00+00:00,13679.5104
2025-08-26 10:30:00+00:00,13679.5104
2025-08-26 10:45:00+00:00,13679.5104
2025-08-26 11:00:00+00:00,13679.5104
2025-08-26 11:15:00+00:00,13679.5104
2025-08-26 11:30:00+00:00,13953.1006
2025-08-26 11:45:00+00:00,13953.1006
2025-08-26 12:00:00+00:00,13953.1006
2025-08-26 12:15:00+00:00,13953.1006
2025-08-26 12:30:00+00:00,13953.1006
2025-08-26 12:45:00+00:00,13953.1006
2025-08-26 13:00:00+00:00,13953.1006
2025-08-26 13:15:00+00:00,13953.1006
2025-08-26 13:30:00+00:00,13813.5696
2025-08-26 13:45:00+00:00,13813.5696
2025-08-26 14:00:00+00:00,13813.5696
2025-08-26 14:15:00+00:00,13813.5696
2025-08-26 14:30:00+00:00,13813.5696
2025-08-26 14:45:00+00:00,13813.5696
2025-08-26 15:00:00+00:00,13813.5696
2025-08-26 15:15:00+00:00,13813.5696
2025-08-26 15:30:00+00:00,13813.5696
2025-08-26 15:45:00+00:00,13813.5696
2025-08-26 16:00:00+00:00,13813.5696
2025-08-26 16:15:00+00:00,13813.5696
2025-08-26 16:30:00+00:00,13813.5696
2025-08-26 16:45:00+00:00,13675.4339
2025-08-26 17:00:00+00:00,13675.4339
2025-08-26 17:15:00+00:00,13675.4339
2025-08-26 17:30:00+00:00,13675.4339
2025-08-26 17:45:00+00:00,13675.4339
2025-08-26 18:00:00+00:00,13675.4339
2025-08-26 18:15:00+00:00,13538.6795
2025-08-26 18:30:00+00:00,13538.6795
2025-08-26 18:45:00+00:00,13538.6795
2025-08-26 19:00:00+00:00,13538.6795
2025-08-26 19:15:00+00:00,13403.2927
2025-08-26 19:30:00+00:00,13403.2927
2025-08-26 19:45:00+00:00,13403.2927
2025-08-26 20:00:00+00:00,13403.2927
2025-08-26 20:15:00+00:00,13403.2927
2025-08-26 20:30:00+00:00,13403.2927
2025-08-26 20:45:00+00:00,13403.2927
2025-08-26 21:00:00+00:00,13403.2927
2025-08-26 21:15:00+00:00,13403.2927
2025-08-26 21:30:00+00:00,13403.2927
2025-08-26 21:45:00+00:00,13403.2927
2025-08-26 22:00:00+00:00,13403.2927
2025-08-26 22:15:00+00:00,13403.2927
2025-08-26 22:30:00+00:00,13403.2927
2025-08-26 22:45:00+00:00,13403.2927
2025-08-26 23:00:00+00:00,13403.2927
2025-08-26 23:15:00+00:00,13403.2927
2025-08-26 23:30:00+00:00,13403.2927
2025-08-26 23:45:00+00:00,13403.2927
2025-08-27 00:00:00+00:00,13403.2927
2025-08-27 00:15:00+00:00,13403.2927
2025-08-27 00:30:00+00:00,13403.2927
2025-08-27 00:45:00+00:00,13403.2927
2025-08-27 01:00:00+00:00,13403.2927
2025-08-27 01:15:00+00:00,13403.2927
2025-08-27 01:30:00+00:00,13403.2927
2025-08-27 01:45:00+00:00,13403.2927
2025-08-27 02:00:00+00:00,13403.2927
2025-08-27 02:15:00+00:00,13403.2927
2025-08-27 02:30:00+00:00,13403.2927
2025-08-27 02:45:00+00:00,13403.2927
2025-08-27 03:00:00+00:00,13403.2927
2025-08-27 03:15:00+00:00,13403.2927
2025-08-27 03:30:00+00:00,13403.2927
2025-08-27 03:45:00+00:00,13403.2927
2025-08-27 04:00:00+00:00,13403.2927
2025-08-27 04:15:00+00:00,13403.2927
2025-08-27 04:30:00+00:00,13403.2927
2025-08-27 04:45:00+00:00,13403.2927
2025-08-27 05:00:00+00:00,13403.2927
2025-08-27 05:15:00+00:00,13403.2927
2025-08-27 05:30:00+00:00,13403.2927
2025-08-27 05:45:00+00:00,13403.2927
2025-08-27 06:00:00+00:00,13403.2927
2025-08-27 06:15:00+00:00,13403.2927
2025-08-27 06:30:00+00:00,13403.2927
2025-08-27 06:45:00+00:00,13403.2927
2025-08-27 07:00:00+00:00,13403.2927
2025-08-27 07:15:00+00:00,13403.2927
2025-08-27 07:30:00+00:00,13403.2927
2025-08-27 07:45:00+00:00,13403.2927
2025-08-27 08:00:00+00:00,13403.2927
2025-08-27 08:15:00+00:00,13403.2927
2025-08-27 08:30:00+00:00,13403.2927
2025-08-27 08:45:00+00:00,13403.2927
2025-08-27 09:00:00+00:00,13403.2927
2025-08-27 09:15:00+00:00,13403.2927
2025-08-27 09:30:00+00:00,13403.2927
2025-08-27 09:45:00+00:00,13403.2927
2025-08-27 10:00:00+00:00,13403.2927
2025-08-27 10:15:00+00:00,13403.2927
2025-08-27 10:30:00+00:00,13403.2927
2025-08-27 10:45:00+00:00,13403.2927
2025-08-27 11:00:00+00:00,13403.2927
2025-08-27 11:15:00+00:00,13403.2927
2025-08-27 11:30:00+00:00,13403.2927
2025-08-27 11:45:00+00:00,13403.2927
2025-08-27 12:00:00+00:00,13403.2927
2025-08-27 12:15:00+00:00,13403.2927
2025-08-27 12:30:00+00:00,13403.2927
2025-08-27 12:45:00+00:00,13403.2927
2025-08-27 13:00:00+00:00,13403.2927
2025-08-27 13:15:00+00:00,13403.2927
2025-08-27 13:30:00+00:00,13403.2927
2025-08-27 13:45:00+00:00,13403.2927
2025-08-27 14:00:00+00:00,13403.2927
2025-08-27 14:15:00+00:00,13403.2927
2025-08-27 14:30:00+00:00,13403.2927
2025-08-27 14:45:00+00:00,13403.2927
2025-08-27 15:00:00+00:00,13403.2927
2025-08-27 15:15:00+00:00,13403.2927
2025-08-27 15:30:00+00:00,13403.2927
2025-08-27 15:45:00+00:00,13403.2927
2025-08-27 16:00:00+00:00,13403.2927
2025-08-27 16:15:00+00:00,13403.2927
2025-08-27 16:30:00+00:00,13403.2927
2025-08-27 16:45:00+00:00,13403.2927
2025-08-27 17:00:00+00:00,13403.2927
2025-08-27 17:15:00+00:00,13403.2927
2025-08-27 17:30:00+00:00,13403.2927
2025-08-27 17:45:00+00:00,13403.2927
2025-08-27 18:00:00+00:00,13403.2927
2025-08-27 18:15:00+00:00,13403.2927
2025-08-27 18:30:00+00:00,13403.2927
2025-08-27 18:45:00+00:00,13403.2927
2025-08-27 19:00:00+00:00,13269.2598
2025-08-27 19:15:00+00:00,13269.2598
2025-08-27 19:30:00+00:00,13269.2598
2025-08-27 19:45:00+00:00,13269.2598
2025-08-27 20:00:00+00:00,13269.2598
2025-08-27 20:15:00+00:00,13269.2598
2025-08-27 20:30:00+00:00,13269.2598
2025-08-27 20:45:00+00:00,13269.2598
2025-08-27 21:00:00+00:00,13269.2598
2025-08-27 21:15:00+00:00,13136.5672
2025-08-27 21:30:00+00:00,13136.5672
2025-08-27 21:45:00+00:00,13136.5672
2025-08-27 22:00:00+00:00,13136.5672
2025-08-27 22:15:00+00:00,13136.5672
2025-08-27 22:30:00+00:00,13136.5672
2025-08-27 22:45:00+00:00,13136.5672
2025-08-27 23:00:00+00:00,13136.5672
2025-08-27 23:15:00+00:00,13136.5672
2025-08-27 23:30:00+00:00,13136.5672
2025-08-27 23:45:00+00:00,13136.5672
2025-08-28 00:00:00+00:00,13136.5672
2025-08-28 00:15:00+00:00,13136.5672
2025-08-28 00:30:00+00:00,13136.5672
2025-08-28 00:45:00+00:00,13136.5672
2025-08-28 01:00:00+00:00,13136.5672
2025-08-28 01:15:00+00:00,13136.5672
2025-08-28 01:30:00+00:00,13136.5672
2025-08-28 01:45:00+00:00,13136.5672
2025-08-28 02:00:00+00:00,13136.5672
2025-08-28 02:15:00+00:00,13136.5672
2025-08-28 02:30:00+00:00,13136.5672
2025-08-28 02:45:00+00:00,13136.5672
2025-08-28 03:00:00+00:00,13136.5672
2025-08-28 03:15:00+00:00,13136.5672
2025-08-28 03:30:00+00:00,13136.5672
2025-08-28 03:45:00+00:00,13136.5672
2025-08-28 04:00:00+00:00,13136.5672
2025-08-28 04:15:00+00:00,13136.5672
2025-08-28 04:30:00+00:00,13136.5672
2025-08-28 04:45:00+00:00,13136.5672
2025-08-28 05:00:00+00:00,13136.5672
2025-08-28 05:15:00+00:00,13136.5672
2025-08-28 05:30:00+00:00,13136.5672
2025-08-28 05:45:00+00:00,13136.5672
2025-08-28 06:00:00+00:00,13136.5672
2025-08-28 06:15:00+00:00,13136.5672
2025-08-28 06:30:00+00:00,13136.5672
2025-08-28 06:45:00+00:00,13136.5672
2025-08-28 07:00:00+00:00,13136.5672
2025-08-28 07:15:00+00:00,13136.5672
2025-08-28 07:30:00+00:00,13136.5672
2025-08-28 07:45:00+00:00,13136.5672
2025-08-28 08:00:00+00:00,13136.5672
2025-08-28 08:15:00+00:00,13136.5672
2025-08-28 08:30:00+00:00,13136.5672
2025-08-28 08:45:00+00:00,13136.5672
2025-08-28 09:00:00+00:00,13136.5672
2025-08-28 09:15:00+00:00,13136.5672
2025-08-28 09:30:00+00:00,13136.5672
2025-08-28 09:45:00+00:00,13136.5672
2025-08-28 10:00:00+00:00,13136.5672
2025-08-28 10:15:00+00:00,13136.5672
2025-08-28 10:30:00+00:00,13136.5672
2025-08-28 10:45:00+00:00,13136.5672
2025-08-28 11:00:00+00:00,13136.5672
2025-08-28 11:15:00+00:00,13136.5672
2025-08-28 11:30:00+00:00,13136.5672
2025-08-28 11:45:00+00:00,13136.5672
2025-08-28 12:00:00+00:00,13136.5672
2025-08-28 12:15:00+00:00,13136.5672
2025-08-28 12:30:00+00:00,13136.5672
2025-08-28 12:45:00+00:00,13136.5672
2025-08-28 13:00:00+00:00,13136.5672
2025-08-28 13:15:00+00:00,13136.5672
2025-08-28 13:30:00+00:00,13136.5672
2025-08-28 13:45:00+00:00,13136.5672
2025-08-28 14:00:00+00:00,13136.5672
2025-08-28 14:15:00+00:00,13136.5672
2025-08-28 14:30:00+00:00,13136.5672
2025-08-28 14:45:00+00:00,13136.5672
2025-08-28 15:00:00+00:00,13136.5672
2025-08-28 15:15:00+00:00,13136.5672
2025-08-28 15:30:00+00:00,13136.5672
2025-08-28 15:45:00+00:00,13136.5672
2025-08-28 16:00:00+00:00,13136.5672
2025-08-28 16:15:00+00:00,13136.5672
2025-08-28 16:30:00+00:00,13136.5672
2025-08-28 16:45:00+00:00,13005.2015
2025-08-28 17:00:00+00:00,13005.2015
2025-08-28 17:15:00+00:00,13005.2015
2025-08-28 17:30:00+00:00,13005.2015
2025-08-28 17:45:00+00:00,13005.2015
2025-08-28 18:00:00+00:00,13005.2015
2025-08-28 18:15:00+00:00,13005.2015
2025-08-28 18:30:00+00:00,13005.2015
2025-08-28 18:45:00+00:00,13005.2015
2025-08-28 19:00:00+00:00,13005.2015
2025-08-28 19:15:00+00:00,13005.2015
2025-08-28 19:30:00+00:00,13005.2015
2025-08-28 19:45:00+00:00,13005.2015
2025-08-28 20:00:00+00:00,13005.2015
2025-08-28 20:15:00+00:00,13005.2015
2025-08-28 20:30:00+00:00,13005.2015
2025-08-28 20:45:00+00:00,13005.2015
2025-08-28 21:00:00+00:00,13005.2015
2025-08-28 21:15:00+00:00,13005.2015
2025-08-28 21:30:00+00:00,13005.2015
2025-08-28 21:45:00+00:00,13005.2015
2025-08-28 22:00:00+00:00,13005.2015
2025-08-28 22:15:00+00:00,13005.2015
2025-08-28 22:30:00+00:00,13005.2015
2025-08-28 22:45:00+00:00,13005.2015
2025-08-28 23:00:00+00:00,13005.2015
2025-08-28 23:15:00+00:00,13005.2015
2025-08-28 23:30:00+00:00,13005.2015
2025-08-28 23:45:00+00:00,13005.2015
2025-08-29 00:00:00+00:00,13005.2015
2025-08-29 00:15:00+00:00,13005.2015
2025-08-29 00:30:00+00:00,13005.2015
2025-08-29 00:45:00+00:00,13005.2015
2025-08-29 01:00:00+00:00,13005.2015
2025-08-29 01:15:00+00:00,13005.2015
2025-08-29 01:30:00+00:00,13005.2015
2025-08-29 01:45:00+00:00,13005.2015
2025-08-29 02:00:00+00:00,13005.2015
2025-08-29 02:15:00+00:00,13005.2015
2025-08-29 02:30:00+00:00,13005.2015
2025-08-29 02:45:00+00:00,13005.2015
2025-08-29 03:00:00+00:00,13005.2015
2025-08-29 03:15:00+00:00,13005.2015
2025-08-29 03:30:00+00:00,13005.2015
2025-08-29 03:45:00+00:00,13005.2015
2025-08-29 04:00:00+00:00,13005.2015
2025-08-29 04:15:00+00:00,13005.2015
2025-08-29 04:30:00+00:00,13005.2015
2025-08-29 04:45:00+00:00,13005.2015
2025-08-29 05:00:00+00:00,13005.2015
2025-08-29 05:15:00+00:00,13005.2015
2025-08-29 05:30:00+00:00,13005.2015
2025-08-29 05:45:00+00:00,13005.2015
2025-08-29 06:00:00+00:00,13005.2015
2025-08-29 06:15:00+00:00,13005.2015
2025-08-29 06:30:00+00:00,13005.2015
2025-08-29 06:45:00+00:00,13005.2015
2025-08-29 07:00:00+00:00,13005.2015
2025-08-29 07:15:00+00:00,13005.2015
2025-08-29 07:30:00+00:00,13005.2015
2025-08-29 07:45:00+00:00,13005.2015
2025-08-29 08:00:00+00:00,13005.2015
2025-08-29 08:15:00+00:00,13005.2015
2025-08-29 08:30:00+00:00,13005.2015
2025-08-29 08:45:00+00:00,13005.2015
2025-08-29 09:00:00+00:00,13005.2015
2025-08-29 09:15:00+00:00,13005.2015
2025-08-29 09:30:00+00:00,13005.2015
2025-08-29 09:45:00+00:00,13005.2015
2025-08-29 10:00:00+00:00,13005.2015
2025-08-29 10:15:00+00:00,13005.2015
2025-08-29 10:30:00+00:00,13005.2015
2025-08-29 10:45:00+00:00,13005.2015
2025-08-29 11:00:00+00:00,13005.2015
2025-08-29 11:15:00+00:00,13005.2015
2025-08-29 11:30:00+00:00,13005.2015
2025-08-29 11:45:00+00:00,13005.2015
2025-08-29 12:00:00+00:00,13005.2015
2025-08-29 12:15:00+00:00,13005.2015
2025-08-29 12:30:00+00:00,13005.2015
2025-08-29 12:45:00+00:00,13005.2015
2025-08-29 13:00:00+00:00,13005.2015
2025-08-29 13:15:00+00:00,13005.2015
2025-08-29 13:30:00+00:00,13265.3056
2025-08-29 13:45:00+00:00,13265.3056
2025-08-29 14:00:00+00:00,13265.3056
2025-08-29 14:15:00+00:00,13265.3056
2025-08-29 14:30:00+00:00,13265.3056
2025-08-29 14:45:00+00:00,13265.3056
2025-08-29 15:00:00+00:00,13265.3056
2025-08-29 15:15:00+00:00,13265.3056
2025-08-29 15:30:00+00:00,13265.3056
2025-08-29 15:45:00+00:00,13265.3056
2025-08-29 16:00:00+00:00,13265.3056
2025-08-29 16:15:00+00:00,13265.3056
2025-08-29 16:30:00+00:00,13265.3056
2025-08-29 16:45:00+00:00,13265.3056
2025-08-29 17:00:00+00:00,13265.3056
2025-08-29 17:15:00+00:00,13265.3056
2025-08-29 17:30:00+00:00,13265.3056
2025-08-29 17:45:00+00:00,13265.3056
2025-08-29 18:00:00+00:00,13265.3056
2025-08-29 18:15:00+00:00,13265.3056
2025-08-29 18:30:00+00:00,13265.3056
2025-08-29 18:45:00+00:00,13265.3056
2025-08-29 19:00:00+00:00,13265.3056
2025-08-29 19:15:00+00:00,13265.3056
2025-08-29 19:30:00+00:00,13265.3056
2025-08-29 19:45:00+00:00,13265.3056
2025-08-29 20:00:00+00:00,13530.6117
2025-08-29 20:15:00+00:00,13530.6117
2025-08-29 20:30:00+00:00,13530.6117
2025-08-29 20:45:00+00:00,13530.6117
2025-08-29 21:00:00+00:00,13530.6117
2025-08-29 21:15:00+00:00,13530.6117
2025-08-29 21:30:00+00:00,13530.6117
2025-08-29 21:45:00+00:00,13530.6117
2025-08-29 22:00:00+00:00,13530.6117
2025-08-29 22:15:00+00:00,13530.6117
2025-08-29 22:30:00+00:00,13530.6117
2025-08-29 22:45:00+00:00,13530.6117
2025-08-29 23:00:00+00:00,13530.6117
2025-08-29 23:15:00+00:00,13530.6117
2025-08-29 23:30:00+00:00,13530.6117
2025-08-29 23:45:00+00:00,13530.6117
2025-08-30 00:00:00+00:00,13530.6117
2025-08-30 00:15:00+00:00,13530.6117
2025-08-30 00:30:00+00:00,13530.6117
2025-08-30 00:45:00+00:00,13530.6117
2025-08-30 01:00:00+00:00,13530.6117
2025-08-30 01:15:00+00:00,13530.6117
2025-08-30 01:30:00+00:00,13530.6117
2025-08-30 01:45:00+00:00,13530.6117
2025-08-30 02:00:00+00:00,13530.6117
2025-08-30 02:15:00+00:00,13530.6117
2025-08-30 02:30:00+00:00,13530.6117
2025-08-30 02:45:00+00:00,13530.6117
2025-08-30 03:00:00+00:00,13530.6117
2025-08-30 03:15:00+00:00,13530.6117
2025-08-30 03:30:00+00:00,13530.6117
2025-08-30 03:45:00+00:00,13530.6117
2025-08-30 04:00:00+00:00,13530.6117
2025-08-30 04:15:00+00:00,13530.6117
2025-08-30 04:30:00+00:00,13530.6117
2025-08-30 04:45:00+00:00,13530.6117
2025-08-30 05:00:00+00:00,13530.6117
2025-08-30 05:15:00+00:00,13530.6117
2025-08-30 05:30:00+00:00,13530.6117
2025-08-30 05:45:00+00:00,13530.6117
2025-08-30 06:00:00+00:00,13395.3056
2025-08-30 06:15:00+00:00,13395.3056
2025-08-30 06:30:00+00:00,13395.3056
2025-08-30 06:45:00+00:00,13395.3056
2025-08-30 07:00:00+00:00,13395.3056
2025-08-30 07:15:00+00:00,13395.3056
2025-08-30 07:30:00+00:00,13395.3056
2025-08-30 07:45:00+00:00,13395.3056
2025-08-30 08:00:00+00:00,13395.3056
2025-08-30 08:15:00+00:00,13395.3056
2025-08-30 08:30:00+00:00,13395.3056
2025-08-30 08:45:00+00:00,13395.3056
2025-08-30 09:00:00+00:00,13395.3056
2025-08-30 09:15:00+00:00,13395.3056
2025-08-30 09:30:00+00:00,13395.3056
2025-08-30 09:45:00+00:00,13395.3056
2025-08-30 10:00:00+00:00,13395.3056
2025-08-30 10:15:00+00:00,13395.3056
2025-08-30 10:30:00+00:00,13395.3056
2025-08-30 10:45:00+00:00,13395.3056
2025-08-30 11:00:00+00:00,13395.3056
2025-08-30 11:15:00+00:00,13395.3056
2025-08-30 11:30:00+00:00,13395.3056
2025-08-30 11:45:00+00:00,13395.3056
2025-08-30 12:00:00+00:00,13395.3056
2025-08-30 12:15:00+00:00,13395.3056
2025-08-30 12:30:00+00:00,13663.2117
2025-08-30 12:45:00+00:00,13663.2117
2025-08-30 13:00:00+00:00,13663.2117
2025-08-30 13:15:00+00:00,13663.2117
2025-08-30 13:30:00+00:00,13663.2117
2025-08-30 13:45:00+00:00,13663.2117
2025-08-30 14:00:00+00:00,13663.2117
2025-08-30 14:15:00+00:00,13663.2117
2025-08-30 14:30:00+00:00,13526.5796
2025-08-30 14:45:00+00:00,13526.5796
2025-08-30 15:00:00+00:00,13526.5796
2025-08-30 15:15:00+00:00,13391.3138
2025-08-30 15:30:00+00:00,13391.3138
2025-08-30 15:45:00+00:00,13391.3138
2025-08-30 16:00:00+00:00,13659.14
2025-08-30 16:15:00+00:00,13659.14
2025-08-30 16:30:00+00:00,13659.14
2025-08-30 16:45:00+00:00,13659.14
2025-08-30 17:00:00+00:00,13659.14
2025-08-30 17:15:00+00:00,13659.14
2025-08-30 17:30:00+00:00,13659.14
2025-08-30 17:45:00+00:00,13522.5486
2025-08-30 18:00:00+00:00,13522.5486
2025-08-30 18:15:00+00:00,13522.5486
2025-08-30 18:30:00+00:00,13522.5486
2025-08-30 18:45:00+00:00,13522.5486
2025-08-30 19:00:00+00:00,13522.5486
2025-08-30 19:15:00+00:00,13522.5486
2025-08-30 19:30:00+00:00,13522.5486
2025-08-30 19:45:00+00:00,13522.5486
2025-08-30 20:00:00+00:00,13522.5486
2025-08-30 20:15:00+00:00,13522.5486
2025-08-30 20:30:00+00:00,13522.5486
2025-08-30 20:45:00+00:00,13522.5486
2025-08-30 21:00:00+00:00,13522.5486
2025-08-30 21:15:00+00:00,13522.5486
2025-08-30 21:30:00+00:00,13522.5486
2025-08-30 21:45:00+00:00,13522.5486
2025-08-30 22:00:00+00:00,13522.5486
2025-08-30 22:15:00+00:00,13522.5486
2025-08-30 22:30:00+00:00,13522.5486
2025-08-30 22:45:00+00:00,13522.5486
2025-08-30 23:00:00+00:00,13522.5486
2025-08-30 23:15:00+00:00,13522.5486
2025-08-30 23:30:00+00:00,13522.5486
2025-08-30 23:45:00+00:00,13522.5486
2025-08-31 00:00:00+00:00,13522.5486
2025-08-31 00:15:00+00:00,13522.5486
2025-08-31 00:30:00+00:00,13522.5486
2025-08-31 00:45:00+00:00,13522.5486
2025-08-31 01:00:00+00:00,13522.5486
2025-08-31 01:15:00+00:00,13522.5486
2025-08-31 01:30:00+00:00,13522.5486
2025-08-31 01:45:00+00:00,13522.5486
2025-08-31 02:00:00+00:00,13522.5486
2025-08-31 02:15:00+00:00,13522.5486
2025-08-31 02:30:00+00:00,13522.5486
2025-08-31 02:45:00+00:00,13522.5486
2025-08-31 03:00:00+00:00,13522.5486
2025-08-31 03:15:00+00:00,13522.5486
2025-08-31 03:30:00+00:00,13522.5486
2025-08-31 03:45:00+00:00,13522.5486
2025-08-31 04:00:00+00:00,13522.5486
2025-08-31 04:15:00+00:00,13522.5486
2025-08-31 04:30:00+00:00,13522.5486
2025-08-31 04:45:00+00:00,13522.5486
2025-08-31 05:00:00+00:00,13522.5486
2025-08-31 05:15:00+00:00,13522.5486
2025-08-31 05:30:00+00:00,13522.5486
2025-08-31 05:45:00+00:00,13522.5486
2025-08-31 06:00:00+00:00,13522.5486
2025-08-31 06:15:00+00:00,13522.5486
2025-08-31 06:30:00+00:00,13522.5486
2025-08-31 06:45:00+00:00,13522.5486
2025-08-31 07:00:00+00:00,13522.5486
2025-08-31 07:15:00+00:00,13522.5486
2025-08-31 07:30:00+00:00,13522.5486
2025-08-31 07:45:00+00:00,13522.5486
2025-08-31 08:00:00+00:00,13522.5486
2025-08-31 08:15:00+00:00,13522.5486
2025-08-31 08:30:00+00:00,13522.5486
2025-08-31 08:45:00+00:00,13522.5486
2025-08-31 09:00:00+00:00,13522.5486
2025-08-31 09:15:00+00:00,13522.5486
2025-08-31 09:30:00+00:00,13522.5486
2025-08-31 09:45:00+00:00,13522.5486
2025-08-31 10:00:00+00:00,13522.5486
2025-08-31 10:15:00+00:00,13522.5486
2025-08-31 10:30:00+00:00,13522.5486
2025-08-31 10:45:00+00:00,13522.5486
2025-08-31 11:00:00+00:00,13522.5486
2025-08-31 11:15:00+00:00,13522.5486
2025-08-31 11:30:00+00:00,13522.5486
2025-08-31 11:45:00+00:00,13522.5486
2025-08-31 12:00:00+00:00,13522.5486
2025-08-31 12:15:00+00:00,13522.5486
2025-08-31 12:30:00+00:00,13522.5486
2025-08-31 12:45:00+00:00,13522.5486
2025-08-31 13:00:00+00:00,13522.5486
2025-08-31 13:15:00+00:00,13522.5486
2025-08-31 13:30:00+00:00,13522.5486
2025-08-31 13:45:00+00:00,13522.5486
2025-08-31 14:00:00+00:00,13522.5486
2025-08-31 14:15:00+00:00,13522.5486
2025-08-31 14:30:00+00:00,13522.5486
2025-08-31 14:45:00+00:00,13522.5486
2025-08-31 15:00:00+00:00,13522.5486
2025-08-31 15:15:00+00:00,13522.5486
2025-08-31 15:30:00+00:00,13522.5486
2025-08-31 15:45:00+00:00,13387.3231
2025-08-31 16:00:00+00:00,13387.3231
2025-08-31 16:15:00+00:00,13387.3231
2025-08-31 16:30:00+00:00,13387.3231
2025-08-31 16:45:00+00:00,13387.3231
2025-08-31 17:00:00+00:00,13387.3231
2025-08-31 17:15:00+00:00,13387.3231
2025-08-31 17:30:00+00:00,13387.3231
2025-08-31 17:45:00+00:00,13387.3231
2025-08-31 18:00:00+00:00,13387.3231
2025-08-31 18:15:00+00:00,13387.3231
2025-08-31 18:30:00+00:00,13387.3231
2025-08-31 18:45:00+00:00,13387.3231
2025-08-31 19:00:00+00:00,13387.3231
2025-08-31 19:15:00+00:00,13387.3231
2025-08-31 19:30:00+00:00,13387.3231
2025-08-31 19:45:00+00:00,13387.3231
2025-08-31 20:00:00+00:00,13387.3231
2025-08-31 20:15:00+00:00,13387.3231
2025-08-31 20:30:00+00:00,13387.3231
2025-08-31 20:45:00+00:00,13387.3231
2025-08-31 21:00:00+00:00,13387.3231
2025-08-31 21:15:00+00:00,13387.3231
2025-08-31 21:30:00+00:00,13387.3231
2025-08-31 21:45:00+00:00,13387.3231
2025-08-31 22:00:00+00:00,13387.3231
2025-08-31 22:15:00+00:00,13387.3231
2025-08-31 22:30:00+00:00,13387.3231
2025-08-31 22:45:00+00:00,13387.3231
2025-08-31 23:00:00+00:00,13387.3231
2025-08-31 23:15:00+00:00,13387.3231
2025-08-31 23:30:00+00:00,13387.3231
2025-08-31 23:45:00+00:00,13387.3231
2025-09-01 00:00:00+00:00,13387.3231
2025-09-01 00:15:00+00:00,13387.3231
2025-09-01 00:30:00+00:00,13387.3231
2025-09-01 00:45:00+00:00,13387.3231
2025-09-01 01:00:00+00:00,13387.3231
2025-09-01 01:15:00+00:00,13387.3231
2025-09-01 01:30:00+00:00,13387.3231
2025-09-01 01:45:00+00:00,13387.3231
2025-09-01 02:00:00+00:00,13387.3231
2025-09-01 02:15:00+00:00,13387.3231
2025-09-01 02:30:00+00:00,13387.3231
2025-09-01 02:45:00+00:00,13655.0696
2025-09-01 03:00:00+00:00,13655.0696
2025-09-01 03:15:00+00:00,13655.0696
2025-09-01 03:30:00+00:00,13655.0696
2025-09-01 03:45:00+00:00,13655.0696
2025-09-01 04:00:00+00:00,13655.0696
2025-09-01 04:15:00+00:00,13655.0696
2025-09-01 04:30:00+00:00,13655.0696
2025-09-01 04:45:00+00:00,13655.0696
2025-09-01 05:00:00+00:00,13655.0696
2025-09-01 05:15:00+00:00,13655.0696
2025-09-01 05:30:00+00:00,13655.0696
2025-09-01 05:45:00+00:00,13655.0696
2025-09-01 06:00:00+00:00,13655.0696
2025-09-01 06:15:00+00:00,13655.0696
2025-09-01 06:30:00+00:00,13655.0696
2025-09-01 06:45:00+00:00,13655.0696
2025-09-01 07:00:00+00:00,13655.0696
2025-09-01 07:15:00+00:00,13655.0696
2025-09-01 07:30:00+00:00,13655.0696
2025-09-01 07:45:00+00:00,13655.0696
2025-09-01 08:00:00+00:00,13655.0696
2025-09-01 08:15:00+00:00,13655.0696
2025-09-01 08:30:00+00:00,13655.0696
2025-09-01 08:45:00+00:00,13655.0696
2025-09-01 09:00:00+00:00,13655.0696
2025-09-01 09:15:00+00:00,13655.0696
2025-09-01 09:30:00+00:00,13655.0696
2025-09-01 09:45:00+00:00,13655.0696
2025-09-01 10:00:00+00:00,13655.0696
2025-09-01 10:15:00+00:00,13655.0696
2025-09-01 10:30:00+00:00,13655.0696
2025-09-01 10:45:00+00:00,13655.0696
2025-09-01 11:00:00+00:00,13655.0696
2025-09-01 11:15:00+00:00,13655.0696
2025-09-01 11:30:00+00:00,13655.0696
2025-09-01 11:45:00+00:00,13655.0696
2025-09-01 12:00:00+00:00,13655.0696
2025-09-01 12:15:00+00:00,13655.0696
2025-09-01 12:30:00+00:00,13655.0696
2025-09-01 12:45:00+00:00,13655.0696
2025-09-01 13:00:00+00:00,13655.0696
2025-09-01 13:15:00+00:00,13655.0696
2025-09-01 13:30:00+00:00,13655.0696
2025-09-01 13:45:00+00:00,13518.5189
2025-09-01 14:00:00+00:00,13518.5189
2025-09-01 14:15:00+00:00,13518.5189
2025-09-01 14:30:00+00:00,13518.5189
2025-09-01 14:45:00+00:00,13518.5189
2025-09-01 15:00:00+00:00,13518.5189
2025-09-01 15:15:00+00:00,13518.5189
2025-09-01 15:30:00+00:00,13518.5189
2025-09-01 15:45:00+00:00,13518.5189
2025-09-01 16:00:00+00:00,13518.5189
2025-09-01 16:15:00+00:00,13518.5189
2025-09-01 16:30:00+00:00,13518.5189
2025-09-01 16:45:00+00:00,13518.5189
2025-09-01 17:00:00+00:00,13518.5189
2025-09-01 17:15:00+00:00,13518.5189
2025-09-01 17:30:00+00:00,13518.5189
2025-09-01 17:45:00+00:00,13518.5189
2025-09-01 18:00:00+00:00,13518.5189
2025-09-01 18:15:00+00:00,13518.5189
2025-09-01 18:30:00+00:00,13518.5189
2025-09-01 18:45:00+00:00,13518.5189
2025-09-01 19:00:00+00:00,13518.5189
2025-09-01 19:15:00+00:00,13518.5189
2025-09-01 19:30:00+00:00,13518.5189
2025-09-01 19:45:00+00:00,13518.5189
2025-09-01 20:00:00+00:00,13518.5189
2025-09-01 20:15:00+00:00,13518.5189
2025-09-01 20:30:00+00:00,13518.5189
2025-09-01 20:45:00+00:00,13518.5189
2025-09-01 21:00:00+00:00,13518.5189
2025-09-01 21:15:00+00:00,13518.5189
2025-09-01 21:30:00+00:00,13518.5189
2025-09-01 21:45:00+00:00,13518.5189
2025-09-01 22:00:00+00:00,13518.5189
2025-09-01 22:15:00+00:00,13518.5189
2025-09-01 22:30:00+00:00,13518.5189
2025-09-01 22:45:00+00:00,13518.5189
2025-09-01 23:00:00+00:00,13518.5189
2025-09-01 23:15:00+00:00,13518.5189
2025-09-01 23:30:00+00:00,13518.5189
2025-09-01 23:45:00+00:00,13518.5189
2025-09-02 00:00:00+00:00,13518.5189
2025-09-02 00:15:00+00:00,13518.5189
2025-09-02 00:30:00+00:00,13518.5189
2025-09-02 00:45:00+00:00,13518.5189
2025-09-02 01:00:00+00:00,13518.5189
2025-09-02 01:15:00+00:00,13518.5189
2025-09-02 01:30:00+00:00,13518.5189
2025-09-02 01:45:00+00:00,13518.5189
2025-09-02 02:00:00+00:00,13518.5189
2025-09-02 02:15:00+00:00,13518.5189
2025-09-02 02:30:00+00:00,13518.5189
2025-09-02 02:45:00+00:00,13518.5189
2025-09-02 03:00:00+00:00,13518.5189
2025-09-02 03:15:00+00:00,13518.5189
2025-09-02 03:30:00+00:00,13518.5189
2025-09-02 03:45:00+00:00,13518.5189
2025-09-02 04:00:00+00:00,13518.5189
2025-09-02 04:15:00+00:00,13518.5189
2025-09-02 04:30:00+00:00,13518.5189
2025-09-02 04:45:00+00:00,13518.5189
2025-09-02 05:00:00+00:00,13518.5189
2025-09-02 05:15:00+00:00,13518.5189
2025-09-02 05:30:00+00:00,13518.5189
2025-09-02 05:45:00+00:00,13518.5189
2025-09-02 06:00:00+00:00,13518.5189
2025-09-02 06:15:00+00:00,13518.5189
2025-09-02 06:30:00+00:00,13518.5189
2025-09-02 06:45:00+00:00,13518.5189
2025-09-02 07:00:00+00:00,13518.5189
2025-09-02 07:15:00+00:00,13518.5189
2025-09-02 07:30:00+00:00,13518.5189
2025-09-02 07:45:00+00:00,13518.5189
2025-09-02 08:00:00+00:00,13518.5189
2025-09-02 08:15:00+00:00,13518.5189
2025-09-02 08:30:00+00:00,13518.5189
2025-09-02 08:45:00+00:00,13518.5189
2025-09-02 09:00:00+00:00,13518.5189
2025-09-02 09:15:00+00:00,13518.5189
2025-09-02 09:30:00+00:00,13518.5189
2025-09-02 09:45:00+00:00,13518.5189
2025-09-02 10:00:00+00:00,13518.5189
2025-09-02 10:15:00+00:00,13518.5189
2025-09-02 10:30:00+00:00,13518.5189
2025-09-02 10:45:00+00:00,13518.5189
2025-09-02 11:00:00+00:00,13518.5189
2025-09-02 11:15:00+00:00,13518.5189
2025-09-02 11:30:00+00:00,13518.5189
2025-09-02 11:45:00+00:00,13518.5189
2025-09-02 12:00:00+00:00,13518.5189
2025-09-02 12:15:00+00:00,13518.5189
2025-09-02 12:30:00+00:00,13518.5189
2025-09-02 12:45:00+00:00,13518.5189
2025-09-02 13:00:00+00:00,13518.5189
2025-09-02 13:15:00+00:00,13518.5189
2025-09-02 13:30:00+00:00,13518.5189
2025-09-02 13:45:00+00:00,13518.5189
2025-09-02 14:00:00+00:00,13518.5189
2025-09-02 14:15:00+00:00,13518.5189
2025-09-02 14:30:00+00:00,13518.5189
2025-09-02 14:45:00+00:00,13518.5189
2025-09-02 15:00:00+00:00,13518.5189
2025-09-02 15:15:00+00:00,13518.5189
2025-09-02 15:30:00+00:00,13518.5189
2025-09-02 15:45:00+00:00,13383.3337
2025-09-02 16:00:00+00:00,13383.3337
2025-09-02 16:15:00+00:00,13383.3337
2025-09-02 16:30:00+00:00,13383.3337
2025-09-02 16:45:00+00:00,13383.3337
2025-09-02 17:00:00+00:00,13383.3337
2025-09-02 17:15:00+00:00,13383.3337
2025-09-02 17:30:00+00:00,13383.3337
2025-09-02 17:45:00+00:00,13383.3337
2025-09-02 18:00:00+00:00,13383.3337
2025-09-02 18:15:00+00:00,13383.3337
2025-09-02 18:30:00+00:00,13383.3337
2025-09-02 18:45:00+00:00,13383.3337
2025-09-02 19:00:00+00:00,13383.3337
2025-09-02 19:15:00+00:00,13383.3337
2025-09-02 19:30:00+00:00,13383.3337
2025-09-02 19:45:00+00:00,13383.3337
2025-09-02 20:00:00+00:00,13383.3337
2025-09-02 20:15:00+00:00,13383.3337
2025-09-02 20:30:00+00:00,13383.3337
2025-09-02 20:45:00+00:00,13383.3337
2025-09-02 21:00:00+00:00,13383.3337
2025-09-02 21:15:00+00:00,13383.3337
2025-09-02 21:30:00+00:00,13383.3337
2025-09-02 21:45:00+00:00,13383.3337
2025-09-02 22:00:00+00:00,13383.3337
2025-09-02 22:15:00+00:00,13383.3337
2025-09-02 22:30:00+00:00,13383.3337
2025-09-02 22:45:00+00:00,13383.3337
2025-09-02 23:00:00+00:00,13383.3337
2025-09-02 23:15:00+00:00,13383.3337
2025-09-02 23:30:00+00:00,13383.3337
2025-09-02 23:45:00+00:00,13383.3337
2025-09-03 00:00:00+00:00,13383.3337
2025-09-03 00:15:00+00:00,13383.3337
2025-09-03 00:30:00+00:00,13383.3337
2025-09-03 00:45:00+00:00,13383.3337
2025-09-03 01:00:00+00:00,13383.3337
2025-09-03 01:15:00+00:00,13383.3337
2025-09-03 01:30:00+00:00,13383.3337
2025-09-03 01:45:00+00:00,13383.3337
2025-09-03 02:00:00+00:00,13383.3337
2025-09-03 02:15:00+00:00,13383.3337
2025-09-03 02:30:00+00:00,13383.3337
2025-09-03 02:45:00+00:00,13383.3337
2025-09-03 03:00:00+00:00,13383.3337
2025-09-03 03:15:00+00:00,13383.3337
2025-09-03 03:30:00+00:00,13383.3337
2025-09-03 03:45:00+00:00,13383.3337
2025-09-03 04:00:00+00:00,13383.3337
2025-09-03 04:15:00+00:00,13383.3337
2025-09-03 04:30:00+00:00,13383.3337
2025-09-03 04:45:00+00:00,13383.3337
2025-09-03 05:00:00+00:00,13383.3337
2025-09-03 05:15:00+00:00,13249.5004
2025-09-03 05:30:00+00:00,13249.5004
2025-09-03 05:45:00+00:00,13249.5004
2025-09-03 06:00:00+00:00,13249.5004
2025-09-03 06:15:00+00:00,13249.5004
2025-09-03 06:30:00+00:00,13249.5004
2025-09-03 06:45:00+00:00,13249.5004
2025-09-03 07:00:00+00:00,13117.0054
2025-09-03 07:15:00+00:00,13117.0054
2025-09-03 07:30:00+00:00,13117.0054
2025-09-03 07:45:00+00:00,13117.0054
2025-09-03 08:00:00+00:00,13379.3455
2025-09-03 08:15:00+00:00,13379.3455
2025-09-03 08:30:00+00:00,13379.3455
2025-09-03 08:45:00+00:00,13379.3455
2025-09-03 09:00:00+00:00,13379.3455
2025-09-03 09:15:00+00:00,13379.3455
2025-09-03 09:30:00+00:00,13379.3455
2025-09-03 09:45:00+00:00,13379.3455
2025-09-03 10:00:00+00:00,13379.3455
2025-09-03 10:15:00+00:00,13379.3455
2025-09-03 10:30:00+00:00,13379.3455
2025-09-03 10:45:00+00:00,13379.3455
2025-09-03 11:00:00+00:00,13646.9324
2025-09-03 11:15:00+00:00,13646.9324
2025-09-03 11:30:00+00:00,13646.9324
2025-09-03 11:45:00+00:00,13646.9324
2025-09-03 12:00:00+00:00,13646.9324
2025-09-03 12:15:00+00:00,13646.9324
2025-09-03 12:30:00+00:00,13646.9324
2025-09-03 12:45:00+00:00,13646.9324
2025-09-03 13:00:00+00:00,13646.9324
2025-09-03 13:15:00+00:00,13646.9324
2025-09-03 13:30:00+00:00,13646.9324
2025-09-03 13:45:00+00:00,13919.871
2025-09-03 14:00:00+00:00,13919.871
2025-09-03 14:15:00+00:00,13919.871
2025-09-03 14:30:00+00:00,13919.871
2025-09-03 14:45:00+00:00,13919.871
2025-09-03 15:00:00+00:00,13919.871
2025-09-03 15:15:00+00:00,13919.871
2025-09-03 15:30:00+00:00,13919.871
2025-09-03 15:45:00+00:00,13919.871
2025-09-03 16:00:00+00:00,13919.871
2025-09-03 16:15:00+00:00,13919.871
2025-09-03 16:30:00+00:00,13919.871
2025-09-03 16:45:00+00:00,13919.871
2025-09-03 17:00:00+00:00,13919.871
2025-09-03 17:15:00+00:00,13919.871
2025-09-03 17:30:00+00:00,13919.871
2025-09-03 17:45:00+00:00,13919.871
2025-09-03 18:00:00+00:00,13919.871
2025-09-03 18:15:00+00:00,13919.871
2025-09-03 18:30:00+00:00,13919.871
2025-09-03 18:45:00+00:00,13919.871
2025-09-03 19:00:00+00:00,13919.871
2025-09-03 19:15:00+00:00,13919.871
2025-09-03 19:30:00+00:00,13919.871
2025-09-03 19:45:00+00:00,13919.871
2025-09-03 20:00:00+00:00,13919.871
2025-09-03 20:15:00+00:00,13919.871
2025-09-03 20:30:00+00:00,13919.871
2025-09-03 20:45:00+00:00,13919.871
2025-09-03 21:00:00+00:00,13919.871
2025-09-03 21:15:00+00:00,13919.871
2025-09-03 21:30:00+00:00,13919.871
2025-09-03 21:45:00+00:00,13919.871
2025-09-03 22:00:00+00:00,13919.871
2025-09-03 22:15:00+00:00,13919.871
2025-09-03 22:30:00+00:00,13919.871
2025-09-03 22:45:00+00:00,13919.871
2025-09-03 23:00:00+00:00,13919.871
2025-09-03 23:15:00+00:00,13919.871
2025-09-03 23:30:00+00:00,13919.871
2025-09-03 23:45:00+00:00,13919.871
2025-09-04 00:00:00+00:00,13919.871
2025-09-04 00:15:00+00:00,13919.871
2025-09-04 00:30:00+00:00,13919.871
2025-09-04 00:45:00+00:00,13919.871
2025-09-04 01:00:00+00:00,13919.871
2025-09-04 01:15:00+00:00,13919.871
2025-09-04 01:30:00+00:00,13919.871
2025-09-04 01:45:00+00:00,13919.871
2025-09-04 02:00:00+00:00,13919.871
2025-09-04 02:15:00+00:00,13780.6723
2025-09-04 02:30:00+00:00,13780.6723
2025-09-04 02:45:00+00:00,13780.6723
2025-09-04 03:00:00+00:00,13780.6723
2025-09-04 03:15:00+00:00,13780.6723
2025-09-04 03:30:00+00:00,13780.6723
2025-09-04 03:45:00+00:00,13780.6723
2025-09-04 04:00:00+00:00,13780.6723
2025-09-04 04:15:00+00:00,13780.6723
2025-09-04 04:30:00+00:00,13780.6723
2025-09-04 04:45:00+00:00,13780.6723
2025-09-04 05:00:00+00:00,13780.6723
2025-09-04 05:15:00+00:00,13780.6723
2025-09-04 05:30:00+00:00,13780.6723
2025-09-04 05:45:00+00:00,13780.6723
2025-09-04 06:00:00+00:00,13780.6723
2025-09-04 06:15:00+00:00,13780.6723
2025-09-04 06:30:00+00:00,13780.6723
2025-09-04 06:45:00+00:00,13780.6723
2025-09-04 07:00:00+00:00,13780.6723
2025-09-04 07:15:00+00:00,13780.6723
2025-09-04 07:30:00+00:00,13780.6723
2025-09-04 07:45:00+00:00,13780.6723
2025-09-04 08:00:00+00:00,13780.6723
2025-09-04 08:15:00+00:00,13780.6723
2025-09-04 08:30:00+00:00,13780.6723
2025-09-04 08:45:00+00:00,13780.6723
2025-09-04 09:00:00+00:00,13780.6723
2025-09-04 09:15:00+00:00,13780.6723
2025-09-04 09:30:00+00:00,13780.6723
2025-09-04 09:45:00+00:00,13780.6723
2025-09-04 10:00:00+00:00,13780.6723
2025-09-04 10:15:00+00:00,13780.6723
2025-09-04 10:30:00+00:00,13780.6723
2025-09-04 10:45:00+00:00,13780.6723
2025-09-04 11:00:00+00:00,13780.6723
2025-09-04 11:15:00+00:00,13780.6723
2025-09-04 11:30:00+00:00,13780.6723
2025-09-04 11:45:00+00:00,13780.6723
2025-09-04 12:00:00+00:00,13780.6723
2025-09-04 12:15:00+00:00,13780.6723
2025-09-04 12:30:00+00:00,13780.6723
2025-09-04 12:45:00+00:00,13780.6723
2025-09-04 13:00:00+00:00,13780.6723
2025-09-04 13:15:00+00:00,13780.6723
2025-09-04 13:30:00+00:00,13780.6723
2025-09-04 13:45:00+00:00,13780.6723
2025-09-04 14:00:00+00:00,13780.6723
2025-09-04 14:15:00+00:00,13780.6723
2025-09-04 14:30:00+00:00,13780.6723
2025-09-04 14:45:00+00:00,13780.6723
2025-09-04 15:00:00+00:00,13780.6723
2025-09-04 15:15:00+00:00,13780.6723
2025-09-04 15:30:00+00:00,13780.6723
2025-09-04 15:45:00+00:00,13780.6723
2025-09-04 16:00:00+00:00,13780.6723
2025-09-04 16:15:00+00:00,13780.6723
2025-09-04 16:30:00+00:00,13780.6723
2025-09-04 16:45:00+00:00,13780.6723
2025-09-04 17:00:00+00:00,13780.6723
2025-09-04 17:15:00+00:00,13780.6723
2025-09-04 17:30:00+00:00,13780.6723
2025-09-04 17:45:00+00:00,13780.6723
2025-09-04 18:00:00+00:00,13780.6723
2025-09-04 18:15:00+00:00,13780.6723
2025-09-04 18:30:00+00:00,13780.6723
2025-09-04 18:45:00+00:00,13780.6723
2025-09-04 19:00:00+00:00,13780.6723
2025-09-04 19:15:00+00:00,13780.6723
2025-09-04 19:30:00+00:00,13780.6723
2025-09-04 19:45:00+00:00,13780.6723
2025-09-04 20:00:00+00:00,13780.6723
2025-09-04 20:15:00+00:00,13780.6723
2025-09-04 20:30:00+00:00,13780.6723
2025-09-04 20:45:00+00:00,13780.6723
2025-09-04 21:00:00+00:00,13780.6723
2025-09-04 21:15:00+00:00,13780.6723
2025-09-04 21:30:00+00:00,13780.6723
2025-09-04 21:45:00+00:00,13780.6723
2025-09-04 22:00:00+00:00,13780.6723
2025-09-04 22:15:00+00:00,13780.6723
2025-09-04 22:30:00+00:00,13780.6723
2025-09-04 22:45:00+00:00,13780.6723
2025-09-04 23:00:00+00:00,13780.6723
2025-09-04 23:15:00+00:00,13780.6723
2025-09-04 23:30:00+00:00,13780.6723
2025-09-04 23:45:00+00:00,13780.6723
2025-09-05 00:00:00+00:00,13780.6723
2025-09-05 00:15:00+00:00,13780.6723
2025-09-05 00:30:00+00:00,13780.6723
2025-09-05 00:45:00+00:00,13780.6723
2025-09-05 01:00:00+00:00,13780.6723
2025-09-05 01:15:00+00:00,13780.6723
2025-09-05 01:30:00+00:00,13780.6723
2025-09-05 01:45:00+00:00,13780.6723
2025-09-05 02:00:00+00:00,13780.6723
2025-09-05 02:15:00+00:00,13780.6723
2025-09-05 02:30:00+00:00,13780.6723
2025-09-05 02:45:00+00:00,13780.6723
2025-09-05 03:00:00+00:00,13780.6723
2025-09-05 03:15:00+00:00,13780.6723
2025-09-05 03:30:00+00:00,13780.6723
2025-09-05 03:45:00+00:00,13780.6723
2025-09-05 04:00:00+00:00,13780.6723
2025-09-05 04:15:00+00:00,13780.6723
2025-09-05 04:30:00+00:00,13780.6723
2025-09-05 04:45:00+00:00,13780.6723
2025-09-05 05:00:00+00:00,13780.6723
2025-09-05 05:15:00+00:00,13780.6723
2025-09-05 05:30:00+00:00,13780.6723
2025-09-05 05:45:00+00:00,13780.6723
2025-09-05 06:00:00+00:00,13780.6723
2025-09-05 06:15:00+00:00,13780.6723
2025-09-05 06:30:00+00:00,13780.6723
2025-09-05 06:45:00+00:00,13780.6723
2025-09-05 07:00:00+00:00,13780.6723
2025-09-05 07:15:00+00:00,13780.6723
2025-09-05 07:30:00+00:00,13780.6723
2025-09-05 07:45:00+00:00,13780.6723
2025-09-05 08:00:00+00:00,13780.6723
2025-09-05 08:15:00+00:00,13780.6723
2025-09-05 08:30:00+00:00,13780.6723
2025-09-05 08:45:00+00:00,13780.6723
2025-09-05 09:00:00+00:00,13780.6723
2025-09-05 09:15:00+00:00,13780.6723
2025-09-05 09:30:00+00:00,13780.6723
2025-09-05 09:45:00+00:00,13780.6723
2025-09-05 10:00:00+00:00,13780.6723
2025-09-05 10:15:00+00:00,13780.6723
2025-09-05 10:30:00+00:00,13780.6723
2025-09-05 10:45:00+00:00,13780.6723
2025-09-05 11:00:00+00:00,13780.6723
2025-09-05 11:15:00+00:00,13780.6723
2025-09-05 11:30:00+00:00,13780.6723
2025-09-05 11:45:00+00:00,13780.6723
2025-09-05 12:00:00+00:00,13780.6723
2025-09-05 12:15:00+00:00,13780.6723
2025-09-05 12:30:00+00:00,13780.6723
2025-09-05 12:45:00+00:00,13780.6723
2025-09-05 13:00:00+00:00,13780.6723
2025-09-05 13:15:00+00:00,13780.6723
2025-09-05 13:30:00+00:00,13780.6723
2025-09-05 13:45:00+00:00,13780.6723
2025-09-05 14:00:00+00:00,13780.6723
2025-09-05 14:15:00+00:00,13780.6723
2025-09-05 14:30:00+00:00,13780.6723
2025-09-05 14:45:00+00:00,13780.6723
2025-09-05 15:00:00+00:00,13780.6723
2025-09-05 15:15:00+00:00,13780.6723
2025-09-05 15:30:00+00:00,13780.6723
2025-09-05 15:45:00+00:00,13780.6723
2025-09-05 16:00:00+00:00,13780.6723
2025-09-05 16:15:00+00:00,13780.6723
2025-09-05 16:30:00+00:00,13780.6723
2025-09-05 16:45:00+00:00,13780.6723
2025-09-05 17:00:00+00:00,13780.6723
2025-09-05 17:15:00+00:00,13780.6723
2025-09-05 17:30:00+00:00,13780.6723
2025-09-05 17:45:00+00:00,13780.6723
2025-09-05 18:00:00+00:00,13780.6723
2025-09-05 18:15:00+00:00,13780.6723
2025-09-05 18:30:00+00:00,13780.6723
2025-09-05 18:45:00+00:00,13780.6723
2025-09-05 19:00:00+00:00,13780.6723
2025-09-05 19:15:00+00:00,13780.6723
2025-09-05 19:30:00+00:00,13780.6723
2025-09-05 19:45:00+00:00,13780.6723
2025-09-05 20:00:00+00:00,13780.6723
2025-09-05 20:15:00+00:00,13780.6723
2025-09-05 20:30:00+00:00,13780.6723
2025-09-05 20:45:00+00:00,13780.6723
2025-09-05 21:00:00+00:00,13780.6723
2025-09-05 21:15:00+00:00,13780.6723
2025-09-05 21:30:00+00:00,13780.6723
2025-09-05 21:45:00+00:00,13780.6723
2025-09-05 22:00:00+00:00,13780.6723
2025-09-05 22:15:00+00:00,13780.6723
2025-09-05 22:30:00+00:00,13780.6723
2025-09-05 22:45:00+00:00,13780.6723
2025-09-05 23:00:00+00:00,13780.6723
2025-09-05 23:15:00+00:00,13780.6723
2025-09-05 23:30:00+00:00,13780.6723
2025-09-05 23:45:00+00:00,13780.6723
2025-09-06 00:00:00+00:00,13780.6723
2025-09-06 00:15:00+00:00,13780.6723
2025-09-06 00:30:00+00:00,13780.6723
2025-09-06 00:45:00+00:00,13780.6723
2025-09-06 01:00:00+00:00,13780.6723
2025-09-06 01:15:00+00:00,13780.6723
2025-09-06 01:30:00+00:00,13780.6723
2025-09-06 01:45:00+00:00,13780.6723
2025-09-06 02:00:00+00:00,13780.6723
2025-09-06 02:15:00+00:00,13780.6723
2025-09-06 02:30:00+00:00,13780.6723
2025-09-06 02:45:00+00:00,13780.6723
2025-09-06 03:00:00+00:00,13780.6723
2025-09-06 03:15:00+00:00,13780.6723
2025-09-06 03:30:00+00:00,13780.6723
2025-09-06 03:45:00+00:00,13780.6723
2025-09-06 04:00:00+00:00,13780.6723
2025-09-06 04:15:00+00:00,13780.6723
2025-09-06 04:30:00+00:00,13780.6723
2025-09-06 04:45:00+00:00,13780.6723
2025-09-06 05:00:00+00:00,13780.6723
2025-09-06 05:15:00+00:00,13780.6723
2025-09-06 05:30:00+00:00,13780.6723
2025-09-06 05:45:00+00:00,13780.6723
2025-09-06 06:00:00+00:00,13780.6723
2025-09-06 06:15:00+00:00,13780.6723
2025-09-06 06:30:00+00:00,13780.6723
2025-09-06 06:45:00+00:00,13780.6723
2025-09-06 07:00:00+00:00,13780.6723
2025-09-06 07:15:00+00:00,13780.6723
2025-09-06 07:30:00+00:00,13780.6723
2025-09-06 07:45:00+00:00,13780.6723
2025-09-06 08:00:00+00:00,13780.6723
2025-09-06 08:15:00+00:00,13780.6723
2025-09-06 08:30:00+00:00,13780.6723
2025-09-06 08:45:00+00:00,13780.6723
2025-09-06 09:00:00+00:00,13780.6723
2025-09-06 09:15:00+00:00,13780.6723
2025-09-06 09:30:00+00:00,13780.6723
2025-09-06 09:45:00+00:00,13780.6723
2025-09-06 10:00:00+00:00,13780.6723
2025-09-06 10:15:00+00:00,13780.6723
2025-09-06 10:30:00+00:00,13780.6723
2025-09-06 10:45:00+00:00,13780.6723
2025-09-06 11:00:00+00:00,13780.6723
2025-09-06 11:15:00+00:00,13780.6723
2025-09-06 11:30:00+00:00,13780.6723
2025-09-06 11:45:00+00:00,13780.6723
2025-09-06 12:00:00+00:00,13780.6723
2025-09-06 12:15:00+00:00,13780.6723
2025-09-06 12:30:00+00:00,13780.6723
2025-09-06 12:45:00+00:00,13780.6723
2025-09-06 13:00:00+00:00,13780.6723
2025-09-06 13:15:00+00:00,13780.6723
2025-09-06 13:30:00+00:00,13780.6723
2025-09-06 13:45:00+00:00,13780.6723
2025-09-06 14:00:00+00:00,13780.6723
2025-09-06 14:15:00+00:00,13780.6723
2025-09-06 14:30:00+00:00,13780.6723
2025-09-06 14:45:00+00:00,13780.6723
2025-09-06 15:00:00+00:00,13780.6723
2025-09-06 15:15:00+00:00,13780.6723
2025-09-06 15:30:00+00:00,13780.6723
2025-09-06 15:45:00+00:00,13780.6723
2025-09-06 16:00:00+00:00,13780.6723
2025-09-06 16:15:00+00:00,13780.6723
2025-09-06 16:30:00+00:00,13780.6723
2025-09-06 16:45:00+00:00,13780.6723
2025-09-06 17:00:00+00:00,13780.6723
2025-09-06 17:15:00+00:00,13780.6723
2025-09-06 17:30:00+00:00,13780.6723
2025-09-06 17:45:00+00:00,13780.6723
2025-09-06 18:00:00+00:00,13780.6723
2025-09-06 18:15:00+00:00,13780.6723
2025-09-06 18:30:00+00:00,13780.6723
2025-09-06 18:45:00+00:00,13780.6723
2025-09-06 19:00:00+00:00,13780.6723
2025-09-06 19:15:00+00:00,13780.6723
2025-09-06 19:30:00+00:00,13780.6723
2025-09-06 19:45:00+00:00,13780.6723
2025-09-06 20:00:00+00:00,13780.6723
2025-09-06 20:15:00+00:00,13780.6723
2025-09-06 20:30:00+00:00,13780.6723
2025-09-06 20:45:00+00:00,13780.6723
2025-09-06 21:00:00+00:00,13780.6723
2025-09-06 21:15:00+00:00,13780.6723
2025-09-06 21:30:00+00:00,13780.6723
2025-09-06 21:45:00+00:00,13780.6723
2025-09-06 22:00:00+00:00,13780.6723
2025-09-06 22:15:00+00:00,13780.6723
2025-09-06 22:30:00+00:00,13780.6723
2025-09-06 22:45:00+00:00,13780.6723
2025-09-06 23:00:00+00:00,13780.6723
2025-09-06 23:15:00+00:00,13780.6723
2025-09-06 23:30:00+00:00,13780.6723
2025-09-06 23:45:00+00:00,13780.6723
2025-09-07 00:00:00+00:00,13780.6723
2025-09-07 00:15:00+00:00,13780.6723
2025-09-07 00:30:00+00:00,13780.6723
2025-09-07 00:45:00+00:00,13780.6723
2025-09-07 01:00:00+00:00,13780.6723
2025-09-07 01:15:00+00:00,13780.6723
2025-09-07 01:30:00+00:00,13780.6723
2025-09-07 01:45:00+00:00,13780.6723
2025-09-07 02:00:00+00:00,13780.6723
2025-09-07 02:15:00+00:00,13780.6723
2025-09-07 02:30:00+00:00,13780.6723
2025-09-07 02:45:00+00:00,13780.6723
2025-09-07 03:00:00+00:00,13780.6723
2025-09-07 03:15:00+00:00,13780.6723
2025-09-07 03:30:00+00:00,13780.6723
2025-09-07 03:45:00+00:00,13780.6723
2025-09-07 04:00:00+00:00,13780.6723
2025-09-07 04:15:00+00:00,13780.6723
2025-09-07 04:30:00+00:00,13780.6723
2025-09-07 04:45:00+00:00,13780.6723
2025-09-07 05:00:00+00:00,13780.6723
2025-09-07 05:15:00+00:00,13780.6723
2025-09-07 05:30:00+00:00,13780.6723
2025-09-07 05:45:00+00:00,13780.6723
2025-09-07 06:00:00+00:00,13780.6723
2025-09-07 06:15:00+00:00,13780.6723
2025-09-07 06:30:00+00:00,13780.6723
2025-09-07 06:45:00+00:00,13780.6723
2025-09-07 07:00:00+00:00,13780.6723
2025-09-07 07:15:00+00:00,13780.6723
2025-09-07 07:30:00+00:00,13780.6723
2025-09-07 07:45:00+00:00,13780.6723
2025-09-07 08:00:00+00:00,13780.6723
2025-09-07 08:15:00+00:00,13780.6723
2025-09-07 08:30:00+00:00,13780.6723
2025-09-07 08:45:00+00:00,13780.6723
2025-09-07 09:00:00+00:00,13780.6723
2025-09-07 09:15:00+00:00,13780.6723
2025-09-07 09:30:00+00:00,13780.6723
2025-09-07 09:45:00+00:00,13780.6723
2025-09-07 10:00:00+00:00,13780.6723
2025-09-07 10:15:00+00:00,13780.6723
2025-09-07 10:30:00+00:00,13780.6723
2025-09-07 10:45:00+00:00,13780.6723
2025-09-07 11:00:00+00:00,13780.6723
2025-09-07 11:15:00+00:00,13780.6723
2025-09-07 11:30:00+00:00,13780.6723
2025-09-07 11:45:00+00:00,13780.6723
2025-09-07 12:00:00+00:00,13780.6723
2025-09-07 12:15:00+00:00,13780.6723
2025-09-07 12:30:00+00:00,13780.6723
2025-09-07 12:45:00+00:00,13780.6723
2025-09-07 13:00:00+00:00,13780.6723
2025-09-07 13:15:00+00:00,13780.6723
2025-09-07 13:30:00+00:00,13780.6723
2025-09-07 13:45:00+00:00,13780.6723
2025-09-07 14:00:00+00:00,13780.6723
2025-09-07 14:15:00+00:00,13780.6723
2025-09-07 14:30:00+00:00,13780.6723
2025-09-07 14:45:00+00:00,13780.6723
2025-09-07 15:00:00+00:00,13780.6723
2025-09-07 15:15:00+00:00,13780.6723
2025-09-07 15:30:00+00:00,13780.6723
2025-09-07 15:45:00+00:00,13780.6723
2025-09-07 16:00:00+00:00,13780.6723
2025-09-07 16:15:00+00:00,13780.6723
2025-09-07 16:30:00+00:00,13780.6723
2025-09-07 16:45:00+00:00,13780.6723
2025-09-07 17:00:00+00:00,13780.6723
2025-09-07 17:15:00+00:00,13780.6723
2025-09-07 17:30:00+00:00,13780.6723
2025-09-07 17:45:00+00:00,13780.6723
2025-09-07 18:00:00+00:00,13780.6723
2025-09-07 18:15:00+00:00,13780.6723
2025-09-07 18:30:00+00:00,13780.6723
2025-09-07 18:45:00+00:00,13780.6723
2025-09-07 19:00:00+00:00,13780.6723
2025-09-07 19:15:00+00:00,13780.6723
2025-09-07 19:30:00+00:00,13780.6723
2025-09-07 19:45:00+00:00,13780.6723
2025-09-07 20:00:00+00:00,13780.6723
2025-09-07 20:15:00+00:00,13780.6723
2025-09-07 20:30:00+00:00,13780.6723
2025-09-07 20:45:00+00:00,13780.6723
2025-09-07 21:00:00+00:00,13780.6723
2025-09-07 21:15:00+00:00,13780.6723
2025-09-07 21:30:00+00:00,13780.6723
2025-09-07 21:45:00+00:00,13780.6723
2025-09-07 22:00:00+00:00,13780.6723
2025-09-07 22:15:00+00:00,13780.6723
2025-09-07 22:30:00+00:00,13780.6723
2025-09-07 22:45:00+00:00,13780.6723
2025-09-07 23:00:00+00:00,13780.6723
2025-09-07 23:15:00+00:00,13780.6723
2025-09-07 23:30:00+00:00,13780.6723
2025-09-07 23:45:00+00:00,13780.6723
2025-09-08 00:00:00+00:00,13780.6723
2025-09-08 00:15:00+00:00,13780.6723
2025-09-08 00:30:00+00:00,13780.6723
2025-09-08 00:45:00+00:00,13780.6723
2025-09-08 01:00:00+00:00,13780.6723
2025-09-08 01:15:00+00:00,13780.6723
2025-09-08 01:30:00+00:00,13780.6723
2025-09-08 01:45:00+00:00,13780.6723
2025-09-08 02:00:00+00:00,13780.6723
2025-09-08 02:15:00+00:00,13780.6723
2025-09-08 02:30:00+00:00,13780.6723
2025-09-08 02:45:00+00:00,13780.6723
2025-09-08 03:00:00+00:00,13780.6723
2025-09-08 03:15:00+00:00,13780.6723
2025-09-08 03:30:00+00:00,13780.6723
2025-09-08 03:45:00+00:00,13780.6723
2025-09-08 04:00:00+00:00,13780.6723
2025-09-08 04:15:00+00:00,13780.6723
2025-09-08 04:30:00+00:00,13780.6723
2025-09-08 04:45:00+00:00,13780.6723
2025-09-08 05:00:00+00:00,13780.6723
2025-09-08 05:15:00+00:00,13780.6723
2025-09-08 05:30:00+00:00,13780.6723
2025-09-08 05:45:00+00:00,13780.6723
2025-09-08 06:00:00+00:00,13780.6723
2025-09-08 06:15:00+00:00,13780.6723
2025-09-08 06:30:00+00:00,13780.6723
2025-09-08 06:45:00+00:00,13780.6723
2025-09-08 07:00:00+00:00,13780.6723
2025-09-08 07:15:00+00:00,13780.6723
2025-09-08 07:30:00+00:00,13780.6723
2025-09-08 07:45:00+00:00,13780.6723
2025-09-08 08:00:00+00:00,13780.6723
2025-09-08 08:15:00+00:00,13780.6723
2025-09-08 08:30:00+00:00,13780.6723
2025-09-08 08:45:00+00:00,13780.6723
2025-09-08 09:00:00+00:00,13780.6723
2025-09-08 09:15:00+00:00,13780.6723
2025-09-08 09:30:00+00:00,13780.6723
2025-09-08 09:45:00+00:00,13780.6723
2025-09-08 10:00:00+00:00,13780.6723
2025-09-08 10:15:00+00:00,13780.6723
2025-09-08 10:30:00+00:00,13780.6723
2025-09-08 10:45:00+00:00,13780.6723
2025-09-08 11:00:00+00:00,13780.6723
2025-09-08 11:15:00+00:00,13780.6723
2025-09-08 11:30:00+00:00,13780.6723
2025-09-08 11:45:00+00:00,13780.6723
2025-09-08 12:00:00+00:00,13780.6723
2025-09-08 12:15:00+00:00,13780.6723
2025-09-08 12:30:00+00:00,13780.6723
2025-09-08 12:45:00+00:00,13780.6723
2025-09-08 13:00:00+00:00,13780.6723
2025-09-08 13:15:00+00:00,13780.6723
2025-09-08 13:30:00+00:00,13780.6723
2025-09-08 13:45:00+00:00,13780.6723
2025-09-08 14:00:00+00:00,13780.6723
2025-09-08 14:15:00+00:00,13780.6723
2025-09-08 14:30:00+00:00,13780.6723
2025-09-08 14:45:00+00:00,13780.6723
2025-09-08 15:00:00+00:00,13780.6723
2025-09-08 15:15:00+00:00,13780.6723
2025-09-08 15:30:00+00:00,13780.6723
2025-09-08 15:45:00+00:00,13780.6723
2025-09-08 16:00:00+00:00,13780.6723
2025-09-08 16:15:00+00:00,13780.6723
2025-09-08 16:30:00+00:00,13780.6723
2025-09-08 16:45:00+00:00,13780.6723
2025-09-08 17:00:00+00:00,13780.6723
2025-09-08 17:15:00+00:00,13780.6723
2025-09-08 17:30:00+00:00,13780.6723
2025-09-08 17:45:00+00:00,13780.6723
2025-09-08 18:00:00+00:00,13780.6723
2025-09-08 18:15:00+00:00,13780.6723
2025-09-08 18:30:00+00:00,13780.6723
2025-09-08 18:45:00+00:00,13780.6723
2025-09-08 19:00:00+00:00,13780.6723
2025-09-08 19:15:00+00:00,13780.6723
2025-09-08 19:30:00+00:00,13780.6723
2025-09-08 19:45:00+00:00,13780.6723
2025-09-08 20:00:00+00:00,13780.6723
2025-09-08 20:15:00+00:00,13780.6723
2025-09-08 20:30:00+00:00,13780.6723
2025-09-08 20:45:00+00:00,13780.6723
2025-09-08 21:00:00+00:00,13780.6723
2025-09-08 21:15:00+00:00,13780.6723
2025-09-08 21:30:00+00:00,13780.6723
2025-09-08 21:45:00+00:00,13780.6723
2025-09-08 22:00:00+00:00,13780.6723
2025-09-08 22:15:00+00:00,13780.6723
2025-09-08 22:30:00+00:00,13780.6723
2025-09-08 22:45:00+00:00,13780.6723
2025-09-08 23:00:00+00:00,13780.6723
2025-09-08 23:15:00+00:00,13780.6723
2025-09-08 23:30:00+00:00,13780.6723
2025-09-08 23:45:00+00:00,13780.6723
2025-09-09 00:00:00+00:00,13780.6723
2025-09-09 00:15:00+00:00,13642.8656
2025-09-09 00:30:00+00:00,13642.8656
2025-09-09 00:45:00+00:00,13642.8656
2025-09-09 01:00:00+00:00,13642.8656
2025-09-09 01:15:00+00:00,13642.8656
2025-09-09 01:30:00+00:00,13642.8656
2025-09-09 01:45:00+00:00,13642.8656
2025-09-09 02:00:00+00:00,13642.8656
2025-09-09 02:15:00+00:00,13642.8656
2025-09-09 02:30:00+00:00,13642.8656
2025-09-09 02:45:00+00:00,13642.8656
2025-09-09 03:00:00+00:00,13642.8656
2025-09-09 03:15:00+00:00,13642.8656
2025-09-09 03:30:00+00:00,13642.8656
2025-09-09 03:45:00+00:00,13642.8656
2025-09-09 04:00:00+00:00,13642.8656
2025-09-09 04:15:00+00:00,13642.8656
2025-09-09 04:30:00+00:00,13642.8656
2025-09-09 04:45:00+00:00,13642.8656
2025-09-09 05:00:00+00:00,13642.8656
2025-09-09 05:15:00+00:00,13642.8656
2025-09-09 05:30:00+00:00,13642.8656
2025-09-09 05:45:00+00:00,13642.8656
2025-09-09 06:00:00+00:00,13642.8656
2025-09-09 06:15:00+00:00,13642.8656
2025-09-09 06:30:00+00:00,13642.8656
2025-09-09 06:45:00+00:00,13642.8656
2025-09-09 07:00:00+00:00,13642.8656
2025-09-09 07:15:00+00:00,13642.8656
2025-09-09 07:30:00+00:00,13506.437
2025-09-09 07:45:00+00:00,13506.437
2025-09-09 08:00:00+00:00,13506.437
2025-09-09 08:15:00+00:00,13506.437
2025-09-09 08:30:00+00:00,13506.437
2025-09-09 08:45:00+00:00,13506.437
2025-09-09 09:00:00+00:00,13506.437
2025-09-09 09:15:00+00:00,13506.437
2025-09-09 09:30:00+00:00,13506.437
2025-09-09 09:45:00+00:00,13506.437
2025-09-09 10:00:00+00:00,13506.437
2025-09-09 10:15:00+00:00,13506.437
2025-09-09 10:30:00+00:00,13506.437
2025-09-09 10:45:00+00:00,13506.437
2025-09-09 11:00:00+00:00,13506.437
2025-09-09 11:15:00+00:00,13506.437
2025-09-09 11:30:00+00:00,13506.437
2025-09-09 11:45:00+00:00,13506.437
2025-09-09 12:00:00+00:00,13506.437
2025-09-09 12:15:00+00:00,13506.437
2025-09-09 12:30:00+00:00,13506.437
2025-09-09 12:45:00+00:00,13506.437
2025-09-09 13:00:00+00:00,13506.437
2025-09-09 13:15:00+00:00,13506.437
2025-09-09 13:30:00+00:00,13506.437
2025-09-09 13:45:00+00:00,13506.437
2025-09-09 14:00:00+00:00,13371.3726
2025-09-09 14:15:00+00:00,13371.3726
2025-09-09 14:30:00+00:00,13371.3726
2025-09-09 14:45:00+00:00,13371.3726
2025-09-09 15:00:00+00:00,13371.3726
2025-09-09 15:15:00+00:00,13371.3726
2025-09-09 15:30:00+00:00,13371.3726
2025-09-09 15:45:00+00:00,13371.3726
2025-09-09 16:00:00+00:00,13371.3726
2025-09-09 16:15:00+00:00,13371.3726
2025-09-09 16:30:00+00:00,13371.3726
2025-09-09 16:45:00+00:00,13371.3726
2025-09-09 17:00:00+00:00,13371.3726
2025-09-09 17:15:00+00:00,13371.3726
2025-09-09 17:30:00+00:00,13371.3726
2025-09-09 17:45:00+00:00,13371.3726
2025-09-09 18:00:00+00:00,13371.3726
2025-09-09 18:15:00+00:00,13371.3726
2025-09-09 18:30:00+00:00,13371.3726
2025-09-09 18:45:00+00:00,13371.3726
2025-09-09 19:00:00+00:00,13371.3726
2025-09-09 19:15:00+00:00,13371.3726
2025-09-09 19:30:00+00:00,13371.3726
2025-09-09 19:45:00+00:00,13371.3726
2025-09-09 20:00:00+00:00,13371.3726
2025-09-09 20:15:00+00:00,13371.3726
2025-09-09 20:30:00+00:00,13371.3726
2025-09-09 20:45:00+00:00,13371.3726
2025-09-09 21:00:00+00:00,13371.3726
2025-09-09 21:15:00+00:00,13371.3726
2025-09-09 21:30:00+00:00,13371.3726
2025-09-09 21:45:00+00:00,13371.3726
2025-09-09 22:00:00+00:00,13371.3726
2025-09-09 22:15:00+00:00,13371.3726
2025-09-09 22:30:00+00:00,13371.3726
2025-09-09 22:45:00+00:00,13371.3726
2025-09-09 23:00:00+00:00,13371.3726
2025-09-09 23:15:00+00:00,13371.3726
2025-09-09 23:30:00+00:00,13371.3726
2025-09-09 23:45:00+00:00,13371.3726
2025-09-10 00:00:00+00:00,13371.3726
2025-09-10 00:15:00+00:00,13371.3726
2025-09-10 00:30:00+00:00,13371.3726
2025-09-10 00:45:00+00:00,13371.3726
2025-09-10 01:00:00+00:00,13371.3726
2025-09-10 01:15:00+00:00,13371.3726
2025-09-10 01:30:00+00:00,13371.3726
2025-09-10 01:45:00+00:00,13371.3726
2025-09-10 02:00:00+00:00,13237.6589
2025-09-10 02:15:00+00:00,13237.6589
2025-09-10 02:30:00+00:00,13237.6589
2025-09-10 02:45:00+00:00,13237.6589
2025-09-10 03:00:00+00:00,13237.6589
2025-09-10 03:15:00+00:00,13237.6589
2025-09-10 03:30:00+00:00,13237.6589
2025-09-10 03:45:00+00:00,13237.6589
2025-09-10 04:00:00+00:00,13237.6589
2025-09-10 04:15:00+00:00,13237.6589
2025-09-10 04:30:00+00:00,13237.6589
2025-09-10 04:45:00+00:00,13237.6589
2025-09-10 05:00:00+00:00,13237.6589
2025-09-10 05:15:00+00:00,13237.6589
2025-09-10 05:30:00+00:00,13237.6589
2025-09-10 05:45:00+00:00,13237.6589
2025-09-10 06:00:00+00:00,13237.6589
2025-09-10 06:15:00+00:00,13237.6589
2025-09-10 06:30:00+00:00,13237.6589
2025-09-10 06:45:00+00:00,13237.6589
2025-09-10 07:00:00+00:00,13237.6589
2025-09-10 07:15:00+00:00,13237.6589
2025-09-10 07:30:00+00:00,13237.6589
2025-09-10 07:45:00+00:00,13237.6589
2025-09-10 08:00:00+00:00,13237.6589
2025-09-10 08:15:00+00:00,13237.6589
2025-09-10 08:30:00+00:00,13237.6589
2025-09-10 08:45:00+00:00,13237.6589
2025-09-10 09:00:00+00:00,13237.6589
2025-09-10 09:15:00+00:00,13237.6589
2025-09-10 09:30:00+00:00,13237.6589
2025-09-10 09:45:00+00:00,13237.6589
2025-09-10 10:00:00+00:00,13237.6589
2025-09-10 10:15:00+00:00,13237.6589
2025-09-10 10:30:00+00:00,13237.6589
2025-09-10 10:45:00+00:00,13237.6589
2025-09-10 11:00:00+00:00,13237.6589
2025-09-10 11:15:00+00:00,13237.6589
2025-09-10 11:30:00+00:00,13237.6589
2025-09-10 11:45:00+00:00,13237.6589
2025-09-10 12:00:00+00:00,13237.6589
2025-09-10 12:15:00+00:00,13237.6589
2025-09-10 12:30:00+00:00,13237.6589
2025-09-10 12:45:00+00:00,13237.6589
2025-09-10 13:00:00+00:00,13237.6589
2025-09-10 13:15:00+00:00,13237.6589
2025-09-10 13:30:00+00:00,13237.6589
2025-09-10 13:45:00+00:00,13237.6589
2025-09-10 14:00:00+00:00,13237.6589
2025-09-10 14:15:00+00:00,13237.6589
2025-09-10 14:30:00+00:00,13237.6589
2025-09-10 14:45:00+00:00,13237.6589
2025-09-10 15:00:00+00:00,13237.6589
2025-09-10 15:15:00+00:00,13237.6589
2025-09-10 15:30:00+00:00,13237.6589
2025-09-10 15:45:00+00:00,13237.6589
2025-09-10 16:00:00+00:00,13237.6589
2025-09-10 16:15:00+00:00,13237.6589
2025-09-10 16:30:00+00:00,13237.6589
2025-09-10 16:45:00+00:00,13237.6589
2025-09-10 17:00:00+00:00,13237.6589
2025-09-10 17:15:00+00:00,13237.6589
2025-09-10 17:30:00+00:00,13237.6589
2025-09-10 17:45:00+00:00,13237.6589
2025-09-10 18:00:00+00:00,13237.6589
2025-09-10 18:15:00+00:00,13237.6589
2025-09-10 18:30:00+00:00,13237.6589
2025-09-10 18:45:00+00:00,13237.6589
2025-09-10 19:00:00+00:00,13237.6589
2025-09-10 19:15:00+00:00,13237.6589
2025-09-10 19:30:00+00:00,13237.6589
2025-09-10 19:45:00+00:00,13237.6589
2025-09-10 20:00:00+00:00,13237.6589
2025-09-10 20:15:00+00:00,13237.6589
2025-09-10 20:30:00+00:00,13237.6589
2025-09-10 20:45:00+00:00,13237.6589
2025-09-10 21:00:00+00:00,13237.6589
2025-09-10 21:15:00+00:00,13237.6589
2025-09-10 21:30:00+00:00,13237.6589
2025-09-10 21:45:00+00:00,13237.6589
2025-09-10 22:00:00+00:00,13237.6589
2025-09-10 22:15:00+00:00,13237.6589
2025-09-10 22:30:00+00:00,13237.6589
2025-09-10 22:45:00+00:00,13237.6589
2025-09-10 23:00:00+00:00,13237.6589
2025-09-10 23:15:00+00:00,13237.6589
2025-09-10 23:30:00+00:00,13237.6589
2025-09-10 23:45:00+00:00,13237.6589
2025-09-11 00:00:00+00:00,13237.6589
2025-09-11 00:15:00+00:00,13237.6589
2025-09-11 00:30:00+00:00,13237.6589
2025-09-11 00:45:00+00:00,13237.6589
2025-09-11 01:00:00+00:00,13237.6589
2025-09-11 01:15:00+00:00,13237.6589
2025-09-11 01:30:00+00:00,13237.6589
2025-09-11 01:45:00+00:00,13237.6589
2025-09-11 02:00:00+00:00,13237.6589
2025-09-11 02:15:00+00:00,13237.6589
2025-09-11 02:30:00+00:00,13237.6589
2025-09-11 02:45:00+00:00,13237.6589
2025-09-11 03:00:00+00:00,13237.6589
2025-09-11 03:15:00+00:00,13237.6589
2025-09-11 03:30:00+00:00,13237.6589
2025-09-11 03:45:00+00:00,13237.6589
2025-09-11 04:00:00+00:00,13237.6589
2025-09-11 04:15:00+00:00,13237.6589
2025-09-11 04:30:00+00:00,13237.6589
2025-09-11 04:45:00+00:00,13237.6589
2025-09-11 05:00:00+00:00,13237.6589
2025-09-11 05:15:00+00:00,13237.6589
2025-09-11 05:30:00+00:00,13237.6589
2025-09-11 05:45:00+00:00,13237.6589
2025-09-11 06:00:00+00:00,13237.6589
2025-09-11 06:15:00+00:00,13237.6589
2025-09-11 06:30:00+00:00,13237.6589
2025-09-11 06:45:00+00:00,13237.6589
2025-09-11 07:00:00+00:00,13237.6589
2025-09-11 07:15:00+00:00,13237.6589
2025-09-11 07:30:00+00:00,13237.6589
2025-09-11 07:45:00+00:00,13237.6589
2025-09-11 08:00:00+00:00,13237.6589
2025-09-11 08:15:00+00:00,13237.6589
2025-09-11 08:30:00+00:00,13237.6589
2025-09-11 08:45:00+00:00,13237.6589
2025-09-11 09:00:00+00:00,13237.6589
2025-09-11 09:15:00+00:00,13237.6589
2025-09-11 09:30:00+00:00,13237.6589
2025-09-11 09:45:00+00:00,13237.6589
2025-09-11 10:00:00+00:00,13237.6589
2025-09-11 10:15:00+00:00,13105.2823
2025-09-11 10:30:00+00:00,13105.2823
2025-09-11 10:45:00+00:00,13105.2823
2025-09-11 11:00:00+00:00,13105.2823
2025-09-11 11:15:00+00:00,13105.2823
2025-09-11 11:30:00+00:00,13105.2823
2025-09-11 11:45:00+00:00,13105.2823
2025-09-11 12:00:00+00:00,13105.2823
2025-09-11 12:15:00+00:00,13105.2823
2025-09-11 12:30:00+00:00,13105.2823
2025-09-11 12:45:00+00:00,13105.2823
2025-09-11 13:00:00+00:00,13105.2823
2025-09-11 13:15:00+00:00,13105.2823
2025-09-11 13:30:00+00:00,13105.2823
2025-09-11 13:45:00+00:00,13367.3879
2025-09-11 14:00:00+00:00,13367.3879
2025-09-11 14:15:00+00:00,13367.3879
2025-09-11 14:30:00+00:00,13367.3879
2025-09-11 14:45:00+00:00,13367.3879
2025-09-11 15:00:00+00:00,13367.3879
2025-09-11 15:15:00+00:00,13367.3879
2025-09-11 15:30:00+00:00,13367.3879
2025-09-11 15:45:00+00:00,13233.714
2025-09-11 16:00:00+00:00,13233.714
2025-09-11 16:15:00+00:00,13233.714
2025-09-11 16:30:00+00:00,13498.3883
2025-09-11 16:45:00+00:00,13498.3883
2025-09-11 17:00:00+00:00,13498.3883
2025-09-11 17:15:00+00:00,13498.3883
2025-09-11 17:30:00+00:00,13498.3883
2025-09-11 17:45:00+00:00,13498.3883
2025-09-11 18:00:00+00:00,13363.4044
2025-09-11 18:15:00+00:00,13363.4044
2025-09-11 18:30:00+00:00,13363.4044
2025-09-11 18:45:00+00:00,13363.4044
2025-09-11 19:00:00+00:00,13363.4044
2025-09-11 19:15:00+00:00,13363.4044
2025-09-11 19:30:00+00:00,13363.4044
2025-09-11 19:45:00+00:00,13363.4044
2025-09-11 20:00:00+00:00,13229.7704
2025-09-11 20:15:00+00:00,13229.7704
2025-09-11 20:30:00+00:00,13229.7704
2025-09-11 20:45:00+00:00,13229.7704
2025-09-11 21:00:00+00:00,13229.7704
2025-09-11 21:15:00+00:00,13229.7704
2025-09-11 21:30:00+00:00,13229.7704
2025-09-11 21:45:00+00:00,13229.7704
2025-09-11 22:00:00+00:00,13229.7704
2025-09-11 22:15:00+00:00,13494.3658
2025-09-11 22:30:00+00:00,13494.3658
2025-09-11 22:45:00+00:00,13494.3658
2025-09-11 23:00:00+00:00,13494.3658
2025-09-11 23:15:00+00:00,13494.3658
2025-09-11 23:30:00+00:00,13494.3658
2025-09-11 23:45:00+00:00,13494.3658
2025-09-12 00:00:00+00:00,13494.3658
2025-09-12 00:15:00+00:00,13494.3658
2025-09-12 00:30:00+00:00,13764.2531
2025-09-12 00:45:00+00:00,13764.2531
2025-09-12 01:00:00+00:00,13764.2531
2025-09-12 01:15:00+00:00,13764.2531
2025-09-12 01:30:00+00:00,13764.2531
2025-09-12 01:45:00+00:00,13764.2531
2025-09-12 02:00:00+00:00,13764.2531
2025-09-12 02:15:00+00:00,13764.2531
2025-09-12 02:30:00+00:00,13764.2531
2025-09-12 02:45:00+00:00,13764.2531
2025-09-12 03:00:00+00:00,13764.2531
2025-09-12 03:15:00+00:00,13764.2531
2025-09-12 03:30:00+00:00,13764.2531
2025-09-12 03:45:00+00:00,13764.2531
2025-09-12 04:00:00+00:00,13764.2531
2025-09-12 04:15:00+00:00,13764.2531
2025-09-12 04:30:00+00:00,13764.2531
2025-09-12 04:45:00+00:00,13764.2531
2025-09-12 05:00:00+00:00,13764.2531
2025-09-12 05:15:00+00:00,13764.2531
2025-09-12 05:30:00+00:00,13764.2531
2025-09-12 05:45:00+00:00,13764.2531
2025-09-12 06:00:00+00:00,13764.2531
2025-09-12 06:15:00+00:00,13764.2531
2025-09-12 06:30:00+00:00,13764.2531
2025-09-12 06:45:00+00:00,13764.2531
2025-09-12 07:00:00+00:00,13764.2531
2025-09-12 07:15:00+00:00,13764.2531
2025-09-12 07:30:00+00:00,13764.2531
2025-09-12 07:45:00+00:00,13764.2531
2025-09-12 08:00:00+00:00,13764.2531
2025-09-12 08:15:00+00:00,13764.2531
2025-09-12 08:30:00+00:00,13764.2531
2025-09-12 08:45:00+00:00,13764.2531
2025-09-12 09:00:00+00:00,13764.2531
2025-09-12 09:15:00+00:00,13764.2531
2025-09-12 09:30:00+00:00,13764.2531
2025-09-12 09:45:00+00:00,13764.2531
2025-09-12 10:00:00+00:00,13764.2531
2025-09-12 10:15:00+00:00,13764.2531
2025-09-12 10:30:00+00:00,13764.2531
2025-09-12 10:45:00+00:00,13764.2531
2025-09-12 11:00:00+00:00,13626.6106
2025-09-12 11:15:00+00:00,13626.6106
2025-09-12 11:30:00+00:00,13626.6106
2025-09-12 11:45:00+00:00,13626.6106
2025-09-12 12:00:00+00:00,13490.3445
2025-09-12 12:15:00+00:00,13490.3445
2025-09-12 12:30:00+00:00,13490.3445
2025-09-12 12:45:00+00:00,13490.3445
2025-09-12 13:00:00+00:00,13490.3445
2025-09-12 13:15:00+00:00,13490.3445
2025-09-12 13:30:00+00:00,13490.3445
2025-09-12 13:45:00+00:00,13490.3445
2025-09-12 14:00:00+00:00,13490.3445
2025-09-12 14:15:00+00:00,13490.3445
2025-09-12 14:30:00+00:00,13490.3445
2025-09-12 14:45:00+00:00,13490.3445
2025-09-12 15:00:00+00:00,13490.3445
2025-09-12 15:15:00+00:00,13490.3445
2025-09-12 15:30:00+00:00,13490.3445
2025-09-12 15:45:00+00:00,13490.3445
2025-09-12 16:00:00+00:00,13490.3445
2025-09-12 16:15:00+00:00,13490.3445
2025-09-12 16:30:00+00:00,13490.3445
2025-09-12 16:45:00+00:00,13490.3445
2025-09-12 17:00:00+00:00,13490.3445
2025-09-12 17:15:00+00:00,13760.1514
2025-09-12 17:30:00+00:00,13760.1514
2025-09-12 17:45:00+00:00,13760.1514
2025-09-12 18:00:00+00:00,13760.1514
2025-09-12 18:15:00+00:00,13760.1514
2025-09-12 18:30:00+00:00,13760.1514
2025-09-12 18:45:00+00:00,13760.1514
2025-09-12 19:00:00+00:00,13760.1514
2025-09-12 19:15:00+00:00,13760.1514
2025-09-12 19:30:00+00:00,13760.1514
2025-09-12 19:45:00+00:00,13760.1514
2025-09-12 20:00:00+00:00,13760.1514
2025-09-12 20:15:00+00:00,13760.1514
2025-09-12 20:30:00+00:00,13760.1514
2025-09-12 20:45:00+00:00,13760.1514
2025-09-12 21:00:00+00:00,13760.1514
2025-09-12 21:15:00+00:00,13760.1514
2025-09-12 21:30:00+00:00,13760.1514
2025-09-12 21:45:00+00:00,13760.1514
2025-09-12 22:00:00+00:00,13760.1514
2025-09-12 22:15:00+00:00,13760.1514
2025-09-12 22:30:00+00:00,13760.1514
2025-09-12 22:45:00+00:00,13760.1514
2025-09-12 23:00:00+00:00,13760.1514
2025-09-12 23:15:00+00:00,13760.1514
2025-09-12 23:30:00+00:00,13760.1514
2025-09-12 23:45:00+00:00,13760.1514
2025-09-13 00:00:00+00:00,13760.1514
2025-09-13 00:15:00+00:00,13760.1514
2025-09-13 00:30:00+00:00,13760.1514
2025-09-13 00:45:00+00:00,13760.1514
2025-09-13 01:00:00+00:00,13760.1514
2025-09-13 01:15:00+00:00,13760.1514
2025-09-13 01:30:00+00:00,13760.1514
2025-09-13 01:45:00+00:00,13760.1514
2025-09-13 02:00:00+00:00,13760.1514
2025-09-13 02:15:00+00:00,13760.1514
2025-09-13 02:30:00+00:00,13760.1514
2025-09-13 02:45:00+00:00,13760.1514
2025-09-13 03:00:00+00:00,13760.1514
2025-09-13 03:15:00+00:00,13760.1514
2025-09-13 03:30:00+00:00,13760.1514
2025-09-13 03:45:00+00:00,13760.1514
2025-09-13 04:00:00+00:00,13760.1514
2025-09-13 04:15:00+00:00,13760.1514
2025-09-13 04:30:00+00:00,13760.1514
2025-09-13 04:45:00+00:00,13622.5499
2025-09-13 05:00:00+00:00,13622.5499
2025-09-13 05:15:00+00:00,13622.5499
2025-09-13 05:30:00+00:00,13622.5499
2025-09-13 05:45:00+00:00,13622.5499
2025-09-13 06:00:00+00:00,13622.5499
2025-09-13 06:15:00+00:00,13622.5499
2025-09-13 06:30:00+00:00,13622.5499
2025-09-13 06:45:00+00:00,13622.5499
2025-09-13 07:00:00+00:00,13622.5499
2025-09-13 07:15:00+00:00,13622.5499
2025-09-13 07:30:00+00:00,13622.5499
2025-09-13 07:45:00+00:00,13622.5499
2025-09-13 08:00:00+00:00,13622.5499
2025-09-13 08:15:00+00:00,13622.5499
2025-09-13 08:30:00+00:00,13622.5499
2025-09-13 08:45:00+00:00,13622.5499
2025-09-13 09:00:00+00:00,13622.5499
2025-09-13 09:15:00+00:00,13622.5499
2025-09-13 09:30:00+00:00,13622.5499
2025-09-13 09:45:00+00:00,13622.5499
2025-09-13 10:00:00+00:00,13622.5499
2025-09-13 10:15:00+00:00,13622.5499
2025-09-13 10:30:00+00:00,13622.5499
2025-09-13 10:45:00+00:00,13622.5499
2025-09-13 11:00:00+00:00,13622.5499
2025-09-13 11:15:00+00:00,13622.5499
2025-09-13 11:30:00+00:00,13622.5499
2025-09-13 11:45:00+00:00,13622.5499
2025-09-13 12:00:00+00:00,13622.5499
2025-09-13 12:15:00+00:00,13622.5499
2025-09-13 12:30:00+00:00,13622.5499
2025-09-13 12:45:00+00:00,13622.5499
2025-09-13 13:00:00+00:00,13622.5499
2025-09-13 13:15:00+00:00,13622.5499
2025-09-13 13:30:00+00:00,13622.5499
2025-09-13 13:45:00+00:00,13622.5499
2025-09-13 14:00:00+00:00,13622.5499
2025-09-13 14:15:00+00:00,13622.5499
2025-09-13 14:30:00+00:00,13622.5499
2025-09-13 14:45:00+00:00,13622.5499
2025-09-13 15:00:00+00:00,13622.5499
2025-09-13 15:15:00+00:00,13622.5499
2025-09-13 15:30:00+00:00,13486.3244
2025-09-13 15:45:00+00:00,13486.3244
2025-09-13 16:00:00+00:00,13486.3244
2025-09-13 16:15:00+00:00,13486.3244
2025-09-13 16:30:00+00:00,13486.3244
2025-09-13 16:45:00+00:00,13486.3244
2025-09-13 17:00:00+00:00,13486.3244
2025-09-13 17:15:00+00:00,13486.3244
2025-09-13 17:30:00+00:00,13486.3244
2025-09-13 17:45:00+00:00,13486.3244
2025-09-13 18:00:00+00:00,13486.3244
2025-09-13 18:15:00+00:00,13486.3244
2025-09-13 18:30:00+00:00,13486.3244
2025-09-13 18:45:00+00:00,13486.3244
2025-09-13 19:00:00+00:00,13486.3244
2025-09-13 19:15:00+00:00,13486.3244
2025-09-13 19:30:00+00:00,13486.3244
2025-09-13 19:45:00+00:00,13486.3244
2025-09-13 20:00:00+00:00,13486.3244
2025-09-13 20:15:00+00:00,13486.3244
2025-09-13 20:30:00+00:00,13486.3244
2025-09-13 20:45:00+00:00,13486.3244
2025-09-13 21:00:00+00:00,13486.3244
2025-09-13 21:15:00+00:00,13486.3244
2025-09-13 21:30:00+00:00,13486.3244
2025-09-13 21:45:00+00:00,13486.3244
2025-09-13 22:00:00+00:00,13486.3244
2025-09-13 22:15:00+00:00,13486.3244
2025-09-13 22:30:00+00:00,13486.3244
2025-09-13 22:45:00+00:00,13486.3244
2025-09-13 23:00:00+00:00,13486.3244
2025-09-13 23:15:00+00:00,13486.3244
2025-09-13 23:30:00+00:00,13486.3244
2025-09-13 23:45:00+00:00,13486.3244
2025-09-14 00:00:00+00:00,13486.3244
2025-09-14 00:15:00+00:00,13486.3244
2025-09-14 00:30:00+00:00,13486.3244
2025-09-14 00:45:00+00:00,13486.3244
2025-09-14 01:00:00+00:00,13486.3244
2025-09-14 01:15:00+00:00,13486.3244
2025-09-14 01:30:00+00:00,13486.3244
2025-09-14 01:45:00+00:00,13486.3244
2025-09-14 02:00:00+00:00,13486.3244
2025-09-14 02:15:00+00:00,13486.3244
2025-09-14 02:30:00+00:00,13351.4611
2025-09-14 02:45:00+00:00,13351.4611
2025-09-14 03:00:00+00:00,13351.4611
2025-09-14 03:15:00+00:00,13351.4611
2025-09-14 03:30:00+00:00,13351.4611
2025-09-14 03:45:00+00:00,13351.4611
2025-09-14 04:00:00+00:00,13351.4611
2025-09-14 04:15:00+00:00,13351.4611
2025-09-14 04:30:00+00:00,13351.4611
2025-09-14 04:45:00+00:00,13351.4611
2025-09-14 05:00:00+00:00,13351.4611
2025-09-14 05:15:00+00:00,13351.4611
2025-09-14 05:30:00+00:00,13351.4611
2025-09-14 05:45:00+00:00,13351.4611
2025-09-14 06:00:00+00:00,13351.4611
2025-09-14 06:15:00+00:00,13351.4611
2025-09-14 06:30:00+00:00,13351.4611
2025-09-14 06:45:00+00:00,13351.4611
2025-09-14 07:00:00+00:00,13351.4611
2025-09-14 07:15:00+00:00,13351.4611
2025-09-14 07:30:00+00:00,13351.4611
2025-09-14 07:45:00+00:00,13351.4611
2025-09-14 08:00:00+00:00,13351.4611
2025-09-14 08:15:00+00:00,13351.4611
2025-09-14 08:30:00+00:00,13351.4611
2025-09-14 08:45:00+00:00,13351.4611
2025-09-14 09:00:00+00:00,13351.4611
2025-09-14 09:15:00+00:00,13351.4611
2025-09-14 09:30:00+00:00,13351.4611
2025-09-14 09:45:00+00:00,13351.4611
2025-09-14 10:00:00+00:00,13351.4611
2025-09-14 10:15:00+00:00,13351.4611
2025-09-14 10:30:00+00:00,13351.4611
2025-09-14 10:45:00+00:00,13351.4611
2025-09-14 11:00:00+00:00,13351.4611
2025-09-14 11:15:00+00:00,13351.4611
2025-09-14 11:30:00+00:00,13351.4611
2025-09-14 11:45:00+00:00,13351.4611
2025-09-14 12:00:00+00:00,13351.4611
2025-09-14 12:15:00+00:00,13351.4611
2025-09-14 12:30:00+00:00,13351.4611
2025-09-14 12:45:00+00:00,13351.4611
2025-09-14 13:00:00+00:00,13351.4611
2025-09-14 13:15:00+00:00,13351.4611
2025-09-14 13:30:00+00:00,13351.4611
2025-09-14 13:45:00+00:00,13351.4611
2025-09-14 14:00:00+00:00,13351.4611
2025-09-14 14:15:00+00:00,13351.4611
2025-09-14 14:30:00+00:00,13351.4611
2025-09-14 14:45:00+00:00,13351.4611
2025-09-14 15:00:00+00:00,13351.4611
2025-09-14 15:15:00+00:00,13351.4611
2025-09-14 15:30:00+00:00,13351.4611
2025-09-14 15:45:00+00:00,13351.4611
2025-09-14 16:00:00+00:00,13351.4611
2025-09-14 16:15:00+00:00,13351.4611
2025-09-14 16:30:00+00:00,13351.4611
2025-09-14 16:45:00+00:00,13351.4611
2025-09-14 17:00:00+00:00,13351.4611
2025-09-14 17:15:00+00:00,13351.4611
2025-09-14 17:30:00+00:00,13351.4611
2025-09-14 17:45:00+00:00,13351.4611
2025-09-14 18:00:00+00:00,13351.4611
2025-09-14 18:15:00+00:00,13351.4611
2025-09-14 18:30:00+00:00,13351.4611
2025-09-14 18:45:00+00:00,13351.4611
2025-09-14 19:00:00+00:00,13351.4611
2025-09-14 19:15:00+00:00,13351.4611
2025-09-14 19:30:00+00:00,13351.4611
2025-09-14 19:45:00+00:00,13351.4611
2025-09-14 20:00:00+00:00,13351.4611
2025-09-14 20:15:00+00:00,13351.4611
2025-09-14 20:30:00+00:00,13351.4611
2025-09-14 20:45:00+00:00,13351.4611
2025-09-14 21:00:00+00:00,13351.4611
2025-09-14 21:15:00+00:00,13351.4611
2025-09-14 21:30:00+00:00,13351.4611
2025-09-14 21:45:00+00:00,13351.4611
2025-09-14 22:00:00+00:00,13351.4611
2025-09-14 22:15:00+00:00,13351.4611
2025-09-14 22:30:00+00:00,13351.4611
2025-09-14 22:45:00+00:00,13351.4611
2025-09-14 23:00:00+00:00,13351.4611
2025-09-14 23:15:00+00:00,13351.4611
2025-09-14 23:30:00+00:00,13351.4611
2025-09-14 23:45:00+00:00,13351.4611
2025-09-15 00:00:00+00:00,13351.4611
2025-09-15 00:15:00+00:00,13351.4611
2025-09-15 00:30:00+00:00,13351.4611
2025-09-15 00:45:00+00:00,13351.4611
2025-09-15 01:00:00+00:00,13351.4611
2025-09-15 01:15:00+00:00,13351.4611
2025-09-15 01:30:00+00:00,13351.4611
2025-09-15 01:45:00+00:00,13351.4611
2025-09-15 02:00:00+00:00,13351.4611
2025-09-15 02:15:00+00:00,13351.4611
2025-09-15 02:30:00+00:00,13351.4611
2025-09-15 02:45:00+00:00,13351.4611
2025-09-15 03:00:00+00:00,13351.4611
2025-09-15 03:15:00+00:00,13351.4611
2025-09-15 03:30:00+00:00,13351.4611
2025-09-15 03:45:00+00:00,13351.4611
2025-09-15 04:00:00+00:00,13351.4611
2025-09-15 04:15:00+00:00,13351.4611
2025-09-15 04:30:00+00:00,13351.4611
2025-09-15 04:45:00+00:00,13351.4611
2025-09-15 05:00:00+00:00,13351.4611
2025-09-15 05:15:00+00:00,13351.4611
2025-09-15 05:30:00+00:00,13351.4611
2025-09-15 05:45:00+00:00,13351.4611
2025-09-15 06:00:00+00:00,13351.4611
2025-09-15 06:15:00+00:00,13351.4611
2025-09-15 06:30:00+00:00,13351.4611
2025-09-15 06:45:00+00:00,13351.4611
2025-09-15 07:00:00+00:00,13351.4611
2025-09-15 07:15:00+00:00,13351.4611
2025-09-15 07:30:00+00:00,13351.4611
2025-09-15 07:45:00+00:00,13351.4611
2025-09-15 08:00:00+00:00,13351.4611
2025-09-15 08:15:00+00:00,13351.4611
2025-09-15 08:30:00+00:00,13351.4611
2025-09-15 08:45:00+00:00,13351.4611
2025-09-15 09:00:00+00:00,13351.4611
2025-09-15 09:15:00+00:00,13351.4611
2025-09-15 09:30:00+00:00,13351.4611
2025-09-15 09:45:00+00:00,13351.4611
2025-09-15 10:00:00+00:00,13351.4611
2025-09-15 10:15:00+00:00,13351.4611
2025-09-15 10:30:00+00:00,13351.4611
2025-09-15 10:45:00+00:00,13351.4611
2025-09-15 11:00:00+00:00,13351.4611
2025-09-15 11:15:00+00:00,13351.4611
2025-09-15 11:30:00+00:00,13351.4611
2025-09-15 11:45:00+00:00,13351.4611
2025-09-15 12:00:00+00:00,13351.4611
2025-09-15 12:15:00+00:00,13351.4611
2025-09-15 12:30:00+00:00,13351.4611
2025-09-15 12:45:00+00:00,13351.4611
2025-09-15 13:00:00+00:00,13351.4611
2025-09-15 13:15:00+00:00,13351.4611
2025-09-15 13:30:00+00:00,13351.4611
2025-09-15 13:45:00+00:00,13351.4611
2025-09-15 14:00:00+00:00,13351.4611
2025-09-15 14:15:00+00:00,13351.4611
2025-09-15 14:30:00+00:00,13351.4611
2025-09-15 14:45:00+00:00,13351.4611
2025-09-15 15:00:00+00:00,13351.4611
2025-09-15 15:15:00+00:00,13351.4611
2025-09-15 15:30:00+00:00,13351.4611
2025-09-15 15:45:00+00:00,13351.4611
2025-09-15 16:00:00+00:00,13351.4611
2025-09-15 16:15:00+00:00,13351.4611
2025-09-15 16:30:00+00:00,13351.4611
2025-09-15 16:45:00+00:00,13351.4611
2025-09-15 17:00:00+00:00,13351.4611
2025-09-15 17:15:00+00:00,13351.4611
2025-09-15 17:30:00+00:00,13351.4611
2025-09-15 17:45:00+00:00,13217.9465
2025-09-15 18:00:00+00:00,13217.9465
2025-09-15 18:15:00+00:00,13217.9465
2025-09-15 18:30:00+00:00,13217.9465
2025-09-15 18:45:00+00:00,13217.9465
2025-09-15 19:00:00+00:00,13217.9465
2025-09-15 19:15:00+00:00,13217.9465
2025-09-15 19:30:00+00:00,13217.9465
2025-09-15 19:45:00+00:00,13217.9465
2025-09-15 20:00:00+00:00,13217.9465
2025-09-15 20:15:00+00:00,13217.9465
2025-09-15 20:30:00+00:00,13217.9465
2025-09-15 20:45:00+00:00,13217.9465
2025-09-15 21:00:00+00:00,13217.9465
2025-09-15 21:15:00+00:00,13217.9465
2025-09-15 21:30:00+00:00,13217.9465
2025-09-15 21:45:00+00:00,13217.9465
2025-09-15 22:00:00+00:00,13217.9465
2025-09-15 22:15:00+00:00,13217.9465
2025-09-15 22:30:00+00:00,13217.9465
2025-09-15 22:45:00+00:00,13217.9465
2025-09-15 23:00:00+00:00,13217.9465
2025-09-15 23:15:00+00:00,13217.9465
2025-09-15 23:30:00+00:00,13217.9465
2025-09-15 23:45:00+00:00,13217.9465
2025-09-16 00:00:00+00:00,13217.9465
2025-09-16 00:15:00+00:00,13217.9465
2025-09-16 00:30:00+00:00,13217.9465
2025-09-16 00:45:00+00:00,13217.9465
2025-09-16 01:00:00+00:00,13217.9465
2025-09-16 01:15:00+00:00,13217.9465
2025-09-16 01:30:00+00:00,13217.9465
2025-09-16 01:45:00+00:00,13217.9465
2025-09-16 02:00:00+00:00,13217.9465
2025-09-16 02:15:00+00:00,13217.9465
2025-09-16 02:30:00+00:00,13217.9465
2025-09-16 02:45:00+00:00,13217.9465
2025-09-16 03:00:00+00:00,13217.9465
2025-09-16 03:15:00+00:00,13217.9465
2025-09-16 03:30:00+00:00,13217.9465
2025-09-16 03:45:00+00:00,13217.9465
2025-09-16 04:00:00+00:00,13217.9465
2025-09-16 04:15:00+00:00,13217.9465
2025-09-16 04:30:00+00:00,13217.9465
2025-09-16 04:45:00+00:00,13217.9465
2025-09-16 05:00:00+00:00,13217.9465
2025-09-16 05:15:00+00:00,13217.9465
2025-09-16 05:30:00+00:00,13217.9465
2025-09-16 05:45:00+00:00,13217.9465
2025-09-16 06:00:00+00:00,13217.9465
2025-09-16 06:15:00+00:00,13217.9465
2025-09-16 06:30:00+00:00,13217.9465
2025-09-16 06:45:00+00:00,13217.9465
2025-09-16 07:00:00+00:00,13217.9465
2025-09-16 07:15:00+00:00,13217.9465
2025-09-16 07:30:00+00:00,13217.9465
2025-09-16 07:45:00+00:00,13217.9465
2025-09-16 08:00:00+00:00,13217.9465
2025-09-16 08:15:00+00:00,13217.9465
2025-09-16 08:30:00+00:00,13217.9465
2025-09-16 08:45:00+00:00,13217.9465
2025-09-16 09:00:00+00:00,13217.9465
2025-09-16 09:15:00+00:00,13217.9465
2025-09-16 09:30:00+00:00,13217.9465
2025-09-16 09:45:00+00:00,13217.9465
2025-09-16 10:00:00+00:00,13217.9465
2025-09-16 10:15:00+00:00,13217.9465
2025-09-16 10:30:00+00:00,13217.9465
2025-09-16 10:45:00+00:00,13217.9465
2025-09-16 11:00:00+00:00,13217.9465
2025-09-16 11:15:00+00:00,13217.9465
2025-09-16 11:30:00+00:00,13217.9465
2025-09-16 11:45:00+00:00,13217.9465
2025-09-16 12:00:00+00:00,13217.9465
2025-09-16 12:15:00+00:00,13217.9465
2025-09-16 12:30:00+00:00,13217.9465
2025-09-16 12:45:00+00:00,13217.9465
2025-09-16 13:00:00+00:00,13217.9465
2025-09-16 13:15:00+00:00,13217.9465
2025-09-16 13:30:00+00:00,13217.9465
2025-09-16 13:45:00+00:00,13217.9465
2025-09-16 14:00:00+00:00,13217.9465
2025-09-16 14:15:00+00:00,13217.9465
2025-09-16 14:30:00+00:00,13217.9465
2025-09-16 14:45:00+00:00,13217.9465
2025-09-16 15:00:00+00:00,13217.9465
2025-09-16 15:15:00+00:00,13217.9465
2025-09-16 15:30:00+00:00,13217.9465
2025-09-16 15:45:00+00:00,13217.9465
2025-09-16 16:00:00+00:00,13217.9465
2025-09-16 16:15:00+00:00,13217.9465
2025-09-16 16:30:00+00:00,13217.9465
2025-09-16 16:45:00+00:00,13217.9465
2025-09-16 17:00:00+00:00,13217.9465
2025-09-16 17:15:00+00:00,13217.9465
2025-09-16 17:30:00+00:00,13217.9465
2025-09-16 17:45:00+00:00,13217.9465
2025-09-16 18:00:00+00:00,13217.9465
2025-09-16 18:15:00+00:00,13217.9465
2025-09-16 18:30:00+00:00,13217.9465
2025-09-16 18:45:00+00:00,13217.9465
2025-09-16 19:00:00+00:00,13217.9465
2025-09-16 19:15:00+00:00,13217.9465
2025-09-16 19:30:00+00:00,13217.9465
2025-09-16 19:45:00+00:00,13217.9465
2025-09-16 20:00:00+00:00,13217.9465
2025-09-16 20:15:00+00:00,13217.9465
2025-09-16 20:30:00+00:00,13217.9465
2025-09-16 20:45:00+00:00,13217.9465
2025-09-16 21:00:00+00:00,13217.9465
2025-09-16 21:15:00+00:00,13217.9465
2025-09-16 21:30:00+00:00,13217.9465
2025-09-16 21:45:00+00:00,13217.9465
2025-09-16 22:00:00+00:00,13217.9465
2025-09-16 22:15:00+00:00,13217.9465
2025-09-16 22:30:00+00:00,13217.9465
2025-09-16 22:45:00+00:00,13217.9465
2025-09-16 23:00:00+00:00,13217.9465
2025-09-16 23:15:00+00:00,13217.9465
2025-09-16 23:30:00+00:00,13217.9465
2025-09-16 23:45:00+00:00,13217.9465
2025-09-17 00:00:00+00:00,13217.9465
2025-09-17 00:15:00+00:00,13217.9465
2025-09-17 00:30:00+00:00,13217.9465
2025-09-17 00:45:00+00:00,13217.9465
2025-09-17 01:00:00+00:00,13217.9465
2025-09-17 01:15:00+00:00,13217.9465
2025-09-17 01:30:00+00:00,13217.9465
2025-09-17 01:45:00+00:00,13217.9465
2025-09-17 02:00:00+00:00,13217.9465
2025-09-17 02:15:00+00:00,13217.9465
2025-09-17 02:30:00+00:00,13217.9465
2025-09-17 02:45:00+00:00,13217.9465
2025-09-17 03:00:00+00:00,13217.9465
2025-09-17 03:15:00+00:00,13217.9465
2025-09-17 03:30:00+00:00,13217.9465
2025-09-17 03:45:00+00:00,13217.9465
2025-09-17 04:00:00+00:00,13217.9465
2025-09-17 04:15:00+00:00,13217.9465
2025-09-17 04:30:00+00:00,13217.9465
2025-09-17 04:45:00+00:00,13217.9465
2025-09-17 05:00:00+00:00,13217.9465
2025-09-17 05:15:00+00:00,13217.9465
2025-09-17 05:30:00+00:00,13217.9465
2025-09-17 05:45:00+00:00,13482.3054
2025-09-17 06:00:00+00:00,13482.3054
2025-09-17 06:15:00+00:00,13482.3054
2025-09-17 06:30:00+00:00,13482.3054
2025-09-17 06:45:00+00:00,13482.3054
2025-09-17 07:00:00+00:00,13482.3054
2025-09-17 07:15:00+00:00,13482.3054
2025-09-17 07:30:00+00:00,13482.3054
2025-09-17 07:45:00+00:00,13482.3054
2025-09-17 08:00:00+00:00,13482.3054
2025-09-17 08:15:00+00:00,13482.3054
2025-09-17 08:30:00+00:00,13482.3054
2025-09-17 08:45:00+00:00,13482.3054
2025-09-17 09:00:00+00:00,13482.3054
2025-09-17 09:15:00+00:00,13482.3054
2025-09-17 09:30:00+00:00,13482.3054
2025-09-17 09:45:00+00:00,13482.3054
2025-09-17 10:00:00+00:00,13482.3054
2025-09-17 10:15:00+00:00,13482.3054
2025-09-17 10:30:00+00:00,13482.3054
2025-09-17 10:45:00+00:00,13482.3054
2025-09-17 11:00:00+00:00,13482.3054
2025-09-17 11:15:00+00:00,13482.3054
2025-09-17 11:30:00+00:00,13482.3054
2025-09-17 11:45:00+00:00,13482.3054
2025-09-17 12:00:00+00:00,13482.3054
2025-09-17 12:15:00+00:00,13482.3054
2025-09-17 12:30:00+00:00,13482.3054
2025-09-17 12:45:00+00:00,13482.3054
2025-09-17 13:00:00+00:00,13482.3054
2025-09-17 13:15:00+00:00,13482.3054
2025-09-17 13:30:00+00:00,13482.3054
2025-09-17 13:45:00+00:00,13482.3054
2025-09-17 14:00:00+00:00,13482.3054
2025-09-17 14:15:00+00:00,13482.3054
2025-09-17 14:30:00+00:00,13482.3054
2025-09-17 14:45:00+00:00,13482.3054
2025-09-17 15:00:00+00:00,13482.3054
2025-09-17 15:15:00+00:00,13482.3054
2025-09-17 15:30:00+00:00,13482.3054
2025-09-17 15:45:00+00:00,13482.3054
2025-09-17 16:00:00+00:00,13482.3054
2025-09-17 16:15:00+00:00,13482.3054
2025-09-17 16:30:00+00:00,13482.3054
2025-09-17 16:45:00+00:00,13482.3054
2025-09-17 17:00:00+00:00,13482.3054
2025-09-17 17:15:00+00:00,13482.3054
2025-09-17 17:30:00+00:00,13482.3054
2025-09-17 17:45:00+00:00,13482.3054
2025-09-17 18:00:00+00:00,13482.3054
2025-09-17 18:15:00+00:00,13482.3054
2025-09-17 18:30:00+00:00,13482.3054
2025-09-17 18:45:00+00:00,13482.3054
2025-09-17 19:00:00+00:00,13482.3054
2025-09-17 19:15:00+00:00,13347.4824
2025-09-17 19:30:00+00:00,13347.4824
2025-09-17 19:45:00+00:00,13347.4824
2025-09-17 20:00:00+00:00,13347.4824
2025-09-17 20:15:00+00:00,13347.4824
2025-09-17 20:30:00+00:00,13347.4824
2025-09-17 20:45:00+00:00,13347.4824
2025-09-17 21:00:00+00:00,13347.4824
2025-09-17 21:15:00+00:00,13347.4824
2025-09-17 21:30:00+00:00,13347.4824
2025-09-17 21:45:00+00:00,13347.4824
2025-09-17 22:00:00+00:00,13347.4824
2025-09-17 22:15:00+00:00,13347.4824
2025-09-17 22:30:00+00:00,13347.4824
2025-09-17 22:45:00+00:00,13347.4824
2025-09-17 23:00:00+00:00,13347.4824
2025-09-17 23:15:00+00:00,13347.4824
2025-09-17 23:30:00+00:00,13347.4824
2025-09-17 23:45:00+00:00,13347.4824
2025-09-18 00:00:00+00:00,13347.4824
2025-09-18 00:15:00+00:00,13347.4824
2025-09-18 00:30:00+00:00,13347.4824
2025-09-18 00:45:00+00:00,13347.4824
2025-09-18 01:00:00+00:00,13347.4824
2025-09-18 01:15:00+00:00,13347.4824
2025-09-18 01:30:00+00:00,13347.4824
2025-09-18 01:45:00+00:00,13347.4824
2025-09-18 02:00:00+00:00,13347.4824
2025-09-18 02:15:00+00:00,13347.4824
2025-09-18 02:30:00+00:00,13347.4824
2025-09-18 02:45:00+00:00,13347.4824
2025-09-18 03:00:00+00:00,13347.4824
2025-09-18 03:15:00+00:00,13614.432
2025-09-18 03:30:00+00:00,13614.432
2025-09-18 03:45:00+00:00,13614.432
2025-09-18 04:00:00+00:00,13614.432
2025-09-18 04:15:00+00:00,13614.432
2025-09-18 04:30:00+00:00,13614.432
2025-09-18 04:45:00+00:00,13614.432
2025-09-18 05:00:00+00:00,13614.432
2025-09-18 05:15:00+00:00,13614.432
2025-09-18 05:30:00+00:00,13614.432
2025-09-18 05:45:00+00:00,13614.432
2025-09-18 06:00:00+00:00,13614.432
2025-09-18 06:15:00+00:00,13614.432
2025-09-18 06:30:00+00:00,13614.432
2025-09-18 06:45:00+00:00,13614.432
2025-09-18 07:00:00+00:00,13614.432
2025-09-18 07:15:00+00:00,13614.432
2025-09-18 07:30:00+00:00,13614.432
2025-09-18 07:45:00+00:00,13614.432
2025-09-18 08:00:00+00:00,13614.432
2025-09-18 08:15:00+00:00,13614.432
2025-09-18 08:30:00+00:00,13614.432
2025-09-18 08:45:00+00:00,13614.432
2025-09-18 09:00:00+00:00,13614.432
2025-09-18 09:15:00+00:00,13614.432
2025-09-18 09:30:00+00:00,13614.432
2025-09-18 09:45:00+00:00,13614.432
2025-09-18 10:00:00+00:00,13614.432
2025-09-18 10:15:00+00:00,13614.432
2025-09-18 10:30:00+00:00,13614.432
2025-09-18 10:45:00+00:00,13614.432
2025-09-18 11:00:00+00:00,13614.432
2025-09-18 11:15:00+00:00,13614.432
2025-09-18 11:30:00+00:00,13614.432
2025-09-18 11:45:00+00:00,13614.432
2025-09-18 12:00:00+00:00,13614.432
2025-09-18 12:15:00+00:00,13614.432
2025-09-18 12:30:00+00:00,13614.432
2025-09-18 12:45:00+00:00,13614.432
2025-09-18 13:00:00+00:00,13614.432
2025-09-18 13:15:00+00:00,13614.432
2025-09-18 13:30:00+00:00,13614.432
2025-09-18 13:45:00+00:00,13614.432
2025-09-18 14:00:00+00:00,13614.432
2025-09-18 14:15:00+00:00,13886.7207
2025-09-18 14:30:00+00:00,13886.7207
2025-09-18 14:45:00+00:00,13886.7207
2025-09-18 15:00:00+00:00,13886.7207
2025-09-18 15:15:00+00:00,13886.7207
2025-09-18 15:30:00+00:00,13886.7207
2025-09-18 15:45:00+00:00,13886.7207
2025-09-18 16:00:00+00:00,13886.7207
2025-09-18 16:15:00+00:00,13886.7207
2025-09-18 16:30:00+00:00,13886.7207
2025-09-18 16:45:00+00:00,13886.7207
2025-09-18 17:00:00+00:00,13886.7207
2025-09-18 17:15:00+00:00,13886.7207
2025-09-18 17:30:00+00:00,13886.7207
2025-09-18 17:45:00+00:00,13886.7207
2025-09-18 18:00:00+00:00,13886.7207
2025-09-18 18:15:00+00:00,13886.7207
2025-09-18 18:30:00+00:00,13886.7207
2025-09-18 18:45:00+00:00,13886.7207
2025-09-18 19:00:00+00:00,13886.7207
2025-09-18 19:15:00+00:00,13886.7207
2025-09-18 19:30:00+00:00,13886.7207
2025-09-18 19:45:00+00:00,13886.7207
2025-09-18 20:00:00+00:00,13886.7207
2025-09-18 20:15:00+00:00,13886.7207
2025-09-18 20:30:00+00:00,13886.7207
2025-09-18 20:45:00+00:00,13886.7207
2025-09-18 21:00:00+00:00,13747.8535
2025-09-18 21:15:00+00:00,13747.8535
2025-09-18 21:30:00+00:00,13747.8535
2025-09-18 21:45:00+00:00,13610.3749
2025-09-18 22:00:00+00:00,13610.3749
2025-09-18 22:15:00+00:00,13610.3749
2025-09-18 22:30:00+00:00,13610.3749
2025-09-18 22:45:00+00:00,13610.3749
2025-09-18 23:00:00+00:00,13610.3749
2025-09-18 23:15:00+00:00,13610.3749
2025-09-18 23:30:00+00:00,13610.3749
2025-09-18 23:45:00+00:00,13610.3749
2025-09-19 00:00:00+00:00,13610.3749
2025-09-19 00:15:00+00:00,13610.3749
2025-09-19 00:30:00+00:00,13610.3749
2025-09-19 00:45:00+00:00,13610.3749
2025-09-19 01:00:00+00:00,13610.3749
2025-09-19 01:15:00+00:00,13610.3749
2025-09-19 01:30:00+00:00,13610.3749
2025-09-19 01:45:00+00:00,13610.3749
2025-09-19 02:00:00+00:00,13610.3749
2025-09-19 02:15:00+00:00,13610.3749
2025-09-19 02:30:00+00:00,13610.3749
2025-09-19 02:45:00+00:00,13610.3749
2025-09-19 03:00:00+00:00,13610.3749
2025-09-19 03:15:00+00:00,13610.3749
2025-09-19 03:30:00+00:00,13610.3749
2025-09-19 03:45:00+00:00,13610.3749
2025-09-19 04:00:00+00:00,13610.3749
2025-09-19 04:15:00+00:00,13610.3749
2025-09-19 04:30:00+00:00,13610.3749
2025-09-19 04:45:00+00:00,13610.3749
2025-09-19 05:00:00+00:00,13610.3749
2025-09-19 05:15:00+00:00,13610.3749
2025-09-19 05:30:00+00:00,13610.3749
2025-09-19 05:45:00+00:00,13610.3749
2025-09-19 06:00:00+00:00,13610.3749
2025-09-19 06:15:00+00:00,13610.3749
2025-09-19 06:30:00+00:00,13610.3749
2025-09-19 06:45:00+00:00,13610.3749
2025-09-19 07:00:00+00:00,13610.3749
2025-09-19 07:15:00+00:00,13610.3749
2025-09-19 07:30:00+00:00,13610.3749
2025-09-19 07:45:00+00:00,13610.3749
2025-09-19 08:00:00+00:00,13610.3749
2025-09-19 08:15:00+00:00,13610.3749
2025-09-19 08:30:00+00:00,13610.3749
2025-09-19 08:45:00+00:00,13610.3749
2025-09-19 09:00:00+00:00,13610.3749
2025-09-19 09:15:00+00:00,13610.3749
2025-09-19 09:30:00+00:00,13610.3749
2025-09-19 09:45:00+00:00,13610.3749
2025-09-19 10:00:00+00:00,13610.3749
2025-09-19 10:15:00+00:00,13610.3749
2025-09-19 10:30:00+00:00,13610.3749
2025-09-19 10:45:00+00:00,13610.3749
2025-09-19 11:00:00+00:00,13610.3749
2025-09-19 11:15:00+00:00,13610.3749
2025-09-19 11:30:00+00:00,13610.3749
2025-09-19 11:45:00+00:00,13610.3749
2025-09-19 12:00:00+00:00,13610.3749
2025-09-19 12:15:00+00:00,13610.3749
2025-09-19 12:30:00+00:00,13610.3749
2025-09-19 12:45:00+00:00,13610.3749
2025-09-19 13:00:00+00:00,13610.3749
2025-09-19 13:15:00+00:00,13610.3749
2025-09-19 13:30:00+00:00,13610.3749
2025-09-19 13:45:00+00:00,13610.3749
2025-09-19 14:00:00+00:00,13610.3749
2025-09-19 14:15:00+00:00,13610.3749
2025-09-19 14:30:00+00:00,13610.3749
2025-09-19 14:45:00+00:00,13610.3749
2025-09-19 15:00:00+00:00,13610.3749
2025-09-19 15:15:00+00:00,13610.3749
2025-09-19 15:30:00+00:00,13474.2712
2025-09-19 15:45:00+00:00,13474.2712
2025-09-19 16:00:00+00:00,13474.2712
2025-09-19 16:15:00+00:00,13474.2712
2025-09-19 16:30:00+00:00,13474.2712
2025-09-19 16:45:00+00:00,13474.2712
2025-09-19 17:00:00+00:00,13474.2712
2025-09-19 17:15:00+00:00,13474.2712
2025-09-19 17:30:00+00:00,13474.2712
2025-09-19 17:45:00+00:00,13474.2712
2025-09-19 18:00:00+00:00,13474.2712
2025-09-19 18:15:00+00:00,13474.2712
2025-09-19 18:30:00+00:00,13474.2712
2025-09-19 18:45:00+00:00,13474.2712
2025-09-19 19:00:00+00:00,13474.2712
2025-09-19 19:15:00+00:00,13474.2712
2025-09-19 19:30:00+00:00,13474.2712
2025-09-19 19:45:00+00:00,13474.2712
2025-09-19 20:00:00+00:00,13474.2712
2025-09-19 20:15:00+00:00,13474.2712
2025-09-19 20:30:00+00:00,13474.2712
2025-09-19 20:45:00+00:00,13474.2712
2025-09-19 21:00:00+00:00,13474.2712
2025-09-19 21:15:00+00:00,13474.2712
2025-09-19 21:30:00+00:00,13474.2712
2025-09-19 21:45:00+00:00,13474.2712
2025-09-19 22:00:00+00:00,13474.2712
2025-09-19 22:15:00+00:00,13474.2712
2025-09-19 22:30:00+00:00,13474.2712
2025-09-19 22:45:00+00:00,13474.2712
2025-09-19 23:00:00+00:00,13474.2712
2025-09-19 23:15:00+00:00,13474.2712
2025-09-19 23:30:00+00:00,13474.2712
2025-09-19 23:45:00+00:00,13474.2712
2025-09-20 00:00:00+00:00,13474.2712
2025-09-20 00:15:00+00:00,13474.2712
2025-09-20 00:30:00+00:00,13474.2712
2025-09-20 00:45:00+00:00,13474.2712
2025-09-20 01:00:00+00:00,13474.2712
2025-09-20 01:15:00+00:00,13474.2712
2025-09-20 01:30:00+00:00,13474.2712
2025-09-20 01:45:00+00:00,13474.2712
2025-09-20 02:00:00+00:00,13474.2712
2025-09-20 02:15:00+00:00,13474.2712
2025-09-20 02:30:00+00:00,13474.2712
2025-09-20 02:45:00+00:00,13474.2712
2025-09-20 03:00:00+00:00,13474.2712
2025-09-20 03:15:00+00:00,13474.2712
2025-09-20 03:30:00+00:00,13474.2712
2025-09-20 03:45:00+00:00,13474.2712
2025-09-20 04:00:00+00:00,13474.2712
2025-09-20 04:15:00+00:00,13474.2712
2025-09-20 04:30:00+00:00,13474.2712
2025-09-20 04:45:00+00:00,13474.2712
2025-09-20 05:00:00+00:00,13474.2712
2025-09-20 05:15:00+00:00,13474.2712
2025-09-20 05:30:00+00:00,13474.2712
2025-09-20 05:45:00+00:00,13474.2712
2025-09-20 06:00:00+00:00,13474.2712
2025-09-20 06:15:00+00:00,13474.2712
2025-09-20 06:30:00+00:00,13474.2712
2025-09-20 06:45:00+00:00,13474.2712
2025-09-20 07:00:00+00:00,13474.2712
2025-09-20 07:15:00+00:00,13474.2712
2025-09-20 07:30:00+00:00,13474.2712
2025-09-20 07:45:00+00:00,13474.2712
2025-09-20 08:00:00+00:00,13474.2712
2025-09-20 08:15:00+00:00,13474.2712
2025-09-20 08:30:00+00:00,13474.2712
2025-09-20 08:45:00+00:00,13474.2712
2025-09-20 09:00:00+00:00,13474.2712
2025-09-20 09:15:00+00:00,13474.2712
2025-09-20 09:30:00+00:00,13474.2712
2025-09-20 09:45:00+00:00,13474.2712
2025-09-20 10:00:00+00:00,13474.2712
2025-09-20 10:15:00+00:00,13474.2712
2025-09-20 10:30:00+00:00,13474.2712
2025-09-20 10:45:00+00:00,13474.2712
2025-09-20 11:00:00+00:00,13474.2712
2025-09-20 11:15:00+00:00,13474.2712
2025-09-20 11:30:00+00:00,13474.2712
2025-09-20 11:45:00+00:00,13474.2712
2025-09-20 12:00:00+00:00,13474.2712
2025-09-20 12:15:00+00:00,13474.2712
2025-09-20 12:30:00+00:00,13474.2712
2025-09-20 12:45:00+00:00,13474.2712
2025-09-20 13:00:00+00:00,13474.2712
2025-09-20 13:15:00+00:00,13474.2712
2025-09-20 13:30:00+00:00,13474.2712
2025-09-20 13:45:00+00:00,13474.2712
2025-09-20 14:00:00+00:00,13474.2712
2025-09-20 14:15:00+00:00,13474.2712
2025-09-20 14:30:00+00:00,13474.2712
2025-09-20 14:45:00+00:00,13474.2712
2025-09-20 15:00:00+00:00,13474.2712
2025-09-20 15:15:00+00:00,13474.2712
2025-09-20 15:30:00+00:00,13474.2712
2025-09-20 15:45:00+00:00,13474.2712
2025-09-20 16:00:00+00:00,13474.2712
2025-09-20 16:15:00+00:00,13474.2712
2025-09-20 16:30:00+00:00,13474.2712
2025-09-20 16:45:00+00:00,13474.2712
2025-09-20 17:00:00+00:00,13474.2712
2025-09-20 17:15:00+00:00,13474.2712
2025-09-20 17:30:00+00:00,13474.2712
2025-09-20 17:45:00+00:00,13474.2712
2025-09-20 18:00:00+00:00,13474.2712
2025-09-20 18:15:00+00:00,13474.2712
2025-09-20 18:30:00+00:00,13474.2712
2025-09-20 18:45:00+00:00,13474.2712
2025-09-20 19:00:00+00:00,13474.2712
2025-09-20 19:15:00+00:00,13474.2712
2025-09-20 19:30:00+00:00,13474.2712
2025-09-20 19:45:00+00:00,13474.2712
2025-09-20 20:00:00+00:00,13474.2712
2025-09-20 20:15:00+00:00,13474.2712
2025-09-20 20:30:00+00:00,13474.2712
2025-09-20 20:45:00+00:00,13474.2712
2025-09-20 21:00:00+00:00,13474.2712
2025-09-20 21:15:00+00:00,13474.2712
2025-09-20 21:30:00+00:00,13474.2712
2025-09-20 21:45:00+00:00,13474.2712
2025-09-20 22:00:00+00:00,13474.2712
2025-09-20 22:15:00+00:00,13474.2712
2025-09-20 22:30:00+00:00,13474.2712
2025-09-20 22:45:00+00:00,13474.2712
2025-09-20 23:00:00+00:00,13474.2712
2025-09-20 23:15:00+00:00,13474.2712
2025-09-20 23:30:00+00:00,13474.2712
2025-09-20 23:45:00+00:00,13474.2712
2025-09-21 00:00:00+00:00,13474.2712
2025-09-21 00:15:00+00:00,13474.2712
2025-09-21 00:30:00+00:00,13474.2712
2025-09-21 00:45:00+00:00,13474.2712
2025-09-21 01:00:00+00:00,13474.2712
2025-09-21 01:15:00+00:00,13474.2712
2025-09-21 01:30:00+00:00,13474.2712
2025-09-21 01:45:00+00:00,13474.2712
2025-09-21 02:00:00+00:00,13474.2712
2025-09-21 02:15:00+00:00,13474.2712
2025-09-21 02:30:00+00:00,13474.2712
2025-09-21 02:45:00+00:00,13474.2712
2025-09-21 03:00:00+00:00,13474.2712
2025-09-21 03:15:00+00:00,13474.2712
2025-09-21 03:30:00+00:00,13474.2712
2025-09-21 03:45:00+00:00,13474.2712
2025-09-21 04:00:00+00:00,13474.2712
2025-09-21 04:15:00+00:00,13474.2712
2025-09-21 04:30:00+00:00,13474.2712
2025-09-21 04:45:00+00:00,13474.2712
2025-09-21 05:00:00+00:00,13474.2712
2025-09-21 05:15:00+00:00,13474.2712
2025-09-21 05:30:00+00:00,13474.2712
2025-09-21 05:45:00+00:00,13474.2712
2025-09-21 06:00:00+00:00,13474.2712
2025-09-21 06:15:00+00:00,13474.2712
2025-09-21 06:30:00+00:00,13474.2712
2025-09-21 06:45:00+00:00,13474.2712
2025-09-21 07:00:00+00:00,13474.2712
2025-09-21 07:15:00+00:00,13474.2712
2025-09-21 07:30:00+00:00,13474.2712
2025-09-21 07:45:00+00:00,13474.2712
2025-09-21 08:00:00+00:00,13474.2712
2025-09-21 08:15:00+00:00,13474.2712
2025-09-21 08:30:00+00:00,13474.2712
2025-09-21 08:45:00+00:00,13474.2712
2025-09-21 09:00:00+00:00,13474.2712
2025-09-21 09:15:00+00:00,13474.2712
2025-09-21 09:30:00+00:00,13474.2712
2025-09-21 09:45:00+00:00,13474.2712
2025-09-21 10:00:00+00:00,13474.2712
2025-09-21 10:15:00+00:00,13474.2712
2025-09-21 10:30:00+00:00,13474.2712
2025-09-21 10:45:00+00:00,13474.2712
2025-09-21 11:00:00+00:00,13474.2712
2025-09-21 11:15:00+00:00,13474.2712
2025-09-21 11:30:00+00:00,13474.2712
2025-09-21 11:45:00+00:00,13474.2712
2025-09-21 12:00:00+00:00,13474.2712
2025-09-21 12:15:00+00:00,13474.2712
2025-09-21 12:30:00+00:00,13474.2712
2025-09-21 12:45:00+00:00,13474.2712
2025-09-21 13:00:00+00:00,13474.2712
2025-09-21 13:15:00+00:00,13474.2712
2025-09-21 13:30:00+00:00,13474.2712
2025-09-21 13:45:00+00:00,13474.2712
2025-09-21 14:00:00+00:00,13474.2712
2025-09-21 14:15:00+00:00,13474.2712
2025-09-21 14:30:00+00:00,13474.2712
2025-09-21 14:45:00+00:00,13474.2712
2025-09-21 15:00:00+00:00,13474.2712
2025-09-21 15:15:00+00:00,13474.2712
2025-09-21 15:30:00+00:00,13474.2712
2025-09-21 15:45:00+00:00,13474.2712
2025-09-21 16:00:00+00:00,13474.2712
2025-09-21 16:15:00+00:00,13474.2712
2025-09-21 16:30:00+00:00,13474.2712
2025-09-21 16:45:00+00:00,13474.2712
2025-09-21 17:00:00+00:00,13474.2712
2025-09-21 17:15:00+00:00,13474.2712
2025-09-21 17:30:00+00:00,13474.2712
2025-09-21 17:45:00+00:00,13474.2712
2025-09-21 18:00:00+00:00,13474.2712
2025-09-21 18:15:00+00:00,13474.2712
2025-09-21 18:30:00+00:00,13474.2712
2025-09-21 18:45:00+00:00,13474.2712
2025-09-21 19:00:00+00:00,13474.2712
2025-09-21 19:15:00+00:00,13474.2712
2025-09-21 19:30:00+00:00,13474.2712
2025-09-21 19:45:00+00:00,13474.2712
2025-09-21 20:00:00+00:00,13474.2712
2025-09-21 20:15:00+00:00,13474.2712
2025-09-21 20:30:00+00:00,13474.2712
2025-09-21 20:45:00+00:00,13474.2712
2025-09-21 21:00:00+00:00,13474.2712
2025-09-21 21:15:00+00:00,13474.2712
2025-09-21 21:30:00+00:00,13474.2712
2025-09-21 21:45:00+00:00,13474.2712
2025-09-21 22:00:00+00:00,13474.2712
2025-09-21 22:15:00+00:00,13474.2712
2025-09-21 22:30:00+00:00,13474.2712
2025-09-21 22:45:00+00:00,13474.2712
2025-09-21 23:00:00+00:00,13474.2712
2025-09-21 23:15:00+00:00,13474.2712
2025-09-21 23:30:00+00:00,13474.2712
2025-09-21 23:45:00+00:00,13474.2712
2025-09-22 00:00:00+00:00,13474.2712
2025-09-22 00:15:00+00:00,13474.2712
2025-09-22 00:30:00+00:00,13474.2712
2025-09-22 00:45:00+00:00,13474.2712
2025-09-22 01:00:00+00:00,13474.2712
2025-09-22 01:15:00+00:00,13474.2712
2025-09-22 01:30:00+00:00,13474.2712
2025-09-22 01:45:00+00:00,13474.2712
2025-09-22 02:00:00+00:00,13474.2712
2025-09-22 02:15:00+00:00,13474.2712
2025-09-22 02:30:00+00:00,13743.7566
2025-09-22 02:45:00+00:00,13743.7566
2025-09-22 03:00:00+00:00,13743.7566
2025-09-22 03:15:00+00:00,13743.7566
2025-09-22 03:30:00+00:00,13743.7566
2025-09-22 03:45:00+00:00,13743.7566
2025-09-22 04:00:00+00:00,13743.7566
2025-09-22 04:15:00+00:00,13743.7566
2025-09-22 04:30:00+00:00,13743.7566
2025-09-22 04:45:00+00:00,13743.7566
2025-09-22 05:00:00+00:00,13743.7566
2025-09-22 05:15:00+00:00,13743.7566
2025-09-22 05:30:00+00:00,13743.7566
2025-09-22 05:45:00+00:00,13743.7566
2025-09-22 06:00:00+00:00,13743.7566
2025-09-22 06:15:00+00:00,13743.7566
2025-09-22 06:30:00+00:00,13743.7566
2025-09-22 06:45:00+00:00,13743.7566
2025-09-22 07:00:00+00:00,13743.7566
2025-09-22 07:15:00+00:00,13743.7566
2025-09-22 07:30:00+00:00,13743.7566
2025-09-22 07:45:00+00:00,13743.7566
2025-09-22 08:00:00+00:00,13743.7566
2025-09-22 08:15:00+00:00,13743.7566
2025-09-22 08:30:00+00:00,13743.7566
2025-09-22 08:45:00+00:00,13743.7566
2025-09-22 09:00:00+00:00,13743.7566
2025-09-22 09:15:00+00:00,13743.7566
2025-09-22 09:30:00+00:00,13743.7566
2025-09-22 09:45:00+00:00,13743.7566
2025-09-22 10:00:00+00:00,13743.7566
2025-09-22 10:15:00+00:00,13743.7566
2025-09-22 10:30:00+00:00,13743.7566
2025-09-22 10:45:00+00:00,13743.7566
2025-09-22 11:00:00+00:00,13743.7566
2025-09-22 11:15:00+00:00,13743.7566
2025-09-22 11:30:00+00:00,13743.7566
2025-09-22 11:45:00+00:00,13743.7566
2025-09-22 12:00:00+00:00,13743.7566
2025-09-22 12:15:00+00:00,13743.7566
2025-09-22 12:30:00+00:00,13743.7566
2025-09-22 12:45:00+00:00,13743.7566
2025-09-22 13:00:00+00:00,13743.7566
2025-09-22 13:15:00+00:00,13743.7566
2025-09-22 13:30:00+00:00,13743.7566
2025-09-22 13:45:00+00:00,13743.7566
2025-09-22 14:00:00+00:00,13743.7566
2025-09-22 14:15:00+00:00,13743.7566
2025-09-22 14:30:00+00:00,13743.7566
2025-09-22 14:45:00+00:00,13743.7566
2025-09-22 15:00:00+00:00,13743.7566
2025-09-22 15:15:00+00:00,13743.7566
2025-09-22 15:30:00+00:00,13743.7566
2025-09-22 15:45:00+00:00,13743.7566
2025-09-22 16:00:00+00:00,13743.7566
2025-09-22 16:15:00+00:00,13743.7566
2025-09-22 16:30:00+00:00,13743.7566
2025-09-22 16:45:00+00:00,13743.7566
2025-09-22 17:00:00+00:00,13743.7566
2025-09-22 17:15:00+00:00,13743.7566
2025-09-22 17:30:00+00:00,13743.7566
2025-09-22 17:45:00+00:00,13743.7566
2025-09-22 18:00:00+00:00,13743.7566
2025-09-22 18:15:00+00:00,13743.7566
2025-09-22 18:30:00+00:00,13743.7566
2025-09-22 18:45:00+00:00,13743.7566
2025-09-22 19:00:00+00:00,13743.7566
2025-09-22 19:15:00+00:00,13743.7566
2025-09-22 19:30:00+00:00,13743.7566
2025-09-22 19:45:00+00:00,13743.7566
2025-09-22 20:00:00+00:00,13743.7566
2025-09-22 20:15:00+00:00,13743.7566
2025-09-22 20:30:00+00:00,13743.7566
2025-09-22 20:45:00+00:00,13743.7566
2025-09-22 21:00:00+00:00,13743.7566
2025-09-22 21:15:00+00:00,13743.7566
2025-09-22 21:30:00+00:00,13743.7566
2025-09-22 21:45:00+00:00,13743.7566
2025-09-22 22:00:00+00:00,13743.7566
2025-09-22 22:15:00+00:00,13743.7566
2025-09-22 22:30:00+00:00,13743.7566
2025-09-22 22:45:00+00:00,13743.7566
2025-09-22 23:00:00+00:00,13743.7566
2025-09-22 23:15:00+00:00,13743.7566
2025-09-22 23:30:00+00:00,13743.7566
2025-09-22 23:45:00+00:00,13743.7566
2025-09-23 00:00:00+00:00,13743.7566
2025-09-23 00:15:00+00:00,13743.7566
2025-09-23 00:30:00+00:00,13743.7566
2025-09-23 00:45:00+00:00,13743.7566
2025-09-23 01:00:00+00:00,14018.6317
2025-09-23 01:15:00+00:00,14018.6317
2025-09-23 01:30:00+00:00,14018.6317
2025-09-23 01:45:00+00:00,14018.6317
2025-09-23 02:00:00+00:00,14018.6317
2025-09-23 02:15:00+00:00,14018.6317
2025-09-23 02:30:00+00:00,14018.6317
2025-09-23 02:45:00+00:00,14299.0044
2025-09-23 03:00:00+00:00,14299.0044
2025-09-23 03:15:00+00:00,14299.0044
2025-09-23 03:30:00+00:00,14299.0044
2025-09-23 03:45:00+00:00,14299.0044
2025-09-23 04:00:00+00:00,14299.0044
2025-09-23 04:15:00+00:00,14299.0044
2025-09-23 04:30:00+00:00,14299.0044
2025-09-23 04:45:00+00:00,14299.0044
2025-09-23 05:00:00+00:00,14299.0044
2025-09-23 05:15:00+00:00,14299.0044
2025-09-23 05:30:00+00:00,14299.0044
2025-09-23 05:45:00+00:00,14299.0044
2025-09-23 06:00:00+00:00,14299.0044
2025-09-23 06:15:00+00:00,14299.0044
2025-09-23 06:30:00+00:00,14299.0044
2025-09-23 06:45:00+00:00,14299.0044
2025-09-23 07:00:00+00:00,14299.0044
2025-09-23 07:15:00+00:00,14299.0044
2025-09-23 07:30:00+00:00,14299.0044
2025-09-23 07:45:00+00:00,14299.0044
2025-09-23 08:00:00+00:00,14299.0044
2025-09-23 08:15:00+00:00,14299.0044
2025-09-23 08:30:00+00:00,14299.0044
2025-09-23 08:45:00+00:00,14299.0044
2025-09-23 09:00:00+00:00,14299.0044
2025-09-23 09:15:00+00:00,14299.0044
2025-09-23 09:30:00+00:00,14299.0044
2025-09-23 09:45:00+00:00,14299.0044
2025-09-23 10:00:00+00:00,14299.0044
2025-09-23 10:15:00+00:00,14299.0044
2025-09-23 10:30:00+00:00,14299.0044
2025-09-23 10:45:00+00:00,14299.0044
2025-09-23 11:00:00+00:00,14156.0143
2025-09-23 11:15:00+00:00,14156.0143
2025-09-23 11:30:00+00:00,14156.0143
2025-09-23 11:45:00+00:00,14156.0143
2025-09-23 12:00:00+00:00,14156.0143
2025-09-23 12:15:00+00:00,14156.0143
2025-09-23 12:30:00+00:00,14156.0143
2025-09-23 12:45:00+00:00,14156.0143
2025-09-23 13:00:00+00:00,14156.0143
2025-09-23 13:15:00+00:00,14156.0143
2025-09-23 13:30:00+00:00,14156.0143
2025-09-23 13:45:00+00:00,14156.0143
2025-09-23 14:00:00+00:00,14439.1346
2025-09-23 14:15:00+00:00,14439.1346
2025-09-23 14:30:00+00:00,14439.1346
2025-09-23 14:45:00+00:00,14439.1346
2025-09-23 15:00:00+00:00,14439.1346
2025-09-23 15:15:00+00:00,14439.1346
2025-09-23 15:30:00+00:00,14439.1346
2025-09-23 15:45:00+00:00,14439.1346
2025-09-23 16:00:00+00:00,14439.1346
2025-09-23 16:15:00+00:00,14439.1346
2025-09-23 16:30:00+00:00,14294.7433
2025-09-23 16:45:00+00:00,14294.7433
2025-09-23 17:00:00+00:00,14151.7958
2025-09-23 17:15:00+00:00,14151.7958
2025-09-23 17:30:00+00:00,14151.7958
2025-09-23 17:45:00+00:00,14151.7958
2025-09-23 18:00:00+00:00,14151.7958
2025-09-23 18:15:00+00:00,14434.8317
2025-09-23 18:30:00+00:00,14434.8317
2025-09-23 18:45:00+00:00,14434.8317
2025-09-23 19:00:00+00:00,14434.8317
2025-09-23 19:15:00+00:00,14434.8317
2025-09-23 19:30:00+00:00,14434.8317
2025-09-23 19:45:00+00:00,14434.8317
2025-09-23 20:00:00+00:00,14434.8317
2025-09-23 20:15:00+00:00,14434.8317
2025-09-23 20:30:00+00:00,14434.8317
2025-09-23 20:45:00+00:00,14434.8317
2025-09-23 21:00:00+00:00,14434.8317
2025-09-23 21:15:00+00:00,14290.4834
2025-09-23 21:30:00+00:00,14290.4834
2025-09-23 21:45:00+00:00,14290.4834
2025-09-23 22:00:00+00:00,14290.4834
2025-09-23 22:15:00+00:00,14290.4834
2025-09-23 22:30:00+00:00,14290.4834
2025-09-23 22:45:00+00:00,14290.4834
2025-09-23 23:00:00+00:00,14290.4834
2025-09-23 23:15:00+00:00,14290.4834
2025-09-23 23:30:00+00:00,14290.4834
2025-09-23 23:45:00+00:00,14290.4834
2025-09-24 00:00:00+00:00,14290.4834
2025-09-24 00:15:00+00:00,14290.4834
2025-09-24 00:30:00+00:00,14290.4834
2025-09-24 00:45:00+00:00,14290.4834
2025-09-24 01:00:00+00:00,14290.4834
2025-09-24 01:15:00+00:00,14290.4834
2025-09-24 01:30:00+00:00,14290.4834
2025-09-24 01:45:00+00:00,14290.4834
2025-09-24 02:00:00+00:00,14290.4834
2025-09-24 02:15:00+00:00,14290.4834
2025-09-24 02:30:00+00:00,14290.4834
2025-09-24 02:45:00+00:00,14290.4834
2025-09-24 03:00:00+00:00,14290.4834
2025-09-24 03:15:00+00:00,14290.4834
2025-09-24 03:30:00+00:00,14290.4834
2025-09-24 03:45:00+00:00,14290.4834
2025-09-24 04:00:00+00:00,14576.2931
2025-09-24 04:15:00+00:00,14576.2931
2025-09-24 04:30:00+00:00,14576.2931
2025-09-24 04:45:00+00:00,14576.2931
2025-09-24 05:00:00+00:00,14576.2931
2025-09-24 05:15:00+00:00,14576.2931
2025-09-24 05:30:00+00:00,14576.2931
2025-09-24 05:45:00+00:00,14576.2931
2025-09-24 06:00:00+00:00,14576.2931
2025-09-24 06:15:00+00:00,14576.2931
2025-09-24 06:30:00+00:00,14576.2931
2025-09-24 06:45:00+00:00,14576.2931
2025-09-24 07:00:00+00:00,14576.2931
2025-09-24 07:15:00+00:00,14576.2931
2025-09-24 07:30:00+00:00,14576.2931
2025-09-24 07:45:00+00:00,14576.2931
2025-09-24 08:00:00+00:00,14576.2931
2025-09-24 08:15:00+00:00,14576.2931
2025-09-24 08:30:00+00:00,14576.2931
2025-09-24 08:45:00+00:00,14576.2931
2025-09-24 09:00:00+00:00,14576.2931
2025-09-24 09:15:00+00:00,14576.2931
2025-09-24 09:30:00+00:00,14576.2931
2025-09-24 09:45:00+00:00,14576.2931
2025-09-24 10:00:00+00:00,14576.2931
2025-09-24 10:15:00+00:00,14576.2931
2025-09-24 10:30:00+00:00,14576.2931
2025-09-24 10:45:00+00:00,14576.2931
2025-09-24 11:00:00+00:00,14576.2931
2025-09-24 11:15:00+00:00,14576.2931
2025-09-24 11:30:00+00:00,14576.2931
2025-09-24 11:45:00+00:00,14576.2931
2025-09-24 12:00:00+00:00,14576.2931
2025-09-24 12:15:00+00:00,14576.2931
2025-09-24 12:30:00+00:00,14576.2931
2025-09-24 12:45:00+00:00,14576.2931
2025-09-24 13:00:00+00:00,14576.2931
2025-09-24 13:15:00+00:00,14576.2931
2025-09-24 13:30:00+00:00,14576.2931
2025-09-24 13:45:00+00:00,14576.2931
2025-09-24 14:00:00+00:00,14576.2931
2025-09-24 14:15:00+00:00,14576.2931
2025-09-24 14:30:00+00:00,14576.2931
2025-09-24 14:45:00+00:00,14576.2931
2025-09-24 15:00:00+00:00,14576.2931
2025-09-24 15:15:00+00:00,14576.2931
2025-09-24 15:30:00+00:00,14576.2931
2025-09-24 15:45:00+00:00,14576.2931
2025-09-24 16:00:00+00:00,14576.2931
2025-09-24 16:15:00+00:00,14576.2931
2025-09-24 16:30:00+00:00,14576.2931
2025-09-24 16:45:00+00:00,14576.2931
2025-09-24 17:00:00+00:00,14576.2931
2025-09-24 17:15:00+00:00,14576.2931
2025-09-24 17:30:00+00:00,14576.2931
2025-09-24 17:45:00+00:00,14576.2931
2025-09-24 18:00:00+00:00,14576.2931
2025-09-24 18:15:00+00:00,14576.2931
2025-09-24 18:30:00+00:00,14576.2931
2025-09-24 18:45:00+00:00,14576.2931
2025-09-24 19:00:00+00:00,14576.2931
2025-09-24 19:15:00+00:00,14576.2931
2025-09-24 19:30:00+00:00,14576.2931
2025-09-24 19:45:00+00:00,14576.2931
2025-09-24 20:00:00+00:00,14576.2931
2025-09-24 20:15:00+00:00,14576.2931
2025-09-24 20:30:00+00:00,14576.2931
2025-09-24 20:45:00+00:00,14576.2931
2025-09-24 21:00:00+00:00,14576.2931
2025-09-24 21:15:00+00:00,14576.2931
2025-09-24 21:30:00+00:00,14576.2931
2025-09-24 21:45:00+00:00,14576.2931
2025-09-24 22:00:00+00:00,14576.2931
2025-09-24 22:15:00+00:00,14576.2931
2025-09-24 22:30:00+00:00,14576.2931
2025-09-24 22:45:00+00:00,14430.5302
2025-09-24 23:00:00+00:00,14430.5302
2025-09-24 23:15:00+00:00,14430.5302
2025-09-24 23:30:00+00:00,14430.5302
2025-09-24 23:45:00+00:00,14430.5302
2025-09-25 00:00:00+00:00,14430.5302
2025-09-25 00:15:00+00:00,14430.5302
2025-09-25 00:30:00+00:00,14430.5302
2025-09-25 00:45:00+00:00,14430.5302
2025-09-25 01:00:00+00:00,14430.5302
2025-09-25 01:15:00+00:00,14430.5302
2025-09-25 01:30:00+00:00,14430.5302
2025-09-25 01:45:00+00:00,14430.5302
2025-09-25 02:00:00+00:00,14430.5302
2025-09-25 02:15:00+00:00,14430.5302
2025-09-25 02:30:00+00:00,14430.5302
2025-09-25 02:45:00+00:00,14430.5302
2025-09-25 03:00:00+00:00,14430.5302
2025-09-25 03:15:00+00:00,14430.5302
2025-09-25 03:30:00+00:00,14430.5302
2025-09-25 03:45:00+00:00,14430.5302
2025-09-25 04:00:00+00:00,14430.5302
2025-09-25 04:15:00+00:00,14430.5302
2025-09-25 04:30:00+00:00,14430.5302
2025-09-25 04:45:00+00:00,14430.5302
2025-09-25 05:00:00+00:00,14430.5302
2025-09-25 05:15:00+00:00,14430.5302
2025-09-25 05:30:00+00:00,14430.5302
2025-09-25 05:45:00+00:00,14430.5302
2025-09-25 06:00:00+00:00,14430.5302
2025-09-25 06:15:00+00:00,14430.5302
2025-09-25 06:30:00+00:00,14430.5302
2025-09-25 06:45:00+00:00,14430.5302
2025-09-25 07:00:00+00:00,14430.5302
2025-09-25 07:15:00+00:00,14430.5302
2025-09-25 07:30:00+00:00,14430.5302
2025-09-25 07:45:00+00:00,14430.5302
2025-09-25 08:00:00+00:00,14430.5302
2025-09-25 08:15:00+00:00,14430.5302
2025-09-25 08:30:00+00:00,14430.5302
2025-09-25 08:45:00+00:00,14430.5302
2025-09-25 09:00:00+00:00,14430.5302
2025-09-25 09:15:00+00:00,14430.5302
2025-09-25 09:30:00+00:00,14430.5302
2025-09-25 09:45:00+00:00,14430.5302
2025-09-25 10:00:00+00:00,14430.5302
2025-09-25 10:15:00+00:00,14430.5302
2025-09-25 10:30:00+00:00,14430.5302
2025-09-25 10:45:00+00:00,14430.5302
2025-09-25 11:00:00+00:00,14430.5302
2025-09-25 11:15:00+00:00,14430.5302
2025-09-25 11:30:00+00:00,14430.5302
2025-09-25 11:45:00+00:00,14430.5302
2025-09-25 12:00:00+00:00,14430.5302
2025-09-25 12:15:00+00:00,14719.1408
2025-09-25 12:30:00+00:00,14719.1408
2025-09-25 12:45:00+00:00,14719.1408
2025-09-25 13:00:00+00:00,14719.1408
2025-09-25 13:15:00+00:00,14719.1408
2025-09-25 13:30:00+00:00,14719.1408
2025-09-25 13:45:00+00:00,14719.1408
2025-09-25 14:00:00+00:00,14719.1408
2025-09-25 14:15:00+00:00,14719.1408
2025-09-25 14:30:00+00:00,14719.1408
2025-09-25 14:45:00+00:00,14719.1408
2025-09-25 15:00:00+00:00,14719.1408
2025-09-25 15:15:00+00:00,14719.1408
2025-09-25 15:30:00+00:00,14719.1408
2025-09-25 15:45:00+00:00,14719.1408
2025-09-25 16:00:00+00:00,14719.1408
2025-09-25 16:15:00+00:00,14719.1408
2025-09-25 16:30:00+00:00,14719.1408
2025-09-25 16:45:00+00:00,14719.1408
2025-09-25 17:00:00+00:00,14719.1408
2025-09-25 17:15:00+00:00,14719.1408
2025-09-25 17:30:00+00:00,14719.1408
2025-09-25 17:45:00+00:00,14719.1408
2025-09-25 18:00:00+00:00,14719.1408
2025-09-25 18:15:00+00:00,14719.1408
2025-09-25 18:30:00+00:00,14719.1408
2025-09-25 18:45:00+00:00,14719.1408
2025-09-25 19:00:00+00:00,14719.1408
2025-09-25 19:15:00+00:00,14719.1408
2025-09-25 19:30:00+00:00,14719.1408
2025-09-25 19:45:00+00:00,14719.1408
2025-09-25 20:00:00+00:00,14719.1408
2025-09-25 20:15:00+00:00,14719.1408
2025-09-25 20:30:00+00:00,14719.1408
2025-09-25 20:45:00+00:00,14719.1408
2025-09-25 21:00:00+00:00,14719.1408
2025-09-25 21:15:00+00:00,14719.1408
2025-09-25 21:30:00+00:00,14719.1408
2025-09-25 21:45:00+00:00,14719.1408
2025-09-25 22:00:00+00:00,14719.1408
2025-09-25 22:15:00+00:00,14719.1408
2025-09-25 22:30:00+00:00,14719.1408
2025-09-25 22:45:00+00:00,14719.1408
2025-09-25 23:00:00+00:00,14719.1408
2025-09-25 23:15:00+00:00,14719.1408
2025-09-25 23:30:00+00:00,14719.1408
2025-09-25 23:45:00+00:00,14719.1408
2025-09-26 00:00:00+00:00,14719.1408
2025-09-26 00:15:00+00:00,14719.1408
2025-09-26 00:30:00+00:00,14719.1408
2025-09-26 00:45:00+00:00,14719.1408
