open_time,open,high,low,close,volume,close_time,quote_volume,trade_count,taker_buy_base_volume,taker_buy_quote_volume
2025-09-06T01:00:00+00:00,203.86,204.68,203.49,204.41,45266.786,2025-09-06T01:59:59.999000+00:00,9237684.90952,25893,32740.946,6681689.92724
2025-09-06T02:00:00+00:00,204.42,204.66,203.14,204.31,80953.03,2025-09-06T02:59:59.999000+00:00,16493765.18906,37220,37810.059,7704336.16369
2025-09-06T03:00:00+00:00,204.3,204.57,203.8,204.07,39669.281,2025-09-06T03:59:59.999000+00:00,8099583.10589,27623,23544.195,4807475.81858
2025-09-06T04:00:00+00:00,204.06,204.07,203.21,203.23,40470.915,2025-09-06T04:59:59.999000+00:00,8236674.96944,19931,21939.169,4464658.0926
2025-09-06T05:00:00+00:00,203.23,203.35,202.13,202.26,127888.589,2025-09-06T05:59:59.999000+00:00,25928708.10421,35676,53677.531,10881706.70033
2025-09-06T06:00:00+00:00,202.25,202.64,202.07,202.44,60366.1,2025-09-06T06:59:59.999000+00:00,12217173.07324,30577,42057.031,8512033.16731
2025-09-06T07:00:00+00:00,202.44,203.27,202.4,203.03,41614.96,2025-09-06T07:59:59.999000+00:00,8441344.95565,22249,27980.945,5675113.2717
2025-09-06T08:00:00+00:00,203.03,203.56,202.66,203.49,46621.663,2025-09-06T08:59:59.999000+00:00,9473759.50718,24383,16649.835,3382170.28136
2025-09-06T09:00:00+00:00,203.49,203.49,202.68,202.69,45058.363,2025-09-06T09:59:59.999000+00:00,9152863.13632,26489,11473.265,2330210.39482
2025-09-06T10:00:00+00:00,202.7,203.1,202.42,202.91,50787.082,2025-09-06T10:59:59.999000+00:00,10297066.93459,28427,17366.932,3521120.33315
2025-09-06T11:00:00+00:00,202.91,202.93,201.8,202.38,84445.609,2025-09-06T11:59:59.999000+00:00,17086753.1498,34242,20684.031,4185907.25203
2025-09-06T12:00:00+00:00,202.38,202.87,202.2,202.27,29564.62,2025-09-06T12:59:59.999000+00:00,5986453.5347,24942,14848.058,3006865.08294
2025-09-06T13:00:00+00:00,202.27,202.49,201.41,202.33,74711.477,2025-09-06T13:59:59.999000+00:00,15081576.44265,41862,31789.39,6417444.32286
2025-09-06T14:00:00+00:00,202.33,202.66,201.86,202.05,73697.327,2025-09-06T14:59:59.999000+00:00,14903317.32096,34885,33861.043,6846065.15987
2025-09-06T15:00:00+00:00,202.05,202.28,201.01,201.26,72406.443,2025-09-06T15:59:59.999000+00:00,14598137.8086,45075,28323.091,5711250.7872
2025-09-06T16:00:00+00:00,201.26,202.37,200.75,201.62,83586.694,2025-09-06T16:59:59.999000+00:00,16837480.71419,57486,38973.722,7855955.14351
2025-09-06T17:00:00+00:00,201.62,201.79,199.62,200.15,137410.525,2025-09-06T17:59:59.999000+00:00,27533941.82752,59644,46466.724,9316336.3099
2025-09-06T18:00:00+00:00,200.14,200.81,199.32,200.04,95519.854,2025-09-06T18:59:59.999000+00:00,19107660.40431,47363,39946.261,7991961.05222
2025-09-06T19:00:00+00:00,200.05,200.28,199.37,199.71,58847.439,2025-09-06T19:59:59.999000+00:00,11762664.5223,37005,24743.754,4946029.71059
2025-09-06T20:00:00+00:00,199.7,200.8,199.7,200.8,43828.888,2025-09-06T20:59:59.999000+00:00,8778005.93204,28919,24727.484,4953106.73864
2025-09-06T21:00:00+00:00,200.8,201.2,200.35,200.76,27307.774,2025-09-06T21:59:59.999000+00:00,5482216.57589,19351,15251.867,3062164.38127
2025-09-06T22:00:00+00:00,200.76,201.07,200.01,200.4,31536.827,2025-09-06T22:59:59.999000+00:00,6324267.49245,28004,13857.166,2779058.08786
2025-09-06T23:00:00+00:00,200.39,201.0,199.92,200.16,36086.347,2025-09-06T23:59:59.999000+00:00,7231063.11996,21110,22318.01,4473065.39457
2025-09-07T00:00:00+00:00,200.17,201.36,200.12,201.15,45870.267,2025-09-07T00:59:59.999000+00:00,9208142.23784,25306,28722.971,5765343.48216
2025-09-07T01:00:00+00:00,201.15,203.19,201.1,202.7,88634.638,2025-09-07T01:59:59.999000+00:00,17921900.04348,46952,56674.678,11456016.26922
2025-09-07T02:00:00+00:00,202.71,202.96,202.02,202.81,53758.394,2025-09-07T02:59:59.999000+00:00,10879594.94886,32717,25387.708,5138401.03253
2025-09-07T03:00:00+00:00,202.81,203.27,202.57,202.86,40906.384,2025-09-07T03:59:59.999000+00:00,8296773.55693,24196,20444.965,4145647.39439
2025-09-07T04:00:00+00:00,202.85,203.09,202.3,203.08,30597.101,2025-09-07T04:59:59.999000+00:00,6201116.51134,16233,16569.155,3357442.89007
2025-09-07T05:00:00+00:00,203.08,203.25,202.76,202.83,30143.584,2025-09-07T05:59:59.999000+00:00,6119149.35039,18305,14622.883,2968748.71391
2025-09-07T06:00:00+00:00,202.82,202.95,202.23,202.28,38139.453,2025-09-07T06:59:59.999000+00:00,7724803.39191,18507,22266.313,4510094.11724
2025-09-07T07:00:00+00:00,202.28,203.3,202.25,202.99,45735.613,2025-09-07T07:59:59.999000+00:00,9276064.76241,25599,26498.378,5374438.45163
2025-09-07T08:00:00+00:00,203.0,203.94,202.99,203.54,69571.129,2025-09-07T08:59:59.999000+00:00,14155403.46656,37322,40646.115,8271045.22796
2025-09-07T09:00:00+00:00,203.54,203.97,202.72,203.18,48085.486,2025-09-07T09:59:59.999000+00:00,9780032.55675,26988,26823.563,5456518.54394
2025-09-07T10:00:00+00:00,203.18,203.38,202.86,203.38,37438.117,2025-09-07T10:59:59.999000+00:00,7606100.74916,19076,19078.66,3875754.70789
2025-09-07T11:00:00+00:00,203.37,203.99,203.13,203.96,48001.23,2025-09-07T11:59:59.999000+00:00,9766807.84182,19291,31396.741,6388451.62196
2025-09-07T12:00:00+00:00,203.96,204.0,203.35,203.77,54242.905,2025-09-07T12:59:59.999000+00:00,11046306.21534,23608,17395.412,3543064.55697
2025-09-07T13:00:00+00:00,203.78,203.79,203.08,203.43,41000.463,2025-09-07T13:59:59.999000+00:00,8341838.695,20694,15048.799,3061507.53687
2025-09-07T14:00:00+00:00,203.43,203.97,203.16,203.68,73801.717,2025-09-07T14:59:59.999000+00:00,15032374.59893,45471,31850.023,6487827.25822
2025-09-07T15:00:00+00:00,203.68,205.55,203.47,205.2,209112.425,2025-09-07T15:59:59.999000+00:00,42823592.99784,57257,100145.261,20502924.06653
2025-09-07T16:00:00+00:00,205.2,205.48,203.39,203.45,134099.81,2025-09-07T16:59:59.999000+00:00,27411444.12576,49252,51813.168,10590095.06831
2025-09-07T17:00:00+00:00,203.46,203.7,201.72,201.98,196341.492,2025-09-07T17:59:59.999000+00:00,39738475.65892,52538,121498.811,24584652.06226
2025-09-07T18:00:00+00:00,201.97,202.26,201.48,202.14,74411.669,2025-09-07T18:59:59.999000+00:00,15027165.14514,34052,48853.921,9867397.05198
2025-09-07T19:00:00+00:00,202.14,203.09,201.87,203.08,69400.239,2025-09-07T19:59:59.999000+00:00,14051200.89983,35367,40020.012,8102931.75212
2025-09-07T20:00:00+00:00,203.08,204.93,202.58,204.92,86023.898,2025-09-07T20:59:59.999000+00:00,17499835.12922,39202,41977.103,8539182.16668
2025-09-07T21:00:00+00:00,204.93,205.16,204.44,204.68,160790.118,2025-09-07T21:59:59.999000+00:00,32934131.45841,46817,49534.808,10146123.45865
2025-09-07T22:00:00+00:00,204.68,207.46,204.34,207.1,226240.019,2025-09-07T22:59:59.999000+00:00,46606160.4555,89656,138624.007,28552113.99012
2025-09-07T23:00:00+00:00,207.1,207.95,206.25,206.35,315164.612,2025-09-07T23:59:59.999000+00:00,65317825.47666,86925,171020.354,35442643.92885
2025-09-08T00:00:00+00:00,206.35,207.1,205.66,205.66,170192.794,2025-09-08T00:59:59.999000+00:00,35105553.70968,87237,107882.537,22253151.19314
2025-09-08T01:00:00+00:00,205.67,207.38,205.59,206.89,106044.155,2025-09-08T01:59:59.999000+00:00,21893752.26852,73254,67557.205,13946244.47976
2025-09-08T02:00:00+00:00,206.89,208.0,206.12,207.81,139364.553,2025-09-08T02:59:59.999000+00:00,28889774.27895,74884,89614.799,18583942.36981
2025-09-08T03:00:00+00:00,207.82,209.0,207.49,207.65,274334.931,2025-09-08T03:59:59.999000+00:00,57122561.67889,80168,152376.191,31717361.34482
2025-09-08T04:00:00+00:00,207.64,208.64,206.96,207.82,107016.118,2025-09-08T04:59:59.999000+00:00,22242322.87672,68593,58200.18,12097828.99216
2025-09-08T05:00:00+00:00,207.83,207.93,206.69,207.32,139390.699,2025-09-08T05:59:59.999000+00:00,28896510.28237,57313,73185.016,15169065.9775
2025-09-08T06:00:00+00:00,207.33,207.7,206.66,207.08,94525.826,2025-09-08T06:59:59.999000+00:00,19582335.37107,53523,55640.543,11527524.994
2025-09-08T07:00:00+00:00,207.08,208.87,207.02,207.92,201655.424,2025-09-08T07:59:59.999000+00:00,41984165.43249,69095,114007.887,23736076.7996
2025-09-08T08:00:00+00:00,207.91,209.48,207.39,208.93,199335.7,2025-09-08T08:59:59.999000+00:00,41603522.21848,87905,122145.898,25496957.34435
2025-09-08T09:00:00+00:00,208.93,210.94,208.65,210.87,286405.751,2025-09-08T09:59:59.999000+00:00,60088426.61729,99624,197349.807,41409654.31572
2025-09-08T10:00:00+00:00,210.87,215.84,210.43,215.22,781574.21,2025-09-08T10:59:59.999000+00:00,166915253.63469,288856,505239.175,107873850.82087
2025-09-08T11:00:00+00:00,215.22,215.3,212.96,214.28,330906.175,2025-09-08T11:59:59.999000+00:00,70790691.14598,155864,161995.144,34650379.91932
2025-09-08T12:00:00+00:00,214.28,215.0,213.52,214.47,238674.428,2025-09-08T12:59:59.999000+00:00,51133025.20728,90064,134369.968,28797984.20455
2025-09-08T13:00:00+00:00,214.47,216.31,212.8,213.28,411806.427,2025-09-08T13:59:59.999000+00:00,88365158.87675,183395,211210.863,45362198.17737
2025-09-08T14:00:00+00:00,213.28,215.78,212.99,215.27,278236.211,2025-09-08T14:59:59.999000+00:00,59666994.64116,127251,149322.242,32034719.20465
2025-09-08T15:00:00+00:00,215.28,216.83,214.71,215.04,461974.013,2025-09-08T15:59:59.999000+00:00,99660254.45294,143581,245799.555,53028800.30228
2025-09-08T16:00:00+00:00,215.04,215.49,213.88,214.93,225333.201,2025-09-08T16:59:59.999000+00:00,48342188.09898,95716,114848.768,24646801.86628
2025-09-08T17:00:00+00:00,214.93,217.0,213.98,215.42,290681.249,2025-09-08T17:59:59.999000+00:00,62748501.44343,111526,161282.807,34830604.54987
2025-09-08T18:00:00+00:00,215.43,217.0,214.78,216.67,165044.533,2025-09-08T18:59:59.999000+00:00,35669938.97943,82670,93249.876,20158289.90498
2025-09-08T19:00:00+00:00,216.67,217.11,214.79,216.15,328562.349,2025-09-08T19:59:59.999000+00:00,70965089.66289,121040,206221.551,44532459.93944
2025-09-08T20:00:00+00:00,216.16,216.22,213.92,214.47,181991.354,2025-09-08T20:59:59.999000+00:00,39078517.0724,73464,83659.554,17964338.2028
2025-09-08T21:00:00+00:00,214.47,215.85,214.25,215.08,159559.48,2025-09-08T21:59:59.999000+00:00,34308894.37762,58844,77815.527,16729973.5395
2025-09-08T22:00:00+00:00,215.08,215.52,214.46,214.69,76533.93,2025-09-08T22:59:59.999000+00:00,16451274.71,58458,36243.121,7792421.41229
2025-09-08T23:00:00+00:00,214.7,215.24,213.55,214.11,80535.424,2025-09-08T23:59:59.999000+00:00,17250741.7712,52650,31914.67,6839201.16287
2025-09-09T00:00:00+00:00,214.11,214.91,212.2,213.22,138055.506,2025-09-09T00:59:59.999000+00:00,29469508.82795,100531,63702.348,13607250.33971
2025-09-09T01:00:00+00:00,213.21,214.0,212.08,213.21,163005.739,2025-09-09T01:59:59.999000+00:00,34665264.04288,85040,69379.85,14759066.76066
2025-09-09T02:00:00+00:00,213.21,213.5,210.79,211.62,265091.675,2025-09-09T02:59:59.999000+00:00,56184044.45179,122445,116945.145,24771656.62563
2025-09-09T03:00:00+00:00,211.61,214.78,211.38,214.63,170109.986,2025-09-09T03:59:59.999000+00:00,36257753.40533,78869,102397.938,21824816.62716
2025-09-09T04:00:00+00:00,214.62,215.69,213.96,214.85,197685.098,2025-09-09T04:59:59.999000+00:00,42480635.07838,88388,97977.335,21054958.65806
2025-09-09T05:00:00+00:00,214.85,215.45,214.05,215.23,92052.514,2025-09-09T05:59:59.999000+00:00,19754588.94717,48054,39456.73,8471456.16912
2025-09-09T06:00:00+00:00,215.23,219.76,215.02,218.43,460945.147,2025-09-09T06:59:59.999000+00:00,100562976.85562,190796,282173.38,61540864.70699
2025-09-09T07:00:00+00:00,218.43,219.79,218.3,219.23,272575.835,2025-09-09T07:59:59.999000+00:00,59716660.82415,109892,143703.017,31490989.50037
2025-09-09T08:00:00+00:00,219.23,219.5,218.46,218.99,149051.382,2025-09-09T08:59:59.999000+00:00,32637971.70499,69810,76315.591,16714321.88425
2025-09-09T09:00:00+00:00,218.99,219.29,218.52,218.98,99703.52,2025-09-09T09:59:59.999000+00:00,21826488.12537,50786,57130.025,12507025.34398
2025-09-09T10:00:00+00:00,218.98,219.19,217.42,217.75,154193.041,2025-09-09T10:59:59.999000+00:00,33662575.66728,69360,71337.35,15578598.06222
2025-09-09T11:00:00+00:00,217.75,218.04,217.0,217.25,107694.077,2025-09-09T11:59:59.999000+00:00,23427087.78531,46797,57159.575,12437232.90899
2025-09-09T12:00:00+00:00,217.24,218.36,216.61,217.64,157648.294,2025-09-09T12:59:59.999000+00:00,34294161.41114,89490,78419.116,17064379.14528
2025-09-09T13:00:00+00:00,217.64,218.48,216.3,218.03,204622.931,2025-09-09T13:59:59.999000+00:00,44460340.98048,125094,114768.999,24943406.27615
2025-09-09T14:00:00+00:00,218.04,218.54,213.23,215.49,586161.409,2025-09-09T14:59:59.999000+00:00,126287493.47928,290767,259820.674,55995707.88913
2025-09-09T15:00:00+00:00,215.49,215.8,211.69,213.07,560346.833,2025-09-09T15:59:59.999000+00:00,119512392.84919,205541,287892.79,61402753.17338
2025-09-09T16:00:00+00:00,213.07,214.98,213.0,214.17,175529.84,2025-09-09T16:59:59.999000+00:00,37577018.20417,87173,96520.091,20668779.26481
2025-09-09T17:00:00+00:00,214.16,215.69,214.02,214.9,137573.437,2025-09-09T17:59:59.999000+00:00,29554258.81005,71156,68221.774,14662367.43007
2025-09-09T18:00:00+00:00,214.9,216.91,214.45,216.44,308415.734,2025-09-09T18:59:59.999000+00:00,66699645.57376,87908,155462.793,33604384.14302
2025-09-09T19:00:00+00:00,216.44,216.99,215.84,216.34,99591.044,2025-09-09T19:59:59.999000+00:00,21558183.03321,51413,51520.564,11152181.50445
2025-09-09T20:00:00+00:00,216.35,216.4,215.24,216.32,77904.791,2025-09-09T20:59:59.999000+00:00,16816642.22328,49075,31667.181,6836625.08735
2025-09-09T21:00:00+00:00,216.32,216.6,215.17,215.19,65103.337,2025-09-09T21:59:59.999000+00:00,14057051.85365,39742,32322.386,6981258.42411
2025-09-09T22:00:00+00:00,215.19,217.34,215.01,217.21,192042.977,2025-09-09T22:59:59.999000+00:00,41568837.56031,55339,97285.659,21057572.62238
2025-09-09T23:00:00+00:00,217.22,217.8,216.58,217.21,144200.566,2025-09-09T23:59:59.999000+00:00,31321328.26026,58464,69118.482,15010145.27944
2025-09-10T00:00:00+00:00,217.22,217.54,215.09,215.23,203844.231,2025-09-10T00:59:59.999000+00:00,44053571.66864,79317,109298.067,23616698.9957
2025-09-10T01:00:00+00:00,215.22,216.54,215.15,216.31,133856.759,2025-09-10T01:59:59.999000+00:00,28901816.27019,68534,84554.071,18256785.16471
2025-09-10T02:00:00+00:00,216.32,219.65,216.32,219.19,347702.449,2025-09-10T02:59:59.999000+00:00,75970765.98039,126672,188048.236,41091490.94813
2025-09-10T03:00:00+00:00,219.19,219.53,218.06,219.2,98768.603,2025-09-10T03:59:59.999000+00:00,21613735.42005,63468,53648.779,11741735.36937
2025-09-10T04:00:00+00:00,219.2,219.2,217.82,218.4,85900.875,2025-09-10T04:59:59.999000+00:00,18768886.16535,52281,39511.755,8633713.50108
2025-09-10T05:00:00+00:00,218.4,219.29,217.86,218.63,96948.924,2025-09-10T05:59:59.999000+00:00,21184689.10439,67349,57625.278,12593086.00322
2025-09-10T06:00:00+00:00,218.63,219.63,218.0,219.19,120875.037,2025-09-10T06:59:59.999000+00:00,26481382.9791,62512,64278.414,14083451.31646
2025-09-10T07:00:00+00:00,219.2,222.89,219.09,222.25,528737.793,2025-09-10T07:59:59.999000+00:00,116999527.95556,186586,326854.635,72304039.6255
2025-09-10T08:00:00+00:00,222.25,222.45,220.42,220.74,203079.616,2025-09-10T08:59:59.999000+00:00,44972821.77174,89352,88026.367,19493832.64684
2025-09-10T09:00:00+00:00,220.74,221.25,219.91,220.45,173382.532,2025-09-10T09:59:59.999000+00:00,38267197.20426,69916,85829.324,18948299.72027
2025-09-10T10:00:00+00:00,220.45,220.59,218.77,220.09,209135.223,2025-09-10T10:59:59.999000+00:00,45972496.65211,73045,85221.323,18739222.80688
2025-09-10T11:00:00+00:00,220.09,220.43,218.93,220.25,109446.845,2025-09-10T11:59:59.999000+00:00,24052162.36325,55630,47768.208,10498257.92757
2025-09-10T12:00:00+00:00,220.24,224.9,219.74,223.43,574455.948,2025-09-10T12:59:59.999000+00:00,128132082.60439,259723,321948.127,71796217.17993
2025-09-10T13:00:00+00:00,223.42,226.0,222.53,224.18,506390.244,2025-09-10T13:59:59.999000+00:00,113549327.75529,224583,261471.089,58666828.05488
2025-09-10T14:00:00+00:00,224.18,225.08,222.31,222.71,267348.371,2025-09-10T14:59:59.999000+00:00,59785058.20425,146092,107425.945,24038273.2964
2025-09-10T15:00:00+00:00,222.7,224.16,222.7,223.17,207022.574,2025-09-10T15:59:59.999000+00:00,46261553.26839,112474,99867.97,22316196.85615
2025-09-10T16:00:00+00:00,223.16,223.97,222.42,223.77,159663.909,2025-09-10T16:59:59.999000+00:00,35613784.61757,98496,82418.958,18389673.59545
2025-09-10T17:00:00+00:00,223.76,224.13,221.55,222.67,137974.687,2025-09-10T17:59:59.999000+00:00,30732437.34463,92350,69530.159,15500089.56034
2025-09-10T18:00:00+00:00,222.66,223.2,221.29,222.86,145710.785,2025-09-10T18:59:59.999000+00:00,32387806.86942,70335,90277.96,20073630.61126
2025-09-10T19:00:00+00:00,222.86,222.89,220.53,221.23,155194.192,2025-09-10T19:59:59.999000+00:00,34378049.57123,93863,64030.458,14184133.07829
2025-09-10T20:00:00+00:00,221.23,222.63,220.95,222.52,96512.787,2025-09-10T20:59:59.999000+00:00,21415822.65115,57729,59797.435,13271809.23198
2025-09-10T21:00:00+00:00,222.53,223.73,222.35,223.47,89161.346,2025-09-10T21:59:59.999000+00:00,19894308.93053,49930,52320.426,11674060.40725
2025-09-10T22:00:00+00:00,223.47,224.65,223.2,224.49,107433.806,2025-09-10T22:59:59.999000+00:00,24041531.21305,50431,71583.582,16019653.01052
2025-09-10T23:00:00+00:00,224.48,224.6,223.67,224.07,65637.676,2025-09-10T23:59:59.999000+00:00,14714791.64132,40938,35137.677,7878050.05539
2025-09-11T00:00:00+00:00,224.06,225.43,223.85,225.0,140047.567,2025-09-11T00:59:59.999000+00:00,31481338.77404,73483,87970.816,19773589.47215
2025-09-11T01:00:00+00:00,225.01,225.59,224.49,224.82,125956.493,2025-09-11T01:59:59.999000+00:00,28358471.08011,64845,75857.611,17079834.69209
2025-09-11T02:00:00+00:00,224.83,225.05,222.94,223.02,126654.523,2025-09-11T02:59:59.999000+00:00,28361455.20644,68993,51946.113,11632928.73615
2025-09-11T03:00:00+00:00,223.02,224.57,223.0,224.17,94596.518,2025-09-11T03:59:59.999000+00:00,21191748.5682,57029,58551.525,13115511.72913
2025-09-11T04:00:00+00:00,224.17,224.29,222.58,223.52,112110.884,2025-09-11T04:59:59.999000+00:00,25030921.55324,74750,49322.688,11010719.52337
2025-09-11T05:00:00+00:00,223.52,223.96,221.72,222.27,129929.73,2025-09-11T05:59:59.999000+00:00,28915619.73997,77950,52943.685,11785385.26112
2025-09-11T06:00:00+00:00,222.26,223.62,221.91,223.33,104475.509,2025-09-11T06:59:59.999000+00:00,23292081.65136,71014,53664.407,11963689.24981
2025-09-11T07:00:00+00:00,223.33,223.54,221.94,223.23,102329.054,2025-09-11T07:59:59.999000+00:00,22791895.40405,76582,45655.621,10169696.60454
2025-09-11T08:00:00+00:00,223.23,223.57,222.28,223.5,104379.239,2025-09-11T08:59:59.999000+00:00,23258544.33459,60308,50662.772,11292697.1592
2025-09-11T09:00:00+00:00,223.49,225.23,223.46,224.49,187619.303,2025-09-11T09:59:59.999000+00:00,42108470.31962,82348,116564.459,26164961.3322
2025-09-11T10:00:00+00:00,224.49,225.85,224.34,225.75,148771.744,2025-09-11T10:59:59.999000+00:00,33496729.05629,73831,84507.988,19031461.7276
2025-09-11T11:00:00+00:00,225.74,225.75,224.47,225.03,104524.034,2025-09-11T11:59:59.999000+00:00,23524645.35827,58334,48303.612,10873449.24542
2025-09-11T12:00:00+00:00,225.04,228.8,222.79,226.71,837797.809,2025-09-11T12:59:59.999000+00:00,189616543.52586,387372,483851.109,109577531.65889
2025-09-11T13:00:00+00:00,226.72,228.95,224.26,228.22,431365.975,2025-09-11T13:59:59.999000+00:00,97826251.02089,254731,229468.432,52074696.11949
2025-09-11T14:00:00+00:00,228.23,228.3,225.66,227.09,212752.513,2025-09-11T14:59:59.999000+00:00,48238284.13768,135813,118397.475,26847660.60205
2025-09-11T15:00:00+00:00,227.09,227.25,225.37,226.82,149500.205,2025-09-11T15:59:59.999000+00:00,33840236.05803,92761,80457.435,18214108.86027
2025-09-11T16:00:00+00:00,226.82,228.37,225.3,225.9,214824.366,2025-09-11T16:59:59.999000+00:00,48773148.71319,102703,116705.203,26515132.86364
2025-09-11T17:00:00+00:00,225.9,227.69,225.64,227.49,127165.2,2025-09-11T17:59:59.999000+00:00,28874837.83442,76644,66853.151,15180528.35535
2025-09-11T18:00:00+00:00,227.49,227.74,225.94,226.34,137329.019,2025-09-11T18:59:59.999000+00:00,31130835.54933,73007,60551.883,13726941.9086
2025-09-11T19:00:00+00:00,226.34,226.91,225.92,226.71,140713.078,2025-09-11T19:59:59.999000+00:00,31866398.46493,81633,88486.547,20040361.35361
2025-09-11T20:00:00+00:00,226.69,226.71,225.47,225.57,120203.474,2025-09-11T20:59:59.999000+00:00,27157307.31047,60674,60112.319,13582840.30111
2025-09-11T21:00:00+00:00,225.56,227.0,225.54,226.72,113956.695,2025-09-11T21:59:59.999000+00:00,25795585.80169,72718,65040.52,14722341.12645
2025-09-11T22:00:00+00:00,226.71,228.58,226.38,228.04,246287.228,2025-09-11T22:59:59.999000+00:00,56110511.07481,102069,152165.224,34663713.90197
2025-09-11T23:00:00+00:00,228.04,228.94,227.96,228.73,139066.841,2025-09-11T23:59:59.999000+00:00,31782742.06574,70764,71113.001,16254138.40726
2025-09-12T00:00:00+00:00,228.73,234.98,228.11,232.99,605179.998,2025-09-12T00:59:59.999000+00:00,140173231.487,255504,362145.503,83837607.9694
2025-09-12T01:00:00+00:00,232.99,233.94,231.54,232.23,214715.444,2025-09-12T01:59:59.999000+00:00,49963364.66892,160727,92375.356,21496458.52259
2025-09-12T02:00:00+00:00,232.24,233.86,232.15,232.7,138167.855,2025-09-12T02:59:59.999000+00:00,32192308.05432,99106,71146.334,16577528.71836
2025-09-12T03:00:00+00:00,232.69,235.81,232.22,235.09,249612.608,2025-09-12T03:59:59.999000+00:00,58456995.13334,113719,139707.79,32736367.61832
2025-09-12T04:00:00+00:00,235.08,238.2,234.22,237.42,466338.821,2025-09-12T04:59:59.999000+00:00,110266486.0758,175979,260750.866,61682790.26894
2025-09-12T05:00:00+00:00,237.42,239.86,237.05,238.63,442493.325,2025-09-12T05:59:59.999000+00:00,105627004.25899,168111,204719.474,48866001.77934
2025-09-12T06:00:00+00:00,238.64,238.64,237.28,238.15,229694.951,2025-09-12T06:59:59.999000+00:00,54638604.07446,94945,92015.056,21892042.28432
2025-09-12T07:00:00+00:00,238.15,238.89,237.01,237.33,237992.56,2025-09-12T07:59:59.999000+00:00,56669507.97949,80636,140009.709,33357386.79135
2025-09-12T08:00:00+00:00,237.33,238.35,236.72,237.73,115947.608,2025-09-12T08:59:59.999000+00:00,27538971.43209,71215,54642.786,12980420.79088
2025-09-12T09:00:00+00:00,237.73,238.6,237.46,238.46,121568.111,2025-09-12T09:59:59.999000+00:00,28944110.15579,64691,67961.979,16183312.59311
2025-09-12T10:00:00+00:00,238.45,239.29,237.55,239.06,107510.86,2025-09-12T10:59:59.999000+00:00,25626312.32036,59559,57185.783,13635629.40209
2025-09-12T11:00:00+00:00,239.07,239.55,238.51,239.18,146323.822,2025-09-12T11:59:59.999000+00:00,34987538.12135,73370,71740.816,17158417.77701
2025-09-12T12:00:00+00:00,239.18,240.44,237.56,239.34,271559.3,2025-09-12T12:59:59.999000+00:00,64864957.69431,112154,155637.205,37189532.27512
2025-09-12T13:00:00+00:00,239.34,240.1,238.05,239.57,238381.455,2025-09-12T13:59:59.999000+00:00,57024501.201,123730,116101.27,27774554.1642
2025-09-12T14:00:00+00:00,239.57,241.84,239.0,240.26,397301.821,2025-09-12T14:59:59.999000+00:00,95569041.08135,188735,217605.092,52345497.19866
2025-09-12T15:00:00+00:00,240.26,240.35,238.51,239.31,253528.502,2025-09-12T15:59:59.999000+00:00,60627162.9647,104513,136043.206,32526695.16332
2025-09-12T16:00:00+00:00,239.32,239.4,237.94,238.82,151735.603,2025-09-12T16:59:59.999000+00:00,36204329.38966,107349,63813.328,15227184.69006
2025-09-12T17:00:00+00:00,238.82,241.3,238.26,240.25,267578.046,2025-09-12T17:59:59.999000+00:00,64198046.6099,103743,139038.817,33364146.76526
2025-09-12T18:00:00+00:00,240.25,241.48,239.87,240.73,195442.136,2025-09-12T18:59:59.999000+00:00,47042611.12367,88232,86292.666,20774348.09709
2025-09-12T19:00:00+00:00,240.74,241.26,239.61,241.0,149155.59,2025-09-12T19:59:59.999000+00:00,35865179.72392,74451,80119.518,19270184.52769
2025-09-12T20:00:00+00:00,241.0,241.24,239.0,239.72,205755.635,2025-09-12T20:59:59.999000+00:00,49380242.57052,95185,93337.511,22404985.28206
2025-09-12T21:00:00+00:00,239.72,240.3,238.33,240.11,155068.626,2025-09-12T21:59:59.999000+00:00,37131177.19968,73058,69171.451,16567684.31893
2025-09-12T22:00:00+00:00,240.12,244.04,240.11,241.16,354587.031,2025-09-12T22:59:59.999000+00:00,85992116.13474,172955,208895.876,50651601.31135
2025-09-12T23:00:00+00:00,241.16,242.7,240.0,242.18,176014.223,2025-09-12T23:59:59.999000+00:00,42510782.82896,82286,105239.375,25415998.49229
2025-09-13T00:00:00+00:00,242.18,243.75,241.63,243.16,215093.349,2025-09-13T00:59:59.999000+00:00,52264073.69066,92567,128796.641,31297988.73486
2025-09-13T01:00:00+00:00,243.17,244.14,241.58,241.62,190812.377,2025-09-13T01:59:59.999000+00:00,46406910.54099,85777,102396.272,24912283.83886
2025-09-13T02:00:00+00:00,241.62,242.88,240.68,242.51,157035.544,2025-09-13T02:59:59.999000+00:00,37995458.04343,72116,94639.258,22905201.84934
2025-09-13T03:00:00+00:00,242.51,243.99,241.84,243.61,148467.234,2025-09-13T03:59:59.999000+00:00,36069649.94284,61935,95258.542,23146622.19741
2025-09-13T04:00:00+00:00,243.62,243.67,242.52,242.97,110441.799,2025-09-13T04:59:59.999000+00:00,26856899.71913,53587,60086.615,14612743.72124
2025-09-13T05:00:00+00:00,242.98,243.35,241.23,241.69,117913.929,2025-09-13T05:59:59.999000+00:00,28555895.7499,62678,57170.6,13847125.01308
2025-09-13T06:00:00+00:00,241.68,242.8,241.68,242.69,116022.325,2025-09-13T06:59:59.999000+00:00,28103785.89611,52416,65028.846,15751804.81703
2025-09-13T07:00:00+00:00,242.69,243.18,242.35,242.46,71133.988,2025-09-13T07:59:59.999000+00:00,17269085.48834,31766,44685.716,10849279.41744
2025-09-13T08:00:00+00:00,242.45,243.5,242.01,243.49,122993.057,2025-09-13T08:59:59.999000+00:00,29861433.76004,44082,78012.751,18944292.72964
2025-09-13T09:00:00+00:00,243.49,243.72,242.77,243.46,129603.562,2025-09-13T09:59:59.999000+00:00,31509986.66618,50159,75016.013,18240714.57692
2025-09-13T10:00:00+00:00,243.46,243.46,242.22,242.64,114820.371,2025-09-13T10:59:59.999000+00:00,27882714.04025,52631,50852.15,12348786.1474
2025-09-13T11:00:00+00:00,242.64,242.65,241.26,241.93,143997.941,2025-09-13T11:59:59.999000+00:00,34837826.07144,48409,62624.626,15155412.00251
2025-09-13T12:00:00+00:00,241.93,242.55,241.31,242.44,81010.371,2025-09-13T12:59:59.999000+00:00,19602411.94747,40568,40289.431,9751444.15744
2025-09-13T13:00:00+00:00,242.45,243.09,237.93,240.06,282043.314,2025-09-13T13:59:59.999000+00:00,67829249.05972,115712,121573.446,29249038.25456
2025-09-13T14:00:00+00:00,240.06,241.08,238.59,240.35,227190.73,2025-09-13T14:59:59.999000+00:00,54491421.29992,122386,105032.231,25197778.32342
2025-09-13T15:00:00+00:00,240.35,240.86,238.5,239.43,143665.876,2025-09-13T15:59:59.999000+00:00,34433963.53909,99003,57029.925,13679219.90436
2025-09-13T16:00:00+00:00,239.43,239.69,237.33,237.52,193932.11,2025-09-13T16:59:59.999000+00:00,46244616.08379,129904,79457.673,18956434.6691
2025-09-13T17:00:00+00:00,237.53,238.41,235.73,237.8,207326.915,2025-09-13T17:59:59.999000+00:00,49133222.26652,135073,95372.906,22612464.13048
2025-09-13T18:00:00+00:00,237.8,238.86,237.15,238.42,59895.902,2025-09-13T18:59:59.999000+00:00,14267537.69064,47392,32478.32,7737354.08384
2025-09-13T19:00:00+00:00,238.42,239.33,238.06,238.98,69818.72,2025-09-13T19:59:59.999000+00:00,16676715.22921,49234,41072.311,9811714.2643
2025-09-13T20:00:00+00:00,238.98,240.39,238.84,240.23,80302.056,2025-09-13T20:59:59.999000+00:00,19258052.0072,48435,55757.915,13371891.33251
2025-09-13T21:00:00+00:00,240.24,241.45,239.88,240.1,85400.731,2025-09-13T21:59:59.999000+00:00,20553971.28399,45116,49298.415,11868105.00691
2025-09-13T22:00:00+00:00,240.11,242.04,239.99,241.89,80519.098,2025-09-13T22:59:59.999000+00:00,19424743.09902,53364,48839.801,11783144.3326
2025-09-13T23:00:00+00:00,241.89,243.18,241.71,242.38,156219.966,2025-09-13T23:59:59.999000+00:00,37881130.19255,68812,84757.477,20560703.2084
2025-09-14T00:00:00+00:00,242.38,244.09,242.2,243.5,209189.078,2025-09-14T00:59:59.999000+00:00,50870690.16321,88714,122032.311,29683341.67538
2025-09-14T01:00:00+00:00,243.5,246.59,242.81,245.79,286740.154,2025-09-14T01:59:59.999000+00:00,70075524.06826,156989,160804.611,39325189.93106
2025-09-14T02:00:00+00:00,245.79,249.2,245.75,248.68,324469.105,2025-09-14T02:59:59.999000+00:00,80268988.27566,169102,188340.201,46605147.56516
2025-09-14T03:00:00+00:00,248.68,249.6,246.8,246.89,218669.431,2025-09-14T03:59:59.999000+00:00,54304292.44625,113783,104304.653,25912869.78747
2025-09-14T04:00:00+00:00,246.89,248.01,244.5,246.24,230516.669,2025-09-14T04:59:59.999000+00:00,56839849.78539,129076,107764.374,26585996.41561
2025-09-14T05:00:00+00:00,246.25,248.08,246.04,247.71,90714.654,2025-09-14T05:59:59.999000+00:00,22418355.24947,71393,55270.91,13660436.01856
2025-09-14T06:00:00+00:00,247.72,248.4,246.24,247.05,115288.946,2025-09-14T06:59:59.999000+00:00,28500750.8728,74244,53201.117,13159870.23644
2025-09-14T07:00:00+00:00,247.05,247.24,245.71,246.39,103888.726,2025-09-14T07:59:59.999000+00:00,25616698.70609,70322,47159.634,11630884.31247
2025-09-14T08:00:00+00:00,246.4,247.1,245.88,246.42,81476.961,2025-09-14T08:59:59.999000+00:00,20081072.89084,55393,41203.974,10156334.09125
2025-09-14T09:00:00+00:00,246.42,247.76,246.13,247.76,96427.715,2025-09-14T09:59:59.999000+00:00,23840722.39513,54474,56733.165,14028660.91487
2025-09-14T10:00:00+00:00,247.75,248.09,246.98,247.67,87044.814,2025-09-14T10:59:59.999000+00:00,21551773.8313,57821,44478.603,11013521.51655
2025-09-14T11:00:00+00:00,247.67,247.92,245.58,246.09,112381.103,2025-09-14T11:59:59.999000+00:00,27706510.48414,78676,40738.976,10043312.84927
2025-09-14T12:00:00+00:00,246.1,246.77,244.69,245.26,137490.462,2025-09-14T12:59:59.999000+00:00,33785306.68304,93536,64759.366,15918475.94129
2025-09-14T13:00:00+00:00,245.27,245.92,243.31,243.8,235521.476,2025-09-14T13:59:59.999000+00:00,57664350.8245,130142,114798.962,28125988.10824
2025-09-14T14:00:00+00:00,243.79,245.1,241.53,243.24,305701.58,2025-09-14T14:59:59.999000+00:00,74255973.80463,195346,126570.052,30757366.76327
2025-09-14T15:00:00+00:00,243.24,244.27,241.87,243.81,180948.794,2025-09-14T15:59:59.999000+00:00,44003652.47503,110884,96722.663,23528077.06872
2025-09-14T16:00:00+00:00,243.81,245.84,243.43,245.16,165325.235,2025-09-14T16:59:59.999000+00:00,40491220.99489,97275,102454.71,25090705.64533
2025-09-14T17:00:00+00:00,245.16,248.45,244.51,247.92,225369.822,2025-09-14T17:59:59.999000+00:00,55645959.65533,107157,134717.614,33267587.34536
2025-09-14T18:00:00+00:00,247.93,247.96,244.66,244.66,148608.185,2025-09-14T18:59:59.999000+00:00,36626742.85347,88343,56459.841,13917383.88943
2025-09-14T19:00:00+00:00,244.67,245.29,242.13,242.51,217930.499,2025-09-14T19:59:59.999000+00:00,53129424.67376,124225,100462.311,24497815.73825
2025-09-14T20:00:00+00:00,242.5,243.47,240.99,242.45,149806.218,2025-09-14T20:59:59.999000+00:00,36315968.24449,93163,70652.121,17133559.55548
2025-09-14T21:00:00+00:00,242.45,244.72,240.57,244.14,152751.323,2025-09-14T21:59:59.999000+00:00,37066936.19036,102664,91100.884,22117387.64365
2025-09-14T22:00:00+00:00,244.15,244.29,240.79,242.99,144802.409,2025-09-14T22:59:59.999000+00:00,35081122.00368,95102,67168.673,16273125.45689
2025-09-14T23:00:00+00:00,242.98,242.98,239.23,239.76,144107.769,2025-09-14T23:59:59.999000+00:00,34718867.56657,107852,46469.689,11197239.37137
2025-09-15T00:00:00+00:00,239.75,242.16,239.66,240.68,118287.944,2025-09-15T00:59:59.999000+00:00,28509549.85692,100362,63804.798,15380924.52602
2025-09-15T01:00:00+00:00,240.69,241.77,239.15,241.11,113666.166,2025-09-15T01:59:59.999000+00:00,27358115.80159,111134,62392.437,15022466.62247
2025-09-15T02:00:00+00:00,241.12,242.76,240.34,242.1,105597.277,2025-09-15T02:59:59.999000+00:00,25534908.81109,76281,57387.093,13879505.49965
2025-09-15T03:00:00+00:00,242.1,243.41,242.01,242.64,108069.175,2025-09-15T03:59:59.999000+00:00,26238453.62467,58697,50004.71,12141731.70577
2025-09-15T04:00:00+00:00,242.65,243.51,242.04,242.83,118826.505,2025-09-15T04:59:59.999000+00:00,28868946.49743,73109,58799.151,14286661.29572
2025-09-15T05:00:00+00:00,242.83,243.97,242.59,243.97,80820.933,2025-09-15T05:59:59.999000+00:00,19669070.45631,56848,42111.187,10249794.88973
2025-09-15T06:00:00+00:00,243.96,244.0,239.59,240.31,189330.001,2025-09-15T06:59:59.999000+00:00,45789473.94785,112658,71528.608,17304181.75696
2025-09-15T07:00:00+00:00,240.31,241.28,236.17,237.98,322162.568,2025-09-15T07:59:59.999000+00:00,76723936.52595,174145,142749.008,34005392.31186
2025-09-15T08:00:00+00:00,237.98,238.11,231.77,232.07,654277.792,2025-09-15T08:59:59.999000+00:00,153716095.72926,297507,286853.37,67412024.95538
2025-09-15T09:00:00+00:00,232.07,235.6,231.55,235.59,336817.754,2025-09-15T09:59:59.999000+00:00,78726792.61335,163486,169217.551,39577690.65552
2025-09-15T10:00:00+00:00,235.58,236.84,234.02,236.18,217785.755,2025-09-15T10:59:59.999000+00:00,51328437.87854,108335,133609.825,31504326.49287
2025-09-15T11:00:00+00:00,236.18,236.95,235.19,236.45,242871.999,2025-09-15T11:59:59.999000+00:00,57356967.98548,81947,133837.977,31607616.2628
2025-09-15T12:00:00+00:00,236.46,238.16,234.42,234.8,240303.393,2025-09-15T12:59:59.999000+00:00,56735822.08914,125982,120897.359,28564814.34573
2025-09-15T13:00:00+00:00,234.8,237.12,234.14,235.2,295999.743,2025-09-15T13:59:59.999000+00:00,69773882.27629,179009,159650.833,37628100.33033
2025-09-15T14:00:00+00:00,235.2,235.64,232.72,233.44,240445.975,2025-09-15T14:59:59.999000+00:00,56293288.58027,159226,125720.988,29437930.15386
2025-09-15T15:00:00+00:00,233.44,234.41,231.96,233.0,343275.553,2025-09-15T15:59:59.999000+00:00,79984193.63851,156161,130289.246,30364247.67236
2025-09-15T16:00:00+00:00,233.0,233.66,230.74,231.39,199126.569,2025-09-15T16:59:59.999000+00:00,46258225.35342,131467,105168.952,24446823.25362
2025-09-15T17:00:00+00:00,231.38,233.37,230.15,233.3,189798.708,2025-09-15T17:59:59.999000+00:00,43963021.68124,130745,105198.156,24380124.97562
2025-09-15T18:00:00+00:00,233.29,233.6,232.22,233.24,90122.403,2025-09-15T18:59:59.999000+00:00,20998942.94182,74781,53780.577,12532961.49558
2025-09-15T19:00:00+00:00,233.24,234.67,231.8,233.0,200216.863,2025-09-15T19:59:59.999000+00:00,46657772.33702,104024,101785.864,23725824.64155
2025-09-15T20:00:00+00:00,232.99,234.47,232.78,234.34,61390.381,2025-09-15T20:59:59.999000+00:00,14348716.11403,52462,40588.973,9487509.66924
2025-09-15T21:00:00+00:00,234.35,235.37,233.71,235.18,84407.536,2025-09-15T21:59:59.999000+00:00,19802877.32544,45980,58747.2,13783365.15981
2025-09-15T22:00:00+00:00,235.18,235.34,233.7,233.94,105639.195,2025-09-15T22:59:59.999000+00:00,24777306.51582,52926,47867.121,11231342.09112
2025-09-15T23:00:00+00:00,233.93,234.52,233.04,234.31,74349.431,2025-09-15T23:59:59.999000+00:00,17381645.22377,40185,46659.819,10910409.27143
2025-09-16T00:00:00+00:00,234.32,234.7,232.87,233.8,80532.236,2025-09-16T00:59:59.999000+00:00,18823905.3942,59102,38139.181,8918793.65346
2025-09-16T01:00:00+00:00,233.81,235.7,233.79,233.97,171537.19,2025-09-16T01:59:59.999000+00:00,40294770.81581,81868,113282.504,26610853.37641
2025-09-16T02:00:00+00:00,233.97,235.05,233.83,233.87,54291.85,2025-09-16T02:59:59.999000+00:00,12730021.94799,52210,28169.458,6606156.55927
2025-09-16T03:00:00+00:00,233.87,235.8,233.85,235.08,100170.789,2025-09-16T03:59:59.999000+00:00,23546550.66759,62477,62604.369,14717589.1178
2025-09-16T04:00:00+00:00,235.09,235.25,232.97,234.49,100816.646,2025-09-16T04:59:59.999000+00:00,23596024.74114,62452,52835.191,12367246.48734
2025-09-16T05:00:00+00:00,234.49,236.61,234.37,236.55,160538.777,2025-09-16T05:59:59.999000+00:00,37819929.36905,81130,98562.445,23222864.10493
2025-09-16T06:00:00+00:00,236.56,237.03,234.75,235.87,105780.059,2025-09-16T06:59:59.999000+00:00,24967240.16776,72605,54312.38,12824827.06828
2025-09-16T07:00:00+00:00,235.87,236.43,235.35,235.77,72581.278,2025-09-16T07:59:59.999000+00:00,17129280.64054,52363,35183.679,8304161.08048
2025-09-16T08:00:00+00:00,235.77,236.93,235.12,236.1,134014.735,2025-09-16T08:59:59.999000+00:00,31653338.28968,67971,74886.848,17686691.1991
2025-09-16T09:00:00+00:00,236.11,236.36,234.87,235.31,71537.406,2025-09-16T09:59:59.999000+00:00,16854409.27994,50455,32514.192,7660716.48305
2025-09-16T10:00:00+00:00,235.3,236.0,234.77,235.25,60642.375,2025-09-16T10:59:59.999000+00:00,14274326.26489,56429,31573.738,7432925.88613
2025-09-16T11:00:00+00:00,235.25,235.91,234.81,235.37,91653.405,2025-09-16T11:59:59.999000+00:00,21579291.15249,55395,41216.634,9706238.9942
2025-09-16T12:00:00+00:00,235.36,235.89,234.45,235.26,65626.909,2025-09-16T12:59:59.999000+00:00,15437695.18068,62240,27260.622,6413243.36822
2025-09-16T13:00:00+00:00,235.25,235.64,231.29,233.09,244605.411,2025-09-16T13:59:59.999000+00:00,56979678.10929,157679,118817.741,27673157.97315
2025-09-16T14:00:00+00:00,233.08,234.35,231.26,234.14,179028.609,2025-09-16T14:59:59.999000+00:00,41619917.22904,116430,88330.577,20545933.14085
2025-09-16T15:00:00+00:00,234.14,238.09,233.13,237.79,315413.915,2025-09-16T15:59:59.999000+00:00,74435912.23099,132648,173835.494,41015758.87474
2025-09-16T16:00:00+00:00,237.79,239.27,236.24,238.25,382397.291,2025-09-16T16:59:59.999000+00:00,90906647.32913,189990,222563.863,52918358.77964
2025-09-16T17:00:00+00:00,238.24,240.95,237.83,238.16,278302.793,2025-09-16T17:59:59.999000+00:00,66614393.00563,163278,152404.607,36490909.93692
2025-09-16T18:00:00+00:00,238.15,239.08,236.85,237.64,103796.653,2025-09-16T18:59:59.999000+00:00,24693905.88247,80903,51835.355,12336020.91752
2025-09-16T19:00:00+00:00,237.63,238.36,237.13,237.82,78588.728,2025-09-16T19:59:59.999000+00:00,18691030.52169,69249,48763.133,11599733.65274
2025-09-16T20:00:00+00:00,237.82,238.4,237.32,238.29,48235.289,2025-09-16T20:59:59.999000+00:00,11475330.9752,51063,28096.308,6684165.98451
2025-09-16T21:00:00+00:00,238.3,238.78,237.13,238.54,65294.654,2025-09-16T21:59:59.999000+00:00,15545002.72674,47700,34769.817,8278317.29424
2025-09-16T22:00:00+00:00,238.54,239.03,237.2,237.92,100849.992,2025-09-16T22:59:59.999000+00:00,24023240.29342,63552,48853.146,11642087.21775
2025-09-16T23:00:00+00:00,237.92,238.21,236.44,236.96,115390.07,2025-09-16T23:59:59.999000+00:00,27395267.83636,61328,47909.389,11373596.24907
2025-09-17T00:00:00+00:00,236.96,237.05,235.48,236.23,144477.462,2025-09-17T00:59:59.999000+00:00,34124480.7201,75013,67817.456,16012557.86414
2025-09-17T01:00:00+00:00,236.24,236.95,235.84,236.29,75063.563,2025-09-17T01:59:59.999000+00:00,17744310.17623,56208,41955.736,9918242.42595
2025-09-17T02:00:00+00:00,236.3,237.85,235.84,236.33,77641.619,2025-09-17T02:59:59.999000+00:00,18389369.67539,59078,41971.227,9941511.53282
2025-09-17T03:00:00+00:00,236.32,236.52,233.84,234.07,144903.319,2025-09-17T03:59:59.999000+00:00,34102600.79519,77275,57756.981,13599316.78045
2025-09-17T04:00:00+00:00,234.07,234.72,233.44,233.73,85496.557,2025-09-17T04:59:59.999000+00:00,20021711.47799,59971,36901.691,8643216.14237
2025-09-17T05:00:00+00:00,233.73,235.44,233.2,235.07,210180.407,2025-09-17T05:59:59.999000+00:00,49249512.3822,80083,97555.487,22856182.80131
2025-09-17T06:00:00+00:00,235.07,236.71,234.78,236.09,138124.746,2025-09-17T06:59:59.999000+00:00,32556181.21389,75429,73661.194,17362583.48582
2025-09-17T07:00:00+00:00,236.09,238.09,235.74,237.69,140614.716,2025-09-17T07:59:59.999000+00:00,33369945.38325,69901,68375.794,16222730.28335
2025-09-17T08:00:00+00:00,237.69,237.73,235.06,235.87,123101.811,2025-09-17T08:59:59.999000+00:00,29052530.61737,89945,57337.911,13527785.59903
2025-09-17T09:00:00+00:00,235.86,236.31,235.2,235.2,52587.281,2025-09-17T09:59:59.999000+00:00,12395142.38537,46689,30153.597,7107166.86906
2025-09-17T10:00:00+00:00,235.2,236.38,233.66,234.16,183863.294,2025-09-17T10:59:59.999000+00:00,43135366.1965,82131,106689.952,25023711.80663
2025-09-17T11:00:00+00:00,234.16,234.7,233.92,234.17,65753.922,2025-09-17T11:59:59.999000+00:00,15401715.7248,41134,28902.228,6770501.38598
2025-09-17T12:00:00+00:00,234.18,235.29,233.96,234.78,78175.817,2025-09-17T12:59:59.999000+00:00,18334219.20225,52367,48350.011,11342026.69716
2025-09-17T13:00:00+00:00,234.78,235.99,234.19,235.48,133951.174,2025-09-17T13:59:59.999000+00:00,31497424.41934,95056,57419.83,13505635.73333
2025-09-17T14:00:00+00:00,235.48,235.93,233.56,233.96,105544.234,2025-09-17T14:59:59.999000+00:00,24771671.96165,92636,48070.039,11282602.3386
2025-09-17T15:00:00+00:00,233.96,235.2,233.62,233.9,124788.391,2025-09-17T15:59:59.999000+00:00,29226010.75232,70907,67114.864,15720664.71209
2025-09-17T16:00:00+00:00,233.9,234.74,232.27,234.07,241495.146,2025-09-17T16:59:59.999000+00:00,56304422.32418,83327,143688.111,33488284.42179
2025-09-17T17:00:00+00:00,234.06,237.21,232.5,232.51,353717.686,2025-09-17T17:59:59.999000+00:00,83429071.63992,156472,152132.758,35873522.50698
2025-09-17T18:00:00+00:00,232.65,238.42,232.23,233.67,792019.518,2025-09-17T18:59:59.999000+00:00,186573560.46509,511009,383934.388,90491237.83667
2025-09-17T19:00:00+00:00,233.67,239.1,233.53,238.74,379969.057,2025-09-17T19:59:59.999000+00:00,90133990.29372,256414,229600.311,54446782.23386
2025-09-17T20:00:00+00:00,238.74,241.24,237.61,238.01,265988.497,2025-09-17T20:59:59.999000+00:00,63774075.81277,141929,143924.12,34526137.32665
2025-09-17T21:00:00+00:00,238.0,240.68,236.01,240.26,190692.878,2025-09-17T21:59:59.999000+00:00,45529924.75257,118282,111431.178,26603724.79396
2025-09-17T22:00:00+00:00,240.26,245.72,240.26,244.89,386222.365,2025-09-17T22:59:59.999000+00:00,94050995.78817,171792,232182.751,56532442.07794
2025-09-17T23:00:00+00:00,244.89,246.62,243.79,244.84,277156.033,2025-09-17T23:59:59.999000+00:00,67984276.88453,132798,156088.638,38308864.71593
2025-09-18T00:00:00+00:00,244.84,246.09,244.16,244.73,185356.468,2025-09-18T00:59:59.999000+00:00,45441915.56134,108586,96917.066,23761793.26472
2025-09-18T01:00:00+00:00,244.72,247.5,244.49,246.3,191441.931,2025-09-18T01:59:59.999000+00:00,47119920.33078,98544,114853.646,28269968.89576
2025-09-18T02:00:00+00:00,246.31,246.6,245.07,246.42,118603.954,2025-09-18T02:59:59.999000+00:00,29144713.93582,75496,52638.935,12935263.59297
2025-09-18T03:00:00+00:00,246.41,247.99,246.11,246.72,221496.592,2025-09-18T03:59:59.999000+00:00,54704693.0195,94435,109752.173,27115979.15642
2025-09-18T04:00:00+00:00,246.71,246.97,245.58,246.27,118488.238,2025-09-18T04:59:59.999000+00:00,29161290.186,58595,55944.355,13771656.93192
2025-09-18T05:00:00+00:00,246.26,246.36,244.33,244.93,90284.974,2025-09-18T05:59:59.999000+00:00,22141259.32129,55623,38270.547,9385828.77265
2025-09-18T06:00:00+00:00,244.93,245.06,242.58,244.28,198972.704,2025-09-18T06:59:59.999000+00:00,48502573.75184,100447,101969.49,24860719.87588
2025-09-18T07:00:00+00:00,244.27,245.31,244.27,244.75,94046.119,2025-09-18T07:59:59.999000+00:00,23026376.47779,56492,56883.976,13928177.0599
2025-09-18T08:00:00+00:00,244.75,247.17,244.34,247.03,159057.226,2025-09-18T08:59:59.999000+00:00,39135170.5462,83444,92088.496,22667394.71655
2025-09-18T09:00:00+00:00,247.02,247.13,246.13,247.09,90890.215,2025-09-18T09:59:59.999000+00:00,22419299.30016,62079,47010.838,11597645.11571
2025-09-18T10:00:00+00:00,247.09,247.11,245.31,246.05,96397.955,2025-09-18T10:59:59.999000+00:00,23724556.98048,68038,50410.328,12406832.25577
2025-09-18T11:00:00+00:00,246.06,247.04,245.64,245.97,121154.582,2025-09-18T11:59:59.999000+00:00,29867879.07802,51528,67985.373,16760762.14515
2025-09-18T12:00:00+00:00,245.96,246.9,245.84,246.04,82964.5,2025-09-18T12:59:59.999000+00:00,20440685.11372,55226,46210.955,11386067.53656
2025-09-18T13:00:00+00:00,246.04,248.39,245.01,246.15,284454.097,2025-09-18T13:59:59.999000+00:00,70199765.9574,158097,182302.804,45019066.70416
2025-09-18T14:00:00+00:00,246.15,248.15,246.1,247.73,193059.421,2025-09-18T14:59:59.999000+00:00,47732572.13634,117131,108805.578,26906142.75773
2025-09-18T15:00:00+00:00,247.74,248.99,247.29,248.24,195094.76,2025-09-18T15:59:59.999000+00:00,48455981.15656,117017,111451.069,27680956.18348
2025-09-18T16:00:00+00:00,248.25,250.22,247.65,249.83,271110.583,2025-09-18T16:59:59.999000+00:00,67570578.61068,118315,166397.564,41487018.5667
2025-09-18T17:00:00+00:00,249.82,253.51,249.24,251.38,492751.881,2025-09-18T17:59:59.999000+00:00,124035477.35326,225553,285147.186,71794780.60422
2025-09-18T18:00:00+00:00,251.38,251.45,249.83,250.43,142375.657,2025-09-18T18:59:59.999000+00:00,35671030.8343,83546,78232.77,19599864.84307
2025-09-18T19:00:00+00:00,250.43,250.49,247.33,248.36,175694.309,2025-09-18T19:59:59.999000+00:00,43694886.16253,100412,87917.172,21864364.39514
2025-09-18T20:00:00+00:00,248.36,249.22,247.84,248.33,103153.263,2025-09-18T20:59:59.999000+00:00,25638512.93047,60569,71298.478,17722901.0722
2025-09-18T21:00:00+00:00,248.33,248.65,247.44,247.61,61168.069,2025-09-18T21:59:59.999000+00:00,15175906.43231,40823,29279.416,7265145.11516
2025-09-18T22:00:00+00:00,247.62,248.16,246.9,247.09,92025.353,2025-09-18T22:59:59.999000+00:00,22771944.85942,53112,43101.623,10667107.79439
2025-09-18T23:00:00+00:00,247.09,247.73,245.88,247.5,136848.057,2025-09-18T23:59:59.999000+00:00,33770764.14476,69309,65244.8,16110730.70426
2025-09-19T00:00:00+00:00,247.5,248.33,247.16,248.18,107994.899,2025-09-19T00:59:59.999000+00:00,26773376.32085,48452,72355.112,17938138.82901
2025-09-19T01:00:00+00:00,248.19,248.57,246.8,247.47,108139.77,2025-09-19T01:59:59.999000+00:00,26785886.71197,57823,60738.529,15046991.07371
2025-09-19T02:00:00+00:00,247.47,248.03,246.42,246.71,66461.425,2025-09-19T02:59:59.999000+00:00,16415486.59472,54218,27899.97,6892725.78929
2025-09-19T03:00:00+00:00,246.71,247.74,244.66,245.0,203859.684,2025-09-19T03:59:59.999000+00:00,50128337.27394,85315,91778.809,22579980.00804
2025-09-19T04:00:00+00:00,245.0,245.39,242.83,245.02,243971.458,2025-09-19T04:59:59.999000+00:00,59551964.20021,104192,114424.438,27942997.25686
2025-09-19T05:00:00+00:00,245.02,245.73,244.29,245.67,114552.154,2025-09-19T05:59:59.999000+00:00,28075611.18921,60910,58642.921,14372873.7865
2025-09-19T06:00:00+00:00,245.67,245.68,243.51,243.63,97688.18,2025-09-19T06:59:59.999000+00:00,23903183.19617,70708,38011.111,9300230.62673
2025-09-19T07:00:00+00:00,243.63,244.88,243.16,243.82,134987.638,2025-09-19T07:59:59.999000+00:00,32929141.64454,81334,62615.155,15274869.91878
2025-09-19T08:00:00+00:00,243.81,244.83,243.46,243.8,95274.935,2025-09-19T08:59:59.999000+00:00,23249829.25429,47040,35342.848,8625411.86559
2025-09-19T09:00:00+00:00,243.8,244.31,242.14,242.87,107128.011,2025-09-19T09:59:59.999000+00:00,26049477.85425,64617,37181.21,9040785.62526
2025-09-19T10:00:00+00:00,242.87,243.0,241.76,242.32,110164.778,2025-09-19T10:59:59.999000+00:00,26686044.85653,58929,53303.495,12912532.15589
2025-09-19T11:00:00+00:00,242.32,242.42,240.0,240.91,208917.043,2025-09-19T11:59:59.999000+00:00,50349950.23907,92298,101436.876,24454762.88696
2025-09-19T12:00:00+00:00,240.92,242.07,240.44,240.84,116438.884,2025-09-19T12:59:59.999000+00:00,28078967.24355,70960,51469.226,12414357.62895
2025-09-19T13:00:00+00:00,240.83,242.31,240.66,242.11,114969.549,2025-09-19T13:59:59.999000+00:00,27758027.51129,77038,68336.654,16502098.92958
2025-09-19T14:00:00+00:00,242.11,242.71,239.54,239.6,179463.288,2025-09-19T14:59:59.999000+00:00,43271254.1594,98103,72456.842,17482926.36812
2025-09-19T15:00:00+00:00,239.59,239.6,235.81,237.54,553657.799,2025-09-19T15:59:59.999000+00:00,131528685.77768,215619,278576.771,66174038.1327
2025-09-19T16:00:00+00:00,237.54,238.87,237.21,238.62,118394.738,2025-09-19T16:59:59.999000+00:00,28213270.9138,82254,59587.871,14199290.30767
2025-09-19T17:00:00+00:00,238.62,238.69,236.45,236.65,143535.032,2025-09-19T17:59:59.999000+00:00,34077867.94361,77827,52565.237,12482554.22438
2025-09-19T18:00:00+00:00,236.64,237.08,235.12,236.98,140774.465,2025-09-19T18:59:59.999000+00:00,33256257.68523,81733,60688.625,14341674.67475
2025-09-19T19:00:00+00:00,236.97,237.94,235.91,235.98,150054.008,2025-09-19T19:59:59.999000+00:00,35587351.99887,87495,69502.737,16497511.4334
2025-09-19T20:00:00+00:00,235.98,237.75,235.98,237.0,84305.723,2025-09-19T20:59:59.999000+00:00,19966130.70907,56887,41242.412,9773525.43653
2025-09-19T21:00:00+00:00,237.0,238.4,236.41,238.39,78545.864,2025-09-19T21:59:59.999000+00:00,18662870.22032,53197,46548.78,11061378.57796
2025-09-19T22:00:00+00:00,238.4,238.85,238.32,238.53,43737.94,2025-09-19T22:59:59.999000+00:00,10435845.49043,36685,20865.882,4978483.72261
2025-09-19T23:00:00+00:00,238.52,238.56,236.78,238.53,61968.433,2025-09-19T23:59:59.999000+00:00,14737389.90122,53598,25364.838,6032741.69442
2025-09-20T00:00:00+00:00,238.53,239.7,238.26,239.67,99701.503,2025-09-20T00:59:59.999000+00:00,23819251.12104,48616,54532.586,13034207.28008
2025-09-20T01:00:00+00:00,239.67,239.96,238.4,238.4,83540.894,2025-09-20T01:59:59.999000+00:00,19985833.0698,57453,32951.565,7883562.76276
2025-09-20T02:00:00+00:00,238.4,238.52,237.36,238.37,57275.081,2025-09-20T02:59:59.999000+00:00,13630205.3615,58575,21223.422,5051649.13859
2025-09-20T03:00:00+00:00,238.37,238.4,237.74,238.09,51760.011,2025-09-20T03:59:59.999000+00:00,12324584.04845,41913,20664.899,4920553.69954
2025-09-20T04:00:00+00:00,238.09,238.87,237.73,238.7,43247.233,2025-09-20T04:59:59.999000+00:00,10312707.14543,41071,22338.38,5327802.79855
2025-09-20T05:00:00+00:00,238.69,239.49,238.46,239.42,51894.202,2025-09-20T05:59:59.999000+00:00,12409894.40617,36465,28850.743,6899221.96887
2025-09-20T06:00:00+00:00,239.41,239.44,238.72,239.15,41920.173,2025-09-20T06:59:59.999000+00:00,10024176.10052,27153,18547.91,4435145.78434
2025-09-20T07:00:00+00:00,239.14,239.78,238.98,239.78,51353.007,2025-09-20T07:59:59.999000+00:00,12295914.21011,27522,35317.202,8457646.64959
2025-09-20T08:00:00+00:00,239.77,239.78,237.5,237.62,60100.123,2025-09-20T08:59:59.999000+00:00,14342697.46847,32621,21825.57,5211658.66847
2025-09-20T09:00:00+00:00,237.62,238.1,237.19,237.24,45828.9,2025-09-20T09:59:59.999000+00:00,10891977.16341,37988,19040.921,4525702.28719
2025-09-20T10:00:00+00:00,237.24,237.83,236.91,237.32,42801.692,2025-09-20T10:59:59.999000+00:00,10158136.64201,34119,20522.771,4872285.34687
2025-09-20T11:00:00+00:00,237.33,238.45,237.33,238.14,50219.794,2025-09-20T11:59:59.999000+00:00,11953545.01341,35473,21598.076,5140394.0044
2025-09-20T12:00:00+00:00,238.14,238.21,237.27,237.67,70358.179,2025-09-20T12:59:59.999000+00:00,16717264.56529,35463,33174.984,7882038.35213
2025-09-20T13:00:00+00:00,237.66,238.09,237.37,237.44,37713.153,2025-09-20T13:59:59.999000+00:00,8966081.43831,30731,15923.298,3785506.41773
2025-09-20T14:00:00+00:00,237.44,238.99,237.05,238.77,71881.143,2025-09-20T14:59:59.999000+00:00,17110280.96369,37342,49407.361,11761068.96454
2025-09-20T15:00:00+00:00,238.77,241.22,238.77,240.1,290685.705,2025-09-20T15:59:59.999000+00:00,69837656.46549,88640,158611.328,38098479.64767
2025-09-20T16:00:00+00:00,240.11,241.1,239.23,240.39,97427.675,2025-09-20T16:59:59.999000+00:00,23403391.54504,54779,61367.67,14743421.23666
2025-09-20T17:00:00+00:00,240.4,240.56,238.92,239.14,43884.95,2025-09-20T17:59:59.999000+00:00,10519953.05819,41867,19989.856,4792226.70079
2025-09-20T18:00:00+00:00,239.13,239.13,238.23,238.41,43433.356,2025-09-20T18:59:59.999000+00:00,10362606.2683,39463,18592.333,4435945.19014
2025-09-20T19:00:00+00:00,238.41,239.05,237.97,238.64,45639.523,2025-09-20T19:59:59.999000+00:00,10880141.77649,33146,28019.08,6678529.87643
2025-09-20T20:00:00+00:00,238.64,240.04,238.44,239.73,71631.915,2025-09-20T20:59:59.999000+00:00,17142983.98591,31765,51011.473,12208750.10145
2025-09-20T21:00:00+00:00,239.73,240.31,239.48,239.8,42780.36,2025-09-20T21:59:59.999000+00:00,10263601.05094,33547,23316.893,5594214.58996
2025-09-20T22:00:00+00:00,239.79,240.21,239.35,240.11,28346.898,2025-09-20T22:59:59.999000+00:00,6797715.35187,25947,13102.193,3142409.1512
2025-09-20T23:00:00+00:00,240.11,240.21,239.01,239.48,27063.745,2025-09-20T23:59:59.999000+00:00,6479260.75431,22476,9631.55,2305988.19909
2025-09-21T00:00:00+00:00,239.48,240.69,238.96,240.68,49281.376,2025-09-21T00:59:59.999000+00:00,11820850.875,33629,27454.538,6588048.7465
2025-09-21T01:00:00+00:00,240.68,240.77,239.9,240.12,49194.944,2025-09-21T01:59:59.999000+00:00,11821732.641,41091,21578.425,5186295.50734
2025-09-21T02:00:00+00:00,240.12,241.12,239.89,241.12,96774.294,2025-09-21T02:59:59.999000+00:00,23288115.47914,49169,59182.335,14243162.98703
2025-09-21T03:00:00+00:00,241.12,241.79,240.48,241.78,61561.231,2025-09-21T03:59:59.999000+00:00,14846337.08811,44449,33509.354,8084993.3604
2025-09-21T04:00:00+00:00,241.78,241.82,240.36,240.51,61969.437,2025-09-21T04:59:59.999000+00:00,14937806.03127,40984,21264.784,5126146.8274
2025-09-21T05:00:00+00:00,240.51,240.8,240.16,240.39,35249.798,2025-09-21T05:59:59.999000+00:00,8473337.89719,31307,16355.501,3931371.50738
2025-09-21T06:00:00+00:00,240.4,241.07,240.14,240.31,61873.218,2025-09-21T06:59:59.999000+00:00,14885585.73462,37898,23875.354,5746088.85021
2025-09-21T07:00:00+00:00,240.31,240.31,239.45,239.87,53198.033,2025-09-21T07:59:59.999000+00:00,12764128.29212,38462,22645.487,5433427.52911
2025-09-21T08:00:00+00:00,239.87,240.09,238.53,238.84,41826.907,2025-09-21T08:59:59.999000+00:00,9999531.39585,39714,18667.221,4462051.88574
2025-09-21T09:00:00+00:00,238.84,239.02,237.1,238.48,103050.025,2025-09-21T09:59:59.999000+00:00,24512206.01743,68454,38846.732,9241612.33925
2025-09-21T10:00:00+00:00,238.48,239.21,238.04,238.38,36409.5,2025-09-21T10:59:59.999000+00:00,8687316.05471,36311,19409.467,4632401.54507
2025-09-21T11:00:00+00:00,238.38,239.06,238.2,238.64,35189.193,2025-09-21T11:59:59.999000+00:00,8400481.9535,32730,16106.2,3845012.025
2025-09-21T12:00:00+00:00,238.64,240.05,238.54,239.5,49669.664,2025-09-21T12:59:59.999000+00:00,11899927.45462,37836,25778.175,6175773.84976
2025-09-21T13:00:00+00:00,239.49,240.28,239.18,239.52,40970.416,2025-09-21T13:59:59.999000+00:00,9819452.43354,34582,18164.34,4355387.28624
2025-09-21T14:00:00+00:00,239.51,239.91,238.45,238.58,47286.466,2025-09-21T14:59:59.999000+00:00,11313309.81703,36247,25837.697,6182978.45114
2025-09-21T15:00:00+00:00,238.57,238.74,237.7,237.91,59040.126,2025-09-21T15:59:59.999000+00:00,14062417.20109,44192,21153.757,5038384.65997
2025-09-21T16:00:00+00:00,237.91,238.41,236.08,237.04,128427.261,2025-09-21T16:59:59.999000+00:00,30452025.24298,74094,45458.722,10778235.7751
2025-09-21T17:00:00+00:00,237.04,237.85,236.27,237.82,50438.585,2025-09-21T17:59:59.999000+00:00,11952265.72409,51203,28988.886,6870082.73091
2025-09-21T18:00:00+00:00,237.83,238.13,237.2,238.12,36418.193,2025-09-21T18:59:59.999000+00:00,8654853.95431,33273,19474.347,4628691.04462
2025-09-21T19:00:00+00:00,238.12,238.17,237.15,237.99,34686.608,2025-09-21T19:59:59.999000+00:00,8241828.57527,28269,20521.837,4876128.30779
2025-09-21T20:00:00+00:00,237.99,238.03,237.24,237.64,31063.317,2025-09-21T20:59:59.999000+00:00,7381652.91682,31185,15826.246,3760594.72281
2025-09-21T21:00:00+00:00,237.64,237.76,236.7,237.28,43730.736,2025-09-21T21:59:59.999000+00:00,10371370.29291,29771,17631.431,4181508.24346
2025-09-21T22:00:00+00:00,237.28,238.11,235.32,237.92,116564.008,2025-09-21T22:59:59.999000+00:00,27544847.52492,59784,57910.291,13682349.04136
2025-09-21T23:00:00+00:00,237.93,237.93,235.96,236.16,68564.64,2025-09-21T23:59:59.999000+00:00,16218202.99249,58348,32744.143,7744459.82488
2025-09-22T00:00:00+00:00,236.16,236.96,231.17,232.27,401323.622,2025-09-22T00:59:59.999000+00:00,93627103.84048,236765,167259.3,39026036.03202
2025-09-22T01:00:00+00:00,232.27,234.75,232.0,233.19,234574.377,2025-09-22T01:59:59.999000+00:00,54746641.72477,129457,139407.613,32537564.22358
2025-09-22T02:00:00+00:00,233.18,233.97,230.5,231.69,306302.933,2025-09-22T02:59:59.999000+00:00,71026814.43618,153104,154563.905,35842296.12817
2025-09-22T03:00:00+00:00,231.7,233.05,231.65,232.81,103076.595,2025-09-22T03:59:59.999000+00:00,23939348.30369,67608,60336.818,14014363.89481
2025-09-22T04:00:00+00:00,232.81,233.16,231.56,231.74,80542.637,2025-09-22T04:59:59.999000+00:00,18699415.8656,54397,32174.531,7471119.36065
2025-09-22T05:00:00+00:00,231.73,231.94,224.78,224.99,322085.953,2025-09-22T05:59:59.999000+00:00,73716671.74339,104115,124684.675,28554438.09084
2025-09-22T06:00:00+00:00,224.98,225.33,214.5,224.44,1203824.642,2025-09-22T06:59:59.999000+00:00,267534578.59949,464845,585713.392,130285959.83437
2025-09-22T07:00:00+00:00,224.44,224.49,221.82,221.88,314137.321,2025-09-22T07:59:59.999000+00:00,70054969.6011,146563,137872.755,30753969.78789
2025-09-22T08:00:00+00:00,221.88,222.78,220.96,221.5,179968.227,2025-09-22T08:59:59.999000+00:00,39914581.32057,99877,90210.62,20011445.66552
2025-09-22T09:00:00+00:00,221.5,221.66,219.32,220.48,319957.416,2025-09-22T09:59:59.999000+00:00,70484517.48411,139144,146958.423,32370461.2332
2025-09-22T10:00:00+00:00,220.48,222.67,219.93,222.41,184705.871,2025-09-22T10:59:59.999000+00:00,40846859.5273,92458,110160.631,24369023.07158
2025-09-22T11:00:00+00:00,222.4,222.78,221.09,221.49,143606.312,2025-09-22T11:59:59.999000+00:00,31878745.90767,65804,76431.054,16965707.06176
2025-09-22T12:00:00+00:00,221.49,222.97,220.61,222.9,125109.425,2025-09-22T12:59:59.999000+00:00,27729727.34902,74727,77577.436,17201066.34705
2025-09-22T13:00:00+00:00,222.9,224.03,221.36,223.74,211377.211,2025-09-22T13:59:59.999000+00:00,47120218.67258,113052,126728.3,28262186.20136
2025-09-22T14:00:00+00:00,223.73,224.0,220.95,221.38,195876.734,2025-09-22T14:59:59.999000+00:00,43619659.77581,136735,104160.366,23203894.83863
2025-09-22T15:00:00+00:00,221.38,221.77,219.91,220.73,239853.371,2025-09-22T15:59:59.999000+00:00,52938622.3075,136337,123440.395,27249266.8925
2025-09-22T16:00:00+00:00,220.73,221.53,219.17,219.71,257179.1,2025-09-22T16:59:59.999000+00:00,56704824.74797,138276,125019.177,27570869.12557
2025-09-22T17:00:00+00:00,219.71,221.4,217.8,221.08,318156.636,2025-09-22T17:59:59.999000+00:00,69973228.30063,151959,160871.951,35383799.50923
2025-09-22T18:00:00+00:00,221.08,221.2,219.45,219.45,74096.314,2025-09-22T18:59:59.999000+00:00,16337761.94902,68714,39834.277,8784679.26384
2025-09-22T19:00:00+00:00,219.45,219.59,216.56,217.1,259774.11,2025-09-22T19:59:59.999000+00:00,56587078.23506,146271,102805.985,22392541.23821
2025-09-22T20:00:00+00:00,217.1,219.75,216.45,219.44,134566.03,2025-09-22T20:59:59.999000+00:00,29337903.5398,100714,81473.898,17772849.60514
2025-09-22T21:00:00+00:00,219.45,221.1,218.97,220.89,110410.875,2025-09-22T21:59:59.999000+00:00,24323074.0629,60725,70938.424,15627556.83355
2025-09-22T22:00:00+00:00,220.89,220.89,219.7,219.83,66260.473,2025-09-22T22:59:59.999000+00:00,14593378.17917,41126,32066.53,7062198.87047
2025-09-22T23:00:00+00:00,219.82,220.58,219.72,220.38,49827.518,2025-09-22T23:59:59.999000+00:00,10966599.43098,39974,29387.614,6467796.01869
2025-09-23T00:00:00+00:00,220.39,221.41,219.42,219.7,121353.781,2025-09-23T00:59:59.999000+00:00,26755709.36603,60873,65231.415,14391355.00928
2025-09-23T01:00:00+00:00,219.69,219.91,216.54,216.6,139868.12,2025-09-23T01:59:59.999000+00:00,30502076.56105,74605,47959.447,10469838.38835
2025-09-23T02:00:00+00:00,216.6,217.86,213.22,214.1,264817.45,2025-09-23T02:59:59.999000+00:00,57088917.76649,111730,91974.19,19858916.13645
2025-09-23T03:00:00+00:00,214.1,217.82,212.34,216.94,383186.166,2025-09-23T03:59:59.999000+00:00,82379351.11246,172383,191620.521,41217401.61206
2025-09-23T04:00:00+00:00,216.94,217.42,214.02,215.78,176270.595,2025-09-23T04:59:59.999000+00:00,38001499.66976,81346,64895.685,13983749.13277
2025-09-23T05:00:00+00:00,215.77,217.81,214.68,216.96,140092.984,2025-09-23T05:59:59.999000+00:00,30351576.92155,73426,79681.384,17261361.38029
2025-09-23T06:00:00+00:00,216.96,220.26,216.95,219.23,187615.351,2025-09-23T06:59:59.999000+00:00,41081293.90754,93586,107365.968,23501193.60885
2025-09-23T07:00:00+00:00,219.22,219.47,218.63,219.0,102301.427,2025-09-23T07:59:59.999000+00:00,22409335.93401,66754,57147.498,12518974.57776
2025-09-23T08:00:00+00:00,219.0,220.35,218.45,220.07,112002.428,2025-09-23T08:59:59.999000+00:00,24595267.43225,66240,71139.928,15623130.84746
2025-09-23T09:00:00+00:00,220.06,220.86,218.24,218.67,130864.03,2025-09-23T09:59:59.999000+00:00,28735136.81628,65598,64895.11,14260230.31673
2025-09-23T10:00:00+00:00,218.67,219.26,218.23,219.08,61362.785,2025-09-23T10:59:59.999000+00:00,13422766.96501,48310,34958.516,7648865.24488
2025-09-23T11:00:00+00:00,219.08,219.63,217.87,219.34,72236.486,2025-09-23T11:59:59.999000+00:00,15791561.34279,56756,40184.265,8787171.98599
2025-09-23T12:00:00+00:00,219.33,220.65,218.74,219.89,100210.369,2025-09-23T12:59:59.999000+00:00,22001281.63974,74907,61176.255,13430932.85593
2025-09-23T13:00:00+00:00,219.88,220.18,218.56,219.04,99419.777,2025-09-23T13:59:59.999000+00:00,21817917.95607,102328,51496.176,11302050.20447
2025-09-23T14:00:00+00:00,219.05,220.65,217.61,217.7,168491.011,2025-09-23T14:59:59.999000+00:00,36910043.27959,121811,89740.875,19672768.58257
2025-09-23T15:00:00+00:00,217.7,219.93,216.97,219.28,126988.004,2025-09-23T15:59:59.999000+00:00,27780735.12448,98636,68705.961,15031753.91177
2025-09-23T16:00:00+00:00,219.27,221.71,217.85,220.43,172956.419,2025-09-23T16:59:59.999000+00:00,37999452.75295,109221,107701.947,23670102.68179
2025-09-23T17:00:00+00:00,220.42,220.61,215.91,216.73,153049.95,2025-09-23T17:59:59.999000+00:00,33313393.17572,134875,63013.117,13723189.61728
2025-09-23T18:00:00+00:00,216.74,217.21,215.12,215.76,185813.866,2025-09-23T18:59:59.999000+00:00,40194150.38597,114972,73909.604,15987946.33634
2025-09-23T19:00:00+00:00,215.75,217.16,214.35,214.52,155240.551,2025-09-23T19:59:59.999000+00:00,33462745.79886,96051,65122.467,14049234.57435
2025-09-23T20:00:00+00:00,214.51,215.32,212.96,215.27,161605.45,2025-09-23T20:59:59.999000+00:00,34611771.57023,97493,69487.793,14894256.01603
2025-09-23T21:00:00+00:00,215.27,216.68,214.47,215.84,78964.506,2025-09-23T21:59:59.999000+00:00,17012042.48718,52870,43492.985,9371560.29999
2025-09-23T22:00:00+00:00,215.83,216.45,214.76,215.29,74451.355,2025-09-23T22:59:59.999000+00:00,16065820.52259,48212,26801.324,5782290.34153
2025-09-23T23:00:00+00:00,215.29,215.96,213.22,213.3,79745.607,2025-09-23T23:59:59.999000+00:00,17111159.20759,61726,34169.83,7332725.62035
2025-09-24T00:00:00+00:00,213.29,215.61,213.29,213.45,94230.732,2025-09-24T00:59:59.999000+00:00,20186372.73665,85099,46020.662,9859786.08308
2025-09-24T01:00:00+00:00,213.45,216.42,212.82,216.2,95738.069,2025-09-24T01:59:59.999000+00:00,20587333.86907,78487,45676.299,9830597.75531
2025-09-24T02:00:00+00:00,216.21,216.45,213.27,214.29,240434.567,2025-09-24T02:59:59.999000+00:00,51511372.17146,141295,119140.658,25516560.18581
2025-09-24T03:00:00+00:00,214.28,214.68,207.41,208.51,766027.4,2025-09-24T03:59:59.999000+00:00,161400349.32146,262219,330066.364,69524120.4215
2025-09-24T04:00:00+00:00,208.5,209.19,204.81,208.04,809069.208,2025-09-24T04:59:59.999000+00:00,167536748.56265,304509,433864.699,89877381.5294
2025-09-24T05:00:00+00:00,208.04,210.55,207.82,209.74,222807.02,2025-09-24T05:59:59.999000+00:00,46537335.02635,91582,150512.39,31435307.47518
2025-09-24T06:00:00+00:00,209.73,211.43,208.62,210.96,265721.082,2025-09-24T06:59:59.999000+00:00,55774714.56592,93108,169200.936,35525339.28291
2025-09-24T07:00:00+00:00,210.97,211.02,209.53,210.63,167997.289,2025-09-24T07:59:59.999000+00:00,35344083.17855,83990,94484.592,19885170.06647
2025-09-24T08:00:00+00:00,210.63,211.2,210.02,210.88,98355.876,2025-09-24T08:59:59.999000+00:00,20713452.67882,63866,62131.826,13085510.51628
2025-09-24T09:00:00+00:00,210.89,211.18,209.83,210.98,97671.354,2025-09-24T09:59:59.999000+00:00,20565171.42575,58708,60872.281,12818680.80916
2025-09-24T10:00:00+00:00,210.98,211.47,210.12,210.9,95531.636,2025-09-24T10:59:59.999000+00:00,20138399.48095,59127,53667.315,11314124.70346
2025-09-24T11:00:00+00:00,210.9,212.6,210.73,212.35,132891.774,2025-09-24T11:59:59.999000+00:00,28180943.28076,83130,84906.0,18002815.7649
2025-09-24T12:00:00+00:00,212.36,213.4,211.79,211.95,102619.304,2025-09-24T12:59:59.999000+00:00,21814382.69776,65351,57491.611,12222014.29881
2025-09-24T13:00:00+00:00,211.96,213.14,211.43,211.62,106100.368,2025-09-24T13:59:59.999000+00:00,22508527.17155,97943,48093.994,10204929.72882
2025-09-24T14:00:00+00:00,211.61,216.24,211.41,215.61,215715.127,2025-09-24T14:59:59.999000+00:00,46199610.97487,134596,149472.413,32019719.93579
2025-09-24T15:00:00+00:00,215.62,216.05,213.28,213.61,281691.168,2025-09-24T15:59:59.999000+00:00,60518927.61185,130329,116809.156,25101515.08319
2025-09-24T16:00:00+00:00,213.6,214.45,213.21,213.87,96773.675,2025-09-24T16:59:59.999000+00:00,20683955.58871,77616,57200.732,12228010.63767
2025-09-24T17:00:00+00:00,213.88,215.51,213.5,215.17,87022.13,2025-09-24T17:59:59.999000+00:00,18689918.78043,58789,54296.898,11660035.27847
2025-09-24T18:00:00+00:00,215.17,215.2,213.35,213.92,68873.249,2025-09-24T18:59:59.999000+00:00,14735630.33071,49508,38068.33,8144699.50036
2025-09-24T19:00:00+00:00,213.93,214.21,212.41,213.18,86564.425,2025-09-24T19:59:59.999000+00:00,18469557.95582,59950,37948.1,8096429.12387
2025-09-24T20:00:00+00:00,213.18,213.24,210.9,212.11,102918.765,2025-09-24T20:59:59.999000+00:00,21830677.85508,73689,38516.26,8168530.32965
2025-09-24T21:00:00+00:00,212.11,212.61,210.72,211.28,51797.403,2025-09-24T21:59:59.999000+00:00,10978591.0882,36061,21386.511,4533338.63941
2025-09-24T22:00:00+00:00,211.28,212.32,210.94,211.74,74456.686,2025-09-24T22:59:59.999000+00:00,15748149.62152,71050,36495.486,7720061.62061
2025-09-24T23:00:00+00:00,211.75,212.24,211.3,211.6,66449.219,2025-09-24T23:59:59.999000+00:00,14069646.98499,59659,37756.48,7993542.55247
2025-09-25T00:00:00+00:00,211.61,212.44,210.26,210.73,114955.841,2025-09-25T00:59:59.999000+00:00,24278471.45321,98484,49405.142,10435372.83239
2025-09-25T01:00:00+00:00,210.72,211.22,207.73,208.22,227130.192,2025-09-25T01:59:59.999000+00:00,47611773.04696,172888,99812.177,20928678.08028
2025-09-25T02:00:00+00:00,208.23,211.97,206.82,210.06,243744.677,2025-09-25T02:59:59.999000+00:00,51011776.50342,168785,126727.892,26534940.5843
2025-09-25T03:00:00+00:00,210.06,210.13,206.02,207.3,263095.021,2025-09-25T03:59:59.999000+00:00,54555482.83423,141589,131660.348,27310458.98012
2025-09-25T04:00:00+00:00,207.3,207.63,202.76,204.36,522146.949,2025-09-25T04:59:59.999000+00:00,106761690.25288,246305,240674.832,49219060.04427
2025-09-25T05:00:00+00:00,204.35,205.91,203.25,205.45,175308.315,2025-09-25T05:59:59.999000+00:00,35909565.32853,106515,102971.336,21089776.36278
2025-09-25T06:00:00+00:00,205.44,205.73,203.33,203.64,153860.093,2025-09-25T06:59:59.999000+00:00,31405224.27151,115499,76686.393,15652119.21948
2025-09-25T07:00:00+00:00,203.63,205.24,203.3,204.19,116087.168,2025-09-25T07:59:59.999000+00:00,23734290.1912,94319,57610.865,11779683.0051
2025-09-25T08:00:00+00:00,204.19,205.77,203.62,204.32,119063.793,2025-09-25T08:59:59.999000+00:00,24378259.68947,75030,63099.525,12927069.41138
2025-09-25T09:00:00+00:00,204.32,205.91,201.76,202.25,270332.155,2025-09-25T09:59:59.999000+00:00,55061591.1616,108668,128549.696,26210991.9728
2025-09-25T10:00:00+00:00,202.26,203.69,201.93,202.0,126048.536,2025-09-25T10:59:59.999000+00:00,25557645.15005,85461,56011.783,11359114.70773
2025-09-25T11:00:00+00:00,202.0,202.53,200.69,201.35,213729.493,2025-09-25T11:59:59.999000+00:00,43034781.37129,117880,89942.62,18110963.0936
2025-09-25T12:00:00+00:00,201.34,202.57,197.03,198.59,566506.399,2025-09-25T12:59:59.999000+00:00,113045982.7958,232403,237927.304,47486564.05405
2025-09-25T13:00:00+00:00,198.59,201.62,197.57,200.79,407753.038,2025-09-25T13:59:59.999000+00:00,81391008.7656,247431,199373.644,39817452.39445
2025-09-25T14:00:00+00:00,200.79,204.06,200.79,202.65,216480.132,2025-09-25T14:59:59.999000+00:00,43853840.65295,141688,133047.882,26953980.68429
2025-09-25T15:00:00+00:00,202.65,203.27,200.37,201.15,167440.328,2025-09-25T15:59:59.999000+00:00,33755155.23709,101967,89547.796,18059062.25129
2025-09-25T16:00:00+00:00,201.14,201.95,198.38,198.72,214089.443,2025-09-25T16:59:59.999000+00:00,42803130.76647,132440,93341.601,18681945.72911
2025-09-25T17:00:00+00:00,198.71,198.93,193.6,194.84,804032.24,2025-09-25T17:59:59.999000+00:00,157779917.39585,329707,303529.737,59576267.47173
2025-09-25T18:00:00+00:00,194.84,199.6,194.43,199.45,457481.218,2025-09-25T18:59:59.999000+00:00,90079331.216,240406,228242.086,44982270.62721
2025-09-25T19:00:00+00:00,199.46,200.89,197.34,198.09,348931.477,2025-09-25T19:59:59.999000+00:00,69447711.86765,147852,124780.827,24851286.86481
2025-09-25T20:00:00+00:00,198.09,198.7,195.21,196.22,213346.412,2025-09-25T20:59:59.999000+00:00,42033297.79717,117791,86445.282,17034732.08473
2025-09-25T21:00:00+00:00,196.22,197.38,194.75,196.35,192241.163,2025-09-25T21:59:59.999000+00:00,37692059.67479,92724,90690.737,17790376.01123
2025-09-25T22:00:00+00:00,196.35,197.58,193.9,194.64,211732.714,2025-09-25T22:59:59.999000+00:00,41348970.51886,94135,92616.356,18100580.7146
2025-09-25T23:00:00+00:00,194.64,196.07,191.32,192.74,415720.494,2025-09-25T23:59:59.999000+00:00,80343858.70345,162368,172824.489,33394270.73236
2025-09-26T00:00:00+00:00,192.73,195.97,192.53,195.71,239868.369,2025-09-26T00:59:59.999000+00:00,46620467.84402,146217,130522.121,25369297.46444
2025-09-26T01:00:00+00:00,195.71,197.18,195.18,195.9,220249.17,2025-09-26T01:59:59.999000+00:00,43187499.58104,140500,125364.815,24583167.95009
2025-09-26T02:00:00+00:00,195.89,197.55,195.44,196.46,193798.237,2025-09-26T02:59:59.999000+00:00,38090435.27988,115011,121271.665,23834858.91061
2025-09-26T03:00:00+00:00,196.46,197.37,195.15,196.47,139919.974,2025-09-26T03:59:59.999000+00:00,27439965.69727,94813,70299.185,13791381.74958
2025-09-26T04:00:00+00:00,196.47,197.42,195.1,195.76,109441.843,2025-09-26T04:59:59.999000+00:00,21468604.65106,83397,47702.671,9360761.30944
2025-09-26T05:00:00+00:00,195.76,197.29,194.43,195.08,155449.729,2025-09-26T05:59:59.999000+00:00,30472050.28924,84811,72521.871,14215665.81573
2025-09-26T06:00:00+00:00,195.09,196.99,193.75,195.2,223436.777,2025-09-26T06:59:59.999000+00:00,43643094.46722,121051,122599.493,23949689.12218
2025-09-26T07:00:00+00:00,195.2,196.85,194.05,196.31,238085.248,2025-09-26T07:59:59.999000+00:00,46566582.71523,123781,133785.229,26165860.29213
2025-09-26T08:00:00+00:00,196.31,196.98,195.76,196.15,128448.972,2025-09-26T08:59:59.999000+00:00,25224244.75803,100293,62966.736,12364190.44382
2025-09-26T09:00:00+00:00,196.15,196.56,193.74,194.63,143270.543,2025-09-26T09:59:59.999000+00:00,27940388.16809,103478,60177.311,11735114.91944
2025-09-26T10:00:00+00:00,194.63,194.7,191.78,192.11,224370.679,2025-09-26T10:59:59.999000+00:00,43216662.72538,125058,89291.519,17198326.82771
2025-09-26T11:00:00+00:00,192.11,194.0,190.8,193.47,290744.08,2025-09-26T11:59:59.999000+00:00,55783730.04652,123379,146342.993,28092979.07312
2025-09-26T12:00:00+00:00,193.46,198.31,192.15,196.67,555928.316,2025-09-26T12:59:59.999000+00:00,108560128.67943,235410,293295.938,57303019.81418
2025-09-26T13:00:00+00:00,196.67,197.37,194.44,197.16,331884.462,2025-09-26T13:59:59.999000+00:00,65104005.68466,198855,183003.482,35908789.54726
2025-09-26T14:00:00+00:00,197.16,197.36,193.28,194.42,474356.012,2025-09-26T14:59:59.999000+00:00,92570667.81671,207455,248987.416,48610037.02328
2025-09-26T15:00:00+00:00,194.42,196.83,194.21,196.02,215426.017,2025-09-26T15:59:59.999000+00:00,42210424.34058,131076,112304.194,21999064.03002
2025-09-26T16:00:00+00:00,196.02,199.8,195.81,199.6,344739.982,2025-09-26T16:59:59.999000+00:00,68468679.23328,157630,206068.812,40925748.59213
2025-09-26T17:00:00+00:00,199.59,202.03,199.19,201.4,332637.938,2025-09-26T17:59:59.999000+00:00,66747952.33695,145489,227248.75,45607611.21424
2025-09-26T18:00:00+00:00,201.4,202.66,200.87,201.83,229535.999,2025-09-26T18:59:59.999000+00:00,46343782.55519,107510,143271.392,28926980.25466
2025-09-26T19:00:00+00:00,201.83,201.97,198.92,200.68,285531.006,2025-09-26T19:59:59.999000+00:00,57200595.40049,133661,113522.082,22760650.83495
2025-09-26T20:00:00+00:00,200.68,200.94,199.56,199.96,100451.025,2025-09-26T20:59:59.999000+00:00,20108949.71763,70858,55757.284,11163391.79298
2025-09-26T21:00:00+00:00,199.96,202.68,199.74,202.32,132217.885,2025-09-26T21:59:59.999000+00:00,26614174.35756,68418,88562.11,17826549.5099
2025-09-26T22:00:00+00:00,202.32,203.97,201.86,203.57,171140.695,2025-09-26T22:59:59.999000+00:00,34783496.11413,66632,92229.164,18745090.06337
2025-09-26T23:00:00+00:00,203.57,205.52,202.83,205.17,142269.916,2025-09-26T23:59:59.999000+00:00,29070977.18803,64634,85250.63,17425006.1402
2025-09-27T00:00:00+00:00,205.16,205.35,204.04,205.19,138224.307,2025-09-27T00:59:59.999000+00:00,28277221.99481,74255,57669.107,11800001.24331
2025-09-27T01:00:00+00:00,205.18,205.43,203.57,204.35,140934.136,2025-09-27T01:59:59.999000+00:00,28797141.49579,75888,71629.865,14636733.39283
2025-09-27T02:00:00+00:00,204.35,204.77,203.62,203.7,73226.495,2025-09-27T02:59:59.999000+00:00,14950446.25448,49477,33831.301,6908457.00878
2025-09-27T03:00:00+00:00,203.71,205.09,203.58,203.88,115933.092,2025-09-27T03:59:59.999000+00:00,23697745.61858,48967,60373.36,12342725.25427
2025-09-27T04:00:00+00:00,203.88,204.12,203.16,203.66,134942.036,2025-09-27T04:59:59.999000+00:00,27476784.73737,49110,52871.193,10766181.37895
2025-09-27T05:00:00+00:00,203.65,203.65,202.23,202.48,100852.286,2025-09-27T05:59:59.999000+00:00,20439678.26232,51762,34432.967,6976643.05252
2025-09-27T06:00:00+00:00,202.47,202.65,201.76,202.64,55973.479,2025-09-27T06:59:59.999000+00:00,11310658.38617,32347,22216.815,4490587.73307
2025-09-27T07:00:00+00:00,202.65,203.11,201.52,202.05,85841.552,2025-09-27T07:59:59.999000+00:00,17373381.5105,39363,42965.281,8695560.82698
2025-09-27T08:00:00+00:00,202.05,202.21,200.86,200.93,87880.57,2025-09-27T08:59:59.999000+00:00,17708749.57433,49151,34464.022,6945680.33942
2025-09-27T09:00:00+00:00,200.93,201.57,199.88,201.18,140385.911,2025-09-27T09:59:59.999000+00:00,28166494.40493,60019,65788.701,13206364.93384
2025-09-27T10:00:00+00:00,201.17,202.07,200.49,201.63,84233.002,2025-09-27T10:59:59.999000+00:00,16954151.15797,46426,42119.308,8479840.26036
2025-09-27T11:00:00+00:00,201.63,202.03,201.28,201.71,42949.273,2025-09-27T11:59:59.999000+00:00,8660830.20782,28276,25254.201,5092805.03483
2025-09-27T12:00:00+00:00,201.71,203.07,200.97,202.45,97368.913,2025-09-27T12:59:59.999000+00:00,19658337.20557,47630,53070.097,10726593.33413
2025-09-27T13:00:00+00:00,202.45,203.39,202.17,202.9,77051.388,2025-09-27T13:59:59.999000+00:00,15622853.5428,44522,47256.867,9582332.17965
2025-09-27T14:00:00+00:00,202.89,203.77,202.33,202.69,70845.194,2025-09-27T14:59:59.999000+00:00,14386115.31742,41672,46832.261,9510607.95252
2025-09-27T15:00:00+00:00,202.68,203.69,201.8,203.52,76367.47,2025-09-27T15:59:59.999000+00:00,15474132.61735,51116,46235.584,9368805.75807
2025-09-27T16:00:00+00:00,203.52,203.61,202.72,202.93,77843.323,2025-09-27T16:59:59.999000+00:00,15813964.43204,51668,37968.823,7713513.88745
2025-09-27T17:00:00+00:00,202.92,202.95,200.89,201.87,124346.328,2025-09-27T17:59:59.999000+00:00,25072573.18427,74801,65713.882,13250039.8168
2025-09-27T18:00:00+00:00,201.86,202.17,200.85,201.64,142090.516,2025-09-27T18:59:59.999000+00:00,28610494.17984,52518,86320.373,17375730.39379
2025-09-27T19:00:00+00:00,201.65,202.33,201.28,202.19,28730.406,2025-09-27T19:59:59.999000+00:00,5797276.22997,28775,17582.652,3548018.45062
2025-09-27T20:00:00+00:00,202.19,202.89,201.89,202.63,24979.415,2025-09-27T20:59:59.999000+00:00,5056127.0575,29179,14059.129,2845546.49188
2025-09-27T21:00:00+00:00,202.62,204.05,202.26,203.8,43804.081,2025-09-27T21:59:59.999000+00:00,8902499.33692,29827,25134.403,5109404.96103
2025-09-27T22:00:00+00:00,203.81,204.89,203.4,203.89,76512.477,2025-09-27T22:59:59.999000+00:00,15625045.92985,44556,42426.974,8666241.656
2025-09-27T23:00:00+00:00,203.89,204.3,203.24,203.46,63617.765,2025-09-27T23:59:59.999000+00:00,12955658.84156,41658,27628.486,5627980.84698
2025-09-28T00:00:00+00:00,203.47,204.07,202.54,202.95,127978.527,2025-09-28T00:59:59.999000+00:00,26001400.9346,65472,57910.228,11765096.7826
2025-09-28T01:00:00+00:00,202.96,203.19,201.0,201.13,99846.083,2025-09-28T01:59:59.999000+00:00,20153863.52702,75916,46362.436,9355558.06998
2025-09-28T02:00:00+00:00,201.13,202.06,201.0,201.48,59819.855,2025-09-28T02:59:59.999000+00:00,12057024.575,41723,32868.188,6625985.27559
2025-09-28T03:00:00+00:00,201.48,201.97,200.74,201.4,53648.371,2025-09-28T03:59:59.999000+00:00,10804896.2006,32115,20102.298,4048448.11184
2025-09-28T04:00:00+00:00,201.4,201.99,201.2,201.9,42919.922,2025-09-28T04:59:59.999000+00:00,8656850.70321,27358,17917.583,3613289.00373
2025-09-28T05:00:00+00:00,201.9,202.45,201.17,201.28,52535.405,2025-09-28T05:59:59.999000+00:00,10600571.8011,32315,22340.488,4508184.01227
2025-09-28T06:00:00+00:00,201.29,201.8,200.38,201.72,55553.578,2025-09-28T06:59:59.999000+00:00,11175723.29577,34932,22978.707,4620962.61322
2025-09-28T07:00:00+00:00,201.73,202.3,201.16,202.1,31671.228,2025-09-28T07:59:59.999000+00:00,6392995.30369,27025,16401.132,3310821.88857
2025-09-28T08:00:00+00:00,202.1,202.7,201.41,201.81,57045.488,2025-09-28T08:59:59.999000+00:00,11526523.36443,41336,27329.287,5521442.9668
2025-09-28T09:00:00+00:00,201.82,202.02,200.64,200.7,73558.191,2025-09-28T09:59:59.999000+00:00,14799708.94956,51989,41238.62,8296399.61099
2025-09-28T10:00:00+00:00,200.69,201.05,200.21,200.83,59426.306,2025-09-28T10:59:59.999000+00:00,11921057.2525,39269,33370.798,6694263.46905
2025-09-28T11:00:00+00:00,200.82,200.88,199.23,199.86,90311.167,2025-09-28T11:59:59.999000+00:00,18050917.6311,52266,32523.804,6504417.24199
2025-09-28T12:00:00+00:00,199.86,199.98,198.0,198.43,120878.622,2025-09-28T12:59:59.999000+00:00,24041617.28262,72896,46569.306,9273076.83177
2025-09-28T13:00:00+00:00,198.43,201.4,198.3,201.17,86676.252,2025-09-28T13:59:59.999000+00:00,17330232.55211,63462,51578.503,10315116.41535
2025-09-28T14:00:00+00:00,201.18,202.03,200.44,201.89,84858.946,2025-09-28T14:59:59.999000+00:00,17086006.89509,53343,45275.013,9116477.5507
2025-09-28T15:00:00+00:00,201.89,203.55,201.84,203.42,153083.09,2025-09-28T15:59:59.999000+00:00,31009311.62991,65442,80512.699,16309630.29391
2025-09-28T16:00:00+00:00,203.43,204.75,203.26,204.05,108755.722,2025-09-28T16:59:59.999000+00:00,22170932.81858,70224,58871.675,12003463.35715
2025-09-28T17:00:00+00:00,204.05,205.84,203.97,205.05,192859.839,2025-09-28T17:59:59.999000+00:00,39529349.40387,83110,132262.146,27112930.57891
2025-09-28T18:00:00+00:00,205.05,206.37,204.8,206.12,82964.733,2025-09-28T18:59:59.999000+00:00,17052688.0826,49438,55222.722,11351795.35404
2025-09-28T19:00:00+00:00,206.13,206.67,205.41,206.18,47906.397,2025-09-28T19:59:59.999000+00:00,9872086.23666,42176,26404.934,5441717.61137
2025-09-28T20:00:00+00:00,206.18,207.79,206.02,206.82,85735.067,2025-09-28T20:59:59.999000+00:00,17753376.83031,56711,55320.463,11456421.16576
2025-09-28T21:00:00+00:00,206.82,207.3,206.54,207.22,56377.163,2025-09-28T21:59:59.999000+00:00,11668232.55234,32321,34516.59,7144297.01279
2025-09-28T22:00:00+00:00,207.23,209.98,207.23,209.54,210189.861,2025-09-28T22:59:59.999000+00:00,43938002.105,122490,127558.026,26665344.72302
2025-09-28T23:00:00+00:00,209.55,211.0,209.55,210.83,159660.261,2025-09-28T23:59:59.999000+00:00,33581870.77554,68278,84071.55,17677936.85488
2025-09-29T00:00:00+00:00,210.83,210.89,209.0,209.19,144697.185,2025-09-29T00:59:59.999000+00:00,30382587.803,70863,65369.907,13729565.77219
2025-09-29T01:00:00+00:00,209.19,209.95,208.74,209.4,87829.916,2025-09-29T01:59:59.999000+00:00,18385125.33533,58687,43696.348,9146965.6572
2025-09-29T02:00:00+00:00,209.41,210.84,208.94,209.69,175320.468,2025-09-29T02:59:59.999000+00:00,36814825.18009,68738,86522.599,18174667.80053
2025-09-29T03:00:00+00:00,209.7,210.37,209.12,210.28,72660.361,2025-09-29T03:59:59.999000+00:00,15227222.79972,51175,36608.034,7672848.01298
2025-09-29T04:00:00+00:00,210.27,210.64,209.83,210.06,103750.768,2025-09-29T04:59:59.999000+00:00,21811301.47184,51902,37843.742,7956623.63348
2025-09-29T05:00:00+00:00,210.05,210.19,208.77,209.12,87217.463,2025-09-29T05:59:59.999000+00:00,18255371.63986,51227,34961.458,7317176.29771
2025-09-29T06:00:00+00:00,209.12,209.2,207.83,208.14,98786.847,2025-09-29T06:59:59.999000+00:00,20584059.78112,67876,42833.535,8925010.78707
2025-09-29T07:00:00+00:00,208.14,209.36,207.37,208.95,92723.483,2025-09-29T07:59:59.999000+00:00,19312834.13824,60418,44649.718,9306817.84294
2025-09-29T08:00:00+00:00,208.94,209.69,208.26,208.91,63471.136,2025-09-29T08:59:59.999000+00:00,13264594.92915,50685,37245.754,7784503.84509
2025-09-29T09:00:00+00:00,208.9,209.12,207.87,208.2,55898.19,2025-09-29T09:59:59.999000+00:00,11656421.8072,41474,27928.41,5824130.04795
2025-09-29T10:00:00+00:00,208.21,208.32,206.48,206.6,82155.536,2025-09-29T10:59:59.999000+00:00,17040291.30608,56061,36285.64,7528975.60348
2025-09-29T11:00:00+00:00,206.6,207.45,206.02,207.07,99172.374,2025-09-29T11:59:59.999000+00:00,20501726.35592,63564,51129.448,10571125.66727
2025-09-29T12:00:00+00:00,207.07,208.04,205.22,205.37,134452.567,2025-09-29T12:59:59.999000+00:00,27761424.88695,71861,68013.776,14059069.93948
2025-09-29T13:00:00+00:00,205.37,209.49,204.58,208.86,275038.692,2025-09-29T13:59:59.999000+00:00,57028697.22284,192377,146805.244,30455575.63589
2025-09-29T14:00:00+00:00,208.87,212.82,208.69,212.35,402124.092,2025-09-29T14:59:59.999000+00:00,84908131.84734,204909,268867.693,56776755.45075
2025-09-29T15:00:00+00:00,212.34,213.5,209.69,210.07,313169.558,2025-09-29T15:59:59.999000+00:00,66291747.79118,141519,140061.783,29661205.10204
2025-09-29T16:00:00+00:00,210.07,211.57,208.36,208.72,166062.194,2025-09-29T16:59:59.999000+00:00,34870891.28527,91287,84834.475,17826648.68782
2025-09-29T17:00:00+00:00,208.72,210.32,207.67,210.19,150099.776,2025-09-29T17:59:59.999000+00:00,31346506.78518,97424,95752.716,20000703.46961
2025-09-29T18:00:00+00:00,210.18,210.76,209.13,210.76,104928.106,2025-09-29T18:59:59.999000+00:00,22032739.23374,68655,67716.193,14221289.3629
2025-09-29T19:00:00+00:00,210.77,213.5,210.45,212.93,144879.758,2025-09-29T19:59:59.999000+00:00,30694308.63091,104463,95655.86,20268736.57885
2025-09-29T20:00:00+00:00,212.93,214.55,212.51,214.42,140563.465,2025-09-29T20:59:59.999000+00:00,30046832.32317,99093,88200.143,18855262.21841
2025-09-29T21:00:00+00:00,214.41,214.74,213.69,214.16,65924.585,2025-09-29T21:59:59.999000+00:00,14122668.7526,50831,31469.927,6743349.24676
2025-09-29T22:00:00+00:00,214.16,214.3,213.06,213.58,70598.101,2025-09-29T22:59:59.999000+00:00,15075135.59755,47001,30050.092,6416542.75985
2025-09-29T23:00:00+00:00,213.59,213.96,212.43,212.75,81574.23,2025-09-29T23:59:59.999000+00:00,17377703.88752,46641,37932.232,8082039.00978
2025-09-30T00:00:00+00:00,212.74,213.67,211.22,211.34,153812.493,2025-09-30T00:59:59.999000+00:00,32639600.62194,101491,73138.123,15519794.76311
2025-09-30T01:00:00+00:00,211.33,212.97,209.83,210.58,160432.094,2025-09-30T01:59:59.999000+00:00,33880114.82409,110479,70737.857,14949063.06372
2025-09-30T02:00:00+00:00,210.57,211.24,210.0,210.53,111637.931,2025-09-30T02:59:59.999000+00:00,23511848.86229,66347,49930.577,10514628.03222
2025-09-30T03:00:00+00:00,210.53,211.46,210.12,210.71,76377.256,2025-09-30T03:59:59.999000+00:00,16094400.31747,51406,29698.938,6260299.74345
2025-09-30T04:00:00+00:00,210.71,211.72,210.2,210.22,69843.981,2025-09-30T04:59:59.999000+00:00,14744558.42278,41886,34593.191,7305318.99631
2025-09-30T05:00:00+00:00,210.22,210.75,208.96,210.0,109049.291,2025-09-30T05:59:59.999000+00:00,22895710.72026,61402,36635.449,7693107.37139
2025-09-30T06:00:00+00:00,210.0,210.9,209.48,210.31,62904.094,2025-09-30T06:59:59.999000+00:00,13226524.07137,47487,33674.004,7081813.12612
2025-09-30T07:00:00+00:00,210.32,210.82,208.55,209.0,91242.139,2025-09-30T07:59:59.999000+00:00,19129303.29241,55044,38144.679,7996067.8463
2025-09-30T08:00:00+00:00,208.99,209.0,207.71,207.77,120003.224,2025-09-30T08:59:59.999000+00:00,24992532.44128,58238,57900.989,12060666.24015
2025-09-30T09:00:00+00:00,207.77,207.94,205.56,205.89,159356.122,2025-09-30T09:59:59.999000+00:00,32952470.13795,87342,68402.951,14153086.65633
2025-09-30T10:00:00+00:00,205.89,207.01,205.53,206.58,109493.655,2025-09-30T10:59:59.999000+00:00,22601557.73334,60090,67332.713,13902073.84879
2025-09-30T11:00:00+00:00,206.58,207.42,205.92,207.08,119192.925,2025-09-30T11:59:59.999000+00:00,24631893.45905,52614,74719.606,15446693.11876
2025-09-30T12:00:00+00:00,207.07,207.48,206.0,206.19,65395.447,2025-09-30T12:59:59.999000+00:00,13528747.47721,48867,35703.36,7388560.49654
2025-09-30T13:00:00+00:00,206.18,209.64,205.69,207.71,198520.048,2025-09-30T13:59:59.999000+00:00,41242609.79251,147529,117832.834,24487480.11039
2025-09-30T14:00:00+00:00,207.71,208.89,206.08,208.79,128671.75,2025-09-30T14:59:59.999000+00:00,26666469.29432,143626,68145.962,14126052.86958
2025-09-30T15:00:00+00:00,208.8,208.82,204.65,206.0,259357.356,2025-09-30T15:59:59.999000+00:00,53395176.4846,168087,112411.855,23141488.4229
2025-09-30T16:00:00+00:00,205.99,206.31,204.29,205.12,243794.422,2025-09-30T16:59:59.999000+00:00,50020309.76483,114740,122943.873,25219887.12626
2025-09-30T17:00:00+00:00,205.12,206.29,204.71,205.64,184273.703,2025-09-30T17:59:59.999000+00:00,37875191.00997,85603,108685.421,22341727.77583
2025-09-30T18:00:00+00:00,205.64,207.87,205.33,207.57,125306.79,2025-09-30T18:59:59.999000+00:00,25912667.59049,69169,75009.827,15515310.76752
2025-09-30T19:00:00+00:00,207.56,209.21,207.13,208.92,215817.277,2025-09-30T19:59:59.999000+00:00,44931151.33611,85651,114656.273,23869037.59928
2025-09-30T20:00:00+00:00,208.92,210.22,208.17,209.86,106560.577,2025-09-30T20:59:59.999000+00:00,22281351.00223,63715,63431.08,13267311.69177
2025-09-30T21:00:00+00:00,209.87,210.98,209.22,209.6,183439.054,2025-09-30T21:59:59.999000+00:00,38539243.66376,86213,81491.737,17127013.19892
2025-09-30T22:00:00+00:00,209.61,210.93,207.81,208.06,123015.517,2025-09-30T22:59:59.999000+00:00,25778456.77859,70143,50433.16,10571860.11173
2025-09-30T23:00:00+00:00,208.06,208.88,207.42,208.68,87284.339,2025-09-30T23:59:59.999000+00:00,18175331.02039,45117,43383.745,9036362.61746
2025-10-01T00:00:00+00:00,208.68,209.42,206.43,207.54,119782.284,2025-10-01T00:59:59.999000+00:00,24886725.60908,60701,68812.732,14302141.61157
2025-10-01T01:00:00+00:00,207.53,210.73,207.13,210.59,167268.63,2025-10-01T01:59:59.999000+00:00,34953048.54932,90479,86119.795,17994886.17573
2025-10-01T02:00:00+00:00,210.58,210.9,209.15,209.19,136633.544,2025-10-01T02:59:59.999000+00:00,28718458.15658,68487,71991.434,15135732.49082
2025-10-01T03:00:00+00:00,209.19,209.59,206.6,206.69,181771.217,2025-10-01T03:59:59.999000+00:00,37805052.50082,79226,87051.714,18097522.94288
2025-10-01T04:00:00+00:00,206.68,209.5,206.31,208.5,140154.328,2025-10-01T04:59:59.999000+00:00,29221845.84155,91638,69961.102,14584672.80256
2025-10-01T05:00:00+00:00,208.5,210.0,208.47,208.97,105991.135,2025-10-01T05:59:59.999000+00:00,22188385.48019,65028,50020.427,10470960.91655
2025-10-01T06:00:00+00:00,208.98,209.51,207.8,207.98,82867.252,2025-10-01T06:59:59.999000+00:00,17294828.35688,75353,36332.722,7583788.1569
2025-10-01T07:00:00+00:00,207.98,210.34,207.87,210.18,79588.253,2025-10-01T07:59:59.999000+00:00,16673919.64495,58875,43297.297,9072452.19805
2025-10-01T08:00:00+00:00,210.18,217.42,209.86,216.57,582661.576,2025-10-01T08:59:59.999000+00:00,125070507.12951,261947,317659.167,68117970.26393
2025-10-01T09:00:00+00:00,216.57,217.95,215.8,217.58,326323.431,2025-10-01T09:59:59.999000+00:00,70781980.63132,146636,170251.117,36937791.20528
2025-10-01T10:00:00+00:00,217.57,217.74,215.99,216.59,172530.606,2025-10-01T10:59:59.999000+00:00,37377508.63496,80232,67059.165,14532341.43025
2025-10-01T11:00:00+00:00,216.6,217.88,216.58,217.75,104065.446,2025-10-01T11:59:59.999000+00:00,22627258.47435,64116,54027.508,11748307.77775
2025-10-01T12:00:00+00:00,217.75,219.38,217.16,218.5,246140.465,2025-10-01T12:59:59.999000+00:00,53730307.5049,123255,136853.225,29870446.32032
2025-10-01T13:00:00+00:00,218.51,219.96,218.33,219.36,219506.815,2025-10-01T13:59:59.999000+00:00,48114165.95635,125738,128687.496,28213726.58903
2025-10-01T14:00:00+00:00,219.36,220.66,218.87,219.52,233379.479,2025-10-01T14:59:59.999000+00:00,51292917.40789,151171,120692.983,26534416.35246
2025-10-01T15:00:00+00:00,219.52,220.28,218.75,220.25,190102.343,2025-10-01T15:59:59.999000+00:00,41766418.51298,85193,105193.602,23114796.7607
2025-10-01T16:00:00+00:00,220.24,221.0,218.87,219.09,184691.177,2025-10-01T16:59:59.999000+00:00,40659806.04685,87996,90521.707,19943149.3508
2025-10-01T17:00:00+00:00,219.09,219.75,217.34,217.39,177737.708,2025-10-01T17:59:59.999000+00:00,38854987.82775,84336,64452.586,14094572.25008
2025-10-01T18:00:00+00:00,217.4,219.66,217.39,219.13,96079.963,2025-10-01T18:59:59.999000+00:00,20995936.19542,61285,55812.208,12196033.92087
2025-10-01T19:00:00+00:00,219.13,220.45,219.02,220.05,101253.223,2025-10-01T19:59:59.999000+00:00,22267469.15735,54709,60985.912,13410717.4329
2025-10-01T20:00:00+00:00,220.05,220.27,219.23,219.48,82454.021,2025-10-01T20:59:59.999000+00:00,18124463.97405,46036,33738.547,7415714.96537
2025-10-01T21:00:00+00:00,219.48,219.48,218.41,219.03,95116.196,2025-10-01T21:59:59.999000+00:00,20823083.55285,40430,49628.657,10862533.24969
2025-10-01T22:00:00+00:00,219.04,219.97,219.03,219.58,57801.658,2025-10-01T22:59:59.999000+00:00,12690461.93032,42812,29157.335,6401611.99542
2025-10-01T23:00:00+00:00,219.57,222.77,219.42,222.04,166360.171,2025-10-01T23:59:59.999000+00:00,36746517.90747,73328,114192.322,25226222.15618
2025-10-02T00:00:00+00:00,222.04,222.46,219.71,219.81,220259.368,2025-10-02T00:59:59.999000+00:00,48711201.50449,141720,91333.718,20214818.81022
2025-10-02T01:00:00+00:00,219.81,223.07,219.52,222.83,166172.269,2025-10-02T01:59:59.999000+00:00,36844731.802,83811,90925.492,20152248.05044
2025-10-02T02:00:00+00:00,222.83,224.09,221.41,223.28,185800.456,2025-10-02T02:59:59.999000+00:00,41389581.14483,119887,104906.751,23381422.68645
2025-10-02T03:00:00+00:00,223.28,225.06,222.86,223.8,194325.231,2025-10-02T03:59:59.999000+00:00,43520225.97973,102167,105314.246,23594074.04774
2025-10-02T04:00:00+00:00,223.81,225.01,222.7,223.82,153087.837,2025-10-02T04:59:59.999000+00:00,34287823.29446,79650,75409.525,16903786.66935
2025-10-02T05:00:00+00:00,223.83,226.74,223.83,224.13,190078.103,2025-10-02T05:59:59.999000+00:00,42770233.34066,102541,96480.719,21715192.14371
2025-10-02T06:00:00+00:00,224.13,225.78,223.55,224.94,172833.439,2025-10-02T06:59:59.999000+00:00,38817008.37575,95791,81807.247,18376397.54443
2025-10-02T07:00:00+00:00,224.93,225.28,222.43,222.9,142530.525,2025-10-02T07:59:59.999000+00:00,31894307.51567,75104,69023.828,15445416.75698
2025-10-02T08:00:00+00:00,222.91,224.75,222.69,224.72,108757.836,2025-10-02T08:59:59.999000+00:00,24325752.01138,57565,63543.762,14213209.68388
2025-10-02T09:00:00+00:00,224.73,225.72,224.0,225.13,114046.864,2025-10-02T09:59:59.999000+00:00,25653260.39816,60684,62640.36,14092077.46608
2025-10-02T10:00:00+00:00,225.13,225.72,224.81,225.11,79361.388,2025-10-02T10:59:59.999000+00:00,17870739.33472,54293,43966.049,9901860.38649
2025-10-02T11:00:00+00:00,225.11,226.7,224.76,225.27,167563.384,2025-10-02T11:59:59.999000+00:00,37818603.36523,71795,106814.907,24114126.29286
2025-10-02T12:00:00+00:00,225.28,227.44,225.0,227.26,211665.779,2025-10-02T12:59:59.999000+00:00,47924596.50841,98594,139364.816,31553561.46827
2025-10-02T13:00:00+00:00,227.27,227.44,224.64,226.52,284859.497,2025-10-02T13:59:59.999000+00:00,64403580.84044,163647,140383.342,31761388.67739
2025-10-02T14:00:00+00:00,226.52,226.72,223.11,223.61,202080.22,2025-10-02T14:59:59.999000+00:00,45467634.61139,146485,73433.115,16528783.92727
2025-10-02T15:00:00+00:00,223.61,227.33,222.61,227.18,272442.198,2025-10-02T15:59:59.999000+00:00,61310562.34238,166664,132590.857,29861676.87017
2025-10-02T16:00:00+00:00,227.19,229.29,226.24,228.0,317847.734,2025-10-02T16:59:59.999000+00:00,72438872.42902,183555,166556.823,37966362.12178
2025-10-02T17:00:00+00:00,227.99,230.34,227.41,229.82,239943.755,2025-10-02T17:59:59.999000+00:00,54999406.47024,125869,117570.263,26955857.65375
2025-10-02T18:00:00+00:00,229.83,233.19,229.76,232.34,378604.745,2025-10-02T18:59:59.999000+00:00,87659841.51311,146704,253027.064,58583579.3796
2025-10-02T19:00:00+00:00,232.34,233.79,231.57,232.3,219903.452,2025-10-02T19:59:59.999000+00:00,51148362.52561,142212,108853.369,25327602.45867
2025-10-02T20:00:00+00:00,232.29,232.63,230.81,232.63,145438.653,2025-10-02T20:59:59.999000+00:00,33713452.35284,84414,71373.276,16550813.88277
2025-10-02T21:00:00+00:00,232.62,234.0,232.44,232.57,124299.716,2025-10-02T21:59:59.999000+00:00,28973143.01775,76127,69560.523,16215360.92287
2025-10-02T22:00:00+00:00,232.57,233.88,232.12,233.13,134040.842,2025-10-02T22:59:59.999000+00:00,31223981.90772,88523,66095.402,15401267.47687
2025-10-02T23:00:00+00:00,233.12,234.99,232.95,234.74,164753.097,2025-10-02T23:59:59.999000+00:00,38577045.56549,82714,99922.318,23396807.87581
2025-10-03T00:00:00+00:00,234.74,234.79,231.79,231.87,128820.891,2025-10-03T00:59:59.999000+00:00,30008229.68954,80282,45554.093,10617760.4136
2025-10-03T01:00:00+00:00,231.88,232.73,230.56,230.95,146398.592,2025-10-03T01:59:59.999000+00:00,33886263.27078,87273,41416.755,9589426.0714
2025-10-03T02:00:00+00:00,230.95,233.4,230.79,233.29,99716.625,2025-10-03T02:59:59.999000+00:00,23132645.80917,75133,55159.657,12801689.06178
2025-10-03T03:00:00+00:00,233.29,234.84,232.03,232.26,122614.235,2025-10-03T03:59:59.999000+00:00,28647481.43296,92346,65711.962,15362506.21846
2025-10-03T04:00:00+00:00,232.26,233.23,231.36,232.08,87265.701,2025-10-03T04:59:59.999000+00:00,20258814.51005,64357,36829.938,8552534.55349
2025-10-03T05:00:00+00:00,232.08,232.19,230.31,231.21,92228.959,2025-10-03T05:59:59.999000+00:00,21310556.39613,67434,33154.4,7659537.00597
2025-10-03T06:00:00+00:00,231.21,231.56,227.68,229.35,154081.197,2025-10-03T06:59:59.999000+00:00,35387906.69476,86458,58940.027,13552736.95645
2025-10-03T07:00:00+00:00,229.35,229.72,228.55,229.41,178988.011,2025-10-03T07:59:59.999000+00:00,41007151.81938,88505,83463.264,19121624.94687
2025-10-03T08:00:00+00:00,229.42,231.25,227.76,231.07,202625.863,2025-10-03T08:59:59.999000+00:00,46507874.12144,106459,99768.945,22914169.65113
2025-10-03T09:00:00+00:00,231.06,231.79,230.37,230.92,201646.878,2025-10-03T09:59:59.999000+00:00,46609247.60307,74478,112778.954,26076475.16218
2025-10-03T10:00:00+00:00,230.92,231.68,230.38,231.29,73483.995,2025-10-03T10:59:59.999000+00:00,16979311.79361,45240,40848.449,9440432.23879
2025-10-03T11:00:00+00:00,231.29,231.36,229.57,230.78,106403.888,2025-10-03T11:59:59.999000+00:00,24532174.45102,67041,39873.091,9195672.59814
2025-10-03T12:00:00+00:00,230.79,231.25,229.7,230.03,113996.42,2025-10-03T12:59:59.999000+00:00,26253867.79313,74610,42716.874,9839459.48396
2025-10-03T13:00:00+00:00,230.02,231.0,228.43,229.72,255045.236,2025-10-03T13:59:59.999000+00:00,58544953.65391,151766,104517.305,24018643.2016
2025-10-03T14:00:00+00:00,229.71,231.0,227.13,230.49,267684.867,2025-10-03T14:59:59.999000+00:00,61254660.51199,176830,132257.095,30298914.36672
2025-10-03T15:00:00+00:00,230.49,234.98,229.51,234.79,271017.201,2025-10-03T15:59:59.999000+00:00,63023639.37118,178238,166734.612,38767427.15426
2025-10-03T16:00:00+00:00,234.79,237.0,233.73,233.91,505140.206,2025-10-03T16:59:59.999000+00:00,118970840.32292,267595,254436.746,59933674.95437
2025-10-03T17:00:00+00:00,233.91,234.05,228.33,230.13,592719.324,2025-10-03T17:59:59.999000+00:00,137223800.06362,361131,271845.251,62962152.36695
2025-10-03T18:00:00+00:00,230.14,233.65,229.1,233.64,165547.744,2025-10-03T18:59:59.999000+00:00,38389363.33149,148806,98347.701,22827434.84291
2025-10-03T19:00:00+00:00,233.63,235.5,232.8,233.17,144869.827,2025-10-03T19:59:59.999000+00:00,33908153.74204,108419,78478.502,18369170.94113
2025-10-03T20:00:00+00:00,233.18,233.43,230.72,233.0,126558.167,2025-10-03T20:59:59.999000+00:00,29397524.85617,94341,55801.385,12967083.98115
2025-10-03T21:00:00+00:00,233.01,233.41,231.92,232.63,46777.021,2025-10-03T21:59:59.999000+00:00,10885176.94332,43868,17246.498,4014044.05407
2025-10-03T22:00:00+00:00,232.63,233.99,232.63,233.19,70268.83,2025-10-03T22:59:59.999000+00:00,16390045.76768,50554,30652.14,7149805.65925
2025-10-03T23:00:00+00:00,233.2,233.49,232.42,232.84,62711.936,2025-10-03T23:59:59.999000+00:00,14609064.14265,41594,22912.916,5338087.31838
2025-10-04T00:00:00+00:00,232.84,234.05,231.53,231.97,111033.997,2025-10-04T00:59:59.999000+00:00,25848145.63601,73515,39655.628,9241685.85893
2025-10-04T01:00:00+00:00,231.97,232.09,229.57,230.31,121973.314,2025-10-04T01:59:59.999000+00:00,28151319.10512,67099,48334.673,11156126.39246
2025-10-04T02:00:00+00:00,230.32,231.06,228.35,229.84,114179.849,2025-10-04T02:59:59.999000+00:00,26202329.70858,91795,46147.839,10599866.68222
2025-10-04T03:00:00+00:00,229.83,230.04,227.93,229.25,110039.754,2025-10-04T03:59:59.999000+00:00,25172669.24434,75275,42839.188,9803487.66663
2025-10-04T04:00:00+00:00,229.24,229.92,229.0,229.57,45168.007,2025-10-04T04:59:59.999000+00:00,10362559.56885,47835,24588.787,5641296.33557
2025-10-04T05:00:00+00:00,229.58,230.3,229.17,229.99,51793.606,2025-10-04T05:59:59.999000+00:00,11903709.79634,48614,30760.127,7071192.12848
2025-10-04T06:00:00+00:00,229.99,230.53,229.61,229.83,44583.821,2025-10-04T06:59:59.999000+00:00,10258495.84394,41702,23507.381,5409823.74163
2025-10-04T07:00:00+00:00,229.84,229.9,228.73,229.11,43948.423,2025-10-04T07:59:59.999000+00:00,10076367.77689,34558,16869.55,3868981.04801
2025-10-04T08:00:00+00:00,229.1,229.46,228.21,228.88,69322.177,2025-10-04T08:59:59.999000+00:00,15860094.49815,54045,36168.843,8276865.99441
2025-10-04T09:00:00+00:00,228.87,229.47,228.29,228.48,48919.47,2025-10-04T09:59:59.999000+00:00,11199598.51861,39149,23129.404,5296181.63511
2025-10-04T10:00:00+00:00,228.47,229.92,228.32,229.18,67991.683,2025-10-04T10:59:59.999000+00:00,15578946.28935,48589,39542.48,9060980.69667
2025-10-04T11:00:00+00:00,229.18,229.59,228.67,229.19,48087.286,2025-10-04T11:59:59.999000+00:00,11021298.19466,46953,28904.153,6624978.8697
2025-10-04T12:00:00+00:00,229.19,229.45,227.96,228.14,53620.665,2025-10-04T12:59:59.999000+00:00,12259372.72886,42616,25445.04,5818679.14444
2025-10-04T13:00:00+00:00,228.13,229.84,227.93,228.8,62139.836,2025-10-04T13:59:59.999000+00:00,14236708.65798,57467,39256.395,8997257.16638
2025-10-04T14:00:00+00:00,228.8,229.47,226.66,226.82,94248.42,2025-10-04T14:59:59.999000+00:00,21493687.6185,59240,43331.479,9893810.30535
2025-10-04T15:00:00+00:00,226.81,227.5,224.31,224.88,267339.942,2025-10-04T15:59:59.999000+00:00,60295887.80453,142601,95762.857,21610056.54595
2025-10-04T16:00:00+00:00,224.87,225.69,224.07,225.65,164268.738,2025-10-04T16:59:59.999000+00:00,36934868.12965,90601,77772.845,17485341.50251
2025-10-04T17:00:00+00:00,225.65,227.02,225.44,226.55,109171.206,2025-10-04T17:59:59.999000+00:00,24699267.82709,56287,58986.471,13346504.87919
2025-10-04T18:00:00+00:00,226.55,226.98,225.81,226.06,45995.583,2025-10-04T18:59:59.999000+00:00,10418406.51346,37004,18257.174,4136914.56049
2025-10-04T19:00:00+00:00,226.06,226.91,225.98,226.91,27311.665,2025-10-04T19:59:59.999000+00:00,6184720.8268,24379,11681.483,2645387.81671
2025-10-04T20:00:00+00:00,226.91,227.98,226.91,227.31,41760.147,2025-10-04T20:59:59.999000+00:00,9500693.03635,31876,25289.279,5753773.49085
2025-10-04T21:00:00+00:00,227.3,228.29,227.26,227.28,37288.248,2025-10-04T21:59:59.999000+00:00,8496004.18175,26843,19905.907,4535845.07216
2025-10-04T22:00:00+00:00,227.28,227.99,226.94,227.73,33781.319,2025-10-04T22:59:59.999000+00:00,7685759.94646,30478,15540.352,3535883.20401
2025-10-04T23:00:00+00:00,227.74,228.24,227.09,227.86,27443.449,2025-10-04T23:59:59.999000+00:00,6248756.64208,24073,16330.232,3718707.52058
2025-10-05T00:00:00+00:00,227.86,228.27,226.45,226.82,65212.16,2025-10-05T00:59:59.999000+00:00,14835442.41321,44449,28399.376,6462351.60867
2025-10-05T01:00:00+00:00,226.83,227.93,226.6,227.75,66947.397,2025-10-05T01:59:59.999000+00:00,15219502.61823,46401,41512.996,9439559.29302
2025-10-05T02:00:00+00:00,227.75,231.4,227.32,231.12,261542.677,2025-10-05T02:59:59.999000+00:00,60099549.08799,150066,155003.911,35628717.70147
2025-10-05T03:00:00+00:00,231.12,232.29,230.18,230.91,172934.099,2025-10-05T03:59:59.999000+00:00,40028160.31033,134194,102637.521,23760279.91817
2025-10-05T04:00:00+00:00,230.91,234.94,230.9,233.78,227211.398,2025-10-05T04:59:59.999000+00:00,52990268.77964,161519,132907.78,31004702.04098
2025-10-05T05:00:00+00:00,233.79,234.93,233.36,234.52,203134.654,2025-10-05T05:59:59.999000+00:00,47584725.14567,109888,108117.702,25329150.65782
2025-10-05T06:00:00+00:00,234.52,235.89,234.47,235.16,190330.909,2025-10-05T06:59:59.999000+00:00,44769635.15467,81036,105289.588,24764757.23244
2025-10-05T07:00:00+00:00,235.16,236.93,234.97,236.59,183486.666,2025-10-05T07:59:59.999000+00:00,43324434.69669,85435,92235.478,21784285.91428
2025-10-05T08:00:00+00:00,236.58,237.22,235.13,235.18,120319.54,2025-10-05T08:59:59.999000+00:00,28404484.5147,82404,55616.877,13137788.75057
2025-10-05T09:00:00+00:00,235.18,235.8,232.05,233.43,207202.061,2025-10-05T09:59:59.999000+00:00,48484100.43938,155424,83794.053,19609087.33335
2025-10-05T10:00:00+00:00,233.44,233.59,230.76,232.03,181724.149,2025-10-05T10:59:59.999000+00:00,42136162.87511,134524,75423.571,17497671.0948
2025-10-05T11:00:00+00:00,232.03,232.84,230.8,232.66,127155.196,2025-10-05T11:59:59.999000+00:00,29488200.59623,77745,64962.998,15069671.04473
2025-10-05T12:00:00+00:00,232.66,232.67,230.74,231.31,85204.592,2025-10-05T12:59:59.999000+00:00,19725839.40672,74310,39862.145,9229631.63875
2025-10-05T13:00:00+00:00,231.32,232.04,230.4,231.64,101264.416,2025-10-05T13:59:59.999000+00:00,23442251.38491,61094,48899.298,11319870.89553
2025-10-05T14:00:00+00:00,231.64,232.03,228.42,230.14,170660.281,2025-10-05T14:59:59.999000+00:00,39256227.66082,89259,80747.128,18586178.39075
2025-10-05T15:00:00+00:00,230.13,230.9,229.75,230.14,87451.748,2025-10-05T15:59:59.999000+00:00,20129427.03479,53682,48533.875,11173402.53825
2025-10-05T16:00:00+00:00,230.13,231.23,228.8,231.09,95773.04,2025-10-05T16:59:59.999000+00:00,22032717.29486,75024,52841.343,12161158.09689
2025-10-05T17:00:00+00:00,231.08,231.47,229.31,229.67,62611.451,2025-10-05T17:59:59.999000+00:00,14428893.78611,58293,32837.654,7566820.67361
2025-10-05T18:00:00+00:00,229.68,229.92,227.45,228.98,124698.659,2025-10-05T18:59:59.999000+00:00,28486568.78396,80047,56118.31,12824005.73655
2025-10-05T19:00:00+00:00,228.98,229.03,226.72,227.07,114230.766,2025-10-05T19:59:59.999000+00:00,25981352.98657,78902,45327.444,10310586.99412
2025-10-05T20:00:00+00:00,227.07,229.0,226.7,227.98,68193.784,2025-10-05T20:59:59.999000+00:00,15544579.26806,60930,41769.46,9523059.29748
2025-10-05T21:00:00+00:00,227.99,228.78,227.45,228.71,54691.505,2025-10-05T21:59:59.999000+00:00,12476153.96375,43619,24437.837,5575361.38571
2025-10-05T22:00:00+00:00,228.71,229.26,227.06,228.32,65790.303,2025-10-05T22:59:59.999000+00:00,14995872.70207,55461,40033.547,9123814.18171
2025-10-05T23:00:00+00:00,228.31,229.13,228.13,228.56,61862.075,2025-10-05T23:59:59.999000+00:00,14139472.31697,41594,33997.959,7772837.40295
2025-10-06T00:00:00+00:00,228.56,230.33,227.55,228.7,134354.545,2025-10-06T00:59:59.999000+00:00,30727319.96426,124583,72942.785,16685783.2785
2025-10-06T01:00:00+00:00,228.69,231.71,227.76,231.42,147175.452,2025-10-06T01:59:59.999000+00:00,33916140.4581,107554,83072.7,19140507.09837
2025-10-06T02:00:00+00:00,231.42,232.99,229.83,232.37,188357.287,2025-10-06T02:59:59.999000+00:00,43561485.28017,106241,102271.947,23661572.76644
2025-10-06T03:00:00+00:00,232.37,233.3,231.71,232.24,94079.873,2025-10-06T03:59:59.999000+00:00,21864781.5268,72452,39381.864,9156157.39704
2025-10-06T04:00:00+00:00,232.23,232.31,230.59,230.67,75448.399,2025-10-06T04:59:59.999000+00:00,17458171.55865,60359,25865.522,5986388.56119
2025-10-06T05:00:00+00:00,230.67,232.48,230.17,232.32,79888.698,2025-10-06T05:59:59.999000+00:00,18469752.96741,55426,36716.697,8492787.16746
2025-10-06T06:00:00+00:00,232.32,234.86,232.32,233.95,146254.051,2025-10-06T06:59:59.999000+00:00,34193296.45916,88178,66456.025,15540938.47974
2025-10-06T07:00:00+00:00,233.95,234.26,230.63,231.36,144517.793,2025-10-06T07:59:59.999000+00:00,33604092.92123,86881,44549.644,10357424.03062
2025-10-06T08:00:00+00:00,231.37,233.92,231.37,233.71,109584.197,2025-10-06T08:59:59.999000+00:00,25544148.8685,72380,45664.939,10639899.43558
2025-10-06T09:00:00+00:00,233.7,234.15,232.8,233.5,84868.762,2025-10-06T09:59:59.999000+00:00,19805114.0542,59834,43923.249,10249404.67308
2025-10-06T10:00:00+00:00,233.49,233.76,232.33,232.67,66222.823,2025-10-06T10:59:59.999000+00:00,15422838.90316,60632,26331.26,6132608.79187
2025-10-06T11:00:00+00:00,232.66,233.84,231.8,233.02,99139.479,2025-10-06T11:59:59.999000+00:00,23084258.71816,65956,45409.719,10578367.48646
2025-10-06T12:00:00+00:00,233.02,234.47,232.93,234.1,111305.082,2025-10-06T12:59:59.999000+00:00,26028472.00361,67069,57220.852,13381964.79539
2025-10-06T13:00:00+00:00,234.09,235.13,232.63,234.78,192217.11,2025-10-06T13:59:59.999000+00:00,45000705.02364,165147,87427.353,20474156.95396
2025-10-06T14:00:00+00:00,234.78,235.74,232.8,233.33,190315.488,2025-10-06T14:59:59.999000+00:00,44636787.65202,156963,85918.799,20155971.44793
2025-10-06T15:00:00+00:00,233.33,236.67,233.3,235.64,203659.009,2025-10-06T15:59:59.999000+00:00,47985830.46012,134992,118583.335,27941655.3381
2025-10-06T16:00:00+00:00,235.64,236.25,234.05,235.7,99849.734,2025-10-06T16:59:59.999000+00:00,23477955.36541,96368,45029.91,10588937.82586
2025-10-06T17:00:00+00:00,235.7,237.79,235.44,236.42,207918.157,2025-10-06T17:59:59.999000+00:00,49164253.2408,126412,103116.354,24393049.46204
2025-10-06T18:00:00+00:00,236.43,237.16,234.82,236.8,115980.648,2025-10-06T18:59:59.999000+00:00,27380237.15308,94910,58744.636,13871580.96539
2025-10-06T19:00:00+00:00,236.81,237.0,234.7,235.35,110764.369,2025-10-06T19:59:59.999000+00:00,26093104.93378,101031,51573.741,12149858.78424
2025-10-06T20:00:00+00:00,235.34,236.15,233.24,233.6,117077.7,2025-10-06T20:59:59.999000+00:00,27437699.89935,81339,47140.963,11052765.60815
2025-10-06T21:00:00+00:00,233.6,234.44,232.76,234.23,86605.22,2025-10-06T21:59:59.999000+00:00,20229462.76018,67596,47547.539,11107668.45707
2025-10-06T22:00:00+00:00,234.22,234.99,233.92,234.62,55536.582,2025-10-06T22:59:59.999000+00:00,13022590.54102,53146,22585.819,5296467.47394
2025-10-06T23:00:00+00:00,234.62,234.77,231.64,232.35,120807.917,2025-10-06T23:59:59.999000+00:00,28129429.59455,80663,58010.529,13506878.48348
2025-10-07T00:00:00+00:00,232.35,233.0,231.16,232.52,119712.044,2025-10-07T00:59:59.999000+00:00,27774669.01413,91244,66816.961,15503883.15768
2025-10-07T01:00:00+00:00,232.51,233.12,231.0,232.72,94417.005,2025-10-07T01:59:59.999000+00:00,21908434.85191,77054,45024.993,10449344.6624
2025-10-07T02:00:00+00:00,232.73,233.85,232.05,233.47,95343.087,2025-10-07T02:59:59.999000+00:00,22201705.58658,68432,49208.363,11457270.96442
2025-10-07T03:00:00+00:00,233.46,233.98,232.84,233.95,75839.64,2025-10-07T03:59:59.999000+00:00,17703528.38098,52474,26437.025,6171581.72783
2025-10-07T04:00:00+00:00,233.95,235.21,233.0,234.85,106241.775,2025-10-07T04:59:59.999000+00:00,24900411.02209,70794,54903.419,12868992.33519
2025-10-07T05:00:00+00:00,234.86,235.02,233.15,233.52,118303.352,2025-10-07T05:59:59.999000+00:00,27720268.30424,75261,49444.388,11585790.09138
2025-10-07T06:00:00+00:00,233.51,233.68,229.41,230.44,239953.483,2025-10-07T06:59:59.999000+00:00,55479563.02061,124735,85073.284,19669010.61331
2025-10-07T07:00:00+00:00,230.43,231.14,229.53,231.01,158204.417,2025-10-07T07:59:59.999000+00:00,36471821.61293,81531,59694.61,13765465.31391
2025-10-07T08:00:00+00:00,231.01,231.01,228.22,230.01,207401.799,2025-10-07T08:59:59.999000+00:00,47565721.13323,116458,87992.343,20190728.93459
2025-10-07T09:00:00+00:00,230.01,230.59,229.7,230.35,124611.413,2025-10-07T09:59:59.999000+00:00,28687511.9626,73885,59512.593,13701231.619
2025-10-07T10:00:00+00:00,230.36,231.64,229.77,230.86,109047.573,2025-10-07T10:59:59.999000+00:00,25169903.14011,67536,48379.469,11169561.67451
2025-10-07T11:00:00+00:00,230.86,231.16,230.06,230.44,121930.735,2025-10-07T11:59:59.999000+00:00,28107034.06424,64610,54789.67,12630613.39107
2025-10-07T12:00:00+00:00,230.44,231.49,229.2,231.48,191943.331,2025-10-07T12:59:59.999000+00:00,44147756.68877,100633,68344.353,15728865.24574
2025-10-07T13:00:00+00:00,231.48,231.59,226.33,227.93,340418.306,2025-10-07T13:59:59.999000+00:00,77853035.38499,230424,134087.341,30679093.45802
2025-10-07T14:00:00+00:00,227.93,228.15,224.51,225.29,439067.777,2025-10-07T14:59:59.999000+00:00,99149717.16026,234570,163252.004,36866172.00867
2025-10-07T15:00:00+00:00,225.3,225.88,220.8,223.79,647960.31,2025-10-07T15:59:59.999000+00:00,144476565.35832,306398,298039.365,66421055.66216
2025-10-07T16:00:00+00:00,223.79,225.31,221.85,224.4,324691.592,2025-10-07T16:59:59.999000+00:00,72592151.7031,158355,157124.763,35148949.21547
2025-10-07T17:00:00+00:00,224.4,224.81,222.63,222.7,184998.659,2025-10-07T17:59:59.999000+00:00,41392715.27755,109375,76153.383,17040942.13285
2025-10-07T18:00:00+00:00,222.71,223.29,221.38,221.43,101587.545,2025-10-07T18:59:59.999000+00:00,22588170.03555,85701,39471.586,8780806.98252
2025-10-07T19:00:00+00:00,221.43,222.89,220.71,221.69,162102.24,2025-10-07T19:59:59.999000+00:00,35953963.94263,96667,74295.938,16485669.25942
2025-10-07T20:00:00+00:00,221.7,224.16,221.53,223.49,117652.352,2025-10-07T20:59:59.999000+00:00,26266451.42802,68490,64878.673,14481661.76919
2025-10-07T21:00:00+00:00,223.49,224.28,222.41,223.14,109568.169,2025-10-07T21:59:59.999000+00:00,24478723.89262,53716,50619.047,11311545.32409
2025-10-07T22:00:00+00:00,223.15,223.66,222.01,222.49,52880.606,2025-10-07T22:59:59.999000+00:00,11786639.61272,57186,27525.482,6136724.15807
2025-10-07T23:00:00+00:00,222.5,222.56,219.7,219.97,157168.547,2025-10-07T23:59:59.999000+00:00,34696943.828,88167,42902.536,9475758.07026
2025-10-08T00:00:00+00:00,219.98,221.79,217.91,220.99,249657.41,2025-10-08T00:59:59.999000+00:00,54922092.72856,120028,104994.317,23122713.77877
2025-10-08T01:00:00+00:00,220.99,222.32,220.48,222.04,65589.823,2025-10-08T01:59:59.999000+00:00,14531142.30037,68984,35300.844,7821794.63002
2025-10-08T02:00:00+00:00,222.04,222.78,221.13,221.58,113880.683,2025-10-08T02:59:59.999000+00:00,25269167.86956,57828,59204.927,13139541.67947
2025-10-08T03:00:00+00:00,221.58,221.58,217.93,218.31,202406.528,2025-10-08T03:59:59.999000+00:00,44396677.24768,103080,57733.927,12650383.95425
2025-10-08T04:00:00+00:00,218.3,220.54,217.3,220.4,137370.095,2025-10-08T04:59:59.999000+00:00,30111312.05811,98942,66864.144,14658233.37811
2025-10-08T05:00:00+00:00,220.41,220.43,218.38,219.5,110725.86,2025-10-08T05:59:59.999000+00:00,24276388.21803,72150,29923.359,6559816.42462
2025-10-08T06:00:00+00:00,219.51,220.47,218.62,220.26,78065.278,2025-10-08T06:59:59.999000+00:00,17135701.76768,61748,42511.011,9332145.71519
2025-10-08T07:00:00+00:00,220.26,220.98,219.44,220.95,69783.373,2025-10-08T07:59:59.999000+00:00,15363880.02697,61795,37300.272,8218837.42563
2025-10-08T08:00:00+00:00,220.95,222.64,220.82,221.61,111435.639,2025-10-08T08:59:59.999000+00:00,24716719.6391,99338,62241.079,13807976.03365
2025-10-08T09:00:00+00:00,221.62,222.08,220.74,221.43,90102.91,2025-10-08T09:59:59.999000+00:00,19940979.97465,70303,42173.073,9336075.38459
2025-10-08T10:00:00+00:00,221.43,222.21,221.02,222.12,77908.584,2025-10-08T10:59:59.999000+00:00,17270070.43619,77756,41475.808,9194547.38555
2025-10-08T11:00:00+00:00,222.13,222.56,220.65,221.2,85515.046,2025-10-08T11:59:59.999000+00:00,18956823.208,57339,42809.019,9490991.9641
2025-10-08T12:00:00+00:00,221.2,222.55,221.08,222.29,84400.732,2025-10-08T12:59:59.999000+00:00,18719779.44431,65007,53393.162,11843879.02125
2025-10-08T13:00:00+00:00,222.3,222.71,218.78,221.45,181147.262,2025-10-08T13:59:59.999000+00:00,39951978.45331,127975,100213.173,22115630.70943
2025-10-08T14:00:00+00:00,221.44,224.18,219.52,220.08,239546.99,2025-10-08T14:59:59.999000+00:00,53238039.97435,183217,127118.245,28268957.42129
2025-10-08T15:00:00+00:00,220.09,222.84,219.93,221.19,106354.468,2025-10-08T15:59:59.999000+00:00,23548055.35752,105648,58233.522,12894240.30489
2025-10-08T16:00:00+00:00,221.2,223.7,220.71,223.57,100104.403,2025-10-08T16:59:59.999000+00:00,22242737.16665,82987,53594.265,11910674.55517
2025-10-08T17:00:00+00:00,223.56,227.71,223.36,226.92,298267.896,2025-10-08T17:59:59.999000+00:00,67341399.46415,163254,178071.569,40161979.31367
2025-10-08T18:00:00+00:00,226.93,229.67,226.43,228.67,211770.054,2025-10-08T18:59:59.999000+00:00,48296015.10732,140058,116110.022,26485842.6917
2025-10-08T19:00:00+00:00,228.66,229.6,227.52,229.34,142677.161,2025-10-08T19:59:59.999000+00:00,32591755.95978,104420,71490.28,16335109.61316
2025-10-08T20:00:00+00:00,229.34,229.69,227.46,227.7,111220.075,2025-10-08T20:59:59.999000+00:00,25441841.73182,85792,40391.09,9246173.35613
2025-10-08T21:00:00+00:00,227.7,229.14,227.42,228.49,78712.815,2025-10-08T21:59:59.999000+00:00,17963243.77244,52094,31370.739,7158913.53547
2025-10-08T22:00:00+00:00,228.48,229.72,228.48,228.61,74997.23,2025-10-08T22:59:59.999000+00:00,17184883.31773,55483,36960.503,8469137.53561
2025-10-08T23:00:00+00:00,228.61,229.37,227.73,229.02,82120.33,2025-10-08T23:59:59.999000+00:00,18758759.41696,39494,31681.161,7243793.39185
2025-10-09T00:00:00+00:00,229.03,229.69,228.01,228.34,77137.375,2025-10-09T00:59:59.999000+00:00,17644882.27351,59657,38088.017,8711734.48011
2025-10-09T01:00:00+00:00,228.33,228.65,226.01,228.45,162920.021,2025-10-09T01:59:59.999000+00:00,37012173.31065,93749,70667.333,16062207.13599
2025-10-09T02:00:00+00:00,228.46,228.74,223.84,224.44,228648.838,2025-10-09T02:59:59.999000+00:00,51659704.70314,128656,85199.998,19264032.75468
2025-10-09T03:00:00+00:00,224.44,226.45,224.39,226.19,101196.275,2025-10-09T03:59:59.999000+00:00,22852941.11539,66432,47890.754,10814247.528
2025-10-09T04:00:00+00:00,226.19,227.57,225.46,227.47,106602.837,2025-10-09T04:59:59.999000+00:00,24160255.43251,56932,68067.927,15428742.56426
2025-10-09T05:00:00+00:00,227.48,228.87,226.74,227.8,108249.115,2025-10-09T05:59:59.999000+00:00,24657048.60916,56843,65226.943,14862258.29133
2025-10-09T06:00:00+00:00,227.8,228.43,226.32,226.55,97295.703,2025-10-09T06:59:59.999000+00:00,22136241.81939,53347,40725.097,9265440.46269
2025-10-09T07:00:00+00:00,226.54,226.89,224.14,224.5,135323.15,2025-10-09T07:59:59.999000+00:00,30465962.75076,68830,55132.654,12405867.90964
2025-10-09T08:00:00+00:00,224.49,224.81,219.32,220.0,292719.43,2025-10-09T08:59:59.999000+00:00,64874693.1211,141366,97459.049,21612689.84049
2025-10-09T09:00:00+00:00,220.0,222.13,219.9,221.96,113801.503,2025-10-09T09:59:59.999000+00:00,25181221.58493,95601,63711.783,14098595.1258
2025-10-09T10:00:00+00:00,221.97,222.96,220.96,222.28,85949.584,2025-10-09T10:59:59.999000+00:00,19091769.11582,79268,44364.792,9857185.5356
2025-10-09T11:00:00+00:00,222.28,223.96,222.28,223.14,94786.824,2025-10-09T11:59:59.999000+00:00,21160865.5246,76062,61513.867,13731819.97768
2025-10-09T12:00:00+00:00,223.14,226.32,222.86,225.95,112605.43,2025-10-09T12:59:59.999000+00:00,25303266.49343,96814,65201.308,14654247.025
2025-10-09T13:00:00+00:00,225.95,226.23,221.87,222.28,169638.161,2025-10-09T13:59:59.999000+00:00,38056763.24615,166362,60919.524,13673601.35019
2025-10-09T14:00:00+00:00,222.29,223.3,219.4,220.86,278538.228,2025-10-09T14:59:59.999000+00:00,61581836.40807,251112,130456.149,28858851.51462
2025-10-09T15:00:00+00:00,220.86,222.18,218.62,219.11,220275.652,2025-10-09T15:59:59.999000+00:00,48544676.33913,167712,106058.448,23391908.76351
2025-10-09T16:00:00+00:00,219.11,220.14,216.53,217.22,265933.965,2025-10-09T16:59:59.999000+00:00,58088216.27921,183581,126019.988,27546791.03268
2025-10-09T17:00:00+00:00,217.22,219.57,216.71,219.32,156235.65,2025-10-09T17:59:59.999000+00:00,34089901.1851,134035,84897.725,18528856.98511
2025-10-09T18:00:00+00:00,219.32,219.5,217.21,217.55,114906.263,2025-10-09T18:59:59.999000+00:00,25089961.84943,94238,47260.345,10322501.18547
2025-10-09T19:00:00+00:00,217.56,218.94,217.43,218.29,94398.021,2025-10-09T19:59:59.999000+00:00,20598328.98973,79031,46498.922,10148009.315
2025-10-09T20:00:00+00:00,218.29,219.23,217.56,218.94,75209.446,2025-10-09T20:59:59.999000+00:00,16419177.72758,69845,40510.514,8844459.94607
2025-10-09T21:00:00+00:00,218.94,220.45,218.55,220.27,77419.356,2025-10-09T21:59:59.999000+00:00,17002217.79362,50875,54778.084,12031820.01109
2025-10-09T22:00:00+00:00,220.27,221.64,219.88,221.25,55765.308,2025-10-09T22:59:59.999000+00:00,12319534.76503,47064,31801.591,7026097.66351
2025-10-09T23:00:00+00:00,221.25,221.31,219.85,220.93,47397.296,2025-10-09T23:59:59.999000+00:00,10451411.547,41639,22912.171,5052107.80291
2025-10-10T00:00:00+00:00,220.93,222.0,220.76,221.23,65680.897,2025-10-10T00:59:59.999000+00:00,14539241.27415,48955,34344.057,7602022.18091
2025-10-10T01:00:00+00:00,221.22,222.09,220.52,220.97,72549.238,2025-10-10T01:59:59.999000+00:00,16058698.00772,53172,22917.472,5074823.15096
2025-10-10T02:00:00+00:00,220.98,221.85,219.87,220.33,93624.855,2025-10-10T02:59:59.999000+00:00,20658282.42646,58266,31422.527,6937422.49328
2025-10-10T03:00:00+00:00,220.34,222.87,219.5,221.65,114774.028,2025-10-10T03:59:59.999000+00:00,25425254.87847,94575,58249.167,12913700.56409
2025-10-10T04:00:00+00:00,221.64,222.9,220.88,221.22,106331.176,2025-10-10T04:59:59.999000+00:00,23588441.1306,79130,34951.775,7759496.86674
2025-10-10T05:00:00+00:00,221.23,221.8,220.04,221.68,84451.904,2025-10-10T05:59:59.999000+00:00,18653033.1898,66790,33708.791,7446970.84359
2025-10-10T06:00:00+00:00,221.68,222.43,219.32,219.39,94107.233,2025-10-10T06:59:59.999000+00:00,20792842.42835,76696,34355.251,7590707.32614
2025-10-10T07:00:00+00:00,219.39,219.56,217.92,218.12,129293.638,2025-10-10T07:59:59.999000+00:00,28274585.36212,92463,59064.227,12919891.50505
2025-10-10T08:00:00+00:00,218.13,220.1,217.4,220.06,143885.799,2025-10-10T08:59:59.999000+00:00,31458187.40903,81089,75333.477,16480602.72359
2025-10-10T09:00:00+00:00,220.07,220.78,218.94,218.95,93962.157,2025-10-10T09:59:59.999000+00:00,20659264.33679,64132,56450.039,12412905.91834
2025-10-10T10:00:00+00:00,218.95,220.63,218.75,220.4,75482.692,2025-10-10T10:59:59.999000+00:00,16583949.75108,58220,47284.519,10384644.53669
2025-10-10T11:00:00+00:00,220.41,221.56,220.28,221.14,94499.033,2025-10-10T11:59:59.999000+00:00,20873464.98068,69284,40557.967,8958291.41047
2025-10-10T12:00:00+00:00,221.15,221.8,220.79,221.76,81886.653,2025-10-10T12:59:59.999000+00:00,18127804.58079,58630,33323.065,7377013.38441
2025-10-10T13:00:00+00:00,221.76,224.46,221.52,223.41,241283.03,2025-10-10T13:59:59.999000+00:00,53798079.825,178843,125069.627,27880518.442
2025-10-10T14:00:00+00:00,223.42,224.42,219.69,219.79,270623.337,2025-10-10T14:59:59.999000+00:00,60180109.04028,192967,108965.2,24228909.91858
2025-10-10T15:00:00+00:00,219.79,220.15,209.01,210.7,1127828.389,2025-10-10T15:59:59.999000+00:00,240884325.62425,661147,468148.105,99872442.47733
2025-10-10T16:00:00+00:00,210.69,213.06,210.04,211.26,415253.57,2025-10-10T16:59:59.999000+00:00,87837335.19274,239309,212911.781,45039887.08074
2025-10-10T17:00:00+00:00,211.25,211.53,208.82,209.68,201139.383,2025-10-10T17:59:59.999000+00:00,42283101.15036,183760,74994.427,15774419.89804
2025-10-10T18:00:00+00:00,209.68,210.07,207.47,207.47,192600.082,2025-10-10T18:59:59.999000+00:00,40194369.88807,166234,83245.401,17386320.446
2025-10-10T19:00:00+00:00,207.47,208.19,203.43,205.32,348619.921,2025-10-10T19:59:59.999000+00:00,71680383.2726,283183,166688.046,34260652.411
2025-10-10T20:00:00+00:00,205.31,207.8,193.0,196.84,797774.668,2025-10-10T20:59:59.999000+00:00,161347334.278,331099,338627.232,68721195.92764
2025-10-10T21:00:00+00:00,196.84,199.15,168.79,193.41,2351646.562,2025-10-10T21:59:59.999000+00:00,439716919.92165,1314847,1006641.452,188705682.44865
2025-10-10T22:00:00+00:00,193.41,194.0,182.26,189.93,1486457.856,2025-10-10T22:59:59.999000+00:00,280772784.2583,655167,771512.354,145683189.82824
2025-10-10T23:00:00+00:00,189.93,197.11,187.33,188.43,939079.328,2025-10-10T23:59:59.999000+00:00,179376355.49715,744285,471975.978,90168748.87905
2025-10-11T00:00:00+00:00,188.43,190.56,184.87,188.05,580209.572,2025-10-11T00:59:59.999000+00:00,108993811.48827,542701,289683.269,54438462.93674
2025-10-11T01:00:00+00:00,188.05,188.28,182.16,183.1,454866.056,2025-10-11T01:59:59.999000+00:00,84018120.54827,522458,205618.742,37993170.23848
2025-10-11T02:00:00+00:00,183.1,191.05,182.98,188.6,513115.71,2025-10-11T02:59:59.999000+00:00,96236973.28666,464003,271687.494,50905416.76034
2025-10-11T03:00:00+00:00,188.59,189.1,182.67,184.85,419158.682,2025-10-11T03:59:59.999000+00:00,77463147.87749,398667,176393.741,32574348.49642
2025-10-11T04:00:00+00:00,184.86,186.88,183.89,186.13,293302.137,2025-10-11T04:59:59.999000+00:00,54385961.19394,270938,133385.418,24736278.86233
2025-10-11T05:00:00+00:00,186.13,186.39,180.0,182.48,413120.952,2025-10-11T05:59:59.999000+00:00,75522824.90008,299774,201471.057,36849686.29148
2025-10-11T06:00:00+00:00,182.48,186.0,182.26,183.26,269568.048,2025-10-11T06:59:59.999000+00:00,49673006.29258,233405,137547.774,25349549.88066
2025-10-11T07:00:00+00:00,183.27,183.97,181.83,182.75,291658.691,2025-10-11T07:59:59.999000+00:00,53335198.02999,231439,149210.342,27284021.88412
2025-10-11T08:00:00+00:00,182.75,187.36,182.07,186.56,300971.053,2025-10-11T08:59:59.999000+00:00,55607555.9588,217264,147442.7,27247307.6251
2025-10-11T09:00:00+00:00,186.56,189.5,184.01,184.52,434358.116,2025-10-11T09:59:59.999000+00:00,81012454.61924,256160,237286.775,44352028.15846
2025-10-11T10:00:00+00:00,184.52,186.07,183.05,183.97,237652.213,2025-10-11T10:59:59.999000+00:00,43830647.58855,173104,113447.507,20924672.17124
2025-10-11T11:00:00+00:00,183.97,184.32,181.76,183.85,228432.01,2025-10-11T11:59:59.999000+00:00,41842675.01195,165053,110606.133,20267393.91867
2025-10-11T12:00:00+00:00,183.85,184.69,181.72,183.12,227102.182,2025-10-11T12:59:59.999000+00:00,41589687.23342,180034,106696.888,19548170.35023
2025-10-11T13:00:00+00:00,183.13,184.57,180.77,184.26,286822.347,2025-10-11T13:59:59.999000+00:00,52370001.35687,243017,122308.2,22341344.82119
2025-10-11T14:00:00+00:00,184.27,184.75,181.71,182.67,207407.242,2025-10-11T14:59:59.999000+00:00,37970791.51972,168647,88068.779,16121364.83734
2025-10-11T15:00:00+00:00,182.67,185.05,182.54,183.71,253847.575,2025-10-11T15:59:59.999000+00:00,46671517.66873,196636,132584.421,24373758.0444
2025-10-11T16:00:00+00:00,183.71,184.61,181.78,182.66,204228.917,2025-10-11T16:59:59.999000+00:00,37396636.99296,162286,99011.933,18137050.98511
2025-10-11T17:00:00+00:00,182.65,184.64,182.45,183.04,157567.734,2025-10-11T17:59:59.999000+00:00,28903839.38026,115505,69245.973,12699767.3758
2025-10-11T18:00:00+00:00,183.05,183.09,182.25,182.52,132135.699,2025-10-11T18:59:59.999000+00:00,24130488.83733,96544,62610.862,11435545.39434
2025-10-11T19:00:00+00:00,182.53,182.59,176.6,177.57,456835.682,2025-10-11T19:59:59.999000+00:00,81847966.31533,298050,154134.565,27600560.02468
2025-10-11T20:00:00+00:00,177.57,178.15,174.01,175.55,332690.067,2025-10-11T20:59:59.999000+00:00,58591583.95893,262647,150742.633,26562253.07816
2025-10-11T21:00:00+00:00,175.56,177.5,172.58,176.93,320770.171,2025-10-11T21:59:59.999000+00:00,56202309.14717,238827,167302.57,29323173.35659
2025-10-11T22:00:00+00:00,176.93,178.11,175.91,177.39,131278.686,2025-10-11T22:59:59.999000+00:00,23245302.21538,132475,74830.67,13256854.53967
2025-10-11T23:00:00+00:00,177.39,178.78,176.81,177.62,145287.706,2025-10-11T23:59:59.999000+00:00,25832080.41485,132091,66079.461,11749818.84426
2025-10-12T00:00:00+00:00,177.63,177.77,173.0,173.3,202883.327,2025-10-12T00:59:59.999000+00:00,35638759.95279,164116,101762.556,17890151.61557
2025-10-12T01:00:00+00:00,173.3,175.49,173.2,174.09,183901.455,2025-10-12T01:59:59.999000+00:00,32035753.7639,182840,91003.804,15853498.11691
2025-10-12T02:00:00+00:00,174.09,176.6,173.5,174.76,187687.957,2025-10-12T02:59:59.999000+00:00,32803574.7221,154274,115041.93,20107484.05596
2025-10-12T03:00:00+00:00,174.75,178.5,174.34,177.06,204131.835,2025-10-12T03:59:59.999000+00:00,36143383.52518,183709,122829.617,21749830.42329
2025-10-12T04:00:00+00:00,177.06,180.91,176.61,180.11,264189.0,2025-10-12T04:59:59.999000+00:00,47438295.23536,158684,130522.14,23421229.76399
2025-10-12T05:00:00+00:00,180.11,182.06,179.44,181.48,158242.258,2025-10-12T05:59:59.999000+00:00,28624497.79801,110853,91337.114,16528234.20844
2025-10-12T06:00:00+00:00,181.47,182.7,180.86,182.63,272360.147,2025-10-12T06:59:59.999000+00:00,49542029.23944,112398,165014.467,30013641.29332
2025-10-12T07:00:00+00:00,182.64,182.97,181.51,182.55,212563.635,2025-10-12T07:59:59.999000+00:00,38738679.98923,127088,100267.981,18278710.06669
2025-10-12T08:00:00+00:00,182.54,182.8,181.4,181.82,183657.167,2025-10-12T08:59:59.999000+00:00,33458327.34544,95068,73561.031,13403117.47378
2025-10-12T09:00:00+00:00,181.83,182.32,180.33,182.04,154687.806,2025-10-12T09:59:59.999000+00:00,28025446.2362,97694,70669.624,12804098.1707
2025-10-12T10:00:00+00:00,182.04,182.75,180.65,180.75,127944.717,2025-10-12T10:59:59.999000+00:00,23215689.05016,92856,60201.782,10929874.54913
2025-10-12T11:00:00+00:00,180.75,181.91,180.5,180.96,104918.577,2025-10-12T11:59:59.999000+00:00,18998351.95761,95355,52722.655,9546161.7814
2025-10-12T12:00:00+00:00,180.96,183.19,180.8,181.7,194321.577,2025-10-12T12:59:59.999000+00:00,35383087.87923,128235,110001.483,20036499.97066
2025-10-12T13:00:00+00:00,181.7,181.79,178.2,179.18,226206.855,2025-10-12T13:59:59.999000+00:00,40686657.19033,157349,99112.541,17812504.21342
2025-10-12T14:00:00+00:00,179.17,188.96,179.09,186.29,659281.012,2025-10-12T14:59:59.999000+00:00,121865432.72679,373480,387614.861,71707537.9458
2025-10-12T15:00:00+00:00,186.29,191.8,185.57,191.23,868582.841,2025-10-12T15:59:59.999000+00:00,164556869.42087,447609,459169.449,86982215.14388
2025-10-12T16:00:00+00:00,191.23,195.52,191.22,193.81,605667.108,2025-10-12T16:59:59.999000+00:00,117145925.20937,406285,337185.714,65219690.62958
2025-10-12T17:00:00+00:00,193.81,196.22,193.33,194.6,332841.085,2025-10-12T17:59:59.999000+00:00,64886605.44008,224328,155179.546,30254408.16031
2025-10-12T18:00:00+00:00,194.61,195.64,191.68,193.84,258258.533,2025-10-12T18:59:59.999000+00:00,49975469.67821,131319,119320.869,23104719.78218
2025-10-12T19:00:00+00:00,193.84,196.6,193.51,195.85,233161.532,2025-10-12T19:59:59.999000+00:00,45601821.08087,124422,149316.959,29205791.58735
2025-10-12T20:00:00+00:00,195.86,199.0,195.36,196.8,221782.098,2025-10-12T20:59:59.999000+00:00,43668909.32972,176150,128370.008,25286100.92393
2025-10-12T21:00:00+00:00,196.8,197.93,193.12,195.64,266918.488,2025-10-12T21:59:59.999000+00:00,52215166.4406,186911,130119.208,25475629.35795
2025-10-12T22:00:00+00:00,195.64,198.07,195.55,197.43,213964.5,2025-10-12T22:59:59.999000+00:00,42140704.57979,206479,103652.439,20418095.03327
2025-10-12T23:00:00+00:00,197.43,197.48,195.3,197.0,148846.211,2025-10-12T23:59:59.999000+00:00,29244042.51081,110525,71916.351,14135936.07509
2025-10-13T00:00:00+00:00,196.99,199.25,195.7,197.22,268547.742,2025-10-13T00:59:59.999000+00:00,52904653.04515,220830,138410.841,27281507.51177
2025-10-13T01:00:00+00:00,197.21,199.47,196.0,199.42,194490.702,2025-10-13T01:59:59.999000+00:00,38456377.80213,155297,104338.267,20643356.52718
2025-10-13T02:00:00+00:00,199.42,199.99,195.2,196.46,219377.059,2025-10-13T02:59:59.999000+00:00,43193457.3555,146795,88418.902,17417603.72656
2025-10-13T03:00:00+00:00,196.46,197.19,194.34,194.81,177024.925,2025-10-13T03:59:59.999000+00:00,34603123.56488,121695,80066.38,15658291.14765
2025-10-13T04:00:00+00:00,194.82,196.43,194.18,196.2,105100.278,2025-10-13T04:59:59.999000+00:00,20515396.30775,89820,49600.464,9686081.89612
2025-10-13T05:00:00+00:00,196.19,196.28,193.65,194.06,133661.961,2025-10-13T05:59:59.999000+00:00,25988723.74849,95689,73041.76,14198189.43265
2025-10-13T06:00:00+00:00,194.05,197.38,192.91,197.1,177836.611,2025-10-13T06:59:59.999000+00:00,34797669.44231,114826,101551.245,19888565.1139
2025-10-13T07:00:00+00:00,197.09,199.5,195.96,196.81,281056.245,2025-10-13T07:59:59.999000+00:00,55568504.50717,150055,152328.165,30125462.46283
2025-10-13T08:00:00+00:00,196.8,198.68,196.13,198.25,156901.335,2025-10-13T08:59:59.999000+00:00,30988582.15447,99064,74127.327,14635032.98861
2025-10-13T09:00:00+00:00,198.25,198.25,196.68,196.98,154275.888,2025-10-13T09:59:59.999000+00:00,30433934.96062,94435,91867.097,18117885.55584
2025-10-13T10:00:00+00:00,196.98,197.04,194.91,195.42,166127.035,2025-10-13T10:59:59.999000+00:00,32543310.01375,104150,78858.773,15454567.41733
2025-10-13T11:00:00+00:00,195.42,195.54,190.02,192.56,423781.503,2025-10-13T11:59:59.999000+00:00,81706093.15731,236611,206482.995,39825793.49909
2025-10-13T12:00:00+00:00,192.56,194.47,191.36,191.84,220556.992,2025-10-13T12:59:59.999000+00:00,42495600.46841,129429,114012.1,21981768.50058
2025-10-13T13:00:00+00:00,191.83,196.96,191.31,196.15,489938.541,2025-10-13T13:59:59.999000+00:00,95193093.35368,346944,249661.571,48507262.46504
2025-10-13T14:00:00+00:00,196.15,196.77,192.5,193.37,286436.395,2025-10-13T14:59:59.999000+00:00,55680773.09903,188259,119554.762,23243068.86507
2025-10-13T15:00:00+00:00,193.38,197.66,193.24,196.42,271906.522,2025-10-13T15:59:59.999000+00:00,53298664.72211,142315,141697.908,27761389.74518
2025-10-13T16:00:00+00:00,196.42,200.4,196.23,200.04,546948.352,2025-10-13T16:59:59.999000+00:00,108623704.41691,252853,300749.386,59734680.43474
2025-10-13T17:00:00+00:00,200.04,205.84,199.99,205.01,570738.521,2025-10-13T17:59:59.999000+00:00,115219652.98025,279696,332102.694,67068980.39049
2025-10-13T18:00:00+00:00,205.0,206.68,203.93,205.95,512782.44,2025-10-13T18:59:59.999000+00:00,105355493.74629,227758,306467.141,62965773.18326
2025-10-13T19:00:00+00:00,205.94,208.75,205.58,207.1,284171.218,2025-10-13T19:59:59.999000+00:00,58840549.25017,144554,146910.989,30418956.23194
2025-10-13T20:00:00+00:00,207.1,208.76,206.81,208.55,153978.562,2025-10-13T20:59:59.999000+00:00,31961731.20426,79297,77530.098,16094464.58059
2025-10-13T21:00:00+00:00,208.55,208.95,207.69,207.97,149529.853,2025-10-13T21:59:59.999000+00:00,31125623.05543,56592,72482.472,15085679.80916
2025-10-13T22:00:00+00:00,207.96,209.28,207.65,208.4,172406.754,2025-10-13T22:59:59.999000+00:00,35922490.90905,63348,71513.456,14901248.75071
2025-10-13T23:00:00+00:00,208.41,209.21,207.27,208.69,135586.077,2025-10-13T23:59:59.999000+00:00,28233727.23386,52554,60782.169,12659371.39681
2025-10-14T00:00:00+00:00,208.69,211.25,208.06,209.31,296533.091,2025-10-14T00:59:59.999000+00:00,62201559.83662,120378,163191.681,34243496.76552
2025-10-14T01:00:00+00:00,209.3,210.11,207.89,208.41,209323.109,2025-10-14T01:59:59.999000+00:00,43739875.80699,103378,84432.535,17652174.52483
2025-10-14T02:00:00+00:00,208.41,208.66,205.81,206.3,350683.718,2025-10-14T02:59:59.999000+00:00,72675519.72775,134679,174844.045,36246248.03232
2025-10-14T03:00:00+00:00,206.31,206.96,204.96,205.71,274354.806,2025-10-14T03:59:59.999000+00:00,56495633.35111,117948,113282.726,23329001.75661
2025-10-14T04:00:00+00:00,205.72,205.95,201.07,202.07,296535.287,2025-10-14T04:59:59.999000+00:00,60249565.00776,147433,105636.824,21472586.78768
2025-10-14T05:00:00+00:00,202.07,204.01,198.9,199.69,432647.481,2025-10-14T05:59:59.999000+00:00,87045053.1008,216380,181807.075,36624015.3587
2025-10-14T06:00:00+00:00,199.68,200.77,192.0,195.31,578281.33,2025-10-14T06:59:59.999000+00:00,113786432.10693,333754,257135.753,50592877.67223
2025-10-14T07:00:00+00:00,195.32,197.23,193.42,194.47,367538.471,2025-10-14T07:59:59.999000+00:00,71723127.75645,255646,158627.411,30980465.65525
2025-10-14T08:00:00+00:00,194.46,197.47,193.16,196.15,297307.366,2025-10-14T08:59:59.999000+00:00,58017244.46103,190698,159866.161,31230239.92058
2025-10-14T09:00:00+00:00,196.15,197.58,194.09,194.87,198426.689,2025-10-14T09:59:59.999000+00:00,38874312.84379,126925,96247.531,18862713.9693
2025-10-14T10:00:00+00:00,194.86,194.89,191.03,194.24,373855.169,2025-10-14T10:59:59.999000+00:00,72145406.49572,226833,168933.163,32612765.18414
2025-10-14T11:00:00+00:00,194.25,197.08,194.05,195.32,222909.85,2025-10-14T11:59:59.999000+00:00,43619206.8898,123158,141155.91,27624410.6952
2025-10-14T12:00:00+00:00,195.33,195.36,192.35,193.34,263618.796,2025-10-14T12:59:59.999000+00:00,50999424.27763,154543,138241.367,26743508.99759
2025-10-14T13:00:00+00:00,193.35,195.66,191.5,195.02,390447.476,2025-10-14T13:59:59.999000+00:00,75606695.16516,242919,216615.265,41984539.09522
2025-10-14T14:00:00+00:00,195.01,198.85,194.39,195.89,429400.872,2025-10-14T14:59:59.999000+00:00,84557650.24818,244447,235723.504,46426634.34595
2025-10-14T15:00:00+00:00,195.89,202.64,194.53,202.22,430056.403,2025-10-14T15:59:59.999000+00:00,85462605.65821,241586,271490.909,54011263.94182
2025-10-14T16:00:00+00:00,202.23,206.48,200.03,202.53,564925.937,2025-10-14T16:59:59.999000+00:00,114814806.37819,375729,265904.737,54093440.98442
2025-10-14T17:00:00+00:00,202.52,204.68,199.28,201.76,414771.702,2025-10-14T17:59:59.999000+00:00,83821422.88451,258087,176203.269,35652161.13032
2025-10-14T18:00:00+00:00,201.77,204.22,200.52,201.55,186088.348,2025-10-14T18:59:59.999000+00:00,37700397.95906,141097,86735.343,17580138.65216
2025-10-14T19:00:00+00:00,201.56,203.79,197.05,198.54,380980.967,2025-10-14T19:59:59.999000+00:00,76255094.46699,227949,179007.419,35831023.53994
2025-10-14T20:00:00+00:00,198.54,200.61,198.17,200.6,126283.997,2025-10-14T20:59:59.999000+00:00,25204099.02201,91102,68118.537,13596374.59575
2025-10-14T21:00:00+00:00,200.61,201.53,198.31,201.23,94873.69,2025-10-14T21:59:59.999000+00:00,18967886.17516,73378,41267.228,8255713.53894
2025-10-14T22:00:00+00:00,201.24,202.17,200.3,201.44,76443.137,2025-10-14T22:59:59.999000+00:00,15388575.6945,57983,40808.2,8216959.01339
2025-10-14T23:00:00+00:00,201.44,203.42,201.44,202.44,92880.183,2025-10-14T23:59:59.999000+00:00,18829988.97766,60399,46462.317,9418756.8343
2025-10-15T00:00:00+00:00,202.45,204.05,201.22,203.98,180535.913,2025-10-15T00:59:59.999000+00:00,36523119.21785,104814,83885.942,16978954.24746
2025-10-15T01:00:00+00:00,203.97,204.1,201.12,203.69,160610.509,2025-10-15T01:59:59.999000+00:00,32523426.67233,113376,77522.017,15703576.65357
2025-10-15T02:00:00+00:00,203.7,205.82,203.05,203.4,204292.717,2025-10-15T02:59:59.999000+00:00,41767535.92316,129582,112767.24,23066629.48227
2025-10-15T03:00:00+00:00,203.39,203.75,200.89,201.65,189074.802,2025-10-15T03:59:59.999000+00:00,38227282.0241,109980,75110.062,15188282.84134
2025-10-15T04:00:00+00:00,201.65,203.55,200.47,203.46,108434.77,2025-10-15T04:59:59.999000+00:00,21901798.15694,81013,57129.382,11546444.97902
2025-10-15T05:00:00+00:00,203.47,204.84,202.81,204.43,138950.283,2025-10-15T05:59:59.999000+00:00,28327332.39006,99548,76897.765,15676657.02804
2025-10-15T06:00:00+00:00,204.44,205.45,201.95,204.64,242065.907,2025-10-15T06:59:59.999000+00:00,49297650.65401,149104,111395.738,22716413.98201
2025-10-15T07:00:00+00:00,204.64,205.08,203.22,204.66,182076.283,2025-10-15T07:59:59.999000+00:00,37202363.42564,100779,102405.583,20925903.91536
2025-10-15T08:00:00+00:00,204.65,208.91,204.46,206.14,372912.53,2025-10-15T08:59:59.999000+00:00,77134127.53304,212851,217094.929,44906007.8955
2025-10-15T09:00:00+00:00,206.15,207.34,205.34,205.99,148009.712,2025-10-15T09:59:59.999000+00:00,30554717.26884,118957,83172.582,17176010.95792
2025-10-15T10:00:00+00:00,205.99,206.33,203.48,203.9,185727.601,2025-10-15T10:59:59.999000+00:00,38007738.87136,120103,78947.32,16157767.145
2025-10-15T11:00:00+00:00,203.89,204.83,202.04,202.6,167414.27,2025-10-15T11:59:59.999000+00:00,33997469.73736,117124,72662.07,14761392.41982
2025-10-15T12:00:00+00:00,202.59,203.69,201.66,203.06,154885.338,2025-10-15T12:59:59.999000+00:00,31407596.79357,112959,72930.098,14793394.35081
2025-10-15T13:00:00+00:00,203.05,204.32,198.04,201.16,492111.532,2025-10-15T13:59:59.999000+00:00,99057065.29195,293216,207997.791,41889994.19583
2025-10-15T14:00:00+00:00,201.17,204.87,198.37,199.5,510120.452,2025-10-15T14:59:59.999000+00:00,102894738.23059,300223,264928.657,53527236.90743
2025-10-15T15:00:00+00:00,199.5,200.32,196.18,197.13,379071.244,2025-10-15T15:59:59.999000+00:00,75067226.88441,269522,172223.565,34135535.83495
2025-10-15T16:00:00+00:00,197.14,198.73,196.83,197.38,203292.004,2025-10-15T16:59:59.999000+00:00,40199528.78106,138604,103039.632,20378427.16647
2025-10-15T17:00:00+00:00,197.38,198.16,195.17,198.15,295846.492,2025-10-15T17:59:59.999000+00:00,58144946.94618,163218,138445.917,27204932.66772
2025-10-15T18:00:00+00:00,198.15,198.29,196.3,198.04,124663.672,2025-10-15T18:59:59.999000+00:00,24600907.19142,89480,71114.817,14035724.63634
2025-10-15T19:00:00+00:00,198.04,198.08,194.18,194.81,236371.523,2025-10-15T19:59:59.999000+00:00,46280521.92243,143099,92237.257,18060855.14885
2025-10-15T20:00:00+00:00,194.81,196.62,192.24,194.2,301215.729,2025-10-15T20:59:59.999000+00:00,58533630.64301,184973,117538.048,22858763.39788
2025-10-15T21:00:00+00:00,194.19,195.28,192.04,192.88,195786.762,2025-10-15T21:59:59.999000+00:00,37898795.52871,136894,72594.658,14058745.12229
2025-10-15T22:00:00+00:00,192.89,194.6,192.6,193.33,121067.395,2025-10-15T22:59:59.999000+00:00,23438745.99803,102864,60436.532,11704116.94185
2025-10-15T23:00:00+00:00,193.33,194.83,193.0,193.84,74617.999,2025-10-15T23:59:59.999000+00:00,14471685.20575,69963,36713.769,7120941.58252
2025-10-16T00:00:00+00:00,193.84,194.6,193.17,193.92,97053.451,2025-10-16T00:59:59.999000+00:00,18821793.8408,101430,44266.495,8585964.97407
2025-10-16T01:00:00+00:00,193.91,195.44,193.81,195.12,105232.738,2025-10-16T01:59:59.999000+00:00,20481677.81425,94824,55905.166,10883815.67339
2025-10-16T02:00:00+00:00,195.12,196.19,194.24,195.49,110665.683,2025-10-16T02:59:59.999000+00:00,21607004.90393,86738,57348.68,11202105.99865
2025-10-16T03:00:00+00:00,195.5,196.06,193.43,193.63,112903.318,2025-10-16T03:59:59.999000+00:00,22004312.86123,83346,49299.663,9615715.92732
2025-10-16T04:00:00+00:00,193.64,194.6,192.3,192.45,148462.188,2025-10-16T04:59:59.999000+00:00,28738879.8818,84557,61747.24,11958228.4821
2025-10-16T05:00:00+00:00,192.46,194.4,191.38,192.46,186289.082,2025-10-16T05:59:59.999000+00:00,35903093.71703,110886,78088.353,15052327.99532
2025-10-16T06:00:00+00:00,192.46,195.6,192.42,195.2,131091.214,2025-10-16T06:59:59.999000+00:00,25431732.79103,96124,66089.462,12824971.76908
2025-10-16T07:00:00+00:00,195.21,195.36,192.33,192.93,187421.291,2025-10-16T07:59:59.999000+00:00,36219718.69876,94222,87997.93,16996939.51649
2025-10-16T08:00:00+00:00,192.93,193.46,191.88,192.45,137223.079,2025-10-16T08:59:59.999000+00:00,26446853.48662,76401,59845.566,11540738.41149
2025-10-16T09:00:00+00:00,192.45,194.69,186.37,193.89,584500.289,2025-10-16T09:59:59.999000+00:00,111646275.61161,303547,258184.557,49387091.82559
2025-10-16T10:00:00+00:00,193.89,196.68,193.58,195.75,246372.189,2025-10-16T10:59:59.999000+00:00,48097702.71352,164351,135691.599,26484636.67273
2025-10-16T11:00:00+00:00,195.76,197.16,194.5,196.81,179512.566,2025-10-16T11:59:59.999000+00:00,35158110.23456,119803,98613.902,19322553.58063
2025-10-16T12:00:00+00:00,196.82,198.05,196.01,197.02,179401.468,2025-10-16T12:59:59.999000+00:00,35359495.7454,116960,94231.5,18574652.94683
2025-10-16T13:00:00+00:00,197.01,198.42,195.18,195.78,167272.455,2025-10-16T13:59:59.999000+00:00,32935052.41173,151656,81288.471,16014132.59658
2025-10-16T14:00:00+00:00,195.78,196.57,191.44,194.02,418605.459,2025-10-16T14:59:59.999000+00:00,81201558.63276,312709,194666.995,37788820.64533
2025-10-16T15:00:00+00:00,194.03,194.32,186.56,187.61,483929.776,2025-10-16T15:59:59.999000+00:00,92034630.25768,345048,209209.538,39782711.64972
2025-10-16T16:00:00+00:00,187.61,192.28,186.36,192.27,444030.406,2025-10-16T16:59:59.999000+00:00,83535049.0544,370632,243345.426,45814839.88536
2025-10-16T17:00:00+00:00,192.28,192.33,188.85,189.62,235019.869,2025-10-16T17:59:59.999000+00:00,44675895.90706,207960,115985.042,22051307.27274
2025-10-16T18:00:00+00:00,189.62,189.83,186.9,189.33,200903.695,2025-10-16T18:59:59.999000+00:00,37831852.79844,195848,102167.323,19253835.36132
2025-10-16T19:00:00+00:00,189.33,189.48,183.56,185.04,380606.774,2025-10-16T19:59:59.999000+00:00,70806780.85143,272662,153205.184,28518992.79783
2025-10-16T20:00:00+00:00,185.05,186.11,182.03,182.83,260221.467,2025-10-16T20:59:59.999000+00:00,47775912.74911,246838,122008.362,22412564.77797
2025-10-16T21:00:00+00:00,182.83,185.75,182.8,185.64,154017.743,2025-10-16T21:59:59.999000+00:00,28383211.04755,123275,84699.028,15612936.90969
2025-10-16T22:00:00+00:00,185.64,185.96,183.11,183.14,111283.732,2025-10-16T22:59:59.999000+00:00,20534528.5838,104925,47668.849,8797020.09747
2025-10-16T23:00:00+00:00,183.14,185.19,182.91,184.85,142620.731,2025-10-16T23:59:59.999000+00:00,26276327.3066,119843,86484.576,15939476.99825
2025-10-17T00:00:00+00:00,184.84,186.45,184.27,186.3,126176.434,2025-10-17T00:59:59.999000+00:00,23410062.38691,114244,65692.357,12190720.79182
2025-10-17T01:00:00+00:00,186.31,187.55,184.76,185.66,130646.751,2025-10-17T01:59:59.999000+00:00,24333241.12508,121292,73482.94,13695814.46463
2025-10-17T02:00:00+00:00,185.66,187.35,184.7,186.76,122160.374,2025-10-17T02:59:59.999000+00:00,22695427.16645,111991,74248.948,13797547.12071
2025-10-17T03:00:00+00:00,186.76,187.43,186.25,187.09,122170.864,2025-10-17T03:59:59.999000+00:00,22821425.61861,100288,67140.344,12542006.43783
2025-10-17T04:00:00+00:00,187.09,187.44,186.34,187.06,84799.223,2025-10-17T04:59:59.999000+00:00,15849733.12125,80676,44261.828,8272820.04716
2025-10-17T05:00:00+00:00,187.06,187.46,185.44,185.69,211426.915,2025-10-17T05:59:59.999000+00:00,39451923.81979,112589,100330.69,18720752.93107
2025-10-17T06:00:00+00:00,185.69,186.48,179.89,180.38,511864.45,2025-10-17T06:59:59.999000+00:00,93318483.53448,320998,181461.653,33079183.40663
2025-10-17T07:00:00+00:00,180.38,180.81,177.34,177.75,543458.015,2025-10-17T07:59:59.999000+00:00,97257032.51134,438554,256219.047,45868989.8954
2025-10-17T08:00:00+00:00,177.75,178.96,175.41,175.55,537360.65,2025-10-17T08:59:59.999000+00:00,95153960.33326,423551,259520.582,45964195.90282
2025-10-17T09:00:00+00:00,175.55,180.44,175.33,176.79,294532.199,2025-10-17T09:59:59.999000+00:00,52378105.13567,266490,166183.727,29551389.50257
2025-10-17T10:00:00+00:00,176.78,177.94,174.06,177.4,432118.893,2025-10-17T10:59:59.999000+00:00,76035179.82031,333713,210145.151,36995914.26171
2025-10-17T11:00:00+00:00,177.4,182.7,177.22,181.45,485483.487,2025-10-17T11:59:59.999000+00:00,87742879.60941,393144,273417.727,49415534.51311
2025-10-17T12:00:00+00:00,181.44,182.62,179.94,180.04,198713.431,2025-10-17T12:59:59.999000+00:00,36023830.69168,185853,102846.231,18658536.13792
2025-10-17T13:00:00+00:00,180.04,182.13,177.95,180.65,422414.885,2025-10-17T13:59:59.999000+00:00,76213804.16087,363132,208735.832,37677318.24624
2025-10-17T14:00:00+00:00,180.65,181.0,176.25,178.39,343744.992,2025-10-17T14:59:59.999000+00:00,61394390.48231,328914,164574.699,29413229.90051
2025-10-17T15:00:00+00:00,178.39,182.82,178.02,182.72,264680.311,2025-10-17T15:59:59.999000+00:00,47673478.70637,265630,165200.235,29779643.17226
2025-10-17T16:00:00+00:00,182.71,185.03,181.63,182.34,415074.71,2025-10-17T16:59:59.999000+00:00,76165376.32991,292966,229019.111,42049900.83011
2025-10-17T17:00:00+00:00,182.34,184.55,182.12,183.75,138966.458,2025-10-17T17:59:59.999000+00:00,25472750.71983,159159,76114.687,13958235.17978
2025-10-17T18:00:00+00:00,183.75,185.41,183.22,183.45,131956.838,2025-10-17T18:59:59.999000+00:00,24302966.3759,128979,63055.647,11616433.40234
2025-10-17T19:00:00+00:00,183.45,184.18,181.42,181.98,162009.252,2025-10-17T19:59:59.999000+00:00,29571588.83241,128219,86045.341,15712257.8467
2025-10-17T20:00:00+00:00,181.98,184.03,181.47,183.68,83869.995,2025-10-17T20:59:59.999000+00:00,15354573.06796,81202,50507.984,9249810.02028
2025-10-17T21:00:00+00:00,183.67,186.04,183.46,185.4,160700.953,2025-10-17T21:59:59.999000+00:00,29749659.58543,98507,93592.732,17320440.51263
2025-10-17T22:00:00+00:00,185.4,185.94,183.18,183.96,95464.164,2025-10-17T22:59:59.999000+00:00,17597366.64556,76268,39391.92,7265346.74515
2025-10-17T23:00:00+00:00,183.96,183.97,181.77,181.96,83114.633,2025-10-17T23:59:59.999000+00:00,15164139.93432,63684,28442.386,5191325.74045
2025-10-18T00:00:00+00:00,181.97,183.54,181.75,182.87,101139.798,2025-10-18T00:59:59.999000+00:00,18477560.543,76965,56951.762,10406243.93037
2025-10-18T01:00:00+00:00,182.87,184.96,182.66,184.63,114230.965,2025-10-18T01:59:59.999000+00:00,21035348.35041,85810,60262.418,11098176.9308
2025-10-18T02:00:00+00:00,184.64,185.54,183.41,183.72,103491.387,2025-10-18T02:59:59.999000+00:00,19084544.52133,91280,46275.59,8540805.11145
2025-10-18T03:00:00+00:00,183.72,185.47,183.7,184.8,70212.262,2025-10-18T03:59:59.999000+00:00,12967931.04017,62982,31973.758,5906758.94532
2025-10-18T04:00:00+00:00,184.8,184.8,183.11,183.44,83658.203,2025-10-18T04:59:59.999000+00:00,15394605.62923,68084,28100.026,5171648.16462
2025-10-18T05:00:00+00:00,183.43,184.83,183.42,184.53,89552.056,2025-10-18T05:59:59.999000+00:00,16504314.48592,62893,49131.855,9057166.87528
2025-10-18T06:00:00+00:00,184.54,186.6,184.21,186.34,119319.663,2025-10-18T06:59:59.999000+00:00,22146456.02619,78255,66905.294,12420648.73659
2025-10-18T07:00:00+00:00,186.33,188.26,185.87,186.27,266260.606,2025-10-18T07:59:59.999000+00:00,49902163.75357,152999,134679.439,25243730.88418
2025-10-18T08:00:00+00:00,186.26,187.18,185.8,185.92,95996.389,2025-10-18T08:59:59.999000+00:00,17906178.56484,83471,43975.986,8204710.06634
2025-10-18T09:00:00+00:00,185.91,186.64,185.38,185.94,84064.78,2025-10-18T09:59:59.999000+00:00,15624677.84914,71181,48656.74,9045634.85492
2025-10-18T10:00:00+00:00,185.93,186.25,184.4,185.18,146999.112,2025-10-18T10:59:59.999000+00:00,27269403.2462,76854,87063.582,16158771.32348
2025-10-18T11:00:00+00:00,185.18,186.11,184.63,186.1,83890.552,2025-10-18T11:59:59.999000+00:00,15536997.35933,64157,48185.717,8926994.56786
2025-10-18T12:00:00+00:00,186.11,187.4,185.71,186.08,59352.342,2025-10-18T12:59:59.999000+00:00,11061582.13574,60807,30463.071,5678475.25925
2025-10-18T13:00:00+00:00,186.08,186.15,184.8,185.2,89301.945,2025-10-18T13:59:59.999000+00:00,16541942.69831,81852,34243.048,6345093.03661
2025-10-18T14:00:00+00:00,185.2,186.2,183.96,185.75,84421.368,2025-10-18T14:59:59.999000+00:00,15622163.81875,87515,39195.46,7259626.88646
2025-10-18T15:00:00+00:00,185.76,185.97,184.61,185.03,47626.797,2025-10-18T15:59:59.999000+00:00,8823525.22974,67287,23370.724,4330727.33421
2025-10-18T16:00:00+00:00,185.04,185.57,183.2,184.23,130771.512,2025-10-18T16:59:59.999000+00:00,24058235.58577,79766,65654.542,12084644.90324
2025-10-18T17:00:00+00:00,184.23,186.13,183.79,185.93,82367.773,2025-10-18T17:59:59.999000+00:00,15241952.02092,65881,51384.934,9510440.33957
2025-10-18T18:00:00+00:00,185.93,186.17,185.27,185.83,36235.76,2025-10-18T18:59:59.999000+00:00,6728331.92889,43596,17968.868,3336050.46163
2025-10-18T19:00:00+00:00,185.83,186.41,185.64,186.34,36948.94,2025-10-18T19:59:59.999000+00:00,6874091.30167,37515,20727.356,3856425.7023
2025-10-18T20:00:00+00:00,186.35,187.67,186.13,186.59,64606.46,2025-10-18T20:59:59.999000+00:00,12079164.07545,50416,36422.92,6809510.58964
2025-10-18T21:00:00+00:00,186.58,187.25,185.9,187.15,47438.367,2025-10-18T21:59:59.999000+00:00,8851377.97118,46760,23486.746,4382611.40875
2025-10-18T22:00:00+00:00,187.15,187.84,186.81,187.27,33084.992,2025-10-18T22:59:59.999000+00:00,6199208.15562,38112,17437.51,3267543.16802
2025-10-18T23:00:00+00:00,187.28,187.75,186.92,187.56,34869.066,2025-10-18T23:59:59.999000+00:00,6532874.51336,36714,20245.754,3793493.32406
2025-10-19T00:00:00+00:00,187.55,187.87,185.29,185.75,71495.609,2025-10-19T00:59:59.999000+00:00,13328285.28593,65569,26049.133,4858479.79922
2025-10-19T01:00:00+00:00,185.76,185.88,184.88,185.86,45838.077,2025-10-19T01:59:59.999000+00:00,8497119.55509,39312,24006.036,4451746.99438
2025-10-19T02:00:00+00:00,185.86,185.96,185.23,185.77,39467.282,2025-10-19T02:59:59.999000+00:00,7326071.5271,43914,19741.934,3664917.7847
2025-10-19T03:00:00+00:00,185.77,187.14,184.96,187.04,82231.347,2025-10-19T03:59:59.999000+00:00,15303154.76157,66755,36865.363,6857983.77627
2025-10-19T04:00:00+00:00,187.03,187.14,186.38,186.83,57556.399,2025-10-19T04:59:59.999000+00:00,10748438.71264,44567,17499.442,3267842.72953
2025-10-19T05:00:00+00:00,186.84,187.69,186.32,186.56,48960.476,2025-10-19T05:59:59.999000+00:00,9156710.49247,45234,23571.5,4408843.34838
2025-10-19T06:00:00+00:00,186.56,186.92,185.19,185.57,41285.457,2025-10-19T06:59:59.999000+00:00,7676242.40549,44591,18602.347,3458700.02339
2025-10-19T07:00:00+00:00,185.57,186.14,185.24,185.9,32002.055,2025-10-19T07:59:59.999000+00:00,5943079.44097,41379,17416.484,3234514.69899
2025-10-19T08:00:00+00:00,185.89,187.5,183.81,184.17,192827.686,2025-10-19T08:59:59.999000+00:00,35734840.14391,141756,91431.219,16943623.88895
2025-10-19T09:00:00+00:00,184.16,188.64,183.19,187.2,274956.355,2025-10-19T09:59:59.999000+00:00,51193940.95339,192673,147065.245,27380642.36071
2025-10-19T10:00:00+00:00,187.19,189.96,186.71,189.07,206976.556,2025-10-19T10:59:59.999000+00:00,39024908.70097,171677,116901.912,22055025.7746
2025-10-19T11:00:00+00:00,189.06,190.05,188.6,188.99,130114.116,2025-10-19T11:59:59.999000+00:00,24632438.47184,113400,76727.57,14528818.91785
2025-10-19T12:00:00+00:00,189.0,189.39,188.11,188.89,69475.224,2025-10-19T12:59:59.999000+00:00,13109976.12794,81067,32671.773,6166801.92551
2025-10-19T13:00:00+00:00,188.89,191.0,188.32,190.6,168619.925,2025-10-19T13:59:59.999000+00:00,31999915.04241,123574,98339.926,18667033.38136
2025-10-19T14:00:00+00:00,190.6,191.7,189.79,191.55,201287.867,2025-10-19T14:59:59.999000+00:00,38431146.4509,129100,110026.74,21011539.95205
2025-10-19T15:00:00+00:00,191.55,191.68,190.23,190.78,111265.994,2025-10-19T15:59:59.999000+00:00,21223552.8798,75400,47334.565,9028153.1427
2025-10-19T16:00:00+00:00,190.77,191.61,189.97,190.87,102648.053,2025-10-19T16:59:59.999000+00:00,19574000.3739,66521,49707.797,9483033.83031
2025-10-19T17:00:00+00:00,190.88,192.29,189.73,190.03,135935.746,2025-10-19T17:59:59.999000+00:00,25992327.25381,89684,69872.678,13368649.65454
2025-10-19T18:00:00+00:00,190.03,190.38,189.18,189.94,99781.547,2025-10-19T18:59:59.999000+00:00,18924024.74449,64626,54060.983,10253486.76539
2025-10-19T19:00:00+00:00,189.93,189.95,188.33,188.88,78346.53,2025-10-19T19:59:59.999000+00:00,14799131.32316,56890,31589.766,5967822.2618
2025-10-19T20:00:00+00:00,188.88,189.89,188.64,189.67,45672.476,2025-10-19T20:59:59.999000+00:00,8644018.46771,45313,26084.62,4937301.01629
2025-10-19T21:00:00+00:00,189.67,189.83,188.37,189.29,76468.788,2025-10-19T21:59:59.999000+00:00,14448201.4802,42274,31974.925,6040860.21743
2025-10-19T22:00:00+00:00,189.3,190.16,188.92,189.83,64342.162,2025-10-19T22:59:59.999000+00:00,12198499.35851,70644,41606.619,7888929.14371
2025-10-19T23:00:00+00:00,189.83,189.83,186.83,187.86,106408.873,2025-10-19T23:59:59.999000+00:00,19993327.81186,68218,39328.292,7391730.29289
2025-10-20T00:00:00+00:00,187.86,187.86,183.82,185.62,185598.794,2025-10-20T00:59:59.999000+00:00,34412899.19194,156148,82418.265,15275062.02775
2025-10-20T01:00:00+00:00,185.62,186.34,184.97,185.65,87431.708,2025-10-20T01:59:59.999000+00:00,16231884.80648,92298,54995.025,10209838.7114
2025-10-20T02:00:00+00:00,185.65,187.33,183.94,186.89,164675.448,2025-10-20T02:59:59.999000+00:00,30561597.15911,117489,87427.151,16250493.62754
2025-10-20T03:00:00+00:00,186.89,191.75,185.9,191.21,305625.921,2025-10-20T03:59:59.999000+00:00,57464983.4062,172948,216080.016,40593769.9159
2025-10-20T04:00:00+00:00,191.21,192.47,190.6,192.17,163452.44,2025-10-20T04:59:59.999000+00:00,31307099.29901,130747,69992.88,13413193.98844
2025-10-20T05:00:00+00:00,192.18,193.4,191.62,193.01,152759.036,2025-10-20T05:59:59.999000+00:00,29408084.55519,95795,89192.067,17178773.2881
2025-10-20T06:00:00+00:00,193.01,194.42,192.78,193.94,135414.885,2025-10-20T06:59:59.999000+00:00,26206178.46441,94351,79693.149,15426764.03799
2025-10-20T07:00:00+00:00,193.93,194.5,192.76,193.02,112596.368,2025-10-20T07:59:59.999000+00:00,21790302.73656,71381,44452.167,8605844.29399
2025-10-20T08:00:00+00:00,193.02,194.18,191.96,193.0,119542.52,2025-10-20T08:59:59.999000+00:00,23071162.97916,87843,54976.737,10616781.05149
2025-10-20T09:00:00+00:00,193.0,193.63,192.56,193.2,93417.016,2025-10-20T09:59:59.999000+00:00,18025770.1741,78573,50241.534,9696033.51491
2025-10-20T10:00:00+00:00,193.19,193.75,191.41,191.62,104231.332,2025-10-20T10:59:59.999000+00:00,20085203.44843,99080,45027.96,8682965.66818
2025-10-20T11:00:00+00:00,191.62,192.29,191.0,192.2,94648.076,2025-10-20T11:59:59.999000+00:00,18127150.7385,86237,35501.849,6803337.74828
2025-10-20T12:00:00+00:00,192.21,192.77,191.68,192.76,57403.285,2025-10-20T12:59:59.999000+00:00,11026953.4845,76634,28889.702,5550347.80462
2025-10-20T13:00:00+00:00,192.77,192.99,191.6,192.41,94442.082,2025-10-20T13:59:59.999000+00:00,18167972.52006,118519,52996.498,10196140.54347
2025-10-20T14:00:00+00:00,192.42,192.61,190.77,191.4,167724.642,2025-10-20T14:59:59.999000+00:00,32120401.58718,103299,75400.822,14437349.25213
2025-10-20T15:00:00+00:00,191.4,192.33,190.44,190.5,120184.008,2025-10-20T15:59:59.999000+00:00,23014538.66112,115726,56628.475,10847108.89962
2025-10-20T16:00:00+00:00,190.51,190.51,186.71,187.54,390442.932,2025-10-20T16:59:59.999000+00:00,73550794.41255,237335,156504.887,29475020.87814
2025-10-20T17:00:00+00:00,187.53,188.55,185.56,187.66,177603.269,2025-10-20T17:59:59.999000+00:00,33223690.2653,124781,98966.103,18519778.19912
2025-10-20T18:00:00+00:00,187.66,188.53,187.19,188.2,78248.85,2025-10-20T18:59:59.999000+00:00,14697743.82036,73651,44609.993,8380134.74382
2025-10-20T19:00:00+00:00,188.2,189.44,187.53,188.83,80575.649,2025-10-20T19:59:59.999000+00:00,15188695.16475,73339,47064.653,8872096.77172
2025-10-20T20:00:00+00:00,188.83,190.51,188.26,190.51,85201.666,2025-10-20T20:59:59.999000+00:00,16141883.29933,67105,56512.152,10707898.45255
2025-10-20T21:00:00+00:00,190.51,191.18,188.79,188.99,78426.49,2025-10-20T21:59:59.999000+00:00,14894885.02627,56148,28583.394,5430717.15859
2025-10-20T22:00:00+00:00,188.99,190.88,188.78,190.74,63684.272,2025-10-20T22:59:59.999000+00:00,12107988.13475,52188,35313.658,6711836.27715
2025-10-20T23:00:00+00:00,190.74,190.84,189.48,189.71,64670.81,2025-10-20T23:59:59.999000+00:00,12297375.94111,51961,27752.89,5278556.45393
2025-10-21T00:00:00+00:00,189.71,190.21,188.7,189.0,87126.802,2025-10-21T00:59:59.999000+00:00,16504656.31976,68331,47104.339,8926075.14214
2025-10-21T01:00:00+00:00,189.0,189.24,186.21,186.72,203591.172,2025-10-21T01:59:59.999000+00:00,38212129.55334,95806,94888.447,17814703.0735
2025-10-21T02:00:00+00:00,186.72,186.9,185.52,186.03,203697.184,2025-10-21T02:59:59.999000+00:00,37906729.87418,96241,93582.447,17421261.35543
2025-10-21T03:00:00+00:00,186.04,186.6,185.31,185.57,75291.273,2025-10-21T03:59:59.999000+00:00,14009061.01303,57843,36757.389,6841993.58234
2025-10-21T04:00:00+00:00,185.57,185.63,183.2,183.75,287851.232,2025-10-21T04:59:59.999000+00:00,52983211.62134,217172,110537.512,20347005.99125
2025-10-21T05:00:00+00:00,183.75,184.36,182.72,183.85,154340.825,2025-10-21T05:59:59.999000+00:00,28350286.58357,101233,57568.19,10577604.66009
2025-10-21T06:00:00+00:00,183.85,185.06,183.17,184.48,90979.985,2025-10-21T06:59:59.999000+00:00,16764122.32768,72096,49142.716,9057464.86157
2025-10-21T07:00:00+00:00,184.47,185.23,183.73,185.03,84427.545,2025-10-21T07:59:59.999000+00:00,15590138.81746,53385,35688.199,6591715.79332
2025-10-21T08:00:00+00:00,185.04,185.04,183.77,184.29,87368.034,2025-10-21T08:59:59.999000+00:00,16094617.02237,53403,27399.28,5048022.41217
2025-10-21T09:00:00+00:00,184.28,184.52,183.77,184.37,54517.243,2025-10-21T09:59:59.999000+00:00,10039408.37061,43423,20180.161,3716709.56428
2025-10-21T10:00:00+00:00,184.37,186.75,184.2,185.92,102342.865,2025-10-21T10:59:59.999000+00:00,18978751.02438,73543,64173.564,11897008.94459
2025-10-21T11:00:00+00:00,185.91,186.51,185.06,186.29,59515.622,2025-10-21T11:59:59.999000+00:00,11054747.31013,50472,32197.613,5983078.9565
2025-10-21T12:00:00+00:00,186.28,187.76,185.92,186.48,120184.674,2025-10-21T12:59:59.999000+00:00,22477533.48428,82414,48682.225,9105641.00237
2025-10-21T13:00:00+00:00,186.49,187.0,183.94,185.09,174885.53,2025-10-21T13:59:59.999000+00:00,32433973.64705,147801,75911.77,14070091.64601
2025-10-21T14:00:00+00:00,185.1,192.82,184.98,192.75,410498.693,2025-10-21T14:59:59.999000+00:00,77775015.53066,257831,214783.313,40694441.07774
2025-10-21T15:00:00+00:00,192.76,197.15,191.93,196.22,563617.626,2025-10-21T15:59:59.999000+00:00,109608220.3263,309595,286253.202,55685722.29484
2025-10-21T16:00:00+00:00,196.22,197.71,192.11,192.6,501327.314,2025-10-21T16:59:59.999000+00:00,98063065.79498,239279,242663.706,47505421.32965
2025-10-21T17:00:00+00:00,192.59,195.45,192.11,194.82,350409.809,2025-10-21T17:59:59.999000+00:00,67880881.81111,251049,181043.353,35078034.91134
2025-10-21T18:00:00+00:00,194.81,195.44,193.51,194.14,138556.498,2025-10-21T18:59:59.999000+00:00,26923271.00357,112176,52545.92,10213453.32995
2025-10-21T19:00:00+00:00,194.14,194.55,193.07,193.96,94757.323,2025-10-21T19:59:59.999000+00:00,18377245.82757,73532,35054.492,6801782.84277
2025-10-21T20:00:00+00:00,193.97,194.22,190.71,191.4,189546.429,2025-10-21T20:59:59.999000+00:00,36389983.81092,123530,71439.209,13709467.31371
2025-10-21T21:00:00+00:00,191.4,191.75,188.0,191.29,252461.934,2025-10-21T21:59:59.999000+00:00,47952407.32043,129668,112309.823,21340843.92115
2025-10-21T22:00:00+00:00,191.29,191.49,187.79,188.56,163374.803,2025-10-21T22:59:59.999000+00:00,30909680.70462,140091,74022.161,14001803.88676
2025-10-21T23:00:00+00:00,188.56,188.94,185.11,185.63,200412.206,2025-10-21T23:59:59.999000+00:00,37388628.03247,143815,94593.03,17645961.15808
2025-10-22T00:00:00+00:00,185.62,186.59,184.14,185.67,196944.068,2025-10-22T00:59:59.999000+00:00,36493754.54671,140504,116839.544,21655061.10316
2025-10-22T01:00:00+00:00,185.68,187.2,185.61,187.0,126329.104,2025-10-22T01:59:59.999000+00:00,23541777.44561,98890,82834.476,15435151.11571
2025-10-22T02:00:00+00:00,187.0,187.45,185.84,185.9,118434.508,2025-10-22T02:59:59.999000+00:00,22118922.85223,68165,59547.888,11126599.09764
2025-10-22T03:00:00+00:00,185.9,185.96,184.5,185.24,114946.265,2025-10-22T03:59:59.999000+00:00,21281428.30947,70315,47216.692,8742149.66218
2025-10-22T04:00:00+00:00,185.23,186.31,185.06,185.89,100187.179,2025-10-22T04:59:59.999000+00:00,18611112.64018,56812,64472.322,11976343.42875
2025-10-22T05:00:00+00:00,185.88,185.95,183.28,184.58,209282.458,2025-10-22T05:59:59.999000+00:00,38582152.74693,95883,85680.715,15800307.26405
2025-10-22T06:00:00+00:00,184.57,184.91,183.88,184.09,94005.432,2025-10-22T06:59:59.999000+00:00,17336239.57448,56902,39907.436,7360377.32161
2025-10-22T07:00:00+00:00,184.09,185.15,183.42,185.01,86908.52,2025-10-22T07:59:59.999000+00:00,16006588.34952,71699,46824.302,8626652.94648
2025-10-22T08:00:00+00:00,185.01,185.2,184.24,184.71,64994.7,2025-10-22T08:59:59.999000+00:00,12000221.67681,47104,37084.37,6847646.15946
2025-10-22T09:00:00+00:00,184.71,184.94,183.36,184.04,89622.218,2025-10-22T09:59:59.999000+00:00,16495807.75371,62602,33803.787,6223048.69779
2025-10-22T10:00:00+00:00,184.05,184.5,183.22,183.55,61996.835,2025-10-22T10:59:59.999000+00:00,11395559.6938,61595,25455.086,4681602.21242
2025-10-22T11:00:00+00:00,183.56,185.98,181.92,185.05,250771.166,2025-10-22T11:59:59.999000+00:00,46156489.0823,185301,118646.893,21867499.25602
2025-10-22T12:00:00+00:00,185.05,186.91,184.41,185.8,118766.263,2025-10-22T12:59:59.999000+00:00,22073753.63678,107903,65807.971,12228344.46747
2025-10-22T13:00:00+00:00,185.81,186.88,184.15,186.53,187092.768,2025-10-22T13:59:59.999000+00:00,34702168.41243,157717,108513.443,20130690.91279
2025-10-22T14:00:00+00:00,186.53,186.65,181.28,185.5,424647.624,2025-10-22T14:59:59.999000+00:00,78012846.57206,297501,205581.525,37784453.27767
2025-10-22T15:00:00+00:00,185.5,186.04,182.32,183.98,235282.016,2025-10-22T15:59:59.999000+00:00,43345565.40378,212100,116955.871,21553119.85818
2025-10-22T16:00:00+00:00,183.99,184.96,182.5,183.62,228160.417,2025-10-22T16:59:59.999000+00:00,41901529.55682,188505,105314.449,19341329.28927
2025-10-22T17:00:00+00:00,183.63,184.23,181.34,181.68,160935.936,2025-10-22T17:59:59.999000+00:00,29422126.17966,121700,65273.723,11941510.06182
2025-10-22T18:00:00+00:00,181.68,182.34,180.18,180.91,197694.626,2025-10-22T18:59:59.999000+00:00,35784431.86112,147355,91520.208,16567648.85837
2025-10-22T19:00:00+00:00,180.9,182.56,177.07,180.2,275713.589,2025-10-22T19:59:59.999000+00:00,49607328.9376,174382,128649.12,23164445.86433
2025-10-22T20:00:00+00:00,180.21,180.78,179.11,180.18,140329.318,2025-10-22T20:59:59.999000+00:00,25261600.48079,132886,57623.619,10375563.16167
2025-10-22T21:00:00+00:00,180.17,180.26,177.04,178.39,269031.798,2025-10-22T21:59:59.999000+00:00,47988719.00529,193914,122186.6,21795609.33577
2025-10-22T22:00:00+00:00,178.38,179.57,177.79,178.88,121015.107,2025-10-22T22:59:59.999000+00:00,21624368.05378,113502,50459.281,9019260.8936
2025-10-22T23:00:00+00:00,178.88,180.49,178.78,180.12,103912.8,2025-10-22T23:59:59.999000+00:00,18691643.83032,85848,61264.197,11020282.5643
2025-10-23T00:00:00+00:00,180.13,181.14,179.68,181.01,89259.871,2025-10-23T00:59:59.999000+00:00,16097706.79271,66207,42202.754,7616294.78671
2025-10-23T01:00:00+00:00,181.02,182.05,180.58,181.78,105749.162,2025-10-23T01:59:59.999000+00:00,19190478.03886,73763,58669.362,10648140.19626
2025-10-23T02:00:00+00:00,181.79,182.47,181.41,182.27,52073.07,2025-10-23T02:59:59.999000+00:00,9475835.02087,47733,26252.491,4777448.06678
2025-10-23T03:00:00+00:00,182.27,183.4,182.14,182.86,86139.623,2025-10-23T03:59:59.999000+00:00,15749138.75537,49874,51723.783,9458461.89141
2025-10-23T04:00:00+00:00,182.87,184.28,182.7,184.02,72710.473,2025-10-23T04:59:59.999000+00:00,13357795.17849,44875,40774.001,7491729.52157
2025-10-23T05:00:00+00:00,184.02,184.84,183.79,184.84,78646.255,2025-10-23T05:59:59.999000+00:00,14494396.3074,40411,45039.539,8301653.11096
2025-10-23T06:00:00+00:00,184.83,187.6,184.54,187.43,211961.847,2025-10-23T06:59:59.999000+00:00,39449223.04807,114873,111632.997,20777091.58657
2025-10-23T07:00:00+00:00,187.44,188.0,186.17,187.48,146827.634,2025-10-23T07:59:59.999000+00:00,27477551.35811,91358,64258.418,12030039.47335
2025-10-23T08:00:00+00:00,187.48,188.71,187.48,187.97,159517.029,2025-10-23T08:59:59.999000+00:00,29995276.28878,77898,82063.508,15432671.86051
2025-10-23T09:00:00+00:00,187.97,188.88,187.48,188.39,133318.493,2025-10-23T09:59:59.999000+00:00,25077737.59238,70079,60460.536,11377495.73847
2025-10-23T10:00:00+00:00,188.39,189.34,188.22,188.25,124755.026,2025-10-23T10:59:59.999000+00:00,23542876.85202,69662,56448.603,10654119.88685
2025-10-23T11:00:00+00:00,188.25,189.49,187.51,187.98,172699.217,2025-10-23T11:59:59.999000+00:00,32531921.31991,81665,84445.24,15907582.02112
2025-10-23T12:00:00+00:00,187.98,189.39,186.6,189.32,191031.409,2025-10-23T12:59:59.999000+00:00,35939858.1864,130962,97819.171,18411266.75772
2025-10-23T13:00:00+00:00,189.32,192.62,188.4,190.37,400212.876,2025-10-23T13:59:59.999000+00:00,76344668.78524,205101,209763.95,40033445.19413
2025-10-23T14:00:00+00:00,190.37,191.29,188.13,189.77,231092.394,2025-10-23T14:59:59.999000+00:00,43816218.36252,173004,97053.385,18402292.56811
2025-10-23T15:00:00+00:00,189.78,191.87,189.43,191.04,262182.11,2025-10-23T15:59:59.999000+00:00,50080651.30708,155216,131364.614,25093595.90376
2025-10-23T16:00:00+00:00,191.04,192.43,190.42,191.95,145498.709,2025-10-23T16:59:59.999000+00:00,27846118.74672,97649,84763.08,16230081.24926
2025-10-23T17:00:00+00:00,191.95,193.45,190.1,192.5,232036.472,2025-10-23T17:59:59.999000+00:00,44570906.26903,137552,110398.834,21213745.95643
2025-10-23T18:00:00+00:00,192.49,192.87,190.84,191.53,106132.195,2025-10-23T18:59:59.999000+00:00,20347035.30131,79403,36626.285,7024472.85643
2025-10-23T19:00:00+00:00,191.52,191.87,190.55,191.15,82540.21,2025-10-23T19:59:59.999000+00:00,15786105.10207,69892,41922.348,8019044.02909
2025-10-23T20:00:00+00:00,191.14,191.29,188.31,188.8,186406.169,2025-10-23T20:59:59.999000+00:00,35418168.73414,89973,84952.155,16145796.13263
2025-10-23T21:00:00+00:00,188.8,189.46,188.51,188.8,87481.954,2025-10-23T21:59:59.999000+00:00,16539341.09276,56292,40495.737,7656031.15001
2025-10-23T22:00:00+00:00,188.79,190.58,188.65,190.43,79837.543,2025-10-23T22:59:59.999000+00:00,15148476.42753,54443,46631.191,8849786.50009
2025-10-23T23:00:00+00:00,190.42,191.51,190.41,191.35,63849.374,2025-10-23T23:59:59.999000+00:00,12198643.55284,46963,31305.67,5982111.0518
2025-10-24T00:00:00+00:00,191.36,193.85,190.95,192.53,168737.858,2025-10-24T00:59:59.999000+00:00,32478712.69393,104121,106687.396,20536033.93814
2025-10-24T01:00:00+00:00,192.54,193.39,192.15,192.96,87334.847,2025-10-24T01:59:59.999000+00:00,16836216.70876,62825,46192.636,8906567.27245
2025-10-24T02:00:00+00:00,192.95,193.07,191.4,192.21,94748.526,2025-10-24T02:59:59.999000+00:00,18212613.64133,56269,40752.079,7833566.25351
2025-10-24T03:00:00+00:00,192.22,192.36,190.85,191.31,70144.932,2025-10-24T03:59:59.999000+00:00,13432285.85719,46025,27015.498,5172391.19238
2025-10-24T04:00:00+00:00,191.31,194.6,190.82,193.49,220310.864,2025-10-24T04:59:59.999000+00:00,42584214.63624,105317,132214.677,25560240.74147
2025-10-24T05:00:00+00:00,193.49,193.9,192.92,193.3,99036.203,2025-10-24T05:59:59.999000+00:00,19154381.93647,61534,43015.082,8320207.11692
2025-10-24T06:00:00+00:00,193.3,193.68,192.6,193.29,71873.041,2025-10-24T06:59:59.999000+00:00,13879815.5254,47376,38150.266,7369148.28658
2025-10-24T07:00:00+00:00,193.3,193.43,191.5,192.15,113403.86,2025-10-24T07:59:59.999000+00:00,21824509.36841,60064,53867.967,10369453.07888
2025-10-24T08:00:00+00:00,192.15,193.45,191.7,192.97,81875.785,2025-10-24T08:59:59.999000+00:00,15771789.91261,52538,43128.695,8308473.8135
2025-10-24T09:00:00+00:00,192.96,193.39,191.88,192.11,78615.47,2025-10-24T09:59:59.999000+00:00,15151096.42528,42338,36371.076,7010756.9152
2025-10-24T10:00:00+00:00,192.11,192.16,191.44,191.78,84266.672,2025-10-24T10:59:59.999000+00:00,16159834.45053,42617,40539.49,7774939.28771
2025-10-24T11:00:00+00:00,191.78,192.2,190.58,192.13,76522.11,2025-10-24T11:59:59.999000+00:00,14659216.24608,54375,31397.43,6015513.42563
2025-10-24T12:00:00+00:00,192.13,197.0,192.13,193.66,471792.92,2025-10-24T12:59:59.999000+00:00,91861483.01094,222174,253928.34,49454449.08734
2025-10-24T13:00:00+00:00,193.67,194.28,190.84,192.47,250483.819,2025-10-24T13:59:59.999000+00:00,48185990.89339,160788,114421.947,22036442.44459
2025-10-24T14:00:00+00:00,192.46,192.46,189.49,190.18,253438.512,2025-10-24T14:59:59.999000+00:00,48342822.53371,158934,103167.161,19678868.21512
2025-10-24T15:00:00+00:00,190.19,190.89,188.83,189.45,360069.167,2025-10-24T15:59:59.999000+00:00,68442673.28464,112368,126613.791,24056065.84524
2025-10-24T16:00:00+00:00,189.45,190.7,188.83,190.65,234310.607,2025-10-24T16:59:59.999000+00:00,44521616.94769,57858,165229.195,31413984.25584
2025-10-24T17:00:00+00:00,190.65,191.75,190.42,191.16,105540.506,2025-10-24T17:59:59.999000+00:00,20175164.85135,58535,40117.514,7669340.20959
2025-10-24T18:00:00+00:00,191.17,191.92,191.02,191.84,78700.986,2025-10-24T18:59:59.999000+00:00,15073134.43077,46970,24604.109,4713495.68607
2025-10-24T19:00:00+00:00,191.83,193.64,191.83,193.09,126780.766,2025-10-24T19:59:59.999000+00:00,24460653.11833,65625,83434.784,16096401.43534
2025-10-24T20:00:00+00:00,193.1,194.14,192.84,193.6,73854.852,2025-10-24T20:59:59.999000+00:00,14300499.69725,44078,35470.599,6869145.43487
2025-10-24T21:00:00+00:00,193.61,194.0,193.26,193.78,52550.305,2025-10-24T21:59:59.999000+00:00,10173958.04926,36607,22693.499,4393936.93831
2025-10-24T22:00:00+00:00,193.78,194.14,193.2,193.79,53008.761,2025-10-24T22:59:59.999000+00:00,10273269.46065,29800,36524.793,7080470.01
2025-10-24T23:00:00+00:00,193.78,193.78,193.12,193.59,49361.257,2025-10-24T23:59:59.999000+00:00,9548126.12856,24384,27668.891,5352039.36358
2025-10-25T00:00:00+00:00,193.58,193.64,192.45,192.98,73252.971,2025-10-25T00:59:59.999000+00:00,14134234.47727,43545,33041.168,6376325.79251
2025-10-25T01:00:00+00:00,192.99,194.49,192.86,193.76,82573.498,2025-10-25T01:59:59.999000+00:00,16011156.57776,40422,56625.97,10982228.61141
2025-10-25T02:00:00+00:00,193.76,194.16,193.33,193.85,63962.417,2025-10-25T02:59:59.999000+00:00,12389308.10952,30243,23041.195,4464246.09125
2025-10-25T03:00:00+00:00,193.85,194.0,193.3,193.47,54941.006,2025-10-25T03:59:59.999000+00:00,10637225.27908,30583,15862.565,3071049.73088
2025-10-25T04:00:00+00:00,193.48,194.48,193.44,194.21,70171.208,2025-10-25T04:59:59.999000+00:00,13609769.3096,31116,38762.694,7519647.47077
2025-10-25T05:00:00+00:00,194.22,194.75,193.5,194.47,59835.684,2025-10-25T05:59:59.999000+00:00,11621353.13794,29331,19502.543,3787828.44672
2025-10-25T06:00:00+00:00,194.48,194.75,194.01,194.05,70136.105,2025-10-25T06:59:59.999000+00:00,13633770.46763,30235,21676.777,4213567.52562
2025-10-25T07:00:00+00:00,194.06,194.91,193.83,193.96,64692.243,2025-10-25T07:59:59.999000+00:00,12565920.05511,33497,32709.748,6355520.54503
2025-10-25T08:00:00+00:00,193.97,195.25,193.89,194.86,75182.975,2025-10-25T08:59:59.999000+00:00,14647162.99475,43039,47655.145,9285233.54889
2025-10-25T09:00:00+00:00,194.86,194.9,192.36,192.58,108051.883,2025-10-25T09:59:59.999000+00:00,20915132.76591,49017,29297.525,5671389.68099
2025-10-25T10:00:00+00:00,192.58,192.75,191.19,192.0,116483.161,2025-10-25T10:59:59.999000+00:00,22354392.23284,58070,45042.974,8644970.92049
2025-10-25T11:00:00+00:00,191.99,192.91,191.72,192.71,74902.961,2025-10-25T11:59:59.999000+00:00,14409645.59681,36878,51168.343,9844386.96715
2025-10-25T12:00:00+00:00,192.7,194.22,192.6,193.91,65599.924,2025-10-25T12:59:59.999000+00:00,12691530.7142,41834,34232.425,6624336.2665
2025-10-25T13:00:00+00:00,193.92,193.95,192.5,192.9,66139.143,2025-10-25T13:59:59.999000+00:00,12766970.14063,39560,22915.809,4423424.97922
2025-10-25T14:00:00+00:00,192.9,192.9,191.99,192.61,61643.652,2025-10-25T14:59:59.999000+00:00,11860684.0516,38948,27974.892,5382189.44022
2025-10-25T15:00:00+00:00,192.6,192.61,191.8,191.89,83480.778,2025-10-25T15:59:59.999000+00:00,16036722.41609,39052,50559.056,9712574.60274
2025-10-25T16:00:00+00:00,191.88,192.11,191.42,191.93,64949.837,2025-10-25T16:59:59.999000+00:00,12452495.96948,36789,36699.044,7036289.7523
2025-10-25T17:00:00+00:00,191.93,192.49,191.82,192.38,24731.198,2025-10-25T17:59:59.999000+00:00,4753782.27736,20565,13832.746,2659014.4963
2025-10-25T18:00:00+00:00,192.37,194.36,192.3,194.26,115776.986,2025-10-25T18:59:59.999000+00:00,22415965.92912,54771,69839.595,13517942.11125
2025-10-25T19:00:00+00:00,194.26,194.65,193.93,194.53,64277.258,2025-10-25T19:59:59.999000+00:00,12490737.95806,29595,21963.453,4268533.31983
2025-10-25T20:00:00+00:00,194.53,194.91,193.76,194.16,64004.527,2025-10-25T20:59:59.999000+00:00,12441767.89303,35367,25027.382,4865609.35029
2025-10-25T21:00:00+00:00,194.16,194.79,193.83,194.38,47561.199,2025-10-25T21:59:59.999000+00:00,9240849.65257,31338,19524.377,3794294.28643
2025-10-25T22:00:00+00:00,194.39,194.72,193.93,194.51,27183.254,2025-10-25T22:59:59.999000+00:00,5280609.96808,27126,13092.571,2543451.7595
2025-10-25T23:00:00+00:00,194.51,194.74,193.83,193.84,27305.07,2025-10-25T23:59:59.999000+00:00,5304452.90187,23236,9579.353,1861340.17955
2025-10-26T00:00:00+00:00,193.84,194.36,193.13,193.3,48077.203,2025-10-26T00:59:59.999000+00:00,9312142.1288,38930,19702.985,3817468.10605
2025-10-26T01:00:00+00:00,193.29,193.73,192.31,192.84,54553.677,2025-10-26T01:59:59.999000+00:00,10541549.65431,36562,19828.98,3832748.54563
2025-10-26T02:00:00+00:00,192.84,193.13,191.9,192.28,69538.244,2025-10-26T02:59:59.999000+00:00,13392025.61022,38475,30539.03,5882447.83167
2025-10-26T03:00:00+00:00,192.27,193.07,192.02,192.97,41269.499,2025-10-26T03:59:59.999000+00:00,7947472.28722,31799,19706.359,3795672.73875
2025-10-26T04:00:00+00:00,192.98,193.5,192.81,192.9,36323.756,2025-10-26T04:59:59.999000+00:00,7016410.91774,20562,12981.387,2507511.28956
2025-10-26T05:00:00+00:00,192.89,193.78,192.73,193.64,34604.625,2025-10-26T05:59:59.999000+00:00,6690358.23342,19038,12008.306,2321457.2815
2025-10-26T06:00:00+00:00,193.64,194.18,193.51,194.07,46319.62,2025-10-26T06:59:59.999000+00:00,8979307.17879,20234,17042.948,3304173.12568
2025-10-26T07:00:00+00:00,194.07,194.31,193.85,193.86,40193.908,2025-10-26T07:59:59.999000+00:00,7801821.88747,20222,15848.948,3076522.17582
2025-10-26T08:00:00+00:00,193.85,194.43,193.73,194.35,43622.154,2025-10-26T08:59:59.999000+00:00,8466231.07016,20662,24565.479,4768038.74335
2025-10-26T09:00:00+00:00,194.34,196.43,193.95,195.96,196982.103,2025-10-26T09:59:59.999000+00:00,38504543.70907,96261,125178.468,24464609.17799
2025-10-26T10:00:00+00:00,195.96,196.11,194.6,194.8,129534.711,2025-10-26T10:59:59.999000+00:00,25273834.27084,52130,49210.8,9603338.65401
2025-10-26T11:00:00+00:00,194.81,197.9,194.34,197.75,234629.1,2025-10-26T11:59:59.999000+00:00,46138318.62996,111656,135134.219,26570281.65934
2025-10-26T12:00:00+00:00,197.74,198.4,196.91,198.01,206222.269,2025-10-26T12:59:59.999000+00:00,40788260.44672,102652,94826.697,18757754.55209
2025-10-26T13:00:00+00:00,198.01,199.66,197.53,199.07,178280.271,2025-10-26T13:59:59.999000+00:00,35441323.19914,94370,86116.009,17117013.41471
2025-10-26T14:00:00+00:00,199.07,199.96,198.69,198.86,157954.867,2025-10-26T14:59:59.999000+00:00,31486875.06517,77434,91535.873,18253808.98029
2025-10-26T15:00:00+00:00,198.86,199.78,198.56,199.53,99510.089,2025-10-26T15:59:59.999000+00:00,19824524.3495,50707,43847.077,8739625.36677
2025-10-26T16:00:00+00:00,199.53,199.55,198.18,198.74,116303.505,2025-10-26T16:59:59.999000+00:00,23122172.33015,58809,44859.898,8920629.40909
2025-10-26T17:00:00+00:00,198.74,199.25,198.44,198.93,49300.097,2025-10-26T17:59:59.999000+00:00,9810177.76465,34435,25688.334,5111959.67131
2025-10-26T18:00:00+00:00,198.93,199.67,198.9,199.12,56339.225,2025-10-26T18:59:59.999000+00:00,11229065.25371,34401,30554.307,6090464.30662
2025-10-26T19:00:00+00:00,199.12,199.13,198.51,198.87,33240.145,2025-10-26T19:59:59.999000+00:00,6605483.96048,26777,13634.224,2709307.59122
2025-10-26T20:00:00+00:00,198.87,198.87,197.37,197.45,105397.092,2025-10-26T20:59:59.999000+00:00,20871624.97999,45138,32723.868,6478617.7445
2025-10-26T21:00:00+00:00,197.44,198.47,196.86,198.46,69790.709,2025-10-26T21:59:59.999000+00:00,13785597.22775,45113,29834.008,5897170.24512
2025-10-26T22:00:00+00:00,198.47,202.43,198.47,200.2,385336.574,2025-10-26T22:59:59.999000+00:00,77176343.01043,202900,222875.482,44639503.44237
2025-10-26T23:00:00+00:00,200.2,200.99,199.7,200.03,144426.687,2025-10-26T23:59:59.999000+00:00,28915817.26868,72539,89992.223,18016051.83627
2025-10-27T00:00:00+00:00,200.03,203.51,199.48,203.25,239762.989,2025-10-27T00:59:59.999000+00:00,48440939.089,119241,134229.396,27119446.72267
2025-10-27T01:00:00+00:00,203.24,205.05,202.81,204.37,185582.877,2025-10-27T01:59:59.999000+00:00,37898096.67265,86686,111905.259,22857379.34992
2025-10-27T02:00:00+00:00,204.37,205.08,203.32,203.97,148001.872,2025-10-27T02:59:59.999000+00:00,30215641.80373,63958,47295.162,9663872.1927
2025-10-27T03:00:00+00:00,203.96,204.61,203.29,204.33,106659.063,2025-10-27T03:59:59.999000+00:00,21749884.32671,57673,49409.038,10079702.28316
2025-10-27T04:00:00+00:00,204.33,204.61,202.93,204.01,181888.475,2025-10-27T04:59:59.999000+00:00,37036720.42022,62980,46925.134,9555999.23953
2025-10-27T05:00:00+00:00,204.0,205.33,203.91,204.32,154704.808,2025-10-27T05:59:59.999000+00:00,31670461.6846,65029,92907.13,19018128.79396
2025-10-27T06:00:00+00:00,204.32,204.94,203.52,204.75,136558.837,2025-10-27T06:59:59.999000+00:00,27886682.07477,73225,56130.222,11467722.42317
2025-10-27T07:00:00+00:00,204.76,205.21,202.26,202.51,143293.889,2025-10-27T07:59:59.999000+00:00,29187971.19701,97479,59097.04,12044187.88908
2025-10-27T08:00:00+00:00,202.5,202.54,199.91,200.47,215261.943,2025-10-27T08:59:59.999000+00:00,43285475.32713,125383,69536.405,13977928.73795
2025-10-27T09:00:00+00:00,200.46,200.52,198.02,199.96,308627.72,2025-10-27T09:59:59.999000+00:00,61527969.9881,155329,142942.85,28499316.1678
2025-10-27T10:00:00+00:00,199.96,200.77,199.64,200.43,93897.929,2025-10-27T10:59:59.999000+00:00,18809651.3783,71876,43513.725,8716101.08026
2025-10-27T11:00:00+00:00,200.43,200.95,198.84,200.18,137156.667,2025-10-27T11:59:59.999000+00:00,27407431.88076,88179,51683.506,10334388.14866
2025-10-27T12:00:00+00:00,200.18,200.28,199.0,199.51,88847.851,2025-10-27T12:59:59.999000+00:00,17735209.53742,76107,35739.98,7133459.26738
2025-10-27T13:00:00+00:00,199.5,200.58,198.45,200.33,117363.999,2025-10-27T13:59:59.999000+00:00,23435012.34035,118341,63209.042,12629472.56631
2025-10-27T14:00:00+00:00,200.34,200.52,198.3,199.11,151743.427,2025-10-27T14:59:59.999000+00:00,30228548.26321,132844,79742.853,15889567.83738
2025-10-27T15:00:00+00:00,199.11,200.49,198.94,200.11,109199.348,2025-10-27T15:59:59.999000+00:00,21831770.33856,100380,62165.636,12427424.87278
2025-10-27T16:00:00+00:00,200.11,203.11,200.02,202.47,200794.14,2025-10-27T16:59:59.999000+00:00,40550242.60859,131170,118247.444,23877964.17331
2025-10-27T17:00:00+00:00,202.46,203.25,201.69,202.28,125930.564,2025-10-27T17:59:59.999000+00:00,25498790.71002,93316,61994.082,12556665.28842
2025-10-27T18:00:00+00:00,202.27,203.22,201.23,201.65,128764.003,2025-10-27T18:59:59.999000+00:00,26046860.74151,83447,66881.356,13529095.07513
2025-10-27T19:00:00+00:00,201.66,201.74,199.82,200.03,135323.918,2025-10-27T19:59:59.999000+00:00,27153390.52461,92818,67131.233,13473979.07957
2025-10-27T20:00:00+00:00,200.03,200.23,198.66,198.73,123437.037,2025-10-27T20:59:59.999000+00:00,24612004.39365,84327,54798.15,10927471.76799
2025-10-27T21:00:00+00:00,198.72,199.56,197.71,198.73,98690.087,2025-10-27T21:59:59.999000+00:00,19604015.5978,70406,46449.958,9232441.27479
2025-10-27T22:00:00+00:00,198.73,199.43,198.05,198.3,80960.085,2025-10-27T22:59:59.999000+00:00,16089699.75706,66650,46031.107,9149180.14874
2025-10-27T23:00:00+00:00,198.31,198.96,197.34,198.7,103157.859,2025-10-27T23:59:59.999000+00:00,20434104.75654,68443,47211.343,9355545.36391
2025-10-28T00:00:00+00:00,198.71,200.38,198.41,199.68,100381.993,2025-10-28T00:59:59.999000+00:00,20034782.63626,71255,54692.697,10913998.22279
2025-10-28T01:00:00+00:00,199.69,202.05,199.68,201.36,107306.344,2025-10-28T01:59:59.999000+00:00,21553572.67055,73909,59122.101,11882260.10757
2025-10-28T02:00:00+00:00,201.36,201.9,199.47,200.75,150669.429,2025-10-28T02:59:59.999000+00:00,30255150.60981,88490,68420.163,13750333.90026
2025-10-28T03:00:00+00:00,200.75,201.93,199.83,201.27,99832.37,2025-10-28T03:59:59.999000+00:00,20066392.30664,91541,45011.194,9048477.71274
2025-10-28T04:00:00+00:00,201.27,202.16,200.42,201.12,80946.363,2025-10-28T04:59:59.999000+00:00,16299818.50174,69203,38878.358,7830488.73038
2025-10-28T05:00:00+00:00,201.12,201.47,198.62,198.71,134617.142,2025-10-28T05:59:59.999000+00:00,26896337.17462,78294,44735.14,8941581.62871
2025-10-28T06:00:00+00:00,198.72,200.94,198.71,200.9,84931.227,2025-10-28T06:59:59.999000+00:00,16961405.44996,67577,52975.735,10580189.21904
2025-10-28T07:00:00+00:00,200.9,203.0,200.69,202.35,193853.356,2025-10-28T07:59:59.999000+00:00,39211164.53499,113553,92769.765,18756598.65374
2025-10-28T08:00:00+00:00,202.36,203.99,201.94,203.42,145439.589,2025-10-28T08:59:59.999000+00:00,29553285.7814,79097,94343.885,19175553.53743
2025-10-28T09:00:00+00:00,203.42,203.79,201.47,201.97,116840.246,2025-10-28T09:59:59.999000+00:00,23654235.63977,64253,57279.601,11591668.15327
2025-10-28T10:00:00+00:00,201.96,202.03,199.86,200.31,141202.834,2025-10-28T10:59:59.999000+00:00,28338546.55578,65025,82480.293,16550581.07079
2025-10-28T11:00:00+00:00,200.31,200.65,199.14,199.73,118322.836,2025-10-28T11:59:59.999000+00:00,23652268.06067,66993,63300.876,12657888.04822
2025-10-28T12:00:00+00:00,199.73,200.39,198.24,200.21,196883.734,2025-10-28T12:59:59.999000+00:00,39235332.07126,85220,90217.601,17993324.56263
2025-10-28T13:00:00+00:00,200.22,203.03,200.14,202.73,235079.297,2025-10-28T13:59:59.999000+00:00,47422269.55693,166337,139453.81,28125156.50212
2025-10-28T14:00:00+00:00,202.74,202.93,196.58,199.54,493609.169,2025-10-28T14:59:59.999000+00:00,98567112.45771,256667,186181.994,37181442.27526
2025-10-28T15:00:00+00:00,199.55,200.7,198.35,198.85,212988.0,2025-10-28T15:59:59.999000+00:00,42472790.71763,148048,124503.018,24834286.23844
2025-10-28T16:00:00+00:00,198.86,200.67,197.94,199.82,165875.106,2025-10-28T16:59:59.999000+00:00,33071907.10487,136289,97005.58,19351528.10952
2025-10-28T17:00:00+00:00,199.83,200.89,199.64,200.85,100594.746,2025-10-28T17:59:59.999000+00:00,20155777.76327,82976,41341.577,8281942.80883
2025-10-28T18:00:00+00:00,200.86,201.28,198.9,199.69,102601.649,2025-10-28T18:59:59.999000+00:00,20524311.07355,84447,41976.244,8393572.24303
2025-10-28T19:00:00+00:00,199.7,200.14,194.48,195.35,338715.428,2025-10-28T19:59:59.999000+00:00,66526386.85853,207243,116438.738,22876884.50178
2025-10-28T20:00:00+00:00,195.34,195.36,192.07,192.48,443397.439,2025-10-28T20:59:59.999000+00:00,85801592.17008,311358,176282.642,34119224.41226
2025-10-28T21:00:00+00:00,192.48,194.46,190.22,193.83,303551.545,2025-10-28T21:59:59.999000+00:00,58388836.07922,169983,159458.871,30693828.63684
2025-10-28T22:00:00+00:00,193.83,195.16,193.33,194.93,170696.937,2025-10-28T22:59:59.999000+00:00,33172404.30254,89742,97618.691,18969241.21518
2025-10-28T23:00:00+00:00,194.92,194.93,193.75,194.15,90833.182,2025-10-28T23:59:59.999000+00:00,17638559.28998,51980,37780.458,7336899.90119
2025-10-29T00:00:00+00:00,194.16,195.09,193.33,193.81,89289.774,2025-10-29T00:59:59.999000+00:00,17344165.04734,73954,43026.943,8361490.43723
2025-10-29T01:00:00+00:00,193.81,195.02,192.68,194.12,135809.301,2025-10-29T01:59:59.999000+00:00,26316793.95232,85685,53291.522,10332634.41591
2025-10-29T02:00:00+00:00,194.13,194.85,193.98,194.68,75164.918,2025-10-29T02:59:59.999000+00:00,14622201.86007,48441,37158.14,7228428.77327
2025-10-29T03:00:00+00:00,194.68,194.69,193.2,193.89,109489.261,2025-10-29T03:59:59.999000+00:00,21220311.23094,63038,31083.781,6023321.1692
2025-10-29T04:00:00+00:00,193.9,194.76,193.75,194.57,56775.722,2025-10-29T04:59:59.999000+00:00,11027051.31835,44673,23818.297,4628010.28232
2025-10-29T05:00:00+00:00,194.57,195.81,194.43,195.16,52305.191,2025-10-29T05:59:59.999000+00:00,10208701.80862,43597,29344.943,5727778.41855
2025-10-29T06:00:00+00:00,195.15,195.75,194.75,195.57,49525.52,2025-10-29T06:59:59.999000+00:00,9669945.70707,38097,25925.971,5063174.14106
2025-10-29T07:00:00+00:00,195.58,196.07,195.12,195.65,58861.698,2025-10-29T07:59:59.999000+00:00,11511236.27962,41594,31461.88,6153461.32735
2025-10-29T08:00:00+00:00,195.65,195.73,194.02,194.5,122582.734,2025-10-29T08:59:59.999000+00:00,23860455.25353,56786,32907.319,6405141.95631
2025-10-29T09:00:00+00:00,194.5,194.74,193.78,194.21,80473.678,2025-10-29T09:59:59.999000+00:00,15630709.4957,52762,23997.185,4661700.22296
2025-10-29T10:00:00+00:00,194.2,197.07,193.95,196.25,150072.577,2025-10-29T10:59:59.999000+00:00,29398406.56941,89300,89098.947,17468988.84387
2025-10-29T11:00:00+00:00,196.26,199.37,196.04,198.74,263315.327,2025-10-29T11:59:59.999000+00:00,52187891.5829,128374,150219.783,29764018.22789
2025-10-29T12:00:00+00:00,198.74,199.88,198.15,199.87,106477.368,2025-10-29T12:59:59.999000+00:00,21174795.45789,74755,61263.949,12185930.14103
2025-10-29T13:00:00+00:00,199.87,201.7,199.15,200.75,379446.092,2025-10-29T13:59:59.999000+00:00,76074771.54005,203442,162083.131,32506637.21764
2025-10-29T14:00:00+00:00,200.75,201.0,198.7,200.03,210767.244,2025-10-29T14:59:59.999000+00:00,42090318.96837,162865,75577.639,15097348.13328
2025-10-29T15:00:00+00:00,200.04,200.68,196.37,196.78,247353.119,2025-10-29T15:59:59.999000+00:00,49045070.72645,179147,94622.759,18775694.3215
2025-10-29T16:00:00+00:00,196.78,196.88,194.72,195.35,237358.627,2025-10-29T16:59:59.999000+00:00,46449403.44924,194673,97626.805,19104936.17928
2025-10-29T17:00:00+00:00,195.35,198.77,194.87,198.5,180684.96,2025-10-29T17:59:59.999000+00:00,35586110.26055,143605,97347.408,19170401.06322
2025-10-29T18:00:00+00:00,198.51,198.56,189.37,193.54,1071754.971,2025-10-29T18:59:59.999000+00:00,207661799.79639,636629,486696.968,94342794.49121
2025-10-29T19:00:00+00:00,193.55,195.29,191.36,192.76,413211.31,2025-10-29T19:59:59.999000+00:00,79943517.47,326447,176887.353,34236243.12651
2025-10-29T20:00:00+00:00,192.75,196.26,191.92,195.56,196004.597,2025-10-29T20:59:59.999000+00:00,38038594.26645,159616,117461.912,22803398.5735
2025-10-29T21:00:00+00:00,195.56,197.06,195.08,196.03,116860.042,2025-10-29T21:59:59.999000+00:00,22892701.99734,63703,78837.57,15447140.90728
2025-10-29T22:00:00+00:00,196.04,196.41,195.24,195.37,78841.619,2025-10-29T22:59:59.999000+00:00,15439719.66469,65040,30225.744,5921677.78708
2025-10-29T23:00:00+00:00,195.37,195.56,192.98,193.88,138462.179,2025-10-29T23:59:59.999000+00:00,26901546.66934,107262,54996.032,10683712.46437
2025-10-30T00:00:00+00:00,193.89,194.72,192.12,194.67,108362.705,2025-10-30T00:59:59.999000+00:00,20960921.21234,109833,54899.578,10625532.53667
2025-10-30T01:00:00+00:00,194.66,196.01,193.47,195.51,87317.158,2025-10-30T01:59:59.999000+00:00,16993288.74398,84399,48122.524,9366330.92714
2025-10-30T02:00:00+00:00,195.52,198.19,195.24,198.17,135461.768,2025-10-30T02:59:59.999000+00:00,26659032.07482,101613,92449.61,18197607.25585
2025-10-30T03:00:00+00:00,198.18,198.19,196.6,197.1,107704.429,2025-10-30T03:59:59.999000+00:00,21252882.51853,89219,43927.067,8665436.9928
2025-10-30T04:00:00+00:00,197.09,197.18,190.35,191.81,515476.139,2025-10-30T04:59:59.999000+00:00,99474181.2348,373026,194258.501,37476680.14725
2025-10-30T05:00:00+00:00,191.81,195.66,191.43,195.15,209800.387,2025-10-30T05:59:59.999000+00:00,40608526.43222,169729,130301.205,25257736.01037
2025-10-30T06:00:00+00:00,195.15,195.45,193.33,194.18,179575.544,2025-10-30T06:59:59.999000+00:00,34911871.51728,121467,98864.121,19219333.09736
2025-10-30T07:00:00+00:00,194.18,196.19,193.92,195.8,148024.775,2025-10-30T07:59:59.999000+00:00,28946792.15168,84623,85292.799,16680515.96526
2025-10-30T08:00:00+00:00,195.79,196.11,194.6,195.39,122444.7,2025-10-30T08:59:59.999000+00:00,23914398.6777,80177,44153.081,8623951.98967
2025-10-30T09:00:00+00:00,195.38,195.46,192.32,192.39,144242.314,2025-10-30T09:59:59.999000+00:00,27883695.87867,99772,58882.767,11380116.35225
2025-10-30T10:00:00+00:00,192.39,192.48,191.01,192.19,169057.912,2025-10-30T10:59:59.999000+00:00,32422470.42592,111633,59940.265,11499264.89244
2025-10-30T11:00:00+00:00,192.19,192.65,191.27,191.85,98149.371,2025-10-30T11:59:59.999000+00:00,18841707.0017,88142,44428.483,8533264.03333
2025-10-30T12:00:00+00:00,191.85,192.06,186.36,187.85,571434.681,2025-10-30T12:59:59.999000+00:00,107726681.33685,310517,229270.148,43157004.91664
2025-10-30T13:00:00+00:00,187.85,188.69,184.91,185.74,401711.187,2025-10-30T13:59:59.999000+00:00,74935180.66319,294583,168961.536,31540044.28675
2025-10-30T14:00:00+00:00,185.74,187.86,185.66,187.28,204645.677,2025-10-30T14:59:59.999000+00:00,38210203.80936,214502,111222.792,20770834.67441
2025-10-30T15:00:00+00:00,187.27,187.64,184.49,185.02,177191.653,2025-10-30T15:59:59.999000+00:00,32898420.83237,178206,80113.179,14878669.51923
2025-10-30T16:00:00+00:00,185.01,186.35,183.96,185.31,177003.305,2025-10-30T16:59:59.999000+00:00,32755908.04612,153336,90186.979,16698440.54897
2025-10-30T17:00:00+00:00,185.31,185.34,181.42,183.8,246436.443,2025-10-30T17:59:59.999000+00:00,45110777.10896,209776,112265.451,20554311.64263
2025-10-30T18:00:00+00:00,183.8,183.94,180.82,181.31,171187.336,2025-10-30T18:59:59.999000+00:00,31151827.09257,129488,77378.07,14079902.10054
2025-10-30T19:00:00+00:00,181.3,181.9,178.65,179.06,342175.703,2025-10-30T19:59:59.999000+00:00,61690066.11536,212077,137660.512,24838549.49757
2025-10-30T20:00:00+00:00,179.05,182.59,178.79,182.25,263826.29,2025-10-30T20:59:59.999000+00:00,47650742.90384,204138,151764.404,27418990.67953
2025-10-30T21:00:00+00:00,182.26,182.71,181.13,182.39,173025.632,2025-10-30T21:59:59.999000+00:00,31515537.03836,105456,98393.419,17922537.69471
2025-10-30T22:00:00+00:00,182.39,183.74,182.11,183.66,141173.356,2025-10-30T22:59:59.999000+00:00,25823223.85799,81031,76981.114,14082777.21066
2025-10-30T23:00:00+00:00,183.65,184.74,182.6,184.69,159109.798,2025-10-30T23:59:59.999000+00:00,29229036.69584,75085,85448.045,15695156.29665
2025-10-31T00:00:00+00:00,184.69,186.52,184.06,185.45,180047.387,2025-10-31T00:59:59.999000+00:00,33315945.66896,95235,106105.95,19643272.68604
2025-10-31T01:00:00+00:00,185.45,186.91,185.04,186.25,196692.26,2025-10-31T01:59:59.999000+00:00,36643101.45135,92939,93806.302,17471125.63374
2025-10-31T02:00:00+00:00,186.26,186.3,183.7,184.63,165960.364,2025-10-31T02:59:59.999000+00:00,30676419.54038,101857,63996.381,11833936.87188
2025-10-31T03:00:00+00:00,184.63,185.75,184.13,185.15,105908.883,2025-10-31T03:59:59.999000+00:00,19598136.06368,82622,61880.859,11451193.44023
2025-10-31T04:00:00+00:00,185.14,187.03,184.95,186.65,136123.625,2025-10-31T04:59:59.999000+00:00,25356230.65538,91251,86243.99,16066253.49189
2025-10-31T05:00:00+00:00,186.64,186.64,185.32,185.71,121598.092,2025-10-31T05:59:59.999000+00:00,22578318.70061,56144,67759.202,12575537.69024
2025-10-31T06:00:00+00:00,185.71,185.87,184.94,185.55,69286.627,2025-10-31T06:59:59.999000+00:00,12840316.40479,57902,25788.055,4779705.49432
2025-10-31T07:00:00+00:00,185.56,186.13,184.77,185.36,113664.421,2025-10-31T07:59:59.999000+00:00,21082286.14458,58902,54247.174,10062243.81967
2025-10-31T08:00:00+00:00,185.36,186.58,184.58,186.5,97814.496,2025-10-31T08:59:59.999000+00:00,18151951.92368,72750,55421.93,10289500.61395
2025-10-31T09:00:00+00:00,186.5,187.03,186.0,186.63,133441.289,2025-10-31T09:59:59.999000+00:00,24898611.42475,64151,52102.378,9721566.40369
2025-10-31T10:00:00+00:00,186.64,187.37,186.22,186.41,94435.167,2025-10-31T10:59:59.999000+00:00,17632554.81022,63400,43090.699,8047364.78881
2025-10-31T11:00:00+00:00,186.41,189.22,186.23,188.89,132911.963,2025-10-31T11:59:59.999000+00:00,24935115.91182,78856,77045.635,14455186.51708
2025-10-31T12:00:00+00:00,188.89,189.4,186.34,186.51,291184.177,2025-10-31T12:59:59.999000+00:00,54758366.04665,115579,158706.562,29860852.32173
2025-10-31T13:00:00+00:00,186.51,188.58,186.0,188.35,137648.455,2025-10-31T13:59:59.999000+00:00,25748183.59443,126077,82437.146,15427310.26081
2025-10-31T14:00:00+00:00,188.36,189.47,186.96,189.08,164862.452,2025-10-31T14:59:59.999000+00:00,31024545.06709,157722,98146.765,18474332.42074
2025-10-31T15:00:00+00:00,189.08,190.26,187.95,188.13,207864.427,2025-10-31T15:59:59.999000+00:00,39321770.62039,143513,114684.998,21700296.84565
2025-10-31T16:00:00+00:00,188.12,188.6,184.68,185.05,166225.722,2025-10-31T16:59:59.999000+00:00,30977206.57076,133565,65165.391,12144698.26193
2025-10-31T17:00:00+00:00,185.05,185.95,184.38,185.36,154363.031,2025-10-31T17:59:59.999000+00:00,28567785.69769,136237,75989.399,14067203.68224
2025-10-31T18:00:00+00:00,185.35,186.57,184.5,185.97,128976.062,2025-10-31T18:59:59.999000+00:00,23935502.35692,100586,73672.996,13675022.52016
2025-10-31T19:00:00+00:00,185.96,189.04,185.01,188.42,139820.156,2025-10-31T19:59:59.999000+00:00,26182343.11971,109705,80629.307,15103621.29029
2025-10-31T20:00:00+00:00,188.41,188.78,186.71,186.92,107277.456,2025-10-31T20:59:59.999000+00:00,20157460.96001,75027,55437.077,10421277.25176
2025-10-31T21:00:00+00:00,186.92,187.7,186.54,187.25,46635.848,2025-10-31T21:59:59.999000+00:00,8725896.95305,48234,26539.159,4966737.78053
2025-10-31T22:00:00+00:00,187.25,187.89,187.0,187.27,58188.435,2025-10-31T22:59:59.999000+00:00,10906553.41225,43624,33710.388,6319378.91343
2025-10-31T23:00:00+00:00,187.27,187.81,187.13,187.21,42463.045,2025-10-31T23:59:59.999000+00:00,7961135.57614,31116,24311.88,4558522.94418
2025-11-01T00:00:00+00:00,187.21,187.34,186.04,187.11,133451.34,2025-11-01T00:59:59.999000+00:00,24898716.94367,50923,68923.096,12856578.30459
2025-11-01T01:00:00+00:00,187.11,187.45,186.12,186.12,48567.388,2025-11-01T01:59:59.999000+00:00,9077910.5913,37640,22081.951,4128197.35475
2025-11-01T02:00:00+00:00,186.13,186.76,185.5,186.61,53759.074,2025-11-01T02:59:59.999000+00:00,10000164.62956,43491,26347.788,4901896.75616
2025-11-01T03:00:00+00:00,186.6,187.48,186.57,187.2,43906.725,2025-11-01T03:59:59.999000+00:00,8213943.72194,39052,24051.892,4499588.72116
2025-11-01T04:00:00+00:00,187.2,187.55,186.3,187.08,56005.725,2025-11-01T04:59:59.999000+00:00,10462786.13999,42379,30316.407,5663870.62776
2025-11-01T05:00:00+00:00,187.07,187.13,186.16,186.23,27091.73,2025-11-01T05:59:59.999000+00:00,5055812.58504,29394,13136.324,2451313.9804
2025-11-01T06:00:00+00:00,186.23,186.38,185.0,185.71,69833.425,2025-11-01T06:59:59.999000+00:00,12959208.37844,37467,32137.276,5964877.29257
2025-11-01T07:00:00+00:00,185.71,186.37,185.32,185.8,51689.842,2025-11-01T07:59:59.999000+00:00,9602586.86914,35498,24230.668,4502128.42516
2025-11-01T08:00:00+00:00,185.79,186.54,185.66,186.54,46145.514,2025-11-01T08:59:59.999000+00:00,8586657.15777,34221,27324.062,5083971.77025
2025-11-01T09:00:00+00:00,186.54,186.72,185.73,185.82,54782.706,2025-11-01T09:59:59.999000+00:00,10201555.76584,36131,31520.935,5872191.29112
2025-11-01T10:00:00+00:00,185.82,186.42,185.28,186.16,56410.365,2025-11-01T10:59:59.999000+00:00,10483537.06029,33862,31068.591,5774670.88192
2025-11-01T11:00:00+00:00,186.16,186.65,185.7,186.22,65394.97,2025-11-01T11:59:59.999000+00:00,12176272.60801,33268,21791.304,4056897.37611
2025-11-01T12:00:00+00:00,186.22,186.65,186.22,186.4,70672.855,2025-11-01T12:59:59.999000+00:00,13178494.87102,36785,20953.576,3906711.64075
2025-11-01T13:00:00+00:00,186.41,186.49,184.8,185.34,69152.257,2025-11-01T13:59:59.999000+00:00,12837714.14338,43985,28480.987,5289940.52596
2025-11-01T14:00:00+00:00,185.33,185.59,183.79,185.03,96841.363,2025-11-01T14:59:59.999000+00:00,17866338.89353,65693,38357.529,7077737.62708
2025-11-01T15:00:00+00:00,185.03,186.43,184.88,186.42,107061.494,2025-11-01T15:59:59.999000+00:00,19881176.58674,67716,51683.506,9596320.12823
2025-11-01T16:00:00+00:00,186.42,187.12,186.0,186.43,85951.465,2025-11-01T16:59:59.999000+00:00,16042194.54245,67293,33651.506,6280191.702
2025-11-01T17:00:00+00:00,186.44,186.55,184.9,184.96,72155.66,2025-11-01T17:59:59.999000+00:00,13386020.02414,47417,45738.936,8482673.69262
2025-11-01T18:00:00+00:00,184.96,185.76,184.87,185.73,88213.799,2025-11-01T18:59:59.999000+00:00,16339448.7498,40853,70790.484,13111303.12325
2025-11-01T19:00:00+00:00,185.73,186.37,185.4,186.27,27690.584,2025-11-01T19:59:59.999000+00:00,5145818.57792,28095,16915.744,3144014.01506
2025-11-01T20:00:00+00:00,186.28,186.96,186.15,186.49,44783.361,2025-11-01T20:59:59.999000+00:00,8357259.22266,30954,14748.58,2752245.68483
2025-11-01T21:00:00+00:00,186.49,186.61,185.3,185.35,35010.404,2025-11-01T21:59:59.999000+00:00,6516096.0703,33003,15546.81,2894571.76658
2025-11-01T22:00:00+00:00,185.35,186.26,184.98,186.14,55688.985,2025-11-01T22:59:59.999000+00:00,10331901.86018,38713,35683.604,6621906.60977
2025-11-01T23:00:00+00:00,186.14,186.56,185.84,186.35,24244.189,2025-11-01T23:59:59.999000+00:00,4515123.23718,23977,11564.237,2153519.65161
2025-11-02T00:00:00+00:00,186.35,186.37,185.07,185.1,57358.676,2025-11-02T00:59:59.999000+00:00,10638081.89123,38845,37538.983,6960417.89294
2025-11-02T01:00:00+00:00,185.1,185.5,184.66,184.8,81094.956,2025-11-02T01:59:59.999000+00:00,15009244.35592,36439,42214.831,7815304.51712
2025-11-02T02:00:00+00:00,184.81,186.0,184.78,185.37,42525.107,2025-11-02T02:59:59.999000+00:00,7886684.66282,35706,26096.747,4839052.67832
2025-11-02T03:00:00+00:00,185.37,185.52,184.97,185.29,27976.047,2025-11-02T03:59:59.999000+00:00,5181386.92105,24777,19103.416,3538253.8105
2025-11-02T04:00:00+00:00,185.3,188.03,185.02,187.79,114772.279,2025-11-02T04:59:59.999000+00:00,21462749.93515,51244,71548.951,13383596.69598
2025-11-02T05:00:00+00:00,187.8,187.84,186.54,187.09,71515.381,2025-11-02T05:59:59.999000+00:00,13383955.18666,49682,32696.524,6116689.34034
2025-11-02T06:00:00+00:00,187.09,187.69,186.62,187.41,39164.112,2025-11-02T06:59:59.999000+00:00,7327443.20749,37077,20219.401,3782601.70034
2025-11-02T07:00:00+00:00,187.41,188.34,186.7,187.72,64430.301,2025-11-02T07:59:59.999000+00:00,12088684.3993,40361,30685.612,5755224.74013
2025-11-02T08:00:00+00:00,187.72,187.95,186.96,187.14,43605.503,2025-11-02T08:59:59.999000+00:00,8173517.84874,42499,21135.29,3962535.30789
2025-11-02T09:00:00+00:00,187.14,187.91,185.81,185.91,65180.64,2025-11-02T09:59:59.999000+00:00,12176147.98823,57390,32267.607,6028162.72316
2025-11-02T10:00:00+00:00,185.91,186.2,184.45,185.04,123117.998,2025-11-02T10:59:59.999000+00:00,22791881.99604,68787,60839.26,11263282.82779
2025-11-02T11:00:00+00:00,185.04,186.38,184.88,186.15,85039.903,2025-11-02T11:59:59.999000+00:00,15785039.99704,54391,41964.221,7790900.05255
2025-11-02T12:00:00+00:00,186.14,186.5,185.26,185.52,113746.779,2025-11-02T12:59:59.999000+00:00,21145713.76837,51432,47596.149,8843883.4488
2025-11-02T13:00:00+00:00,185.53,185.57,183.93,185.09,86662.835,2025-11-02T13:59:59.999000+00:00,16013646.07314,60289,40788.456,7538910.40947
2025-11-02T14:00:00+00:00,185.09,185.37,183.53,184.35,109372.502,2025-11-02T14:59:59.999000+00:00,20165227.89,96195,47289.223,8719808.967
2025-11-02T15:00:00+00:00,184.36,185.05,183.73,183.77,86702.771,2025-11-02T15:59:59.999000+00:00,15984051.11212,75086,35742.942,6593474.24238
2025-11-02T16:00:00+00:00,183.77,184.45,182.0,184.29,149045.219,2025-11-02T16:59:59.999000+00:00,27312282.81293,114302,63276.865,11599079.53035
2025-11-02T17:00:00+00:00,184.29,184.61,183.58,184.42,64296.95,2025-11-02T17:59:59.999000+00:00,11832484.03881,45584,23093.071,4250740.87579
2025-11-02T18:00:00+00:00,184.42,184.68,184.0,184.25,25900.261,2025-11-02T18:59:59.999000+00:00,4774503.56208,29191,10061.207,1854612.57184
2025-11-02T19:00:00+00:00,184.25,184.3,183.06,184.02,42054.492,2025-11-02T19:59:59.999000+00:00,7720387.15012,39890,19928.16,3658862.98109
2025-11-02T20:00:00+00:00,184.02,184.57,183.58,184.56,16164.695,2025-11-02T20:59:59.999000+00:00,2976156.21006,23226,10277.357,1892270.49166
2025-11-02T21:00:00+00:00,184.57,186.0,184.53,185.49,47645.813,2025-11-02T21:59:59.999000+00:00,8831032.00815,40110,29226.362,5415858.36775
2025-11-02T22:00:00+00:00,185.49,185.68,184.34,184.91,63683.487,2025-11-02T22:59:59.999000+00:00,11772301.80952,40521,33175.25,6130554.03598
2025-11-02T23:00:00+00:00,184.92,188.1,184.92,187.71,140240.85,2025-11-02T23:59:59.999000+00:00,26201709.50855,92772,90511.952,16912082.23902
2025-11-03T00:00:00+00:00,187.71,189.13,186.58,186.58,165577.787,2025-11-03T00:59:59.999000+00:00,31160058.92515,102645,84501.853,15906102.40672
2025-11-03T01:00:00+00:00,186.58,187.17,185.36,185.53,106464.449,2025-11-03T01:59:59.999000+00:00,19831245.09501,107486,45544.103,8485006.72852
2025-11-03T02:00:00+00:00,185.53,185.93,183.0,183.48,246972.888,2025-11-03T02:59:59.999000+00:00,45522812.50435,145460,123072.121,22669970.97749
2025-11-03T03:00:00+00:00,183.47,183.67,176.73,177.57,575363.31,2025-11-03T03:59:59.999000+00:00,103394366.79743,282657,215200.193,38687509.88701
2025-11-03T04:00:00+00:00,177.56,178.4,175.88,177.94,277066.644,2025-11-03T04:59:59.999000+00:00,49121917.86611,160311,135049.657,23951397.1758
2025-11-03T05:00:00+00:00,177.95,178.75,176.44,176.81,171084.114,2025-11-03T05:59:59.999000+00:00,30403504.092,102961,81318.399,14461177.609
2025-11-03T06:00:00+00:00,176.82,177.26,174.22,176.11,288462.426,2025-11-03T06:59:59.999000+00:00,50643505.60812,157600,107301.156,18846920.8709
2025-11-03T07:00:00+00:00,176.11,177.13,175.44,176.5,127048.548,2025-11-03T07:59:59.999000+00:00,22398131.61769,112115,71962.887,12689835.1754
2025-11-03T08:00:00+00:00,176.51,176.61,173.0,175.67,430375.481,2025-11-03T08:59:59.999000+00:00,75304096.89998,140916,156449.886,27445887.18308
2025-11-03T09:00:00+00:00,175.67,176.92,173.99,174.94,213493.693,2025-11-03T09:59:59.999000+00:00,37471587.90973,107722,101438.774,17820328.71471
2025-11-03T10:00:00+00:00,174.93,175.92,173.64,174.11,177548.727,2025-11-03T10:59:59.999000+00:00,31046691.81911,90455,97522.26,17061214.80222
2025-11-03T11:00:00+00:00,174.12,176.11,174.09,175.32,181289.827,2025-11-03T11:59:59.999000+00:00,31763829.87156,117838,112791.971,19762051.58955
2025-11-03T12:00:00+00:00,175.32,176.6,175.03,175.56,131368.188,2025-11-03T12:59:59.999000+00:00,23110533.22674,82439,65194.67,11469010.10117
2025-11-03T13:00:00+00:00,175.56,176.33,174.97,175.84,130171.032,2025-11-03T13:59:59.999000+00:00,22852010.74261,73460,68304.874,11995942.34616
2025-11-03T14:00:00+00:00,175.83,176.95,174.86,176.44,167019.456,2025-11-03T14:59:59.999000+00:00,29380497.48028,124126,97920.915,17230915.32239
2025-11-03T15:00:00+00:00,176.44,176.75,165.0,166.79,1906040.979,2025-11-03T15:59:59.999000+00:00,321040132.84374,629462,839093.737,141313835.83447
2025-11-03T16:00:00+00:00,166.79,169.2,165.61,168.37,537018.315,2025-11-03T16:59:59.999000+00:00,90062502.02518,338214,260391.333,43682473.14136
2025-11-03T17:00:00+00:00,168.38,171.0,168.08,169.93,328721.167,2025-11-03T17:59:59.999000+00:00,55766545.37539,192256,142885.672,24246175.41385
2025-11-03T18:00:00+00:00,169.93,170.15,167.76,167.88,184021.169,2025-11-03T18:59:59.999000+00:00,31102338.05131,127590,64427.721,10889493.13486
2025-11-03T19:00:00+00:00,167.88,168.34,166.62,166.74,153801.466,2025-11-03T19:59:59.999000+00:00,25756925.02655,130352,62945.602,10541146.50024
2025-11-03T20:00:00+00:00,166.75,167.24,163.15,164.4,315609.261,2025-11-03T20:59:59.999000+00:00,52082458.99303,203195,119151.109,19669496.78275
2025-11-03T21:00:00+00:00,164.39,166.22,163.25,165.94,259845.09,2025-11-03T21:59:59.999000+00:00,42916166.5725,185350,149394.726,24672464.42118
2025-11-03T22:00:00+00:00,165.94,166.28,164.2,165.75,153558.59,2025-11-03T22:59:59.999000+00:00,25402595.19495,118196,77783.239,12870992.85167
2025-11-03T23:00:00+00:00,165.75,166.32,164.47,166.06,99690.456,2025-11-03T23:59:59.999000+00:00,16514873.47872,77777,58124.294,9629798.1985
2025-11-04T00:00:00+00:00,166.06,167.24,164.18,166.58,161881.22,2025-11-04T00:59:59.999000+00:00,26855819.50749,137679,87448.917,14514446.20624
2025-11-04T01:00:00+00:00,166.58,168.37,165.88,167.85,131070.58,2025-11-04T01:59:59.999000+00:00,21946641.45074,116616,80899.751,13546761.61316
2025-11-04T02:00:00+00:00,167.84,168.42,166.43,166.68,79289.234,2025-11-04T02:59:59.999000+00:00,13273483.31084,84634,38145.896,6388957.22064
2025-11-04T03:00:00+00:00,166.69,168.26,166.26,167.66,84038.169,2025-11-04T03:59:59.999000+00:00,14077211.8875,95446,48988.42,8205470.83198
2025-11-04T04:00:00+00:00,167.66,168.13,164.75,165.03,195337.895,2025-11-04T04:59:59.999000+00:00,32429031.70366,114462,85509.098,14189085.84586
2025-11-04T05:00:00+00:00,165.04,165.49,157.17,157.69,812100.266,2025-11-04T05:59:59.999000+00:00,130352740.82963,421955,305719.477,49093342.20477
2025-11-04T06:00:00+00:00,157.7,161.34,157.62,158.58,326245.586,2025-11-04T06:59:59.999000+00:00,51958373.15993,243265,163413.864,26039046.90785
2025-11-04T07:00:00+00:00,158.59,158.92,155.87,157.07,393551.361,2025-11-04T07:59:59.999000+00:00,61918795.92123,232763,213625.466,33614291.28355
2025-11-04T08:00:00+00:00,157.07,160.47,156.41,159.25,322775.341,2025-11-04T08:59:59.999000+00:00,51152978.97378,230508,169952.148,26944877.09774
2025-11-04T09:00:00+00:00,159.25,160.46,158.66,160.39,176771.802,2025-11-04T09:59:59.999000+00:00,28223480.08531,145466,101275.418,16173127.14894
2025-11-04T10:00:00+00:00,160.38,161.4,159.95,160.49,184227.371,2025-11-04T10:59:59.999000+00:00,29589103.23704,150868,103639.757,16647355.74863
2025-11-04T11:00:00+00:00,160.48,162.25,160.33,161.71,194561.845,2025-11-04T11:59:59.999000+00:00,31409424.71909,127687,119429.172,19283036.60548
2025-11-04T12:00:00+00:00,161.71,162.54,160.82,161.43,166880.173,2025-11-04T12:59:59.999000+00:00,26945626.37533,122906,77671.839,12545385.8156
2025-11-04T13:00:00+00:00,161.42,162.62,160.51,161.28,212334.454,2025-11-04T13:59:59.999000+00:00,34280488.4131,152589,119661.356,19322079.70299
2025-11-04T14:00:00+00:00,161.27,164.76,159.32,164.39,379136.706,2025-11-04T14:59:59.999000+00:00,61475022.23243,304309,205623.868,33391519.6639
2025-11-04T15:00:00+00:00,164.4,165.27,161.27,161.5,309460.533,2025-11-04T15:59:59.999000+00:00,50616707.13046,232203,158647.254,25959974.18825
2025-11-04T16:00:00+00:00,161.5,162.36,158.16,158.2,333480.063,2025-11-04T16:59:59.999000+00:00,53405742.0638,249239,168422.304,26984875.6375
2025-11-04T17:00:00+00:00,158.21,158.24,153.05,156.21,658528.121,2025-11-04T17:59:59.999000+00:00,102623641.74721,437632,310510.053,48401651.92788
2025-11-04T18:00:00+00:00,156.2,156.56,152.26,156.43,524363.333,2025-11-04T18:59:59.999000+00:00,80959124.86308,399446,270470.97,41791147.94786
2025-11-04T19:00:00+00:00,156.42,157.44,154.21,154.62,241710.908,2025-11-04T19:59:59.999000+00:00,37670268.44461,228243,121436.729,18926050.24922
2025-11-04T20:00:00+00:00,154.62,155.07,148.29,153.4,865709.662,2025-11-04T20:59:59.999000+00:00,131111886.91951,491259,392745.323,59531581.06505
2025-11-04T21:00:00+00:00,153.41,154.12,145.85,151.17,836885.629,2025-11-04T21:59:59.999000+00:00,124923602.56105,478960,374176.474,55872046.0448
2025-11-04T22:00:00+00:00,151.17,155.6,150.48,155.22,437695.201,2025-11-04T22:59:59.999000+00:00,67196576.4817,239334,229778.738,35280079.92338
2025-11-04T23:00:00+00:00,155.22,155.9,153.9,155.03,260542.112,2025-11-04T23:59:59.999000+00:00,40392828.21038,136436,158640.39,24595632.77024
2025-11-05T00:00:00+00:00,155.04,155.64,152.49,153.35,218765.786,2025-11-05T00:59:59.999000+00:00,33652872.2353,159325,92436.482,14225000.75187
2025-11-05T01:00:00+00:00,153.35,153.56,147.29,152.66,484387.467,2025-11-05T01:59:59.999000+00:00,72657777.66947,404065,226725.67,34002074.0093
2025-11-05T02:00:00+00:00,152.65,156.21,152.6,156.13,400664.711,2025-11-05T02:59:59.999000+00:00,61948862.90847,331267,220595.391,34117824.4944
2025-11-05T03:00:00+00:00,156.13,157.42,155.06,156.93,207687.558,2025-11-05T03:59:59.999000+00:00,32472765.98878,178299,129893.115,20317793.42499
2025-11-05T04:00:00+00:00,156.93,158.06,155.66,157.04,165584.469,2025-11-05T04:59:59.999000+00:00,25978695.88749,142470,96629.805,15169823.81994
2025-11-05T05:00:00+00:00,157.05,158.62,156.83,157.52,119400.299,2025-11-05T05:59:59.999000+00:00,18822949.98894,99572,69303.844,10926364.97313
2025-11-05T06:00:00+00:00,157.52,158.15,156.6,158.03,181080.033,2025-11-05T06:59:59.999000+00:00,28481198.85104,96937,89003.888,14002592.46061
2025-11-05T07:00:00+00:00,158.03,158.11,155.95,156.47,152677.478,2025-11-05T07:59:59.999000+00:00,23921906.60012,101576,71937.532,11271195.38074
2025-11-05T08:00:00+00:00,156.47,156.48,153.67,155.7,346107.664,2025-11-05T08:59:59.999000+00:00,53666859.08225,190067,141495.669,21949077.61384
2025-11-05T09:00:00+00:00,155.69,157.34,155.58,157.04,145075.77,2025-11-05T09:59:59.999000+00:00,22719289.50032,129529,89083.186,13952464.03792
2025-11-05T10:00:00+00:00,157.03,157.08,154.69,154.86,94961.189,2025-11-05T10:59:59.999000+00:00,14811929.36615,105664,40621.136,6336261.17519
2025-11-05T11:00:00+00:00,154.87,157.63,154.87,157.48,102372.871,2025-11-05T11:59:59.999000+00:00,16038358.85951,97610,61898.84,9701031.47621
2025-11-05T12:00:00+00:00,157.48,158.77,156.77,158.3,153535.576,2025-11-05T12:59:59.999000+00:00,24229336.87222,114961,89416.182,14113810.18712
2025-11-05T13:00:00+00:00,158.29,159.93,157.6,159.45,196577.336,2025-11-05T13:59:59.999000+00:00,31232312.73736,138127,106695.248,16952799.87111
2025-11-05T14:00:00+00:00,159.44,159.65,156.94,158.74,228593.63,2025-11-05T14:59:59.999000+00:00,36227670.85407,179279,116721.159,18496528.36543
2025-11-05T15:00:00+00:00,158.75,160.57,157.91,160.5,269349.574,2025-11-05T15:59:59.999000+00:00,42867550.86655,193864,140732.346,22411658.74769
2025-11-05T16:00:00+00:00,160.5,162.09,158.57,161.83,211150.404,2025-11-05T16:59:59.999000+00:00,33835016.8857,154135,109072.788,17498082.1776
2025-11-05T17:00:00+00:00,161.84,162.49,160.93,162.03,219631.137,2025-11-05T17:59:59.999000+00:00,35566534.28485,122546,110852.65,17952085.44736
2025-11-05T18:00:00+00:00,162.03,163.93,161.7,163.14,204265.224,2025-11-05T18:59:59.999000+00:00,33289983.89435,101293,112678.045,18367034.93047
2025-11-05T19:00:00+00:00,163.15,163.44,162.2,162.53,158212.719,2025-11-05T19:59:59.999000+00:00,25761032.89454,93049,84863.053,13817008.37091
2025-11-05T20:00:00+00:00,162.53,163.97,162.36,162.57,119966.183,2025-11-05T20:59:59.999000+00:00,19548824.81846,101900,56934.12,9280713.73907
2025-11-05T21:00:00+00:00,162.56,162.56,161.12,161.86,130541.732,2025-11-05T21:59:59.999000+00:00,21113190.49524,94209,63485.831,10267469.96996
2025-11-05T22:00:00+00:00,161.86,162.91,161.31,162.82,63011.654,2025-11-05T22:59:59.999000+00:00,10211335.82641,53091,34445.986,5583541.33419
2025-11-05T23:00:00+00:00,162.82,163.06,162.14,162.37,76931.224,2025-11-05T23:59:59.999000+00:00,12514049.27582,61248,40269.555,6551194.25742
2025-11-06T00:00:00+00:00,162.37,162.37,160.47,161.38,223957.954,2025-11-06T00:59:59.999000+00:00,36087865.27663,99908,98206.648,15824792.62408
2025-11-06T01:00:00+00:00,161.37,161.67,159.7,160.8,234381.82,2025-11-06T01:59:59.999000+00:00,37637107.59927,109527,103935.515,16693585.70965
2025-11-06T02:00:00+00:00,160.8,162.33,160.11,161.75,107268.145,2025-11-06T02:59:59.999000+00:00,17305567.19457,100660,60786.111,9808718.55288
2025-11-06T03:00:00+00:00,161.75,162.91,161.61,162.45,80977.589,2025-11-06T03:59:59.999000+00:00,13137334.35232,78474,47865.735,7765018.76442
2025-11-06T04:00:00+00:00,162.46,162.75,161.71,162.13,57337.746,2025-11-06T04:59:59.999000+00:00,9302508.11968,56165,25294.696,4103763.04151
2025-11-06T05:00:00+00:00,162.12,162.12,158.83,159.33,132302.657,2025-11-06T05:59:59.999000+00:00,21150076.92428,94678,45596.408,7294543.31399
2025-11-06T06:00:00+00:00,159.32,160.0,158.78,158.8,95834.257,2025-11-06T06:59:59.999000+00:00,15277558.30082,76271,34060.96,5430671.85473
2025-11-06T07:00:00+00:00,158.8,159.99,158.25,158.84,89893.373,2025-11-06T07:59:59.999000+00:00,14287915.03298,86806,41688.154,6628436.89489
2025-11-06T08:00:00+00:00,158.84,159.53,158.51,159.34,87833.433,2025-11-06T08:59:59.999000+00:00,13984949.56423,64444,58806.677,9367171.65744
2025-11-06T09:00:00+00:00,159.34,159.9,158.77,158.78,88443.989,2025-11-06T09:59:59.999000+00:00,14092012.30051,70080,46104.703,7349551.3858
2025-11-06T10:00:00+00:00,158.78,159.76,157.66,159.05,129108.906,2025-11-06T10:59:59.999000+00:00,20494737.82806,93948,62368.655,9904914.67619
2025-11-06T11:00:00+00:00,159.06,159.4,158.18,158.85,157030.872,2025-11-06T11:59:59.999000+00:00,24950758.86476,73211,88350.193,14036894.31252
2025-11-06T12:00:00+00:00,158.85,159.43,157.11,157.49,147578.013,2025-11-06T12:59:59.999000+00:00,23336567.48828,94754,71361.913,11287560.11988
2025-11-06T13:00:00+00:00,157.48,161.33,157.48,160.65,222195.915,2025-11-06T13:59:59.999000+00:00,35604304.0035,142631,123308.54,19762388.48586
2025-11-06T14:00:00+00:00,160.64,161.51,157.35,157.8,222752.584,2025-11-06T14:59:59.999000+00:00,35348300.69318,203554,97182.664,15414598.81652
2025-11-06T15:00:00+00:00,157.79,158.99,155.4,155.92,340487.7,2025-11-06T15:59:59.999000+00:00,53401750.19285,274695,158623.575,24874023.96078
2025-11-06T16:00:00+00:00,155.92,156.99,153.8,155.4,329661.76,2025-11-06T16:59:59.999000+00:00,51222865.82654,215548,127166.21,19759363.84621
2025-11-06T17:00:00+00:00,155.4,157.64,154.84,157.26,184872.928,2025-11-06T17:59:59.999000+00:00,28877865.2303,162630,103681.508,16188149.46976
2025-11-06T18:00:00+00:00,157.26,158.67,155.46,157.49,148588.917,2025-11-06T18:59:59.999000+00:00,23331530.42668,122515,68944.92,10823698.79684
2025-11-06T19:00:00+00:00,157.49,157.83,156.15,156.89,105767.762,2025-11-06T19:59:59.999000+00:00,16606888.82838,115969,42614.878,6693051.82189
2025-11-06T20:00:00+00:00,156.89,157.82,154.64,155.31,121415.746,2025-11-06T20:59:59.999000+00:00,18947360.26608,132653,55221.13,8612489.34345
2025-11-06T21:00:00+00:00,155.31,156.94,154.67,156.49,84805.621,2025-11-06T21:59:59.999000+00:00,13207292.33701,94319,47614.795,7417901.10159
2025-11-06T22:00:00+00:00,156.49,156.81,154.26,155.58,85506.316,2025-11-06T22:59:59.999000+00:00,13279241.84141,74514,45615.821,7083454.3728
2025-11-06T23:00:00+00:00,155.57,155.57,153.45,155.28,98749.324,2025-11-06T23:59:59.999000+00:00,15258404.36886,94531,46525.462,7191931.75705
2025-11-07T00:00:00+00:00,155.27,157.14,154.89,156.77,135922.019,2025-11-07T00:59:59.999000+00:00,21222633.9522,139445,75116.319,11735279.43436
2025-11-07T01:00:00+00:00,156.78,157.25,154.22,157.05,137526.934,2025-11-07T01:59:59.999000+00:00,21418389.26986,165259,68596.145,10683959.63287
2025-11-07T02:00:00+00:00,157.04,158.1,156.16,158.01,123148.048,2025-11-07T02:59:59.999000+00:00,19349628.04252,147701,61329.688,9640108.0214
2025-11-07T03:00:00+00:00,158.02,158.62,156.79,156.85,119919.015,2025-11-07T03:59:59.999000+00:00,18913602.09714,105687,55681.564,8787522.24232
2025-11-07T04:00:00+00:00,156.86,157.08,155.24,156.17,122441.889,2025-11-07T04:59:59.999000+00:00,19107583.62292,98114,51583.999,8047440.74423
2025-11-07T05:00:00+00:00,156.17,158.24,156.15,158.09,94691.071,2025-11-07T05:59:59.999000+00:00,14910824.11735,102616,50861.098,8008471.29428
2025-11-07T06:00:00+00:00,158.1,158.28,156.8,156.8,57406.757,2025-11-07T06:59:59.999000+00:00,9051545.68138,60546,25780.027,4065316.40659
2025-11-07T07:00:00+00:00,156.81,157.87,156.37,157.79,69055.415,2025-11-07T07:59:59.999000+00:00,10848292.87206,69329,37441.728,5882481.84408
2025-11-07T08:00:00+00:00,157.79,158.21,156.85,157.3,60839.181,2025-11-07T08:59:59.999000+00:00,9586762.25356,72642,30530.211,4810789.49047
2025-11-07T09:00:00+00:00,157.3,157.33,154.13,154.74,128493.039,2025-11-07T09:59:59.999000+00:00,19949304.50226,118193,59139.749,9178101.2424
2025-11-07T10:00:00+00:00,154.73,155.76,153.64,154.25,126437.203,2025-11-07T10:59:59.999000+00:00,19558023.88331,114445,62222.375,9630291.55199
2025-11-07T11:00:00+00:00,154.26,154.26,151.67,153.85,241802.465,2025-11-07T11:59:59.999000+00:00,36959963.66233,235351,105351.384,16112642.55998
2025-11-07T12:00:00+00:00,153.86,154.17,150.92,151.64,222011.628,2025-11-07T12:59:59.999000+00:00,33765293.8808,187221,94593.09,14384540.38703
2025-11-07T13:00:00+00:00,151.64,153.22,151.0,152.31,310067.169,2025-11-07T13:59:59.999000+00:00,47228544.49965,187223,212280.669,32346603.067
2025-11-07T14:00:00+00:00,152.3,155.14,149.82,154.76,423319.776,2025-11-07T14:59:59.999000+00:00,64598350.56868,330296,237752.592,36346587.05344
2025-11-07T15:00:00+00:00,154.77,156.27,153.29,155.42,252038.433,2025-11-07T15:59:59.999000+00:00,39004621.01009,299448,142524.621,22060532.78678
2025-11-07T16:00:00+00:00,155.42,158.13,154.4,157.29,243395.13,2025-11-07T16:59:59.999000+00:00,38141765.75511,252226,128908.13,20211616.59751
2025-11-07T17:00:00+00:00,157.28,161.52,156.51,161.16,384423.487,2025-11-07T17:59:59.999000+00:00,61503907.97992,270154,238715.377,38202390.39664
2025-11-07T18:00:00+00:00,161.17,162.97,160.91,162.11,206551.908,2025-11-07T18:59:59.999000+00:00,33460212.29643,185311,107895.113,17484790.91972
2025-11-07T19:00:00+00:00,162.12,164.48,161.52,164.17,185229.971,2025-11-07T19:59:59.999000+00:00,30252387.65935,159614,110063.027,17984599.11461
2025-11-07T20:00:00+00:00,164.17,164.41,161.84,163.36,238203.655,2025-11-07T20:59:59.999000+00:00,38810894.32664,145792,92077.263,15025095.95482
2025-11-07T21:00:00+00:00,163.35,163.82,162.68,163.52,112819.408,2025-11-07T21:59:59.999000+00:00,18419242.64549,75470,41389.129,6761050.83069
2025-11-07T22:00:00+00:00,163.51,163.91,162.76,163.22,88510.558,2025-11-07T22:59:59.999000+00:00,14460749.31045,64860,44191.275,7222579.43081
2025-11-07T23:00:00+00:00,163.23,163.27,161.61,161.79,128823.813,2025-11-07T23:59:59.999000+00:00,20929119.68936,75765,46943.519,7627606.26394
2025-11-08T00:00:00+00:00,161.8,162.6,160.59,160.88,131557.298,2025-11-08T00:59:59.999000+00:00,21269765.5028,116831,50409.086,8155618.95927
2025-11-08T01:00:00+00:00,160.87,162.48,160.82,162.04,99704.897,2025-11-08T01:59:59.999000+00:00,16140285.48905,99313,58144.261,9412865.29238
2025-11-08T02:00:00+00:00,162.04,164.44,161.93,163.41,144615.485,2025-11-08T02:59:59.999000+00:00,23646180.88309,98718,84889.122,13876457.19488
2025-11-08T03:00:00+00:00,163.41,164.89,162.48,162.52,170517.626,2025-11-08T03:59:59.999000+00:00,27933205.71878,105864,85326.709,13998209.72079
2025-11-08T04:00:00+00:00,162.52,163.66,162.51,162.71,68812.799,2025-11-08T04:59:59.999000+00:00,11219832.2551,77494,31851.392,5195699.54476
2025-11-08T05:00:00+00:00,162.72,163.08,161.03,161.37,81931.218,2025-11-08T05:59:59.999000+00:00,13251462.44311,80054,30031.026,4859181.85941
2025-11-08T06:00:00+00:00,161.37,161.97,160.16,161.14,92089.145,2025-11-08T06:59:59.999000+00:00,14826810.7639,80155,37033.215,5963332.73372
2025-11-08T07:00:00+00:00,161.14,161.2,159.58,161.06,104110.114,2025-11-08T07:59:59.999000+00:00,16703964.3458,60900,26141.086,4194673.81829
2025-11-08T08:00:00+00:00,161.05,162.07,160.3,161.56,93749.078,2025-11-08T08:59:59.999000+00:00,15132643.17469,67361,58387.949,9429704.85784
2025-11-08T09:00:00+00:00,161.57,162.34,161.0,161.13,82948.498,2025-11-08T09:59:59.999000+00:00,13397125.37173,59672,24923.822,4029326.45223
2025-11-08T10:00:00+00:00,161.13,161.25,160.52,160.82,72498.191,2025-11-08T10:59:59.999000+00:00,11668342.30728,55829,33684.02,5422182.8335
2025-11-08T11:00:00+00:00,160.83,161.18,159.01,159.39,172512.73,2025-11-08T11:59:59.999000+00:00,27596792.51041,88232,66577.478,10659891.63249
2025-11-08T12:00:00+00:00,159.39,159.7,158.78,159.43,84517.894,2025-11-08T12:59:59.999000+00:00,13464093.2807,71536,40619.023,6470455.92542
2025-11-08T13:00:00+00:00,159.44,159.48,158.12,158.21,127693.279,2025-11-08T13:59:59.999000+00:00,20276260.80245,94974,62491.355,9927428.32258
2025-11-08T14:00:00+00:00,158.22,158.53,156.8,157.67,174149.774,2025-11-08T14:59:59.999000+00:00,27439294.74786,117736,99871.524,15738889.20279
2025-11-08T15:00:00+00:00,157.67,157.83,155.9,156.65,186259.979,2025-11-08T15:59:59.999000+00:00,29180170.78709,115638,85485.597,13392914.07272
2025-11-08T16:00:00+00:00,156.65,157.38,155.8,156.76,134382.043,2025-11-08T16:59:59.999000+00:00,21062859.83846,117204,64514.849,10112180.09471
2025-11-08T17:00:00+00:00,156.75,157.69,156.03,157.6,71865.342,2025-11-08T17:59:59.999000+00:00,11285341.23962,68600,43683.975,6862877.39751
2025-11-08T18:00:00+00:00,157.59,158.18,156.94,157.96,77058.025,2025-11-08T18:59:59.999000+00:00,12152135.62381,53771,31789.27,5012074.2055
2025-11-08T19:00:00+00:00,157.95,158.04,156.22,157.36,92622.584,2025-11-08T19:59:59.999000+00:00,14562010.42518,65259,35837.114,5633955.21908
2025-11-08T20:00:00+00:00,157.36,158.28,157.22,157.69,106145.699,2025-11-08T20:59:59.999000+00:00,16739635.88784,50163,44131.928,6958855.61401
2025-11-08T21:00:00+00:00,157.69,158.26,157.6,158.05,40158.286,2025-11-08T21:59:59.999000+00:00,6342046.20151,34900,20927.939,3304741.30712
2025-11-08T22:00:00+00:00,158.05,158.4,157.62,158.02,38753.242,2025-11-08T22:59:59.999000+00:00,6119652.43861,27872,18922.05,2988004.20945
2025-11-08T23:00:00+00:00,158.02,158.44,157.85,158.02,54274.014,2025-11-08T23:59:59.999000+00:00,8586391.12236,33314,20968.756,3316740.29968
2025-11-09T00:00:00+00:00,158.01,158.02,156.6,156.84,54963.996,2025-11-09T00:59:59.999000+00:00,8647319.01281,38451,20823.508,3275778.35281
2025-11-09T01:00:00+00:00,156.84,158.32,156.77,158.18,30916.593,2025-11-09T01:59:59.999000+00:00,4870918.58551,40223,16094.644,2536420.12934
2025-11-09T02:00:00+00:00,158.17,158.18,155.72,156.02,121017.757,2025-11-09T02:59:59.999000+00:00,18995184.47344,73808,51510.943,8080304.06488
2025-11-09T03:00:00+00:00,156.03,156.51,155.11,155.88,99182.141,2025-11-09T03:59:59.999000+00:00,15451777.3758,81171,34835.541,5428867.99336
2025-11-09T04:00:00+00:00,155.89,157.64,155.85,157.23,140285.63,2025-11-09T04:59:59.999000+00:00,22012175.47862,55488,96606.299,15158867.96317
2025-11-09T05:00:00+00:00,157.23,158.33,157.13,158.11,91151.008,2025-11-09T05:59:59.999000+00:00,14379273.74573,46884,29453.135,4644019.51208
2025-11-09T06:00:00+00:00,158.12,159.12,157.85,158.26,83918.133,2025-11-09T06:59:59.999000+00:00,13295337.37288,45257,27892.813,4419352.68825
2025-11-09T07:00:00+00:00,158.26,159.58,157.85,159.3,114511.82,2025-11-09T07:59:59.999000+00:00,18209959.54025,62555,72425.96,11523845.67465
2025-11-09T08:00:00+00:00,159.29,159.69,158.76,159.46,59046.752,2025-11-09T08:59:59.999000+00:00,9401692.0323,48447,27353.434,4355745.82629
2025-11-09T09:00:00+00:00,159.46,159.94,158.17,158.27,73600.204,2025-11-09T09:59:59.999000+00:00,11710652.7496,63854,36153.346,5753477.83838
2025-11-09T10:00:00+00:00,158.26,158.45,157.28,158.44,56575.347,2025-11-09T10:59:59.999000+00:00,8929617.92652,66989,26883.696,4243063.95964
2025-11-09T11:00:00+00:00,158.44,159.5,158.44,159.06,74354.862,2025-11-09T11:59:59.999000+00:00,11826979.38516,72676,40697.574,6472801.65492
2025-11-09T12:00:00+00:00,159.06,159.97,158.59,159.1,94203.585,2025-11-09T12:59:59.999000+00:00,15009569.31776,62196,48190.523,7680638.95661
2025-11-09T13:00:00+00:00,159.1,160.51,159.0,160.06,168503.256,2025-11-09T13:59:59.999000+00:00,26948076.37426,81829,108574.079,17364945.35507
2025-11-09T14:00:00+00:00,160.05,163.12,159.26,160.15,542792.015,2025-11-09T14:59:59.999000+00:00,87429486.22788,224654,288761.452,46587066.70909
2025-11-09T15:00:00+00:00,160.15,163.98,159.72,162.53,345997.622,2025-11-09T15:59:59.999000+00:00,56071826.39997,190297,206894.44,33521276.86165
2025-11-09T16:00:00+00:00,162.53,163.17,161.81,162.93,115045.385,2025-11-09T16:59:59.999000+00:00,18685801.19074,94725,59680.697,9697006.7073
2025-11-09T17:00:00+00:00,162.94,163.0,161.23,161.8,110431.309,2025-11-09T17:59:59.999000+00:00,17875730.09885,68643,58141.483,9409114.15602
2025-11-09T18:00:00+00:00,161.8,164.08,161.35,163.99,121217.891,2025-11-09T18:59:59.999000+00:00,19732080.38922,72695,84343.692,13733919.0257
2025-11-09T19:00:00+00:00,163.99,166.31,163.36,166.15,282139.879,2025-11-09T19:59:59.999000+00:00,46557579.05529,123993,176737.218,29164297.83238
2025-11-09T20:00:00+00:00,166.16,166.36,165.01,165.33,177454.015,2025-11-09T20:59:59.999000+00:00,29381929.171,101067,84551.672,14001378.80006
2025-11-09T21:00:00+00:00,165.33,165.8,164.38,165.22,81850.432,2025-11-09T21:59:59.999000+00:00,13512121.79266,77511,37308.506,6158304.37011
2025-11-09T22:00:00+00:00,165.22,165.67,164.12,165.44,74422.116,2025-11-09T22:59:59.999000+00:00,12266388.08899,68721,29920.131,4932644.83604
2025-11-09T23:00:00+00:00,165.44,166.57,163.93,164.53,118207.827,2025-11-09T23:59:59.999000+00:00,19506586.31025,108728,62980.593,10402970.61467
2025-11-10T00:00:00+00:00,164.53,168.37,163.42,167.5,263291.815,2025-11-10T00:59:59.999000+00:00,43843676.73692,176987,152677.747,25439092.50272
2025-11-10T01:00:00+00:00,167.49,168.3,166.33,167.07,173174.6,2025-11-10T01:59:59.999000+00:00,28956878.00255,164006,83451.405,13958447.86223
2025-11-10T02:00:00+00:00,167.08,168.0,166.4,167.76,138768.763,2025-11-10T02:59:59.999000+00:00,23201476.28277,113858,69277.338,11586366.54353
2025-11-10T03:00:00+00:00,167.76,168.76,167.07,168.12,181151.839,2025-11-10T03:59:59.999000+00:00,30427479.43516,113739,95304.397,16012342.87158
2025-11-10T04:00:00+00:00,168.13,168.92,166.67,168.03,167062.911,2025-11-10T04:59:59.999000+00:00,28043966.59132,95678,84130.14,14125813.73966
2025-11-10T05:00:00+00:00,168.04,168.59,166.92,167.54,93058.129,2025-11-10T05:59:59.999000+00:00,15622947.2159,84885,35227.39,5914895.8239
2025-11-10T06:00:00+00:00,167.55,167.75,166.38,166.94,91350.262,2025-11-10T06:59:59.999000+00:00,15268446.44559,77832,34706.265,5802087.62985
2025-11-10T07:00:00+00:00,166.94,168.19,166.8,167.38,77954.181,2025-11-10T07:59:59.999000+00:00,13068000.17738,73873,41777.571,7004602.2329
2025-11-10T08:00:00+00:00,167.38,167.44,166.11,166.64,114882.966,2025-11-10T08:59:59.999000+00:00,19150772.43787,78844,43158.782,7196324.90986
2025-11-10T09:00:00+00:00,166.64,169.81,166.31,169.47,174129.269,2025-11-10T09:59:59.999000+00:00,29306349.12941,108744,101744.126,17136720.40462
2025-11-10T10:00:00+00:00,169.48,169.65,168.0,168.35,145353.304,2025-11-10T10:59:59.999000+00:00,24535587.16856,82266,56143.649,9484465.04954
2025-11-10T11:00:00+00:00,168.35,168.82,168.03,168.33,70180.854,2025-11-10T11:59:59.999000+00:00,11820272.24359,65453,34236.27,5767006.19853
2025-11-10T12:00:00+00:00,168.32,168.5,166.93,168.13,157987.166,2025-11-10T12:59:59.999000+00:00,26503487.92844,80962,44462.85,7455625.58793
2025-11-10T13:00:00+00:00,168.12,170.48,167.99,169.72,175012.431,2025-11-10T13:59:59.999000+00:00,29668529.30965,102663,103935.69,17622231.85069
2025-11-10T14:00:00+00:00,169.72,169.73,165.26,166.15,300145.582,2025-11-10T14:59:59.999000+00:00,50233367.31079,208042,96234.391,16106406.12377
2025-11-10T15:00:00+00:00,166.15,167.28,165.2,166.26,307415.999,2025-11-10T15:59:59.999000+00:00,51106272.37601,179498,112041.726,18629840.58969
2025-11-10T16:00:00+00:00,166.26,167.06,165.25,166.11,268492.658,2025-11-10T16:59:59.999000+00:00,44591361.43473,144276,123816.668,20593342.99403
2025-11-10T17:00:00+00:00,166.1,168.49,165.95,167.84,126942.898,2025-11-10T17:59:59.999000+00:00,21247637.9817,92010,77804.238,13020315.3756
2025-11-10T18:00:00+00:00,167.83,168.12,165.66,165.66,113957.342,2025-11-10T18:59:59.999000+00:00,19011349.65822,83649,54314.308,9059707.35717
2025-11-10T19:00:00+00:00,165.66,167.68,165.6,167.19,89645.862,2025-11-10T19:59:59.999000+00:00,14924138.07631,80714,50472.223,8404530.35789
2025-11-10T20:00:00+00:00,167.19,168.41,166.85,167.85,114100.122,2025-11-10T20:59:59.999000+00:00,19132026.62496,81315,48421.603,8123823.572
2025-11-10T21:00:00+00:00,167.85,167.87,164.81,165.52,99471.964,2025-11-10T21:59:59.999000+00:00,16509315.49383,85622,33127.517,5499296.58239
2025-11-10T22:00:00+00:00,165.52,167.8,165.14,167.64,119356.185,2025-11-10T22:59:59.999000+00:00,19858027.34426,65150,53875.825,8965161.94347
2025-11-10T23:00:00+00:00,167.64,168.1,167.19,167.31,66074.024,2025-11-10T23:59:59.999000+00:00,11079743.87244,62514,30775.246,5161565.15503
2025-11-11T00:00:00+00:00,167.31,167.61,166.0,167.51,71447.228,2025-11-11T00:59:59.999000+00:00,11925330.62142,86173,34647.97,5785555.78762
2025-11-11T01:00:00+00:00,167.5,171.0,166.63,167.41,256478.025,2025-11-11T01:59:59.999000+00:00,43293123.75778,204204,153404.521,25913399.23736
2025-11-11T02:00:00+00:00,167.41,171.0,166.25,170.28,215232.174,2025-11-11T02:59:59.999000+00:00,36447774.79377,180994,108486.42,18383147.24759
2025-11-11T03:00:00+00:00,170.28,171.94,169.5,169.97,210410.926,2025-11-11T03:59:59.999000+00:00,35942872.63583,129855,124366.417,21258742.33829
2025-11-11T04:00:00+00:00,169.97,170.11,166.57,166.92,196267.469,2025-11-11T04:59:59.999000+00:00,32987212.26043,119516,73769.34,12400301.84635
2025-11-11T05:00:00+00:00,166.92,166.93,165.0,165.16,319156.466,2025-11-11T05:59:59.999000+00:00,52875429.49423,136150,120018.247,19883519.26625
2025-11-11T06:00:00+00:00,165.16,165.32,163.57,164.95,291943.108,2025-11-11T06:59:59.999000+00:00,48028823.72976,130538,88954.993,14628832.03353
2025-11-11T07:00:00+00:00,164.95,165.22,163.87,163.98,115577.505,2025-11-11T07:59:59.999000+00:00,19041805.47349,107056,52111.093,8587190.91614
2025-11-11T08:00:00+00:00,163.98,164.93,163.6,164.01,96172.895,2025-11-11T08:59:59.999000+00:00,15796812.15305,85749,47249.402,7762657.53613
2025-11-11T09:00:00+00:00,164.01,164.97,163.15,164.02,120651.194,2025-11-11T09:59:59.999000+00:00,19795882.39585,90326,57923.974,9504321.42906
2025-11-11T10:00:00+00:00,164.02,164.38,162.7,163.77,261443.245,2025-11-11T10:59:59.999000+00:00,42694776.66898,79736,138905.27,22663429.02104
2025-11-11T11:00:00+00:00,163.78,164.58,163.0,163.69,98181.057,2025-11-11T11:59:59.999000+00:00,16099442.65895,66299,37826.375,6203057.94563
2025-11-11T12:00:00+00:00,163.69,164.37,162.56,163.34,113864.386,2025-11-11T12:59:59.999000+00:00,18604079.50111,87905,54334.174,8881014.37006
2025-11-11T13:00:00+00:00,163.34,163.96,162.29,162.81,99199.649,2025-11-11T13:59:59.999000+00:00,16185384.43699,82534,41062.138,6701714.8482
2025-11-11T14:00:00+00:00,162.8,163.28,160.91,163.0,386843.934,2025-11-11T14:59:59.999000+00:00,62721505.28117,154157,169870.761,27564135.36924
2025-11-11T15:00:00+00:00,162.99,162.99,160.0,160.89,580929.394,2025-11-11T15:59:59.999000+00:00,93741727.09917,187078,219623.625,35453068.89526
2025-11-11T16:00:00+00:00,160.88,161.22,159.7,160.64,238334.29,2025-11-11T16:59:59.999000+00:00,38264471.70292,122457,93535.005,15019313.70714
2025-11-11T17:00:00+00:00,160.64,161.04,158.25,159.51,194186.303,2025-11-11T17:59:59.999000+00:00,30997530.80368,107031,81933.344,13081513.04635
2025-11-11T18:00:00+00:00,159.5,159.8,158.37,158.96,78028.084,2025-11-11T18:59:59.999000+00:00,12410919.64726,75468,38230.961,6080429.90466
2025-11-11T19:00:00+00:00,158.96,158.96,157.42,157.58,118871.01,2025-11-11T19:59:59.999000+00:00,18794641.57041,75731,53162.786,8409334.69791
2025-11-11T20:00:00+00:00,157.59,157.87,156.27,156.77,136404.301,2025-11-11T20:59:59.999000+00:00,21406115.28306,103269,67787.906,10639892.04148
2025-11-11T21:00:00+00:00,156.78,157.4,155.64,156.08,154943.78,2025-11-11T21:59:59.999000+00:00,24254997.60154,88204,83360.689,13055661.01908
2025-11-11T22:00:00+00:00,156.08,157.27,155.52,156.68,140349.93,2025-11-11T22:59:59.999000+00:00,21981285.09997,67037,82500.342,12922603.9113
2025-11-11T23:00:00+00:00,156.69,156.93,153.93,154.63,207187.86,2025-11-11T23:59:59.999000+00:00,32157980.8821,109817,80634.536,12529802.3409
2025-11-12T00:00:00+00:00,154.63,155.32,153.59,153.83,192634.726,2025-11-12T00:59:59.999000+00:00,29775533.92808,147164,86826.85,13423431.67751
2025-11-12T01:00:00+00:00,153.84,155.56,153.66,155.42,148967.093,2025-11-12T01:59:59.999000+00:00,23089262.93056,110017,78055.815,12101964.94895
2025-11-12T02:00:00+00:00,155.41,155.58,153.73,154.3,148568.656,2025-11-12T02:59:59.999000+00:00,22986449.0867,96140,51848.991,8021498.2528
2025-11-12T03:00:00+00:00,154.31,155.0,153.96,154.57,97059.183,2025-11-12T03:59:59.999000+00:00,15001770.7692,66215,51827.358,8009542.60207
2025-11-12T04:00:00+00:00,154.58,155.05,154.2,154.95,63962.224,2025-11-12T04:59:59.999000+00:00,9889673.49864,52561,30822.129,4766746.714
2025-11-12T05:00:00+00:00,154.96,156.06,154.91,155.48,235182.107,2025-11-12T05:59:59.999000+00:00,36566997.13303,69146,87714.834,13636838.51809
2025-11-12T06:00:00+00:00,155.48,156.49,155.35,155.93,154225.25,2025-11-12T06:59:59.999000+00:00,24051181.18292,59180,87450.601,13642571.55669
2025-11-12T07:00:00+00:00,155.93,156.57,154.83,155.02,91023.72,2025-11-12T07:59:59.999000+00:00,14170628.93079,61170,30693.119,4779169.51048
2025-11-12T08:00:00+00:00,155.03,158.14,155.0,158.0,260454.677,2025-11-12T08:59:59.999000+00:00,41016975.84954,110332,155114.871,24427381.58172
2025-11-12T09:00:00+00:00,158.0,158.95,157.7,158.07,193950.915,2025-11-12T09:59:59.999000+00:00,30709745.22774,87571,69903.636,11070192.88781
2025-11-12T10:00:00+00:00,158.08,160.47,157.99,160.29,203478.691,2025-11-12T10:59:59.999000+00:00,32456747.70465,83647,100605.279,16054093.43659
2025-11-12T11:00:00+00:00,160.29,161.14,159.48,160.03,155768.842,2025-11-12T11:59:59.999000+00:00,24972606.09221,86440,65104.35,10441756.97363
2025-11-12T12:00:00+00:00,160.03,160.77,159.09,159.85,188462.901,2025-11-12T12:59:59.999000+00:00,30112187.23714,72531,75315.17,12038638.14221
2025-11-12T13:00:00+00:00,159.84,161.04,158.85,160.57,112348.811,2025-11-12T13:59:59.999000+00:00,17970634.51388,75197,50059.547,8011240.2835
2025-11-12T14:00:00+00:00,160.58,161.06,157.12,158.57,260280.48,2025-11-12T14:59:59.999000+00:00,41395452.85624,159677,98949.308,15731522.14624
2025-11-12T15:00:00+00:00,158.57,159.57,155.23,155.73,287167.214,2025-11-12T15:59:59.999000+00:00,45109787.54134,229387,137028.136,21524353.45846
2025-11-12T16:00:00+00:00,155.73,156.21,152.17,152.79,416772.239,2025-11-12T16:59:59.999000+00:00,64053800.2635,291986,173801.817,26711309.62557
2025-11-12T17:00:00+00:00,152.8,154.84,152.38,153.34,192786.571,2025-11-12T17:59:59.999000+00:00,29561986.67288,151210,99260.129,15224515.90956
2025-11-12T18:00:00+00:00,153.33,154.21,152.78,152.78,134222.106,2025-11-12T18:59:59.999000+00:00,20607367.10068,92820,77357.057,11878921.90951
2025-11-12T19:00:00+00:00,152.78,153.76,151.2,153.05,266522.061,2025-11-12T19:59:59.999000+00:00,40586384.76684,150014,112820.614,17195223.52529
2025-11-12T20:00:00+00:00,153.04,154.68,152.54,153.75,107196.903,2025-11-12T20:59:59.999000+00:00,16467671.94628,93922,59116.622,9084514.67091
2025-11-12T21:00:00+00:00,153.76,154.31,153.34,154.13,62567.038,2025-11-12T21:59:59.999000+00:00,9627346.7767,58129,34555.532,5317432.67764
2025-11-12T22:00:00+00:00,154.13,154.14,152.72,153.89,78524.924,2025-11-12T22:59:59.999000+00:00,12042353.7838,53669,36699.813,5629848.8985
2025-11-12T23:00:00+00:00,153.88,153.9,152.84,153.42,87078.135,2025-11-12T23:59:59.999000+00:00,13346090.72546,54494,40425.099,6197060.90213
2025-11-13T00:00:00+00:00,153.43,154.4,152.41,153.01,123158.091,2025-11-13T00:59:59.999000+00:00,18884770.92856,77276,74007.533,11350168.24368
2025-11-13T01:00:00+00:00,153.01,154.48,152.27,152.75,164481.842,2025-11-13T01:59:59.999000+00:00,25222765.75026,115862,102238.926,15681088.6478
2025-11-13T02:00:00+00:00,152.75,153.39,152.41,152.9,73991.609,2025-11-13T02:59:59.999000+00:00,11316311.05934,60699,40476.26,6190895.632
2025-11-13T03:00:00+00:00,152.9,155.78,150.42,154.33,312684.628,2025-11-13T03:59:59.999000+00:00,47913026.71913,184290,160773.364,24727771.19523
2025-11-13T04:00:00+00:00,154.33,154.93,153.4,154.3,155194.321,2025-11-13T04:59:59.999000+00:00,23930010.37812,103587,98880.858,15248162.01722
2025-11-13T05:00:00+00:00,154.3,156.8,153.77,156.14,154552.828,2025-11-13T05:59:59.999000+00:00,23979364.77968,89522,100021.686,15516741.97283
2025-11-13T06:00:00+00:00,156.14,157.12,155.72,156.72,179971.528,2025-11-13T06:59:59.999000+00:00,28184220.89356,84811,108904.637,17054089.70314
2025-11-13T07:00:00+00:00,156.73,157.2,154.86,155.31,171154.884,2025-11-13T07:59:59.999000+00:00,26697110.42604,81786,69656.748,10862025.32686
2025-11-13T08:00:00+00:00,155.3,156.49,154.92,155.93,70336.881,2025-11-13T08:59:59.999000+00:00,10965553.23229,54126,34028.556,5305134.93671
2025-11-13T09:00:00+00:00,155.94,156.06,153.86,155.01,119010.406,2025-11-13T09:59:59.999000+00:00,18434016.82207,86600,45838.588,7099811.82034
2025-11-13T10:00:00+00:00,155.02,156.17,154.88,155.43,105992.739,2025-11-13T10:59:59.999000+00:00,16477564.55232,61084,43203.613,6717276.57704
2025-11-13T11:00:00+00:00,155.43,156.5,155.42,156.3,121931.935,2025-11-13T11:59:59.999000+00:00,19027555.5018,54711,53344.614,8321978.30758
2025-11-13T12:00:00+00:00,156.3,156.96,155.78,156.43,125208.788,2025-11-13T12:59:59.999000+00:00,19572413.13787,61054,41318.978,6459242.99768
2025-11-13T13:00:00+00:00,156.44,156.55,153.66,153.82,209212.875,2025-11-13T13:59:59.999000+00:00,32425461.9118,114034,74479.546,11535767.69016
2025-11-13T14:00:00+00:00,153.83,156.71,152.26,155.3,312513.709,2025-11-13T14:59:59.999000+00:00,48182042.42392,222921,156325.883,24117203.98267
2025-11-13T15:00:00+00:00,155.3,155.84,152.51,153.13,215742.856,2025-11-13T15:59:59.999000+00:00,33210901.50477,197886,101826.101,15688463.35753
2025-11-13T16:00:00+00:00,153.12,153.41,150.73,151.1,266995.452,2025-11-13T16:59:59.999000+00:00,40591183.55514,172088,119097.272,18111433.53367
2025-11-13T17:00:00+00:00,151.1,151.26,146.7,147.09,441064.639,2025-11-13T17:59:59.999000+00:00,65760855.48651,237173,178523.007,26648777.20038
2025-11-13T18:00:00+00:00,147.09,147.77,144.52,145.43,436595.172,2025-11-13T18:59:59.999000+00:00,63709239.0707,277224,218009.381,31826477.74804
2025-11-13T19:00:00+00:00,145.43,146.34,142.04,142.73,456238.745,2025-11-13T19:59:59.999000+00:00,65707004.93355,273651,214349.104,30907573.08323
2025-11-13T20:00:00+00:00,142.73,143.28,141.04,142.73,375191.579,2025-11-13T20:59:59.999000+00:00,53376015.91714,255150,195816.955,27866538.40212
2025-11-13T21:00:00+00:00,142.74,143.72,141.27,142.1,249284.02,2025-11-13T21:59:59.999000+00:00,35439434.41933,145622,127966.614,18201700.60327
2025-11-13T22:00:00+00:00,142.1,144.84,141.75,144.59,227690.04,2025-11-13T22:59:59.999000+00:00,32674017.83521,116763,136208.075,19558281.60138
2025-11-13T23:00:00+00:00,144.58,146.25,143.91,144.73,349990.13,2025-11-13T23:59:59.999000+00:00,50865159.67412,134578,174529.969,25360138.50028
2025-11-14T00:00:00+00:00,144.74,145.26,142.94,143.33,272360.753,2025-11-14T00:59:59.999000+00:00,39243487.97171,191985,91932.846,13258715.05596
2025-11-14T01:00:00+00:00,143.33,144.59,142.8,143.68,194144.718,2025-11-14T01:59:59.999000+00:00,27897755.24249,154986,87292.756,12544975.31755
2025-11-14T02:00:00+00:00,143.68,145.68,143.65,145.32,104619.962,2025-11-14T02:59:59.999000+00:00,15159591.34369,99077,55909.731,8097230.29678
2025-11-14T03:00:00+00:00,145.32,145.58,143.65,144.28,118574.644,2025-11-14T03:59:59.999000+00:00,17125800.2153,101688,54881.907,7927839.16302
2025-11-14T04:00:00+00:00,144.27,144.37,138.71,141.93,675723.699,2025-11-14T04:59:59.999000+00:00,95316360.89978,304278,277086.079,39058992.02514
2025-11-14T05:00:00+00:00,141.94,143.66,141.43,143.18,229329.901,2025-11-14T05:59:59.999000+00:00,32653166.53885,192892,92665.22,13200029.09501
2025-11-14T06:00:00+00:00,143.18,144.12,140.0,143.94,283208.857,2025-11-14T06:59:59.999000+00:00,40148964.11239,211461,119300.509,16936890.17603
2025-11-14T07:00:00+00:00,143.94,144.48,142.39,142.85,244376.633,2025-11-14T07:59:59.999000+00:00,35041336.63804,213722,148003.29,21223464.23847
2025-11-14T08:00:00+00:00,142.85,142.96,141.4,142.49,149817.467,2025-11-14T08:59:59.999000+00:00,21298877.55305,126742,69446.13,9871805.49272
2025-11-14T09:00:00+00:00,142.48,143.19,140.51,140.93,172877.289,2025-11-14T09:59:59.999000+00:00,24498375.49054,132768,62095.027,8801492.33764
2025-11-14T10:00:00+00:00,140.93,142.91,140.84,141.95,136787.013,2025-11-14T10:59:59.999000+00:00,19402301.96214,105299,72083.997,10229591.11936
2025-11-14T11:00:00+00:00,141.95,142.2,139.84,140.77,310023.166,2025-11-14T11:59:59.999000+00:00,43599883.83246,173756,131333.537,18485156.87092
2025-11-14T12:00:00+00:00,140.76,140.76,135.76,138.72,649582.622,2025-11-14T12:59:59.999000+00:00,89482222.68955,374354,309431.57,42620270.00279
2025-11-14T13:00:00+00:00,138.72,139.78,135.95,138.95,546774.325,2025-11-14T13:59:59.999000+00:00,75304389.50662,365652,300159.717,41344694.0499
2025-11-14T14:00:00+00:00,138.95,142.85,137.54,142.21,574758.886,2025-11-14T14:59:59.999000+00:00,80705017.21073,414943,316168.673,44421440.96383
2025-11-14T15:00:00+00:00,142.21,143.76,140.21,142.23,336176.274,2025-11-14T15:59:59.999000+00:00,47699384.34131,284401,174699.977,24805077.07056
2025-11-14T16:00:00+00:00,142.23,144.22,141.57,143.42,286299.106,2025-11-14T16:59:59.999000+00:00,40995642.19643,189181,166995.114,23918820.05736
2025-11-14T17:00:00+00:00,143.42,143.95,140.57,141.42,165569.86,2025-11-14T17:59:59.999000+00:00,23556134.67155,138556,70319.084,10008508.71201
2025-11-14T18:00:00+00:00,141.42,142.92,140.7,141.29,127696.079,2025-11-14T18:59:59.999000+00:00,18088061.88605,122397,61791.949,8755084.77822
2025-11-14T19:00:00+00:00,141.29,143.59,140.96,143.14,105874.508,2025-11-14T19:59:59.999000+00:00,15069587.63563,110426,54336.266,7735889.61324
2025-11-14T20:00:00+00:00,143.14,143.24,139.29,139.63,141865.632,2025-11-14T20:59:59.999000+00:00,20003593.84527,129473,64607.764,9115914.30028
2025-11-14T21:00:00+00:00,139.64,141.23,139.1,140.66,110315.929,2025-11-14T21:59:59.999000+00:00,15497551.41062,106171,60771.327,8539482.33918
2025-11-14T22:00:00+00:00,140.66,141.8,139.63,140.32,82372.006,2025-11-14T22:59:59.999000+00:00,11580840.11802,76963,45087.768,6340843.15874
2025-11-14T23:00:00+00:00,140.33,140.33,137.2,138.92,157295.818,2025-11-14T23:59:59.999000+00:00,21807314.01898,160431,68005.607,9431895.75001
2025-11-15T00:00:00+00:00,138.93,141.31,138.75,141.11,104138.699,2025-11-15T00:59:59.999000+00:00,14625294.56008,112689,53142.514,7461953.69833
2025-11-15T01:00:00+00:00,141.11,142.35,140.27,142.03,121875.379,2025-11-15T01:59:59.999000+00:00,17232571.01258,102137,76257.527,10783898.29287
2025-11-15T02:00:00+00:00,142.02,143.18,141.59,143.1,155015.172,2025-11-15T02:59:59.999000+00:00,22082275.46248,85471,85207.717,12134711.28971
2025-11-15T03:00:00+00:00,143.09,143.35,142.43,142.53,104831.337,2025-11-15T03:59:59.999000+00:00,14979961.38852,76913,48726.261,6963608.77135
2025-11-15T04:00:00+00:00,142.54,143.1,141.81,142.4,78301.291,2025-11-15T04:59:59.999000+00:00,11149546.70032,52589,33886.999,4825382.89112
2025-11-15T05:00:00+00:00,142.4,143.18,142.32,142.83,83304.874,2025-11-15T05:59:59.999000+00:00,11895290.19912,42397,53356.04,7618910.32589
2025-11-15T06:00:00+00:00,142.84,143.59,142.35,142.66,96831.454,2025-11-15T06:59:59.999000+00:00,13837086.78127,45591,49029.463,7008900.28478
2025-11-15T07:00:00+00:00,142.67,143.37,142.33,142.76,62615.515,2025-11-15T07:59:59.999000+00:00,8940759.77025,44133,28282.978,4039236.56363
2025-11-15T08:00:00+00:00,142.75,142.84,140.5,140.79,92333.535,2025-11-15T08:59:59.999000+00:00,13075381.39937,80980,39805.543,5633696.0817
2025-11-15T09:00:00+00:00,140.79,141.7,140.51,140.95,110790.623,2025-11-15T09:59:59.999000+00:00,15623755.24616,64551,61056.15,8607891.60352
2025-11-15T10:00:00+00:00,140.95,141.41,140.59,141.22,86318.522,2025-11-15T10:59:59.999000+00:00,12171291.5168,63860,51033.668,7195740.96253
2025-11-15T11:00:00+00:00,141.23,141.39,139.97,140.22,69312.311,2025-11-15T11:59:59.999000+00:00,9745812.80542,52834,24330.518,3421190.37308
2025-11-15T12:00:00+00:00,140.21,141.02,139.98,140.89,63627.075,2025-11-15T12:59:59.999000+00:00,8940341.4317,54718,35029.214,4922574.52852
2025-11-15T13:00:00+00:00,140.89,141.95,140.61,141.66,134004.745,2025-11-15T13:59:59.999000+00:00,18953758.02758,75046,88260.077,12482522.97685
2025-11-15T14:00:00+00:00,141.66,141.75,140.76,141.49,71914.797,2025-11-15T14:59:59.999000+00:00,10159976.24741,57785,35813.799,5060935.54252
2025-11-15T15:00:00+00:00,141.49,142.26,141.25,141.72,75814.128,2025-11-15T15:59:59.999000+00:00,10746665.94185,52925,40900.853,5799171.81709
2025-11-15T16:00:00+00:00,141.72,142.84,140.81,142.76,119171.664,2025-11-15T16:59:59.999000+00:00,16890301.42596,69335,45750.95,6490959.87826
2025-11-15T17:00:00+00:00,142.77,144.69,142.53,143.44,195745.05,2025-11-15T17:59:59.999000+00:00,28038349.82092,96843,104735.743,15006949.13412
2025-11-15T18:00:00+00:00,143.43,143.45,142.19,142.5,86459.034,2025-11-15T18:59:59.999000+00:00,12341135.70251,51189,34331.382,4902578.36617
2025-11-15T19:00:00+00:00,142.5,142.92,141.72,141.77,50185.333,2025-11-15T19:59:59.999000+00:00,7143710.29773,34819,20930.282,2980375.39164
2025-11-15T20:00:00+00:00,141.78,141.96,140.13,140.43,92292.209,2025-11-15T20:59:59.999000+00:00,13013403.02085,60777,39811.232,5613075.42275
2025-11-15T21:00:00+00:00,140.43,140.83,138.61,138.98,111272.534,2025-11-15T21:59:59.999000+00:00,15550897.09638,64564,53867.99,7530613.80324
2025-11-15T22:00:00+00:00,138.98,140.02,138.65,139.85,113548.588,2025-11-15T22:59:59.999000+00:00,15820408.63216,64330,62520.538,8712976.6326
2025-11-15T23:00:00+00:00,139.85,140.2,139.47,139.61,71774.153,2025-11-15T23:59:59.999000+00:00,10035073.29583,41645,49508.448,6922132.02883
2025-11-16T00:00:00+00:00,139.6,139.79,138.63,139.25,85737.461,2025-11-16T00:59:59.999000+00:00,11934218.99368,66227,47592.902,6625689.23397
2025-11-16T01:00:00+00:00,139.24,139.53,137.39,138.78,135933.917,2025-11-16T01:59:59.999000+00:00,18820695.27405,134208,69368.674,9605894.51951
2025-11-16T02:00:00+00:00,138.78,140.86,138.45,140.85,97946.381,2025-11-16T02:59:59.999000+00:00,13696855.13933,91596,47529.767,6647405.15916
2025-11-16T03:00:00+00:00,140.86,141.52,140.28,141.43,89479.555,2025-11-16T03:59:59.999000+00:00,12617212.09942,60250,36027.942,5081840.16649
2025-11-16T04:00:00+00:00,141.43,141.63,140.73,141.36,50967.958,2025-11-16T04:59:59.999000+00:00,7195184.35868,45438,22857.481,3227067.8243
2025-11-16T05:00:00+00:00,141.36,142.22,141.27,141.46,77621.334,2025-11-16T05:59:59.999000+00:00,11000262.29956,56635,34553.61,4898901.73696
2025-11-16T06:00:00+00:00,141.46,142.17,141.33,141.68,48266.005,2025-11-16T06:59:59.999000+00:00,6850910.15995,40642,17798.511,2526331.63584
2025-11-16T07:00:00+00:00,141.69,142.46,141.21,142.31,72447.443,2025-11-16T07:59:59.999000+00:00,10272401.32365,43662,38863.702,5512976.14534
2025-11-16T08:00:00+00:00,142.31,142.63,141.63,142.21,49236.398,2025-11-16T08:59:59.999000+00:00,6992082.20634,45679,24883.532,3534126.71927
2025-11-16T09:00:00+00:00,142.21,143.38,141.38,143.29,90115.799,2025-11-16T09:59:59.999000+00:00,12832182.72917,62044,52436.241,7472790.60082
2025-11-16T10:00:00+00:00,143.28,143.34,142.7,142.93,87842.615,2025-11-16T10:59:59.999000+00:00,12564447.09723,49676,50380.554,7206394.33252
2025-11-16T11:00:00+00:00,142.94,143.12,139.5,139.92,209112.672,2025-11-16T11:59:59.999000+00:00,29434833.2524,120804,111102.708,15620489.65497
2025-11-16T12:00:00+00:00,139.91,140.63,139.1,140.04,151374.851,2025-11-16T12:59:59.999000+00:00,21200571.80551,93097,88678.607,12423115.79016
2025-11-16T13:00:00+00:00,140.04,140.58,138.82,139.47,105014.608,2025-11-16T13:59:59.999000+00:00,14676164.78035,82169,44710.3,6248182.0685
2025-11-16T14:00:00+00:00,139.46,140.85,139.46,140.43,68078.192,2025-11-16T14:59:59.999000+00:00,9534750.24547,58273,37633.492,5271750.35556
2025-11-16T15:00:00+00:00,140.43,140.48,137.15,137.48,176083.246,2025-11-16T15:59:59.999000+00:00,24377855.31201,107302,53812.324,7460545.07009
2025-11-16T16:00:00+00:00,137.47,138.23,135.38,135.73,359387.481,2025-11-16T16:59:59.999000+00:00,49069222.79439,247721,147316.741,20130489.66148
2025-11-16T17:00:00+00:00,135.73,136.43,134.42,135.83,301285.49,2025-11-16T17:59:59.999000+00:00,40823923.25083,174183,132731.45,17989587.96778
2025-11-16T18:00:00+00:00,135.83,138.51,135.25,135.84,296909.878,2025-11-16T18:59:59.999000+00:00,40632060.82503,205124,147988.608,20222750.7855
2025-11-16T19:00:00+00:00,135.84,138.03,135.74,136.83,155751.825,2025-11-16T19:59:59.999000+00:00,21345571.88793,117958,75951.145,10406594.90289
2025-11-16T20:00:00+00:00,136.83,138.17,136.63,136.65,108609.582,2025-11-16T20:59:59.999000+00:00,14939571.8192,77550,48248.245,6635912.64404
2025-11-16T21:00:00+00:00,136.65,136.78,135.43,136.43,140368.525,2025-11-16T21:59:59.999000+00:00,19091143.41868,102427,60273.35,8199776.62104
2025-11-16T22:00:00+00:00,136.44,137.95,135.09,137.31,151009.516,2025-11-16T22:59:59.999000+00:00,20590882.64714,121756,75554.881,10308726.14783
2025-11-16T23:00:00+00:00,137.31,138.14,134.91,137.17,276853.552,2025-11-16T23:59:59.999000+00:00,37866682.93837,265868,153034.184,20944309.7155
2025-11-17T00:00:00+00:00,137.17,139.51,136.09,139.17,228169.875,2025-11-17T00:59:59.999000+00:00,31530943.49962,203494,136678.292,18901229.1506
2025-11-17T01:00:00+00:00,139.17,139.49,138.14,138.26,165881.293,2025-11-17T01:59:59.999000+00:00,23025748.40089,106608,104023.174,14440039.17223
2025-11-17T02:00:00+00:00,138.26,139.36,137.96,138.89,129072.669,2025-11-17T02:59:59.999000+00:00,17913288.00571,90414,79262.165,11002499.53673
2025-11-17T03:00:00+00:00,138.89,140.79,138.86,140.28,155052.227,2025-11-17T03:59:59.999000+00:00,21718528.65424,80634,99768.617,13975626.35974
2025-11-17T04:00:00+00:00,140.28,140.8,139.66,140.36,120524.997,2025-11-17T04:59:59.999000+00:00,16895763.07709,73059,74095.631,10382825.17869
2025-11-17T05:00:00+00:00,140.36,140.83,139.85,140.6,71962.413,2025-11-17T05:59:59.999000+00:00,10099115.82471,50722,27888.775,3914900.81026
2025-11-17T06:00:00+00:00,140.59,141.56,140.13,141.38,96905.796,2025-11-17T06:59:59.999000+00:00,13657762.4676,63513,40272.314,5676994.86583
2025-11-17T07:00:00+00:00,141.38,141.85,141.09,141.33,92327.496,2025-11-17T07:59:59.999000+00:00,13065916.42301,71183,40208.133,5690426.52742
2025-11-17T08:00:00+00:00,141.33,141.79,141.01,141.35,161140.063,2025-11-17T08:59:59.999000+00:00,22772447.44248,70771,61541.077,8697580.36534
2025-11-17T09:00:00+00:00,141.35,142.64,140.94,142.0,166566.409,2025-11-17T09:59:59.999000+00:00,23619329.88994,70249,81792.262,11602311.53164
2025-11-17T10:00:00+00:00,142.0,142.52,141.8,142.27,116200.988,2025-11-17T10:59:59.999000+00:00,16514739.09269,53355,50023.097,7108754.73106
2025-11-17T11:00:00+00:00,142.27,142.8,141.72,141.9,86603.067,2025-11-17T11:59:59.999000+00:00,12322761.42923,54253,44832.854,6381064.56541
2025-11-17T12:00:00+00:00,141.9,142.65,141.56,141.78,111029.258,2025-11-17T12:59:59.999000+00:00,15765767.18897,62060,51403.391,7301245.14521
2025-11-17T13:00:00+00:00,141.79,141.99,137.14,138.03,408515.362,2025-11-17T13:59:59.999000+00:00,56958500.81973,180167,177917.979,24779377.49943
2025-11-17T14:00:00+00:00,138.02,143.28,136.8,140.14,559509.657,2025-11-17T14:59:59.999000+00:00,78488120.68459,425263,304337.651,42707094.58862
2025-11-17T15:00:00+00:00,140.15,140.8,136.86,137.16,294999.013,2025-11-17T15:59:59.999000+00:00,40751442.25667,288886,157848.757,21794838.57902
2025-11-17T16:00:00+00:00,137.16,137.21,133.3,135.88,620189.113,2025-11-17T16:59:59.999000+00:00,83678058.87418,352377,277097.701,37404372.15881
2025-11-17T17:00:00+00:00,135.87,135.94,131.75,132.04,422549.735,2025-11-17T17:59:59.999000+00:00,56375617.60296,237512,183669.811,24530068.16353
2025-11-17T18:00:00+00:00,132.03,133.17,130.44,130.52,417655.627,2025-11-17T18:59:59.999000+00:00,54939680.28528,233060,226628.859,29823488.15627
2025-11-17T19:00:00+00:00,130.52,131.33,129.37,129.65,416318.592,2025-11-17T19:59:59.999000+00:00,54182913.9472,246897,183621.212,23907766.25412
2025-11-17T20:00:00+00:00,129.64,130.88,128.82,130.31,321649.464,2025-11-17T20:59:59.999000+00:00,41797770.87684,221326,177087.296,23029677.48457
2025-11-17T21:00:00+00:00,130.32,131.01,129.83,130.7,175208.233,2025-11-17T21:59:59.999000+00:00,22859507.47425,102440,106173.211,13854529.63649
2025-11-17T22:00:00+00:00,130.7,131.97,130.3,131.31,151501.067,2025-11-17T22:59:59.999000+00:00,19888701.81966,66956,92634.428,12157799.32914
2025-11-17T23:00:00+00:00,131.31,131.77,130.25,130.99,135188.361,2025-11-17T23:59:59.999000+00:00,17690285.07109,81702,77429.675,10132457.26972
2025-11-18T00:00:00+00:00,131.0,131.54,129.0,131.3,207514.281,2025-11-18T00:59:59.999000+00:00,27094380.65362,135061,111719.457,14597838.64376
2025-11-18T01:00:00+00:00,131.3,132.39,130.96,131.96,151979.986,2025-11-18T01:59:59.999000+00:00,20015476.10484,129416,88494.287,11653266.85535
2025-11-18T02:00:00+00:00,131.95,134.67,130.45,132.4,407215.302,2025-11-18T02:59:59.999000+00:00,54084567.44104,236259,207417.806,27564951.66
2025-11-18T03:00:00+00:00,132.39,135.23,131.4,134.51,433651.126,2025-11-18T03:59:59.999000+00:00,57781569.56928,269496,228608.68,30506913.10915
2025-11-18T04:00:00+00:00,134.52,136.11,132.52,135.53,353286.253,2025-11-18T04:59:59.999000+00:00,47310215.30207,222151,179996.695,24135310.79121
2025-11-18T05:00:00+00:00,135.54,136.78,134.92,135.95,300257.678,2025-11-18T05:59:59.999000+00:00,40807503.3467,164342,144784.164,19683460.21876
2025-11-18T06:00:00+00:00,135.95,137.17,135.02,135.7,482489.829,2025-11-18T06:59:59.999000+00:00,65738390.37263,137412,252949.622,34459206.31267
2025-11-18T07:00:00+00:00,135.69,137.81,135.03,136.92,340341.758,2025-11-18T07:59:59.999000+00:00,46575082.92196,179512,155855.439,21329974.61376
2025-11-18T08:00:00+00:00,136.93,138.27,136.93,137.76,213799.977,2025-11-18T08:59:59.999000+00:00,29430403.5649,123864,133531.714,18383813.66962
2025-11-18T09:00:00+00:00,137.77,138.17,136.47,137.85,196859.458,2025-11-18T09:59:59.999000+00:00,27029474.37921,85408,104940.37,14415639.72867
2025-11-18T10:00:00+00:00,137.84,139.12,137.6,137.98,182771.315,2025-11-18T10:59:59.999000+00:00,25253764.1264,85725,90701.258,12532245.49745
2025-11-18T11:00:00+00:00,137.98,138.21,137.28,137.88,115247.761,2025-11-18T11:59:59.999000+00:00,15889848.29074,73313,45642.757,6293751.72663
2025-11-18T12:00:00+00:00,137.88,138.6,136.99,138.23,165892.975,2025-11-18T12:59:59.999000+00:00,22869668.21415,91268,72153.299,9954747.28329
2025-11-18T13:00:00+00:00,138.23,138.4,136.84,138.29,153943.591,2025-11-18T13:59:59.999000+00:00,21180523.65114,95657,60972.42,8391228.93858
2025-11-18T14:00:00+00:00,138.28,139.89,137.5,137.5,264594.313,2025-11-18T14:59:59.999000+00:00,36725449.99222,219243,141918.351,19709875.72338
2025-11-18T15:00:00+00:00,137.5,142.17,137.2,139.7,493333.759,2025-11-18T15:59:59.999000+00:00,69132817.1717,312186,279337.562,39155809.3909
2025-11-18T16:00:00+00:00,139.7,142.0,138.77,141.09,328742.568,2025-11-18T16:59:59.999000+00:00,46193980.5429,216731,192494.762,27048865.07802
2025-11-18T17:00:00+00:00,141.09,141.18,139.32,140.05,119571.909,2025-11-18T17:59:59.999000+00:00,16765315.72571,106115,54394.214,7630590.99786
2025-11-18T18:00:00+00:00,140.06,141.83,140.0,141.46,104864.995,2025-11-18T18:59:59.999000+00:00,14799007.42636,74466,62390.368,8803757.52782
2025-11-18T19:00:00+00:00,141.47,142.12,140.9,141.44,104291.797,2025-11-18T19:59:59.999000+00:00,14759433.79975,73315,65012.75,9205013.47167
2025-11-18T20:00:00+00:00,141.45,142.12,141.13,141.13,116006.093,2025-11-18T20:59:59.999000+00:00,16431008.74474,80652,58759.12,8323864.31421
2025-11-18T21:00:00+00:00,141.13,141.58,139.66,139.74,104985.522,2025-11-18T21:59:59.999000+00:00,14757157.00455,75482,40855.38,5741122.00047
2025-11-18T22:00:00+00:00,139.75,141.89,139.71,141.43,126442.723,2025-11-18T22:59:59.999000+00:00,17812952.65395,56096,78625.711,11079024.73819
2025-11-18T23:00:00+00:00,141.44,141.61,140.46,140.69,60763.841,2025-11-18T23:59:59.999000+00:00,8567309.54664,51025,27137.633,3826531.64768
2025-11-19T00:00:00+00:00,140.68,141.65,139.29,141.15,162654.708,2025-11-19T00:59:59.999000+00:00,22848784.75779,101639,74057.037,10405177.92204
2025-11-19T01:00:00+00:00,141.16,141.8,139.82,140.38,142832.826,2025-11-19T01:59:59.999000+00:00,20091872.07762,109346,69994.157,9845660.7402
2025-11-19T02:00:00+00:00,140.38,142.84,140.04,142.2,131761.455,2025-11-19T02:59:59.999000+00:00,18671642.49822,93984,69919.563,9907604.46072
2025-11-19T03:00:00+00:00,142.2,142.47,139.44,139.81,182358.717,2025-11-19T03:59:59.999000+00:00,25642534.69915,103150,88947.317,12493143.91655
2025-11-19T04:00:00+00:00,139.8,140.25,138.39,138.66,129536.0,2025-11-19T04:59:59.999000+00:00,18039995.72522,104325,60458.655,8423059.91797
2025-11-19T05:00:00+00:00,138.67,139.14,137.12,138.0,269654.552,2025-11-19T05:59:59.999000+00:00,37195742.68946,124666,139256.327,19204589.73187
2025-11-19T06:00:00+00:00,138.0,139.33,137.6,139.06,143798.4,2025-11-19T06:59:59.999000+00:00,19915227.66571,81239,86512.092,11978248.42784
2025-11-19T07:00:00+00:00,139.07,141.14,138.97,140.58,118026.336,2025-11-19T07:59:59.999000+00:00,16528090.04708,75157,69123.274,9679277.17018
2025-11-19T08:00:00+00:00,140.57,141.03,139.78,140.18,111978.009,2025-11-19T08:59:59.999000+00:00,15712328.22039,71244,42905.312,6022590.01557
2025-11-19T09:00:00+00:00,140.18,140.19,139.0,139.71,97352.567,2025-11-19T09:59:59.999000+00:00,13585529.91823,73160,40768.786,5687002.62143
2025-11-19T10:00:00+00:00,139.72,140.33,139.24,139.54,55620.486,2025-11-19T10:59:59.999000+00:00,7769377.05746,54243,31063.575,4339733.35246
2025-11-19T11:00:00+00:00,139.55,139.82,138.35,138.56,103719.929,2025-11-19T11:59:59.999000+00:00,14425836.39757,51701,43117.435,5996950.10875
2025-11-19T12:00:00+00:00,138.57,139.23,138.18,138.95,92181.815,2025-11-19T12:59:59.999000+00:00,12784871.66277,62910,43407.887,6021886.17261
2025-11-19T13:00:00+00:00,138.95,138.96,136.69,136.73,183347.951,2025-11-19T13:59:59.999000+00:00,25242881.03035,85776,71929.937,9904004.90423
2025-11-19T14:00:00+00:00,136.74,137.86,136.0,137.23,304852.195,2025-11-19T14:59:59.999000+00:00,41687628.60016,185724,118378.321,16189970.15189
2025-11-19T15:00:00+00:00,137.23,139.08,134.42,134.62,420610.205,2025-11-19T15:59:59.999000+00:00,57299136.26469,253717,176431.406,24082244.64634
2025-11-19T16:00:00+00:00,134.61,135.45,132.86,133.39,330681.951,2025-11-19T16:59:59.999000+00:00,44361166.36677,200699,157124.983,21077395.94012
2025-11-19T17:00:00+00:00,133.38,133.81,131.34,132.21,201676.925,2025-11-19T17:59:59.999000+00:00,26705581.3429,182481,94704.437,12545844.92739
2025-11-19T18:00:00+00:00,132.2,132.51,130.53,131.51,181860.292,2025-11-19T18:59:59.999000+00:00,23875591.37335,143114,74723.666,9813707.80313
2025-11-19T19:00:00+00:00,131.51,132.11,130.83,131.74,130180.579,2025-11-19T19:59:59.999000+00:00,17102570.8754,112357,66144.66,8692552.54929
2025-11-19T20:00:00+00:00,131.74,133.56,131.36,133.21,180935.025,2025-11-19T20:59:59.999000+00:00,23978737.69308,119258,97247.841,12888100.84713
2025-11-19T21:00:00+00:00,133.21,136.0,132.73,135.45,317848.86,2025-11-19T21:59:59.999000+00:00,42887612.98035,194484,154921.224,20896492.49525
2025-11-19T22:00:00+00:00,135.45,135.7,134.21,135.57,140597.868,2025-11-19T22:59:59.999000+00:00,18999069.82271,88231,80026.113,10816379.79904
2025-11-19T23:00:00+00:00,135.57,137.06,135.4,137.06,134399.393,2025-11-19T23:59:59.999000+00:00,18359945.13707,96165,74485.548,10171828.43879
2025-11-20T00:00:00+00:00,137.06,138.14,136.38,137.72,149884.894,2025-11-20T00:59:59.999000+00:00,20585543.09252,79595,85716.931,11772577.64231
2025-11-20T01:00:00+00:00,137.73,139.82,137.47,139.67,154066.03,2025-11-20T01:59:59.999000+00:00,21402646.13796,101000,81027.544,11254480.39666
2025-11-20T02:00:00+00:00,139.67,144.22,139.37,143.67,807871.883,2025-11-20T02:59:59.999000+00:00,115442965.98079,216208,412372.268,58889272.89562
2025-11-20T03:00:00+00:00,143.67,144.46,142.89,143.18,265283.708,2025-11-20T03:59:59.999000+00:00,38129781.89334,102036,130661.344,18782443.76507
2025-11-20T04:00:00+00:00,143.18,144.74,142.4,144.66,220774.311,2025-11-20T04:59:59.999000+00:00,31660963.48499,88359,109214.232,15673168.52062
2025-11-20T05:00:00+00:00,144.67,144.8,143.62,144.1,182969.679,2025-11-20T05:59:59.999000+00:00,26375829.23688,61087,71802.806,10348909.56149
2025-11-20T06:00:00+00:00,144.1,144.33,142.19,142.84,177630.75,2025-11-20T06:59:59.999000+00:00,25439699.97662,81364,68961.119,9875213.55323
2025-11-20T07:00:00+00:00,142.85,143.89,142.72,143.8,140853.399,2025-11-20T07:59:59.999000+00:00,20176029.81199,62534,67968.085,9740846.24624
2025-11-20T08:00:00+00:00,143.8,143.96,142.89,143.39,182742.297,2025-11-20T08:59:59.999000+00:00,26206043.60128,69046,109948.292,15765570.38036
2025-11-20T09:00:00+00:00,143.39,143.42,141.39,142.04,169553.478,2025-11-20T09:59:59.999000+00:00,24115921.77296,70337,70814.172,10070587.73233
2025-11-20T10:00:00+00:00,142.05,142.34,141.07,142.26,149938.277,2025-11-20T10:59:59.999000+00:00,21232567.57218,61274,59102.425,8372035.58749
2025-11-20T11:00:00+00:00,142.26,142.5,141.54,142.12,100270.583,2025-11-20T11:59:59.999000+00:00,14228418.91915,55216,46651.131,6618565.01647
2025-11-20T12:00:00+00:00,142.12,142.47,141.36,142.02,152673.588,2025-11-20T12:59:59.999000+00:00,21668092.58929,75273,74459.197,10569391.12687
2025-11-20T13:00:00+00:00,142.02,143.39,140.5,140.7,329007.224,2025-11-20T13:59:59.999000+00:00,46644931.39973,187408,173621.271,24611254.95483
2025-11-20T14:00:00+00:00,140.7,141.53,138.98,140.95,291849.328,2025-11-20T14:59:59.999000+00:00,40949456.8854,262558,133321.642,18711942.25352
2025-11-20T15:00:00+00:00,140.95,141.11,138.35,138.57,228662.921,2025-11-20T15:59:59.999000+00:00,31924621.50879,193509,111501.722,15576196.5725
2025-11-20T16:00:00+00:00,138.56,138.74,131.56,132.65,1148919.176,2025-11-20T16:59:59.999000+00:00,153807341.78312,501920,538642.696,72008425.96662
2025-11-20T17:00:00+00:00,132.64,133.15,131.11,132.81,614388.741,2025-11-20T17:59:59.999000+00:00,81154318.0588,372204,294639.527,38930605.24797
2025-11-20T18:00:00+00:00,132.8,134.58,132.01,132.57,473340.17,2025-11-20T18:59:59.999000+00:00,63127720.1045,277052,256013.143,34146054.70675
2025-11-20T19:00:00+00:00,132.56,134.47,131.63,133.92,270486.257,2025-11-20T19:59:59.999000+00:00,35932214.1234,175210,167170.942,22219831.69738
2025-11-20T20:00:00+00:00,133.91,134.67,132.66,133.69,308409.622,2025-11-20T20:59:59.999000+00:00,41234783.57313,149826,164692.242,22020104.78104
2025-11-20T21:00:00+00:00,133.69,135.29,133.58,134.13,213970.228,2025-11-20T21:59:59.999000+00:00,28742489.36279,108276,126617.108,17008403.10118
2025-11-20T22:00:00+00:00,134.13,136.68,133.97,136.45,144207.457,2025-11-20T22:59:59.999000+00:00,19562238.03494,83229,88691.416,12031127.07524
2025-11-20T23:00:00+00:00,136.45,136.55,133.31,133.67,170500.223,2025-11-20T23:59:59.999000+00:00,22923791.89172,110084,68401.469,9202917.26984
2025-11-21T00:00:00+00:00,133.67,135.06,133.63,134.19,157891.536,2025-11-21T00:59:59.999000+00:00,21225921.26744,125388,80919.844,10881219.70661
2025-11-21T01:00:00+00:00,134.19,135.05,133.61,134.24,151515.116,2025-11-21T01:59:59.999000+00:00,20354229.35184,125591,57594.372,7743455.02692
2025-11-21T02:00:00+00:00,134.24,134.66,131.03,131.39,281096.572,2025-11-21T02:59:59.999000+00:00,37307596.80256,197691,95532.013,12696160.03668
2025-11-21T03:00:00+00:00,131.38,133.64,131.37,132.62,260874.767,2025-11-21T03:59:59.999000+00:00,34611179.98176,173262,129452.473,17180405.43199
2025-11-21T04:00:00+00:00,132.62,133.06,130.47,132.64,211279.501,2025-11-21T04:59:59.999000+00:00,27817911.12476,157204,100978.158,13312128.40028
2025-11-21T05:00:00+00:00,132.64,133.1,131.58,132.09,116158.792,2025-11-21T05:59:59.999000+00:00,15385349.63875,113970,69283.567,9179332.94264
2025-11-21T06:00:00+00:00,132.1,132.37,130.55,130.87,246425.564,2025-11-21T06:59:59.999000+00:00,32319978.96404,123959,87674.638,11503092.94373
2025-11-21T07:00:00+00:00,130.87,131.39,122.2,127.55,1369424.62,2025-11-21T07:59:59.999000+00:00,173770868.15011,458412,581856.823,73849675.33244
2025-11-21T08:00:00+00:00,127.55,129.45,126.87,128.1,466164.396,2025-11-21T08:59:59.999000+00:00,59795720.58622,266183,222179.451,28504124.02314
2025-11-21T09:00:00+00:00,128.1,128.96,125.47,125.5,379806.953,2025-11-21T09:59:59.999000+00:00,48302420.17949,222072,163783.846,20850880.81142
2025-11-21T10:00:00+00:00,125.5,126.59,124.85,125.09,473173.757,2025-11-21T10:59:59.999000+00:00,59427917.14737,298558,249612.247,31363336.70417
2025-11-21T11:00:00+00:00,125.09,126.37,123.79,124.32,350373.856,2025-11-21T11:59:59.999000+00:00,43885525.26615,179345,166228.353,20844408.16409
2025-11-21T12:00:00+00:00,124.32,127.26,121.66,126.25,816743.092,2025-11-21T12:59:59.999000+00:00,101864270.64615,451543,437061.96,54644991.10383
2025-11-21T13:00:00+00:00,126.25,128.34,125.58,127.21,469647.997,2025-11-21T13:59:59.999000+00:00,59718813.01294,260072,228610.415,29064725.44667
2025-11-21T14:00:00+00:00,127.21,129.61,126.22,128.62,412464.006,2025-11-21T14:59:59.999000+00:00,52768677.12477,264999,206698.178,26449076.0411
2025-11-21T15:00:00+00:00,128.62,129.0,124.78,125.41,388528.137,2025-11-21T15:59:59.999000+00:00,49189974.8126,270837,183097.55,23172162.20763
2025-11-21T16:00:00+00:00,125.4,128.83,123.58,128.66,404122.548,2025-11-21T16:59:59.999000+00:00,50751978.861,313208,209735.767,26377128.8007
2025-11-21T17:00:00+00:00,128.65,130.62,128.35,129.22,339816.123,2025-11-21T17:59:59.999000+00:00,44074722.75696,221654,183271.885,23774130.56082
2025-11-21T18:00:00+00:00,129.23,130.39,126.54,129.54,236937.241,2025-11-21T18:59:59.999000+00:00,30404911.52998,208694,123943.364,15900648.27637
2025-11-21T19:00:00+00:00,129.54,129.88,127.55,128.12,130141.019,2025-11-21T19:59:59.999000+00:00,16751806.99418,126124,67018.763,8622562.78658
2025-11-21T20:00:00+00:00,128.12,128.4,125.95,127.18,214586.624,2025-11-21T20:59:59.999000+00:00,27297512.61316,175402,101436.445,12901023.41252
2025-11-21T21:00:00+00:00,127.18,129.35,126.67,128.87,144654.36,2025-11-21T21:59:59.999000+00:00,18557234.72589,132415,79678.875,10222551.57888
2025-11-21T22:00:00+00:00,128.88,129.36,125.43,125.49,131169.848,2025-11-21T22:59:59.999000+00:00,16706937.98196,110176,60825.566,7754785.35006
2025-11-21T23:00:00+00:00,125.49,128.88,125.11,128.68,132889.268,2025-11-21T23:59:59.999000+00:00,16923316.22419,121917,70334.647,8952616.98343
2025-11-22T00:00:00+00:00,128.69,129.44,127.98,128.46,138335.795,2025-11-22T00:59:59.999000+00:00,17807597.56887,112537,69339.28,8928000.85132
2025-11-22T01:00:00+00:00,128.46,129.94,128.39,129.48,96098.038,2025-11-22T01:59:59.999000+00:00,12429955.5358,92372,52242.781,6758064.35194
2025-11-22T02:00:00+00:00,129.49,129.63,127.27,128.03,107858.189,2025-11-22T02:59:59.999000+00:00,13838236.07523,80821,47575.96,6103551.53321
2025-11-22T03:00:00+00:00,128.04,128.43,126.82,127.13,134577.72,2025-11-22T03:59:59.999000+00:00,17143373.3142,76106,72591.977,9245574.14543
2025-11-22T04:00:00+00:00,127.13,127.42,125.68,126.99,146315.131,2025-11-22T04:59:59.999000+00:00,18504826.01764,109140,67005.215,8477189.60855
2025-11-22T05:00:00+00:00,127.0,127.3,125.38,126.25,120401.928,2025-11-22T05:59:59.999000+00:00,15180712.96178,96823,45437.012,5731080.78262
2025-11-22T06:00:00+00:00,126.25,128.29,125.35,128.06,126995.635,2025-11-22T06:59:59.999000+00:00,16141072.0279,107372,70340.868,8941263.63243
2025-11-22T07:00:00+00:00,128.07,128.39,127.36,127.74,125936.447,2025-11-22T07:59:59.999000+00:00,16099799.93345,83629,59758.013,7637325.11483
2025-11-22T08:00:00+00:00,127.74,127.74,125.5,125.93,126589.623,2025-11-22T08:59:59.999000+00:00,15978399.0827,94768,72662.678,9162317.87745
2025-11-22T09:00:00+00:00,125.93,127.55,125.69,126.47,111914.488,2025-11-22T09:59:59.999000+00:00,14169119.11625,86396,53573.772,6784062.03237
2025-11-22T10:00:00+00:00,126.47,127.21,125.57,125.92,82198.601,2025-11-22T10:59:59.999000+00:00,10367331.09568,72606,38800.331,4896534.38055
2025-11-22T11:00:00+00:00,125.92,127.47,125.32,126.68,154392.431,2025-11-22T11:59:59.999000+00:00,19570034.51216,85198,101705.452,12896059.73667
2025-11-22T12:00:00+00:00,126.68,126.72,125.22,125.81,98532.074,2025-11-22T12:59:59.999000+00:00,12395340.18054,74127,60203.863,7574265.86601
2025-11-22T13:00:00+00:00,125.81,126.42,125.08,125.62,67325.092,2025-11-22T13:59:59.999000+00:00,8462070.48244,79771,37103.591,4664637.64395
2025-11-22T14:00:00+00:00,125.62,127.51,125.53,127.13,85397.304,2025-11-22T14:59:59.999000+00:00,10821055.16086,96038,39064.622,4951444.38238
2025-11-22T15:00:00+00:00,127.12,127.79,126.16,127.13,189373.884,2025-11-22T15:59:59.999000+00:00,24043364.7235,94604,84943.998,10790541.15854
2025-11-22T16:00:00+00:00,127.13,128.6,126.86,128.21,146990.497,2025-11-22T16:59:59.999000+00:00,18783044.96172,74872,89029.451,11377635.74436
2025-11-22T17:00:00+00:00,128.21,128.45,127.3,127.61,122736.367,2025-11-22T17:59:59.999000+00:00,15678712.30821,69688,57761.468,7378274.12843
2025-11-22T18:00:00+00:00,127.61,128.06,127.41,127.77,68720.96,2025-11-22T18:59:59.999000+00:00,8781094.23128,45794,32243.681,4120425.04081
2025-11-22T19:00:00+00:00,127.78,128.09,126.79,127.2,76256.57,2025-11-22T19:59:59.999000+00:00,9715756.84224,45008,34741.038,4427193.69737
2025-11-22T20:00:00+00:00,127.2,127.64,126.1,126.45,61764.902,2025-11-22T20:59:59.999000+00:00,7837975.17005,52704,31770.955,4033208.95608
2025-11-22T21:00:00+00:00,126.44,126.84,126.12,126.64,38954.55,2025-11-22T21:59:59.999000+00:00,4926301.54527,42490,22635.121,2862570.11955
2025-11-22T22:00:00+00:00,126.64,128.92,126.2,128.25,103044.524,2025-11-22T22:59:59.999000+00:00,13167367.59334,59800,63528.653,8117666.93156
2025-11-22T23:00:00+00:00,128.24,128.47,127.3,127.59,81777.109,2025-11-22T23:59:59.999000+00:00,10458608.65954,61147,43060.701,5507128.31466
2025-11-23T00:00:00+00:00,127.6,128.65,127.56,128.03,73607.295,2025-11-23T00:59:59.999000+00:00,9432205.44498,56560,37361.053,4789652.36381
2025-11-23T01:00:00+00:00,128.04,129.86,127.88,129.46,198977.923,2025-11-23T01:59:59.999000+00:00,25677613.85474,87449,110211.452,14218529.5006
2025-11-23T02:00:00+00:00,129.46,130.8,129.11,130.05,137826.743,2025-11-23T02:59:59.999000+00:00,17923512.7512,91825,78548.175,10217755.32801
2025-11-23T03:00:00+00:00,130.04,130.41,129.38,129.96,80616.505,2025-11-23T03:59:59.999000+00:00,10465521.69494,63994,38442.803,4991433.56714
2025-11-23T04:00:00+00:00,129.95,131.9,129.95,130.74,153771.533,2025-11-23T04:59:59.999000+00:00,20134848.62221,85685,90468.889,11842219.37269
2025-11-23T05:00:00+00:00,130.74,130.93,130.2,130.53,83991.151,2025-11-23T05:59:59.999000+00:00,10963703.90468,52234,41085.992,5362689.55269
2025-11-23T06:00:00+00:00,130.53,130.91,129.16,129.34,86050.769,2025-11-23T06:59:59.999000+00:00,11176594.43046,42765,39589.202,5142791.05369
2025-11-23T07:00:00+00:00,129.34,129.42,128.11,128.86,167440.281,2025-11-23T07:59:59.999000+00:00,21550690.3764,60443,80466.189,10355762.27047
2025-11-23T08:00:00+00:00,128.86,129.78,128.83,129.68,71726.798,2025-11-23T08:59:59.999000+00:00,9275870.49344,52956,35237.46,4556443.52815
2025-11-23T09:00:00+00:00,129.68,130.99,129.45,130.09,104001.11,2025-11-23T09:59:59.999000+00:00,13534145.85952,56999,63328.208,8242142.85885
2025-11-23T10:00:00+00:00,130.08,130.19,129.42,129.96,49388.57,2025-11-23T10:59:59.999000+00:00,6412819.09426,50101,26783.98,3478425.80889
2025-11-23T11:00:00+00:00,129.95,130.0,129.02,129.75,74999.81,2025-11-23T11:59:59.999000+00:00,9715177.45511,56163,41244.974,5343896.86983
2025-11-23T12:00:00+00:00,129.76,131.72,129.65,130.88,199741.853,2025-11-23T12:59:59.999000+00:00,26155802.8185,88476,113809.52,14898563.29715
2025-11-23T13:00:00+00:00,130.89,131.73,130.34,131.58,131458.955,2025-11-23T13:59:59.999000+00:00,17213462.0094,64711,66455.753,8702232.83262
2025-11-23T14:00:00+00:00,131.57,132.75,130.5,130.75,179426.292,2025-11-23T14:59:59.999000+00:00,23600766.01776,98836,84134.54,11072632.27205
2025-11-23T15:00:00+00:00,130.74,133.13,130.43,132.87,249949.643,2025-11-23T15:59:59.999000+00:00,33037759.96987,97558,169336.679,22398714.20665
2025-11-23T16:00:00+00:00,132.88,133.47,131.73,131.79,152503.544,2025-11-23T16:59:59.999000+00:00,20223059.28466,94929,73853.172,9800459.89707
2025-11-23T17:00:00+00:00,131.78,131.91,130.84,131.39,114516.988,2025-11-23T17:59:59.999000+00:00,15035713.73992,89603,55288.918,7259357.59153
2025-11-23T18:00:00+00:00,131.39,132.93,131.38,132.19,81976.821,2025-11-23T18:59:59.999000+00:00,10845571.9028,61933,49412.57,6538478.41605
2025-11-23T19:00:00+00:00,132.2,133.1,131.98,132.38,64287.962,2025-11-23T19:59:59.999000+00:00,8530255.65632,61598,33747.331,4479335.43587
2025-11-23T20:00:00+00:00,132.39,132.85,132.09,132.64,47015.289,2025-11-23T20:59:59.999000+00:00,6228357.86759,50975,26415.698,3499829.94849
2025-11-23T21:00:00+00:00,132.63,133.54,131.52,133.14,86247.579,2025-11-23T21:59:59.999000+00:00,11425745.98473,59241,45135.124,5984794.40068
2025-11-23T22:00:00+00:00,133.15,133.32,132.28,132.67,76704.615,2025-11-23T22:59:59.999000+00:00,10176048.30448,61917,44535.197,5908451.93918
2025-11-23T23:00:00+00:00,132.67,132.87,130.52,130.58,152487.161,2025-11-23T23:59:59.999000+00:00,19992008.9131,99195,61734.81,8091190.07598
2025-11-24T00:00:00+00:00,130.58,132.11,129.31,130.81,228619.115,2025-11-24T00:59:59.999000+00:00,29834642.71601,123196,109903.005,14340730.49816
2025-11-24T01:00:00+00:00,130.81,131.76,130.0,131.49,109123.983,2025-11-24T01:59:59.999000+00:00,14267650.12378,112984,54766.364,7161585.31023
2025-11-24T02:00:00+00:00,131.5,134.4,131.42,133.39,223678.527,2025-11-24T02:59:59.999000+00:00,29807917.80496,169184,119575.498,15927632.68413
2025-11-24T03:00:00+00:00,133.4,134.41,132.84,133.43,105795.82,2025-11-24T03:59:59.999000+00:00,14134891.76939,92909,49895.696,6667424.86862
2025-11-24T04:00:00+00:00,133.42,133.54,130.6,131.38,220646.593,2025-11-24T04:59:59.999000+00:00,29130054.9015,130297,98562.915,13017135.7552
2025-11-24T05:00:00+00:00,131.38,133.93,131.21,132.96,147144.17,2025-11-24T05:59:59.999000+00:00,19552085.76301,119236,66478.941,8829995.25476
2025-11-24T06:00:00+00:00,132.95,133.03,130.67,131.18,210087.637,2025-11-24T06:59:59.999000+00:00,27600401.74384,119093,75707.875,9944038.84918
2025-11-24T07:00:00+00:00,131.17,131.43,130.19,130.34,158551.077,2025-11-24T07:59:59.999000+00:00,20718856.71083,91647,66050.781,8632365.66552
2025-11-24T08:00:00+00:00,130.33,130.76,129.63,130.58,158759.217,2025-11-24T08:59:59.999000+00:00,20643965.39424,97944,66647.757,8669579.99363
2025-11-24T09:00:00+00:00,130.58,130.68,128.44,128.89,149244.126,2025-11-24T09:59:59.999000+00:00,19277931.93533,110616,63672.269,8221869.33954
2025-11-24T10:00:00+00:00,128.9,129.47,128.76,129.23,91624.799,2025-11-24T10:59:59.999000+00:00,11828339.03165,59475,50449.753,6512704.36719
2025-11-24T11:00:00+00:00,129.23,129.93,128.78,129.62,88531.992,2025-11-24T11:59:59.999000+00:00,11442602.54451,57122,53887.349,6964061.01937
2025-11-24T12:00:00+00:00,129.61,130.0,129.0,129.53,127532.959,2025-11-24T12:59:59.999000+00:00,16515226.36734,64503,65089.973,8432058.92151
2025-11-24T13:00:00+00:00,129.52,130.58,129.38,129.76,161123.037,2025-11-24T13:59:59.999000+00:00,20968518.56264,68706,91525.321,11911122.79178
2025-11-24T14:00:00+00:00,129.75,131.62,128.54,130.75,325442.204,2025-11-24T14:59:59.999000+00:00,42316355.10969,202251,160384.228,20870591.27967
2025-11-24T15:00:00+00:00,130.75,132.6,130.03,131.94,251356.121,2025-11-24T15:59:59.999000+00:00,33039205.92782,181649,130704.582,17180535.75216
2025-11-24T16:00:00+00:00,131.93,134.42,131.82,133.7,378960.583,2025-11-24T16:59:59.999000+00:00,50490417.42843,171078,194791.033,25959394.25022
2025-11-24T17:00:00+00:00,133.71,137.19,133.58,136.91,413147.997,2025-11-24T17:59:59.999000+00:00,56036357.80989,198717,237767.333,32254886.50492
2025-11-24T18:00:00+00:00,136.92,138.0,136.48,137.41,224171.623,2025-11-24T18:59:59.999000+00:00,30776804.3642,125358,101500.113,13938593.44231
2025-11-24T19:00:00+00:00,137.41,137.82,136.67,137.24,154940.913,2025-11-24T19:59:59.999000+00:00,21260042.98202,82053,60460.522,8295849.09242
2025-11-24T20:00:00+00:00,137.24,139.36,137.24,139.0,424561.352,2025-11-24T20:59:59.999000+00:00,58804716.57955,110064,184966.182,25627529.08714
2025-11-24T21:00:00+00:00,138.99,139.18,138.04,138.97,145868.717,2025-11-24T21:59:59.999000+00:00,20222717.84797,68938,54191.741,7513400.82297
2025-11-24T22:00:00+00:00,138.97,139.87,138.44,139.05,162768.68,2025-11-24T22:59:59.999000+00:00,22659291.34518,51913,83382.578,11613501.18
2025-11-24T23:00:00+00:00,139.04,139.22,138.2,138.44,83175.804,2025-11-24T23:59:59.999000+00:00,11540861.93708,51005,35773.486,4963937.16157
2025-11-25T00:00:00+00:00,138.43,138.99,137.64,138.43,133534.222,2025-11-25T00:59:59.999000+00:00,18451824.26085,73960,66247.751,9155685.93961
2025-11-25T01:00:00+00:00,138.43,138.98,137.77,137.81,81011.209,2025-11-25T01:59:59.999000+00:00,11201897.10029,74448,37697.773,5214552.42848
2025-11-25T02:00:00+00:00,137.82,138.39,137.25,138.18,75068.535,2025-11-25T02:59:59.999000+00:00,10344631.1951,70453,33837.028,4664330.15942
2025-11-25T03:00:00+00:00,138.17,138.67,137.28,137.8,50046.481,2025-11-25T03:59:59.999000+00:00,6904813.27393,53148,22531.704,3109958.49984
2025-11-25T04:00:00+00:00,137.8,138.97,137.73,138.55,57801.618,2025-11-25T04:59:59.999000+00:00,7994743.87041,57996,32071.984,4436586.38327
2025-11-25T05:00:00+00:00,138.54,138.83,137.86,138.58,57455.94,2025-11-25T05:59:59.999000+00:00,7952598.19164,46895,28075.723,3887508.84337
2025-11-25T06:00:00+00:00,138.57,138.63,137.41,138.17,69398.949,2025-11-25T06:59:59.999000+00:00,9577135.64829,46910,35047.402,4835040.47403
2025-11-25T07:00:00+00:00,138.18,138.2,136.3,136.33,98700.517,2025-11-25T07:59:59.999000+00:00,13519822.56036,70627,37266.363,5107761.71175
2025-11-25T08:00:00+00:00,136.33,136.7,135.15,135.44,171271.51,2025-11-25T08:59:59.999000+00:00,23302747.33939,89316,57236.853,7790025.14079
2025-11-25T09:00:00+00:00,135.44,136.35,134.73,136.29,135282.078,2025-11-25T09:59:59.999000+00:00,18311558.78087,95616,61828.345,8371474.10307
2025-11-25T10:00:00+00:00,136.3,136.84,135.86,136.62,96072.972,2025-11-25T10:59:59.999000+00:00,13101765.30627,55073,52852.626,7210301.30781
2025-11-25T11:00:00+00:00,136.63,136.74,135.95,136.29,114107.798,2025-11-25T11:59:59.999000+00:00,15554719.43182,54409,53607.876,7307713.80831
2025-11-25T12:00:00+00:00,136.29,136.98,135.66,136.32,159363.018,2025-11-25T12:59:59.999000+00:00,21730932.47473,92169,84598.558,11540072.72382
2025-11-25T13:00:00+00:00,136.31,136.97,135.17,135.47,158756.197,2025-11-25T13:59:59.999000+00:00,21598315.97931,103694,78154.501,10634856.44386
2025-11-25T14:00:00+00:00,135.47,136.24,133.13,134.69,260512.685,2025-11-25T14:59:59.999000+00:00,35094407.59625,197131,116081.15,15654065.19212
2025-11-25T15:00:00+00:00,134.69,135.5,133.45,134.86,194538.074,2025-11-25T15:59:59.999000+00:00,26122768.23782,160809,103185.054,13856021.33109
2025-11-25T16:00:00+00:00,134.86,137.08,134.54,136.07,124460.059,2025-11-25T16:59:59.999000+00:00,16912515.21862,113578,58926.484,8006805.80968
2025-11-25T17:00:00+00:00,136.06,138.02,135.73,136.91,161785.008,2025-11-25T17:59:59.999000+00:00,22168258.2777,110938,79329.55,10870494.34308
2025-11-25T18:00:00+00:00,136.92,137.69,136.3,136.34,104837.734,2025-11-25T18:59:59.999000+00:00,14372236.96937,86746,49875.169,6838168.34642
2025-11-25T19:00:00+00:00,136.34,136.74,134.24,136.72,180068.097,2025-11-25T19:59:59.999000+00:00,24370848.59765,112290,58756.553,7956849.14906
2025-11-25T20:00:00+00:00,136.73,138.03,136.27,137.75,97311.991,2025-11-25T20:59:59.999000+00:00,13353145.33815,87776,49186.023,6750220.63338
2025-11-25T21:00:00+00:00,137.75,138.13,136.98,137.17,66844.904,2025-11-25T21:59:59.999000+00:00,9194028.46785,60787,27974.169,3848822.52222
2025-11-25T22:00:00+00:00,137.17,139.59,135.98,138.99,152810.855,2025-11-25T22:59:59.999000+00:00,21040714.69438,93242,76082.99,10497526.55985
2025-11-25T23:00:00+00:00,138.98,140.5,138.56,138.96,193779.402,2025-11-25T23:59:59.999000+00:00,27049894.51939,102433,119585.388,16696959.56965
2025-11-26T00:00:00+00:00,138.96,139.87,138.81,139.04,86446.136,2025-11-26T00:59:59.999000+00:00,12048026.4409,66222,43144.153,6013559.07144
2025-11-26T01:00:00+00:00,139.04,140.68,138.57,140.02,121096.37,2025-11-26T01:59:59.999000+00:00,16911244.1435,73783,70681.292,9879692.10189
2025-11-26T02:00:00+00:00,140.01,140.23,139.06,139.25,112160.336,2025-11-26T02:59:59.999000+00:00,15664818.30865,55735,45206.867,6319380.68326
2025-11-26T03:00:00+00:00,139.26,139.78,137.92,138.15,146926.091,2025-11-26T03:59:59.999000+00:00,20365773.26983,64082,48557.909,6727123.94755
2025-11-26T04:00:00+00:00,138.15,138.55,137.72,138.04,96227.961,2025-11-26T04:59:59.999000+00:00,13305076.49742,43161,40562.715,5607769.99261
2025-11-26T05:00:00+00:00,138.04,139.29,137.99,139.02,57607.937,2025-11-26T05:59:59.999000+00:00,7992808.92057,41910,29116.76,4038533.52411
2025-11-26T06:00:00+00:00,139.01,139.77,138.41,139.56,136351.851,2025-11-26T06:59:59.999000+00:00,18954509.69903,63802,32557.246,4528166.44062
2025-11-26T07:00:00+00:00,139.56,139.95,139.1,139.89,132565.578,2025-11-26T07:59:59.999000+00:00,18501932.34597,58423,36354.833,5073623.86204
2025-11-26T08:00:00+00:00,139.88,139.93,137.91,137.93,139358.795,2025-11-26T08:59:59.999000+00:00,19327698.95291,71131,34649.833,4805545.21112
2025-11-26T09:00:00+00:00,137.93,138.14,136.21,136.72,193774.632,2025-11-26T09:59:59.999000+00:00,26542705.30055,84641,76613.274,10487372.91165
2025-11-26T10:00:00+00:00,136.72,137.45,136.61,137.27,87645.596,2025-11-26T10:59:59.999000+00:00,12012848.90943,58953,43667.342,5985564.66864
2025-11-26T11:00:00+00:00,137.28,137.38,136.6,136.87,61401.066,2025-11-26T11:59:59.999000+00:00,8404590.91045,43094,28607.44,3915224.4008
2025-11-26T12:00:00+00:00,136.86,137.1,135.56,135.65,121626.214,2025-11-26T12:59:59.999000+00:00,16541233.70454,80634,65516.33,8908814.47683
2025-11-26T13:00:00+00:00,135.64,136.92,135.5,136.73,109079.84,2025-11-26T13:59:59.999000+00:00,14859787.79728,73027,65379.825,8907506.11034
2025-11-26T14:00:00+00:00,136.73,138.29,135.7,136.32,359740.482,2025-11-26T14:59:59.999000+00:00,49215933.32173,191193,198343.641,27141010.29044
2025-11-26T15:00:00+00:00,136.31,137.45,135.78,136.66,297739.164,2025-11-26T15:59:59.999000+00:00,40638175.17555,188611,171409.094,23395785.70755
2025-11-26T16:00:00+00:00,136.67,138.1,136.46,137.06,142314.682,2025-11-26T16:59:59.999000+00:00,19534551.63948,99440,66057.678,9067832.18884
2025-11-26T17:00:00+00:00,137.07,141.04,136.75,140.75,251692.601,2025-11-26T17:59:59.999000+00:00,35105167.20964,162507,156782.215,21869063.79914
2025-11-26T18:00:00+00:00,140.76,144.71,140.7,144.63,649135.125,2025-11-26T18:59:59.999000+00:00,92925877.83062,221928,304612.885,43580624.06283
2025-11-26T19:00:00+00:00,144.64,144.75,143.67,143.99,224497.303,2025-11-26T19:59:59.999000+00:00,32377321.35548,109395,89077.311,12847397.78393
2025-11-26T20:00:00+00:00,143.99,144.03,142.53,142.91,153933.856,2025-11-26T20:59:59.999000+00:00,22036571.76227,84367,71587.309,10245844.47729
2025-11-26T21:00:00+00:00,142.9,144.23,142.85,143.53,112824.975,2025-11-26T21:59:59.999000+00:00,16198786.73122,61224,62927.889,9030730.42134
2025-11-26T22:00:00+00:00,143.52,144.11,142.8,143.06,147618.874,2025-11-26T22:59:59.999000+00:00,21172558.2627,56135,63698.962,9139313.8306
2025-11-26T23:00:00+00:00,143.05,143.45,142.51,143.02,80097.205,2025-11-26T23:59:59.999000+00:00,11456538.7358,46794,41482.821,5934792.35086
2025-11-27T00:00:00+00:00,143.01,143.75,142.23,142.83,96769.592,2025-11-27T00:59:59.999000+00:00,13822880.05265,54445,46413.38,6635303.85004
2025-11-27T01:00:00+00:00,142.84,143.7,142.07,143.31,92892.925,2025-11-27T01:59:59.999000+00:00,13272385.43582,64677,44345.057,6337329.7188
2025-11-27T02:00:00+00:00,143.3,144.14,142.8,143.0,118141.461,2025-11-27T02:59:59.999000+00:00,16951461.24241,78812,52732.893,7567871.38161
2025-11-27T03:00:00+00:00,143.0,143.72,142.35,142.52,119839.837,2025-11-27T03:59:59.999000+00:00,17146601.40677,64055,51894.398,7426025.34012
2025-11-27T04:00:00+00:00,142.52,143.03,142.33,142.87,65204.051,2025-11-27T04:59:59.999000+00:00,9304484.35117,45061,33032.692,4715209.95702
2025-11-27T05:00:00+00:00,142.86,143.49,142.55,142.77,78428.195,2025-11-27T05:59:59.999000+00:00,11208611.65643,51936,42452.135,6069061.1352
2025-11-27T06:00:00+00:00,142.78,144.14,142.77,143.95,94752.097,2025-11-27T06:59:59.999000+00:00,13601836.07711,41412,41026.306,5889340.58972
2025-11-27T07:00:00+00:00,143.96,144.29,143.61,143.77,96924.299,2025-11-27T07:59:59.999000+00:00,13947320.64157,42153,46891.008,6748062.31723
2025-11-27T08:00:00+00:00,143.77,143.9,142.12,142.59,102248.339,2025-11-27T08:59:59.999000+00:00,14591666.35847,50524,43821.609,6251370.41558
2025-11-27T09:00:00+00:00,142.6,143.06,141.65,141.74,92590.253,2025-11-27T09:59:59.999000+00:00,13183078.25797,48987,41692.917,5939238.66708
2025-11-27T10:00:00+00:00,141.74,142.35,141.51,142.31,74771.964,2025-11-27T10:59:59.999000+00:00,10607877.06863,43277,40481.505,5743859.36583
2025-11-27T11:00:00+00:00,142.32,142.34,141.67,142.08,55750.668,2025-11-27T11:59:59.999000+00:00,7918811.99382,29949,33932.816,4820225.29287
2025-11-27T12:00:00+00:00,142.08,142.19,140.99,141.13,87751.213,2025-11-27T12:59:59.999000+00:00,12414971.95217,46216,42626.163,6033948.89888
2025-11-27T13:00:00+00:00,141.13,141.54,140.67,141.24,110106.884,2025-11-27T13:59:59.999000+00:00,15541271.56055,57783,63096.871,8906845.1562
2025-11-27T14:00:00+00:00,141.24,141.8,140.85,141.26,95642.339,2025-11-27T14:59:59.999000+00:00,13510144.07234,54754,59740.645,8439179.22238
2025-11-27T15:00:00+00:00,141.26,142.54,141.07,142.15,113880.489,2025-11-27T15:59:59.999000+00:00,16152016.28157,57028,72449.267,10274658.04264
2025-11-27T16:00:00+00:00,142.15,142.46,141.6,142.2,160650.901,2025-11-27T16:59:59.999000+00:00,22807402.62519,65350,75115.14,10662619.5919
2025-11-27T17:00:00+00:00,142.2,142.28,141.43,141.61,157954.825,2025-11-27T17:59:59.999000+00:00,22421206.99238,52496,84624.476,12011298.65883
2025-11-27T18:00:00+00:00,141.6,143.15,141.52,142.94,164111.131,2025-11-27T18:59:59.999000+00:00,23345596.15722,55233,84910.025,12078884.19782
2025-11-27T19:00:00+00:00,142.93,142.94,142.25,142.73,65815.847,2025-11-27T19:59:59.999000+00:00,9386680.19961,41946,24996.816,3564654.8749
2025-11-27T20:00:00+00:00,142.73,142.91,142.42,142.48,72313.454,2025-11-27T20:59:59.999000+00:00,10320442.36531,37820,32234.784,4600383.47609
2025-11-27T21:00:00+00:00,142.47,142.56,141.79,141.93,77516.688,2025-11-27T21:59:59.999000+00:00,11024007.6345,41880,40068.511,5698095.23797
2025-11-27T22:00:00+00:00,141.93,142.04,140.51,140.82,86058.872,2025-11-27T22:59:59.999000+00:00,12172246.04737,48163,36855.837,5213631.48233
2025-11-27T23:00:00+00:00,140.81,141.45,140.47,140.85,51556.865,2025-11-27T23:59:59.999000+00:00,7265081.30046,44754,22824.411,3217270.05297
2025-11-28T00:00:00+00:00,140.85,141.45,140.49,141.0,52114.401,2025-11-28T00:59:59.999000+00:00,7340645.31476,45536,23291.136,3281481.4733
2025-11-28T01:00:00+00:00,141.01,141.05,138.85,139.05,141229.853,2025-11-28T01:59:59.999000+00:00,19740278.32566,87989,51873.724,7246297.59892
2025-11-28T02:00:00+00:00,139.06,139.63,138.59,139.49,91495.238,2025-11-28T02:59:59.999000+00:00,12726038.36538,64466,45742.616,6363131.26542
2025-11-28T03:00:00+00:00,139.5,139.87,139.16,139.68,129251.381,2025-11-28T03:59:59.999000+00:00,18036294.40546,48518,62401.961,8710777.79322
2025-11-28T04:00:00+00:00,139.68,140.25,139.55,140.07,60001.824,2025-11-28T04:59:59.999000+00:00,8395948.46254,41689,33702.842,4716402.88096
2025-11-28T05:00:00+00:00,140.06,140.6,139.86,140.37,140098.214,2025-11-28T05:59:59.999000+00:00,19668731.89668,47528,58598.377,8223974.17509
2025-11-28T06:00:00+00:00,140.37,140.37,139.21,139.47,69624.463,2025-11-28T06:59:59.999000+00:00,9725744.43822,35970,20762.84,2900256.92502
2025-11-28T07:00:00+00:00,139.47,140.05,138.97,138.97,67705.016,2025-11-28T07:59:59.999000+00:00,9444703.52777,37394,28759.96,4013083.76405
2025-11-28T08:00:00+00:00,138.98,141.62,138.95,141.48,124927.147,2025-11-28T08:59:59.999000+00:00,17524104.26014,76682,68099.002,9551461.47622
2025-11-28T09:00:00+00:00,141.48,142.64,141.04,141.7,289113.661,2025-11-28T09:59:59.999000+00:00,40994680.10455,85732,168803.397,23924683.6535
2025-11-28T10:00:00+00:00,141.69,142.38,141.58,142.07,110856.989,2025-11-28T10:59:59.999000+00:00,15733471.072,40950,63801.918,9054999.29097
2025-11-28T11:00:00+00:00,142.08,142.08,139.96,140.99,89863.562,2025-11-28T11:59:59.999000+00:00,12648907.82084,71331,45430.231,6396285.53869
2025-11-28T12:00:00+00:00,140.99,141.56,140.77,140.79,133936.723,2025-11-28T12:59:59.999000+00:00,18904729.99287,44411,43732.497,6173039.37516
2025-11-28T13:00:00+00:00,140.8,143.4,140.43,142.51,216782.356,2025-11-28T13:59:59.999000+00:00,30807598.44206,81766,153294.735,21787295.56903
2025-11-28T14:00:00+00:00,142.52,143.55,141.72,142.59,231677.592,2025-11-28T14:59:59.999000+00:00,33036834.54582,118089,114867.312,16386898.81194
2025-11-28T15:00:00+00:00,142.59,143.6,141.31,141.61,354783.503,2025-11-28T15:59:59.999000+00:00,50526852.87019,136131,192531.553,27439737.74473
2025-11-28T16:00:00+00:00,141.62,141.65,138.76,138.79,253093.093,2025-11-28T16:59:59.999000+00:00,35401668.73288,108825,105223.949,14724144.77363
2025-11-28T17:00:00+00:00,138.8,138.84,136.77,137.18,290685.014,2025-11-28T17:59:59.999000+00:00,39992405.46976,133834,133951.476,18423122.85954
2025-11-28T18:00:00+00:00,137.18,137.54,136.01,137.18,222105.915,2025-11-28T18:59:59.999000+00:00,30401399.97609,100023,108495.214,14859837.82447
2025-11-28T19:00:00+00:00,137.18,137.99,137.05,137.53,130868.755,2025-11-28T19:59:59.999000+00:00,18007495.95675,51064,59349.366,8166708.98752
2025-11-28T20:00:00+00:00,137.54,137.98,136.93,137.9,78347.81,2025-11-28T20:59:59.999000+00:00,10766320.62337,47990,36830.484,5061052.27884
2025-11-28T21:00:00+00:00,137.9,138.04,137.31,137.4,52132.401,2025-11-28T21:59:59.999000+00:00,7174078.2274,32797,22315.736,3072357.67561
2025-11-28T22:00:00+00:00,137.4,137.88,136.59,137.81,116847.192,2025-11-28T22:59:59.999000+00:00,16029996.29129,44234,52502.647,7202310.5588
2025-11-28T23:00:00+00:00,137.8,138.3,137.28,137.33,54967.928,2025-11-28T23:59:59.999000+00:00,7569767.76115,31129,20213.923,2784337.83936
2025-11-29T00:00:00+00:00,137.33,137.89,137.15,137.66,59041.014,2025-11-29T00:59:59.999000+00:00,8118403.89229,32560,36290.067,4989278.52974
2025-11-29T01:00:00+00:00,137.65,137.84,137.26,137.41,45712.702,2025-11-29T01:59:59.999000+00:00,6287132.46556,30212,22021.79,3029379.48545
2025-11-29T02:00:00+00:00,137.42,137.71,136.89,137.21,87470.183,2025-11-29T02:59:59.999000+00:00,12004223.67635,29512,20158.672,2766116.31242
2025-11-29T03:00:00+00:00,137.2,137.4,136.7,136.83,54531.5,2025-11-29T03:59:59.999000+00:00,7473663.44754,22328,19059.394,2611609.31503
2025-11-29T04:00:00+00:00,136.84,137.72,136.84,137.64,41405.206,2025-11-29T04:59:59.999000+00:00,5682442.05508,20269,25416.11,3489140.39567
2025-11-29T05:00:00+00:00,137.65,137.66,137.14,137.22,60045.13,2025-11-29T05:59:59.999000+00:00,8256544.04218,19058,20008.221,2750480.1755
2025-11-29T06:00:00+00:00,137.22,137.6,136.22,137.11,162032.312,2025-11-29T06:59:59.999000+00:00,22182206.5355,42484,58234.72,7969014.22162
2025-11-29T07:00:00+00:00,137.11,137.55,136.93,137.28,52995.013,2025-11-29T07:59:59.999000+00:00,7274070.03245,27515,22869.525,3139251.26221
2025-11-29T08:00:00+00:00,137.28,137.48,136.64,136.98,84762.582,2025-11-29T08:59:59.999000+00:00,11617488.21694,30671,26394.28,3618886.27681
2025-11-29T09:00:00+00:00,136.98,137.12,136.6,136.67,61895.572,2025-11-29T09:59:59.999000+00:00,8468427.52713,24593,14437.776,1975583.53765
2025-11-29T10:00:00+00:00,136.68,137.01,136.39,136.82,73404.532,2025-11-29T10:59:59.999000+00:00,10039883.90565,29445,24049.317,3290330.49696
2025-11-29T11:00:00+00:00,136.81,137.37,136.66,137.33,45066.19,2025-11-29T11:59:59.999000+00:00,6176376.83605,23461,19033.473,2606795.49857
2025-11-29T12:00:00+00:00,137.33,137.47,136.87,136.94,39342.965,2025-11-29T12:59:59.999000+00:00,5394977.8361,24376,15155.371,2077942.75724
2025-11-29T13:00:00+00:00,136.94,137.08,136.67,136.91,44345.387,2025-11-29T13:59:59.999000+00:00,6069113.4284,26844,24580.94,3364453.05231
2025-11-29T14:00:00+00:00,136.91,136.91,136.5,136.54,42988.307,2025-11-29T14:59:59.999000+00:00,5875853.76787,24272,22609.413,3090624.42381
2025-11-29T15:00:00+00:00,136.54,137.66,136.54,137.58,107679.387,2025-11-29T15:59:59.999000+00:00,14783254.66659,41596,59186.485,8121554.98154
2025-11-29T16:00:00+00:00,137.58,137.84,137.05,137.66,64119.84,2025-11-29T16:59:59.999000+00:00,8812349.29098,33963,34103.183,4686519.67243
2025-11-29T17:00:00+00:00,137.67,138.1,136.07,136.19,173154.741,2025-11-29T17:59:59.999000+00:00,23733505.40864,46513,82757.878,11337387.55387
2025-11-29T18:00:00+00:00,136.19,136.35,134.76,135.69,216814.773,2025-11-29T18:59:59.999000+00:00,29393834.3333,70742,108354.107,14695704.04066
2025-11-29T19:00:00+00:00,135.69,136.24,135.42,135.68,72615.372,2025-11-29T19:59:59.999000+00:00,9868113.43975,32220,45114.802,6132077.13342
2025-11-29T20:00:00+00:00,135.67,136.33,135.33,136.23,59025.386,2025-11-29T20:59:59.999000+00:00,8018550.13125,33904,31037.308,4217696.60642
2025-11-29T21:00:00+00:00,136.24,136.52,135.76,136.46,36682.602,2025-11-29T21:59:59.999000+00:00,4993668.18308,23619,18981.538,2584545.6902
2025-11-29T22:00:00+00:00,136.45,136.46,135.38,135.81,121295.745,2025-11-29T22:59:59.999000+00:00,16462769.70121,34122,36415.619,4945375.72251
2025-11-29T23:00:00+00:00,135.82,136.2,135.49,135.91,52894.73,2025-11-29T23:59:59.999000+00:00,7186272.80862,24813,28752.419,3905347.67128
2025-11-30T00:00:00+00:00,135.92,136.45,135.73,135.95,93845.179,2025-11-30T00:59:59.999000+00:00,12767874.60227,32060,21461.069,2920202.60109
2025-11-30T01:00:00+00:00,135.95,136.61,135.86,136.29,114935.777,2025-11-30T01:59:59.999000+00:00,15667318.44648,35217,28661.473,3907067.57328
2025-11-30T02:00:00+00:00,136.3,136.8,135.85,135.93,105466.426,2025-11-30T02:59:59.999000+00:00,14385636.81112,34966,27203.205,3711553.13716
2025-11-30T03:00:00+00:00,135.92,136.5,135.25,136.4,116839.286,2025-11-30T03:59:59.999000+00:00,15862294.48065,34426,62117.311,8434328.15539
2025-11-30T04:00:00+00:00,136.41,136.95,136.22,136.34,65092.341,2025-11-30T04:59:59.999000+00:00,8886044.12203,28723,25681.247,3506408.79028
2025-11-30T05:00:00+00:00,136.35,136.35,135.57,135.77,41459.43,2025-11-30T05:59:59.999000+00:00,5633754.90359,21874,18009.742,2447252.76008
2025-11-30T06:00:00+00:00,135.77,136.49,135.52,136.33,67203.652,2025-11-30T06:59:59.999000+00:00,9138329.64985,23591,39682.626,5391854.72751
2025-11-30T07:00:00+00:00,136.33,136.72,136.19,136.53,63671.398,2025-11-30T07:59:59.999000+00:00,8687654.44594,23499,36933.221,5040076.02903
2025-11-30T08:00:00+00:00,136.52,137.09,136.12,136.81,111045.095,2025-11-30T08:59:59.999000+00:00,15177148.03547,44585,47206.542,6451484.16072
2025-11-30T09:00:00+00:00,136.81,137.1,136.46,136.82,63055.059,2025-11-30T09:59:59.999000+00:00,8623365.95349,34430,29536.148,4040212.27236
2025-11-30T10:00:00+00:00,136.82,136.96,136.52,136.68,44352.39,2025-11-30T10:59:59.999000+00:00,6064700.25637,26851,20188.668,2760690.8632
2025-11-30T11:00:00+00:00,136.67,136.9,136.23,136.42,35599.503,2025-11-30T11:59:59.999000+00:00,4861070.70897,27924,15617.04,2132692.46166
2025-11-30T12:00:00+00:00,136.43,137.73,136.2,137.58,107166.542,2025-11-30T12:59:59.999000+00:00,14700442.14062,43441,53967.731,7403046.61067
2025-11-30T13:00:00+00:00,137.58,140.19,137.33,139.26,307421.588,2025-11-30T13:59:59.999000+00:00,42742800.33782,96909,153206.229,21297696.02194
2025-11-30T14:00:00+00:00,139.26,139.47,138.13,138.51,203846.272,2025-11-30T14:59:59.999000+00:00,28266786.16867,66979,69412.127,9628112.90437
2025-11-30T15:00:00+00:00,138.51,138.54,137.51,138.33,83536.333,2025-11-30T15:59:59.999000+00:00,11530126.77112,39743,40548.443,5597225.3642
2025-11-30T16:00:00+00:00,138.34,139.82,138.29,139.52,116194.662,2025-11-30T16:59:59.999000+00:00,16171895.22159,47855,56750.265,7893635.09416
2025-11-30T17:00:00+00:00,139.52,139.52,138.36,138.46,111076.853,2025-11-30T17:59:59.999000+00:00,15423653.22653,44043,49571.749,6883543.24251
2025-11-30T18:00:00+00:00,138.47,138.64,137.86,138.61,90928.526,2025-11-30T18:59:59.999000+00:00,12568930.48473,34445,53253.21,7361606.04528
2025-11-30T19:00:00+00:00,138.61,138.67,137.37,137.63,108764.091,2025-11-30T19:59:59.999000+00:00,15000148.48829,36929,64026.883,8829527.97702
2025-11-30T20:00:00+00:00,137.62,137.93,136.87,137.3,101103.662,2025-11-30T20:59:59.999000+00:00,13888229.88224,35307,56720.902,7792602.4988
2025-11-30T21:00:00+00:00,137.29,137.4,136.62,137.04,78211.956,2025-11-30T21:59:59.999000+00:00,10713305.9142,34305,40815.399,5590577.19571
2025-11-30T22:00:00+00:00,137.03,137.89,136.99,137.72,64844.119,2025-11-30T22:59:59.999000+00:00,8913488.1625,32370,34719.625,4771465.65185
2025-11-30T23:00:00+00:00,137.72,137.79,133.26,133.48,312505.189,2025-11-30T23:59:59.999000+00:00,42207225.45789,111080,125376.716,16936950.56994
2025-12-01T00:00:00+00:00,133.48,133.74,127.53,127.57,958104.526,2025-12-01T00:59:59.999000+00:00,124994618.96469,433228,400091.542,52193809.28238
2025-12-01T01:00:00+00:00,127.57,129.33,127.46,127.96,252307.445,2025-12-01T01:59:59.999000+00:00,32397479.55982,179199,137129.072,17613355.0019
2025-12-01T02:00:00+00:00,127.96,128.66,127.47,127.57,236817.859,2025-12-01T02:59:59.999000+00:00,30321955.12855,99378,127733.917,16358927.73351
2025-12-01T03:00:00+00:00,127.58,127.58,126.53,126.97,167417.967,2025-12-01T03:59:59.999000+00:00,21258736.35229,92834,72812.003,9244163.39279
2025-12-01T04:00:00+00:00,126.97,127.05,126.19,126.38,156787.128,2025-12-01T04:59:59.999000+00:00,19867004.35691,89079,62359.434,7902322.71071
2025-12-01T05:00:00+00:00,126.38,126.57,125.81,126.11,133038.873,2025-12-01T05:59:59.999000+00:00,16786829.90453,62547,65890.048,8316466.94348
2025-12-01T06:00:00+00:00,126.1,126.86,126.02,126.72,95904.62,2025-12-01T06:59:59.999000+00:00,12128538.94144,54101,64454.752,8151774.12723
2025-12-01T07:00:00+00:00,126.72,127.47,126.32,127.42,123914.425,2025-12-01T07:59:59.999000+00:00,15723631.69956,57907,75332.112,9558760.16658
2025-12-01T08:00:00+00:00,127.41,127.82,127.0,127.72,130667.753,2025-12-01T08:59:59.999000+00:00,16651926.24012,55163,68137.497,8684235.91944
2025-12-01T09:00:00+00:00,127.71,128.09,126.86,127.02,132932.334,2025-12-01T09:59:59.999000+00:00,16919232.05047,56474,64844.47,8255582.82269
2025-12-01T10:00:00+00:00,127.01,127.56,126.96,127.25,54382.564,2025-12-01T10:59:59.999000+00:00,6921234.40605,31321,25089.114,3192704.11129
2025-12-01T11:00:00+00:00,127.25,127.38,126.89,127.12,63172.655,2025-12-01T11:59:59.999000+00:00,8029178.45223,37973,30520.716,3878815.79156
2025-12-01T12:00:00+00:00,127.12,127.19,125.38,126.6,229039.468,2025-12-01T12:59:59.999000+00:00,28950672.44974,111732,89240.269,11280074.55943
2025-12-01T13:00:00+00:00,126.59,127.72,126.13,126.49,149498.06,2025-12-01T13:59:59.999000+00:00,18981444.58794,108178,81868.044,10401246.23146
2025-12-01T14:00:00+00:00,126.49,127.09,125.55,126.11,182077.108,2025-12-01T14:59:59.999000+00:00,23004178.89646,138351,106033.49,13401245.94277
2025-12-01T15:00:00+00:00,126.12,126.31,123.11,125.11,504343.481,2025-12-01T15:59:59.999000+00:00,62814436.81388,230220,222409.044,27693072.63462
2025-12-01T16:00:00+00:00,125.11,125.34,123.38,123.53,378648.164,2025-12-01T16:59:59.999000+00:00,46993772.58031,142340,193688.206,24035036.80032
2025-12-01T17:00:00+00:00,123.54,124.98,123.51,124.44,174059.993,2025-12-01T17:59:59.999000+00:00,21646468.93488,90466,77251.88,9604065.61788
2025-12-01T18:00:00+00:00,124.44,125.31,123.76,124.51,152769.476,2025-12-01T18:59:59.999000+00:00,19031737.49819,87299,79360.871,9888558.13729
2025-12-01T19:00:00+00:00,124.52,124.6,123.27,123.86,122853.996,2025-12-01T19:59:59.999000+00:00,15219349.07851,84502,50099.738,6206642.91606
2025-12-01T20:00:00+00:00,123.86,125.36,123.83,124.45,137375.983,2025-12-01T20:59:59.999000+00:00,17113256.82966,97651,66218.994,8250791.31793
2025-12-01T21:00:00+00:00,124.44,127.17,124.22,126.1,260903.562,2025-12-01T21:59:59.999000+00:00,32766805.51019,87883,151590.669,19058806.65683
2025-12-01T22:00:00+00:00,126.1,127.43,125.85,126.83,117782.724,2025-12-01T22:59:59.999000+00:00,14906805.79018,60212,61650.555,7802027.55027
2025-12-01T23:00:00+00:00,126.83,127.4,126.54,126.66,92703.893,2025-12-01T23:59:59.999000+00:00,11769534.34694,50974,40481.271,5139444.6543
2025-12-02T00:00:00+00:00,126.66,127.56,126.46,127.37,117394.752,2025-12-02T00:59:59.999000+00:00,14910759.19827,72082,57906.192,7356134.33677
2025-12-02T01:00:00+00:00,127.36,128.54,126.79,126.99,109171.609,2025-12-02T01:59:59.999000+00:00,13924116.83517,94760,51568.64,6578708.13585
2025-12-02T02:00:00+00:00,126.99,128.14,126.63,126.97,100722.837,2025-12-02T02:59:59.999000+00:00,12830291.40749,73448,54190.9,6902770.56699
2025-12-02T03:00:00+00:00,126.97,127.68,126.02,127.23,115367.499,2025-12-02T03:59:59.999000+00:00,14635811.91554,57443,69509.017,8820450.86467
2025-12-02T04:00:00+00:00,127.23,127.85,126.87,126.89,95543.143,2025-12-02T04:59:59.999000+00:00,12164862.96136,48984,63779.672,8120839.17978
2025-12-02T05:00:00+00:00,126.89,127.09,126.46,126.69,89214.107,2025-12-02T05:59:59.999000+00:00,11311405.87115,42673,57275.57,7261686.99622
2025-12-02T06:00:00+00:00,126.69,127.85,126.44,127.68,70928.378,2025-12-02T06:59:59.999000+00:00,9015946.37348,41714,39045.37,4967197.87982
2025-12-02T07:00:00+00:00,127.68,127.71,127.0,127.26,48129.447,2025-12-02T07:59:59.999000+00:00,6128556.77765,35706,25735.837,3277281.93895
2025-12-02T08:00:00+00:00,127.26,127.32,126.01,126.17,76214.607,2025-12-02T08:59:59.999000+00:00,9637647.2417,52351,29997.837,3793822.85848
2025-12-02T09:00:00+00:00,126.16,127.21,126.14,126.77,87538.873,2025-12-02T09:59:59.999000+00:00,11098518.54314,56130,41387.498,5248695.3904
2025-12-02T10:00:00+00:00,126.77,128.84,126.71,128.3,112452.275,2025-12-02T10:59:59.999000+00:00,14352775.49863,60403,64999.194,8294157.66661
2025-12-02T11:00:00+00:00,128.3,128.53,127.82,128.31,112572.343,2025-12-02T11:59:59.999000+00:00,14429119.35652,57046,56169.621,7201378.36127
2025-12-02T12:00:00+00:00,128.32,129.03,128.2,128.88,164984.745,2025-12-02T12:59:59.999000+00:00,21236683.45347,57497,95610.919,12307466.38296
2025-12-02T13:00:00+00:00,128.87,131.02,128.46,130.61,367693.712,2025-12-02T13:59:59.999000+00:00,47852105.33009,109018,203696.386,26502387.86007
2025-12-02T14:00:00+00:00,130.6,133.45,130.4,132.97,395093.239,2025-12-02T14:59:59.999000+00:00,52104399.79239,186859,224609.653,29602006.99856
2025-12-02T15:00:00+00:00,132.97,139.87,132.95,137.84,991212.586,2025-12-02T15:59:59.999000+00:00,135343726.26598,389768,518193.893,70707852.27819
2025-12-02T16:00:00+00:00,137.83,139.71,137.38,139.37,547630.627,2025-12-02T16:59:59.999000+00:00,75922266.1879,280741,275666.799,38230607.37705
2025-12-02T17:00:00+00:00,139.38,140.88,139.25,139.48,362605.699,2025-12-02T17:59:59.999000+00:00,50722029.59069,192711,155666.698,21774141.85816
2025-12-02T18:00:00+00:00,139.47,140.3,139.37,139.84,197001.63,2025-12-02T18:59:59.999000+00:00,27546358.31535,120165,86997.785,12165738.40748
2025-12-02T19:00:00+00:00,139.85,140.64,139.77,140.25,124838.574,2025-12-02T19:59:59.999000+00:00,17493538.20469,85049,63658.91,8921341.86252
2025-12-02T20:00:00+00:00,140.26,140.38,138.2,138.73,368016.488,2025-12-02T20:59:59.999000+00:00,51179477.26773,145151,146117.127,20322871.45469
2025-12-02T21:00:00+00:00,138.73,139.29,138.37,139.11,118281.543,2025-12-02T21:59:59.999000+00:00,16426806.44005,79500,47934.973,6657110.4273
2025-12-02T22:00:00+00:00,139.11,139.98,138.86,139.92,147987.712,2025-12-02T22:59:59.999000+00:00,20624683.09454,89981,66842.583,9316789.16697
2025-12-02T23:00:00+00:00,139.92,139.94,138.4,138.68,102260.322,2025-12-02T23:59:59.999000+00:00,14214945.93041,73512,45545.385,6331473.35837
2025-12-03T00:00:00+00:00,138.67,138.95,137.76,138.16,203105.226,2025-12-03T00:59:59.999000+00:00,28088599.60433,88702,97791.132,13523299.61495
2025-12-03T01:00:00+00:00,138.16,139.23,137.88,138.87,140556.928,2025-12-03T01:59:59.999000+00:00,19461732.23707,62002,64063.332,8874144.09324
2025-12-03T02:00:00+00:00,138.87,140.32,138.8,140.03,139297.228,2025-12-03T02:59:59.999000+00:00,19472902.06131,81239,84723.346,11843172.11664
2025-12-03T03:00:00+00:00,140.03,140.65,139.79,140.33,108686.893,2025-12-03T03:59:59.999000+00:00,15248809.09193,51436,70200.104,9849661.08283
2025-12-03T04:00:00+00:00,140.33,142.49,140.18,142.26,276283.259,2025-12-03T04:59:59.999000+00:00,39072444.863,97651,190253.951,26907796.9991
2025-12-03T05:00:00+00:00,142.26,143.25,142.16,143.06,211439.113,2025-12-03T05:59:59.999000+00:00,30184387.49517,85281,110056.619,15708570.20982
2025-12-03T06:00:00+00:00,143.05,144.26,142.37,142.46,173358.792,2025-12-03T06:59:59.999000+00:00,24835263.60915,91625,87855.694,12596584.79788
2025-12-03T07:00:00+00:00,142.45,142.58,141.83,141.88,93978.528,2025-12-03T07:59:59.999000+00:00,13361581.31332,57735,39311.393,5589202.74923
2025-12-03T08:00:00+00:00,141.89,142.67,141.47,142.14,87600.129,2025-12-03T08:59:59.999000+00:00,12440883.97654,53028,42070.662,5976448.72609
2025-12-03T09:00:00+00:00,142.14,142.46,141.55,142.09,101078.735,2025-12-03T09:59:59.999000+00:00,14352251.23722,52521,47894.572,6802149.51907
2025-12-03T10:00:00+00:00,142.09,142.28,141.18,141.3,67221.701,2025-12-03T10:59:59.999000+00:00,9525328.64169,44177,30084.279,4264139.9664
2025-12-03T11:00:00+00:00,141.3,141.75,140.75,141.72,82997.593,2025-12-03T11:59:59.999000+00:00,11726210.86117,49482,34900.044,4932163.29307
2025-12-03T12:00:00+00:00,141.72,142.09,141.09,141.92,72351.042,2025-12-03T12:59:59.999000+00:00,10246770.12614,49648,35366.479,5010603.00484
2025-12-03T13:00:00+00:00,141.91,142.46,141.5,141.87,85679.48,2025-12-03T13:59:59.999000+00:00,12163011.6189,57369,41037.022,5825078.91316
2025-12-03T14:00:00+00:00,141.87,143.59,138.78,140.95,454651.317,2025-12-03T14:59:59.999000+00:00,64074336.87974,310132,208638.532,29441514.62081
2025-12-03T15:00:00+00:00,140.95,142.09,140.14,141.0,134395.868,2025-12-03T15:59:59.999000+00:00,18959243.72924,139788,60107.868,8482922.69405
2025-12-03T16:00:00+00:00,141.0,142.0,139.87,140.7,218344.643,2025-12-03T16:59:59.999000+00:00,30758481.51051,103985,112271.584,15830867.67353
2025-12-03T17:00:00+00:00,140.71,142.1,140.47,141.83,135367.865,2025-12-03T17:59:59.999000+00:00,19123549.90412,93183,75616.481,10684599.34645
2025-12-03T18:00:00+00:00,141.82,142.39,140.67,141.17,173813.126,2025-12-03T18:59:59.999000+00:00,24628534.35745,75636,75228.64,10655175.53468
2025-12-03T19:00:00+00:00,141.17,141.6,141.02,141.28,106188.916,2025-12-03T19:59:59.999000+00:00,15010759.91796,50527,37365.288,5280924.74805
2025-12-03T20:00:00+00:00,141.27,142.24,140.74,141.7,104944.469,2025-12-03T20:59:59.999000+00:00,14848485.4491,69561,51254.817,7252135.48779
2025-12-03T21:00:00+00:00,141.7,146.08,141.61,145.49,265536.7,2025-12-03T21:59:59.999000+00:00,38164786.06983,111788,161693.836,23243469.7069
2025-12-03T22:00:00+00:00,145.5,145.92,143.08,144.55,336417.16,2025-12-03T22:59:59.999000+00:00,48533732.55374,171958,195771.202,28246584.24535
2025-12-03T23:00:00+00:00,144.56,145.63,144.48,144.67,180850.094,2025-12-03T23:59:59.999000+00:00,26229254.29143,92440,105877.656,15355339.83273
2025-12-04T00:00:00+00:00,144.67,145.38,143.64,145.01,114011.952,2025-12-04T00:59:59.999000+00:00,16476240.18403,90767,53824.513,7781793.1772
2025-12-04T01:00:00+00:00,145.02,146.91,144.11,144.18,174274.944,2025-12-04T01:59:59.999000+00:00,25362534.18573,119292,93492.34,13603818.96211
2025-12-04T02:00:00+00:00,144.18,146.1,143.99,145.6,83194.088,2025-12-04T02:59:59.999000+00:00,12078013.37282,83988,44024.25,6390382.77555
2025-12-04T03:00:00+00:00,145.6,145.64,144.32,144.67,68731.339,2025-12-04T03:59:59.999000+00:00,9958615.64444,61930,33857.198,4904478.94789
2025-12-04T04:00:00+00:00,144.68,144.9,143.72,144.17,59093.238,2025-12-04T04:59:59.999000+00:00,8524906.42289,44635,24734.547,3568128.7234
2025-12-04T05:00:00+00:00,144.16,144.23,142.95,143.24,92367.986,2025-12-04T05:59:59.999000+00:00,13258620.18404,50025,32055.677,4602444.04441
2025-12-04T06:00:00+00:00,143.24,144.29,143.1,143.96,81169.589,2025-12-04T06:59:59.999000+00:00,11668447.53242,51914,40010.12,5754032.27024
2025-12-04T07:00:00+00:00,143.97,144.01,142.64,143.47,125423.493,2025-12-04T07:59:59.999000+00:00,17966516.80454,52766,43008.458,6162033.81214
2025-12-04T08:00:00+00:00,143.47,144.07,142.74,142.9,63497.327,2025-12-04T08:59:59.999000+00:00,9092946.02627,47434,25677.787,3678330.02318
2025-12-04T09:00:00+00:00,142.9,144.2,142.89,143.91,68326.484,2025-12-04T09:59:59.999000+00:00,9814754.37906,50979,36905.068,5303297.20934
2025-12-04T10:00:00+00:00,143.92,144.19,143.29,143.35,57914.328,2025-12-04T10:59:59.999000+00:00,8320095.88207,48388,25074.795,3602234.27384
2025-12-04T11:00:00+00:00,143.35,143.5,142.7,143.06,91661.961,2025-12-04T11:59:59.999000+00:00,13117140.73561,54394,47752.19,6834879.03982
2025-12-04T12:00:00+00:00,143.05,143.5,142.4,142.88,78252.97,2025-12-04T12:59:59.999000+00:00,11180157.63955,51221,39587.86,5658982.80042
2025-12-04T13:00:00+00:00,142.88,143.18,141.79,142.23,152773.599,2025-12-04T13:59:59.999000+00:00,21747972.04193,89908,76692.0,10922597.92733
2025-12-04T14:00:00+00:00,142.23,143.34,141.44,141.82,168508.42,2025-12-04T14:59:59.999000+00:00,23997790.05412,138506,74009.54,10549731.53856
2025-12-04T15:00:00+00:00,141.81,144.26,141.78,143.21,233885.396,2025-12-04T15:59:59.999000+00:00,33443514.00501,147486,125700.649,17985709.99204
2025-12-04T16:00:00+00:00,143.2,143.85,142.25,142.62,121354.23,2025-12-04T16:59:59.999000+00:00,17337180.48034,91655,60177.598,8598118.68555
2025-12-04T17:00:00+00:00,142.62,142.81,141.11,142.14,120102.874,2025-12-04T17:59:59.999000+00:00,17032836.91284,84220,56681.698,8036585.75816
2025-12-04T18:00:00+00:00,142.14,142.22,140.32,140.75,105505.95,2025-12-04T18:59:59.999000+00:00,14893468.84049,78135,39658.533,5595745.88863
2025-12-04T19:00:00+00:00,140.75,140.87,137.8,139.67,290381.511,2025-12-04T19:59:59.999000+00:00,40391630.33253,160162,137343.996,19107587.96046
2025-12-04T20:00:00+00:00,139.66,140.5,139.18,140.37,104406.31,2025-12-04T20:59:59.999000+00:00,14597257.07104,79382,55358.233,7738537.2963
2025-12-04T21:00:00+00:00,140.38,140.43,138.5,138.72,108024.509,2025-12-04T21:59:59.999000+00:00,15079727.30573,59295,44548.246,6213625.81105
2025-12-04T22:00:00+00:00,138.72,139.78,138.72,139.39,80918.497,2025-12-04T22:59:59.999000+00:00,11271447.49393,46008,49860.661,6944065.71875
2025-12-04T23:00:00+00:00,139.39,139.43,138.7,139.01,50461.246,2025-12-04T23:59:59.999000+00:00,7017408.4067,36957,28355.36,3943315.68861
2025-12-05T00:00:00+00:00,139.01,139.72,138.9,139.24,72058.7,2025-12-05T00:59:59.999000+00:00,10036576.0878,47807,33624.809,4682541.41475
2025-12-05T01:00:00+00:00,139.24,140.2,139.14,139.82,79938.515,2025-12-05T01:59:59.999000+00:00,11173843.28938,50585,40641.33,5681404.21692
2025-12-05T02:00:00+00:00,139.83,140.15,139.25,139.81,101601.457,2025-12-05T02:59:59.999000+00:00,14196498.38572,50286,42499.305,5937299.58986
2025-12-05T03:00:00+00:00,139.8,140.18,138.3,138.56,104393.147,2025-12-05T03:59:59.999000+00:00,14522603.1472,47986,44322.607,6167999.00043
2025-12-05T04:00:00+00:00,138.55,139.14,138.07,138.52,97628.063,2025-12-05T04:59:59.999000+00:00,13521482.14187,47604,51111.4,7079670.50011
2025-12-05T05:00:00+00:00,138.52,138.74,137.77,138.04,94173.457,2025-12-05T05:59:59.999000+00:00,13005669.54221,36431,45607.308,6299026.35531
2025-12-05T06:00:00+00:00,138.05,139.0,138.03,138.89,60035.591,2025-12-05T06:59:59.999000+00:00,8322964.64603,37479,32673.242,4529164.67576
2025-12-05T07:00:00+00:00,138.9,140.75,138.77,139.68,161682.94,2025-12-05T07:59:59.999000+00:00,22631386.24107,62640,93155.977,13037221.45557
2025-12-05T08:00:00+00:00,139.67,139.67,137.81,138.19,135576.525,2025-12-05T08:59:59.999000+00:00,18749690.46771,54123,71847.427,9932918.55571
2025-12-05T09:00:00+00:00,138.2,138.27,136.28,136.34,229985.947,2025-12-05T09:59:59.999000+00:00,31525164.54424,100309,114501.13,15687837.0566
2025-12-05T10:00:00+00:00,136.34,137.98,136.13,137.71,147047.808,2025-12-05T10:59:59.999000+00:00,20177376.75808,61230,86115.599,11810503.54887
2025-12-05T11:00:00+00:00,137.71,138.09,136.87,137.02,100748.05,2025-12-05T11:59:59.999000+00:00,13841178.85526,53314,53787.654,7388186.25202
2025-12-05T12:00:00+00:00,137.01,137.14,135.21,136.67,179328.148,2025-12-05T12:59:59.999000+00:00,24494856.45899,52903,74752.865,10218830.82759
2025-12-05T13:00:00+00:00,136.67,137.06,135.77,135.94,143257.041,2025-12-05T13:59:59.999000+00:00,19528070.93162,98319,62803.535,8561381.02998
2025-12-05T14:00:00+00:00,135.94,136.31,134.41,134.74,188627.584,2025-12-05T14:59:59.999000+00:00,25525492.59137,131107,77170.648,10446854.45547
2025-12-05T15:00:00+00:00,134.73,137.2,134.63,135.05,290534.912,2025-12-05T15:59:59.999000+00:00,39484060.76328,190907,151780.368,20633974.73706
2025-12-05T16:00:00+00:00,135.04,135.2,131.18,132.2,416442.876,2025-12-05T16:59:59.999000+00:00,55372954.19897,249852,216869.9,28830073.24983
2025-12-05T17:00:00+00:00,132.2,132.73,131.11,132.16,188683.579,2025-12-05T17:59:59.999000+00:00,24904262.27809,129512,107563.677,14203699.46803
2025-12-05T18:00:00+00:00,132.16,133.03,131.17,131.35,130922.888,2025-12-05T18:59:59.999000+00:00,17289074.26047,101898,64571.303,8533850.66033
2025-12-05T19:00:00+00:00,131.36,133.04,130.73,132.5,147747.82,2025-12-05T19:59:59.999000+00:00,19490243.55763,108055,90810.57,11991023.65212
2025-12-05T20:00:00+00:00,132.49,132.9,131.96,132.56,103897.292,2025-12-05T20:59:59.999000+00:00,13759562.66334,74934,53112.815,7033205.64705
2025-12-05T21:00:00+00:00,132.57,133.16,132.0,132.4,106120.318,2025-12-05T21:59:59.999000+00:00,14079510.28513,48964,50642.181,6719760.28703
2025-12-05T22:00:00+00:00,132.4,132.86,132.11,132.72,37192.609,2025-12-05T22:59:59.999000+00:00,4927806.20439,36406,18964.778,2513188.54314
2025-12-05T23:00:00+00:00,132.72,133.43,132.27,133.29,49733.876,2025-12-05T23:59:59.999000+00:00,6611698.82623,32256,31148.207,4142038.52612
2025-12-06T00:00:00+00:00,133.29,133.7,132.8,133.46,45224.674,2025-12-06T00:59:59.999000+00:00,6027248.40683,35498,21049.626,2805955.02826
2025-12-06T01:00:00+00:00,133.47,133.83,133.2,133.49,37205.336,2025-12-06T01:59:59.999000+00:00,4967622.43106,33992,19553.981,2611168.69965
2025-12-06T02:00:00+00:00,133.49,133.52,132.88,133.45,45719.749,2025-12-06T02:59:59.999000+00:00,6088801.97503,34537,20728.052,2761147.15019
2025-12-06T03:00:00+00:00,133.45,134.13,133.33,133.74,66216.017,2025-12-06T03:59:59.999000+00:00,8859963.75573,45008,37638.771,5036499.49263
2025-12-06T04:00:00+00:00,133.73,133.75,132.97,133.2,58904.45,2025-12-06T04:59:59.999000+00:00,7853760.65568,38144,25361.907,3381929.59799
2025-12-06T05:00:00+00:00,133.2,133.42,132.89,133.07,32040.736,2025-12-06T05:59:59.999000+00:00,4265721.03508,23872,12555.091,1671482.69222
2025-12-06T06:00:00+00:00,133.07,133.24,132.76,132.95,23033.963,2025-12-06T06:59:59.999000+00:00,3064178.53879,26934,9986.756,1328679.12952
2025-12-06T07:00:00+00:00,132.96,133.2,132.56,132.72,30548.123,2025-12-06T07:59:59.999000+00:00,4060665.888,29047,10544.572,1401793.99974
2025-12-06T08:00:00+00:00,132.73,132.87,131.88,131.99,49689.895,2025-12-06T08:59:59.999000+00:00,6575040.26039,39279,17047.18,2256869.18165
2025-12-06T09:00:00+00:00,131.99,132.8,131.99,132.52,56019.383,2025-12-06T09:59:59.999000+00:00,7419056.78858,38278,23857.448,3159458.64035
2025-12-06T10:00:00+00:00,132.51,132.99,132.41,132.71,34998.65,2025-12-06T10:59:59.999000+00:00,4642693.66209,30577,14391.093,1909270.55729
2025-12-06T11:00:00+00:00,132.71,133.29,132.69,133.22,44018.503,2025-12-06T11:59:59.999000+00:00,5857553.83928,31639,15881.643,2113327.88534
2025-12-06T12:00:00+00:00,133.23,133.23,132.62,132.65,41071.904,2025-12-06T12:59:59.999000+00:00,5459205.29091,29140,23335.43,3102338.93152
2025-12-06T13:00:00+00:00,132.65,133.27,132.59,132.94,24009.808,2025-12-06T13:59:59.999000+00:00,3193322.08501,23126,10568.078,1405618.51866
2025-12-06T14:00:00+00:00,132.95,133.99,132.82,133.74,123327.827,2025-12-06T14:59:59.999000+00:00,16471308.05044,67913,62056.792,8286616.4871
2025-12-06T15:00:00+00:00,133.74,133.8,132.21,132.87,90312.568,2025-12-06T15:59:59.999000+00:00,12004404.40025,57423,34756.571,4619009.0919
2025-12-06T16:00:00+00:00,132.88,133.54,132.79,133.09,54966.109,2025-12-06T16:59:59.999000+00:00,7321006.682,52827,30716.077,4091309.29367
2025-12-06T17:00:00+00:00,133.08,133.42,132.67,132.95,111266.496,2025-12-06T17:59:59.999000+00:00,14793571.13978,36103,83044.662,11040348.31571
2025-12-06T18:00:00+00:00,132.96,133.19,132.61,132.79,79863.868,2025-12-06T18:59:59.999000+00:00,10612838.6276,31012,53690.929,7134504.69908
2025-12-06T19:00:00+00:00,132.8,132.97,131.78,132.06,114769.073,2025-12-06T19:59:59.999000+00:00,15172050.28615,45576,63825.634,8436490.49404
2025-12-06T20:00:00+00:00,132.07,132.62,132.06,132.5,34539.839,2025-12-06T20:59:59.999000+00:00,4571973.69275,27119,15204.009,2012159.3862
2025-12-06T21:00:00+00:00,132.49,132.93,132.22,132.4,33292.494,2025-12-06T21:59:59.999000+00:00,4411661.24342,41078,16076.912,2130675.54855
2025-12-06T22:00:00+00:00,132.4,132.62,131.8,132.15,31076.834,2025-12-06T22:59:59.999000+00:00,4109439.14812,28601,17120.716,2263908.1404
2025-12-06T23:00:00+00:00,132.15,132.36,131.28,132.19,79479.132,2025-12-06T23:59:59.999000+00:00,10473522.07963,46329,29334.965,3865880.30908
2025-12-07T00:00:00+00:00,132.2,132.71,131.93,132.38,37131.244,2025-12-07T00:59:59.999000+00:00,4913654.91387,37684,21000.802,2779327.23491
2025-12-07T01:00:00+00:00,132.37,132.8,132.3,132.31,33642.608,2025-12-07T01:59:59.999000+00:00,4459924.62744,27226,11944.865,1583482.56462
2025-12-07T02:00:00+00:00,132.31,133.46,132.3,133.28,67608.1,2025-12-07T02:59:59.999000+00:00,8991150.18534,29446,26142.594,3476060.38825
2025-12-07T03:00:00+00:00,133.28,133.59,133.02,133.5,48020.939,2025-12-07T03:59:59.999000+00:00,6401030.15782,26354,15940.308,2125224.90837
2025-12-07T04:00:00+00:00,133.5,133.54,132.86,133.02,54370.809,2025-12-07T04:59:59.999000+00:00,7239257.31638,23493,18844.977,2509161.85267
2025-12-07T05:00:00+00:00,133.02,133.23,132.66,132.82,20042.03,2025-12-07T05:59:59.999000+00:00,2663436.04968,19220,7680.29,1020809.76151
2025-12-07T06:00:00+00:00,132.82,133.25,132.72,133.1,22654.452,2025-12-07T06:59:59.999000+00:00,3014843.79965,19028,14322.191,1906201.94964
2025-12-07T07:00:00+00:00,133.09,133.14,131.91,132.08,63402.948,2025-12-07T07:59:59.999000+00:00,8384900.00786,32535,39352.816,5202917.17828
2025-12-07T08:00:00+00:00,132.09,132.59,131.68,131.9,58987.638,2025-12-07T08:59:59.999000+00:00,7789656.68036,33287,37313.537,4927344.29983
2025-12-07T09:00:00+00:00,131.9,132.11,131.53,131.89,72869.258,2025-12-07T09:59:59.999000+00:00,9605350.79402,33977,35466.322,4675568.28516
2025-12-07T10:00:00+00:00,131.89,132.54,131.69,132.27,45132.934,2025-12-07T10:59:59.999000+00:00,5959914.47198,30418,24866.525,3283296.44816
2025-12-07T11:00:00+00:00,132.28,132.52,132.15,132.44,22303.759,2025-12-07T11:59:59.999000+00:00,2952047.86703,24644,9795.907,1296721.81124
2025-12-07T12:00:00+00:00,132.43,133.07,132.36,132.9,64094.512,2025-12-07T12:59:59.999000+00:00,8506445.16565,31471,26142.807,3469189.86303
2025-12-07T13:00:00+00:00,132.9,133.02,131.51,131.73,103341.217,2025-12-07T13:59:59.999000+00:00,13638048.26624,58567,44979.45,5933588.4077
2025-12-07T14:00:00+00:00,131.72,131.84,127.7,128.16,477688.404,2025-12-07T14:59:59.999000+00:00,61650833.29609,274136,210047.344,27090945.90758
2025-12-07T15:00:00+00:00,128.16,132.22,128.03,132.03,417732.207,2025-12-07T15:59:59.999000+00:00,54557297.56182,209175,216083.59,28216430.21873
2025-12-07T16:00:00+00:00,132.03,132.04,130.49,131.97,183621.68,2025-12-07T16:59:59.999000+00:00,24074108.92072,109506,95352.784,12498716.21543
2025-12-07T17:00:00+00:00,131.97,135.54,131.28,134.81,483357.434,2025-12-07T17:59:59.999000+00:00,64729479.96962,209655,248787.777,33310413.44436
2025-12-07T18:00:00+00:00,134.82,136.29,134.82,136.04,185187.636,2025-12-07T18:59:59.999000+00:00,25135712.06252,102626,108604.179,14737527.59515
2025-12-07T19:00:00+00:00,136.05,136.16,135.2,135.72,80987.486,2025-12-07T19:59:59.999000+00:00,10973517.92725,57109,33142.743,4491945.51502
2025-12-07T20:00:00+00:00,135.73,136.35,135.64,136.18,51405.373,2025-12-07T20:59:59.999000+00:00,6990113.0157,43505,28924.687,3933782.82297
2025-12-07T21:00:00+00:00,136.18,136.18,132.46,133.1,179624.082,2025-12-07T21:59:59.999000+00:00,24115509.59508,89628,64224.093,8622217.68579
2025-12-07T22:00:00+00:00,133.09,133.1,129.8,131.26,262629.166,2025-12-07T22:59:59.999000+00:00,34445252.02844,207596,115364.623,15133869.57949
2025-12-07T23:00:00+00:00,131.25,132.4,130.61,132.24,95968.575,2025-12-07T23:59:59.999000+00:00,12605631.68625,83805,56230.306,7388463.17583
2025-12-08T00:00:00+00:00,132.25,132.75,131.55,131.61,83508.381,2025-12-08T00:59:59.999000+00:00,11022859.24635,78056,55033.628,7264240.08331
2025-12-08T01:00:00+00:00,131.61,134.47,131.52,133.37,132187.1,2025-12-08T01:59:59.999000+00:00,17614449.49141,103466,71671.801,9545836.8653
2025-12-08T02:00:00+00:00,133.37,134.2,133.14,134.04,64951.791,2025-12-08T02:59:59.999000+00:00,8679980.11833,62364,32570.934,4353553.16874
2025-12-08T03:00:00+00:00,134.05,134.71,133.76,134.32,77363.367,2025-12-08T03:59:59.999000+00:00,10381817.05801,51688,34600.556,4643411.92452
2025-12-08T04:00:00+00:00,134.32,135.2,134.07,135.05,61671.525,2025-12-08T04:59:59.999000+00:00,8307506.91718,54469,29192.698,3932546.67163
2025-12-08T05:00:00+00:00,135.06,135.44,134.59,135.2,59971.409,2025-12-08T05:59:59.999000+00:00,8098523.81721,47527,27682.266,3738628.31217
2025-12-08T06:00:00+00:00,135.2,136.0,134.65,135.73,87966.443,2025-12-08T06:59:59.999000+00:00,11900897.2022,47202,46531.437,6296524.3464
2025-12-08T07:00:00+00:00,135.73,135.98,134.91,135.85,160796.001,2025-12-08T07:59:59.999000+00:00,21780339.24942,53189,94099.647,12742353.25434
2025-12-08T08:00:00+00:00,135.85,136.95,135.65,136.71,107937.464,2025-12-08T08:59:59.999000+00:00,14705345.78665,63941,57110.618,7782520.34971
2025-12-08T09:00:00+00:00,136.7,138.9,136.68,138.14,204960.86,2025-12-08T09:59:59.999000+00:00,28306264.28863,118872,118749.012,16396535.3073
2025-12-08T10:00:00+00:00,138.14,139.36,138.05,138.74,121536.944,2025-12-08T10:59:59.999000+00:00,16843945.08921,68566,57232.575,7933308.78902
2025-12-08T11:00:00+00:00,138.74,139.14,138.13,138.37,107979.077,2025-12-08T11:59:59.999000+00:00,14971385.08811,56919,43058.225,5971861.90796
2025-12-08T12:00:00+00:00,138.37,138.59,137.25,137.84,168122.327,2025-12-08T12:59:59.999000+00:00,23159551.3987,71641,68331.809,9413043.00213
2025-12-08T13:00:00+00:00,137.84,139.32,137.55,138.13,141944.528,2025-12-08T13:59:59.999000+00:00,19649140.85878,86735,81602.444,11298799.63658
2025-12-08T14:00:00+00:00,138.13,139.0,136.86,137.19,191367.866,2025-12-08T14:59:59.999000+00:00,26389286.03221,155970,87210.465,12036994.96677
2025-12-08T15:00:00+00:00,137.2,137.57,135.24,135.55,269180.051,2025-12-08T15:59:59.999000+00:00,36650682.65728,176202,118906.096,16192208.19598
2025-12-08T16:00:00+00:00,135.54,136.54,134.86,135.6,189943.862,2025-12-08T16:59:59.999000+00:00,25761642.79817,120534,92227.405,12511334.72988
2025-12-08T17:00:00+00:00,135.6,136.3,134.78,135.83,130194.748,2025-12-08T17:59:59.999000+00:00,17648228.62679,93896,64574.751,8758381.70475
2025-12-08T18:00:00+00:00,135.83,136.25,133.02,133.62,195886.261,2025-12-08T18:59:59.999000+00:00,26400202.96508,124761,94035.552,12667792.67057
2025-12-08T19:00:00+00:00,133.62,134.68,133.46,133.67,139034.77,2025-12-08T19:59:59.999000+00:00,18635022.32583,110977,55979.806,7503339.95432
2025-12-08T20:00:00+00:00,133.66,134.94,133.43,134.09,133733.065,2025-12-08T20:59:59.999000+00:00,17938674.00031,98543,67562.713,9065026.37835
2025-12-08T21:00:00+00:00,134.09,134.58,133.24,134.48,141822.808,2025-12-08T21:59:59.999000+00:00,19007129.86021,83533,82779.876,11096951.34195
2025-12-08T22:00:00+00:00,134.48,134.55,133.38,133.58,82974.766,2025-12-08T22:59:59.999000+00:00,11111117.03956,44298,54289.929,7268386.54354
2025-12-08T23:00:00+00:00,133.58,133.79,132.45,133.25,190080.012,2025-12-08T23:59:59.999000+00:00,25301647.01274,69543,131548.234,17512105.5375
2025-12-09T00:00:00+00:00,133.24,133.61,132.57,133.01,131933.777,2025-12-09T00:59:59.999000+00:00,17560768.76896,64964,61145.198,8141406.19447
2025-12-09T01:00:00+00:00,133.02,133.33,132.62,133.13,77130.353,2025-12-09T01:59:59.999000+00:00,10253434.88025,66235,39832.293,5295336.71624
2025-12-09T02:00:00+00:00,133.12,133.65,132.75,132.78,54685.37,2025-12-09T02:59:59.999000+00:00,7289272.49332,45189,32247.485,4299311.99066
2025-12-09T03:00:00+00:00,132.78,134.42,132.47,134.18,107067.975,2025-12-09T03:59:59.999000+00:00,14282175.65836,51612,63293.945,8445356.51714
2025-12-09T04:00:00+00:00,134.18,134.26,132.35,132.65,93745.613,2025-12-09T04:59:59.999000+00:00,12475812.51287,46801,41504.58,5524237.55461
2025-12-09T05:00:00+00:00,132.65,133.01,131.77,132.1,177954.036,2025-12-09T05:59:59.999000+00:00,23574334.71095,53169,81311.974,10772958.53686
2025-12-09T06:00:00+00:00,132.1,132.79,131.97,132.62,61276.838,2025-12-09T06:59:59.999000+00:00,8108246.04559,43422,24933.155,3299401.99862
2025-12-09T07:00:00+00:00,132.62,133.3,132.36,133.2,50977.06,2025-12-09T07:59:59.999000+00:00,6772674.85881,41361,26177.733,3478176.72776
2025-12-09T08:00:00+00:00,133.21,133.42,132.65,133.13,50733.662,2025-12-09T08:59:59.999000+00:00,6751207.21566,38253,21560.71,2869954.58224
2025-12-09T09:00:00+00:00,133.12,133.13,132.28,132.35,40993.688,2025-12-09T09:59:59.999000+00:00,5438835.95196,30394,16714.499,2217494.93402
2025-12-09T10:00:00+00:00,132.35,132.88,132.01,132.74,79391.492,2025-12-09T10:59:59.999000+00:00,10513744.42108,41122,35848.179,4747112.70568
2025-12-09T11:00:00+00:00,132.74,133.03,132.39,132.95,41928.739,2025-12-09T11:59:59.999000+00:00,5565111.76788,32868,14962.901,1986508.28953
2025-12-09T12:00:00+00:00,132.95,133.57,132.73,133.12,69236.117,2025-12-09T12:59:59.999000+00:00,9221179.90734,45740,34686.053,4619748.29803
2025-12-09T13:00:00+00:00,133.11,133.3,132.04,132.41,107504.857,2025-12-09T13:59:59.999000+00:00,14275586.91857,61179,51615.466,6854185.96417
2025-12-09T14:00:00+00:00,132.42,132.84,131.62,132.52,135781.992,2025-12-09T14:59:59.999000+00:00,17949887.3423,106832,61277.621,8103110.55587
2025-12-09T15:00:00+00:00,132.52,138.5,132.39,138.45,577463.725,2025-12-09T15:59:59.999000+00:00,78518177.7967,269239,305995.912,41551843.5134
2025-12-09T16:00:00+00:00,138.46,144.64,138.45,143.67,978402.245,2025-12-09T16:59:59.999000+00:00,138695324.84258,428913,527961.918,74831428.0868
2025-12-09T17:00:00+00:00,143.67,144.93,142.52,143.12,488200.086,2025-12-09T17:59:59.999000+00:00,70194806.03526,264383,210298.598,30235388.02467
2025-12-09T18:00:00+00:00,143.13,143.28,141.66,142.5,269251.092,2025-12-09T18:59:59.999000+00:00,38382553.14571,146046,121014.243,17253582.02647
2025-12-09T19:00:00+00:00,142.5,142.85,141.7,142.1,120789.594,2025-12-09T19:59:59.999000+00:00,17187016.82423,97271,59746.873,8501901.04158
2025-12-09T20:00:00+00:00,142.11,142.34,139.65,140.15,254594.743,2025-12-09T20:59:59.999000+00:00,35811393.84548,144281,127161.468,17888562.30067
2025-12-09T21:00:00+00:00,140.16,140.47,136.71,137.74,203852.62,2025-12-09T21:59:59.999000+00:00,28253720.26251,132579,87559.685,12137295.7195
2025-12-09T22:00:00+00:00,137.75,139.43,137.43,138.78,197348.523,2025-12-09T22:59:59.999000+00:00,27324675.21119,105551,87335.58,12090956.37954
2025-12-09T23:00:00+00:00,138.77,138.82,137.68,137.88,138277.837,2025-12-09T23:59:59.999000+00:00,19133749.37124,65195,77574.674,10734444.87462
2025-12-10T00:00:00+00:00,137.87,138.34,137.19,137.28,124047.366,2025-12-10T00:59:59.999000+00:00,17086166.0693,71632,58081.661,8002645.64777
2025-12-10T01:00:00+00:00,137.28,138.51,137.2,137.85,340280.124,2025-12-10T01:59:59.999000+00:00,46906870.1069,82542,179532.033,24742724.09399
2025-12-10T02:00:00+00:00,137.85,138.14,137.19,137.73,95954.937,2025-12-10T02:59:59.999000+00:00,13211551.5049,52515,43654.344,6010892.55646
2025-12-10T03:00:00+00:00,137.74,138.61,137.54,138.15,100622.957,2025-12-10T03:59:59.999000+00:00,13883100.72522,46055,50282.291,6940196.98667
2025-12-10T04:00:00+00:00,138.15,140.22,138.05,139.03,182167.271,2025-12-10T04:59:59.999000+00:00,25351379.75913,79319,106768.117,14858372.21318
2025-12-10T05:00:00+00:00,139.03,139.6,138.63,139.16,83138.223,2025-12-10T05:59:59.999000+00:00,11567841.90663,43715,43796.831,6094641.32741
2025-12-10T06:00:00+00:00,139.17,139.44,138.72,139.23,43677.367,2025-12-10T06:59:59.999000+00:00,6078082.30843,37257,21401.225,2978358.87241
2025-12-10T07:00:00+00:00,139.23,139.23,138.36,139.2,62306.612,2025-12-10T07:59:59.999000+00:00,8647593.75793,37902,28429.422,3945900.98166
2025-12-10T08:00:00+00:00,139.2,139.44,138.42,138.5,83487.149,2025-12-10T08:59:59.999000+00:00,11596004.96483,47172,38799.062,5390551.76964
2025-12-10T09:00:00+00:00,138.5,139.1,138.14,138.97,77100.062,2025-12-10T09:59:59.999000+00:00,10683317.90156,56350,43306.406,6002041.00549
2025-12-10T10:00:00+00:00,138.97,139.88,136.81,136.97,207333.154,2025-12-10T10:59:59.999000+00:00,28636882.6684,113911,109691.288,15176994.79658
2025-12-10T11:00:00+00:00,136.96,137.5,136.33,137.24,144892.302,2025-12-10T11:59:59.999000+00:00,19848204.68596,71386,76829.739,10528235.43532
2025-12-10T12:00:00+00:00,137.23,138.15,136.81,137.9,92081.601,2025-12-10T12:59:59.999000+00:00,12649129.74132,56695,44941.381,6176038.36902
2025-12-10T13:00:00+00:00,137.89,138.16,137.47,137.7,76103.025,2025-12-10T13:59:59.999000+00:00,10488548.4294,51099,43261.975,5962866.2701
2025-12-10T14:00:00+00:00,137.69,137.74,136.52,137.17,144101.458,2025-12-10T14:59:59.999000+00:00,19753321.84004,106902,70260.716,9631727.62425
2025-12-10T15:00:00+00:00,137.18,137.66,135.71,136.17,173675.218,2025-12-10T15:59:59.999000+00:00,23700519.65232,115649,82547.898,11271277.86691
2025-12-10T16:00:00+00:00,136.16,137.45,135.73,136.14,187027.491,2025-12-10T16:59:59.999000+00:00,25506351.29678,105249,108640.08,14818623.74315
2025-12-10T17:00:00+00:00,136.13,137.19,135.92,136.85,169330.678,2025-12-10T17:59:59.999000+00:00,23143568.32208,97991,77437.831,10581347.96203
2025-12-10T18:00:00+00:00,136.84,139.52,136.41,137.72,306007.087,2025-12-10T18:59:59.999000+00:00,42169461.62241,205936,136435.58,18803783.82814
2025-12-10T19:00:00+00:00,137.72,139.64,136.19,138.67,599151.421,2025-12-10T19:59:59.999000+00:00,82828543.28291,422024,303234.26,41929855.57321
2025-12-10T20:00:00+00:00,138.67,142.57,137.43,138.34,791126.484,2025-12-10T20:59:59.999000+00:00,110900856.17542,380725,405864.171,56937123.514
2025-12-10T21:00:00+00:00,138.33,138.87,136.8,137.15,218565.98,2025-12-10T21:59:59.999000+00:00,30091413.3034,157812,108101.837,14888239.97455
2025-12-10T22:00:00+00:00,137.16,137.85,135.39,137.61,137587.931,2025-12-10T22:59:59.999000+00:00,18794325.88031,110584,69246.22,9463883.98227
2025-12-10T23:00:00+00:00,137.6,137.82,136.11,136.26,80464.378,2025-12-10T23:59:59.999000+00:00,11022970.12166,66922,37102.858,5082464.59089
2025-12-11T00:00:00+00:00,136.26,136.43,133.45,133.86,228643.027,2025-12-11T00:59:59.999000+00:00,30815294.84218,136928,94053.618,12676999.01321
2025-12-11T01:00:00+00:00,133.86,134.19,132.66,132.89,174931.902,2025-12-11T01:59:59.999000+00:00,23323059.53013,128915,78855.928,10516638.64682
2025-12-11T02:00:00+00:00,132.89,132.94,130.52,130.78,457794.039,2025-12-11T02:59:59.999000+00:00,60203177.89948,166743,238458.865,31355407.98246
2025-12-11T03:00:00+00:00,130.78,130.78,129.0,129.39,386650.022,2025-12-11T03:59:59.999000+00:00,50252955.97187,169303,151873.22,19734588.49647
2025-12-11T04:00:00+00:00,129.39,131.52,129.04,131.04,232060.312,2025-12-11T04:59:59.999000+00:00,30205224.99512,131423,123679.563,16101589.13569
2025-12-11T05:00:00+00:00,131.04,131.3,130.47,131.19,121709.082,2025-12-11T05:59:59.999000+00:00,15938914.05554,68317,71952.436,9424412.52031
2025-12-11T06:00:00+00:00,131.19,131.42,130.37,131.06,105175.52,2025-12-11T06:59:59.999000+00:00,13774448.92103,58776,44634.156,5846450.48875
2025-12-11T07:00:00+00:00,131.06,131.4,130.66,131.03,83938.722,2025-12-11T07:59:59.999000+00:00,11000639.42035,44152,37386.832,4900291.45083
2025-12-11T08:00:00+00:00,131.03,131.13,130.15,131.1,99287.831,2025-12-11T08:59:59.999000+00:00,12980188.75118,60661,40385.244,5280047.64869
2025-12-11T09:00:00+00:00,131.1,131.41,130.83,130.95,91863.943,2025-12-11T09:59:59.999000+00:00,12044326.96632,45923,38818.205,5090447.76763
2025-12-11T10:00:00+00:00,130.94,131.11,130.5,130.83,66541.631,2025-12-11T10:59:59.999000+00:00,8701450.4436,35771,32939.019,4307274.5988
2025-12-11T11:00:00+00:00,130.83,131.22,130.76,130.93,64281.744,2025-12-11T11:59:59.999000+00:00,8420052.06883,29848,34226.187,4483011.58805
2025-12-11T12:00:00+00:00,130.93,131.87,130.73,131.23,93567.131,2025-12-11T12:59:59.999000+00:00,12287730.438,48731,48078.55,6315495.7561
2025-12-11T13:00:00+00:00,131.22,131.52,130.88,131.31,63568.31,2025-12-11T13:59:59.999000+00:00,8342805.50775,46488,30551.59,4010129.18646
2025-12-11T14:00:00+00:00,131.31,131.51,129.84,130.63,209484.402,2025-12-11T14:59:59.999000+00:00,27385508.10166,149788,89849.242,11750911.92608
2025-12-11T15:00:00+00:00,130.63,132.82,130.31,131.18,200128.338,2025-12-11T15:59:59.999000+00:00,26341900.68733,150422,106995.736,14087510.80494
2025-12-11T16:00:00+00:00,131.17,132.0,130.12,131.34,102105.985,2025-12-11T16:59:59.999000+00:00,13372792.91836,94941,49155.431,6438084.26095
2025-12-11T17:00:00+00:00,131.33,132.6,130.8,132.36,119635.503,2025-12-11T17:59:59.999000+00:00,15787074.09395,74392,56722.75,7483228.38675
2025-12-11T18:00:00+00:00,132.35,135.58,132.01,134.46,409025.786,2025-12-11T18:59:59.999000+00:00,54844210.4811,141019,196075.273,26283110.50731
2025-12-11T19:00:00+00:00,134.47,135.49,133.62,133.91,225786.506,2025-12-11T19:59:59.999000+00:00,30396254.89595,130743,105308.942,14181188.19064
2025-12-11T20:00:00+00:00,133.9,136.98,133.82,136.1,211236.702,2025-12-11T20:59:59.999000+00:00,28578324.11759,108019,111215.798,15054131.23758
2025-12-11T21:00:00+00:00,136.11,137.79,136.1,137.03,316532.882,2025-12-11T21:59:59.999000+00:00,43409963.8764,165337,151679.54,20803082.36023
2025-12-11T22:00:00+00:00,137.03,137.49,135.83,136.17,225673.078,2025-12-11T22:59:59.999000+00:00,30855987.73256,104131,93271.699,12754973.6145
2025-12-11T23:00:00+00:00,136.17,136.77,135.68,136.41,88074.638,2025-12-11T23:59:59.999000+00:00,12000081.47897,62571,35737.622,4870380.7287
2025-12-12T00:00:00+00:00,136.41,137.49,135.35,135.5,140105.203,2025-12-12T00:59:59.999000+00:00,19141389.59108,84275,85610.975,11700278.63481
2025-12-12T01:00:00+00:00,135.51,137.25,135.51,136.74,124114.818,2025-12-12T01:59:59.999000+00:00,16939750.18062,84731,70332.569,9598603.4738
2025-12-12T02:00:00+00:00,136.73,137.95,136.51,137.22,116214.265,2025-12-12T02:59:59.999000+00:00,15952121.80718,67042,63425.553,8703139.5189
2025-12-12T03:00:00+00:00,137.21,137.45,136.56,137.08,78799.819,2025-12-12T03:59:59.999000+00:00,10799244.30074,45389,41130.904,5636879.34886
2025-12-12T04:00:00+00:00,137.08,137.19,136.77,137.04,68751.428,2025-12-12T04:59:59.999000+00:00,9416155.33413,38253,39866.406,5460144.07449
2025-12-12T05:00:00+00:00,137.04,138.93,136.52,138.9,179135.535,2025-12-12T05:59:59.999000+00:00,24682238.46374,65644,120028.03,16542553.80603
2025-12-12T06:00:00+00:00,138.91,140.12,138.71,139.13,239723.125,2025-12-12T06:59:59.999000+00:00,33406511.01963,108561,131500.123,18324952.02055
2025-12-12T07:00:00+00:00,139.14,139.42,138.79,139.09,90951.486,2025-12-12T07:59:59.999000+00:00,12653206.78989,60266,42185.348,5869256.62941
2025-12-12T08:00:00+00:00,139.09,139.15,137.46,137.95,162531.202,2025-12-12T08:59:59.999000+00:00,22450957.86588,72995,58929.987,8145167.14686
2025-12-12T09:00:00+00:00,137.94,138.47,137.19,138.25,106624.385,2025-12-12T09:59:59.999000+00:00,14684904.51653,57261,50030.957,6896249.48908
2025-12-12T10:00:00+00:00,138.24,138.56,137.95,138.35,86799.442,2025-12-12T10:59:59.999000+00:00,11998175.02023,44326,48523.43,6707551.56404
2025-12-12T11:00:00+00:00,138.36,138.77,137.86,138.71,73823.255,2025-12-12T11:59:59.999000+00:00,10215396.52331,46021,36816.64,5095951.59054
2025-12-12T12:00:00+00:00,138.72,139.86,138.33,139.64,110230.662,2025-12-12T12:59:59.999000+00:00,15329541.12917,66782,69108.509,9614118.9438
2025-12-12T13:00:00+00:00,139.64,139.64,138.72,138.98,110526.808,2025-12-12T13:59:59.999000+00:00,15390904.54962,69795,42090.129,5860268.62724
2025-12-12T14:00:00+00:00,138.99,139.58,138.09,138.48,176109.192,2025-12-12T14:59:59.999000+00:00,24456815.29891,127657,94677.459,13149582.72565
2025-12-12T15:00:00+00:00,138.47,138.51,132.85,133.49,675688.087,2025-12-12T15:59:59.999000+00:00,91553959.79657,280980,303973.155,41167646.20369
2025-12-12T16:00:00+00:00,133.48,133.95,131.53,132.2,450201.63,2025-12-12T16:59:59.999000+00:00,59707324.2854,252465,242957.053,32226195.60991
2025-12-12T17:00:00+00:00,132.2,133.59,131.37,132.14,263303.923,2025-12-12T17:59:59.999000+00:00,34856452.11894,169286,119702.947,15844789.35004
2025-12-12T18:00:00+00:00,132.15,133.27,131.46,132.75,203825.059,2025-12-12T18:59:59.999000+00:00,27001215.56932,127416,98145.131,13005885.49389
2025-12-12T19:00:00+00:00,132.75,132.85,130.35,131.27,178943.401,2025-12-12T19:59:59.999000+00:00,23512804.8753,123018,67734.202,8903690.17811
2025-12-12T20:00:00+00:00,131.27,131.92,131.0,131.59,115012.642,2025-12-12T20:59:59.999000+00:00,15127074.68631,90238,62705.035,8248949.16363
2025-12-12T21:00:00+00:00,131.58,132.07,131.25,131.86,67609.124,2025-12-12T21:59:59.999000+00:00,8902774.74192,41333,35014.122,4610518.35848
2025-12-12T22:00:00+00:00,131.86,132.86,131.82,132.74,107617.153,2025-12-12T22:59:59.999000+00:00,14257870.38318,44130,50547.604,6694996.75051
2025-12-12T23:00:00+00:00,132.75,133.07,132.21,132.27,78966.618,2025-12-12T23:59:59.999000+00:00,10477777.3418,32235,35295.297,4684421.46591
2025-12-13T00:00:00+00:00,132.28,132.75,132.28,132.62,77336.031,2025-12-13T00:59:59.999000+00:00,10249463.01016,29096,24837.036,3291238.41618
2025-12-13T01:00:00+00:00,132.63,132.97,132.38,132.66,73299.289,2025-12-13T01:59:59.999000+00:00,9727557.54699,27718,25109.424,3332354.79432
2025-12-13T02:00:00+00:00,132.67,133.0,132.57,132.63,46279.634,2025-12-13T02:59:59.999000+00:00,6144739.49033,22379,22689.285,3011954.59017
2025-12-13T03:00:00+00:00,132.63,133.0,132.55,132.88,30080.437,2025-12-13T03:59:59.999000+00:00,3995139.77485,17650,19317.766,2565765.10539
2025-12-13T04:00:00+00:00,132.88,132.95,132.58,132.87,35002.122,2025-12-13T04:59:59.999000+00:00,4648538.12798,16111,22546.397,2994661.13955
2025-12-13T05:00:00+00:00,132.86,132.98,132.33,132.68,53956.857,2025-12-13T05:59:59.999000+00:00,7154665.14107,17123,15521.99,2060020.10477
2025-12-13T06:00:00+00:00,132.67,132.97,132.4,132.88,31017.803,2025-12-13T06:59:59.999000+00:00,4115547.87814,14669,21032.474,2790876.33798
2025-12-13T07:00:00+00:00,132.88,133.02,132.8,132.93,28184.894,2025-12-13T07:59:59.999000+00:00,3745875.26062,14570,13681.551,1818371.65871
2025-12-13T08:00:00+00:00,132.94,134.21,132.93,134.0,143165.639,2025-12-13T08:59:59.999000+00:00,19128623.86261,49446,62189.279,8308230.20633
2025-12-13T09:00:00+00:00,134.0,134.28,133.52,133.58,69687.365,2025-12-13T09:59:59.999000+00:00,9331601.91413,31719,25376.229,3398630.51057
2025-12-13T10:00:00+00:00,133.59,134.27,133.47,133.96,63912.338,2025-12-13T10:59:59.999000+00:00,8557123.35535,31398,29968.025,4012155.33009
2025-12-13T11:00:00+00:00,133.96,134.06,133.2,133.32,64691.284,2025-12-13T11:59:59.999000+00:00,8647043.91815,30908,25963.406,3468870.58505
2025-12-13T12:00:00+00:00,133.31,133.68,132.62,132.96,53952.935,2025-12-13T12:59:59.999000+00:00,7178781.74419,32544,21292.543,2833727.3277
2025-12-13T13:00:00+00:00,132.97,133.37,132.63,133.13,42959.868,2025-12-13T13:59:59.999000+00:00,5714921.15855,32093,19876.474,2644655.42842
2025-12-13T14:00:00+00:00,133.14,133.43,132.61,133.19,60761.842,2025-12-13T14:59:59.999000+00:00,8085386.45002,33790,25142.566,3346503.05178
2025-12-13T15:00:00+00:00,133.19,133.66,133.11,133.31,72561.237,2025-12-13T15:59:59.999000+00:00,9678907.2549,37234,28884.312,3852398.42575
2025-12-13T16:00:00+00:00,133.3,133.82,132.88,133.17,49668.65,2025-12-13T16:59:59.999000+00:00,6619724.83583,39854,22845.839,3045697.65232
2025-12-13T17:00:00+00:00,133.17,133.2,132.13,132.21,156908.136,2025-12-13T17:59:59.999000+00:00,20780764.04534,39576,115140.467,15247942.29816
2025-12-13T18:00:00+00:00,132.21,132.79,132.11,132.32,67540.991,2025-12-13T18:59:59.999000+00:00,8941147.10711,27345,37399.664,4950944.7024
2025-12-13T19:00:00+00:00,132.32,132.95,132.3,132.72,32105.655,2025-12-13T19:59:59.999000+00:00,4257082.88413,19755,20594.758,2730506.62803
2025-12-13T20:00:00+00:00,132.73,132.98,132.22,132.29,29243.273,2025-12-13T20:59:59.999000+00:00,3879419.37657,17527,16337.168,2166591.63044
2025-12-13T21:00:00+00:00,132.28,132.73,131.6,132.7,77836.132,2025-12-13T21:59:59.999000+00:00,10281710.55523,32185,40383.756,5334841.90748
2025-12-13T22:00:00+00:00,132.7,133.07,132.2,132.85,58628.374,2025-12-13T22:59:59.999000+00:00,7783583.27,26374,23439.941,3111450.79416
2025-12-13T23:00:00+00:00,132.85,133.27,132.59,133.14,53702.949,2025-12-13T23:59:59.999000+00:00,7143216.94563,25981,14476.768,1925202.14987
2025-12-14T00:00:00+00:00,133.13,133.66,132.71,133.26,90723.407,2025-12-14T00:59:59.999000+00:00,12088670.97486,32192,39765.022,5297652.79501
2025-12-14T01:00:00+00:00,133.27,133.57,133.01,133.31,22442.872,2025-12-14T01:59:59.999000+00:00,2991602.76717,19053,11914.97,1588564.9648
2025-12-14T02:00:00+00:00,133.3,133.54,133.09,133.35,31142.657,2025-12-14T02:59:59.999000+00:00,4152432.89826,15627,10924.496,1456325.7989
2025-12-14T03:00:00+00:00,133.35,133.47,132.84,132.95,36256.077,2025-12-14T03:59:59.999000+00:00,4824087.67544,16313,22866.675,3041574.3442
2025-12-14T04:00:00+00:00,132.95,133.19,132.42,132.49,34080.841,2025-12-14T04:59:59.999000+00:00,4522423.89789,18781,20665.557,2742013.21603
2025-12-14T05:00:00+00:00,132.49,132.69,132.08,132.66,75660.187,2025-12-14T05:59:59.999000+00:00,10011260.88233,23260,49104.815,6497167.29723
2025-12-14T06:00:00+00:00,132.66,133.04,132.46,132.92,28830.814,2025-12-14T06:59:59.999000+00:00,3827261.01347,15711,15087.358,2002795.94098
2025-12-14T07:00:00+00:00,132.92,133.39,132.83,133.29,28413.23,2025-12-14T07:59:59.999000+00:00,3781078.41192,14550,12212.164,1624952.35649
2025-12-14T08:00:00+00:00,133.28,133.5,132.67,132.69,73454.401,2025-12-14T08:59:59.999000+00:00,9789254.92254,23722,17769.358,2367681.70388
2025-12-14T09:00:00+00:00,132.68,132.8,132.33,132.34,57177.31,2025-12-14T09:59:59.999000+00:00,7576691.76529,21692,39821.161,5276316.7794
2025-12-14T10:00:00+00:00,132.33,132.59,130.98,131.8,200109.285,2025-12-14T10:59:59.999000+00:00,26344123.61815,69199,86885.492,11442920.03375
2025-12-14T11:00:00+00:00,131.8,131.98,130.14,131.47,152416.354,2025-12-14T11:59:59.999000+00:00,19994086.51417,99261,63393.279,8316425.21445
2025-12-14T12:00:00+00:00,131.46,131.9,130.88,131.38,80797.062,2025-12-14T12:59:59.999000+00:00,10623895.7401,53154,37395.904,4918340.84713
2025-12-14T13:00:00+00:00,131.38,131.65,130.94,131.64,51900.833,2025-12-14T13:59:59.999000+00:00,6809812.41401,40476,24595.249,3227936.00295
2025-12-14T14:00:00+00:00,131.64,131.79,130.42,130.9,59571.11,2025-12-14T14:59:59.999000+00:00,7805328.96133,50287,27457.758,3599199.46209
2025-12-14T15:00:00+00:00,130.89,131.06,130.33,130.67,45214.435,2025-12-14T15:59:59.999000+00:00,5909413.72832,39600,20062.394,2622310.24817
2025-12-14T16:00:00+00:00,130.67,131.6,130.5,131.02,56464.967,2025-12-14T16:59:59.999000+00:00,7394131.73417,48639,28482.939,3731419.38632
2025-12-14T17:00:00+00:00,131.02,131.24,129.4,130.04,151996.633,2025-12-14T17:59:59.999000+00:00,19758133.96315,68555,63234.933,8218549.26988
2025-12-14T18:00:00+00:00,130.04,130.73,129.89,130.64,45145.613,2025-12-14T18:59:59.999000+00:00,5884453.39788,36295,24191.425,3153467.27723
2025-12-14T19:00:00+00:00,130.63,130.64,130.0,130.31,38429.111,2025-12-14T19:59:59.999000+00:00,5004688.19476,29823,18595.737,2421905.35508
2025-12-14T20:00:00+00:00,130.3,130.71,129.86,130.04,68699.112,2025-12-14T20:59:59.999000+00:00,8946486.03377,41280,36227.071,4717973.36533
2025-12-14T21:00:00+00:00,130.03,130.32,129.57,129.89,42527.44,2025-12-14T21:59:59.999000+00:00,5524953.14925,32116,20940.213,2720738.77648
2025-12-14T22:00:00+00:00,129.89,130.3,129.58,130.19,51409.045,2025-12-14T22:59:59.999000+00:00,6679442.94131,44663,27687.189,3597783.33416
2025-12-14T23:00:00+00:00,130.19,130.8,127.98,129.4,208751.841,2025-12-14T23:59:59.999000+00:00,26929088.90201,107376,77538.539,10006627.46828
2025-12-15T00:00:00+00:00,129.39,130.38,129.29,130.14,93547.4,2025-12-15T00:59:59.999000+00:00,12153245.33493,80998,51943.051,6749891.78086
2025-12-15T01:00:00+00:00,130.14,131.59,129.81,131.17,87035.374,2025-12-15T01:59:59.999000+00:00,11377069.04222,66375,54321.509,7104271.75807
2025-12-15T02:00:00+00:00,131.17,133.25,131.17,131.53,205586.311,2025-12-15T02:59:59.999000+00:00,27209598.01763,97691,86675.072,11469743.36081
2025-12-15T03:00:00+00:00,131.53,131.71,130.93,131.16,50659.997,2025-12-15T03:59:59.999000+00:00,6653117.7774,38526,28089.81,3689318.967
2025-12-15T04:00:00+00:00,131.17,132.0,130.88,131.82,74916.787,2025-12-15T04:59:59.999000+00:00,9859451.23489,30248,35214.244,4632478.95462
2025-12-15T05:00:00+00:00,131.83,132.15,131.67,131.98,51082.245,2025-12-15T05:59:59.999000+00:00,6736765.4053,21997,24552.325,3237815.03198
2025-12-15T06:00:00+00:00,131.98,132.71,131.69,132.41,86380.985,2025-12-15T06:59:59.999000+00:00,11413259.41197,31661,45436.005,6003516.53428
2025-12-15T07:00:00+00:00,132.42,132.65,131.82,132.34,66388.442,2025-12-15T07:59:59.999000+00:00,8776550.00718,30959,21817.269,2884502.16171
2025-12-15T08:00:00+00:00,132.34,132.71,132.13,132.39,68974.719,2025-12-15T08:59:59.999000+00:00,9135383.21517,25053,21609.699,2861802.4157
2025-12-15T09:00:00+00:00,132.4,133.02,132.14,132.74,57055.973,2025-12-15T09:59:59.999000+00:00,7562554.78606,33732,26639.543,3531817.87643
2025-12-15T10:00:00+00:00,132.73,133.03,132.32,132.64,51911.349,2025-12-15T10:59:59.999000+00:00,6883769.28758,34786,25272.607,3351393.18593
2025-12-15T11:00:00+00:00,132.64,132.8,132.06,132.26,77651.495,2025-12-15T11:59:59.999000+00:00,10285672.28658,27611,44179.963,5851456.69662
2025-12-15T12:00:00+00:00,132.25,133.14,131.79,132.77,84917.128,2025-12-15T12:59:59.999000+00:00,11248653.10036,42306,42467.878,5622348.26391
2025-12-15T13:00:00+00:00,132.76,133.29,131.72,132.66,160328.652,2025-12-15T13:59:59.999000+00:00,21267512.34039,75218,73759.741,9787301.51553
2025-12-15T14:00:00+00:00,132.67,135.43,129.6,130.49,476708.472,2025-12-15T14:59:59.999000+00:00,63284634.98852,261492,233776.622,31074683.72602
2025-12-15T15:00:00+00:00,130.48,130.6,126.45,126.89,713478.624,2025-12-15T15:59:59.999000+00:00,91334114.80808,394382,380435.065,48698509.7852
2025-12-15T16:00:00+00:00,126.89,127.3,125.57,126.48,325704.662,2025-12-15T16:59:59.999000+00:00,41174292.06883,214760,172166.007,21771493.70813
2025-12-15T17:00:00+00:00,126.49,126.78,124.51,124.94,244364.057,2025-12-15T17:59:59.999000+00:00,30677300.39622,136389,112312.617,14108423.37917
2025-12-15T18:00:00+00:00,124.93,125.29,123.63,124.89,206717.639,2025-12-15T18:59:59.999000+00:00,25749242.6197,124495,112431.361,14011244.49306
2025-12-15T19:00:00+00:00,124.89,125.85,124.68,125.02,219099.535,2025-12-15T19:59:59.999000+00:00,27458192.9548,107272,135814.752,17020600.27974
2025-12-15T20:00:00+00:00,125.01,125.62,123.88,125.0,197066.679,2025-12-15T20:59:59.999000+00:00,24561192.65755,99271,83630.577,10425095.50526
2025-12-15T21:00:00+00:00,125.0,126.44,124.96,125.85,129629.747,2025-12-15T21:59:59.999000+00:00,16286680.84003,66051,71581.331,8995212.61512
2025-12-15T22:00:00+00:00,125.86,126.42,125.6,126.37,77418.026,2025-12-15T22:59:59.999000+00:00,9757636.73019,40876,36539.651,4605709.67137
2025-12-15T23:00:00+00:00,126.38,127.87,126.3,127.81,115806.702,2025-12-15T23:59:59.999000+00:00,14726529.96304,55080,64346.442,8182379.97894
2025-12-16T00:00:00+00:00,127.81,128.03,126.14,126.2,118382.961,2025-12-16T00:59:59.999000+00:00,15069653.56134,66380,54614.561,6956982.60772
2025-12-16T01:00:00+00:00,126.2,126.86,125.54,126.37,103837.069,2025-12-16T01:59:59.999000+00:00,13105931.97498,86985,48939.545,6178079.94248
2025-12-16T02:00:00+00:00,126.38,127.34,125.95,126.76,64733.645,2025-12-16T02:59:59.999000+00:00,8206664.17073,62417,38563.109,4890487.78061
2025-12-16T03:00:00+00:00,126.77,126.94,124.94,126.51,91693.529,2025-12-16T03:59:59.999000+00:00,11546723.52883,57382,43028.261,5418543.44205
2025-12-16T04:00:00+00:00,126.5,126.8,124.87,126.13,106519.599,2025-12-16T04:59:59.999000+00:00,13400795.98109,64680,38259.38,4813240.96359
2025-12-16T05:00:00+00:00,126.12,126.69,125.92,126.39,70907.226,2025-12-16T05:59:59.999000+00:00,8955974.71654,41145,24492.581,3093830.65715
2025-12-16T06:00:00+00:00,126.4,127.48,126.3,127.34,65033.567,2025-12-16T06:59:59.999000+00:00,8249324.39705,32777,33066.38,4194604.94487
2025-12-16T07:00:00+00:00,127.35,127.4,125.55,125.57,70942.935,2025-12-16T07:59:59.999000+00:00,8966219.46779,50865,24312.372,3071268.57113
2025-12-16T08:00:00+00:00,125.57,126.61,125.43,126.0,86247.055,2025-12-16T08:59:59.999000+00:00,10867898.91164,53845,36536.556,4602543.07134
2025-12-16T09:00:00+00:00,125.99,126.5,125.9,126.29,63073.32,2025-12-16T09:59:59.999000+00:00,7958678.41479,42620,25974.065,3277238.33729
2025-12-16T10:00:00+00:00,126.3,128.87,126.14,128.46,149600.918,2025-12-16T10:59:59.999000+00:00,19075754.13532,87094,79690.027,10167936.25814
2025-12-16T11:00:00+00:00,128.46,129.04,127.94,128.63,143255.845,2025-12-16T11:59:59.999000+00:00,18407223.27881,79038,75664.791,9725330.59526
2025-12-16T12:00:00+00:00,128.62,128.99,128.23,128.63,89149.627,2025-12-16T12:59:59.999000+00:00,11458511.4465,54142,36527.424,4695862.57626
2025-12-16T13:00:00+00:00,128.64,129.9,126.77,126.77,259611.98,2025-12-16T13:59:59.999000+00:00,33282846.28419,147875,108838.09,13971592.46441
2025-12-16T14:00:00+00:00,126.78,129.8,126.11,128.57,399245.369,2025-12-16T14:59:59.999000+00:00,51181480.65253,243207,192030.553,24628283.50563
2025-12-16T15:00:00+00:00,128.58,130.14,127.27,129.75,216346.145,2025-12-16T15:59:59.999000+00:00,27815945.98773,176050,113121.101,14556240.69429
2025-12-16T16:00:00+00:00,129.75,129.85,127.77,128.33,171956.817,2025-12-16T16:59:59.999000+00:00,22138243.99975,117348,89151.871,11469162.31853
2025-12-16T17:00:00+00:00,128.33,128.59,127.13,127.27,97656.937,2025-12-16T17:59:59.999000+00:00,12476831.12026,72179,54191.048,6926255.12898
2025-12-16T18:00:00+00:00,127.27,128.61,126.97,128.03,130625.462,2025-12-16T18:59:59.999000+00:00,16679064.83639,78854,79756.605,10189991.62895
2025-12-16T19:00:00+00:00,128.02,128.09,126.77,127.73,90369.237,2025-12-16T19:59:59.999000+00:00,11510163.99416,61867,47142.545,6006544.35845
2025-12-16T20:00:00+00:00,127.72,128.93,127.43,128.42,104872.398,2025-12-16T20:59:59.999000+00:00,13426374.65406,64002,56054.391,7172970.98061
2025-12-16T21:00:00+00:00,128.41,128.73,127.99,128.48,57537.469,2025-12-16T21:59:59.999000+00:00,7387360.28839,33435,32994.865,4236202.90667
2025-12-16T22:00:00+00:00,128.47,129.0,128.27,128.61,51838.891,2025-12-16T22:59:59.999000+00:00,6669472.94994,28577,27158.074,3493886.90262
2025-12-16T23:00:00+00:00,128.61,129.52,128.16,129.15,81345.997,2025-12-16T23:59:59.999000+00:00,10481476.41732,40820,39557.819,5098275.40809
2025-12-17T00:00:00+00:00,129.15,129.16,128.26,128.91,58279.876,2025-12-17T00:59:59.999000+00:00,7498205.13807,41045,30653.417,3943100.96979
2025-12-17T01:00:00+00:00,128.91,129.82,128.76,129.19,68442.12,2025-12-17T01:59:59.999000+00:00,8845337.16556,48656,35380.6,4572121.48458
2025-12-17T02:00:00+00:00,129.18,129.5,128.45,129.29,85791.883,2025-12-17T02:59:59.999000+00:00,11065694.18239,44597,43665.695,5629937.68573
2025-12-17T03:00:00+00:00,129.3,129.64,128.21,128.24,62167.346,2025-12-17T03:59:59.999000+00:00,8009782.64593,30750,31261.075,4028612.7253
2025-12-17T04:00:00+00:00,128.25,128.46,127.43,127.87,68742.926,2025-12-17T04:59:59.999000+00:00,8791336.80753,38188,35928.483,4595576.85561
2025-12-17T05:00:00+00:00,127.86,128.09,127.02,127.62,58618.593,2025-12-17T05:59:59.999000+00:00,7477561.98552,45715,29270.626,3735076.88574
2025-12-17T06:00:00+00:00,127.61,128.01,127.57,127.76,33550.566,2025-12-17T06:59:59.999000+00:00,4287340.17971,27342,15835.393,2023621.09073
2025-12-17T07:00:00+00:00,127.76,128.57,127.64,128.27,52066.856,2025-12-17T07:59:59.999000+00:00,6672233.99378,31790,30224.58,3872911.13464
2025-12-17T08:00:00+00:00,128.26,128.26,126.8,126.92,72606.734,2025-12-17T08:59:59.999000+00:00,9250400.88496,34336,40291.089,5134764.38941
2025-12-17T09:00:00+00:00,126.92,127.03,125.96,126.75,77685.204,2025-12-17T09:59:59.999000+00:00,9832715.84725,39563,41977.902,5315033.94575
2025-12-17T10:00:00+00:00,126.74,126.95,126.28,126.58,72126.437,2025-12-17T10:59:59.999000+00:00,9132117.86668,39445,38185.576,4834886.35177
2025-12-17T11:00:00+00:00,126.58,127.93,126.5,127.62,125998.954,2025-12-17T11:59:59.999000+00:00,16060181.16549,36610,41562.346,5296158.72824
2025-12-17T12:00:00+00:00,127.62,128.17,127.39,127.97,146429.615,2025-12-17T12:59:59.999000+00:00,18711238.88801,45479,53040.191,6777203.03437
2025-12-17T13:00:00+00:00,127.97,129.45,127.57,129.22,163492.84,2025-12-17T13:59:59.999000+00:00,21013414.29456,72072,78866.161,10141922.68151
2025-12-17T14:00:00+00:00,129.22,132.7,126.98,132.62,566043.652,2025-12-17T14:59:59.999000+00:00,73561580.46227,272225,309495.257,40254475.87924
2025-12-17T15:00:00+00:00,132.62,133.99,126.58,126.77,875827.745,2025-12-17T15:59:59.999000+00:00,114598195.30732,439906,402125.34,52598280.97541
2025-12-17T16:00:00+00:00,126.76,127.98,123.8,124.9,521515.458,2025-12-17T16:59:59.999000+00:00,65429451.61031,331017,246689.627,30930241.92351
2025-12-17T17:00:00+00:00,124.91,125.21,122.55,123.06,470586.688,2025-12-17T17:59:59.999000+00:00,58091179.77,229027,231415.466,28571836.57605
2025-12-17T18:00:00+00:00,123.06,123.99,121.7,122.1,318093.534,2025-12-17T18:59:59.999000+00:00,39034303.31786,161829,147505.397,18104487.15176
2025-12-17T19:00:00+00:00,122.11,122.5,121.36,122.39,199425.937,2025-12-17T19:59:59.999000+00:00,24318315.99529,124729,111120.848,13551864.55715
2025-12-17T20:00:00+00:00,122.39,123.76,122.03,123.0,188951.009,2025-12-17T20:59:59.999000+00:00,23252201.13836,98266,119830.61,14747651.8652
2025-12-17T21:00:00+00:00,122.99,123.11,121.95,122.44,77424.004,2025-12-17T21:59:59.999000+00:00,9486437.78264,42751,47378.166,5806908.50785
2025-12-17T22:00:00+00:00,122.43,123.55,122.07,123.46,91171.051,2025-12-17T22:59:59.999000+00:00,11209110.76143,44847,55030.468,6763168.30942
2025-12-17T23:00:00+00:00,123.47,123.5,122.8,123.27,70541.188,2025-12-17T23:59:59.999000+00:00,8684237.2002,37669,36190.749,4454178.90962
2025-12-18T00:00:00+00:00,123.28,123.77,123.03,123.67,71622.04,2025-12-18T00:59:59.999000+00:00,8844002.97533,34730,33904.916,4186646.7235
2025-12-18T01:00:00+00:00,123.67,123.79,122.98,123.38,57775.656,2025-12-18T01:59:59.999000+00:00,7126671.24045,44570,26299.582,3244878.81457
2025-12-18T02:00:00+00:00,123.38,124.16,123.08,123.71,72167.871,2025-12-18T02:59:59.999000+00:00,8926090.82059,52796,40152.539,4965459.92399
2025-12-18T03:00:00+00:00,123.7,123.97,123.03,123.65,67456.177,2025-12-18T03:59:59.999000+00:00,8327742.53897,37703,36585.922,4517129.45233
2025-12-18T04:00:00+00:00,123.64,124.13,123.58,123.66,67148.987,2025-12-18T04:59:59.999000+00:00,8312076.03948,29054,35313.802,4371249.53753
2025-12-18T05:00:00+00:00,123.66,123.66,122.35,122.41,101276.071,2025-12-18T05:59:59.999000+00:00,12440536.14098,44160,44688.823,5491110.29232
2025-12-18T06:00:00+00:00,122.41,122.87,122.21,122.8,43005.732,2025-12-18T06:59:59.999000+00:00,5271882.55651,28221,22175.193,2718385.17832
2025-12-18T07:00:00+00:00,122.8,123.4,122.44,122.83,62723.995,2025-12-18T07:59:59.999000+00:00,7710572.47419,37030,34778.387,4274272.50258
2025-12-18T08:00:00+00:00,122.83,123.4,122.46,123.03,71597.411,2025-12-18T08:59:59.999000+00:00,8804462.52451,46133,42316.035,5204150.44948
2025-12-18T09:00:00+00:00,123.03,123.91,122.65,123.7,53414.929,2025-12-18T09:59:59.999000+00:00,6586736.71419,40585,21584.884,2660537.6708
2025-12-18T10:00:00+00:00,123.7,124.15,123.38,123.93,88700.865,2025-12-18T10:59:59.999000+00:00,10983433.21157,41195,45048.648,5579408.12191
2025-12-18T11:00:00+00:00,123.94,124.07,123.2,124.07,94367.156,2025-12-18T11:59:59.999000+00:00,11669898.34579,36052,40900.373,5057435.50021
2025-12-18T12:00:00+00:00,124.07,124.52,123.65,123.94,73719.744,2025-12-18T12:59:59.999000+00:00,9144997.23899,44564,31349.38,3889791.52299
2025-12-18T13:00:00+00:00,123.95,126.88,123.95,126.39,406020.752,2025-12-18T13:59:59.999000+00:00,50965034.16009,175507,215480.692,27056099.2813
2025-12-18T14:00:00+00:00,126.39,127.92,124.7,125.88,449698.453,2025-12-18T14:59:59.999000+00:00,56799121.49494,276994,220666.941,27866914.32819
2025-12-18T15:00:00+00:00,125.88,129.05,125.61,127.4,487285.408,2025-12-18T15:59:59.999000+00:00,62173737.7607,238348,275642.16,35157708.61895
2025-12-18T16:00:00+00:00,127.41,127.5,126.08,126.86,208349.101,2025-12-18T16:59:59.999000+00:00,26428059.5509,121073,114708.05,14551007.80209
2025-12-18T17:00:00+00:00,126.86,126.9,120.58,122.97,660882.905,2025-12-18T17:59:59.999000+00:00,81158773.27592,331055,292621.893,35891300.60847
2025-12-18T18:00:00+00:00,122.97,123.95,121.2,121.54,220249.198,2025-12-18T18:59:59.999000+00:00,27001374.63971,108491,132283.75,16236568.37114
2025-12-18T19:00:00+00:00,121.54,121.64,117.44,117.56,635632.84,2025-12-18T19:59:59.999000+00:00,75895785.20737,259886,286687.048,34202724.66543
2025-12-18T20:00:00+00:00,117.55,119.0,116.88,117.21,258661.055,2025-12-18T20:59:59.999000+00:00,30506803.94855,164847,138739.206,16375205.90867
2025-12-18T21:00:00+00:00,117.21,120.2,117.08,120.1,323590.137,2025-12-18T21:59:59.999000+00:00,38413697.25668,128350,205471.864,24390270.08595
2025-12-18T22:00:00+00:00,120.1,120.12,119.17,119.8,107842.471,2025-12-18T22:59:59.999000+00:00,12912836.18908,52867,61947.457,7416830.00163
2025-12-18T23:00:00+00:00,119.8,119.97,119.31,119.6,107606.054,2025-12-18T23:59:59.999000+00:00,12872187.67014,45406,56385.969,6744563.10372
2025-12-19T00:00:00+00:00,119.6,119.88,117.9,118.44,94440.456,2025-12-19T00:59:59.999000+00:00,11232061.94801,66055,41068.172,4884768.51489
2025-12-19T01:00:00+00:00,118.44,118.57,117.61,118.38,103343.311,2025-12-19T01:59:59.999000+00:00,12209037.57559,70422,52946.021,6256735.50735
2025-12-19T02:00:00+00:00,118.37,119.22,117.9,118.96,80736.44,2025-12-19T02:59:59.999000+00:00,9568653.11669,66285,45927.468,5444022.31751
2025-12-19T03:00:00+00:00,118.96,122.54,118.9,121.59,342028.029,2025-12-19T03:59:59.999000+00:00,41424660.86648,201096,179917.342,21786008.23593
2025-12-19T04:00:00+00:00,121.58,123.04,121.35,122.83,177459.126,2025-12-19T04:59:59.999000+00:00,21661071.97411,87258,104378.47,12742272.47098
2025-12-19T05:00:00+00:00,122.84,123.38,121.75,122.63,195471.2,2025-12-19T05:59:59.999000+00:00,23946956.84075,83878,75371.859,9240114.51547
2025-12-19T06:00:00+00:00,122.62,123.65,122.17,123.43,133101.563,2025-12-19T06:59:59.999000+00:00,16352655.89358,61802,76270.279,9374072.38077
2025-12-19T07:00:00+00:00,123.43,125.34,123.43,124.44,260728.994,2025-12-19T07:59:59.999000+00:00,32427096.63209,116395,152218.763,18931245.21196
2025-12-19T08:00:00+00:00,124.43,125.61,123.86,124.97,142191.811,2025-12-19T08:59:59.999000+00:00,17731902.97495,75502,85026.216,10602568.4047
2025-12-19T09:00:00+00:00,124.96,125.08,124.38,124.72,98500.633,2025-12-19T09:59:59.999000+00:00,12287484.56372,52100,58960.042,7354752.8717
2025-12-19T10:00:00+00:00,124.72,125.02,124.52,124.74,86019.482,2025-12-19T10:59:59.999000+00:00,10733570.82559,39050,42335.299,5282249.62734
2025-12-19T11:00:00+00:00,124.75,125.74,124.67,125.36,103253.769,2025-12-19T11:59:59.999000+00:00,12933404.24218,53261,61103.079,7655152.24046
2025-12-19T12:00:00+00:00,125.36,126.18,124.91,125.79,144520.934,2025-12-19T12:59:59.999000+00:00,18166034.12782,75758,70857.476,8909154.66777
2025-12-19T13:00:00+00:00,125.79,126.52,125.61,125.91,169336.311,2025-12-19T13:59:59.999000+00:00,21350794.63286,59087,66472.945,8382001.00364
2025-12-19T14:00:00+00:00,125.91,126.91,124.68,126.02,348124.076,2025-12-19T14:59:59.999000+00:00,43768706.96128,177828,138795.74,17463156.30345
2025-12-19T15:00:00+00:00,126.02,127.66,124.78,125.09,370593.409,2025-12-19T15:59:59.999000+00:00,46650016.03037,201886,162481.483,20479852.35343
2025-12-19T16:00:00+00:00,125.09,126.97,124.85,125.28,208255.933,2025-12-19T16:59:59.999000+00:00,26231805.9621,114197,105240.699,13255927.05068
2025-12-19T17:00:00+00:00,125.29,126.14,123.65,123.65,233510.906,2025-12-19T17:59:59.999000+00:00,29122792.44069,117037,101430.657,12645562.17519
2025-12-19T18:00:00+00:00,123.65,125.36,123.59,124.79,153279.947,2025-12-19T18:59:59.999000+00:00,19070362.33915,73833,83128.254,10338868.82025
2025-12-19T19:00:00+00:00,124.79,126.64,124.79,126.25,192582.114,2025-12-19T19:59:59.999000+00:00,24286877.52284,89825,127546.252,16085679.92663
2025-12-19T20:00:00+00:00,126.25,127.87,126.08,127.18,193123.833,2025-12-19T20:59:59.999000+00:00,24498375.87331,94842,122910.073,15594030.12147
2025-12-19T21:00:00+00:00,127.18,127.38,126.48,126.79,167995.93,2025-12-19T21:59:59.999000+00:00,21309471.28769,49336,56293.072,7141277.23821
2025-12-19T22:00:00+00:00,126.8,127.35,126.76,126.87,60437.3,2025-12-19T22:59:59.999000+00:00,7675973.04938,33779,43610.409,5538642.28665
2025-12-19T23:00:00+00:00,126.86,126.86,126.14,126.27,31513.085,2025-12-19T23:59:59.999000+00:00,3984825.53721,21559,13266.83,1678079.51699
2025-12-20T00:00:00+00:00,126.27,126.35,125.62,125.8,57469.96,2025-12-20T00:59:59.999000+00:00,7238096.34612,28230,26564.485,3346417.62501
2025-12-20T01:00:00+00:00,125.8,126.03,125.52,125.55,47806.2,2025-12-20T01:59:59.999000+00:00,6014255.36222,22445,30497.249,3837124.09221
2025-12-20T02:00:00+00:00,125.56,126.18,125.3,125.84,63943.491,2025-12-20T02:59:59.999000+00:00,8037319.68914,22828,32849.341,4128823.78332
2025-12-20T03:00:00+00:00,125.84,126.49,125.51,126.21,42248.752,2025-12-20T03:59:59.999000+00:00,5326307.28419,23662,23455.597,2955695.67682
2025-12-20T04:00:00+00:00,126.21,126.48,125.87,126.26,61344.113,2025-12-20T04:59:59.999000+00:00,7741070.9844,23213,42594.766,5375133.57658
2025-12-20T05:00:00+00:00,126.26,126.69,126.09,126.38,47780.856,2025-12-20T05:59:59.999000+00:00,6039711.80709,23616,27606.852,3489868.93271
2025-12-20T06:00:00+00:00,126.39,126.68,126.23,126.28,18904.671,2025-12-20T06:59:59.999000+00:00,2390662.39755,15737,12724.364,1609288.2833
2025-12-20T07:00:00+00:00,126.29,126.37,125.94,126.17,43120.025,2025-12-20T07:59:59.999000+00:00,5438350.40267,20839,13153.913,1658924.84863
2025-12-20T08:00:00+00:00,126.18,126.89,126.11,126.47,69129.256,2025-12-20T08:59:59.999000+00:00,8750635.41062,29769,23903.967,3026541.48736
2025-12-20T09:00:00+00:00,126.47,126.75,126.22,126.27,40771.352,2025-12-20T09:59:59.999000+00:00,5159251.87287,17610,22048.508,2790896.8984
2025-12-20T10:00:00+00:00,126.27,126.4,126.0,126.05,41533.76,2025-12-20T10:59:59.999000+00:00,5240463.20892,15252,16228.596,2047834.01285
2025-12-20T11:00:00+00:00,126.05,126.5,125.87,126.47,34074.052,2025-12-20T11:59:59.999000+00:00,4297834.58286,16545,18348.368,2314809.05735
2025-12-20T12:00:00+00:00,126.47,126.48,126.08,126.29,20545.755,2025-12-20T12:59:59.999000+00:00,2594071.82043,12957,10119.793,1277700.58772
2025-12-20T13:00:00+00:00,126.28,126.4,125.45,126.14,100840.478,2025-12-20T13:59:59.999000+00:00,12689419.62875,36896,34527.341,4345214.82459
2025-12-20T14:00:00+00:00,126.13,126.41,125.57,126.37,88765.775,2025-12-20T14:59:59.999000+00:00,11189554.33955,23242,28039.394,3535006.60439
2025-12-20T15:00:00+00:00,126.38,126.67,126.0,126.58,88902.258,2025-12-20T15:59:59.999000+00:00,11237192.28612,20588,26362.534,3332751.33476
2025-12-20T16:00:00+00:00,126.59,126.71,126.11,126.3,58393.367,2025-12-20T16:59:59.999000+00:00,7382199.5719,18602,25478.325,3220186.19313
2025-12-20T17:00:00+00:00,126.3,126.47,125.98,126.02,33810.159,2025-12-20T17:59:59.999000+00:00,4265923.31597,17170,21218.632,2677403.22577
2025-12-20T18:00:00+00:00,126.02,126.14,125.75,126.0,53065.934,2025-12-20T18:59:59.999000+00:00,6680319.33921,17897,34378.544,4327833.32676
2025-12-20T19:00:00+00:00,126.01,126.19,125.77,126.05,26044.26,2025-12-20T19:59:59.999000+00:00,3282392.23895,14968,12905.671,1626411.92032
2025-12-20T20:00:00+00:00,126.05,126.46,125.92,126.45,40197.562,2025-12-20T20:59:59.999000+00:00,5073138.61411,12551,15746.819,1987345.48373
2025-12-20T21:00:00+00:00,126.46,126.55,126.25,126.33,63595.397,2025-12-20T21:59:59.999000+00:00,8038294.87677,17097,21704.811,2743347.13736
2025-12-20T22:00:00+00:00,126.34,126.39,125.76,126.03,47223.935,2025-12-20T22:59:59.999000+00:00,5951263.62508,18730,24680.723,3109161.1584
2025-12-20T23:00:00+00:00,126.02,126.08,125.63,125.81,39842.218,2025-12-20T23:59:59.999000+00:00,5012884.0599,17762,25787.001,3244649.90309
2025-12-21T00:00:00+00:00,125.8,126.11,125.7,126.03,39559.209,2025-12-21T00:59:59.999000+00:00,4979192.12205,15653,27349.042,3441992.43934
2025-12-21T01:00:00+00:00,126.03,126.03,125.07,125.09,106423.453,2025-12-21T01:59:59.999000+00:00,13358412.71306,22462,59089.959,7419257.76669
2025-12-21T02:00:00+00:00,125.1,125.36,124.68,124.89,103474.623,2025-12-21T02:59:59.999000+00:00,12935815.66113,34084,59261.73,7409739.28636
2025-12-21T03:00:00+00:00,124.89,125.55,124.84,125.22,52683.905,2025-12-21T03:59:59.999000+00:00,6596082.64007,22795,29736.909,3722927.96287
2025-12-21T04:00:00+00:00,125.22,125.43,125.15,125.19,26369.53,2025-12-21T04:59:59.999000+00:00,3303967.67838,12602,13294.407,1665682.31646
2025-12-21T05:00:00+00:00,125.19,125.48,125.07,125.28,17133.777,2025-12-21T05:59:59.999000+00:00,2146925.0759,12118,8418.344,1054945.35334
2025-12-21T06:00:00+00:00,125.29,125.49,125.13,125.41,15006.071,2025-12-21T06:59:59.999000+00:00,1880139.44888,11377,6782.76,849901.18947
2025-12-21T07:00:00+00:00,125.42,125.54,125.2,125.3,29758.015,2025-12-21T07:59:59.999000+00:00,3730598.27073,12999,14389.133,1803548.70327
2025-12-21T08:00:00+00:00,125.29,125.93,124.8,125.57,79141.28,2025-12-21T08:59:59.999000+00:00,9914642.24015,36529,39195.216,4909478.74918
2025-12-21T09:00:00+00:00,125.57,126.6,125.47,126.28,106855.852,2025-12-21T09:59:59.999000+00:00,13477001.10447,49322,56245.254,7094764.72356
2025-12-21T10:00:00+00:00,126.29,126.62,125.61,125.83,67771.224,2025-12-21T10:59:59.999000+00:00,8554460.17999,32818,31956.663,4034671.7675
2025-12-21T11:00:00+00:00,125.83,125.88,125.33,125.48,84794.581,2025-12-21T11:59:59.999000+00:00,10642249.42906,23981,62542.21,7848797.49095
2025-12-21T12:00:00+00:00,125.47,126.06,125.1,125.58,107013.245,2025-12-21T12:59:59.999000+00:00,13446725.40834,45632,42986.578,5400797.86929
2025-12-21T13:00:00+00:00,125.58,125.6,123.4,123.64,227140.654,2025-12-21T13:59:59.999000+00:00,28211245.55876,135015,100888.69,12534297.32706
2025-12-21T14:00:00+00:00,123.63,124.7,123.51,124.42,68573.493,2025-12-21T14:59:59.999000+00:00,8515104.57425,54615,38451.017,4774462.94979
2025-12-21T15:00:00+00:00,124.42,125.26,123.95,125.05,86476.466,2025-12-21T15:59:59.999000+00:00,10777521.40062,44796,43272.5,5395627.65902
2025-12-21T16:00:00+00:00,125.05,125.62,124.8,125.5,141521.322,2025-12-21T16:59:59.999000+00:00,17734476.32866,41359,48314.222,6053237.04727
2025-12-21T17:00:00+00:00,125.49,126.35,125.39,125.5,137953.399,2025-12-21T17:59:59.999000+00:00,17363145.26403,41821,62089.035,7816368.46158
2025-12-21T18:00:00+00:00,125.5,125.51,124.37,125.14,67214.843,2025-12-21T18:59:59.999000+00:00,8389195.63181,40001,35912.464,4482026.93097
2025-12-21T19:00:00+00:00,125.15,125.88,125.07,125.67,46187.037,2025-12-21T19:59:59.999000+00:00,5794899.72461,30755,17997.253,2257203.64006
2025-12-21T20:00:00+00:00,125.67,125.79,125.32,125.36,47569.361,2025-12-21T20:59:59.999000+00:00,5975864.30957,20302,17991.834,2259873.46019
2025-12-21T21:00:00+00:00,125.35,125.38,124.7,124.89,29048.111,2025-12-21T21:59:59.999000+00:00,3633711.80923,26712,15322.707,1916514.06671
2025-12-21T22:00:00+00:00,124.88,125.91,124.79,125.82,48174.899,2025-12-21T22:59:59.999000+00:00,6041561.68562,28534,24735.319,3101024.70815
2025-12-21T23:00:00+00:00,125.83,126.3,125.51,126.03,76258.839,2025-12-21T23:59:59.999000+00:00,9606387.30445,43282,32728.005,4122739.90863
2025-12-22T00:00:00+00:00,126.03,128.56,125.99,126.26,277034.915,2025-12-22T00:59:59.999000+00:00,35266700.08861,155412,147835.684,18815498.80789
2025-12-22T01:00:00+00:00,126.25,127.33,125.8,126.03,104004.97,2025-12-22T01:59:59.999000+00:00,13173708.94237,69047,53519.153,6783332.33371
2025-12-22T02:00:00+00:00,126.02,126.06,124.5,125.23,164700.388,2025-12-22T02:59:59.999000+00:00,20609640.69294,85144,92470.885,11572157.98718
2025-12-22T03:00:00+00:00,125.23,126.54,124.93,126.02,87742.517,2025-12-22T03:59:59.999000+00:00,11021469.25753,39283,50999.282,6404936.39359
2025-12-22T04:00:00+00:00,126.02,126.73,125.82,126.53,78084.283,2025-12-22T04:59:59.999000+00:00,9858538.56552,31562,45600.834,5756596.27509
2025-12-22T05:00:00+00:00,126.53,126.7,126.07,126.33,37107.494,2025-12-22T05:59:59.999000+00:00,4692300.35053,19450,12088.819,1528550.21581
2025-12-22T06:00:00+00:00,126.33,126.56,125.74,125.74,36998.281,2025-12-22T06:59:59.999000+00:00,4667241.7463,19580,16624.463,2097600.75621
2025-12-22T07:00:00+00:00,125.74,126.51,125.56,126.31,57855.394,2025-12-22T07:59:59.999000+00:00,7302765.93253,22342,34338.098,4334310.2182
2025-12-22T08:00:00+00:00,126.3,127.38,125.61,125.64,101706.766,2025-12-22T08:59:59.999000+00:00,12878800.25887,45980,51584.739,6533739.81981
2025-12-22T09:00:00+00:00,125.64,126.38,125.49,126.23,78994.638,2025-12-22T09:59:59.999000+00:00,9947163.50292,28544,50355.579,6341322.70239
2025-12-22T10:00:00+00:00,126.23,126.91,125.88,126.72,71895.198,2025-12-22T10:59:59.999000+00:00,9098438.45604,24216,34186.362,4325557.8987
2025-12-22T11:00:00+00:00,126.72,127.46,126.37,127.01,71145.572,2025-12-22T11:59:59.999000+00:00,9032601.72638,28622,33389.232,4240013.21563
2025-12-22T12:00:00+00:00,127.0,127.72,126.68,126.99,105964.452,2025-12-22T12:59:59.999000+00:00,13472741.80977,42370,61494.507,7821089.83372
2025-12-22T13:00:00+00:00,126.99,127.14,126.32,127.02,83423.587,2025-12-22T13:59:59.999000+00:00,10572840.15537,32727,37374.669,4737888.37763
2025-12-22T14:00:00+00:00,127.03,128.3,126.51,127.84,239807.599,2025-12-22T14:59:59.999000+00:00,30570485.35592,90699,102416.115,13055182.28537
2025-12-22T15:00:00+00:00,127.85,128.78,126.45,128.07,170653.369,2025-12-22T15:59:59.999000+00:00,21761785.08793,118627,92827.166,11836046.96715
2025-12-22T16:00:00+00:00,128.07,128.37,127.13,127.24,139465.013,2025-12-22T16:59:59.999000+00:00,17832463.12926,61993,76668.495,9805773.15451
2025-12-22T17:00:00+00:00,127.23,127.31,126.46,126.91,107949.539,2025-12-22T17:59:59.999000+00:00,13696571.42279,48238,45359.302,5753844.7274
2025-12-22T18:00:00+00:00,126.91,127.5,126.34,126.51,68714.562,2025-12-22T18:59:59.999000+00:00,8719955.25761,37822,42377.587,5378665.04413
2025-12-22T19:00:00+00:00,126.5,126.51,124.64,124.66,228074.519,2025-12-22T19:59:59.999000+00:00,28625401.32948,82946,131581.55,16515100.01501
2025-12-22T20:00:00+00:00,124.66,125.29,124.2,124.43,148023.699,2025-12-22T20:59:59.999000+00:00,18456511.59427,76196,69549.864,8674043.89103
2025-12-22T21:00:00+00:00,124.43,125.59,124.35,125.16,82820.408,2025-12-22T21:59:59.999000+00:00,10344280.28066,46420,44393.931,5543877.66382
2025-12-22T22:00:00+00:00,125.16,126.03,125.0,125.86,75228.808,2025-12-22T22:59:59.999000+00:00,9442596.72239,45425,37745.519,4737606.98216
2025-12-22T23:00:00+00:00,125.87,125.97,125.43,125.93,50193.175,2025-12-22T23:59:59.999000+00:00,6311983.95045,29418,25992.432,3269070.19946
2025-12-23T00:00:00+00:00,125.93,126.93,125.78,126.73,80459.736,2025-12-23T00:59:59.999000+00:00,10165728.22731,37327,36937.504,4667432.69318
2025-12-23T01:00:00+00:00,126.73,126.81,125.93,126.2,36598.014,2025-12-23T01:59:59.999000+00:00,4626388.23568,33835,16568.908,2094725.43519
2025-12-23T02:00:00+00:00,126.19,126.63,125.47,125.64,59157.232,2025-12-23T02:59:59.999000+00:00,7456225.92287,49011,28517.492,3595959.50859
2025-12-23T03:00:00+00:00,125.64,126.15,124.9,125.63,97454.636,2025-12-23T03:59:59.999000+00:00,12237727.96411,46949,56601.909,7109486.07503
2025-12-23T04:00:00+00:00,125.62,126.08,125.41,125.43,39430.56,2025-12-23T04:59:59.999000+00:00,4953399.06488,26946,19250.271,2418357.86913
2025-12-23T05:00:00+00:00,125.42,125.52,124.58,124.99,56766.792,2025-12-23T05:59:59.999000+00:00,7098710.53705,39359,24405.619,3052135.87006
2025-12-23T06:00:00+00:00,124.99,125.28,124.14,124.34,106141.244,2025-12-23T06:59:59.999000+00:00,13217242.49148,58371,64910.326,8082853.24681
2025-12-23T07:00:00+00:00,124.34,124.62,123.77,124.19,132272.982,2025-12-23T07:59:59.999000+00:00,16421381.00766,44914,72595.846,9014847.26809
2025-12-23T08:00:00+00:00,124.19,124.64,124.02,124.19,77054.277,2025-12-23T08:59:59.999000+00:00,9583933.07844,26434,28156.828,3501100.67739
2025-12-23T09:00:00+00:00,124.19,124.38,123.93,124.16,55600.812,2025-12-23T09:59:59.999000+00:00,6904691.74084,26040,31007.278,3850681.8972
2025-12-23T10:00:00+00:00,124.16,124.88,124.11,124.83,43832.038,2025-12-23T10:59:59.999000+00:00,5458463.90803,20537,23100.94,2876421.11856
2025-12-23T11:00:00+00:00,124.84,125.23,124.72,124.86,62405.826,2025-12-23T11:59:59.999000+00:00,7797800.83529,27447,33004.01,4124335.28892
2025-12-23T12:00:00+00:00,124.85,124.93,123.95,124.16,72471.659,2025-12-23T12:59:59.999000+00:00,9011056.78424,45430,36488.769,4535225.84302
2025-12-23T13:00:00+00:00,124.17,124.64,122.74,123.34,213343.181,2025-12-23T13:59:59.999000+00:00,26344872.96333,91614,88197.578,10899978.04978
2025-12-23T14:00:00+00:00,123.34,123.75,122.16,122.68,219549.423,2025-12-23T14:59:59.999000+00:00,26990037.75584,127699,93413.323,11483403.82108
2025-12-23T15:00:00+00:00,122.67,123.51,122.38,123.37,119655.117,2025-12-23T15:59:59.999000+00:00,14714469.62643,85656,66182.467,8138555.78583
2025-12-23T16:00:00+00:00,123.36,124.94,123.0,124.62,257410.432,2025-12-23T16:59:59.999000+00:00,31964191.75425,84619,94088.137,11684338.64438
2025-12-23T17:00:00+00:00,124.62,124.84,122.78,122.85,181423.637,2025-12-23T17:59:59.999000+00:00,22536957.36375,60552,69637.711,8649659.56212
2025-12-23T18:00:00+00:00,122.85,124.17,122.84,123.99,97184.195,2025-12-23T18:59:59.999000+00:00,12012024.81716,62654,55267.527,6831544.89288
2025-12-23T19:00:00+00:00,123.99,124.55,123.49,123.99,55844.952,2025-12-23T19:59:59.999000+00:00,6924771.38357,37306,28869.488,3580663.19206
2025-12-23T20:00:00+00:00,123.99,125.65,123.46,124.7,118930.835,2025-12-23T20:59:59.999000+00:00,14836263.42857,62735,56488.303,7046381.83409
2025-12-23T21:00:00+00:00,124.71,124.77,123.95,124.29,133981.714,2025-12-23T21:59:59.999000+00:00,16659244.10738,41664,74921.198,9315937.75058
2025-12-23T22:00:00+00:00,124.28,124.51,123.58,123.87,49328.188,2025-12-23T22:59:59.999000+00:00,6118593.243,40015,27853.366,3455162.65867
2025-12-23T23:00:00+00:00,123.87,124.16,123.46,124.01,73733.39,2025-12-23T23:59:59.999000+00:00,9124513.75928,37224,46434.654,5744746.77843
2025-12-24T00:00:00+00:00,124.02,124.3,123.58,123.86,39808.482,2025-12-24T00:59:59.999000+00:00,4931972.6399,30146,19256.0,2386103.51128
2025-12-24T01:00:00+00:00,123.87,124.21,122.94,123.11,65608.425,2025-12-24T01:59:59.999000+00:00,8092601.2476,32476,36782.231,4537443.42421
2025-12-24T02:00:00+00:00,123.11,123.13,121.78,122.31,112441.957,2025-12-24T02:59:59.999000+00:00,13770521.88144,56878,52792.644,6468923.44869
2025-12-24T03:00:00+00:00,122.31,122.81,121.76,122.72,70645.336,2025-12-24T03:59:59.999000+00:00,8641240.87198,40169,35461.061,4338547.83469
2025-12-24T04:00:00+00:00,122.71,123.06,121.51,121.63,95278.414,2025-12-24T04:59:59.999000+00:00,11631972.69594,43689,41118.495,5021956.51479
2025-12-24T05:00:00+00:00,121.63,122.03,121.14,121.47,75664.775,2025-12-24T05:59:59.999000+00:00,9201311.917,46348,36753.338,4470586.47754
2025-12-24T06:00:00+00:00,121.48,121.59,120.63,121.59,80036.468,2025-12-24T06:59:59.999000+00:00,9691876.28963,42910,37031.774,4485859.05275
2025-12-24T07:00:00+00:00,121.59,121.87,121.29,121.31,45217.012,2025-12-24T07:59:59.999000+00:00,5498589.68888,31767,24929.287,3032008.96318
2025-12-24T08:00:00+00:00,121.32,121.67,121.11,121.4,62356.834,2025-12-24T08:59:59.999000+00:00,7569753.92152,33853,30463.264,3697993.51966
2025-12-24T09:00:00+00:00,121.4,121.75,121.3,121.43,46439.797,2025-12-24T09:59:59.999000+00:00,5643339.55231,24765,25878.161,3144992.97947
2025-12-24T10:00:00+00:00,121.42,122.23,121.39,121.76,58376.406,2025-12-24T10:59:59.999000+00:00,7115961.10064,29696,41282.958,5032106.74775
2025-12-24T11:00:00+00:00,121.76,122.22,121.76,122.04,56461.979,2025-12-24T11:59:59.999000+00:00,6892143.47424,28332,31347.29,3826020.75468
2025-12-24T12:00:00+00:00,122.04,122.55,121.92,122.45,47838.978,2025-12-24T12:59:59.999000+00:00,5846985.23605,22257,33093.325,4045417.71796
2025-12-24T13:00:00+00:00,122.45,122.45,121.74,121.96,38816.723,2025-12-24T13:59:59.999000+00:00,4739611.66974,24252,16158.775,1973023.06573
2025-12-24T14:00:00+00:00,121.96,122.3,120.7,121.48,118538.098,2025-12-24T14:59:59.999000+00:00,14408915.54841,79214,59388.383,7220377.84081
2025-12-24T15:00:00+00:00,121.48,122.94,121.3,122.73,129322.337,2025-12-24T15:59:59.999000+00:00,15803715.87837,79092,71689.573,8764389.57042
2025-12-24T16:00:00+00:00,122.73,123.46,122.41,122.71,131529.803,2025-12-24T16:59:59.999000+00:00,16160730.99407,69447,66501.221,8170439.36045
2025-12-24T17:00:00+00:00,122.7,122.98,121.98,122.03,61306.094,2025-12-24T17:59:59.999000+00:00,7514131.35669,45976,32961.966,4040286.96015
2025-12-24T18:00:00+00:00,122.04,122.7,121.77,122.47,46488.24,2025-12-24T18:59:59.999000+00:00,5683253.22708,28343,27766.942,3394692.19616
2025-12-24T19:00:00+00:00,122.47,122.86,121.98,122.86,43426.147,2025-12-24T19:59:59.999000+00:00,5317870.85307,22080,24942.903,3054706.04718
2025-12-24T20:00:00+00:00,122.86,123.12,122.6,122.67,65042.93,2025-12-24T20:59:59.999000+00:00,7993654.32117,20935,24725.941,3039029.27759
2025-12-24T21:00:00+00:00,122.67,123.1,122.62,123.01,45804.919,2025-12-24T21:59:59.999000+00:00,5627901.42494,17930,16478.259,2024646.53692
2025-12-24T22:00:00+00:00,123.01,123.4,122.92,123.31,38206.372,2025-12-24T22:59:59.999000+00:00,4705309.04118,21270,23330.321,2873038.73822
2025-12-24T23:00:00+00:00,123.31,123.34,122.47,122.53,30793.972,2025-12-24T23:59:59.999000+00:00,3782970.05726,19394,13938.125,1712348.16759
2025-12-25T00:00:00+00:00,122.52,122.7,122.09,122.17,33294.188,2025-12-25T00:59:59.999000+00:00,4074912.89463,19646,18883.218,2311434.5835
2025-12-25T01:00:00+00:00,122.17,122.78,122.14,122.74,24940.511,2025-12-25T01:59:59.999000+00:00,3054938.46389,14029,14778.221,1809856.61706
2025-12-25T02:00:00+00:00,122.75,123.15,122.46,123.04,30222.317,2025-12-25T02:59:59.999000+00:00,3712656.68762,14757,18330.342,2251550.98706
2025-12-25T03:00:00+00:00,123.05,123.15,122.55,122.7,36077.607,2025-12-25T03:59:59.999000+00:00,4432736.94552,13070,21528.579,2645607.26735
2025-12-25T04:00:00+00:00,122.7,122.86,122.61,122.78,18242.846,2025-12-25T04:59:59.999000+00:00,2238649.26432,10625,8823.696,1082720.0977
2025-12-25T05:00:00+00:00,122.78,122.78,122.22,122.37,54746.235,2025-12-25T05:59:59.999000+00:00,6702208.44041,15590,34216.477,4188611.31434
2025-12-25T06:00:00+00:00,122.37,122.51,122.18,122.46,65837.895,2025-12-25T06:59:59.999000+00:00,8054156.08233,14106,44386.309,5429538.66562
2025-12-25T07:00:00+00:00,122.46,122.47,122.1,122.27,53225.38,2025-12-25T07:59:59.999000+00:00,6504992.57735,13992,30036.362,3670477.11672
2025-12-25T08:00:00+00:00,122.27,122.65,121.62,122.09,94932.638,2025-12-25T08:59:59.999000+00:00,11584231.11124,36120,46824.651,5714267.9604
2025-12-25T09:00:00+00:00,122.09,122.17,121.78,122.09,40925.843,2025-12-25T09:59:59.999000+00:00,4992497.91512,13367,19607.815,2391544.79949
2025-12-25T10:00:00+00:00,122.09,122.09,121.31,121.55,56400.797,2025-12-25T10:59:59.999000+00:00,6860231.0916,23871,25430.036,3092682.85011
2025-12-25T11:00:00+00:00,121.55,121.86,121.51,121.65,29589.433,2025-12-25T11:59:59.999000+00:00,3601343.87933,15828,14000.383,1703926.47439
2025-12-25T12:00:00+00:00,121.65,122.06,121.58,122.06,23927.846,2025-12-25T12:59:59.999000+00:00,2915447.27499,14149,13412.195,1634284.39602
2025-12-25T13:00:00+00:00,122.05,122.35,121.67,122.07,47759.611,2025-12-25T13:59:59.999000+00:00,5830915.98624,18909,19232.152,2348227.37426
2025-12-25T14:00:00+00:00,122.06,122.34,121.77,122.12,35860.822,2025-12-25T14:59:59.999000+00:00,4377362.15535,19116,20783.162,2536763.22854
2025-12-25T15:00:00+00:00,122.12,124.1,121.88,123.68,196836.339,2025-12-25T15:59:59.999000+00:00,24279212.18208,65088,90358.666,11135586.90068
2025-12-25T16:00:00+00:00,123.68,124.46,123.35,123.53,256356.369,2025-12-25T16:59:59.999000+00:00,31764191.3506,56015,106249.594,13161287.36552
2025-12-25T17:00:00+00:00,123.52,123.62,122.8,123.07,70494.49,2025-12-25T17:59:59.999000+00:00,8682894.99237,28961,29116.272,3585381.83801
2025-12-25T18:00:00+00:00,123.08,124.18,123.07,124.01,94345.887,2025-12-25T18:59:59.999000+00:00,11683656.01515,30652,51364.538,6359655.41156
2025-12-25T19:00:00+00:00,124.02,124.08,123.35,123.47,35425.619,2025-12-25T19:59:59.999000+00:00,4384560.15259,15288,15194.543,1879984.05562
2025-12-25T20:00:00+00:00,123.47,123.5,122.96,123.31,32185.81,2025-12-25T20:59:59.999000+00:00,3964320.68991,17490,14646.435,1804220.17499
2025-12-25T21:00:00+00:00,123.3,123.52,123.12,123.21,27306.564,2025-12-25T21:59:59.999000+00:00,3366674.19889,12373,11147.13,1374543.62642
2025-12-25T22:00:00+00:00,123.22,123.45,121.4,121.82,88061.317,2025-12-25T22:59:59.999000+00:00,10763346.98609,46786,39899.425,4872344.26436
2025-12-25T23:00:00+00:00,121.81,122.12,119.71,120.06,371328.784,2025-12-25T23:59:59.999000+00:00,44839876.05848,90935,181061.659,21889209.65876
2025-12-26T00:00:00+00:00,120.05,120.34,119.24,120.33,179799.185,2025-12-26T00:59:59.999000+00:00,21552770.48502,65631,88053.992,10554328.7808
2025-12-26T01:00:00+00:00,120.34,121.18,120.19,120.81,164884.989,2025-12-26T01:59:59.999000+00:00,19902646.40647,44163,72572.274,8759388.50947
2025-12-26T02:00:00+00:00,120.81,124.39,120.81,123.47,514404.853,2025-12-26T02:59:59.999000+00:00,63478550.40766,142219,228132.833,28134011.19527
2025-12-26T03:00:00+00:00,123.47,123.74,122.48,122.67,180765.884,2025-12-26T03:59:59.999000+00:00,22239316.87708,54145,90901.95,11171728.5331
2025-12-26T04:00:00+00:00,122.67,122.99,121.8,122.85,92107.861,2025-12-26T04:59:59.999000+00:00,11265444.08968,36689,58220.276,7120844.48056
2025-12-26T05:00:00+00:00,122.85,123.49,122.67,123.29,52100.308,2025-12-26T05:59:59.999000+00:00,6408344.95454,24929,32855.98,4041574.63175
2025-12-26T06:00:00+00:00,123.3,123.79,123.3,123.48,91728.153,2025-12-26T06:59:59.999000+00:00,11329613.31053,30794,57272.32,7074438.81953
2025-12-26T07:00:00+00:00,123.48,123.99,122.57,122.72,149239.387,2025-12-26T07:59:59.999000+00:00,18404122.8392,46297,81272.563,10019240.05055
2025-12-26T08:00:00+00:00,122.71,123.13,122.29,122.69,153212.18,2025-12-26T08:59:59.999000+00:00,18797765.68857,44214,113676.15,13948285.55799
2025-12-26T09:00:00+00:00,122.69,124.13,122.53,123.68,140144.216,2025-12-26T09:59:59.999000+00:00,17302126.70729,35436,95475.011,11784329.61264
2025-12-26T10:00:00+00:00,123.69,123.92,123.44,123.75,86920.083,2025-12-26T10:59:59.999000+00:00,10748964.57024,26001,48432.529,5989327.3358
2025-12-26T11:00:00+00:00,123.76,123.93,123.34,123.84,66920.442,2025-12-26T11:59:59.999000+00:00,8274786.95508,26410,33787.691,4177553.63569
2025-12-26T12:00:00+00:00,123.83,124.2,123.76,123.96,60970.449,2025-12-26T12:59:59.999000+00:00,7557359.78985,26388,30692.942,3804400.9806
2025-12-26T13:00:00+00:00,123.97,125.14,123.87,124.89,143919.779,2025-12-26T13:59:59.999000+00:00,17925704.15695,54873,94764.421,11803891.9311
2025-12-26T14:00:00+00:00,124.9,124.98,122.07,122.24,298026.109,2025-12-26T14:59:59.999000+00:00,36787386.06432,142162,131141.601,16183260.85353
2025-12-26T15:00:00+00:00,122.23,122.23,120.45,121.55,417737.338,2025-12-26T15:59:59.999000+00:00,50680226.44288,184690,234812.24,28483287.37378
2025-12-26T16:00:00+00:00,121.55,122.26,121.17,121.24,93943.029,2025-12-26T16:59:59.999000+00:00,11444520.55356,60276,43290.566,5274662.9836
2025-12-26T17:00:00+00:00,121.25,122.4,121.24,121.85,102740.0,2025-12-26T17:59:59.999000+00:00,12521323.89337,53000,43866.773,5345927.91937
2025-12-26T18:00:00+00:00,121.85,122.22,121.74,122.07,69756.434,2025-12-26T18:59:59.999000+00:00,8513537.87127,32406,23284.005,2841453.1296
2025-12-26T19:00:00+00:00,122.07,122.4,121.74,122.15,73995.855,2025-12-26T19:59:59.999000+00:00,9034885.3695,27346,24103.275,2942986.68331
2025-12-26T20:00:00+00:00,122.16,122.67,121.9,122.41,72974.682,2025-12-26T20:59:59.999000+00:00,8923609.91439,30725,27783.493,3397694.27945
2025-12-26T21:00:00+00:00,122.42,122.64,122.05,122.07,51803.023,2025-12-26T21:59:59.999000+00:00,6340229.19637,19213,24430.753,2989703.87877
2025-12-26T22:00:00+00:00,122.07,122.45,121.82,122.45,39801.321,2025-12-26T22:59:59.999000+00:00,4859007.30977,19002,17160.291,2095345.80135
2025-12-26T23:00:00+00:00,122.45,122.57,122.18,122.26,28621.002,2025-12-26T23:59:59.999000+00:00,3501545.74721,15786,13937.381,1705181.26449
2025-12-27T00:00:00+00:00,122.27,122.38,121.91,122.09,100676.431,2025-12-27T00:59:59.999000+00:00,12288548.70387,17883,67004.293,8178301.24616
2025-12-27T01:00:00+00:00,122.09,122.32,121.86,122.31,46724.199,2025-12-27T01:59:59.999000+00:00,5701552.6035,13960,35079.367,4280767.90159
2025-12-27T02:00:00+00:00,122.32,122.44,122.13,122.33,23006.812,2025-12-27T02:59:59.999000+00:00,2813225.06753,10937,11397.61,1393663.76915
2025-12-27T03:00:00+00:00,122.33,123.8,122.29,123.67,170513.033,2025-12-27T03:59:59.999000+00:00,21003226.4091,29296,80099.036,9871135.44959
2025-12-27T04:00:00+00:00,123.67,123.74,122.9,122.99,66207.165,2025-12-27T04:59:59.999000+00:00,8157259.34408,20131,27896.692,3435705.6035
2025-12-27T05:00:00+00:00,122.99,123.29,122.97,123.17,40541.743,2025-12-27T05:59:59.999000+00:00,4991473.9215,15979,25271.443,3111182.53901
2025-12-27T06:00:00+00:00,123.18,123.18,122.77,123.03,26167.47,2025-12-27T06:59:59.999000+00:00,3217353.25056,12680,11784.667,1449034.58498
2025-12-27T07:00:00+00:00,123.04,123.44,123.03,123.16,25476.394,2025-12-27T07:59:59.999000+00:00,3139629.22447,14347,13346.082,1644802.27512
2025-12-27T08:00:00+00:00,123.15,123.34,122.83,122.84,30277.217,2025-12-27T08:59:59.999000+00:00,3726525.41871,11776,19838.544,2441646.70283
2025-12-27T09:00:00+00:00,122.84,123.22,122.83,123.0,33476.38,2025-12-27T09:59:59.999000+00:00,4118186.38622,18224,22003.636,2706618.42225
2025-12-27T10:00:00+00:00,123.0,123.13,122.51,122.88,35012.053,2025-12-27T10:59:59.999000+00:00,4302605.64937,21723,17862.872,2195766.21879
2025-12-27T11:00:00+00:00,122.89,123.21,122.84,122.99,31583.751,2025-12-27T11:59:59.999000+00:00,3884120.75761,18730,15146.046,1862757.0855
2025-12-27T12:00:00+00:00,122.98,123.21,122.75,122.89,23413.828,2025-12-27T12:59:59.999000+00:00,2878911.65223,14928,9738.283,1197411.39751
2025-12-27T13:00:00+00:00,122.89,123.3,122.74,123.0,39170.128,2025-12-27T13:59:59.999000+00:00,4818962.55053,21606,18422.408,2266627.76955
2025-12-27T14:00:00+00:00,123.01,123.35,122.85,123.33,24686.751,2025-12-27T14:59:59.999000+00:00,3038625.82989,15763,13126.875,1615990.35713
2025-12-27T15:00:00+00:00,123.33,123.66,123.15,123.31,41184.886,2025-12-27T15:59:59.999000+00:00,5083643.08795,20829,20716.808,2557257.79487
2025-12-27T16:00:00+00:00,123.32,123.44,122.93,122.97,41362.133,2025-12-27T16:59:59.999000+00:00,5094957.51239,20766,21568.194,2656342.98345
2025-12-27T17:00:00+00:00,122.97,123.45,122.76,123.38,89372.775,2025-12-27T17:59:59.999000+00:00,10989490.70802,24349,67479.756,8296097.66716
2025-12-27T18:00:00+00:00,123.38,123.45,123.0,123.22,43468.3,2025-12-27T18:59:59.999000+00:00,5358932.03539,14952,15506.88,1911227.23276
2025-12-27T19:00:00+00:00,123.21,123.45,123.05,123.28,27777.749,2025-12-27T19:59:59.999000+00:00,3424027.63655,12505,10289.748,1267808.2266
2025-12-27T20:00:00+00:00,123.27,123.81,123.27,123.59,85884.048,2025-12-27T20:59:59.999000+00:00,10617452.7098,16418,31081.678,3842182.16334
2025-12-27T21:00:00+00:00,123.59,124.58,123.58,124.55,108600.632,2025-12-27T21:59:59.999000+00:00,13480820.57441,22245,55504.396,6889112.42684
2025-12-27T22:00:00+00:00,124.55,124.97,123.67,123.91,119901.754,2025-12-27T22:59:59.999000+00:00,14916733.69115,37813,49059.401,6103803.71384
2025-12-27T23:00:00+00:00,123.91,125.08,123.91,124.73,83316.48,2025-12-27T23:59:59.999000+00:00,10381370.92168,30774,46190.345,5754820.34313
2025-12-28T00:00:00+00:00,124.74,124.9,124.28,124.38,52007.2,2025-12-28T00:59:59.999000+00:00,6474830.53257,24631,25582.188,3184684.54315
2025-12-28T01:00:00+00:00,124.37,124.62,123.96,123.98,59759.427,2025-12-28T01:59:59.999000+00:00,7422234.35376,22439,34073.105,4232244.14656
2025-12-28T02:00:00+00:00,123.98,124.41,123.9,124.22,43172.703,2025-12-28T02:59:59.999000+00:00,5359626.77935,16164,29234.603,3628979.7415
2025-12-28T03:00:00+00:00,124.23,124.3,123.96,124.13,33317.814,2025-12-28T03:59:59.999000+00:00,4135391.11046,13186,20221.19,2509761.29443
2025-12-28T04:00:00+00:00,124.12,124.32,124.0,124.1,23922.35,2025-12-28T04:59:59.999000+00:00,2970724.10475,12337,9335.204,1159155.14987
2025-12-28T05:00:00+00:00,124.1,124.1,123.61,123.78,35443.599,2025-12-28T05:59:59.999000+00:00,4389760.98906,17533,14312.299,1772565.555
2025-12-28T06:00:00+00:00,123.78,124.22,123.75,124.11,30007.095,2025-12-28T06:59:59.999000+00:00,3721225.11446,14558,13966.969,1732025.10518
2025-12-28T07:00:00+00:00,124.12,124.34,123.84,124.23,43250.853,2025-12-28T07:59:59.999000+00:00,5368831.28281,15161,16310.998,2024608.24796
2025-12-28T08:00:00+00:00,124.23,124.69,124.17,124.28,55644.183,2025-12-28T08:59:59.999000+00:00,6922693.73342,19952,25197.058,3134840.65509
2025-12-28T09:00:00+00:00,124.28,124.4,124.0,124.08,39324.703,2025-12-28T09:59:59.999000+00:00,4884646.23372,15542,18353.644,2279684.77318
2025-12-28T10:00:00+00:00,124.08,124.63,124.02,124.52,68337.501,2025-12-28T10:59:59.999000+00:00,8506759.66794,18445,28474.412,3543313.55572
2025-12-28T11:00:00+00:00,124.51,124.84,124.4,124.65,47339.01,2025-12-28T11:59:59.999000+00:00,5900091.03548,19015,29131.299,3630673.97091
2025-12-28T12:00:00+00:00,124.65,124.78,124.38,124.42,39070.627,2025-12-28T12:59:59.999000+00:00,4865600.93376,17314,18685.111,2326928.37011
2025-12-28T13:00:00+00:00,124.42,124.8,124.3,124.63,60035.758,2025-12-28T13:59:59.999000+00:00,7477331.66369,18401,23212.389,2891368.8604
2025-12-28T14:00:00+00:00,124.63,124.99,124.5,124.56,64849.175,2025-12-28T14:59:59.999000+00:00,8091107.68731,24064,36006.26,4492425.90171
2025-12-28T15:00:00+00:00,124.57,125.03,124.42,124.44,82373.837,2025-12-28T15:59:59.999000+00:00,10276998.83096,27181,51442.284,6419263.29253
2025-12-28T16:00:00+00:00,124.44,124.67,124.18,124.3,70536.779,2025-12-28T16:59:59.999000+00:00,8775815.94066,25376,45218.135,5625008.98802
2025-12-28T17:00:00+00:00,124.3,124.77,124.3,124.46,38039.766,2025-12-28T17:59:59.999000+00:00,4737832.23006,17446,19738.737,2458036.96884
2025-12-28T18:00:00+00:00,124.45,124.52,123.13,123.14,266982.692,2025-12-28T18:59:59.999000+00:00,33010254.36072,46803,182656.458,22583280.49144
2025-12-28T19:00:00+00:00,123.13,123.64,123.08,123.3,151668.585,2025-12-28T19:59:59.999000+00:00,18701246.79716,32710,97107.161,11971369.97535
2025-12-28T20:00:00+00:00,123.3,123.69,123.1,123.43,32381.846,2025-12-28T20:59:59.999000+00:00,3996808.26008,18850,15517.65,1915262.72732
2025-12-28T21:00:00+00:00,123.43,123.86,123.3,123.86,125940.733,2025-12-28T21:59:59.999000+00:00,15583626.33106,17571,56271.238,6965033.2958
2025-12-28T22:00:00+00:00,123.86,124.34,123.53,124.24,163285.639,2025-12-28T22:59:59.999000+00:00,20233237.78738,22436,97724.253,12110564.86268
2025-12-28T23:00:00+00:00,124.24,125.64,123.93,125.27,202268.576,2025-12-28T23:59:59.999000+00:00,25243045.16166,42178,93380.989,11659202.71269
2025-12-29T00:00:00+00:00,125.27,128.18,125.01,127.01,380941.766,2025-12-29T00:59:59.999000+00:00,48242626.90126,132802,210004.8,26589640.57974
2025-12-29T01:00:00+00:00,127.0,130.16,126.23,128.72,575234.092,2025-12-29T01:59:59.999000+00:00,73822695.82835,153410,286216.411,36707159.7428
2025-12-29T02:00:00+00:00,128.73,129.49,128.17,128.73,265044.489,2025-12-29T02:59:59.999000+00:00,34153316.79077,97910,129942.409,16744789.1877
2025-12-29T03:00:00+00:00,128.74,129.52,128.5,128.58,349636.739,2025-12-29T03:59:59.999000+00:00,45076984.191,80904,189008.393,24368471.61463
2025-12-29T04:00:00+00:00,128.58,129.15,128.22,128.57,188780.979,2025-12-29T04:59:59.999000+00:00,24304603.61572,51101,93065.226,11981132.87583
2025-12-29T05:00:00+00:00,128.57,128.58,127.59,127.72,138116.358,2025-12-29T05:59:59.999000+00:00,17693427.51369,38422,60936.687,7804236.35179
2025-12-29T06:00:00+00:00,127.72,128.07,127.5,127.78,94853.89,2025-12-29T06:59:59.999000+00:00,12121553.65971,32879,48461.911,6193766.50891
2025-12-29T07:00:00+00:00,127.79,127.99,127.2,127.88,119032.276,2025-12-29T07:59:59.999000+00:00,15193285.18949,42298,53034.473,6770513.78591
2025-12-29T08:00:00+00:00,127.88,128.47,127.71,127.9,130710.747,2025-12-29T08:59:59.999000+00:00,16746635.27927,39026,74543.989,9552166.55288
2025-12-29T09:00:00+00:00,127.9,128.0,125.41,126.07,230033.385,2025-12-29T09:59:59.999000+00:00,29096375.05965,93612,90068.949,11385560.94541
2025-12-29T10:00:00+00:00,126.07,126.37,125.5,125.69,167720.609,2025-12-29T10:59:59.999000+00:00,21118268.72447,42112,97112.417,12229818.2566
2025-12-29T11:00:00+00:00,125.68,125.68,125.01,125.08,115690.94,2025-12-29T11:59:59.999000+00:00,14491604.14623,34181,65964.468,8263037.17808
2025-12-29T12:00:00+00:00,125.08,125.41,122.91,123.71,380665.788,2025-12-29T12:59:59.999000+00:00,47145246.61685,133361,197604.526,24465565.34169
2025-12-29T13:00:00+00:00,123.72,124.12,122.96,123.27,191311.756,2025-12-29T13:59:59.999000+00:00,23650952.30507,59777,81348.507,10058580.35588
2025-12-29T14:00:00+00:00,123.26,124.55,122.36,123.45,304561.716,2025-12-29T14:59:59.999000+00:00,37574613.59501,139559,141571.743,17462147.83615
2025-12-29T15:00:00+00:00,123.45,124.13,123.15,123.44,85320.439,2025-12-29T15:59:59.999000+00:00,10550326.63332,73852,45685.918,5650423.37399
2025-12-29T16:00:00+00:00,123.43,123.73,122.63,123.48,122580.719,2025-12-29T16:59:59.999000+00:00,15100453.61934,62568,55923.093,6889184.29848
2025-12-29T17:00:00+00:00,123.48,123.9,123.02,123.9,77258.227,2025-12-29T17:59:59.999000+00:00,9541028.99262,43602,38819.573,4794513.86576
2025-12-29T18:00:00+00:00,123.89,123.98,122.98,123.13,79755.991,2025-12-29T18:59:59.999000+00:00,9847311.54962,40937,41216.25,5091049.8737
2025-12-29T19:00:00+00:00,123.13,123.51,122.86,123.06,87138.035,2025-12-29T19:59:59.999000+00:00,10731889.14936,35525,54966.529,6769547.79473
2025-12-29T20:00:00+00:00,123.07,123.62,122.86,123.34,96413.858,2025-12-29T20:59:59.999000+00:00,11876895.83279,37568,44375.378,5466294.57631
2025-12-29T21:00:00+00:00,123.33,123.59,123.16,123.45,31609.448,2025-12-29T21:59:59.999000+00:00,3900321.47053,18401,17110.22,2110860.56575
2025-12-29T22:00:00+00:00,123.45,123.61,123.18,123.43,34345.992,2025-12-29T22:59:59.999000+00:00,4237628.2229,18332,17654.465,2177782.94429
2025-12-29T23:00:00+00:00,123.43,123.6,123.2,123.28,60836.866,2025-12-29T23:59:59.999000+00:00,7505259.62203,23136,36102.381,4453306.59863
2025-12-30T00:00:00+00:00,123.28,123.34,122.9,123.1,38407.421,2025-12-30T00:59:59.999000+00:00,4728707.54013,20133,20177.043,2484662.54955
2025-12-30T01:00:00+00:00,123.11,123.46,122.76,123.19,51325.613,2025-12-30T01:59:59.999000+00:00,6318964.40444,24307,23680.519,2915571.15001
2025-12-30T02:00:00+00:00,123.2,123.26,122.58,122.99,50964.322,2025-12-30T02:59:59.999000+00:00,6260481.00225,36219,23370.71,2871486.47327
2025-12-30T03:00:00+00:00,123.0,123.93,122.76,123.8,71593.015,2025-12-30T03:59:59.999000+00:00,8841313.1795,29513,41206.367,5087424.53222
2025-12-30T04:00:00+00:00,123.79,124.22,123.6,123.95,135577.887,2025-12-30T04:59:59.999000+00:00,16807722.03019,28843,35442.145,4392875.13064
2025-12-30T05:00:00+00:00,123.95,124.02,123.2,123.42,41703.051,2025-12-30T05:59:59.999000+00:00,5154655.96281,22298,17487.648,2160297.15361
2025-12-30T06:00:00+00:00,123.42,124.06,123.38,123.91,35100.585,2025-12-30T06:59:59.999000+00:00,4345230.29986,21131,22919.658,2836728.83233
2025-12-30T07:00:00+00:00,123.91,124.35,123.8,124.02,80365.822,2025-12-30T07:59:59.999000+00:00,9971848.85557,23225,38934.44,4830453.24843
2025-12-30T08:00:00+00:00,124.02,125.15,124.0,124.81,162877.116,2025-12-30T08:59:59.999000+00:00,20326506.66723,58726,62867.438,7844097.07334
2025-12-30T09:00:00+00:00,124.81,125.09,124.4,124.84,84828.712,2025-12-30T09:59:59.999000+00:00,10581280.77716,33960,45116.464,5627402.74754
2025-12-30T10:00:00+00:00,124.84,124.98,124.48,124.58,43627.664,2025-12-30T10:59:59.999000+00:00,5441026.8992,25587,23664.38,2951420.78097
2025-12-30T11:00:00+00:00,124.59,124.65,124.02,124.3,108012.196,2025-12-30T11:59:59.999000+00:00,13429471.48371,28712,78285.641,9732714.68363
2025-12-30T12:00:00+00:00,124.29,124.65,124.1,124.28,83284.086,2025-12-30T12:59:59.999000+00:00,10355943.17861,29951,58337.849,7254151.12201
2025-12-30T13:00:00+00:00,124.28,124.44,123.92,124.27,124177.433,2025-12-30T13:59:59.999000+00:00,15423093.08819,39202,80797.655,10035051.76484
2025-12-30T14:00:00+00:00,124.27,125.35,123.54,125.03,180905.315,2025-12-30T14:59:59.999000+00:00,22503636.04017,99630,92172.47,11467677.78446
2025-12-30T15:00:00+00:00,125.03,125.26,124.03,125.16,173208.59,2025-12-30T15:59:59.999000+00:00,21598406.08674,86656,92214.504,11500318.27445
2025-12-30T16:00:00+00:00,125.16,126.52,124.88,125.67,250474.895,2025-12-30T16:59:59.999000+00:00,31501151.71395,91604,103344.104,12994157.58134
2025-12-30T17:00:00+00:00,125.67,126.0,124.43,124.71,124562.186,2025-12-30T17:59:59.999000+00:00,15618199.47984,54417,53917.456,6762847.82889
2025-12-30T18:00:00+00:00,124.7,124.72,124.2,124.54,167839.315,2025-12-30T18:59:59.999000+00:00,20889720.34065,41056,113222.409,14091012.57523
2025-12-30T19:00:00+00:00,124.53,124.81,123.78,124.71,153043.936,2025-12-30T19:59:59.999000+00:00,19011302.61078,50473,101213.754,12570718.65967
2025-12-30T20:00:00+00:00,124.71,124.82,123.86,124.03,61687.343,2025-12-30T20:59:59.999000+00:00,7667622.76194,32027,32329.866,4017881.89234
2025-12-30T21:00:00+00:00,124.03,124.2,123.5,123.99,104400.793,2025-12-30T21:59:59.999000+00:00,12935834.01239,27267,65638.631,8133789.82173
2025-12-30T22:00:00+00:00,123.99,124.6,123.89,124.44,51056.777,2025-12-30T22:59:59.999000+00:00,6344959.4646,21237,23989.021,2980642.88884
2025-12-30T23:00:00+00:00,124.43,125.14,124.3,125.01,101607.443,2025-12-30T23:59:59.999000+00:00,12673699.60271,29531,31813.069,3966885.74784
2025-12-31T00:00:00+00:00,125.02,125.07,124.41,124.95,117447.451,2025-12-31T00:59:59.999000+00:00,14659552.61211,35920,30292.442,3779823.16394
2025-12-31T01:00:00+00:00,124.94,125.95,124.83,125.54,122215.05,2025-12-31T01:59:59.999000+00:00,15339968.99,45568,46613.763,5850134.67091
2025-12-31T02:00:00+00:00,125.53,126.09,125.32,126.01,83863.547,2025-12-31T02:59:59.999000+00:00,10543638.48196,38746,43833.825,5511767.38918
2025-12-31T03:00:00+00:00,126.02,126.09,125.17,125.82,62020.678,2025-12-31T03:59:59.999000+00:00,7792728.9395,34213,23065.498,2897291.18459
2025-12-31T04:00:00+00:00,125.81,125.96,125.38,125.46,54301.3,2025-12-31T04:59:59.999000+00:00,6822257.7759,23951,20085.562,2523268.66796
2025-12-31T05:00:00+00:00,125.46,125.77,125.41,125.64,29055.183,2025-12-31T05:59:59.999000+00:00,3649418.20376,18882,14296.941,1795713.80984
2025-12-31T06:00:00+00:00,125.65,126.1,125.6,125.89,57404.102,2025-12-31T06:59:59.999000+00:00,7227296.6525,17683,19916.034,2507238.94736
2025-12-31T07:00:00+00:00,125.9,126.05,125.65,125.99,63422.001,2025-12-31T07:59:59.999000+00:00,7982604.95964,21059,21739.218,2736496.49811
2025-12-31T08:00:00+00:00,125.99,126.3,125.44,125.57,63080.407,2025-12-31T08:59:59.999000+00:00,7942511.68731,26210,25481.421,3207425.66958
2025-12-31T09:00:00+00:00,125.57,126.4,125.56,126.3,51221.997,2025-12-31T09:59:59.999000+00:00,6451075.56166,20547,21337.584,2686061.88067
2025-12-31T10:00:00+00:00,126.3,126.42,126.0,126.4,73234.422,2025-12-31T10:59:59.999000+00:00,9243018.14889,23631,31619.159,3990326.85933
2025-12-31T11:00:00+00:00,126.39,126.85,126.23,126.73,66739.267,2025-12-31T11:59:59.999000+00:00,8441852.83079,29320,40100.852,5072025.97445
2025-12-31T12:00:00+00:00,126.73,126.77,126.07,126.18,43606.797,2025-12-31T12:59:59.999000+00:00,5515080.90139,26280,18691.917,2364123.3862
2025-12-31T13:00:00+00:00,126.19,126.51,125.95,126.29,59678.577,2025-12-31T13:59:59.999000+00:00,7533122.90404,28535,32007.51,4041057.47562
2025-12-31T14:00:00+00:00,126.29,127.44,125.38,125.79,157292.319,2025-12-31T14:59:59.999000+00:00,19877015.36784,83908,88337.65,11165449.78891
2025-12-31T15:00:00+00:00,125.79,125.84,125.01,125.59,223799.356,2025-12-31T15:59:59.999000+00:00,28061984.47083,77616,117950.937,14786796.40694
2025-12-31T16:00:00+00:00,125.58,125.74,124.31,124.84,106785.748,2025-12-31T16:59:59.999000+00:00,13345097.98431,63024,51115.517,6389289.66394
2025-12-31T17:00:00+00:00,124.84,125.24,124.57,125.04,74452.503,2025-12-31T17:59:59.999000+00:00,9293864.02426,40143,40146.167,5010653.80674
2025-12-31T18:00:00+00:00,125.05,125.53,124.64,124.79,76853.628,2025-12-31T18:59:59.999000+00:00,9619184.61092,33568,39578.111,4954849.1371
2025-12-31T19:00:00+00:00,124.79,125.22,124.37,124.39,65445.261,2025-12-31T19:59:59.999000+00:00,8165283.23558,25040,38092.835,4752723.01238
2025-12-31T20:00:00+00:00,124.38,132.75,122.99,124.19,1058788.321,2025-12-31T20:59:59.999000+00:00,132212061.18318,174451,633815.277,79504277.2211
2025-12-31T21:00:00+00:00,124.19,124.48,123.98,124.46,90506.438,2025-12-31T21:59:59.999000+00:00,11241975.32908,30436,56829.064,7058178.1646
2025-12-31T22:00:00+00:00,124.45,125.16,124.25,124.86,88871.076,2025-12-31T22:59:59.999000+00:00,11094901.67314,29053,36024.919,4495693.73261
2025-12-31T23:00:00+00:00,124.86,125.05,124.6,124.65,51558.229,2025-12-31T23:59:59.999000+00:00,6438098.16525,18928,20519.065,2561702.24573
2026-01-01T00:00:00+00:00,124.64,125.25,124.6,125.15,51890.427,2026-01-01T00:59:59.999000+00:00,6488617.42421,20451,22746.001,2843577.88951
2026-01-01T01:00:00+00:00,125.15,125.8,124.91,124.99,89320.416,2026-01-01T01:59:59.999000+00:00,11201056.75645,30609,38284.073,4800410.60054
2026-01-01T02:00:00+00:00,124.98,125.22,124.79,125.18,53034.168,2026-01-01T02:59:59.999000+00:00,6629183.72712,19302,24571.655,3071207.25009
2026-01-01T03:00:00+00:00,125.18,125.41,125.01,125.21,51681.327,2026-01-01T03:59:59.999000+00:00,6473250.79242,16213,17599.567,2203829.81907
2026-01-01T04:00:00+00:00,125.22,125.27,124.8,124.96,46321.071,2026-01-01T04:59:59.999000+00:00,5791966.85474,19282,18806.292,2351428.62653
2026-01-01T05:00:00+00:00,124.95,125.32,124.95,125.3,30922.782,2026-01-01T05:59:59.999000+00:00,3869095.93003,14014,13615.46,1703612.00308
2026-01-01T06:00:00+00:00,125.3,125.32,124.88,124.89,20148.98,2026-01-01T06:59:59.999000+00:00,2520846.51184,9206,7001.695,876135.44707
2026-01-01T07:00:00+00:00,124.89,125.0,124.22,124.24,58996.546,2026-01-01T07:59:59.999000+00:00,7348621.75118,15517,39970.207,4979023.02378
2026-01-01T08:00:00+00:00,124.24,124.72,124.15,124.68,67204.307,2026-01-01T08:59:59.999000+00:00,8361662.52335,18897,44398.773,5524066.61526
2026-01-01T09:00:00+00:00,124.69,125.14,124.59,125.05,130236.679,2026-01-01T09:59:59.999000+00:00,16275400.01239,21142,31377.942,3921187.53717
2026-01-01T10:00:00+00:00,125.05,125.29,124.98,125.05,102698.871,2026-01-01T10:59:59.999000+00:00,12855570.17725,17026,17484.6,2187919.584
2026-01-01T11:00:00+00:00,125.05,125.23,124.76,125.22,43113.12,2026-01-01T11:59:59.999000+00:00,5390448.36572,15444,25487.799,3186604.69835
2026-01-01T12:00:00+00:00,125.23,125.28,125.01,125.02,56707.556,2026-01-01T12:59:59.999000+00:00,7094950.65925,13798,15598.438,1951572.09943
2026-01-01T13:00:00+00:00,125.03,125.13,124.71,124.73,51727.981,2026-01-01T13:59:59.999000+00:00,6462449.22238,14002,36700.431,4584630.21968
2026-01-01T14:00:00+00:00,124.73,124.92,124.39,124.71,127476.025,2026-01-01T14:59:59.999000+00:00,15886227.01691,26655,99980.38,12459419.93239
2026-01-01T15:00:00+00:00,124.71,125.23,124.58,124.96,74840.987,2026-01-01T15:59:59.999000+00:00,9341792.62035,29389,46260.181,5773733.85857
2026-01-01T16:00:00+00:00,124.96,125.02,124.28,124.45,83420.803,2026-01-01T16:59:59.999000+00:00,10389483.21842,25165,49618.694,6179478.20603
2026-01-01T17:00:00+00:00,124.44,125.65,124.3,125.2,195309.961,2026-01-01T17:59:59.999000+00:00,24446438.46046,43317,90151.358,11274396.25881
2026-01-01T18:00:00+00:00,125.2,125.39,125.03,125.35,70465.58,2026-01-01T18:59:59.999000+00:00,8823316.10797,21768,24186.363,3028167.67807
2026-01-01T19:00:00+00:00,125.34,125.79,125.22,125.76,35341.649,2026-01-01T19:59:59.999000+00:00,4437234.18678,16831,23620.688,2965398.43227
2026-01-01T20:00:00+00:00,125.76,125.95,125.31,125.39,53454.868,2026-01-01T20:59:59.999000+00:00,6714956.30588,18491,30189.253,3792848.60239
2026-01-01T21:00:00+00:00,125.39,125.69,125.31,125.41,19874.928,2026-01-01T21:59:59.999000+00:00,2493600.9431,11501,13036.952,1635754.9821
2026-01-01T22:00:00+00:00,125.41,126.25,125.37,126.08,49625.229,2026-01-01T22:59:59.999000+00:00,6238310.60816,26187,33932.049,4265918.38972
2026-01-01T23:00:00+00:00,126.08,127.25,125.75,126.9,169850.717,2026-01-01T23:59:59.999000+00:00,21534467.97979,51050,88353.241,11201964.78587
2026-01-02T00:00:00+00:00,126.91,127.16,126.44,126.79,74686.492,2026-01-02T00:59:59.999000+00:00,9470481.17381,35353,36855.411,4672768.90099
2026-01-02T01:00:00+00:00,126.79,126.95,126.05,126.18,117222.17,2026-01-02T01:59:59.999000+00:00,14826102.84676,29858,66920.011,8462914.41706
2026-01-02T02:00:00+00:00,126.18,126.67,125.84,126.58,65348.775,2026-01-02T02:59:59.999000+00:00,8242208.20217,31866,35825.04,4518922.44434
2026-01-02T03:00:00+00:00,126.57,127.99,126.41,127.53,123310.725,2026-01-02T03:59:59.999000+00:00,15705024.67813,73434,72255.413,9199419.99806
2026-01-02T04:00:00+00:00,127.53,127.72,126.95,126.98,44989.199,2026-01-02T04:59:59.999000+00:00,5723242.69384,31357,17802.733,2264774.39514
2026-01-02T05:00:00+00:00,126.98,127.42,126.75,127.34,35007.511,2026-01-02T05:59:59.999000+00:00,4446424.85404,23390,18591.57,2361197.95556
2026-01-02T06:00:00+00:00,127.34,127.72,127.25,127.32,55279.25,2026-01-02T06:59:59.999000+00:00,7045526.1714,22647,27325.405,3482876.76255
2026-01-02T07:00:00+00:00,127.33,127.58,126.91,127.13,45062.255,2026-01-02T07:59:59.999000+00:00,5733716.17471,21192,18948.461,2412087.5829
2026-01-02T08:00:00+00:00,127.14,127.97,127.13,127.96,69445.744,2026-01-02T08:59:59.999000+00:00,8865482.49284,28018,33256.041,4245125.6738
2026-01-02T09:00:00+00:00,127.96,129.89,127.81,129.4,275803.639,2026-01-02T09:59:59.999000+00:00,35582353.44066,84543,159874.085,20625838.85337
2026-01-02T10:00:00+00:00,129.39,129.99,128.88,128.94,170117.095,2026-01-02T10:59:59.999000+00:00,22008044.60026,58676,83248.498,10772377.56143
2026-01-02T11:00:00+00:00,128.95,128.98,128.0,128.22,110177.807,2026-01-02T11:59:59.999000+00:00,14146614.36393,38403,43577.914,5594174.33068
2026-01-02T12:00:00+00:00,128.21,128.65,127.91,128.42,91303.144,2026-01-02T12:59:59.999000+00:00,11706291.93831,33644,51592.961,6615265.72835
2026-01-02T13:00:00+00:00,128.43,128.8,128.28,128.37,64831.513,2026-01-02T13:59:59.999000+00:00,8330491.22607,25227,28697.39,3687625.76625
2026-01-02T14:00:00+00:00,128.37,129.65,126.82,128.73,263476.222,2026-01-02T14:59:59.999000+00:00,33770494.72944,133878,123389.314,15824428.42919
2026-01-02T15:00:00+00:00,128.74,129.53,127.41,128.98,208059.681,2026-01-02T15:59:59.999000+00:00,26742501.73139,122230,111922.096,14384615.06384
2026-01-02T16:00:00+00:00,128.98,131.79,128.68,130.92,346163.77,2026-01-02T16:59:59.999000+00:00,45174949.84623,152760,191403.84,24968590.21144
2026-01-02T17:00:00+00:00,130.92,132.3,130.69,131.44,189737.838,2026-01-02T17:59:59.999000+00:00,24944931.92148,103142,93100.189,12244851.62792
2026-01-02T18:00:00+00:00,131.44,132.03,130.35,130.8,116804.848,2026-01-02T18:59:59.999000+00:00,15344267.50655,72768,54440.393,7156465.59694
2026-01-02T19:00:00+00:00,130.8,131.79,130.64,131.63,93264.364,2026-01-02T19:59:59.999000+00:00,12252860.43689,52975,49791.163,6541744.15283
2026-01-02T20:00:00+00:00,131.63,132.13,130.83,131.14,93661.784,2026-01-02T20:59:59.999000+00:00,12320979.78624,49790,47152.086,6205080.05132
2026-01-02T21:00:00+00:00,131.14,132.16,131.14,131.92,50749.63,2026-01-02T21:59:59.999000+00:00,6682029.71315,25911,29726.764,3913788.86128
2026-01-02T22:00:00+00:00,131.93,133.25,131.9,132.64,139843.755,2026-01-02T22:59:59.999000+00:00,18569210.10947,64971,83454.786,11082004.66295
2026-01-02T23:00:00+00:00,132.63,132.75,131.92,132.29,79880.161,2026-01-02T23:59:59.999000+00:00,10578956.9434,32921,43589.767,5774315.7329
2026-01-03T00:00:00+00:00,132.28,132.93,132.24,132.53,65120.039,2026-01-03T00:59:59.999000+00:00,8640010.80623,32991,33921.976,4500079.01449
2026-01-03T01:00:00+00:00,132.53,132.97,132.36,132.64,39194.72,2026-01-03T01:59:59.999000+00:00,5197054.46699,24902,19013.329,2521267.97151
2026-01-03T02:00:00+00:00,132.64,133.11,132.06,132.85,100264.947,2026-01-03T02:59:59.999000+00:00,13284267.16339,30040,42849.764,5674966.29479
2026-01-03T03:00:00+00:00,132.85,133.17,132.19,132.83,66264.959,2026-01-03T03:59:59.999000+00:00,8789905.3512,29651,29866.564,3961620.2444
2026-01-03T04:00:00+00:00,132.83,132.93,132.19,132.37,50009.13,2026-01-03T04:59:59.999000+00:00,6625224.30619,24800,21951.87,2908260.66742
2026-01-03T05:00:00+00:00,132.37,132.54,131.63,131.9,73601.026,2026-01-03T05:59:59.999000+00:00,9716598.33171,25549,26379.831,3481988.60804
2026-01-03T06:00:00+00:00,131.89,132.28,131.05,131.18,66266.224,2026-01-03T06:59:59.999000+00:00,8721839.7348,29584,24520.796,3229369.23079
2026-01-03T07:00:00+00:00,131.18,131.4,129.6,130.1,178441.656,2026-01-03T07:59:59.999000+00:00,23256734.35596,69859,71489.631,9313230.81316
2026-01-03T08:00:00+00:00,130.09,131.03,129.8,130.69,76819.741,2026-01-03T08:59:59.999000+00:00,10021042.56032,42337,41760.342,5448334.74509
2026-01-03T09:00:00+00:00,130.69,131.44,130.38,131.17,75803.726,2026-01-03T09:59:59.999000+00:00,9930344.75618,30469,37753.346,4947469.48856
2026-01-03T10:00:00+00:00,131.17,131.23,130.8,130.96,57389.673,2026-01-03T10:59:59.999000+00:00,7520178.67162,19298,22432.696,2939365.06579
2026-01-03T11:00:00+00:00,130.96,131.0,130.46,130.71,43591.87,2026-01-03T11:59:59.999000+00:00,5699219.9779,17493,27359.778,3577211.13759
2026-01-03T12:00:00+00:00,130.71,130.94,130.5,130.91,47052.305,2026-01-03T12:59:59.999000+00:00,6152014.59847,20458,30038.565,3927612.95832
2026-01-03T13:00:00+00:00,130.9,131.4,130.8,131.29,55206.355,2026-01-03T13:59:59.999000+00:00,7242431.26432,18666,34875.724,4575593.41177
2026-01-03T14:00:00+00:00,131.3,132.18,131.13,131.99,61438.627,2026-01-03T14:59:59.999000+00:00,8093206.34902,29750,38938.722,5128725.8301
2026-01-03T15:00:00+00:00,132.0,132.03,131.23,131.47,74865.05,2026-01-03T15:59:59.999000+00:00,9852558.87947,22832,40258.893,5299872.80315
2026-01-03T16:00:00+00:00,131.48,132.0,131.47,131.78,55959.567,2026-01-03T16:59:59.999000+00:00,7374525.04967,24001,30110.147,3968726.98189
2026-01-03T17:00:00+00:00,131.77,132.04,131.65,131.89,27187.871,2026-01-03T17:59:59.999000+00:00,3585484.55089,13246,13866.894,1828844.82819
2026-01-03T18:00:00+00:00,131.9,132.12,131.61,131.97,44069.506,2026-01-03T18:59:59.999000+00:00,5814487.70511,14871,21868.095,2885586.77362
2026-01-03T19:00:00+00:00,131.97,131.97,131.66,131.78,23508.785,2026-01-03T19:59:59.999000+00:00,3098410.87892,11008,11930.337,1572347.16559
2026-01-03T20:00:00+00:00,131.78,132.03,131.35,131.99,39065.219,2026-01-03T20:59:59.999000+00:00,5142914.64432,17213,19559.31,2576064.36215
2026-01-03T21:00:00+00:00,131.99,133.07,131.81,132.87,71888.136,2026-01-03T21:59:59.999000+00:00,9529774.45046,28281,41815.667,5543436.26368
2026-01-03T22:00:00+00:00,132.87,133.99,132.59,133.43,84528.122,2026-01-03T22:59:59.999000+00:00,11257429.98788,36185,42395.444,5647606.79896
2026-01-03T23:00:00+00:00,133.43,133.76,133.1,133.37,43086.245,2026-01-03T23:59:59.999000+00:00,5750262.71662,23556,25684.074,3427875.23272
2026-01-04T00:00:00+00:00,133.37,134.97,133.31,134.57,156334.505,2026-01-04T00:59:59.999000+00:00,21004850.44118,96603,87161.91,11711907.06246
2026-01-04T01:00:00+00:00,134.57,134.75,133.42,133.96,79064.376,2026-01-04T01:59:59.999000+00:00,10594997.40984,46696,28554.414,3827328.93922
2026-01-04T02:00:00+00:00,133.96,134.02,133.48,133.73,61968.019,2026-01-04T02:59:59.999000+00:00,8291584.41699,29213,33317.22,4458011.35493
2026-01-04T03:00:00+00:00,133.73,134.7,133.66,134.62,99718.281,2026-01-04T03:59:59.999000+00:00,13380905.53068,36849,51062.889,6854400.97167
2026-01-04T04:00:00+00:00,134.62,134.87,134.24,134.3,70514.846,2026-01-04T04:59:59.999000+00:00,9488727.51192,35085,33006.683,4442316.74626
2026-01-04T05:00:00+00:00,134.31,134.62,134.26,134.57,29719.635,2026-01-04T05:59:59.999000+00:00,3995338.95746,17275,14179.301,1906463.8159
2026-01-04T06:00:00+00:00,134.56,135.0,133.7,133.76,117636.352,2026-01-04T06:59:59.999000+00:00,15800247.33836,45218,62795.556,8435931.69548
2026-01-04T07:00:00+00:00,133.76,134.14,133.66,133.8,84514.533,2026-01-04T07:59:59.999000+00:00,11318244.16597,28997,32886.905,4403480.04704
2026-01-04T08:00:00+00:00,133.8,134.18,133.2,134.12,85882.019,2026-01-04T08:59:59.999000+00:00,11475559.35042,38389,34880.185,4662060.80444
2026-01-04T09:00:00+00:00,134.11,134.57,133.84,134.32,55854.953,2026-01-04T09:59:59.999000+00:00,7498989.64968,30292,27405.067,3679726.49392
2026-01-04T10:00:00+00:00,134.32,134.88,134.23,134.7,79656.023,2026-01-04T10:59:59.999000+00:00,10714753.4936,30030,38929.521,5236560.13518
2026-01-04T11:00:00+00:00,134.7,134.7,134.16,134.39,41786.198,2026-01-04T11:59:59.999000+00:00,5618704.43904,27648,18317.22,2463413.10095
2026-01-04T12:00:00+00:00,134.39,134.9,134.2,134.34,81045.065,2026-01-04T12:59:59.999000+00:00,10901843.0141,32192,38164.434,5134110.20541
2026-01-04T13:00:00+00:00,134.34,134.56,133.75,134.52,59178.133,2026-01-04T13:59:59.999000+00:00,7937473.60123,28344,32002.932,4293189.77883
2026-01-04T14:00:00+00:00,134.53,135.0,134.25,134.96,79310.873,2026-01-04T14:59:59.999000+00:00,10677525.97134,31201,36735.309,4946903.24929
2026-01-04T15:00:00+00:00,134.97,135.35,134.29,134.91,131236.145,2026-01-04T15:59:59.999000+00:00,17713754.13032,49912,66095.68,8921624.09242
2026-01-04T16:00:00+00:00,134.91,135.54,134.75,135.11,71149.421,2026-01-04T16:59:59.999000+00:00,9614953.43297,41325,36034.169,4869333.96939
2026-01-04T17:00:00+00:00,135.11,135.37,134.81,134.83,55598.271,2026-01-04T17:59:59.999000+00:00,7510741.75214,30054,28648.275,3870164.76428
2026-01-04T18:00:00+00:00,134.83,134.88,133.71,134.21,102170.835,2026-01-04T18:59:59.999000+00:00,13715418.24629,45627,45790.889,6145567.36696
2026-01-04T19:00:00+00:00,134.2,134.21,133.12,133.56,110680.69,2026-01-04T19:59:59.999000+00:00,14774448.1782,51247,58863.217,7856257.17643
2026-01-04T20:00:00+00:00,133.55,134.26,133.4,134.03,31281.258,2026-01-04T20:59:59.999000+00:00,4189836.21446,20190,17474.873,2340488.43501
2026-01-04T21:00:00+00:00,134.04,134.58,133.72,133.94,35042.907,2026-01-04T21:59:59.999000+00:00,4700310.13709,24849,20811.146,2791476.95412
2026-01-04T22:00:00+00:00,133.93,134.44,133.79,134.16,28429.871,2026-01-04T22:59:59.999000+00:00,3813837.03472,24086,16978.713,2278071.60753
2026-01-04T23:00:00+00:00,134.17,134.86,133.66,134.12,61495.904,2026-01-04T23:59:59.999000+00:00,8252125.13308,51537,30921.807,4149481.15593
2026-01-05T00:00:00+00:00,134.12,135.84,134.01,135.55,192370.707,2026-01-05T00:59:59.999000+00:00,25946131.51981,96644,90059.885,12149586.72017
2026-01-05T01:00:00+00:00,135.55,137.75,135.28,136.75,256690.596,2026-01-05T01:59:59.999000+00:00,35055992.46893,122719,136937.672,18696908.37187
2026-01-05T02:00:00+00:00,136.76,137.23,135.69,136.87,127983.224,2026-01-05T02:59:59.999000+00:00,17473401.29274,56801,59238.95,8091271.34574
2026-01-05T03:00:00+00:00,136.88,137.33,136.58,136.64,74836.466,2026-01-05T03:59:59.999000+00:00,10249547.10636,38712,40319.205,5522653.62849
2026-01-05T04:00:00+00:00,136.64,136.79,135.0,135.69,102719.319,2026-01-05T04:59:59.999000+00:00,13944275.68538,52946,36865.632,5006376.1966
2026-01-05T05:00:00+00:00,135.69,136.32,135.03,135.07,62378.048,2026-01-05T05:59:59.999000+00:00,8468615.8747,36051,25966.124,3526432.01469
2026-01-05T06:00:00+00:00,135.06,135.71,134.63,135.63,103250.587,2026-01-05T06:59:59.999000+00:00,13968280.50037,40282,44097.968,5967193.05971
2026-01-05T07:00:00+00:00,135.63,135.76,135.09,135.45,60463.171,2026-01-05T07:59:59.999000+00:00,8187568.76545,28665,33672.562,4560148.48053
2026-01-05T08:00:00+00:00,135.45,135.95,135.21,135.22,85947.101,2026-01-05T08:59:59.999000+00:00,11650895.12142,37022,36305.302,4922813.93219
2026-01-05T09:00:00+00:00,135.21,135.69,134.75,135.45,110133.715,2026-01-05T09:59:59.999000+00:00,14883606.78783,49483,54272.429,7336726.61754
2026-01-05T10:00:00+00:00,135.45,136.06,135.27,135.8,80563.912,2026-01-05T10:59:59.999000+00:00,10933638.73852,38180,46681.294,6335620.06061
2026-01-05T11:00:00+00:00,135.81,135.82,135.24,135.77,66113.496,2026-01-05T11:59:59.999000+00:00,8958552.13028,31144,35049.866,4748906.76139
2026-01-05T12:00:00+00:00,135.77,135.83,134.91,135.13,80342.282,2026-01-05T12:59:59.999000+00:00,10875639.95377,43105,33335.762,4514421.16888
2026-01-05T13:00:00+00:00,135.13,135.4,133.26,133.81,204636.64,2026-01-05T13:59:59.999000+00:00,27448950.00821,87903,99268.962,13312593.90264
2026-01-05T14:00:00+00:00,133.81,135.62,133.18,134.99,276200.464,2026-01-05T14:59:59.999000+00:00,37064755.18099,156272,159792.848,21456373.71557
2026-01-05T15:00:00+00:00,134.99,136.47,134.14,136.13,237682.597,2026-01-05T15:59:59.999000+00:00,32195827.97157,117385,126125.46,17096405.28309
2026-01-05T16:00:00+00:00,136.13,136.3,134.98,135.4,136963.204,2026-01-05T16:59:59.999000+00:00,18568312.83013,73963,73668.631,9986630.26559
2026-01-05T17:00:00+00:00,135.41,136.85,134.31,136.52,174002.666,2026-01-05T17:59:59.999000+00:00,23588437.29463,82593,95081.768,12894011.41026
2026-01-05T18:00:00+00:00,136.53,137.58,135.7,137.37,203397.958,2026-01-05T18:59:59.999000+00:00,27808445.06435,82549,122350.686,16729202.62339
2026-01-05T19:00:00+00:00,137.38,138.82,137.1,138.23,251113.909,2026-01-05T19:59:59.999000+00:00,34675495.20567,116036,129928.16,17944181.49286
2026-01-05T20:00:00+00:00,138.23,139.87,137.72,137.87,214126.265,2026-01-05T20:59:59.999000+00:00,29722728.765,119901,109072.853,15147638.20445
2026-01-05T21:00:00+00:00,137.87,138.75,137.87,138.41,98836.39,2026-01-05T21:59:59.999000+00:00,13664798.65719,47893,54523.904,7538757.33792
2026-01-05T22:00:00+00:00,138.4,139.16,138.29,138.8,61748.413,2026-01-05T22:59:59.999000+00:00,8567147.6914,38598,36908.992,5121065.29373
2026-01-05T23:00:00+00:00,138.8,138.95,137.88,137.9,65066.354,2026-01-05T23:59:59.999000+00:00,9010039.64942,38298,33076.641,4580947.68399
2026-01-06T00:00:00+00:00,137.91,138.2,136.89,137.72,126620.607,2026-01-06T00:59:59.999000+00:00,17408742.65888,67045,54333.686,7470446.03595
2026-01-06T01:00:00+00:00,137.72,138.53,137.35,137.58,95407.638,2026-01-06T01:59:59.999000+00:00,13161452.2547,74562,49609.131,6844920.89468
2026-01-06T02:00:00+00:00,137.58,138.01,137.32,137.61,64469.316,2026-01-06T02:59:59.999000+00:00,8873680.01871,49271,32368.369,4455710.9787
2026-01-06T03:00:00+00:00,137.6,138.63,137.57,138.38,55215.648,2026-01-06T03:59:59.999000+00:00,7625705.04504,44473,32932.564,4548117.60052
2026-01-06T04:00:00+00:00,138.38,139.0,138.2,138.45,79499.076,2026-01-06T04:59:59.999000+00:00,11023069.63541,40137,38694.959,5364446.4548
2026-01-06T05:00:00+00:00,138.45,140.08,138.08,139.56,158530.236,2026-01-06T05:59:59.999000+00:00,22052936.61482,76381,101218.911,14088223.7772
2026-01-06T06:00:00+00:00,139.56,139.78,138.85,139.02,133150.564,2026-01-06T06:59:59.999000+00:00,18547873.67475,54878,64244.628,8949353.38596
2026-01-06T07:00:00+00:00,139.02,139.11,137.35,137.61,135865.229,2026-01-06T07:59:59.999000+00:00,18743980.00434,60579,56282.248,7764159.47285
2026-01-06T08:00:00+00:00,137.6,138.13,137.4,137.62,86925.446,2026-01-06T08:59:59.999000+00:00,11978003.41064,45989,46293.761,6379761.55797
2026-01-06T09:00:00+00:00,137.61,138.42,137.5,137.79,81500.842,2026-01-06T09:59:59.999000+00:00,11254175.61006,45669,41556.87,5739008.61181
2026-01-06T10:00:00+00:00,137.79,138.11,137.42,137.74,76434.415,2026-01-06T10:59:59.999000+00:00,10536517.83169,39146,32939.24,4541723.24786
2026-01-06T11:00:00+00:00,137.74,139.7,137.65,139.5,171181.225,2026-01-06T11:59:59.999000+00:00,23772738.61522,62224,94567.083,13132355.89125
2026-01-06T12:00:00+00:00,139.5,139.62,138.86,139.09,84117.456,2026-01-06T12:59:59.999000+00:00,11713243.73065,34244,35107.985,4889464.63132
2026-01-06T13:00:00+00:00,139.08,139.45,138.72,139.1,95082.392,2026-01-06T13:59:59.999000+00:00,13219920.46092,49079,47604.057,6617570.37599
2026-01-06T14:00:00+00:00,139.11,143.48,139.11,142.0,648244.591,2026-01-06T14:59:59.999000+00:00,92020519.19672,245392,349482.588,49610522.48494
2026-01-06T15:00:00+00:00,142.0,143.22,141.12,141.6,336686.734,2026-01-06T15:59:59.999000+00:00,47848017.53527,170070,165054.104,23452910.51506
2026-01-06T16:00:00+00:00,141.59,141.95,138.15,138.92,311241.547,2026-01-06T16:59:59.999000+00:00,43525363.30057,164183,125036.995,17487221.97306
2026-01-06T17:00:00+00:00,138.91,139.17,136.42,136.52,318451.56,2026-01-06T17:59:59.999000+00:00,43804609.02117,140734,139208.611,19154912.54516
2026-01-06T18:00:00+00:00,136.51,138.0,136.19,137.57,154970.922,2026-01-06T18:59:59.999000+00:00,21281643.6458,98013,82672.467,11357078.23554
2026-01-06T19:00:00+00:00,137.57,138.08,137.31,137.53,56972.823,2026-01-06T19:59:59.999000+00:00,7843203.39238,40528,28192.234,3882070.84876
2026-01-06T20:00:00+00:00,137.53,139.19,137.51,138.95,115009.652,2026-01-06T20:59:59.999000+00:00,15936338.67577,56391,68128.462,9438928.65179
2026-01-06T21:00:00+00:00,138.96,141.99,138.68,140.24,216177.402,2026-01-06T21:59:59.999000+00:00,30434345.29546,107172,105155.632,14792450.82095
2026-01-06T22:00:00+00:00,140.23,141.0,139.51,140.03,91267.491,2026-01-06T22:59:59.999000+00:00,12789309.92991,57046,44875.082,6289352.97866
2026-01-06T23:00:00+00:00,140.04,141.37,140.03,141.08,78772.305,2026-01-06T23:59:59.999000+00:00,11095842.42132,54194,44116.201,6212427.69778
2026-01-07T00:00:00+00:00,141.08,141.4,139.78,139.85,86612.488,2026-01-07T00:59:59.999000+00:00,12180355.95538,68007,42108.707,5921257.11899
2026-01-07T01:00:00+00:00,139.85,140.63,138.8,138.91,107125.19,2026-01-07T01:59:59.999000+00:00,14940802.88865,78980,41069.533,5733921.33787
2026-01-07T02:00:00+00:00,138.9,140.1,138.52,139.95,120744.729,2026-01-07T02:59:59.999000+00:00,16814132.20898,59145,69907.107,9738713.37028
2026-01-07T03:00:00+00:00,139.95,140.55,139.38,139.58,51158.803,2026-01-07T03:59:59.999000+00:00,7158695.08179,40184,23218.925,3249763.47194
2026-01-07T04:00:00+00:00,139.59,139.72,138.72,138.78,45514.311,2026-01-07T04:59:59.999000+00:00,6335250.84131,32641,13403.304,1866019.80627
2026-01-07T05:00:00+00:00,138.78,139.34,138.15,138.52,80758.31,2026-01-07T05:59:59.999000+00:00,11202064.71177,41882,34057.193,4723746.60215
2026-01-07T06:00:00+00:00,138.52,139.08,138.47,138.79,70474.704,2026-01-07T06:59:59.999000+00:00,9785168.69475,32603,36860.284,5119070.91846
2026-01-07T07:00:00+00:00,138.8,139.45,138.79,139.39,58162.067,2026-01-07T07:59:59.999000+00:00,8093806.3281,25830,31106.088,4327416.41959
2026-01-07T08:00:00+00:00,139.39,139.8,139.09,139.41,73725.198,2026-01-07T08:59:59.999000+00:00,10283844.92992,47304,32980.053,4601429.14148
2026-01-07T09:00:00+00:00,139.4,139.49,136.56,136.89,243466.145,2026-01-07T09:59:59.999000+00:00,33476922.05826,119617,102675.126,14113763.552
2026-01-07T10:00:00+00:00,136.89,137.71,136.75,137.57,103091.593,2026-01-07T10:59:59.999000+00:00,14157080.59107,50820,55644.949,7640598.23793
2026-01-07T11:00:00+00:00,137.58,138.21,137.51,137.93,55242.726,2026-01-07T11:59:59.999000+00:00,7620542.92355,35987,33764.524,4657464.67263
2026-01-07T12:00:00+00:00,137.93,138.21,137.61,137.92,48477.937,2026-01-07T12:59:59.999000+00:00,6682321.59391,34394,22139.029,3051679.59971
2026-01-07T13:00:00+00:00,137.93,138.51,137.55,138.13,72559.766,2026-01-07T13:59:59.999000+00:00,10016706.65111,47099,39552.977,5462628.22004
2026-01-07T14:00:00+00:00,138.14,138.21,136.58,138.02,180577.066,2026-01-07T14:59:59.999000+00:00,24814150.62066,121977,93764.02,12888003.32535
2026-01-07T15:00:00+00:00,138.03,138.08,135.25,135.7,267740.452,2026-01-07T15:59:59.999000+00:00,36429041.76617,162360,118515.902,16121779.56736
2026-01-07T16:00:00+00:00,135.7,136.68,135.32,135.7,128986.947,2026-01-07T16:59:59.999000+00:00,17536206.05518,71529,61605.544,8376376.57868
2026-01-07T17:00:00+00:00,135.7,136.48,135.39,135.6,78599.63,2026-01-07T17:59:59.999000+00:00,10683445.15121,60712,40089.102,5448747.14755
2026-01-07T18:00:00+00:00,135.6,135.91,134.73,135.26,130696.421,2026-01-07T18:59:59.999000+00:00,17680155.79922,74422,66905.321,9053505.13416
2026-01-07T19:00:00+00:00,135.25,136.0,134.41,135.76,63710.75,2026-01-07T19:59:59.999000+00:00,8607684.41738,56816,32452.091,4386860.57066
2026-01-07T20:00:00+00:00,135.76,136.0,135.0,135.79,50598.477,2026-01-07T20:59:59.999000+00:00,6861628.62141,50880,22821.146,3095041.45626
2026-01-07T21:00:00+00:00,135.79,136.35,135.68,136.19,44424.622,2026-01-07T21:59:59.999000+00:00,6048659.11984,27620,22914.133,3119831.21774
2026-01-07T22:00:00+00:00,136.18,136.82,135.77,136.5,65380.96,2026-01-07T22:59:59.999000+00:00,8913501.49504,33918,35724.119,4872355.82767
2026-01-07T23:00:00+00:00,136.5,137.05,135.86,136.39,93812.886,2026-01-07T23:59:59.999000+00:00,12818281.30112,49937,61644.643,8424806.2108
2026-01-08T00:00:00+00:00,136.39,136.97,136.0,136.83,50559.873,2026-01-08T00:59:59.999000+00:00,6897131.40912,35800,28363.139,3869960.78542
2026-01-08T01:00:00+00:00,136.83,137.42,136.7,136.82,57996.739,2026-01-08T01:59:59.999000+00:00,7944952.07969,28708,25403.839,3481316.22744
2026-01-08T02:00:00+00:00,136.82,138.0,136.58,137.93,176153.474,2026-01-08T02:59:59.999000+00:00,24213364.16952,80222,103643.862,14250879.84354
2026-01-08T03:00:00+00:00,137.93,138.32,136.59,136.75,97293.922,2026-01-08T03:59:59.999000+00:00,13367558.95181,58918,46197.468,6350097.98125
2026-01-08T04:00:00+00:00,136.74,138.33,136.43,137.65,101238.127,2026-01-08T04:59:59.999000+00:00,13924058.01645,55220,51093.974,7027365.09419
2026-01-08T05:00:00+00:00,137.65,138.07,136.5,136.64,67911.072,2026-01-08T05:59:59.999000+00:00,9336988.42046,39392,28383.604,3902023.41449
2026-01-08T06:00:00+00:00,136.65,136.76,134.74,134.85,145510.575,2026-01-08T06:59:59.999000+00:00,19709378.38159,77352,50736.576,6877316.30811
2026-01-08T07:00:00+00:00,134.86,135.99,133.79,135.9,178654.597,2026-01-08T07:59:59.999000+00:00,24112366.45717,86449,86752.396,11713634.86564
2026-01-08T08:00:00+00:00,135.9,136.22,135.05,135.11,67713.592,2026-01-08T08:59:59.999000+00:00,9187816.67956,43149,30402.972,4125121.2298
2026-01-08T09:00:00+00:00,135.12,135.52,134.36,134.47,74168.63,2026-01-08T09:59:59.999000+00:00,9995099.74682,44754,30597.364,4123830.40787
2026-01-08T10:00:00+00:00,134.48,135.44,133.92,135.1,113503.182,2026-01-08T10:59:59.999000+00:00,15284498.05921,49316,66927.855,9016682.58003
2026-01-08T11:00:00+00:00,135.1,135.29,134.28,134.79,68221.89,2026-01-08T11:59:59.999000+00:00,9189729.51735,35722,32997.295,4445760.43738
2026-01-08T12:00:00+00:00,134.8,134.83,133.72,134.14,85890.651,2026-01-08T12:59:59.999000+00:00,11524813.44637,40417,44836.315,6017664.23874
2026-01-08T13:00:00+00:00,134.13,134.59,133.72,134.46,66373.583,2026-01-08T13:59:59.999000+00:00,8909049.29187,36194,33961.068,4559581.5384
2026-01-08T14:00:00+00:00,134.46,134.5,132.67,134.04,302785.642,2026-01-08T14:59:59.999000+00:00,40487412.17093,128289,135719.023,18151278.8001
2026-01-08T15:00:00+00:00,134.03,136.55,133.4,136.41,208878.7,2026-01-08T15:59:59.999000+00:00,28248918.31944,146495,102868.019,13910349.20948
2026-01-08T16:00:00+00:00,136.41,138.22,136.25,138.19,200574.021,2026-01-08T16:59:59.999000+00:00,27486839.86251,122455,106735.359,14633677.66235
2026-01-08T17:00:00+00:00,138.19,138.83,137.27,138.72,178988.651,2026-01-08T17:59:59.999000+00:00,24743802.42582,92997,110385.263,15263498.88839
2026-01-08T18:00:00+00:00,138.72,139.06,137.9,138.08,142072.66,2026-01-08T18:59:59.999000+00:00,19681434.95794,66720,64510.757,8940837.43362
2026-01-08T19:00:00+00:00,138.09,138.41,137.2,137.53,113751.753,2026-01-08T19:59:59.999000+00:00,15676969.41,61481,58267.755,8031288.46119
2026-01-08T20:00:00+00:00,137.53,137.86,136.52,137.69,132032.944,2026-01-08T20:59:59.999000+00:00,18100493.29397,66364,68948.851,9453004.36704
2026-01-08T21:00:00+00:00,137.69,139.84,137.69,139.61,143222.135,2026-01-08T21:59:59.999000+00:00,19867286.226,51635,85524.49,11866277.72604
2026-01-08T22:00:00+00:00,139.61,140.07,138.3,138.87,189954.697,2026-01-08T22:59:59.999000+00:00,26515804.72318,64460,105980.107,14800691.13865
2026-01-08T23:00:00+00:00,138.87,139.19,138.24,138.37,149986.725,2026-01-08T23:59:59.999000+00:00,20806107.04673,43154,71061.257,9854860.79486
2026-01-09T00:00:00+00:00,138.37,139.35,138.28,139.13,103915.389,2026-01-09T00:59:59.999000+00:00,14439088.20916,33988,44586.986,6193444.27843
2026-01-09T01:00:00+00:00,139.13,139.6,137.74,138.29,162596.573,2026-01-09T01:59:59.999000+00:00,22528212.26788,65436,92928.364,12882455.98425
2026-01-09T02:00:00+00:00,138.28,139.54,138.21,138.98,113541.932,2026-01-09T02:59:59.999000+00:00,15791924.87441,50259,47338.371,6584372.24185
2026-01-09T03:00:00+00:00,138.97,141.17,138.9,140.81,277494.874,2026-01-09T03:59:59.999000+00:00,38877749.74584,64746,141198.376,19796756.69885
2026-01-09T04:00:00+00:00,140.81,141.08,139.65,139.76,135037.317,2026-01-09T04:59:59.999000+00:00,18959979.24481,43647,52252.518,7331713.01415
2026-01-09T05:00:00+00:00,139.75,140.16,139.46,139.95,69128.256,2026-01-09T05:59:59.999000+00:00,9666403.04373,33539,38169.62,5338171.25526
2026-01-09T06:00:00+00:00,139.95,140.86,139.66,140.7,67231.412,2026-01-09T06:59:59.999000+00:00,9430185.15601,33358,43105.707,6047591.56355
2026-01-09T07:00:00+00:00,140.71,140.73,139.54,139.54,100116.473,2026-01-09T07:59:59.999000+00:00,14030988.55242,40413,39767.309,5574650.63683
2026-01-09T08:00:00+00:00,139.55,139.68,137.04,137.93,291724.205,2026-01-09T08:59:59.999000+00:00,40419013.13898,92182,137570.158,19065819.51282
2026-01-09T09:00:00+00:00,137.94,139.08,137.9,138.43,140247.94,2026-01-09T09:59:59.999000+00:00,19432580.77963,54352,79764.254,11049156.68003
2026-01-09T10:00:00+00:00,138.43,139.0,138.13,138.72,62350.548,2026-01-09T10:59:59.999000+00:00,8646391.18717,30742,33265.576,4612967.58573
2026-01-09T11:00:00+00:00,138.73,138.91,138.07,138.28,126942.872,2026-01-09T11:59:59.999000+00:00,17563823.88858,34666,79112.371,10944085.51715
2026-01-09T12:00:00+00:00,138.27,138.64,137.58,137.72,71511.069,2026-01-09T12:59:59.999000+00:00,9866922.89558,32401,37430.95,5163852.06479
2026-01-09T13:00:00+00:00,137.72,139.44,137.66,138.64,219601.688,2026-01-09T13:59:59.999000+00:00,30386928.27599,68056,134124.034,18556417.78418
2026-01-09T14:00:00+00:00,138.64,138.64,136.46,136.87,241081.187,2026-01-09T14:59:59.999000+00:00,33112895.81944,119876,114121.677,15673800.82394
2026-01-09T15:00:00+00:00,136.86,140.89,136.13,138.82,433149.695,2026-01-09T15:59:59.999000+00:00,60019937.54194,242276,241189.207,33428244.98309
2026-01-09T16:00:00+00:00,138.82,140.25,138.72,139.95,154716.873,2026-01-09T16:59:59.999000+00:00,21603642.57807,102274,92229.079,12878849.27728
2026-01-09T17:00:00+00:00,139.95,140.08,137.35,138.5,219286.104,2026-01-09T17:59:59.999000+00:00,30374043.55281,84423,100233.652,13889050.81996
2026-01-09T18:00:00+00:00,138.5,138.5,135.79,136.83,319016.542,2026-01-09T18:59:59.999000+00:00,43696937.56136,90970,153332.024,21042739.12164
2026-01-09T19:00:00+00:00,136.83,136.83,135.44,135.81,83723.138,2026-01-09T19:59:59.999000+00:00,11381366.3269,56466,42168.807,5732560.25831
2026-01-09T20:00:00+00:00,135.8,136.07,134.98,135.61,196665.748,2026-01-09T20:59:59.999000+00:00,26670272.686,78440,74595.266,10113860.26593
2026-01-09T21:00:00+00:00,135.61,136.45,135.4,136.0,70179.71,2026-01-09T21:59:59.999000+00:00,9546023.11359,45444,38391.718,5221209.39056
2026-01-09T22:00:00+00:00,136.01,136.23,135.57,136.17,45662.573,2026-01-09T22:59:59.999000+00:00,6204607.56281,27292,25733.158,3495798.08184
2026-01-09T23:00:00+00:00,136.16,136.45,135.77,135.97,73625.878,2026-01-09T23:59:59.999000+00:00,10020244.7364,34181,33344.6,4537796.71459
2026-01-10T00:00:00+00:00,135.96,136.13,135.68,135.9,46804.167,2026-01-10T00:59:59.999000+00:00,6361820.32267,21486,22862.213,3107341.26953
2026-01-10T01:00:00+00:00,135.9,136.49,135.76,136.47,54354.726,2026-01-10T01:59:59.999000+00:00,7403393.44883,22197,32785.939,4467097.96636
2026-01-10T02:00:00+00:00,136.46,136.69,135.92,136.39,53371.958,2026-01-10T02:59:59.999000+00:00,7278697.92231,19844,30534.6,4165007.92905
2026-01-10T03:00:00+00:00,136.4,136.4,135.92,136.15,51754.129,2026-01-10T03:59:59.999000+00:00,7041802.32036,17597,14590.251,1985428.76552
2026-01-10T04:00:00+00:00,136.15,136.19,135.75,135.86,27102.894,2026-01-10T04:59:59.999000+00:00,3683238.81876,18196,9838.745,1336845.91092
2026-01-10T05:00:00+00:00,135.86,136.34,135.78,135.94,25916.619,2026-01-10T05:59:59.999000+00:00,3527086.93953,15218,13448.539,1830223.83702
2026-01-10T06:00:00+00:00,135.95,136.2,135.75,135.99,40571.232,2026-01-10T06:59:59.999000+00:00,5514493.50776,17258,14094.218,1915650.94926
2026-01-10T07:00:00+00:00,136.0,136.26,135.96,136.09,33870.349,2026-01-10T07:59:59.999000+00:00,4609854.5842,17267,11173.24,1520806.99368
2026-01-10T08:00:00+00:00,136.09,136.38,136.0,136.23,23629.925,2026-01-10T08:59:59.999000+00:00,3217044.79918,16217,10839.527,1475736.24162
2026-01-10T09:00:00+00:00,136.23,136.66,136.1,136.62,61219.46,2026-01-10T09:59:59.999000+00:00,8347840.75767,19552,32337.633,4410995.51683
2026-01-10T10:00:00+00:00,136.63,137.05,136.42,137.01,84107.478,2026-01-10T10:59:59.999000+00:00,11498940.54941,22369,56322.703,7701158.45892
2026-01-10T11:00:00+00:00,137.01,137.01,136.4,136.58,34510.738,2026-01-10T11:59:59.999000+00:00,4718811.14127,16727,16164.87,2210409.30122
2026-01-10T12:00:00+00:00,136.58,137.04,136.55,136.64,45814.895,2026-01-10T12:59:59.999000+00:00,6265512.14052,17710,23029.954,3149461.56674
2026-01-10T13:00:00+00:00,136.64,136.64,136.07,136.35,47479.274,2026-01-10T13:59:59.999000+00:00,6475011.92016,18694,15448.584,2106659.91461
2026-01-10T14:00:00+00:00,136.35,136.46,136.01,136.13,47292.253,2026-01-10T14:59:59.999000+00:00,6442622.68928,20507,24738.534,3369786.78437
2026-01-10T15:00:00+00:00,136.14,136.54,136.06,136.42,40229.925,2026-01-10T15:59:59.999000+00:00,5482873.36102,20113,22238.447,3030879.8074
2026-01-10T16:00:00+00:00,136.42,136.64,136.16,136.41,26141.262,2026-01-10T16:59:59.999000+00:00,3565910.42599,13502,11552.183,1576080.97616
2026-01-10T17:00:00+00:00,136.41,136.71,136.13,136.15,28181.495,2026-01-10T17:59:59.999000+00:00,3845366.87968,12745,15677.106,2139095.11972
2026-01-10T18:00:00+00:00,136.16,136.33,135.85,136.16,77259.655,2026-01-10T18:59:59.999000+00:00,10515094.3638,19031,38261.587,5208340.8525
2026-01-10T19:00:00+00:00,136.16,136.24,135.99,136.22,32073.058,2026-01-10T19:59:59.999000+00:00,4365290.77275,14065,20161.874,2744220.37827
2026-01-10T20:00:00+00:00,136.22,136.27,135.99,136.08,24107.533,2026-01-10T20:59:59.999000+00:00,3280966.85773,11198,14144.304,1924985.01458
2026-01-10T21:00:00+00:00,136.08,136.09,135.72,135.75,31970.582,2026-01-10T21:59:59.999000+00:00,4344974.3643,13847,13970.164,1898569.64046
2026-01-10T22:00:00+00:00,135.76,135.94,135.37,135.56,36910.368,2026-01-10T22:59:59.999000+00:00,5007253.37507,19062,15425.397,2093251.70635
2026-01-10T23:00:00+00:00,135.56,136.06,135.5,135.84,26163.029,2026-01-10T23:59:59.999000+00:00,3552428.53576,15226,16110.248,2187457.97568
2026-01-11T00:00:00+00:00,135.85,136.45,135.75,136.39,45546.79,2026-01-11T00:59:59.999000+00:00,6202535.97959,17822,27623.69,3760891.6359
2026-01-11T01:00:00+00:00,136.39,136.47,136.1,136.3,21840.668,2026-01-11T01:59:59.999000+00:00,2976426.86264,13840,12913.573,1759836.01448
2026-01-11T02:00:00+00:00,136.3,136.46,135.94,136.01,36339.984,2026-01-11T02:59:59.999000+00:00,4948501.08412,15275,20944.696,2852421.62875
2026-01-11T03:00:00+00:00,136.01,136.33,135.83,136.26,36717.432,2026-01-11T03:59:59.999000+00:00,4994353.68431,13471,22820.985,3104298.26779
2026-01-11T04:00:00+00:00,136.26,136.4,135.97,136.2,29898.733,2026-01-11T04:59:59.999000+00:00,4072444.42408,10890,18510.899,2521763.45062
2026-01-11T05:00:00+00:00,136.19,136.43,136.0,136.28,31454.389,2026-01-11T05:59:59.999000+00:00,4283952.85207,10915,19259.286,2623409.32692
2026-01-11T06:00:00+00:00,136.28,136.4,135.88,136.15,40724.646,2026-01-11T06:59:59.999000+00:00,5546084.63389,16016,19438.596,2646768.7157
2026-01-11T07:00:00+00:00,136.15,136.26,135.98,136.2,16515.675,2026-01-11T07:59:59.999000+00:00,2248086.79721,9821,6738.113,917194.99514
2026-01-11T08:00:00+00:00,136.2,136.91,136.1,136.76,59048.204,2026-01-11T08:59:59.999000+00:00,8061324.02297,20176,27985.958,3820888.85052
2026-01-11T09:00:00+00:00,136.76,136.86,136.37,136.5,72588.27,2026-01-11T09:59:59.999000+00:00,9921747.00905,20359,38525.636,5266537.46366
2026-01-11T10:00:00+00:00,136.5,136.74,136.3,136.57,37319.109,2026-01-11T10:59:59.999000+00:00,5095418.37724,14905,19601.084,2675897.63142
2026-01-11T11:00:00+00:00,136.57,136.79,136.48,136.58,28211.375,2026-01-11T11:59:59.999000+00:00,3855015.49736,14329,10954.24,1496845.03597
2026-01-11T12:00:00+00:00,136.58,137.28,136.52,137.1,68357.434,2026-01-11T12:59:59.999000+00:00,9362964.57117,18962,46286.681,6339606.68726
2026-01-11T13:00:00+00:00,137.1,137.35,136.93,137.24,66430.416,2026-01-11T13:59:59.999000+00:00,9107725.69512,18512,43006.666,5895651.45984
2026-01-11T14:00:00+00:00,137.24,139.47,137.23,139.21,129425.141,2026-01-11T14:59:59.999000+00:00,17883972.53641,43190,75231.511,10400450.92262
2026-01-11T15:00:00+00:00,139.21,139.55,137.83,138.43,210106.415,2026-01-11T15:59:59.999000+00:00,29138917.64667,72021,88828.027,12317135.15681
2026-01-11T16:00:00+00:00,138.44,141.6,138.43,140.04,513335.182,2026-01-11T16:59:59.999000+00:00,72062464.01497,143585,290808.539,40808095.494
2026-01-11T17:00:00+00:00,140.04,140.21,138.75,139.69,111659.454,2026-01-11T17:59:59.999000+00:00,15580560.08852,52958,55805.096,7787638.05955
2026-01-11T18:00:00+00:00,139.68,140.2,139.12,140.03,57797.291,2026-01-11T18:59:59.999000+00:00,8073268.38788,36344,34722.25,4850912.27176
2026-01-11T19:00:00+00:00,140.02,140.14,139.05,139.43,92805.257,2026-01-11T19:59:59.999000+00:00,12960482.05622,37554,51415.64,7180407.83793
2026-01-11T20:00:00+00:00,139.42,139.43,137.97,138.54,182631.953,2026-01-11T20:59:59.999000+00:00,25281224.78845,77292,100115.181,13852094.17401
2026-01-11T21:00:00+00:00,138.54,138.95,137.97,138.69,85066.669,2026-01-11T21:59:59.999000+00:00,11766956.197,44509,57961.221,8017982.02169
2026-01-11T22:00:00+00:00,138.69,138.69,137.71,138.23,66771.636,2026-01-11T22:59:59.999000+00:00,9223958.40007,48636,36495.978,5040960.81566
2026-01-11T23:00:00+00:00,138.22,139.77,137.49,139.7,169321.083,2026-01-11T23:59:59.999000+00:00,23537021.15144,86450,85667.825,11905495.1435
2026-01-12T00:00:00+00:00,139.69,141.36,138.92,141.33,468967.518,2026-01-12T00:59:59.999000+00:00,65803244.50291,122257,218361.819,30642174.15061
2026-01-12T01:00:00+00:00,141.32,141.95,140.73,141.05,308958.671,2026-01-12T01:59:59.999000+00:00,43682356.71947,124463,133100.775,18821729.38771
2026-01-12T02:00:00+00:00,141.06,142.76,140.96,142.42,183546.831,2026-01-12T02:59:59.999000+00:00,26069377.97889,88778,103298.926,14681085.91662
2026-01-12T03:00:00+00:00,142.42,144.4,142.39,142.54,315984.931,2026-01-12T03:59:59.999000+00:00,45274494.84292,123133,164616.008,23592655.76874
2026-01-12T04:00:00+00:00,142.54,143.09,142.46,142.75,89250.697,2026-01-12T04:59:59.999000+00:00,12746020.23974,43045,44499.146,6355126.28155
2026-01-12T05:00:00+00:00,142.74,143.23,142.48,142.79,68717.116,2026-01-12T05:59:59.999000+00:00,9816647.9805,27753,32475.112,4639229.02094
2026-01-12T06:00:00+00:00,142.79,143.35,141.86,142.0,119910.881,2026-01-12T06:59:59.999000+00:00,17091450.72526,48467,58074.289,8281016.15139
2026-01-12T07:00:00+00:00,142.01,142.46,141.36,141.41,152578.517,2026-01-12T07:59:59.999000+00:00,21640609.82308,56778,70148.848,9948253.13245
2026-01-12T08:00:00+00:00,141.42,142.05,139.05,140.06,201499.226,2026-01-12T08:59:59.999000+00:00,28302251.50752,96481,98752.067,13884428.19273
2026-01-12T09:00:00+00:00,140.05,140.26,139.15,139.57,154582.097,2026-01-12T09:59:59.999000+00:00,21618958.88413,59911,80244.795,11225624.4875
2026-01-12T10:00:00+00:00,139.57,140.2,139.04,139.26,93262.811,2026-01-12T10:59:59.999000+00:00,13016654.45085,45393,48154.732,6720850.976
2026-01-12T11:00:00+00:00,139.26,140.16,139.18,140.03,75355.253,2026-01-12T11:59:59.999000+00:00,10532047.25062,29948,51733.97,7230720.29549
2026-01-12T12:00:00+00:00,140.02,140.3,139.68,139.77,65183.519,2026-01-12T12:59:59.999000+00:00,9127037.65427,32892,34175.756,4785384.05402
2026-01-12T13:00:00+00:00,139.76,140.14,139.37,139.77,67382.761,2026-01-12T13:59:59.999000+00:00,9413762.33592,39063,32900.439,4597124.38165
2026-01-12T14:00:00+00:00,139.76,140.82,138.69,140.44,206570.596,2026-01-12T14:59:59.999000+00:00,28860793.77543,130387,97684.308,13641115.66009
2026-01-12T15:00:00+00:00,140.45,142.74,140.05,142.58,193484.772,2026-01-12T15:59:59.999000+00:00,27403129.21571,121482,103965.775,14722715.96908
2026-01-12T16:00:00+00:00,142.58,144.33,142.11,142.97,370806.035,2026-01-12T16:59:59.999000+00:00,53207342.62906,140155,171942.099,24673664.25983
2026-01-12T17:00:00+00:00,142.98,143.71,141.15,141.94,199143.308,2026-01-12T17:59:59.999000+00:00,28332692.43954,114882,92408.937,13148184.55959
2026-01-12T18:00:00+00:00,141.94,142.88,140.58,141.23,182146.816,2026-01-12T18:59:59.999000+00:00,25801016.09933,107372,92411.189,13097154.28864
2026-01-12T19:00:00+00:00,141.22,141.48,140.63,140.99,107825.577,2026-01-12T19:59:59.999000+00:00,15211405.61409,53381,59703.956,8422288.57692
2026-01-12T20:00:00+00:00,141.0,141.86,140.0,140.23,91997.558,2026-01-12T20:59:59.999000+00:00,12949267.57187,54250,48198.903,6784150.17617
2026-01-12T21:00:00+00:00,140.23,140.25,138.34,138.81,160216.389,2026-01-12T21:59:59.999000+00:00,22323440.95819,64625,70433.352,9814262.02319
2026-01-12T22:00:00+00:00,138.82,139.85,138.78,139.17,108863.684,2026-01-12T22:59:59.999000+00:00,15177814.29841,47973,59283.362,8264211.43891
2026-01-12T23:00:00+00:00,139.17,139.52,138.62,139.22,173884.527,2026-01-12T23:59:59.999000+00:00,24157892.54289,42516,96889.939,13453256.61454
2026-01-13T00:00:00+00:00,139.21,139.45,138.69,139.3,125493.613,2026-01-13T00:59:59.999000+00:00,17456229.08096,46409,66196.222,9207765.61564
2026-01-13T01:00:00+00:00,139.3,139.58,138.46,138.88,162597.996,2026-01-13T01:59:59.999000+00:00,22569641.52732,41111,101096.621,14025915.93599
2026-01-13T02:00:00+00:00,138.88,139.31,138.12,138.38,165662.265,2026-01-13T02:59:59.999000+00:00,22971765.41237,33423,96919.383,13442425.28482
2026-01-13T03:00:00+00:00,138.37,138.79,137.82,138.74,84335.467,2026-01-13T03:59:59.999000+00:00,11665839.40596,41913,39155.6,5417953.41156
2026-01-13T04:00:00+00:00,138.75,139.15,138.39,139.14,44572.816,2026-01-13T04:59:59.999000+00:00,6185031.81892,31320,25331.041,3515631.72039
2026-01-13T05:00:00+00:00,139.14,140.51,138.81,139.95,200246.139,2026-01-13T05:59:59.999000+00:00,28001711.17759,75744,87761.504,12272136.31128
2026-01-13T06:00:00+00:00,139.95,140.76,139.83,140.62,116065.513,2026-01-13T06:59:59.999000+00:00,16294015.3366,46159,50952.095,7152413.67625
2026-01-13T07:00:00+00:00,140.62,140.69,139.97,139.97,59826.481,2026-01-13T07:59:59.999000+00:00,8398023.38186,33910,24243.481,3402394.44818
2026-01-13T08:00:00+00:00,139.97,141.85,139.97,141.6,85091.754,2026-01-13T08:59:59.999000+00:00,12000740.18658,40653,54119.983,7631197.91158
2026-01-13T09:00:00+00:00,141.59,143.12,141.27,141.96,298962.127,2026-01-13T09:59:59.999000+00:00,42471246.69791,81677,123103.959,17494633.29029
2026-01-13T10:00:00+00:00,141.96,142.62,141.7,142.09,208453.467,2026-01-13T10:59:59.999000+00:00,29623113.67478,53313,124897.893,17744467.55165
2026-01-13T11:00:00+00:00,142.1,142.27,141.53,141.84,83747.214,2026-01-13T11:59:59.999000+00:00,11885681.49228,42464,40102.909,5691586.58134
2026-01-13T12:00:00+00:00,141.84,142.36,141.37,142.24,76441.87,2026-01-13T12:59:59.999000+00:00,10850257.48923,38017,30647.181,4350953.58161
2026-01-13T13:00:00+00:00,142.24,143.46,141.79,142.46,353071.183,2026-01-13T13:59:59.999000+00:00,50337903.1568,97070,148001.35,21109048.54441
2026-01-13T14:00:00+00:00,142.45,143.84,141.66,142.06,246327.069,2026-01-13T14:59:59.999000+00:00,35153783.25066,136125,127412.045,18182096.25352
2026-01-13T15:00:00+00:00,142.05,143.53,141.21,143.51,231930.16,2026-01-13T15:59:59.999000+00:00,33016850.15998,132927,114410.209,16298203.35076
2026-01-13T16:00:00+00:00,143.51,144.55,142.87,143.17,223050.402,2026-01-13T16:59:59.999000+00:00,32055930.52174,108596,117380.896,16877759.40379
2026-01-13T17:00:00+00:00,143.17,143.63,142.43,142.9,128020.992,2026-01-13T17:59:59.999000+00:00,18304428.3562,74119,56323.614,8054012.42673
2026-01-13T18:00:00+00:00,142.89,143.89,142.68,143.47,85579.693,2026-01-13T18:59:59.999000+00:00,12268240.17225,62630,47948.46,6873351.90902
2026-01-13T19:00:00+00:00,143.47,144.44,143.08,144.24,96376.706,2026-01-13T19:59:59.999000+00:00,13863789.23054,57030,57549.229,8280718.64367
2026-01-13T20:00:00+00:00,144.24,144.43,143.0,143.82,119304.123,2026-01-13T20:59:59.999000+00:00,17147789.76847,65915,53375.536,7673141.57018
2026-01-13T21:00:00+00:00,143.82,144.3,143.37,143.38,74674.336,2026-01-13T21:59:59.999000+00:00,10742090.51251,36941,27767.47,3994973.46666
2026-01-13T22:00:00+00:00,143.39,148.74,143.39,146.96,651459.789,2026-01-13T22:59:59.999000+00:00,95462787.64333,273662,384593.094,56323970.15363
2026-01-13T23:00:00+00:00,146.96,147.6,144.63,145.51,273791.293,2026-01-13T23:59:59.999000+00:00,39986259.93062,129913,143879.775,21002154.46825
2026-01-14T00:00:00+00:00,145.52,145.88,144.33,145.05,219968.567,2026-01-14T00:59:59.999000+00:00,31909634.64324,97111,126722.262,18384486.96557
2026-01-14T01:00:00+00:00,145.05,146.2,144.93,145.7,151934.946,2026-01-14T01:59:59.999000+00:00,22142994.99887,67937,93998.462,13702076.83852
2026-01-14T02:00:00+00:00,145.69,146.6,145.32,145.51,117888.759,2026-01-14T02:59:59.999000+00:00,17199798.10347,50663,57706.837,8420605.3263
2026-01-14T03:00:00+00:00,145.5,146.37,145.17,146.29,150554.753,2026-01-14T03:59:59.999000+00:00,21933197.72961,46237,72096.836,10507011.49871
2026-01-14T04:00:00+00:00,146.28,146.46,144.81,144.91,147571.765,2026-01-14T04:59:59.999000+00:00,21458375.62372,42560,74237.047,10796474.39448
2026-01-14T05:00:00+00:00,144.91,145.19,144.34,144.47,108928.396,2026-01-14T05:59:59.999000+00:00,15761787.77442,38159,51447.786,7442115.49061
2026-01-14T06:00:00+00:00,144.47,144.72,143.92,144.7,144819.292,2026-01-14T06:59:59.999000+00:00,20877881.57496,44662,60308.889,8692894.7924
2026-01-14T07:00:00+00:00,144.7,145.06,144.15,144.86,139269.2,2026-01-14T07:59:59.999000+00:00,20139119.48632,39191,76995.162,11135624.14272
2026-01-14T08:00:00+00:00,144.85,145.19,144.64,144.91,88516.679,2026-01-14T08:59:59.999000+00:00,12822419.70005,30210,32975.492,4777575.26454
2026-01-14T09:00:00+00:00,144.91,145.63,144.86,145.5,89044.976,2026-01-14T09:59:59.999000+00:00,12942449.36627,31659,37817.735,5496566.426
2026-01-14T10:00:00+00:00,145.49,145.76,144.55,144.74,103057.587,2026-01-14T10:59:59.999000+00:00,14955308.42996,41563,34347.835,4983990.66663
2026-01-14T11:00:00+00:00,144.74,144.74,143.53,143.77,98787.235,2026-01-14T11:59:59.999000+00:00,14231160.70293,48894,45694.425,6583338.64879
2026-01-14T12:00:00+00:00,143.76,144.78,143.37,144.57,120304.728,2026-01-14T12:59:59.999000+00:00,17371135.18929,30501,29393.193,4242404.3252
2026-01-14T13:00:00+00:00,144.57,144.92,144.04,144.24,181116.414,2026-01-14T13:59:59.999000+00:00,26152129.19744,42861,119485.409,17252627.11874
2026-01-14T14:00:00+00:00,144.23,147.56,144.23,146.64,341295.909,2026-01-14T14:59:59.999000+00:00,49917705.88132,154285,189126.297,27677499.71652
2026-01-14T15:00:00+00:00,146.64,147.55,145.95,147.07,283189.814,2026-01-14T15:59:59.999000+00:00,41548827.89238,136960,141671.654,20789889.6216
2026-01-14T16:00:00+00:00,147.07,148.44,146.84,147.08,401069.463,2026-01-14T16:59:59.999000+00:00,59237650.96476,108538,154973.544,22885579.84207
2026-01-14T17:00:00+00:00,147.07,147.65,145.73,145.98,173793.257,2026-01-14T17:59:59.999000+00:00,25489750.95224,82387,76329.224,11203392.50768
2026-01-14T18:00:00+00:00,145.98,147.46,145.32,146.35,134813.384,2026-01-14T18:59:59.999000+00:00,19713266.89277,84942,67825.483,9920557.17619
2026-01-14T19:00:00+00:00,146.35,147.58,146.14,146.8,143224.485,2026-01-14T19:59:59.999000+00:00,21023716.89137,69270,80563.339,11825109.90316
2026-01-14T20:00:00+00:00,146.8,147.73,146.56,147.52,105589.515,2026-01-14T20:59:59.999000+00:00,15545142.42832,74444,58434.402,8602983.32358
2026-01-14T21:00:00+00:00,147.53,147.53,146.27,146.93,74112.752,2026-01-14T21:59:59.999000+00:00,10895317.0652,40120,36319.757,5339238.82884
2026-01-14T22:00:00+00:00,146.93,147.17,145.84,146.18,83089.698,2026-01-14T22:59:59.999000+00:00,12167104.64213,39318,41741.471,6113497.00223
2026-01-14T23:00:00+00:00,146.19,147.11,146.05,146.69,93135.804,2026-01-14T23:59:59.999000+00:00,13652321.72658,38891,41776.196,6124214.96793
2026-01-15T00:00:00+00:00,146.7,146.73,145.49,146.05,83594.113,2026-01-15T00:59:59.999000+00:00,12197581.04482,38227,36598.361,5340453.46877
2026-01-15T01:00:00+00:00,146.06,146.51,144.76,145.18,115903.858,2026-01-15T01:59:59.999000+00:00,16846922.37335,48590,41207.118,5993362.44925
2026-01-15T02:00:00+00:00,145.17,145.53,144.28,144.52,123493.301,2026-01-15T02:59:59.999000+00:00,17887489.97269,51304,46257.918,6700795.52059
2026-01-15T03:00:00+00:00,144.53,144.73,143.21,143.49,158910.689,2026-01-15T03:59:59.999000+00:00,22843363.70104,64036,70297.021,10102056.50802
2026-01-15T04:00:00+00:00,143.49,144.46,143.28,144.45,101399.363,2026-01-15T04:59:59.999000+00:00,14594074.43248,38621,70548.665,10149190.60824
2026-01-15T05:00:00+00:00,144.45,144.83,144.3,144.6,51200.558,2026-01-15T05:59:59.999000+00:00,7402272.02349,27971,25115.035,3631188.40714
2026-01-15T06:00:00+00:00,144.6,144.89,144.07,144.19,63020.557,2026-01-15T06:59:59.999000+00:00,9105155.50507,29752,23753.702,3431717.89175
2026-01-15T07:00:00+00:00,144.2,145.29,144.08,144.99,63410.713,2026-01-15T07:59:59.999000+00:00,9180923.04165,28127,35531.385,5144853.24562
2026-01-15T08:00:00+00:00,145.0,145.25,144.02,144.89,89288.783,2026-01-15T08:59:59.999000+00:00,12904578.25453,37889,45222.92,6535396.77584
2026-01-15T09:00:00+00:00,144.89,146.0,144.46,145.63,83355.258,2026-01-15T09:59:59.999000+00:00,12124543.61751,40703,49504.051,7201233.32988
2026-01-15T10:00:00+00:00,145.63,145.68,145.19,145.43,58879.816,2026-01-15T10:59:59.999000+00:00,8562180.27925,26283,25315.69,3681942.55142
2026-01-15T11:00:00+00:00,145.42,145.69,144.82,144.86,61676.799,2026-01-15T11:59:59.999000+00:00,8959025.61326,26018,26611.305,3865592.74595
2026-01-15T12:00:00+00:00,144.85,145.07,144.32,144.88,105925.383,2026-01-15T12:59:59.999000+00:00,15332120.93934,36486,53548.027,7750339.39787
2026-01-15T13:00:00+00:00,144.88,145.34,144.51,145.19,141167.317,2026-01-15T13:59:59.999000+00:00,20439527.5262,36969,77593.397,11230263.19204
2026-01-15T14:00:00+00:00,145.19,145.65,143.21,143.94,206045.784,2026-01-15T14:59:59.999000+00:00,29733544.85836,123108,88916.692,12831396.87359
2026-01-15T15:00:00+00:00,143.93,144.36,141.78,143.48,306760.062,2026-01-15T15:59:59.999000+00:00,43811152.70252,185688,127607.349,18232396.11842
2026-01-15T16:00:00+00:00,143.48,144.03,142.8,143.54,115664.148,2026-01-15T16:59:59.999000+00:00,16573838.52278,102522,67318.65,9649275.50206
2026-01-15T17:00:00+00:00,143.54,144.2,142.5,142.66,86540.913,2026-01-15T17:59:59.999000+00:00,12411956.04993,61528,48325.895,6932799.52531
2026-01-15T18:00:00+00:00,142.67,143.03,141.46,141.57,142585.059,2026-01-15T18:59:59.999000+00:00,20259083.26243,72293,66944.433,9512582.35271
2026-01-15T19:00:00+00:00,141.56,141.85,140.9,141.53,104634.675,2026-01-15T19:59:59.999000+00:00,14793070.72583,79745,45056.631,6372236.80546
2026-01-15T20:00:00+00:00,141.53,141.91,141.02,141.45,82328.273,2026-01-15T20:59:59.999000+00:00,11647104.23872,63152,34562.628,4890560.6937
2026-01-15T21:00:00+00:00,141.45,142.27,141.3,142.1,39102.477,2026-01-15T21:59:59.999000+00:00,5545976.04334,27131,19496.739,2764779.56315
2026-01-15T22:00:00+00:00,142.1,142.58,141.98,142.41,35220.174,2026-01-15T22:59:59.999000+00:00,5012676.82647,26831,16374.988,2330428.79751
2026-01-15T23:00:00+00:00,142.4,142.66,142.06,142.4,42035.066,2026-01-15T23:59:59.999000+00:00,5981564.19057,28326,19153.542,2725842.76586
2026-01-16T00:00:00+00:00,142.41,142.82,142.23,142.46,46380.845,2026-01-16T00:59:59.999000+00:00,6612867.7818,32169,23784.724,3391120.80367
2026-01-16T01:00:00+00:00,142.45,142.73,141.98,142.35,38518.92,2026-01-16T01:59:59.999000+00:00,5479910.60086,30495,16741.78,2382019.49589
2026-01-16T02:00:00+00:00,142.35,142.35,141.68,142.19,55342.567,2026-01-16T02:59:59.999000+00:00,7858263.44819,35932,17465.753,2479682.32387
2026-01-16T03:00:00+00:00,142.2,142.47,141.87,141.97,48072.175,2026-01-16T03:59:59.999000+00:00,6833426.89651,23793,25550.275,3632060.15977
2026-01-16T04:00:00+00:00,141.97,142.74,141.39,141.68,129512.982,2026-01-16T04:59:59.999000+00:00,18386465.69037,42993,53492.798,7594299.8271
2026-01-16T05:00:00+00:00,141.67,143.63,141.4,143.19,119303.573,2026-01-16T05:59:59.999000+00:00,17003615.34179,39330,64847.399,9246525.16063
2026-01-16T06:00:00+00:00,143.19,143.38,142.74,143.32,49600.344,2026-01-16T06:59:59.999000+00:00,7098876.76441,24848,27009.178,3866333.28931
2026-01-16T07:00:00+00:00,143.32,143.33,142.6,142.95,59662.529,2026-01-16T07:59:59.999000+00:00,8527547.77184,26414,33852.844,4838649.71557
2026-01-16T08:00:00+00:00,142.95,143.46,142.93,143.16,62351.588,2026-01-16T08:59:59.999000+00:00,8929389.92851,33056,30548.269,4374707.94602
2026-01-16T09:00:00+00:00,143.15,143.47,142.88,143.06,41938.072,2026-01-16T09:59:59.999000+00:00,6005007.07542,24684,19424.104,2781001.19406
2026-01-16T10:00:00+00:00,143.05,143.17,142.71,143.09,30512.4,2026-01-16T10:59:59.999000+00:00,4361683.11624,20460,16355.548,2338058.75289
2026-01-16T11:00:00+00:00,143.1,143.55,142.8,143.14,85469.558,2026-01-16T11:59:59.999000+00:00,12230694.52121,45923,46585.973,6666571.05649
2026-01-16T12:00:00+00:00,143.14,143.86,143.11,143.66,104014.669,2026-01-16T12:59:59.999000+00:00,14934567.48728,48632,60254.811,8652090.37992
2026-01-16T13:00:00+00:00,143.66,143.66,142.68,143.07,56983.085,2026-01-16T13:59:59.999000+00:00,8162287.77784,32297,30580.764,4380655.26061
2026-01-16T14:00:00+00:00,143.07,143.75,142.83,143.02,71843.642,2026-01-16T14:59:59.999000+00:00,10287009.74654,66897,43136.079,6176206.14387
2026-01-16T15:00:00+00:00,143.01,143.67,140.26,140.78,211734.095,2026-01-16T15:59:59.999000+00:00,29972675.89823,130737,77503.123,10974789.97514
2026-01-16T16:00:00+00:00,140.77,142.0,140.65,141.91,106520.206,2026-01-16T16:59:59.999000+00:00,15073723.89605,78369,45356.586,6417515.13094
2026-01-16T17:00:00+00:00,141.92,143.42,141.41,143.31,92724.775,2026-01-16T17:59:59.999000+00:00,13201999.5802,56666,53386.885,7602203.06872
2026-01-16T18:00:00+00:00,143.31,144.19,142.98,143.53,116011.278,2026-01-16T18:59:59.999000+00:00,16647217.65961,45435,49840.328,7151103.3128
2026-01-16T19:00:00+00:00,143.53,144.52,143.01,144.18,73840.055,2026-01-16T19:59:59.999000+00:00,10623183.11429,45229,37795.15,5438795.15295
2026-01-16T20:00:00+00:00,144.17,145.0,143.49,144.95,73945.836,2026-01-16T20:59:59.999000+00:00,10675538.86191,37145,36690.565,5298455.59003
2026-01-16T21:00:00+00:00,144.95,145.55,144.69,145.03,98084.811,2026-01-16T21:59:59.999000+00:00,14231809.97975,38256,48230.454,6997336.1046
2026-01-16T22:00:00+00:00,145.03,145.13,144.58,144.92,77066.726,2026-01-16T22:59:59.999000+00:00,11164345.07578,31203,36395.542,5272053.90834
2026-01-16T23:00:00+00:00,144.93,145.2,144.73,144.89,51444.295,2026-01-16T23:59:59.999000+00:00,7456841.56752,23461,25068.32,3633893.76307
2026-01-17T00:00:00+00:00,144.9,144.99,144.2,144.32,43065.201,2026-01-17T00:59:59.999000+00:00,6226321.03284,25664,20199.036,2920746.67916
2026-01-17T01:00:00+00:00,144.33,144.82,144.22,144.66,98048.343,2026-01-17T01:59:59.999000+00:00,14179008.0204,20149,30066.625,4347880.60335
2026-01-17T02:00:00+00:00,144.65,144.68,144.25,144.59,22399.0,2026-01-17T02:59:59.999000+00:00,3235272.24839,13330,12693.876,1833495.82957
2026-01-17T03:00:00+00:00,144.59,144.62,144.24,144.37,20460.207,2026-01-17T03:59:59.999000+00:00,2954701.61459,12109,9167.744,1323948.30269
2026-01-17T04:00:00+00:00,144.36,144.5,144.23,144.33,21696.789,2026-01-17T04:59:59.999000+00:00,3132305.92135,11654,12747.875,1840365.89777
2026-01-17T05:00:00+00:00,144.33,144.37,143.94,143.96,26863.513,2026-01-17T05:59:59.999000+00:00,3871433.37304,13151,11825.96,1704317.80442
2026-01-17T06:00:00+00:00,143.97,144.1,143.76,143.85,18570.345,2026-01-17T06:59:59.999000+00:00,2673031.73446,11568,9938.046,1430545.35918
2026-01-17T07:00:00+00:00,143.86,143.97,143.64,143.64,19923.391,2026-01-17T07:59:59.999000+00:00,2864539.12532,12187,9349.265,1344249.05995
2026-01-17T08:00:00+00:00,143.64,144.28,143.6,144.21,31291.306,2026-01-17T08:59:59.999000+00:00,4507569.43811,14129,18873.042,2719008.45051
2026-01-17T09:00:00+00:00,144.22,144.65,143.99,144.45,36944.737,2026-01-17T09:59:59.999000+00:00,5332986.83976,13659,20168.042,2911959.50626
2026-01-17T10:00:00+00:00,144.46,144.63,143.92,143.96,37234.823,2026-01-17T10:59:59.999000+00:00,5371970.75218,16081,12972.856,1871950.65277
2026-01-17T11:00:00+00:00,143.95,144.19,143.32,144.0,57313.169,2026-01-17T11:59:59.999000+00:00,8241492.46921,18740,28800.221,4140458.6197
2026-01-17T12:00:00+00:00,144.0,144.08,143.67,143.76,23242.728,2026-01-17T12:59:59.999000+00:00,3344314.31993,14481,13807.961,1986974.88228
2026-01-17T13:00:00+00:00,143.77,144.05,143.6,143.99,33223.901,2026-01-17T13:59:59.999000+00:00,4777897.65422,19905,17619.148,2534038.09686
2026-01-17T14:00:00+00:00,144.0,144.26,143.74,143.92,53532.724,2026-01-17T14:59:59.999000+00:00,7708065.26268,19282,26911.175,3874459.57176
2026-01-17T15:00:00+00:00,143.91,144.35,143.7,144.33,42307.028,2026-01-17T15:59:59.999000+00:00,6091305.70677,24069,25944.96,3735880.04355
2026-01-17T16:00:00+00:00,144.33,144.33,143.64,143.89,67847.953,2026-01-17T16:59:59.999000+00:00,9765513.20557,26152,36312.325,5226372.36288
2026-01-17T17:00:00+00:00,143.89,144.25,143.83,144.07,26003.955,2026-01-17T17:59:59.999000+00:00,3745144.91492,16367,18248.89,2628073.49658
2026-01-17T18:00:00+00:00,144.07,144.29,143.98,144.28,16887.898,2026-01-17T18:59:59.999000+00:00,2435022.65429,11120,8799.783,1268813.7013
2026-01-17T19:00:00+00:00,144.28,144.55,144.12,144.27,26110.801,2026-01-17T19:59:59.999000+00:00,3768463.19308,13803,14480.697,2090005.99994
2026-01-17T20:00:00+00:00,144.26,144.58,144.19,144.51,19865.153,2026-01-17T20:59:59.999000+00:00,2868865.46846,12295,6908.702,997715.90918
2026-01-17T21:00:00+00:00,144.51,144.58,144.22,144.26,26901.178,2026-01-17T21:59:59.999000+00:00,3884949.41199,16105,7562.038,1091986.06326
2026-01-17T22:00:00+00:00,144.25,144.26,143.51,143.76,30788.049,2026-01-17T22:59:59.999000+00:00,4427634.81315,18544,15012.899,2158994.71646
2026-01-17T23:00:00+00:00,143.76,144.1,143.65,143.72,34632.569,2026-01-17T23:59:59.999000+00:00,4982635.95434,17545,24003.476,3453872.61276
2026-01-18T00:00:00+00:00,143.73,144.0,143.07,143.23,89537.908,2026-01-18T00:59:59.999000+00:00,12832245.44714,26443,44518.482,6378047.27023
2026-01-18T01:00:00+00:00,143.23,143.41,142.08,142.77,134176.09,2026-01-18T01:59:59.999000+00:00,19132452.64101,44293,54578.457,7780518.82844
2026-01-18T02:00:00+00:00,142.76,143.04,141.95,142.54,85758.377,2026-01-18T02:59:59.999000+00:00,12207076.10058,32050,28620.938,4074723.32356
2026-01-18T03:00:00+00:00,142.55,142.95,142.36,142.83,41352.365,2026-01-18T03:59:59.999000+00:00,5898994.28822,23417,22151.225,3159933.14351
2026-01-18T04:00:00+00:00,142.82,142.94,142.54,142.83,27137.771,2026-01-18T04:59:59.999000+00:00,3874037.10399,18181,13621.539,1944453.8294
2026-01-18T05:00:00+00:00,142.83,143.0,142.54,142.84,69150.81,2026-01-18T05:59:59.999000+00:00,9876653.40169,18406,34355.909,4908160.35449
2026-01-18T06:00:00+00:00,142.85,143.04,142.55,142.7,75252.276,2026-01-18T06:59:59.999000+00:00,10746748.15987,15450,34824.001,4975290.83898
2026-01-18T07:00:00+00:00,142.71,142.72,142.03,142.11,64400.645,2026-01-18T07:59:59.999000+00:00,9165608.65283,21423,28395.513,4040970.83447
2026-01-18T08:00:00+00:00,142.12,142.46,141.93,142.43,57490.394,2026-01-18T08:59:59.999000+00:00,8172694.18218,24224,25314.699,3598813.90019
2026-01-18T09:00:00+00:00,142.43,142.65,142.32,142.54,34931.139,2026-01-18T09:59:59.999000+00:00,4977668.21377,18413,16648.944,2372512.64473
2026-01-18T10:00:00+00:00,142.53,142.55,142.17,142.43,44702.173,2026-01-18T10:59:59.999000+00:00,6361912.78858,15852,22557.962,3210629.0979
2026-01-18T11:00:00+00:00,142.42,142.49,142.19,142.39,24865.19,2026-01-18T11:59:59.999000+00:00,3539042.60929,15148,13404.331,1907875.76011
2026-01-18T12:00:00+00:00,142.39,142.53,142.17,142.24,35991.344,2026-01-18T12:59:59.999000+00:00,5122503.39928,14130,18468.213,2628361.65949
2026-01-18T13:00:00+00:00,142.24,142.5,142.0,142.38,55892.74,2026-01-18T13:59:59.999000+00:00,7950639.37531,22399,25793.646,3669157.2852
2026-01-18T14:00:00+00:00,142.37,142.73,141.62,141.72,88440.84,2026-01-18T14:59:59.999000+00:00,12581200.74344,32008,31512.063,4484190.1956
2026-01-18T15:00:00+00:00,141.73,142.13,141.5,142.0,55161.235,2026-01-18T15:59:59.999000+00:00,7826615.01899,26455,24754.237,3512311.74627
2026-01-18T16:00:00+00:00,141.99,142.23,141.75,142.03,29577.665,2026-01-18T16:59:59.999000+00:00,4201962.722,18248,11995.788,1704247.52723
2026-01-18T17:00:00+00:00,142.02,142.52,141.85,142.36,110528.815,2026-01-18T17:59:59.999000+00:00,15727651.82505,20422,43565.0,6197539.9788
2026-01-18T18:00:00+00:00,142.35,142.97,142.08,142.76,99369.128,2026-01-18T18:59:59.999000+00:00,14176392.70727,30814,60403.706,8620242.98001
2026-01-18T19:00:00+00:00,142.76,143.25,142.1,142.27,87371.665,2026-01-18T19:59:59.999000+00:00,12471806.52908,30350,33240.768,4744559.35954
2026-01-18T20:00:00+00:00,142.28,142.56,141.94,142.46,37109.285,2026-01-18T20:59:59.999000+00:00,5278768.94524,19037,19630.598,2792846.11771
2026-01-18T21:00:00+00:00,142.47,142.79,142.4,142.65,20372.618,2026-01-18T21:59:59.999000+00:00,2905727.19484,12995,12019.554,1714365.72843
2026-01-18T22:00:00+00:00,142.66,143.04,142.48,142.86,101328.624,2026-01-18T22:59:59.999000+00:00,14455960.50546,23700,52933.406,7549650.40274
2026-01-18T23:00:00+00:00,142.86,142.86,137.74,137.87,407539.601,2026-01-18T23:59:59.999000+00:00,56932648.66596,189113,163900.528,22896334.93479
2026-01-19T00:00:00+00:00,137.87,137.87,130.0,133.77,1224549.27,2026-01-19T00:59:59.999000+00:00,163906957.75434,400906,601838.824,80541470.08079
2026-01-19T01:00:00+00:00,133.76,134.46,133.42,133.8,245111.52,2026-01-19T01:59:59.999000+00:00,32837365.30531,91345,123932.226,16597385.65047
2026-01-19T02:00:00+00:00,133.8,134.11,133.47,133.82,96915.874,2026-01-19T02:59:59.999000+00:00,12964870.70701,39091,56985.981,7624069.49672
2026-01-19T03:00:00+00:00,133.81,134.12,133.61,133.94,93363.297,2026-01-19T03:59:59.999000+00:00,12501875.01704,29495,61260.726,8203488.55546
2026-01-19T04:00:00+00:00,133.93,134.09,133.5,133.69,90622.553,2026-01-19T04:59:59.999000+00:00,12119669.85809,27194,42335.434,5662665.89218
2026-01-19T05:00:00+00:00,133.69,133.99,133.34,133.35,117106.412,2026-01-19T05:59:59.999000+00:00,15645474.07326,31467,59336.254,7928082.63896
2026-01-19T06:00:00+00:00,133.36,133.44,132.71,133.28,96467.946,2026-01-19T06:59:59.999000+00:00,12837202.49492,33459,45288.469,6026700.6239
2026-01-19T07:00:00+00:00,133.28,133.57,133.2,133.47,51951.647,2026-01-19T07:59:59.999000+00:00,6931805.62221,20382,27991.773,3734897.30596
2026-01-19T08:00:00+00:00,133.47,134.05,133.28,133.87,110205.607,2026-01-19T08:59:59.999000+00:00,14737239.75277,37822,57217.581,7649281.85713
2026-01-19T09:00:00+00:00,133.86,134.03,133.54,133.75,80968.947,2026-01-19T09:59:59.999000+00:00,10830437.4659,28501,32357.816,4329559.37368
2026-01-19T10:00:00+00:00,133.75,133.85,133.53,133.8,58949.717,2026-01-19T10:59:59.999000+00:00,7882317.23575,19417,26930.329,3600606.47375
2026-01-19T11:00:00+00:00,133.8,134.37,133.63,134.13,68998.733,2026-01-19T11:59:59.999000+00:00,9242176.56846,23002,34848.024,4667728.93154
2026-01-19T12:00:00+00:00,134.12,134.19,133.71,134.13,64466.467,2026-01-19T12:59:59.999000+00:00,8636563.96847,24502,32590.584,4366065.26739
2026-01-19T13:00:00+00:00,134.13,134.16,133.58,133.73,54556.597,2026-01-19T13:59:59.999000+00:00,7303184.88331,21448,26188.217,3506024.69424
2026-01-19T14:00:00+00:00,133.73,133.78,133.27,133.51,58745.107,2026-01-19T14:59:59.999000+00:00,7842869.00375,30197,31202.537,4165921.04185
2026-01-19T15:00:00+00:00,133.51,133.93,133.42,133.55,59831.428,2026-01-19T15:59:59.999000+00:00,7995180.90823,29686,34444.258,4602537.05578
2026-01-19T16:00:00+00:00,133.55,134.65,133.48,134.46,67821.696,2026-01-19T16:59:59.999000+00:00,9086688.15502,30400,39298.244,5266260.29896
2026-01-19T17:00:00+00:00,134.47,134.52,134.08,134.29,50323.274,2026-01-19T17:59:59.999000+00:00,6757461.1817,28750,23593.442,3168237.67462
2026-01-19T18:00:00+00:00,134.3,134.43,133.89,134.28,34538.12,2026-01-19T18:59:59.999000+00:00,4632325.93164,19459,13323.594,1787144.34796
2026-01-19T19:00:00+00:00,134.28,134.71,134.24,134.45,27722.07,2026-01-19T19:59:59.999000+00:00,3728146.01546,19548,13370.974,1798060.92415
2026-01-19T20:00:00+00:00,134.46,135.16,134.45,134.69,35874.411,2026-01-19T20:59:59.999000+00:00,4836062.53297,20897,20988.704,2829972.72444
2026-01-19T21:00:00+00:00,134.69,134.99,134.07,134.09,27738.892,2026-01-19T21:59:59.999000+00:00,3730524.94241,17899,12882.234,1732551.72847
2026-01-19T22:00:00+00:00,134.09,134.21,132.91,132.97,86603.826,2026-01-19T22:59:59.999000+00:00,11568682.69561,37909,31029.17,4145157.74027
2026-01-19T23:00:00+00:00,132.97,133.94,132.74,133.44,69091.359,2026-01-19T23:59:59.999000+00:00,9210932.03259,50759,34097.091,4545274.18161
2026-01-20T00:00:00+00:00,133.44,133.95,133.07,133.73,46933.257,2026-01-20T00:59:59.999000+00:00,6268707.53135,36192,28660.166,3828329.7751
2026-01-20T01:00:00+00:00,133.72,134.28,133.29,133.86,33309.578,2026-01-20T01:59:59.999000+00:00,4460124.88288,28634,17695.479,2368933.95581
2026-01-20T02:00:00+00:00,133.87,134.15,133.35,133.84,54643.631,2026-01-20T02:59:59.999000+00:00,7311166.00258,32028,25246.42,3378174.34998
2026-01-20T03:00:00+00:00,133.84,134.63,133.49,134.24,112017.822,2026-01-20T03:59:59.999000+00:00,15004234.41678,34292,62042.949,8313347.39465
2026-01-20T04:00:00+00:00,134.25,134.27,133.21,133.39,79047.107,2026-01-20T04:59:59.999000+00:00,10561260.6762,30918,33401.157,4461444.74016
2026-01-20T05:00:00+00:00,133.39,133.53,132.4,133.03,121125.296,2026-01-20T05:59:59.999000+00:00,16113123.09794,63407,53139.5,7069372.35037
2026-01-20T06:00:00+00:00,133.03,133.03,131.07,131.23,271732.467,2026-01-20T06:59:59.999000+00:00,35811662.79033,130422,106688.351,14058465.8429
2026-01-20T07:00:00+00:00,131.23,131.78,130.56,130.62,149037.821,2026-01-20T07:59:59.999000+00:00,19554882.97722,77724,64288.495,8437764.42933
2026-01-20T08:00:00+00:00,130.62,130.8,128.36,129.09,545824.977,2026-01-20T08:59:59.999000+00:00,70587799.64892,155299,240188.203,31062072.44793
2026-01-20T09:00:00+00:00,129.08,129.15,128.55,128.91,148367.883,2026-01-20T09:59:59.999000+00:00,19120668.13369,63158,69365.935,8939729.86047
2026-01-20T10:00:00+00:00,128.91,129.35,128.73,128.91,89562.351,2026-01-20T10:59:59.999000+00:00,11561024.95536,48675,37051.093,4782466.81769
2026-01-20T11:00:00+00:00,128.9,129.47,128.72,128.81,78146.938,2026-01-20T11:59:59.999000+00:00,10079870.63051,36358,34268.397,4421023.90015
2026-01-20T12:00:00+00:00,128.81,129.52,128.73,129.34,81875.599,2026-01-20T12:59:59.999000+00:00,10585888.9974,36083,34564.265,4469251.77808
2026-01-20T13:00:00+00:00,129.34,129.36,128.4,128.43,111135.014,2026-01-20T13:59:59.999000+00:00,14312483.92645,57354,38908.036,5010414.39515
2026-01-20T14:00:00+00:00,128.43,129.77,127.97,128.87,233867.727,2026-01-20T14:59:59.999000+00:00,30106411.48444,139377,119841.413,15440081.29712
2026-01-20T15:00:00+00:00,128.87,128.97,127.24,127.86,254362.611,2026-01-20T15:59:59.999000+00:00,32549567.95928,172753,124489.866,15936619.25681
2026-01-20T16:00:00+00:00,127.86,128.59,126.3,127.07,272307.429,2026-01-20T16:59:59.999000+00:00,34687403.45443,107987,119560.872,15236919.75672
2026-01-20T17:00:00+00:00,127.08,127.95,126.36,126.98,140397.772,2026-01-20T17:59:59.999000+00:00,17839065.50397,88004,74984.023,9529133.43516
2026-01-20T18:00:00+00:00,126.97,127.71,126.84,126.97,132571.957,2026-01-20T18:59:59.999000+00:00,16872323.87404,62057,79878.396,10167706.02598
2026-01-20T19:00:00+00:00,126.96,127.53,126.59,127.25,58754.412,2026-01-20T19:59:59.999000+00:00,7466274.93692,49331,29433.569,3741286.43952
2026-01-20T20:00:00+00:00,127.24,128.08,127.0,127.82,97927.429,2026-01-20T20:59:59.999000+00:00,12503278.8787,53107,40669.423,5193613.02032
2026-01-20T21:00:00+00:00,127.82,127.96,126.95,126.96,40542.757,2026-01-20T21:59:59.999000+00:00,5164984.96679,26803,14030.307,1787410.10895
2026-01-20T22:00:00+00:00,126.96,127.48,124.68,126.1,261340.303,2026-01-20T22:59:59.999000+00:00,32852374.20775,80709,92478.874,11626958.72346
2026-01-20T23:00:00+00:00,126.09,126.5,125.6,125.8,117591.742,2026-01-20T23:59:59.999000+00:00,14825776.26019,54578,53177.599,6705563.37625
2026-01-21T00:00:00+00:00,125.81,127.5,125.75,127.31,89787.895,2026-01-21T00:59:59.999000+00:00,11352191.78763,47307,41194.937,5214247.6291
2026-01-21T01:00:00+00:00,127.31,127.86,127.2,127.35,77415.642,2026-01-21T01:59:59.999000+00:00,9875330.91121,38390,45892.818,5855448.15944
2026-01-21T02:00:00+00:00,127.36,127.8,126.78,126.93,62484.625,2026-01-21T02:59:59.999000+00:00,7952325.03365,33728,31835.243,4052873.71957
2026-01-21T03:00:00+00:00,126.93,127.84,126.88,127.61,51402.939,2026-01-21T03:59:59.999000+00:00,6552936.07308,28701,29945.294,3817710.05173
2026-01-21T04:00:00+00:00,127.61,128.04,127.45,127.77,40569.416,2026-01-21T04:59:59.999000+00:00,5184316.87848,20393,24072.909,3076571.82736
2026-01-21T05:00:00+00:00,127.77,128.75,127.74,128.52,95036.437,2026-01-21T05:59:59.999000+00:00,12207222.90462,26318,74336.335,9549444.0582
2026-01-21T06:00:00+00:00,128.51,128.62,128.02,128.24,57434.736,2026-01-21T06:59:59.999000+00:00,7371089.33742,25025,27799.51,3568199.14857
2026-01-21T07:00:00+00:00,128.24,128.45,127.5,127.62,68333.697,2026-01-21T07:59:59.999000+00:00,8745229.69403,30416,30593.898,3916611.05197
2026-01-21T08:00:00+00:00,127.61,127.69,127.0,127.17,57353.607,2026-01-21T08:59:59.999000+00:00,7302370.75281,33236,24256.213,3088330.25504
2026-01-21T09:00:00+00:00,127.16,127.78,127.05,127.47,72434.253,2026-01-21T09:59:59.999000+00:00,9232292.35469,35588,43425.773,5534694.85984
2026-01-21T10:00:00+00:00,127.46,128.19,127.42,127.73,61664.344,2026-01-21T10:59:59.999000+00:00,7882355.71168,25685,29596.838,3783334.068
2026-01-21T11:00:00+00:00,127.74,127.91,126.8,126.94,72723.834,2026-01-21T11:59:59.999000+00:00,9265963.15066,35282,27474.355,3501935.06762
2026-01-21T12:00:00+00:00,126.94,127.44,126.17,127.42,130888.221,2026-01-21T12:59:59.999000+00:00,16611486.2382,71483,59665.391,7573578.73562
2026-01-21T13:00:00+00:00,127.42,127.63,126.81,127.1,76221.51,2026-01-21T13:59:59.999000+00:00,9703230.12343,39485,37900.682,4826814.34047
2026-01-21T14:00:00+00:00,127.1,129.75,126.96,129.55,358370.208,2026-01-21T14:59:59.999000+00:00,46118086.10432,167883,203335.191,26172406.14946
2026-01-21T15:00:00+00:00,129.55,131.18,129.37,130.43,355549.433,2026-01-21T15:59:59.999000+00:00,46264058.22439,122459,208805.306,27171815.44493
2026-01-21T16:00:00+00:00,130.43,130.47,125.51,125.59,264324.287,2026-01-21T16:59:59.999000+00:00,33739912.75089,145002,116775.364,14913961.7338
2026-01-21T17:00:00+00:00,125.58,127.05,125.26,126.92,222449.597,2026-01-21T17:59:59.999000+00:00,28066393.05964,154427,113438.549,14315094.08007
2026-01-21T18:00:00+00:00,126.92,127.86,126.35,127.62,109162.995,2026-01-21T18:59:59.999000+00:00,13882132.02654,81061,58394.925,7429204.38337
2026-01-21T19:00:00+00:00,127.61,131.68,127.2,131.5,362798.942,2026-01-21T19:59:59.999000+00:00,47227345.72685,182059,208579.708,27139076.69755
2026-01-21T20:00:00+00:00,131.49,131.65,130.01,131.15,188285.576,2026-01-21T20:59:59.999000+00:00,24619087.20684,99426,88716.191,11600108.85765
2026-01-21T21:00:00+00:00,131.15,132.17,130.75,131.05,107730.865,2026-01-21T21:59:59.999000+00:00,14158812.60025,46121,53717.258,7061935.51681
2026-01-21T22:00:00+00:00,131.06,131.76,130.59,130.61,86630.358,2026-01-21T22:59:59.999000+00:00,11352716.36752,35664,39107.338,5123436.35949
2026-01-21T23:00:00+00:00,130.61,131.05,129.16,129.54,92682.943,2026-01-21T23:59:59.999000+00:00,12060771.30258,42863,38750.894,5045707.05446
2026-01-22T00:00:00+00:00,129.53,130.36,129.53,130.01,43551.628,2026-01-22T00:59:59.999000+00:00,5661669.39905,30875,27593.878,3587177.38794
2026-01-22T01:00:00+00:00,130.01,130.62,129.88,130.25,60620.127,2026-01-22T01:59:59.999000+00:00,7894772.94665,29955,39427.393,5136033.09784
2026-01-22T02:00:00+00:00,130.24,130.62,129.73,129.8,48014.113,2026-01-22T02:59:59.999000+00:00,6254166.82308,33766,23360.685,3044131.09152
2026-01-22T03:00:00+00:00,129.8,130.3,129.54,129.86,41744.711,2026-01-22T03:59:59.999000+00:00,5423183.4537,26859,18644.134,2421814.51643
2026-01-22T04:00:00+00:00,129.85,130.5,129.8,130.36,51765.302,2026-01-22T04:59:59.999000+00:00,6743963.77912,23903,38235.949,4982281.09003
2026-01-22T05:00:00+00:00,130.36,130.45,129.97,130.11,25118.506,2026-01-22T05:59:59.999000+00:00,3271053.00081,18004,15496.396,2018174.45008
2026-01-22T06:00:00+00:00,130.12,130.43,129.75,130.35,46026.269,2026-01-22T06:59:59.999000+00:00,5987981.82811,24827,27144.348,3532104.33157
2026-01-22T07:00:00+00:00,130.36,130.44,129.77,129.81,36721.151,2026-01-22T07:59:59.999000+00:00,4776890.36343,22741,18799.246,2446133.95552
2026-01-22T08:00:00+00:00,129.8,130.1,129.35,129.94,59426.732,2026-01-22T08:59:59.999000+00:00,7707414.78303,29683,29216.8,3789609.28885
2026-01-22T09:00:00+00:00,129.93,130.27,129.6,130.16,45100.854,2026-01-22T09:59:59.999000+00:00,5859886.38057,22922,24587.292,3194416.70437
2026-01-22T10:00:00+00:00,130.16,130.35,130.02,130.16,36724.933,2026-01-22T10:59:59.999000+00:00,4780837.31275,22172,16865.672,2195703.86446
2026-01-22T11:00:00+00:00,130.16,130.34,129.72,130.11,52218.106,2026-01-22T11:59:59.999000+00:00,6788960.87335,31279,24339.534,3164581.63597
2026-01-22T12:00:00+00:00,130.11,130.45,129.98,130.1,49086.166,2026-01-22T12:59:59.999000+00:00,6390562.39051,22793,27171.088,3537647.73528
2026-01-22T13:00:00+00:00,130.09,130.94,129.1,129.37,109079.818,2026-01-22T13:59:59.999000+00:00,14175949.25478,52215,54182.829,7046114.18905
2026-01-22T14:00:00+00:00,129.36,129.5,127.84,127.91,191547.35,2026-01-22T14:59:59.999000+00:00,24645397.35534,107850,76288.966,9820122.12691
2026-01-22T15:00:00+00:00,127.91,128.63,126.73,127.41,274223.324,2026-01-22T15:59:59.999000+00:00,35026056.43763,139620,131954.595,16865403.23496
2026-01-22T16:00:00+00:00,127.42,128.33,126.92,127.9,135459.053,2026-01-22T16:59:59.999000+00:00,17282385.68937,86025,73599.246,9390526.13869
2026-01-22T17:00:00+00:00,127.9,128.82,127.55,128.7,82632.671,2026-01-22T17:59:59.999000+00:00,10590724.9275,60025,39714.561,5090138.87136
2026-01-22T18:00:00+00:00,128.7,128.8,127.63,127.73,88755.307,2026-01-22T18:59:59.999000+00:00,11386880.63003,48618,41564.412,5332699.39415
2026-01-22T19:00:00+00:00,127.74,129.37,127.45,129.26,91462.682,2026-01-22T19:59:59.999000+00:00,11751561.52445,48284,42844.351,5505940.00695
2026-01-22T20:00:00+00:00,129.26,129.76,128.33,128.49,80006.677,2026-01-22T20:59:59.999000+00:00,10316000.63962,52571,31062.612,4004864.76685
2026-01-22T21:00:00+00:00,128.5,129.07,128.22,128.31,62674.628,2026-01-22T21:59:59.999000+00:00,8058819.87761,35147,24394.11,3136809.51304
2026-01-22T22:00:00+00:00,128.32,128.78,128.02,128.71,71075.18,2026-01-22T22:59:59.999000+00:00,9129108.5796,25642,41849.526,5377068.73628
2026-01-22T23:00:00+00:00,128.71,128.72,128.12,128.47,28551.174,2026-01-22T23:59:59.999000+00:00,3666459.57326,20973,16679.419,2141880.80807
2026-01-23T00:00:00+00:00,128.47,128.52,128.08,128.35,20335.598,2026-01-23T00:59:59.999000+00:00,2609538.6838,20160,8054.36,1033526.39523
2026-01-23T01:00:00+00:00,128.36,128.94,128.29,128.9,50300.829,2026-01-23T01:59:59.999000+00:00,6466148.73712,30656,28075.456,3609351.07706
2026-01-23T02:00:00+00:00,128.91,128.98,128.18,128.19,87449.146,2026-01-23T02:59:59.999000+00:00,11252008.22736,35844,42019.009,5407062.99825
2026-01-23T03:00:00+00:00,128.18,128.78,128.14,128.76,23921.896,2026-01-23T03:59:59.999000+00:00,3075024.64523,16374,14404.422,1851800.82584
2026-01-23T04:00:00+00:00,128.76,129.29,128.62,129.12,51597.83,2026-01-23T04:59:59.999000+00:00,6653860.80094,28081,28906.245,3727073.45538
2026-01-23T05:00:00+00:00,129.13,129.13,128.36,128.67,32387.492,2026-01-23T05:59:59.999000+00:00,4166816.03296,21258,13428.593,1727231.28209
2026-01-23T06:00:00+00:00,128.68,129.14,127.23,127.5,92786.786,2026-01-23T06:59:59.999000+00:00,11893116.01966,35227,35935.67,4605909.26105
2026-01-23T07:00:00+00:00,127.51,128.1,127.51,127.93,41541.868,2026-01-23T07:59:59.999000+00:00,5311515.72313,23224,21312.022,2724947.08532
2026-01-23T08:00:00+00:00,127.93,128.0,127.0,127.11,52730.908,2026-01-23T08:59:59.999000+00:00,6719137.62207,30087,22489.005,2865600.11498
2026-01-23T09:00:00+00:00,127.11,127.39,126.94,127.08,56779.19,2026-01-23T09:59:59.999000+00:00,7218487.6128,29349,25442.094,3234832.94235
2026-01-23T10:00:00+00:00,127.08,127.5,127.02,127.28,42307.324,2026-01-23T10:59:59.999000+00:00,5386229.90039,24304,20648.142,2628764.56004
2026-01-23T11:00:00+00:00,127.29,127.76,127.23,127.54,39080.059,2026-01-23T11:59:59.999000+00:00,4986201.85074,19992,19760.986,2521077.19757
2026-01-23T12:00:00+00:00,127.54,127.54,127.16,127.19,31937.548,2026-01-23T12:59:59.999000+00:00,4067800.79493,17690,16702.55,2127108.22719
2026-01-23T13:00:00+00:00,127.19,127.4,126.76,126.83,104557.343,2026-01-23T13:59:59.999000+00:00,13289859.29463,26882,45030.229,5724561.80506
2026-01-23T14:00:00+00:00,126.84,127.37,125.28,126.11,220683.568,2026-01-23T14:59:59.999000+00:00,27846792.68239,101761,116165.509,14657754.27266
2026-01-23T15:00:00+00:00,126.11,128.1,125.53,127.9,179137.668,2026-01-23T15:59:59.999000+00:00,22681417.12176,86226,105587.36,13375366.81476
2026-01-23T16:00:00+00:00,127.9,129.2,127.46,128.46,258702.171,2026-01-23T16:59:59.999000+00:00,33230336.37983,105128,167815.368,21563006.75097
2026-01-23T17:00:00+00:00,128.46,130.2,127.88,128.45,179723.029,2026-01-23T17:59:59.999000+00:00,23231783.7088,92580,99966.351,12932552.56963
2026-01-23T18:00:00+00:00,128.45,129.56,128.26,129.05,88852.2,2026-01-23T18:59:59.999000+00:00,11461563.94262,66132,44423.644,5730264.89969
2026-01-23T19:00:00+00:00,129.05,129.13,127.77,128.08,114421.467,2026-01-23T19:59:59.999000+00:00,14686404.23026,80351,53279.906,6838868.00111
2026-01-23T20:00:00+00:00,128.08,128.26,126.54,126.97,117205.542,2026-01-23T20:59:59.999000+00:00,14920519.96455,78268,59341.584,7555496.15556
2026-01-23T21:00:00+00:00,126.97,127.57,126.89,127.15,39357.237,2026-01-23T21:59:59.999000+00:00,5008557.18763,32595,23999.254,3053923.46863
2026-01-23T22:00:00+00:00,127.14,127.89,127.11,127.68,34580.728,2026-01-23T22:59:59.999000+00:00,4413622.18223,23934,19888.563,2538360.62638
2026-01-23T23:00:00+00:00,127.67,127.67,127.26,127.43,83685.65,2026-01-23T23:59:59.999000+00:00,10667200.63558,42490,41702.035,5315809.35174
2026-01-24T00:00:00+00:00,127.43,127.75,127.37,127.41,30867.441,2026-01-24T00:59:59.999000+00:00,3936220.45866,23907,14740.738,1879712.85624
2026-01-24T01:00:00+00:00,127.4,127.57,127.29,127.55,21845.976,2026-01-24T01:59:59.999000+00:00,2783806.39745,15091,10172.17,1296052.21327
2026-01-24T02:00:00+00:00,127.55,127.8,127.49,127.72,24715.929,2026-01-24T02:59:59.999000+00:00,3154368.11768,16168,12020.137,1533970.66164
2026-01-24T03:00:00+00:00,127.72,128.12,127.6,127.91,37298.555,2026-01-24T03:59:59.999000+00:00,4770971.56093,20306,21098.463,2698492.26242
2026-01-24T04:00:00+00:00,127.91,128.11,127.69,127.85,36257.043,2026-01-24T04:59:59.999000+00:00,4635798.62123,16356,16283.812,2082334.43207
2026-01-24T05:00:00+00:00,127.85,127.91,127.64,127.81,25243.285,2026-01-24T05:59:59.999000+00:00,3225651.71778,13900,10599.819,1354449.98554
2026-01-24T06:00:00+00:00,127.82,127.83,127.54,127.66,15150.565,2026-01-24T06:59:59.999000+00:00,1934194.92049,8671,6814.205,869921.41774
2026-01-24T07:00:00+00:00,127.66,127.68,126.89,127.11,104041.196,2026-01-24T07:59:59.999000+00:00,13236894.57731,17143,25771.017,3279610.50971
2026-01-24T08:00:00+00:00,127.12,127.4,126.99,127.36,35736.729,2026-01-24T08:59:59.999000+00:00,4544264.20431,12866,20435.128,2598486.69295
2026-01-24T09:00:00+00:00,127.36,127.36,127.0,127.09,31043.616,2026-01-24T09:59:59.999000+00:00,3946991.92479,11292,15990.934,2032729.96769
2026-01-24T10:00:00+00:00,127.1,127.25,126.93,127.19,30637.278,2026-01-24T10:59:59.999000+00:00,3893900.23978,12639,16673.498,2119284.19824
2026-01-24T11:00:00+00:00,127.19,127.37,127.12,127.17,22638.715,2026-01-24T11:59:59.999000+00:00,2880923.06773,8825,10999.523,1399849.43816
2026-01-24T12:00:00+00:00,127.17,127.38,127.09,127.31,31336.463,2026-01-24T12:59:59.999000+00:00,3986559.72059,10258,14821.462,1885651.28678
2026-01-24T13:00:00+00:00,127.3,127.31,126.94,126.94,36123.535,2026-01-24T13:59:59.999000+00:00,4592589.84098,9873,11218.645,1426326.07607
2026-01-24T14:00:00+00:00,126.94,127.28,126.81,127.16,32917.114,2026-01-24T14:59:59.999000+00:00,4183138.9195,16454,16747.101,2128528.96833
2026-01-24T15:00:00+00:00,127.16,127.41,126.8,126.85,36656.112,2026-01-24T15:59:59.999000+00:00,4659425.57422,16734,14573.9,1852302.9347
2026-01-24T16:00:00+00:00,126.85,127.13,126.64,127.01,39338.257,2026-01-24T16:59:59.999000+00:00,4990205.27839,18720,16212.816,2056945.08965
2026-01-24T17:00:00+00:00,127.02,127.29,126.96,127.26,21514.488,2026-01-24T17:59:59.999000+00:00,2735663.79334,11927,9335.713,1187096.33188
2026-01-24T18:00:00+00:00,127.26,127.47,127.16,127.39,38254.84,2026-01-24T18:59:59.999000+00:00,4870268.96925,13840,16084.473,2047652.53295
2026-01-24T19:00:00+00:00,127.39,127.51,127.24,127.3,43682.616,2026-01-24T19:59:59.999000+00:00,5564180.48268,12638,27391.127,3488989.84259
2026-01-24T20:00:00+00:00,127.3,127.51,127.26,127.29,17456.938,2026-01-24T20:59:59.999000+00:00,2223745.7278,6962,8430.716,1073923.65486
2026-01-24T21:00:00+00:00,127.3,127.34,127.1,127.13,34314.235,2026-01-24T21:59:59.999000+00:00,4364998.60622,9646,21329.792,2713150.72903
2026-01-24T22:00:00+00:00,127.13,127.71,127.12,127.64,31966.369,2026-01-24T22:59:59.999000+00:00,4072703.9243,14064,18654.202,2375826.46848
2026-01-24T23:00:00+00:00,127.64,127.76,127.17,127.21,28382.7,2026-01-24T23:59:59.999000+00:00,3617441.69138,13616,11586.755,1476829.79095
2026-01-25T00:00:00+00:00,127.22,127.46,126.82,127.34,39333.833,2026-01-25T00:59:59.999000+00:00,5002301.47718,16426,19402.428,2467142.48456
2026-01-25T01:00:00+00:00,127.33,127.42,126.96,127.14,35681.151,2026-01-25T01:59:59.999000+00:00,4536069.07284,11746,11562.91,1469986.86486
2026-01-25T02:00:00+00:00,127.15,127.42,126.92,127.05,37772.36,2026-01-25T02:59:59.999000+00:00,4803562.65948,11593,16819.673,2140768.43404
2026-01-25T03:00:00+00:00,127.06,127.13,126.35,126.64,49535.012,2026-01-25T03:59:59.999000+00:00,6273912.2776,19239,22895.558,2899784.85947
2026-01-25T04:00:00+00:00,126.64,127.0,126.5,126.77,34334.071,2026-01-25T04:59:59.999000+00:00,4351474.26425,11967,17023.267,2157772.8018
2026-01-25T05:00:00+00:00,126.77,126.96,126.63,126.94,24859.006,2026-01-25T05:59:59.999000+00:00,3150945.02442,10294,14193.668,1799062.18411
2026-01-25T06:00:00+00:00,126.94,126.94,126.43,126.72,25678.709,2026-01-25T06:59:59.999000+00:00,3252575.76684,12958,14910.728,1888499.57304
2026-01-25T07:00:00+00:00,126.72,126.72,126.35,126.47,33653.299,2026-01-25T07:59:59.999000+00:00,4258130.52021,11856,21114.153,2671520.652
2026-01-25T08:00:00+00:00,126.47,126.83,125.98,126.23,78413.62,2026-01-25T08:59:59.999000+00:00,9909882.45734,24576,32577.25,4118395.60723
2026-01-25T09:00:00+00:00,126.23,126.9,126.11,126.7,62316.979,2026-01-25T09:59:59.999000+00:00,7886909.45624,19501,37162.132,4702674.35778
2026-01-25T10:00:00+00:00,126.69,127.2,126.61,126.94,39173.012,2026-01-25T10:59:59.999000+00:00,4972323.30554,15213,21647.06,2747466.64411
2026-01-25T11:00:00+00:00,126.95,126.97,126.56,126.77,17769.408,2026-01-25T11:59:59.999000+00:00,2252957.76688,12115,8986.228,1139277.49662
2026-01-25T12:00:00+00:00,126.77,127.04,126.58,127.03,40222.812,2026-01-25T12:59:59.999000+00:00,5101539.80012,18335,24061.916,3051945.00471
2026-01-25T13:00:00+00:00,127.03,127.12,126.48,126.96,36667.013,2026-01-25T13:59:59.999000+00:00,4651827.83635,17617,19998.853,2536986.77039
2026-01-25T14:00:00+00:00,126.97,126.98,125.68,126.09,65097.286,2026-01-25T14:59:59.999000+00:00,8213126.83453,34279,27381.527,3453916.1593
2026-01-25T15:00:00+00:00,126.09,126.32,125.48,125.59,83147.174,2026-01-25T15:59:59.999000+00:00,10468097.56218,32654,34938.965,4399283.03632
2026-01-25T16:00:00+00:00,125.58,125.58,122.2,122.78,745309.57,2026-01-25T16:59:59.999000+00:00,91858450.45082,223983,330241.515,40673587.8766
2026-01-25T17:00:00+00:00,122.78,122.99,121.6,122.22,279850.173,2026-01-25T17:59:59.999000+00:00,34187494.98963,75497,126968.947,15501991.12766
2026-01-25T18:00:00+00:00,122.22,122.31,120.74,121.69,320298.732,2026-01-25T18:59:59.999000+00:00,38902218.04445,111193,151082.141,18347740.80589
2026-01-25T19:00:00+00:00,121.69,121.87,117.15,117.96,959971.677,2026-01-25T19:59:59.999000+00:00,114083829.32169,185839,527340.024,62544973.48404
2026-01-25T20:00:00+00:00,117.96,118.7,117.38,118.33,843492.715,2026-01-25T20:59:59.999000+00:00,99527491.92545,116962,559933.406,66067511.41766
2026-01-25T21:00:00+00:00,118.33,118.95,117.62,118.83,351319.287,2026-01-25T21:59:59.999000+00:00,41554941.48427,88999,182720.055,21612953.49763
2026-01-25T22:00:00+00:00,118.83,118.85,117.9,118.42,132522.112,2026-01-25T22:59:59.999000+00:00,15682128.96328,57783,63071.563,7463826.33546
2026-01-25T23:00:00+00:00,118.42,119.45,117.53,118.85,204460.438,2026-01-25T23:59:59.999000+00:00,24282338.82872,91766,117953.364,14011318.59047
2026-01-26T00:00:00+00:00,118.85,119.8,118.53,119.65,144927.541,2026-01-26T00:59:59.999000+00:00,17276286.10297,61852,88743.748,10577010.23488
2026-01-26T01:00:00+00:00,119.65,122.77,119.57,122.4,175806.348,2026-01-26T01:59:59.999000+00:00,21337626.31534,94446,102342.631,12413404.32422
2026-01-26T02:00:00+00:00,122.4,122.68,121.29,122.03,77299.779,2026-01-26T02:59:59.999000+00:00,9434249.5015,55356,36336.786,4434192.79402
2026-01-26T03:00:00+00:00,122.03,122.33,121.11,121.57,80916.444,2026-01-26T03:59:59.999000+00:00,9851584.07416,41044,36022.46,4386260.02205
2026-01-26T04:00:00+00:00,121.58,123.62,121.57,122.59,104472.386,2026-01-26T04:59:59.999000+00:00,12823396.33031,52875,49365.794,6060853.97666
2026-01-26T05:00:00+00:00,122.59,122.9,122.41,122.48,42577.681,2026-01-26T05:59:59.999000+00:00,5220780.24523,28118,18551.39,2274761.25501
2026-01-26T06:00:00+00:00,122.48,122.77,122.19,122.48,46486.887,2026-01-26T06:59:59.999000+00:00,5693288.84011,33042,24771.339,3033926.52085
2026-01-26T07:00:00+00:00,122.49,123.01,122.23,122.89,55540.075,2026-01-26T07:59:59.999000+00:00,6810062.68506,34958,30131.555,3694594.72495
2026-01-26T08:00:00+00:00,122.9,123.59,122.27,122.69,97546.898,2026-01-26T08:59:59.999000+00:00,11991410.91246,42152,37450.615,4604062.98024
2026-01-26T09:00:00+00:00,122.7,122.74,121.76,121.93,83548.744,2026-01-26T09:59:59.999000+00:00,10206911.76875,34546,31497.553,3850197.14824
2026-01-26T10:00:00+00:00,121.94,122.7,121.94,122.45,72701.762,2026-01-26T10:59:59.999000+00:00,8904100.47514,29739,32897.273,4029316.1745
2026-01-26T11:00:00+00:00,122.46,122.7,122.41,122.5,41233.723,2026-01-26T11:59:59.999000+00:00,5053173.71055,19030,19770.083,2422741.87667
2026-01-26T12:00:00+00:00,122.51,122.99,122.35,122.68,88321.94,2026-01-26T12:59:59.999000+00:00,10829979.313,29563,34888.251,4278845.57752
2026-01-26T13:00:00+00:00,122.69,123.28,122.53,123.16,69724.092,2026-01-26T13:59:59.999000+00:00,8572039.68789,29078,30155.408,3708609.4227
2026-01-26T14:00:00+00:00,123.16,124.26,122.66,123.8,190226.062,2026-01-26T14:59:59.999000+00:00,23469808.88735,102569,88311.711,10898468.00154
2026-01-26T15:00:00+00:00,123.8,125.2,123.04,123.53,246381.08,2026-01-26T15:59:59.999000+00:00,30571884.60138,117439,124747.731,15484530.66822
2026-01-26T16:00:00+00:00,123.53,124.88,123.17,124.3,127507.632,2026-01-26T16:59:59.999000+00:00,15832151.0314,84473,72379.055,8989836.95296
2026-01-26T17:00:00+00:00,124.31,124.67,123.03,124.28,130365.53,2026-01-26T17:59:59.999000+00:00,16128449.33312,54032,57960.106,7176068.44457
2026-01-26T18:00:00+00:00,124.29,125.6,123.96,124.9,155853.931,2026-01-26T18:59:59.999000+00:00,19446814.76082,70374,83837.53,10461941.65779
2026-01-26T19:00:00+00:00,124.91,125.13,124.18,124.31,58613.36,2026-01-26T19:59:59.999000+00:00,7303242.86084,37890,30604.99,3813309.94795
2026-01-26T20:00:00+00:00,124.31,124.47,123.42,123.7,85142.478,2026-01-26T20:59:59.999000+00:00,10548576.68571,40208,35141.359,4353444.23954
2026-01-26T21:00:00+00:00,123.7,124.81,123.52,124.52,81675.694,2026-01-26T21:59:59.999000+00:00,10151445.47058,37814,42417.196,5275030.12024
2026-01-26T22:00:00+00:00,124.52,124.88,124.26,124.54,47220.758,2026-01-26T22:59:59.999000+00:00,5882715.78169,30266,24561.679,3059737.9637
2026-01-26T23:00:00+00:00,124.53,124.87,124.13,124.24,51660.538,2026-01-26T23:59:59.999000+00:00,6427677.01865,27025,26385.312,3283749.82823
2026-01-27T00:00:00+00:00,124.24,124.42,123.88,124.09,35086.727,2026-01-27T00:59:59.999000+00:00,4355440.33355,20571,19355.723,2403041.53333
2026-01-27T01:00:00+00:00,124.09,124.58,123.73,124.34,54064.276,2026-01-27T01:59:59.999000+00:00,6713934.99148,30530,32386.271,4022965.62675
2026-01-27T02:00:00+00:00,124.35,125.12,124.32,125.04,74452.009,2026-01-27T02:59:59.999000+00:00,9292393.91404,30325,37911.072,4731963.96323
2026-01-27T03:00:00+00:00,125.04,125.17,124.4,124.51,58439.722,2026-01-27T03:59:59.999000+00:00,7285498.65745,24996,35354.05,4407102.01365
2026-01-27T04:00:00+00:00,124.51,125.15,124.27,124.42,48741.123,2026-01-27T04:59:59.999000+00:00,6076701.53892,26142,29366.302,3662435.14828
2026-01-27T05:00:00+00:00,124.43,124.53,124.15,124.47,52340.971,2026-01-27T05:59:59.999000+00:00,6507640.67993,19040,30809.762,3830755.51866
2026-01-27T06:00:00+00:00,124.47,124.74,124.0,124.21,36585.913,2026-01-27T06:59:59.999000+00:00,4549557.6227,18424,13791.827,1715039.78372
2026-01-27T07:00:00+00:00,124.22,124.65,124.04,124.52,60099.208,2026-01-27T07:59:59.999000+00:00,7473573.48382,18750,19369.316,2409910.3008
2026-01-27T08:00:00+00:00,124.52,124.79,123.99,124.06,73380.186,2026-01-27T08:59:59.999000+00:00,9126634.16154,28245,33062.447,4114517.64901
2026-01-27T09:00:00+00:00,124.06,124.08,123.57,123.74,85718.06,2026-01-27T09:59:59.999000+00:00,10611031.36154,31187,30343.825,3755983.86106
2026-01-27T10:00:00+00:00,123.75,124.14,123.69,123.72,32290.299,2026-01-27T10:59:59.999000+00:00,4000640.75475,20706,18587.042,2303065.1025
2026-01-27T11:00:00+00:00,123.72,124.29,123.61,124.12,32874.894,2026-01-27T11:59:59.999000+00:00,4074351.08274,18605,19557.422,2423936.07953
2026-01-27T12:00:00+00:00,124.12,124.34,123.83,123.89,38733.447,2026-01-27T12:59:59.999000+00:00,4809364.55522,20749,15570.085,1933235.37868
2026-01-27T13:00:00+00:00,123.89,123.93,123.12,123.2,41637.018,2026-01-27T13:59:59.999000+00:00,5139989.45435,30290,18488.336,2282633.57276
2026-01-27T14:00:00+00:00,123.2,124.52,123.17,123.64,118292.719,2026-01-27T14:59:59.999000+00:00,14655783.8785,77553,63087.948,7819449.17124
2026-01-27T15:00:00+00:00,123.65,125.06,123.45,125.01,98820.871,2026-01-27T15:59:59.999000+00:00,12275026.77258,68160,56635.642,7038079.68054
2026-01-27T16:00:00+00:00,125.01,126.79,124.99,126.32,241959.356,2026-01-27T16:59:59.999000+00:00,30509561.9379,124649,128699.227,16222173.91493
2026-01-27T17:00:00+00:00,126.31,126.33,123.55,124.05,172575.78,2026-01-27T17:59:59.999000+00:00,21494232.85906,102584,68742.127,8561182.57331
2026-01-27T18:00:00+00:00,124.05,126.3,123.8,125.81,132642.282,2026-01-27T18:59:59.999000+00:00,16563175.26955,65610,71328.24,8909600.65475
2026-01-27T19:00:00+00:00,125.82,126.27,125.4,125.85,88198.195,2026-01-27T19:59:59.999000+00:00,11096506.53798,49185,46262.269,5819178.31265
2026-01-27T20:00:00+00:00,125.84,127.52,125.73,127.36,213405.074,2026-01-27T20:59:59.999000+00:00,27072400.356,77336,110190.826,13983993.62184
2026-01-27T21:00:00+00:00,127.36,127.84,126.93,127.06,121165.487,2026-01-27T21:59:59.999000+00:00,15437026.21124,44966,51349.65,6540965.2077
2026-01-27T22:00:00+00:00,127.07,127.8,126.98,127.62,67943.242,2026-01-27T22:59:59.999000+00:00,8657402.13362,31091,33175.915,4227703.41315
2026-01-27T23:00:00+00:00,127.62,127.65,127.12,127.19,57062.183,2026-01-27T23:59:59.999000+00:00,7269957.83129,26385,28655.356,3650891.80005
2026-01-28T00:00:00+00:00,127.18,127.31,126.65,127.26,69587.438,2026-01-28T00:59:59.999000+00:00,8837920.47911,33063,30737.042,3902726.2169
2026-01-28T01:00:00+00:00,127.26,127.52,126.71,127.09,49972.438,2026-01-28T01:59:59.999000+00:00,6351904.68522,35257,20035.548,2547370.85393
2026-01-28T02:00:00+00:00,127.08,127.4,126.7,127.07,41292.057,2026-01-28T02:59:59.999000+00:00,5246379.8304,32753,19329.88,2456117.15913
2026-01-28T03:00:00+00:00,127.07,127.25,126.71,126.96,36247.357,2026-01-28T03:59:59.999000+00:00,4602451.13046,22304,13674.528,1736194.0471
2026-01-28T04:00:00+00:00,126.96,127.03,126.47,126.84,54792.494,2026-01-28T04:59:59.999000+00:00,6942509.93077,25088,32598.872,4130062.95219
2026-01-28T05:00:00+00:00,126.84,126.99,126.45,126.77,39744.009,2026-01-28T05:59:59.999000+00:00,5035449.11403,24145,16742.95,2121189.15071
2026-01-28T06:00:00+00:00,126.77,127.53,126.77,127.4,48840.519,2026-01-28T06:59:59.999000+00:00,6208342.3654,29697,26559.606,3376049.6081
2026-01-28T07:00:00+00:00,127.41,127.54,126.95,127.1,47577.071,2026-01-28T07:59:59.999000+00:00,6055417.21237,26563,17126.177,2179688.56026
2026-01-28T08:00:00+00:00,127.09,127.29,126.61,126.67,60888.168,2026-01-28T08:59:59.999000+00:00,7729424.01499,34916,20589.485,2614390.39881
2026-01-28T09:00:00+00:00,126.68,127.61,125.97,127.6,113796.574,2026-01-28T09:59:59.999000+00:00,14435443.28337,45243,52112.129,6613677.94667
2026-01-28T10:00:00+00:00,127.61,128.13,127.29,127.32,71196.706,2026-01-28T10:59:59.999000+00:00,9082502.66736,39908,34394.256,4389590.86486
2026-01-28T11:00:00+00:00,127.32,128.34,127.17,128.17,106916.053,2026-01-28T11:59:59.999000+00:00,13647539.8593,45800,59932.074,7651284.37874
2026-01-28T12:00:00+00:00,128.16,128.25,127.03,127.25,93775.526,2026-01-28T12:59:59.999000+00:00,11965955.81014,47850,42948.81,5479352.97155
2026-01-28T13:00:00+00:00,127.25,127.87,126.87,127.35,124448.169,2026-01-28T13:59:59.999000+00:00,15853494.62985,51992,70880.479,9028220.188
2026-01-28T14:00:00+00:00,127.35,127.35,126.48,126.87,138652.417,2026-01-28T14:59:59.999000+00:00,17588446.21172,75300,78408.991,9945051.16259
2026-01-28T15:00:00+00:00,126.86,127.17,125.52,126.07,159457.561,2026-01-28T15:59:59.999000+00:00,20124452.04099,75902,73937.026,9332507.48
2026-01-28T16:00:00+00:00,126.06,126.64,125.6,126.09,77690.154,2026-01-28T16:59:59.999000+00:00,9793776.71078,52093,34763.216,4381376.8622
2026-01-28T17:00:00+00:00,126.09,127.04,125.26,126.53,116096.454,2026-01-28T17:59:59.999000+00:00,14645609.19998,56989,66568.395,8396219.35797
2026-01-28T18:00:00+00:00,126.53,126.55,125.7,126.09,75739.898,2026-01-28T18:59:59.999000+00:00,9544482.109,41930,39841.056,5018819.93414
2026-01-28T19:00:00+00:00,126.09,126.72,125.3,126.01,164495.316,2026-01-28T19:59:59.999000+00:00,20728637.73321,108837,83459.121,10519920.93993
2026-01-28T20:00:00+00:00,126.0,126.68,125.34,125.44,117569.402,2026-01-28T20:59:59.999000+00:00,14809058.5697,50407,61340.35,7726797.05135
2026-01-28T21:00:00+00:00,125.44,125.84,124.78,125.48,96195.112,2026-01-28T21:59:59.999000+00:00,12051688.40961,55192,46134.423,5780753.38659
2026-01-28T22:00:00+00:00,125.49,125.85,125.16,125.73,37148.61,2026-01-28T22:59:59.999000+00:00,4664316.10184,21400,17044.114,2140421.83235
2026-01-28T23:00:00+00:00,125.73,125.78,125.07,125.35,55744.025,2026-01-28T23:59:59.999000+00:00,6988457.76327,32656,31137.745,3903373.0695
2026-01-29T00:00:00+00:00,125.34,125.51,124.57,125.13,54357.452,2026-01-29T00:59:59.999000+00:00,6794421.74192,36093,24285.506,3035631.43844
2026-01-29T01:00:00+00:00,125.12,125.24,124.13,124.33,72618.165,2026-01-29T01:59:59.999000+00:00,9049088.46382,41319,33793.069,4211216.25638
2026-01-29T02:00:00+00:00,124.33,124.82,123.14,123.52,146265.486,2026-01-29T02:59:59.999000+00:00,18117344.93868,74177,68078.718,8433067.54237
2026-01-29T03:00:00+00:00,123.51,123.79,122.7,123.07,105761.164,2026-01-29T03:59:59.999000+00:00,13025751.7846,53692,51198.996,6306295.46148
2026-01-29T04:00:00+00:00,123.07,123.52,122.5,123.42,57827.31,2026-01-29T04:59:59.999000+00:00,7112923.17965,25877,32633.514,4014916.97869
2026-01-29T05:00:00+00:00,123.42,123.82,123.15,123.26,47319.808,2026-01-29T05:59:59.999000+00:00,5847200.33918,21466,24755.965,3059321.56011
2026-01-29T06:00:00+00:00,123.25,123.72,123.11,123.69,37534.722,2026-01-29T06:59:59.999000+00:00,4634052.49719,19345,15924.092,1965594.29493
2026-01-29T07:00:00+00:00,123.69,123.98,123.65,123.78,39771.657,2026-01-29T07:59:59.999000+00:00,4925186.31537,19583,19815.802,2453910.51833
2026-01-29T08:00:00+00:00,123.78,123.93,123.16,123.3,54359.578,2026-01-29T08:59:59.999000+00:00,6711865.05666,30605,25137.416,3103901.49364
2026-01-29T09:00:00+00:00,123.3,123.38,122.96,123.03,39351.242,2026-01-29T09:59:59.999000+00:00,4846515.83128,18205,15297.761,1884294.94333
2026-01-29T10:00:00+00:00,123.03,123.3,122.92,123.21,40721.49,2026-01-29T10:59:59.999000+00:00,5015521.97254,15956,21618.317,2662748.09908
2026-01-29T11:00:00+00:00,123.21,123.3,122.66,122.76,69819.861,2026-01-29T11:59:59.999000+00:00,8582147.06543,29274,31609.847,3885315.66958
2026-01-29T12:00:00+00:00,122.76,123.18,122.45,122.85,57908.852,2026-01-29T12:59:59.999000+00:00,7112386.39285,25744,30422.801,3736286.97562
2026-01-29T13:00:00+00:00,122.85,123.34,122.68,122.91,56247.176,2026-01-29T13:59:59.999000+00:00,6917149.01344,20885,32601.696,4009808.84386
2026-01-29T14:00:00+00:00,122.91,123.09,120.29,120.37,214142.814,2026-01-29T14:59:59.999000+00:00,26016981.4125,85635,90754.342,11041300.41989
2026-01-29T15:00:00+00:00,120.38,120.44,116.12,117.69,822416.593,2026-01-29T15:59:59.999000+00:00,97045501.4273,318083,429574.261,50659235.09402
2026-01-29T16:00:00+00:00,117.69,118.99,116.74,118.96,373616.32,2026-01-29T16:59:59.999000+00:00,44004489.07187,133075,185727.661,21882433.27488
2026-01-29T17:00:00+00:00,118.95,119.96,117.68,117.91,282061.164,2026-01-29T17:59:59.999000+00:00,33524339.52491,103491,142683.672,16964268.77561
2026-01-29T18:00:00+00:00,117.92,118.19,115.39,115.78,407264.532,2026-01-29T18:59:59.999000+00:00,47515110.47169,137662,173643.728,20263488.91658
2026-01-29T19:00:00+00:00,115.77,117.21,115.43,116.84,288909.911,2026-01-29T19:59:59.999000+00:00,33588064.55537,88090,183628.495,21351373.05583
2026-01-29T20:00:00+00:00,116.84,117.47,116.56,116.95,181237.678,2026-01-29T20:59:59.999000+00:00,21194951.55744,56480,93146.181,10893294.24921
2026-01-29T21:00:00+00:00,116.95,117.72,116.92,117.45,119123.654,2026-01-29T21:59:59.999000+00:00,13969131.78053,37238,66493.187,7797246.03609
2026-01-29T22:00:00+00:00,117.46,117.79,117.32,117.58,70192.149,2026-01-29T22:59:59.999000+00:00,8254233.90582,24400,28268.904,3324172.79608
2026-01-29T23:00:00+00:00,117.58,117.91,117.27,117.82,91784.695,2026-01-29T23:59:59.999000+00:00,10793247.15508,27826,42034.903,4943781.56005
2026-01-30T00:00:00+00:00,117.82,118.14,117.5,117.63,72173.697,2026-01-30T00:59:59.999000+00:00,8504621.27565,25032,33837.082,3988129.88341
2026-01-30T01:00:00+00:00,117.64,117.91,112.14,115.22,700460.015,2026-01-30T01:59:59.999000+00:00,80204185.19352,218055,302863.465,34651574.30228
2026-01-30T02:00:00+00:00,115.22,115.37,112.78,114.12,304132.802,2026-01-30T02:59:59.999000+00:00,34661709.19019,141673,141864.648,16167979.60565
2026-01-30T03:00:00+00:00,114.12,114.68,113.55,114.43,157237.666,2026-01-30T03:59:59.999000+00:00,17958385.4827,60452,87331.69,9974097.84314
2026-01-30T04:00:00+00:00,114.44,115.83,114.29,115.58,206669.169,2026-01-30T04:59:59.999000+00:00,23793524.03382,52405,121118.055,13941251.13388
2026-01-30T05:00:00+00:00,115.58,116.1,115.44,115.46,92621.64,2026-01-30T05:59:59.999000+00:00,10713593.72205,28673,44812.881,5183814.1619
2026-01-30T06:00:00+00:00,115.47,115.47,113.01,113.86,186173.894,2026-01-30T06:59:59.999000+00:00,21253321.9016,62279,89134.596,10168807.38751
2026-01-30T07:00:00+00:00,113.87,116.13,113.87,115.78,230423.41,2026-01-30T07:59:59.999000+00:00,26589262.89335,66049,139638.764,16110818.6387
2026-01-30T08:00:00+00:00,115.78,116.18,115.17,115.39,98998.314,2026-01-30T08:59:59.999000+00:00,11450221.16143,50472,44197.069,5112805.02333
2026-01-30T09:00:00+00:00,115.39,116.04,114.67,115.37,187833.933,2026-01-30T09:59:59.999000+00:00,21674649.49256,71893,77465.344,8937627.58488
2026-01-30T10:00:00+00:00,115.37,115.99,115.08,115.92,135180.293,2026-01-30T10:59:59.999000+00:00,15610219.67186,52616,65506.779,7567810.57471
2026-01-30T11:00:00+00:00,115.91,117.28,115.77,117.08,112192.16,2026-01-30T11:59:59.999000+00:00,13060258.51076,44403,70981.478,8266067.03809
2026-01-30T12:00:00+00:00,117.08,117.33,115.96,116.27,125964.165,2026-01-30T12:59:59.999000+00:00,14694773.76959,49319,58468.419,6824380.21646
2026-01-30T13:00:00+00:00,116.28,116.4,115.21,115.81,158022.987,2026-01-30T13:59:59.999000+00:00,18300214.06903,72753,82665.39,9573291.50132
2026-01-30T14:00:00+00:00,115.81,117.64,115.78,116.36,205040.888,2026-01-30T14:59:59.999000+00:00,23924431.64771,110971,110375.971,12881080.18851
2026-01-30T15:00:00+00:00,116.36,117.14,114.58,116.8,229905.559,2026-01-30T15:59:59.999000+00:00,26701676.44419,147230,115956.617,13473505.69113
2026-01-30T16:00:00+00:00,116.8,117.99,116.21,117.14,197452.451,2026-01-30T16:59:59.999000+00:00,23147569.9199,111959,109399.297,12825380.71689
2026-01-30T17:00:00+00:00,117.14,117.77,116.55,116.64,135370.509,2026-01-30T17:59:59.999000+00:00,15841906.46441,86678,70109.161,8205516.52132
2026-01-30T18:00:00+00:00,116.63,118.6,114.34,118.1,407588.867,2026-01-30T18:59:59.999000+00:00,47524249.39566,171543,218711.852,25519130.99634
2026-01-30T19:00:00+00:00,118.1,119.12,118.1,118.3,308936.132,2026-01-30T19:59:59.999000+00:00,36661285.52089,124979,179275.455,21275495.94529
2026-01-30T20:00:00+00:00,118.29,118.43,116.52,117.01,287832.556,2026-01-30T20:59:59.999000+00:00,33851414.14477,125296,146725.153,17260403.23832
2026-01-30T21:00:00+00:00,117.01,118.0,116.86,117.38,111021.08,2026-01-30T21:59:59.999000+00:00,13040371.25131,54931,68880.462,8091481.01395
2026-01-30T22:00:00+00:00,117.38,117.56,116.58,117.4,51433.974,2026-01-30T22:59:59.999000+00:00,6021163.63004,35991,23880.789,2795547.99345
2026-01-30T23:00:00+00:00,117.39,117.63,116.9,117.59,58340.581,2026-01-30T23:59:59.999000+00:00,6840478.34588,25566,24965.849,2927549.00665
2026-01-31T00:00:00+00:00,117.6,117.98,117.39,117.55,74010.134,2026-01-31T00:59:59.999000+00:00,8711235.36071,27688,35716.275,4203784.51828
2026-01-31T01:00:00+00:00,117.54,118.37,117.54,118.17,88350.516,2026-01-31T01:59:59.999000+00:00,10432559.21892,32488,46427.765,5482139.46234
2026-01-31T02:00:00+00:00,118.17,118.56,117.6,118.31,91171.039,2026-01-31T02:59:59.999000+00:00,10766338.30258,35119,48357.116,5711938.45063
2026-01-31T03:00:00+00:00,118.31,118.66,118.18,118.39,67125.54,2026-01-31T03:59:59.999000+00:00,7946380.39412,28707,35619.166,4216821.67284
2026-01-31T04:00:00+00:00,118.39,118.85,118.28,118.44,71708.237,2026-01-31T04:59:59.999000+00:00,8504178.38083,28892,36871.088,4372895.14911
2026-01-31T05:00:00+00:00,118.44,118.77,118.01,118.62,113508.253,2026-01-31T05:59:59.999000+00:00,13441040.64818,29255,61463.763,7278428.09616
2026-01-31T06:00:00+00:00,118.62,118.8,117.9,118.54,127097.967,2026-01-31T06:59:59.999000+00:00,15038049.32165,33993,57756.925,6830654.60158
2026-01-31T07:00:00+00:00,118.55,118.6,117.2,117.37,123774.527,2026-01-31T07:59:59.999000+00:00,14576384.5226,37469,58316.019,6867632.82004
2026-01-31T08:00:00+00:00,117.38,117.53,114.29,115.62,515928.384,2026-01-31T08:59:59.999000+00:00,59549419.24358,143883,233990.875,26988039.48525
2026-01-31T09:00:00+00:00,115.62,116.83,115.39,116.36,159270.208,2026-01-31T09:59:59.999000+00:00,18488248.24958,58198,59581.166,6917076.16175
2026-01-31T10:00:00+00:00,116.35,116.92,116.04,116.78,95584.744,2026-01-31T10:59:59.999000+00:00,11136232.77752,35566,41363.78,4819235.16089
2026-01-31T11:00:00+00:00,116.79,116.79,115.97,116.05,98006.581,2026-01-31T11:59:59.999000+00:00,11407200.83977,34753,34854.162,4055922.72502
2026-01-31T12:00:00+00:00,116.06,116.19,115.01,115.19,149919.939,2026-01-31T12:59:59.999000+00:00,17322734.18418,50288,65315.621,7546874.65293
2026-01-31T13:00:00+00:00,115.19,115.23,113.61,114.16,233995.442,2026-01-31T13:59:59.999000+00:00,26771705.23309,72236,100636.911,11512366.73746
2026-01-31T14:00:00+00:00,114.16,114.43,108.23,109.14,1084375.261,2026-01-31T14:59:59.999000+00:00,119711455.79566,412209,496075.78,54683858.1255
2026-01-31T15:00:00+00:00,109.14,110.2,108.39,108.65,322151.589,2026-01-31T15:59:59.999000+00:00,35212983.89576,163765,182084.749,19908388.17299
2026-01-31T16:00:00+00:00,108.65,109.83,105.61,106.28,714247.32,2026-01-31T16:59:59.999000+00:00,76927871.63382,293927,297017.83,32003281.69331
2026-01-31T17:00:00+00:00,106.27,106.73,100.26,103.31,1607334.106,2026-01-31T17:59:59.999000+00:00,166016303.49111,486286,790387.771,81610462.35935
2026-01-31T18:00:00+00:00,103.3,103.88,96.4,101.96,1364930.58,2026-01-31T18:59:59.999000+00:00,137759957.33753,458146,611901.282,61835241.6417
2026-01-31T19:00:00+00:00,101.96,103.49,101.5,101.78,540174.932,2026-01-31T19:59:59.999000+00:00,55391417.63534,271062,307197.254,31504963.51307
2026-01-31T20:00:00+00:00,101.77,102.58,100.4,101.99,248996.895,2026-01-31T20:59:59.999000+00:00,25249792.01016,158218,128511.145,13040047.7829
2026-01-31T21:00:00+00:00,101.99,103.8,101.31,103.49,272806.794,2026-01-31T21:59:59.999000+00:00,28014166.24399,145533,146729.405,15057233.13306
2026-01-31T22:00:00+00:00,103.5,104.39,103.32,104.12,144380.854,2026-01-31T22:59:59.999000+00:00,14988226.08176,85667,72651.204,7541549.38162
2026-01-31T23:00:00+00:00,104.11,106.55,103.86,105.58,258548.484,2026-01-31T23:59:59.999000+00:00,27218194.49857,125252,144102.275,15159822.66587
2026-02-01T00:00:00+00:00,105.58,106.43,105.32,105.67,126041.394,2026-02-01T00:59:59.999000+00:00,13337052.7391,73445,67048.092,7095900.21184
2026-02-01T01:00:00+00:00,105.67,105.81,104.23,104.99,134368.769,2026-02-01T01:59:59.999000+00:00,14087297.7659,65117,65095.729,6824540.65334
2026-02-01T02:00:00+00:00,104.99,105.99,104.77,105.56,86468.395,2026-02-01T02:59:59.999000+00:00,9113135.81196,62087,45557.675,4801439.19517
2026-02-01T03:00:00+00:00,105.56,105.68,104.53,104.97,74562.008,2026-02-01T03:59:59.999000+00:00,7831598.6697,47034,30169.438,3167823.98827
2026-02-01T04:00:00+00:00,104.97,105.51,104.8,105.2,70836.341,2026-02-01T04:59:59.999000+00:00,7452550.3053,37697,38842.288,4085841.6974
2026-02-01T05:00:00+00:00,105.21,105.71,104.5,104.69,107662.538,2026-02-01T05:59:59.999000+00:00,11326299.67387,43562,67000.394,7053655.30706
2026-02-01T06:00:00+00:00,104.69,105.44,104.53,105.07,67431.943,2026-02-01T06:59:59.999000+00:00,7083710.94408,38821,34113.785,3583544.91983
2026-02-01T07:00:00+00:00,105.08,106.02,103.96,105.2,150931.224,2026-02-01T07:59:59.999000+00:00,15842181.54826,70712,78934.721,8290912.79035
2026-02-01T08:00:00+00:00,105.2,106.06,104.81,105.52,104946.087,2026-02-01T08:59:59.999000+00:00,11063078.68071,60955,52683.135,5553027.45625
2026-02-01T09:00:00+00:00,105.52,105.94,104.96,105.79,70479.476,2026-02-01T09:59:59.999000+00:00,7427754.65434,44879,38649.272,4074483.56079
2026-02-01T10:00:00+00:00,105.8,105.85,103.59,103.75,172599.2,2026-02-01T10:59:59.999000+00:00,18091445.32306,77244,64511.537,6769331.29493
2026-02-01T11:00:00+00:00,103.76,105.4,103.73,105.05,114098.12,2026-02-01T11:59:59.999000+00:00,11922185.40425,62215,55588.334,5807017.7629
2026-02-01T12:00:00+00:00,105.06,105.19,104.13,105.05,112117.409,2026-02-01T12:59:59.999000+00:00,11736450.65929,46595,49898.485,5224234.93625
2026-02-01T13:00:00+00:00,105.04,106.69,104.08,104.45,239797.437,2026-02-01T13:59:59.999000+00:00,25321638.70787,94979,125143.583,13219852.96712
2026-02-01T14:00:00+00:00,104.45,104.81,101.75,102.95,396592.179,2026-02-01T14:59:59.999000+00:00,40825466.21068,183325,168639.11,17358482.09861
2026-02-01T15:00:00+00:00,102.96,102.96,100.21,101.69,285436.953,2026-02-01T15:59:59.999000+00:00,28965022.76234,183214,120234.597,12195401.04603
2026-02-01T16:00:00+00:00,101.7,102.89,100.93,101.73,193048.485,2026-02-01T16:59:59.999000+00:00,19675438.19969,138455,92581.084,9439702.51929
2026-02-01T17:00:00+00:00,101.73,102.5,101.13,102.44,138966.924,2026-02-01T17:59:59.999000+00:00,14141551.65874,84950,74545.685,7586805.01285
2026-02-01T18:00:00+00:00,102.44,104.27,102.43,103.45,221112.844,2026-02-01T18:59:59.999000+00:00,22881211.03878,122842,124601.587,12895684.71652
2026-02-01T19:00:00+00:00,103.44,103.77,101.56,101.94,121292.53,2026-02-01T19:59:59.999000+00:00,12426602.30637,62777,57961.338,5941126.24082
2026-02-01T20:00:00+00:00,101.94,102.87,100.19,101.59,243862.735,2026-02-01T20:59:59.999000+00:00,24748595.68898,109951,117838.967,11956741.40921
2026-02-01T21:00:00+00:00,101.59,101.71,100.13,100.85,173272.634,2026-02-01T21:59:59.999000+00:00,17477943.89268,114114,82894.482,8360995.82942
2026-02-01T22:00:00+00:00,100.85,102.88,100.82,101.8,148936.336,2026-02-01T22:59:59.999000+00:00,15177355.58682,90339,79164.424,8067275.45202
2026-02-01T23:00:00+00:00,101.79,102.05,98.02,100.79,649394.09,2026-02-01T23:59:59.999000+00:00,64883994.02168,286904,320577.394,32011794.61581
2026-02-02T00:00:00+00:00,100.78,102.9,99.65,102.28,388170.014,2026-02-02T00:59:59.999000+00:00,39567227.55444,174238,189001.383,19258497.55934
2026-02-02T01:00:00+00:00,102.28,103.14,100.41,102.09,200480.789,2026-02-02T01:59:59.999000+00:00,20437104.21653,137603,94888.252,9680088.21924
2026-02-02T02:00:00+00:00,102.1,102.74,100.57,100.75,171221.396,2026-02-02T02:59:59.999000+00:00,17422238.29871,99826,83499.994,8496647.60668
2026-02-02T03:00:00+00:00,100.75,100.88,95.95,100.07,751071.305,2026-02-02T03:59:59.999000+00:00,73609100.94758,348187,329469.591,32315989.06312
2026-02-02T04:00:00+00:00,100.08,101.79,98.66,100.31,256969.433,2026-02-02T04:59:59.999000+00:00,25808420.39729,134111,124023.781,12449995.28625
2026-02-02T05:00:00+00:00,100.3,100.46,97.67,98.3,320609.52,2026-02-02T05:59:59.999000+00:00,31657903.54167,167407,141557.064,13972720.96745
2026-02-02T06:00:00+00:00,98.3,101.4,97.07,100.72,663349.31,2026-02-02T06:59:59.999000+00:00,65957384.13115,289798,324908.077,32338825.22555
2026-02-02T07:00:00+00:00,100.72,102.43,100.46,101.43,334885.952,2026-02-02T07:59:59.999000+00:00,33941192.29575,146161,153979.962,15620054.20963
2026-02-02T08:00:00+00:00,101.42,102.49,101.36,101.7,265638.565,2026-02-02T08:59:59.999000+00:00,27069956.96306,115014,123733.609,12609176.26637
2026-02-02T09:00:00+00:00,101.71,103.19,101.42,102.79,271740.85,2026-02-02T09:59:59.999000+00:00,27845906.60786,108572,145630.217,14921875.65345
2026-02-02T10:00:00+00:00,102.79,103.45,102.62,102.88,128297.428,2026-02-02T10:59:59.999000+00:00,13214073.30024,66035,64057.499,6599247.85338
2026-02-02T11:00:00+00:00,102.89,103.44,102.65,102.78,125649.771,2026-02-02T11:59:59.999000+00:00,12949325.53126,64610,59946.084,6179330.93421
2026-02-02T12:00:00+00:00,102.78,103.78,102.78,103.3,103997.092,2026-02-02T12:59:59.999000+00:00,10737195.11034,68889,62167.037,6418658.35236
2026-02-02T13:00:00+00:00,103.29,103.7,102.83,103.33,94483.569,2026-02-02T13:59:59.999000+00:00,9750970.01913,67809,44588.75,4602489.42822
2026-02-02T14:00:00+00:00,103.33,105.14,102.39,103.97,326326.232,2026-02-02T14:59:59.999000+00:00,33922161.52795,196124,156546.101,16277535.03143
2026-02-02T15:00:00+00:00,103.97,106.12,103.56,104.7,361531.853,2026-02-02T15:59:59.999000+00:00,38013668.61741,185683,181810.649,19123193.94854
2026-02-02T16:00:00+00:00,104.69,105.78,104.28,105.0,168382.676,2026-02-02T16:59:59.999000+00:00,17697703.13147,107301,71719.887,7538559.46864
2026-02-02T17:00:00+00:00,105.0,105.58,104.45,104.81,139614.847,2026-02-02T17:59:59.999000+00:00,14675904.88084,77604,67651.375,7113520.49106
2026-02-02T18:00:00+00:00,104.81,105.04,103.88,104.72,110398.202,2026-02-02T18:59:59.999000+00:00,11529288.61013,68052,47091.808,4918882.41897
2026-02-02T19:00:00+00:00,104.72,104.84,103.51,103.89,97318.24,2026-02-02T19:59:59.999000+00:00,10135645.4716,58884,42895.405,4467347.27488
2026-02-02T20:00:00+00:00,103.88,104.26,103.32,103.84,117301.349,2026-02-02T20:59:59.999000+00:00,12172006.41426,67247,56801.335,5894566.72042
2026-02-02T21:00:00+00:00,103.85,104.99,103.8,104.84,71731.119,2026-02-02T21:59:59.999000+00:00,7503957.36808,43204,42063.131,4399616.64978
2026-02-02T22:00:00+00:00,104.84,105.2,104.55,105.02,50345.646,2026-02-02T22:59:59.999000+00:00,5283186.99658,30724,25514.872,2678009.29852
2026-02-02T23:00:00+00:00,105.02,105.07,104.41,104.55,54517.523,2026-02-02T23:59:59.999000+00:00,5707520.00115,33896,29478.039,3086337.67561
2026-02-03T00:00:00+00:00,104.54,104.67,103.7,104.18,104401.334,2026-02-03T00:59:59.999000+00:00,10859342.14309,58177,55976.63,5821239.36445
2026-02-03T01:00:00+00:00,104.17,104.4,103.56,104.39,74503.014,2026-02-03T01:59:59.999000+00:00,7744574.90908,51494,33909.118,3525735.56641
2026-02-03T02:00:00+00:00,104.4,104.4,102.35,102.44,94235.257,2026-02-03T02:59:59.999000+00:00,9725909.51752,65829,36625.392,3780694.30789
2026-02-03T03:00:00+00:00,102.44,104.42,102.18,104.16,139835.881,2026-02-03T03:59:59.999000+00:00,14404037.15778,70813,74840.77,7714808.21759
2026-02-03T04:00:00+00:00,104.17,105.1,103.86,104.68,65013.811,2026-02-03T04:59:59.999000+00:00,6789316.41026,39580,34007.779,3552919.41821
2026-02-03T05:00:00+00:00,104.68,104.73,103.65,103.72,59729.763,2026-02-03T05:59:59.999000+00:00,6215010.84502,37686,26417.711,2748534.54435
2026-02-03T06:00:00+00:00,103.72,104.08,102.96,103.98,93535.533,2026-02-03T06:59:59.999000+00:00,9687401.28249,43649,47669.166,4938419.09836
2026-02-03T07:00:00+00:00,103.98,104.91,103.75,104.7,84268.477,2026-02-03T07:59:59.999000+00:00,8798909.31099,45595,46977.183,4905354.97915
2026-02-03T08:00:00+00:00,104.7,105.04,104.07,104.11,91071.169,2026-02-03T08:59:59.999000+00:00,9527279.95708,47720,41156.884,4307067.53329
2026-02-03T09:00:00+00:00,104.11,104.21,102.54,103.15,169415.452,2026-02-03T09:59:59.999000+00:00,17493607.896,79024,82135.423,8483975.92261
2026-02-03T10:00:00+00:00,103.14,103.35,102.5,102.9,94786.204,2026-02-03T10:59:59.999000+00:00,9756425.93021,45784,45561.151,4689786.00782
2026-02-03T11:00:00+00:00,102.91,103.42,102.83,103.01,70281.313,2026-02-03T11:59:59.999000+00:00,7251033.20867,40679,32726.208,3376629.45667
2026-02-03T12:00:00+00:00,103.01,103.38,102.53,103.13,120153.518,2026-02-03T12:59:59.999000+00:00,12376006.19617,50528,58689.207,6045980.39067
2026-02-03T13:00:00+00:00,103.13,103.59,102.74,103.42,92001.779,2026-02-03T13:59:59.999000+00:00,9486419.15338,45669,42002.67,4331122.43746
2026-02-03T14:00:00+00:00,103.41,103.65,100.75,100.86,240476.164,2026-02-03T14:59:59.999000+00:00,24594599.25201,121786,105189.133,10759554.24943
2026-02-03T15:00:00+00:00,100.85,102.79,100.41,102.56,363592.435,2026-02-03T15:59:59.999000+00:00,36967027.30204,202322,199532.572,20293519.15691
2026-02-03T16:00:00+00:00,102.56,102.56,99.96,100.73,292972.486,2026-02-03T16:59:59.999000+00:00,29537098.82016,130399,119856.015,12093241.58419
2026-02-03T17:00:00+00:00,100.72,100.97,99.03,99.11,261309.985,2026-02-03T17:59:59.999000+00:00,26084612.95739,135246,115284.067,11507031.00498
2026-02-03T18:00:00+00:00,99.11,99.43,96.64,96.84,492016.125,2026-02-03T18:59:59.999000+00:00,48182427.54184,196972,199463.916,19531232.0215
2026-02-03T19:00:00+00:00,96.83,100.1,96.7,99.02,422917.456,2026-02-03T19:59:59.999000+00:00,41760388.04217,186332,243343.745,24042325.14354
2026-02-03T20:00:00+00:00,99.01,102.07,98.31,101.14,463864.095,2026-02-03T20:59:59.999000+00:00,46632299.85791,171358,272060.134,27337953.20564
2026-02-03T21:00:00+00:00,101.14,101.85,100.0,100.2,217826.199,2026-02-03T21:59:59.999000+00:00,22027051.32768,84103,116096.73,11745955.32472
2026-02-03T22:00:00+00:00,100.21,100.29,98.15,98.48,174220.531,2026-02-03T22:59:59.999000+00:00,17301039.51083,80781,85330.726,8472144.83099
2026-02-03T23:00:00+00:00,98.48,98.6,97.21,97.89,231590.134,2026-02-03T23:59:59.999000+00:00,22663349.69677,104111,112760.995,11039322.60456
2026-02-04T00:00:00+00:00,97.89,98.8,97.17,97.99,159961.645,2026-02-04T00:59:59.999000+00:00,15684939.82973,83857,79106.646,7760112.26167
2026-02-04T01:00:00+00:00,97.99,99.67,97.99,99.12,218613.585,2026-02-04T01:59:59.999000+00:00,21685361.26148,82086,106026.228,10518179.91983
2026-02-04T02:00:00+00:00,99.12,99.2,97.41,97.93,114405.673,2026-02-04T02:59:59.999000+00:00,11250517.071,70571,48625.179,4783092.80079
2026-02-04T03:00:00+00:00,97.94,99.64,97.92,99.13,152272.144,2026-02-04T03:59:59.999000+00:00,15073292.09686,65338,94466.344,9349847.84384
2026-02-04T04:00:00+00:00,99.12,99.35,98.04,98.09,92965.528,2026-02-04T04:59:59.999000+00:00,9181834.74096,42160,36307.43,3588618.3928
2026-02-04T05:00:00+00:00,98.1,98.46,96.46,97.02,179530.995,2026-02-04T05:59:59.999000+00:00,17492357.89248,70791,75631.726,7372183.16944
2026-02-04T06:00:00+00:00,97.02,98.8,96.78,98.25,152204.959,2026-02-04T06:59:59.999000+00:00,14886239.58458,65728,86155.9,8426770.71733
2026-02-04T07:00:00+00:00,98.25,98.25,97.41,97.9,137254.97,2026-02-04T07:59:59.999000+00:00,13434058.11323,65625,63944.358,6257867.39947
2026-02-04T08:00:00+00:00,97.91,97.96,96.77,97.73,129646.36,2026-02-04T08:59:59.999000+00:00,12622438.87037,63026,52524.502,5116003.12858
2026-02-04T09:00:00+00:00,97.72,97.79,96.76,97.14,218414.914,2026-02-04T09:59:59.999000+00:00,21240053.95604,65266,106637.105,10375824.61631
2026-02-04T10:00:00+00:00,97.14,97.29,96.76,97.03,137721.348,2026-02-04T10:59:59.999000+00:00,13366181.36483,50521,52056.511,5052322.40782
2026-02-04T11:00:00+00:00,97.03,97.07,94.71,96.11,538023.224,2026-02-04T11:59:59.999000+00:00,51510833.58517,155126,226755.483,21715171.85617
2026-02-04T12:00:00+00:00,96.12,96.73,95.86,96.47,115606.188,2026-02-04T12:59:59.999000+00:00,11126368.04236,58968,61454.273,5916479.64886
2026-02-04T13:00:00+00:00,96.47,96.48,94.17,94.39,239663.684,2026-02-04T13:59:59.999000+00:00,22802653.52684,109532,97541.177,9280265.60999
2026-02-04T14:00:00+00:00,94.38,95.04,92.95,93.13,424135.443,2026-02-04T14:59:59.999000+00:00,39910194.98408,234970,206523.778,19446922.54319
2026-02-04T15:00:00+00:00,93.12,94.2,91.31,92.79,528333.294,2026-02-04T15:59:59.999000+00:00,49025437.0043,318603,259549.475,24094385.92528
2026-02-04T16:00:00+00:00,92.8,93.13,90.98,91.97,433203.065,2026-02-04T16:59:59.999000+00:00,39866207.64496,214133,226644.946,20868933.80778
2026-02-04T17:00:00+00:00,91.97,92.63,90.0,91.44,421163.314,2026-02-04T17:59:59.999000+00:00,38370632.61495,203217,220434.286,20095284.98708
2026-02-04T18:00:00+00:00,91.45,93.24,90.35,92.3,451732.674,2026-02-04T18:59:59.999000+00:00,41487227.14726,212920,253280.775,23262069.10185
2026-02-04T19:00:00+00:00,92.3,94.71,92.28,94.38,315268.825,2026-02-04T19:59:59.999000+00:00,29598205.32619,167013,181956.096,17081502.54136
2026-02-04T20:00:00+00:00,94.38,94.5,93.0,93.24,165959.333,2026-02-04T20:59:59.999000+00:00,15531316.64829,84846,90964.55,8511987.45388
2026-02-04T21:00:00+00:00,93.24,93.39,90.73,91.32,329000.461,2026-02-04T21:59:59.999000+00:00,30286256.36524,143911,173790.6,15995347.77765
2026-02-04T22:00:00+00:00,91.33,92.9,89.3,90.82,348795.709,2026-02-04T22:59:59.999000+00:00,31728667.21408,186777,163609.493,14888317.76598
2026-02-04T23:00:00+00:00,90.82,92.94,90.26,92.12,247582.036,2026-02-04T23:59:59.999000+00:00,22702565.01705,125024,131952.355,12096049.80879
2026-02-05T00:00:00+00:00,92.11,92.76,91.37,91.74,135956.978,2026-02-05T00:59:59.999000+00:00,12520392.5904,82898,62624.034,5768446.76715
2026-02-05T01:00:00+00:00,91.75,92.89,90.52,91.94,229315.953,2026-02-05T01:59:59.999000+00:00,21090808.95393,160100,108424.24,9977594.45549
2026-02-05T02:00:00+00:00,91.94,92.72,90.7,90.93,251723.337,2026-02-05T02:59:59.999000+00:00,23071370.79945,158746,111787.826,10246426.82488
2026-02-05T03:00:00+00:00,90.92,91.69,90.24,91.15,233855.042,2026-02-05T03:59:59.999000+00:00,21275536.52032,141737,99998.255,9099502.03331
2026-02-05T04:00:00+00:00,91.14,91.92,90.32,91.13,309041.126,2026-02-05T04:59:59.999000+00:00,28142895.42441,153355,156344.773,14234770.07787
2026-02-05T05:00:00+00:00,91.13,92.11,89.92,91.17,338190.784,2026-02-05T05:59:59.999000+00:00,30780177.13841,143591,167306.727,15236121.1096
2026-02-05T06:00:00+00:00,91.17,91.24,89.68,90.21,290107.668,2026-02-05T06:59:59.999000+00:00,26175009.14816,116473,153899.837,13882978.35959
2026-02-05T07:00:00+00:00,90.22,91.66,90.16,90.54,206321.3,2026-02-05T07:59:59.999000+00:00,18794057.65,97904,112875.087,10279080.99604
2026-02-05T08:00:00+00:00,90.55,92.46,90.55,91.77,187136.515,2026-02-05T08:59:59.999000+00:00,17157333.75445,80776,113063.553,10361081.27772
2026-02-05T09:00:00+00:00,91.77,93.43,91.74,92.5,221009.002,2026-02-05T09:59:59.999000+00:00,20478766.71787,84006,124471.149,11533776.94843
2026-02-05T10:00:00+00:00,92.51,92.66,89.8,90.31,256513.571,2026-02-05T10:59:59.999000+00:00,23434931.96153,82150,97067.583,8871363.20699
2026-02-05T11:00:00+00:00,90.31,90.82,88.66,89.98,396887.146,2026-02-05T11:59:59.999000+00:00,35605846.32553,150276,166390.381,14945475.06315
2026-02-05T12:00:00+00:00,89.98,90.76,88.68,89.53,335956.945,2026-02-05T12:59:59.999000+00:00,30070121.01147,187121,164024.711,14682860.76983
2026-02-05T13:00:00+00:00,89.52,90.06,88.2,88.48,235626.321,2026-02-05T13:59:59.999000+00:00,20940835.12078,116129,124733.298,11085424.67071
2026-02-05T14:00:00+00:00,88.48,91.43,88.31,88.6,402176.134,2026-02-05T14:59:59.999000+00:00,36149602.16596,257568,204859.201,18421403.08668
2026-02-05T15:00:00+00:00,88.6,88.99,83.44,84.61,1244012.124,2026-02-05T15:59:59.999000+00:00,106345017.12025,509428,552661.822,47236135.40332
2026-02-05T16:00:00+00:00,84.61,86.2,83.69,85.55,620015.939,2026-02-05T16:59:59.999000+00:00,52633936.60366,302191,290417.996,24677201.74681
2026-02-05T17:00:00+00:00,85.55,85.73,82.44,82.7,566133.877,2026-02-05T17:59:59.999000+00:00,47337361.28906,324096,257576.211,21537041.24995
2026-02-05T18:00:00+00:00,82.7,83.34,81.21,82.96,519726.287,2026-02-05T18:59:59.999000+00:00,42688968.77483,287286,251378.113,20659523.6612
2026-02-05T19:00:00+00:00,82.96,83.31,81.41,81.68,257589.954,2026-02-05T19:59:59.999000+00:00,21197061.10102,169340,130244.104,10723115.75564
2026-02-05T20:00:00+00:00,81.68,82.3,77.68,78.84,1411253.151,2026-02-05T20:59:59.999000+00:00,112091411.4247,506510,569941.531,45200077.41292
2026-02-05T21:00:00+00:00,78.84,81.2,78.38,79.0,617082.215,2026-02-05T21:59:59.999000+00:00,49161842.34864,326548,312038.999,24884700.21056
2026-02-05T22:00:00+00:00,79.01,80.68,77.6,79.81,540957.902,2026-02-05T22:59:59.999000+00:00,42859495.69803,254095,285957.196,22657718.17608
2026-02-05T23:00:00+00:00,79.81,81.63,78.08,78.35,436766.209,2026-02-05T23:59:59.999000+00:00,34786203.86841,179247,218652.294,17435530.96271
2026-02-06T00:00:00+00:00,78.34,78.8,67.5,75.51,3089489.443,2026-02-06T00:59:59.999000+00:00,225425885.10683,856860,1465080.78,106954876.41264
2026-02-06T01:00:00+00:00,75.51,79.79,75.48,79.6,700827.467,2026-02-06T01:59:59.999000+00:00,54358633.94685,332085,382670.591,29699189.89792
2026-02-06T02:00:00+00:00,79.6,80.3,76.4,76.95,611199.893,2026-02-06T02:59:59.999000+00:00,47656102.63785,219060,287267.596,22417246.89425
2026-02-06T03:00:00+00:00,76.95,77.4,75.73,76.71,456321.363,2026-02-06T03:59:59.999000+00:00,34968296.58863,156799,213521.474,16384596.72465
2026-02-06T04:00:00+00:00,76.71,78.03,76.22,77.76,253885.587,2026-02-06T04:59:59.999000+00:00,19602924.32379,103849,127186.706,9823143.97746
2026-02-06T05:00:00+00:00,77.75,81.65,77.59,81.15,395672.114,2026-02-06T05:59:59.999000+00:00,31516294.22376,130662,226102.722,17999481.39936
2026-02-06T06:00:00+00:00,81.15,81.6,79.39,79.5,345800.297,2026-02-06T06:59:59.999000+00:00,27820183.22156,119865,162523.018,13079983.35133
2026-02-06T07:00:00+00:00,79.51,80.61,78.76,79.59,322896.132,2026-02-06T07:59:59.999000+00:00,25680984.21693,95413,137601.105,10951721.13894
2026-02-06T08:00:00+00:00,79.6,80.23,78.67,79.07,298250.313,2026-02-06T08:59:59.999000+00:00,23658067.0554,97037,100056.939,7939749.20876
2026-02-06T09:00:00+00:00,79.07,81.69,78.95,81.34,275609.175,2026-02-06T09:59:59.999000+00:00,22108040.53079,89500,147298.565,11820086.86305
2026-02-06T10:00:00+00:00,81.34,82.04,80.74,80.81,287047.944,2026-02-06T10:59:59.999000+00:00,23330176.10694,84202,140739.951,11444499.05919
2026-02-06T11:00:00+00:00,80.81,81.75,80.46,81.36,193389.344,2026-02-06T11:59:59.999000+00:00,15685617.72658,73223,104062.366,8440610.42295
2026-02-06T12:00:00+00:00,81.36,81.96,80.85,81.89,194847.569,2026-02-06T12:59:59.999000+00:00,15872884.88996,68609,84031.029,6845255.01057
2026-02-06T13:00:00+00:00,81.9,83.85,81.7,83.11,478357.397,2026-02-06T13:59:59.999000+00:00,39658879.38013,137398,242711.975,20135076.10993
2026-02-06T14:00:00+00:00,83.11,85.19,81.9,84.18,557554.302,2026-02-06T14:59:59.999000+00:00,46564280.64567,241676,293852.511,24545393.4097
2026-02-06T15:00:00+00:00,84.18,85.06,83.4,84.49,474300.983,2026-02-06T15:59:59.999000+00:00,39955900.17748,213957,252118.705,21248964.3814
2026-02-06T16:00:00+00:00,84.48,87.23,83.66,86.74,556817.838,2026-02-06T16:59:59.999000+00:00,47814605.77752,212082,279651.71,24016053.22271
2026-02-06T17:00:00+00:00,86.74,88.72,86.16,86.73,528459.779,2026-02-06T17:59:59.999000+00:00,46131918.64957,181887,240355.153,20992820.822
2026-02-06T18:00:00+00:00,86.73,86.87,85.23,86.17,327231.78,2026-02-06T18:59:59.999000+00:00,28150271.84313,133816,158815.686,13664736.18138
2026-02-06T19:00:00+00:00,86.17,87.45,85.56,87.09,321039.854,2026-02-06T19:59:59.999000+00:00,27794927.78393,96755,171085.782,14818836.39222
2026-02-06T20:00:00+00:00,87.09,87.96,86.63,86.92,261798.76,2026-02-06T20:59:59.999000+00:00,22840196.7049,89764,130884.697,11425883.53554
2026-02-06T21:00:00+00:00,86.91,88.2,86.6,88.06,222150.345,2026-02-06T21:59:59.999000+00:00,19448753.40137,69645,113877.588,9977127.21019
2026-02-06T22:00:00+00:00,88.07,89.84,87.95,89.17,276451.098,2026-02-06T22:59:59.999000+00:00,24596005.12915,82884,178942.884,15922144.36812
2026-02-06T23:00:00+00:00,89.17,89.6,87.36,87.46,381696.989,2026-02-06T23:59:59.999000+00:00,33668295.2533,93576,132715.252,11703935.26093
2026-02-07T00:00:00+00:00,87.45,87.47,86.1,86.57,394199.595,2026-02-07T00:59:59.999000+00:00,34152319.15877,152519,147104.748,12744739.96243
2026-02-07T01:00:00+00:00,86.56,87.49,85.91,87.13,171212.256,2026-02-07T01:59:59.999000+00:00,14829430.1006,64080,89512.413,7757967.88543
2026-02-07T02:00:00+00:00,87.12,87.61,86.81,87.35,97079.195,2026-02-07T02:59:59.999000+00:00,8460592.40954,49207,52753.869,4598606.12475
2026-02-07T03:00:00+00:00,87.35,88.39,87.24,88.1,156169.361,2026-02-07T03:59:59.999000+00:00,13740520.79338,56410,95920.379,8438523.80921
2026-02-07T04:00:00+00:00,88.09,89.04,87.29,87.73,206456.826,2026-02-07T04:59:59.999000+00:00,18209579.97865,77001,125555.642,11074109.8438
2026-02-07T05:00:00+00:00,87.74,88.64,87.55,87.81,141424.854,2026-02-07T05:59:59.999000+00:00,12454469.33192,55209,67746.622,5966527.67752
2026-02-07T06:00:00+00:00,87.8,88.25,86.22,86.25,158715.59,2026-02-07T06:59:59.999000+00:00,13873350.96397,58037,58751.222,5140320.23921
2026-02-07T07:00:00+00:00,86.25,86.65,84.16,85.29,469013.761,2026-02-07T07:59:59.999000+00:00,39995240.39289,186192,212877.239,18159542.86219
2026-02-07T08:00:00+00:00,85.29,85.74,84.75,85.36,159075.988,2026-02-07T08:59:59.999000+00:00,13554549.22067,68785,90706.061,7731871.06429
2026-02-07T09:00:00+00:00,85.36,85.73,84.81,85.24,105888.694,2026-02-07T09:59:59.999000+00:00,9024544.15563,46816,51703.945,4408981.96294
2026-02-07T10:00:00+00:00,85.23,85.48,84.51,85.0,103550.783,2026-02-07T10:59:59.999000+00:00,8803638.06781,44191,48085.157,4089559.29232
2026-02-07T11:00:00+00:00,85.0,85.2,84.58,84.91,80180.824,2026-02-07T11:59:59.999000+00:00,6803967.48562,37742,41901.942,3556013.72825
2026-02-07T12:00:00+00:00,84.9,87.2,84.85,86.22,226079.916,2026-02-07T12:59:59.999000+00:00,19476119.08856,106696,126071.086,10857950.22383
2026-02-07T13:00:00+00:00,86.23,86.65,85.57,86.13,108278.914,2026-02-07T13:59:59.999000+00:00,9320899.88624,47837,54541.358,4696602.206
2026-02-07T14:00:00+00:00,86.13,86.61,85.51,85.77,101836.211,2026-02-07T14:59:59.999000+00:00,8758589.72642,48709,40924.517,3520663.728
2026-02-07T15:00:00+00:00,85.77,86.97,85.65,86.57,133334.935,2026-02-07T15:59:59.999000+00:00,11524275.30865,62174,73717.882,6370598.08866
2026-02-07T16:00:00+00:00,86.56,88.12,86.17,87.05,1017602.208,2026-02-07T16:59:59.999000+00:00,88734399.52554,274063,510334.79,44514536.10006
2026-02-07T17:00:00+00:00,87.06,87.74,86.48,87.65,95222.813,2026-02-07T17:59:59.999000+00:00,8297471.29762,53343,51682.483,4505363.13718
2026-02-07T18:00:00+00:00,87.64,89.19,87.45,88.71,127323.95,2026-02-07T18:59:59.999000+00:00,11262337.26357,61305,64479.01,5703429.11142
2026-02-07T19:00:00+00:00,88.72,88.79,88.03,88.3,91821.874,2026-02-07T19:59:59.999000+00:00,8119483.07515,41798,37096.225,3280706.76316
2026-02-07T20:00:00+00:00,88.3,89.2,88.01,88.91,90428.71,2026-02-07T20:59:59.999000+00:00,8018736.23693,40798,38770.641,3438991.79844
2026-02-07T21:00:00+00:00,88.92,89.2,88.12,88.21,63097.957,2026-02-07T21:59:59.999000+00:00,5596154.02288,33780,26505.695,2351406.26037
2026-02-07T22:00:00+00:00,88.22,88.77,88.16,88.27,59206.976,2026-02-07T22:59:59.999000+00:00,5235239.82401,27850,26423.442,2336524.19602
2026-02-07T23:00:00+00:00,88.28,88.34,86.86,87.59,129447.289,2026-02-07T23:59:59.999000+00:00,11329288.94756,51499,55010.683,4814093.75579
2026-02-08T00:00:00+00:00,87.59,87.68,87.1,87.35,73903.602,2026-02-08T00:59:59.999000+00:00,6454408.63734,35935,36330.426,3173112.10121
2026-02-08T01:00:00+00:00,87.34,88.0,87.31,87.89,44359.781,2026-02-08T01:59:59.999000+00:00,3891783.34756,23915,24159.254,2119534.65832
2026-02-08T02:00:00+00:00,87.89,88.22,86.94,87.27,58486.62,2026-02-08T02:59:59.999000+00:00,5123075.56261,29443,31033.399,2719544.40425
2026-02-08T03:00:00+00:00,87.27,87.54,86.7,86.82,45889.843,2026-02-08T03:59:59.999000+00:00,3999925.03497,24474,17732.971,1546566.98811
2026-02-08T04:00:00+00:00,86.82,87.42,86.63,87.41,66781.733,2026-02-08T04:59:59.999000+00:00,5814998.34921,26316,27547.326,2398825.61169
2026-02-08T05:00:00+00:00,87.4,87.56,87.05,87.29,55447.452,2026-02-08T05:59:59.999000+00:00,4838641.53615,19200,27432.895,2393811.11503
2026-02-08T06:00:00+00:00,87.29,87.51,86.94,87.17,44402.551,2026-02-08T06:59:59.999000+00:00,3874822.31992,20724,22726.689,1983451.59526
2026-02-08T07:00:00+00:00,87.17,87.42,86.69,87.42,59984.483,2026-02-08T07:59:59.999000+00:00,5219945.58665,26294,34025.234,2961603.47772
2026-02-08T08:00:00+00:00,87.41,88.83,86.94,88.65,154801.22,2026-02-08T08:59:59.999000+00:00,13640537.16954,67434,89103.578,7851476.54036
2026-02-08T09:00:00+00:00,88.64,88.99,87.54,87.61,120713.8,2026-02-08T09:59:59.999000+00:00,10647889.93876,50463,68486.541,6040717.14072
2026-02-08T10:00:00+00:00,87.6,88.13,86.44,86.88,175698.972,2026-02-08T10:59:59.999000+00:00,15298930.33205,51810,93997.915,8187781.52132
2026-02-08T11:00:00+00:00,86.88,88.32,86.75,88.25,118764.394,2026-02-08T11:59:59.999000+00:00,10424634.05543,52690,69794.44,6125363.75841
2026-02-08T12:00:00+00:00,88.25,88.37,87.7,88.17,95469.92,2026-02-08T12:59:59.999000+00:00,8403249.284,38760,53847.307,4740011.95227
2026-02-08T13:00:00+00:00,88.16,88.89,87.78,88.58,174290.127,2026-02-08T13:59:59.999000+00:00,15401641.9256,43527,110479.334,9762998.68393
2026-02-08T14:00:00+00:00,88.57,88.75,88.02,88.43,107095.355,2026-02-08T14:59:59.999000+00:00,9468999.13383,33579,52590.161,4648802.4097
2026-02-08T15:00:00+00:00,88.43,88.76,87.35,87.77,141084.42,2026-02-08T15:59:59.999000+00:00,12413815.1206,50944,66804.661,5880341.80321
2026-02-08T16:00:00+00:00,87.78,87.91,85.77,86.22,196433.561,2026-02-08T16:59:59.999000+00:00,17059685.62383,62836,81644.901,7093144.76206
2026-02-08T17:00:00+00:00,86.22,87.12,86.19,86.96,92076.564,2026-02-08T17:59:59.999000+00:00,7990267.11421,35841,46312.532,4018774.99314
2026-02-08T18:00:00+00:00,86.96,88.61,86.94,87.85,98751.218,2026-02-08T18:59:59.999000+00:00,8680585.07213,42621,56857.485,4999256.11362
2026-02-08T19:00:00+00:00,87.84,88.59,87.81,88.41,95387.48,2026-02-08T19:59:59.999000+00:00,8416315.11874,32347,50667.783,4471580.04478
2026-02-08T20:00:00+00:00,88.41,88.42,86.76,86.9,70417.156,2026-02-08T20:59:59.999000+00:00,6157403.36006,32639,32576.335,2848028.91101
2026-02-08T21:00:00+00:00,86.89,87.34,86.24,86.6,76328.524,2026-02-08T21:59:59.999000+00:00,6627635.84851,30430,36206.682,3144254.83518
2026-02-08T22:00:00+00:00,86.61,87.27,86.46,87.13,51261.397,2026-02-08T22:59:59.999000+00:00,4453055.67819,32695,26389.073,2292436.95213
2026-02-08T23:00:00+00:00,87.12,89.08,86.06,86.99,317168.51,2026-02-08T23:59:59.999000+00:00,27805410.95689,175933,155565.671,13647754.80485
2026-02-09T00:00:00+00:00,86.99,87.45,86.39,87.07,102967.745,2026-02-09T00:59:59.999000+00:00,8947941.28501,80024,48473.771,4212899.12855
2026-02-09T01:00:00+00:00,87.06,87.98,85.75,86.42,195325.89,2026-02-09T01:59:59.999000+00:00,16915222.95955,93863,83326.014,7217069.34853
2026-02-09T02:00:00+00:00,86.42,87.85,86.18,87.01,128571.686,2026-02-09T02:59:59.999000+00:00,11199245.79285,65056,59871.306,5215765.41749
2026-02-09T03:00:00+00:00,87.02,87.91,86.84,87.67,100440.097,2026-02-09T03:59:59.999000+00:00,8777248.26098,62161,51751.643,4523299.58348
2026-02-09T04:00:00+00:00,87.67,87.72,86.97,87.12,84272.191,2026-02-09T04:59:59.999000+00:00,7360687.44869,39946,40752.799,3560324.48057
2026-02-09T05:00:00+00:00,87.12,87.44,86.88,87.26,58711.37,2026-02-09T05:59:59.999000+00:00,5115397.37257,31663,31035.708,2704240.60192
2026-02-09T06:00:00+00:00,87.26,87.26,85.96,86.45,146133.759,2026-02-09T06:59:59.999000+00:00,12625976.20552,54041,67486.47,5830575.24709
2026-02-09T07:00:00+00:00,86.45,86.61,85.19,85.5,203982.039,2026-02-09T07:59:59.999000+00:00,17530974.74746,63612,98401.91,8459986.90301
2026-02-09T08:00:00+00:00,85.5,85.64,83.86,84.59,271738.011,2026-02-09T08:59:59.999000+00:00,23005082.83656,88249,140224.433,11866390.84039
2026-02-09T09:00:00+00:00,84.58,84.93,83.94,84.33,134655.899,2026-02-09T09:59:59.999000+00:00,11363911.7796,46939,55707.266,4703471.50054
2026-02-09T10:00:00+00:00,84.32,84.48,82.86,83.23,257658.59,2026-02-09T10:59:59.999000+00:00,21525458.88454,76415,126316.576,10549676.19149
2026-02-09T11:00:00+00:00,83.23,83.7,83.22,83.47,110314.269,2026-02-09T11:59:59.999000+00:00,9207159.69666,42351,58888.29,4915309.87381
2026-02-09T12:00:00+00:00,83.48,84.37,83.45,84.06,102588.891,2026-02-09T12:59:59.999000+00:00,8610944.18592,36292,59643.763,5006089.17884
2026-02-09T13:00:00+00:00,84.05,84.62,83.75,83.77,110564.323,2026-02-09T13:59:59.999000+00:00,9309999.99071,40433,51868.432,4368493.2641
2026-02-09T14:00:00+00:00,83.77,85.24,83.55,84.96,245510.837,2026-02-09T14:59:59.999000+00:00,20691189.61654,134807,128853.322,10861439.32652
2026-02-09T15:00:00+00:00,84.95,85.8,84.32,85.28,178629.671,2026-02-09T15:59:59.999000+00:00,15214301.219,99731,86929.214,7407893.01767
2026-02-09T16:00:00+00:00,85.28,86.86,84.81,86.11,154239.302,2026-02-09T16:59:59.999000+00:00,13244844.15154,94891,87740.635,7536470.84698
2026-02-09T17:00:00+00:00,86.11,88.1,85.66,87.79,273235.271,2026-02-09T17:59:59.999000+00:00,23794536.67004,116604,137806.685,12000768.39062
2026-02-09T18:00:00+00:00,87.78,88.69,87.07,87.51,262915.556,2026-02-09T18:59:59.999000+00:00,23093120.23418,120486,117577.236,10327282.37563
2026-02-09T19:00:00+00:00,87.51,88.24,87.15,87.97,162686.06,2026-02-09T19:59:59.999000+00:00,14269229.3167,71611,52525.801,4606179.59918
2026-02-09T20:00:00+00:00,87.96,88.31,87.21,87.76,140702.317,2026-02-09T20:59:59.999000+00:00,12339788.56279,62478,41433.637,3633934.63668
2026-02-09T21:00:00+00:00,87.76,87.89,86.53,87.34,121614.992,2026-02-09T21:59:59.999000+00:00,10596063.35176,50102,53322.527,4647670.01765
2026-02-09T22:00:00+00:00,87.34,87.59,86.97,87.12,67695.332,2026-02-09T22:59:59.999000+00:00,5906762.26013,37592,28682.306,2502500.40837
2026-02-09T23:00:00+00:00,87.12,87.4,86.64,86.77,52498.318,2026-02-09T23:59:59.999000+00:00,4566776.75407,31906,21870.337,1903106.67988
2026-02-10T00:00:00+00:00,86.77,86.93,86.28,86.4,118024.126,2026-02-10T00:59:59.999000+00:00,10215967.00227,32051,43535.152,3768526.94613
2026-02-10T01:00:00+00:00,86.4,87.49,86.37,87.29,68791.578,2026-02-10T01:59:59.999000+00:00,5994946.52051,36297,38534.246,3358254.8049
2026-02-10T02:00:00+00:00,87.28,87.32,86.42,86.66,72507.053,2026-02-10T02:59:59.999000+00:00,6297067.11535,31738,32872.353,2854479.5669
2026-02-10T03:00:00+00:00,86.67,86.85,85.26,85.87,142770.777,2026-02-10T03:59:59.999000+00:00,12256772.83072,55187,56906.079,4885392.48715
2026-02-10T04:00:00+00:00,85.86,86.67,85.79,86.55,83242.58,2026-02-10T04:59:59.999000+00:00,7183691.53529,29465,41540.355,3585078.91541
2026-02-10T05:00:00+00:00,86.55,86.57,85.61,85.95,89820.775,2026-02-10T05:59:59.999000+00:00,7737122.52725,33587,42629.007,3671642.09561
2026-02-10T06:00:00+00:00,85.95,86.04,84.3,84.6,202106.457,2026-02-10T06:59:59.999000+00:00,17197298.16957,55204,86145.082,7327124.98438
2026-02-10T07:00:00+00:00,84.6,85.14,84.43,84.63,122515.72,2026-02-10T07:59:59.999000+00:00,10374920.17295,29059,65001.689,5503029.00116
2026-02-10T08:00:00+00:00,84.64,84.87,84.17,84.66,115043.034,2026-02-10T08:59:59.999000+00:00,9727334.43612,37586,55956.33,4731826.97589
2026-02-10T09:00:00+00:00,84.65,85.09,84.29,84.56,130894.323,2026-02-10T09:59:59.999000+00:00,11088835.6359,38003,53664.679,4548531.12566
2026-02-10T10:00:00+00:00,84.57,84.75,84.2,84.22,77557.77,2026-02-10T10:59:59.999000+00:00,6547403.26211,25355,45154.526,3811722.40285
2026-02-10T11:00:00+00:00,84.23,84.61,83.77,83.85,131600.576,2026-02-10T11:59:59.999000+00:00,11071039.96215,40183,64401.254,5420458.24287
2026-02-10T12:00:00+00:00,83.85,84.36,83.69,83.96,107970.396,2026-02-10T12:59:59.999000+00:00,9075740.86011,37075,51414.158,4322462.9077
2026-02-10T13:00:00+00:00,83.95,84.78,83.68,84.66,143309.204,2026-02-10T13:59:59.999000+00:00,12083417.84545,46740,84323.495,7112458.48422
2026-02-10T14:00:00+00:00,84.66,85.24,83.2,83.72,315991.746,2026-02-10T14:59:59.999000+00:00,26558309.27882,116987,149708.83,12596140.95539
2026-02-10T15:00:00+00:00,83.72,84.54,83.43,84.3,230974.292,2026-02-10T15:59:59.999000+00:00,19419795.74319,102897,87493.284,7360583.50042
2026-02-10T16:00:00+00:00,84.3,84.94,83.77,84.46,116870.75,2026-02-10T16:59:59.999000+00:00,9868651.05353,66325,51262.402,4331288.12477
2026-02-10T17:00:00+00:00,84.45,85.14,84.2,84.9,77051.791,2026-02-10T17:59:59.999000+00:00,6524976.97918,45958,40348.025,3417612.66871
2026-02-10T18:00:00+00:00,84.91,84.98,82.71,82.94,179135.754,2026-02-10T18:59:59.999000+00:00,14966562.64235,68109,77069.448,6442920.4448
2026-02-10T19:00:00+00:00,82.93,83.51,82.44,83.08,113877.097,2026-02-10T19:59:59.999000+00:00,9445158.46616,52965,64673.592,5365913.95387
2026-02-10T20:00:00+00:00,83.08,83.23,82.3,82.63,120681.739,2026-02-10T20:59:59.999000+00:00,9985497.08073,47815,58609.385,4849014.53561
2026-02-10T21:00:00+00:00,82.63,82.94,81.91,82.46,99629.768,2026-02-10T21:59:59.999000+00:00,8204657.66554,37757,54366.799,4477296.79269
2026-02-10T22:00:00+00:00,82.46,82.98,82.36,82.6,69493.556,2026-02-10T22:59:59.999000+00:00,5741946.96768,28495,30551.445,2523509.19936
2026-02-10T23:00:00+00:00,82.59,83.0,82.36,82.99,45351.243,2026-02-10T23:59:59.999000+00:00,3750850.0367,23164,22587.757,1868428.26384
2026-02-11T00:00:00+00:00,82.99,83.72,82.93,83.47,79371.894,2026-02-11T00:59:59.999000+00:00,6616602.14174,27128,44141.322,3680495.30837
2026-02-11T01:00:00+00:00,83.46,83.79,83.2,83.77,55355.406,2026-02-11T01:59:59.999000+00:00,4622675.67024,24440,22579.968,1886036.50396
2026-02-11T02:00:00+00:00,83.77,84.39,83.53,83.54,86466.293,2026-02-11T02:59:59.999000+00:00,7263070.80225,37968,36884.11,3097851.60631
2026-02-11T03:00:00+00:00,83.55,83.86,82.59,83.34,95964.203,2026-02-11T03:59:59.999000+00:00,7991680.67004,46684,41326.003,3441021.01433
2026-02-11T04:00:00+00:00,83.34,83.54,81.71,81.98,139916.137,2026-02-11T04:59:59.999000+00:00,11532864.50794,63762,56536.005,4659260.36285
2026-02-11T05:00:00+00:00,81.98,82.41,81.73,81.89,75027.228,2026-02-11T05:59:59.999000+00:00,6158392.55842,34522,35425.957,2908151.24763
2026-02-11T06:00:00+00:00,81.9,81.99,80.58,80.87,218295.67,2026-02-11T06:59:59.999000+00:00,17710435.10185,69034,88966.783,7219330.49735
2026-02-11T07:00:00+00:00,80.87,81.36,80.28,81.0,116647.419,2026-02-11T07:59:59.999000+00:00,9432715.91936,46376,66232.783,5357990.44935
2026-02-11T08:00:00+00:00,81.0,81.2,80.55,81.09,80687.537,2026-02-11T08:59:59.999000+00:00,6531588.61317,35756,37315.04,3020807.65565
2026-02-11T09:00:00+00:00,81.09,81.29,80.67,80.8,72261.512,2026-02-11T09:59:59.999000+00:00,5851617.71511,31097,33696.125,2728785.15795
2026-02-11T10:00:00+00:00,80.8,81.0,80.38,80.69,105679.692,2026-02-11T10:59:59.999000+00:00,8523648.09715,38735,54149.355,4366958.38691
2026-02-11T11:00:00+00:00,80.69,81.47,80.65,81.26,111060.386,2026-02-11T11:59:59.999000+00:00,9015597.58307,37082,68278.925,5543257.69789
2026-02-11T12:00:00+00:00,81.25,81.47,80.95,81.18,91871.919,2026-02-11T12:59:59.999000+00:00,7463528.55065,33382,52412.751,4258459.97087
2026-02-11T13:00:00+00:00,81.18,81.84,80.64,81.64,231266.273,2026-02-11T13:59:59.999000+00:00,18792211.49059,64860,110887.338,9011053.06014
2026-02-11T14:00:00+00:00,81.65,83.17,79.77,79.95,578985.48,2026-02-11T14:59:59.999000+00:00,47254269.33176,197031,293917.746,24019723.60427
2026-02-11T15:00:00+00:00,79.95,80.34,78.56,79.72,378985.364,2026-02-11T15:59:59.999000+00:00,30126614.64564,182179,206888.518,16449748.52146
2026-02-11T16:00:00+00:00,79.72,80.94,78.72,78.74,233965.721,2026-02-11T16:59:59.999000+00:00,18661079.5655,105169,127859.467,10203251.06896
2026-02-11T17:00:00+00:00,78.73,80.04,78.04,79.01,230238.077,2026-02-11T17:59:59.999000+00:00,18201553.20226,99900,107417.869,8489615.54125
2026-02-11T18:00:00+00:00,79.01,79.99,78.53,79.81,131164.215,2026-02-11T18:59:59.999000+00:00,10421687.42011,71994,64016.381,5085857.54015
2026-02-11T19:00:00+00:00,79.81,80.34,79.32,79.72,116185.105,2026-02-11T19:59:59.999000+00:00,9283061.78758,62909,60928.152,4869055.65056
2026-02-11T20:00:00+00:00,79.72,80.01,78.98,79.64,113579.902,2026-02-11T20:59:59.999000+00:00,9031475.12709,49386,56551.45,4495952.93597
2026-02-11T21:00:00+00:00,79.65,81.11,79.65,80.16,209210.482,2026-02-11T21:59:59.999000+00:00,16827652.56434,68262,121651.247,9787483.41754
2026-02-11T22:00:00+00:00,80.17,80.24,79.45,79.5,102730.71,2026-02-11T22:59:59.999000+00:00,8208322.96782,43554,45918.355,3668718.45655
2026-02-11T23:00:00+00:00,79.51,79.73,78.8,79.3,159996.695,2026-02-11T23:59:59.999000+00:00,12683065.23097,48751,75879.745,6017391.35195
2026-02-12T00:00:00+00:00,79.31,80.23,79.26,79.97,86837.001,2026-02-12T00:59:59.999000+00:00,6929994.19275,41688,48512.093,3870217.43967
2026-02-12T01:00:00+00:00,79.98,80.79,79.98,80.41,83818.559,2026-02-12T01:59:59.999000+00:00,6741544.54671,39717,44920.889,3613162.24828
2026-02-12T02:00:00+00:00,80.42,80.73,79.94,80.33,69932.793,2026-02-12T02:59:59.999000+00:00,5617100.88037,34509,28281.202,2272543.52228
2026-02-12T03:00:00+00:00,80.33,80.67,80.08,80.62,45415.33,2026-02-12T03:59:59.999000+00:00,3650358.06677,25005,22400.551,1800768.71502
2026-02-12T04:00:00+00:00,80.63,80.97,80.3,80.31,71039.221,2026-02-12T04:59:59.999000+00:00,5730224.31704,31920,35550.7,2868016.68845
2026-02-12T05:00:00+00:00,80.31,80.6,79.5,80.57,93951.902,2026-02-12T05:59:59.999000+00:00,7529184.96524,37425,50638.006,4059834.91237
2026-02-12T06:00:00+00:00,80.58,80.99,80.36,80.57,63036.118,2026-02-12T06:59:59.999000+00:00,5087259.72809,27914,37260.881,3007814.26447
2026-02-12T07:00:00+00:00,80.57,80.93,80.29,80.77,50446.913,2026-02-12T07:59:59.999000+00:00,4068778.69023,22608,28631.186,2308858.31021
2026-02-12T08:00:00+00:00,80.77,80.93,80.32,80.77,55309.334,2026-02-12T08:59:59.999000+00:00,4458875.71613,21372,26527.454,2139002.30114
2026-02-12T09:00:00+00:00,80.77,81.9,80.57,81.79,164590.192,2026-02-12T09:59:59.999000+00:00,13397287.49222,45558,80801.527,6576374.17842
2026-02-12T10:00:00+00:00,81.78,82.24,81.35,82.19,95299.092,2026-02-12T10:59:59.999000+00:00,7793793.83702,36925,50575.256,4138116.73798
2026-02-12T11:00:00+00:00,82.19,82.25,81.71,81.87,111672.457,2026-02-12T11:59:59.999000+00:00,9152948.16207,38683,46378.786,3801412.75385
2026-02-12T12:00:00+00:00,81.87,81.96,80.85,81.1,113537.431,2026-02-12T12:59:59.999000+00:00,9241848.82142,35597,44442.388,3617842.0037
2026-02-12T13:00:00+00:00,81.1,82.13,80.71,81.96,153029.622,2026-02-12T13:59:59.999000+00:00,12439902.09889,52373,89595.043,7283717.32234
2026-02-12T14:00:00+00:00,81.96,81.98,81.0,81.14,183356.656,2026-02-12T14:59:59.999000+00:00,14915788.74569,81385,89478.06,7279229.03711
2026-02-12T15:00:00+00:00,81.15,81.52,80.1,80.12,205820.62,2026-02-12T15:59:59.999000+00:00,16617431.86492,106761,101440.831,8193908.64971
2026-02-12T16:00:00+00:00,80.13,80.22,78.18,78.3,314768.722,2026-02-12T16:59:59.999000+00:00,24872811.46481,168424,162881.401,12869972.58154
2026-02-12T17:00:00+00:00,78.3,78.68,77.51,77.9,255674.986,2026-02-12T17:59:59.999000+00:00,19967490.42211,104095,135072.23,10551691.36027
2026-02-12T18:00:00+00:00,77.9,78.47,77.19,77.61,186122.834,2026-02-12T18:59:59.999000+00:00,14466376.11355,86899,99067.28,7700791.72123
2026-02-12T19:00:00+00:00,77.61,78.63,77.03,77.62,170638.998,2026-02-12T19:59:59.999000+00:00,13279347.92897,76341,91454.628,7120026.52652
2026-02-12T20:00:00+00:00,77.62,77.93,76.6,76.92,208229.162,2026-02-12T20:59:59.999000+00:00,16055843.17794,78325,92460.123,7133278.6613
2026-02-12T21:00:00+00:00,76.92,77.56,76.92,77.34,123223.726,2026-02-12T21:59:59.999000+00:00,9519053.69092,41026,45996.565,3553107.41882
2026-02-12T22:00:00+00:00,77.33,78.12,76.97,78.1,145773.689,2026-02-12T22:59:59.999000+00:00,11292812.23197,37709,89166.319,6907213.00175
2026-02-12T23:00:00+00:00,78.1,78.52,77.82,78.4,144704.759,2026-02-12T23:59:59.999000+00:00,11319662.62102,52177,80736.549,6315762.71045
2026-02-13T00:00:00+00:00,78.39,78.74,77.53,78.02,110301.043,2026-02-13T00:59:59.999000+00:00,8612210.74645,46675,53578.884,4184952.36982
2026-02-13T01:00:00+00:00,78.03,78.84,78.01,78.6,91729.391,2026-02-13T01:59:59.999000+00:00,7200886.38926,39987,49857.799,3913571.02183
2026-02-13T02:00:00+00:00,78.6,79.33,78.45,79.13,95492.86,2026-02-13T02:59:59.999000+00:00,7531619.83932,37989,59373.705,4683617.46201
2026-02-13T03:00:00+00:00,79.13,79.48,78.81,79.05,73080.767,2026-02-13T03:59:59.999000+00:00,5783316.62202,34088,35373.656,2799860.14442
2026-02-13T04:00:00+00:00,79.05,79.27,78.47,78.52,80656.969,2026-02-13T04:59:59.999000+00:00,6358329.92045,31106,33953.615,2676815.01666
2026-02-13T05:00:00+00:00,78.52,78.76,78.16,78.29,71676.813,2026-02-13T05:59:59.999000+00:00,5624076.82776,29801,26702.9,2095236.35555
2026-02-13T06:00:00+00:00,78.29,78.66,77.85,78.62,92542.988,2026-02-13T06:59:59.999000+00:00,7234260.27219,29875,42234.993,3303080.22679
2026-02-13T07:00:00+00:00,78.62,79.24,78.54,78.99,99001.667,2026-02-13T07:59:59.999000+00:00,7810402.20549,30768,48324.65,3811563.5884
2026-02-13T08:00:00+00:00,78.99,79.9,78.86,79.73,106610.049,2026-02-13T08:59:59.999000+00:00,8464612.07966,38003,55761.729,4428255.31302
2026-02-13T09:00:00+00:00,79.73,79.97,79.42,79.88,98038.407,2026-02-13T09:59:59.999000+00:00,7813890.71286,30592,51734.707,4124218.84795
2026-02-13T10:00:00+00:00,79.89,80.62,79.77,80.36,154228.16,2026-02-13T10:59:59.999000+00:00,12365496.40547,45443,83224.746,6672866.17315
2026-02-13T11:00:00+00:00,80.37,80.4,79.78,80.31,94222.824,2026-02-13T11:59:59.999000+00:00,7550175.07556,35760,38022.17,3047028.7006
2026-02-13T12:00:00+00:00,80.31,80.32,79.86,79.97,64462.808,2026-02-13T12:59:59.999000+00:00,5158952.50484,24149,21527.678,1722702.21464
2026-02-13T13:00:00+00:00,79.97,80.89,79.73,80.29,160710.406,2026-02-13T13:59:59.999000+00:00,12909194.55517,55012,76693.576,6162817.60419
2026-02-13T14:00:00+00:00,80.28,81.95,79.86,81.33,309083.663,2026-02-13T14:59:59.999000+00:00,25055208.37161,125474,141768.777,11492631.88211
2026-02-13T15:00:00+00:00,81.34,84.34,81.09,83.2,460219.895,2026-02-13T15:59:59.999000+00:00,38163037.736,175051,236347.033,19603483.01491
2026-02-13T16:00:00+00:00,83.2,85.0,82.92,84.22,316097.204,2026-02-13T16:59:59.999000+00:00,26582419.76418,104104,162719.295,13683808.90487
2026-02-13T17:00:00+00:00,84.22,84.71,83.55,84.34,171559.211,2026-02-13T17:59:59.999000+00:00,14446893.75934,69935,81050.055,6826120.13935
2026-02-13T18:00:00+00:00,84.35,85.59,84.12,85.4,217189.748,2026-02-13T18:59:59.999000+00:00,18454808.43032,80740,107844.091,9163463.15196
2026-02-13T19:00:00+00:00,85.4,85.63,84.54,84.66,129261.793,2026-02-13T19:59:59.999000+00:00,10991346.95034,49253,49718.153,4227982.24806
2026-02-13T20:00:00+00:00,84.65,85.06,84.17,84.77,152466.274,2026-02-13T20:59:59.999000+00:00,12895433.67154,51970,83470.919,7062072.9364
2026-02-13T21:00:00+00:00,84.78,85.19,84.56,84.86,96569.039,2026-02-13T21:59:59.999000+00:00,8199068.82641,33028,54464.109,4624153.83845
2026-02-13T22:00:00+00:00,84.85,84.93,84.46,84.66,59567.481,2026-02-13T22:59:59.999000+00:00,5043549.13919,23908,28616.459,2423211.4466
2026-02-13T23:00:00+00:00,84.66,84.66,84.12,84.33,65620.812,2026-02-13T23:59:59.999000+00:00,5535250.64689,22833,29496.014,2488039.81157
2026-02-14T00:00:00+00:00,84.34,85.1,84.21,84.97,126493.712,2026-02-14T00:59:59.999000+00:00,10724212.40584,28685,78516.047,6656615.80823
2026-02-14T01:00:00+00:00,84.96,85.21,84.8,84.99,76307.854,2026-02-14T01:59:59.999000+00:00,6483440.14383,20149,43768.944,3719389.98365
2026-02-14T02:00:00+00:00,84.99,85.01,84.6,84.89,40875.133,2026-02-14T02:59:59.999000+00:00,3468097.59381,16245,15429.438,1309257.74359
2026-02-14T03:00:00+00:00,84.9,85.3,84.82,85.06,45751.698,2026-02-14T03:59:59.999000+00:00,3891121.67847,16504,26478.792,2252233.17244
2026-02-14T04:00:00+00:00,85.07,85.1,84.8,84.83,33782.006,2026-02-14T04:59:59.999000+00:00,2869505.45719,12906,15149.615,1286937.87268
2026-02-14T05:00:00+00:00,84.82,85.03,84.61,84.63,30509.027,2026-02-14T05:59:59.999000+00:00,2588465.8218,12178,12616.862,1070555.54278
2026-02-14T06:00:00+00:00,84.63,84.93,84.35,84.86,34098.376,2026-02-14T06:59:59.999000+00:00,2886894.80552,13131,16140.343,1366450.544
2026-02-14T07:00:00+00:00,84.86,85.27,84.77,85.19,57646.016,2026-02-14T07:59:59.999000+00:00,4900127.24834,16737,28907.213,2457150.61085
2026-02-14T08:00:00+00:00,85.19,86.41,85.16,86.22,206117.931,2026-02-14T08:59:59.999000+00:00,17699895.60646,56372,124929.058,10726899.32707
2026-02-14T09:00:00+00:00,86.22,86.38,85.86,86.02,135777.29,2026-02-14T09:59:59.999000+00:00,11693572.72498,35975,60491.643,5208805.25987
2026-02-14T10:00:00+00:00,86.02,86.02,85.74,85.83,54543.972,2026-02-14T10:59:59.999000+00:00,4683597.22573,17872,26062.809,2238057.60332
2026-02-14T11:00:00+00:00,85.83,87.33,85.82,87.29,185301.487,2026-02-14T11:59:59.999000+00:00,16081008.86617,63308,112867.099,9793203.14497
2026-02-14T12:00:00+00:00,87.29,87.32,86.26,86.42,171277.105,2026-02-14T12:59:59.999000+00:00,14869539.15253,47184,75375.146,6543627.45194
2026-02-14T13:00:00+00:00,86.42,86.9,86.0,86.44,126466.074,2026-02-14T13:59:59.999000+00:00,10931508.9181,42635,60176.923,5202635.91364
2026-02-14T14:00:00+00:00,86.44,87.52,86.37,87.24,133167.572,2026-02-14T14:59:59.999000+00:00,11584113.5788,40609,80207.03,6978338.40672
2026-02-14T15:00:00+00:00,87.24,87.69,87.1,87.44,139912.192,2026-02-14T15:59:59.999000+00:00,12227832.53917,37726,83990.902,7341754.09235
2026-02-14T16:00:00+00:00,87.44,88.26,86.99,88.12,413681.239,2026-02-14T16:59:59.999000+00:00,36243395.55007,63361,176140.787,15436110.0807
2026-02-14T17:00:00+00:00,88.12,88.47,87.83,88.05,117880.869,2026-02-14T17:59:59.999000+00:00,10386006.14021,38707,60097.707,5295499.39227
2026-02-14T18:00:00+00:00,88.05,88.29,87.79,88.01,72250.308,2026-02-14T18:59:59.999000+00:00,6363099.40487,30463,34711.921,3057493.60776
2026-02-14T19:00:00+00:00,88.01,88.33,87.56,88.2,62174.191,2026-02-14T19:59:59.999000+00:00,5469481.46553,25979,30069.627,2646339.19966
2026-02-14T20:00:00+00:00,88.21,88.44,87.69,88.17,96214.77,2026-02-14T20:59:59.999000+00:00,8467929.73103,27616,42811.371,3770379.22485
2026-02-14T21:00:00+00:00,88.16,88.44,87.29,88.07,141162.593,2026-02-14T21:59:59.999000+00:00,12417966.65097,36699,66778.326,5877317.15516
2026-02-14T22:00:00+00:00,88.07,88.89,87.9,88.5,110421.188,2026-02-14T22:59:59.999000+00:00,9764022.77761,36411,65499.614,5792113.87118
2026-02-14T23:00:00+00:00,88.5,88.9,88.03,88.06,86794.612,2026-02-14T23:59:59.999000+00:00,7675707.62205,34418,41394.862,3661874.53674
2026-02-15T00:00:00+00:00,88.06,88.42,87.8,88.19,70896.387,2026-02-15T00:59:59.999000+00:00,6240299.93022,30724,26777.914,2357920.81254
2026-02-15T01:00:00+00:00,88.19,88.72,87.6,88.29,118881.755,2026-02-15T01:59:59.999000+00:00,10474221.03532,41738,57999.61,5112702.05817
2026-02-15T02:00:00+00:00,88.28,88.5,87.52,88.0,108281.504,2026-02-15T02:59:59.999000+00:00,9536402.74264,38914,49352.774,4348233.22877
2026-02-15T03:00:00+00:00,88.01,88.78,87.31,88.61,179433.756,2026-02-15T03:59:59.999000+00:00,15780600.17964,52037,94380.985,8307172.25137
2026-02-15T04:00:00+00:00,88.6,89.82,88.35,88.79,371609.561,2026-02-15T04:59:59.999000+00:00,33050410.19668,79324,191272.488,17024084.99208
2026-02-15T05:00:00+00:00,88.8,90.06,88.75,89.68,147555.926,2026-02-15T05:59:59.999000+00:00,13208772.39452,51105,92006.665,8238974.80176
2026-02-15T06:00:00+00:00,89.68,90.16,89.34,89.6,92915.805,2026-02-15T06:59:59.999000+00:00,8339849.04234,43874,53470.683,4800431.94906
2026-02-15T07:00:00+00:00,89.6,90.98,89.4,90.74,194151.756,2026-02-15T07:59:59.999000+00:00,17555100.43626,61731,103084.94,9314593.67798
2026-02-15T08:00:00+00:00,90.74,91.26,89.22,89.67,404018.675,2026-02-15T08:59:59.999000+00:00,36438699.81731,79880,199673.41,18003206.71748
2026-02-15T09:00:00+00:00,89.66,90.53,89.46,90.0,98233.197,2026-02-15T09:59:59.999000+00:00,8858182.92065,44116,48739.73,4394669.65375
2026-02-15T10:00:00+00:00,90.0,90.13,89.05,89.53,164520.566,2026-02-15T10:59:59.999000+00:00,14711725.28742,42568,76880.661,6876822.13535
2026-02-15T11:00:00+00:00,89.53,89.83,89.01,89.17,46745.316,2026-02-15T11:59:59.999000+00:00,4175038.45465,25143,16067.095,1435695.69109
2026-02-15T12:00:00+00:00,89.18,89.63,87.3,87.31,265700.781,2026-02-15T12:59:59.999000+00:00,23565978.75243,66217,108102.993,9586079.32257
2026-02-15T13:00:00+00:00,87.32,88.37,86.82,86.96,255573.237,2026-02-15T13:59:59.999000+00:00,22383213.42635,90065,113372.266,9932720.59268
2026-02-15T14:00:00+00:00,86.96,87.61,86.66,87.35,168435.313,2026-02-15T14:59:59.999000+00:00,14686200.45946,56551,99030.151,8638149.40278
2026-02-15T15:00:00+00:00,87.35,87.66,86.93,87.42,76427.197,2026-02-15T15:59:59.999000+00:00,6672108.22439,37171,38811.417,3389177.26966
2026-02-15T16:00:00+00:00,87.41,87.66,86.72,87.57,149135.485,2026-02-15T16:59:59.999000+00:00,13026219.55375,43274,67207.871,5869908.62229
2026-02-15T17:00:00+00:00,87.57,87.88,85.71,86.42,243472.742,2026-02-15T17:59:59.999000+00:00,21121719.33572,74220,90233.549,7831063.01745
2026-02-15T18:00:00+00:00,86.43,86.86,86.01,86.21,136623.68,2026-02-15T18:59:59.999000+00:00,11795422.00128,54646,61125.194,5276716.90231
2026-02-15T19:00:00+00:00,86.21,86.35,85.2,85.34,185689.095,2026-02-15T19:59:59.999000+00:00,15923749.74913,54995,69113.324,5924302.79736
2026-02-15T20:00:00+00:00,85.35,85.99,84.89,85.88,106170.798,2026-02-15T20:59:59.999000+00:00,9068798.36852,39444,55464.67,4739654.62486
2026-02-15T21:00:00+00:00,85.88,86.42,85.88,86.18,153614.578,2026-02-15T21:59:59.999000+00:00,13231351.408,31540,80419.26,6925455.83575
2026-02-15T22:00:00+00:00,86.18,86.7,86.05,86.36,63866.663,2026-02-15T22:59:59.999000+00:00,5521652.52877,27184,35017.57,3028399.09745
2026-02-15T23:00:00+00:00,86.36,86.37,85.1,86.16,127131.627,2026-02-15T23:59:59.999000+00:00,10884985.53466,43659,53150.354,4550732.1828
2026-02-16T00:00:00+00:00,86.15,86.5,85.58,86.18,133823.133,2026-02-16T00:59:59.999000+00:00,11500491.72578,34976,73138.877,6283146.07497
2026-02-16T01:00:00+00:00,86.18,86.63,85.37,85.77,187063.25,2026-02-16T01:59:59.999000+00:00,16043821.48454,37058,108396.191,9294144.51582
2026-02-16T02:00:00+00:00,85.76,86.23,85.23,85.39,240728.305,2026-02-16T02:59:59.999000+00:00,20653406.8529,40100,107497.808,9205198.12596
2026-02-16T03:00:00+00:00,85.4,85.56,84.79,85.14,106334.62,2026-02-16T03:59:59.999000+00:00,9044409.33938,29507,47672.93,4052061.09727
2026-02-16T04:00:00+00:00,85.15,85.84,85.09,85.79,49206.61,2026-02-16T04:59:59.999000+00:00,4204816.0613,22740,25876.975,2212372.12449
2026-02-16T05:00:00+00:00,85.79,85.91,84.47,84.7,131563.44,2026-02-16T05:59:59.999000+00:00,11166677.45989,28892,64970.044,5512219.25563
2026-02-16T06:00:00+00:00,84.69,85.2,84.51,85.06,66270.069,2026-02-16T06:59:59.999000+00:00,5625731.22681,23150,26038.966,2211621.70754
2026-02-16T07:00:00+00:00,85.06,85.51,84.8,85.06,99848.793,2026-02-16T07:59:59.999000+00:00,8505356.41065,26800,44089.291,3754062.77791
2026-02-16T08:00:00+00:00,85.07,85.5,85.04,85.39,113252.135,2026-02-16T08:59:59.999000+00:00,9666979.47101,24692,39452.911,3366483.09104
2026-02-16T09:00:00+00:00,85.39,86.26,85.39,86.01,162122.104,2026-02-16T09:59:59.999000+00:00,13930280.25506,39620,72259.694,6206403.81212
2026-02-16T10:00:00+00:00,86.0,86.04,85.63,85.75,46255.539,2026-02-16T10:59:59.999000+00:00,3970212.19348,24993,23920.38,2053083.33657
2026-02-16T11:00:00+00:00,85.75,85.98,84.49,85.52,109739.962,2026-02-16T11:59:59.999000+00:00,9350071.04601,44542,53447.935,4554268.52242
2026-02-16T12:00:00+00:00,85.52,86.42,85.27,86.2,173623.73,2026-02-16T12:59:59.999000+00:00,14940119.59704,67693,89330.553,7686902.01356
2026-02-16T13:00:00+00:00,86.2,86.93,83.85,84.17,515742.022,2026-02-16T13:59:59.999000+00:00,43864425.84497,130514,288362.931,24535550.05809
2026-02-16T14:00:00+00:00,84.16,84.67,83.48,84.05,262924.178,2026-02-16T14:59:59.999000+00:00,22118555.05323,93030,143550.784,12075670.25684
2026-02-16T15:00:00+00:00,84.05,84.57,82.55,83.21,249881.349,2026-02-16T15:59:59.999000+00:00,20835605.7608,111488,119461.955,9962193.01251
2026-02-16T16:00:00+00:00,83.21,84.11,83.1,84.0,357526.471,2026-02-16T16:59:59.999000+00:00,29955206.22602,73911,150527.958,12606067.54479
2026-02-16T17:00:00+00:00,83.99,84.81,83.9,84.53,130705.835,2026-02-16T17:59:59.999000+00:00,11037575.00928,49391,88247.816,7454161.05094
2026-02-16T18:00:00+00:00,84.52,85.16,84.48,84.52,77790.055,2026-02-16T18:59:59.999000+00:00,6592096.42509,31860,44653.27,3784712.20388
2026-02-16T19:00:00+00:00,84.53,85.1,84.24,84.61,65194.526,2026-02-16T19:59:59.999000+00:00,5525644.01208,25693,37767.522,3201847.80079
2026-02-16T20:00:00+00:00,84.62,85.49,84.5,85.37,73557.776,2026-02-16T20:59:59.999000+00:00,6255300.5344,28557,44681.924,3799556.79068
2026-02-16T21:00:00+00:00,85.37,86.11,85.08,86.02,61849.75,2026-02-16T21:59:59.999000+00:00,5293808.91701,35478,37743.581,3231439.49367
2026-02-16T22:00:00+00:00,86.02,86.24,85.6,85.72,54887.954,2026-02-16T22:59:59.999000+00:00,4717648.06917,32770,26068.987,2240729.98955
2026-02-16T23:00:00+00:00,85.71,86.66,85.66,86.45,89860.205,2026-02-16T23:59:59.999000+00:00,7748388.56821,40293,50209.13,4329200.99826
2026-02-17T00:00:00+00:00,86.45,87.16,86.29,86.61,85239.85,2026-02-17T00:59:59.999000+00:00,7383574.91733,40575,48579.139,4209378.43293
2026-02-17T01:00:00+00:00,86.62,87.07,86.13,86.19,65432.977,2026-02-17T01:59:59.999000+00:00,5672907.9769,33543,32860.838,2850023.03792
2026-02-17T02:00:00+00:00,86.18,87.69,85.76,87.31,83152.245,2026-02-17T02:59:59.999000+00:00,7230280.03397,44860,46954.01,4086145.94028
2026-02-17T03:00:00+00:00,87.31,87.37,86.32,86.37,65925.978,2026-02-17T03:59:59.999000+00:00,5723060.17249,31234,33670.431,2923961.12352
2026-02-17T04:00:00+00:00,86.37,86.67,85.92,86.37,80243.827,2026-02-17T04:59:59.999000+00:00,6926061.97545,30230,38915.324,3360518.36674
2026-02-17T05:00:00+00:00,86.37,86.49,85.45,86.22,73401.601,2026-02-17T05:59:59.999000+00:00,6311541.43521,32889,34832.305,2995950.0288
2026-02-17T06:00:00+00:00,86.23,86.8,86.22,86.5,77082.309,2026-02-17T06:59:59.999000+00:00,6671747.26396,18896,34256.787,2964136.00193
2026-02-17T07:00:00+00:00,86.51,86.55,85.94,86.49,41093.593,2026-02-17T07:59:59.999000+00:00,3545921.56328,21771,19739.6,1703558.94808
2026-02-17T08:00:00+00:00,86.48,86.77,85.92,85.97,70839.573,2026-02-17T08:59:59.999000+00:00,6117174.36566,30259,32592.381,2814675.9555
2026-02-17T09:00:00+00:00,85.97,86.19,85.66,85.95,46821.882,2026-02-17T09:59:59.999000+00:00,4021178.42872,22490,17912.573,1538483.58441
2026-02-17T10:00:00+00:00,85.94,86.05,84.87,85.05,84069.216,2026-02-17T10:59:59.999000+00:00,7164160.65349,32692,30947.1,2637718.61754
2026-02-17T11:00:00+00:00,85.05,85.32,84.75,85.1,84961.365,2026-02-17T11:59:59.999000+00:00,7223866.57613,33481,39757.683,3380998.09473
2026-02-17T12:00:00+00:00,85.11,85.58,84.54,84.63,77392.624,2026-02-17T12:59:59.999000+00:00,6588996.22361,31083,35461.91,3020318.5739
2026-02-17T13:00:00+00:00,84.64,85.52,84.39,85.0,127369.734,2026-02-17T13:59:59.999000+00:00,10824684.52558,45978,73989.817,6287491.05991
2026-02-17T14:00:00+00:00,84.99,85.45,83.0,83.26,363335.629,2026-02-17T14:59:59.999000+00:00,30486552.97897,109703,194071.319,16283847.73726
2026-02-17T15:00:00+00:00,83.26,83.9,82.92,83.81,349976.833,2026-02-17T15:59:59.999000+00:00,29198481.40674,109505,180128.637,15031634.78944
2026-02-17T16:00:00+00:00,83.8,85.46,83.71,84.19,314713.807,2026-02-17T16:59:59.999000+00:00,26606244.08325,99388,180389.078,15242828.20514
2026-02-17T17:00:00+00:00,84.18,84.32,83.13,83.71,120163.969,2026-02-17T17:59:59.999000+00:00,10061605.35051,62541,51159.313,4284506.92329
2026-02-17T18:00:00+00:00,83.71,85.43,83.57,85.11,114345.387,2026-02-17T18:59:59.999000+00:00,9684522.99313,58593,54382.083,4603222.69176
2026-02-17T19:00:00+00:00,85.11,85.76,84.63,84.87,123483.638,2026-02-17T19:59:59.999000+00:00,10515963.86778,52269,71333.98,6076546.68671
2026-02-17T20:00:00+00:00,84.86,85.27,84.53,85.0,85926.271,2026-02-17T20:59:59.999000+00:00,7297860.81836,45256,43908.098,3729055.34779
2026-02-17T21:00:00+00:00,84.99,85.44,84.84,85.22,31708.674,2026-02-17T21:59:59.999000+00:00,2699656.51323,23097,16955.657,1443543.8186
2026-02-17T22:00:00+00:00,85.23,85.44,84.97,85.05,55020.148,2026-02-17T22:59:59.999000+00:00,4690532.25267,27555,22638.062,1929710.55416
2026-02-17T23:00:00+00:00,85.05,85.34,84.91,85.08,152954.735,2026-02-17T23:59:59.999000+00:00,13026918.02686,26451,50121.04,4267440.13954
2026-02-18T00:00:00+00:00,85.09,85.49,84.81,84.87,107156.024,2026-02-18T00:59:59.999000+00:00,9130601.78878,32741,48653.265,4145880.87863
2026-02-18T01:00:00+00:00,84.87,84.99,83.92,84.25,185145.996,2026-02-18T01:59:59.999000+00:00,15607773.77501,34812,87175.177,7348171.14986
2026-02-18T02:00:00+00:00,84.25,85.0,84.23,84.66,50033.463,2026-02-18T02:59:59.999000+00:00,4238080.6709,21284,22859.124,1936338.06113
2026-02-18T03:00:00+00:00,84.66,85.47,84.54,85.33,127431.56,2026-02-18T03:59:59.999000+00:00,10843993.39717,28966,55641.564,4729413.03106
2026-02-18T04:00:00+00:00,85.34,85.54,84.97,85.14,75408.162,2026-02-18T04:59:59.999000+00:00,6431527.60487,28854,31515.243,2686864.47924
2026-02-18T05:00:00+00:00,85.15,85.25,84.76,84.9,43415.72,2026-02-18T05:59:59.999000+00:00,3689241.72789,16489,21017.259,1787140.03832
2026-02-18T06:00:00+00:00,84.9,85.31,84.8,84.92,32175.459,2026-02-18T06:59:59.999000+00:00,2737248.23954,15451,18132.451,1542745.5604
2026-02-18T07:00:00+00:00,84.92,85.43,84.68,85.28,40826.308,2026-02-18T07:59:59.999000+00:00,3472771.33194,18357,25026.373,2129213.37554
2026-02-18T08:00:00+00:00,85.28,86.09,85.23,85.47,134800.867,2026-02-18T08:59:59.999000+00:00,11537455.26207,37923,60725.441,5198136.76028
2026-02-18T09:00:00+00:00,85.48,85.75,85.31,85.32,81961.472,2026-02-18T09:59:59.999000+00:00,7009304.91954,21819,35358.715,3024335.95817
2026-02-18T10:00:00+00:00,85.31,85.4,84.18,84.26,179190.395,2026-02-18T10:59:59.999000+00:00,15150010.30822,33711,102771.668,8680698.78211
2026-02-18T11:00:00+00:00,84.26,84.26,82.83,82.86,311963.454,2026-02-18T11:59:59.999000+00:00,26042216.15424,68499,164433.094,13733362.57737
2026-02-18T12:00:00+00:00,82.87,83.34,82.34,82.99,211396.876,2026-02-18T12:59:59.999000+00:00,17529869.71176,60339,106432.494,8824805.5878
2026-02-18T13:00:00+00:00,83.0,83.29,82.3,82.63,177772.307,2026-02-18T13:59:59.999000+00:00,14731942.22224,52196,90526.909,7504391.30234
2026-02-18T14:00:00+00:00,82.62,82.88,81.72,82.56,266550.071,2026-02-18T14:59:59.999000+00:00,21964247.54094,106094,124312.623,10248103.28094
2026-02-18T15:00:00+00:00,82.56,84.01,82.52,83.01,238110.505,2026-02-18T15:59:59.999000+00:00,19800431.73372,92347,134740.259,11205467.61802
2026-02-18T16:00:00+00:00,83.0,83.09,82.04,82.3,157893.014,2026-02-18T16:59:59.999000+00:00,13010460.49045,66440,77256.107,6367974.27204
2026-02-18T17:00:00+00:00,82.3,83.0,82.1,82.19,96505.62,2026-02-18T17:59:59.999000+00:00,7966123.29299,37806,53166.424,4388071.51655
2026-02-18T18:00:00+00:00,82.2,82.37,80.95,81.28,204133.371,2026-02-18T18:59:59.999000+00:00,16645646.18125,72830,82072.831,6693258.04634
2026-02-18T19:00:00+00:00,81.29,81.6,80.48,80.93,156894.548,2026-02-18T19:59:59.999000+00:00,12706911.87211,71548,70419.483,5705342.30903
2026-02-18T20:00:00+00:00,80.93,81.59,80.85,81.32,95827.615,2026-02-18T20:59:59.999000+00:00,7785817.01871,42371,55091.159,4475749.77104
2026-02-18T21:00:00+00:00,81.32,81.64,81.02,81.28,74664.371,2026-02-18T21:59:59.999000+00:00,6069511.73785,26503,33393.084,2715397.29451
2026-02-18T22:00:00+00:00,81.28,81.54,81.05,81.46,53028.691,2026-02-18T22:59:59.999000+00:00,4312597.67614,20833,28774.089,2339991.35518
2026-02-18T23:00:00+00:00,81.46,81.64,81.24,81.61,35318.101,2026-02-18T23:59:59.999000+00:00,2876047.02747,18686,20339.235,1656704.82224
2026-02-19T00:00:00+00:00,81.61,81.73,81.25,81.5,43694.208,2026-02-19T00:59:59.999000+00:00,3563406.04785,20074,27628.738,2253736.47661
2026-02-19T01:00:00+00:00,81.5,82.06,81.5,81.89,48706.878,2026-02-19T01:59:59.999000+00:00,3983224.2034,24399,29076.169,2378098.87841
2026-02-19T02:00:00+00:00,81.89,82.07,81.33,81.67,43497.06,2026-02-19T02:59:59.999000+00:00,3554815.13419,22244,24046.383,1965548.98694
2026-02-19T03:00:00+00:00,81.66,81.93,81.43,81.77,29088.966,2026-02-19T03:59:59.999000+00:00,2375935.0612,16253,14838.819,1212297.05734
2026-02-19T04:00:00+00:00,81.77,82.01,81.4,81.49,138914.111,2026-02-19T04:59:59.999000+00:00,11341301.71425,23037,70300.648,5741059.06904
2026-02-19T05:00:00+00:00,81.49,81.98,81.38,81.9,281203.419,2026-02-19T05:59:59.999000+00:00,22963175.41327,29780,68111.141,5562878.81746
2026-02-19T06:00:00+00:00,81.9,82.5,81.83,82.36,89615.722,2026-02-19T06:59:59.999000+00:00,7362647.41903,24221,52238.602,4293999.58423
2026-02-19T07:00:00+00:00,82.37,82.67,82.1,82.41,68696.609,2026-02-19T07:59:59.999000+00:00,5657614.77049,21349,39265.081,3234284.58279
2026-02-19T08:00:00+00:00,82.4,82.42,81.57,81.73,90896.819,2026-02-19T08:59:59.999000+00:00,7454326.6377,29612,31027.794,2543496.19659
2026-02-19T09:00:00+00:00,81.74,82.02,81.12,81.21,68527.31,2026-02-19T09:59:59.999000+00:00,5590847.42809,27990,32258.556,2632899.70293
2026-02-19T10:00:00+00:00,81.2,81.82,80.91,81.53,97193.6,2026-02-19T10:59:59.999000+00:00,7914867.03587,35568,49861.667,4061387.84427
2026-02-19T11:00:00+00:00,81.52,81.89,81.11,81.24,55410.356,2026-02-19T11:59:59.999000+00:00,4515080.71371,23971,27873.386,2270415.92841
2026-02-19T12:00:00+00:00,81.24,81.31,80.68,80.79,95673.174,2026-02-19T12:59:59.999000+00:00,7754988.49067,33629,48523.942,3934000.56565
2026-02-19T13:00:00+00:00,80.8,80.92,79.61,80.0,428616.614,2026-02-19T13:59:59.999000+00:00,34315187.68138,76039,253547.442,20290335.61664
2026-02-19T14:00:00+00:00,80.0,81.32,79.95,80.78,225631.67,2026-02-19T14:59:59.999000+00:00,18158837.51304,97541,123446.317,9935922.78761
2026-02-19T15:00:00+00:00,80.77,81.29,79.98,80.64,121161.857,2026-02-19T15:59:59.999000+00:00,9757933.3442,70047,60845.927,4901605.7634
2026-02-19T16:00:00+00:00,80.63,80.96,79.92,80.79,176840.836,2026-02-19T16:59:59.999000+00:00,14233364.10194,64527,91609.666,7378220.23381
2026-02-19T17:00:00+00:00,80.79,81.93,80.22,80.48,160582.562,2026-02-19T17:59:59.999000+00:00,13028111.21868,70582,67014.793,5434167.35379
2026-02-19T18:00:00+00:00,80.47,82.05,80.39,81.98,113875.886,2026-02-19T18:59:59.999000+00:00,9276518.11587,53807,69894.304,5696194.21526
2026-02-19T19:00:00+00:00,81.98,82.2,81.06,81.95,117870.548,2026-02-19T19:59:59.999000+00:00,9627396.5577,54345,69621.272,5687584.74002
2026-02-19T20:00:00+00:00,81.94,82.37,81.68,82.1,140401.531,2026-02-19T20:59:59.999000+00:00,11518138.8517,45002,71504.669,5866357.62109
2026-02-19T21:00:00+00:00,82.09,82.19,81.81,82.07,48858.068,2026-02-19T21:59:59.999000+00:00,4008131.11775,22948,26115.972,2142538.29469
2026-02-19T22:00:00+00:00,82.07,82.53,81.91,82.34,105272.166,2026-02-19T22:59:59.999000+00:00,8649640.04289,32421,56145.464,4613559.36562
2026-02-19T23:00:00+00:00,82.34,82.57,82.12,82.5,58047.52,2026-02-19T23:59:59.999000+00:00,4780290.3614,26719,36250.709,2985375.39316
2026-02-20T00:00:00+00:00,82.5,83.54,82.33,82.9,120222.12,2026-02-20T00:59:59.999000+00:00,9989750.52611,46895,64926.222,5391565.75571
2026-02-20T01:00:00+00:00,82.9,83.16,82.7,83.03,164324.481,2026-02-20T01:59:59.999000+00:00,13635888.307,30399,78907.202,6545730.34108
2026-02-20T02:00:00+00:00,83.04,83.35,82.82,82.92,78544.13,2026-02-20T02:59:59.999000+00:00,6525838.39985,27545,35884.141,2980568.81301
2026-02-20T03:00:00+00:00,82.92,83.37,82.84,83.04,121485.01,2026-02-20T03:59:59.999000+00:00,10096396.8257,22392,50108.301,4162293.48062
2026-02-20T04:00:00+00:00,83.05,83.11,82.38,82.69,59130.639,2026-02-20T04:59:59.999000+00:00,4892656.92361,26791,22465.218,1858575.81759
2026-02-20T05:00:00+00:00,82.69,83.75,82.5,83.27,106205.749,2026-02-20T05:59:59.999000+00:00,8820439.46029,32883,53759.327,4466366.21035
2026-02-20T06:00:00+00:00,83.27,83.74,83.14,83.71,125188.364,2026-02-20T06:59:59.999000+00:00,10452906.07751,23093,53391.863,4457237.81658
2026-02-20T07:00:00+00:00,83.72,83.93,83.41,83.46,61790.619,2026-02-20T07:59:59.999000+00:00,5170847.76627,22681,34167.835,2859766.30009
2026-02-20T08:00:00+00:00,83.45,83.81,83.3,83.66,57741.673,2026-02-20T08:59:59.999000+00:00,4823667.95077,23803,22493.965,1879517.80968
2026-02-20T09:00:00+00:00,83.65,84.5,83.65,84.19,218567.794,2026-02-20T09:59:59.999000+00:00,18419859.77038,46600,102651.493,8647604.50695
2026-02-20T10:00:00+00:00,84.19,84.84,84.04,84.09,161186.154,2026-02-20T10:59:59.999000+00:00,13605254.51603,39913,72030.353,6079981.15874
2026-02-20T11:00:00+00:00,84.1,84.26,83.34,83.58,230463.511,2026-02-20T11:59:59.999000+00:00,19309963.42265,46252,87906.241,7366482.66522
2026-02-20T12:00:00+00:00,83.58,84.03,83.29,83.72,175772.856,2026-02-20T12:59:59.999000+00:00,14702814.32889,30706,66273.925,5542211.66656
2026-02-20T13:00:00+00:00,83.71,83.72,81.77,82.19,345576.132,2026-02-20T13:59:59.999000+00:00,28496858.808,76361,163938.236,13518214.52831
2026-02-20T14:00:00+00:00,82.19,83.39,82.12,83.07,218020.871,2026-02-20T14:59:59.999000+00:00,18070399.22072,73940,114317.504,9475767.03788
2026-02-20T15:00:00+00:00,83.07,84.78,82.67,84.38,373753.235,2026-02-20T15:59:59.999000+00:00,31367281.48292,157691,201661.039,16924713.97686
2026-02-20T16:00:00+00:00,84.38,84.96,83.75,84.51,218411.55,2026-02-20T16:59:59.999000+00:00,18449013.80401,89001,112223.341,9478638.60934
2026-02-20T17:00:00+00:00,84.5,84.6,82.82,84.49,240346.921,2026-02-20T17:59:59.999000+00:00,20128068.17946,99108,116086.87,9722707.49802
2026-02-20T18:00:00+00:00,84.48,85.49,83.97,85.24,256544.239,2026-02-20T18:59:59.999000+00:00,21747836.11497,98587,129579.904,10984172.75644
2026-02-20T19:00:00+00:00,85.23,85.37,84.37,84.75,124453.494,2026-02-20T19:59:59.999000+00:00,10549908.48092,51978,56433.796,4783029.54275
2026-02-20T20:00:00+00:00,84.75,85.23,84.42,84.62,67691.792,2026-02-20T20:59:59.999000+00:00,5740182.08372,36202,33966.926,2880694.19264
2026-02-20T21:00:00+00:00,84.62,84.77,84.29,84.55,83245.866,2026-02-20T21:59:59.999000+00:00,7032854.04057,28539,41067.032,3469629.57058
2026-02-20T22:00:00+00:00,84.55,84.77,84.12,84.59,80010.557,2026-02-20T22:59:59.999000+00:00,6756709.41914,31133,41584.224,3512131.85638
2026-02-20T23:00:00+00:00,84.58,84.71,84.29,84.67,65879.002,2026-02-20T23:59:59.999000+00:00,5566332.56691,22394,36920.515,3119499.8162
2026-02-21T00:00:00+00:00,84.68,84.76,84.34,84.43,54224.467,2026-02-21T00:59:59.999000+00:00,4583294.5473,16537,18288.277,1545764.54955
2026-02-21T01:00:00+00:00,84.44,84.85,84.44,84.68,43081.387,2026-02-21T01:59:59.999000+00:00,3646572.84395,13501,19507.439,1650878.22653
2026-02-21T02:00:00+00:00,84.68,85.03,84.54,84.82,40717.051,2026-02-21T02:59:59.999000+00:00,3454605.06978,14031,23805.668,2019997.60969
2026-02-21T03:00:00+00:00,84.83,84.85,84.24,84.35,106811.642,2026-02-21T03:59:59.999000+00:00,9018114.78717,23178,60119.541,5074212.62284
2026-02-21T04:00:00+00:00,84.35,84.5,84.14,84.4,58569.443,2026-02-21T04:59:59.999000+00:00,4937843.4076,16002,22123.559,1865497.69964
2026-02-21T05:00:00+00:00,84.4,84.59,84.39,84.48,26824.47,2026-02-21T05:59:59.999000+00:00,2266079.20411,9551,9420.17,795772.71457
2026-02-21T06:00:00+00:00,84.48,84.78,84.04,84.12,60721.471,2026-02-21T06:59:59.999000+00:00,5119470.4882,15868,27329.608,2303875.36568
2026-02-21T07:00:00+00:00,84.13,84.33,83.97,84.24,45089.608,2026-02-21T07:59:59.999000+00:00,3794239.67237,14918,16724.266,1407126.62636
2026-02-21T08:00:00+00:00,84.24,84.74,84.19,84.73,51193.557,2026-02-21T08:59:59.999000+00:00,4326214.2606,13244,22798.457,1927082.92482
2026-02-21T09:00:00+00:00,84.73,85.2,84.67,84.91,74651.134,2026-02-21T09:59:59.999000+00:00,6344210.2849,23720,30317.567,2577015.50283
2026-02-21T10:00:00+00:00,84.91,85.27,84.9,85.15,65325.766,2026-02-21T10:59:59.999000+00:00,5556154.76959,16231,28014.787,2382933.23606
2026-02-21T11:00:00+00:00,85.16,85.7,85.14,85.4,62719.668,2026-02-21T11:59:59.999000+00:00,5357535.62867,23119,35455.379,3028653.88826
2026-02-21T12:00:00+00:00,85.4,85.54,85.0,85.32,75619.979,2026-02-21T12:59:59.999000+00:00,6444005.2067,21441,45789.578,3902234.80572
2026-02-21T13:00:00+00:00,85.32,85.96,85.18,85.85,97581.645,2026-02-21T13:59:59.999000+00:00,8341740.64517,21097,47104.231,4027410.75907
2026-02-21T14:00:00+00:00,85.85,86.66,85.62,86.3,258760.808,2026-02-21T14:59:59.999000+00:00,22311163.09753,52759,140197.571,12090521.11826
2026-02-21T15:00:00+00:00,86.3,86.72,86.15,86.58,128168.873,2026-02-21T15:59:59.999000+00:00,11093019.46788,29116,63918.755,5530771.93291
2026-02-21T16:00:00+00:00,86.59,86.68,85.88,86.13,107614.896,2026-02-21T16:59:59.999000+00:00,9268513.75579,31604,42751.625,3681115.31183
2026-02-21T17:00:00+00:00,86.13,86.46,85.82,86.25,62599.483,2026-02-21T17:59:59.999000+00:00,5390901.96946,22959,29767.866,2564379.46226
2026-02-21T18:00:00+00:00,86.24,86.72,86.18,86.56,65021.495,2026-02-21T18:59:59.999000+00:00,5618105.68668,20073,35299.813,3050280.199
2026-02-21T19:00:00+00:00,86.56,86.69,86.18,86.22,37929.422,2026-02-21T19:59:59.999000+00:00,3279511.64007,15571,17394.882,1504595.37255
2026-02-21T20:00:00+00:00,86.21,86.21,85.27,85.48,103043.715,2026-02-21T20:59:59.999000+00:00,8828874.48853,28430,41787.307,3579829.63197
2026-02-21T21:00:00+00:00,85.47,85.85,85.41,85.84,47752.849,2026-02-21T21:59:59.999000+00:00,4089810.0311,16807,24974.574,2139229.62194
2026-02-21T22:00:00+00:00,85.83,85.9,85.38,85.46,54844.37,2026-02-21T22:59:59.999000+00:00,4695215.54775,22120,26408.109,2260954.29939
2026-02-21T23:00:00+00:00,85.45,85.57,85.12,85.17,51881.663,2026-02-21T23:59:59.999000+00:00,4425525.50126,19323,24322.872,2074918.07624
2026-02-22T00:00:00+00:00,85.17,85.22,84.76,85.08,74021.32,2026-02-22T00:59:59.999000+00:00,6289058.53832,21603,32218.378,2737849.26148
2026-02-22T01:00:00+00:00,85.08,85.43,85.05,85.32,50854.018,2026-02-22T01:59:59.999000+00:00,4334993.38065,16608,27067.624,2307627.5836
2026-02-22T02:00:00+00:00,85.32,85.6,84.86,84.96,126960.547,2026-02-22T02:59:59.999000+00:00,10806220.45819,19124,55355.493,4710545.81923
2026-02-22T03:00:00+00:00,84.96,85.19,84.73,85.08,121751.36,2026-02-22T03:59:59.999000+00:00,10354286.74859,23673,77572.926,6599496.10439
2026-02-22T04:00:00+00:00,85.08,85.35,84.97,85.17,27421.212,2026-02-22T04:59:59.999000+00:00,2334928.58419,11885,14941.448,1272391.16399
2026-02-22T05:00:00+00:00,85.16,85.22,84.81,84.98,36922.673,2026-02-22T05:59:59.999000+00:00,3137589.96819,12061,18057.849,1534606.48741
2026-02-22T06:00:00+00:00,84.99,85.34,84.95,85.31,43248.142,2026-02-22T06:59:59.999000+00:00,3684239.58577,12227,26978.351,2298257.32631
2026-02-22T07:00:00+00:00,85.31,85.58,85.14,85.24,49244.192,2026-02-22T07:59:59.999000+00:00,4205124.54674,12348,21948.813,1873514.37363
2026-02-22T08:00:00+00:00,85.25,85.26,84.87,84.97,36499.235,2026-02-22T08:59:59.999000+00:00,3103924.5743,11542,18970.686,1613254.57423
2026-02-22T09:00:00+00:00,84.98,85.19,84.95,85.04,50156.975,2026-02-22T09:59:59.999000+00:00,4267196.68364,12053,21913.99,1864434.08109
2026-02-22T10:00:00+00:00,85.04,85.32,85.0,85.21,46454.168,2026-02-22T10:59:59.999000+00:00,3958608.17774,13064,18266.566,1556613.17719
2026-02-22T11:00:00+00:00,85.21,85.47,85.18,85.27,56709.875,2026-02-22T11:59:59.999000+00:00,4839930.84214,15989,16215.292,1384001.33537
2026-02-22T12:00:00+00:00,85.28,85.33,84.34,84.47,109332.489,2026-02-22T12:59:59.999000+00:00,9270443.31623,32249,47470.34,4022821.07459
2026-02-22T13:00:00+00:00,84.47,84.63,83.71,83.98,137453.229,2026-02-22T13:59:59.999000+00:00,11546804.18811,34177,44454.47,3738115.34571
2026-02-22T14:00:00+00:00,83.99,84.07,83.39,83.66,84243.607,2026-02-22T14:59:59.999000+00:00,7054916.12132,30042,42384.651,3549690.97322
2026-02-22T15:00:00+00:00,83.66,83.72,82.98,83.5,274557.201,2026-02-22T15:59:59.999000+00:00,22870207.83682,34909,159495.569,13283050.66427
2026-02-22T16:00:00+00:00,83.49,83.63,83.2,83.58,40111.699,2026-02-22T16:59:59.999000+00:00,3344717.83792,16687,17791.253,1483655.56902
2026-02-22T17:00:00+00:00,83.58,83.6,82.82,83.06,108378.921,2026-02-22T17:59:59.999000+00:00,9008754.67949,27428,50955.14,4234987.59538
2026-02-22T18:00:00+00:00,83.06,83.29,82.96,83.22,35315.098,2026-02-22T18:59:59.999000+00:00,2935834.89441,14312,18456.136,1534191.1835
2026-02-22T19:00:00+00:00,83.22,83.42,83.03,83.3,22299.872,2026-02-22T19:59:59.999000+00:00,1856727.91074,10224,14215.078,1183699.58203
2026-02-22T20:00:00+00:00,83.3,83.38,82.94,83.03,40025.13,2026-02-22T20:59:59.999000+00:00,3327361.86786,12629,15627.841,1299810.53158
2026-02-22T21:00:00+00:00,83.03,83.58,83.03,83.5,41429.271,2026-02-22T21:59:59.999000+00:00,3450689.802,14146,30294.188,2523176.77507
2026-02-22T22:00:00+00:00,83.5,83.71,83.09,83.57,53500.643,2026-02-22T22:59:59.999000+00:00,4463242.82267,23837,27648.942,2306940.80359
2026-02-22T23:00:00+00:00,83.58,83.66,82.48,82.79,131961.719,2026-02-22T23:59:59.999000+00:00,10947130.57373,45200,66059.605,5477021.7439
2026-02-23T00:00:00+00:00,82.8,82.85,81.32,81.37,118857.601,2026-02-23T00:59:59.999000+00:00,9764242.89637,39536,57201.812,4700984.47909
2026-02-23T01:00:00+00:00,81.37,81.38,77.49,77.98,877081.558,2026-02-23T01:59:59.999000+00:00,69147630.60786,288341,397059.969,31287165.97291
2026-02-23T02:00:00+00:00,77.97,78.44,77.55,77.87,275282.926,2026-02-23T02:59:59.999000+00:00,21469853.64654,92741,156331.459,12192908.48965
2026-02-23T03:00:00+00:00,77.87,78.32,77.28,77.66,261219.915,2026-02-23T03:59:59.999000+00:00,20314837.54302,66219,124371.946,9673030.86827
2026-02-23T04:00:00+00:00,77.66,77.74,77.15,77.39,165695.46,2026-02-23T04:59:59.999000+00:00,12835583.0659,42983,77277.553,5986808.99463
2026-02-23T05:00:00+00:00,77.39,78.08,77.34,77.85,156622.615,2026-02-23T05:59:59.999000+00:00,12175275.09654,37723,85328.409,6633117.43601
2026-02-23T06:00:00+00:00,77.84,79.18,77.7,79.09,308057.094,2026-02-23T06:59:59.999000+00:00,24230073.50728,58854,167720.225,13195730.48529
2026-02-23T07:00:00+00:00,79.09,79.69,78.92,79.4,151879.318,2026-02-23T07:59:59.999000+00:00,12039295.26754,45489,85006.958,6739292.39518
2026-02-23T08:00:00+00:00,79.4,79.4,78.53,78.78,158251.196,2026-02-23T08:59:59.999000+00:00,12481042.49162,32050,89045.299,7018497.91437
2026-02-23T09:00:00+00:00,78.79,80.54,78.79,80.46,204511.433,2026-02-23T09:59:59.999000+00:00,16316304.64688,50990,128720.821,10268593.72423
2026-02-23T10:00:00+00:00,80.47,80.69,80.09,80.27,108150.198,2026-02-23T10:59:59.999000+00:00,8690828.44405,34305,50414.245,4051142.77799
2026-02-23T11:00:00+00:00,80.26,80.55,79.97,80.05,94455.404,2026-02-23T11:59:59.999000+00:00,7579686.0004,24442,35308.359,2834549.663
2026-02-23T12:00:00+00:00,80.06,80.96,79.86,80.71,186479.246,2026-02-23T12:59:59.999000+00:00,15003357.88,44088,91270.567,7341499.49303
2026-02-23T13:00:00+00:00,80.72,81.13,80.43,80.54,263670.212,2026-02-23T13:59:59.999000+00:00,21292555.28983,53286,103541.77,8360611.60572
2026-02-23T14:00:00+00:00,80.55,80.81,79.43,80.14,157576.135,2026-02-23T14:59:59.999000+00:00,12639305.9634,97055,65252.066,5237401.60691
2026-02-23T15:00:00+00:00,80.14,80.34,79.2,79.4,181946.589,2026-02-23T15:59:59.999000+00:00,14514567.94223,77316,96120.127,7668443.54555
2026-02-23T16:00:00+00:00,79.39,79.8,78.6,78.97,417556.725,2026-02-23T16:59:59.999000+00:00,33046906.67893,81088,172650.434,13669502.98039
2026-02-23T17:00:00+00:00,78.97,79.15,77.27,78.31,243290.422,2026-02-23T17:59:59.999000+00:00,19026150.56013,90255,135399.091,10588346.49135
2026-02-23T18:00:00+00:00,78.32,79.3,78.04,78.62,196182.936,2026-02-23T18:59:59.999000+00:00,15426152.49075,58876,120475.123,9471334.4763
2026-02-23T19:00:00+00:00,78.63,78.92,77.98,78.29,172762.062,2026-02-23T19:59:59.999000+00:00,13547687.5302,52129,81743.287,6411781.59716
2026-02-23T20:00:00+00:00,78.28,78.54,77.85,78.31,145213.1,2026-02-23T20:59:59.999000+00:00,11361708.43169,49036,74145.197,5803194.45976
2026-02-23T21:00:00+00:00,78.3,78.73,78.18,78.38,113102.338,2026-02-23T21:59:59.999000+00:00,8868135.63879,31914,60368.924,4732694.00165
2026-02-23T22:00:00+00:00,78.38,78.92,78.25,78.26,99015.322,2026-02-23T22:59:59.999000+00:00,7795163.45988,33650,49471.661,3894819.08072
2026-02-23T23:00:00+00:00,78.26,78.54,77.63,77.9,106513.578,2026-02-23T23:59:59.999000+00:00,8317990.62488,26069,62312.352,4865837.26948
2026-02-24T00:00:00+00:00,77.91,78.53,77.9,78.46,75549.48,2026-02-24T00:59:59.999000+00:00,5915984.22418,25628,50466.832,3952490.33097
2026-02-24T01:00:00+00:00,78.45,78.46,75.74,77.67,402712.065,2026-02-24T01:59:59.999000+00:00,31084021.51347,129705,183128.676,14147677.9647
2026-02-24T02:00:00+00:00,77.67,78.43,77.52,77.64,134695.414,2026-02-24T02:59:59.999000+00:00,10494143.56128,49300,63972.976,4983419.93707
2026-02-24T03:00:00+00:00,77.63,77.63,76.47,76.87,190723.342,2026-02-24T03:59:59.999000+00:00,14686510.82477,66205,81367.316,6264652.39177
2026-02-24T04:00:00+00:00,76.88,77.07,76.11,76.86,152910.218,2026-02-24T04:59:59.999000+00:00,11717087.28204,55363,79807.016,6116031.21885
2026-02-24T05:00:00+00:00,76.86,77.36,76.22,76.64,183187.832,2026-02-24T05:59:59.999000+00:00,14052453.99291,50469,94413.785,7246333.49033
2026-02-24T06:00:00+00:00,76.63,76.94,76.38,76.58,127034.991,2026-02-24T06:59:59.999000+00:00,9739727.75755,38180,70165.724,5379004.86756
2026-02-24T07:00:00+00:00,76.59,77.22,76.5,76.84,176682.179,2026-02-24T07:59:59.999000+00:00,13592158.13452,40834,80584.68,6197523.68724
2026-02-24T08:00:00+00:00,76.85,77.2,76.5,77.03,102429.078,2026-02-24T08:59:59.999000+00:00,7877899.05844,35513,60138.783,4627836.90187
2026-02-24T09:00:00+00:00,77.04,77.14,76.0,76.65,116458.467,2026-02-24T09:59:59.999000+00:00,8915435.91483,40929,51731.624,3961027.73535
2026-02-24T10:00:00+00:00,76.65,76.83,76.41,76.74,62757.101,2026-02-24T10:59:59.999000+00:00,4809532.45658,30458,27728.237,2125405.373
2026-02-24T11:00:00+00:00,76.75,76.92,76.49,76.77,68421.691,2026-02-24T11:59:59.999000+00:00,5248870.20356,24324,36879.083,2829280.2158
2026-02-24T12:00:00+00:00,76.78,77.05,76.51,76.59,72628.496,2026-02-24T12:59:59.999000+00:00,5576275.05024,28198,33231.842,2552080.02788
2026-02-24T13:00:00+00:00,76.6,76.8,76.02,76.55,117798.608,2026-02-24T13:59:59.999000+00:00,9013313.32643,49737,49401.736,3780511.36498
2026-02-24T14:00:00+00:00,76.56,77.42,75.63,76.86,345026.306,2026-02-24T14:59:59.999000+00:00,26418706.89759,122217,176324.536,13519626.73695
2026-02-24T15:00:00+00:00,76.87,77.49,76.59,77.3,203358.619,2026-02-24T15:59:59.999000+00:00,15668133.36714,96111,114884.919,8849804.67323
2026-02-24T16:00:00+00:00,77.3,78.25,77.23,78.13,208260.238,2026-02-24T16:59:59.999000+00:00,16218052.35219,79950,110777.47,8627771.93375
2026-02-24T17:00:00+00:00,78.13,78.5,77.8,77.98,146597.856,2026-02-24T17:59:59.999000+00:00,11464374.27467,53597,79637.103,6228915.76344
2026-02-24T18:00:00+00:00,77.97,78.34,77.56,78.2,96135.9,2026-02-24T18:59:59.999000+00:00,7500148.85003,33680,41722.489,3253420.86672
2026-02-24T19:00:00+00:00,78.2,78.51,77.89,78.38,104446.059,2026-02-24T19:59:59.999000+00:00,8174652.41619,36999,53007.892,4148955.91363
2026-02-24T20:00:00+00:00,78.38,78.9,78.32,78.67,105886.499,2026-02-24T20:59:59.999000+00:00,8326448.1131,43845,54142.307,4257499.02736
2026-02-24T21:00:00+00:00,78.66,78.73,78.12,78.55,95993.794,2026-02-24T21:59:59.999000+00:00,7522668.13083,31459,38653.895,3028825.11275
2026-02-24T22:00:00+00:00,78.54,79.37,78.44,79.08,81885.524,2026-02-24T22:59:59.999000+00:00,6468758.74967,31321,43371.197,3426452.0384
2026-02-24T23:00:00+00:00,79.08,79.62,78.66,78.99,221248.619,2026-02-24T23:59:59.999000+00:00,17517634.49939,38113,116465.406,9220193.55242
2026-02-25T00:00:00+00:00,78.99,79.44,78.73,79.21,81825.948,2026-02-25T00:59:59.999000+00:00,6466491.51057,31878,39257.106,3102010.2902
2026-02-25T01:00:00+00:00,79.2,82.57,79.11,82.0,508122.846,2026-02-25T01:59:59.999000+00:00,41393300.21955,188961,249080.263,20267353.11478
2026-02-25T02:00:00+00:00,81.99,82.99,81.98,82.45,273959.207,2026-02-25T02:59:59.999000+00:00,22598703.69537,91375,162884.602,13441558.3766
2026-02-25T03:00:00+00:00,82.46,82.58,81.61,81.75,143345.966,2026-02-25T03:59:59.999000+00:00,11744376.50029,60705,60374.132,4947933.01944
2026-02-25T04:00:00+00:00,81.75,82.43,81.28,81.96,140884.685,2026-02-25T04:59:59.999000+00:00,11538720.08848,47783,78555.207,6433479.12975
2026-02-25T05:00:00+00:00,81.96,82.17,80.98,81.3,172951.112,2026-02-25T05:59:59.999000+00:00,14102869.55334,49797,82202.843,6700726.2608
2026-02-25T06:00:00+00:00,81.31,81.9,81.16,81.57,74149.876,2026-02-25T06:59:59.999000+00:00,6046987.36689,31237,38135.597,3111247.70351
2026-02-25T07:00:00+00:00,81.58,82.41,81.49,82.19,134320.151,2026-02-25T07:59:59.999000+00:00,11030743.18529,41666,69364.971,5698504.9161
2026-02-25T08:00:00+00:00,82.19,82.57,81.93,82.48,96711.439,2026-02-25T08:59:59.999000+00:00,7960910.06059,40983,51063.159,4204377.80429
2026-02-25T09:00:00+00:00,82.48,82.7,82.22,82.54,108511.321,2026-02-25T09:59:59.999000+00:00,8950058.60307,38290,52587.338,4338011.42946
2026-02-25T10:00:00+00:00,82.55,82.95,82.45,82.55,93382.465,2026-02-25T10:59:59.999000+00:00,7721055.6591,39336,48745.275,4030774.48213
2026-02-25T11:00:00+00:00,82.55,83.42,82.32,83.39,132189.725,2026-02-25T11:59:59.999000+00:00,10966175.76189,42608,78664.931,6528825.79127
2026-02-25T12:00:00+00:00,83.38,84.09,82.89,83.68,254791.358,2026-02-25T12:59:59.999000+00:00,21271507.47844,72575,126599.282,10570277.5605
2026-02-25T13:00:00+00:00,83.68,84.44,83.4,83.82,199589.367,2026-02-25T13:59:59.999000+00:00,16740508.46911,69593,117866.398,9886884.09525
2026-02-25T14:00:00+00:00,83.83,85.8,83.8,85.64,388123.503,2026-02-25T14:59:59.999000+00:00,32858639.72003,143221,214675.619,18172167.38026
2026-02-25T15:00:00+00:00,85.63,86.46,85.02,85.98,409010.451,2026-02-25T15:59:59.999000+00:00,35066975.44948,158565,213695.843,18328448.15
2026-02-25T16:00:00+00:00,85.98,87.69,85.97,87.55,365316.538,2026-02-25T16:59:59.999000+00:00,31774371.94435,132043,189745.717,16505256.8066
2026-02-25T17:00:00+00:00,87.54,88.94,87.39,88.56,356176.325,2026-02-25T17:59:59.999000+00:00,31431479.18059,131629,201303.44,17765167.06197
2026-02-25T18:00:00+00:00,88.55,89.18,88.0,88.94,223810.272,2026-02-25T18:59:59.999000+00:00,19836404.62544,97426,116029.754,10288060.97958
2026-02-25T19:00:00+00:00,88.94,89.65,88.35,89.43,216061.213,2026-02-25T19:59:59.999000+00:00,19222611.71088,86290,116073.346,10329127.01738
2026-02-25T20:00:00+00:00,89.43,90.13,88.97,89.39,241956.276,2026-02-25T20:59:59.999000+00:00,21647624.6755,86743,128262.245,11479870.0005
2026-02-25T21:00:00+00:00,89.38,92.1,89.37,89.85,414949.239,2026-02-25T21:59:59.999000+00:00,37571401.96001,153720,219865.142,19912462.30601
2026-02-25T22:00:00+00:00,89.85,90.53,88.38,89.1,299198.285,2026-02-25T22:59:59.999000+00:00,26776969.68143,115929,152233.697,13641682.53637
2026-02-25T23:00:00+00:00,89.09,89.34,87.07,88.06,303411.847,2026-02-25T23:59:59.999000+00:00,26714382.1046,123860,151076.325,13291555.73935
2026-02-26T00:00:00+00:00,88.05,89.27,87.84,88.58,409326.293,2026-02-26T00:59:59.999000+00:00,36244980.23715,110318,249487.962,22082147.48101
2026-02-26T01:00:00+00:00,88.59,89.15,88.21,88.42,134611.582,2026-02-26T01:59:59.999000+00:00,11936037.70767,61687,66946.855,5937149.22612
2026-02-26T02:00:00+00:00,88.42,88.49,87.53,88.2,187611.207,2026-02-26T02:59:59.999000+00:00,16498470.65642,68660,101465.912,8924947.00756
2026-02-26T03:00:00+00:00,88.2,88.37,87.78,87.95,77647.584,2026-02-26T03:59:59.999000+00:00,6833558.56135,35810,35701.566,3142142.0523
2026-02-26T04:00:00+00:00,87.95,89.05,87.84,88.74,83438.196,2026-02-26T04:59:59.999000+00:00,7387366.17392,46146,40144.015,3555016.39126
2026-02-26T05:00:00+00:00,88.74,88.74,87.22,87.76,136348.94,2026-02-26T05:59:59.999000+00:00,11956407.71473,58269,56756.041,4974607.21864
2026-02-26T06:00:00+00:00,87.76,88.01,87.32,87.65,123465.512,2026-02-26T06:59:59.999000+00:00,10820910.27994,38631,45710.622,4007606.0008
2026-02-26T07:00:00+00:00,87.65,87.89,87.23,87.24,117610.302,2026-02-26T07:59:59.999000+00:00,10297542.11602,33354,38264.201,3351558.34225
2026-02-26T08:00:00+00:00,87.24,87.9,87.24,87.31,104405.503,2026-02-26T08:59:59.999000+00:00,9138295.00868,39061,51567.732,4513894.88554
2026-02-26T09:00:00+00:00,87.3,88.71,87.22,88.32,130757.499,2026-02-26T09:59:59.999000+00:00,11522572.46833,43382,75285.252,6633141.50612
2026-02-26T10:00:00+00:00,88.32,88.58,87.29,87.48,96781.647,2026-02-26T10:59:59.999000+00:00,8499838.11103,37778,43603.268,3829325.68858
2026-02-26T11:00:00+00:00,87.48,87.63,86.6,86.82,134433.791,2026-02-26T11:59:59.999000+00:00,11686906.38247,43587,56914.353,4946763.63924
2026-02-26T12:00:00+00:00,86.82,87.78,86.72,87.7,67291.054,2026-02-26T12:59:59.999000+00:00,5876276.32494,33449,39086.271,3412466.98424
2026-02-26T13:00:00+00:00,87.7,88.08,87.49,87.62,80425.654,2026-02-26T13:59:59.999000+00:00,7055026.2407,34021,33787.85,2964524.32261
2026-02-26T14:00:00+00:00,87.63,88.26,86.27,87.02,191870.584,2026-02-26T14:59:59.999000+00:00,16744258.95058,119462,96687.0,8437949.42367
2026-02-26T15:00:00+00:00,87.01,87.1,85.27,86.56,282371.45,2026-02-26T15:59:59.999000+00:00,24310921.08268,153600,132119.992,11371341.42271
2026-02-26T16:00:00+00:00,86.57,86.75,84.34,84.58,306813.075,2026-02-26T16:59:59.999000+00:00,26177387.11725,118998,140398.247,11983943.33801
2026-02-26T17:00:00+00:00,84.58,85.35,84.51,84.9,144632.11,2026-02-26T17:59:59.999000+00:00,12301462.57772,72316,66307.648,5640543.17168
2026-02-26T18:00:00+00:00,84.91,85.7,84.47,85.38,136890.163,2026-02-26T18:59:59.999000+00:00,11647849.645,63248,84239.672,7169143.22054
2026-02-26T19:00:00+00:00,85.38,86.68,85.34,86.47,148984.542,2026-02-26T19:59:59.999000+00:00,12834247.88972,54109,85894.09,7398118.07947
2026-02-26T20:00:00+00:00,86.47,86.87,85.85,86.03,87967.315,2026-02-26T20:59:59.999000+00:00,7597354.71302,37652,39610.875,3422664.06138
2026-02-26T21:00:00+00:00,86.02,86.29,85.73,85.94,65844.67,2026-02-26T21:59:59.999000+00:00,5666213.33175,29778,33056.391,2844713.14152
2026-02-26T22:00:00+00:00,85.94,86.39,85.8,86.15,59388.165,2026-02-26T22:59:59.999000+00:00,5114290.6957,21404,38846.253,3346443.96135
2026-02-26T23:00:00+00:00,86.14,86.15,85.77,85.91,47974.141,2026-02-26T23:59:59.999000+00:00,4123184.95572,26321,21062.803,1810157.58556
2026-02-27T00:00:00+00:00,85.91,86.04,85.19,85.83,65899.927,2026-02-27T00:59:59.999000+00:00,5642724.50459,35766,30832.156,2640298.56333
2026-02-27T01:00:00+00:00,85.83,86.15,85.3,86.15,104956.584,2026-02-27T01:59:59.999000+00:00,8995364.6724,46982,50558.173,4334588.28746
2026-02-27T02:00:00+00:00,86.14,86.79,85.94,86.58,68245.156,2026-02-27T02:59:59.999000+00:00,5899200.88944,33289,43202.652,3734351.21678
2026-02-27T03:00:00+00:00,86.58,87.82,86.35,87.63,92454.352,2026-02-27T03:59:59.999000+00:00,8056273.3465,37393,51250.804,4462051.54073
2026-02-27T04:00:00+00:00,87.63,88.29,87.48,87.56,136999.504,2026-02-27T04:59:59.999000+00:00,12031132.69196,55201,70287.798,6173696.03145
2026-02-27T05:00:00+00:00,87.55,87.86,87.4,87.54,50002.725,2026-02-27T05:59:59.999000+00:00,4381268.20844,26052,25595.347,2242715.10705
2026-02-27T06:00:00+00:00,87.54,87.62,86.85,87.34,76062.054,2026-02-27T06:59:59.999000+00:00,6636325.31054,32679,35909.99,3133293.95686
2026-02-27T07:00:00+00:00,87.34,87.43,86.81,87.31,108590.58,2026-02-27T07:59:59.999000+00:00,9461931.98172,31974,37718.679,3287111.17309
2026-02-27T08:00:00+00:00,87.31,87.93,87.22,87.57,100570.282,2026-02-27T08:59:59.999000+00:00,8808329.49919,33455,60856.748,5330239.35278
2026-02-27T09:00:00+00:00,87.58,87.82,86.23,86.33,127986.348,2026-02-27T09:59:59.999000+00:00,11136209.02187,44849,50577.6,4404537.53152
2026-02-27T10:00:00+00:00,86.33,86.49,84.57,84.71,190310.662,2026-02-27T10:59:59.999000+00:00,16249553.6711,70174,84930.576,7249846.3231
2026-02-27T11:00:00+00:00,84.71,84.96,83.35,83.59,212959.421,2026-02-27T11:59:59.999000+00:00,17904451.23086,78268,88264.358,7420250.39316
2026-02-27T12:00:00+00:00,83.59,83.76,82.66,83.12,182726.45,2026-02-27T12:59:59.999000+00:00,15201419.09505,67964,100274.68,8344009.54091
2026-02-27T13:00:00+00:00,83.12,83.57,81.95,83.08,262527.389,2026-02-27T13:59:59.999000+00:00,21720773.69209,85601,129166.955,10691291.75562
2026-02-27T14:00:00+00:00,83.07,83.36,82.09,82.39,233201.881,2026-02-27T14:59:59.999000+00:00,19284096.01173,109420,125278.748,10360667.94173
2026-02-27T15:00:00+00:00,82.38,83.07,82.31,82.7,239090.631,2026-02-27T15:59:59.999000+00:00,19790838.55751,101374,106776.088,8837065.12246
2026-02-27T16:00:00+00:00,82.7,82.7,81.32,81.37,182220.417,2026-02-27T16:59:59.999000+00:00,14929678.24829,74405,82764.894,6779140.05408
2026-02-27T17:00:00+00:00,81.37,81.9,81.11,81.84,230896.953,2026-02-27T17:59:59.999000+00:00,18812285.9771,88348,118932.888,9691800.26167
2026-02-27T18:00:00+00:00,81.84,82.03,81.39,81.48,181403.453,2026-02-27T18:59:59.999000+00:00,14816115.41404,66271,58559.333,4783047.02492
2026-02-27T19:00:00+00:00,81.48,81.72,81.13,81.57,61047.867,2026-02-27T19:59:59.999000+00:00,4973303.2919,30218,35432.624,2886745.51836
2026-02-27T20:00:00+00:00,81.57,81.87,81.22,81.45,106110.486,2026-02-27T20:59:59.999000+00:00,8654374.75351,31714,56554.214,4614085.45443
2026-02-27T21:00:00+00:00,81.45,81.82,80.84,81.2,103580.315,2026-02-27T21:59:59.999000+00:00,8427046.7914,29816,50416.161,4105156.80874
2026-02-27T22:00:00+00:00,81.2,81.6,80.32,81.43,160408.138,2026-02-27T22:59:59.999000+00:00,13018128.92418,47884,59338.531,4813717.33402
2026-02-27T23:00:00+00:00,81.43,82.11,81.35,81.85,92247.784,2026-02-27T23:59:59.999000+00:00,7541573.52964,31739,54609.54,4464640.61287
2026-02-28T00:00:00+00:00,81.84,82.16,81.59,82.12,68148.677,2026-02-28T00:59:59.999000+00:00,5582710.38041,27018,34870.951,2856911.67677
2026-02-28T01:00:00+00:00,82.12,82.27,81.73,81.78,52634.384,2026-02-28T01:59:59.999000+00:00,4318328.60442,27065,27432.32,2250917.05541
2026-02-28T02:00:00+00:00,81.78,82.2,81.71,82.15,36102.893,2026-02-28T02:59:59.999000+00:00,2961915.83039,18386,16422.155,1347276.48136
2026-02-28T03:00:00+00:00,82.15,82.15,81.55,81.74,38633.497,2026-02-28T03:59:59.999000+00:00,3161460.1862,18208,18907.863,1546978.16114
2026-02-28T04:00:00+00:00,81.75,81.9,81.21,81.65,40144.026,2026-02-28T04:59:59.999000+00:00,3277475.09403,19887,16280.947,1329811.7601
2026-02-28T05:00:00+00:00,81.65,81.82,81.29,81.56,30561.614,2026-02-28T05:59:59.999000+00:00,2490634.18895,14975,15284.397,1245683.55826
2026-02-28T06:00:00+00:00,81.56,81.56,77.12,77.56,626752.905,2026-02-28T06:59:59.999000+00:00,49571407.36065,247962,273970.786,21639584.74285
2026-02-28T07:00:00+00:00,77.56,79.62,77.14,78.71,461506.489,2026-02-28T07:59:59.999000+00:00,36213903.02649,162966,255917.969,20075900.66187
2026-02-28T08:00:00+00:00,78.7,78.72,77.85,78.02,175889.231,2026-02-28T08:59:59.999000+00:00,13773630.04834,71724,73001.357,5718912.69386
2026-02-28T09:00:00+00:00,78.01,78.73,77.74,78.42,290911.836,2026-02-28T09:59:59.999000+00:00,22807739.07852,66535,135995.081,10659854.01505
2026-02-28T10:00:00+00:00,78.41,79.18,77.96,79.12,374608.34,2026-02-28T10:59:59.999000+00:00,29445659.25458,59246,173417.311,13624628.82399
2026-02-28T11:00:00+00:00,79.11,79.6,78.67,78.78,234808.293,2026-02-28T11:59:59.999000+00:00,18614461.8582,52257,95860.83,7594589.56591
2026-02-28T12:00:00+00:00,78.78,79.22,78.59,78.94,131033.762,2026-02-28T12:59:59.999000+00:00,10333610.05019,31312,66718.245,5262971.38545
2026-02-28T13:00:00+00:00,78.94,80.98,78.69,80.81,325755.481,2026-02-28T13:59:59.999000+00:00,26044829.66782,98143,166916.661,13354829.98101
2026-02-28T14:00:00+00:00,80.82,81.51,80.05,80.25,343475.825,2026-02-28T14:59:59.999000+00:00,27749464.87422,131767,167208.461,13516887.6177
2026-02-28T15:00:00+00:00,80.25,81.11,79.62,80.92,171771.595,2026-02-28T15:59:59.999000+00:00,13827687.19638,66610,94863.774,7638544.91384
2026-02-28T16:00:00+00:00,80.91,81.33,80.5,81.07,95032.191,2026-02-28T16:59:59.999000+00:00,7688311.70294,45295,51348.971,4154744.5203
2026-02-28T17:00:00+00:00,81.08,81.53,80.58,81.38,119024.385,2026-02-28T17:59:59.999000+00:00,9643837.38873,37682,54491.921,4416420.10062
2026-02-28T18:00:00+00:00,81.38,82.91,81.1,82.36,212809.743,2026-02-28T18:59:59.999000+00:00,17446235.15948,66969,128982.878,10576739.23062
2026-02-28T19:00:00+00:00,82.35,82.8,81.45,82.21,185306.016,2026-02-28T19:59:59.999000+00:00,15220494.84013,74602,90592.957,7441183.21199
2026-02-28T20:00:00+00:00,82.22,85.05,81.97,84.88,292696.551,2026-02-28T20:59:59.999000+00:00,24499342.50685,115508,158241.388,13242336.13011
2026-02-28T21:00:00+00:00,84.89,85.05,83.58,84.49,178900.729,2026-02-28T21:59:59.999000+00:00,15077661.32254,81195,82280.023,6935325.50375
2026-02-28T22:00:00+00:00,84.49,85.65,84.25,84.29,164278.47,2026-02-28T22:59:59.999000+00:00,13939555.39282,79879,81490.684,6916917.34253
2026-02-28T23:00:00+00:00,84.29,84.74,83.92,84.35,86912.946,2026-02-28T23:59:59.999000+00:00,7327748.2986,37232,36445.739,3073322.25166
2026-03-01T00:00:00+00:00,84.35,85.01,84.32,84.87,131648.775,2026-03-01T00:59:59.999000+00:00,11139181.48771,45623,59030.368,4996466.39413
2026-03-01T01:00:00+00:00,84.88,87.5,84.25,86.75,337432.973,2026-03-01T01:59:59.999000+00:00,28995641.7176,107296,184438.455,15857112.0497
2026-03-01T02:00:00+00:00,86.75,88.9,86.75,87.97,586949.091,2026-03-01T02:59:59.999000+00:00,51661459.89385,199821,273767.98,24093008.26359
2026-03-01T03:00:00+00:00,87.96,88.33,87.63,88.02,187261.099,2026-03-01T03:59:59.999000+00:00,16480581.71763,72631,83051.62,7309852.34886
2026-03-01T04:00:00+00:00,88.02,88.26,86.87,87.55,222644.875,2026-03-01T04:59:59.999000+00:00,19490994.0159,77069,99134.531,8680425.28449
2026-03-01T05:00:00+00:00,87.55,88.03,87.21,87.26,99836.252,2026-03-01T05:59:59.999000+00:00,8750453.43622,41679,47853.386,4195705.12104
2026-03-01T06:00:00+00:00,87.26,87.38,86.16,86.66,174048.694,2026-03-01T06:59:59.999000+00:00,15074200.37107,60404,73760.402,6386393.03831
2026-03-01T07:00:00+00:00,86.67,86.89,86.3,86.63,81091.31,2026-03-01T07:59:59.999000+00:00,7024513.61978,33964,34497.231,2989144.53352
2026-03-01T08:00:00+00:00,86.63,86.83,85.07,85.22,189397.696,2026-03-01T08:59:59.999000+00:00,16236527.5787,58379,79733.302,6831721.19277
2026-03-01T09:00:00+00:00,85.22,85.86,84.81,85.0,202618.012,2026-03-01T09:59:59.999000+00:00,17282223.30724,63105,98819.498,8425855.94915
2026-03-01T10:00:00+00:00,85.0,85.66,84.71,85.23,116787.129,2026-03-01T10:59:59.999000+00:00,9942097.63018,43480,60284.728,5132845.80554
2026-03-01T11:00:00+00:00,85.23,85.53,84.97,85.18,54598.691,2026-03-01T11:59:59.999000+00:00,4654754.05353,22246,29163.691,2486710.15152
2026-03-01T12:00:00+00:00,85.18,85.4,84.76,84.88,84942.173,2026-03-01T12:59:59.999000+00:00,7226385.94065,28867,47173.908,4014099.56895
2026-03-01T13:00:00+00:00,84.87,86.98,84.51,86.08,236226.073,2026-03-01T13:59:59.999000+00:00,20285756.97365,96447,117031.784,10046951.72654
2026-03-01T14:00:00+00:00,86.09,86.89,85.44,85.8,189323.055,2026-03-01T14:59:59.999000+00:00,16307216.37803,90806,94404.575,8136189.72588
2026-03-01T15:00:00+00:00,85.8,86.68,85.62,85.67,137064.714,2026-03-01T15:59:59.999000+00:00,11818492.06663,52632,77929.25,6721498.28837
2026-03-01T16:00:00+00:00,85.67,86.1,83.71,84.0,247189.804,2026-03-01T16:59:59.999000+00:00,21007515.53032,93204,110374.46,9389347.09607
2026-03-01T17:00:00+00:00,83.99,84.29,83.18,83.9,214598.992,2026-03-01T17:59:59.999000+00:00,17994717.96801,80114,102498.382,8594003.59375
2026-03-01T18:00:00+00:00,83.89,85.0,83.86,83.92,144492.131,2026-03-01T18:59:59.999000+00:00,12193862.01915,58251,79041.293,6671493.49251
2026-03-01T19:00:00+00:00,83.93,84.03,83.03,83.23,116905.642,2026-03-01T19:59:59.999000+00:00,9761422.55666,40169,57330.908,4787453.16127
2026-03-01T20:00:00+00:00,83.23,83.27,81.69,81.98,220988.571,2026-03-01T20:59:59.999000+00:00,18180989.32754,74425,95195.203,7829684.09282
2026-03-01T21:00:00+00:00,81.98,83.03,81.92,82.94,101983.632,2026-03-01T21:59:59.999000+00:00,8424600.21724,40476,51094.488,4221980.89842
2026-03-01T22:00:00+00:00,82.93,84.12,82.38,82.73,224264.948,2026-03-01T22:59:59.999000+00:00,18669004.04248,82417,116653.267,9716499.94683
2026-03-01T23:00:00+00:00,82.72,84.08,82.5,83.6,132899.89,2026-03-01T23:59:59.999000+00:00,11101982.0473,75600,71179.507,5945997.82055
2026-03-02T00:00:00+00:00,83.61,85.24,83.48,85.0,159855.132,2026-03-02T00:59:59.999000+00:00,13476879.45799,81313,97443.742,8213308.46163
2026-03-02T01:00:00+00:00,85.0,86.18,84.41,84.61,207437.533,2026-03-02T01:59:59.999000+00:00,17690455.27709,88250,117043.838,9985284.17514
2026-03-02T02:00:00+00:00,84.62,84.77,83.46,84.15,151023.464,2026-03-02T02:59:59.999000+00:00,12697971.51122,62725,57530.489,4838165.6318
2026-03-02T03:00:00+00:00,84.15,85.12,83.85,84.78,136473.161,2026-03-02T03:59:59.999000+00:00,11549544.02595,55045,72960.696,6174670.63368
2026-03-02T04:00:00+00:00,84.78,84.84,84.1,84.3,95021.356,2026-03-02T04:59:59.999000+00:00,8024920.49715,37079,36104.572,3049502.14062
2026-03-02T05:00:00+00:00,84.31,84.7,83.81,84.23,100723.258,2026-03-02T05:59:59.999000+00:00,8488745.18333,35695,38143.521,3216773.96429
2026-03-02T06:00:00+00:00,84.23,84.26,82.88,83.26,138586.895,2026-03-02T06:59:59.999000+00:00,11559940.07083,59494,63831.241,5325102.16845
2026-03-02T07:00:00+00:00,83.26,83.3,82.38,82.95,156151.547,2026-03-02T07:59:59.999000+00:00,12940560.73567,58296,65654.293,5441155.42303
2026-03-02T08:00:00+00:00,82.96,83.63,82.37,83.46,160168.711,2026-03-02T08:59:59.999000+00:00,13275821.29969,61200,75399.503,6253330.05905
2026-03-02T09:00:00+00:00,83.45,84.12,83.33,83.64,184039.558,2026-03-02T09:59:59.999000+00:00,15418831.01841,65864,81284.531,6809762.1122
2026-03-02T10:00:00+00:00,83.63,84.1,83.36,83.89,98182.33,2026-03-02T10:59:59.999000+00:00,8216043.26166,44281,48903.228,4093026.58096
2026-03-02T11:00:00+00:00,83.89,84.29,83.46,83.89,138037.013,2026-03-02T11:59:59.999000+00:00,11579753.62377,43463,72511.142,6084229.62991
2026-03-02T12:00:00+00:00,83.88,84.15,83.57,83.7,74341.232,2026-03-02T12:59:59.999000+00:00,6232162.87904,37378,36600.017,3068248.59821
2026-03-02T13:00:00+00:00,83.7,83.85,82.92,83.08,137730.457,2026-03-02T13:59:59.999000+00:00,11476395.07156,61507,67035.065,5585742.09556
2026-03-02T14:00:00+00:00,83.07,85.97,82.78,85.68,386730.967,2026-03-02T14:59:59.999000+00:00,32650699.563,177143,192743.678,16282424.97698
2026-03-02T15:00:00+00:00,85.67,88.98,85.48,88.77,923932.639,2026-03-02T15:59:59.999000+00:00,81145764.88951,274264,522148.181,45841914.22084
2026-03-02T16:00:00+00:00,88.77,90.29,88.47,88.85,546975.727,2026-03-02T16:59:59.999000+00:00,48866217.43809,221789,278994.113,24935813.45576
2026-03-02T17:00:00+00:00,88.84,88.99,86.39,87.61,331947.693,2026-03-02T17:59:59.999000+00:00,29103135.20712,127744,170048.879,14911653.55178
2026-03-02T18:00:00+00:00,87.61,87.84,86.69,87.31,165832.482,2026-03-02T18:59:59.999000+00:00,14489819.73247,95251,81854.055,7152645.26247
2026-03-02T19:00:00+00:00,87.31,87.82,86.82,87.65,178587.242,2026-03-02T19:59:59.999000+00:00,15599422.67139,69733,75979.272,6639593.91687
2026-03-02T20:00:00+00:00,87.65,88.08,86.85,87.57,200371.47,2026-03-02T20:59:59.999000+00:00,17550406.34967,95640,100118.144,8770400.15635
2026-03-02T21:00:00+00:00,87.58,87.73,87.15,87.54,128267.282,2026-03-02T21:59:59.999000+00:00,11221058.00108,48805,68879.976,6026187.52163
2026-03-02T22:00:00+00:00,87.55,88.25,87.26,88.04,126832.471,2026-03-02T22:59:59.999000+00:00,11147941.98873,46034,49974.164,4392553.93567
2026-03-02T23:00:00+00:00,88.03,88.09,86.35,86.64,196183.64,2026-03-02T23:59:59.999000+00:00,17063585.5208,64457,86820.264,7549053.80939
2026-03-03T00:00:00+00:00,86.65,87.32,86.11,86.92,202803.751,2026-03-03T00:59:59.999000+00:00,17571372.08574,64281,91878.089,7962713.19087
2026-03-03T01:00:00+00:00,86.91,87.18,86.16,86.17,107777.62,2026-03-03T01:59:59.999000+00:00,9335719.39009,52199,49107.999,4256765.67584
2026-03-03T02:00:00+00:00,86.16,86.35,85.23,86.21,162023.913,2026-03-03T02:59:59.999000+00:00,13899263.42468,70334,84657.463,7265690.54713
2026-03-03T03:00:00+00:00,86.21,86.63,85.92,86.31,63650.226,2026-03-03T03:59:59.999000+00:00,5490435.80158,30848,34306.994,2960645.24766
2026-03-03T04:00:00+00:00,86.31,86.46,85.65,85.85,52045.279,2026-03-03T04:59:59.999000+00:00,4477077.80552,29645,21060.11,1812932.75089
2026-03-03T05:00:00+00:00,85.84,86.82,85.38,85.8,128715.142,2026-03-03T05:59:59.999000+00:00,11080358.50401,52131,56704.646,4880813.12252
2026-03-03T06:00:00+00:00,85.79,85.98,85.4,85.85,73478.092,2026-03-03T06:59:59.999000+00:00,6297358.75452,39509,35645.895,3055287.9984
2026-03-03T07:00:00+00:00,85.85,86.3,85.4,85.58,85726.162,2026-03-03T07:59:59.999000+00:00,7356431.14595,35519,42441.397,3643844.86966
2026-03-03T08:00:00+00:00,85.58,85.77,83.94,84.26,224449.606,2026-03-03T08:59:59.999000+00:00,19006040.11679,82996,105624.658,8949309.48001
2026-03-03T09:00:00+00:00,84.26,84.99,84.02,84.31,169353.491,2026-03-03T09:59:59.999000+00:00,14314418.66478,70523,78276.992,6617088.57748
2026-03-03T10:00:00+00:00,84.3,84.57,83.7,83.92,180132.306,2026-03-03T10:59:59.999000+00:00,15142148.2067,68952,80706.132,6786441.74047
2026-03-03T11:00:00+00:00,83.92,84.37,83.78,84.21,173454.71,2026-03-03T11:59:59.999000+00:00,14587279.53166,67312,99687.561,8384057.33722
2026-03-03T12:00:00+00:00,84.22,85.37,84.14,84.42,228272.595,2026-03-03T12:59:59.999000+00:00,19334389.14627,84777,118299.072,10020199.55886
2026-03-03T13:00:00+00:00,84.43,84.48,83.19,83.63,148695.546,2026-03-03T13:59:59.999000+00:00,12449018.76586,75474,62803.159,5260400.45738
2026-03-03T14:00:00+00:00,83.63,84.43,82.5,83.24,259349.644,2026-03-03T14:59:59.999000+00:00,21661489.68272,173226,124853.866,10432331.67136
2026-03-03T15:00:00+00:00,83.24,85.17,83.04,85.04,270866.792,2026-03-03T15:59:59.999000+00:00,22796762.54725,171829,154863.335,13034366.87712
2026-03-03T16:00:00+00:00,85.03,87.34,84.33,85.4,485838.643,2026-03-03T16:59:59.999000+00:00,41702548.85462,203249,271742.427,23332696.67832
2026-03-03T17:00:00+00:00,85.4,85.47,84.15,85.18,209767.166,2026-03-03T17:59:59.999000+00:00,17780947.61339,117372,109364.042,9272300.35215
2026-03-03T18:00:00+00:00,85.18,86.02,84.52,85.38,160362.768,2026-03-03T18:59:59.999000+00:00,13700289.79626,89538,84232.594,7198300.59068
2026-03-03T19:00:00+00:00,85.38,85.76,84.66,85.08,162181.143,2026-03-03T19:59:59.999000+00:00,13826828.51627,78551,81574.3,6957681.00284
2026-03-03T20:00:00+00:00,85.08,85.46,84.66,84.85,99547.364,2026-03-03T20:59:59.999000+00:00,8458686.57304,62070,44845.789,3811682.42429
2026-03-03T21:00:00+00:00,84.85,85.18,84.17,85.12,94412.0,2026-03-03T21:59:59.999000+00:00,7987435.12817,42396,44922.309,3801148.45525
2026-03-03T22:00:00+00:00,85.13,86.65,85.11,86.29,137630.845,2026-03-03T22:59:59.999000+00:00,11839048.47027,60717,74708.265,6425541.96205
2026-03-03T23:00:00+00:00,86.28,87.46,86.18,86.97,256207.941,2026-03-03T23:59:59.999000+00:00,22312634.15759,76275,136122.556,11852006.15815
2026-03-04T00:00:00+00:00,86.98,87.4,86.28,86.62,141520.329,2026-03-04T00:59:59.999000+00:00,12294559.07354,65357,54178.481,4708495.74365
2026-03-04T01:00:00+00:00,86.62,88.08,86.49,87.26,248158.755,2026-03-04T01:59:59.999000+00:00,21651838.81815,101398,129102.918,11266843.52084
2026-03-04T02:00:00+00:00,87.26,87.48,86.55,87.08,139814.008,2026-03-04T02:59:59.999000+00:00,12171666.63264,68668,75017.4,6531300.00611
2026-03-04T03:00:00+00:00,87.07,87.08,85.18,85.77,199966.81,2026-03-04T03:59:59.999000+00:00,17199158.75264,87334,81319.927,6994894.78755
2026-03-04T04:00:00+00:00,85.77,85.91,84.82,85.41,126615.706,2026-03-04T04:59:59.999000+00:00,10799744.60714,51995,61378.885,5235037.67527
2026-03-04T05:00:00+00:00,85.4,85.97,84.78,85.68,189207.735,2026-03-04T05:59:59.999000+00:00,16140788.35978,50781,95518.87,8148411.01061
2026-03-04T06:00:00+00:00,85.67,86.04,84.97,85.6,172474.982,2026-03-04T06:59:59.999000+00:00,14734859.09071,56337,68727.792,5873240.05687
2026-03-04T07:00:00+00:00,85.61,87.52,85.49,87.43,168460.773,2026-03-04T07:59:59.999000+00:00,14594579.27308,64019,97216.723,8422628.69795
2026-03-04T08:00:00+00:00,87.43,89.91,86.98,89.71,412975.662,2026-03-04T08:59:59.999000+00:00,36471685.92827,127195,229351.517,20265431.20369
2026-03-04T09:00:00+00:00,89.71,91.48,89.22,90.53,630772.451,2026-03-04T09:59:59.999000+00:00,56998872.77007,199980,342016.121,30915559.49021
2026-03-04T10:00:00+00:00,90.53,91.05,89.88,90.15,396349.563,2026-03-04T10:59:59.999000+00:00,35832985.85719,126346,215044.326,19446186.75409
2026-03-04T11:00:00+00:00,90.16,90.64,89.41,89.76,240759.072,2026-03-04T11:59:59.999000+00:00,21669093.99475,75995,114709.145,10328734.12261
2026-03-04T12:00:00+00:00,89.76,89.87,88.69,89.42,188477.566,2026-03-04T12:59:59.999000+00:00,16824923.62928,71410,89400.14,7981465.30665
2026-03-04T13:00:00+00:00,89.43,90.17,89.31,89.99,228405.655,2026-03-04T13:59:59.999000+00:00,20501804.52778,74515,116335.007,10439926.85493
2026-03-04T14:00:00+00:00,90.0,91.76,89.46,90.19,462161.594,2026-03-04T14:59:59.999000+00:00,41748736.50656,195128,233432.396,21094421.57504
2026-03-04T15:00:00+00:00,90.18,93.12,90.15,92.94,628004.227,2026-03-04T15:59:59.999000+00:00,57624704.9304,218269,380149.805,34886940.58413
2026-03-04T16:00:00+00:00,92.94,93.15,90.96,91.55,347104.656,2026-03-04T16:59:59.999000+00:00,31889020.66558,136977,158343.995,14552465.31778
2026-03-04T17:00:00+00:00,91.56,92.24,90.66,91.54,242675.044,2026-03-04T17:59:59.999000+00:00,22211735.42348,120500,134074.987,12282869.89863
2026-03-04T18:00:00+00:00,91.55,92.49,91.12,92.38,117698.459,2026-03-04T18:59:59.999000+00:00,10810234.848,60052,63204.346,5808414.28098
2026-03-04T19:00:00+00:00,92.38,94.05,92.3,93.19,351495.314,2026-03-04T19:59:59.999000+00:00,32719354.12694,109959,203054.417,18902165.92828
2026-03-04T20:00:00+00:00,93.19,93.76,92.77,92.87,200947.4,2026-03-04T20:59:59.999000+00:00,18744935.7514,78502,84390.54,7873240.92046
2026-03-04T21:00:00+00:00,92.87,92.97,92.15,92.34,141280.842,2026-03-04T21:59:59.999000+00:00,13077998.52334,55008,60988.956,5644602.01033
2026-03-04T22:00:00+00:00,92.35,92.86,91.17,91.33,140163.774,2026-03-04T22:59:59.999000+00:00,12896747.6653,52835,54375.374,5004302.36641
2026-03-04T23:00:00+00:00,91.33,91.44,90.29,90.85,214441.006,2026-03-04T23:59:59.999000+00:00,19485773.81995,63376,63392.25,5763026.99583
2026-03-05T00:00:00+00:00,90.86,91.4,90.73,90.79,100752.648,2026-03-05T00:59:59.999000+00:00,9174062.26913,55366,51642.041,4702436.09141
2026-03-05T01:00:00+00:00,90.79,91.42,89.74,89.98,234979.468,2026-03-05T01:59:59.999000+00:00,21223828.82892,81534,88475.721,7994776.59429
2026-03-05T02:00:00+00:00,89.98,90.68,89.97,90.2,103989.01,2026-03-05T02:59:59.999000+00:00,9392242.04928,47339,54282.389,4903153.34083
2026-03-05T03:00:00+00:00,90.2,90.54,89.61,90.03,107327.882,2026-03-05T03:59:59.999000+00:00,9659309.25823,40998,56430.178,5080454.44623
2026-03-05T04:00:00+00:00,90.03,90.74,89.9,90.4,106178.895,2026-03-05T04:59:59.999000+00:00,9589651.47697,39629,65134.087,5883003.55079
2026-03-05T05:00:00+00:00,90.4,90.64,90.03,90.18,76263.798,2026-03-05T05:59:59.999000+00:00,6885001.01147,33713,39000.407,3521017.30019
2026-03-05T06:00:00+00:00,90.18,91.01,89.7,90.87,99631.299,2026-03-05T06:59:59.999000+00:00,8997250.57349,46106,53109.788,4800772.66401
2026-03-05T07:00:00+00:00,90.88,91.32,89.71,90.16,121442.563,2026-03-05T07:59:59.999000+00:00,10999242.67527,50173,51227.26,4643572.79506
2026-03-05T08:00:00+00:00,90.16,90.71,89.66,90.64,168240.97,2026-03-05T08:59:59.999000+00:00,15172568.84066,75858,67168.92,6056331.42642
2026-03-05T09:00:00+00:00,90.64,91.94,90.6,91.18,215547.403,2026-03-05T09:59:59.999000+00:00,19665325.71323,77026,107976.516,9854326.47258
2026-03-05T10:00:00+00:00,91.19,92.96,91.0,92.65,171459.689,2026-03-05T10:59:59.999000+00:00,15801607.01919,76676,108444.177,9995676.12306
2026-03-05T11:00:00+00:00,92.64,92.77,91.65,91.84,149295.806,2026-03-05T11:59:59.999000+00:00,13758030.93649,56620,62125.818,5728724.47203
2026-03-05T12:00:00+00:00,91.84,92.22,91.31,91.98,148899.464,2026-03-05T12:59:59.999000+00:00,13662232.97805,74001,65773.78,6035353.14971
2026-03-05T13:00:00+00:00,91.99,92.07,90.41,90.84,243753.037,2026-03-05T13:59:59.999000+00:00,22193969.89237,84901,106021.435,9654999.72206
2026-03-05T14:00:00+00:00,90.84,91.49,89.82,91.02,266760.243,2026-03-05T14:59:59.999000+00:00,24183397.3199,153118,137667.928,12484438.03666
2026-03-05T15:00:00+00:00,91.01,91.16,88.8,89.62,370120.94,2026-03-05T15:59:59.999000+00:00,33153143.16103,157148,160795.731,14407412.25636
2026-03-05T16:00:00+00:00,89.61,89.63,87.92,88.97,312745.37,2026-03-05T16:59:59.999000+00:00,27687347.23645,107857,149352.133,13216538.8206
2026-03-05T17:00:00+00:00,88.96,89.41,87.91,88.12,202486.142,2026-03-05T17:59:59.999000+00:00,17909608.24416,88015,86934.519,7692347.83817
2026-03-05T18:00:00+00:00,88.11,88.89,88.0,88.8,118414.14,2026-03-05T18:59:59.999000+00:00,10473197.05714,51167,77299.461,6836478.80427
2026-03-05T19:00:00+00:00,88.8,89.39,88.66,88.73,113380.729,2026-03-05T19:59:59.999000+00:00,10090139.13792,40754,67795.414,6033815.78474
2026-03-05T20:00:00+00:00,88.72,89.57,88.54,89.21,103317.347,2026-03-05T20:59:59.999000+00:00,9209438.21737,48184,58941.052,5254197.57189
2026-03-05T21:00:00+00:00,89.2,89.85,88.87,89.11,88161.86,2026-03-05T21:59:59.999000+00:00,7881773.81868,30160,46700.728,4176322.09274
2026-03-05T22:00:00+00:00,89.12,89.41,88.86,89.09,64208.273,2026-03-05T22:59:59.999000+00:00,5721835.88668,23142,35027.011,3121648.86968
2026-03-05T23:00:00+00:00,89.1,89.2,88.62,88.77,66353.632,2026-03-05T23:59:59.999000+00:00,5896823.00095,20874,29263.337,2601294.42826
2026-03-06T00:00:00+00:00,88.78,89.04,88.58,88.86,41864.329,2026-03-06T00:59:59.999000+00:00,3719196.73378,22389,22886.258,2033152.48265
2026-03-06T01:00:00+00:00,88.86,89.27,88.02,89.13,127345.128,2026-03-06T01:59:59.999000+00:00,11307140.95491,44921,51113.256,4540519.56029
2026-03-06T02:00:00+00:00,89.13,89.31,88.21,88.38,169714.239,2026-03-06T02:59:59.999000+00:00,15035926.45579,49298,84700.391,7504044.07563
2026-03-06T03:00:00+00:00,88.38,88.71,88.14,88.41,85403.014,2026-03-06T03:59:59.999000+00:00,7551555.62347,24268,42015.347,3714930.96245
2026-03-06T04:00:00+00:00,88.4,88.59,87.67,88.15,72672.292,2026-03-06T04:59:59.999000+00:00,6404937.85362,29812,29961.08,2639770.12391
2026-03-06T05:00:00+00:00,88.16,88.26,87.51,87.9,89306.888,2026-03-06T05:59:59.999000+00:00,7845573.88915,35267,43495.271,3821719.75616
2026-03-06T06:00:00+00:00,87.89,88.44,87.67,88.09,63691.066,2026-03-06T06:59:59.999000+00:00,5603134.176,22108,36561.913,3217039.20516
2026-03-06T07:00:00+00:00,88.09,88.92,87.8,88.7,79969.977,2026-03-06T07:59:59.999000+00:00,7076776.70676,27967,45980.2,4068990.41091
2026-03-06T08:00:00+00:00,88.7,88.7,88.2,88.35,63024.986,2026-03-06T08:59:59.999000+00:00,5574122.93872,24532,28832.225,2549421.30983
2026-03-06T09:00:00+00:00,88.36,88.49,87.17,87.5,151587.21,2026-03-06T09:59:59.999000+00:00,13279690.24229,49929,64742.778,5670379.30672
2026-03-06T10:00:00+00:00,87.5,87.96,87.41,87.71,74854.88,2026-03-06T10:59:59.999000+00:00,6564055.14002,26149,36336.405,3186628.9427
2026-03-06T11:00:00+00:00,87.7,88.0,87.1,87.26,72603.4,2026-03-06T11:59:59.999000+00:00,6354351.63147,27225,30728.572,2690503.42527
2026-03-06T12:00:00+00:00,87.25,87.27,85.9,86.47,228893.866,2026-03-06T12:59:59.999000+00:00,19817459.49517,60983,91336.444,7905855.52853
2026-03-06T13:00:00+00:00,86.47,87.1,85.5,85.59,312423.089,2026-03-06T13:59:59.999000+00:00,26974672.79682,85711,123518.109,10675592.87582
2026-03-06T14:00:00+00:00,85.59,85.75,83.96,84.34,437630.091,2026-03-06T14:59:59.999000+00:00,37139621.03476,154173,204815.511,17389148.59682
2026-03-06T15:00:00+00:00,84.34,85.33,84.2,84.65,239442.022,2026-03-06T15:59:59.999000+00:00,20287997.24954,95890,120570.178,10221864.87629
2026-03-06T16:00:00+00:00,84.65,85.02,84.1,84.36,135800.054,2026-03-06T16:59:59.999000+00:00,11489687.69777,68957,54568.345,4616736.95989
2026-03-06T17:00:00+00:00,84.36,84.69,83.64,84.21,213817.73,2026-03-06T17:59:59.999000+00:00,17999738.92341,62295,69710.733,5869820.4625
2026-03-06T18:00:00+00:00,84.21,85.63,84.18,85.28,146510.453,2026-03-06T18:59:59.999000+00:00,12469061.43689,51096,81158.198,6908583.42871
2026-03-06T19:00:00+00:00,85.27,85.9,85.15,85.21,86020.068,2026-03-06T19:59:59.999000+00:00,7350141.48031,33045,42024.603,3591657.88913
2026-03-06T20:00:00+00:00,85.21,85.47,84.56,85.01,94338.925,2026-03-06T20:59:59.999000+00:00,8016271.41856,33736,44123.683,3750024.13666
2026-03-06T21:00:00+00:00,85.0,85.11,84.44,84.72,54803.483,2026-03-06T21:59:59.999000+00:00,4642294.93759,16509,28047.374,2375675.41951
2026-03-06T22:00:00+00:00,84.73,85.06,84.54,84.96,44413.765,2026-03-06T22:59:59.999000+00:00,3765917.0086,16059,29948.25,2539206.90536
2026-03-06T23:00:00+00:00,84.97,85.04,84.63,84.7,49193.687,2026-03-06T23:59:59.999000+00:00,4173035.13753,12296,23889.901,2026574.12357
2026-03-07T00:00:00+00:00,84.69,85.07,84.52,84.75,56964.654,2026-03-07T00:59:59.999000+00:00,4829526.63532,14542,35802.82,3035798.31345
2026-03-07T01:00:00+00:00,84.75,84.89,84.59,84.71,49953.609,2026-03-07T01:59:59.999000+00:00,4231681.61849,12055,26749.852,2265852.29608
2026-03-07T02:00:00+00:00,84.71,84.74,84.32,84.65,55038.47,2026-03-07T02:59:59.999000+00:00,4650439.79883,13666,25332.768,2141103.79703
2026-03-07T03:00:00+00:00,84.66,85.07,84.35,84.52,65250.121,2026-03-07T03:59:59.999000+00:00,5525517.7536,16668,34953.998,2959595.08351
2026-03-07T04:00:00+00:00,84.53,84.56,84.0,84.27,68614.36,2026-03-07T04:59:59.999000+00:00,5781281.56849,19884,32544.475,2742789.81296
2026-03-07T05:00:00+00:00,84.27,84.5,84.09,84.34,37816.816,2026-03-07T05:59:59.999000+00:00,3188131.00953,12213,18740.814,1580019.81752
2026-03-07T06:00:00+00:00,84.34,84.34,83.9,84.03,55763.877,2026-03-07T06:59:59.999000+00:00,4690499.02683,15937,22556.972,1897222.70776
2026-03-07T07:00:00+00:00,84.04,84.49,83.9,84.32,71808.806,2026-03-07T07:59:59.999000+00:00,6040534.38715,18655,30968.724,2606320.46865
2026-03-07T08:00:00+00:00,84.33,84.66,84.12,84.37,69394.137,2026-03-07T08:59:59.999000+00:00,5855466.30888,14979,38383.767,3239009.38096
2026-03-07T09:00:00+00:00,84.36,84.69,84.21,84.58,35107.135,2026-03-07T09:59:59.999000+00:00,2967641.56047,12276,18995.739,1605579.06912
2026-03-07T10:00:00+00:00,84.57,84.76,84.41,84.5,37536.795,2026-03-07T10:59:59.999000+00:00,3176360.16774,11828,18803.435,1591202.81624
2026-03-07T11:00:00+00:00,84.5,84.91,84.26,84.66,71018.17,2026-03-07T11:59:59.999000+00:00,6014928.03262,17058,33082.109,2801416.29943
2026-03-07T12:00:00+00:00,84.66,84.78,84.28,84.3,40233.173,2026-03-07T12:59:59.999000+00:00,3400707.3821,14219,17528.506,1481654.69744
2026-03-07T13:00:00+00:00,84.3,84.55,84.13,84.31,45427.014,2026-03-07T13:59:59.999000+00:00,3832506.5457,16174,20577.876,1736079.10616
2026-03-07T14:00:00+00:00,84.3,84.42,83.67,84.23,93764.712,2026-03-07T14:59:59.999000+00:00,7876812.1461,31810,47128.961,3960792.42668
2026-03-07T15:00:00+00:00,84.23,84.23,83.42,83.75,93366.76,2026-03-07T15:59:59.999000+00:00,7825283.14168,32337,44287.021,3713552.79336
2026-03-07T16:00:00+00:00,83.75,83.8,83.5,83.59,53769.92,2026-03-07T16:59:59.999000+00:00,4496525.03036,18632,29400.851,2458803.13532
2026-03-07T17:00:00+00:00,83.59,84.08,83.56,83.61,56510.733,2026-03-07T17:59:59.999000+00:00,4740104.10731,16788,32621.07,2736223.30668
2026-03-07T18:00:00+00:00,83.62,83.63,83.01,83.38,63067.128,2026-03-07T18:59:59.999000+00:00,5254375.73523,26052,30997.113,2582856.89205
2026-03-07T19:00:00+00:00,83.39,83.39,82.28,82.53,189520.722,2026-03-07T19:59:59.999000+00:00,15688197.11779,43984,76199.427,6310497.72478
2026-03-07T20:00:00+00:00,82.52,83.13,82.51,83.02,52748.953,2026-03-07T20:59:59.999000+00:00,4373041.55168,22719,29482.862,2443899.12653
2026-03-07T21:00:00+00:00,83.03,83.3,82.89,83.28,39410.388,2026-03-07T21:59:59.999000+00:00,3273568.91529,16482,20769.689,1725175.94683
2026-03-07T22:00:00+00:00,83.28,83.32,82.66,82.98,40735.668,2026-03-07T22:59:59.999000+00:00,3382832.04919,19453,18747.822,1557701.66647
2026-03-07T23:00:00+00:00,82.99,83.26,82.93,83.22,22459.6,2026-03-07T23:59:59.999000+00:00,1867837.27778,10804,12425.791,1033391.3998
2026-03-08T00:00:00+00:00,83.22,83.49,82.93,83.06,50570.392,2026-03-08T00:59:59.999000+00:00,4206282.57577,16752,23105.612,1922014.13041
2026-03-08T01:00:00+00:00,83.07,83.22,82.7,82.98,46972.021,2026-03-08T01:59:59.999000+00:00,3898569.01908,18033,25210.717,2091771.83416
2026-03-08T02:00:00+00:00,82.97,83.1,82.11,82.39,85729.662,2026-03-08T02:59:59.999000+00:00,7083379.38637,35397,35161.576,2906620.57734
2026-03-08T03:00:00+00:00,82.4,82.75,82.27,82.34,73458.716,2026-03-08T03:59:59.999000+00:00,6058164.52507,26274,28366.318,2339987.15255
2026-03-08T04:00:00+00:00,82.34,82.56,81.74,81.97,77784.722,2026-03-08T04:59:59.999000+00:00,6392195.65347,30082,32653.791,2684275.20189
2026-03-08T05:00:00+00:00,81.97,82.79,81.94,82.5,48694.47,2026-03-08T05:59:59.999000+00:00,4016769.69656,22726,31356.876,2586465.49428
2026-03-08T06:00:00+00:00,82.5,82.61,82.27,82.45,36024.004,2026-03-08T06:59:59.999000+00:00,2969883.63487,14763,18966.346,1563593.93619
2026-03-08T07:00:00+00:00,82.46,83.1,82.4,82.95,100258.788,2026-03-08T07:59:59.999000+00:00,8307470.60095,28593,72297.097,5990601.29541
2026-03-08T08:00:00+00:00,82.95,83.12,82.51,83.1,52426.94,2026-03-08T08:59:59.999000+00:00,4344169.10629,20177,27207.777,2255074.40301
2026-03-08T09:00:00+00:00,83.1,83.39,82.78,83.17,86398.009,2026-03-08T09:59:59.999000+00:00,7184541.45567,28193,55771.343,4637973.31415
2026-03-08T10:00:00+00:00,83.16,84.13,83.16,83.67,112462.162,2026-03-08T10:59:59.999000+00:00,9420867.82621,30831,73145.431,6127437.56851
2026-03-08T11:00:00+00:00,83.66,83.66,82.64,82.81,88942.843,2026-03-08T11:59:59.999000+00:00,7378535.22039,41696,41276.468,3423841.57799
2026-03-08T12:00:00+00:00,82.81,83.01,81.61,82.31,158953.223,2026-03-08T12:59:59.999000+00:00,13083169.68216,61010,73064.955,6014847.90751
2026-03-08T13:00:00+00:00,82.32,82.47,81.18,82.08,172664.234,2026-03-08T13:59:59.999000+00:00,14118631.54553,66360,82731.433,6765724.75309
2026-03-08T14:00:00+00:00,82.09,82.37,81.95,82.32,54763.253,2026-03-08T14:59:59.999000+00:00,4500279.26187,30087,28457.695,2338823.27368
2026-03-08T15:00:00+00:00,82.31,82.41,81.83,82.06,58026.408,2026-03-08T15:59:59.999000+00:00,4761658.54623,28041,30177.134,2476476.07456
2026-03-08T16:00:00+00:00,82.06,82.17,81.36,81.52,71633.842,2026-03-08T16:59:59.999000+00:00,5853600.07863,30251,27653.415,2260270.51666
2026-03-08T17:00:00+00:00,81.53,82.0,81.38,81.69,52595.734,2026-03-08T17:59:59.999000+00:00,4294869.41453,28548,26360.846,2153189.67194
2026-03-08T18:00:00+00:00,81.69,81.8,81.31,81.6,37246.073,2026-03-08T18:59:59.999000+00:00,3038560.80573,22050,16163.769,1318734.45281
2026-03-08T19:00:00+00:00,81.6,82.65,81.5,82.49,81555.493,2026-03-08T19:59:59.999000+00:00,6708875.68706,37430,48009.847,3948530.77613
2026-03-08T20:00:00+00:00,82.48,82.96,82.11,82.33,62872.965,2026-03-08T20:59:59.999000+00:00,5185422.89582,29141,30576.292,2522181.44592
2026-03-08T21:00:00+00:00,82.34,82.44,81.71,82.25,57079.305,2026-03-08T21:59:59.999000+00:00,4683583.08968,28684,26783.308,2197980.18498
2026-03-08T22:00:00+00:00,82.26,82.51,80.26,81.99,326683.312,2026-03-08T22:59:59.999000+00:00,26566372.64337,140309,153565.545,12502069.45098
2026-03-08T23:00:00+00:00,81.99,82.44,81.48,81.59,109169.116,2026-03-08T23:59:59.999000+00:00,8940346.46176,59133,52585.007,4307733.83023
2026-03-09T00:00:00+00:00,81.6,83.29,81.54,82.35,129493.989,2026-03-09T00:59:59.999000+00:00,10675118.05458,86134,72162.352,5951433.30729
2026-03-09T01:00:00+00:00,82.35,82.9,81.86,82.1,129359.924,2026-03-09T01:59:59.999000+00:00,10674312.11327,70500,67747.914,5591039.39902
2026-03-09T02:00:00+00:00,82.11,82.93,81.65,82.67,112144.389,2026-03-09T02:59:59.999000+00:00,9225310.87578,60451,53618.515,4414040.81216
2026-03-09T03:00:00+00:00,82.67,84.5,82.62,83.16,217327.042,2026-03-09T03:59:59.999000+00:00,18186293.60829,96592,122584.13,10260535.16388
2026-03-09T04:00:00+00:00,83.16,83.89,83.09,83.19,97069.2,2026-03-09T04:59:59.999000+00:00,8102421.12186,41956,54352.816,4537760.50258
2026-03-09T05:00:00+00:00,83.2,84.61,83.13,84.27,176351.987,2026-03-09T05:59:59.999000+00:00,14807070.30472,66419,100133.825,8409450.04357
2026-03-09T06:00:00+00:00,84.28,84.31,83.1,83.13,85824.206,2026-03-09T06:59:59.999000+00:00,7185091.28533,41061,36978.631,3096549.04001
2026-03-09T07:00:00+00:00,83.13,83.3,82.33,83.18,111173.413,2026-03-09T07:59:59.999000+00:00,9218183.79664,52965,50307.811,4172718.70359
2026-03-09T08:00:00+00:00,83.18,83.86,82.94,83.73,93188.375,2026-03-09T08:59:59.999000+00:00,7782189.50538,49616,48992.264,4090614.23605
2026-03-09T09:00:00+00:00,83.73,84.6,83.32,84.05,193765.658,2026-03-09T09:59:59.999000+00:00,16313756.40624,57352,119004.399,10021028.43697
2026-03-09T10:00:00+00:00,84.05,84.26,83.49,83.75,147705.72,2026-03-09T10:59:59.999000+00:00,12394103.79741,44480,65452.986,5492647.26681
2026-03-09T11:00:00+00:00,83.75,83.93,83.12,83.59,67034.301,2026-03-09T11:59:59.999000+00:00,5600682.4446,31633,29213.933,2440682.95813
2026-03-09T12:00:00+00:00,83.58,84.22,83.41,84.0,96561.37,2026-03-09T12:59:59.999000+00:00,8101425.03437,37181,56312.866,4724821.42048
2026-03-09T13:00:00+00:00,84.01,85.75,83.98,85.16,299402.248,2026-03-09T13:59:59.999000+00:00,25433779.69821,109893,163599.206,13892056.586
2026-03-09T14:00:00+00:00,85.15,85.71,84.56,85.3,235679.216,2026-03-09T14:59:59.999000+00:00,20093982.2269,103751,106577.623,9088165.74906
2026-03-09T15:00:00+00:00,85.3,85.45,84.62,85.05,108533.49,2026-03-09T15:59:59.999000+00:00,9233349.47856,54974,51213.745,4359140.56404
2026-03-09T16:00:00+00:00,85.05,85.63,84.7,85.14,115404.62,2026-03-09T16:59:59.999000+00:00,9821480.9904,53880,55269.248,4705267.76508
2026-03-09T17:00:00+00:00,85.14,85.42,84.26,85.09,132680.561,2026-03-09T17:59:59.999000+00:00,11267559.05105,55904,60270.224,5119995.49989
2026-03-09T18:00:00+00:00,85.09,85.58,84.48,85.19,166065.752,2026-03-09T18:59:59.999000+00:00,14140664.34629,50541,81858.454,6973678.54915
2026-03-09T19:00:00+00:00,85.18,87.06,85.07,85.97,312517.042,2026-03-09T19:59:59.999000+00:00,26940762.06258,124862,164378.905,14167154.05811
2026-03-09T20:00:00+00:00,85.97,86.18,85.28,85.81,108352.279,2026-03-09T20:59:59.999000+00:00,9291080.83251,41829,54379.698,4663894.01807
2026-03-09T21:00:00+00:00,85.8,86.36,85.69,86.0,97905.622,2026-03-09T21:59:59.999000+00:00,8427495.44783,35414,52693.545,4536046.91367
2026-03-09T22:00:00+00:00,86.01,86.3,85.59,85.74,167508.306,2026-03-09T22:59:59.999000+00:00,14385979.39549,37999,82730.195,7106136.58772
2026-03-09T23:00:00+00:00,85.73,86.02,84.84,84.96,193008.579,2026-03-09T23:59:59.999000+00:00,16460889.53604,30551,92928.675,7918132.46145
2026-03-10T00:00:00+00:00,84.95,85.96,84.83,85.57,116446.234,2026-03-10T00:59:59.999000+00:00,9942484.47619,35623,59617.069,5091050.7664
2026-03-10T01:00:00+00:00,85.56,85.97,85.11,85.74,76889.233,2026-03-10T01:59:59.999000+00:00,6573821.39507,31060,42420.727,3628755.37083
2026-03-10T02:00:00+00:00,85.73,86.91,85.46,86.62,175054.95,2026-03-10T02:59:59.999000+00:00,15112215.58579,60552,100230.848,8654314.8421
2026-03-10T03:00:00+00:00,86.62,86.75,85.5,85.55,168758.239,2026-03-10T03:59:59.999000+00:00,14537733.96357,41586,75763.247,6529946.99208
2026-03-10T04:00:00+00:00,85.56,86.65,85.41,86.54,105860.265,2026-03-10T04:59:59.999000+00:00,9091599.45275,34158,52591.103,4519707.67236
2026-03-10T05:00:00+00:00,86.54,86.99,86.34,86.4,117416.609,2026-03-10T05:59:59.999000+00:00,10171002.39962,33656,67633.206,5859885.90517
2026-03-10T06:00:00+00:00,86.41,86.69,85.99,86.35,74998.15,2026-03-10T06:59:59.999000+00:00,6476934.98518,28226,37582.263,3245906.10655
2026-03-10T07:00:00+00:00,86.36,86.9,86.2,86.7,172974.509,2026-03-10T07:59:59.999000+00:00,14980264.94582,40765,79689.148,6900771.0225
2026-03-10T08:00:00+00:00,86.71,87.43,86.58,86.71,193604.098,2026-03-10T08:59:59.999000+00:00,16845558.01506,60423,109347.077,9514906.10981
2026-03-10T09:00:00+00:00,86.71,87.48,86.64,87.24,141536.366,2026-03-10T09:59:59.999000+00:00,12337329.71814,39876,74904.45,6528333.83073
2026-03-10T10:00:00+00:00,87.23,87.67,86.8,87.09,108806.993,2026-03-10T10:59:59.999000+00:00,9489308.41747,31432,51632.799,4505543.64311
2026-03-10T11:00:00+00:00,87.1,87.2,86.62,86.79,88893.352,2026-03-10T11:59:59.999000+00:00,7720779.50755,30268,40755.073,3540184.55192
2026-03-10T12:00:00+00:00,86.8,86.86,86.29,86.7,85702.794,2026-03-10T12:59:59.999000+00:00,7417172.61227,34414,33287.02,2880755.45521
2026-03-10T13:00:00+00:00,86.7,87.3,85.75,86.08,189494.756,2026-03-10T13:59:59.999000+00:00,16389026.95226,87759,81298.208,7036320.10499
2026-03-10T14:00:00+00:00,86.09,88.23,84.91,88.1,432043.456,2026-03-10T14:59:59.999000+00:00,37299019.84415,157766,228743.294,19782349.81233
2026-03-10T15:00:00+00:00,88.1,88.61,87.26,88.33,279778.807,2026-03-10T15:59:59.999000+00:00,24592505.66351,133140,147615.314,12978897.52514
2026-03-10T16:00:00+00:00,88.34,88.7,87.65,88.39,201728.708,2026-03-10T16:59:59.999000+00:00,17822056.54092,82860,91208.297,8056594.76326
2026-03-10T17:00:00+00:00,88.39,88.8,87.63,87.94,136159.122,2026-03-10T17:59:59.999000+00:00,12013442.72302,68373,68638.966,6058475.43929
2026-03-10T18:00:00+00:00,87.94,88.0,86.1,86.25,226753.453,2026-03-10T18:59:59.999000+00:00,19678618.51949,109035,94101.287,8164746.90033
2026-03-10T19:00:00+00:00,86.25,86.46,85.66,86.02,138125.915,2026-03-10T19:59:59.999000+00:00,11884873.71265,69688,69030.11,5941601.65176
2026-03-10T20:00:00+00:00,86.01,86.4,85.94,86.24,79585.123,2026-03-10T20:59:59.999000+00:00,6857597.4593,29774,39329.45,3388822.33065
2026-03-10T21:00:00+00:00,86.24,86.44,85.25,85.71,125270.051,2026-03-10T21:59:59.999000+00:00,10741792.38635,39514,51802.41,4443720.35796
2026-03-10T22:00:00+00:00,85.7,85.84,85.01,85.53,138552.299,2026-03-10T22:59:59.999000+00:00,11824894.33731,38737,67526.964,5763970.3503
2026-03-10T23:00:00+00:00,85.52,85.89,85.35,85.88,69461.652,2026-03-10T23:59:59.999000+00:00,5947593.64611,26736,39610.465,3392018.957
2026-03-11T00:00:00+00:00,85.88,86.24,85.59,86.01,102258.222,2026-03-11T00:59:59.999000+00:00,8781678.33865,34030,60025.225,5154592.99998
2026-03-11T01:00:00+00:00,86.02,86.28,85.66,86.09,59592.891,2026-03-11T01:59:59.999000+00:00,5127326.08259,26335,33956.382,2921893.12445
2026-03-11T02:00:00+00:00,86.09,86.21,85.48,85.92,75527.398,2026-03-11T02:59:59.999000+00:00,6481139.06792,25403,36911.288,3166781.84079
2026-03-11T03:00:00+00:00,85.92,86.18,85.53,85.63,48879.48,2026-03-11T03:59:59.999000+00:00,4190346.63475,19487,22619.097,1939117.07793
2026-03-11T04:00:00+00:00,85.63,86.84,85.49,86.72,107119.153,2026-03-11T04:59:59.999000+00:00,9245938.99035,32075,68683.228,5930153.22375
2026-03-11T05:00:00+00:00,86.71,86.88,85.6,85.72,132761.619,2026-03-11T05:59:59.999000+00:00,11432404.92199,31911,68750.591,5921697.79342
2026-03-11T06:00:00+00:00,85.72,86.17,85.66,86.02,63478.709,2026-03-11T06:59:59.999000+00:00,5452883.17591,23168,38939.221,3344302.56853
2026-03-11T07:00:00+00:00,86.03,86.15,85.14,85.45,72691.017,2026-03-11T07:59:59.999000+00:00,6222130.44394,27783,25403.938,2174799.55314
2026-03-11T08:00:00+00:00,85.44,85.61,85.09,85.5,93396.321,2026-03-11T08:59:59.999000+00:00,7975190.95071,33035,45767.941,3908779.66241
2026-03-11T09:00:00+00:00,85.49,85.6,84.72,84.88,88856.511,2026-03-11T09:59:59.999000+00:00,7564280.54583,29793,30088.9,2562261.3106
2026-03-11T10:00:00+00:00,84.88,85.53,84.84,85.25,71848.529,2026-03-11T10:59:59.999000+00:00,6118838.74306,25951,36596.505,3117158.76264
2026-03-11T11:00:00+00:00,85.25,85.32,84.39,84.55,149408.535,2026-03-11T11:59:59.999000+00:00,12667509.32216,42577,77936.555,6608719.11276
2026-03-11T12:00:00+00:00,84.54,85.72,84.36,85.2,153299.061,2026-03-11T12:59:59.999000+00:00,13035111.57683,44176,87186.326,7413227.90296
2026-03-11T13:00:00+00:00,85.2,87.4,85.12,85.98,400330.804,2026-03-11T13:59:59.999000+00:00,34559598.82136,136300,205160.341,17703446.59753
2026-03-11T14:00:00+00:00,85.97,87.2,85.75,86.53,262382.483,2026-03-11T14:59:59.999000+00:00,22671619.50625,121200,136902.899,11836203.09772
2026-03-11T15:00:00+00:00,86.54,86.65,84.57,85.4,181137.704,2026-03-11T15:59:59.999000+00:00,15487843.35281,95794,88144.066,7532100.9917
2026-03-11T16:00:00+00:00,85.41,86.59,85.3,86.44,123270.968,2026-03-11T16:59:59.999000+00:00,10599572.68955,74703,62062.777,5334223.15534
2026-03-11T17:00:00+00:00,86.45,87.84,86.44,87.27,286565.248,2026-03-11T17:59:59.999000+00:00,24974076.21385,98229,141653.163,12342238.17113
2026-03-11T18:00:00+00:00,87.26,88.09,87.15,87.81,258288.118,2026-03-11T18:59:59.999000+00:00,22641454.37756,73342,129702.359,11370725.9444
2026-03-11T19:00:00+00:00,87.82,87.86,87.02,87.29,164934.031,2026-03-11T19:59:59.999000+00:00,14409330.10633,47607,107814.477,9419296.33928
2026-03-11T20:00:00+00:00,87.28,87.43,87.01,87.29,66407.715,2026-03-11T20:59:59.999000+00:00,5789878.36612,28402,36692.028,3199227.3542
2026-03-11T21:00:00+00:00,87.28,87.61,87.14,87.52,69125.113,2026-03-11T21:59:59.999000+00:00,6040595.21838,28146,36715.147,3208691.32978
2026-03-11T22:00:00+00:00,87.53,87.94,86.84,87.05,79215.466,2026-03-11T22:59:59.999000+00:00,6917371.94717,32015,34393.152,3004575.26657
2026-03-11T23:00:00+00:00,87.04,87.22,86.46,86.58,71400.643,2026-03-11T23:59:59.999000+00:00,6197902.91262,28621,30623.998,2660066.53896
2026-03-12T00:00:00+00:00,86.58,86.78,86.37,86.68,44398.309,2026-03-12T00:59:59.999000+00:00,3845105.29978,27415,23147.754,2004942.04692
2026-03-12T01:00:00+00:00,86.68,86.71,85.95,86.05,77895.522,2026-03-12T01:59:59.999000+00:00,6716691.17361,31239,32514.227,2803637.86818
2026-03-12T02:00:00+00:00,86.05,86.16,85.17,85.21,122155.34,2026-03-12T02:59:59.999000+00:00,10464245.50824,33599,49778.702,4267014.88285
2026-03-12T03:00:00+00:00,85.21,85.43,84.72,85.01,113250.614,2026-03-12T03:59:59.999000+00:00,9642293.93831,30827,48578.503,4136790.51525
2026-03-12T04:00:00+00:00,85.02,85.42,84.9,85.11,84621.659,2026-03-12T04:59:59.999000+00:00,7204236.33414,26603,51060.452,4347009.11285
2026-03-12T05:00:00+00:00,85.11,85.33,84.89,85.13,59426.88,2026-03-12T05:59:59.999000+00:00,5058795.92116,19519,40324.124,3432969.81967
2026-03-12T06:00:00+00:00,85.13,85.42,84.97,85.39,61922.485,2026-03-12T06:59:59.999000+00:00,5277066.48637,17329,37760.84,3217801.72623
2026-03-12T07:00:00+00:00,85.39,85.9,85.0,85.82,113800.472,2026-03-12T07:59:59.999000+00:00,9731217.51429,28444,70739.04,6049574.27682
2026-03-12T08:00:00+00:00,85.82,86.16,85.39,85.96,101054.374,2026-03-12T08:59:59.999000+00:00,8672434.43813,33334,55752.611,4785333.56862
2026-03-12T09:00:00+00:00,85.95,86.7,85.45,86.18,103503.89,2026-03-12T09:59:59.999000+00:00,8900474.95842,36367,63704.664,5479456.13253
2026-03-12T10:00:00+00:00,86.19,87.04,86.04,86.76,143733.523,2026-03-12T10:59:59.999000+00:00,12453457.23217,38305,85523.529,7410599.6996
2026-03-12T11:00:00+00:00,86.76,87.13,86.63,86.79,100204.367,2026-03-12T11:59:59.999000+00:00,8703051.6368,33069,51625.326,4484486.02505
2026-03-12T12:00:00+00:00,86.8,87.51,86.55,87.25,167183.352,2026-03-12T12:59:59.999000+00:00,14581066.98965,40413,98670.43,8609575.43312
2026-03-12T13:00:00+00:00,87.25,87.69,86.34,86.74,277091.076,2026-03-12T13:59:59.999000+00:00,24111715.13065,90863,119040.377,10367203.07536
2026-03-12T14:00:00+00:00,86.75,87.66,85.2,85.54,301206.294,2026-03-12T14:59:59.999000+00:00,25969278.946,106597,129205.872,11148181.84809
2026-03-12T15:00:00+00:00,85.54,87.03,85.12,86.58,241985.719,2026-03-12T15:59:59.999000+00:00,20880452.15175,91269,131218.035,11319673.27339
2026-03-12T16:00:00+00:00,86.57,87.09,85.8,86.79,171667.75,2026-03-12T16:59:59.999000+00:00,14868073.09078,77078,108227.92,9376595.34345
2026-03-12T17:00:00+00:00,86.8,86.99,86.33,86.59,127410.46,2026-03-12T17:59:59.999000+00:00,11044811.16344,54924,67896.707,5886324.4432
2026-03-12T18:00:00+00:00,86.6,86.82,85.81,85.86,100155.805,2026-03-12T18:59:59.999000+00:00,8635007.94897,43740,41447.441,3573962.58888
2026-03-12T19:00:00+00:00,85.86,86.94,85.68,86.8,108672.039,2026-03-12T19:59:59.999000+00:00,9384762.34185,42984,53183.348,4588581.96312
2026-03-12T20:00:00+00:00,86.79,86.96,86.42,86.45,65879.289,2026-03-12T20:59:59.999000+00:00,5709229.39529,26916,28568.195,2475729.61555
2026-03-12T21:00:00+00:00,86.45,86.68,86.18,86.54,43379.749,2026-03-12T21:59:59.999000+00:00,3745908.70478,18290,21931.688,1894371.56583
2026-03-12T22:00:00+00:00,86.54,86.6,85.96,86.3,65974.118,2026-03-12T22:59:59.999000+00:00,5689667.54973,23886,37657.159,3247815.61582
2026-03-12T23:00:00+00:00,86.3,87.23,86.28,86.84,117108.062,2026-03-12T23:59:59.999000+00:00,10172546.69216,38234,67117.818,5827989.82864
2026-03-13T00:00:00+00:00,86.83,91.14,86.71,89.78,781802.591,2026-03-13T00:59:59.999000+00:00,70097326.46869,245666,388127.011,34742927.49334
2026-03-13T01:00:00+00:00,89.77,90.74,89.77,90.45,292699.981,2026-03-13T01:59:59.999000+00:00,26403711.59528,101606,149646.302,13500464.35041
2026-03-13T02:00:00+00:00,90.46,90.59,88.93,89.09,203686.501,2026-03-13T02:59:59.999000+00:00,18283425.8987,69526,76718.717,6884409.50541
2026-03-13T03:00:00+00:00,89.08,89.98,88.89,89.69,141724.039,2026-03-13T03:59:59.999000+00:00,12676299.17587,43451,79405.749,7102882.20619
2026-03-13T04:00:00+00:00,89.7,89.74,89.19,89.35,73707.147,2026-03-13T04:59:59.999000+00:00,6590343.10667,27057,37216.981,3328090.13589
2026-03-13T05:00:00+00:00,89.34,89.47,88.87,89.09,128059.749,2026-03-13T05:59:59.999000+00:00,11414526.10648,30565,53823.563,4798217.24855
2026-03-13T06:00:00+00:00,89.09,89.22,88.27,88.4,121530.81,2026-03-13T06:59:59.999000+00:00,10776123.65436,34275,52865.491,4688833.89548
2026-03-13T07:00:00+00:00,88.41,88.97,88.15,88.68,163550.146,2026-03-13T07:59:59.999000+00:00,14481973.28213,41428,91812.084,8131036.84154
2026-03-13T08:00:00+00:00,88.68,89.67,88.32,89.16,158340.177,2026-03-13T08:59:59.999000+00:00,14101847.49463,49212,87260.86,7770841.70076
2026-03-13T09:00:00+00:00,89.15,89.65,88.79,89.5,94880.868,2026-03-13T09:59:59.999000+00:00,8473621.01481,38357,50247.219,4487741.87289
2026-03-13T10:00:00+00:00,89.5,90.31,89.46,90.19,218252.637,2026-03-13T10:59:59.999000+00:00,19631508.71643,51715,101023.861,9081055.83344
2026-03-13T11:00:00+00:00,90.2,90.45,89.97,90.33,117541.108,2026-03-13T11:59:59.999000+00:00,10600598.57956,36566,49158.93,4434090.57706
2026-03-13T12:00:00+00:00,90.32,91.38,90.14,91.0,224030.936,2026-03-13T12:59:59.999000+00:00,20307819.67144,60367,136390.047,12363297.868
2026-03-13T13:00:00+00:00,91.0,92.31,90.92,91.87,386101.366,2026-03-13T13:59:59.999000+00:00,35396257.54659,116909,218597.596,20045950.1589
2026-03-13T14:00:00+00:00,91.88,92.98,90.46,90.69,567469.055,2026-03-13T14:59:59.999000+00:00,52163554.42166,169320,267929.088,24646823.06442
2026-03-13T15:00:00+00:00,90.7,91.24,89.3,89.49,275507.331,2026-03-13T15:59:59.999000+00:00,24888382.05663,103788,131124.622,11850337.20088
2026-03-13T16:00:00+00:00,89.49,89.96,88.84,89.61,177846.091,2026-03-13T16:59:59.999000+00:00,15914188.97554,83441,97510.958,8726514.54461
2026-03-13T17:00:00+00:00,89.6,90.15,88.58,88.87,185337.804,2026-03-13T17:59:59.999000+00:00,16544153.49409,63832,83740.561,7480840.38588
2026-03-13T18:00:00+00:00,88.88,89.14,88.37,88.82,126803.537,2026-03-13T18:59:59.999000+00:00,11253557.18583,45613,62829.74,5577733.96107
2026-03-13T19:00:00+00:00,88.82,89.05,88.39,88.92,121476.693,2026-03-13T19:59:59.999000+00:00,10784249.33334,42987,56446.514,5011953.84891
2026-03-13T20:00:00+00:00,88.91,89.11,88.54,88.91,102313.043,2026-03-13T20:59:59.999000+00:00,9091617.54398,24366,57170.424,5080746.33331
2026-03-13T21:00:00+00:00,88.91,89.16,88.34,88.56,74797.538,2026-03-13T21:59:59.999000+00:00,6639122.66491,25589,38939.363,3456874.46128
2026-03-13T22:00:00+00:00,88.56,88.66,87.73,88.01,142064.468,2026-03-13T22:59:59.999000+00:00,12507515.59383,46241,55121.359,4850957.99957
2026-03-13T23:00:00+00:00,88.01,88.26,87.8,88.18,60855.001,2026-03-13T23:59:59.999000+00:00,5361138.7659,21612,38183.917,3363940.16965
2026-03-14T00:00:00+00:00,88.17,88.39,87.84,87.94,71977.285,2026-03-14T00:59:59.999000+00:00,6337682.71222,25690,32373.042,2851581.81612
2026-03-14T01:00:00+00:00,87.94,88.38,87.79,88.23,110581.474,2026-03-14T01:59:59.999000+00:00,9741353.46957,25450,36521.045,3217732.53549
2026-03-14T02:00:00+00:00,88.24,88.32,88.0,88.23,40175.898,2026-03-14T02:59:59.999000+00:00,3542387.56107,16837,16429.829,1448648.04126
2026-03-14T03:00:00+00:00,88.23,88.62,88.23,88.4,54063.118,2026-03-14T03:59:59.999000+00:00,4782101.55195,18080,33736.892,2983999.12201
2026-03-14T04:00:00+00:00,88.4,88.71,88.21,88.25,73146.138,2026-03-14T04:59:59.999000+00:00,6472114.37065,17492,34022.204,3010678.96982
2026-03-14T05:00:00+00:00,88.26,88.41,87.89,88.08,65563.426,2026-03-14T05:59:59.999000+00:00,5778250.39322,18892,28525.582,2514386.65128
2026-03-14T06:00:00+00:00,88.08,88.1,86.92,87.25,133158.293,2026-03-14T06:59:59.999000+00:00,11636538.23709,36174,54230.472,4738832.94296
2026-03-14T07:00:00+00:00,87.26,87.45,87.18,87.33,60006.169,2026-03-14T07:59:59.999000+00:00,5240132.40071,16648,34494.053,3012275.1056
2026-03-14T08:00:00+00:00,87.32,87.55,87.08,87.15,72572.647,2026-03-14T08:59:59.999000+00:00,6337173.85876,17978,34190.228,2985287.85039
2026-03-14T09:00:00+00:00,87.16,87.31,86.65,86.85,77235.994,2026-03-14T09:59:59.999000+00:00,6720870.77549,21103,39627.309,3448748.40232
2026-03-14T10:00:00+00:00,86.84,86.93,86.51,86.65,62019.555,2026-03-14T10:59:59.999000+00:00,5377112.84278,21018,35538.204,3081367.11793
2026-03-14T11:00:00+00:00,86.65,87.01,86.64,86.96,71648.582,2026-03-14T11:59:59.999000+00:00,6221555.81392,17027,52153.347,4528460.83926
2026-03-14T12:00:00+00:00,86.95,87.13,86.81,87.11,67799.127,2026-03-14T12:59:59.999000+00:00,5896675.8369,18467,41739.331,3630362.17651
2026-03-14T13:00:00+00:00,87.1,87.36,87.03,87.11,45078.876,2026-03-14T13:59:59.999000+00:00,3930075.56769,15555,25102.36,2188593.40662
2026-03-14T14:00:00+00:00,87.11,87.24,86.63,86.72,82438.383,2026-03-14T14:59:59.999000+00:00,7164608.26214,21055,32251.831,2802269.373
2026-03-14T15:00:00+00:00,86.72,86.92,86.63,86.72,48750.061,2026-03-14T15:59:59.999000+00:00,4230636.25459,19359,23259.107,2018677.0245
2026-03-14T16:00:00+00:00,86.72,87.13,86.62,87.07,38599.297,2026-03-14T16:59:59.999000+00:00,3353978.71956,14665,24386.033,2118786.22018
2026-03-14T17:00:00+00:00,87.07,87.09,86.84,86.9,24472.038,2026-03-14T17:59:59.999000+00:00,2128537.12833,10919,11557.387,1005233.88114
2026-03-14T18:00:00+00:00,86.89,87.11,86.79,87.04,25019.028,2026-03-14T18:59:59.999000+00:00,2174694.76204,8723,13043.82,1133765.38396
2026-03-14T19:00:00+00:00,87.03,87.1,86.9,87.0,34686.957,2026-03-14T19:59:59.999000+00:00,3017935.51822,10201,20251.3,1761915.62287
2026-03-14T20:00:00+00:00,87.01,87.18,86.87,87.08,30651.475,2026-03-14T20:59:59.999000+00:00,2666050.29517,10722,20175.546,1754949.28113
2026-03-14T21:00:00+00:00,87.09,87.35,86.87,87.28,33747.697,2026-03-14T21:59:59.999000+00:00,2940147.2625,15161,18381.752,1601671.02767
2026-03-14T22:00:00+00:00,87.29,87.46,87.22,87.31,53866.103,2026-03-14T22:59:59.999000+00:00,4704324.80975,21713,26723.639,2333855.56745
2026-03-14T23:00:00+00:00,87.32,88.16,87.32,88.03,120885.418,2026-03-14T23:59:59.999000+00:00,10628112.10014,33861,64248.745,5647907.47178
2026-03-15T00:00:00+00:00,88.04,88.21,87.67,87.76,55005.092,2026-03-15T00:59:59.999000+00:00,4837236.48871,22397,23376.447,2055976.61932
2026-03-15T01:00:00+00:00,87.75,87.92,87.58,87.69,33332.202,2026-03-15T01:59:59.999000+00:00,2924269.53794,19874,15128.241,1327198.02659
2026-03-15T02:00:00+00:00,87.69,88.65,87.68,88.3,119402.83,2026-03-15T02:59:59.999000+00:00,10527403.04847,40419,58697.139,5175101.89648
2026-03-15T03:00:00+00:00,88.3,88.43,87.7,87.86,64498.478,2026-03-15T03:59:59.999000+00:00,5673718.83204,22403,29401.347,2585915.31466
2026-03-15T04:00:00+00:00,87.86,88.33,87.85,88.32,43304.159,2026-03-15T04:59:59.999000+00:00,3816256.28941,19413,22365.972,1970785.46342
2026-03-15T05:00:00+00:00,88.32,88.66,88.11,88.31,107511.493,2026-03-15T05:59:59.999000+00:00,9511182.05533,25393,64389.632,5695727.37566
2026-03-15T06:00:00+00:00,88.32,88.59,88.09,88.35,87223.295,2026-03-15T06:59:59.999000+00:00,7699352.77893,16080,44871.014,3959660.37523
2026-03-15T07:00:00+00:00,88.35,88.53,88.11,88.22,46860.933,2026-03-15T07:59:59.999000+00:00,4139657.40088,16419,27751.973,2451703.99497
2026-03-15T08:00:00+00:00,88.22,88.52,88.14,88.5,57963.047,2026-03-15T08:59:59.999000+00:00,5121634.00147,17317,34875.912,3081518.88425
2026-03-15T09:00:00+00:00,88.49,88.88,88.42,88.54,62813.234,2026-03-15T09:59:59.999000+00:00,5569756.432,23167,33595.92,2979124.08467
2026-03-15T10:00:00+00:00,88.55,88.71,88.38,88.47,29081.054,2026-03-15T10:59:59.999000+00:00,2574332.13795,12327,14276.322,1263771.42697
2026-03-15T11:00:00+00:00,88.48,88.68,88.24,88.55,40797.882,2026-03-15T11:59:59.999000+00:00,3606717.76103,14586,16395.624,1449170.34508
2026-03-15T12:00:00+00:00,88.56,88.56,88.19,88.26,38350.67,2026-03-15T12:59:59.999000+00:00,3386984.01889,37668,17378.006,1534736.68514
2026-03-15T13:00:00+00:00,88.27,88.4,87.36,87.85,142377.54,2026-03-15T13:59:59.999000+00:00,12495597.69143,43353,65692.809,5764120.64864
2026-03-15T14:00:00+00:00,87.84,88.0,87.57,87.97,48107.156,2026-03-15T14:59:59.999000+00:00,4224118.72568,19643,27839.771,2444818.65867
2026-03-15T15:00:00+00:00,87.98,88.12,87.77,87.9,29254.385,2026-03-15T15:59:59.999000+00:00,2573117.94473,13717,15366.645,1351704.80848
2026-03-15T16:00:00+00:00,87.9,88.05,87.45,87.55,46110.269,2026-03-15T16:59:59.999000+00:00,4044343.38959,18907,23151.629,2031104.96812
2026-03-15T17:00:00+00:00,87.55,88.8,87.5,88.43,62720.93,2026-03-15T17:59:59.999000+00:00,5532820.79757,28367,36086.19,3182723.55607
2026-03-15T18:00:00+00:00,88.44,88.69,87.85,87.92,101328.805,2026-03-15T18:59:59.999000+00:00,8958119.39075,36149,41436.901,3661493.65318
2026-03-15T19:00:00+00:00,87.92,88.29,87.82,88.19,55175.366,2026-03-15T19:59:59.999000+00:00,4859025.85712,23138,31344.769,2760542.27396
2026-03-15T20:00:00+00:00,88.19,89.0,87.98,88.76,84397.3,2026-03-15T20:59:59.999000+00:00,7478339.3602,30853,51480.085,4563186.21351
2026-03-15T21:00:00+00:00,88.76,90.3,88.56,90.0,162489.769,2026-03-15T21:59:59.999000+00:00,14542086.60473,62577,99462.596,8908989.40891
2026-03-15T22:00:00+00:00,90.0,92.93,89.84,92.64,658611.089,2026-03-15T22:59:59.999000+00:00,60166683.46868,163499,416265.132,37999954.54389
2026-03-15T23:00:00+00:00,92.65,93.23,91.61,92.3,437830.127,2026-03-15T23:59:59.999000+00:00,40504734.49148,156859,215238.448,19922304.64059
2026-03-16T00:00:00+00:00,92.31,93.06,91.88,92.01,259086.705,2026-03-16T00:59:59.999000+00:00,23944988.8098,106532,127992.611,11830851.33917
2026-03-16T01:00:00+00:00,92.02,92.25,91.49,92.11,180226.11,2026-03-16T01:59:59.999000+00:00,16545660.12669,81022,104584.111,9599620.28064
2026-03-16T02:00:00+00:00,92.11,92.28,91.18,91.48,116121.238,2026-03-16T02:59:59.999000+00:00,10647208.76302,47591,49716.33,4558750.92547
2026-03-16T03:00:00+00:00,91.48,94.0,91.27,93.16,458891.09,2026-03-16T03:59:59.999000+00:00,42741164.0428,144459,260490.329,24262151.28407
2026-03-16T04:00:00+00:00,93.17,94.24,92.94,93.62,312953.898,2026-03-16T04:59:59.999000+00:00,29242357.20947,100937,179147.366,16746299.27448
2026-03-16T05:00:00+00:00,93.63,94.32,93.21,94.04,292011.033,2026-03-16T05:59:59.999000+00:00,27414802.69034,89574,168681.824,15837315.076
2026-03-16T06:00:00+00:00,94.05,94.05,93.15,93.4,224747.841,2026-03-16T06:59:59.999000+00:00,21035637.51421,49927,118597.689,11100180.35189
2026-03-16T07:00:00+00:00,93.41,93.86,93.32,93.56,145371.565,2026-03-16T07:59:59.999000+00:00,13608199.59347,37969,84087.074,7872756.11967
2026-03-16T08:00:00+00:00,93.56,94.02,92.57,92.86,167100.649,2026-03-16T08:59:59.999000+00:00,15573340.52483,68001,71684.925,6686031.79708
2026-03-16T09:00:00+00:00,92.86,93.47,92.73,93.29,97496.348,2026-03-16T09:59:59.999000+00:00,9078322.92116,34090,55999.012,5214537.92747
2026-03-16T10:00:00+00:00,93.3,93.96,93.26,93.9,109568.569,2026-03-16T10:59:59.999000+00:00,10251825.61206,37234,74285.509,6951876.90387
2026-03-16T11:00:00+00:00,93.9,93.99,93.53,93.75,78824.842,2026-03-16T11:59:59.999000+00:00,7393338.15146,25417,39605.699,3714979.36368
2026-03-16T12:00:00+00:00,93.75,94.2,93.4,93.77,226479.987,2026-03-16T12:59:59.999000+00:00,21257552.97221,49711,120958.811,11358968.90069
2026-03-16T13:00:00+00:00,93.78,95.13,93.43,93.68,390863.053,2026-03-16T13:59:59.999000+00:00,36863159.43394,105662,205132.86,19365256.51741
2026-03-16T14:00:00+00:00,93.68,94.54,92.37,93.6,521940.608,2026-03-16T14:59:59.999000+00:00,48664307.91563,143116,207093.575,19308915.61968
2026-03-16T15:00:00+00:00,93.61,94.35,93.09,93.2,384587.906,2026-03-16T15:59:59.999000+00:00,36079650.70358,88799,145491.086,13643240.16314
2026-03-16T16:00:00+00:00,93.2,94.06,93.13,93.81,248258.917,2026-03-16T16:59:59.999000+00:00,23250531.8751,59733,128769.334,12048406.74264
2026-03-16T17:00:00+00:00,93.82,94.4,93.7,94.08,150409.15,2026-03-16T17:59:59.999000+00:00,14138574.27351,55594,90284.592,8487755.17043
2026-03-16T18:00:00+00:00,94.08,95.09,94.05,94.38,226550.375,2026-03-16T18:59:59.999000+00:00,21445730.72451,62940,130564.603,12360738.29629
2026-03-16T19:00:00+00:00,94.39,95.48,94.16,95.21,207797.032,2026-03-16T19:59:59.999000+00:00,19752776.75256,70587,120776.172,11482076.24101
2026-03-16T20:00:00+00:00,95.21,95.97,95.06,95.78,158562.836,2026-03-16T20:59:59.999000+00:00,15159211.51097,46389,91671.606,8764677.70054
2026-03-16T21:00:00+00:00,95.77,96.88,95.5,96.17,233033.253,2026-03-16T21:59:59.999000+00:00,22415641.40198,74449,140451.668,13509889.36375
2026-03-16T22:00:00+00:00,96.17,97.68,96.17,96.37,244973.655,2026-03-16T22:59:59.999000+00:00,23727867.71945,83604,136979.401,13275071.18009
2026-03-16T23:00:00+00:00,96.36,96.47,95.41,96.2,185793.961,2026-03-16T23:59:59.999000+00:00,17818282.89904,49754,86814.157,8327843.10339
2026-03-17T00:00:00+00:00,96.19,96.95,95.13,95.49,283437.372,2026-03-17T00:59:59.999000+00:00,27198547.4342,90090,155869.551,14967946.24661
2026-03-17T01:00:00+00:00,95.49,96.09,94.95,95.72,222433.889,2026-03-17T01:59:59.999000+00:00,21258376.49607,78114,124457.002,11898730.68159
2026-03-17T02:00:00+00:00,95.72,95.77,94.88,95.15,103613.227,2026-03-17T02:59:59.999000+00:00,9867204.60194,39950,49375.91,4702923.79431
2026-03-17T03:00:00+00:00,95.14,95.29,93.71,94.07,214697.28,2026-03-17T03:59:59.999000+00:00,20258091.59835,62997,79213.816,7477095.76943
2026-03-17T04:00:00+00:00,94.07,94.28,93.2,93.8,138298.247,2026-03-17T04:59:59.999000+00:00,12964588.57994,43438,49687.11,4659148.91971
2026-03-17T05:00:00+00:00,93.8,94.1,93.36,93.8,82496.31,2026-03-17T05:59:59.999000+00:00,7736184.05474,34672,36866.722,3457078.91256
2026-03-17T06:00:00+00:00,93.8,94.3,93.47,93.89,90874.811,2026-03-17T06:59:59.999000+00:00,8538792.24888,30660,41231.712,3875594.51029
2026-03-17T07:00:00+00:00,93.9,94.66,93.87,94.44,78265.31,2026-03-17T07:59:59.999000+00:00,7386481.41762,25163,48522.459,4580293.11479
2026-03-17T08:00:00+00:00,94.43,94.95,94.29,94.41,84102.321,2026-03-17T08:59:59.999000+00:00,7959335.98611,33686,45285.288,4287359.93361
2026-03-17T09:00:00+00:00,94.41,95.09,93.69,93.9,150777.279,2026-03-17T09:59:59.999000+00:00,14242204.25251,44438,67310.93,6361292.38002
2026-03-17T10:00:00+00:00,93.9,94.06,93.25,93.57,96721.233,2026-03-17T10:59:59.999000+00:00,9059234.85448,38517,43852.846,4106890.57661
2026-03-17T11:00:00+00:00,93.58,93.91,93.4,93.66,82684.117,2026-03-17T11:59:59.999000+00:00,7750048.08012,31983,46255.149,4335736.70911
2026-03-17T12:00:00+00:00,93.67,94.08,93.15,93.42,82757.453,2026-03-17T12:59:59.999000+00:00,7743741.20708,40928,37091.816,3472173.68029
2026-03-17T13:00:00+00:00,93.41,94.56,93.35,93.8,149522.224,2026-03-17T13:59:59.999000+00:00,14038649.80352,70386,73385.916,6890748.53961
2026-03-17T14:00:00+00:00,93.8,94.68,93.5,94.5,123788.354,2026-03-17T14:59:59.999000+00:00,11664576.16572,73603,68434.677,6449982.55773
2026-03-17T15:00:00+00:00,94.5,95.13,93.25,93.82,167269.698,2026-03-17T15:59:59.999000+00:00,15737744.16964,88599,80818.038,7609047.22534
2026-03-17T16:00:00+00:00,93.82,94.79,93.72,94.39,111228.548,2026-03-17T16:59:59.999000+00:00,10495998.27002,51160,52552.779,4959202.00532
2026-03-17T17:00:00+00:00,94.39,94.72,94.15,94.57,73681.594,2026-03-17T17:59:59.999000+00:00,6961459.28866,33456,36016.875,3402696.77199
2026-03-17T18:00:00+00:00,94.57,95.59,94.45,95.32,111610.271,2026-03-17T18:59:59.999000+00:00,10619304.8466,45144,62059.556,5904685.31927
2026-03-17T19:00:00+00:00,95.33,95.57,94.61,94.67,99645.456,2026-03-17T19:59:59.999000+00:00,9472905.79182,43014,47558.334,4521395.65658
2026-03-17T20:00:00+00:00,94.66,95.03,94.41,94.9,57213.595,2026-03-17T20:59:59.999000+00:00,5419524.98998,21743,31735.549,3006676.19348
2026-03-17T21:00:00+00:00,94.89,95.46,94.84,95.26,47584.894,2026-03-17T21:59:59.999000+00:00,4529952.08296,27853,23195.065,2208316.27635
2026-03-17T22:00:00+00:00,95.27,95.62,94.59,95.33,114073.088,2026-03-17T22:59:59.999000+00:00,10859967.69061,37928,53107.639,5058127.60287
2026-03-17T23:00:00+00:00,95.32,95.44,94.58,94.62,66781.015,2026-03-17T23:59:59.999000+00:00,6338801.04295,25091,22037.583,2092629.73055
2026-03-18T00:00:00+00:00,94.61,94.93,94.1,94.53,83553.595,2026-03-18T00:59:59.999000+00:00,7894261.27951,37480,44389.601,4196551.76389
2026-03-18T01:00:00+00:00,94.54,94.93,94.32,94.43,53801.001,2026-03-18T01:59:59.999000+00:00,5094176.77116,31100,25057.795,2373238.70055
2026-03-18T02:00:00+00:00,94.43,95.23,94.41,94.94,60158.536,2026-03-18T02:59:59.999000+00:00,5708024.43101,31628,33131.663,3143983.28969
2026-03-18T03:00:00+00:00,94.94,95.65,94.82,95.05,57186.508,2026-03-18T03:59:59.999000+00:00,5446852.83082,24090,34227.965,3261714.20013
2026-03-18T04:00:00+00:00,95.06,95.12,94.0,94.13,122330.349,2026-03-18T04:59:59.999000+00:00,11546361.72837,34310,43807.063,4132157.1711
2026-03-18T05:00:00+00:00,94.13,94.39,93.72,93.92,94114.902,2026-03-18T05:59:59.999000+00:00,8853976.60248,36026,48215.217,4537296.60063
2026-03-18T06:00:00+00:00,93.92,94.64,93.92,94.21,32296.467,2026-03-18T06:59:59.999000+00:00,3045392.15349,19372,17167.531,1618551.62321
2026-03-18T07:00:00+00:00,94.22,94.3,93.83,93.95,77208.886,2026-03-18T07:59:59.999000+00:00,7259814.07988,19810,38492.422,3619109.00036
2026-03-18T08:00:00+00:00,93.95,94.26,93.94,94.04,143876.437,2026-03-18T08:59:59.999000+00:00,13543548.19812,29956,40985.528,3857938.22077
2026-03-18T09:00:00+00:00,94.04,94.44,93.95,94.28,41873.834,2026-03-18T09:59:59.999000+00:00,3946962.68958,23870,25398.664,2394163.86257
2026-03-18T10:00:00+00:00,94.28,94.43,93.51,93.86,61539.605,2026-03-18T10:59:59.999000+00:00,5778370.05492,28734,24537.371,2304876.17508
2026-03-18T11:00:00+00:00,93.85,94.08,91.82,92.0,398489.14,2026-03-18T11:59:59.999000+00:00,36827018.55449,131847,202414.819,18698511.48515
2026-03-18T12:00:00+00:00,92.0,92.03,90.31,90.43,329039.565,2026-03-18T12:59:59.999000+00:00,29968920.16499,113491,128985.149,11746373.17829
2026-03-18T13:00:00+00:00,90.43,90.75,89.9,90.32,224420.912,2026-03-18T13:59:59.999000+00:00,20278376.34926,115211,109987.485,9942846.78918
2026-03-18T14:00:00+00:00,90.32,90.4,88.85,88.96,316126.804,2026-03-18T14:59:59.999000+00:00,28311031.56601,117941,151380.814,13555228.2975
2026-03-18T15:00:00+00:00,88.95,89.49,88.55,89.37,252007.921,2026-03-18T15:59:59.999000+00:00,22450379.20614,75790,137594.411,12265069.07578
2026-03-18T16:00:00+00:00,89.36,89.36,88.61,88.97,152656.968,2026-03-18T16:59:59.999000+00:00,13583606.4077,58453,58827.16,5234068.0162
2026-03-18T17:00:00+00:00,88.97,90.36,88.83,89.94,223980.805,2026-03-18T17:59:59.999000+00:00,20129657.52917,66890,114073.837,10241762.029
2026-03-18T18:00:00+00:00,89.94,90.86,89.38,89.58,185763.514,2026-03-18T18:59:59.999000+00:00,16768706.43413,110198,100367.923,9063598.18117
2026-03-18T19:00:00+00:00,89.58,90.07,89.44,89.71,72107.455,2026-03-18T19:59:59.999000+00:00,6472226.55264,40377,41965.723,3767190.77726
2026-03-18T20:00:00+00:00,89.7,90.13,88.99,89.99,109988.962,2026-03-18T20:59:59.999000+00:00,9849039.97886,36812,68758.076,6160986.41523
2026-03-18T21:00:00+00:00,89.99,90.62,89.94,90.47,62582.031,2026-03-18T21:59:59.999000+00:00,5653688.94175,24731,36083.112,3259647.00447
2026-03-18T22:00:00+00:00,90.46,90.48,89.92,90.02,90116.209,2026-03-18T22:59:59.999000+00:00,8131483.88107,23707,50246.409,4534959.32873
2026-03-18T23:00:00+00:00,90.02,90.16,89.69,90.08,48641.152,2026-03-18T23:59:59.999000+00:00,4375528.99971,21020,29282.155,2634203.89027
2026-03-19T00:00:00+00:00,90.07,90.3,89.82,90.11,46120.613,2026-03-19T00:59:59.999000+00:00,4153804.34476,22925,25552.49,2301559.25962
2026-03-19T01:00:00+00:00,90.11,90.38,89.92,90.19,48869.649,2026-03-19T01:59:59.999000+00:00,4407755.65659,21405,25059.791,2260979.20479
2026-03-19T02:00:00+00:00,90.18,90.39,89.79,89.99,37552.218,2026-03-19T02:59:59.999000+00:00,3385948.75094,22157,18359.909,1655876.29353
2026-03-19T03:00:00+00:00,89.99,91.41,89.92,90.74,139276.39,2026-03-19T03:59:59.999000+00:00,12660021.14592,44681,82582.21,7506760.8637
2026-03-19T04:00:00+00:00,90.74,90.74,89.75,89.91,110340.258,2026-03-19T04:59:59.999000+00:00,9946675.68229,35494,45410.133,4093238.85516
2026-03-19T05:00:00+00:00,89.91,90.11,89.66,89.76,59591.973,2026-03-19T05:59:59.999000+00:00,5358349.33814,21713,33848.285,3044440.88805
2026-03-19T06:00:00+00:00,89.77,90.12,89.52,89.86,75452.788,2026-03-19T06:59:59.999000+00:00,6782165.53504,30950,31998.883,2877296.88845
2026-03-19T07:00:00+00:00,89.87,90.05,88.63,89.42,202158.079,2026-03-19T07:59:59.999000+00:00,18066041.26077,64502,81477.735,7285941.28577
2026-03-19T08:00:00+00:00,89.41,89.64,89.09,89.34,75679.599,2026-03-19T08:59:59.999000+00:00,6763242.25757,38120,38349.401,3427935.24774
2026-03-19T09:00:00+00:00,89.35,90.39,89.17,90.2,143688.439,2026-03-19T09:59:59.999000+00:00,12905792.81643,45531,87690.2,7879029.28223
2026-03-19T10:00:00+00:00,90.19,90.48,89.78,89.81,76729.913,2026-03-19T10:59:59.999000+00:00,6915974.758,23780,42975.504,3874037.41555
2026-03-19T11:00:00+00:00,89.81,90.03,89.47,89.62,52020.688,2026-03-19T11:59:59.999000+00:00,4669510.22847,20708,25878.544,2323537.34187
2026-03-19T12:00:00+00:00,89.62,89.62,88.03,88.11,163403.702,2026-03-19T12:59:59.999000+00:00,14521520.38356,49219,57813.456,5133772.52525
2026-03-19T13:00:00+00:00,88.11,88.74,87.55,88.52,300882.59,2026-03-19T13:59:59.999000+00:00,26499266.59475,110961,146009.538,12864563.66492
2026-03-19T14:00:00+00:00,88.52,88.9,87.45,88.23,135406.721,2026-03-19T14:59:59.999000+00:00,11919246.37966,69140,74488.617,6558540.61492
2026-03-19T15:00:00+00:00,88.23,88.76,87.15,87.63,169527.342,2026-03-19T15:59:59.999000+00:00,14892721.78838,64987,93466.244,8214067.36603
2026-03-19T16:00:00+00:00,87.63,87.8,87.0,87.69,152916.464,2026-03-19T16:59:59.999000+00:00,13364434.87183,54091,84537.889,7389038.49426
2026-03-19T17:00:00+00:00,87.68,88.35,87.07,88.14,125746.156,2026-03-19T17:59:59.999000+00:00,11027522.71552,42260,68457.406,6004919.88365
2026-03-19T18:00:00+00:00,88.13,88.32,87.66,88.13,71688.212,2026-03-19T18:59:59.999000+00:00,6304260.69408,24691,37403.443,3289611.92287
2026-03-19T19:00:00+00:00,88.13,89.26,88.12,88.72,171099.084,2026-03-19T19:59:59.999000+00:00,15198110.18691,75359,88666.992,7875005.39768
2026-03-19T20:00:00+00:00,88.71,89.21,88.66,88.99,47285.133,2026-03-19T20:59:59.999000+00:00,4205676.66048,18976,27034.421,2404707.17677
2026-03-19T21:00:00+00:00,88.98,89.32,88.88,89.11,50451.599,2026-03-19T21:59:59.999000+00:00,4495291.35012,17938,23928.779,2132225.24691
2026-03-19T22:00:00+00:00,89.12,89.17,88.37,88.76,67142.826,2026-03-19T22:59:59.999000+00:00,5958508.72283,22604,26682.103,2367371.01975
2026-03-19T23:00:00+00:00,88.77,89.19,88.59,88.89,86512.488,2026-03-19T23:59:59.999000+00:00,7697862.75688,27509,52516.064,4672794.54605
2026-03-20T00:00:00+00:00,88.9,89.43,88.87,89.41,115517.781,2026-03-20T00:59:59.999000+00:00,10311401.2087,25755,49792.608,4443127.95028
2026-03-20T01:00:00+00:00,89.41,89.8,89.33,89.47,86311.253,2026-03-20T01:59:59.999000+00:00,7729394.55662,26376,52654.15,4715789.07445
2026-03-20T02:00:00+00:00,89.47,89.6,88.88,89.31,76719.431,2026-03-20T02:59:59.999000+00:00,6842047.72041,22554,40292.678,3593969.87768
2026-03-20T03:00:00+00:00,89.31,89.71,89.24,89.57,46905.05,2026-03-20T03:59:59.999000+00:00,4198726.47996,19138,23087.136,2066644.50063
2026-03-20T04:00:00+00:00,89.57,89.75,88.73,89.28,58282.758,2026-03-20T04:59:59.999000+00:00,5201450.09058,21845,29430.533,2628269.05676
2026-03-20T05:00:00+00:00,89.28,89.55,88.87,89.36,85138.884,2026-03-20T05:59:59.999000+00:00,7599590.22679,29412,46135.1,4119241.05401
2026-03-20T06:00:00+00:00,89.36,89.36,88.94,89.09,50121.692,2026-03-20T06:59:59.999000+00:00,4467715.42061,21263,19898.841,1773730.08872
2026-03-20T07:00:00+00:00,89.1,89.5,88.5,89.37,87659.839,2026-03-20T07:59:59.999000+00:00,7807095.93055,33177,47784.725,4259374.728
2026-03-20T08:00:00+00:00,89.38,90.45,89.32,89.78,183448.656,2026-03-20T08:59:59.999000+00:00,16512700.15864,46958,113089.096,10180858.74638
2026-03-20T09:00:00+00:00,89.78,89.78,88.65,88.97,195400.219,2026-03-20T09:59:59.999000+00:00,17400595.17625,49607,105551.756,9398747.57214
2026-03-20T10:00:00+00:00,88.97,89.49,88.61,89.33,68618.617,2026-03-20T10:59:59.999000+00:00,6111347.96464,32456,32205.972,2868935.61118
2026-03-20T11:00:00+00:00,89.33,89.6,88.88,89.15,80571.353,2026-03-20T11:59:59.999000+00:00,7197456.54653,30362,31113.902,2780157.57952
2026-03-20T12:00:00+00:00,89.15,89.53,89.02,89.15,61257.87,2026-03-20T12:59:59.999000+00:00,5467632.47364,25209,32243.813,2878451.72201
2026-03-20T13:00:00+00:00,89.15,89.64,88.61,88.82,139694.376,2026-03-20T13:59:59.999000+00:00,12446704.97387,68498,78968.087,7037266.53971
2026-03-20T14:00:00+00:00,88.81,89.73,88.51,88.92,169226.971,2026-03-20T14:59:59.999000+00:00,15072097.00499,77665,97547.436,8689766.90384
2026-03-20T15:00:00+00:00,88.92,89.32,88.61,88.94,169038.847,2026-03-20T15:59:59.999000+00:00,15024333.16274,58470,92593.841,8230015.59017
2026-03-20T16:00:00+00:00,88.94,89.23,88.62,88.9,63508.936,2026-03-20T16:59:59.999000+00:00,5648766.98429,35953,33171.31,2950518.14066
2026-03-20T17:00:00+00:00,88.91,89.04,88.13,88.89,87589.258,2026-03-20T17:59:59.999000+00:00,7758748.94694,42821,40857.284,3618680.59737
2026-03-20T18:00:00+00:00,88.89,89.0,88.16,88.56,64131.638,2026-03-20T18:59:59.999000+00:00,5683931.05983,37409,28365.35,2513918.30568
2026-03-20T19:00:00+00:00,88.56,89.06,88.22,88.99,42811.993,2026-03-20T19:59:59.999000+00:00,3796536.49724,29172,22960.008,2036974.45164
2026-03-20T20:00:00+00:00,88.99,89.36,88.65,89.01,62913.671,2026-03-20T20:59:59.999000+00:00,5598589.24712,23511,28459.648,2533906.14721
2026-03-20T21:00:00+00:00,89.01,90.04,88.92,89.6,95606.756,2026-03-20T21:59:59.999000+00:00,8561344.57687,31765,47693.375,4271158.73774
2026-03-20T22:00:00+00:00,89.59,90.26,89.59,90.1,74316.501,2026-03-20T22:59:59.999000+00:00,6690085.90647,24557,32878.537,2959814.44738
2026-03-20T23:00:00+00:00,90.09,90.13,89.72,89.84,36619.188,2026-03-20T23:59:59.999000+00:00,3292777.72839,16034,14373.52,1292582.63194
2026-03-21T00:00:00+00:00,89.85,90.24,89.84,90.02,41496.784,2026-03-21T00:59:59.999000+00:00,3733988.35538,15610,17798.277,1602139.77148
2026-03-21T01:00:00+00:00,90.01,90.34,89.73,89.87,37421.316,2026-03-21T01:59:59.999000+00:00,3369211.88003,15366,18756.329,1689258.97728
2026-03-21T02:00:00+00:00,89.86,90.65,89.76,90.47,49011.324,2026-03-21T02:59:59.999000+00:00,4424386.5274,17540,31530.866,2846796.12771
2026-03-21T03:00:00+00:00,90.47,90.6,90.33,90.45,33767.296,2026-03-21T03:59:59.999000+00:00,3053307.74838,12837,19860.472,1795604.48313
2026-03-21T04:00:00+00:00,90.45,90.81,90.16,90.28,53147.882,2026-03-21T04:59:59.999000+00:00,4808585.45635,20031,26299.975,2380570.48901
2026-03-21T05:00:00+00:00,90.29,90.52,89.96,89.97,38471.726,2026-03-21T05:59:59.999000+00:00,3472165.04115,15690,11614.317,1048370.4335
2026-03-21T06:00:00+00:00,89.97,90.32,89.91,90.16,29966.894,2026-03-21T06:59:59.999000+00:00,2700910.54644,10066,15629.302,1409212.44473
2026-03-21T07:00:00+00:00,90.17,90.4,89.93,90.12,122405.536,2026-03-21T07:59:59.999000+00:00,11038238.23526,16154,74104.948,6681152.27647
2026-03-21T08:00:00+00:00,90.12,90.13,89.81,90.0,48027.382,2026-03-21T08:59:59.999000+00:00,4319547.54854,13229,18500.682,1663899.24519
2026-03-21T09:00:00+00:00,89.99,90.4,89.97,90.19,52752.409,2026-03-21T09:59:59.999000+00:00,4758466.70814,18998,26440.32,2385123.30233
2026-03-21T10:00:00+00:00,90.2,90.24,89.89,89.97,31107.833,2026-03-21T10:59:59.999000+00:00,2801649.75631,12256,10268.653,924692.1585
2026-03-21T11:00:00+00:00,89.97,90.02,89.82,89.94,21826.21,2026-03-21T11:59:59.999000+00:00,1962531.50694,8438,10586.655,951952.73157
2026-03-21T12:00:00+00:00,89.95,90.2,89.88,90.2,29812.595,2026-03-21T12:59:59.999000+00:00,2685898.72544,15432,9925.988,893974.18299
2026-03-21T13:00:00+00:00,90.19,90.29,89.98,90.04,36310.601,2026-03-21T13:59:59.999000+00:00,3273233.98682,18690,11058.814,996851.50079
2026-03-21T14:00:00+00:00,90.04,90.42,89.66,89.67,51739.307,2026-03-21T14:59:59.999000+00:00,4660756.28346,22315,22315.832,2011756.36347
2026-03-21T15:00:00+00:00,89.68,89.94,89.39,89.82,57434.723,2026-03-21T15:59:59.999000+00:00,5150159.82416,24659,28760.205,2579735.25414
2026-03-21T16:00:00+00:00,89.83,90.0,89.57,89.69,38519.26,2026-03-21T16:59:59.999000+00:00,3457963.03637,16331,17428.791,1564659.05559
2026-03-21T17:00:00+00:00,89.69,89.71,89.41,89.56,37345.038,2026-03-21T17:59:59.999000+00:00,3346125.91208,15273,21877.905,1960397.3402
2026-03-21T18:00:00+00:00,89.55,89.95,89.55,89.78,25053.877,2026-03-21T18:59:59.999000+00:00,2247036.40736,12860,16846.553,1510604.94305
2026-03-21T19:00:00+00:00,89.77,89.91,89.7,89.79,13022.281,2026-03-21T19:59:59.999000+00:00,1169661.36813,7272,8241.302,740220.70871
2026-03-21T20:00:00+00:00,89.8,90.29,89.78,90.16,33931.329,2026-03-21T20:59:59.999000+00:00,3056266.31626,11728,21639.846,1948697.51945
2026-03-21T21:00:00+00:00,90.16,90.22,89.92,90.01,30285.664,2026-03-21T21:59:59.999000+00:00,2727993.36632,9021,11227.457,1011111.69864
2026-03-21T22:00:00+00:00,90.0,90.07,89.82,89.9,24057.518,2026-03-21T22:59:59.999000+00:00,2163567.21633,10823,8896.335,799935.19906
2026-03-21T23:00:00+00:00,89.9,89.9,87.14,87.56,304930.44,2026-03-21T23:59:59.999000+00:00,26874440.57488,89887,129795.08,11426430.17837
2026-03-22T00:00:00+00:00,87.55,87.78,86.26,87.33,339154.713,2026-03-22T00:59:59.999000+00:00,29515165.22175,126664,168527.774,14672018.88509
2026-03-22T01:00:00+00:00,87.32,87.72,86.96,87.45,96494.182,2026-03-22T01:59:59.999000+00:00,8426945.34607,34798,55373.44,4836571.76157
2026-03-22T02:00:00+00:00,87.46,88.48,87.36,88.16,102700.819,2026-03-22T02:59:59.999000+00:00,9024072.62817,33346,61421.16,5398346.08607
2026-03-22T03:00:00+00:00,88.15,89.17,87.77,88.68,158878.58,2026-03-22T03:59:59.999000+00:00,14061626.51603,46713,77608.031,6876158.21387
2026-03-22T04:00:00+00:00,88.67,89.2,88.6,89.03,110061.941,2026-03-22T04:59:59.999000+00:00,9784899.30911,38139,50146.101,4458151.53755
2026-03-22T05:00:00+00:00,89.02,89.02,88.44,88.48,52610.097,2026-03-22T05:59:59.999000+00:00,4664415.03828,17319,22876.88,2028455.24312
2026-03-22T06:00:00+00:00,88.48,88.48,88.14,88.2,51616.173,2026-03-22T06:59:59.999000+00:00,4554970.5725,24792,30355.511,2678520.83732
2026-03-22T07:00:00+00:00,88.2,88.33,87.67,87.7,56190.27,2026-03-22T07:59:59.999000+00:00,4947452.66665,25110,25435.304,2239869.94786
2026-03-22T08:00:00+00:00,87.7,87.74,86.85,87.38,120066.892,2026-03-22T08:59:59.999000+00:00,10475356.59233,38964,53394.345,4658911.17712
2026-03-22T09:00:00+00:00,87.37,87.66,87.19,87.32,57757.205,2026-03-22T09:59:59.999000+00:00,5047090.06341,19358,31364.254,2740477.36612
2026-03-22T10:00:00+00:00,87.32,87.51,87.23,87.34,33476.888,2026-03-22T10:59:59.999000+00:00,2925113.38545,16322,13930.157,1217179.41843
2026-03-22T11:00:00+00:00,87.34,87.51,86.84,86.85,92663.715,2026-03-22T11:59:59.999000+00:00,8085000.32425,28282,45968.527,4010708.95029
2026-03-22T12:00:00+00:00,86.84,87.47,86.82,87.27,77026.59,2026-03-22T12:59:59.999000+00:00,6711092.57218,23694,50047.791,4362245.92508
2026-03-22T13:00:00+00:00,87.27,87.74,87.01,87.33,55735.335,2026-03-22T13:59:59.999000+00:00,4872041.8981,20738,32183.924,2813949.54328
2026-03-22T14:00:00+00:00,87.32,87.6,87.04,87.21,34427.89,2026-03-22T14:59:59.999000+00:00,3007062.6601,18198,16597.316,1449799.6202
2026-03-22T15:00:00+00:00,87.2,87.59,87.17,87.57,38789.341,2026-03-22T15:59:59.999000+00:00,3388785.39902,18616,22807.267,1992693.86493
2026-03-22T16:00:00+00:00,87.58,87.71,87.26,87.48,46686.867,2026-03-22T16:59:59.999000+00:00,4084655.01977,17928,22738.709,1989400.69166
2026-03-22T17:00:00+00:00,87.48,87.56,87.2,87.26,35622.948,2026-03-22T17:59:59.999000+00:00,3112196.69172,13749,12292.098,1074158.82587
2026-03-22T18:00:00+00:00,87.26,87.32,86.51,87.01,68498.263,2026-03-22T18:59:59.999000+00:00,5956582.67845,23890,32573.166,2833261.73051
2026-03-22T19:00:00+00:00,87.01,87.02,86.57,86.86,46219.433,2026-03-22T19:59:59.999000+00:00,4011750.70853,20999,17706.225,1536888.57695
2026-03-22T20:00:00+00:00,86.87,87.19,86.55,86.58,39894.334,2026-03-22T20:59:59.999000+00:00,3465807.8333,18862,22943.823,1993545.63802
2026-03-22T21:00:00+00:00,86.58,86.64,85.14,85.99,227010.73,2026-03-22T21:59:59.999000+00:00,19479783.18047,77740,91932.574,7888971.4475
2026-03-22T22:00:00+00:00,86.0,86.77,85.51,86.75,134319.981,2026-03-22T22:59:59.999000+00:00,11576291.63523,56572,81224.297,7003659.69375
2026-03-22T23:00:00+00:00,86.75,87.02,86.01,86.2,62183.944,2026-03-22T23:59:59.999000+00:00,5381921.12986,32194,25558.888,2213606.64364
2026-03-23T00:00:00+00:00,86.21,86.61,85.47,85.9,95776.646,2026-03-23T00:59:59.999000+00:00,8239640.99522,53658,42309.304,3642743.21227
2026-03-23T01:00:00+00:00,85.9,86.61,85.74,86.09,73802.008,2026-03-23T01:59:59.999000+00:00,6370001.15908,37582,38976.855,3364629.80125
2026-03-23T02:00:00+00:00,86.1,86.98,86.05,86.7,77009.926,2026-03-23T02:59:59.999000+00:00,6666204.60342,38556,49019.214,4244290.53933
2026-03-23T03:00:00+00:00,86.71,87.22,86.38,86.4,72226.015,2026-03-23T03:59:59.999000+00:00,6263587.46298,32340,41257.353,3579166.33563
2026-03-23T04:00:00+00:00,86.39,86.92,86.32,86.91,75312.646,2026-03-23T04:59:59.999000+00:00,6521992.46286,28821,42196.619,3655731.35312
2026-03-23T05:00:00+00:00,86.9,87.33,86.85,87.19,150192.718,2026-03-23T05:59:59.999000+00:00,13080815.23206,35474,80237.07,6987383.21466
2026-03-23T06:00:00+00:00,87.18,87.18,85.44,85.75,121269.028,2026-03-23T06:59:59.999000+00:00,10446444.72998,48084,43382.86,3737849.35738
2026-03-23T07:00:00+00:00,85.75,86.23,85.11,85.99,148108.547,2026-03-23T07:59:59.999000+00:00,12685057.36844,60222,84645.682,7251700.90203
2026-03-23T08:00:00+00:00,86.0,86.46,85.85,85.95,72114.435,2026-03-23T08:59:59.999000+00:00,6216782.89847,43950,30173.592,2601794.40212
2026-03-23T09:00:00+00:00,85.96,86.02,85.19,85.76,64088.273,2026-03-23T09:59:59.999000+00:00,5487815.15384,32319,23385.587,2002488.47591
2026-03-23T10:00:00+00:00,85.76,86.32,85.66,86.06,69860.499,2026-03-23T10:59:59.999000+00:00,6006832.06312,31078,44064.898,3788767.15768
2026-03-23T11:00:00+00:00,86.06,91.93,86.05,88.78,1261151.171,2026-03-23T11:59:59.999000+00:00,113467784.40688,381799,643673.122,57880584.1382
2026-03-23T12:00:00+00:00,88.78,90.5,88.33,90.23,243562.245,2026-03-23T12:59:59.999000+00:00,21787797.97414,124169,115987.867,10386236.06816
2026-03-23T13:00:00+00:00,90.24,91.49,89.9,91.34,278888.197,2026-03-23T13:59:59.999000+00:00,25288181.48005,127116,162427.094,14733801.08098
2026-03-23T14:00:00+00:00,91.34,91.73,91.04,91.51,255223.122,2026-03-23T14:59:59.999000+00:00,23328987.44129,104521,131484.819,12018893.7322
2026-03-23T15:00:00+00:00,91.52,92.26,89.8,89.95,369568.413,2026-03-23T15:59:59.999000+00:00,33622706.83201,113848,184889.964,16827116.20664
2026-03-23T16:00:00+00:00,89.96,90.47,89.4,90.35,228912.646,2026-03-23T16:59:59.999000+00:00,20621815.19279,88936,104150.997,9380443.48847
2026-03-23T17:00:00+00:00,90.35,91.44,89.7,91.28,325650.2,2026-03-23T17:59:59.999000+00:00,29582160.78931,75657,199103.839,18083052.70538
2026-03-23T18:00:00+00:00,91.28,91.8,90.93,91.62,149681.925,2026-03-23T18:59:59.999000+00:00,13680648.54308,56194,84599.604,7732492.6352
2026-03-23T19:00:00+00:00,91.61,91.9,91.24,91.39,97938.154,2026-03-23T19:59:59.999000+00:00,8962934.13038,38402,53563.132,4901076.12761
2026-03-23T20:00:00+00:00,91.38,92.02,91.24,91.79,94180.832,2026-03-23T20:59:59.999000+00:00,8637461.606,29477,53564.779,4913766.25264
2026-03-23T21:00:00+00:00,91.79,91.97,91.51,91.62,66820.345,2026-03-23T21:59:59.999000+00:00,6129560.79719,20494,38872.6,3565840.90088
2026-03-23T22:00:00+00:00,91.62,91.9,91.17,91.52,109154.989,2026-03-23T22:59:59.999000+00:00,9986463.83092,36044,63074.663,5770824.01413
2026-03-23T23:00:00+00:00,91.52,91.57,90.98,91.43,61213.408,2026-03-23T23:59:59.999000+00:00,5587034.83088,27862,33095.928,3020816.72336
2026-03-24T00:00:00+00:00,91.44,91.68,90.6,91.0,102391.064,2026-03-24T00:59:59.999000+00:00,9336307.74657,44072,55628.494,5073544.06273
2026-03-24T01:00:00+00:00,90.99,91.05,90.14,90.41,70453.471,2026-03-24T01:59:59.999000+00:00,6385612.17195,34629,27070.415,2455166.85394
2026-03-24T02:00:00+00:00,90.41,90.76,90.12,90.16,73422.54,2026-03-24T02:59:59.999000+00:00,6636097.5652,29515,43616.59,3942447.2954
2026-03-24T03:00:00+00:00,90.15,90.35,89.96,90.35,77268.912,2026-03-24T03:59:59.999000+00:00,6964754.45665,30692,43373.86,3910047.43612
2026-03-24T04:00:00+00:00,90.34,90.82,90.14,90.34,48977.891,2026-03-24T04:59:59.999000+00:00,4428594.02849,23697,25961.619,2347817.19626
2026-03-24T05:00:00+00:00,90.35,90.41,89.99,90.13,106395.582,2026-03-24T05:59:59.999000+00:00,9594953.83057,30369,50395.081,4543268.92859
2026-03-24T06:00:00+00:00,90.13,90.53,90.06,90.47,71939.711,2026-03-24T06:59:59.999000+00:00,6498388.47233,25594,40602.315,3667739.54409
2026-03-24T07:00:00+00:00,90.47,91.89,90.4,91.72,143786.298,2026-03-24T07:59:59.999000+00:00,13108603.38928,48864,86775.892,7910827.50156
2026-03-24T08:00:00+00:00,91.71,91.95,91.26,91.58,125737.523,2026-03-24T08:59:59.999000+00:00,11528360.79219,42580,72924.641,6687354.31828
2026-03-24T09:00:00+00:00,91.57,92.15,91.12,92.11,132029.602,2026-03-24T09:59:59.999000+00:00,12099914.67439,33669,75377.644,6909188.2417
2026-03-24T10:00:00+00:00,92.12,92.22,91.74,91.86,99413.836,2026-03-24T10:59:59.999000+00:00,9144162.69318,28346,63511.811,5841202.01148
2026-03-24T11:00:00+00:00,91.86,92.17,91.36,91.77,150059.549,2026-03-24T11:59:59.999000+00:00,13768647.91848,40648,82432.612,7566321.15918
2026-03-24T12:00:00+00:00,91.78,91.86,91.36,91.59,77407.943,2026-03-24T12:59:59.999000+00:00,7094891.96746,25206,40355.89,3699269.56748
2026-03-24T13:00:00+00:00,91.58,91.75,89.54,89.86,413859.265,2026-03-24T13:59:59.999000+00:00,37510252.71388,94301,161949.787,14682215.42959
2026-03-24T14:00:00+00:00,89.86,90.23,88.7,89.57,353590.373,2026-03-24T14:59:59.999000+00:00,31646443.36295,119735,172003.836,15394198.91646
2026-03-24T15:00:00+00:00,89.57,90.3,89.51,89.74,141150.91,2026-03-24T15:59:59.999000+00:00,12688809.72373,57821,77381.957,6955866.06319
2026-03-24T16:00:00+00:00,89.74,89.98,89.09,89.28,100063.621,2026-03-24T16:59:59.999000+00:00,8958683.38282,43444,42013.782,3761203.52313
2026-03-24T17:00:00+00:00,89.29,89.4,88.72,89.18,133600.759,2026-03-24T17:59:59.999000+00:00,11894200.10855,52624,53985.603,4806607.39566
2026-03-24T18:00:00+00:00,89.18,89.69,88.89,88.9,107610.072,2026-03-24T18:59:59.999000+00:00,9597766.85598,36395,59034.528,5265868.36605
2026-03-24T19:00:00+00:00,88.91,89.31,88.42,88.52,109765.428,2026-03-24T19:59:59.999000+00:00,9751176.65649,30391,50346.788,4475764.53044
2026-03-24T20:00:00+00:00,88.53,90.24,88.51,90.04,175031.153,2026-03-24T20:59:59.999000+00:00,15694779.86905,58241,103338.227,9264678.71535
2026-03-24T21:00:00+00:00,90.04,90.6,89.69,90.39,83945.162,2026-03-24T21:59:59.999000+00:00,7568008.32349,29678,46011.29,4149024.20423
2026-03-24T22:00:00+00:00,90.39,90.77,90.07,90.32,74457.469,2026-03-24T22:59:59.999000+00:00,6732741.09709,30837,33430.263,3023391.89124
2026-03-24T23:00:00+00:00,90.32,91.13,90.23,90.8,113684.392,2026-03-24T23:59:59.999000+00:00,10327399.49077,29495,65691.613,5967273.06325
2026-03-25T00:00:00+00:00,90.8,91.62,90.71,91.38,95511.703,2026-03-25T00:59:59.999000+00:00,8712729.37326,33483,49809.74,4544225.62038
